100 4
1691 11508 15052 8 4
1530 9002 13318 2 3
1472 17532 21924 8 10
1152 13501 17659 2 7
1820 10246 13622 7 6
1750 14344 18626 10 7
18 11159 14417 2 4
756 6085 10683 2 8
1445 5192 8788 9 2
100 17135 21251 7 10
1080 22266 26184 6 7
616 7507 10973 9 8
748 21841 25661 4 8
1116 16278 20110 2 2
442 8647 12671 6 1
273 18599 21841 1 1
1197 20896 25262 2 8
1078 22784 26516 8 8
216 5866 9902 8 9
234 6186 10644 4 7
900 6663 10017 5 5
575 14047 18113 9 4
960 8208 12102 8 2
1380 15338 18812 4 2
360 19631 23929 4 9
2112 10154 14794 6 9
1280 9743 12981 3 3
1564 12596 16660 1 10
34 25384 29096 5 2
171 24072 27928 5 7
1241 20065 24255 9 4
1771 9815 13339 2 10
1992 11555 16253 7 5
1056 15338 19894 6 7
1620 8664 12730 2 5
1400 5397 8883 6 3
1008 17151 20385 10 5
1805 23064 27686 10 3
304 13673 17165 8 7
816 8324 12124 9 3
954 8109 12099 9 7
897 22357 26175 8 10
1364 10505 14281 3 5
1025 17157 21563 10 1
1606 15045 18411 2 9
1242 16975 21665 4 9
2070 13163 17137 9 2
552 16916 20552 2 8
912 6421 10871 2 1
1170 12354 16966 10 10
946 8365 11865 1 1
810 21677 25573 2 10
525 19713 24033 1 3
1518 16520 19880 8 6
1806 10723 14163 7 6
1702 9454 13226 6 10
784 7143 11397 8 4
1488 19782 23690 5 3
975 24216 27912 10 8
1728 12589 16271 5 10
253 16917 21231 6 7
836 9600 12936 3 7
850 7237 11627 6 10
216 13163 16437 1 8
84 17296 21160 6 4
1150 18696 23060 3 10
2254 23957 28603 10 7
992 10463 13777 8 9
1254 21098 25270 7 4
1518 8277 12639 2 10
400 18301 22607 9 9
828 5950 10466 3 3
1533 16910 20210 6 1
888 13989 18771 9 3
1482 14403 17967 2 8
585 20459 25189 6 4
1332 17911 22373 5 10
384 9660 13344 2 7
1656 8508 13116 9 10
176 10243 14367 8 3
275 19488 24162 8 7
800 8964 12726 10 5
1332 8276 12282 1 2
63 13192 17560 7 8
1890 19253 23383 9 9
2150 8036 11990 4 6
935 7218 11118 7 9
506 14145 18497 10 6
1000 18123 22575 8 4
198 13011 16773 6 10
720 20973 24659 3 9
960 15496 20264 3 8
285 21519 25473 7 8
885 14688 18638 10 5
1748 12106 16690 10 4
1440 11601 16047 2 10
1029 20085 23307 9 1
1728 11716 16138 10 1
1060 11089 15269 2 4
714 17081 20455 7 8
SETUP
0 123 21 103 103 103 103 123 103 143 123 123 82 164 62 123 82 103 143 103 62 103 164 62 123 143 123 143 164 143 82 103 123 103 184 62 82 123 103 123 143 103 143 123 21 164 143 143 123 143 123 123 164 62 82 143 164 103 123 164 143 82 41 82 164 103 82 103 103 143 143 123 123 143 41 82 143 62 82 143 41 82 123 123 103 164 123 103 184 123 143 82 143 123 123 82 143 143 41 103 123
0 0 613 164 143 613 572 613 613 551 613 633 674 572 592 123 613 123 613 613 82 654 592 613 674 613 613 592 654 633 633 592 572 592 633 551 592 531 613 205 103 613 143 613 633 613 633 164 613 592 531 592 694 572 592 572 592 531 592 613 572 572 592 164 592 531 143 572 572 592 123 613 613 592 613 103 613 613 613 551 592 633 592 592 551 654 613 633 143 531 633 123 613 592 633 572 572 551 613 572 613
0 633 0 592 572 592 613 572 633 613 143 613 184 654 511 613 613 613 592 551 592 613 613 511 613 633 592 143 674 592 531 613 613 613 633 511 551 592 103 572 613 613 613 613 613 654 633 633 592 143 592 613 654 143 613 123 613 592 164 613 592 62 592 551 613 123 572 592 551 613 592 613 613 592 613 592 592 511 103 613 551 613 572 572 613 674 572 572 633 613 592 551 592 164 123 531 123 633 103 551 123
0 205 572 0 103 551 592 572 613 551 613 592 674 633 511 143 592 143 613 572 103 633 572 572 654 613 551 633 654 572 572 592 633 572 613 551 592 592 572 184 164 613 164 613 633 531 592 184 572 633 572 592 654 531 633 572 613 572 613 613 551 551 511 123 613 572 123 531 592 613 164 613 633 551 613 103 592 531 592 633 572 613 572 613 572 654 613 551 123 572 633 41 551 613 654 572 551 613 592 572 572
0 184 551 123 0 613 613 592 654 613 613 592 674 613 490 143 633 123 633 551 123 592 613 490 633 613 572 613 674 572 592 592 654 613 654 551 572 572 551 143 82 592 143 613 613 654 633 184 572 654 572 592 654 592 613 592 613 572 613 592 572 511 592 103 592 572 103 613 613 613 82 592 633 592 572 123 613 551 572 633 551 633 592 592 613 654 613 531 164 592 613 62 613 613 613 613 572 613 551 592 572
0 613 592 572 613 0 551 572 613 531 613 613 654 572 572 572 592 572 572 82 531 592 572 613 143 572 592 572 674 143 531 572 164 572 164 41 572 511 613 613 551 123 592 592 592 592 592 613 592 592 41 572 572 551 592 613 123 511 572 592 82 531 572 613 103 511 572 490 572 572 572 592 592 572 103 551 572 511 551 613 551 613 103 572 551 633 572 592 592 531 592 531 592 572 613 103 531 62 592 82 531
0 654 551 654 613 592 0 633 654 164 613 633 674 654 592 592 551 592 184 592 572 143 143 531 654 654 633 592 674 633 143 592 633 613 674 490 592 613 592 592 654 633 592 633 62 674 572 633 633 674 613 613 674 592 143 633 613 592 613 225 592 592 592 613 654 613 592 613 143 613 613 164 613 613 531 572 184 103 633 613 551 103 613 572 613 551 123 633 633 143 633 592 184 592 613 592 592 633 592 551 592
0 654 531 572 613 572 531 0 633 551 511 633 592 143 103 592 143 572 613 592 592 613 633 572 654 633 531 613 143 592 572 41 633 143 613 511 531 143 592 613 572 572 613 103 551 633 592 572 103 654 613 572 164 531 613 592 531 143 592 633 592 551 41 592 613 613 592 123 531 511 551 551 82 511 551 572 572 551 551 613 551 592 613 123 82 613 551 613 633 551 633 551 572 592 572 511 592 613 592 572 572
0 633 654 613 633 572 654 654 0 613 654 225 694 654 633 654 674 613 674 633 613 633 654 164 694 205 164 613 694 592 613 613 613 654 674 511 184 592 654 551 633 633 654 592 633 205 143 654 613 694 592 205 654 633 654 654 674 592 654 654 613 613 613 654 654 592 654 572 633 184 633 592 633 164 613 633 654 592 654 123 143 654 654 592 633 205 613 205 674 613 205 613 633 654 572 633 613 613 674 633 613
0 633 592 572 633 633 143 572 592 0 613 613 633 592 613 592 613 551 123 531 613 103 123 572 654 572 551 613 633 592 143 551 633 531 633 531 551 592 572 633 572 613 572 551 164 633 613 633 572 633 592 613 633 572 123 613 613 592 613 164 551 490 551 592 592 592 551 613 103 592 592 82 613 572 613 511 62 143 551 613 531 143 572 551 613 654 103 572 613 123 613 511 123 613 613 551 551 572 613 592 572
0 654 62 592 592 613 592 592 592 511 0 633 184 613 551 592 633 572 613 572 572 613 613 551 633 613 592 143 654 551 572 572 592 572 613 551 551 592 143 613 551 592 613 551 613 654 633 531 572 184 592 572 654 143 613 143 633 572 123 633 592 62 592 572 613 123 551 633 592 633 572 551 511 592 592 551 572 551 103 592 551 572 613 551 511 654 572 592 633 592 613 551 592 123 62 572 123 572 123 531 103
0 613 613 613 613 613 592 654 103 613 592 0 633 592 613 633 633 592 551 613 613 633 613 143 592 184 103 613 674 592 633 592 592 613 633 572 123 572 592 613 572 633 531 531 633 164 103 592 613 633 572 164 613 572 633 511 613 572 633 613 613 633 592 654 592 572 613 613 572 123 572 531 613 103 633 592 613 633 613 164 123 613 613 531 592 143 551 184 674 592 164 613 613 633 613 572 613 613 613 511 572
0 613 82 551 551 592 551 572 592 531 41 531 0 551 551 531 592 572 592 551 531 592 572 551 592 592 551 103 633 572 572 572 613 572 613 531 511 511 21 613 551 531 551 511 551 592 572 551 592 143 511 511 613 103 613 82 551 490 62 592 551 82 572 613 572 41 572 572 572 572 572 531 531 551 531 551 572 531 62 592 531 572 572 531 531 592 551 592 592 531 613 572 592 62 82 551 82 531 62 551 103
0 572 572 551 551 613 572 143 531 592 572 613 633 0 82 531 123 572 592 511 572 592 592 551 613 633 572 490 164 572 572 103 551 123 613 511 551 82 592 613 592 531 531 103 551 613 572 531 103 633 551 511 143 490 592 613 613 103 531 511 572 551 103 613 490 551 572 123 551 592 531 551 62 592 531 572 572 531 531 592 531 531 592 123 123 592 551 592 613 551 613 572 613 531 531 572 572 572 531 572 572
0 633 531 572 531 613 592 123 633 613 613 613 674 143 0 613 164 572 613 531 572 592 592 531 654 633 572 613 184 551 613 123 633 123 654 551 551 143 592 592 592 633 613 164 633 633 633 633 103 633 613 613 164 592 592 613 613 143 613 572 572 511 123 551 613 613 551 143 613 613 592 592 164 572 613 592 633 572 551 613 531 633 592 123 184 674 592 531 613 592 633 531 592 613 613 592 572 633 592 613 613
0 205 551 164 184 592 613 633 633 551 511 654 674 654 592 0 674 123 674 613 123 613 654 592 674 633 633 654 694 572 613 613 633 613 654 592 592 613 613 123 123 633 143 592 633 694 633 103 572 694 592 613 674 613 633 613 674 613 613 674 633 572 633 164 654 613 123 592 592 654 164 592 551 633 633 123 613 592 613 633 592 613 633 592 551 531 613 633 225 613 633 123 613 613 572 572 633 613 613 572 613
0 633 551 572 572 633 592 143 633 551 592 613 674 184 103 551 0 592 613 572 572 531 613 572 613 633 592 654 184 613 572 123 633 143 654 551 592 123 572 633 633 551 633 123 572 633 654 633 143 654 592 531 164 531 592 633 592 123 551 613 592 572 123 572 633 592 592 143 592 592 613 592 143 592 551 572 592 551 551 613 551 490 572 143 143 613 613 613 633 592 572 572 633 551 633 592 572 613 531 592 613
0 164 592 82 123 572 592 572 613 572 551 572 633 613 572 62 613 0 592 592 103 613 613 592 592 613 572 613 654 551 613 572 633 572 613 572 551 551 531 103 103 572 41 572 592 613 531 123 572 674 551 572 613 592 592 572 572 551 572 633 592 592 572 143 613 551 123 572 531 572 82 551 572 613 572 103 572 572 531 592 551 633 572 490 551 592 511 613 184 572 592 103 551 572 572 531 592 572 572 551 531
0 633 613 592 551 633 164 613 633 143 633 654 694 633 551 592 572 613 0 592 592 164 184 551 613 633 551 572 654 633 103 613 531 633 572 592 551 572 613 633 511 572 654 613 123 654 633 511 613 654 572 572 633 613 123 613 633 572 592 164 613 572 613 613 551 572 551 633 164 633 592 143 613 531 572 613 123 123 572 633 572 123 613 613 613 654 164 592 654 123 572 592 184 592 613 613 613 592 572 613 613
0 674 531 613 592 184 551 633 654 633 633 674 654 613 572 592 633 613 654 0 613 592 654 572 184 674 592 572 654 123 592 613 205 654 205 21 613 613 633 633 633 123 654 633 613 633 654 613 613 674 143 572 674 592 654 654 205 592 592 654 164 592 613 613 82 592 613 654 613 654 654 572 613 633 123 613 633 572 592 654 592 592 164 633 633 633 633 613 674 613 633 592 633 592 613 143 592 164 572 143 613
0 184 572 103 82 592 490 572 613 613 572 592 613 613 572 82 572 62 613 572 0 592 613 551 613 551 531 592 633 592 572 531 613 511 592 511 511 572 572 123 103 531 103 551 551 613 572 143 531 633 572 531 613 551 613 572 613 572 531 633 572 551 531 103 572 572 103 592 511 592 103 572 592 592 531 21 551 531 531 613 531 592 592 531 572 572 531 613 164 592 613 103 551 531 592 490 572 613 531 572 551
0 572 551 592 592 572 82 592 633 143 572 613 613 592 572 572 572 531 123 613 511 0 184 572 654 592 572 613 674 613 103 572 613 551 633 551 551 592 572 572 592 572 572 531 62 633 592 613 551 592 592 572 572 490 62 592 633 592 572 143 613 592 572 592 592 592 592 572 82 633 592 62 592 572 551 531 62 103 572 613 551 123 633 551 592 613 103 613 674 123 511 572 103 572 572 531 572 613 572 572 551
0 633 572 572 572 592 103 531 592 21 572 551 592 572 572 551 551 551 103 531 551 123 0 572 613 572 572 592 633 613 123 551 613 531 592 531 531 531 511 633 572 551 572 551 103 613 613 613 531 654 531 531 633 572 123 531 572 531 551 143 572 511 551 572 572 531 551 551 103 551 592 82 592 572 551 511 62 82 551 613 531 41 572 551 572 613 103 572 613 82 572 511 41 551 613 572 572 551 531 531 592
0 674 613 613 613 613 613 613 184 592 633 123 674 613 613 592 633 592 613 592 592 633 633 0 613 143 143 633 654 654 572 613 654 633 674 551 103 572 551 674 613 592 613 633 592 184 184 674 633 633 572 103 674 613 633 592 613 551 592 654 613 572 613 633 592 572 613 613 613 164 633 572 654 164 572 613 613 531 592 184 103 613 613 592 592 184 613 164 654 572 164 572 654 592 654 613 613 592 531 572 633
0 592 633 613 572 82 592 613 592 613 592 613 654 551 592 592 654 551 633 103 572 654 654 592 0 633 613 551 694 82 613 572 103 613 143 123 613 592 572 633 531 123 572 572 613 674 613 613 572 674 123 592 654 490 592 613 184 572 592 572 164 592 592 613 82 592 633 551 592 633 551 572 592 613 123 572 633 572 592 592 592 613 184 551 613 613 572 633 674 592 592 613 592 592 592 123 592 41 572 143 592
0 654 633 654 633 654 633 613 164 592 654 184 674 654 613 633 654 572 572 633 613 572 572 184 715 0 164 674 633 613 592 592 613 572 674 613 82 613 613 654 613 613 613 613 613 225 184 613 633 613 551 184 613 572 613 613 654 613 633 633 613 613 592 674 633 613 551 654 613 164 613 613 613 184 633 613 592 613 613 143 41 613 633 592 633 225 613 184 674 592 143 613 613 633 633 592 613 592 633 613 551
0 654 592 633 633 633 613 572 164 592 613 123 633 654 633 613 592 613 572 592 613 654 592 164 694 164 0 654 674 592 531 592 613 592 633 572 143 592 572 674 613 613 633 613 633 184 184 613 613 633 572 143 613 613 674 613 613 592 613 592 551 613 592 654 592 592 654 592 592 143 613 592 633 103 613 613 613 613 613 164 143 613 572 633 633 205 613 103 572 572 225 511 613 613 654 572 551 592 613 613 633
0 633 164 613 613 613 592 613 654 613 123 633 164 613 613 592 613 572 654 613 572 633 654 613 654 633 592 0 694 551 613 613 613 613 674 592 551 572 143 613 613 592 613 551 613 674 633 531 572 184 572 572 674 123 633 143 654 572 123 633 613 143 613 613 613 103 551 613 572 633 572 551 511 572 592 592 613 592 123 654 572 551 572 592 613 633 551 633 674 592 633 572 592 123 62 572 143 613 103 592 103
0 654 592 490 551 572 592 123 613 511 572 613 613 103 62 572 143 511 572 551 592 592 592 572 633 592 551 592 0 592 572 103 531 103 592 551 572 123 572 613 592 613 551 62 613 572 572 592 123 613 592 613 184 551 613 592 572 123 613 613 572 531 62 613 592 592 572 82 572 551 572 531 143 551 613 531 511 572 572 613 551 613 592 62 123 633 531 572 613 592 613 511 572 613 613 572 572 592 613 572 551
0 633 592 572 572 143 531 551 613 572 551 551 633 572 572 531 613 490 572 123 511 613 613 572 164 572 572 572 633 0 592 551 164 531 143 62 551 551 531 592 572 103 531 592 572 633 551 613 490 633 82 551 633 572 592 531 123 531 531 592 123 592 551 531 123 551 572 551 531 572 551 572 592 572 103 511 572 572 551 613 572 613 143 511 572 592 531 613 633 551 592 592 531 531 592 62 592 103 551 82 531
0 674 572 613 592 613 103 511 654 123 551 674 613 613 592 633 633 613 62 613 613 184 205 592 654 674 551 613 654 633 0 551 572 633 613 551 572 572 633 654 551 613 654 613 123 674 613 572 613 674 613 613 674 551 164 633 551 613 613 184 633 592 531 592 613 613 592 613 103 551 592 123 592 551 592 613 143 123 592 654 592 164 654 633 592 633 123 633 674 103 633 592 143 633 592 551 633 654 613 613 592
0 654 592 592 572 592 592 103 613 592 551 592 551 143 103 572 164 551 592 572 592 613 613 592 633 613 572 613 164 613 592 0 633 123 592 572 511 123 572 592 613 572 592 82 592 633 572 592 103 654 592 551 184 511 613 551 613 103 572 633 592 531 21 613 613 572 551 123 490 592 551 551 123 592 572 572 531 572 572 633 551 613 613 103 62 633 531 613 654 572 613 551 551 572 572 490 592 592 551 572 531
0 592 572 613 490 164 613 613 572 613 592 613 674 633 511 551 613 613 613 82 613 572 613 511 184 613 592 531 654 123 613 592 0 592 62 82 572 592 572 633 572 143 613 613 633 674 633 572 592 674 143 613 674 572 633 572 143 592 592 572 123 531 592 572 143 592 572 633 613 592 572 613 572 613 143 613 613 572 592 654 531 613 123 592 613 613 613 551 654 551 613 551 633 592 572 143 592 164 572 103 613
0 674 592 592 592 613 613 103 613 613 572 613 572 164 123 551 164 572 613 572 613 613 613 613 654 511 572 613 184 613 613 21 654 0 592 592 531 143 572 613 633 572 592 103 613 654 592 613 123 654 592 572 143 511 633 572 613 123 551 654 572 551 41 613 551 592 572 143 511 613 572 572 143 592 572 592 551 572 572 633 551 592 592 123 82 613 531 592 633 592 613 531 551 551 592 511 572 613 572 592 551
0 654 572 592 613 143 551 592 613 572 531 592 613 613 613 490 572 592 613 103 613 613 572 592 164 613 551 613 654 103 551 531 184 572 0 62 572 572 551 592 592 123 633 613 592 654 633 572 592 613 123 592 654 572 613 613 82 572 613 613 82 551 531 633 164 572 592 592 551 531 572 613 572 551 123 592 592 531 572 613 572 592 103 572 572 551 572 551 592 572 613 490 592 613 572 82 531 143 592 103 592
0 674 613 674 592 205 633 694 674 613 674 674 715 654 613 633 654 613 694 205 613 592 654 613 245 694 633 572 654 184 654 654 205 654 245 0 633 592 633 694 633 205 654 654 613 694 674 613 674 715 123 674 694 592 633 694 205 592 633 674 164 633 654 674 184 592 633 654 654 654 654 654 613 633 123 633 633 633 654 715 592 613 184 633 633 694 654 633 674 613 633 572 674 633 613 164 613 164 654 184 592
0 633 592 633 633 633 592 531 184 613 572 205 633 633 572 592 654 613 633 592 613 654 654 143 694 184 123 654 674 572 613 572 674 633 674 572 0 654 633 633 633 613 633 572 592 143 184 613 592 674 654 164 654 572 592 592 572 654 592 674 633 572 551 633 654 654 613 633 572 103 613 572 613 103 613 613 613 613 613 205 123 654 654 613 613 184 613 164 674 551 123 592 613 592 551 572 633 674 633 572 613
0 633 572 572 572 572 551 143 572 613 572 654 613 62 82 531 103 592 613 572 613 633 613 592 633 654 572 531 184 592 592 62 613 164 633 551 572 0 613 613 613 572 592 143 592 633 613 592 123 654 592 572 184 531 633 613 551 123 531 551 613 572 82 572 531 592 613 62 551 531 572 592 103 572 572 613 592 551 551 613 572 592 613 82 41 592 551 592 674 490 633 592 613 531 572 551 613 572 572 531 572
0 613 82 551 531 592 551 572 592 531 103 511 164 551 551 531 592 551 572 551 531 572 572 551 592 592 551 103 613 613 551 551 613 551 613 531 511 490 0 633 531 511 572 572 531 592 592 613 572 143 490 511 613 82 613 62 572 490 62 572 531 82 551 592 551 21 572 551 551 551 572 572 592 572 511 531 572 531 62 592 531 572 551 572 531 572 572 592 592 511 592 551 592 62 123 551 62 531 41 551 123
0 143 613 123 143 490 572 572 613 551 592 592 613 572 592 103 592 82 592 551 82 613 572 613 613 592 551 572 654 511 531 531 633 572 633 511 572 511 572 0 82 592 103 511 613 613 572 164 531 613 511 592 572 551 572 572 592 511 572 592 551 531 531 123 572 511 103 490 551 572 123 511 613 551 572 82 572 511 572 613 551 613 572 551 551 633 572 592 143 531 592 82 551 572 490 551 551 551 592 551 531
0 143 572 143 123 613 613 613 694 654 633 654 694 654 613 123 613 164 613 613 123 613 654 572 572 654 613 654 674 654 572 613 633 613 654 572 592 613 613 143 0 572 205 633 572 633 613 184 592 633 613 572 613 592 572 633 654 613 592 674 613 592 613 164 531 613 143 613 613 633 103 633 633 633 551 123 633 572 572 633 551 592 633 633 613 633 633 633 205 613 551 103 613 592 613 613 613 613 572 613 592
0 592 592 511 592 103 592 551 613 572 592 613 592 572 531 613 572 592 551 62 592 572 592 592 123 613 572 572 654 123 511 511 103 592 164 21 551 572 572 592 572 0 613 572 572 572 613 592 572 572 103 592 572 531 572 592 123 572 613 613 103 490 511 613 123 572 551 551 531 572 592 531 592 572 123 592 572 490 490 551 531 592 82 531 572 633 551 572 613 572 551 511 572 613 613 62 572 143 592 62 572
0 205 572 164 164 613 551 613 613 613 592 633 592 572 592 143 572 123 613 592 143 572 613 592 633 613 551 572 613 592 572 531 633 572 592 551 572 613 613 164 184 592 0 592 592 572 511 103 613 694 613 613 674 551 633 592 551 613 613 592 613 592 531 164 572 613 103 592 551 531 123 511 551 633 572 143 592 592 592 674 531 592 551 551 592 633 551 633 184 592 613 123 572 613 572 551 613 633 613 531 572
0 633 613 572 613 633 613 143 572 613 592 613 572 62 123 592 164 592 613 572 613 633 613 613 633 654 511 551 164 592 572 123 613 164 654 511 592 123 572 613 633 592 592 0 613 633 613 592 143 572 592 572 164 531 633 633 613 123 592 572 572 613 123 654 551 592 613 143 592 613 592 490 103 511 592 613 613 592 551 572 592 592 592 82 123 654 551 613 613 551 633 551 633 592 592 572 572 633 572 531 572
0 633 490 592 572 551 82 592 654 123 613 572 654 613 531 572 531 572 143 572 511 82 143 531 592 592 572 592 613 613 82 572 572 551 633 531 531 572 531 592 592 572 592 592 0 654 613 592 572 613 572 572 613 551 123 592 633 551 572 164 592 531 572 551 613 551 531 551 82 613 613 143 572 592 490 531 123 62 572 613 490 82 592 572 551 613 103 572 633 103 592 531 123 572 572 531 592 592 572 572 592
0 613 572 572 592 572 572 511 164 592 551 62 613 592 592 551 613 592 551 592 592 572 613 143 633 184 103 572 613 592 572 551 592 613 592 551 103 572 551 613 572 531 592 592 572 0 143 592 511 633 572 103 633 551 572 511 551 551 551 613 613 572 531 551 551 572 592 531 572 82 592 572 592 82 592 592 592 551 551 143 123 613 613 531 592 143 551 164 654 572 103 572 490 551 592 551 613 592 572 531 572
0 654 531 592 613 613 531 592 164 613 592 164 592 572 572 592 613 572 633 572 572 551 654 103 674 184 103 592 654 633 592 511 633 613 613 531 82 613 592 613 654 572 613 572 551 184 0 572 572 674 613 123 654 531 613 592 531 613 592 613 633 572 511 592 592 613 592 613 531 41 551 531 572 143 551 592 572 572 572 164 82 592 633 592 572 143 551 143 674 613 143 572 572 592 592 531 613 633 592 613 572
0 164 572 103 103 613 572 572 633 572 592 633 654 592 572 82 613 123 613 572 103 592 592 572 613 592 572 592 654 613 572 572 613 592 633 551 511 531 592 184 103 531 164 592 572 633 633 0 613 633 531 531 633 592 613 613 613 531 551 613 572 572 572 164 592 531 41 592 592 592 143 592 572 592 531 103 592 531 551 613 551 592 592 592 572 613 613 613 164 551 613 103 613 551 572 572 572 572 531 572 633
0 613 572 551 572 572 572 62 592 551 551 551 633 103 103 511 143 572 572 572 551 613 592 572 633 633 572 551 143 592 592 103 613 123 592 551 531 62 511 613 572 551 592 103 572 613 613 592 0 613 531 531 143 572 592 531 572 62 511 592 572 572 82 531 572 531 572 82 572 551 572 572 103 572 551 572 572 551 531 592 551 613 592 82 103 572 572 613 613 551 572 572 511 511 592 572 572 551 551 531 592
0 531 82 592 531 613 572 551 592 551 123 572 164 592 490 551 572 551 592 511 572 551 551 551 633 592 572 103 592 531 572 551 511 551 572 511 531 551 82 613 592 572 531 531 592 633 572 511 511 0 551 551 633 82 592 82 572 551 82 511 531 62 551 551 572 82 531 572 551 551 531 531 490 551 572 572 592 551 103 490 490 551 551 572 572 572 572 531 572 551 592 531 531 82 41 551 62 572 103 572 123
0 572 633 592 633 143 633 613 674 613 613 613 613 633 633 613 654 613 633 164 613 654 654 633 184 674 613 633 694 205 633 531 184 654 184 143 572 592 572 654 633 143 654 572 613 654 633 654 613 674 0 592 654 572 592 613 205 572 613 654 164 592 531 674 143 592 613 572 551 654 551 572 654 613 123 633 592 592 572 633 592 613 184 613 592 674 572 674 674 613 654 613 613 613 633 82 633 41 613 143 592
0 613 531 511 511 572 551 572 143 551 531 103 613 572 511 490 551 551 551 511 531 551 551 62 572 123 62 592 592 572 531 531 572 551 592 490 62 531 551 592 572 490 572 551 511 103 143 592 572 592 531 0 572 551 572 592 613 531 490 613 531 511 531 592 572 531 531 551 551 123 572 531 572 103 490 531 531 490 490 103 21 551 551 551 551 82 572 103 572 551 103 531 572 490 572 531 531 551 490 531 572
0 654 551 572 572 613 551 143 654 613 572 592 613 143 103 531 164 592 613 613 613 592 613 592 613 633 613 613 164 592 592 62 572 123 613 531 551 82 592 613 613 572 613 143 572 633 531 633 103 654 613 613 0 551 633 613 551 143 531 633 633 592 62 572 613 613 572 123 551 531 572 572 143 633 572 592 592 572 551 613 531 613 633 62 123 592 551 613 572 490 613 592 592 531 613 531 633 633 613 511 572
0 674 143 674 674 633 572 674 633 613 103 654 245 694 633 633 654 592 613 654 633 674 715 633 715 694 613 225 715 654 654 674 654 654 694 592 613 654 164 674 633 654 613 633 633 715 654 613 674 225 633 654 694 0 654 205 674 633 205 715 674 164 674 674 694 184 654 592 613 674 654 654 613 613 613 633 654 613 184 694 613 654 654 613 613 654 613 674 694 633 633 633 654 205 143 592 103 592 184 613 164
0 511 592 592 592 613 143 551 654 103 551 572 654 592 572 572 633 572 103 592 572 143 143 592 654 592 572 613 654 613 62 572 592 572 633 572 551 551 531 613 592 572 592 572 123 633 633 572 592 551 551 551 654 592 0 592 592 551 572 123 572 551 572 633 613 551 592 613 123 572 613 103 572 592 572 592 103 103 572 551 551 143 592 572 592 613 123 572 633 103 633 531 143 572 572 592 572 572 572 592 511
0 592 143 592 592 592 572 613 633 572 103 654 184 613 592 613 633 572 531 633 572 633 572 592 592 633 592 123 694 572 613 613 572 592 613 572 572 551 143 592 551 613 592 592 613 654 613 551 572 184 551 613 592 143 613 0 633 551 143 613 592 143 613 633 592 82 592 592 551 613 551 592 592 572 613 572 592 613 143 654 613 572 613 511 572 633 531 633 654 572 613 613 592 143 143 551 123 572 143 490 82
0 654 551 613 613 143 490 592 633 613 592 592 613 633 592 551 572 572 613 143 551 572 633 531 184 613 592 592 633 164 613 592 123 572 143 41 531 592 572 613 613 123 592 572 531 674 592 613 592 613 123 572 654 572 613 572 0 572 592 633 123 592 572 613 143 592 551 613 531 613 572 572 592 613 41 551 572 572 592 613 511 572 143 572 572 572 551 633 654 592 613 592 572 551 613 41 592 143 572 103 551
0 592 572 592 592 572 531 143 572 511 572 592 613 62 82 551 103 531 613 572 511 613 551 592 633 572 572 551 184 592 592 82 613 82 592 551 551 21 572 613 531 572 572 103 592 572 592 592 103 654 490 551 184 531 592 592 551 0 551 572 531 531 82 592 551 490 572 82 531 551 551 572 103 551 572 531 572 572 572 633 551 592 551 82 62 613 572 592 572 490 592 551 572 551 592 531 531 511 572 531 572
0 613 103 511 572 592 613 551 633 551 62 633 143 592 531 490 613 572 572 572 592 613 613 572 592 633 572 143 572 572 551 531 592 613 572 511 551 613 143 572 572 511 613 551 592 572 613 572 572 143 592 592 572 82 572 143 592 613 0 613 572 62 531 572 613 143 572 551 551 592 592 531 551 592 592 592 592 511 21 551 551 613 572 572 551 531 572 572 633 572 572 531 592 21 103 531 123 592 143 551 123
0 592 551 613 592 613 103 572 572 143 572 633 633 572 592 572 613 572 184 490 551 143 164 572 613 613 592 572 654 613 123 572 613 572 613 490 531 531 613 613 551 572 511 592 143 613 531 613 592 613 531 572 613 572 103 592 592 572 572 0 592 592 572 613 551 511 572 572 62 572 511 82 592 592 572 551 123 103 592 613 551 123 592 572 551 633 82 633 613 62 613 592 143 572 592 551 592 551 572 551 551
0 613 551 572 592 103 592 551 551 511 592 551 613 592 572 572 531 572 572 103 572 592 511 572 184 551 531 613 613 82 572 531 123 511 82 103 531 551 531 613 592 103 613 572 572 613 592 613 551 654 103 572 633 551 613 551 123 551 592 633 0 531 531 592 123 551 572 531 531 572 572 551 613 511 82 531 572 572 551 613 551 531 41 572 592 633 551 592 531 551 613 551 531 592 613 41 490 123 572 82 551
0 613 103 551 613 633 592 551 613 572 123 592 164 613 592 592 592 592 592 511 592 551 572 592 633 592 531 143 613 572 592 551 613 572 613 511 531 572 103 654 613 592 633 613 613 613 654 613 551 164 572 592 613 103 572 123 592 572 123 613 531 0 551 572 572 103 531 592 572 572 613 572 592 551 592 592 592 592 62 592 511 592 551 592 613 654 592 551 592 572 592 490 572 123 143 572 82 613 123 592 143
0 654 613 592 613 654 592 143 654 633 592 654 674 205 103 572 184 613 613 572 654 613 613 613 674 654 592 613 205 633 654 123 633 143 674 572 572 164 613 674 633 654 654 184 654 674 572 633 143 674 633 633 184 490 613 654 613 143 633 674 592 531 0 613 633 613 572 143 613 592 633 613 164 613 633 654 654 633 572 633 551 654 613 143 62 633 613 592 654 613 654 551 633 633 633 613 592 592 654 654 633
0 164 572 184 143 613 592 572 572 633 613 633 674 633 572 143 613 143 633 592 103 592 633 592 633 633 613 654 674 613 592 613 592 613 592 592 511 613 592 184 184 633 82 613 572 654 572 123 592 572 613 613 674 592 572 633 613 613 633 592 613 613 592 0 592 613 62 572 572 613 62 592 572 613 531 123 613 592 633 572 551 592 613 613 613 654 592 613 184 592 613 143 613 633 592 572 613 592 613 592 613
0 633 551 551 531 143 572 592 633 592 572 613 633 613 551 531 592 572 592 82 551 572 592 551 123 613 551 613 633 143 551 551 143 572 143 62 572 572 572 633 592 62 613 572 531 613 633 613 613 613 103 511 613 572 613 633 164 551 531 633 103 531 551 613 0 551 572 592 572 613 613 572 592 592 62 551 572 531 531 592 531 531 123 572 592 572 592 592 613 572 592 551 613 531 613 103 551 123 511 103 613
0 592 103 572 572 572 531 592 572 613 103 613 143 531 551 551 572 531 633 572 511 613 613 572 613 572 572 82 654 592 592 531 613 531 633 531 551 490 103 613 531 572 572 572 592 654 592 592 551 184 490 551 633 62 613 143 551 592 82 551 613 123 551 572 531 0 592 531 531 531 551 572 572 572 572 511 572 551 103 613 572 592 613 551 511 592 551 592 654 490 592 592 572 82 123 531 143 511 103 531 103
0 164 592 164 143 633 592 531 654 613 572 654 654 633 572 143 613 143 633 613 143 654 654 613 694 654 572 633 674 592 592 572 572 633 633 572 490 613 613 184 184 633 184 572 613 613 633 103 592 674 613 613 654 572 592 592 572 613 613 674 633 572 551 184 654 613 0 654 592 572 143 572 551 572 613 143 633 613 613 674 592 592 592 613 613 654 613 633 184 551 592 123 633 613 551 572 633 551 613 592 613
0 633 613 572 613 511 592 103 633 572 613 633 654 143 123 572 123 572 572 551 572 592 613 633 613 613 592 592 205 613 531 103 613 123 654 511 572 82 592 613 592 613 613 123 592 633 592 613 123 592 551 613 143 592 592 613 592 82 572 633 572 531 103 613 613 551 572 0 592 572 613 592 143 592 572 572 572 490 551 592 551 613 572 103 82 633 572 592 633 531 592 531 592 572 613 592 572 572 613 531 531
0 633 572 572 572 572 123 551 613 103 531 633 633 613 572 551 613 572 143 572 572 143 143 572 613 613 592 633 654 592 123 572 633 572 613 551 490 592 592 572 613 551 613 551 103 633 633 592 592 654 592 531 633 592 123 551 592 572 551 184 592 572 572 633 613 572 531 572 0 572 531 103 572 572 551 551 103 82 551 613 551 143 613 592 572 613 41 613 633 103 592 572 103 551 572 531 592 613 531 572 511
0 613 511 572 572 592 511 572 143 592 572 143 551 613 551 572 572 551 592 572 551 572 613 62 633 164 123 592 633 613 572 490 613 592 592 490 41 592 572 592 613 531 592 551 531 164 103 572 551 633 572 82 633 511 572 551 490 572 572 633 592 531 490 572 592 572 551 592 490 0 531 551 592 123 531 572 531 531 551 143 62 572 592 572 531 103 531 123 654 572 143 551 551 572 572 490 592 592 551 572 531
0 103 613 143 143 613 654 613 674 592 572 613 654 633 613 123 633 103 613 572 164 654 654 613 592 654 613 633 694 633 572 572 592 633 633 592 613 613 592 143 164 592 143 572 613 674 633 143 633 613 613 572 674 592 531 654 654 592 592 633 633 613 572 164 551 613 164 613 592 633 0 572 592 613 592 164 551 592 592 613 592 592 654 592 592 654 592 633 225 613 674 123 633 592 613 592 633 613 572 613 572
0 633 613 613 613 674 184 613 572 143 592 613 572 531 613 592 633 633 143 572 613 184 143 613 654 654 511 551 694 613 103 613 613 613 654 572 613 592 572 654 633 592 592 613 143 674 613 592 633 674 592 572 654 551 184 633 654 592 592 103 572 613 613 674 551 592 613 633 143 633 572 0 572 613 592 633 164 123 592 633 592 123 592 613 613 654 143 613 613 143 674 551 164 592 592 613 572 613 572 633 633
0 613 592 572 572 633 572 123 613 572 613 613 613 103 123 572 164 551 613 592 551 613 613 592 633 613 551 592 184 531 592 123 592 123 654 551 531 82 572 633 592 551 572 62 572 654 613 490 62 613 551 551 184 572 633 572 613 82 572 613 592 572 123 592 592 551 531 143 572 613 613 531 0 551 551 551 613 551 572 613 572 531 613 103 123 613 572 633 654 572 633 592 572 572 490 572 592 572 551 572 592
0 633 592 531 613 613 592 572 184 592 572 143 633 613 572 572 613 613 572 613 613 674 592 164 613 184 21 633 572 613 551 551 613 613 613 572 103 572 592 654 613 613 633 613 613 143 164 613 613 633 572 143 592 572 592 633 572 613 572 613 572 613 551 613 613 572 633 572 572 103 613 551 592 0 613 613 613 592 511 123 143 633 592 572 592 164 592 103 592 511 123 531 613 572 613 551 572 613 613 551 592
0 613 511 592 592 123 531 572 654 572 613 572 633 613 551 572 551 551 613 123 511 531 613 551 143 572 572 613 613 143 572 551 103 531 143 82 531 551 531 613 592 103 592 592 490 654 613 572 572 633 82 551 633 531 572 592 164 551 572 633 123 572 551 572 143 551 531 572 531 613 592 592 551 613 0 511 572 551 572 633 490 531 143 572 551 613 572 592 633 572 572 572 592 572 572 62 592 123 551 123 572
0 205 613 143 164 633 633 613 654 633 592 633 592 654 613 123 633 123 633 613 164 633 633 531 654 531 613 613 674 613 633 511 654 511 633 613 551 633 613 164 82 613 164 592 633 674 613 164 613 633 613 592 633 531 613 592 654 613 572 654 592 572 531 164 572 613 123 613 531 633 103 592 633 613 613 0 572 613 592 633 572 613 613 613 572 633 572 613 184 613 613 103 572 572 572 531 613 633 592 613 572
0 633 592 572 592 572 143 592 592 123 551 572 572 551 572 531 633 490 62 572 592 143 164 613 613 613 531 551 633 572 123 572 572 592 633 531 551 572 551 572 572 592 531 490 143 572 551 572 572 592 572 572 633 531 143 572 592 551 592 103 592 613 572 613 551 572 592 592 82 572 551 21 572 531 592 572 0 123 551 592 572 143 592 511 551 592 41 613 633 103 592 572 103 592 592 531 592 592 572 531 531
0 613 592 572 592 551 143 551 633 123 592 613 633 613 592 613 572 592 103 531 592 103 123 613 592 613 572 572 654 592 41 572 592 592 633 490 551 572 572 613 592 613 613 613 123 613 654 592 572 572 572 613 633 572 103 613 592 572 613 143 551 490 572 613 592 572 551 551 103 572 572 123 592 572 592 613 143 0 551 572 531 123 551 531 592 674 82 572 613 123 572 511 143 613 613 572 551 592 613 511 572
0 592 123 490 592 572 592 592 613 572 123 613 123 572 531 592 613 572 551 592 592 633 592 592 572 633 551 123 654 613 592 511 572 613 613 572 531 613 123 613 572 592 613 572 572 572 592 592 592 164 613 592 551 62 572 123 592 592 143 613 572 103 511 613 592 143 592 531 531 613 592 531 613 572 572 592 572 572 0 531 572 633 592 592 572 633 551 572 613 572 551 511 572 143 143 531 103 613 123 592 103
0 531 572 613 531 613 572 551 123 551 592 123 633 613 531 572 572 613 613 572 613 613 551 82 654 123 103 572 572 592 572 551 511 551 572 551 103 551 572 613 592 613 654 613 592 184 164 613 592 633 592 143 674 572 633 592 572 572 613 613 511 572 551 613 613 572 592 572 551 82 592 592 592 82 592 572 592 531 592 0 82 572 531 592 592 103 592 123 572 572 164 572 572 613 613 551 511 551 592 572 592
0 613 613 613 633 633 592 572 184 592 613 184 633 654 613 613 633 592 633 633 572 531 613 164 715 103 164 654 592 613 613 551 613 531 674 613 62 613 633 633 654 633 613 592 592 184 184 613 613 654 613 143 633 531 572 613 613 592 613 674 592 613 551 654 613 613 511 633 572 143 613 592 592 143 592 572 572 633 633 184 0 633 613 572 613 205 592 184 633 592 103 592 613 613 592 572 592 592 613 613 592
0 715 531 633 633 654 123 633 613 143 654 674 654 694 572 654 654 633 123 613 654 205 225 572 674 694 592 674 674 633 143 572 633 654 674 572 592 654 633 633 613 633 674 633 143 694 654 613 633 674 654 633 694 592 205 654 572 654 654 184 654 592 572 613 674 654 592 654 123 572 613 164 592 572 613 633 164 103 613 674 613 0 633 633 613 674 143 613 694 143 654 613 164 654 613 572 551 654 633 613 613
0 654 592 613 592 164 572 592 674 572 613 613 674 613 613 572 511 551 633 143 551 572 633 572 184 633 613 613 674 62 613 613 205 592 184 123 551 592 572 654 633 123 592 633 592 674 613 654 551 654 82 572 633 572 613 592 164 592 572 654 143 592 613 592 164 592 613 613 592 613 613 613 633 633 123 572 613 572 592 654 572 531 0 572 613 613 572 654 674 613 613 613 572 572 613 103 592 103 572 143 592
0 613 572 613 613 572 572 123 592 572 531 613 633 143 103 592 164 551 613 613 551 592 654 592 633 592 572 613 225 531 613 123 633 103 613 592 531 123 572 551 592 592 592 103 592 654 613 572 82 654 592 572 164 592 572 572 633 123 592 654 633 572 123 592 592 592 572 103 511 613 531 572 103 592 592 551 551 592 592 654 592 613 654 0 62 654 490 613 674 592 572 592 572 592 572 511 613 592 572 592 511
0 613 572 613 572 633 633 143 674 613 654 633 694 164 41 633 184 613 654 572 613 613 633 572 674 674 613 654 225 592 633 164 674 164 674 572 592 123 613 633 572 613 654 143 654 674 674 674 143 674 572 633 205 633 633 654 654 103 633 613 613 551 164 592 613 572 592 164 613 633 633 613 184 613 654 613 654 613 592 654 572 654 633 164 0 694 633 551 654 592 654 572 633 633 654 633 613 551 633 633 613
0 613 592 592 633 531 613 613 184 592 592 143 654 613 613 572 633 531 633 613 592 654 633 164 654 164 143 613 694 572 592 572 674 613 674 551 123 572 572 531 592 613 551 551 592 184 123 633 572 654 572 143 613 613 572 592 633 551 613 633 592 572 592 613 613 551 613 531 572 143 592 551 613 123 592 592 613 551 572 184 123 654 613 531 592 0 551 184 633 572 103 592 592 613 531 572 592 592 613 592 572
0 613 551 592 592 551 164 572 572 82 511 633 613 613 551 572 613 551 123 592 613 123 184 592 613 572 572 613 674 572 143 572 613 551 592 572 511 572 613 551 572 572 572 551 103 633 613 572 572 633 572 572 613 572 103 572 613 572 572 164 613 572 572 613 572 572 572 551 41 592 511 82 551 592 572 531 62 103 572 633 572 143 633 572 551 633 0 592 674 123 572 592 82 572 551 490 613 613 572 572 490
0 633 613 592 613 633 551 572 164 613 592 123 674 613 613 572 633 531 613 551 531 654 654 143 654 143 123 572 674 511 633 592 654 572 654 551 103 572 551 613 613 592 572 613 613 184 123 592 531 654 572 123 654 613 592 572 613 572 572 531 613 572 592 572 613 572 613 592 572 143 572 592 572 143 592 551 613 592 572 184 123 633 633 551 592 143 551 0 674 592 164 592 551 572 592 551 613 613 592 572 572
0 82 490 123 123 531 572 572 572 592 613 490 572 551 531 123 613 82 551 572 82 613 613 531 613 613 531 572 633 531 551 592 592 572 654 511 572 551 572 123 123 592 82 551 613 551 572 143 531 613 551 592 613 572 613 511 592 551 572 572 592 531 592 82 551 551 123 490 572 592 123 490 592 592 592 103 572 511 572 613 551 613 572 551 572 633 572 572 0 531 592 82 572 572 592 551 592 592 572 531 531
0 674 551 572 572 613 82 613 654 143 572 633 613 654 572 531 613 572 143 613 613 164 143 572 613 654 633 592 633 592 123 531 633 613 613 531 551 613 613 613 613 572 613 592 103 633 613 613 572 654 613 592 633 551 164 613 531 613 531 205 633 572 531 572 613 613 613 613 82 531 572 123 592 633 572 592 123 103 551 613 572 164 633 531 572 592 82 613 674 0 613 592 123 531 613 531 633 654 613 511 551
0 531 511 572 592 531 551 551 164 592 572 103 654 592 551 531 531 572 572 592 531 551 613 82 613 143 123 572 633 572 531 572 592 572 633 531 82 551 531 531 592 572 613 572 490 164 123 592 511 551 551 103 531 572 490 551 592 551 531 592 572 551 572 551 592 551 551 531 572 123 613 572 572 123 511 551 572 531 551 103 41 551 592 592 572 123 592 123 633 551 0 531 531 531 531 551 572 592 572 572 511
0 184 592 123 143 613 613 592 592 551 613 572 654 613 613 123 572 123 592 592 123 633 551 613 654 592 531 633 633 572 572 572 633 572 592 531 572 572 551 184 143 592 143 613 613 654 654 164 572 613 572 572 654 613 654 592 613 551 592 592 531 572 572 164 613 572 164 592 572 592 143 592 633 531 572 123 613 592 572 613 592 592 551 592 592 654 592 531 103 551 654 0 572 592 633 551 531 592 572 572 613
0 592 551 572 592 551 82 511 613 103 531 572 613 572 572 531 613 572 62 592 572 164 143 592 613 654 551 572 613 592 103 531 572 613 572 531 551 551 531 613 572 572 613 592 103 633 613 572 490 633 551 551 613 551 103 490 551 551 531 143 592 572 531 551 531 551 592 511 82 531 572 103 572 531 572 592 123 82 551 613 572 123 613 531 572 592 82 613 633 103 551 572 0 531 592 531 592 572 572 511 551
0 633 103 531 613 592 613 551 633 551 62 654 164 613 572 490 613 572 572 572 592 613 613 592 613 633 592 143 572 572 551 551 613 613 572 511 572 613 143 572 592 511 613 592 613 592 633 572 572 143 592 613 592 103 592 164 592 613 143 633 592 62 551 572 613 143 572 572 572 592 613 551 551 592 613 592 613 511 62 572 551 613 572 572 551 531 592 613 654 613 592 551 613 0 103 551 123 592 164 551 143
0 592 164 592 613 633 551 572 613 613 123 592 123 572 613 572 633 531 613 592 531 654 633 613 654 613 551 103 654 511 592 572 633 572 654 551 572 572 103 613 613 592 572 511 613 654 592 613 531 143 572 572 654 82 633 103 613 572 103 592 613 143 592 572 572 103 613 592 572 613 592 511 592 531 592 551 613 592 103 613 592 613 633 551 592 613 551 633 654 572 613 572 551 103 0 551 143 613 123 551 103
0 633 592 572 572 123 613 551 592 572 551 613 592 592 572 551 613 531 592 123 592 613 613 572 164 613 572 613 654 143 592 572 164 592 103 103 490 592 592 572 613 82 572 531 572 633 592 572 551 633 123 531 633 592 592 551 123 592 551 613 123 572 572 592 123 592 551 572 490 572 531 531 572 572 82 572 531 551 551 613 551 613 143 551 592 613 511 613 654 572 592 592 531 551 572 0 592 164 551 103 531
0 654 143 572 613 613 633 592 551 613 123 633 164 633 613 592 654 572 572 613 613 654 633 613 654 654 531 164 613 613 572 572 592 613 613 572 531 613 143 613 592 592 613 572 613 633 592 613 592 205 613 572 633 143 633 123 613 613 123 633 613 143 592 633 633 143 572 613 531 613 572 572 613 511 592 592 572 592 82 613 592 633 633 572 613 654 551 613 633 551 633 551 572 123 143 511 0 572 103 551 103
0 551 613 613 592 184 613 633 654 592 633 572 633 592 613 592 654 613 633 143 592 633 633 613 184 654 572 613 694 205 613 613 184 613 205 123 572 572 551 694 613 123 633 551 613 654 674 654 633 633 103 572 674 592 674 592 164 551 592 633 143 613 613 674 143 572 633 613 613 613 633 551 633 572 123 592 633 592 592 633 592 613 164 613 592 654 613 654 654 572 674 613 654 592 654 143 613 0 572 123 633
0 654 82 613 613 613 572 613 674 613 164 613 164 633 592 613 572 551 654 633 551 572 654 572 551 613 613 184 633 633 613 592 592 572 654 572 551 592 103 654 613 613 592 633 531 674 613 613 592 205 572 592 674 103 613 164 654 592 143 654 633 143 592 613 633 123 551 613 572 654 613 613 592 654 511 551 613 572 143 674 511 572 654 572 572 633 572 633 674 613 613 592 613 143 143 572 164 592 0 592 143
0 633 592 633 613 123 592 613 613 572 551 633 633 633 572 592 654 551 633 164 572 613 572 613 123 613 592 572 694 82 633 592 184 592 164 143 551 613 592 572 613 143 572 572 613 674 613 592 572 674 143 592 654 613 592 592 184 613 613 674 184 592 613 613 123 613 592 572 531 633 531 572 572 613 143 572 572 613 613 674 613 592 143 490 551 654 511 613 694 613 592 613 592 613 592 62 633 143 592 0 531
0 633 123 613 572 572 654 633 633 633 123 613 164 592 531 592 674 531 572 592 633 654 654 592 654 572 551 143 674 613 613 572 613 551 674 572 592 613 123 572 613 633 572 531 613 633 592 613 613 164 613 613 674 103 592 164 633 613 164 613 633 103 572 613 592 143 613 572 572 613 592 531 633 572 633 613 531 613 123 633 592 654 633 551 592 633 551 572 654 613 613 572 613 164 123 572 164 633 164 572 0
SETUP_COST
0.0 2460.0 420.0 2060.0 2060.0 2060.0 2060.0 2460.0 2060.0 2860.0 2460.0 2460.0 1640.0 3280.0 1240.0 2460.0 1640.0 2060.0 2860.0 2060.0 1240.0 2060.0 3280.0 1240.0 2460.0 2860.0 2460.0 2860.0 3280.0 2860.0 1640.0 2060.0 2460.0 2060.0 3680.0 1240.0 1640.0 2460.0 2060.0 2460.0 2860.0 2060.0 2860.0 2460.0 420.0 3280.0 2860.0 2860.0 2460.0 2860.0 2460.0 2460.0 3280.0 1240.0 1640.0 2860.0 3280.0 2060.0 2460.0 3280.0 2860.0 1640.0 820.0 1640.0 3280.0 2060.0 1640.0 2060.0 2060.0 2860.0 2860.0 2460.0 2460.0 2860.0 820.0 1640.0 2860.0 1240.0 1640.0 2860.0 820.0 1640.0 2460.0 2460.0 2060.0 3280.0 2460.0 2060.0 3680.0 2460.0 2860.0 1640.0 2860.0 2460.0 2460.0 1640.0 2860.0 2860.0 820.0 2060.0 2460.0
0.0 0.0 12260.0 3280.0 2860.0 12260.0 11440.0 12260.0 12260.0 11020.0 12260.0 12660.0 13480.0 11440.0 11840.0 2460.0 12260.0 2460.0 12260.0 12260.0 1640.0 13080.0 11840.0 12260.0 13480.0 12260.0 12260.0 11840.0 13080.0 12660.0 12660.0 11840.0 11440.0 11840.0 12660.0 11020.0 11840.0 10620.0 12260.0 4100.0 2060.0 12260.0 2860.0 12260.0 12660.0 12260.0 12660.0 3280.0 12260.0 11840.0 10620.0 11840.0 13880.0 11440.0 11840.0 11440.0 11840.0 10620.0 11840.0 12260.0 11440.0 11440.0 11840.0 3280.0 11840.0 10620.0 2860.0 11440.0 11440.0 11840.0 2460.0 12260.0 12260.0 11840.0 12260.0 2060.0 12260.0 12260.0 12260.0 11020.0 11840.0 12660.0 11840.0 11840.0 11020.0 13080.0 12260.0 12660.0 2860.0 10620.0 12660.0 2460.0 12260.0 11840.0 12660.0 11440.0 11440.0 11020.0 12260.0 11440.0 12260.0
0.0 12660.0 0.0 11840.0 11440.0 11840.0 12260.0 11440.0 12660.0 12260.0 2860.0 12260.0 3680.0 13080.0 10220.0 12260.0 12260.0 12260.0 11840.0 11020.0 11840.0 12260.0 12260.0 10220.0 12260.0 12660.0 11840.0 2860.0 13480.0 11840.0 10620.0 12260.0 12260.0 12260.0 12660.0 10220.0 11020.0 11840.0 2060.0 11440.0 12260.0 12260.0 12260.0 12260.0 12260.0 13080.0 12660.0 12660.0 11840.0 2860.0 11840.0 12260.0 13080.0 2860.0 12260.0 2460.0 12260.0 11840.0 3280.0 12260.0 11840.0 1240.0 11840.0 11020.0 12260.0 2460.0 11440.0 11840.0 11020.0 12260.0 11840.0 12260.0 12260.0 11840.0 12260.0 11840.0 11840.0 10220.0 2060.0 12260.0 11020.0 12260.0 11440.0 11440.0 12260.0 13480.0 11440.0 11440.0 12660.0 12260.0 11840.0 11020.0 11840.0 3280.0 2460.0 10620.0 2460.0 12660.0 2060.0 11020.0 2460.0
0.0 4100.0 11440.0 0.0 2060.0 11020.0 11840.0 11440.0 12260.0 11020.0 12260.0 11840.0 13480.0 12660.0 10220.0 2860.0 11840.0 2860.0 12260.0 11440.0 2060.0 12660.0 11440.0 11440.0 13080.0 12260.0 11020.0 12660.0 13080.0 11440.0 11440.0 11840.0 12660.0 11440.0 12260.0 11020.0 11840.0 11840.0 11440.0 3680.0 3280.0 12260.0 3280.0 12260.0 12660.0 10620.0 11840.0 3680.0 11440.0 12660.0 11440.0 11840.0 13080.0 10620.0 12660.0 11440.0 12260.0 11440.0 12260.0 12260.0 11020.0 11020.0 10220.0 2460.0 12260.0 11440.0 2460.0 10620.0 11840.0 12260.0 3280.0 12260.0 12660.0 11020.0 12260.0 2060.0 11840.0 10620.0 11840.0 12660.0 11440.0 12260.0 11440.0 12260.0 11440.0 13080.0 12260.0 11020.0 2460.0 11440.0 12660.0 820.0 11020.0 12260.0 13080.0 11440.0 11020.0 12260.0 11840.0 11440.0 11440.0
0.0 3680.0 11020.0 2460.0 0.0 12260.0 12260.0 11840.0 13080.0 12260.0 12260.0 11840.0 13480.0 12260.0 9800.0 2860.0 12660.0 2460.0 12660.0 11020.0 2460.0 11840.0 12260.0 9800.0 12660.0 12260.0 11440.0 12260.0 13480.0 11440.0 11840.0 11840.0 13080.0 12260.0 13080.0 11020.0 11440.0 11440.0 11020.0 2860.0 1640.0 11840.0 2860.0 12260.0 12260.0 13080.0 12660.0 3680.0 11440.0 13080.0 11440.0 11840.0 13080.0 11840.0 12260.0 11840.0 12260.0 11440.0 12260.0 11840.0 11440.0 10220.0 11840.0 2060.0 11840.0 11440.0 2060.0 12260.0 12260.0 12260.0 1640.0 11840.0 12660.0 11840.0 11440.0 2460.0 12260.0 11020.0 11440.0 12660.0 11020.0 12660.0 11840.0 11840.0 12260.0 13080.0 12260.0 10620.0 3280.0 11840.0 12260.0 1240.0 12260.0 12260.0 12260.0 12260.0 11440.0 12260.0 11020.0 11840.0 11440.0
0.0 12260.0 11840.0 11440.0 12260.0 0.0 11020.0 11440.0 12260.0 10620.0 12260.0 12260.0 13080.0 11440.0 11440.0 11440.0 11840.0 11440.0 11440.0 1640.0 10620.0 11840.0 11440.0 12260.0 2860.0 11440.0 11840.0 11440.0 13480.0 2860.0 10620.0 11440.0 3280.0 11440.0 3280.0 820.0 11440.0 10220.0 12260.0 12260.0 11020.0 2460.0 11840.0 11840.0 11840.0 11840.0 11840.0 12260.0 11840.0 11840.0 820.0 11440.0 11440.0 11020.0 11840.0 12260.0 2460.0 10220.0 11440.0 11840.0 1640.0 10620.0 11440.0 12260.0 2060.0 10220.0 11440.0 9800.0 11440.0 11440.0 11440.0 11840.0 11840.0 11440.0 2060.0 11020.0 11440.0 10220.0 11020.0 12260.0 11020.0 12260.0 2060.0 11440.0 11020.0 12660.0 11440.0 11840.0 11840.0 10620.0 11840.0 10620.0 11840.0 11440.0 12260.0 2060.0 10620.0 1240.0 11840.0 1640.0 10620.0
0.0 13080.0 11020.0 13080.0 12260.0 11840.0 0.0 12660.0 13080.0 3280.0 12260.0 12660.0 13480.0 13080.0 11840.0 11840.0 11020.0 11840.0 3680.0 11840.0 11440.0 2860.0 2860.0 10620.0 13080.0 13080.0 12660.0 11840.0 13480.0 12660.0 2860.0 11840.0 12660.0 12260.0 13480.0 9800.0 11840.0 12260.0 11840.0 11840.0 13080.0 12660.0 11840.0 12660.0 1240.0 13480.0 11440.0 12660.0 12660.0 13480.0 12260.0 12260.0 13480.0 11840.0 2860.0 12660.0 12260.0 11840.0 12260.0 4500.0 11840.0 11840.0 11840.0 12260.0 13080.0 12260.0 11840.0 12260.0 2860.0 12260.0 12260.0 3280.0 12260.0 12260.0 10620.0 11440.0 3680.0 2060.0 12660.0 12260.0 11020.0 2060.0 12260.0 11440.0 12260.0 11020.0 2460.0 12660.0 12660.0 2860.0 12660.0 11840.0 3680.0 11840.0 12260.0 11840.0 11840.0 12660.0 11840.0 11020.0 11840.0
0.0 13080.0 10620.0 11440.0 12260.0 11440.0 10620.0 0.0 12660.0 11020.0 10220.0 12660.0 11840.0 2860.0 2060.0 11840.0 2860.0 11440.0 12260.0 11840.0 11840.0 12260.0 12660.0 11440.0 13080.0 12660.0 10620.0 12260.0 2860.0 11840.0 11440.0 820.0 12660.0 2860.0 12260.0 10220.0 10620.0 2860.0 11840.0 12260.0 11440.0 11440.0 12260.0 2060.0 11020.0 12660.0 11840.0 11440.0 2060.0 13080.0 12260.0 11440.0 3280.0 10620.0 12260.0 11840.0 10620.0 2860.0 11840.0 12660.0 11840.0 11020.0 820.0 11840.0 12260.0 12260.0 11840.0 2460.0 10620.0 10220.0 11020.0 11020.0 1640.0 10220.0 11020.0 11440.0 11440.0 11020.0 11020.0 12260.0 11020.0 11840.0 12260.0 2460.0 1640.0 12260.0 11020.0 12260.0 12660.0 11020.0 12660.0 11020.0 11440.0 11840.0 11440.0 10220.0 11840.0 12260.0 11840.0 11440.0 11440.0
0.0 12660.0 13080.0 12260.0 12660.0 11440.0 13080.0 13080.0 0.0 12260.0 13080.0 4500.0 13880.0 13080.0 12660.0 13080.0 13480.0 12260.0 13480.0 12660.0 12260.0 12660.0 13080.0 3280.0 13880.0 4100.0 3280.0 12260.0 13880.0 11840.0 12260.0 12260.0 12260.0 13080.0 13480.0 10220.0 3680.0 11840.0 13080.0 11020.0 12660.0 12660.0 13080.0 11840.0 12660.0 4100.0 2860.0 13080.0 12260.0 13880.0 11840.0 4100.0 13080.0 12660.0 13080.0 13080.0 13480.0 11840.0 13080.0 13080.0 12260.0 12260.0 12260.0 13080.0 13080.0 11840.0 13080.0 11440.0 12660.0 3680.0 12660.0 11840.0 12660.0 3280.0 12260.0 12660.0 13080.0 11840.0 13080.0 2460.0 2860.0 13080.0 13080.0 11840.0 12660.0 4100.0 12260.0 4100.0 13480.0 12260.0 4100.0 12260.0 12660.0 13080.0 11440.0 12660.0 12260.0 12260.0 13480.0 12660.0 12260.0
0.0 12660.0 11840.0 11440.0 12660.0 12660.0 2860.0 11440.0 11840.0 0.0 12260.0 12260.0 12660.0 11840.0 12260.0 11840.0 12260.0 11020.0 2460.0 10620.0 12260.0 2060.0 2460.0 11440.0 13080.0 11440.0 11020.0 12260.0 12660.0 11840.0 2860.0 11020.0 12660.0 10620.0 12660.0 10620.0 11020.0 11840.0 11440.0 12660.0 11440.0 12260.0 11440.0 11020.0 3280.0 12660.0 12260.0 12660.0 11440.0 12660.0 11840.0 12260.0 12660.0 11440.0 2460.0 12260.0 12260.0 11840.0 12260.0 3280.0 11020.0 9800.0 11020.0 11840.0 11840.0 11840.0 11020.0 12260.0 2060.0 11840.0 11840.0 1640.0 12260.0 11440.0 12260.0 10220.0 1240.0 2860.0 11020.0 12260.0 10620.0 2860.0 11440.0 11020.0 12260.0 13080.0 2060.0 11440.0 12260.0 2460.0 12260.0 10220.0 2460.0 12260.0 12260.0 11020.0 11020.0 11440.0 12260.0 11840.0 11440.0
0.0 13080.0 1240.0 11840.0 11840.0 12260.0 11840.0 11840.0 11840.0 10220.0 0.0 12660.0 3680.0 12260.0 11020.0 11840.0 12660.0 11440.0 12260.0 11440.0 11440.0 12260.0 12260.0 11020.0 12660.0 12260.0 11840.0 2860.0 13080.0 11020.0 11440.0 11440.0 11840.0 11440.0 12260.0 11020.0 11020.0 11840.0 2860.0 12260.0 11020.0 11840.0 12260.0 11020.0 12260.0 13080.0 12660.0 10620.0 11440.0 3680.0 11840.0 11440.0 13080.0 2860.0 12260.0 2860.0 12660.0 11440.0 2460.0 12660.0 11840.0 1240.0 11840.0 11440.0 12260.0 2460.0 11020.0 12660.0 11840.0 12660.0 11440.0 11020.0 10220.0 11840.0 11840.0 11020.0 11440.0 11020.0 2060.0 11840.0 11020.0 11440.0 12260.0 11020.0 10220.0 13080.0 11440.0 11840.0 12660.0 11840.0 12260.0 11020.0 11840.0 2460.0 1240.0 11440.0 2460.0 11440.0 2460.0 10620.0 2060.0
0.0 12260.0 12260.0 12260.0 12260.0 12260.0 11840.0 13080.0 2060.0 12260.0 11840.0 0.0 12660.0 11840.0 12260.0 12660.0 12660.0 11840.0 11020.0 12260.0 12260.0 12660.0 12260.0 2860.0 11840.0 3680.0 2060.0 12260.0 13480.0 11840.0 12660.0 11840.0 11840.0 12260.0 12660.0 11440.0 2460.0 11440.0 11840.0 12260.0 11440.0 12660.0 10620.0 10620.0 12660.0 3280.0 2060.0 11840.0 12260.0 12660.0 11440.0 3280.0 12260.0 11440.0 12660.0 10220.0 12260.0 11440.0 12660.0 12260.0 12260.0 12660.0 11840.0 13080.0 11840.0 11440.0 12260.0 12260.0 11440.0 2460.0 11440.0 10620.0 12260.0 2060.0 12660.0 11840.0 12260.0 12660.0 12260.0 3280.0 2460.0 12260.0 12260.0 10620.0 11840.0 2860.0 11020.0 3680.0 13480.0 11840.0 3280.0 12260.0 12260.0 12660.0 12260.0 11440.0 12260.0 12260.0 12260.0 10220.0 11440.0
0.0 12260.0 1640.0 11020.0 11020.0 11840.0 11020.0 11440.0 11840.0 10620.0 820.0 10620.0 0.0 11020.0 11020.0 10620.0 11840.0 11440.0 11840.0 11020.0 10620.0 11840.0 11440.0 11020.0 11840.0 11840.0 11020.0 2060.0 12660.0 11440.0 11440.0 11440.0 12260.0 11440.0 12260.0 10620.0 10220.0 10220.0 420.0 12260.0 11020.0 10620.0 11020.0 10220.0 11020.0 11840.0 11440.0 11020.0 11840.0 2860.0 10220.0 10220.0 12260.0 2060.0 12260.0 1640.0 11020.0 9800.0 1240.0 11840.0 11020.0 1640.0 11440.0 12260.0 11440.0 820.0 11440.0 11440.0 11440.0 11440.0 11440.0 10620.0 10620.0 11020.0 10620.0 11020.0 11440.0 10620.0 1240.0 11840.0 10620.0 11440.0 11440.0 10620.0 10620.0 11840.0 11020.0 11840.0 11840.0 10620.0 12260.0 11440.0 11840.0 1240.0 1640.0 11020.0 1640.0 10620.0 1240.0 11020.0 2060.0
0.0 11440.0 11440.0 11020.0 11020.0 12260.0 11440.0 2860.0 10620.0 11840.0 11440.0 12260.0 12660.0 0.0 1640.0 10620.0 2460.0 11440.0 11840.0 10220.0 11440.0 11840.0 11840.0 11020.0 12260.0 12660.0 11440.0 9800.0 3280.0 11440.0 11440.0 2060.0 11020.0 2460.0 12260.0 10220.0 11020.0 1640.0 11840.0 12260.0 11840.0 10620.0 10620.0 2060.0 11020.0 12260.0 11440.0 10620.0 2060.0 12660.0 11020.0 10220.0 2860.0 9800.0 11840.0 12260.0 12260.0 2060.0 10620.0 10220.0 11440.0 11020.0 2060.0 12260.0 9800.0 11020.0 11440.0 2460.0 11020.0 11840.0 10620.0 11020.0 1240.0 11840.0 10620.0 11440.0 11440.0 10620.0 10620.0 11840.0 10620.0 10620.0 11840.0 2460.0 2460.0 11840.0 11020.0 11840.0 12260.0 11020.0 12260.0 11440.0 12260.0 10620.0 10620.0 11440.0 11440.0 11440.0 10620.0 11440.0 11440.0
0.0 12660.0 10620.0 11440.0 10620.0 12260.0 11840.0 2460.0 12660.0 12260.0 12260.0 12260.0 13480.0 2860.0 0.0 12260.0 3280.0 11440.0 12260.0 10620.0 11440.0 11840.0 11840.0 10620.0 13080.0 12660.0 11440.0 12260.0 3680.0 11020.0 12260.0 2460.0 12660.0 2460.0 13080.0 11020.0 11020.0 2860.0 11840.0 11840.0 11840.0 12660.0 12260.0 3280.0 12660.0 12660.0 12660.0 12660.0 2060.0 12660.0 12260.0 12260.0 3280.0 11840.0 11840.0 12260.0 12260.0 2860.0 12260.0 11440.0 11440.0 10220.0 2460.0 11020.0 12260.0 12260.0 11020.0 2860.0 12260.0 12260.0 11840.0 11840.0 3280.0 11440.0 12260.0 11840.0 12660.0 11440.0 11020.0 12260.0 10620.0 12660.0 11840.0 2460.0 3680.0 13480.0 11840.0 10620.0 12260.0 11840.0 12660.0 10620.0 11840.0 12260.0 12260.0 11840.0 11440.0 12660.0 11840.0 12260.0 12260.0
0.0 4100.0 11020.0 3280.0 3680.0 11840.0 12260.0 12660.0 12660.0 11020.0 10220.0 13080.0 13480.0 13080.0 11840.0 0.0 13480.0 2460.0 13480.0 12260.0 2460.0 12260.0 13080.0 11840.0 13480.0 12660.0 12660.0 13080.0 13880.0 11440.0 12260.0 12260.0 12660.0 12260.0 13080.0 11840.0 11840.0 12260.0 12260.0 2460.0 2460.0 12660.0 2860.0 11840.0 12660.0 13880.0 12660.0 2060.0 11440.0 13880.0 11840.0 12260.0 13480.0 12260.0 12660.0 12260.0 13480.0 12260.0 12260.0 13480.0 12660.0 11440.0 12660.0 3280.0 13080.0 12260.0 2460.0 11840.0 11840.0 13080.0 3280.0 11840.0 11020.0 12660.0 12660.0 2460.0 12260.0 11840.0 12260.0 12660.0 11840.0 12260.0 12660.0 11840.0 11020.0 10620.0 12260.0 12660.0 4500.0 12260.0 12660.0 2460.0 12260.0 12260.0 11440.0 11440.0 12660.0 12260.0 12260.0 11440.0 12260.0
0.0 12660.0 11020.0 11440.0 11440.0 12660.0 11840.0 2860.0 12660.0 11020.0 11840.0 12260.0 13480.0 3680.0 2060.0 11020.0 0.0 11840.0 12260.0 11440.0 11440.0 10620.0 12260.0 11440.0 12260.0 12660.0 11840.0 13080.0 3680.0 12260.0 11440.0 2460.0 12660.0 2860.0 13080.0 11020.0 11840.0 2460.0 11440.0 12660.0 12660.0 11020.0 12660.0 2460.0 11440.0 12660.0 13080.0 12660.0 2860.0 13080.0 11840.0 10620.0 3280.0 10620.0 11840.0 12660.0 11840.0 2460.0 11020.0 12260.0 11840.0 11440.0 2460.0 11440.0 12660.0 11840.0 11840.0 2860.0 11840.0 11840.0 12260.0 11840.0 2860.0 11840.0 11020.0 11440.0 11840.0 11020.0 11020.0 12260.0 11020.0 9800.0 11440.0 2860.0 2860.0 12260.0 12260.0 12260.0 12660.0 11840.0 11440.0 11440.0 12660.0 11020.0 12660.0 11840.0 11440.0 12260.0 10620.0 11840.0 12260.0
0.0 3280.0 11840.0 1640.0 2460.0 11440.0 11840.0 11440.0 12260.0 11440.0 11020.0 11440.0 12660.0 12260.0 11440.0 1240.0 12260.0 0.0 11840.0 11840.0 2060.0 12260.0 12260.0 11840.0 11840.0 12260.0 11440.0 12260.0 13080.0 11020.0 12260.0 11440.0 12660.0 11440.0 12260.0 11440.0 11020.0 11020.0 10620.0 2060.0 2060.0 11440.0 820.0 11440.0 11840.0 12260.0 10620.0 2460.0 11440.0 13480.0 11020.0 11440.0 12260.0 11840.0 11840.0 11440.0 11440.0 11020.0 11440.0 12660.0 11840.0 11840.0 11440.0 2860.0 12260.0 11020.0 2460.0 11440.0 10620.0 11440.0 1640.0 11020.0 11440.0 12260.0 11440.0 2060.0 11440.0 11440.0 10620.0 11840.0 11020.0 12660.0 11440.0 9800.0 11020.0 11840.0 10220.0 12260.0 3680.0 11440.0 11840.0 2060.0 11020.0 11440.0 11440.0 10620.0 11840.0 11440.0 11440.0 11020.0 10620.0
0.0 12660.0 12260.0 11840.0 11020.0 12660.0 3280.0 12260.0 12660.0 2860.0 12660.0 13080.0 13880.0 12660.0 11020.0 11840.0 11440.0 12260.0 0.0 11840.0 11840.0 3280.0 3680.0 11020.0 12260.0 12660.0 11020.0 11440.0 13080.0 12660.0 2060.0 12260.0 10620.0 12660.0 11440.0 11840.0 11020.0 11440.0 12260.0 12660.0 10220.0 11440.0 13080.0 12260.0 2460.0 13080.0 12660.0 10220.0 12260.0 13080.0 11440.0 11440.0 12660.0 12260.0 2460.0 12260.0 12660.0 11440.0 11840.0 3280.0 12260.0 11440.0 12260.0 12260.0 11020.0 11440.0 11020.0 12660.0 3280.0 12660.0 11840.0 2860.0 12260.0 10620.0 11440.0 12260.0 2460.0 2460.0 11440.0 12660.0 11440.0 2460.0 12260.0 12260.0 12260.0 13080.0 3280.0 11840.0 13080.0 2460.0 11440.0 11840.0 3680.0 11840.0 12260.0 12260.0 12260.0 11840.0 11440.0 12260.0 12260.0
0.0 13480.0 10620.0 12260.0 11840.0 3680.0 11020.0 12660.0 13080.0 12660.0 12660.0 13480.0 13080.0 12260.0 11440.0 11840.0 12660.0 12260.0 13080.0 0.0 12260.0 11840.0 13080.0 11440.0 3680.0 13480.0 11840.0 11440.0 13080.0 2460.0 11840.0 12260.0 4100.0 13080.0 4100.0 420.0 12260.0 12260.0 12660.0 12660.0 12660.0 2460.0 13080.0 12660.0 12260.0 12660.0 13080.0 12260.0 12260.0 13480.0 2860.0 11440.0 13480.0 11840.0 13080.0 13080.0 4100.0 11840.0 11840.0 13080.0 3280.0 11840.0 12260.0 12260.0 1640.0 11840.0 12260.0 13080.0 12260.0 13080.0 13080.0 11440.0 12260.0 12660.0 2460.0 12260.0 12660.0 11440.0 11840.0 13080.0 11840.0 11840.0 3280.0 12660.0 12660.0 12660.0 12660.0 12260.0 13480.0 12260.0 12660.0 11840.0 12660.0 11840.0 12260.0 2860.0 11840.0 3280.0 11440.0 2860.0 12260.0
0.0 3680.0 11440.0 2060.0 1640.0 11840.0 9800.0 11440.0 12260.0 12260.0 11440.0 11840.0 12260.0 12260.0 11440.0 1640.0 11440.0 1240.0 12260.0 11440.0 0.0 11840.0 12260.0 11020.0 12260.0 11020.0 10620.0 11840.0 12660.0 11840.0 11440.0 10620.0 12260.0 10220.0 11840.0 10220.0 10220.0 11440.0 11440.0 2460.0 2060.0 10620.0 2060.0 11020.0 11020.0 12260.0 11440.0 2860.0 10620.0 12660.0 11440.0 10620.0 12260.0 11020.0 12260.0 11440.0 12260.0 11440.0 10620.0 12660.0 11440.0 11020.0 10620.0 2060.0 11440.0 11440.0 2060.0 11840.0 10220.0 11840.0 2060.0 11440.0 11840.0 11840.0 10620.0 420.0 11020.0 10620.0 10620.0 12260.0 10620.0 11840.0 11840.0 10620.0 11440.0 11440.0 10620.0 12260.0 3280.0 11840.0 12260.0 2060.0 11020.0 10620.0 11840.0 9800.0 11440.0 12260.0 10620.0 11440.0 11020.0
0.0 11440.0 11020.0 11840.0 11840.0 11440.0 1640.0 11840.0 12660.0 2860.0 11440.0 12260.0 12260.0 11840.0 11440.0 11440.0 11440.0 10620.0 2460.0 12260.0 10220.0 0.0 3680.0 11440.0 13080.0 11840.0 11440.0 12260.0 13480.0 12260.0 2060.0 11440.0 12260.0 11020.0 12660.0 11020.0 11020.0 11840.0 11440.0 11440.0 11840.0 11440.0 11440.0 10620.0 1240.0 12660.0 11840.0 12260.0 11020.0 11840.0 11840.0 11440.0 11440.0 9800.0 1240.0 11840.0 12660.0 11840.0 11440.0 2860.0 12260.0 11840.0 11440.0 11840.0 11840.0 11840.0 11840.0 11440.0 1640.0 12660.0 11840.0 1240.0 11840.0 11440.0 11020.0 10620.0 1240.0 2060.0 11440.0 12260.0 11020.0 2460.0 12660.0 11020.0 11840.0 12260.0 2060.0 12260.0 13480.0 2460.0 10220.0 11440.0 2060.0 11440.0 11440.0 10620.0 11440.0 12260.0 11440.0 11440.0 11020.0
0.0 12660.0 11440.0 11440.0 11440.0 11840.0 2060.0 10620.0 11840.0 420.0 11440.0 11020.0 11840.0 11440.0 11440.0 11020.0 11020.0 11020.0 2060.0 10620.0 11020.0 2460.0 0.0 11440.0 12260.0 11440.0 11440.0 11840.0 12660.0 12260.0 2460.0 11020.0 12260.0 10620.0 11840.0 10620.0 10620.0 10620.0 10220.0 12660.0 11440.0 11020.0 11440.0 11020.0 2060.0 12260.0 12260.0 12260.0 10620.0 13080.0 10620.0 10620.0 12660.0 11440.0 2460.0 10620.0 11440.0 10620.0 11020.0 2860.0 11440.0 10220.0 11020.0 11440.0 11440.0 10620.0 11020.0 11020.0 2060.0 11020.0 11840.0 1640.0 11840.0 11440.0 11020.0 10220.0 1240.0 1640.0 11020.0 12260.0 10620.0 820.0 11440.0 11020.0 11440.0 12260.0 2060.0 11440.0 12260.0 1640.0 11440.0 10220.0 820.0 11020.0 12260.0 11440.0 11440.0 11020.0 10620.0 10620.0 11840.0
0.0 13480.0 12260.0 12260.0 12260.0 12260.0 12260.0 12260.0 3680.0 11840.0 12660.0 2460.0 13480.0 12260.0 12260.0 11840.0 12660.0 11840.0 12260.0 11840.0 11840.0 12660.0 12660.0 0.0 12260.0 2860.0 2860.0 12660.0 13080.0 13080.0 11440.0 12260.0 13080.0 12660.0 13480.0 11020.0 2060.0 11440.0 11020.0 13480.0 12260.0 11840.0 12260.0 12660.0 11840.0 3680.0 3680.0 13480.0 12660.0 12660.0 11440.0 2060.0 13480.0 12260.0 12660.0 11840.0 12260.0 11020.0 11840.0 13080.0 12260.0 11440.0 12260.0 12660.0 11840.0 11440.0 12260.0 12260.0 12260.0 3280.0 12660.0 11440.0 13080.0 3280.0 11440.0 12260.0 12260.0 10620.0 11840.0 3680.0 2060.0 12260.0 12260.0 11840.0 11840.0 3680.0 12260.0 3280.0 13080.0 11440.0 3280.0 11440.0 13080.0 11840.0 13080.0 12260.0 12260.0 11840.0 10620.0 11440.0 12660.0
0.0 11840.0 12660.0 12260.0 11440.0 1640.0 11840.0 12260.0 11840.0 12260.0 11840.0 12260.0 13080.0 11020.0 11840.0 11840.0 13080.0 11020.0 12660.0 2060.0 11440.0 13080.0 13080.0 11840.0 0.0 12660.0 12260.0 11020.0 13880.0 1640.0 12260.0 11440.0 2060.0 12260.0 2860.0 2460.0 12260.0 11840.0 11440.0 12660.0 10620.0 2460.0 11440.0 11440.0 12260.0 13480.0 12260.0 12260.0 11440.0 13480.0 2460.0 11840.0 13080.0 9800.0 11840.0 12260.0 3680.0 11440.0 11840.0 11440.0 3280.0 11840.0 11840.0 12260.0 1640.0 11840.0 12660.0 11020.0 11840.0 12660.0 11020.0 11440.0 11840.0 12260.0 2460.0 11440.0 12660.0 11440.0 11840.0 11840.0 11840.0 12260.0 3680.0 11020.0 12260.0 12260.0 11440.0 12660.0 13480.0 11840.0 11840.0 12260.0 11840.0 11840.0 11840.0 2460.0 11840.0 820.0 11440.0 2860.0 11840.0
0.0 13080.0 12660.0 13080.0 12660.0 13080.0 12660.0 12260.0 3280.0 11840.0 13080.0 3680.0 13480.0 13080.0 12260.0 12660.0 13080.0 11440.0 11440.0 12660.0 12260.0 11440.0 11440.0 3680.0 14300.0 0.0 3280.0 13480.0 12660.0 12260.0 11840.0 11840.0 12260.0 11440.0 13480.0 12260.0 1640.0 12260.0 12260.0 13080.0 12260.0 12260.0 12260.0 12260.0 12260.0 4500.0 3680.0 12260.0 12660.0 12260.0 11020.0 3680.0 12260.0 11440.0 12260.0 12260.0 13080.0 12260.0 12660.0 12660.0 12260.0 12260.0 11840.0 13480.0 12660.0 12260.0 11020.0 13080.0 12260.0 3280.0 12260.0 12260.0 12260.0 3680.0 12660.0 12260.0 11840.0 12260.0 12260.0 2860.0 820.0 12260.0 12660.0 11840.0 12660.0 4500.0 12260.0 3680.0 13480.0 11840.0 2860.0 12260.0 12260.0 12660.0 12660.0 11840.0 12260.0 11840.0 12660.0 12260.0 11020.0
0.0 13080.0 11840.0 12660.0 12660.0 12660.0 12260.0 11440.0 3280.0 11840.0 12260.0 2460.0 12660.0 13080.0 12660.0 12260.0 11840.0 12260.0 11440.0 11840.0 12260.0 13080.0 11840.0 3280.0 13880.0 3280.0 0.0 13080.0 13480.0 11840.0 10620.0 11840.0 12260.0 11840.0 12660.0 11440.0 2860.0 11840.0 11440.0 13480.0 12260.0 12260.0 12660.0 12260.0 12660.0 3680.0 3680.0 12260.0 12260.0 12660.0 11440.0 2860.0 12260.0 12260.0 13480.0 12260.0 12260.0 11840.0 12260.0 11840.0 11020.0 12260.0 11840.0 13080.0 11840.0 11840.0 13080.0 11840.0 11840.0 2860.0 12260.0 11840.0 12660.0 2060.0 12260.0 12260.0 12260.0 12260.0 12260.0 3280.0 2860.0 12260.0 11440.0 12660.0 12660.0 4100.0 12260.0 2060.0 11440.0 11440.0 4500.0 10220.0 12260.0 12260.0 13080.0 11440.0 11020.0 11840.0 12260.0 12260.0 12660.0
0.0 12660.0 3280.0 12260.0 12260.0 12260.0 11840.0 12260.0 13080.0 12260.0 2460.0 12660.0 3280.0 12260.0 12260.0 11840.0 12260.0 11440.0 13080.0 12260.0 11440.0 12660.0 13080.0 12260.0 13080.0 12660.0 11840.0 0.0 13880.0 11020.0 12260.0 12260.0 12260.0 12260.0 13480.0 11840.0 11020.0 11440.0 2860.0 12260.0 12260.0 11840.0 12260.0 11020.0 12260.0 13480.0 12660.0 10620.0 11440.0 3680.0 11440.0 11440.0 13480.0 2460.0 12660.0 2860.0 13080.0 11440.0 2460.0 12660.0 12260.0 2860.0 12260.0 12260.0 12260.0 2060.0 11020.0 12260.0 11440.0 12660.0 11440.0 11020.0 10220.0 11440.0 11840.0 11840.0 12260.0 11840.0 2460.0 13080.0 11440.0 11020.0 11440.0 11840.0 12260.0 12660.0 11020.0 12660.0 13480.0 11840.0 12660.0 11440.0 11840.0 2460.0 1240.0 11440.0 2860.0 12260.0 2060.0 11840.0 2060.0
0.0 13080.0 11840.0 9800.0 11020.0 11440.0 11840.0 2460.0 12260.0 10220.0 11440.0 12260.0 12260.0 2060.0 1240.0 11440.0 2860.0 10220.0 11440.0 11020.0 11840.0 11840.0 11840.0 11440.0 12660.0 11840.0 11020.0 11840.0 0.0 11840.0 11440.0 2060.0 10620.0 2060.0 11840.0 11020.0 11440.0 2460.0 11440.0 12260.0 11840.0 12260.0 11020.0 1240.0 12260.0 11440.0 11440.0 11840.0 2460.0 12260.0 11840.0 12260.0 3680.0 11020.0 12260.0 11840.0 11440.0 2460.0 12260.0 12260.0 11440.0 10620.0 1240.0 12260.0 11840.0 11840.0 11440.0 1640.0 11440.0 11020.0 11440.0 10620.0 2860.0 11020.0 12260.0 10620.0 10220.0 11440.0 11440.0 12260.0 11020.0 12260.0 11840.0 1240.0 2460.0 12660.0 10620.0 11440.0 12260.0 11840.0 12260.0 10220.0 11440.0 12260.0 12260.0 11440.0 11440.0 11840.0 12260.0 11440.0 11020.0
0.0 12660.0 11840.0 11440.0 11440.0 2860.0 10620.0 11020.0 12260.0 11440.0 11020.0 11020.0 12660.0 11440.0 11440.0 10620.0 12260.0 9800.0 11440.0 2460.0 10220.0 12260.0 12260.0 11440.0 3280.0 11440.0 11440.0 11440.0 12660.0 0.0 11840.0 11020.0 3280.0 10620.0 2860.0 1240.0 11020.0 11020.0 10620.0 11840.0 11440.0 2060.0 10620.0 11840.0 11440.0 12660.0 11020.0 12260.0 9800.0 12660.0 1640.0 11020.0 12660.0 11440.0 11840.0 10620.0 2460.0 10620.0 10620.0 11840.0 2460.0 11840.0 11020.0 10620.0 2460.0 11020.0 11440.0 11020.0 10620.0 11440.0 11020.0 11440.0 11840.0 11440.0 2060.0 10220.0 11440.0 11440.0 11020.0 12260.0 11440.0 12260.0 2860.0 10220.0 11440.0 11840.0 10620.0 12260.0 12660.0 11020.0 11840.0 11840.0 10620.0 10620.0 11840.0 1240.0 11840.0 2060.0 11020.0 1640.0 10620.0
0.0 13480.0 11440.0 12260.0 11840.0 12260.0 2060.0 10220.0 13080.0 2460.0 11020.0 13480.0 12260.0 12260.0 11840.0 12660.0 12660.0 12260.0 1240.0 12260.0 12260.0 3680.0 4100.0 11840.0 13080.0 13480.0 11020.0 12260.0 13080.0 12660.0 0.0 11020.0 11440.0 12660.0 12260.0 11020.0 11440.0 11440.0 12660.0 13080.0 11020.0 12260.0 13080.0 12260.0 2460.0 13480.0 12260.0 11440.0 12260.0 13480.0 12260.0 12260.0 13480.0 11020.0 3280.0 12660.0 11020.0 12260.0 12260.0 3680.0 12660.0 11840.0 10620.0 11840.0 12260.0 12260.0 11840.0 12260.0 2060.0 11020.0 11840.0 2460.0 11840.0 11020.0 11840.0 12260.0 2860.0 2460.0 11840.0 13080.0 11840.0 3280.0 13080.0 12660.0 11840.0 12660.0 2460.0 12660.0 13480.0 2060.0 12660.0 11840.0 2860.0 12660.0 11840.0 11020.0 12660.0 13080.0 12260.0 12260.0 11840.0
0.0 13080.0 11840.0 11840.0 11440.0 11840.0 11840.0 2060.0 12260.0 11840.0 11020.0 11840.0 11020.0 2860.0 2060.0 11440.0 3280.0 11020.0 11840.0 11440.0 11840.0 12260.0 12260.0 11840.0 12660.0 12260.0 11440.0 12260.0 3280.0 12260.0 11840.0 0.0 12660.0 2460.0 11840.0 11440.0 10220.0 2460.0 11440.0 11840.0 12260.0 11440.0 11840.0 1640.0 11840.0 12660.0 11440.0 11840.0 2060.0 13080.0 11840.0 11020.0 3680.0 10220.0 12260.0 11020.0 12260.0 2060.0 11440.0 12660.0 11840.0 10620.0 420.0 12260.0 12260.0 11440.0 11020.0 2460.0 9800.0 11840.0 11020.0 11020.0 2460.0 11840.0 11440.0 11440.0 10620.0 11440.0 11440.0 12660.0 11020.0 12260.0 12260.0 2060.0 1240.0 12660.0 10620.0 12260.0 13080.0 11440.0 12260.0 11020.0 11020.0 11440.0 11440.0 9800.0 11840.0 11840.0 11020.0 11440.0 10620.0
0.0 11840.0 11440.0 12260.0 9800.0 3280.0 12260.0 12260.0 11440.0 12260.0 11840.0 12260.0 13480.0 12660.0 10220.0 11020.0 12260.0 12260.0 12260.0 1640.0 12260.0 11440.0 12260.0 10220.0 3680.0 12260.0 11840.0 10620.0 13080.0 2460.0 12260.0 11840.0 0.0 11840.0 1240.0 1640.0 11440.0 11840.0 11440.0 12660.0 11440.0 2860.0 12260.0 12260.0 12660.0 13480.0 12660.0 11440.0 11840.0 13480.0 2860.0 12260.0 13480.0 11440.0 12660.0 11440.0 2860.0 11840.0 11840.0 11440.0 2460.0 10620.0 11840.0 11440.0 2860.0 11840.0 11440.0 12660.0 12260.0 11840.0 11440.0 12260.0 11440.0 12260.0 2860.0 12260.0 12260.0 11440.0 11840.0 13080.0 10620.0 12260.0 2460.0 11840.0 12260.0 12260.0 12260.0 11020.0 13080.0 11020.0 12260.0 11020.0 12660.0 11840.0 11440.0 2860.0 11840.0 3280.0 11440.0 2060.0 12260.0
0.0 13480.0 11840.0 11840.0 11840.0 12260.0 12260.0 2060.0 12260.0 12260.0 11440.0 12260.0 11440.0 3280.0 2460.0 11020.0 3280.0 11440.0 12260.0 11440.0 12260.0 12260.0 12260.0 12260.0 13080.0 10220.0 11440.0 12260.0 3680.0 12260.0 12260.0 420.0 13080.0 0.0 11840.0 11840.0 10620.0 2860.0 11440.0 12260.0 12660.0 11440.0 11840.0 2060.0 12260.0 13080.0 11840.0 12260.0 2460.0 13080.0 11840.0 11440.0 2860.0 10220.0 12660.0 11440.0 12260.0 2460.0 11020.0 13080.0 11440.0 11020.0 820.0 12260.0 11020.0 11840.0 11440.0 2860.0 10220.0 12260.0 11440.0 11440.0 2860.0 11840.0 11440.0 11840.0 11020.0 11440.0 11440.0 12660.0 11020.0 11840.0 11840.0 2460.0 1640.0 12260.0 10620.0 11840.0 12660.0 11840.0 12260.0 10620.0 11020.0 11020.0 11840.0 10220.0 11440.0 12260.0 11440.0 11840.0 11020.0
0.0 13080.0 11440.0 11840.0 12260.0 2860.0 11020.0 11840.0 12260.0 11440.0 10620.0 11840.0 12260.0 12260.0 12260.0 9800.0 11440.0 11840.0 12260.0 2060.0 12260.0 12260.0 11440.0 11840.0 3280.0 12260.0 11020.0 12260.0 13080.0 2060.0 11020.0 10620.0 3680.0 11440.0 0.0 1240.0 11440.0 11440.0 11020.0 11840.0 11840.0 2460.0 12660.0 12260.0 11840.0 13080.0 12660.0 11440.0 11840.0 12260.0 2460.0 11840.0 13080.0 11440.0 12260.0 12260.0 1640.0 11440.0 12260.0 12260.0 1640.0 11020.0 10620.0 12660.0 3280.0 11440.0 11840.0 11840.0 11020.0 10620.0 11440.0 12260.0 11440.0 11020.0 2460.0 11840.0 11840.0 10620.0 11440.0 12260.0 11440.0 11840.0 2060.0 11440.0 11440.0 11020.0 11440.0 11020.0 11840.0 11440.0 12260.0 9800.0 11840.0 12260.0 11440.0 1640.0 10620.0 2860.0 11840.0 2060.0 11840.0
0.0 13480.0 12260.0 13480.0 11840.0 4100.0 12660.0 13880.0 13480.0 12260.0 13480.0 13480.0 14300.0 13080.0 12260.0 12660.0 13080.0 12260.0 13880.0 4100.0 12260.0 11840.0 13080.0 12260.0 4900.0 13880.0 12660.0 11440.0 13080.0 3680.0 13080.0 13080.0 4100.0 13080.0 4900.0 0.0 12660.0 11840.0 12660.0 13880.0 12660.0 4100.0 13080.0 13080.0 12260.0 13880.0 13480.0 12260.0 13480.0 14300.0 2460.0 13480.0 13880.0 11840.0 12660.0 13880.0 4100.0 11840.0 12660.0 13480.0 3280.0 12660.0 13080.0 13480.0 3680.0 11840.0 12660.0 13080.0 13080.0 13080.0 13080.0 13080.0 12260.0 12660.0 2460.0 12660.0 12660.0 12660.0 13080.0 14300.0 11840.0 12260.0 3680.0 12660.0 12660.0 13880.0 13080.0 12660.0 13480.0 12260.0 12660.0 11440.0 13480.0 12660.0 12260.0 3280.0 12260.0 3280.0 13080.0 3680.0 11840.0
0.0 12660.0 11840.0 12660.0 12660.0 12660.0 11840.0 10620.0 3680.0 12260.0 11440.0 4100.0 12660.0 12660.0 11440.0 11840.0 13080.0 12260.0 12660.0 11840.0 12260.0 13080.0 13080.0 2860.0 13880.0 3680.0 2460.0 13080.0 13480.0 11440.0 12260.0 11440.0 13480.0 12660.0 13480.0 11440.0 0.0 13080.0 12660.0 12660.0 12660.0 12260.0 12660.0 11440.0 11840.0 2860.0 3680.0 12260.0 11840.0 13480.0 13080.0 3280.0 13080.0 11440.0 11840.0 11840.0 11440.0 13080.0 11840.0 13480.0 12660.0 11440.0 11020.0 12660.0 13080.0 13080.0 12260.0 12660.0 11440.0 2060.0 12260.0 11440.0 12260.0 2060.0 12260.0 12260.0 12260.0 12260.0 12260.0 4100.0 2460.0 13080.0 13080.0 12260.0 12260.0 3680.0 12260.0 3280.0 13480.0 11020.0 2460.0 11840.0 12260.0 11840.0 11020.0 11440.0 12660.0 13480.0 12660.0 11440.0 12260.0
0.0 12660.0 11440.0 11440.0 11440.0 11440.0 11020.0 2860.0 11440.0 12260.0 11440.0 13080.0 12260.0 1240.0 1640.0 10620.0 2060.0 11840.0 12260.0 11440.0 12260.0 12660.0 12260.0 11840.0 12660.0 13080.0 11440.0 10620.0 3680.0 11840.0 11840.0 1240.0 12260.0 3280.0 12660.0 11020.0 11440.0 0.0 12260.0 12260.0 12260.0 11440.0 11840.0 2860.0 11840.0 12660.0 12260.0 11840.0 2460.0 13080.0 11840.0 11440.0 3680.0 10620.0 12660.0 12260.0 11020.0 2460.0 10620.0 11020.0 12260.0 11440.0 1640.0 11440.0 10620.0 11840.0 12260.0 1240.0 11020.0 10620.0 11440.0 11840.0 2060.0 11440.0 11440.0 12260.0 11840.0 11020.0 11020.0 12260.0 11440.0 11840.0 12260.0 1640.0 820.0 11840.0 11020.0 11840.0 13480.0 9800.0 12660.0 11840.0 12260.0 10620.0 11440.0 11020.0 12260.0 11440.0 11440.0 10620.0 11440.0
0.0 12260.0 1640.0 11020.0 10620.0 11840.0 11020.0 11440.0 11840.0 10620.0 2060.0 10220.0 3280.0 11020.0 11020.0 10620.0 11840.0 11020.0 11440.0 11020.0 10620.0 11440.0 11440.0 11020.0 11840.0 11840.0 11020.0 2060.0 12260.0 12260.0 11020.0 11020.0 12260.0 11020.0 12260.0 10620.0 10220.0 9800.0 0.0 12660.0 10620.0 10220.0 11440.0 11440.0 10620.0 11840.0 11840.0 12260.0 11440.0 2860.0 9800.0 10220.0 12260.0 1640.0 12260.0 1240.0 11440.0 9800.0 1240.0 11440.0 10620.0 1640.0 11020.0 11840.0 11020.0 420.0 11440.0 11020.0 11020.0 11020.0 11440.0 11440.0 11840.0 11440.0 10220.0 10620.0 11440.0 10620.0 1240.0 11840.0 10620.0 11440.0 11020.0 11440.0 10620.0 11440.0 11440.0 11840.0 11840.0 10220.0 11840.0 11020.0 11840.0 1240.0 2460.0 11020.0 1240.0 10620.0 820.0 11020.0 2460.0
0.0 2860.0 12260.0 2460.0 2860.0 9800.0 11440.0 11440.0 12260.0 11020.0 11840.0 11840.0 12260.0 11440.0 11840.0 2060.0 11840.0 1640.0 11840.0 11020.0 1640.0 12260.0 11440.0 12260.0 12260.0 11840.0 11020.0 11440.0 13080.0 10220.0 10620.0 10620.0 12660.0 11440.0 12660.0 10220.0 11440.0 10220.0 11440.0 0.0 1640.0 11840.0 2060.0 10220.0 12260.0 12260.0 11440.0 3280.0 10620.0 12260.0 10220.0 11840.0 11440.0 11020.0 11440.0 11440.0 11840.0 10220.0 11440.0 11840.0 11020.0 10620.0 10620.0 2460.0 11440.0 10220.0 2060.0 9800.0 11020.0 11440.0 2460.0 10220.0 12260.0 11020.0 11440.0 1640.0 11440.0 10220.0 11440.0 12260.0 11020.0 12260.0 11440.0 11020.0 11020.0 12660.0 11440.0 11840.0 2860.0 10620.0 11840.0 1640.0 11020.0 11440.0 9800.0 11020.0 11020.0 11020.0 11840.0 11020.0 10620.0
0.0 2860.0 11440.0 2860.0 2460.0 12260.0 12260.0 12260.0 13880.0 13080.0 12660.0 13080.0 13880.0 13080.0 12260.0 2460.0 12260.0 3280.0 12260.0 12260.0 2460.0 12260.0 13080.0 11440.0 11440.0 13080.0 12260.0 13080.0 13480.0 13080.0 11440.0 12260.0 12660.0 12260.0 13080.0 11440.0 11840.0 12260.0 12260.0 2860.0 0.0 11440.0 4100.0 12660.0 11440.0 12660.0 12260.0 3680.0 11840.0 12660.0 12260.0 11440.0 12260.0 11840.0 11440.0 12660.0 13080.0 12260.0 11840.0 13480.0 12260.0 11840.0 12260.0 3280.0 10620.0 12260.0 2860.0 12260.0 12260.0 12660.0 2060.0 12660.0 12660.0 12660.0 11020.0 2460.0 12660.0 11440.0 11440.0 12660.0 11020.0 11840.0 12660.0 12660.0 12260.0 12660.0 12660.0 12660.0 4100.0 12260.0 11020.0 2060.0 12260.0 11840.0 12260.0 12260.0 12260.0 12260.0 11440.0 12260.0 11840.0
0.0 11840.0 11840.0 10220.0 11840.0 2060.0 11840.0 11020.0 12260.0 11440.0 11840.0 12260.0 11840.0 11440.0 10620.0 12260.0 11440.0 11840.0 11020.0 1240.0 11840.0 11440.0 11840.0 11840.0 2460.0 12260.0 11440.0 11440.0 13080.0 2460.0 10220.0 10220.0 2060.0 11840.0 3280.0 420.0 11020.0 11440.0 11440.0 11840.0 11440.0 0.0 12260.0 11440.0 11440.0 11440.0 12260.0 11840.0 11440.0 11440.0 2060.0 11840.0 11440.0 10620.0 11440.0 11840.0 2460.0 11440.0 12260.0 12260.0 2060.0 9800.0 10220.0 12260.0 2460.0 11440.0 11020.0 11020.0 10620.0 11440.0 11840.0 10620.0 11840.0 11440.0 2460.0 11840.0 11440.0 9800.0 9800.0 11020.0 10620.0 11840.0 1640.0 10620.0 11440.0 12660.0 11020.0 11440.0 12260.0 11440.0 11020.0 10220.0 11440.0 12260.0 12260.0 1240.0 11440.0 2860.0 11840.0 1240.0 11440.0
0.0 4100.0 11440.0 3280.0 3280.0 12260.0 11020.0 12260.0 12260.0 12260.0 11840.0 12660.0 11840.0 11440.0 11840.0 2860.0 11440.0 2460.0 12260.0 11840.0 2860.0 11440.0 12260.0 11840.0 12660.0 12260.0 11020.0 11440.0 12260.0 11840.0 11440.0 10620.0 12660.0 11440.0 11840.0 11020.0 11440.0 12260.0 12260.0 3280.0 3680.0 11840.0 0.0 11840.0 11840.0 11440.0 10220.0 2060.0 12260.0 13880.0 12260.0 12260.0 13480.0 11020.0 12660.0 11840.0 11020.0 12260.0 12260.0 11840.0 12260.0 11840.0 10620.0 3280.0 11440.0 12260.0 2060.0 11840.0 11020.0 10620.0 2460.0 10220.0 11020.0 12660.0 11440.0 2860.0 11840.0 11840.0 11840.0 13480.0 10620.0 11840.0 11020.0 11020.0 11840.0 12660.0 11020.0 12660.0 3680.0 11840.0 12260.0 2460.0 11440.0 12260.0 11440.0 11020.0 12260.0 12660.0 12260.0 10620.0 11440.0
0.0 12660.0 12260.0 11440.0 12260.0 12660.0 12260.0 2860.0 11440.0 12260.0 11840.0 12260.0 11440.0 1240.0 2460.0 11840.0 3280.0 11840.0 12260.0 11440.0 12260.0 12660.0 12260.0 12260.0 12660.0 13080.0 10220.0 11020.0 3280.0 11840.0 11440.0 2460.0 12260.0 3280.0 13080.0 10220.0 11840.0 2460.0 11440.0 12260.0 12660.0 11840.0 11840.0 0.0 12260.0 12660.0 12260.0 11840.0 2860.0 11440.0 11840.0 11440.0 3280.0 10620.0 12660.0 12660.0 12260.0 2460.0 11840.0 11440.0 11440.0 12260.0 2460.0 13080.0 11020.0 11840.0 12260.0 2860.0 11840.0 12260.0 11840.0 9800.0 2060.0 10220.0 11840.0 12260.0 12260.0 11840.0 11020.0 11440.0 11840.0 11840.0 11840.0 1640.0 2460.0 13080.0 11020.0 12260.0 12260.0 11020.0 12660.0 11020.0 12660.0 11840.0 11840.0 11440.0 11440.0 12660.0 11440.0 10620.0 11440.0
0.0 12660.0 9800.0 11840.0 11440.0 11020.0 1640.0 11840.0 13080.0 2460.0 12260.0 11440.0 13080.0 12260.0 10620.0 11440.0 10620.0 11440.0 2860.0 11440.0 10220.0 1640.0 2860.0 10620.0 11840.0 11840.0 11440.0 11840.0 12260.0 12260.0 1640.0 11440.0 11440.0 11020.0 12660.0 10620.0 10620.0 11440.0 10620.0 11840.0 11840.0 11440.0 11840.0 11840.0 0.0 13080.0 12260.0 11840.0 11440.0 12260.0 11440.0 11440.0 12260.0 11020.0 2460.0 11840.0 12660.0 11020.0 11440.0 3280.0 11840.0 10620.0 11440.0 11020.0 12260.0 11020.0 10620.0 11020.0 1640.0 12260.0 12260.0 2860.0 11440.0 11840.0 9800.0 10620.0 2460.0 1240.0 11440.0 12260.0 9800.0 1640.0 11840.0 11440.0 11020.0 12260.0 2060.0 11440.0 12660.0 2060.0 11840.0 10620.0 2460.0 11440.0 11440.0 10620.0 11840.0 11840.0 11440.0 11440.0 11840.0
0.0 12260.0 11440.0 11440.0 11840.0 11440.0 11440.0 10220.0 3280.0 11840.0 11020.0 1240.0 12260.0 11840.0 11840.0 11020.0 12260.0 11840.0 11020.0 11840.0 11840.0 11440.0 12260.0 2860.0 12660.0 3680.0 2060.0 11440.0 12260.0 11840.0 11440.0 11020.0 11840.0 12260.0 11840.0 11020.0 2060.0 11440.0 11020.0 12260.0 11440.0 10620.0 11840.0 11840.0 11440.0 0.0 2860.0 11840.0 10220.0 12660.0 11440.0 2060.0 12660.0 11020.0 11440.0 10220.0 11020.0 11020.0 11020.0 12260.0 12260.0 11440.0 10620.0 11020.0 11020.0 11440.0 11840.0 10620.0 11440.0 1640.0 11840.0 11440.0 11840.0 1640.0 11840.0 11840.0 11840.0 11020.0 11020.0 2860.0 2460.0 12260.0 12260.0 10620.0 11840.0 2860.0 11020.0 3280.0 13080.0 11440.0 2060.0 11440.0 9800.0 11020.0 11840.0 11020.0 12260.0 11840.0 11440.0 10620.0 11440.0
0.0 13080.0 10620.0 11840.0 12260.0 12260.0 10620.0 11840.0 3280.0 12260.0 11840.0 3280.0 11840.0 11440.0 11440.0 11840.0 12260.0 11440.0 12660.0 11440.0 11440.0 11020.0 13080.0 2060.0 13480.0 3680.0 2060.0 11840.0 13080.0 12660.0 11840.0 10220.0 12660.0 12260.0 12260.0 10620.0 1640.0 12260.0 11840.0 12260.0 13080.0 11440.0 12260.0 11440.0 11020.0 3680.0 0.0 11440.0 11440.0 13480.0 12260.0 2460.0 13080.0 10620.0 12260.0 11840.0 10620.0 12260.0 11840.0 12260.0 12660.0 11440.0 10220.0 11840.0 11840.0 12260.0 11840.0 12260.0 10620.0 820.0 11020.0 10620.0 11440.0 2860.0 11020.0 11840.0 11440.0 11440.0 11440.0 3280.0 1640.0 11840.0 12660.0 11840.0 11440.0 2860.0 11020.0 2860.0 13480.0 12260.0 2860.0 11440.0 11440.0 11840.0 11840.0 10620.0 12260.0 12660.0 11840.0 12260.0 11440.0
0.0 3280.0 11440.0 2060.0 2060.0 12260.0 11440.0 11440.0 12660.0 11440.0 11840.0 12660.0 13080.0 11840.0 11440.0 1640.0 12260.0 2460.0 12260.0 11440.0 2060.0 11840.0 11840.0 11440.0 12260.0 11840.0 11440.0 11840.0 13080.0 12260.0 11440.0 11440.0 12260.0 11840.0 12660.0 11020.0 10220.0 10620.0 11840.0 3680.0 2060.0 10620.0 3280.0 11840.0 11440.0 12660.0 12660.0 0.0 12260.0 12660.0 10620.0 10620.0 12660.0 11840.0 12260.0 12260.0 12260.0 10620.0 11020.0 12260.0 11440.0 11440.0 11440.0 3280.0 11840.0 10620.0 820.0 11840.0 11840.0 11840.0 2860.0 11840.0 11440.0 11840.0 10620.0 2060.0 11840.0 10620.0 11020.0 12260.0 11020.0 11840.0 11840.0 11840.0 11440.0 12260.0 12260.0 12260.0 3280.0 11020.0 12260.0 2060.0 12260.0 11020.0 11440.0 11440.0 11440.0 11440.0 10620.0 11440.0 12660.0
0.0 12260.0 11440.0 11020.0 11440.0 11440.0 11440.0 1240.0 11840.0 11020.0 11020.0 11020.0 12660.0 2060.0 2060.0 10220.0 2860.0 11440.0 11440.0 11440.0 11020.0 12260.0 11840.0 11440.0 12660.0 12660.0 11440.0 11020.0 2860.0 11840.0 11840.0 2060.0 12260.0 2460.0 11840.0 11020.0 10620.0 1240.0 10220.0 12260.0 11440.0 11020.0 11840.0 2060.0 11440.0 12260.0 12260.0 11840.0 0.0 12260.0 10620.0 10620.0 2860.0 11440.0 11840.0 10620.0 11440.0 1240.0 10220.0 11840.0 11440.0 11440.0 1640.0 10620.0 11440.0 10620.0 11440.0 1640.0 11440.0 11020.0 11440.0 11440.0 2060.0 11440.0 11020.0 11440.0 11440.0 11020.0 10620.0 11840.0 11020.0 12260.0 11840.0 1640.0 2060.0 11440.0 11440.0 12260.0 12260.0 11020.0 11440.0 11440.0 10220.0 10220.0 11840.0 11440.0 11440.0 11020.0 11020.0 10620.0 11840.0
0.0 10620.0 1640.0 11840.0 10620.0 12260.0 11440.0 11020.0 11840.0 11020.0 2460.0 11440.0 3280.0 11840.0 9800.0 11020.0 11440.0 11020.0 11840.0 10220.0 11440.0 11020.0 11020.0 11020.0 12660.0 11840.0 11440.0 2060.0 11840.0 10620.0 11440.0 11020.0 10220.0 11020.0 11440.0 10220.0 10620.0 11020.0 1640.0 12260.0 11840.0 11440.0 10620.0 10620.0 11840.0 12660.0 11440.0 10220.0 10220.0 0.0 11020.0 11020.0 12660.0 1640.0 11840.0 1640.0 11440.0 11020.0 1640.0 10220.0 10620.0 1240.0 11020.0 11020.0 11440.0 1640.0 10620.0 11440.0 11020.0 11020.0 10620.0 10620.0 9800.0 11020.0 11440.0 11440.0 11840.0 11020.0 2060.0 9800.0 9800.0 11020.0 11020.0 11440.0 11440.0 11440.0 11440.0 10620.0 11440.0 11020.0 11840.0 10620.0 10620.0 1640.0 820.0 11020.0 1240.0 11440.0 2060.0 11440.0 2460.0
0.0 11440.0 12660.0 11840.0 12660.0 2860.0 12660.0 12260.0 13480.0 12260.0 12260.0 12260.0 12260.0 12660.0 12660.0 12260.0 13080.0 12260.0 12660.0 3280.0 12260.0 13080.0 13080.0 12660.0 3680.0 13480.0 12260.0 12660.0 13880.0 4100.0 12660.0 10620.0 3680.0 13080.0 3680.0 2860.0 11440.0 11840.0 11440.0 13080.0 12660.0 2860.0 13080.0 11440.0 12260.0 13080.0 12660.0 13080.0 12260.0 13480.0 0.0 11840.0 13080.0 11440.0 11840.0 12260.0 4100.0 11440.0 12260.0 13080.0 3280.0 11840.0 10620.0 13480.0 2860.0 11840.0 12260.0 11440.0 11020.0 13080.0 11020.0 11440.0 13080.0 12260.0 2460.0 12660.0 11840.0 11840.0 11440.0 12660.0 11840.0 12260.0 3680.0 12260.0 11840.0 13480.0 11440.0 13480.0 13480.0 12260.0 13080.0 12260.0 12260.0 12260.0 12660.0 1640.0 12660.0 820.0 12260.0 2860.0 11840.0
0.0 12260.0 10620.0 10220.0 10220.0 11440.0 11020.0 11440.0 2860.0 11020.0 10620.0 2060.0 12260.0 11440.0 10220.0 9800.0 11020.0 11020.0 11020.0 10220.0 10620.0 11020.0 11020.0 1240.0 11440.0 2460.0 1240.0 11840.0 11840.0 11440.0 10620.0 10620.0 11440.0 11020.0 11840.0 9800.0 1240.0 10620.0 11020.0 11840.0 11440.0 9800.0 11440.0 11020.0 10220.0 2060.0 2860.0 11840.0 11440.0 11840.0 10620.0 0.0 11440.0 11020.0 11440.0 11840.0 12260.0 10620.0 9800.0 12260.0 10620.0 10220.0 10620.0 11840.0 11440.0 10620.0 10620.0 11020.0 11020.0 2460.0 11440.0 10620.0 11440.0 2060.0 9800.0 10620.0 10620.0 9800.0 9800.0 2060.0 420.0 11020.0 11020.0 11020.0 11020.0 1640.0 11440.0 2060.0 11440.0 11020.0 2060.0 10620.0 11440.0 9800.0 11440.0 10620.0 10620.0 11020.0 9800.0 10620.0 11440.0
0.0 13080.0 11020.0 11440.0 11440.0 12260.0 11020.0 2860.0 13080.0 12260.0 11440.0 11840.0 12260.0 2860.0 2060.0 10620.0 3280.0 11840.0 12260.0 12260.0 12260.0 11840.0 12260.0 11840.0 12260.0 12660.0 12260.0 12260.0 3280.0 11840.0 11840.0 1240.0 11440.0 2460.0 12260.0 10620.0 11020.0 1640.0 11840.0 12260.0 12260.0 11440.0 12260.0 2860.0 11440.0 12660.0 10620.0 12660.0 2060.0 13080.0 12260.0 12260.0 0.0 11020.0 12660.0 12260.0 11020.0 2860.0 10620.0 12660.0 12660.0 11840.0 1240.0 11440.0 12260.0 12260.0 11440.0 2460.0 11020.0 10620.0 11440.0 11440.0 2860.0 12660.0 11440.0 11840.0 11840.0 11440.0 11020.0 12260.0 10620.0 12260.0 12660.0 1240.0 2460.0 11840.0 11020.0 12260.0 11440.0 9800.0 12260.0 11840.0 11840.0 10620.0 12260.0 10620.0 12660.0 12660.0 12260.0 10220.0 11440.0
0.0 13480.0 2860.0 13480.0 13480.0 12660.0 11440.0 13480.0 12660.0 12260.0 2060.0 13080.0 4900.0 13880.0 12660.0 12660.0 13080.0 11840.0 12260.0 13080.0 12660.0 13480.0 14300.0 12660.0 14300.0 13880.0 12260.0 4500.0 14300.0 13080.0 13080.0 13480.0 13080.0 13080.0 13880.0 11840.0 12260.0 13080.0 3280.0 13480.0 12660.0 13080.0 12260.0 12660.0 12660.0 14300.0 13080.0 12260.0 13480.0 4500.0 12660.0 13080.0 13880.0 0.0 13080.0 4100.0 13480.0 12660.0 4100.0 14300.0 13480.0 3280.0 13480.0 13480.0 13880.0 3680.0 13080.0 11840.0 12260.0 13480.0 13080.0 13080.0 12260.0 12260.0 12260.0 12660.0 13080.0 12260.0 3680.0 13880.0 12260.0 13080.0 13080.0 12260.0 12260.0 13080.0 12260.0 13480.0 13880.0 12660.0 12660.0 12660.0 13080.0 4100.0 2860.0 11840.0 2060.0 11840.0 3680.0 12260.0 3280.0
0.0 10220.0 11840.0 11840.0 11840.0 12260.0 2860.0 11020.0 13080.0 2060.0 11020.0 11440.0 13080.0 11840.0 11440.0 11440.0 12660.0 11440.0 2060.0 11840.0 11440.0 2860.0 2860.0 11840.0 13080.0 11840.0 11440.0 12260.0 13080.0 12260.0 1240.0 11440.0 11840.0 11440.0 12660.0 11440.0 11020.0 11020.0 10620.0 12260.0 11840.0 11440.0 11840.0 11440.0 2460.0 12660.0 12660.0 11440.0 11840.0 11020.0 11020.0 11020.0 13080.0 11840.0 0.0 11840.0 11840.0 11020.0 11440.0 2460.0 11440.0 11020.0 11440.0 12660.0 12260.0 11020.0 11840.0 12260.0 2460.0 11440.0 12260.0 2060.0 11440.0 11840.0 11440.0 11840.0 2060.0 2060.0 11440.0 11020.0 11020.0 2860.0 11840.0 11440.0 11840.0 12260.0 2460.0 11440.0 12660.0 2060.0 12660.0 10620.0 2860.0 11440.0 11440.0 11840.0 11440.0 11440.0 11440.0 11840.0 10220.0
0.0 11840.0 2860.0 11840.0 11840.0 11840.0 11440.0 12260.0 12660.0 11440.0 2060.0 13080.0 3680.0 12260.0 11840.0 12260.0 12660.0 11440.0 10620.0 12660.0 11440.0 12660.0 11440.0 11840.0 11840.0 12660.0 11840.0 2460.0 13880.0 11440.0 12260.0 12260.0 11440.0 11840.0 12260.0 11440.0 11440.0 11020.0 2860.0 11840.0 11020.0 12260.0 11840.0 11840.0 12260.0 13080.0 12260.0 11020.0 11440.0 3680.0 11020.0 12260.0 11840.0 2860.0 12260.0 0.0 12660.0 11020.0 2860.0 12260.0 11840.0 2860.0 12260.0 12660.0 11840.0 1640.0 11840.0 11840.0 11020.0 12260.0 11020.0 11840.0 11840.0 11440.0 12260.0 11440.0 11840.0 12260.0 2860.0 13080.0 12260.0 11440.0 12260.0 10220.0 11440.0 12660.0 10620.0 12660.0 13080.0 11440.0 12260.0 12260.0 11840.0 2860.0 2860.0 11020.0 2460.0 11440.0 2860.0 9800.0 1640.0
0.0 13080.0 11020.0 12260.0 12260.0 2860.0 9800.0 11840.0 12660.0 12260.0 11840.0 11840.0 12260.0 12660.0 11840.0 11020.0 11440.0 11440.0 12260.0 2860.0 11020.0 11440.0 12660.0 10620.0 3680.0 12260.0 11840.0 11840.0 12660.0 3280.0 12260.0 11840.0 2460.0 11440.0 2860.0 820.0 10620.0 11840.0 11440.0 12260.0 12260.0 2460.0 11840.0 11440.0 10620.0 13480.0 11840.0 12260.0 11840.0 12260.0 2460.0 11440.0 13080.0 11440.0 12260.0 11440.0 0.0 11440.0 11840.0 12660.0 2460.0 11840.0 11440.0 12260.0 2860.0 11840.0 11020.0 12260.0 10620.0 12260.0 11440.0 11440.0 11840.0 12260.0 820.0 11020.0 11440.0 11440.0 11840.0 12260.0 10220.0 11440.0 2860.0 11440.0 11440.0 11440.0 11020.0 12660.0 13080.0 11840.0 12260.0 11840.0 11440.0 11020.0 12260.0 820.0 11840.0 2860.0 11440.0 2060.0 11020.0
0.0 11840.0 11440.0 11840.0 11840.0 11440.0 10620.0 2860.0 11440.0 10220.0 11440.0 11840.0 12260.0 1240.0 1640.0 11020.0 2060.0 10620.0 12260.0 11440.0 10220.0 12260.0 11020.0 11840.0 12660.0 11440.0 11440.0 11020.0 3680.0 11840.0 11840.0 1640.0 12260.0 1640.0 11840.0 11020.0 11020.0 420.0 11440.0 12260.0 10620.0 11440.0 11440.0 2060.0 11840.0 11440.0 11840.0 11840.0 2060.0 13080.0 9800.0 11020.0 3680.0 10620.0 11840.0 11840.0 11020.0 0.0 11020.0 11440.0 10620.0 10620.0 1640.0 11840.0 11020.0 9800.0 11440.0 1640.0 10620.0 11020.0 11020.0 11440.0 2060.0 11020.0 11440.0 10620.0 11440.0 11440.0 11440.0 12660.0 11020.0 11840.0 11020.0 1640.0 1240.0 12260.0 11440.0 11840.0 11440.0 9800.0 11840.0 11020.0 11440.0 11020.0 11840.0 10620.0 10620.0 10220.0 11440.0 10620.0 11440.0
0.0 12260.0 2060.0 10220.0 11440.0 11840.0 12260.0 11020.0 12660.0 11020.0 1240.0 12660.0 2860.0 11840.0 10620.0 9800.0 12260.0 11440.0 11440.0 11440.0 11840.0 12260.0 12260.0 11440.0 11840.0 12660.0 11440.0 2860.0 11440.0 11440.0 11020.0 10620.0 11840.0 12260.0 11440.0 10220.0 11020.0 12260.0 2860.0 11440.0 11440.0 10220.0 12260.0 11020.0 11840.0 11440.0 12260.0 11440.0 11440.0 2860.0 11840.0 11840.0 11440.0 1640.0 11440.0 2860.0 11840.0 12260.0 0.0 12260.0 11440.0 1240.0 10620.0 11440.0 12260.0 2860.0 11440.0 11020.0 11020.0 11840.0 11840.0 10620.0 11020.0 11840.0 11840.0 11840.0 11840.0 10220.0 420.0 11020.0 11020.0 12260.0 11440.0 11440.0 11020.0 10620.0 11440.0 11440.0 12660.0 11440.0 11440.0 10620.0 11840.0 420.0 2060.0 10620.0 2460.0 11840.0 2860.0 11020.0 2460.0
0.0 11840.0 11020.0 12260.0 11840.0 12260.0 2060.0 11440.0 11440.0 2860.0 11440.0 12660.0 12660.0 11440.0 11840.0 11440.0 12260.0 11440.0 3680.0 9800.0 11020.0 2860.0 3280.0 11440.0 12260.0 12260.0 11840.0 11440.0 13080.0 12260.0 2460.0 11440.0 12260.0 11440.0 12260.0 9800.0 10620.0 10620.0 12260.0 12260.0 11020.0 11440.0 10220.0 11840.0 2860.0 12260.0 10620.0 12260.0 11840.0 12260.0 10620.0 11440.0 12260.0 11440.0 2060.0 11840.0 11840.0 11440.0 11440.0 0.0 11840.0 11840.0 11440.0 12260.0 11020.0 10220.0 11440.0 11440.0 1240.0 11440.0 10220.0 1640.0 11840.0 11840.0 11440.0 11020.0 2460.0 2060.0 11840.0 12260.0 11020.0 2460.0 11840.0 11440.0 11020.0 12660.0 1640.0 12660.0 12260.0 1240.0 12260.0 11840.0 2860.0 11440.0 11840.0 11020.0 11840.0 11020.0 11440.0 11020.0 11020.0
0.0 12260.0 11020.0 11440.0 11840.0 2060.0 11840.0 11020.0 11020.0 10220.0 11840.0 11020.0 12260.0 11840.0 11440.0 11440.0 10620.0 11440.0 11440.0 2060.0 11440.0 11840.0 10220.0 11440.0 3680.0 11020.0 10620.0 12260.0 12260.0 1640.0 11440.0 10620.0 2460.0 10220.0 1640.0 2060.0 10620.0 11020.0 10620.0 12260.0 11840.0 2060.0 12260.0 11440.0 11440.0 12260.0 11840.0 12260.0 11020.0 13080.0 2060.0 11440.0 12660.0 11020.0 12260.0 11020.0 2460.0 11020.0 11840.0 12660.0 0.0 10620.0 10620.0 11840.0 2460.0 11020.0 11440.0 10620.0 10620.0 11440.0 11440.0 11020.0 12260.0 10220.0 1640.0 10620.0 11440.0 11440.0 11020.0 12260.0 11020.0 10620.0 820.0 11440.0 11840.0 12660.0 11020.0 11840.0 10620.0 11020.0 12260.0 11020.0 10620.0 11840.0 12260.0 820.0 9800.0 2460.0 11440.0 1640.0 11020.0
0.0 12260.0 2060.0 11020.0 12260.0 12660.0 11840.0 11020.0 12260.0 11440.0 2460.0 11840.0 3280.0 12260.0 11840.0 11840.0 11840.0 11840.0 11840.0 10220.0 11840.0 11020.0 11440.0 11840.0 12660.0 11840.0 10620.0 2860.0 12260.0 11440.0 11840.0 11020.0 12260.0 11440.0 12260.0 10220.0 10620.0 11440.0 2060.0 13080.0 12260.0 11840.0 12660.0 12260.0 12260.0 12260.0 13080.0 12260.0 11020.0 3280.0 11440.0 11840.0 12260.0 2060.0 11440.0 2460.0 11840.0 11440.0 2460.0 12260.0 10620.0 0.0 11020.0 11440.0 11440.0 2060.0 10620.0 11840.0 11440.0 11440.0 12260.0 11440.0 11840.0 11020.0 11840.0 11840.0 11840.0 11840.0 1240.0 11840.0 10220.0 11840.0 11020.0 11840.0 12260.0 13080.0 11840.0 11020.0 11840.0 11440.0 11840.0 9800.0 11440.0 2460.0 2860.0 11440.0 1640.0 12260.0 2460.0 11840.0 2860.0
0.0 13080.0 12260.0 11840.0 12260.0 13080.0 11840.0 2860.0 13080.0 12660.0 11840.0 13080.0 13480.0 4100.0 2060.0 11440.0 3680.0 12260.0 12260.0 11440.0 13080.0 12260.0 12260.0 12260.0 13480.0 13080.0 11840.0 12260.0 4100.0 12660.0 13080.0 2460.0 12660.0 2860.0 13480.0 11440.0 11440.0 3280.0 12260.0 13480.0 12660.0 13080.0 13080.0 3680.0 13080.0 13480.0 11440.0 12660.0 2860.0 13480.0 12660.0 12660.0 3680.0 9800.0 12260.0 13080.0 12260.0 2860.0 12660.0 13480.0 11840.0 10620.0 0.0 12260.0 12660.0 12260.0 11440.0 2860.0 12260.0 11840.0 12660.0 12260.0 3280.0 12260.0 12660.0 13080.0 13080.0 12660.0 11440.0 12660.0 11020.0 13080.0 12260.0 2860.0 1240.0 12660.0 12260.0 11840.0 13080.0 12260.0 13080.0 11020.0 12660.0 12660.0 12660.0 12260.0 11840.0 11840.0 13080.0 13080.0 12660.0
0.0 3280.0 11440.0 3680.0 2860.0 12260.0 11840.0 11440.0 11440.0 12660.0 12260.0 12660.0 13480.0 12660.0 11440.0 2860.0 12260.0 2860.0 12660.0 11840.0 2060.0 11840.0 12660.0 11840.0 12660.0 12660.0 12260.0 13080.0 13480.0 12260.0 11840.0 12260.0 11840.0 12260.0 11840.0 11840.0 10220.0 12260.0 11840.0 3680.0 3680.0 12660.0 1640.0 12260.0 11440.0 13080.0 11440.0 2460.0 11840.0 11440.0 12260.0 12260.0 13480.0 11840.0 11440.0 12660.0 12260.0 12260.0 12660.0 11840.0 12260.0 12260.0 11840.0 0.0 11840.0 12260.0 1240.0 11440.0 11440.0 12260.0 1240.0 11840.0 11440.0 12260.0 10620.0 2460.0 12260.0 11840.0 12660.0 11440.0 11020.0 11840.0 12260.0 12260.0 12260.0 13080.0 11840.0 12260.0 3680.0 11840.0 12260.0 2860.0 12260.0 12660.0 11840.0 11440.0 12260.0 11840.0 12260.0 11840.0 12260.0
0.0 12660.0 11020.0 11020.0 10620.0 2860.0 11440.0 11840.0 12660.0 11840.0 11440.0 12260.0 12660.0 12260.0 11020.0 10620.0 11840.0 11440.0 11840.0 1640.0 11020.0 11440.0 11840.0 11020.0 2460.0 12260.0 11020.0 12260.0 12660.0 2860.0 11020.0 11020.0 2860.0 11440.0 2860.0 1240.0 11440.0 11440.0 11440.0 12660.0 11840.0 1240.0 12260.0 11440.0 10620.0 12260.0 12660.0 12260.0 12260.0 12260.0 2060.0 10220.0 12260.0 11440.0 12260.0 12660.0 3280.0 11020.0 10620.0 12660.0 2060.0 10620.0 11020.0 12260.0 0.0 11020.0 11440.0 11840.0 11440.0 12260.0 12260.0 11440.0 11840.0 11840.0 1240.0 11020.0 11440.0 10620.0 10620.0 11840.0 10620.0 10620.0 2460.0 11440.0 11840.0 11440.0 11840.0 11840.0 12260.0 11440.0 11840.0 11020.0 12260.0 10620.0 12260.0 2060.0 11020.0 2460.0 10220.0 2060.0 12260.0
0.0 11840.0 2060.0 11440.0 11440.0 11440.0 10620.0 11840.0 11440.0 12260.0 2060.0 12260.0 2860.0 10620.0 11020.0 11020.0 11440.0 10620.0 12660.0 11440.0 10220.0 12260.0 12260.0 11440.0 12260.0 11440.0 11440.0 1640.0 13080.0 11840.0 11840.0 10620.0 12260.0 10620.0 12660.0 10620.0 11020.0 9800.0 2060.0 12260.0 10620.0 11440.0 11440.0 11440.0 11840.0 13080.0 11840.0 11840.0 11020.0 3680.0 9800.0 11020.0 12660.0 1240.0 12260.0 2860.0 11020.0 11840.0 1640.0 11020.0 12260.0 2460.0 11020.0 11440.0 10620.0 0.0 11840.0 10620.0 10620.0 10620.0 11020.0 11440.0 11440.0 11440.0 11440.0 10220.0 11440.0 11020.0 2060.0 12260.0 11440.0 11840.0 12260.0 11020.0 10220.0 11840.0 11020.0 11840.0 13080.0 9800.0 11840.0 11840.0 11440.0 1640.0 2460.0 10620.0 2860.0 10220.0 2060.0 10620.0 2060.0
0.0 3280.0 11840.0 3280.0 2860.0 12660.0 11840.0 10620.0 13080.0 12260.0 11440.0 13080.0 13080.0 12660.0 11440.0 2860.0 12260.0 2860.0 12660.0 12260.0 2860.0 13080.0 13080.0 12260.0 13880.0 13080.0 11440.0 12660.0 13480.0 11840.0 11840.0 11440.0 11440.0 12660.0 12660.0 11440.0 9800.0 12260.0 12260.0 3680.0 3680.0 12660.0 3680.0 11440.0 12260.0 12260.0 12660.0 2060.0 11840.0 13480.0 12260.0 12260.0 13080.0 11440.0 11840.0 11840.0 11440.0 12260.0 12260.0 13480.0 12660.0 11440.0 11020.0 3680.0 13080.0 12260.0 0.0 13080.0 11840.0 11440.0 2860.0 11440.0 11020.0 11440.0 12260.0 2860.0 12660.0 12260.0 12260.0 13480.0 11840.0 11840.0 11840.0 12260.0 12260.0 13080.0 12260.0 12660.0 3680.0 11020.0 11840.0 2460.0 12660.0 12260.0 11020.0 11440.0 12660.0 11020.0 12260.0 11840.0 12260.0
0.0 12660.0 12260.0 11440.0 12260.0 10220.0 11840.0 2060.0 12660.0 11440.0 12260.0 12660.0 13080.0 2860.0 2460.0 11440.0 2460.0 11440.0 11440.0 11020.0 11440.0 11840.0 12260.0 12660.0 12260.0 12260.0 11840.0 11840.0 4100.0 12260.0 10620.0 2060.0 12260.0 2460.0 13080.0 10220.0 11440.0 1640.0 11840.0 12260.0 11840.0 12260.0 12260.0 2460.0 11840.0 12660.0 11840.0 12260.0 2460.0 11840.0 11020.0 12260.0 2860.0 11840.0 11840.0 12260.0 11840.0 1640.0 11440.0 12660.0 11440.0 10620.0 2060.0 12260.0 12260.0 11020.0 11440.0 0.0 11840.0 11440.0 12260.0 11840.0 2860.0 11840.0 11440.0 11440.0 11440.0 9800.0 11020.0 11840.0 11020.0 12260.0 11440.0 2060.0 1640.0 12660.0 11440.0 11840.0 12660.0 10620.0 11840.0 10620.0 11840.0 11440.0 12260.0 11840.0 11440.0 11440.0 12260.0 10620.0 10620.0
0.0 12660.0 11440.0 11440.0 11440.0 11440.0 2460.0 11020.0 12260.0 2060.0 10620.0 12660.0 12660.0 12260.0 11440.0 11020.0 12260.0 11440.0 2860.0 11440.0 11440.0 2860.0 2860.0 11440.0 12260.0 12260.0 11840.0 12660.0 13080.0 11840.0 2460.0 11440.0 12660.0 11440.0 12260.0 11020.0 9800.0 11840.0 11840.0 11440.0 12260.0 11020.0 12260.0 11020.0 2060.0 12660.0 12660.0 11840.0 11840.0 13080.0 11840.0 10620.0 12660.0 11840.0 2460.0 11020.0 11840.0 11440.0 11020.0 3680.0 11840.0 11440.0 11440.0 12660.0 12260.0 11440.0 10620.0 11440.0 0.0 11440.0 10620.0 2060.0 11440.0 11440.0 11020.0 11020.0 2060.0 1640.0 11020.0 12260.0 11020.0 2860.0 12260.0 11840.0 11440.0 12260.0 820.0 12260.0 12660.0 2060.0 11840.0 11440.0 2060.0 11020.0 11440.0 10620.0 11840.0 12260.0 10620.0 11440.0 10220.0
0.0 12260.0 10220.0 11440.0 11440.0 11840.0 10220.0 11440.0 2860.0 11840.0 11440.0 2860.0 11020.0 12260.0 11020.0 11440.0 11440.0 11020.0 11840.0 11440.0 11020.0 11440.0 12260.0 1240.0 12660.0 3280.0 2460.0 11840.0 12660.0 12260.0 11440.0 9800.0 12260.0 11840.0 11840.0 9800.0 820.0 11840.0 11440.0 11840.0 12260.0 10620.0 11840.0 11020.0 10620.0 3280.0 2060.0 11440.0 11020.0 12660.0 11440.0 1640.0 12660.0 10220.0 11440.0 11020.0 9800.0 11440.0 11440.0 12660.0 11840.0 10620.0 9800.0 11440.0 11840.0 11440.0 11020.0 11840.0 9800.0 0.0 10620.0 11020.0 11840.0 2460.0 10620.0 11440.0 10620.0 10620.0 11020.0 2860.0 1240.0 11440.0 11840.0 11440.0 10620.0 2060.0 10620.0 2460.0 13080.0 11440.0 2860.0 11020.0 11020.0 11440.0 11440.0 9800.0 11840.0 11840.0 11020.0 11440.0 10620.0
0.0 2060.0 12260.0 2860.0 2860.0 12260.0 13080.0 12260.0 13480.0 11840.0 11440.0 12260.0 13080.0 12660.0 12260.0 2460.0 12660.0 2060.0 12260.0 11440.0 3280.0 13080.0 13080.0 12260.0 11840.0 13080.0 12260.0 12660.0 13880.0 12660.0 11440.0 11440.0 11840.0 12660.0 12660.0 11840.0 12260.0 12260.0 11840.0 2860.0 3280.0 11840.0 2860.0 11440.0 12260.0 13480.0 12660.0 2860.0 12660.0 12260.0 12260.0 11440.0 13480.0 11840.0 10620.0 13080.0 13080.0 11840.0 11840.0 12660.0 12660.0 12260.0 11440.0 3280.0 11020.0 12260.0 3280.0 12260.0 11840.0 12660.0 0.0 11440.0 11840.0 12260.0 11840.0 3280.0 11020.0 11840.0 11840.0 12260.0 11840.0 11840.0 13080.0 11840.0 11840.0 13080.0 11840.0 12660.0 4500.0 12260.0 13480.0 2460.0 12660.0 11840.0 12260.0 11840.0 12660.0 12260.0 11440.0 12260.0 11440.0
0.0 12660.0 12260.0 12260.0 12260.0 13480.0 3680.0 12260.0 11440.0 2860.0 11840.0 12260.0 11440.0 10620.0 12260.0 11840.0 12660.0 12660.0 2860.0 11440.0 12260.0 3680.0 2860.0 12260.0 13080.0 13080.0 10220.0 11020.0 13880.0 12260.0 2060.0 12260.0 12260.0 12260.0 13080.0 11440.0 12260.0 11840.0 11440.0 13080.0 12660.0 11840.0 11840.0 12260.0 2860.0 13480.0 12260.0 11840.0 12660.0 13480.0 11840.0 11440.0 13080.0 11020.0 3680.0 12660.0 13080.0 11840.0 11840.0 2060.0 11440.0 12260.0 12260.0 13480.0 11020.0 11840.0 12260.0 12660.0 2860.0 12660.0 11440.0 0.0 11440.0 12260.0 11840.0 12660.0 3280.0 2460.0 11840.0 12660.0 11840.0 2460.0 11840.0 12260.0 12260.0 13080.0 2860.0 12260.0 12260.0 2860.0 13480.0 11020.0 3280.0 11840.0 11840.0 12260.0 11440.0 12260.0 11440.0 12660.0 12660.0
0.0 12260.0 11840.0 11440.0 11440.0 12660.0 11440.0 2460.0 12260.0 11440.0 12260.0 12260.0 12260.0 2060.0 2460.0 11440.0 3280.0 11020.0 12260.0 11840.0 11020.0 12260.0 12260.0 11840.0 12660.0 12260.0 11020.0 11840.0 3680.0 10620.0 11840.0 2460.0 11840.0 2460.0 13080.0 11020.0 10620.0 1640.0 11440.0 12660.0 11840.0 11020.0 11440.0 1240.0 11440.0 13080.0 12260.0 9800.0 1240.0 12260.0 11020.0 11020.0 3680.0 11440.0 12660.0 11440.0 12260.0 1640.0 11440.0 12260.0 11840.0 11440.0 2460.0 11840.0 11840.0 11020.0 10620.0 2860.0 11440.0 12260.0 12260.0 10620.0 0.0 11020.0 11020.0 11020.0 12260.0 11020.0 11440.0 12260.0 11440.0 10620.0 12260.0 2060.0 2460.0 12260.0 11440.0 12660.0 13080.0 11440.0 12660.0 11840.0 11440.0 11440.0 9800.0 11440.0 11840.0 11440.0 11020.0 11440.0 11840.0
0.0 12660.0 11840.0 10620.0 12260.0 12260.0 11840.0 11440.0 3680.0 11840.0 11440.0 2860.0 12660.0 12260.0 11440.0 11440.0 12260.0 12260.0 11440.0 12260.0 12260.0 13480.0 11840.0 3280.0 12260.0 3680.0 420.0 12660.0 11440.0 12260.0 11020.0 11020.0 12260.0 12260.0 12260.0 11440.0 2060.0 11440.0 11840.0 13080.0 12260.0 12260.0 12660.0 12260.0 12260.0 2860.0 3280.0 12260.0 12260.0 12660.0 11440.0 2860.0 11840.0 11440.0 11840.0 12660.0 11440.0 12260.0 11440.0 12260.0 11440.0 12260.0 11020.0 12260.0 12260.0 11440.0 12660.0 11440.0 11440.0 2060.0 12260.0 11020.0 11840.0 0.0 12260.0 12260.0 12260.0 11840.0 10220.0 2460.0 2860.0 12660.0 11840.0 11440.0 11840.0 3280.0 11840.0 2060.0 11840.0 10220.0 2460.0 10620.0 12260.0 11440.0 12260.0 11020.0 11440.0 12260.0 12260.0 11020.0 11840.0
0.0 12260.0 10220.0 11840.0 11840.0 2460.0 10620.0 11440.0 13080.0 11440.0 12260.0 11440.0 12660.0 12260.0 11020.0 11440.0 11020.0 11020.0 12260.0 2460.0 10220.0 10620.0 12260.0 11020.0 2860.0 11440.0 11440.0 12260.0 12260.0 2860.0 11440.0 11020.0 2060.0 10620.0 2860.0 1640.0 10620.0 11020.0 10620.0 12260.0 11840.0 2060.0 11840.0 11840.0 9800.0 13080.0 12260.0 11440.0 11440.0 12660.0 1640.0 11020.0 12660.0 10620.0 11440.0 11840.0 3280.0 11020.0 11440.0 12660.0 2460.0 11440.0 11020.0 11440.0 2860.0 11020.0 10620.0 11440.0 10620.0 12260.0 11840.0 11840.0 11020.0 12260.0 0.0 10220.0 11440.0 11020.0 11440.0 12660.0 9800.0 10620.0 2860.0 11440.0 11020.0 12260.0 11440.0 11840.0 12660.0 11440.0 11440.0 11440.0 11840.0 11440.0 11440.0 1240.0 11840.0 2460.0 11020.0 2460.0 11440.0
0.0 4100.0 12260.0 2860.0 3280.0 12660.0 12660.0 12260.0 13080.0 12660.0 11840.0 12660.0 11840.0 13080.0 12260.0 2460.0 12660.0 2460.0 12660.0 12260.0 3280.0 12660.0 12660.0 10620.0 13080.0 10620.0 12260.0 12260.0 13480.0 12260.0 12660.0 10220.0 13080.0 10220.0 12660.0 12260.0 11020.0 12660.0 12260.0 3280.0 1640.0 12260.0 3280.0 11840.0 12660.0 13480.0 12260.0 3280.0 12260.0 12660.0 12260.0 11840.0 12660.0 10620.0 12260.0 11840.0 13080.0 12260.0 11440.0 13080.0 11840.0 11440.0 10620.0 3280.0 11440.0 12260.0 2460.0 12260.0 10620.0 12660.0 2060.0 11840.0 12660.0 12260.0 12260.0 0.0 11440.0 12260.0 11840.0 12660.0 11440.0 12260.0 12260.0 12260.0 11440.0 12660.0 11440.0 12260.0 3680.0 12260.0 12260.0 2060.0 11440.0 11440.0 11440.0 10620.0 12260.0 12660.0 11840.0 12260.0 11440.0
0.0 12660.0 11840.0 11440.0 11840.0 11440.0 2860.0 11840.0 11840.0 2460.0 11020.0 11440.0 11440.0 11020.0 11440.0 10620.0 12660.0 9800.0 1240.0 11440.0 11840.0 2860.0 3280.0 12260.0 12260.0 12260.0 10620.0 11020.0 12660.0 11440.0 2460.0 11440.0 11440.0 11840.0 12660.0 10620.0 11020.0 11440.0 11020.0 11440.0 11440.0 11840.0 10620.0 9800.0 2860.0 11440.0 11020.0 11440.0 11440.0 11840.0 11440.0 11440.0 12660.0 10620.0 2860.0 11440.0 11840.0 11020.0 11840.0 2060.0 11840.0 12260.0 11440.0 12260.0 11020.0 11440.0 11840.0 11840.0 1640.0 11440.0 11020.0 420.0 11440.0 10620.0 11840.0 11440.0 0.0 2460.0 11020.0 11840.0 11440.0 2860.0 11840.0 10220.0 11020.0 11840.0 820.0 12260.0 12660.0 2060.0 11840.0 11440.0 2060.0 11840.0 11840.0 10620.0 11840.0 11840.0 11440.0 10620.0 10620.0
0.0 12260.0 11840.0 11440.0 11840.0 11020.0 2860.0 11020.0 12660.0 2460.0 11840.0 12260.0 12660.0 12260.0 11840.0 12260.0 11440.0 11840.0 2060.0 10620.0 11840.0 2060.0 2460.0 12260.0 11840.0 12260.0 11440.0 11440.0 13080.0 11840.0 820.0 11440.0 11840.0 11840.0 12660.0 9800.0 11020.0 11440.0 11440.0 12260.0 11840.0 12260.0 12260.0 12260.0 2460.0 12260.0 13080.0 11840.0 11440.0 11440.0 11440.0 12260.0 12660.0 11440.0 2060.0 12260.0 11840.0 11440.0 12260.0 2860.0 11020.0 9800.0 11440.0 12260.0 11840.0 11440.0 11020.0 11020.0 2060.0 11440.0 11440.0 2460.0 11840.0 11440.0 11840.0 12260.0 2860.0 0.0 11020.0 11440.0 10620.0 2460.0 11020.0 10620.0 11840.0 13480.0 1640.0 11440.0 12260.0 2460.0 11440.0 10220.0 2860.0 12260.0 12260.0 11440.0 11020.0 11840.0 12260.0 10220.0 11440.0
0.0 11840.0 2460.0 9800.0 11840.0 11440.0 11840.0 11840.0 12260.0 11440.0 2460.0 12260.0 2460.0 11440.0 10620.0 11840.0 12260.0 11440.0 11020.0 11840.0 11840.0 12660.0 11840.0 11840.0 11440.0 12660.0 11020.0 2460.0 13080.0 12260.0 11840.0 10220.0 11440.0 12260.0 12260.0 11440.0 10620.0 12260.0 2460.0 12260.0 11440.0 11840.0 12260.0 11440.0 11440.0 11440.0 11840.0 11840.0 11840.0 3280.0 12260.0 11840.0 11020.0 1240.0 11440.0 2460.0 11840.0 11840.0 2860.0 12260.0 11440.0 2060.0 10220.0 12260.0 11840.0 2860.0 11840.0 10620.0 10620.0 12260.0 11840.0 10620.0 12260.0 11440.0 11440.0 11840.0 11440.0 11440.0 0.0 10620.0 11440.0 12660.0 11840.0 11840.0 11440.0 12660.0 11020.0 11440.0 12260.0 11440.0 11020.0 10220.0 11440.0 2860.0 2860.0 10620.0 2060.0 12260.0 2460.0 11840.0 2060.0
0.0 10620.0 11440.0 12260.0 10620.0 12260.0 11440.0 11020.0 2460.0 11020.0 11840.0 2460.0 12660.0 12260.0 10620.0 11440.0 11440.0 12260.0 12260.0 11440.0 12260.0 12260.0 11020.0 1640.0 13080.0 2460.0 2060.0 11440.0 11440.0 11840.0 11440.0 11020.0 10220.0 11020.0 11440.0 11020.0 2060.0 11020.0 11440.0 12260.0 11840.0 12260.0 13080.0 12260.0 11840.0 3680.0 3280.0 12260.0 11840.0 12660.0 11840.0 2860.0 13480.0 11440.0 12660.0 11840.0 11440.0 11440.0 12260.0 12260.0 10220.0 11440.0 11020.0 12260.0 12260.0 11440.0 11840.0 11440.0 11020.0 1640.0 11840.0 11840.0 11840.0 1640.0 11840.0 11440.0 11840.0 10620.0 11840.0 0.0 1640.0 11440.0 10620.0 11840.0 11840.0 2060.0 11840.0 2460.0 11440.0 11440.0 3280.0 11440.0 11440.0 12260.0 12260.0 11020.0 10220.0 11020.0 11840.0 11440.0 11840.0
0.0 12260.0 12260.0 12260.0 12660.0 12660.0 11840.0 11440.0 3680.0 11840.0 12260.0 3680.0 12660.0 13080.0 12260.0 12260.0 12660.0 11840.0 12660.0 12660.0 11440.0 10620.0 12260.0 3280.0 14300.0 2060.0 3280.0 13080.0 11840.0 12260.0 12260.0 11020.0 12260.0 10620.0 13480.0 12260.0 1240.0 12260.0 12660.0 12660.0 13080.0 12660.0 12260.0 11840.0 11840.0 3680.0 3680.0 12260.0 12260.0 13080.0 12260.0 2860.0 12660.0 10620.0 11440.0 12260.0 12260.0 11840.0 12260.0 13480.0 11840.0 12260.0 11020.0 13080.0 12260.0 12260.0 10220.0 12660.0 11440.0 2860.0 12260.0 11840.0 11840.0 2860.0 11840.0 11440.0 11440.0 12660.0 12660.0 3680.0 0.0 12660.0 12260.0 11440.0 12260.0 4100.0 11840.0 3680.0 12660.0 11840.0 2060.0 11840.0 12260.0 12260.0 11840.0 11440.0 11840.0 11840.0 12260.0 12260.0 11840.0
0.0 14300.0 10620.0 12660.0 12660.0 13080.0 2460.0 12660.0 12260.0 2860.0 13080.0 13480.0 13080.0 13880.0 11440.0 13080.0 13080.0 12660.0 2460.0 12260.0 13080.0 4100.0 4500.0 11440.0 13480.0 13880.0 11840.0 13480.0 13480.0 12660.0 2860.0 11440.0 12660.0 13080.0 13480.0 11440.0 11840.0 13080.0 12660.0 12660.0 12260.0 12660.0 13480.0 12660.0 2860.0 13880.0 13080.0 12260.0 12660.0 13480.0 13080.0 12660.0 13880.0 11840.0 4100.0 13080.0 11440.0 13080.0 13080.0 3680.0 13080.0 11840.0 11440.0 12260.0 13480.0 13080.0 11840.0 13080.0 2460.0 11440.0 12260.0 3280.0 11840.0 11440.0 12260.0 12660.0 3280.0 2060.0 12260.0 13480.0 12260.0 0.0 12660.0 12660.0 12260.0 13480.0 2860.0 12260.0 13880.0 2860.0 13080.0 12260.0 3280.0 13080.0 12260.0 11440.0 11020.0 13080.0 12660.0 12260.0 12260.0
0.0 13080.0 11840.0 12260.0 11840.0 3280.0 11440.0 11840.0 13480.0 11440.0 12260.0 12260.0 13480.0 12260.0 12260.0 11440.0 10220.0 11020.0 12660.0 2860.0 11020.0 11440.0 12660.0 11440.0 3680.0 12660.0 12260.0 12260.0 13480.0 1240.0 12260.0 12260.0 4100.0 11840.0 3680.0 2460.0 11020.0 11840.0 11440.0 13080.0 12660.0 2460.0 11840.0 12660.0 11840.0 13480.0 12260.0 13080.0 11020.0 13080.0 1640.0 11440.0 12660.0 11440.0 12260.0 11840.0 3280.0 11840.0 11440.0 13080.0 2860.0 11840.0 12260.0 11840.0 3280.0 11840.0 12260.0 12260.0 11840.0 12260.0 12260.0 12260.0 12660.0 12660.0 2460.0 11440.0 12260.0 11440.0 11840.0 13080.0 11440.0 10620.0 0.0 11440.0 12260.0 12260.0 11440.0 13080.0 13480.0 12260.0 12260.0 12260.0 11440.0 11440.0 12260.0 2060.0 11840.0 2060.0 11440.0 2860.0 11840.0
0.0 12260.0 11440.0 12260.0 12260.0 11440.0 11440.0 2460.0 11840.0 11440.0 10620.0 12260.0 12660.0 2860.0 2060.0 11840.0 3280.0 11020.0 12260.0 12260.0 11020.0 11840.0 13080.0 11840.0 12660.0 11840.0 11440.0 12260.0 4500.0 10620.0 12260.0 2460.0 12660.0 2060.0 12260.0 11840.0 10620.0 2460.0 11440.0 11020.0 11840.0 11840.0 11840.0 2060.0 11840.0 13080.0 12260.0 11440.0 1640.0 13080.0 11840.0 11440.0 3280.0 11840.0 11440.0 11440.0 12660.0 2460.0 11840.0 13080.0 12660.0 11440.0 2460.0 11840.0 11840.0 11840.0 11440.0 2060.0 10220.0 12260.0 10620.0 11440.0 2060.0 11840.0 11840.0 11020.0 11020.0 11840.0 11840.0 13080.0 11840.0 12260.0 13080.0 0.0 1240.0 13080.0 9800.0 12260.0 13480.0 11840.0 11440.0 11840.0 11440.0 11840.0 11440.0 10220.0 12260.0 11840.0 11440.0 11840.0 10220.0
0.0 12260.0 11440.0 12260.0 11440.0 12660.0 12660.0 2860.0 13480.0 12260.0 13080.0 12660.0 13880.0 3280.0 820.0 12660.0 3680.0 12260.0 13080.0 11440.0 12260.0 12260.0 12660.0 11440.0 13480.0 13480.0 12260.0 13080.0 4500.0 11840.0 12660.0 3280.0 13480.0 3280.0 13480.0 11440.0 11840.0 2460.0 12260.0 12660.0 11440.0 12260.0 13080.0 2860.0 13080.0 13480.0 13480.0 13480.0 2860.0 13480.0 11440.0 12660.0 4100.0 12660.0 12660.0 13080.0 13080.0 2060.0 12660.0 12260.0 12260.0 11020.0 3280.0 11840.0 12260.0 11440.0 11840.0 3280.0 12260.0 12660.0 12660.0 12260.0 3680.0 12260.0 13080.0 12260.0 13080.0 12260.0 11840.0 13080.0 11440.0 13080.0 12660.0 3280.0 0.0 13880.0 12660.0 11020.0 13080.0 11840.0 13080.0 11440.0 12660.0 12660.0 13080.0 12660.0 12260.0 11020.0 12660.0 12660.0 12260.0
0.0 12260.0 11840.0 11840.0 12660.0 10620.0 12260.0 12260.0 3680.0 11840.0 11840.0 2860.0 13080.0 12260.0 12260.0 11440.0 12660.0 10620.0 12660.0 12260.0 11840.0 13080.0 12660.0 3280.0 13080.0 3280.0 2860.0 12260.0 13880.0 11440.0 11840.0 11440.0 13480.0 12260.0 13480.0 11020.0 2460.0 11440.0 11440.0 10620.0 11840.0 12260.0 11020.0 11020.0 11840.0 3680.0 2460.0 12660.0 11440.0 13080.0 11440.0 2860.0 12260.0 12260.0 11440.0 11840.0 12660.0 11020.0 12260.0 12660.0 11840.0 11440.0 11840.0 12260.0 12260.0 11020.0 12260.0 10620.0 11440.0 2860.0 11840.0 11020.0 12260.0 2460.0 11840.0 11840.0 12260.0 11020.0 11440.0 3680.0 2460.0 13080.0 12260.0 10620.0 11840.0 0.0 11020.0 3680.0 12660.0 11440.0 2060.0 11840.0 11840.0 12260.0 10620.0 11440.0 11840.0 11840.0 12260.0 11840.0 11440.0
0.0 12260.0 11020.0 11840.0 11840.0 11020.0 3280.0 11440.0 11440.0 1640.0 10220.0 12660.0 12260.0 12260.0 11020.0 11440.0 12260.0 11020.0 2460.0 11840.0 12260.0 2460.0 3680.0 11840.0 12260.0 11440.0 11440.0 12260.0 13480.0 11440.0 2860.0 11440.0 12260.0 11020.0 11840.0 11440.0 10220.0 11440.0 12260.0 11020.0 11440.0 11440.0 11440.0 11020.0 2060.0 12660.0 12260.0 11440.0 11440.0 12660.0 11440.0 11440.0 12260.0 11440.0 2060.0 11440.0 12260.0 11440.0 11440.0 3280.0 12260.0 11440.0 11440.0 12260.0 11440.0 11440.0 11440.0 11020.0 820.0 11840.0 10220.0 1640.0 11020.0 11840.0 11440.0 10620.0 1240.0 2060.0 11440.0 12660.0 11440.0 2860.0 12660.0 11440.0 11020.0 12660.0 0.0 11840.0 13480.0 2460.0 11440.0 11840.0 1640.0 11440.0 11020.0 9800.0 12260.0 12260.0 11440.0 11440.0 9800.0
0.0 12660.0 12260.0 11840.0 12260.0 12660.0 11020.0 11440.0 3280.0 12260.0 11840.0 2460.0 13480.0 12260.0 12260.0 11440.0 12660.0 10620.0 12260.0 11020.0 10620.0 13080.0 13080.0 2860.0 13080.0 2860.0 2460.0 11440.0 13480.0 10220.0 12660.0 11840.0 13080.0 11440.0 13080.0 11020.0 2060.0 11440.0 11020.0 12260.0 12260.0 11840.0 11440.0 12260.0 12260.0 3680.0 2460.0 11840.0 10620.0 13080.0 11440.0 2460.0 13080.0 12260.0 11840.0 11440.0 12260.0 11440.0 11440.0 10620.0 12260.0 11440.0 11840.0 11440.0 12260.0 11440.0 12260.0 11840.0 11440.0 2860.0 11440.0 11840.0 11440.0 2860.0 11840.0 11020.0 12260.0 11840.0 11440.0 3680.0 2460.0 12660.0 12660.0 11020.0 11840.0 2860.0 11020.0 0.0 13480.0 11840.0 3280.0 11840.0 11020.0 11440.0 11840.0 11020.0 12260.0 12260.0 11840.0 11440.0 11440.0
0.0 1640.0 9800.0 2460.0 2460.0 10620.0 11440.0 11440.0 11440.0 11840.0 12260.0 9800.0 11440.0 11020.0 10620.0 2460.0 12260.0 1640.0 11020.0 11440.0 1640.0 12260.0 12260.0 10620.0 12260.0 12260.0 10620.0 11440.0 12660.0 10620.0 11020.0 11840.0 11840.0 11440.0 13080.0 10220.0 11440.0 11020.0 11440.0 2460.0 2460.0 11840.0 1640.0 11020.0 12260.0 11020.0 11440.0 2860.0 10620.0 12260.0 11020.0 11840.0 12260.0 11440.0 12260.0 10220.0 11840.0 11020.0 11440.0 11440.0 11840.0 10620.0 11840.0 1640.0 11020.0 11020.0 2460.0 9800.0 11440.0 11840.0 2460.0 9800.0 11840.0 11840.0 11840.0 2060.0 11440.0 10220.0 11440.0 12260.0 11020.0 12260.0 11440.0 11020.0 11440.0 12660.0 11440.0 11440.0 0.0 10620.0 11840.0 1640.0 11440.0 11440.0 11840.0 11020.0 11840.0 11840.0 11440.0 10620.0 10620.0
0.0 13480.0 11020.0 11440.0 11440.0 12260.0 1640.0 12260.0 13080.0 2860.0 11440.0 12660.0 12260.0 13080.0 11440.0 10620.0 12260.0 11440.0 2860.0 12260.0 12260.0 3280.0 2860.0 11440.0 12260.0 13080.0 12660.0 11840.0 12660.0 11840.0 2460.0 10620.0 12660.0 12260.0 12260.0 10620.0 11020.0 12260.0 12260.0 12260.0 12260.0 11440.0 12260.0 11840.0 2060.0 12660.0 12260.0 12260.0 11440.0 13080.0 12260.0 11840.0 12660.0 11020.0 3280.0 12260.0 10620.0 12260.0 10620.0 4100.0 12660.0 11440.0 10620.0 11440.0 12260.0 12260.0 12260.0 12260.0 1640.0 10620.0 11440.0 2460.0 11840.0 12660.0 11440.0 11840.0 2460.0 2060.0 11020.0 12260.0 11440.0 3280.0 12660.0 10620.0 11440.0 11840.0 1640.0 12260.0 13480.0 0.0 12260.0 11840.0 2460.0 10620.0 12260.0 10620.0 12660.0 13080.0 12260.0 10220.0 11020.0
0.0 10620.0 10220.0 11440.0 11840.0 10620.0 11020.0 11020.0 3280.0 11840.0 11440.0 2060.0 13080.0 11840.0 11020.0 10620.0 10620.0 11440.0 11440.0 11840.0 10620.0 11020.0 12260.0 1640.0 12260.0 2860.0 2460.0 11440.0 12660.0 11440.0 10620.0 11440.0 11840.0 11440.0 12660.0 10620.0 1640.0 11020.0 10620.0 10620.0 11840.0 11440.0 12260.0 11440.0 9800.0 3280.0 2460.0 11840.0 10220.0 11020.0 11020.0 2060.0 10620.0 11440.0 9800.0 11020.0 11840.0 11020.0 10620.0 11840.0 11440.0 11020.0 11440.0 11020.0 11840.0 11020.0 11020.0 10620.0 11440.0 2460.0 12260.0 11440.0 11440.0 2460.0 10220.0 11020.0 11440.0 10620.0 11020.0 2060.0 820.0 11020.0 11840.0 11840.0 11440.0 2460.0 11840.0 2460.0 12660.0 11020.0 0.0 10620.0 10620.0 10620.0 10620.0 11020.0 11440.0 11840.0 11440.0 11440.0 10220.0
0.0 3680.0 11840.0 2460.0 2860.0 12260.0 12260.0 11840.0 11840.0 11020.0 12260.0 11440.0 13080.0 12260.0 12260.0 2460.0 11440.0 2460.0 11840.0 11840.0 2460.0 12660.0 11020.0 12260.0 13080.0 11840.0 10620.0 12660.0 12660.0 11440.0 11440.0 11440.0 12660.0 11440.0 11840.0 10620.0 11440.0 11440.0 11020.0 3680.0 2860.0 11840.0 2860.0 12260.0 12260.0 13080.0 13080.0 3280.0 11440.0 12260.0 11440.0 11440.0 13080.0 12260.0 13080.0 11840.0 12260.0 11020.0 11840.0 11840.0 10620.0 11440.0 11440.0 3280.0 12260.0 11440.0 3280.0 11840.0 11440.0 11840.0 2860.0 11840.0 12660.0 10620.0 11440.0 2460.0 12260.0 11840.0 11440.0 12260.0 11840.0 11840.0 11020.0 11840.0 11840.0 13080.0 11840.0 10620.0 2060.0 11020.0 13080.0 0.0 11440.0 11840.0 12660.0 11020.0 10620.0 11840.0 11440.0 11440.0 12260.0
0.0 11840.0 11020.0 11440.0 11840.0 11020.0 1640.0 10220.0 12260.0 2060.0 10620.0 11440.0 12260.0 11440.0 11440.0 10620.0 12260.0 11440.0 1240.0 11840.0 11440.0 3280.0 2860.0 11840.0 12260.0 13080.0 11020.0 11440.0 12260.0 11840.0 2060.0 10620.0 11440.0 12260.0 11440.0 10620.0 11020.0 11020.0 10620.0 12260.0 11440.0 11440.0 12260.0 11840.0 2060.0 12660.0 12260.0 11440.0 9800.0 12660.0 11020.0 11020.0 12260.0 11020.0 2060.0 9800.0 11020.0 11020.0 10620.0 2860.0 11840.0 11440.0 10620.0 11020.0 10620.0 11020.0 11840.0 10220.0 1640.0 10620.0 11440.0 2060.0 11440.0 10620.0 11440.0 11840.0 2460.0 1640.0 11020.0 12260.0 11440.0 2460.0 12260.0 10620.0 11440.0 11840.0 1640.0 12260.0 12660.0 2060.0 11020.0 11440.0 0.0 10620.0 11840.0 10620.0 11840.0 11440.0 11440.0 10220.0 11020.0
0.0 12660.0 2060.0 10620.0 12260.0 11840.0 12260.0 11020.0 12660.0 11020.0 1240.0 13080.0 3280.0 12260.0 11440.0 9800.0 12260.0 11440.0 11440.0 11440.0 11840.0 12260.0 12260.0 11840.0 12260.0 12660.0 11840.0 2860.0 11440.0 11440.0 11020.0 11020.0 12260.0 12260.0 11440.0 10220.0 11440.0 12260.0 2860.0 11440.0 11840.0 10220.0 12260.0 11840.0 12260.0 11840.0 12660.0 11440.0 11440.0 2860.0 11840.0 12260.0 11840.0 2060.0 11840.0 3280.0 11840.0 12260.0 2860.0 12660.0 11840.0 1240.0 11020.0 11440.0 12260.0 2860.0 11440.0 11440.0 11440.0 11840.0 12260.0 11020.0 11020.0 11840.0 12260.0 11840.0 12260.0 10220.0 1240.0 11440.0 11020.0 12260.0 11440.0 11440.0 11020.0 10620.0 11840.0 12260.0 13080.0 12260.0 11840.0 11020.0 12260.0 0.0 2060.0 11020.0 2460.0 11840.0 3280.0 11020.0 2860.0
0.0 11840.0 3280.0 11840.0 12260.0 12660.0 11020.0 11440.0 12260.0 12260.0 2460.0 11840.0 2460.0 11440.0 12260.0 11440.0 12660.0 10620.0 12260.0 11840.0 10620.0 13080.0 12660.0 12260.0 13080.0 12260.0 11020.0 2060.0 13080.0 10220.0 11840.0 11440.0 12660.0 11440.0 13080.0 11020.0 11440.0 11440.0 2060.0 12260.0 12260.0 11840.0 11440.0 10220.0 12260.0 13080.0 11840.0 12260.0 10620.0 2860.0 11440.0 11440.0 13080.0 1640.0 12660.0 2060.0 12260.0 11440.0 2060.0 11840.0 12260.0 2860.0 11840.0 11440.0 11440.0 2060.0 12260.0 11840.0 11440.0 12260.0 11840.0 10220.0 11840.0 10620.0 11840.0 11020.0 12260.0 11840.0 2060.0 12260.0 11840.0 12260.0 12660.0 11020.0 11840.0 12260.0 11020.0 12660.0 13080.0 11440.0 12260.0 11440.0 11020.0 2060.0 0.0 11020.0 2860.0 12260.0 2460.0 11020.0 2060.0
0.0 12660.0 11840.0 11440.0 11440.0 2460.0 12260.0 11020.0 11840.0 11440.0 11020.0 12260.0 11840.0 11840.0 11440.0 11020.0 12260.0 10620.0 11840.0 2460.0 11840.0 12260.0 12260.0 11440.0 3280.0 12260.0 11440.0 12260.0 13080.0 2860.0 11840.0 11440.0 3280.0 11840.0 2060.0 2060.0 9800.0 11840.0 11840.0 11440.0 12260.0 1640.0 11440.0 10620.0 11440.0 12660.0 11840.0 11440.0 11020.0 12660.0 2460.0 10620.0 12660.0 11840.0 11840.0 11020.0 2460.0 11840.0 11020.0 12260.0 2460.0 11440.0 11440.0 11840.0 2460.0 11840.0 11020.0 11440.0 9800.0 11440.0 10620.0 10620.0 11440.0 11440.0 1640.0 11440.0 10620.0 11020.0 11020.0 12260.0 11020.0 12260.0 2860.0 11020.0 11840.0 12260.0 10220.0 12260.0 13080.0 11440.0 11840.0 11840.0 10620.0 11020.0 11440.0 0.0 11840.0 3280.0 11020.0 2060.0 10620.0
0.0 13080.0 2860.0 11440.0 12260.0 12260.0 12660.0 11840.0 11020.0 12260.0 2460.0 12660.0 3280.0 12660.0 12260.0 11840.0 13080.0 11440.0 11440.0 12260.0 12260.0 13080.0 12660.0 12260.0 13080.0 13080.0 10620.0 3280.0 12260.0 12260.0 11440.0 11440.0 11840.0 12260.0 12260.0 11440.0 10620.0 12260.0 2860.0 12260.0 11840.0 11840.0 12260.0 11440.0 12260.0 12660.0 11840.0 12260.0 11840.0 4100.0 12260.0 11440.0 12660.0 2860.0 12660.0 2460.0 12260.0 12260.0 2460.0 12660.0 12260.0 2860.0 11840.0 12660.0 12660.0 2860.0 11440.0 12260.0 10620.0 12260.0 11440.0 11440.0 12260.0 10220.0 11840.0 11840.0 11440.0 11840.0 1640.0 12260.0 11840.0 12660.0 12660.0 11440.0 12260.0 13080.0 11020.0 12260.0 12660.0 11020.0 12660.0 11020.0 11440.0 2460.0 2860.0 10220.0 0.0 11440.0 2060.0 11020.0 2060.0
0.0 11020.0 12260.0 12260.0 11840.0 3680.0 12260.0 12660.0 13080.0 11840.0 12660.0 11440.0 12660.0 11840.0 12260.0 11840.0 13080.0 12260.0 12660.0 2860.0 11840.0 12660.0 12660.0 12260.0 3680.0 13080.0 11440.0 12260.0 13880.0 4100.0 12260.0 12260.0 3680.0 12260.0 4100.0 2460.0 11440.0 11440.0 11020.0 13880.0 12260.0 2460.0 12660.0 11020.0 12260.0 13080.0 13480.0 13080.0 12660.0 12660.0 2060.0 11440.0 13480.0 11840.0 13480.0 11840.0 3280.0 11020.0 11840.0 12660.0 2860.0 12260.0 12260.0 13480.0 2860.0 11440.0 12660.0 12260.0 12260.0 12260.0 12660.0 11020.0 12660.0 11440.0 2460.0 11840.0 12660.0 11840.0 11840.0 12660.0 11840.0 12260.0 3280.0 12260.0 11840.0 13080.0 12260.0 13080.0 13080.0 11440.0 13480.0 12260.0 13080.0 11840.0 13080.0 2860.0 12260.0 0.0 11440.0 2460.0 12660.0
0.0 13080.0 1640.0 12260.0 12260.0 12260.0 11440.0 12260.0 13480.0 12260.0 3280.0 12260.0 3280.0 12660.0 11840.0 12260.0 11440.0 11020.0 13080.0 12660.0 11020.0 11440.0 13080.0 11440.0 11020.0 12260.0 12260.0 3680.0 12660.0 12660.0 12260.0 11840.0 11840.0 11440.0 13080.0 11440.0 11020.0 11840.0 2060.0 13080.0 12260.0 12260.0 11840.0 12660.0 10620.0 13480.0 12260.0 12260.0 11840.0 4100.0 11440.0 11840.0 13480.0 2060.0 12260.0 3280.0 13080.0 11840.0 2860.0 13080.0 12660.0 2860.0 11840.0 12260.0 12660.0 2460.0 11020.0 12260.0 11440.0 13080.0 12260.0 12260.0 11840.0 13080.0 10220.0 11020.0 12260.0 11440.0 2860.0 13480.0 10220.0 11440.0 13080.0 11440.0 11440.0 12660.0 11440.0 12660.0 13480.0 12260.0 12260.0 11840.0 12260.0 2860.0 2860.0 11440.0 3280.0 11840.0 0.0 11840.0 2860.0
0.0 12660.0 11840.0 12660.0 12260.0 2460.0 11840.0 12260.0 12260.0 11440.0 11020.0 12660.0 12660.0 12660.0 11440.0 11840.0 13080.0 11020.0 12660.0 3280.0 11440.0 12260.0 11440.0 12260.0 2460.0 12260.0 11840.0 11440.0 13880.0 1640.0 12660.0 11840.0 3680.0 11840.0 3280.0 2860.0 11020.0 12260.0 11840.0 11440.0 12260.0 2860.0 11440.0 11440.0 12260.0 13480.0 12260.0 11840.0 11440.0 13480.0 2860.0 11840.0 13080.0 12260.0 11840.0 11840.0 3680.0 12260.0 12260.0 13480.0 3680.0 11840.0 12260.0 12260.0 2460.0 12260.0 11840.0 11440.0 10620.0 12660.0 10620.0 11440.0 11440.0 12260.0 2860.0 11440.0 11440.0 12260.0 12260.0 13480.0 12260.0 11840.0 2860.0 9800.0 11020.0 13080.0 10220.0 12260.0 13880.0 12260.0 11840.0 12260.0 11840.0 12260.0 11840.0 1240.0 12660.0 2860.0 11840.0 0.0 10620.0
0.0 12660.0 2460.0 12260.0 11440.0 11440.0 13080.0 12660.0 12660.0 12660.0 2460.0 12260.0 3280.0 11840.0 10620.0 11840.0 13480.0 10620.0 11440.0 11840.0 12660.0 13080.0 13080.0 11840.0 13080.0 11440.0 11020.0 2860.0 13480.0 12260.0 12260.0 11440.0 12260.0 11020.0 13480.0 11440.0 11840.0 12260.0 2460.0 11440.0 12260.0 12660.0 11440.0 10620.0 12260.0 12660.0 11840.0 12260.0 12260.0 3280.0 12260.0 12260.0 13480.0 2060.0 11840.0 3280.0 12660.0 12260.0 3280.0 12260.0 12660.0 2060.0 11440.0 12260.0 11840.0 2860.0 12260.0 11440.0 11440.0 12260.0 11840.0 10620.0 12660.0 11440.0 12660.0 12260.0 10620.0 12260.0 2460.0 12660.0 11840.0 13080.0 12660.0 11020.0 11840.0 12660.0 11020.0 11440.0 13080.0 12260.0 12260.0 11440.0 12260.0 3280.0 2460.0 11440.0 3280.0 12660.0 3280.0 11440.0 0.0
