100 3
1200 5522 5522 9 9
504 3948 3948 8 6
300 7161 7161 1 3
531 7785 7785 2 7
485 2240 2240 1 8
319 2585 2585 2 1
345 2990 2990 2 4
8 4986 4986 8 5
14 8700 8700 2 5
666 6204 6204 8 5
230 3366 3366 6 5
780 5880 5880 2 8
792 7891 7891 1 6
780 6040 6040 10 9
96 7072 7072 1 5
264 6202 6202 5 3
496 6510 6510 6 10
533 2736 2736 2 6
350 6798 6798 10 1
189 5152 5152 8 2
1455 2820 2820 8 7
216 3843 3843 2 10
720 6972 6972 5 10
70 9285 9285 3 2
612 3090 3090 9 9
720 7742 7742 7 4
395 2682 2682 10 6
686 7700 7700 8 10
540 8125 8125 3 9
616 2785 2785 7 4
205 2964 2964 3 6
624 4563 4563 2 2
105 5742 5742 4 5
196 5508 5508 1 5
1056 5814 5814 9 3
18 6193 6193 6 6
455 4552 4552 4 3
120 4180 4180 2 7
736 3879 3879 8 9
280 3003 3003 10 2
585 2235 2235 4 5
484 2545 2545 7 6
247 4224 4224 1 2
1500 3618 3618 3 5
216 3864 3864 5 9
500 5670 5670 2 1
322 6552 6552 4 4
456 4210 4210 4 9
420 6930 6930 7 8
104 3504 3504 3 10
828 2315 2315 6 4
946 6105 6105 9 5
27 3516 3516 1 9
210 5159 5159 10 9
430 6214 6214 1 6
1104 6071 6071 6 5
330 2885 2885 3 6
900 7014 7014 3 10
465 6410 6410 4 8
676 6110 6110 10 7
426 6216 6216 7 3
910 5472 5472 5 5
522 3031 3031 2 8
657 5090 5090 8 7
950 4530 4530 10 8
531 4067 4067 2 5
366 4688 4688 2 9
155 8475 8475 10 4
78 3978 3978 10 2
403 7452 7452 2 4
430 3200 3200 5 9
630 6390 6390 8 3
546 4424 4424 10 3
1200 7917 7917 7 4
871 7668 7668 8 7
825 5910 5910 10 8
235 6578 6578 7 9
340 5124 5124 5 10
90 2550 2550 1 9
96 4302 4302 7 2
221 5951 5951 9 4
1170 2475 2475 3 7
28 5304 5304 7 3
154 3726 3726 10 3
320 5928 5928 4 5
559 3702 3702 8 5
405 2025 2025 1 10
486 6804 6804 2 3
540 4824 4824 8 3
105 5954 5954 10 8
540 3426 3426 4 2
912 4291 4291 9 6
45 6076 6076 10 7
11 3880 3880 8 6
656 4763 4763 3 10
858 3512 3512 7 9
1209 4939 4939 1 5
240 2592 2592 7 9
1012 6370 6370 2 3
584 4820 4820 8 4
SETUP
0 181 257 143 114 238 57 86 219 200 57 380 48 304 162 143 95 143 133 57 247 209 114 95 143 295 152 105 171 190 209 257 171 67 133 143 86 143 105 57 181 133 95 124 152 162 114 57 238 247 219 29 238 219 124 124 257 266 209 190 257 238 143 152 209 143 200 333 219 133 266 257 200 181 76 209 266 219 209 228 152 228 105 181 190 105 285 200 181 190 276 152 181 266 95 105 29 143 219 295 105
0 0 181 209 143 257 257 133 209 76 124 238 114 257 209 171 162 247 200 257 266 276 171 295 152 323 238 200 238 228 86 314 181 133 152 257 143 171 295 181 200 152 238 219 200 200 181 124 200 323 247 238 276 285 171 114 133 314 247 228 314 285 209 219 228 190 266 399 219 219 238 276 295 57 209 266 314 371 162 276 238 266 95 342 228 143 314 352 209 304 200 171 295 304 162 200 238 228 190 295 228
0 285 0 257 238 285 257 200 209 200 219 314 200 361 209 171 257 247 247 266 257 285 238 295 38 352 209 152 285 238 266 209 67 228 238 209 209 219 295 162 228 238 295 228 200 143 276 181 143 209 238 238 257 342 247 247 266 323 190 209 257 361 276 152 143 200 342 409 200 190 314 152 247 304 219 190 257 276 333 152 257 352 228 219 181 266 333 266 114 238 342 171 247 352 257 209 333 295 333 276 190
0 48 228 0 67 228 228 171 209 114 152 276 143 295 152 181 190 257 228 257 285 304 67 266 190 295 238 238 209 228 133 314 219 171 76 181 105 114 285 95 171 76 266 162 238 133 209 152 133 342 295 209 304 285 209 162 171 314 190 266 209 304 209 247 266 200 304 200 228 219 276 314 295 95 219 228 257 257 95 314 190 285 133 352 171 190 285 380 152 228 238 105 228 228 200 200 238 190 228 314 200
0 314 247 276 0 266 162 200 162 143 190 314 181 323 181 124 228 200 266 190 228 247 76 200 209 276 247 219 219 171 162 333 181 200 19 124 48 124 219 38 209 19 209 105 266 143 247 190 181 314 314 143 342 247 238 247 200 361 190 285 257 333 247 285 295 238 333 333 181 228 247 266 276 219 209 171 257 333 143 333 133 333 219 285 171 266 266 314 152 162 219 143 162 171 228 247 304 133 257 276 295
0 323 323 285 190 0 276 152 143 314 238 295 285 447 190 190 276 266 209 162 285 342 181 314 247 228 295 209 304 133 105 333 285 314 200 257 162 228 228 219 219 200 257 285 257 266 266 200 257 352 266 257 295 238 190 133 371 333 314 238 295 76 314 266 247 209 323 447 162 276 247 304 314 76 181 276 380 409 228 295 171 295 114 371 295 380 333 418 266 342 219 247 304 133 266 333 314 247 200 314 247
0 304 380 285 200 247 0 200 247 333 285 399 276 456 190 171 285 238 228 238 276 361 200 304 276 323 314 133 304 219 162 380 304 304 209 181 209 238 57 228 190 209 304 295 181 209 295 200 314 418 323 247 333 181 247 114 390 380 257 295 323 323 371 181 162 266 342 475 266 285 352 380 152 124 247 304 323 380 333 342 323 342 171 342 238 399 314 399 276 333 266 295 228 257 323 371 399 238 257 361 257
0 276 181 247 38 295 133 0 200 171 162 352 209 361 219 152 209 228 200 228 247 276 38 171 209 304 209 219 181 200 190 181 209 238 48 152 10 86 181 67 238 48 171 133 266 171 171 171 209 295 276 105 371 219 48 228 238 181 228 247 285 361 257 152 133 67 266 361 143 190 190 247 276 247 190 133 228 295 171 143 162 342 200 228 209 228 295 276 124 200 200 171 200 200 257 276 247 95 285 247 257
0 200 247 162 228 171 228 257 0 171 276 162 266 352 228 162 181 238 257 257 247 238 228 257 276 219 295 171 342 228 228 428 314 209 238 219 257 238 95 209 114 238 266 266 219 295 333 86 285 219 285 200 257 333 295 152 238 437 342 333 323 171 333 152 181 314 314 352 19 266 114 171 257 200 247 371 295 390 257 219 295 361 238 228 314 257 285 371 276 333 333 266 257 219 314 200 171 190 323 333 238
0 361 114 323 76 247 238 266 238 0 257 390 247 190 257 190 105 266 333 266 295 314 143 276 143 342 162 266 247 238 228 323 171 276 86 190 114 190 295 105 190 86 276 171 304 209 209 238 247 314 228 219 304 285 304 162 67 428 257 200 323 276 219 228 247 304 295 399 247 143 323 266 342 295 247 238 266 295 209 266 200 371 295 333 200 247 333 285 228 238 295 209 228 238 190 314 171 200 323 352 304
0 133 228 86 152 190 171 200 200 200 0 361 133 380 143 152 48 228 76 238 266 162 152 209 257 314 266 257 257 209 219 371 285 162 162 266 190 171 228 181 133 162 209 247 304 190 209 10 190 361 276 152 266 162 238 105 257 304 247 257 257 266 95 171 333 247 190 285 219 276 285 314 285 181 228 285 228 333 152 323 171 323 219 295 228 266 304 314 209 314 323 95 304 314 190 228 314 143 314 285 285
0 247 228 209 152 238 247 124 190 285 200 0 219 418 181 152 247 228 181 228 247 304 152 285 219 304 266 124 295 209 76 295 247 247 162 181 124 200 133 190 181 162 219 257 171 238 257 190 238 228 238 219 266 257 162 105 352 295 295 209 352 209 181 152 190 181 295 399 209 247 114 171 266 38 95 247 352 371 295 257 276 238 86 238 276 257 295 390 238 285 181 190 219 266 238 152 181 209 171 276 209
0 143 238 105 162 200 181 209 219 200 19 371 0 361 152 124 57 200 95 247 209 171 162 219 219 295 276 162 133 219 228 285 257 29 171 219 200 181 238 190 143 171 219 257 209 152 76 19 200 342 285 162 276 181 257 86 266 285 209 266 266 276 105 114 304 171 162 295 228 285 238 295 266 190 133 295 238 323 162 333 181 333 228 304 190 285 276 314 219 304 333 114 247 323 57 95 295 152 181 295 285
0 200 304 162 228 257 247 276 276 228 76 437 86 0 219 209 124 285 152 209 190 238 228 285 304 276 342 247 219 181 285 314 333 114 238 181 266 228 304 257 200 238 171 323 295 238 162 86 266 371 352 228 342 238 219 162 295 371 285 333 276 333 171 190 390 257 247 295 295 333 314 380 342 257 219 361 304 171 228 314 247 352 247 304 276 342 266 390 266 124 304 171 219 390 143 181 333 209 266 361 352
0 143 238 95 162 228 285 257 67 209 209 219 200 390 0 219 114 295 238 257 304 171 162 323 266 257 276 152 114 238 228 323 295 228 171 200 200 200 152 190 181 171 228 257 200 228 266 19 228 276 342 266 314 361 304 171 266 409 285 314 266 228 295 209 247 285 304 295 86 314 171 228 323 190 124 323 238 342 190 276 238 190 228 295 247 276 342 428 238 323 333 200 247 285 247 257 238 247 323 399 285
0 352 390 333 228 219 333 295 200 285 304 314 295 466 238 0 352 76 276 285 437 409 228 371 228 390 361 181 352 266 323 466 257 323 247 238 276 228 285 266 276 247 371 333 228 342 361 247 361 257 304 304 247 323 333 314 342 466 390 399 323 295 257 342 333 352 390 494 181 342 304 342 295 295 304 380 276 437 342 399 361 314 285 181 190 304 399 475 266 390 285 257 276 352 342 390 361 333 418 466 380
0 380 314 342 200 143 228 257 276 333 295 409 352 418 295 114 0 190 295 190 228 371 200 266 333 266 333 238 342 171 247 437 361 333 209 295 238 247 285 228 86 209 276 295 285 266 361 295 266 323 390 209 228 380 266 57 399 437 304 371 380 219 342 133 380 323 323 447 285 314 390 276 238 209 209 323 266 390 333 285 133 418 238 295 295 409 257 380 285 276 352 314 333 266 352 333 447 333 285 437 304
0 276 352 257 247 162 285 219 124 295 257 276 247 447 162 276 276 0 200 209 361 333 247 323 333 314 352 105 276 190 257 390 361 276 257 162 219 219 209 285 200 257 333 352 152 266 314 171 285 181 228 266 342 390 257 266 352 390 314 390 380 238 342 266 304 276 314 447 143 333 228 285 219 228 228 342 380 361 333 323 323 238 257 105 304 228 399 437 257 390 295 314 200 285 304 314 295 257 361 399 352
0 361 304 323 162 342 95 124 266 295 247 418 285 371 285 257 295 333 0 209 228 266 162 133 238 371 219 228 304 304 257 304 266 314 171 266 133 162 152 190 285 171 133 257 276 171 295 238 314 285 200 76 390 276 171 209 361 228 190 257 285 390 333 257 257 190 124 485 266 276 219 276 238 219 228 257 285 257 276 266 285 295 209 219 200 342 361 247 200 323 323 257 304 304 342 380 285 67 352 209 342
0 190 333 152 190 209 238 162 171 257 171 323 162 390 105 124 219 200 143 0 266 276 190 276 276 285 238 57 219 133 238 247 247 190 200 105 162 238 257 105 152 209 276 171 105 209 238 114 238 333 295 209 238 304 200 76 323 342 257 276 323 181 238 266 285 219 257 342 181 209 228 285 257 200 19 285 323 314 247 304 200 228 48 304 238 333 276 380 276 228 238 124 143 228 219 219 295 200 304 247 181
0 390 352 342 209 181 304 181 247 352 266 409 314 466 257 219 304 295 238 342 0 418 209 342 276 190 314 247 361 314 133 352 304 333 219 295 181 257 342 247 124 228 285 314 295 304 314 266 295 361 295 285 266 390 219 162 409 361 352 266 418 257 314 285 276 238 285 494 266 304 352 314 342 105 257 304 304 428 352 323 342 219 143 380 333 409 361 447 295 371 238 276 333 314 295 361 418 266 228 342 276
0 238 295 190 247 190 228 228 143 295 114 209 95 257 105 219 152 295 190 333 304 0 257 266 114 181 105 228 219 314 285 371 143 67 247 228 228 124 228 276 133 257 266 342 276 162 171 114 266 247 171 209 266 247 181 171 238 371 219 143 95 266 171 209 219 257 133 390 162 228 238 200 247 247 200 266 67 323 238 266 276 285 228 257 76 266 171 380 162 285 361 67 266 219 152 190 295 200 219 342 266
0 257 257 219 10 257 171 200 162 143 133 323 171 323 181 124 171 200 209 190 228 247 0 209 209 276 181 181 152 171 162 304 181 200 19 124 48 48 219 38 200 19 209 105 228 143 247 133 181 323 247 143 342 257 238 228 200 361 190 219 257 333 219 285 295 238 314 333 181 162 247 266 276 219 152 171 200 333 143 333 133 333 219 295 171 266 266 314 86 162 219 143 162 171 228 247 304 133 257 285 295
0 342 304 304 57 314 219 247 209 190 238 371 228 371 228 171 276 228 304 238 276 295 124 0 257 295 295 266 266 219 209 390 228 257 67 171 95 171 266 86 257 67 257 152 257 190 295 238 228 162 228 190 390 304 285 295 247 409 238 333 304 380 295 333 342 285 390 380 228 276 295 257 200 266 257 219 304 380 190 314 181 219 266 86 219 209 314 361 209 209 266 190 209 219 276 295 352 181 304 333 342
0 342 333 304 247 323 228 257 314 323 285 342 314 361 276 143 314 219 228 295 219 371 247 266 0 390 219 228 295 266 352 380 38 342 209 276 238 295 266 285 266 209 266 352 276 247 361 219 323 181 209 209 219 333 295 219 390 399 295 181 361 399 276 124 114 285 314 437 171 190 399 124 219 323 190 162 333 323 333 304 380 314 190 190 247 238 418 371 323 409 409 285 314 323 342 380 295 295 304 247 162
0 295 380 390 247 352 333 209 247 371 304 399 333 437 304 257 352 333 380 323 247 466 247 371 219 0 295 371 371 304 371 390 247 361 257 333 219 228 333 276 295 257 380 342 390 152 371 314 371 314 352 314 371 418 247 209 428 380 200 333 266 409 399 238 276 276 105 494 266 333 200 257 352 342 342 285 266 475 342 352 266 361 190 323 181 342 342 485 266 342 409 295 295 409 352 418 266 304 418 323 323
0 238 190 200 200 361 219 162 200 295 228 352 238 152 257 257 276 333 266 323 295 390 200 257 171 304 0 314 342 304 276 266 200 266 171 285 171 181 266 228 304 171 314 238 352 105 314 228 323 342 67 247 390 190 200 276 361 276 152 48 219 371 323 295 276 152 314 390 219 257 304 295 361 285 276 209 219 219 285 162 266 428 257 323 133 304 295 399 181 276 361 238 276 361 295 333 342 238 380 276 333
0 171 285 152 143 285 190 114 124 247 152 276 143 342 57 228 171 304 95 114 314 228 143 228 257 314 314 0 171 86 190 285 285 171 152 57 114 190 209 181 238 162 228 247 57 190 209 67 190 333 295 162 333 314 152 181 304 295 238 323 304 285 238 247 238 171 209 342 133 295 228 285 333 152 124 238 285 266 247 257 276 238 152 314 219 314 380 333 228 304 190 228 95 209 200 238 276 152 266 304 285
0 181 323 133 181 114 171 143 152 247 162 314 152 380 95 162 200 238 124 143 247 257 181 209 285 295 285 38 0 124 219 228 314 171 190 86 152 228 228 200 181 190 209 266 86 219 219 105 219 219 285 152 314 247 190 209 304 323 276 323 333 190 219 152 181 209 247 333 171 266 105 171 247 190 10 276 323 295 228 285 285 276 190 228 257 247 285 323 257 333 219 114 133 247 200 209 171 133 295 285 238
0 219 361 171 219 238 257 181 190 285 200 352 190 409 133 152 238 228 162 29 285 295 219 295 295 304 257 76 247 0 257 266 266 209 228 124 190 266 285 124 181 228 295 190 124 228 257 143 257 361 323 238 257 276 228 95 342 361 285 295 323 200 257 295 314 247 285 314 209 238 247 314 276 228 48 314 342 295 266 323 219 247 76 323 266 352 295 285 295 257 257 152 171 257 238 247 314 228 323 266 209
0 295 285 257 200 266 200 162 228 333 190 380 181 380 190 171 238 247 114 257 181 352 200 238 257 342 228 152 304 238 0 342 285 209 209 209 171 238 257 228 209 209 247 295 200 200 181 190 333 390 162 181 295 285 200 133 390 333 247 143 314 342 247 162 143 219 228 447 247 276 323 380 314 276 124 295 304 361 333 257 323 285 114 323 228 390 333 352 276 352 114 143 247 361 171 276 390 171 105 314 247
0 162 266 124 190 219 209 238 238 238 38 247 171 418 181 171 86 247 114 247 276 200 190 247 257 323 304 295 295 219 247 0 228 200 190 171 228 209 266 86 162 190 247 152 342 190 247 48 228 371 276 190 304 200 276 143 295 342 238 295 295 295 133 209 361 285 219 314 257 314 304 323 323 219 266 323 266 371 190 361 181 361 247 333 228 304 314 352 247 219 247 133 209 295 228 266 352 171 352 323 314
0 371 342 333 238 409 285 304 304 295 371 352 361 409 238 352 352 295 200 314 238 409 238 247 314 361 361 257 352 285 361 409 0 390 181 314 209 285 342 276 352 181 333 342 257 247 333 247 342 143 209 266 190 418 276 380 352 418 295 399 361 399 418 371 418 295 314 494 323 342 409 95 190 333 333 333 361 447 304 304 361 285 352 162 285 209 437 437 323 399 447 323 352 295 314 409 437 257 447 219 342
0 361 390 314 247 323 257 219 304 390 228 456 219 494 238 342 276 418 162 371 390 390 247 295 399 494 380 342 352 418 399 390 418 0 257 371 219 295 314 285 266 266 295 352 390 333 295 238 418 447 361 238 399 380 257 295 447 390 352 418 447 399 304 333 342 276 276 494 323 399 380 437 399 380 352 342 437 418 380 361 371 428 371 380 361 437 494 399 333 361 409 200 409 409 276 314 447 219 152 371 466
0 314 238 276 67 276 152 190 152 133 190 304 190 314 200 181 228 257 266 257 285 238 67 190 238 333 238 247 209 228 219 342 238 219 0 181 38 114 209 95 219 10 200 162 295 171 247 200 171 352 304 133 352 238 228 266 190 352 219 276 285 323 257 285 314 228 342 390 171 219 257 314 304 276 209 162 257 323 133 323 190 323 285 276 200 257 323 304 143 228 285 152 219 228 247 238 295 124 314 266 285
0 228 323 190 219 285 266 181 238 295 105 304 95 428 238 209 143 285 181 285 285 266 219 295 209 285 276 247 219 314 143 314 238 124 228 0 190 209 323 247 228 228 276 276 295 143 162 105 133 333 295 247 276 266 219 162 342 314 190 276 257 276 190 200 276 200 257 380 247 304 323 323 342 105 219 314 257 399 257 323 266 314 143 266 171 371 333 380 247 371 133 200 48 333 143 190 380 238 219 314 266
0 285 285 247 38 285 124 152 190 171 162 352 200 352 209 152 200 228 238 219 257 276 29 162 238 304 209 209 181 200 190 333 209 228 48 152 0 76 181 67 228 48 162 133 257 171 276 162 209 314 276 105 371 209 200 238 228 333 219 247 285 361 247 295 285 219 323 361 133 190 276 295 266 247 181 124 228 285 171 295 162 342 247 247 200 228 295 276 114 190 247 171 190 200 257 276 266 95 285 238 247
0 209 314 171 238 219 257 219 200 285 86 323 133 285 133 238 133 314 162 247 228 247 238 295 200 361 133 247 209 219 247 333 228 162 247 105 219 0 285 266 162 247 295 228 209 162 200 95 152 371 200 228 295 247 257 181 342 333 209 171 276 295 181 238 304 219 276 333 219 114 304 323 361 209 219 333 247 352 124 295 257 304 247 371 171 352 352 399 38 171 238 95 152 342 181 219 371 219 304 266 361
0 247 361 228 219 200 266 190 200 285 228 352 219 418 133 114 238 190 171 190 314 304 219 304 333 266 371 76 247 162 200 361 361 247 162 133 190 266 0 247 143 162 304 314 133 266 285 143 257 361 342 238 276 352 228 57 342 371 314 333 380 276 314 323 314 247 285 418 209 352 304 333 238 171 200 314 314 323 285 333 342 314 209 295 295 390 257 409 276 276 266 304 171 285 276 314 352 228 285 380 342
0 276 342 238 171 228 257 171 200 238 152 352 143 399 152 86 200 162 228 162 200 314 171 295 171 247 247 209 266 133 228 304 143 171 105 86 143 181 295 0 171 114 304 67 257 105 219 162 219 285 314 238 314 285 209 219 295 342 162 285 219 304 219 247 276 228 304 295 219 285 219 238 323 190 181 266 219 418 238 304 95 333 209 266 143 342 238 409 219 133 219 105 133 333 200 238 276 228 304 285 333
0 380 380 342 247 57 333 209 200 295 295 323 323 342 247 247 247 323 266 219 342 399 238 371 304 285 352 266 361 190 162 380 314 257 257 314 209 285 285 276 0 257 314 342 314 285 285 257 314 247 314 314 143 295 247 190 352 390 333 295 352 133 371 257 304 266 371 494 219 333 304 190 285 133 238 333 181 466 285 352 228 342 171 257 314 380 390 475 323 399 266 304 361 190 266 390 371 304 257 371 304
0 314 314 276 67 276 152 181 152 200 190 304 190 380 200 181 238 257 266 257 285 228 67 190 238 333 238 247 209 228 219 342 238 219 76 181 38 105 209 95 219 0 200 162 295 171 247 190 162 342 304 133 352 238 228 266 257 342 219 276 285 314 257 285 314 228 342 390 162 219 257 314 304 266 209 162 257 314 133 323 190 314 285 276 200 257 323 304 143 219 276 152 219 228 238 228 295 124 314 266 276
0 266 342 228 200 266 133 162 247 304 143 380 181 333 190 285 181 361 219 247 238 295 200 171 257 257 181 266 266 266 285 342 285 209 209 162 171 57 190 228 209 209 0 276 257 209 257 143 209 304 247 114 352 304 200 238 371 342 162 228 323 342 228 285 295 228 333 380 266 162 352 371 276 257 266 295 304 219 171 304 304 181 295 257 219 371 371 285 95 209 295 143 200 342 238 276 380 105 361 219 390
0 209 314 171 105 162 228 228 143 238 86 304 76 390 86 19 133 95 162 95 285 247 105 266 238 304 238 143 200 67 257 238 76 105 114 190 143 143 238 133 105 114 266 0 190 171 152 95 162 219 285 209 247 219 266 152 304 285 219 276 285 238 152 181 323 228 238 371 162 219 257 171 257 238 114 266 285 361 238 361 29 266 143 200 200 276 352 352 181 266 304 38 238 266 133 171 314 219 257 285 276
0 143 238 105 171 238 143 171 76 219 219 228 200 295 10 181 124 257 48 67 266 181 162 171 247 266 266 114 124 38 228 304 276 228 181 162 171 209 162 162 181 181 181 228 0 181 247 19 171 285 238 114 295 314 209 133 276 276 228 304 266 238 295 219 247 228 162 295 86 276 181 238 285 200 76 295 238 304 200 285 247 190 105 257 209 285 333 285 247 285 295 181 200 285 228 238 228 105 323 247 238
0 285 238 247 95 266 190 67 105 238 162 257 209 295 209 209 209 285 238 285 200 323 95 228 76 209 143 228 247 266 257 238 105 228 105 181 67 76 190 133 209 114 228 200 276 0 228 162 228 247 209 171 285 276 105 247 295 238 57 181 124 266 247 190 181 124 304 409 114 190 209 190 276 285 219 190 124 352 190 209 228 380 257 257 38 295 200 333 114 247 257 171 181 266 209 295 266 152 352 181 228
0 257 200 228 162 266 143 143 181 304 200 333 285 371 285 57 247 133 228 323 133 304 162 181 152 285 228 228 295 295 257 323 181 314 181 266 152 162 200 200 257 181 181 266 276 86 0 209 238 304 285 124 295 323 181 209 361 285 133 266 200 342 295 38 257 209 95 418 200 247 190 257 285 228 304 276 200 257 276 285 257 352 181 238 114 333 276 238 200 323 333 247 181 333 285 304 257 238 219 257 219
0 124 228 86 152 238 314 257 295 200 200 361 190 380 228 209 105 285 276 295 323 162 152 352 257 342 266 257 295 266 209 390 285 209 162 266 190 190 361 181 181 162 352 247 304 219 257 0 219 409 333 285 323 361 295 162 257 399 266 304 247 314 285 228 352 276 295 276 304 304 361 352 342 181 228 314 228 333 181 371 228 371 219 390 238 266 333 456 228 304 314 190 304 314 238 276 314 276 304 390 276
0 276 238 247 105 266 190 67 105 238 171 181 209 295 209 171 209 247 228 238 200 323 105 171 76 209 152 228 247 219 247 181 105 238 114 190 76 86 190 133 219 114 238 152 276 10 228 171 0 247 209 171 295 276 105 247 304 190 57 190 124 266 257 200 181 67 304 418 124 190 209 200 276 219 228 200 124 352 200 209 181 380 257 257 38 295 200 342 124 247 266 171 181 266 209 76 266 162 342 181 228
0 295 200 323 200 323 219 171 162 333 266 209 276 390 257 257 304 333 295 304 295 361 200 333 171 314 247 323 342 276 247 266 200 304 209 285 171 181 247 228 276 209 323 238 352 105 266 238 266 0 67 266 390 352 133 238 295 276 162 285 219 257 276 295 276 152 352 352 181 257 266 295 48 247 304 295 219 390 247 162 238 390 209 323 143 371 304 399 181 314 361 238 276 152 314 333 295 257 314 285 276
0 228 133 266 133 295 152 105 133 266 200 295 209 333 190 190 238 266 238 266 228 333 133 266 105 247 181 257 276 238 219 200 133 238 143 219 105 114 209 162 238 143 266 171 285 38 257 181 266 276 0 200 323 314 143 209 333 209 95 219 152 304 276 228 209 86 342 409 152 190 238 228 295 247 257 228 152 342 228 95 200 361 190 257 76 323 238 333 124 247 295 171 219 295 247 304 304 190 314 219 266
0 323 228 285 95 276 29 57 247 228 200 390 247 304 209 190 247 266 247 266 295 190 95 67 257 314 152 152 238 238 181 238 266 257 105 209 67 124 86 124 219 105 67 190 209 228 228 209 266 219 219 0 352 209 95 133 285 238 219 190 285 352 295 200 190 114 314 418 190 228 238 304 171 152 238 181 257 190 228 200 219 247 190 152 257 266 333 171 152 247 257 209 247 238 295 333 304 152 276 285 276
0 390 285 352 304 314 285 285 314 437 342 475 428 428 409 190 181 266 371 323 276 428 304 314 295 333 361 371 437 342 399 456 181 447 314 399 285 295 333 342 257 314 323 399 418 219 143 276 371 323 380 257 0 456 323 228 494 418 276 399 238 390 428 181 323 342 238 494 333 390 276 266 361 361 342 409 342 390 409 409 304 456 323 333 257 380 323 380 333 456 447 390 295 361 124 437 333 266 361 390 352
0 266 266 228 19 276 86 124 171 152 143 333 181 295 190 133 190 209 86 200 219 257 19 124 190 285 143 200 162 181 171 295 190 209 29 133 57 57 143 48 219 29 133 114 247 124 209 143 190 276 209 67 352 0 162 200 209 295 171 181 238 342 228 247 247 181 200 342 133 124 257 276 238 209 162 124 209 247 152 257 143 304 238 209 152 219 276 238 95 171 228 152 171 181 238 257 257 57 266 200 304
0 238 143 257 295 323 257 276 162 304 171 314 295 466 304 181 209 257 162 209 266 323 295 285 171 371 314 257 418 333 228 257 200 304 304 304 276 257 247 295 276 304 295 361 304 219 133 171 276 333 295 228 380 333 0 219 371 390 266 342 333 323 257 171 276 314 228 447 181 323 266 295 380 257 219 323 247 380 314 105 333 371 200 266 247 380 409 371 247 371 333 266 304 380 352 342 333 219 323 361 323
0 399 352 361 285 143 333 295 247 333 323 361 314 418 295 57 323 133 247 228 285 323 285 371 276 219 418 238 380 209 247 418 304 333 295 276 295 285 342 314 86 295 380 380 285 323 342 304 399 304 361 314 219 361 219 0 399 466 371 380 380 219 285 342 380 352 266 390 238 390 352 276 190 209 247 342 266 447 361 314 304 361 257 238 247 352 200 428 323 228 342 276 314 266 342 409 418 304 238 447 380
0 323 200 285 10 276 171 209 171 152 200 323 190 314 190 133 238 209 276 200 238 257 86 209 219 285 162 228 228 181 171 342 190 209 29 133 57 133 228 48 219 29 219 114 276 152 143 200 190 323 228 152 352 257 247 257 0 371 200 200 266 209 257 181 304 247 228 342 190 238 257 276 285 228 219 181 266 238 152 323 143 342 228 295 181 276 266 219 162 171 228 152 171 181 124 257 314 143 266 285 304
0 228 323 190 200 171 133 171 219 295 105 342 143 304 152 133 152 209 48 247 219 266 200 171 219 380 152 266 228 238 257 333 247 171 209 124 171 19 190 238 181 209 181 247 228 171 219 105 171 333 219 114 314 266 209 200 361 0 228 190 295 200 190 124 295 228 162 352 228 133 257 295 285 228 228 295 171 295 133 304 266 323 247 257 190 361 371 285 57 181 257 114 162 257 200 238 323 105 304 247 295
0 342 399 304 257 295 323 247 276 399 219 276 209 447 219 276 257 352 228 352 380 380 257 352 257 390 295 247 333 323 342 361 285 238 266 266 257 162 171 295 238 247 361 257 295 190 276 219 181 428 276 295 371 352 285 228 456 190 0 247 304 371 276 304 361 247 342 494 295 276 380 380 399 314 333 314 304 485 152 371 285 333 352 437 219 409 380 466 200 333 399 171 314 418 266 257 447 285 304 361 409
0 257 152 285 162 323 181 124 162 257 228 314 238 352 219 219 266 295 228 285 257 361 162 276 133 266 209 285 304 266 238 228 162 257 133 247 133 143 228 190 266 133 276 200 314 67 285 209 295 304 29 209 352 152 162 238 323 238 114 0 181 323 304 257 238 114 276 437 181 219 266 257 323 276 285 171 181 371 257 124 228 390 219 285 95 266 257 361 143 276 323 200 238 323 266 323 304 200 333 238 285
0 276 228 238 200 333 143 171 247 342 257 409 247 418 190 276 304 352 228 247 266 304 200 181 238 95 266 133 304 219 295 333 276 276 209 190 171 228 190 238 276 219 181 304 190 238 228 200 323 247 314 114 418 323 95 247 399 352 285 304 0 371 323 257 295 228 190 428 228 342 285 352 162 257 105 219 333 304 333 200 333 304 276 181 276 295 86 285 266 361 323 209 228 266 304 304 352 105 342 257 390
0 247 314 209 181 228 238 238 67 238 219 219 209 418 114 209 219 285 219 86 304 266 181 285 257 276 295 133 228 57 295 323 285 238 190 181 219 162 152 181 181 190 285 247 181 190 190 124 181 285 285 228 314 162 285 152 295 361 238 333 304 0 276 209 247 247 285 371 86 276 171 228 323 257 105 209 304 352 152 276 143 295 133 295 219 304 352 342 200 314 285 171 228 57 266 257 238 219 380 323 266
0 181 276 143 86 133 86 114 114 228 57 266 48 361 57 162 95 238 133 276 247 219 86 124 257 314 209 200 171 257 238 285 257 76 95 209 114 133 133 124 76 105 124 190 247 190 114 57 247 276 200 57 209 76 152 124 285 295 247 171 304 209 0 152 238 171 209 333 133 200 219 266 228 200 171 200 257 247 209 257 209 238 238 209 228 295 314 228 171 247 304 10 247 257 105 143 285 124 228 276 333
0 295 314 257 133 238 105 133 209 266 171 323 266 380 247 19 209 95 190 304 105 276 133 143 238 285 228 200 276 276 228 314 266 285 143 247 143 171 162 162 219 143 143 228 247 200 304 171 200 266 295 86 266 285 181 219 333 314 257 266 314 314 257 0 266 200 304 447 190 209 314 361 247 200 276 266 285 266 266 276 257 314 238 200 200 314 390 257 209 285 295 228 285 295 314 266 380 228 181 361 181
0 257 323 219 143 247 124 152 228 285 181 238 228 399 171 38 228 105 209 228 114 285 143 162 257 295 247 114 285 200 247 314 285 257 152 171 152 190 171 181 238 162 162 247 171 219 304 181 209 285 314 95 276 304 190 228 342 333 266 285 333 323 276 19 0 209 323 333 209 228 295 352 266 209 86 276 304 285 285 295 276 333 257 209 219 333 399 266 228 304 304 190 209 314 285 285 352 247 200 380 200
0 285 380 238 190 247 257 285 228 323 162 361 162 418 171 105 200 181 162 181 342 314 190 295 314 390 266 228 285 152 342 124 162 190 200 247 228 143 314 209 190 200 295 86 276 247 238 162 247 304 333 238 333 304 323 238 380 124 304 304 371 323 238 238 361 0 276 437 247 247 333 257 342 314 200 352 285 418 257 428 114 352 228 276 285 361 437 399 181 304 361 124 285 352 219 257 399 219 342 371 352
0 333 285 295 152 257 238 114 152 285 209 304 238 342 209 162 257 238 285 228 238 371 152 276 124 257 190 276 295 209 304 295 152 266 162 238 124 133 238 181 200 162 285 247 295 57 276 219 276 219 257 219 276 323 152 114 342 285 105 228 171 314 304 143 181 171 0 418 162 238 105 162 257 323 247 190 171 380 247 257 171 266 95 228 86 247 247 390 171 247 314 200 228 314 257 333 171 209 323 228 228
0 162 238 124 124 219 143 181 200 209 38 361 29 380 143 143 76 152 114 124 228 200 124 181 238 105 266 86 152 95 247 276 209 57 133 133 124 171 200 76 162 143 190 143 133 171 95 38 190 257 304 124 295 200 105 105 276 314 228 295 10 266 124 133 304 190 181 0 219 247 257 304 171 209 57 228 257 304 190 200 57 238 162 190 209 124 86 295 209 200 266 133 181 276 76 124 38 114 200 257 295
0 428 409 409 276 162 209 238 295 390 380 333 399 437 314 342 342 418 342 314 342 371 266 247 342 257 333 257 418 295 257 409 371 352 285 304 238 295 257 304 105 285 247 371 304 276 380 323 266 342 399 181 238 390 276 285 456 418 323 371 390 238 466 352 361 295 352 494 0 409 399 295 352 228 333 361 276 371 380 380 323 428 266 304 304 418 466 352 333 333 371 390 352 285 361 342 466 171 361 323 399
0 257 219 219 219 219 238 190 124 295 190 276 228 181 190 209 228 285 228 247 314 342 219 285 95 285 29 143 105 219 304 285 124 257 190 190 190 105 209 247 238 190 314 190 190 124 295 190 247 266 95 247 228 209 228 266 352 295 181 67 200 285 276 219 200 171 333 409 143 0 209 219 304 285 105 228 143 247 219 181 219 371 276 276 57 323 276 418 143 266 323 190 228 295 285 304 266 238 390 304 247
0 333 304 285 171 276 143 181 247 238 209 314 209 333 209 57 247 133 228 257 143 314 171 181 238 190 190 190 266 228 276 352 238 238 181 181 152 219 200 95 266 181 190 162 200 200 257 209 238 114 181 124 304 323 190 257 295 352 257 228 295 295 295 48 76 238 285 342 238 162 0 67 152 238 162 276 304 295 304 276 190 257 276 124 219 143 181 295 247 228 314 200 228 257 247 247 67 181 219 333 133
0 285 247 238 228 380 200 219 209 276 314 266 314 314 152 304 257 380 276 295 352 314 219 238 219 266 295 295 266 276 304 323 257 342 219 304 190 228 247 257 323 219 238 285 238 152 314 162 304 57 124 171 437 380 190 285 342 323 209 333 276 304 323 342 333 209 361 399 228 304 314 0 95 304 266 314 276 361 276 219 285 200 266 67 190 190 352 342 238 361 409 276 333 200 361 371 342 285 352 333 333
0 314 361 276 266 285 257 285 124 285 276 276 266 475 266 247 295 323 285 257 361 323 266 295 314 333 352 285 380 238 342 238 342 285 276 323 285 219 209 304 238 276 295 314 333 247 333 200 238 333 399 228 352 380 323 190 352 418 295 390 361 219 333 266 295 304 399 456 133 323 228 285 0 314 276 257 361 352 209 333 200 342 171 352 276 361 390 399 257 380 456 228 361 114 314 304 285 219 276 371 304
0 295 257 247 114 200 209 86 152 257 162 314 209 380 162 124 209 190 143 257 209 323 114 247 181 276 228 152 257 228 38 257 209 238 124 200 86 162 247 152 143 124 190 219 200 200 219 171 200 352 200 181 228 295 124 67 314 266 257 171 323 276 257 190 181 143 257 447 171 209 257 304 247 0 162 209 314 333 257 219 238 219 48 295 238 304 266 352 200 276 143 181 238 276 200 266 323 171 133 238 171
0 171 314 133 181 228 219 143 152 247 152 304 143 380 95 266 200 333 124 143 342 257 181 257 285 342 342 38 200 114 219 228 314 171 190 86 152 219 238 209 171 190 257 276 86 219 219 105 219 323 323 200 314 285 181 209 304 323 266 352 333 304 219 247 276 200 238 323 171 333 209 266 238 190 0 276 323 295 228 285 304 276 190 333 247 314 390 361 257 333 219 114 124 238 200 200 276 181 295 333 314
0 295 276 257 143 162 219 247 219 190 266 342 276 352 162 219 266 257 190 209 323 323 143 209 304 266 314 257 276 190 266 228 276 304 152 219 114 181 266 133 114 152 257 200 152 238 333 171 276 352 380 190 247 314 285 276 257 247 285 352 342 238 342 314 304 124 314 333 10 295 323 295 361 238 228 0 285 380 276 247 228 219 257 295 266 105 361 361 219 257 352 238 257 295 323 219 143 181 228 333 352
0 304 276 266 200 152 285 162 162 285 266 323 304 390 238 304 304 380 247 295 295 361 200 276 171 304 247 323 342 266 257 342 200 333 209 285 171 181 257 228 276 209 333 295 238 105 276 238 285 181 247 266 390 371 143 285 352 342 152 285 219 228 352 295 276 228 361 456 181 285 276 133 228 228 314 295 0 447 247 247 238 323 266 200 133 200 295 437 219 342 361 266 276 152 304 352 333 257 352 276 323
0 304 371 266 228 361 181 190 228 361 181 380 295 418 295 257 228 333 86 295 314 342 228 219 200 285 276 314 304 304 333 143 228 314 238 257 200 209 238 171 304 238 219 238 361 133 352 190 361 371 285 162 418 304 228 276 428 314 181 314 247 390 276 323 304 238 200 456 247 314 304 323 323 304 314 323 247 0 323 333 266 209 295 304 162 361 323 333 247 304 380 257 304 390 333 380 276 152 428 295 352
0 200 276 162 133 152 209 105 133 266 76 209 67 304 67 133 114 209 152 200 238 228 133 200 114 247 152 219 181 181 257 219 143 86 143 124 105 19 219 171 95 152 257 114 228 48 133 76 38 285 209 190 228 209 143 143 314 219 95 190 162 228 133 171 219 105 219 352 152 124 238 228 257 219 190 228 162 371 0 247 143 190 247 285 76 333 238 361 57 181 257 29 162 276 114 105 295 190 238 219 266
0 133 38 219 266 228 276 228 57 209 238 219 238 361 219 171 238 247 228 295 285 295 266 314 67 276 219 190 314 266 124 247 95 257 276 238 238 152 152 200 171 276 323 266 238 171 304 133 171 238 266 257 276 380 276 114 266 333 228 247 295 228 304 190 171 219 342 409 76 219 162 190 276 152 238 219 295 314 266 0 285 266 95 162 209 276 314 295 143 276 228 200 276 276 285 238 228 247 219 295 228
0 257 323 219 76 276 238 200 228 209 200 314 228 361 171 190 247 266 209 67 295 314 76 276 209 276 209 114 219 48 228 314 238 257 86 171 114 124 295 105 219 86 276 171 162 143 295 181 133 285 276 219 295 314 238 133 276 314 190 247 257 247 295 333 314 200 323 352 247 190 295 333 314 266 86 238 257 333 209 342 0 285 114 219 171 333 333 323 162 238 295 190 209 238 285 209 352 200 323 314 247
0 323 447 285 304 266 314 285 295 390 247 456 295 428 238 304 285 380 276 285 314 409 314 352 295 76 276 181 152 266 371 333 323 323 314 238 285 295 371 333 323 314 361 399 228 228 361 247 361 352 342 295 447 390 323 285 456 456 276 314 342 342 333 295 323 342 171 475 247 390 257 314 371 333 152 361 342 333 380 418 333 0 266 380 257 399 418 466 333 418 371 257 276 390 352 352 314 285 447 399 380
0 257 352 219 181 162 285 314 181 314 304 342 295 342 124 76 238 152 266 247 219 295 190 323 238 238 190 247 238 228 266 437 266 323 190 295 162 238 276 209 105 190 323 276 295 285 323 133 342 333 257 257 190 323 238 29 371 352 342 228 361 238 257 295 323 323 295 409 200 171 257 295 209 238 238 285 285 295 314 342 228 181 0 257 228 380 228 428 276 247 361 257 333 285 314 380 314 247 257 200 133
0 314 266 276 162 342 247 238 228 209 266 285 257 399 181 276 295 352 219 228 371 352 162 285 238 209 314 276 276 209 314 342 276 276 152 276 133 200 304 190 285 152 285 257 171 171 323 190 314 76 143 228 418 333 200 304 276 342 228 352 295 323 323 361 342 219 304 418 247 314 333 257 114 323 247 257 295 409 285 228 285 133 276 0 209 124 371 399 238 323 371 219 314 219 304 342 361 219 380 352 352
0 257 314 219 276 238 257 247 67 238 133 219 171 323 181 171 171 247 209 285 257 285 276 295 38 228 171 228 257 266 285 342 67 200 238 152 247 48 152 266 181 247 304 266 247 181 238 133 200 209 238 238 257 295 228 209 295 380 238 209 143 238 219 162 143 257 323 380 86 152 171 162 247 247 228 190 86 352 162 276 295 352 228 228 0 266 219 409 86 209 285 133 190 238 228 257 238 238 333 276 200
0 200 209 152 38 285 133 162 124 95 171 276 209 276 67 162 171 238 95 114 266 228 38 171 238 200 219 162 181 86 200 342 209 238 48 162 10 86 190 76 238 57 171 143 57 181 285 76 209 266 276 114 342 219 200 181 152 323 228 257 295 285 257 266 295 228 209 352 143 190 228 219 276 247 133 133 238 295 181 304 171 124 162 257 209 0 295 276 124 200 257 171 200 209 266 285 266 95 295 247 257
0 247 152 266 257 304 266 219 171 314 181 333 314 447 276 200 219 276 171 219 257 285 257 304 181 19 304 266 371 304 238 266 209 314 247 314 228 238 266 266 247 257 304 333 276 162 143 181 285 171 238 238 380 342 19 219 371 380 209 342 276 342 266 181 285 257 114 456 152 333 209 266 209 266 238 143 257 399 333 114 276 228 200 105 190 219 0 380 257 352 257 276 304 314 314 352 276 228 266 333 333
0 238 380 200 171 181 200 209 219 285 200 371 209 437 152 219 238 295 105 162 304 323 171 238 219 295 285 95 67 143 285 162 247 238 181 152 209 209 247 190 238 181 238 257 143 152 276 162 228 276 304 171 371 304 247 228 342 333 200 323 266 257 276 209 238 257 219 390 228 285 171 228 304 247 67 333 266 19 295 352 95 219 209 295 181 314 342 0 247 314 285 171 190 304 266 266 228 162 361 314 295
0 190 285 152 209 181 238 257 162 257 105 314 95 247 105 209 143 285 181 209 190 219 209 276 162 352 95 209 171 190 276 361 200 124 219 181 247 171 247 238 124 219 285 257 171 200 162 67 276 333 162 219 257 238 295 171 323 361 247 133 266 257 162 200 266 247 257 295 181 76 266 285 352 238 181 304 209 314 238 257 266 285 257 352 133 333 342 390 0 133 314 57 219 304 143 190 333 238 266 371 323
0 181 361 143 200 247 314 228 247 247 152 361 143 428 190 200 190 276 219 86 67 314 200 352 257 247 314 133 266 57 190 323 285 171 209 57 238 247 333 181 190 209 323 247 181 190 209 152 181 380 352 295 314 314 266 152 314 361 238 323 181 228 238 247 323 247 304 171 266 295 304 361 333 152 105 361 304 352 228 371 228 276 133 314 219 285 257 333 285 0 190 209 95 276 200 238 209 276 266 323 257
0 257 266 219 181 171 209 219 190 314 276 342 295 342 124 86 238 162 266 152 200 295 190 247 219 238 190 200 238 228 266 390 257 323 190 247 162 228 266 209 114 190 257 276 247 152 76 133 304 333 257 190 190 333 238 29 380 352 209 228 276 247 257 114 323 276 162 409 200 171 257 295 209 238 171 285 276 295 314 342 228 181 10 266 190 333 228 285 266 247 0 266 247 295 57 371 314 247 257 200 143
0 181 276 133 200 124 190 219 105 238 48 266 38 399 48 162 95 238 124 285 247 209 200 228 257 304 314 200 162 257 228 323 285 67 209 247 228 219 200 228 67 209 228 285 247 190 114 57 238 314 304 171 209 181 257 114 304 323 238 276 304 200 114 143 285 209 200 333 124 304 219 257 295 200 162 304 247 352 200 323 219 228 238 314 228 314 314 333 257 333 333 0 285 257 95 133 276 181 219 333 323
0 333 314 295 266 342 276 238 238 409 266 399 257 494 266 361 304 437 181 323 238 428 266 314 342 238 399 352 371 295 371 409 342 285 276 390 238 285 333 304 285 285 238 371 266 352 314 266 418 456 380 257 418 399 181 333 466 409 371 437 466 238 323 352 361 295 304 485 257 399 342 409 390 342 333 361 418 437 380 285 371 342 361 399 380 456 494 428 323 428 428 219 0 285 304 352 409 247 171 390 475
0 209 257 171 162 181 238 200 10 181 171 171 152 361 162 171 190 247 190 152 257 209 162 266 200 228 247 181 276 133 238 314 238 181 171 219 200 114 105 190 124 171 276 209 228 133 228 95 133 228 295 209 266 304 238 162 247 314 190 285 257 181 228 162 190 200 304 352 29 219 124 181 266 209 171 152 257 390 95 228 86 285 181 238 171 247 295 380 152 276 342 124 257 0 209 200 181 200 333 314 247
0 276 219 247 181 285 162 162 200 323 219 352 304 304 304 67 266 143 247 333 152 323 181 200 171 304 238 247 314 314 276 333 200 323 190 276 162 171 209 219 276 190 200 285 295 105 19 219 247 314 304 133 314 333 200 219 380 295 152 276 219 361 304 57 276 219 114 437 209 266 209 266 304 238 314 285 219 266 285 304 276 361 200 247 133 276 295 257 209 342 352 266 190 342 0 314 257 247 238 276 228
0 276 380 238 266 333 323 352 352 342 152 371 143 380 295 266 200 342 228 266 352 314 266 361 361 428 228 304 266 238 361 428 390 171 276 352 314 314 380 304 276 285 352 371 352 295 219 162 333 295 285 304 333 314 390 219 409 428 342 266 399 409 247 247 447 304 304 428 371 380 371 428 333 333 276 428 380 352 304 380 200 475 304 371 323 418 418 447 352 428 475 247 390 437 200 0 437 285 323 437 428
0 276 285 238 124 266 152 190 200 171 190 361 181 361 143 124 228 114 181 190 228 314 124 190 209 276 276 219 257 171 228 333 181 200 133 124 95 162 209 38 209 133 200 105 133 143 200 152 247 285 342 133 342 295 228 257 238 361 190 314 228 238 247 238 314 247 285 333 219 276 247 266 304 219 209 219 257 314 257 323 133 209 238 219 171 86 266 304 200 162 257 143 162 285 181 266 0 124 323 266 333
0 304 238 266 105 285 38 67 257 238 219 399 257 314 219 200 257 276 257 152 171 209 105 76 276 333 162 171 247 247 190 247 276 266 114 219 76 133 95 133 228 114 76 200 219 238 238 181 276 228 228 19 371 219 105 152 304 247 238 200 295 323 304 209 200 133 323 428 209 238 257 314 181 162 171 200 266 200 238 209 228 257 200 162 266 276 342 190 171 266 266 219 257 247 295 342 314 0 285 152 295
0 219 238 181 105 171 105 67 152 238 95 304 86 380 95 200 133 276 19 219 238 257 95 143 247 352 228 190 209 266 257 247 276 114 114 219 76 143 162 133 114 114 152 200 238 181 152 95 276 295 209 86 247 228 105 162 295 238 209 266 295 247 152 190 200 124 133 371 171 257 228 285 257 228 209 190 295 266 238 209 228 276 219 228 209 295 361 257 181 257 266 48 257 266 143 181 295 76 0 219 314
0 219 333 200 190 200 228 162 162 285 200 323 190 390 105 238 209 314 143 152 19 276 190 266 285 200 333 48 219 133 152 333 257 219 200 95 162 238 257 219 143 200 276 285 95 238 257 114 228 181 247 209 285 361 200 181 352 285 285 285 352 276 285 295 285 219 257 390 181 323 266 333 228 124 171 285 323 304 295 295 314 238 162 352 257 361 380 380 276 352 228 276 143 257 238 285 314 200 247 0 295
0 285 247 247 247 247 266 219 152 323 219 314 257 209 162 219 257 295 247 276 323 333 247 314 105 314 57 171 133 257 333 304 133 285 228 219 219 133 247 133 266 228 342 200 219 162 333 171 285 276 124 285 266 247 257 285 390 323 209 95 228 314 304 228 209 209 361 428 171 38 238 228 105 323 143 257 171 162 247 219 228 342 266 295 95 333 304 447 171 266 352 219 257 209 314 342 304 266 371 333 0
SETUP_COST
0.0 3620.0 5140.0 2860.0 2280.0 4760.0 1140.0 1720.0 4380.0 4000.0 1140.0 7600.0 960.0 6080.0 3240.0 2860.0 1900.0 2860.0 2660.0 1140.0 4940.0 4180.0 2280.0 1900.0 2860.0 5900.0 3040.0 2100.0 3420.0 3800.0 4180.0 5140.0 3420.0 1340.0 2660.0 2860.0 1720.0 2860.0 2100.0 1140.0 3620.0 2660.0 1900.0 2480.0 3040.0 3240.0 2280.0 1140.0 4760.0 4940.0 4380.0 580.0 4760.0 4380.0 2480.0 2480.0 5140.0 5320.0 4180.0 3800.0 5140.0 4760.0 2860.0 3040.0 4180.0 2860.0 4000.0 6660.0 4380.0 2660.0 5320.0 5140.0 4000.0 3620.0 1520.0 4180.0 5320.0 4380.0 4180.0 4560.0 3040.0 4560.0 2100.0 3620.0 3800.0 2100.0 5700.0 4000.0 3620.0 3800.0 5520.0 3040.0 3620.0 5320.0 1900.0 2100.0 580.0 2860.0 4380.0 5900.0 2100.0
0.0 0.0 3620.0 4180.0 2860.0 5140.0 5140.0 2660.0 4180.0 1520.0 2480.0 4760.0 2280.0 5140.0 4180.0 3420.0 3240.0 4940.0 4000.0 5140.0 5320.0 5520.0 3420.0 5900.0 3040.0 6460.0 4760.0 4000.0 4760.0 4560.0 1720.0 6280.0 3620.0 2660.0 3040.0 5140.0 2860.0 3420.0 5900.0 3620.0 4000.0 3040.0 4760.0 4380.0 4000.0 4000.0 3620.0 2480.0 4000.0 6460.0 4940.0 4760.0 5520.0 5700.0 3420.0 2280.0 2660.0 6280.0 4940.0 4560.0 6280.0 5700.0 4180.0 4380.0 4560.0 3800.0 5320.0 7980.0 4380.0 4380.0 4760.0 5520.0 5900.0 1140.0 4180.0 5320.0 6280.0 7420.0 3240.0 5520.0 4760.0 5320.0 1900.0 6840.0 4560.0 2860.0 6280.0 7040.0 4180.0 6080.0 4000.0 3420.0 5900.0 6080.0 3240.0 4000.0 4760.0 4560.0 3800.0 5900.0 4560.0
0.0 5700.0 0.0 5140.0 4760.0 5700.0 5140.0 4000.0 4180.0 4000.0 4380.0 6280.0 4000.0 7220.0 4180.0 3420.0 5140.0 4940.0 4940.0 5320.0 5140.0 5700.0 4760.0 5900.0 760.0 7040.0 4180.0 3040.0 5700.0 4760.0 5320.0 4180.0 1340.0 4560.0 4760.0 4180.0 4180.0 4380.0 5900.0 3240.0 4560.0 4760.0 5900.0 4560.0 4000.0 2860.0 5520.0 3620.0 2860.0 4180.0 4760.0 4760.0 5140.0 6840.0 4940.0 4940.0 5320.0 6460.0 3800.0 4180.0 5140.0 7220.0 5520.0 3040.0 2860.0 4000.0 6840.0 8180.0 4000.0 3800.0 6280.0 3040.0 4940.0 6080.0 4380.0 3800.0 5140.0 5520.0 6660.0 3040.0 5140.0 7040.0 4560.0 4380.0 3620.0 5320.0 6660.0 5320.0 2280.0 4760.0 6840.0 3420.0 4940.0 7040.0 5140.0 4180.0 6660.0 5900.0 6660.0 5520.0 3800.0
0.0 960.0 4560.0 0.0 1340.0 4560.0 4560.0 3420.0 4180.0 2280.0 3040.0 5520.0 2860.0 5900.0 3040.0 3620.0 3800.0 5140.0 4560.0 5140.0 5700.0 6080.0 1340.0 5320.0 3800.0 5900.0 4760.0 4760.0 4180.0 4560.0 2660.0 6280.0 4380.0 3420.0 1520.0 3620.0 2100.0 2280.0 5700.0 1900.0 3420.0 1520.0 5320.0 3240.0 4760.0 2660.0 4180.0 3040.0 2660.0 6840.0 5900.0 4180.0 6080.0 5700.0 4180.0 3240.0 3420.0 6280.0 3800.0 5320.0 4180.0 6080.0 4180.0 4940.0 5320.0 4000.0 6080.0 4000.0 4560.0 4380.0 5520.0 6280.0 5900.0 1900.0 4380.0 4560.0 5140.0 5140.0 1900.0 6280.0 3800.0 5700.0 2660.0 7040.0 3420.0 3800.0 5700.0 7600.0 3040.0 4560.0 4760.0 2100.0 4560.0 4560.0 4000.0 4000.0 4760.0 3800.0 4560.0 6280.0 4000.0
0.0 6280.0 4940.0 5520.0 0.0 5320.0 3240.0 4000.0 3240.0 2860.0 3800.0 6280.0 3620.0 6460.0 3620.0 2480.0 4560.0 4000.0 5320.0 3800.0 4560.0 4940.0 1520.0 4000.0 4180.0 5520.0 4940.0 4380.0 4380.0 3420.0 3240.0 6660.0 3620.0 4000.0 380.0 2480.0 960.0 2480.0 4380.0 760.0 4180.0 380.0 4180.0 2100.0 5320.0 2860.0 4940.0 3800.0 3620.0 6280.0 6280.0 2860.0 6840.0 4940.0 4760.0 4940.0 4000.0 7220.0 3800.0 5700.0 5140.0 6660.0 4940.0 5700.0 5900.0 4760.0 6660.0 6660.0 3620.0 4560.0 4940.0 5320.0 5520.0 4380.0 4180.0 3420.0 5140.0 6660.0 2860.0 6660.0 2660.0 6660.0 4380.0 5700.0 3420.0 5320.0 5320.0 6280.0 3040.0 3240.0 4380.0 2860.0 3240.0 3420.0 4560.0 4940.0 6080.0 2660.0 5140.0 5520.0 5900.0
0.0 6460.0 6460.0 5700.0 3800.0 0.0 5520.0 3040.0 2860.0 6280.0 4760.0 5900.0 5700.0 8940.0 3800.0 3800.0 5520.0 5320.0 4180.0 3240.0 5700.0 6840.0 3620.0 6280.0 4940.0 4560.0 5900.0 4180.0 6080.0 2660.0 2100.0 6660.0 5700.0 6280.0 4000.0 5140.0 3240.0 4560.0 4560.0 4380.0 4380.0 4000.0 5140.0 5700.0 5140.0 5320.0 5320.0 4000.0 5140.0 7040.0 5320.0 5140.0 5900.0 4760.0 3800.0 2660.0 7420.0 6660.0 6280.0 4760.0 5900.0 1520.0 6280.0 5320.0 4940.0 4180.0 6460.0 8940.0 3240.0 5520.0 4940.0 6080.0 6280.0 1520.0 3620.0 5520.0 7600.0 8180.0 4560.0 5900.0 3420.0 5900.0 2280.0 7420.0 5900.0 7600.0 6660.0 8360.0 5320.0 6840.0 4380.0 4940.0 6080.0 2660.0 5320.0 6660.0 6280.0 4940.0 4000.0 6280.0 4940.0
0.0 6080.0 7600.0 5700.0 4000.0 4940.0 0.0 4000.0 4940.0 6660.0 5700.0 7980.0 5520.0 9120.0 3800.0 3420.0 5700.0 4760.0 4560.0 4760.0 5520.0 7220.0 4000.0 6080.0 5520.0 6460.0 6280.0 2660.0 6080.0 4380.0 3240.0 7600.0 6080.0 6080.0 4180.0 3620.0 4180.0 4760.0 1140.0 4560.0 3800.0 4180.0 6080.0 5900.0 3620.0 4180.0 5900.0 4000.0 6280.0 8360.0 6460.0 4940.0 6660.0 3620.0 4940.0 2280.0 7800.0 7600.0 5140.0 5900.0 6460.0 6460.0 7420.0 3620.0 3240.0 5320.0 6840.0 9500.0 5320.0 5700.0 7040.0 7600.0 3040.0 2480.0 4940.0 6080.0 6460.0 7600.0 6660.0 6840.0 6460.0 6840.0 3420.0 6840.0 4760.0 7980.0 6280.0 7980.0 5520.0 6660.0 5320.0 5900.0 4560.0 5140.0 6460.0 7420.0 7980.0 4760.0 5140.0 7220.0 5140.0
0.0 5520.0 3620.0 4940.0 760.0 5900.0 2660.0 0.0 4000.0 3420.0 3240.0 7040.0 4180.0 7220.0 4380.0 3040.0 4180.0 4560.0 4000.0 4560.0 4940.0 5520.0 760.0 3420.0 4180.0 6080.0 4180.0 4380.0 3620.0 4000.0 3800.0 3620.0 4180.0 4760.0 960.0 3040.0 200.0 1720.0 3620.0 1340.0 4760.0 960.0 3420.0 2660.0 5320.0 3420.0 3420.0 3420.0 4180.0 5900.0 5520.0 2100.0 7420.0 4380.0 960.0 4560.0 4760.0 3620.0 4560.0 4940.0 5700.0 7220.0 5140.0 3040.0 2660.0 1340.0 5320.0 7220.0 2860.0 3800.0 3800.0 4940.0 5520.0 4940.0 3800.0 2660.0 4560.0 5900.0 3420.0 2860.0 3240.0 6840.0 4000.0 4560.0 4180.0 4560.0 5900.0 5520.0 2480.0 4000.0 4000.0 3420.0 4000.0 4000.0 5140.0 5520.0 4940.0 1900.0 5700.0 4940.0 5140.0
0.0 4000.0 4940.0 3240.0 4560.0 3420.0 4560.0 5140.0 0.0 3420.0 5520.0 3240.0 5320.0 7040.0 4560.0 3240.0 3620.0 4760.0 5140.0 5140.0 4940.0 4760.0 4560.0 5140.0 5520.0 4380.0 5900.0 3420.0 6840.0 4560.0 4560.0 8560.0 6280.0 4180.0 4760.0 4380.0 5140.0 4760.0 1900.0 4180.0 2280.0 4760.0 5320.0 5320.0 4380.0 5900.0 6660.0 1720.0 5700.0 4380.0 5700.0 4000.0 5140.0 6660.0 5900.0 3040.0 4760.0 8740.0 6840.0 6660.0 6460.0 3420.0 6660.0 3040.0 3620.0 6280.0 6280.0 7040.0 380.0 5320.0 2280.0 3420.0 5140.0 4000.0 4940.0 7420.0 5900.0 7800.0 5140.0 4380.0 5900.0 7220.0 4760.0 4560.0 6280.0 5140.0 5700.0 7420.0 5520.0 6660.0 6660.0 5320.0 5140.0 4380.0 6280.0 4000.0 3420.0 3800.0 6460.0 6660.0 4760.0
0.0 7220.0 2280.0 6460.0 1520.0 4940.0 4760.0 5320.0 4760.0 0.0 5140.0 7800.0 4940.0 3800.0 5140.0 3800.0 2100.0 5320.0 6660.0 5320.0 5900.0 6280.0 2860.0 5520.0 2860.0 6840.0 3240.0 5320.0 4940.0 4760.0 4560.0 6460.0 3420.0 5520.0 1720.0 3800.0 2280.0 3800.0 5900.0 2100.0 3800.0 1720.0 5520.0 3420.0 6080.0 4180.0 4180.0 4760.0 4940.0 6280.0 4560.0 4380.0 6080.0 5700.0 6080.0 3240.0 1340.0 8560.0 5140.0 4000.0 6460.0 5520.0 4380.0 4560.0 4940.0 6080.0 5900.0 7980.0 4940.0 2860.0 6460.0 5320.0 6840.0 5900.0 4940.0 4760.0 5320.0 5900.0 4180.0 5320.0 4000.0 7420.0 5900.0 6660.0 4000.0 4940.0 6660.0 5700.0 4560.0 4760.0 5900.0 4180.0 4560.0 4760.0 3800.0 6280.0 3420.0 4000.0 6460.0 7040.0 6080.0
0.0 2660.0 4560.0 1720.0 3040.0 3800.0 3420.0 4000.0 4000.0 4000.0 0.0 7220.0 2660.0 7600.0 2860.0 3040.0 960.0 4560.0 1520.0 4760.0 5320.0 3240.0 3040.0 4180.0 5140.0 6280.0 5320.0 5140.0 5140.0 4180.0 4380.0 7420.0 5700.0 3240.0 3240.0 5320.0 3800.0 3420.0 4560.0 3620.0 2660.0 3240.0 4180.0 4940.0 6080.0 3800.0 4180.0 200.0 3800.0 7220.0 5520.0 3040.0 5320.0 3240.0 4760.0 2100.0 5140.0 6080.0 4940.0 5140.0 5140.0 5320.0 1900.0 3420.0 6660.0 4940.0 3800.0 5700.0 4380.0 5520.0 5700.0 6280.0 5700.0 3620.0 4560.0 5700.0 4560.0 6660.0 3040.0 6460.0 3420.0 6460.0 4380.0 5900.0 4560.0 5320.0 6080.0 6280.0 4180.0 6280.0 6460.0 1900.0 6080.0 6280.0 3800.0 4560.0 6280.0 2860.0 6280.0 5700.0 5700.0
0.0 4940.0 4560.0 4180.0 3040.0 4760.0 4940.0 2480.0 3800.0 5700.0 4000.0 0.0 4380.0 8360.0 3620.0 3040.0 4940.0 4560.0 3620.0 4560.0 4940.0 6080.0 3040.0 5700.0 4380.0 6080.0 5320.0 2480.0 5900.0 4180.0 1520.0 5900.0 4940.0 4940.0 3240.0 3620.0 2480.0 4000.0 2660.0 3800.0 3620.0 3240.0 4380.0 5140.0 3420.0 4760.0 5140.0 3800.0 4760.0 4560.0 4760.0 4380.0 5320.0 5140.0 3240.0 2100.0 7040.0 5900.0 5900.0 4180.0 7040.0 4180.0 3620.0 3040.0 3800.0 3620.0 5900.0 7980.0 4180.0 4940.0 2280.0 3420.0 5320.0 760.0 1900.0 4940.0 7040.0 7420.0 5900.0 5140.0 5520.0 4760.0 1720.0 4760.0 5520.0 5140.0 5900.0 7800.0 4760.0 5700.0 3620.0 3800.0 4380.0 5320.0 4760.0 3040.0 3620.0 4180.0 3420.0 5520.0 4180.0
0.0 2860.0 4760.0 2100.0 3240.0 4000.0 3620.0 4180.0 4380.0 4000.0 380.0 7420.0 0.0 7220.0 3040.0 2480.0 1140.0 4000.0 1900.0 4940.0 4180.0 3420.0 3240.0 4380.0 4380.0 5900.0 5520.0 3240.0 2660.0 4380.0 4560.0 5700.0 5140.0 580.0 3420.0 4380.0 4000.0 3620.0 4760.0 3800.0 2860.0 3420.0 4380.0 5140.0 4180.0 3040.0 1520.0 380.0 4000.0 6840.0 5700.0 3240.0 5520.0 3620.0 5140.0 1720.0 5320.0 5700.0 4180.0 5320.0 5320.0 5520.0 2100.0 2280.0 6080.0 3420.0 3240.0 5900.0 4560.0 5700.0 4760.0 5900.0 5320.0 3800.0 2660.0 5900.0 4760.0 6460.0 3240.0 6660.0 3620.0 6660.0 4560.0 6080.0 3800.0 5700.0 5520.0 6280.0 4380.0 6080.0 6660.0 2280.0 4940.0 6460.0 1140.0 1900.0 5900.0 3040.0 3620.0 5900.0 5700.0
0.0 4000.0 6080.0 3240.0 4560.0 5140.0 4940.0 5520.0 5520.0 4560.0 1520.0 8740.0 1720.0 0.0 4380.0 4180.0 2480.0 5700.0 3040.0 4180.0 3800.0 4760.0 4560.0 5700.0 6080.0 5520.0 6840.0 4940.0 4380.0 3620.0 5700.0 6280.0 6660.0 2280.0 4760.0 3620.0 5320.0 4560.0 6080.0 5140.0 4000.0 4760.0 3420.0 6460.0 5900.0 4760.0 3240.0 1720.0 5320.0 7420.0 7040.0 4560.0 6840.0 4760.0 4380.0 3240.0 5900.0 7420.0 5700.0 6660.0 5520.0 6660.0 3420.0 3800.0 7800.0 5140.0 4940.0 5900.0 5900.0 6660.0 6280.0 7600.0 6840.0 5140.0 4380.0 7220.0 6080.0 3420.0 4560.0 6280.0 4940.0 7040.0 4940.0 6080.0 5520.0 6840.0 5320.0 7800.0 5320.0 2480.0 6080.0 3420.0 4380.0 7800.0 2860.0 3620.0 6660.0 4180.0 5320.0 7220.0 7040.0
0.0 2860.0 4760.0 1900.0 3240.0 4560.0 5700.0 5140.0 1340.0 4180.0 4180.0 4380.0 4000.0 7800.0 0.0 4380.0 2280.0 5900.0 4760.0 5140.0 6080.0 3420.0 3240.0 6460.0 5320.0 5140.0 5520.0 3040.0 2280.0 4760.0 4560.0 6460.0 5900.0 4560.0 3420.0 4000.0 4000.0 4000.0 3040.0 3800.0 3620.0 3420.0 4560.0 5140.0 4000.0 4560.0 5320.0 380.0 4560.0 5520.0 6840.0 5320.0 6280.0 7220.0 6080.0 3420.0 5320.0 8180.0 5700.0 6280.0 5320.0 4560.0 5900.0 4180.0 4940.0 5700.0 6080.0 5900.0 1720.0 6280.0 3420.0 4560.0 6460.0 3800.0 2480.0 6460.0 4760.0 6840.0 3800.0 5520.0 4760.0 3800.0 4560.0 5900.0 4940.0 5520.0 6840.0 8560.0 4760.0 6460.0 6660.0 4000.0 4940.0 5700.0 4940.0 5140.0 4760.0 4940.0 6460.0 7980.0 5700.0
0.0 7040.0 7800.0 6660.0 4560.0 4380.0 6660.0 5900.0 4000.0 5700.0 6080.0 6280.0 5900.0 9320.0 4760.0 0.0 7040.0 1520.0 5520.0 5700.0 8740.0 8180.0 4560.0 7420.0 4560.0 7800.0 7220.0 3620.0 7040.0 5320.0 6460.0 9320.0 5140.0 6460.0 4940.0 4760.0 5520.0 4560.0 5700.0 5320.0 5520.0 4940.0 7420.0 6660.0 4560.0 6840.0 7220.0 4940.0 7220.0 5140.0 6080.0 6080.0 4940.0 6460.0 6660.0 6280.0 6840.0 9320.0 7800.0 7980.0 6460.0 5900.0 5140.0 6840.0 6660.0 7040.0 7800.0 9880.0 3620.0 6840.0 6080.0 6840.0 5900.0 5900.0 6080.0 7600.0 5520.0 8740.0 6840.0 7980.0 7220.0 6280.0 5700.0 3620.0 3800.0 6080.0 7980.0 9500.0 5320.0 7800.0 5700.0 5140.0 5520.0 7040.0 6840.0 7800.0 7220.0 6660.0 8360.0 9320.0 7600.0
0.0 7600.0 6280.0 6840.0 4000.0 2860.0 4560.0 5140.0 5520.0 6660.0 5900.0 8180.0 7040.0 8360.0 5900.0 2280.0 0.0 3800.0 5900.0 3800.0 4560.0 7420.0 4000.0 5320.0 6660.0 5320.0 6660.0 4760.0 6840.0 3420.0 4940.0 8740.0 7220.0 6660.0 4180.0 5900.0 4760.0 4940.0 5700.0 4560.0 1720.0 4180.0 5520.0 5900.0 5700.0 5320.0 7220.0 5900.0 5320.0 6460.0 7800.0 4180.0 4560.0 7600.0 5320.0 1140.0 7980.0 8740.0 6080.0 7420.0 7600.0 4380.0 6840.0 2660.0 7600.0 6460.0 6460.0 8940.0 5700.0 6280.0 7800.0 5520.0 4760.0 4180.0 4180.0 6460.0 5320.0 7800.0 6660.0 5700.0 2660.0 8360.0 4760.0 5900.0 5900.0 8180.0 5140.0 7600.0 5700.0 5520.0 7040.0 6280.0 6660.0 5320.0 7040.0 6660.0 8940.0 6660.0 5700.0 8740.0 6080.0
0.0 5520.0 7040.0 5140.0 4940.0 3240.0 5700.0 4380.0 2480.0 5900.0 5140.0 5520.0 4940.0 8940.0 3240.0 5520.0 5520.0 0.0 4000.0 4180.0 7220.0 6660.0 4940.0 6460.0 6660.0 6280.0 7040.0 2100.0 5520.0 3800.0 5140.0 7800.0 7220.0 5520.0 5140.0 3240.0 4380.0 4380.0 4180.0 5700.0 4000.0 5140.0 6660.0 7040.0 3040.0 5320.0 6280.0 3420.0 5700.0 3620.0 4560.0 5320.0 6840.0 7800.0 5140.0 5320.0 7040.0 7800.0 6280.0 7800.0 7600.0 4760.0 6840.0 5320.0 6080.0 5520.0 6280.0 8940.0 2860.0 6660.0 4560.0 5700.0 4380.0 4560.0 4560.0 6840.0 7600.0 7220.0 6660.0 6460.0 6460.0 4760.0 5140.0 2100.0 6080.0 4560.0 7980.0 8740.0 5140.0 7800.0 5900.0 6280.0 4000.0 5700.0 6080.0 6280.0 5900.0 5140.0 7220.0 7980.0 7040.0
0.0 7220.0 6080.0 6460.0 3240.0 6840.0 1900.0 2480.0 5320.0 5900.0 4940.0 8360.0 5700.0 7420.0 5700.0 5140.0 5900.0 6660.0 0.0 4180.0 4560.0 5320.0 3240.0 2660.0 4760.0 7420.0 4380.0 4560.0 6080.0 6080.0 5140.0 6080.0 5320.0 6280.0 3420.0 5320.0 2660.0 3240.0 3040.0 3800.0 5700.0 3420.0 2660.0 5140.0 5520.0 3420.0 5900.0 4760.0 6280.0 5700.0 4000.0 1520.0 7800.0 5520.0 3420.0 4180.0 7220.0 4560.0 3800.0 5140.0 5700.0 7800.0 6660.0 5140.0 5140.0 3800.0 2480.0 9700.0 5320.0 5520.0 4380.0 5520.0 4760.0 4380.0 4560.0 5140.0 5700.0 5140.0 5520.0 5320.0 5700.0 5900.0 4180.0 4380.0 4000.0 6840.0 7220.0 4940.0 4000.0 6460.0 6460.0 5140.0 6080.0 6080.0 6840.0 7600.0 5700.0 1340.0 7040.0 4180.0 6840.0
0.0 3800.0 6660.0 3040.0 3800.0 4180.0 4760.0 3240.0 3420.0 5140.0 3420.0 6460.0 3240.0 7800.0 2100.0 2480.0 4380.0 4000.0 2860.0 0.0 5320.0 5520.0 3800.0 5520.0 5520.0 5700.0 4760.0 1140.0 4380.0 2660.0 4760.0 4940.0 4940.0 3800.0 4000.0 2100.0 3240.0 4760.0 5140.0 2100.0 3040.0 4180.0 5520.0 3420.0 2100.0 4180.0 4760.0 2280.0 4760.0 6660.0 5900.0 4180.0 4760.0 6080.0 4000.0 1520.0 6460.0 6840.0 5140.0 5520.0 6460.0 3620.0 4760.0 5320.0 5700.0 4380.0 5140.0 6840.0 3620.0 4180.0 4560.0 5700.0 5140.0 4000.0 380.0 5700.0 6460.0 6280.0 4940.0 6080.0 4000.0 4560.0 960.0 6080.0 4760.0 6660.0 5520.0 7600.0 5520.0 4560.0 4760.0 2480.0 2860.0 4560.0 4380.0 4380.0 5900.0 4000.0 6080.0 4940.0 3620.0
0.0 7800.0 7040.0 6840.0 4180.0 3620.0 6080.0 3620.0 4940.0 7040.0 5320.0 8180.0 6280.0 9320.0 5140.0 4380.0 6080.0 5900.0 4760.0 6840.0 0.0 8360.0 4180.0 6840.0 5520.0 3800.0 6280.0 4940.0 7220.0 6280.0 2660.0 7040.0 6080.0 6660.0 4380.0 5900.0 3620.0 5140.0 6840.0 4940.0 2480.0 4560.0 5700.0 6280.0 5900.0 6080.0 6280.0 5320.0 5900.0 7220.0 5900.0 5700.0 5320.0 7800.0 4380.0 3240.0 8180.0 7220.0 7040.0 5320.0 8360.0 5140.0 6280.0 5700.0 5520.0 4760.0 5700.0 9880.0 5320.0 6080.0 7040.0 6280.0 6840.0 2100.0 5140.0 6080.0 6080.0 8560.0 7040.0 6460.0 6840.0 4380.0 2860.0 7600.0 6660.0 8180.0 7220.0 8940.0 5900.0 7420.0 4760.0 5520.0 6660.0 6280.0 5900.0 7220.0 8360.0 5320.0 4560.0 6840.0 5520.0
0.0 4760.0 5900.0 3800.0 4940.0 3800.0 4560.0 4560.0 2860.0 5900.0 2280.0 4180.0 1900.0 5140.0 2100.0 4380.0 3040.0 5900.0 3800.0 6660.0 6080.0 0.0 5140.0 5320.0 2280.0 3620.0 2100.0 4560.0 4380.0 6280.0 5700.0 7420.0 2860.0 1340.0 4940.0 4560.0 4560.0 2480.0 4560.0 5520.0 2660.0 5140.0 5320.0 6840.0 5520.0 3240.0 3420.0 2280.0 5320.0 4940.0 3420.0 4180.0 5320.0 4940.0 3620.0 3420.0 4760.0 7420.0 4380.0 2860.0 1900.0 5320.0 3420.0 4180.0 4380.0 5140.0 2660.0 7800.0 3240.0 4560.0 4760.0 4000.0 4940.0 4940.0 4000.0 5320.0 1340.0 6460.0 4760.0 5320.0 5520.0 5700.0 4560.0 5140.0 1520.0 5320.0 3420.0 7600.0 3240.0 5700.0 7220.0 1340.0 5320.0 4380.0 3040.0 3800.0 5900.0 4000.0 4380.0 6840.0 5320.0
0.0 5140.0 5140.0 4380.0 200.0 5140.0 3420.0 4000.0 3240.0 2860.0 2660.0 6460.0 3420.0 6460.0 3620.0 2480.0 3420.0 4000.0 4180.0 3800.0 4560.0 4940.0 0.0 4180.0 4180.0 5520.0 3620.0 3620.0 3040.0 3420.0 3240.0 6080.0 3620.0 4000.0 380.0 2480.0 960.0 960.0 4380.0 760.0 4000.0 380.0 4180.0 2100.0 4560.0 2860.0 4940.0 2660.0 3620.0 6460.0 4940.0 2860.0 6840.0 5140.0 4760.0 4560.0 4000.0 7220.0 3800.0 4380.0 5140.0 6660.0 4380.0 5700.0 5900.0 4760.0 6280.0 6660.0 3620.0 3240.0 4940.0 5320.0 5520.0 4380.0 3040.0 3420.0 4000.0 6660.0 2860.0 6660.0 2660.0 6660.0 4380.0 5900.0 3420.0 5320.0 5320.0 6280.0 1720.0 3240.0 4380.0 2860.0 3240.0 3420.0 4560.0 4940.0 6080.0 2660.0 5140.0 5700.0 5900.0
0.0 6840.0 6080.0 6080.0 1140.0 6280.0 4380.0 4940.0 4180.0 3800.0 4760.0 7420.0 4560.0 7420.0 4560.0 3420.0 5520.0 4560.0 6080.0 4760.0 5520.0 5900.0 2480.0 0.0 5140.0 5900.0 5900.0 5320.0 5320.0 4380.0 4180.0 7800.0 4560.0 5140.0 1340.0 3420.0 1900.0 3420.0 5320.0 1720.0 5140.0 1340.0 5140.0 3040.0 5140.0 3800.0 5900.0 4760.0 4560.0 3240.0 4560.0 3800.0 7800.0 6080.0 5700.0 5900.0 4940.0 8180.0 4760.0 6660.0 6080.0 7600.0 5900.0 6660.0 6840.0 5700.0 7800.0 7600.0 4560.0 5520.0 5900.0 5140.0 4000.0 5320.0 5140.0 4380.0 6080.0 7600.0 3800.0 6280.0 3620.0 4380.0 5320.0 1720.0 4380.0 4180.0 6280.0 7220.0 4180.0 4180.0 5320.0 3800.0 4180.0 4380.0 5520.0 5900.0 7040.0 3620.0 6080.0 6660.0 6840.0
0.0 6840.0 6660.0 6080.0 4940.0 6460.0 4560.0 5140.0 6280.0 6460.0 5700.0 6840.0 6280.0 7220.0 5520.0 2860.0 6280.0 4380.0 4560.0 5900.0 4380.0 7420.0 4940.0 5320.0 0.0 7800.0 4380.0 4560.0 5900.0 5320.0 7040.0 7600.0 760.0 6840.0 4180.0 5520.0 4760.0 5900.0 5320.0 5700.0 5320.0 4180.0 5320.0 7040.0 5520.0 4940.0 7220.0 4380.0 6460.0 3620.0 4180.0 4180.0 4380.0 6660.0 5900.0 4380.0 7800.0 7980.0 5900.0 3620.0 7220.0 7980.0 5520.0 2480.0 2280.0 5700.0 6280.0 8740.0 3420.0 3800.0 7980.0 2480.0 4380.0 6460.0 3800.0 3240.0 6660.0 6460.0 6660.0 6080.0 7600.0 6280.0 3800.0 3800.0 4940.0 4760.0 8360.0 7420.0 6460.0 8180.0 8180.0 5700.0 6280.0 6460.0 6840.0 7600.0 5900.0 5900.0 6080.0 4940.0 3240.0
0.0 5900.0 7600.0 7800.0 4940.0 7040.0 6660.0 4180.0 4940.0 7420.0 6080.0 7980.0 6660.0 8740.0 6080.0 5140.0 7040.0 6660.0 7600.0 6460.0 4940.0 9320.0 4940.0 7420.0 4380.0 0.0 5900.0 7420.0 7420.0 6080.0 7420.0 7800.0 4940.0 7220.0 5140.0 6660.0 4380.0 4560.0 6660.0 5520.0 5900.0 5140.0 7600.0 6840.0 7800.0 3040.0 7420.0 6280.0 7420.0 6280.0 7040.0 6280.0 7420.0 8360.0 4940.0 4180.0 8560.0 7600.0 4000.0 6660.0 5320.0 8180.0 7980.0 4760.0 5520.0 5520.0 2100.0 9880.0 5320.0 6660.0 4000.0 5140.0 7040.0 6840.0 6840.0 5700.0 5320.0 9500.0 6840.0 7040.0 5320.0 7220.0 3800.0 6460.0 3620.0 6840.0 6840.0 9700.0 5320.0 6840.0 8180.0 5900.0 5900.0 8180.0 7040.0 8360.0 5320.0 6080.0 8360.0 6460.0 6460.0
0.0 4760.0 3800.0 4000.0 4000.0 7220.0 4380.0 3240.0 4000.0 5900.0 4560.0 7040.0 4760.0 3040.0 5140.0 5140.0 5520.0 6660.0 5320.0 6460.0 5900.0 7800.0 4000.0 5140.0 3420.0 6080.0 0.0 6280.0 6840.0 6080.0 5520.0 5320.0 4000.0 5320.0 3420.0 5700.0 3420.0 3620.0 5320.0 4560.0 6080.0 3420.0 6280.0 4760.0 7040.0 2100.0 6280.0 4560.0 6460.0 6840.0 1340.0 4940.0 7800.0 3800.0 4000.0 5520.0 7220.0 5520.0 3040.0 960.0 4380.0 7420.0 6460.0 5900.0 5520.0 3040.0 6280.0 7800.0 4380.0 5140.0 6080.0 5900.0 7220.0 5700.0 5520.0 4180.0 4380.0 4380.0 5700.0 3240.0 5320.0 8560.0 5140.0 6460.0 2660.0 6080.0 5900.0 7980.0 3620.0 5520.0 7220.0 4760.0 5520.0 7220.0 5900.0 6660.0 6840.0 4760.0 7600.0 5520.0 6660.0
0.0 3420.0 5700.0 3040.0 2860.0 5700.0 3800.0 2280.0 2480.0 4940.0 3040.0 5520.0 2860.0 6840.0 1140.0 4560.0 3420.0 6080.0 1900.0 2280.0 6280.0 4560.0 2860.0 4560.0 5140.0 6280.0 6280.0 0.0 3420.0 1720.0 3800.0 5700.0 5700.0 3420.0 3040.0 1140.0 2280.0 3800.0 4180.0 3620.0 4760.0 3240.0 4560.0 4940.0 1140.0 3800.0 4180.0 1340.0 3800.0 6660.0 5900.0 3240.0 6660.0 6280.0 3040.0 3620.0 6080.0 5900.0 4760.0 6460.0 6080.0 5700.0 4760.0 4940.0 4760.0 3420.0 4180.0 6840.0 2660.0 5900.0 4560.0 5700.0 6660.0 3040.0 2480.0 4760.0 5700.0 5320.0 4940.0 5140.0 5520.0 4760.0 3040.0 6280.0 4380.0 6280.0 7600.0 6660.0 4560.0 6080.0 3800.0 4560.0 1900.0 4180.0 4000.0 4760.0 5520.0 3040.0 5320.0 6080.0 5700.0
0.0 3620.0 6460.0 2660.0 3620.0 2280.0 3420.0 2860.0 3040.0 4940.0 3240.0 6280.0 3040.0 7600.0 1900.0 3240.0 4000.0 4760.0 2480.0 2860.0 4940.0 5140.0 3620.0 4180.0 5700.0 5900.0 5700.0 760.0 0.0 2480.0 4380.0 4560.0 6280.0 3420.0 3800.0 1720.0 3040.0 4560.0 4560.0 4000.0 3620.0 3800.0 4180.0 5320.0 1720.0 4380.0 4380.0 2100.0 4380.0 4380.0 5700.0 3040.0 6280.0 4940.0 3800.0 4180.0 6080.0 6460.0 5520.0 6460.0 6660.0 3800.0 4380.0 3040.0 3620.0 4180.0 4940.0 6660.0 3420.0 5320.0 2100.0 3420.0 4940.0 3800.0 200.0 5520.0 6460.0 5900.0 4560.0 5700.0 5700.0 5520.0 3800.0 4560.0 5140.0 4940.0 5700.0 6460.0 5140.0 6660.0 4380.0 2280.0 2660.0 4940.0 4000.0 4180.0 3420.0 2660.0 5900.0 5700.0 4760.0
0.0 4380.0 7220.0 3420.0 4380.0 4760.0 5140.0 3620.0 3800.0 5700.0 4000.0 7040.0 3800.0 8180.0 2660.0 3040.0 4760.0 4560.0 3240.0 580.0 5700.0 5900.0 4380.0 5900.0 5900.0 6080.0 5140.0 1520.0 4940.0 0.0 5140.0 5320.0 5320.0 4180.0 4560.0 2480.0 3800.0 5320.0 5700.0 2480.0 3620.0 4560.0 5900.0 3800.0 2480.0 4560.0 5140.0 2860.0 5140.0 7220.0 6460.0 4760.0 5140.0 5520.0 4560.0 1900.0 6840.0 7220.0 5700.0 5900.0 6460.0 4000.0 5140.0 5900.0 6280.0 4940.0 5700.0 6280.0 4180.0 4760.0 4940.0 6280.0 5520.0 4560.0 960.0 6280.0 6840.0 5900.0 5320.0 6460.0 4380.0 4940.0 1520.0 6460.0 5320.0 7040.0 5900.0 5700.0 5900.0 5140.0 5140.0 3040.0 3420.0 5140.0 4760.0 4940.0 6280.0 4560.0 6460.0 5320.0 4180.0
0.0 5900.0 5700.0 5140.0 4000.0 5320.0 4000.0 3240.0 4560.0 6660.0 3800.0 7600.0 3620.0 7600.0 3800.0 3420.0 4760.0 4940.0 2280.0 5140.0 3620.0 7040.0 4000.0 4760.0 5140.0 6840.0 4560.0 3040.0 6080.0 4760.0 0.0 6840.0 5700.0 4180.0 4180.0 4180.0 3420.0 4760.0 5140.0 4560.0 4180.0 4180.0 4940.0 5900.0 4000.0 4000.0 3620.0 3800.0 6660.0 7800.0 3240.0 3620.0 5900.0 5700.0 4000.0 2660.0 7800.0 6660.0 4940.0 2860.0 6280.0 6840.0 4940.0 3240.0 2860.0 4380.0 4560.0 8940.0 4940.0 5520.0 6460.0 7600.0 6280.0 5520.0 2480.0 5900.0 6080.0 7220.0 6660.0 5140.0 6460.0 5700.0 2280.0 6460.0 4560.0 7800.0 6660.0 7040.0 5520.0 7040.0 2280.0 2860.0 4940.0 7220.0 3420.0 5520.0 7800.0 3420.0 2100.0 6280.0 4940.0
0.0 3240.0 5320.0 2480.0 3800.0 4380.0 4180.0 4760.0 4760.0 4760.0 760.0 4940.0 3420.0 8360.0 3620.0 3420.0 1720.0 4940.0 2280.0 4940.0 5520.0 4000.0 3800.0 4940.0 5140.0 6460.0 6080.0 5900.0 5900.0 4380.0 4940.0 0.0 4560.0 4000.0 3800.0 3420.0 4560.0 4180.0 5320.0 1720.0 3240.0 3800.0 4940.0 3040.0 6840.0 3800.0 4940.0 960.0 4560.0 7420.0 5520.0 3800.0 6080.0 4000.0 5520.0 2860.0 5900.0 6840.0 4760.0 5900.0 5900.0 5900.0 2660.0 4180.0 7220.0 5700.0 4380.0 6280.0 5140.0 6280.0 6080.0 6460.0 6460.0 4380.0 5320.0 6460.0 5320.0 7420.0 3800.0 7220.0 3620.0 7220.0 4940.0 6660.0 4560.0 6080.0 6280.0 7040.0 4940.0 4380.0 4940.0 2660.0 4180.0 5900.0 4560.0 5320.0 7040.0 3420.0 7040.0 6460.0 6280.0
0.0 7420.0 6840.0 6660.0 4760.0 8180.0 5700.0 6080.0 6080.0 5900.0 7420.0 7040.0 7220.0 8180.0 4760.0 7040.0 7040.0 5900.0 4000.0 6280.0 4760.0 8180.0 4760.0 4940.0 6280.0 7220.0 7220.0 5140.0 7040.0 5700.0 7220.0 8180.0 0.0 7800.0 3620.0 6280.0 4180.0 5700.0 6840.0 5520.0 7040.0 3620.0 6660.0 6840.0 5140.0 4940.0 6660.0 4940.0 6840.0 2860.0 4180.0 5320.0 3800.0 8360.0 5520.0 7600.0 7040.0 8360.0 5900.0 7980.0 7220.0 7980.0 8360.0 7420.0 8360.0 5900.0 6280.0 9880.0 6460.0 6840.0 8180.0 1900.0 3800.0 6660.0 6660.0 6660.0 7220.0 8940.0 6080.0 6080.0 7220.0 5700.0 7040.0 3240.0 5700.0 4180.0 8740.0 8740.0 6460.0 7980.0 8940.0 6460.0 7040.0 5900.0 6280.0 8180.0 8740.0 5140.0 8940.0 4380.0 6840.0
0.0 7220.0 7800.0 6280.0 4940.0 6460.0 5140.0 4380.0 6080.0 7800.0 4560.0 9120.0 4380.0 9880.0 4760.0 6840.0 5520.0 8360.0 3240.0 7420.0 7800.0 7800.0 4940.0 5900.0 7980.0 9880.0 7600.0 6840.0 7040.0 8360.0 7980.0 7800.0 8360.0 0.0 5140.0 7420.0 4380.0 5900.0 6280.0 5700.0 5320.0 5320.0 5900.0 7040.0 7800.0 6660.0 5900.0 4760.0 8360.0 8940.0 7220.0 4760.0 7980.0 7600.0 5140.0 5900.0 8940.0 7800.0 7040.0 8360.0 8940.0 7980.0 6080.0 6660.0 6840.0 5520.0 5520.0 9880.0 6460.0 7980.0 7600.0 8740.0 7980.0 7600.0 7040.0 6840.0 8740.0 8360.0 7600.0 7220.0 7420.0 8560.0 7420.0 7600.0 7220.0 8740.0 9880.0 7980.0 6660.0 7220.0 8180.0 4000.0 8180.0 8180.0 5520.0 6280.0 8940.0 4380.0 3040.0 7420.0 9320.0
0.0 6280.0 4760.0 5520.0 1340.0 5520.0 3040.0 3800.0 3040.0 2660.0 3800.0 6080.0 3800.0 6280.0 4000.0 3620.0 4560.0 5140.0 5320.0 5140.0 5700.0 4760.0 1340.0 3800.0 4760.0 6660.0 4760.0 4940.0 4180.0 4560.0 4380.0 6840.0 4760.0 4380.0 0.0 3620.0 760.0 2280.0 4180.0 1900.0 4380.0 200.0 4000.0 3240.0 5900.0 3420.0 4940.0 4000.0 3420.0 7040.0 6080.0 2660.0 7040.0 4760.0 4560.0 5320.0 3800.0 7040.0 4380.0 5520.0 5700.0 6460.0 5140.0 5700.0 6280.0 4560.0 6840.0 7800.0 3420.0 4380.0 5140.0 6280.0 6080.0 5520.0 4180.0 3240.0 5140.0 6460.0 2660.0 6460.0 3800.0 6460.0 5700.0 5520.0 4000.0 5140.0 6460.0 6080.0 2860.0 4560.0 5700.0 3040.0 4380.0 4560.0 4940.0 4760.0 5900.0 2480.0 6280.0 5320.0 5700.0
0.0 4560.0 6460.0 3800.0 4380.0 5700.0 5320.0 3620.0 4760.0 5900.0 2100.0 6080.0 1900.0 8560.0 4760.0 4180.0 2860.0 5700.0 3620.0 5700.0 5700.0 5320.0 4380.0 5900.0 4180.0 5700.0 5520.0 4940.0 4380.0 6280.0 2860.0 6280.0 4760.0 2480.0 4560.0 0.0 3800.0 4180.0 6460.0 4940.0 4560.0 4560.0 5520.0 5520.0 5900.0 2860.0 3240.0 2100.0 2660.0 6660.0 5900.0 4940.0 5520.0 5320.0 4380.0 3240.0 6840.0 6280.0 3800.0 5520.0 5140.0 5520.0 3800.0 4000.0 5520.0 4000.0 5140.0 7600.0 4940.0 6080.0 6460.0 6460.0 6840.0 2100.0 4380.0 6280.0 5140.0 7980.0 5140.0 6460.0 5320.0 6280.0 2860.0 5320.0 3420.0 7420.0 6660.0 7600.0 4940.0 7420.0 2660.0 4000.0 960.0 6660.0 2860.0 3800.0 7600.0 4760.0 4380.0 6280.0 5320.0
0.0 5700.0 5700.0 4940.0 760.0 5700.0 2480.0 3040.0 3800.0 3420.0 3240.0 7040.0 4000.0 7040.0 4180.0 3040.0 4000.0 4560.0 4760.0 4380.0 5140.0 5520.0 580.0 3240.0 4760.0 6080.0 4180.0 4180.0 3620.0 4000.0 3800.0 6660.0 4180.0 4560.0 960.0 3040.0 0.0 1520.0 3620.0 1340.0 4560.0 960.0 3240.0 2660.0 5140.0 3420.0 5520.0 3240.0 4180.0 6280.0 5520.0 2100.0 7420.0 4180.0 4000.0 4760.0 4560.0 6660.0 4380.0 4940.0 5700.0 7220.0 4940.0 5900.0 5700.0 4380.0 6460.0 7220.0 2660.0 3800.0 5520.0 5900.0 5320.0 4940.0 3620.0 2480.0 4560.0 5700.0 3420.0 5900.0 3240.0 6840.0 4940.0 4940.0 4000.0 4560.0 5900.0 5520.0 2280.0 3800.0 4940.0 3420.0 3800.0 4000.0 5140.0 5520.0 5320.0 1900.0 5700.0 4760.0 4940.0
0.0 4180.0 6280.0 3420.0 4760.0 4380.0 5140.0 4380.0 4000.0 5700.0 1720.0 6460.0 2660.0 5700.0 2660.0 4760.0 2660.0 6280.0 3240.0 4940.0 4560.0 4940.0 4760.0 5900.0 4000.0 7220.0 2660.0 4940.0 4180.0 4380.0 4940.0 6660.0 4560.0 3240.0 4940.0 2100.0 4380.0 0.0 5700.0 5320.0 3240.0 4940.0 5900.0 4560.0 4180.0 3240.0 4000.0 1900.0 3040.0 7420.0 4000.0 4560.0 5900.0 4940.0 5140.0 3620.0 6840.0 6660.0 4180.0 3420.0 5520.0 5900.0 3620.0 4760.0 6080.0 4380.0 5520.0 6660.0 4380.0 2280.0 6080.0 6460.0 7220.0 4180.0 4380.0 6660.0 4940.0 7040.0 2480.0 5900.0 5140.0 6080.0 4940.0 7420.0 3420.0 7040.0 7040.0 7980.0 760.0 3420.0 4760.0 1900.0 3040.0 6840.0 3620.0 4380.0 7420.0 4380.0 6080.0 5320.0 7220.0
0.0 4940.0 7220.0 4560.0 4380.0 4000.0 5320.0 3800.0 4000.0 5700.0 4560.0 7040.0 4380.0 8360.0 2660.0 2280.0 4760.0 3800.0 3420.0 3800.0 6280.0 6080.0 4380.0 6080.0 6660.0 5320.0 7420.0 1520.0 4940.0 3240.0 4000.0 7220.0 7220.0 4940.0 3240.0 2660.0 3800.0 5320.0 0.0 4940.0 2860.0 3240.0 6080.0 6280.0 2660.0 5320.0 5700.0 2860.0 5140.0 7220.0 6840.0 4760.0 5520.0 7040.0 4560.0 1140.0 6840.0 7420.0 6280.0 6660.0 7600.0 5520.0 6280.0 6460.0 6280.0 4940.0 5700.0 8360.0 4180.0 7040.0 6080.0 6660.0 4760.0 3420.0 4000.0 6280.0 6280.0 6460.0 5700.0 6660.0 6840.0 6280.0 4180.0 5900.0 5900.0 7800.0 5140.0 8180.0 5520.0 5520.0 5320.0 6080.0 3420.0 5700.0 5520.0 6280.0 7040.0 4560.0 5700.0 7600.0 6840.0
0.0 5520.0 6840.0 4760.0 3420.0 4560.0 5140.0 3420.0 4000.0 4760.0 3040.0 7040.0 2860.0 7980.0 3040.0 1720.0 4000.0 3240.0 4560.0 3240.0 4000.0 6280.0 3420.0 5900.0 3420.0 4940.0 4940.0 4180.0 5320.0 2660.0 4560.0 6080.0 2860.0 3420.0 2100.0 1720.0 2860.0 3620.0 5900.0 0.0 3420.0 2280.0 6080.0 1340.0 5140.0 2100.0 4380.0 3240.0 4380.0 5700.0 6280.0 4760.0 6280.0 5700.0 4180.0 4380.0 5900.0 6840.0 3240.0 5700.0 4380.0 6080.0 4380.0 4940.0 5520.0 4560.0 6080.0 5900.0 4380.0 5700.0 4380.0 4760.0 6460.0 3800.0 3620.0 5320.0 4380.0 8360.0 4760.0 6080.0 1900.0 6660.0 4180.0 5320.0 2860.0 6840.0 4760.0 8180.0 4380.0 2660.0 4380.0 2100.0 2660.0 6660.0 4000.0 4760.0 5520.0 4560.0 6080.0 5700.0 6660.0
0.0 7600.0 7600.0 6840.0 4940.0 1140.0 6660.0 4180.0 4000.0 5900.0 5900.0 6460.0 6460.0 6840.0 4940.0 4940.0 4940.0 6460.0 5320.0 4380.0 6840.0 7980.0 4760.0 7420.0 6080.0 5700.0 7040.0 5320.0 7220.0 3800.0 3240.0 7600.0 6280.0 5140.0 5140.0 6280.0 4180.0 5700.0 5700.0 5520.0 0.0 5140.0 6280.0 6840.0 6280.0 5700.0 5700.0 5140.0 6280.0 4940.0 6280.0 6280.0 2860.0 5900.0 4940.0 3800.0 7040.0 7800.0 6660.0 5900.0 7040.0 2660.0 7420.0 5140.0 6080.0 5320.0 7420.0 9880.0 4380.0 6660.0 6080.0 3800.0 5700.0 2660.0 4760.0 6660.0 3620.0 9320.0 5700.0 7040.0 4560.0 6840.0 3420.0 5140.0 6280.0 7600.0 7800.0 9500.0 6460.0 7980.0 5320.0 6080.0 7220.0 3800.0 5320.0 7800.0 7420.0 6080.0 5140.0 7420.0 6080.0
0.0 6280.0 6280.0 5520.0 1340.0 5520.0 3040.0 3620.0 3040.0 4000.0 3800.0 6080.0 3800.0 7600.0 4000.0 3620.0 4760.0 5140.0 5320.0 5140.0 5700.0 4560.0 1340.0 3800.0 4760.0 6660.0 4760.0 4940.0 4180.0 4560.0 4380.0 6840.0 4760.0 4380.0 1520.0 3620.0 760.0 2100.0 4180.0 1900.0 4380.0 0.0 4000.0 3240.0 5900.0 3420.0 4940.0 3800.0 3240.0 6840.0 6080.0 2660.0 7040.0 4760.0 4560.0 5320.0 5140.0 6840.0 4380.0 5520.0 5700.0 6280.0 5140.0 5700.0 6280.0 4560.0 6840.0 7800.0 3240.0 4380.0 5140.0 6280.0 6080.0 5320.0 4180.0 3240.0 5140.0 6280.0 2660.0 6460.0 3800.0 6280.0 5700.0 5520.0 4000.0 5140.0 6460.0 6080.0 2860.0 4380.0 5520.0 3040.0 4380.0 4560.0 4760.0 4560.0 5900.0 2480.0 6280.0 5320.0 5520.0
0.0 5320.0 6840.0 4560.0 4000.0 5320.0 2660.0 3240.0 4940.0 6080.0 2860.0 7600.0 3620.0 6660.0 3800.0 5700.0 3620.0 7220.0 4380.0 4940.0 4760.0 5900.0 4000.0 3420.0 5140.0 5140.0 3620.0 5320.0 5320.0 5320.0 5700.0 6840.0 5700.0 4180.0 4180.0 3240.0 3420.0 1140.0 3800.0 4560.0 4180.0 4180.0 0.0 5520.0 5140.0 4180.0 5140.0 2860.0 4180.0 6080.0 4940.0 2280.0 7040.0 6080.0 4000.0 4760.0 7420.0 6840.0 3240.0 4560.0 6460.0 6840.0 4560.0 5700.0 5900.0 4560.0 6660.0 7600.0 5320.0 3240.0 7040.0 7420.0 5520.0 5140.0 5320.0 5900.0 6080.0 4380.0 3420.0 6080.0 6080.0 3620.0 5900.0 5140.0 4380.0 7420.0 7420.0 5700.0 1900.0 4180.0 5900.0 2860.0 4000.0 6840.0 4760.0 5520.0 7600.0 2100.0 7220.0 4380.0 7800.0
0.0 4180.0 6280.0 3420.0 2100.0 3240.0 4560.0 4560.0 2860.0 4760.0 1720.0 6080.0 1520.0 7800.0 1720.0 380.0 2660.0 1900.0 3240.0 1900.0 5700.0 4940.0 2100.0 5320.0 4760.0 6080.0 4760.0 2860.0 4000.0 1340.0 5140.0 4760.0 1520.0 2100.0 2280.0 3800.0 2860.0 2860.0 4760.0 2660.0 2100.0 2280.0 5320.0 0.0 3800.0 3420.0 3040.0 1900.0 3240.0 4380.0 5700.0 4180.0 4940.0 4380.0 5320.0 3040.0 6080.0 5700.0 4380.0 5520.0 5700.0 4760.0 3040.0 3620.0 6460.0 4560.0 4760.0 7420.0 3240.0 4380.0 5140.0 3420.0 5140.0 4760.0 2280.0 5320.0 5700.0 7220.0 4760.0 7220.0 580.0 5320.0 2860.0 4000.0 4000.0 5520.0 7040.0 7040.0 3620.0 5320.0 6080.0 760.0 4760.0 5320.0 2660.0 3420.0 6280.0 4380.0 5140.0 5700.0 5520.0
0.0 2860.0 4760.0 2100.0 3420.0 4760.0 2860.0 3420.0 1520.0 4380.0 4380.0 4560.0 4000.0 5900.0 200.0 3620.0 2480.0 5140.0 960.0 1340.0 5320.0 3620.0 3240.0 3420.0 4940.0 5320.0 5320.0 2280.0 2480.0 760.0 4560.0 6080.0 5520.0 4560.0 3620.0 3240.0 3420.0 4180.0 3240.0 3240.0 3620.0 3620.0 3620.0 4560.0 0.0 3620.0 4940.0 380.0 3420.0 5700.0 4760.0 2280.0 5900.0 6280.0 4180.0 2660.0 5520.0 5520.0 4560.0 6080.0 5320.0 4760.0 5900.0 4380.0 4940.0 4560.0 3240.0 5900.0 1720.0 5520.0 3620.0 4760.0 5700.0 4000.0 1520.0 5900.0 4760.0 6080.0 4000.0 5700.0 4940.0 3800.0 2100.0 5140.0 4180.0 5700.0 6660.0 5700.0 4940.0 5700.0 5900.0 3620.0 4000.0 5700.0 4560.0 4760.0 4560.0 2100.0 6460.0 4940.0 4760.0
0.0 5700.0 4760.0 4940.0 1900.0 5320.0 3800.0 1340.0 2100.0 4760.0 3240.0 5140.0 4180.0 5900.0 4180.0 4180.0 4180.0 5700.0 4760.0 5700.0 4000.0 6460.0 1900.0 4560.0 1520.0 4180.0 2860.0 4560.0 4940.0 5320.0 5140.0 4760.0 2100.0 4560.0 2100.0 3620.0 1340.0 1520.0 3800.0 2660.0 4180.0 2280.0 4560.0 4000.0 5520.0 0.0 4560.0 3240.0 4560.0 4940.0 4180.0 3420.0 5700.0 5520.0 2100.0 4940.0 5900.0 4760.0 1140.0 3620.0 2480.0 5320.0 4940.0 3800.0 3620.0 2480.0 6080.0 8180.0 2280.0 3800.0 4180.0 3800.0 5520.0 5700.0 4380.0 3800.0 2480.0 7040.0 3800.0 4180.0 4560.0 7600.0 5140.0 5140.0 760.0 5900.0 4000.0 6660.0 2280.0 4940.0 5140.0 3420.0 3620.0 5320.0 4180.0 5900.0 5320.0 3040.0 7040.0 3620.0 4560.0
0.0 5140.0 4000.0 4560.0 3240.0 5320.0 2860.0 2860.0 3620.0 6080.0 4000.0 6660.0 5700.0 7420.0 5700.0 1140.0 4940.0 2660.0 4560.0 6460.0 2660.0 6080.0 3240.0 3620.0 3040.0 5700.0 4560.0 4560.0 5900.0 5900.0 5140.0 6460.0 3620.0 6280.0 3620.0 5320.0 3040.0 3240.0 4000.0 4000.0 5140.0 3620.0 3620.0 5320.0 5520.0 1720.0 0.0 4180.0 4760.0 6080.0 5700.0 2480.0 5900.0 6460.0 3620.0 4180.0 7220.0 5700.0 2660.0 5320.0 4000.0 6840.0 5900.0 760.0 5140.0 4180.0 1900.0 8360.0 4000.0 4940.0 3800.0 5140.0 5700.0 4560.0 6080.0 5520.0 4000.0 5140.0 5520.0 5700.0 5140.0 7040.0 3620.0 4760.0 2280.0 6660.0 5520.0 4760.0 4000.0 6460.0 6660.0 4940.0 3620.0 6660.0 5700.0 6080.0 5140.0 4760.0 4380.0 5140.0 4380.0
0.0 2480.0 4560.0 1720.0 3040.0 4760.0 6280.0 5140.0 5900.0 4000.0 4000.0 7220.0 3800.0 7600.0 4560.0 4180.0 2100.0 5700.0 5520.0 5900.0 6460.0 3240.0 3040.0 7040.0 5140.0 6840.0 5320.0 5140.0 5900.0 5320.0 4180.0 7800.0 5700.0 4180.0 3240.0 5320.0 3800.0 3800.0 7220.0 3620.0 3620.0 3240.0 7040.0 4940.0 6080.0 4380.0 5140.0 0.0 4380.0 8180.0 6660.0 5700.0 6460.0 7220.0 5900.0 3240.0 5140.0 7980.0 5320.0 6080.0 4940.0 6280.0 5700.0 4560.0 7040.0 5520.0 5900.0 5520.0 6080.0 6080.0 7220.0 7040.0 6840.0 3620.0 4560.0 6280.0 4560.0 6660.0 3620.0 7420.0 4560.0 7420.0 4380.0 7800.0 4760.0 5320.0 6660.0 9120.0 4560.0 6080.0 6280.0 3800.0 6080.0 6280.0 4760.0 5520.0 6280.0 5520.0 6080.0 7800.0 5520.0
0.0 5520.0 4760.0 4940.0 2100.0 5320.0 3800.0 1340.0 2100.0 4760.0 3420.0 3620.0 4180.0 5900.0 4180.0 3420.0 4180.0 4940.0 4560.0 4760.0 4000.0 6460.0 2100.0 3420.0 1520.0 4180.0 3040.0 4560.0 4940.0 4380.0 4940.0 3620.0 2100.0 4760.0 2280.0 3800.0 1520.0 1720.0 3800.0 2660.0 4380.0 2280.0 4760.0 3040.0 5520.0 200.0 4560.0 3420.0 0.0 4940.0 4180.0 3420.0 5900.0 5520.0 2100.0 4940.0 6080.0 3800.0 1140.0 3800.0 2480.0 5320.0 5140.0 4000.0 3620.0 1340.0 6080.0 8360.0 2480.0 3800.0 4180.0 4000.0 5520.0 4380.0 4560.0 4000.0 2480.0 7040.0 4000.0 4180.0 3620.0 7600.0 5140.0 5140.0 760.0 5900.0 4000.0 6840.0 2480.0 4940.0 5320.0 3420.0 3620.0 5320.0 4180.0 1520.0 5320.0 3240.0 6840.0 3620.0 4560.0
0.0 5900.0 4000.0 6460.0 4000.0 6460.0 4380.0 3420.0 3240.0 6660.0 5320.0 4180.0 5520.0 7800.0 5140.0 5140.0 6080.0 6660.0 5900.0 6080.0 5900.0 7220.0 4000.0 6660.0 3420.0 6280.0 4940.0 6460.0 6840.0 5520.0 4940.0 5320.0 4000.0 6080.0 4180.0 5700.0 3420.0 3620.0 4940.0 4560.0 5520.0 4180.0 6460.0 4760.0 7040.0 2100.0 5320.0 4760.0 5320.0 0.0 1340.0 5320.0 7800.0 7040.0 2660.0 4760.0 5900.0 5520.0 3240.0 5700.0 4380.0 5140.0 5520.0 5900.0 5520.0 3040.0 7040.0 7040.0 3620.0 5140.0 5320.0 5900.0 960.0 4940.0 6080.0 5900.0 4380.0 7800.0 4940.0 3240.0 4760.0 7800.0 4180.0 6460.0 2860.0 7420.0 6080.0 7980.0 3620.0 6280.0 7220.0 4760.0 5520.0 3040.0 6280.0 6660.0 5900.0 5140.0 6280.0 5700.0 5520.0
0.0 4560.0 2660.0 5320.0 2660.0 5900.0 3040.0 2100.0 2660.0 5320.0 4000.0 5900.0 4180.0 6660.0 3800.0 3800.0 4760.0 5320.0 4760.0 5320.0 4560.0 6660.0 2660.0 5320.0 2100.0 4940.0 3620.0 5140.0 5520.0 4760.0 4380.0 4000.0 2660.0 4760.0 2860.0 4380.0 2100.0 2280.0 4180.0 3240.0 4760.0 2860.0 5320.0 3420.0 5700.0 760.0 5140.0 3620.0 5320.0 5520.0 0.0 4000.0 6460.0 6280.0 2860.0 4180.0 6660.0 4180.0 1900.0 4380.0 3040.0 6080.0 5520.0 4560.0 4180.0 1720.0 6840.0 8180.0 3040.0 3800.0 4760.0 4560.0 5900.0 4940.0 5140.0 4560.0 3040.0 6840.0 4560.0 1900.0 4000.0 7220.0 3800.0 5140.0 1520.0 6460.0 4760.0 6660.0 2480.0 4940.0 5900.0 3420.0 4380.0 5900.0 4940.0 6080.0 6080.0 3800.0 6280.0 4380.0 5320.0
0.0 6460.0 4560.0 5700.0 1900.0 5520.0 580.0 1140.0 4940.0 4560.0 4000.0 7800.0 4940.0 6080.0 4180.0 3800.0 4940.0 5320.0 4940.0 5320.0 5900.0 3800.0 1900.0 1340.0 5140.0 6280.0 3040.0 3040.0 4760.0 4760.0 3620.0 4760.0 5320.0 5140.0 2100.0 4180.0 1340.0 2480.0 1720.0 2480.0 4380.0 2100.0 1340.0 3800.0 4180.0 4560.0 4560.0 4180.0 5320.0 4380.0 4380.0 0.0 7040.0 4180.0 1900.0 2660.0 5700.0 4760.0 4380.0 3800.0 5700.0 7040.0 5900.0 4000.0 3800.0 2280.0 6280.0 8360.0 3800.0 4560.0 4760.0 6080.0 3420.0 3040.0 4760.0 3620.0 5140.0 3800.0 4560.0 4000.0 4380.0 4940.0 3800.0 3040.0 5140.0 5320.0 6660.0 3420.0 3040.0 4940.0 5140.0 4180.0 4940.0 4760.0 5900.0 6660.0 6080.0 3040.0 5520.0 5700.0 5520.0
0.0 7800.0 5700.0 7040.0 6080.0 6280.0 5700.0 5700.0 6280.0 8740.0 6840.0 9500.0 8560.0 8560.0 8180.0 3800.0 3620.0 5320.0 7420.0 6460.0 5520.0 8560.0 6080.0 6280.0 5900.0 6660.0 7220.0 7420.0 8740.0 6840.0 7980.0 9120.0 3620.0 8940.0 6280.0 7980.0 5700.0 5900.0 6660.0 6840.0 5140.0 6280.0 6460.0 7980.0 8360.0 4380.0 2860.0 5520.0 7420.0 6460.0 7600.0 5140.0 0.0 9120.0 6460.0 4560.0 9880.0 8360.0 5520.0 7980.0 4760.0 7800.0 8560.0 3620.0 6460.0 6840.0 4760.0 9880.0 6660.0 7800.0 5520.0 5320.0 7220.0 7220.0 6840.0 8180.0 6840.0 7800.0 8180.0 8180.0 6080.0 9120.0 6460.0 6660.0 5140.0 7600.0 6460.0 7600.0 6660.0 9120.0 8940.0 7800.0 5900.0 7220.0 2480.0 8740.0 6660.0 5320.0 7220.0 7800.0 7040.0
0.0 5320.0 5320.0 4560.0 380.0 5520.0 1720.0 2480.0 3420.0 3040.0 2860.0 6660.0 3620.0 5900.0 3800.0 2660.0 3800.0 4180.0 1720.0 4000.0 4380.0 5140.0 380.0 2480.0 3800.0 5700.0 2860.0 4000.0 3240.0 3620.0 3420.0 5900.0 3800.0 4180.0 580.0 2660.0 1140.0 1140.0 2860.0 960.0 4380.0 580.0 2660.0 2280.0 4940.0 2480.0 4180.0 2860.0 3800.0 5520.0 4180.0 1340.0 7040.0 0.0 3240.0 4000.0 4180.0 5900.0 3420.0 3620.0 4760.0 6840.0 4560.0 4940.0 4940.0 3620.0 4000.0 6840.0 2660.0 2480.0 5140.0 5520.0 4760.0 4180.0 3240.0 2480.0 4180.0 4940.0 3040.0 5140.0 2860.0 6080.0 4760.0 4180.0 3040.0 4380.0 5520.0 4760.0 1900.0 3420.0 4560.0 3040.0 3420.0 3620.0 4760.0 5140.0 5140.0 1140.0 5320.0 4000.0 6080.0
0.0 4760.0 2860.0 5140.0 5900.0 6460.0 5140.0 5520.0 3240.0 6080.0 3420.0 6280.0 5900.0 9320.0 6080.0 3620.0 4180.0 5140.0 3240.0 4180.0 5320.0 6460.0 5900.0 5700.0 3420.0 7420.0 6280.0 5140.0 8360.0 6660.0 4560.0 5140.0 4000.0 6080.0 6080.0 6080.0 5520.0 5140.0 4940.0 5900.0 5520.0 6080.0 5900.0 7220.0 6080.0 4380.0 2660.0 3420.0 5520.0 6660.0 5900.0 4560.0 7600.0 6660.0 0.0 4380.0 7420.0 7800.0 5320.0 6840.0 6660.0 6460.0 5140.0 3420.0 5520.0 6280.0 4560.0 8940.0 3620.0 6460.0 5320.0 5900.0 7600.0 5140.0 4380.0 6460.0 4940.0 7600.0 6280.0 2100.0 6660.0 7420.0 4000.0 5320.0 4940.0 7600.0 8180.0 7420.0 4940.0 7420.0 6660.0 5320.0 6080.0 7600.0 7040.0 6840.0 6660.0 4380.0 6460.0 7220.0 6460.0
0.0 7980.0 7040.0 7220.0 5700.0 2860.0 6660.0 5900.0 4940.0 6660.0 6460.0 7220.0 6280.0 8360.0 5900.0 1140.0 6460.0 2660.0 4940.0 4560.0 5700.0 6460.0 5700.0 7420.0 5520.0 4380.0 8360.0 4760.0 7600.0 4180.0 4940.0 8360.0 6080.0 6660.0 5900.0 5520.0 5900.0 5700.0 6840.0 6280.0 1720.0 5900.0 7600.0 7600.0 5700.0 6460.0 6840.0 6080.0 7980.0 6080.0 7220.0 6280.0 4380.0 7220.0 4380.0 0.0 7980.0 9320.0 7420.0 7600.0 7600.0 4380.0 5700.0 6840.0 7600.0 7040.0 5320.0 7800.0 4760.0 7800.0 7040.0 5520.0 3800.0 4180.0 4940.0 6840.0 5320.0 8940.0 7220.0 6280.0 6080.0 7220.0 5140.0 4760.0 4940.0 7040.0 4000.0 8560.0 6460.0 4560.0 6840.0 5520.0 6280.0 5320.0 6840.0 8180.0 8360.0 6080.0 4760.0 8940.0 7600.0
0.0 6460.0 4000.0 5700.0 200.0 5520.0 3420.0 4180.0 3420.0 3040.0 4000.0 6460.0 3800.0 6280.0 3800.0 2660.0 4760.0 4180.0 5520.0 4000.0 4760.0 5140.0 1720.0 4180.0 4380.0 5700.0 3240.0 4560.0 4560.0 3620.0 3420.0 6840.0 3800.0 4180.0 580.0 2660.0 1140.0 2660.0 4560.0 960.0 4380.0 580.0 4380.0 2280.0 5520.0 3040.0 2860.0 4000.0 3800.0 6460.0 4560.0 3040.0 7040.0 5140.0 4940.0 5140.0 0.0 7420.0 4000.0 4000.0 5320.0 4180.0 5140.0 3620.0 6080.0 4940.0 4560.0 6840.0 3800.0 4760.0 5140.0 5520.0 5700.0 4560.0 4380.0 3620.0 5320.0 4760.0 3040.0 6460.0 2860.0 6840.0 4560.0 5900.0 3620.0 5520.0 5320.0 4380.0 3240.0 3420.0 4560.0 3040.0 3420.0 3620.0 2480.0 5140.0 6280.0 2860.0 5320.0 5700.0 6080.0
0.0 4560.0 6460.0 3800.0 4000.0 3420.0 2660.0 3420.0 4380.0 5900.0 2100.0 6840.0 2860.0 6080.0 3040.0 2660.0 3040.0 4180.0 960.0 4940.0 4380.0 5320.0 4000.0 3420.0 4380.0 7600.0 3040.0 5320.0 4560.0 4760.0 5140.0 6660.0 4940.0 3420.0 4180.0 2480.0 3420.0 380.0 3800.0 4760.0 3620.0 4180.0 3620.0 4940.0 4560.0 3420.0 4380.0 2100.0 3420.0 6660.0 4380.0 2280.0 6280.0 5320.0 4180.0 4000.0 7220.0 0.0 4560.0 3800.0 5900.0 4000.0 3800.0 2480.0 5900.0 4560.0 3240.0 7040.0 4560.0 2660.0 5140.0 5900.0 5700.0 4560.0 4560.0 5900.0 3420.0 5900.0 2660.0 6080.0 5320.0 6460.0 4940.0 5140.0 3800.0 7220.0 7420.0 5700.0 1140.0 3620.0 5140.0 2280.0 3240.0 5140.0 4000.0 4760.0 6460.0 2100.0 6080.0 4940.0 5900.0
0.0 6840.0 7980.0 6080.0 5140.0 5900.0 6460.0 4940.0 5520.0 7980.0 4380.0 5520.0 4180.0 8940.0 4380.0 5520.0 5140.0 7040.0 4560.0 7040.0 7600.0 7600.0 5140.0 7040.0 5140.0 7800.0 5900.0 4940.0 6660.0 6460.0 6840.0 7220.0 5700.0 4760.0 5320.0 5320.0 5140.0 3240.0 3420.0 5900.0 4760.0 4940.0 7220.0 5140.0 5900.0 3800.0 5520.0 4380.0 3620.0 8560.0 5520.0 5900.0 7420.0 7040.0 5700.0 4560.0 9120.0 3800.0 0.0 4940.0 6080.0 7420.0 5520.0 6080.0 7220.0 4940.0 6840.0 9880.0 5900.0 5520.0 7600.0 7600.0 7980.0 6280.0 6660.0 6280.0 6080.0 9700.0 3040.0 7420.0 5700.0 6660.0 7040.0 8740.0 4380.0 8180.0 7600.0 9320.0 4000.0 6660.0 7980.0 3420.0 6280.0 8360.0 5320.0 5140.0 8940.0 5700.0 6080.0 7220.0 8180.0
0.0 5140.0 3040.0 5700.0 3240.0 6460.0 3620.0 2480.0 3240.0 5140.0 4560.0 6280.0 4760.0 7040.0 4380.0 4380.0 5320.0 5900.0 4560.0 5700.0 5140.0 7220.0 3240.0 5520.0 2660.0 5320.0 4180.0 5700.0 6080.0 5320.0 4760.0 4560.0 3240.0 5140.0 2660.0 4940.0 2660.0 2860.0 4560.0 3800.0 5320.0 2660.0 5520.0 4000.0 6280.0 1340.0 5700.0 4180.0 5900.0 6080.0 580.0 4180.0 7040.0 3040.0 3240.0 4760.0 6460.0 4760.0 2280.0 0.0 3620.0 6460.0 6080.0 5140.0 4760.0 2280.0 5520.0 8740.0 3620.0 4380.0 5320.0 5140.0 6460.0 5520.0 5700.0 3420.0 3620.0 7420.0 5140.0 2480.0 4560.0 7800.0 4380.0 5700.0 1900.0 5320.0 5140.0 7220.0 2860.0 5520.0 6460.0 4000.0 4760.0 6460.0 5320.0 6460.0 6080.0 4000.0 6660.0 4760.0 5700.0
0.0 5520.0 4560.0 4760.0 4000.0 6660.0 2860.0 3420.0 4940.0 6840.0 5140.0 8180.0 4940.0 8360.0 3800.0 5520.0 6080.0 7040.0 4560.0 4940.0 5320.0 6080.0 4000.0 3620.0 4760.0 1900.0 5320.0 2660.0 6080.0 4380.0 5900.0 6660.0 5520.0 5520.0 4180.0 3800.0 3420.0 4560.0 3800.0 4760.0 5520.0 4380.0 3620.0 6080.0 3800.0 4760.0 4560.0 4000.0 6460.0 4940.0 6280.0 2280.0 8360.0 6460.0 1900.0 4940.0 7980.0 7040.0 5700.0 6080.0 0.0 7420.0 6460.0 5140.0 5900.0 4560.0 3800.0 8560.0 4560.0 6840.0 5700.0 7040.0 3240.0 5140.0 2100.0 4380.0 6660.0 6080.0 6660.0 4000.0 6660.0 6080.0 5520.0 3620.0 5520.0 5900.0 1720.0 5700.0 5320.0 7220.0 6460.0 4180.0 4560.0 5320.0 6080.0 6080.0 7040.0 2100.0 6840.0 5140.0 7800.0
0.0 4940.0 6280.0 4180.0 3620.0 4560.0 4760.0 4760.0 1340.0 4760.0 4380.0 4380.0 4180.0 8360.0 2280.0 4180.0 4380.0 5700.0 4380.0 1720.0 6080.0 5320.0 3620.0 5700.0 5140.0 5520.0 5900.0 2660.0 4560.0 1140.0 5900.0 6460.0 5700.0 4760.0 3800.0 3620.0 4380.0 3240.0 3040.0 3620.0 3620.0 3800.0 5700.0 4940.0 3620.0 3800.0 3800.0 2480.0 3620.0 5700.0 5700.0 4560.0 6280.0 3240.0 5700.0 3040.0 5900.0 7220.0 4760.0 6660.0 6080.0 0.0 5520.0 4180.0 4940.0 4940.0 5700.0 7420.0 1720.0 5520.0 3420.0 4560.0 6460.0 5140.0 2100.0 4180.0 6080.0 7040.0 3040.0 5520.0 2860.0 5900.0 2660.0 5900.0 4380.0 6080.0 7040.0 6840.0 4000.0 6280.0 5700.0 3420.0 4560.0 1140.0 5320.0 5140.0 4760.0 4380.0 7600.0 6460.0 5320.0
0.0 3620.0 5520.0 2860.0 1720.0 2660.0 1720.0 2280.0 2280.0 4560.0 1140.0 5320.0 960.0 7220.0 1140.0 3240.0 1900.0 4760.0 2660.0 5520.0 4940.0 4380.0 1720.0 2480.0 5140.0 6280.0 4180.0 4000.0 3420.0 5140.0 4760.0 5700.0 5140.0 1520.0 1900.0 4180.0 2280.0 2660.0 2660.0 2480.0 1520.0 2100.0 2480.0 3800.0 4940.0 3800.0 2280.0 1140.0 4940.0 5520.0 4000.0 1140.0 4180.0 1520.0 3040.0 2480.0 5700.0 5900.0 4940.0 3420.0 6080.0 4180.0 0.0 3040.0 4760.0 3420.0 4180.0 6660.0 2660.0 4000.0 4380.0 5320.0 4560.0 4000.0 3420.0 4000.0 5140.0 4940.0 4180.0 5140.0 4180.0 4760.0 4760.0 4180.0 4560.0 5900.0 6280.0 4560.0 3420.0 4940.0 6080.0 200.0 4940.0 5140.0 2100.0 2860.0 5700.0 2480.0 4560.0 5520.0 6660.0
0.0 5900.0 6280.0 5140.0 2660.0 4760.0 2100.0 2660.0 4180.0 5320.0 3420.0 6460.0 5320.0 7600.0 4940.0 380.0 4180.0 1900.0 3800.0 6080.0 2100.0 5520.0 2660.0 2860.0 4760.0 5700.0 4560.0 4000.0 5520.0 5520.0 4560.0 6280.0 5320.0 5700.0 2860.0 4940.0 2860.0 3420.0 3240.0 3240.0 4380.0 2860.0 2860.0 4560.0 4940.0 4000.0 6080.0 3420.0 4000.0 5320.0 5900.0 1720.0 5320.0 5700.0 3620.0 4380.0 6660.0 6280.0 5140.0 5320.0 6280.0 6280.0 5140.0 0.0 5320.0 4000.0 6080.0 8940.0 3800.0 4180.0 6280.0 7220.0 4940.0 4000.0 5520.0 5320.0 5700.0 5320.0 5320.0 5520.0 5140.0 6280.0 4760.0 4000.0 4000.0 6280.0 7800.0 5140.0 4180.0 5700.0 5900.0 4560.0 5700.0 5900.0 6280.0 5320.0 7600.0 4560.0 3620.0 7220.0 3620.0
0.0 5140.0 6460.0 4380.0 2860.0 4940.0 2480.0 3040.0 4560.0 5700.0 3620.0 4760.0 4560.0 7980.0 3420.0 760.0 4560.0 2100.0 4180.0 4560.0 2280.0 5700.0 2860.0 3240.0 5140.0 5900.0 4940.0 2280.0 5700.0 4000.0 4940.0 6280.0 5700.0 5140.0 3040.0 3420.0 3040.0 3800.0 3420.0 3620.0 4760.0 3240.0 3240.0 4940.0 3420.0 4380.0 6080.0 3620.0 4180.0 5700.0 6280.0 1900.0 5520.0 6080.0 3800.0 4560.0 6840.0 6660.0 5320.0 5700.0 6660.0 6460.0 5520.0 380.0 0.0 4180.0 6460.0 6660.0 4180.0 4560.0 5900.0 7040.0 5320.0 4180.0 1720.0 5520.0 6080.0 5700.0 5700.0 5900.0 5520.0 6660.0 5140.0 4180.0 4380.0 6660.0 7980.0 5320.0 4560.0 6080.0 6080.0 3800.0 4180.0 6280.0 5700.0 5700.0 7040.0 4940.0 4000.0 7600.0 4000.0
0.0 5700.0 7600.0 4760.0 3800.0 4940.0 5140.0 5700.0 4560.0 6460.0 3240.0 7220.0 3240.0 8360.0 3420.0 2100.0 4000.0 3620.0 3240.0 3620.0 6840.0 6280.0 3800.0 5900.0 6280.0 7800.0 5320.0 4560.0 5700.0 3040.0 6840.0 2480.0 3240.0 3800.0 4000.0 4940.0 4560.0 2860.0 6280.0 4180.0 3800.0 4000.0 5900.0 1720.0 5520.0 4940.0 4760.0 3240.0 4940.0 6080.0 6660.0 4760.0 6660.0 6080.0 6460.0 4760.0 7600.0 2480.0 6080.0 6080.0 7420.0 6460.0 4760.0 4760.0 7220.0 0.0 5520.0 8740.0 4940.0 4940.0 6660.0 5140.0 6840.0 6280.0 4000.0 7040.0 5700.0 8360.0 5140.0 8560.0 2280.0 7040.0 4560.0 5520.0 5700.0 7220.0 8740.0 7980.0 3620.0 6080.0 7220.0 2480.0 5700.0 7040.0 4380.0 5140.0 7980.0 4380.0 6840.0 7420.0 7040.0
0.0 6660.0 5700.0 5900.0 3040.0 5140.0 4760.0 2280.0 3040.0 5700.0 4180.0 6080.0 4760.0 6840.0 4180.0 3240.0 5140.0 4760.0 5700.0 4560.0 4760.0 7420.0 3040.0 5520.0 2480.0 5140.0 3800.0 5520.0 5900.0 4180.0 6080.0 5900.0 3040.0 5320.0 3240.0 4760.0 2480.0 2660.0 4760.0 3620.0 4000.0 3240.0 5700.0 4940.0 5900.0 1140.0 5520.0 4380.0 5520.0 4380.0 5140.0 4380.0 5520.0 6460.0 3040.0 2280.0 6840.0 5700.0 2100.0 4560.0 3420.0 6280.0 6080.0 2860.0 3620.0 3420.0 0.0 8360.0 3240.0 4760.0 2100.0 3240.0 5140.0 6460.0 4940.0 3800.0 3420.0 7600.0 4940.0 5140.0 3420.0 5320.0 1900.0 4560.0 1720.0 4940.0 4940.0 7800.0 3420.0 4940.0 6280.0 4000.0 4560.0 6280.0 5140.0 6660.0 3420.0 4180.0 6460.0 4560.0 4560.0
0.0 3240.0 4760.0 2480.0 2480.0 4380.0 2860.0 3620.0 4000.0 4180.0 760.0 7220.0 580.0 7600.0 2860.0 2860.0 1520.0 3040.0 2280.0 2480.0 4560.0 4000.0 2480.0 3620.0 4760.0 2100.0 5320.0 1720.0 3040.0 1900.0 4940.0 5520.0 4180.0 1140.0 2660.0 2660.0 2480.0 3420.0 4000.0 1520.0 3240.0 2860.0 3800.0 2860.0 2660.0 3420.0 1900.0 760.0 3800.0 5140.0 6080.0 2480.0 5900.0 4000.0 2100.0 2100.0 5520.0 6280.0 4560.0 5900.0 200.0 5320.0 2480.0 2660.0 6080.0 3800.0 3620.0 0.0 4380.0 4940.0 5140.0 6080.0 3420.0 4180.0 1140.0 4560.0 5140.0 6080.0 3800.0 4000.0 1140.0 4760.0 3240.0 3800.0 4180.0 2480.0 1720.0 5900.0 4180.0 4000.0 5320.0 2660.0 3620.0 5520.0 1520.0 2480.0 760.0 2280.0 4000.0 5140.0 5900.0
0.0 8560.0 8180.0 8180.0 5520.0 3240.0 4180.0 4760.0 5900.0 7800.0 7600.0 6660.0 7980.0 8740.0 6280.0 6840.0 6840.0 8360.0 6840.0 6280.0 6840.0 7420.0 5320.0 4940.0 6840.0 5140.0 6660.0 5140.0 8360.0 5900.0 5140.0 8180.0 7420.0 7040.0 5700.0 6080.0 4760.0 5900.0 5140.0 6080.0 2100.0 5700.0 4940.0 7420.0 6080.0 5520.0 7600.0 6460.0 5320.0 6840.0 7980.0 3620.0 4760.0 7800.0 5520.0 5700.0 9120.0 8360.0 6460.0 7420.0 7800.0 4760.0 9320.0 7040.0 7220.0 5900.0 7040.0 9880.0 0.0 8180.0 7980.0 5900.0 7040.0 4560.0 6660.0 7220.0 5520.0 7420.0 7600.0 7600.0 6460.0 8560.0 5320.0 6080.0 6080.0 8360.0 9320.0 7040.0 6660.0 6660.0 7420.0 7800.0 7040.0 5700.0 7220.0 6840.0 9320.0 3420.0 7220.0 6460.0 7980.0
0.0 5140.0 4380.0 4380.0 4380.0 4380.0 4760.0 3800.0 2480.0 5900.0 3800.0 5520.0 4560.0 3620.0 3800.0 4180.0 4560.0 5700.0 4560.0 4940.0 6280.0 6840.0 4380.0 5700.0 1900.0 5700.0 580.0 2860.0 2100.0 4380.0 6080.0 5700.0 2480.0 5140.0 3800.0 3800.0 3800.0 2100.0 4180.0 4940.0 4760.0 3800.0 6280.0 3800.0 3800.0 2480.0 5900.0 3800.0 4940.0 5320.0 1900.0 4940.0 4560.0 4180.0 4560.0 5320.0 7040.0 5900.0 3620.0 1340.0 4000.0 5700.0 5520.0 4380.0 4000.0 3420.0 6660.0 8180.0 2860.0 0.0 4180.0 4380.0 6080.0 5700.0 2100.0 4560.0 2860.0 4940.0 4380.0 3620.0 4380.0 7420.0 5520.0 5520.0 1140.0 6460.0 5520.0 8360.0 2860.0 5320.0 6460.0 3800.0 4560.0 5900.0 5700.0 6080.0 5320.0 4760.0 7800.0 6080.0 4940.0
0.0 6660.0 6080.0 5700.0 3420.0 5520.0 2860.0 3620.0 4940.0 4760.0 4180.0 6280.0 4180.0 6660.0 4180.0 1140.0 4940.0 2660.0 4560.0 5140.0 2860.0 6280.0 3420.0 3620.0 4760.0 3800.0 3800.0 3800.0 5320.0 4560.0 5520.0 7040.0 4760.0 4760.0 3620.0 3620.0 3040.0 4380.0 4000.0 1900.0 5320.0 3620.0 3800.0 3240.0 4000.0 4000.0 5140.0 4180.0 4760.0 2280.0 3620.0 2480.0 6080.0 6460.0 3800.0 5140.0 5900.0 7040.0 5140.0 4560.0 5900.0 5900.0 5900.0 960.0 1520.0 4760.0 5700.0 6840.0 4760.0 3240.0 0.0 1340.0 3040.0 4760.0 3240.0 5520.0 6080.0 5900.0 6080.0 5520.0 3800.0 5140.0 5520.0 2480.0 4380.0 2860.0 3620.0 5900.0 4940.0 4560.0 6280.0 4000.0 4560.0 5140.0 4940.0 4940.0 1340.0 3620.0 4380.0 6660.0 2660.0
0.0 5700.0 4940.0 4760.0 4560.0 7600.0 4000.0 4380.0 4180.0 5520.0 6280.0 5320.0 6280.0 6280.0 3040.0 6080.0 5140.0 7600.0 5520.0 5900.0 7040.0 6280.0 4380.0 4760.0 4380.0 5320.0 5900.0 5900.0 5320.0 5520.0 6080.0 6460.0 5140.0 6840.0 4380.0 6080.0 3800.0 4560.0 4940.0 5140.0 6460.0 4380.0 4760.0 5700.0 4760.0 3040.0 6280.0 3240.0 6080.0 1140.0 2480.0 3420.0 8740.0 7600.0 3800.0 5700.0 6840.0 6460.0 4180.0 6660.0 5520.0 6080.0 6460.0 6840.0 6660.0 4180.0 7220.0 7980.0 4560.0 6080.0 6280.0 0.0 1900.0 6080.0 5320.0 6280.0 5520.0 7220.0 5520.0 4380.0 5700.0 4000.0 5320.0 1340.0 3800.0 3800.0 7040.0 6840.0 4760.0 7220.0 8180.0 5520.0 6660.0 4000.0 7220.0 7420.0 6840.0 5700.0 7040.0 6660.0 6660.0
0.0 6280.0 7220.0 5520.0 5320.0 5700.0 5140.0 5700.0 2480.0 5700.0 5520.0 5520.0 5320.0 9500.0 5320.0 4940.0 5900.0 6460.0 5700.0 5140.0 7220.0 6460.0 5320.0 5900.0 6280.0 6660.0 7040.0 5700.0 7600.0 4760.0 6840.0 4760.0 6840.0 5700.0 5520.0 6460.0 5700.0 4380.0 4180.0 6080.0 4760.0 5520.0 5900.0 6280.0 6660.0 4940.0 6660.0 4000.0 4760.0 6660.0 7980.0 4560.0 7040.0 7600.0 6460.0 3800.0 7040.0 8360.0 5900.0 7800.0 7220.0 4380.0 6660.0 5320.0 5900.0 6080.0 7980.0 9120.0 2660.0 6460.0 4560.0 5700.0 0.0 6280.0 5520.0 5140.0 7220.0 7040.0 4180.0 6660.0 4000.0 6840.0 3420.0 7040.0 5520.0 7220.0 7800.0 7980.0 5140.0 7600.0 9120.0 4560.0 7220.0 2280.0 6280.0 6080.0 5700.0 4380.0 5520.0 7420.0 6080.0
0.0 5900.0 5140.0 4940.0 2280.0 4000.0 4180.0 1720.0 3040.0 5140.0 3240.0 6280.0 4180.0 7600.0 3240.0 2480.0 4180.0 3800.0 2860.0 5140.0 4180.0 6460.0 2280.0 4940.0 3620.0 5520.0 4560.0 3040.0 5140.0 4560.0 760.0 5140.0 4180.0 4760.0 2480.0 4000.0 1720.0 3240.0 4940.0 3040.0 2860.0 2480.0 3800.0 4380.0 4000.0 4000.0 4380.0 3420.0 4000.0 7040.0 4000.0 3620.0 4560.0 5900.0 2480.0 1340.0 6280.0 5320.0 5140.0 3420.0 6460.0 5520.0 5140.0 3800.0 3620.0 2860.0 5140.0 8940.0 3420.0 4180.0 5140.0 6080.0 4940.0 0.0 3240.0 4180.0 6280.0 6660.0 5140.0 4380.0 4760.0 4380.0 960.0 5900.0 4760.0 6080.0 5320.0 7040.0 4000.0 5520.0 2860.0 3620.0 4760.0 5520.0 4000.0 5320.0 6460.0 3420.0 2660.0 4760.0 3420.0
0.0 3420.0 6280.0 2660.0 3620.0 4560.0 4380.0 2860.0 3040.0 4940.0 3040.0 6080.0 2860.0 7600.0 1900.0 5320.0 4000.0 6660.0 2480.0 2860.0 6840.0 5140.0 3620.0 5140.0 5700.0 6840.0 6840.0 760.0 4000.0 2280.0 4380.0 4560.0 6280.0 3420.0 3800.0 1720.0 3040.0 4380.0 4760.0 4180.0 3420.0 3800.0 5140.0 5520.0 1720.0 4380.0 4380.0 2100.0 4380.0 6460.0 6460.0 4000.0 6280.0 5700.0 3620.0 4180.0 6080.0 6460.0 5320.0 7040.0 6660.0 6080.0 4380.0 4940.0 5520.0 4000.0 4760.0 6460.0 3420.0 6660.0 4180.0 5320.0 4760.0 3800.0 0.0 5520.0 6460.0 5900.0 4560.0 5700.0 6080.0 5520.0 3800.0 6660.0 4940.0 6280.0 7800.0 7220.0 5140.0 6660.0 4380.0 2280.0 2480.0 4760.0 4000.0 4000.0 5520.0 3620.0 5900.0 6660.0 6280.0
0.0 5900.0 5520.0 5140.0 2860.0 3240.0 4380.0 4940.0 4380.0 3800.0 5320.0 6840.0 5520.0 7040.0 3240.0 4380.0 5320.0 5140.0 3800.0 4180.0 6460.0 6460.0 2860.0 4180.0 6080.0 5320.0 6280.0 5140.0 5520.0 3800.0 5320.0 4560.0 5520.0 6080.0 3040.0 4380.0 2280.0 3620.0 5320.0 2660.0 2280.0 3040.0 5140.0 4000.0 3040.0 4760.0 6660.0 3420.0 5520.0 7040.0 7600.0 3800.0 4940.0 6280.0 5700.0 5520.0 5140.0 4940.0 5700.0 7040.0 6840.0 4760.0 6840.0 6280.0 6080.0 2480.0 6280.0 6660.0 200.0 5900.0 6460.0 5900.0 7220.0 4760.0 4560.0 0.0 5700.0 7600.0 5520.0 4940.0 4560.0 4380.0 5140.0 5900.0 5320.0 2100.0 7220.0 7220.0 4380.0 5140.0 7040.0 4760.0 5140.0 5900.0 6460.0 4380.0 2860.0 3620.0 4560.0 6660.0 7040.0
0.0 6080.0 5520.0 5320.0 4000.0 3040.0 5700.0 3240.0 3240.0 5700.0 5320.0 6460.0 6080.0 7800.0 4760.0 6080.0 6080.0 7600.0 4940.0 5900.0 5900.0 7220.0 4000.0 5520.0 3420.0 6080.0 4940.0 6460.0 6840.0 5320.0 5140.0 6840.0 4000.0 6660.0 4180.0 5700.0 3420.0 3620.0 5140.0 4560.0 5520.0 4180.0 6660.0 5900.0 4760.0 2100.0 5520.0 4760.0 5700.0 3620.0 4940.0 5320.0 7800.0 7420.0 2860.0 5700.0 7040.0 6840.0 3040.0 5700.0 4380.0 4560.0 7040.0 5900.0 5520.0 4560.0 7220.0 9120.0 3620.0 5700.0 5520.0 2660.0 4560.0 4560.0 6280.0 5900.0 0.0 8940.0 4940.0 4940.0 4760.0 6460.0 5320.0 4000.0 2660.0 4000.0 5900.0 8740.0 4380.0 6840.0 7220.0 5320.0 5520.0 3040.0 6080.0 7040.0 6660.0 5140.0 7040.0 5520.0 6460.0
0.0 6080.0 7420.0 5320.0 4560.0 7220.0 3620.0 3800.0 4560.0 7220.0 3620.0 7600.0 5900.0 8360.0 5900.0 5140.0 4560.0 6660.0 1720.0 5900.0 6280.0 6840.0 4560.0 4380.0 4000.0 5700.0 5520.0 6280.0 6080.0 6080.0 6660.0 2860.0 4560.0 6280.0 4760.0 5140.0 4000.0 4180.0 4760.0 3420.0 6080.0 4760.0 4380.0 4760.0 7220.0 2660.0 7040.0 3800.0 7220.0 7420.0 5700.0 3240.0 8360.0 6080.0 4560.0 5520.0 8560.0 6280.0 3620.0 6280.0 4940.0 7800.0 5520.0 6460.0 6080.0 4760.0 4000.0 9120.0 4940.0 6280.0 6080.0 6460.0 6460.0 6080.0 6280.0 6460.0 4940.0 0.0 6460.0 6660.0 5320.0 4180.0 5900.0 6080.0 3240.0 7220.0 6460.0 6660.0 4940.0 6080.0 7600.0 5140.0 6080.0 7800.0 6660.0 7600.0 5520.0 3040.0 8560.0 5900.0 7040.0
0.0 4000.0 5520.0 3240.0 2660.0 3040.0 4180.0 2100.0 2660.0 5320.0 1520.0 4180.0 1340.0 6080.0 1340.0 2660.0 2280.0 4180.0 3040.0 4000.0 4760.0 4560.0 2660.0 4000.0 2280.0 4940.0 3040.0 4380.0 3620.0 3620.0 5140.0 4380.0 2860.0 1720.0 2860.0 2480.0 2100.0 380.0 4380.0 3420.0 1900.0 3040.0 5140.0 2280.0 4560.0 960.0 2660.0 1520.0 760.0 5700.0 4180.0 3800.0 4560.0 4180.0 2860.0 2860.0 6280.0 4380.0 1900.0 3800.0 3240.0 4560.0 2660.0 3420.0 4380.0 2100.0 4380.0 7040.0 3040.0 2480.0 4760.0 4560.0 5140.0 4380.0 3800.0 4560.0 3240.0 7420.0 0.0 4940.0 2860.0 3800.0 4940.0 5700.0 1520.0 6660.0 4760.0 7220.0 1140.0 3620.0 5140.0 580.0 3240.0 5520.0 2280.0 2100.0 5900.0 3800.0 4760.0 4380.0 5320.0
0.0 2660.0 760.0 4380.0 5320.0 4560.0 5520.0 4560.0 1140.0 4180.0 4760.0 4380.0 4760.0 7220.0 4380.0 3420.0 4760.0 4940.0 4560.0 5900.0 5700.0 5900.0 5320.0 6280.0 1340.0 5520.0 4380.0 3800.0 6280.0 5320.0 2480.0 4940.0 1900.0 5140.0 5520.0 4760.0 4760.0 3040.0 3040.0 4000.0 3420.0 5520.0 6460.0 5320.0 4760.0 3420.0 6080.0 2660.0 3420.0 4760.0 5320.0 5140.0 5520.0 7600.0 5520.0 2280.0 5320.0 6660.0 4560.0 4940.0 5900.0 4560.0 6080.0 3800.0 3420.0 4380.0 6840.0 8180.0 1520.0 4380.0 3240.0 3800.0 5520.0 3040.0 4760.0 4380.0 5900.0 6280.0 5320.0 0.0 5700.0 5320.0 1900.0 3240.0 4180.0 5520.0 6280.0 5900.0 2860.0 5520.0 4560.0 4000.0 5520.0 5520.0 5700.0 4760.0 4560.0 4940.0 4380.0 5900.0 4560.0
0.0 5140.0 6460.0 4380.0 1520.0 5520.0 4760.0 4000.0 4560.0 4180.0 4000.0 6280.0 4560.0 7220.0 3420.0 3800.0 4940.0 5320.0 4180.0 1340.0 5900.0 6280.0 1520.0 5520.0 4180.0 5520.0 4180.0 2280.0 4380.0 960.0 4560.0 6280.0 4760.0 5140.0 1720.0 3420.0 2280.0 2480.0 5900.0 2100.0 4380.0 1720.0 5520.0 3420.0 3240.0 2860.0 5900.0 3620.0 2660.0 5700.0 5520.0 4380.0 5900.0 6280.0 4760.0 2660.0 5520.0 6280.0 3800.0 4940.0 5140.0 4940.0 5900.0 6660.0 6280.0 4000.0 6460.0 7040.0 4940.0 3800.0 5900.0 6660.0 6280.0 5320.0 1720.0 4760.0 5140.0 6660.0 4180.0 6840.0 0.0 5700.0 2280.0 4380.0 3420.0 6660.0 6660.0 6460.0 3240.0 4760.0 5900.0 3800.0 4180.0 4760.0 5700.0 4180.0 7040.0 4000.0 6460.0 6280.0 4940.0
0.0 6460.0 8940.0 5700.0 6080.0 5320.0 6280.0 5700.0 5900.0 7800.0 4940.0 9120.0 5900.0 8560.0 4760.0 6080.0 5700.0 7600.0 5520.0 5700.0 6280.0 8180.0 6280.0 7040.0 5900.0 1520.0 5520.0 3620.0 3040.0 5320.0 7420.0 6660.0 6460.0 6460.0 6280.0 4760.0 5700.0 5900.0 7420.0 6660.0 6460.0 6280.0 7220.0 7980.0 4560.0 4560.0 7220.0 4940.0 7220.0 7040.0 6840.0 5900.0 8940.0 7800.0 6460.0 5700.0 9120.0 9120.0 5520.0 6280.0 6840.0 6840.0 6660.0 5900.0 6460.0 6840.0 3420.0 9500.0 4940.0 7800.0 5140.0 6280.0 7420.0 6660.0 3040.0 7220.0 6840.0 6660.0 7600.0 8360.0 6660.0 0.0 5320.0 7600.0 5140.0 7980.0 8360.0 9320.0 6660.0 8360.0 7420.0 5140.0 5520.0 7800.0 7040.0 7040.0 6280.0 5700.0 8940.0 7980.0 7600.0
0.0 5140.0 7040.0 4380.0 3620.0 3240.0 5700.0 6280.0 3620.0 6280.0 6080.0 6840.0 5900.0 6840.0 2480.0 1520.0 4760.0 3040.0 5320.0 4940.0 4380.0 5900.0 3800.0 6460.0 4760.0 4760.0 3800.0 4940.0 4760.0 4560.0 5320.0 8740.0 5320.0 6460.0 3800.0 5900.0 3240.0 4760.0 5520.0 4180.0 2100.0 3800.0 6460.0 5520.0 5900.0 5700.0 6460.0 2660.0 6840.0 6660.0 5140.0 5140.0 3800.0 6460.0 4760.0 580.0 7420.0 7040.0 6840.0 4560.0 7220.0 4760.0 5140.0 5900.0 6460.0 6460.0 5900.0 8180.0 4000.0 3420.0 5140.0 5900.0 4180.0 4760.0 4760.0 5700.0 5700.0 5900.0 6280.0 6840.0 4560.0 3620.0 0.0 5140.0 4560.0 7600.0 4560.0 8560.0 5520.0 4940.0 7220.0 5140.0 6660.0 5700.0 6280.0 7600.0 6280.0 4940.0 5140.0 4000.0 2660.0
0.0 6280.0 5320.0 5520.0 3240.0 6840.0 4940.0 4760.0 4560.0 4180.0 5320.0 5700.0 5140.0 7980.0 3620.0 5520.0 5900.0 7040.0 4380.0 4560.0 7420.0 7040.0 3240.0 5700.0 4760.0 4180.0 6280.0 5520.0 5520.0 4180.0 6280.0 6840.0 5520.0 5520.0 3040.0 5520.0 2660.0 4000.0 6080.0 3800.0 5700.0 3040.0 5700.0 5140.0 3420.0 3420.0 6460.0 3800.0 6280.0 1520.0 2860.0 4560.0 8360.0 6660.0 4000.0 6080.0 5520.0 6840.0 4560.0 7040.0 5900.0 6460.0 6460.0 7220.0 6840.0 4380.0 6080.0 8360.0 4940.0 6280.0 6660.0 5140.0 2280.0 6460.0 4940.0 5140.0 5900.0 8180.0 5700.0 4560.0 5700.0 2660.0 5520.0 0.0 4180.0 2480.0 7420.0 7980.0 4760.0 6460.0 7420.0 4380.0 6280.0 4380.0 6080.0 6840.0 7220.0 4380.0 7600.0 7040.0 7040.0
0.0 5140.0 6280.0 4380.0 5520.0 4760.0 5140.0 4940.0 1340.0 4760.0 2660.0 4380.0 3420.0 6460.0 3620.0 3420.0 3420.0 4940.0 4180.0 5700.0 5140.0 5700.0 5520.0 5900.0 760.0 4560.0 3420.0 4560.0 5140.0 5320.0 5700.0 6840.0 1340.0 4000.0 4760.0 3040.0 4940.0 960.0 3040.0 5320.0 3620.0 4940.0 6080.0 5320.0 4940.0 3620.0 4760.0 2660.0 4000.0 4180.0 4760.0 4760.0 5140.0 5900.0 4560.0 4180.0 5900.0 7600.0 4760.0 4180.0 2860.0 4760.0 4380.0 3240.0 2860.0 5140.0 6460.0 7600.0 1720.0 3040.0 3420.0 3240.0 4940.0 4940.0 4560.0 3800.0 1720.0 7040.0 3240.0 5520.0 5900.0 7040.0 4560.0 4560.0 0.0 5320.0 4380.0 8180.0 1720.0 4180.0 5700.0 2660.0 3800.0 4760.0 4560.0 5140.0 4760.0 4760.0 6660.0 5520.0 4000.0
0.0 4000.0 4180.0 3040.0 760.0 5700.0 2660.0 3240.0 2480.0 1900.0 3420.0 5520.0 4180.0 5520.0 1340.0 3240.0 3420.0 4760.0 1900.0 2280.0 5320.0 4560.0 760.0 3420.0 4760.0 4000.0 4380.0 3240.0 3620.0 1720.0 4000.0 6840.0 4180.0 4760.0 960.0 3240.0 200.0 1720.0 3800.0 1520.0 4760.0 1140.0 3420.0 2860.0 1140.0 3620.0 5700.0 1520.0 4180.0 5320.0 5520.0 2280.0 6840.0 4380.0 4000.0 3620.0 3040.0 6460.0 4560.0 5140.0 5900.0 5700.0 5140.0 5320.0 5900.0 4560.0 4180.0 7040.0 2860.0 3800.0 4560.0 4380.0 5520.0 4940.0 2660.0 2660.0 4760.0 5900.0 3620.0 6080.0 3420.0 2480.0 3240.0 5140.0 4180.0 0.0 5900.0 5520.0 2480.0 4000.0 5140.0 3420.0 4000.0 4180.0 5320.0 5700.0 5320.0 1900.0 5900.0 4940.0 5140.0
0.0 4940.0 3040.0 5320.0 5140.0 6080.0 5320.0 4380.0 3420.0 6280.0 3620.0 6660.0 6280.0 8940.0 5520.0 4000.0 4380.0 5520.0 3420.0 4380.0 5140.0 5700.0 5140.0 6080.0 3620.0 380.0 6080.0 5320.0 7420.0 6080.0 4760.0 5320.0 4180.0 6280.0 4940.0 6280.0 4560.0 4760.0 5320.0 5320.0 4940.0 5140.0 6080.0 6660.0 5520.0 3240.0 2860.0 3620.0 5700.0 3420.0 4760.0 4760.0 7600.0 6840.0 380.0 4380.0 7420.0 7600.0 4180.0 6840.0 5520.0 6840.0 5320.0 3620.0 5700.0 5140.0 2280.0 9120.0 3040.0 6660.0 4180.0 5320.0 4180.0 5320.0 4760.0 2860.0 5140.0 7980.0 6660.0 2280.0 5520.0 4560.0 4000.0 2100.0 3800.0 4380.0 0.0 7600.0 5140.0 7040.0 5140.0 5520.0 6080.0 6280.0 6280.0 7040.0 5520.0 4560.0 5320.0 6660.0 6660.0
0.0 4760.0 7600.0 4000.0 3420.0 3620.0 4000.0 4180.0 4380.0 5700.0 4000.0 7420.0 4180.0 8740.0 3040.0 4380.0 4760.0 5900.0 2100.0 3240.0 6080.0 6460.0 3420.0 4760.0 4380.0 5900.0 5700.0 1900.0 1340.0 2860.0 5700.0 3240.0 4940.0 4760.0 3620.0 3040.0 4180.0 4180.0 4940.0 3800.0 4760.0 3620.0 4760.0 5140.0 2860.0 3040.0 5520.0 3240.0 4560.0 5520.0 6080.0 3420.0 7420.0 6080.0 4940.0 4560.0 6840.0 6660.0 4000.0 6460.0 5320.0 5140.0 5520.0 4180.0 4760.0 5140.0 4380.0 7800.0 4560.0 5700.0 3420.0 4560.0 6080.0 4940.0 1340.0 6660.0 5320.0 380.0 5900.0 7040.0 1900.0 4380.0 4180.0 5900.0 3620.0 6280.0 6840.0 0.0 4940.0 6280.0 5700.0 3420.0 3800.0 6080.0 5320.0 5320.0 4560.0 3240.0 7220.0 6280.0 5900.0
0.0 3800.0 5700.0 3040.0 4180.0 3620.0 4760.0 5140.0 3240.0 5140.0 2100.0 6280.0 1900.0 4940.0 2100.0 4180.0 2860.0 5700.0 3620.0 4180.0 3800.0 4380.0 4180.0 5520.0 3240.0 7040.0 1900.0 4180.0 3420.0 3800.0 5520.0 7220.0 4000.0 2480.0 4380.0 3620.0 4940.0 3420.0 4940.0 4760.0 2480.0 4380.0 5700.0 5140.0 3420.0 4000.0 3240.0 1340.0 5520.0 6660.0 3240.0 4380.0 5140.0 4760.0 5900.0 3420.0 6460.0 7220.0 4940.0 2660.0 5320.0 5140.0 3240.0 4000.0 5320.0 4940.0 5140.0 5900.0 3620.0 1520.0 5320.0 5700.0 7040.0 4760.0 3620.0 6080.0 4180.0 6280.0 4760.0 5140.0 5320.0 5700.0 5140.0 7040.0 2660.0 6660.0 6840.0 7800.0 0.0 2660.0 6280.0 1140.0 4380.0 6080.0 2860.0 3800.0 6660.0 4760.0 5320.0 7420.0 6460.0
0.0 3620.0 7220.0 2860.0 4000.0 4940.0 6280.0 4560.0 4940.0 4940.0 3040.0 7220.0 2860.0 8560.0 3800.0 4000.0 3800.0 5520.0 4380.0 1720.0 1340.0 6280.0 4000.0 7040.0 5140.0 4940.0 6280.0 2660.0 5320.0 1140.0 3800.0 6460.0 5700.0 3420.0 4180.0 1140.0 4760.0 4940.0 6660.0 3620.0 3800.0 4180.0 6460.0 4940.0 3620.0 3800.0 4180.0 3040.0 3620.0 7600.0 7040.0 5900.0 6280.0 6280.0 5320.0 3040.0 6280.0 7220.0 4760.0 6460.0 3620.0 4560.0 4760.0 4940.0 6460.0 4940.0 6080.0 3420.0 5320.0 5900.0 6080.0 7220.0 6660.0 3040.0 2100.0 7220.0 6080.0 7040.0 4560.0 7420.0 4560.0 5520.0 2660.0 6280.0 4380.0 5700.0 5140.0 6660.0 5700.0 0.0 3800.0 4180.0 1900.0 5520.0 4000.0 4760.0 4180.0 5520.0 5320.0 6460.0 5140.0
0.0 5140.0 5320.0 4380.0 3620.0 3420.0 4180.0 4380.0 3800.0 6280.0 5520.0 6840.0 5900.0 6840.0 2480.0 1720.0 4760.0 3240.0 5320.0 3040.0 4000.0 5900.0 3800.0 4940.0 4380.0 4760.0 3800.0 4000.0 4760.0 4560.0 5320.0 7800.0 5140.0 6460.0 3800.0 4940.0 3240.0 4560.0 5320.0 4180.0 2280.0 3800.0 5140.0 5520.0 4940.0 3040.0 1520.0 2660.0 6080.0 6660.0 5140.0 3800.0 3800.0 6660.0 4760.0 580.0 7600.0 7040.0 4180.0 4560.0 5520.0 4940.0 5140.0 2280.0 6460.0 5520.0 3240.0 8180.0 4000.0 3420.0 5140.0 5900.0 4180.0 4760.0 3420.0 5700.0 5520.0 5900.0 6280.0 6840.0 4560.0 3620.0 200.0 5320.0 3800.0 6660.0 4560.0 5700.0 5320.0 4940.0 0.0 5320.0 4940.0 5900.0 1140.0 7420.0 6280.0 4940.0 5140.0 4000.0 2860.0
0.0 3620.0 5520.0 2660.0 4000.0 2480.0 3800.0 4380.0 2100.0 4760.0 960.0 5320.0 760.0 7980.0 960.0 3240.0 1900.0 4760.0 2480.0 5700.0 4940.0 4180.0 4000.0 4560.0 5140.0 6080.0 6280.0 4000.0 3240.0 5140.0 4560.0 6460.0 5700.0 1340.0 4180.0 4940.0 4560.0 4380.0 4000.0 4560.0 1340.0 4180.0 4560.0 5700.0 4940.0 3800.0 2280.0 1140.0 4760.0 6280.0 6080.0 3420.0 4180.0 3620.0 5140.0 2280.0 6080.0 6460.0 4760.0 5520.0 6080.0 4000.0 2280.0 2860.0 5700.0 4180.0 4000.0 6660.0 2480.0 6080.0 4380.0 5140.0 5900.0 4000.0 3240.0 6080.0 4940.0 7040.0 4000.0 6460.0 4380.0 4560.0 4760.0 6280.0 4560.0 6280.0 6280.0 6660.0 5140.0 6660.0 6660.0 0.0 5700.0 5140.0 1900.0 2660.0 5520.0 3620.0 4380.0 6660.0 6460.0
0.0 6660.0 6280.0 5900.0 5320.0 6840.0 5520.0 4760.0 4760.0 8180.0 5320.0 7980.0 5140.0 9880.0 5320.0 7220.0 6080.0 8740.0 3620.0 6460.0 4760.0 8560.0 5320.0 6280.0 6840.0 4760.0 7980.0 7040.0 7420.0 5900.0 7420.0 8180.0 6840.0 5700.0 5520.0 7800.0 4760.0 5700.0 6660.0 6080.0 5700.0 5700.0 4760.0 7420.0 5320.0 7040.0 6280.0 5320.0 8360.0 9120.0 7600.0 5140.0 8360.0 7980.0 3620.0 6660.0 9320.0 8180.0 7420.0 8740.0 9320.0 4760.0 6460.0 7040.0 7220.0 5900.0 6080.0 9700.0 5140.0 7980.0 6840.0 8180.0 7800.0 6840.0 6660.0 7220.0 8360.0 8740.0 7600.0 5700.0 7420.0 6840.0 7220.0 7980.0 7600.0 9120.0 9880.0 8560.0 6460.0 8560.0 8560.0 4380.0 0.0 5700.0 6080.0 7040.0 8180.0 4940.0 3420.0 7800.0 9500.0
0.0 4180.0 5140.0 3420.0 3240.0 3620.0 4760.0 4000.0 200.0 3620.0 3420.0 3420.0 3040.0 7220.0 3240.0 3420.0 3800.0 4940.0 3800.0 3040.0 5140.0 4180.0 3240.0 5320.0 4000.0 4560.0 4940.0 3620.0 5520.0 2660.0 4760.0 6280.0 4760.0 3620.0 3420.0 4380.0 4000.0 2280.0 2100.0 3800.0 2480.0 3420.0 5520.0 4180.0 4560.0 2660.0 4560.0 1900.0 2660.0 4560.0 5900.0 4180.0 5320.0 6080.0 4760.0 3240.0 4940.0 6280.0 3800.0 5700.0 5140.0 3620.0 4560.0 3240.0 3800.0 4000.0 6080.0 7040.0 580.0 4380.0 2480.0 3620.0 5320.0 4180.0 3420.0 3040.0 5140.0 7800.0 1900.0 4560.0 1720.0 5700.0 3620.0 4760.0 3420.0 4940.0 5900.0 7600.0 3040.0 5520.0 6840.0 2480.0 5140.0 0.0 4180.0 4000.0 3620.0 4000.0 6660.0 6280.0 4940.0
0.0 5520.0 4380.0 4940.0 3620.0 5700.0 3240.0 3240.0 4000.0 6460.0 4380.0 7040.0 6080.0 6080.0 6080.0 1340.0 5320.0 2860.0 4940.0 6660.0 3040.0 6460.0 3620.0 4000.0 3420.0 6080.0 4760.0 4940.0 6280.0 6280.0 5520.0 6660.0 4000.0 6460.0 3800.0 5520.0 3240.0 3420.0 4180.0 4380.0 5520.0 3800.0 4000.0 5700.0 5900.0 2100.0 380.0 4380.0 4940.0 6280.0 6080.0 2660.0 6280.0 6660.0 4000.0 4380.0 7600.0 5900.0 3040.0 5520.0 4380.0 7220.0 6080.0 1140.0 5520.0 4380.0 2280.0 8740.0 4180.0 5320.0 4180.0 5320.0 6080.0 4760.0 6280.0 5700.0 4380.0 5320.0 5700.0 6080.0 5520.0 7220.0 4000.0 4940.0 2660.0 5520.0 5900.0 5140.0 4180.0 6840.0 7040.0 5320.0 3800.0 6840.0 0.0 6280.0 5140.0 4940.0 4760.0 5520.0 4560.0
0.0 5520.0 7600.0 4760.0 5320.0 6660.0 6460.0 7040.0 7040.0 6840.0 3040.0 7420.0 2860.0 7600.0 5900.0 5320.0 4000.0 6840.0 4560.0 5320.0 7040.0 6280.0 5320.0 7220.0 7220.0 8560.0 4560.0 6080.0 5320.0 4760.0 7220.0 8560.0 7800.0 3420.0 5520.0 7040.0 6280.0 6280.0 7600.0 6080.0 5520.0 5700.0 7040.0 7420.0 7040.0 5900.0 4380.0 3240.0 6660.0 5900.0 5700.0 6080.0 6660.0 6280.0 7800.0 4380.0 8180.0 8560.0 6840.0 5320.0 7980.0 8180.0 4940.0 4940.0 8940.0 6080.0 6080.0 8560.0 7420.0 7600.0 7420.0 8560.0 6660.0 6660.0 5520.0 8560.0 7600.0 7040.0 6080.0 7600.0 4000.0 9500.0 6080.0 7420.0 6460.0 8360.0 8360.0 8940.0 7040.0 8560.0 9500.0 4940.0 7800.0 8740.0 4000.0 0.0 8740.0 5700.0 6460.0 8740.0 8560.0
0.0 5520.0 5700.0 4760.0 2480.0 5320.0 3040.0 3800.0 4000.0 3420.0 3800.0 7220.0 3620.0 7220.0 2860.0 2480.0 4560.0 2280.0 3620.0 3800.0 4560.0 6280.0 2480.0 3800.0 4180.0 5520.0 5520.0 4380.0 5140.0 3420.0 4560.0 6660.0 3620.0 4000.0 2660.0 2480.0 1900.0 3240.0 4180.0 760.0 4180.0 2660.0 4000.0 2100.0 2660.0 2860.0 4000.0 3040.0 4940.0 5700.0 6840.0 2660.0 6840.0 5900.0 4560.0 5140.0 4760.0 7220.0 3800.0 6280.0 4560.0 4760.0 4940.0 4760.0 6280.0 4940.0 5700.0 6660.0 4380.0 5520.0 4940.0 5320.0 6080.0 4380.0 4180.0 4380.0 5140.0 6280.0 5140.0 6460.0 2660.0 4180.0 4760.0 4380.0 3420.0 1720.0 5320.0 6080.0 4000.0 3240.0 5140.0 2860.0 3240.0 5700.0 3620.0 5320.0 0.0 2480.0 6460.0 5320.0 6660.0
0.0 6080.0 4760.0 5320.0 2100.0 5700.0 760.0 1340.0 5140.0 4760.0 4380.0 7980.0 5140.0 6280.0 4380.0 4000.0 5140.0 5520.0 5140.0 3040.0 3420.0 4180.0 2100.0 1520.0 5520.0 6660.0 3240.0 3420.0 4940.0 4940.0 3800.0 4940.0 5520.0 5320.0 2280.0 4380.0 1520.0 2660.0 1900.0 2660.0 4560.0 2280.0 1520.0 4000.0 4380.0 4760.0 4760.0 3620.0 5520.0 4560.0 4560.0 380.0 7420.0 4380.0 2100.0 3040.0 6080.0 4940.0 4760.0 4000.0 5900.0 6460.0 6080.0 4180.0 4000.0 2660.0 6460.0 8560.0 4180.0 4760.0 5140.0 6280.0 3620.0 3240.0 3420.0 4000.0 5320.0 4000.0 4760.0 4180.0 4560.0 5140.0 4000.0 3240.0 5320.0 5520.0 6840.0 3800.0 3420.0 5320.0 5320.0 4380.0 5140.0 4940.0 5900.0 6840.0 6280.0 0.0 5700.0 3040.0 5900.0
0.0 4380.0 4760.0 3620.0 2100.0 3420.0 2100.0 1340.0 3040.0 4760.0 1900.0 6080.0 1720.0 7600.0 1900.0 4000.0 2660.0 5520.0 380.0 4380.0 4760.0 5140.0 1900.0 2860.0 4940.0 7040.0 4560.0 3800.0 4180.0 5320.0 5140.0 4940.0 5520.0 2280.0 2280.0 4380.0 1520.0 2860.0 3240.0 2660.0 2280.0 2280.0 3040.0 4000.0 4760.0 3620.0 3040.0 1900.0 5520.0 5900.0 4180.0 1720.0 4940.0 4560.0 2100.0 3240.0 5900.0 4760.0 4180.0 5320.0 5900.0 4940.0 3040.0 3800.0 4000.0 2480.0 2660.0 7420.0 3420.0 5140.0 4560.0 5700.0 5140.0 4560.0 4180.0 3800.0 5900.0 5320.0 4760.0 4180.0 4560.0 5520.0 4380.0 4560.0 4180.0 5900.0 7220.0 5140.0 3620.0 5140.0 5320.0 960.0 5140.0 5320.0 2860.0 3620.0 5900.0 1520.0 0.0 4380.0 6280.0
0.0 4380.0 6660.0 4000.0 3800.0 4000.0 4560.0 3240.0 3240.0 5700.0 4000.0 6460.0 3800.0 7800.0 2100.0 4760.0 4180.0 6280.0 2860.0 3040.0 380.0 5520.0 3800.0 5320.0 5700.0 4000.0 6660.0 960.0 4380.0 2660.0 3040.0 6660.0 5140.0 4380.0 4000.0 1900.0 3240.0 4760.0 5140.0 4380.0 2860.0 4000.0 5520.0 5700.0 1900.0 4760.0 5140.0 2280.0 4560.0 3620.0 4940.0 4180.0 5700.0 7220.0 4000.0 3620.0 7040.0 5700.0 5700.0 5700.0 7040.0 5520.0 5700.0 5900.0 5700.0 4380.0 5140.0 7800.0 3620.0 6460.0 5320.0 6660.0 4560.0 2480.0 3420.0 5700.0 6460.0 6080.0 5900.0 5900.0 6280.0 4760.0 3240.0 7040.0 5140.0 7220.0 7600.0 7600.0 5520.0 7040.0 4560.0 5520.0 2860.0 5140.0 4760.0 5700.0 6280.0 4000.0 4940.0 0.0 5900.0
0.0 5700.0 4940.0 4940.0 4940.0 4940.0 5320.0 4380.0 3040.0 6460.0 4380.0 6280.0 5140.0 4180.0 3240.0 4380.0 5140.0 5900.0 4940.0 5520.0 6460.0 6660.0 4940.0 6280.0 2100.0 6280.0 1140.0 3420.0 2660.0 5140.0 6660.0 6080.0 2660.0 5700.0 4560.0 4380.0 4380.0 2660.0 4940.0 2660.0 5320.0 4560.0 6840.0 4000.0 4380.0 3240.0 6660.0 3420.0 5700.0 5520.0 2480.0 5700.0 5320.0 4940.0 5140.0 5700.0 7800.0 6460.0 4180.0 1900.0 4560.0 6280.0 6080.0 4560.0 4180.0 4180.0 7220.0 8560.0 3420.0 760.0 4760.0 4560.0 2100.0 6460.0 2860.0 5140.0 3420.0 3240.0 4940.0 4380.0 4560.0 6840.0 5320.0 5900.0 1900.0 6660.0 6080.0 8940.0 3420.0 5320.0 7040.0 4380.0 5140.0 4180.0 6280.0 6840.0 6080.0 5320.0 7420.0 6660.0 0.0
