100 4
1691 13280 13280 8 4
1530 11160 11160 2 3
1472 19728 19728 8 10
1152 15580 15580 2 7
1820 11934 11934 7 6
1750 16485 16485 10 7
18 12788 12788 2 4
756 8384 8384 2 8
1445 6990 6990 9 2
100 19193 19193 7 10
1080 24225 24225 6 7
616 9240 9240 9 8
748 23751 23751 4 8
1116 18194 18194 2 2
442 10659 10659 6 1
273 20220 20220 1 1
1197 23079 23079 2 8
1078 24650 24650 8 8
216 7884 7884 8 9
234 8415 8415 4 7
900 8340 8340 5 5
575 16080 16080 9 4
960 10155 10155 8 2
1380 17075 17075 4 2
360 21780 21780 4 9
2112 12474 12474 6 9
1280 11362 11362 3 3
1564 14628 14628 1 10
34 27240 27240 5 2
171 26000 26000 5 7
1241 22160 22160 9 4
1771 11577 11577 2 10
1992 13904 13904 7 5
1056 17616 17616 6 7
1620 10697 10697 2 5
1400 7140 7140 6 3
1008 18768 18768 10 5
1805 25375 25375 10 3
304 15419 15419 8 7
816 10224 10224 9 3
954 10104 10104 9 7
897 24266 24266 8 10
1364 12393 12393 3 5
1025 19360 19360 10 1
1606 16728 16728 2 9
1242 19320 19320 4 9
2070 15150 15150 9 2
552 18734 18734 2 8
912 8646 8646 2 1
1170 14660 14660 10 10
946 10115 10115 1 1
810 23625 23625 2 10
525 21873 21873 1 3
1518 18200 18200 8 6
1806 12443 12443 7 6
1702 11340 11340 6 10
784 9270 9270 8 4
1488 21736 21736 5 3
975 26064 26064 10 8
1728 14430 14430 5 10
253 19074 19074 6 7
836 11268 11268 3 7
850 9432 9432 6 10
216 14800 14800 1 8
84 19228 19228 6 4
1150 20878 20878 3 10
2254 26280 26280 10 7
992 12120 12120 8 9
1254 23184 23184 7 4
1518 10458 10458 2 10
400 20454 20454 9 9
828 8208 8208 3 3
1533 18560 18560 6 1
888 16380 16380 9 3
1482 16185 16185 2 8
585 22824 22824 6 4
1332 20142 20142 5 10
384 11502 11502 2 7
1656 10812 10812 9 10
176 12305 12305 8 3
275 21825 21825 8 7
800 10845 10845 10 5
1332 10279 10279 1 2
63 15376 15376 7 8
1890 21318 21318 9 9
2150 10013 10013 4 6
935 9168 9168 7 9
506 16321 16321 10 6
1000 20349 20349 8 4
198 14892 14892 6 10
720 22816 22816 3 9
960 17880 17880 3 8
285 23496 23496 7 8
885 16663 16663 10 5
1748 14398 14398 10 4
1440 13824 13824 2 10
1029 21696 21696 9 1
1728 13927 13927 10 1
1060 13179 13179 2 4
714 18768 18768 7 8
SETUP
0 511 62 388 449 449 368 511 409 572 470 511 347 694 245 490 286 449 551 429 266 368 694 205 511 572 511 633 674 572 347 429 490 409 735 205 327 470 368 511 613 409 613 531 82 654 551 551 490 633 470 470 654 266 347 572 694 429 490 694 551 286 164 347 694 449 307 449 388 633 572 490 470 613 123 307 572 184 286 572 143 347 490 470 388 674 490 429 776 511 551 347 592 490 531 347 551 572 164 368 490
0 0 613 674 572 633 449 654 654 347 654 694 837 449 531 511 633 470 654 572 347 776 531 613 858 654 592 511 796 715 715 490 470 490 715 327 511 225 633 837 409 592 633 633 694 633 735 694 572 551 225 551 939 449 551 449 551 205 511 572 388 429 511 674 490 205 551 470 470 490 511 654 613 551 592 388 592 572 572 347 531 674 490 511 368 756 572 735 633 286 715 490 633 511 674 449 409 347 572 429 633
0 735 0 531 409 490 613 449 694 654 613 592 796 756 184 654 572 572 490 368 511 592 633 143 633 715 511 592 878 511 286 572 572 613 715 143 368 551 449 470 613 633 633 572 613 776 735 674 551 572 551 572 817 592 572 531 633 511 654 654 511 225 551 307 654 531 449 490 327 572 511 572 633 551 572 551 511 143 449 592 347 654 429 409 633 919 429 388 715 592 551 307 531 654 490 286 511 674 409 327 511
0 858 449 0 388 368 490 449 613 327 613 531 898 715 184 592 531 572 592 470 388 674 429 449 776 654 307 715 817 470 449 551 715 470 633 307 511 490 388 735 654 572 715 613 674 286 551 776 429 694 470 511 796 245 694 409 633 449 592 613 307 327 164 490 633 470 531 205 490 572 715 592 735 347 572 429 551 286 511 715 429 572 388 572 388 817 592 347 531 409 674 103 347 592 756 449 307 592 531 470 409
0 756 327 490 0 613 592 511 776 572 654 511 878 613 41 572 694 470 694 327 490 531 592 62 674 613 470 654 837 388 490 531 756 572 796 347 409 449 368 592 286 531 633 654 572 776 735 776 449 756 449 490 756 551 572 551 633 409 572 511 449 184 551 368 551 429 409 633 613 633 327 490 694 511 470 531 592 347 388 674 307 715 551 531 592 817 592 245 694 511 633 266 572 572 633 592 470 572 307 531 470
0 613 531 470 613 0 368 429 572 266 572 633 776 388 470 429 531 409 470 347 266 551 449 592 613 470 490 429 858 633 266 429 654 409 674 123 429 164 572 654 327 531 551 490 551 551 531 633 490 551 164 470 429 368 551 613 490 123 429 511 327 205 429 592 429 143 429 21 409 429 449 490 551 449 449 307 429 123 368 572 327 592 409 388 307 694 429 511 551 205 511 286 531 429 613 368 286 266 490 286 225
0 776 327 776 572 551 0 735 817 654 654 674 858 817 490 531 368 531 817 551 449 551 633 245 776 756 694 490 837 674 592 511 674 572 837 62 490 592 551 531 756 674 511 694 266 919 449 694 674 878 592 633 837 551 613 735 633 551 654 939 490 551 511 613 796 572 490 572 572 572 613 654 613 654 286 470 735 449 694 633 307 449 592 409 592 327 470 694 735 633 735 511 735 531 572 531 490 715 490 327 551
0 776 245 409 592 470 245 0 694 327 184 674 490 551 429 511 551 470 613 490 490 592 694 388 776 735 205 613 613 531 449 143 674 572 613 184 266 592 531 613 470 409 613 449 368 694 490 409 449 817 572 470 674 205 592 511 205 592 551 674 551 347 103 531 592 572 490 490 225 143 347 307 327 164 347 470 409 368 327 613 368 551 654 511 327 572 327 592 674 347 674 368 429 511 388 184 551 633 490 429 388
0 735 796 613 674 388 756 796 0 654 756 919 939 776 694 796 878 633 858 735 654 674 776 715 980 858 694 592 939 551 654 633 613 796 858 164 756 551 756 368 715 735 796 531 735 898 633 796 613 939 551 858 817 674 776 817 837 511 776 756 654 592 654 817 817 531 776 409 715 776 735 531 715 694 633 694 817 490 756 490 592 756 756 531 694 898 592 858 898 592 858 613 735 796 409 674 654 654 858 674 613
0 674 511 388 715 715 572 409 531 0 572 592 674 551 572 531 592 307 511 225 613 449 490 429 756 429 368 613 735 531 613 327 694 245 715 245 307 551 449 694 470 633 449 307 694 674 572 694 409 735 551 572 674 429 490 613 592 511 572 674 368 82 347 551 511 531 307 592 409 531 531 307 613 409 633 143 245 633 307 572 205 633 449 368 572 776 409 409 592 470 633 164 531 592 592 368 368 409 592 511 470
0 756 184 531 551 654 551 551 531 164 0 715 735 592 327 531 735 449 654 388 470 592 633 327 715 572 511 633 796 347 470 470 511 409 633 327 368 490 572 633 307 511 592 327 613 817 715 225 409 756 490 449 817 551 633 613 735 449 531 694 511 245 490 470 572 470 347 674 511 674 470 347 143 490 511 307 388 307 449 531 347 388 592 327 164 796 388 531 735 531 633 307 531 531 205 470 511 470 470 245 449
0 592 654 633 592 633 511 756 388 592 511 0 674 511 633 735 715 490 307 654 592 715 592 633 490 776 429 572 898 511 674 531 490 654 735 429 490 470 551 613 409 715 266 266 735 694 388 490 592 694 449 674 654 470 715 123 592 429 735 633 633 674 531 796 551 449 613 654 449 531 470 266 592 429 694 551 592 735 592 715 470 572 592 266 490 633 327 817 858 511 694 572 654 735 654 409 633 572 613 184 388
0 613 286 347 307 551 347 429 551 266 123 205 0 368 347 266 531 388 490 347 266 490 449 347 551 551 368 429 694 449 388 388 613 409 654 245 184 143 41 592 327 225 327 184 327 551 449 347 490 633 143 184 613 368 633 307 368 103 266 490 307 327 409 572 409 123 429 388 388 409 429 205 266 368 225 307 449 245 245 531 245 470 409 245 286 511 307 531 551 205 592 409 551 266 327 347 307 266 205 347 368
0 449 388 347 307 592 470 551 205 531 449 633 735 0 347 266 531 470 551 164 388 490 531 347 572 694 409 62 715 388 388 388 347 511 592 184 347 307 490 572 490 245 286 368 327 633 409 266 449 674 307 184 613 82 490 633 592 388 266 123 409 347 409 654 62 307 388 531 307 531 225 368 184 531 245 429 449 245 266 531 245 266 511 511 470 511 368 551 654 368 592 409 572 266 245 449 409 429 205 429 449
0 715 286 449 225 572 551 470 735 572 633 654 837 572 0 572 654 429 654 286 449 490 551 266 817 694 429 613 796 347 572 490 715 531 756 307 368 613 511 551 511 694 592 715 715 735 694 735 409 715 613 633 715 511 551 592 654 572 572 470 429 143 511 327 572 592 368 592 572 592 531 551 654 470 613 490 694 409 347 633 266 694 511 490 735 837 551 205 654 531 674 225 531 572 592 551 429 715 511 592 633
0 858 368 715 735 490 592 674 715 347 184 756 919 776 511 0 858 470 837 572 511 572 817 511 898 715 694 776 980 388 654 654 694 592 817 511 551 633 592 470 490 694 633 511 735 1000 735 409 449 939 511 633 919 572 694 654 858 592 633 878 694 429 674 654 756 613 531 490 511 796 654 511 327 674 694 470 572 490 633 715 531 572 715 511 347 266 572 715 919 654 674 490 572 633 388 470 694 633 654 429 572
0 674 368 429 409 674 551 633 694 307 531 592 837 735 449 347 0 531 613 449 470 286 633 449 654 715 490 776 796 654 470 490 715 551 756 347 531 511 449 694 674 327 694 531 429 715 796 694 613 776 511 266 715 286 490 715 551 470 347 613 511 388 490 409 715 490 511 633 531 490 633 531 613 551 327 449 490 327 347 633 347 103 429 592 633 613 633 633 735 551 470 449 735 347 674 490 388 633 286 511 654
0 694 490 347 511 449 531 449 592 449 307 409 715 572 449 245 613 0 551 551 449 592 654 551 551 592 470 613 796 327 572 388 674 470 654 449 307 347 266 429 449 429 164 449 531 572 286 531 388 858 347 388 633 511 531 409 470 327 470 674 531 531 409 592 592 347 531 449 266 409 286 307 449 592 429 368 409 449 266 531 368 674 470 82 307 490 143 633 756 409 511 429 347 470 470 225 531 470 409 368 205
0 674 592 551 307 715 654 572 674 551 674 796 939 674 347 490 470 592 0 490 551 654 735 347 572 694 347 449 756 674 409 592 205 674 449 490 327 449 654 694 123 470 756 592 531 796 715 184 613 817 449 409 674 654 490 572 735 409 490 654 613 470 613 654 368 429 307 694 674 674 531 592 572 286 470 592 531 470 449 735 409 470 654 654 592 756 694 531 796 470 470 490 735 490 633 654 613 551 429 613 633
0 919 286 592 551 756 347 715 817 674 674 858 776 633 449 490 694 633 756 0 613 551 776 409 796 878 551 449 817 531 551 633 858 756 898 41 633 572 715 735 735 470 776 735 572 715 776 654 592 837 551 409 858 551 756 796 878 531 490 756 654 511 633 572 286 551 654 756 592 817 776 388 572 694 470 654 674 409 490 776 490 511 694 674 715 674 694 654 878 613 735 490 715 490 633 551 531 674 429 592 572
0 796 409 388 347 551 103 429 633 572 429 531 572 592 388 286 449 205 572 388 0 531 572 327 592 327 266 551 735 511 429 225 654 143 531 164 184 449 388 531 368 266 368 368 347 654 470 551 225 715 449 205 654 327 633 409 613 409 286 715 449 368 245 449 449 429 409 531 143 551 388 388 551 531 266 41 327 266 286 572 286 511 531 266 470 429 245 572 674 511 613 388 347 286 490 103 449 572 225 429 307
0 388 327 551 531 449 286 551 715 572 429 592 654 511 449 449 470 266 470 572 184 0 756 470 776 511 429 572 858 572 388 409 654 327 715 327 368 551 449 429 531 449 409 266 266 674 531 633 327 551 551 388 470 21 225 531 735 511 449 633 613 551 409 551 551 531 490 449 307 674 511 266 531 429 307 225 205 449 470 572 307 531 715 327 551 613 368 633 858 490 184 449 449 449 470 286 409 572 409 470 368
0 674 429 409 409 490 449 245 551 41 409 307 551 470 449 347 368 327 409 266 368 470 0 449 654 449 388 531 694 572 490 347 592 286 551 286 286 245 143 694 409 327 470 327 388 654 592 572 225 756 245 286 694 429 490 205 429 205 347 592 388 123 347 449 429 225 327 327 429 368 531 327 551 388 327 164 266 327 327 613 225 164 470 368 388 613 429 429 613 286 470 184 143 347 613 388 388 368 286 286 490
0 858 592 613 572 654 613 613 817 531 694 470 837 633 613 531 715 490 654 531 531 674 715 0 613 572 613 694 796 796 449 654 796 674 919 307 449 409 307 878 572 490 654 694 531 817 756 837 715 735 409 449 878 633 735 511 592 368 511 756 572 388 654 674 551 388 613 654 613 674 694 449 776 715 429 572 633 286 511 756 449 654 592 551 551 776 613 694 817 470 694 470 817 531 776 613 572 531 266 470 674
0 511 674 654 449 347 531 613 511 613 511 613 817 307 490 531 817 307 674 449 429 796 796 511 0 735 633 368 1000 307 613 470 368 572 613 470 592 511 449 715 205 531 449 449 613 878 572 572 388 878 490 490 776 103 551 572 776 470 551 429 674 551 490 592 347 490 694 368 551 715 307 470 490 613 531 470 674 449 551 531 551 572 735 368 592 572 429 694 898 551 531 613 511 551 551 511 490 164 429 633 490
0 776 715 756 735 776 674 592 694 490 776 756 837 796 572 694 817 470 449 715 572 409 470 796 1021 0 654 858 694 592 531 490 654 429 898 654 347 592 592 756 572 633 633 572 654 960 735 633 674 592 368 735 613 409 613 654 776 654 735 715 633 572 511 878 735 572 327 776 572 715 654 572 633 735 694 613 511 633 654 613 164 613 735 551 735 960 592 756 858 511 592 633 592 735 674 551 633 490 735 654 307
0 796 511 674 694 674 654 409 674 511 592 531 694 756 694 654 551 633 470 531 654 817 490 654 960 715 0 817 878 531 245 551 654 531 694 388 551 551 449 919 572 633 674 654 735 817 776 633 592 674 449 572 633 613 858 633 613 511 654 511 347 592 511 776 511 531 756 511 511 551 613 531 694 409 633 633 613 592 572 694 633 633 449 694 694 898 613 388 470 470 919 164 592 654 756 470 368 551 592 613 694
0 735 654 592 572 633 551 592 756 592 490 694 715 572 613 490 592 429 776 613 449 694 776 613 817 715 490 0 939 327 654 654 654 592 837 490 347 470 551 613 633 490 572 307 592 878 694 225 388 735 470 429 878 531 715 592 776 429 511 694 633 592 654 613 613 449 347 654 449 735 470 327 143 470 490 490 592 490 511 756 470 368 449 490 613 735 327 715 858 531 694 470 511 511 205 409 633 592 449 511 388
0 776 490 103 368 449 490 511 633 123 470 592 592 449 266 409 613 184 409 347 490 551 511 409 735 531 368 511 0 511 470 388 266 368 511 368 429 531 449 592 511 613 347 184 592 388 470 531 531 633 531 572 776 347 613 511 429 490 654 572 388 205 245 592 490 511 409 286 409 368 429 205 613 368 592 266 143 388 409 592 307 654 490 266 470 674 286 429 613 511 654 184 429 654 613 388 388 511 592 388 368
0 715 531 409 449 551 225 307 613 429 368 368 694 429 449 245 572 103 449 511 123 633 613 449 654 449 388 388 694 0 531 347 654 266 613 266 307 327 225 511 470 388 266 490 470 674 368 592 82 674 327 327 694 449 551 266 490 286 245 551 490 490 347 286 470 307 449 368 245 429 368 409 511 449 388 164 449 388 327 613 388 613 572 164 409 511 225 633 715 368 531 511 205 245 551 225 490 429 347 347 286
0 878 409 572 511 633 409 164 796 490 347 837 654 613 551 674 694 633 225 654 654 756 858 551 776 898 368 654 776 694 0 307 409 735 654 347 429 388 694 776 327 572 776 613 531 858 633 409 592 919 654 613 837 368 715 674 368 613 654 735 715 511 266 531 572 633 531 633 388 307 511 470 490 327 511 633 572 531 490 776 531 674 817 674 490 735 490 735 837 429 674 531 592 674 551 347 715 776 633 592 551
0 756 531 511 470 511 551 388 572 531 368 551 368 592 409 429 694 327 531 409 531 613 654 511 715 654 470 592 674 592 551 0 694 531 490 409 143 490 409 490 654 388 490 327 490 735 409 511 388 756 490 347 776 123 592 368 572 449 409 694 531 266 21 592 572 470 368 470 103 511 347 347 511 490 388 429 286 388 409 694 368 633 633 388 245 674 205 572 756 470 572 327 307 409 470 62 511 531 347 449 266
0 551 429 592 103 715 613 613 470 654 490 613 858 715 143 327 613 572 572 307 592 449 654 143 756 654 551 266 756 470 592 511 0 490 245 327 409 551 449 694 388 633 633 572 674 858 735 470 551 837 551 592 858 470 674 388 572 511 531 470 531 286 531 470 572 531 388 735 592 511 429 572 388 572 572 633 654 429 490 776 225 633 470 531 654 572 572 347 756 307 633 327 674 531 449 572 531 674 409 449 572
0 837 511 531 551 592 613 449 654 592 449 613 429 654 490 368 694 409 613 470 613 572 592 592 796 184 470 654 756 633 613 82 756 0 551 490 205 572 470 572 735 470 551 409 572 796 490 592 470 776 551 409 613 184 674 449 654 531 368 776 449 327 103 613 307 551 429 551 164 592 409 409 592 511 470 511 347 470 429 715 327 531 551 470 327 613 266 490 694 531 633 245 368 368 531 123 449 613 429 511 347
0 817 388 531 633 551 368 511 592 409 245 531 613 654 572 82 470 531 572 449 572 633 409 531 694 613 307 654 796 449 347 266 756 470 0 225 409 470 368 531 551 531 694 572 490 796 674 470 511 633 470 511 796 388 633 592 327 429 572 592 286 307 286 674 694 449 511 551 347 266 470 592 388 327 470 551 531 205 429 654 409 551 388 470 409 327 470 327 511 409 613 82 511 572 449 327 286 592 511 388 531
0 898 654 878 531 878 735 939 878 654 898 878 1021 756 572 715 776 633 980 858 633 531 796 572 1021 939 674 449 796 776 817 756 878 776 1021 0 694 551 735 939 715 858 796 756 592 939 898 654 837 1021 531 837 980 531 735 960 858 511 715 878 674 715 776 878 817 531 674 776 756 796 817 756 572 715 490 674 715 674 796 1021 511 592 756 715 694 939 756 715 898 592 715 470 898 715 633 715 572 654 817 735 551
0 694 490 674 674 735 490 266 776 572 429 837 735 715 470 551 756 572 674 551 592 776 817 633 939 796 470 776 878 470 654 388 858 735 878 449 0 776 694 715 735 654 715 449 551 613 756 654 531 837 776 715 776 449 511 490 449 756 551 837 694 409 368 715 756 776 633 735 470 388 592 470 572 409 592 633 654 633 572 858 531 817 776 572 572 817 572 654 919 327 490 490 654 551 347 449 694 878 735 470 654
0 674 388 449 470 429 368 633 429 572 429 776 613 225 327 286 409 511 654 388 613 694 592 511 674 776 449 286 735 531 490 266 572 674 694 327 409 0 613 633 633 429 511 592 490 735 613 490 470 776 531 409 735 225 715 633 327 531 286 347 633 449 286 449 286 511 613 245 347 266 449 551 409 409 449 572 531 347 368 633 470 490 633 286 164 551 347 511 858 62 715 511 572 286 470 327 633 449 429 205 409
0 572 347 307 266 511 307 388 511 225 409 164 694 327 307 225 490 347 449 307 225 449 409 307 511 531 368 388 654 592 347 347 572 368 613 205 143 103 0 674 286 184 429 409 286 511 531 592 449 633 103 143 572 327 592 266 429 62 225 449 266 286 368 531 368 82 388 347 347 368 388 409 511 429 184 266 409 205 205 490 205 429 368 388 245 470 449 490 511 164 551 368 511 225 470 307 266 225 164 307 511
0 572 572 490 613 41 388 449 592 307 531 551 572 409 490 429 551 286 490 368 307 572 470 613 633 490 347 449 796 184 286 266 674 449 694 143 388 184 409 0 347 531 429 164 572 572 449 674 245 572 184 490 449 368 409 449 511 143 429 531 347 225 286 470 449 164 449 41 347 449 470 184 572 327 470 327 449 143 388 592 347 613 429 347 327 674 409 551 572 225 531 307 368 429 41 327 307 307 490 327 245
0 551 470 572 531 613 592 613 939 756 674 756 960 756 572 490 613 694 654 572 490 613 756 388 449 817 633 796 919 756 449 613 735 633 817 470 551 633 613 592 0 449 858 715 429 674 592 756 490 715 633 409 633 551 388 674 796 613 490 837 633 551 633 694 266 633 551 613 633 735 429 674 715 674 347 531 674 470 470 715 368 490 715 735 654 735 735 674 858 654 347 429 613 490 613 592 633 613 429 654 531
0 531 511 123 511 368 551 327 654 429 511 613 511 470 286 572 449 490 327 245 511 470 511 551 490 654 388 470 756 531 164 164 449 490 654 21 307 429 470 531 449 0 654 449 449 409 572 511 429 449 429 490 388 286 409 531 511 470 572 572 388 103 184 572 511 409 327 307 245 449 490 225 511 429 470 551 429 21 21 307 225 531 307 286 409 735 347 429 613 409 368 184 449 572 572 225 388 551 511 205 409
0 837 388 654 715 654 368 572 592 633 531 674 551 409 551 572 470 531 613 490 592 449 613 531 674 654 327 470 654 531 409 266 735 470 511 307 388 654 592 654 735 531 0 511 490 429 123 409 572 939 633 592 919 368 674 551 327 633 654 531 613 511 286 674 449 654 388 490 347 266 470 164 327 674 429 592 531 511 551 837 205 551 327 307 511 694 347 715 776 551 633 470 470 633 388 307 613 735 592 205 429
0 715 654 449 572 674 654 592 449 613 531 613 409 266 511 531 694 531 633 409 633 694 592 613 694 817 184 327 654 551 429 490 592 654 756 184 531 531 449 654 715 490 551 0 592 715 654 531 592 449 551 449 694 225 715 715 633 511 511 388 470 592 490 756 307 531 654 633 490 572 490 21 449 184 490 592 633 490 347 470 511 531 551 307 531 776 368 572 633 368 694 327 694 531 511 449 470 674 449 225 429
0 674 62 551 470 368 286 490 756 511 592 449 756 613 245 409 205 388 551 429 184 307 613 205 531 490 449 551 592 572 347 409 429 327 674 205 245 388 286 511 551 449 531 551 0 796 654 490 409 633 388 388 572 307 511 551 674 347 409 715 490 286 409 347 633 368 245 368 327 613 572 551 388 531 41 225 490 205 470 654 62 286 490 449 347 592 429 429 715 429 490 286 531 409 470 286 490 511 409 388 490
0 592 409 409 551 409 409 164 654 490 347 266 654 511 531 327 654 511 327 531 511 429 613 551 674 796 368 470 613 531 449 307 511 654 490 307 429 409 307 633 429 286 531 511 470 0 633 511 164 735 388 429 674 368 429 143 368 368 327 633 572 388 266 368 347 388 531 245 388 307 490 470 490 307 490 551 551 307 307 592 490 572 592 286 490 592 347 715 796 449 388 470 62 327 551 347 572 511 449 205 409
0 756 266 531 613 654 245 531 654 654 511 694 490 470 449 511 572 470 674 388 470 368 796 409 837 776 388 531 817 674 551 143 694 613 633 205 286 633 531 633 796 409 633 470 368 817 0 470 449 837 572 490 796 266 592 511 205 592 551 572 674 409 164 551 511 613 511 613 225 143 347 225 470 633 327 511 409 388 429 715 347 551 694 531 388 572 347 633 837 592 551 470 449 511 531 205 654 674 490 572 409
0 715 449 388 368 633 470 388 674 388 490 674 796 490 409 307 572 511 592 409 388 531 551 409 613 511 449 551 756 613 429 449 592 531 715 307 143 266 531 776 429 286 654 551 388 674 735 0 613 735 266 225 674 490 654 613 572 225 307 613 429 388 449 694 531 245 123 511 511 511 551 490 429 531 286 429 490 286 307 592 307 511 531 551 409 572 613 592 654 307 613 449 654 307 470 470 429 388 245 470 674
0 654 470 347 409 470 470 225 551 368 368 307 715 368 368 184 633 449 388 449 368 592 551 449 674 674 429 327 633 551 490 368 572 511 551 347 286 245 164 633 429 327 551 449 429 633 654 531 0 613 245 286 633 429 490 205 429 225 184 490 429 429 327 225 409 245 388 307 449 368 429 449 449 388 347 409 388 327 266 531 347 572 511 347 409 449 409 572 654 307 449 429 123 184 511 409 429 368 307 266 490
0 286 347 511 266 633 449 347 511 347 511 449 654 511 62 327 429 368 531 164 388 327 327 307 735 511 429 409 490 266 449 347 164 347 409 184 266 327 307 613 490 429 286 245 531 715 409 143 164 0 327 368 735 327 490 347 388 368 327 143 205 205 347 368 449 307 266 470 307 327 245 266 62 368 429 429 511 307 409 21 82 307 307 429 470 449 409 266 429 368 511 266 286 327 123 368 205 388 388 409 470
0 470 694 511 674 633 715 654 858 633 654 572 633 674 674 633 817 613 715 674 633 776 817 715 776 919 592 735 939 837 715 286 776 776 756 572 409 511 409 756 694 592 756 409 633 796 694 776 654 858 0 551 796 388 551 654 837 470 633 796 674 531 286 878 613 490 633 470 368 776 307 429 796 592 531 674 551 551 429 694 551 592 776 592 511 878 470 837 919 572 776 592 572 633 735 327 674 123 572 633 531
0 592 225 184 143 409 307 388 551 368 266 449 572 470 184 82 368 327 368 184 205 327 368 184 388 511 225 511 531 470 225 225 449 347 490 82 266 245 307 551 409 62 470 327 164 449 592 490 429 511 245 0 449 327 449 531 572 205 82 592 245 164 225 490 449 225 245 368 307 511 449 286 409 388 62 245 266 62 82 368 82 307 327 327 368 347 388 368 470 307 429 225 470 82 470 266 245 368 21 245 449
0 756 368 429 449 633 347 613 756 592 449 490 592 551 449 266 674 490 633 613 592 490 572 490 654 694 633 572 715 511 551 245 429 511 654 286 368 327 531 613 633 409 654 572 470 715 245 674 449 796 633 572 0 347 674 592 307 592 266 674 715 490 266 409 592 613 429 470 327 245 449 470 592 735 449 551 511 409 327 613 245 654 694 266 490 511 327 633 429 41 654 511 531 266 654 286 715 735 592 184 388
0 898 592 837 878 674 449 898 715 572 429 796 1021 960 715 735 796 511 592 796 735 858 1021 674 1021 980 613 919 1021 756 756 878 776 817 980 490 633 756 654 919 715 817 654 735 694 1021 776 654 837 960 735 776 1000 0 756 878 898 715 837 1021 919 654 878 878 939 735 776 511 592 898 776 756 572 572 592 715 776 613 735 939 613 796 776 572 592 776 633 898 980 735 715 715 796 837 633 551 409 551 776 654 694
0 184 551 531 490 613 551 347 756 449 368 388 796 551 388 449 674 409 388 490 449 572 572 531 756 551 449 613 817 592 184 449 490 470 735 429 368 327 245 592 511 429 551 409 511 735 674 470 490 327 327 368 796 531 0 490 531 307 449 470 429 347 449 694 592 327 511 572 531 470 572 409 388 490 409 490 368 429 429 347 347 633 531 470 490 592 511 470 674 388 735 245 613 449 449 490 429 449 388 531 164
0 490 572 531 490 531 409 633 674 470 388 756 817 592 531 613 674 388 205 674 470 674 470 531 551 674 531 470 939 409 592 633 388 551 633 449 388 368 613 511 307 654 551 531 633 756 654 368 470 756 368 592 551 572 613 0 674 327 633 633 531 551 633 694 551 347 490 551 347 613 368 551 531 470 633 449 490 633 633 776 592 470 613 164 388 735 225 715 756 409 592 613 551 633 551 307 531 470 613 82 286
0 796 307 572 572 592 62 490 674 613 490 551 633 694 490 327 409 429 633 592 307 409 674 286 776 613 551 531 715 694 592 511 531 429 592 103 245 490 409 572 654 470 551 429 245 837 490 592 490 633 490 449 817 409 613 470 0 470 531 715 531 531 449 592 592 490 347 592 205 613 449 449 511 592 164 347 388 449 490 654 164 388 633 470 449 388 307 674 776 551 592 531 409 327 572 164 531 613 470 368 368
0 511 429 490 490 449 266 551 470 164 470 511 654 266 347 327 449 286 654 388 164 592 347 490 674 470 409 327 776 531 531 307 592 307 551 307 327 41 449 654 225 409 449 449 511 449 551 531 388 817 41 368 756 266 551 511 368 0 327 388 205 245 327 490 307 21 470 286 286 307 327 470 449 368 409 205 409 388 388 674 347 490 307 327 184 572 388 551 449 103 531 307 449 327 511 266 225 164 388 245 449
0 633 368 184 429 490 592 368 715 347 205 715 572 531 205 21 592 470 388 409 511 572 592 470 531 715 449 592 449 388 307 225 490 592 409 184 347 572 551 470 388 164 633 368 511 449 633 409 449 592 511 551 449 327 470 572 551 613 0 654 470 266 245 429 572 572 470 368 307 490 551 286 327 511 531 490 490 164 82 368 368 572 449 429 368 266 409 388 694 470 429 266 490 21 388 266 470 551 572 347 490
0 531 307 592 551 592 368 470 449 613 470 694 715 429 490 470 592 429 735 41 307 572 654 449 592 633 490 470 817 572 531 429 592 449 654 62 225 205 592 572 368 470 164 531 572 572 286 572 531 592 205 429 613 409 368 531 490 449 470 0 531 531 429 592 307 184 449 449 184 429 123 327 490 531 470 347 470 429 490 613 368 531 490 449 347 694 286 674 633 245 654 511 613 470 551 368 531 307 449 368 347
0 572 307 429 531 449 551 347 327 164 490 307 613 551 470 409 245 429 470 388 449 511 143 429 776 368 225 572 633 327 470 266 531 184 347 388 245 368 286 592 531 449 572 429 429 592 551 613 327 817 368 409 674 368 592 307 531 327 490 674 0 245 266 551 490 347 449 286 205 470 449 307 613 164 327 286 388 388 327 572 347 286 103 409 490 674 307 551 245 347 572 307 245 490 572 164 21 490 429 327 368
0 592 429 307 633 674 490 327 592 429 490 511 715 654 490 511 511 551 511 143 531 368 409 551 674 551 286 592 654 470 531 347 633 388 633 184 225 470 368 776 633 551 715 613 613 592 756 613 327 674 470 490 592 368 409 531 511 429 490 592 286 0 368 470 429 449 225 511 449 449 654 409 531 327 551 551 551 551 225 490 123 551 368 551 592 756 551 327 511 388 551 82 449 511 572 409 286 572 511 531 551
0 817 654 551 613 776 531 572 817 674 511 756 898 858 388 449 756 592 613 388 776 592 654 654 898 796 531 572 898 694 776 531 674 633 858 409 470 674 613 898 694 796 756 817 756 837 409 735 572 919 674 735 817 103 654 756 592 633 735 837 511 245 0 613 674 654 470 613 633 531 735 613 654 572 694 796 796 694 449 735 368 796 613 551 225 715 613 551 756 633 776 327 694 735 715 592 511 531 756 756 674
0 654 449 817 633 613 531 429 409 735 613 694 898 735 449 551 592 633 715 551 429 551 715 490 715 735 633 796 858 654 511 572 531 572 490 551 184 633 551 756 796 694 347 633 388 756 449 531 551 388 633 633 858 551 470 674 633 592 715 511 592 592 531 0 531 613 184 449 449 572 225 490 449 592 286 470 592 551 715 409 307 531 654 633 592 817 551 633 817 511 572 572 654 715 511 409 592 531 654 551 613
0 715 347 307 266 551 429 511 674 490 409 592 694 613 307 225 490 449 511 307 347 449 490 307 531 654 368 654 674 592 347 347 572 470 613 205 388 388 449 674 551 205 613 449 286 592 735 633 572 633 388 143 572 449 592 674 674 347 225 715 368 286 368 633 0 368 388 490 429 613 592 409 551 531 184 368 409 205 205 490 205 225 470 470 490 470 531 511 592 429 551 368 592 225 613 409 368 490 164 388 592
0 490 409 470 470 429 245 531 449 592 449 592 633 245 327 307 429 266 674 388 143 654 613 470 654 449 409 307 756 551 511 286 572 286 674 286 307 21 429 633 205 388 429 429 490 756 531 511 368 796 21 347 735 245 572 551 347 490 307 368 572 470 307 470 286 0 531 266 266 286 307 449 429 409 388 184 449 368 368 654 409 511 654 307 164 551 368 531 796 82 531 531 470 307 490 245 572 143 368 225 429
0 694 511 674 572 735 511 266 796 592 449 796 756 715 470 572 633 572 694 572 592 776 817 613 960 817 470 715 878 490 531 409 470 735 715 449 21 654 654 735 735 674 735 470 572 633 694 388 551 858 654 613 776 470 531 490 449 613 572 837 694 429 368 735 756 633 0 756 490 388 613 470 307 409 592 633 674 633 572 858 531 551 490 572 592 817 592 674 776 347 490 490 674 572 347 449 694 368 633 490 654
0 715 572 470 633 184 531 409 735 449 592 715 796 551 470 449 531 470 470 347 449 551 592 674 592 613 490 551 858 613 245 449 633 531 817 123 429 327 551 654 490 613 613 470 531 715 511 633 511 531 327 654 592 551 531 592 511 286 449 674 470 205 449 613 592 307 409 0 531 449 572 490 551 511 429 470 429 103 368 551 307 613 388 368 347 715 429 511 694 225 511 266 531 449 613 490 449 449 654 286 225
0 674 470 429 388 429 531 307 572 449 286 715 715 613 429 327 613 429 551 429 449 572 613 429 633 572 490 674 776 511 470 429 694 449 592 327 62 490 551 409 592 307 572 368 409 674 694 511 531 756 490 266 694 490 511 368 490 449 327 735 490 409 409 735 572 470 286 449 0 429 266 368 429 449 307 347 388 307 327 613 327 551 572 511 449 592 123 613 715 388 490 470 449 327 388 205 490 613 266 449 184
0 633 123 388 470 511 123 388 572 531 388 551 368 592 307 388 429 327 531 409 368 470 654 266 694 654 470 490 674 613 409 21 592 490 490 62 143 490 409 490 654 286 490 327 225 674 409 449 307 694 429 347 674 123 470 368 62 449 429 715 531 266 21 409 531 470 368 490 103 0 225 347 511 490 225 388 286 266 307 572 225 449 551 409 245 449 205 490 756 470 572 327 307 388 470 62 511 531 368 429 266
0 429 572 613 592 572 756 592 858 531 388 633 796 674 613 531 735 429 633 470 654 756 817 633 490 796 592 735 980 735 429 449 490 674 735 490 572 592 490 551 674 511 572 429 613 837 694 613 735 592 592 449 898 551 266 756 796 551 531 715 674 613 449 715 327 572 694 592 531 735 0 429 531 592 511 674 368 511 531 613 531 531 776 490 551 796 531 735 919 633 878 490 735 531 592 490 674 654 470 633 409
0 694 654 592 572 837 735 572 449 613 511 592 409 266 592 511 694 694 633 409 633 735 592 613 817 796 184 307 960 633 409 654 592 633 796 429 572 511 449 817 715 490 531 592 592 878 654 511 694 837 531 429 796 327 735 694 776 511 511 368 449 592 654 919 307 531 633 674 551 715 470 0 429 572 490 674 694 490 511 735 511 511 551 654 654 776 633 572 633 572 858 327 694 511 490 613 449 654 449 674 694
0 613 531 470 449 694 429 470 633 470 572 572 592 449 490 388 654 307 654 490 327 613 633 490 694 592 368 490 817 205 511 531 531 470 776 368 225 347 429 715 511 368 449 184 470 756 572 103 266 613 347 307 756 409 735 470 654 307 388 572 511 470 531 490 490 327 225 572 449 592 572 205 0 347 368 368 572 368 388 633 388 245 613 368 490 654 429 674 756 388 694 511 388 388 82 429 511 470 327 388 490
0 674 531 266 613 633 511 470 735 551 409 592 674 613 449 429 592 633 470 592 572 858 551 654 633 756 62 674 470 592 307 327 592 592 592 449 449 449 511 756 592 572 715 633 592 551 715 633 592 735 449 633 531 429 551 674 470 572 409 572 409 572 327 572 572 429 674 470 409 409 613 368 551 0 613 613 592 551 184 470 633 674 511 429 551 674 490 449 511 184 531 205 613 429 613 368 409 572 654 347 551
0 654 164 531 490 470 245 470 776 470 572 409 715 572 347 449 307 347 654 531 164 266 633 307 633 470 409 633 572 551 449 368 388 286 633 307 205 347 266 613 511 409 511 511 103 756 613 449 388 735 347 368 674 266 470 511 654 327 429 694 490 388 368 449 592 347 205 470 286 592 531 531 368 613 0 184 470 307 429 715 21 245 592 409 307 572 388 531 735 409 449 388 490 429 429 245 511 470 368 490 449
0 837 613 633 654 694 735 572 756 694 551 735 531 756 592 470 694 511 715 572 694 674 694 286 776 286 572 654 858 592 715 184 817 123 674 592 307 674 572 674 327 572 654 511 674 898 592 694 572 674 654 511 735 286 654 551 756 633 470 796 551 429 205 715 409 654 531 654 266 694 409 511 694 613 572 0 449 572 531 694 429 633 654 572 429 715 388 592 796 633 654 368 470 470 449 245 572 715 531 613 449
0 735 511 409 551 470 572 490 511 490 347 470 470 327 470 286 674 62 266 470 490 613 654 613 613 613 245 368 694 388 470 449 470 490 674 245 327 409 307 449 388 490 225 62 592 470 327 449 449 490 409 449 674 286 551 470 531 368 511 429 511 572 470 654 368 388 551 490 286 470 307 62 470 225 490 388 0 490 307 511 429 572 531 123 368 551 164 572 694 409 531 388 388 511 490 245 511 531 449 266 225
0 613 511 409 531 368 551 327 694 531 490 613 735 654 511 592 429 511 368 245 551 449 511 592 511 654 388 470 756 531 164 449 551 490 715 21 327 429 470 592 490 654 654 613 490 633 776 551 429 449 429 592 674 470 449 613 511 470 592 572 368 103 429 572 531 409 327 368 449 449 470 511 511 429 511 572 592 0 307 470 225 511 307 286 511 858 327 409 613 470 409 184 551 592 572 429 368 551 613 184 409
0 551 490 103 490 470 551 531 654 409 511 633 490 449 266 551 613 470 307 551 490 715 511 531 470 735 368 511 756 572 531 143 429 572 633 409 286 572 490 592 429 531 633 470 429 388 551 490 490 715 572 490 368 266 388 511 511 531 551 572 388 409 164 592 490 551 511 286 225 592 490 205 633 449 470 531 409 388 0 286 470 674 490 531 388 715 347 429 633 409 347 184 429 551 613 205 388 613 490 551 409
0 266 429 572 245 633 429 327 490 327 490 490 674 592 286 449 409 592 633 429 613 592 307 286 776 531 409 388 470 511 429 327 143 368 388 307 409 368 449 633 511 592 756 592 531 756 715 592 511 715 490 572 858 429 715 490 388 449 633 592 184 388 327 592 633 470 511 470 368 327 531 490 511 347 511 470 551 286 511 0 347 470 286 551 511 429 490 470 409 409 694 449 409 633 572 347 184 368 531 470 551
0 633 572 654 735 694 531 449 796 531 613 776 694 756 654 633 694 511 715 735 429 245 613 694 1021 449 654 817 551 654 633 347 654 286 837 572 205 592 694 674 756 694 654 490 511 796 756 572 572 796 572 633 715 266 470 633 633 551 633 878 490 592 368 776 572 572 184 694 429 572 633 511 490 592 531 470 449 694 694 817 0 735 572 429 592 858 490 756 715 511 429 531 633 633 531 388 490 531 654 654 551
0 1021 286 715 694 756 511 735 613 551 776 878 756 960 470 776 817 715 531 654 756 858 919 429 919 960 511 878 919 715 572 409 735 796 878 429 531 756 735 735 654 674 878 694 633 1000 796 613 694 858 817 735 960 511 858 756 470 796 817 817 776 511 409 572 878 817 531 776 490 409 613 715 531 449 613 674 674 429 633 878 613 0 715 694 633 837 592 654 960 633 817 592 694 776 592 449 307 776 674 592 654
0 776 511 572 531 674 449 531 837 449 572 592 919 654 572 388 143 327 674 572 347 429 735 409 796 674 613 613 837 245 613 572 837 490 796 470 307 551 449 756 715 470 490 674 551 858 592 796 307 756 327 409 674 429 633 490 674 511 470 756 633 531 572 511 694 531 654 613 490 613 592 633 715 674 470 388 613 470 490 756 470 225 0 388 633 654 449 776 878 592 613 592 429 388 633 449 531 429 429 572 531
0 633 409 592 572 388 470 490 511 388 245 613 674 633 388 490 694 347 592 613 368 511 796 551 694 531 470 633 919 266 633 470 674 409 592 490 245 531 470 368 531 490 511 388 511 796 613 470 327 796 531 429 715 531 470 470 674 490 490 756 674 470 490 531 511 511 449 388 184 613 205 388 388 551 490 307 327 490 511 756 511 613 756 0 245 756 62 572 898 511 429 531 388 490 409 164 654 531 449 490 143
0 654 449 613 388 735 694 633 898 592 796 735 1000 694 164 735 817 592 817 449 592 654 715 429 919 858 592 756 960 511 735 654 878 694 919 470 531 470 592 715 470 613 756 592 756 878 858 898 572 878 470 715 878 674 715 756 796 429 735 633 592 307 674 490 592 449 531 715 633 735 694 592 817 633 776 633 776 572 511 796 429 817 674 654 0 1000 715 368 817 531 817 388 694 735 756 694 592 307 674 674 592
0 613 551 551 715 225 592 654 796 490 511 613 776 613 654 449 674 205 694 572 490 776 674 674 756 694 551 654 1000 388 490 470 878 633 858 347 511 388 470 205 551 633 368 368 490 776 490 735 449 776 388 592 654 572 449 551 674 347 613 715 551 429 490 654 654 368 654 245 470 613 490 368 654 531 511 531 613 327 470 735 531 756 633 286 511 0 347 735 735 429 409 511 551 633 245 429 511 490 613 511 409
0 572 368 551 511 327 654 429 470 327 184 735 613 592 327 449 654 327 531 551 572 470 735 490 633 470 409 633 858 470 572 409 633 347 531 429 184 470 572 307 470 429 470 327 449 735 592 409 429 735 470 388 654 470 409 409 613 429 449 694 613 409 429 633 470 449 409 327 143 551 143 327 327 490 429 245 266 429 449 694 449 572 694 388 347 715 0 511 837 511 388 490 347 449 347 103 592 592 388 429 82
0 735 572 511 592 674 368 429 715 572 511 511 837 572 572 388 715 245 592 307 266 776 756 592 776 572 531 470 837 143 674 490 776 409 756 327 429 449 368 654 613 531 388 633 613 796 511 551 205 817 449 470 817 592 551 409 633 429 388 286 633 449 490 429 592 449 592 511 388 572 388 551 470 592 511 307 572 531 470 735 531 715 715 307 531 633 368 0 858 511 654 531 327 388 531 368 633 572 490 470 429
0 347 62 511 470 225 429 470 449 490 572 82 470 327 245 470 572 327 368 388 347 592 654 205 572 613 245 388 694 225 307 490 551 449 776 164 429 368 449 511 490 551 347 327 592 347 449 551 286 592 368 511 654 388 592 184 551 327 470 449 511 245 511 347 368 347 470 62 388 490 531 82 511 490 490 388 470 143 409 613 347 592 429 327 409 694 388 429 0 286 551 307 409 470 551 347 490 490 449 245 266
0 858 347 409 429 613 327 592 756 572 429 715 572 756 429 245 633 470 613 613 572 674 551 470 633 756 674 551 674 490 531 225 715 633 633 266 347 654 572 592 613 388 633 551 449 674 633 633 429 776 654 551 674 327 674 592 286 633 245 878 694 470 245 388 654 654 572 592 307 225 429 511 551 715 429 531 490 388 307 592 449 674 674 245 470 490 307 613 878 0 654 490 511 245 633 266 694 756 572 164 368
0 205 143 449 531 266 347 368 694 490 409 429 796 511 327 266 286 449 429 511 266 368 592 286 592 572 490 470 674 409 225 470 490 388 674 286 307 368 266 245 531 429 592 409 82 715 531 511 143 368 368 409 286 388 41 347 551 327 266 490 470 368 470 368 551 347 307 266 388 490 572 409 429 511 123 307 388 266 347 388 123 347 551 490 409 531 490 511 694 307 0 266 266 266 286 347 470 490 409 409 184
0 776 490 531 551 654 592 551 531 368 654 449 817 613 592 511 449 490 511 551 511 715 347 592 817 551 225 674 735 388 470 470 715 388 551 245 429 388 307 796 572 490 633 633 572 756 756 694 449 613 388 429 776 572 796 511 592 368 511 531 205 449 470 674 654 388 654 490 409 531 633 511 674 266 470 490 592 490 429 633 490 490 307 551 551 756 511 245 449 327 776 0 449 511 735 368 205 511 449 470 572
0 531 347 449 511 347 347 123 654 429 286 409 592 449 470 266 613 470 266 531 470 694 551 490 613 756 307 409 572 490 429 245 449 613 429 286 368 347 245 572 388 429 613 531 409 715 592 449 103 694 327 368 613 307 368 82 307 307 266 572 511 388 205 307 286 327 490 184 327 245 429 409 429 266 429 490 490 286 347 633 449 511 572 245 429 531 286 654 735 388 327 449 0 266 490 286 511 449 388 143 368
0 674 368 266 654 490 592 347 715 347 184 756 674 613 449 21 592 470 470 409 511 572 654 511 633 715 531 613 449 388 307 307 592 592 409 184 449 572 613 470 490 164 633 511 592 551 715 409 449 592 511 633 551 429 551 654 551 592 633 735 531 266 327 429 654 572 470 470 409 490 633 368 327 511 633 490 572 164 184 449 368 572 449 429 347 266 490 572 756 572 531 327 572 0 388 368 531 551 654 347 551
0 551 674 551 592 674 368 429 572 572 490 511 531 388 572 388 715 245 592 531 266 776 715 572 776 572 307 429 756 143 551 470 694 409 756 307 429 449 368 654 613 511 388 123 613 796 511 633 205 551 449 470 817 347 694 409 633 409 388 490 572 592 490 429 429 429 592 511 388 572 511 143 551 286 511 307 572 531 449 572 531 654 674 307 531 633 368 694 756 470 654 449 327 388 0 347 572 572 490 327 429
0 715 490 449 429 470 572 347 531 470 327 633 511 531 449 368 633 286 490 470 490 592 654 470 674 613 449 592 817 551 490 470 674 490 449 368 82 531 490 449 613 347 429 286 449 694 551 470 347 715 531 286 735 490 551 327 531 490 368 654 511 449 429 551 531 511 307 429 41 470 286 286 470 449 347 388 225 347 368 633 368 572 613 347 490 633 143 654 756 409 511 511 245 368 409 0 511 654 307 388 225
0 817 633 429 572 613 674 490 327 592 470 735 674 694 592 531 756 429 470 613 633 756 694 613 796 756 225 715 633 654 470 470 531 633 592 470 245 613 633 592 531 490 592 429 592 715 551 613 490 878 613 449 674 592 694 470 633 654 531 715 572 592 490 694 674 592 470 592 205 572 449 449 613 164 490 531 388 511 327 572 511 735 674 409 633 776 307 613 674 347 674 368 409 531 572 164 0 470 449 327 368
0 347 633 592 551 796 613 674 756 511 694 449 694 551 592 511 776 633 735 592 511 735 694 592 817 817 470 613 939 837 633 633 817 654 898 470 429 388 307 939 572 490 715 307 572 796 837 817 735 735 388 429 858 511 878 551 715 368 511 674 572 592 654 837 592 388 674 633 633 654 674 307 735 470 490 551 694 490 490 674 490 572 654 592 551 756 654 796 796 449 837 613 796 511 756 592 572 0 449 511 715
0 817 327 613 654 633 409 633 858 633 654 572 715 674 511 572 470 347 817 694 327 429 796 470 368 633 572 735 735 674 613 531 551 449 796 470 368 511 429 776 572 572 511 674 266 878 613 613 551 898 409 531 837 449 654 674 817 490 592 796 674 551 551 613 715 511 368 633 449 756 613 654 531 776 184 368 633 470 592 878 184 409 756 409 470 735 470 694 858 572 613 551 654 613 592 409 674 531 0 531 551
0 715 511 674 654 470 551 572 613 429 327 694 735 735 470 551 756 327 674 654 470 613 409 633 470 613 551 388 1000 347 715 551 776 490 674 572 327 613 551 449 613 572 470 470 572 878 592 551 409 878 613 531 796 572 551 551 756 572 572 837 756 511 572 613 511 592 551 470 286 694 286 470 470 592 572 388 409 572 572 837 592 551 613 103 327 796 164 654 980 592 531 572 490 572 490 245 735 613 531 0 225
0 715 531 592 470 470 756 694 715 694 531 654 674 511 266 490 858 266 470 551 694 756 796 531 796 409 347 572 898 572 592 388 654 307 858 429 511 613 511 449 592 694 409 266 654 674 531 654 633 694 613 633 878 409 551 674 715 572 654 633 674 409 388 572 551 592 613 470 470 654 511 266 674 429 694 592 205 572 511 715 511 776 715 327 551 735 368 449 796 613 592 470 592 654 490 429 674 715 654 470 0
SETUP_COST
0.0 10220.0 1240.0 7760.0 8980.0 8980.0 7360.0 10220.0 8180.0 11440.0 9400.0 10220.0 6940.0 13880.0 4900.0 9800.0 5720.0 8980.0 11020.0 8580.0 5320.0 7360.0 13880.0 4100.0 10220.0 11440.0 10220.0 12660.0 13480.0 11440.0 6940.0 8580.0 9800.0 8180.0 14700.0 4100.0 6540.0 9400.0 7360.0 10220.0 12260.0 8180.0 12260.0 10620.0 1640.0 13080.0 11020.0 11020.0 9800.0 12660.0 9400.0 9400.0 13080.0 5320.0 6940.0 11440.0 13880.0 8580.0 9800.0 13880.0 11020.0 5720.0 3280.0 6940.0 13880.0 8980.0 6140.0 8980.0 7760.0 12660.0 11440.0 9800.0 9400.0 12260.0 2460.0 6140.0 11440.0 3680.0 5720.0 11440.0 2860.0 6940.0 9800.0 9400.0 7760.0 13480.0 9800.0 8580.0 15520.0 10220.0 11020.0 6940.0 11840.0 9800.0 10620.0 6940.0 11020.0 11440.0 3280.0 7360.0 9800.0
0.0 0.0 12260.0 13480.0 11440.0 12660.0 8980.0 13080.0 13080.0 6940.0 13080.0 13880.0 16740.0 8980.0 10620.0 10220.0 12660.0 9400.0 13080.0 11440.0 6940.0 15520.0 10620.0 12260.0 17160.0 13080.0 11840.0 10220.0 15920.0 14300.0 14300.0 9800.0 9400.0 9800.0 14300.0 6540.0 10220.0 4500.0 12660.0 16740.0 8180.0 11840.0 12660.0 12660.0 13880.0 12660.0 14700.0 13880.0 11440.0 11020.0 4500.0 11020.0 18780.0 8980.0 11020.0 8980.0 11020.0 4100.0 10220.0 11440.0 7760.0 8580.0 10220.0 13480.0 9800.0 4100.0 11020.0 9400.0 9400.0 9800.0 10220.0 13080.0 12260.0 11020.0 11840.0 7760.0 11840.0 11440.0 11440.0 6940.0 10620.0 13480.0 9800.0 10220.0 7360.0 15120.0 11440.0 14700.0 12660.0 5720.0 14300.0 9800.0 12660.0 10220.0 13480.0 8980.0 8180.0 6940.0 11440.0 8580.0 12660.0
0.0 14700.0 0.0 10620.0 8180.0 9800.0 12260.0 8980.0 13880.0 13080.0 12260.0 11840.0 15920.0 15120.0 3680.0 13080.0 11440.0 11440.0 9800.0 7360.0 10220.0 11840.0 12660.0 2860.0 12660.0 14300.0 10220.0 11840.0 17560.0 10220.0 5720.0 11440.0 11440.0 12260.0 14300.0 2860.0 7360.0 11020.0 8980.0 9400.0 12260.0 12660.0 12660.0 11440.0 12260.0 15520.0 14700.0 13480.0 11020.0 11440.0 11020.0 11440.0 16340.0 11840.0 11440.0 10620.0 12660.0 10220.0 13080.0 13080.0 10220.0 4500.0 11020.0 6140.0 13080.0 10620.0 8980.0 9800.0 6540.0 11440.0 10220.0 11440.0 12660.0 11020.0 11440.0 11020.0 10220.0 2860.0 8980.0 11840.0 6940.0 13080.0 8580.0 8180.0 12660.0 18380.0 8580.0 7760.0 14300.0 11840.0 11020.0 6140.0 10620.0 13080.0 9800.0 5720.0 10220.0 13480.0 8180.0 6540.0 10220.0
0.0 17160.0 8980.0 0.0 7760.0 7360.0 9800.0 8980.0 12260.0 6540.0 12260.0 10620.0 17960.0 14300.0 3680.0 11840.0 10620.0 11440.0 11840.0 9400.0 7760.0 13480.0 8580.0 8980.0 15520.0 13080.0 6140.0 14300.0 16340.0 9400.0 8980.0 11020.0 14300.0 9400.0 12660.0 6140.0 10220.0 9800.0 7760.0 14700.0 13080.0 11440.0 14300.0 12260.0 13480.0 5720.0 11020.0 15520.0 8580.0 13880.0 9400.0 10220.0 15920.0 4900.0 13880.0 8180.0 12660.0 8980.0 11840.0 12260.0 6140.0 6540.0 3280.0 9800.0 12660.0 9400.0 10620.0 4100.0 9800.0 11440.0 14300.0 11840.0 14700.0 6940.0 11440.0 8580.0 11020.0 5720.0 10220.0 14300.0 8580.0 11440.0 7760.0 11440.0 7760.0 16340.0 11840.0 6940.0 10620.0 8180.0 13480.0 2060.0 6940.0 11840.0 15120.0 8980.0 6140.0 11840.0 10620.0 9400.0 8180.0
0.0 15120.0 6540.0 9800.0 0.0 12260.0 11840.0 10220.0 15520.0 11440.0 13080.0 10220.0 17560.0 12260.0 820.0 11440.0 13880.0 9400.0 13880.0 6540.0 9800.0 10620.0 11840.0 1240.0 13480.0 12260.0 9400.0 13080.0 16740.0 7760.0 9800.0 10620.0 15120.0 11440.0 15920.0 6940.0 8180.0 8980.0 7360.0 11840.0 5720.0 10620.0 12660.0 13080.0 11440.0 15520.0 14700.0 15520.0 8980.0 15120.0 8980.0 9800.0 15120.0 11020.0 11440.0 11020.0 12660.0 8180.0 11440.0 10220.0 8980.0 3680.0 11020.0 7360.0 11020.0 8580.0 8180.0 12660.0 12260.0 12660.0 6540.0 9800.0 13880.0 10220.0 9400.0 10620.0 11840.0 6940.0 7760.0 13480.0 6140.0 14300.0 11020.0 10620.0 11840.0 16340.0 11840.0 4900.0 13880.0 10220.0 12660.0 5320.0 11440.0 11440.0 12660.0 11840.0 9400.0 11440.0 6140.0 10620.0 9400.0
0.0 12260.0 10620.0 9400.0 12260.0 0.0 7360.0 8580.0 11440.0 5320.0 11440.0 12660.0 15520.0 7760.0 9400.0 8580.0 10620.0 8180.0 9400.0 6940.0 5320.0 11020.0 8980.0 11840.0 12260.0 9400.0 9800.0 8580.0 17160.0 12660.0 5320.0 8580.0 13080.0 8180.0 13480.0 2460.0 8580.0 3280.0 11440.0 13080.0 6540.0 10620.0 11020.0 9800.0 11020.0 11020.0 10620.0 12660.0 9800.0 11020.0 3280.0 9400.0 8580.0 7360.0 11020.0 12260.0 9800.0 2460.0 8580.0 10220.0 6540.0 4100.0 8580.0 11840.0 8580.0 2860.0 8580.0 420.0 8180.0 8580.0 8980.0 9800.0 11020.0 8980.0 8980.0 6140.0 8580.0 2460.0 7360.0 11440.0 6540.0 11840.0 8180.0 7760.0 6140.0 13880.0 8580.0 10220.0 11020.0 4100.0 10220.0 5720.0 10620.0 8580.0 12260.0 7360.0 5720.0 5320.0 9800.0 5720.0 4500.0
0.0 15520.0 6540.0 15520.0 11440.0 11020.0 0.0 14700.0 16340.0 13080.0 13080.0 13480.0 17160.0 16340.0 9800.0 10620.0 7360.0 10620.0 16340.0 11020.0 8980.0 11020.0 12660.0 4900.0 15520.0 15120.0 13880.0 9800.0 16740.0 13480.0 11840.0 10220.0 13480.0 11440.0 16740.0 1240.0 9800.0 11840.0 11020.0 10620.0 15120.0 13480.0 10220.0 13880.0 5320.0 18380.0 8980.0 13880.0 13480.0 17560.0 11840.0 12660.0 16740.0 11020.0 12260.0 14700.0 12660.0 11020.0 13080.0 18780.0 9800.0 11020.0 10220.0 12260.0 15920.0 11440.0 9800.0 11440.0 11440.0 11440.0 12260.0 13080.0 12260.0 13080.0 5720.0 9400.0 14700.0 8980.0 13880.0 12660.0 6140.0 8980.0 11840.0 8180.0 11840.0 6540.0 9400.0 13880.0 14700.0 12660.0 14700.0 10220.0 14700.0 10620.0 11440.0 10620.0 9800.0 14300.0 9800.0 6540.0 11020.0
0.0 15520.0 4900.0 8180.0 11840.0 9400.0 4900.0 0.0 13880.0 6540.0 3680.0 13480.0 9800.0 11020.0 8580.0 10220.0 11020.0 9400.0 12260.0 9800.0 9800.0 11840.0 13880.0 7760.0 15520.0 14700.0 4100.0 12260.0 12260.0 10620.0 8980.0 2860.0 13480.0 11440.0 12260.0 3680.0 5320.0 11840.0 10620.0 12260.0 9400.0 8180.0 12260.0 8980.0 7360.0 13880.0 9800.0 8180.0 8980.0 16340.0 11440.0 9400.0 13480.0 4100.0 11840.0 10220.0 4100.0 11840.0 11020.0 13480.0 11020.0 6940.0 2060.0 10620.0 11840.0 11440.0 9800.0 9800.0 4500.0 2860.0 6940.0 6140.0 6540.0 3280.0 6940.0 9400.0 8180.0 7360.0 6540.0 12260.0 7360.0 11020.0 13080.0 10220.0 6540.0 11440.0 6540.0 11840.0 13480.0 6940.0 13480.0 7360.0 8580.0 10220.0 7760.0 3680.0 11020.0 12660.0 9800.0 8580.0 7760.0
0.0 14700.0 15920.0 12260.0 13480.0 7760.0 15120.0 15920.0 0.0 13080.0 15120.0 18380.0 18780.0 15520.0 13880.0 15920.0 17560.0 12660.0 17160.0 14700.0 13080.0 13480.0 15520.0 14300.0 19600.0 17160.0 13880.0 11840.0 18780.0 11020.0 13080.0 12660.0 12260.0 15920.0 17160.0 3280.0 15120.0 11020.0 15120.0 7360.0 14300.0 14700.0 15920.0 10620.0 14700.0 17960.0 12660.0 15920.0 12260.0 18780.0 11020.0 17160.0 16340.0 13480.0 15520.0 16340.0 16740.0 10220.0 15520.0 15120.0 13080.0 11840.0 13080.0 16340.0 16340.0 10620.0 15520.0 8180.0 14300.0 15520.0 14700.0 10620.0 14300.0 13880.0 12660.0 13880.0 16340.0 9800.0 15120.0 9800.0 11840.0 15120.0 15120.0 10620.0 13880.0 17960.0 11840.0 17160.0 17960.0 11840.0 17160.0 12260.0 14700.0 15920.0 8180.0 13480.0 13080.0 13080.0 17160.0 13480.0 12260.0
0.0 13480.0 10220.0 7760.0 14300.0 14300.0 11440.0 8180.0 10620.0 0.0 11440.0 11840.0 13480.0 11020.0 11440.0 10620.0 11840.0 6140.0 10220.0 4500.0 12260.0 8980.0 9800.0 8580.0 15120.0 8580.0 7360.0 12260.0 14700.0 10620.0 12260.0 6540.0 13880.0 4900.0 14300.0 4900.0 6140.0 11020.0 8980.0 13880.0 9400.0 12660.0 8980.0 6140.0 13880.0 13480.0 11440.0 13880.0 8180.0 14700.0 11020.0 11440.0 13480.0 8580.0 9800.0 12260.0 11840.0 10220.0 11440.0 13480.0 7360.0 1640.0 6940.0 11020.0 10220.0 10620.0 6140.0 11840.0 8180.0 10620.0 10620.0 6140.0 12260.0 8180.0 12660.0 2860.0 4900.0 12660.0 6140.0 11440.0 4100.0 12660.0 8980.0 7360.0 11440.0 15520.0 8180.0 8180.0 11840.0 9400.0 12660.0 3280.0 10620.0 11840.0 11840.0 7360.0 7360.0 8180.0 11840.0 10220.0 9400.0
0.0 15120.0 3680.0 10620.0 11020.0 13080.0 11020.0 11020.0 10620.0 3280.0 0.0 14300.0 14700.0 11840.0 6540.0 10620.0 14700.0 8980.0 13080.0 7760.0 9400.0 11840.0 12660.0 6540.0 14300.0 11440.0 10220.0 12660.0 15920.0 6940.0 9400.0 9400.0 10220.0 8180.0 12660.0 6540.0 7360.0 9800.0 11440.0 12660.0 6140.0 10220.0 11840.0 6540.0 12260.0 16340.0 14300.0 4500.0 8180.0 15120.0 9800.0 8980.0 16340.0 11020.0 12660.0 12260.0 14700.0 8980.0 10620.0 13880.0 10220.0 4900.0 9800.0 9400.0 11440.0 9400.0 6940.0 13480.0 10220.0 13480.0 9400.0 6940.0 2860.0 9800.0 10220.0 6140.0 7760.0 6140.0 8980.0 10620.0 6940.0 7760.0 11840.0 6540.0 3280.0 15920.0 7760.0 10620.0 14700.0 10620.0 12660.0 6140.0 10620.0 10620.0 4100.0 9400.0 10220.0 9400.0 9400.0 4900.0 8980.0
0.0 11840.0 13080.0 12660.0 11840.0 12660.0 10220.0 15120.0 7760.0 11840.0 10220.0 0.0 13480.0 10220.0 12660.0 14700.0 14300.0 9800.0 6140.0 13080.0 11840.0 14300.0 11840.0 12660.0 9800.0 15520.0 8580.0 11440.0 17960.0 10220.0 13480.0 10620.0 9800.0 13080.0 14700.0 8580.0 9800.0 9400.0 11020.0 12260.0 8180.0 14300.0 5320.0 5320.0 14700.0 13880.0 7760.0 9800.0 11840.0 13880.0 8980.0 13480.0 13080.0 9400.0 14300.0 2460.0 11840.0 8580.0 14700.0 12660.0 12660.0 13480.0 10620.0 15920.0 11020.0 8980.0 12260.0 13080.0 8980.0 10620.0 9400.0 5320.0 11840.0 8580.0 13880.0 11020.0 11840.0 14700.0 11840.0 14300.0 9400.0 11440.0 11840.0 5320.0 9800.0 12660.0 6540.0 16340.0 17160.0 10220.0 13880.0 11440.0 13080.0 14700.0 13080.0 8180.0 12660.0 11440.0 12260.0 3680.0 7760.0
0.0 12260.0 5720.0 6940.0 6140.0 11020.0 6940.0 8580.0 11020.0 5320.0 2460.0 4100.0 0.0 7360.0 6940.0 5320.0 10620.0 7760.0 9800.0 6940.0 5320.0 9800.0 8980.0 6940.0 11020.0 11020.0 7360.0 8580.0 13880.0 8980.0 7760.0 7760.0 12260.0 8180.0 13080.0 4900.0 3680.0 2860.0 820.0 11840.0 6540.0 4500.0 6540.0 3680.0 6540.0 11020.0 8980.0 6940.0 9800.0 12660.0 2860.0 3680.0 12260.0 7360.0 12660.0 6140.0 7360.0 2060.0 5320.0 9800.0 6140.0 6540.0 8180.0 11440.0 8180.0 2460.0 8580.0 7760.0 7760.0 8180.0 8580.0 4100.0 5320.0 7360.0 4500.0 6140.0 8980.0 4900.0 4900.0 10620.0 4900.0 9400.0 8180.0 4900.0 5720.0 10220.0 6140.0 10620.0 11020.0 4100.0 11840.0 8180.0 11020.0 5320.0 6540.0 6940.0 6140.0 5320.0 4100.0 6940.0 7360.0
0.0 8980.0 7760.0 6940.0 6140.0 11840.0 9400.0 11020.0 4100.0 10620.0 8980.0 12660.0 14700.0 0.0 6940.0 5320.0 10620.0 9400.0 11020.0 3280.0 7760.0 9800.0 10620.0 6940.0 11440.0 13880.0 8180.0 1240.0 14300.0 7760.0 7760.0 7760.0 6940.0 10220.0 11840.0 3680.0 6940.0 6140.0 9800.0 11440.0 9800.0 4900.0 5720.0 7360.0 6540.0 12660.0 8180.0 5320.0 8980.0 13480.0 6140.0 3680.0 12260.0 1640.0 9800.0 12660.0 11840.0 7760.0 5320.0 2460.0 8180.0 6940.0 8180.0 13080.0 1240.0 6140.0 7760.0 10620.0 6140.0 10620.0 4500.0 7360.0 3680.0 10620.0 4900.0 8580.0 8980.0 4900.0 5320.0 10620.0 4900.0 5320.0 10220.0 10220.0 9400.0 10220.0 7360.0 11020.0 13080.0 7360.0 11840.0 8180.0 11440.0 5320.0 4900.0 8980.0 8180.0 8580.0 4100.0 8580.0 8980.0
0.0 14300.0 5720.0 8980.0 4500.0 11440.0 11020.0 9400.0 14700.0 11440.0 12660.0 13080.0 16740.0 11440.0 0.0 11440.0 13080.0 8580.0 13080.0 5720.0 8980.0 9800.0 11020.0 5320.0 16340.0 13880.0 8580.0 12260.0 15920.0 6940.0 11440.0 9800.0 14300.0 10620.0 15120.0 6140.0 7360.0 12260.0 10220.0 11020.0 10220.0 13880.0 11840.0 14300.0 14300.0 14700.0 13880.0 14700.0 8180.0 14300.0 12260.0 12660.0 14300.0 10220.0 11020.0 11840.0 13080.0 11440.0 11440.0 9400.0 8580.0 2860.0 10220.0 6540.0 11440.0 11840.0 7360.0 11840.0 11440.0 11840.0 10620.0 11020.0 13080.0 9400.0 12260.0 9800.0 13880.0 8180.0 6940.0 12660.0 5320.0 13880.0 10220.0 9800.0 14700.0 16740.0 11020.0 4100.0 13080.0 10620.0 13480.0 4500.0 10620.0 11440.0 11840.0 11020.0 8580.0 14300.0 10220.0 11840.0 12660.0
0.0 17160.0 7360.0 14300.0 14700.0 9800.0 11840.0 13480.0 14300.0 6940.0 3680.0 15120.0 18380.0 15520.0 10220.0 0.0 17160.0 9400.0 16740.0 11440.0 10220.0 11440.0 16340.0 10220.0 17960.0 14300.0 13880.0 15520.0 19600.0 7760.0 13080.0 13080.0 13880.0 11840.0 16340.0 10220.0 11020.0 12660.0 11840.0 9400.0 9800.0 13880.0 12660.0 10220.0 14700.0 20000.0 14700.0 8180.0 8980.0 18780.0 10220.0 12660.0 18380.0 11440.0 13880.0 13080.0 17160.0 11840.0 12660.0 17560.0 13880.0 8580.0 13480.0 13080.0 15120.0 12260.0 10620.0 9800.0 10220.0 15920.0 13080.0 10220.0 6540.0 13480.0 13880.0 9400.0 11440.0 9800.0 12660.0 14300.0 10620.0 11440.0 14300.0 10220.0 6940.0 5320.0 11440.0 14300.0 18380.0 13080.0 13480.0 9800.0 11440.0 12660.0 7760.0 9400.0 13880.0 12660.0 13080.0 8580.0 11440.0
0.0 13480.0 7360.0 8580.0 8180.0 13480.0 11020.0 12660.0 13880.0 6140.0 10620.0 11840.0 16740.0 14700.0 8980.0 6940.0 0.0 10620.0 12260.0 8980.0 9400.0 5720.0 12660.0 8980.0 13080.0 14300.0 9800.0 15520.0 15920.0 13080.0 9400.0 9800.0 14300.0 11020.0 15120.0 6940.0 10620.0 10220.0 8980.0 13880.0 13480.0 6540.0 13880.0 10620.0 8580.0 14300.0 15920.0 13880.0 12260.0 15520.0 10220.0 5320.0 14300.0 5720.0 9800.0 14300.0 11020.0 9400.0 6940.0 12260.0 10220.0 7760.0 9800.0 8180.0 14300.0 9800.0 10220.0 12660.0 10620.0 9800.0 12660.0 10620.0 12260.0 11020.0 6540.0 8980.0 9800.0 6540.0 6940.0 12660.0 6940.0 2060.0 8580.0 11840.0 12660.0 12260.0 12660.0 12660.0 14700.0 11020.0 9400.0 8980.0 14700.0 6940.0 13480.0 9800.0 7760.0 12660.0 5720.0 10220.0 13080.0
0.0 13880.0 9800.0 6940.0 10220.0 8980.0 10620.0 8980.0 11840.0 8980.0 6140.0 8180.0 14300.0 11440.0 8980.0 4900.0 12260.0 0.0 11020.0 11020.0 8980.0 11840.0 13080.0 11020.0 11020.0 11840.0 9400.0 12260.0 15920.0 6540.0 11440.0 7760.0 13480.0 9400.0 13080.0 8980.0 6140.0 6940.0 5320.0 8580.0 8980.0 8580.0 3280.0 8980.0 10620.0 11440.0 5720.0 10620.0 7760.0 17160.0 6940.0 7760.0 12660.0 10220.0 10620.0 8180.0 9400.0 6540.0 9400.0 13480.0 10620.0 10620.0 8180.0 11840.0 11840.0 6940.0 10620.0 8980.0 5320.0 8180.0 5720.0 6140.0 8980.0 11840.0 8580.0 7360.0 8180.0 8980.0 5320.0 10620.0 7360.0 13480.0 9400.0 1640.0 6140.0 9800.0 2860.0 12660.0 15120.0 8180.0 10220.0 8580.0 6940.0 9400.0 9400.0 4500.0 10620.0 9400.0 8180.0 7360.0 4100.0
0.0 13480.0 11840.0 11020.0 6140.0 14300.0 13080.0 11440.0 13480.0 11020.0 13480.0 15920.0 18780.0 13480.0 6940.0 9800.0 9400.0 11840.0 0.0 9800.0 11020.0 13080.0 14700.0 6940.0 11440.0 13880.0 6940.0 8980.0 15120.0 13480.0 8180.0 11840.0 4100.0 13480.0 8980.0 9800.0 6540.0 8980.0 13080.0 13880.0 2460.0 9400.0 15120.0 11840.0 10620.0 15920.0 14300.0 3680.0 12260.0 16340.0 8980.0 8180.0 13480.0 13080.0 9800.0 11440.0 14700.0 8180.0 9800.0 13080.0 12260.0 9400.0 12260.0 13080.0 7360.0 8580.0 6140.0 13880.0 13480.0 13480.0 10620.0 11840.0 11440.0 5720.0 9400.0 11840.0 10620.0 9400.0 8980.0 14700.0 8180.0 9400.0 13080.0 13080.0 11840.0 15120.0 13880.0 10620.0 15920.0 9400.0 9400.0 9800.0 14700.0 9800.0 12660.0 13080.0 12260.0 11020.0 8580.0 12260.0 12660.0
0.0 18380.0 5720.0 11840.0 11020.0 15120.0 6940.0 14300.0 16340.0 13480.0 13480.0 17160.0 15520.0 12660.0 8980.0 9800.0 13880.0 12660.0 15120.0 0.0 12260.0 11020.0 15520.0 8180.0 15920.0 17560.0 11020.0 8980.0 16340.0 10620.0 11020.0 12660.0 17160.0 15120.0 17960.0 820.0 12660.0 11440.0 14300.0 14700.0 14700.0 9400.0 15520.0 14700.0 11440.0 14300.0 15520.0 13080.0 11840.0 16740.0 11020.0 8180.0 17160.0 11020.0 15120.0 15920.0 17560.0 10620.0 9800.0 15120.0 13080.0 10220.0 12660.0 11440.0 5720.0 11020.0 13080.0 15120.0 11840.0 16340.0 15520.0 7760.0 11440.0 13880.0 9400.0 13080.0 13480.0 8180.0 9800.0 15520.0 9800.0 10220.0 13880.0 13480.0 14300.0 13480.0 13880.0 13080.0 17560.0 12260.0 14700.0 9800.0 14300.0 9800.0 12660.0 11020.0 10620.0 13480.0 8580.0 11840.0 11440.0
0.0 15920.0 8180.0 7760.0 6940.0 11020.0 2060.0 8580.0 12660.0 11440.0 8580.0 10620.0 11440.0 11840.0 7760.0 5720.0 8980.0 4100.0 11440.0 7760.0 0.0 10620.0 11440.0 6540.0 11840.0 6540.0 5320.0 11020.0 14700.0 10220.0 8580.0 4500.0 13080.0 2860.0 10620.0 3280.0 3680.0 8980.0 7760.0 10620.0 7360.0 5320.0 7360.0 7360.0 6940.0 13080.0 9400.0 11020.0 4500.0 14300.0 8980.0 4100.0 13080.0 6540.0 12660.0 8180.0 12260.0 8180.0 5720.0 14300.0 8980.0 7360.0 4900.0 8980.0 8980.0 8580.0 8180.0 10620.0 2860.0 11020.0 7760.0 7760.0 11020.0 10620.0 5320.0 820.0 6540.0 5320.0 5720.0 11440.0 5720.0 10220.0 10620.0 5320.0 9400.0 8580.0 4900.0 11440.0 13480.0 10220.0 12260.0 7760.0 6940.0 5720.0 9800.0 2060.0 8980.0 11440.0 4500.0 8580.0 6140.0
0.0 7760.0 6540.0 11020.0 10620.0 8980.0 5720.0 11020.0 14300.0 11440.0 8580.0 11840.0 13080.0 10220.0 8980.0 8980.0 9400.0 5320.0 9400.0 11440.0 3680.0 0.0 15120.0 9400.0 15520.0 10220.0 8580.0 11440.0 17160.0 11440.0 7760.0 8180.0 13080.0 6540.0 14300.0 6540.0 7360.0 11020.0 8980.0 8580.0 10620.0 8980.0 8180.0 5320.0 5320.0 13480.0 10620.0 12660.0 6540.0 11020.0 11020.0 7760.0 9400.0 420.0 4500.0 10620.0 14700.0 10220.0 8980.0 12660.0 12260.0 11020.0 8180.0 11020.0 11020.0 10620.0 9800.0 8980.0 6140.0 13480.0 10220.0 5320.0 10620.0 8580.0 6140.0 4500.0 4100.0 8980.0 9400.0 11440.0 6140.0 10620.0 14300.0 6540.0 11020.0 12260.0 7360.0 12660.0 17160.0 9800.0 3680.0 8980.0 8980.0 8980.0 9400.0 5720.0 8180.0 11440.0 8180.0 9400.0 7360.0
0.0 13480.0 8580.0 8180.0 8180.0 9800.0 8980.0 4900.0 11020.0 820.0 8180.0 6140.0 11020.0 9400.0 8980.0 6940.0 7360.0 6540.0 8180.0 5320.0 7360.0 9400.0 0.0 8980.0 13080.0 8980.0 7760.0 10620.0 13880.0 11440.0 9800.0 6940.0 11840.0 5720.0 11020.0 5720.0 5720.0 4900.0 2860.0 13880.0 8180.0 6540.0 9400.0 6540.0 7760.0 13080.0 11840.0 11440.0 4500.0 15120.0 4900.0 5720.0 13880.0 8580.0 9800.0 4100.0 8580.0 4100.0 6940.0 11840.0 7760.0 2460.0 6940.0 8980.0 8580.0 4500.0 6540.0 6540.0 8580.0 7360.0 10620.0 6540.0 11020.0 7760.0 6540.0 3280.0 5320.0 6540.0 6540.0 12260.0 4500.0 3280.0 9400.0 7360.0 7760.0 12260.0 8580.0 8580.0 12260.0 5720.0 9400.0 3680.0 2860.0 6940.0 12260.0 7760.0 7760.0 7360.0 5720.0 5720.0 9800.0
0.0 17160.0 11840.0 12260.0 11440.0 13080.0 12260.0 12260.0 16340.0 10620.0 13880.0 9400.0 16740.0 12660.0 12260.0 10620.0 14300.0 9800.0 13080.0 10620.0 10620.0 13480.0 14300.0 0.0 12260.0 11440.0 12260.0 13880.0 15920.0 15920.0 8980.0 13080.0 15920.0 13480.0 18380.0 6140.0 8980.0 8180.0 6140.0 17560.0 11440.0 9800.0 13080.0 13880.0 10620.0 16340.0 15120.0 16740.0 14300.0 14700.0 8180.0 8980.0 17560.0 12660.0 14700.0 10220.0 11840.0 7360.0 10220.0 15120.0 11440.0 7760.0 13080.0 13480.0 11020.0 7760.0 12260.0 13080.0 12260.0 13480.0 13880.0 8980.0 15520.0 14300.0 8580.0 11440.0 12660.0 5720.0 10220.0 15120.0 8980.0 13080.0 11840.0 11020.0 11020.0 15520.0 12260.0 13880.0 16340.0 9400.0 13880.0 9400.0 16340.0 10620.0 15520.0 12260.0 11440.0 10620.0 5320.0 9400.0 13480.0
0.0 10220.0 13480.0 13080.0 8980.0 6940.0 10620.0 12260.0 10220.0 12260.0 10220.0 12260.0 16340.0 6140.0 9800.0 10620.0 16340.0 6140.0 13480.0 8980.0 8580.0 15920.0 15920.0 10220.0 0.0 14700.0 12660.0 7360.0 20000.0 6140.0 12260.0 9400.0 7360.0 11440.0 12260.0 9400.0 11840.0 10220.0 8980.0 14300.0 4100.0 10620.0 8980.0 8980.0 12260.0 17560.0 11440.0 11440.0 7760.0 17560.0 9800.0 9800.0 15520.0 2060.0 11020.0 11440.0 15520.0 9400.0 11020.0 8580.0 13480.0 11020.0 9800.0 11840.0 6940.0 9800.0 13880.0 7360.0 11020.0 14300.0 6140.0 9400.0 9800.0 12260.0 10620.0 9400.0 13480.0 8980.0 11020.0 10620.0 11020.0 11440.0 14700.0 7360.0 11840.0 11440.0 8580.0 13880.0 17960.0 11020.0 10620.0 12260.0 10220.0 11020.0 11020.0 10220.0 9800.0 3280.0 8580.0 12660.0 9800.0
0.0 15520.0 14300.0 15120.0 14700.0 15520.0 13480.0 11840.0 13880.0 9800.0 15520.0 15120.0 16740.0 15920.0 11440.0 13880.0 16340.0 9400.0 8980.0 14300.0 11440.0 8180.0 9400.0 15920.0 20420.0 0.0 13080.0 17160.0 13880.0 11840.0 10620.0 9800.0 13080.0 8580.0 17960.0 13080.0 6940.0 11840.0 11840.0 15120.0 11440.0 12660.0 12660.0 11440.0 13080.0 19200.0 14700.0 12660.0 13480.0 11840.0 7360.0 14700.0 12260.0 8180.0 12260.0 13080.0 15520.0 13080.0 14700.0 14300.0 12660.0 11440.0 10220.0 17560.0 14700.0 11440.0 6540.0 15520.0 11440.0 14300.0 13080.0 11440.0 12660.0 14700.0 13880.0 12260.0 10220.0 12660.0 13080.0 12260.0 3280.0 12260.0 14700.0 11020.0 14700.0 19200.0 11840.0 15120.0 17160.0 10220.0 11840.0 12660.0 11840.0 14700.0 13480.0 11020.0 12660.0 9800.0 14700.0 13080.0 6140.0
0.0 15920.0 10220.0 13480.0 13880.0 13480.0 13080.0 8180.0 13480.0 10220.0 11840.0 10620.0 13880.0 15120.0 13880.0 13080.0 11020.0 12660.0 9400.0 10620.0 13080.0 16340.0 9800.0 13080.0 19200.0 14300.0 0.0 16340.0 17560.0 10620.0 4900.0 11020.0 13080.0 10620.0 13880.0 7760.0 11020.0 11020.0 8980.0 18380.0 11440.0 12660.0 13480.0 13080.0 14700.0 16340.0 15520.0 12660.0 11840.0 13480.0 8980.0 11440.0 12660.0 12260.0 17160.0 12660.0 12260.0 10220.0 13080.0 10220.0 6940.0 11840.0 10220.0 15520.0 10220.0 10620.0 15120.0 10220.0 10220.0 11020.0 12260.0 10620.0 13880.0 8180.0 12660.0 12660.0 12260.0 11840.0 11440.0 13880.0 12660.0 12660.0 8980.0 13880.0 13880.0 17960.0 12260.0 7760.0 9400.0 9400.0 18380.0 3280.0 11840.0 13080.0 15120.0 9400.0 7360.0 11020.0 11840.0 12260.0 13880.0
0.0 14700.0 13080.0 11840.0 11440.0 12660.0 11020.0 11840.0 15120.0 11840.0 9800.0 13880.0 14300.0 11440.0 12260.0 9800.0 11840.0 8580.0 15520.0 12260.0 8980.0 13880.0 15520.0 12260.0 16340.0 14300.0 9800.0 0.0 18780.0 6540.0 13080.0 13080.0 13080.0 11840.0 16740.0 9800.0 6940.0 9400.0 11020.0 12260.0 12660.0 9800.0 11440.0 6140.0 11840.0 17560.0 13880.0 4500.0 7760.0 14700.0 9400.0 8580.0 17560.0 10620.0 14300.0 11840.0 15520.0 8580.0 10220.0 13880.0 12660.0 11840.0 13080.0 12260.0 12260.0 8980.0 6940.0 13080.0 8980.0 14700.0 9400.0 6540.0 2860.0 9400.0 9800.0 9800.0 11840.0 9800.0 10220.0 15120.0 9400.0 7360.0 8980.0 9800.0 12260.0 14700.0 6540.0 14300.0 17160.0 10620.0 13880.0 9400.0 10220.0 10220.0 4100.0 8180.0 12660.0 11840.0 8980.0 10220.0 7760.0
0.0 15520.0 9800.0 2060.0 7360.0 8980.0 9800.0 10220.0 12660.0 2460.0 9400.0 11840.0 11840.0 8980.0 5320.0 8180.0 12260.0 3680.0 8180.0 6940.0 9800.0 11020.0 10220.0 8180.0 14700.0 10620.0 7360.0 10220.0 0.0 10220.0 9400.0 7760.0 5320.0 7360.0 10220.0 7360.0 8580.0 10620.0 8980.0 11840.0 10220.0 12260.0 6940.0 3680.0 11840.0 7760.0 9400.0 10620.0 10620.0 12660.0 10620.0 11440.0 15520.0 6940.0 12260.0 10220.0 8580.0 9800.0 13080.0 11440.0 7760.0 4100.0 4900.0 11840.0 9800.0 10220.0 8180.0 5720.0 8180.0 7360.0 8580.0 4100.0 12260.0 7360.0 11840.0 5320.0 2860.0 7760.0 8180.0 11840.0 6140.0 13080.0 9800.0 5320.0 9400.0 13480.0 5720.0 8580.0 12260.0 10220.0 13080.0 3680.0 8580.0 13080.0 12260.0 7760.0 7760.0 10220.0 11840.0 7760.0 7360.0
0.0 14300.0 10620.0 8180.0 8980.0 11020.0 4500.0 6140.0 12260.0 8580.0 7360.0 7360.0 13880.0 8580.0 8980.0 4900.0 11440.0 2060.0 8980.0 10220.0 2460.0 12660.0 12260.0 8980.0 13080.0 8980.0 7760.0 7760.0 13880.0 0.0 10620.0 6940.0 13080.0 5320.0 12260.0 5320.0 6140.0 6540.0 4500.0 10220.0 9400.0 7760.0 5320.0 9800.0 9400.0 13480.0 7360.0 11840.0 1640.0 13480.0 6540.0 6540.0 13880.0 8980.0 11020.0 5320.0 9800.0 5720.0 4900.0 11020.0 9800.0 9800.0 6940.0 5720.0 9400.0 6140.0 8980.0 7360.0 4900.0 8580.0 7360.0 8180.0 10220.0 8980.0 7760.0 3280.0 8980.0 7760.0 6540.0 12260.0 7760.0 12260.0 11440.0 3280.0 8180.0 10220.0 4500.0 12660.0 14300.0 7360.0 10620.0 10220.0 4100.0 4900.0 11020.0 4500.0 9800.0 8580.0 6940.0 6940.0 5720.0
0.0 17560.0 8180.0 11440.0 10220.0 12660.0 8180.0 3280.0 15920.0 9800.0 6940.0 16740.0 13080.0 12260.0 11020.0 13480.0 13880.0 12660.0 4500.0 13080.0 13080.0 15120.0 17160.0 11020.0 15520.0 17960.0 7360.0 13080.0 15520.0 13880.0 0.0 6140.0 8180.0 14700.0 13080.0 6940.0 8580.0 7760.0 13880.0 15520.0 6540.0 11440.0 15520.0 12260.0 10620.0 17160.0 12660.0 8180.0 11840.0 18380.0 13080.0 12260.0 16740.0 7360.0 14300.0 13480.0 7360.0 12260.0 13080.0 14700.0 14300.0 10220.0 5320.0 10620.0 11440.0 12660.0 10620.0 12660.0 7760.0 6140.0 10220.0 9400.0 9800.0 6540.0 10220.0 12660.0 11440.0 10620.0 9800.0 15520.0 10620.0 13480.0 16340.0 13480.0 9800.0 14700.0 9800.0 14700.0 16740.0 8580.0 13480.0 10620.0 11840.0 13480.0 11020.0 6940.0 14300.0 15520.0 12660.0 11840.0 11020.0
0.0 15120.0 10620.0 10220.0 9400.0 10220.0 11020.0 7760.0 11440.0 10620.0 7360.0 11020.0 7360.0 11840.0 8180.0 8580.0 13880.0 6540.0 10620.0 8180.0 10620.0 12260.0 13080.0 10220.0 14300.0 13080.0 9400.0 11840.0 13480.0 11840.0 11020.0 0.0 13880.0 10620.0 9800.0 8180.0 2860.0 9800.0 8180.0 9800.0 13080.0 7760.0 9800.0 6540.0 9800.0 14700.0 8180.0 10220.0 7760.0 15120.0 9800.0 6940.0 15520.0 2460.0 11840.0 7360.0 11440.0 8980.0 8180.0 13880.0 10620.0 5320.0 420.0 11840.0 11440.0 9400.0 7360.0 9400.0 2060.0 10220.0 6940.0 6940.0 10220.0 9800.0 7760.0 8580.0 5720.0 7760.0 8180.0 13880.0 7360.0 12660.0 12660.0 7760.0 4900.0 13480.0 4100.0 11440.0 15120.0 9400.0 11440.0 6540.0 6140.0 8180.0 9400.0 1240.0 10220.0 10620.0 6940.0 8980.0 5320.0
0.0 11020.0 8580.0 11840.0 2060.0 14300.0 12260.0 12260.0 9400.0 13080.0 9800.0 12260.0 17160.0 14300.0 2860.0 6540.0 12260.0 11440.0 11440.0 6140.0 11840.0 8980.0 13080.0 2860.0 15120.0 13080.0 11020.0 5320.0 15120.0 9400.0 11840.0 10220.0 0.0 9800.0 4900.0 6540.0 8180.0 11020.0 8980.0 13880.0 7760.0 12660.0 12660.0 11440.0 13480.0 17160.0 14700.0 9400.0 11020.0 16740.0 11020.0 11840.0 17160.0 9400.0 13480.0 7760.0 11440.0 10220.0 10620.0 9400.0 10620.0 5720.0 10620.0 9400.0 11440.0 10620.0 7760.0 14700.0 11840.0 10220.0 8580.0 11440.0 7760.0 11440.0 11440.0 12660.0 13080.0 8580.0 9800.0 15520.0 4500.0 12660.0 9400.0 10620.0 13080.0 11440.0 11440.0 6940.0 15120.0 6140.0 12660.0 6540.0 13480.0 10620.0 8980.0 11440.0 10620.0 13480.0 8180.0 8980.0 11440.0
0.0 16740.0 10220.0 10620.0 11020.0 11840.0 12260.0 8980.0 13080.0 11840.0 8980.0 12260.0 8580.0 13080.0 9800.0 7360.0 13880.0 8180.0 12260.0 9400.0 12260.0 11440.0 11840.0 11840.0 15920.0 3680.0 9400.0 13080.0 15120.0 12660.0 12260.0 1640.0 15120.0 0.0 11020.0 9800.0 4100.0 11440.0 9400.0 11440.0 14700.0 9400.0 11020.0 8180.0 11440.0 15920.0 9800.0 11840.0 9400.0 15520.0 11020.0 8180.0 12260.0 3680.0 13480.0 8980.0 13080.0 10620.0 7360.0 15520.0 8980.0 6540.0 2060.0 12260.0 6140.0 11020.0 8580.0 11020.0 3280.0 11840.0 8180.0 8180.0 11840.0 10220.0 9400.0 10220.0 6940.0 9400.0 8580.0 14300.0 6540.0 10620.0 11020.0 9400.0 6540.0 12260.0 5320.0 9800.0 13880.0 10620.0 12660.0 4900.0 7360.0 7360.0 10620.0 2460.0 8980.0 12260.0 8580.0 10220.0 6940.0
0.0 16340.0 7760.0 10620.0 12660.0 11020.0 7360.0 10220.0 11840.0 8180.0 4900.0 10620.0 12260.0 13080.0 11440.0 1640.0 9400.0 10620.0 11440.0 8980.0 11440.0 12660.0 8180.0 10620.0 13880.0 12260.0 6140.0 13080.0 15920.0 8980.0 6940.0 5320.0 15120.0 9400.0 0.0 4500.0 8180.0 9400.0 7360.0 10620.0 11020.0 10620.0 13880.0 11440.0 9800.0 15920.0 13480.0 9400.0 10220.0 12660.0 9400.0 10220.0 15920.0 7760.0 12660.0 11840.0 6540.0 8580.0 11440.0 11840.0 5720.0 6140.0 5720.0 13480.0 13880.0 8980.0 10220.0 11020.0 6940.0 5320.0 9400.0 11840.0 7760.0 6540.0 9400.0 11020.0 10620.0 4100.0 8580.0 13080.0 8180.0 11020.0 7760.0 9400.0 8180.0 6540.0 9400.0 6540.0 10220.0 8180.0 12260.0 1640.0 10220.0 11440.0 8980.0 6540.0 5720.0 11840.0 10220.0 7760.0 10620.0
0.0 17960.0 13080.0 17560.0 10620.0 17560.0 14700.0 18780.0 17560.0 13080.0 17960.0 17560.0 20420.0 15120.0 11440.0 14300.0 15520.0 12660.0 19600.0 17160.0 12660.0 10620.0 15920.0 11440.0 20420.0 18780.0 13480.0 8980.0 15920.0 15520.0 16340.0 15120.0 17560.0 15520.0 20420.0 0.0 13880.0 11020.0 14700.0 18780.0 14300.0 17160.0 15920.0 15120.0 11840.0 18780.0 17960.0 13080.0 16740.0 20420.0 10620.0 16740.0 19600.0 10620.0 14700.0 19200.0 17160.0 10220.0 14300.0 17560.0 13480.0 14300.0 15520.0 17560.0 16340.0 10620.0 13480.0 15520.0 15120.0 15920.0 16340.0 15120.0 11440.0 14300.0 9800.0 13480.0 14300.0 13480.0 15920.0 20420.0 10220.0 11840.0 15120.0 14300.0 13880.0 18780.0 15120.0 14300.0 17960.0 11840.0 14300.0 9400.0 17960.0 14300.0 12660.0 14300.0 11440.0 13080.0 16340.0 14700.0 11020.0
0.0 13880.0 9800.0 13480.0 13480.0 14700.0 9800.0 5320.0 15520.0 11440.0 8580.0 16740.0 14700.0 14300.0 9400.0 11020.0 15120.0 11440.0 13480.0 11020.0 11840.0 15520.0 16340.0 12660.0 18780.0 15920.0 9400.0 15520.0 17560.0 9400.0 13080.0 7760.0 17160.0 14700.0 17560.0 8980.0 0.0 15520.0 13880.0 14300.0 14700.0 13080.0 14300.0 8980.0 11020.0 12260.0 15120.0 13080.0 10620.0 16740.0 15520.0 14300.0 15520.0 8980.0 10220.0 9800.0 8980.0 15120.0 11020.0 16740.0 13880.0 8180.0 7360.0 14300.0 15120.0 15520.0 12660.0 14700.0 9400.0 7760.0 11840.0 9400.0 11440.0 8180.0 11840.0 12660.0 13080.0 12660.0 11440.0 17160.0 10620.0 16340.0 15520.0 11440.0 11440.0 16340.0 11440.0 13080.0 18380.0 6540.0 9800.0 9800.0 13080.0 11020.0 6940.0 8980.0 13880.0 17560.0 14700.0 9400.0 13080.0
0.0 13480.0 7760.0 8980.0 9400.0 8580.0 7360.0 12660.0 8580.0 11440.0 8580.0 15520.0 12260.0 4500.0 6540.0 5720.0 8180.0 10220.0 13080.0 7760.0 12260.0 13880.0 11840.0 10220.0 13480.0 15520.0 8980.0 5720.0 14700.0 10620.0 9800.0 5320.0 11440.0 13480.0 13880.0 6540.0 8180.0 0.0 12260.0 12660.0 12660.0 8580.0 10220.0 11840.0 9800.0 14700.0 12260.0 9800.0 9400.0 15520.0 10620.0 8180.0 14700.0 4500.0 14300.0 12660.0 6540.0 10620.0 5720.0 6940.0 12660.0 8980.0 5720.0 8980.0 5720.0 10220.0 12260.0 4900.0 6940.0 5320.0 8980.0 11020.0 8180.0 8180.0 8980.0 11440.0 10620.0 6940.0 7360.0 12660.0 9400.0 9800.0 12660.0 5720.0 3280.0 11020.0 6940.0 10220.0 17160.0 1240.0 14300.0 10220.0 11440.0 5720.0 9400.0 6540.0 12660.0 8980.0 8580.0 4100.0 8180.0
0.0 11440.0 6940.0 6140.0 5320.0 10220.0 6140.0 7760.0 10220.0 4500.0 8180.0 3280.0 13880.0 6540.0 6140.0 4500.0 9800.0 6940.0 8980.0 6140.0 4500.0 8980.0 8180.0 6140.0 10220.0 10620.0 7360.0 7760.0 13080.0 11840.0 6940.0 6940.0 11440.0 7360.0 12260.0 4100.0 2860.0 2060.0 0.0 13480.0 5720.0 3680.0 8580.0 8180.0 5720.0 10220.0 10620.0 11840.0 8980.0 12660.0 2060.0 2860.0 11440.0 6540.0 11840.0 5320.0 8580.0 1240.0 4500.0 8980.0 5320.0 5720.0 7360.0 10620.0 7360.0 1640.0 7760.0 6940.0 6940.0 7360.0 7760.0 8180.0 10220.0 8580.0 3680.0 5320.0 8180.0 4100.0 4100.0 9800.0 4100.0 8580.0 7360.0 7760.0 4900.0 9400.0 8980.0 9800.0 10220.0 3280.0 11020.0 7360.0 10220.0 4500.0 9400.0 6140.0 5320.0 4500.0 3280.0 6140.0 10220.0
0.0 11440.0 11440.0 9800.0 12260.0 820.0 7760.0 8980.0 11840.0 6140.0 10620.0 11020.0 11440.0 8180.0 9800.0 8580.0 11020.0 5720.0 9800.0 7360.0 6140.0 11440.0 9400.0 12260.0 12660.0 9800.0 6940.0 8980.0 15920.0 3680.0 5720.0 5320.0 13480.0 8980.0 13880.0 2860.0 7760.0 3680.0 8180.0 0.0 6940.0 10620.0 8580.0 3280.0 11440.0 11440.0 8980.0 13480.0 4900.0 11440.0 3680.0 9800.0 8980.0 7360.0 8180.0 8980.0 10220.0 2860.0 8580.0 10620.0 6940.0 4500.0 5720.0 9400.0 8980.0 3280.0 8980.0 820.0 6940.0 8980.0 9400.0 3680.0 11440.0 6540.0 9400.0 6540.0 8980.0 2860.0 7760.0 11840.0 6940.0 12260.0 8580.0 6940.0 6540.0 13480.0 8180.0 11020.0 11440.0 4500.0 10620.0 6140.0 7360.0 8580.0 820.0 6540.0 6140.0 6140.0 9800.0 6540.0 4900.0
0.0 11020.0 9400.0 11440.0 10620.0 12260.0 11840.0 12260.0 18780.0 15120.0 13480.0 15120.0 19200.0 15120.0 11440.0 9800.0 12260.0 13880.0 13080.0 11440.0 9800.0 12260.0 15120.0 7760.0 8980.0 16340.0 12660.0 15920.0 18380.0 15120.0 8980.0 12260.0 14700.0 12660.0 16340.0 9400.0 11020.0 12660.0 12260.0 11840.0 0.0 8980.0 17160.0 14300.0 8580.0 13480.0 11840.0 15120.0 9800.0 14300.0 12660.0 8180.0 12660.0 11020.0 7760.0 13480.0 15920.0 12260.0 9800.0 16740.0 12660.0 11020.0 12660.0 13880.0 5320.0 12660.0 11020.0 12260.0 12660.0 14700.0 8580.0 13480.0 14300.0 13480.0 6940.0 10620.0 13480.0 9400.0 9400.0 14300.0 7360.0 9800.0 14300.0 14700.0 13080.0 14700.0 14700.0 13480.0 17160.0 13080.0 6940.0 8580.0 12260.0 9800.0 12260.0 11840.0 12660.0 12260.0 8580.0 13080.0 10620.0
0.0 10620.0 10220.0 2460.0 10220.0 7360.0 11020.0 6540.0 13080.0 8580.0 10220.0 12260.0 10220.0 9400.0 5720.0 11440.0 8980.0 9800.0 6540.0 4900.0 10220.0 9400.0 10220.0 11020.0 9800.0 13080.0 7760.0 9400.0 15120.0 10620.0 3280.0 3280.0 8980.0 9800.0 13080.0 420.0 6140.0 8580.0 9400.0 10620.0 8980.0 0.0 13080.0 8980.0 8980.0 8180.0 11440.0 10220.0 8580.0 8980.0 8580.0 9800.0 7760.0 5720.0 8180.0 10620.0 10220.0 9400.0 11440.0 11440.0 7760.0 2060.0 3680.0 11440.0 10220.0 8180.0 6540.0 6140.0 4900.0 8980.0 9800.0 4500.0 10220.0 8580.0 9400.0 11020.0 8580.0 420.0 420.0 6140.0 4500.0 10620.0 6140.0 5720.0 8180.0 14700.0 6940.0 8580.0 12260.0 8180.0 7360.0 3680.0 8980.0 11440.0 11440.0 4500.0 7760.0 11020.0 10220.0 4100.0 8180.0
0.0 16740.0 7760.0 13080.0 14300.0 13080.0 7360.0 11440.0 11840.0 12660.0 10620.0 13480.0 11020.0 8180.0 11020.0 11440.0 9400.0 10620.0 12260.0 9800.0 11840.0 8980.0 12260.0 10620.0 13480.0 13080.0 6540.0 9400.0 13080.0 10620.0 8180.0 5320.0 14700.0 9400.0 10220.0 6140.0 7760.0 13080.0 11840.0 13080.0 14700.0 10620.0 0.0 10220.0 9800.0 8580.0 2460.0 8180.0 11440.0 18780.0 12660.0 11840.0 18380.0 7360.0 13480.0 11020.0 6540.0 12660.0 13080.0 10620.0 12260.0 10220.0 5720.0 13480.0 8980.0 13080.0 7760.0 9800.0 6940.0 5320.0 9400.0 3280.0 6540.0 13480.0 8580.0 11840.0 10620.0 10220.0 11020.0 16740.0 4100.0 11020.0 6540.0 6140.0 10220.0 13880.0 6940.0 14300.0 15520.0 11020.0 12660.0 9400.0 9400.0 12660.0 7760.0 6140.0 12260.0 14700.0 11840.0 4100.0 8580.0
0.0 14300.0 13080.0 8980.0 11440.0 13480.0 13080.0 11840.0 8980.0 12260.0 10620.0 12260.0 8180.0 5320.0 10220.0 10620.0 13880.0 10620.0 12660.0 8180.0 12660.0 13880.0 11840.0 12260.0 13880.0 16340.0 3680.0 6540.0 13080.0 11020.0 8580.0 9800.0 11840.0 13080.0 15120.0 3680.0 10620.0 10620.0 8980.0 13080.0 14300.0 9800.0 11020.0 0.0 11840.0 14300.0 13080.0 10620.0 11840.0 8980.0 11020.0 8980.0 13880.0 4500.0 14300.0 14300.0 12660.0 10220.0 10220.0 7760.0 9400.0 11840.0 9800.0 15120.0 6140.0 10620.0 13080.0 12660.0 9800.0 11440.0 9800.0 420.0 8980.0 3680.0 9800.0 11840.0 12660.0 9800.0 6940.0 9400.0 10220.0 10620.0 11020.0 6140.0 10620.0 15520.0 7360.0 11440.0 12660.0 7360.0 13880.0 6540.0 13880.0 10620.0 10220.0 8980.0 9400.0 13480.0 8980.0 4500.0 8580.0
0.0 13480.0 1240.0 11020.0 9400.0 7360.0 5720.0 9800.0 15120.0 10220.0 11840.0 8980.0 15120.0 12260.0 4900.0 8180.0 4100.0 7760.0 11020.0 8580.0 3680.0 6140.0 12260.0 4100.0 10620.0 9800.0 8980.0 11020.0 11840.0 11440.0 6940.0 8180.0 8580.0 6540.0 13480.0 4100.0 4900.0 7760.0 5720.0 10220.0 11020.0 8980.0 10620.0 11020.0 0.0 15920.0 13080.0 9800.0 8180.0 12660.0 7760.0 7760.0 11440.0 6140.0 10220.0 11020.0 13480.0 6940.0 8180.0 14300.0 9800.0 5720.0 8180.0 6940.0 12660.0 7360.0 4900.0 7360.0 6540.0 12260.0 11440.0 11020.0 7760.0 10620.0 820.0 4500.0 9800.0 4100.0 9400.0 13080.0 1240.0 5720.0 9800.0 8980.0 6940.0 11840.0 8580.0 8580.0 14300.0 8580.0 9800.0 5720.0 10620.0 8180.0 9400.0 5720.0 9800.0 10220.0 8180.0 7760.0 9800.0
0.0 11840.0 8180.0 8180.0 11020.0 8180.0 8180.0 3280.0 13080.0 9800.0 6940.0 5320.0 13080.0 10220.0 10620.0 6540.0 13080.0 10220.0 6540.0 10620.0 10220.0 8580.0 12260.0 11020.0 13480.0 15920.0 7360.0 9400.0 12260.0 10620.0 8980.0 6140.0 10220.0 13080.0 9800.0 6140.0 8580.0 8180.0 6140.0 12660.0 8580.0 5720.0 10620.0 10220.0 9400.0 0.0 12660.0 10220.0 3280.0 14700.0 7760.0 8580.0 13480.0 7360.0 8580.0 2860.0 7360.0 7360.0 6540.0 12660.0 11440.0 7760.0 5320.0 7360.0 6940.0 7760.0 10620.0 4900.0 7760.0 6140.0 9800.0 9400.0 9800.0 6140.0 9800.0 11020.0 11020.0 6140.0 6140.0 11840.0 9800.0 11440.0 11840.0 5720.0 9800.0 11840.0 6940.0 14300.0 15920.0 8980.0 7760.0 9400.0 1240.0 6540.0 11020.0 6940.0 11440.0 10220.0 8980.0 4100.0 8180.0
0.0 15120.0 5320.0 10620.0 12260.0 13080.0 4900.0 10620.0 13080.0 13080.0 10220.0 13880.0 9800.0 9400.0 8980.0 10220.0 11440.0 9400.0 13480.0 7760.0 9400.0 7360.0 15920.0 8180.0 16740.0 15520.0 7760.0 10620.0 16340.0 13480.0 11020.0 2860.0 13880.0 12260.0 12660.0 4100.0 5720.0 12660.0 10620.0 12660.0 15920.0 8180.0 12660.0 9400.0 7360.0 16340.0 0.0 9400.0 8980.0 16740.0 11440.0 9800.0 15920.0 5320.0 11840.0 10220.0 4100.0 11840.0 11020.0 11440.0 13480.0 8180.0 3280.0 11020.0 10220.0 12260.0 10220.0 12260.0 4500.0 2860.0 6940.0 4500.0 9400.0 12660.0 6540.0 10220.0 8180.0 7760.0 8580.0 14300.0 6940.0 11020.0 13880.0 10620.0 7760.0 11440.0 6940.0 12660.0 16740.0 11840.0 11020.0 9400.0 8980.0 10220.0 10620.0 4100.0 13080.0 13480.0 9800.0 11440.0 8180.0
0.0 14300.0 8980.0 7760.0 7360.0 12660.0 9400.0 7760.0 13480.0 7760.0 9800.0 13480.0 15920.0 9800.0 8180.0 6140.0 11440.0 10220.0 11840.0 8180.0 7760.0 10620.0 11020.0 8180.0 12260.0 10220.0 8980.0 11020.0 15120.0 12260.0 8580.0 8980.0 11840.0 10620.0 14300.0 6140.0 2860.0 5320.0 10620.0 15520.0 8580.0 5720.0 13080.0 11020.0 7760.0 13480.0 14700.0 0.0 12260.0 14700.0 5320.0 4500.0 13480.0 9800.0 13080.0 12260.0 11440.0 4500.0 6140.0 12260.0 8580.0 7760.0 8980.0 13880.0 10620.0 4900.0 2460.0 10220.0 10220.0 10220.0 11020.0 9800.0 8580.0 10620.0 5720.0 8580.0 9800.0 5720.0 6140.0 11840.0 6140.0 10220.0 10620.0 11020.0 8180.0 11440.0 12260.0 11840.0 13080.0 6140.0 12260.0 8980.0 13080.0 6140.0 9400.0 9400.0 8580.0 7760.0 4900.0 9400.0 13480.0
0.0 13080.0 9400.0 6940.0 8180.0 9400.0 9400.0 4500.0 11020.0 7360.0 7360.0 6140.0 14300.0 7360.0 7360.0 3680.0 12660.0 8980.0 7760.0 8980.0 7360.0 11840.0 11020.0 8980.0 13480.0 13480.0 8580.0 6540.0 12660.0 11020.0 9800.0 7360.0 11440.0 10220.0 11020.0 6940.0 5720.0 4900.0 3280.0 12660.0 8580.0 6540.0 11020.0 8980.0 8580.0 12660.0 13080.0 10620.0 0.0 12260.0 4900.0 5720.0 12660.0 8580.0 9800.0 4100.0 8580.0 4500.0 3680.0 9800.0 8580.0 8580.0 6540.0 4500.0 8180.0 4900.0 7760.0 6140.0 8980.0 7360.0 8580.0 8980.0 8980.0 7760.0 6940.0 8180.0 7760.0 6540.0 5320.0 10620.0 6940.0 11440.0 10220.0 6940.0 8180.0 8980.0 8180.0 11440.0 13080.0 6140.0 8980.0 8580.0 2460.0 3680.0 10220.0 8180.0 8580.0 7360.0 6140.0 5320.0 9800.0
0.0 5720.0 6940.0 10220.0 5320.0 12660.0 8980.0 6940.0 10220.0 6940.0 10220.0 8980.0 13080.0 10220.0 1240.0 6540.0 8580.0 7360.0 10620.0 3280.0 7760.0 6540.0 6540.0 6140.0 14700.0 10220.0 8580.0 8180.0 9800.0 5320.0 8980.0 6940.0 3280.0 6940.0 8180.0 3680.0 5320.0 6540.0 6140.0 12260.0 9800.0 8580.0 5720.0 4900.0 10620.0 14300.0 8180.0 2860.0 3280.0 0.0 6540.0 7360.0 14700.0 6540.0 9800.0 6940.0 7760.0 7360.0 6540.0 2860.0 4100.0 4100.0 6940.0 7360.0 8980.0 6140.0 5320.0 9400.0 6140.0 6540.0 4900.0 5320.0 1240.0 7360.0 8580.0 8580.0 10220.0 6140.0 8180.0 420.0 1640.0 6140.0 6140.0 8580.0 9400.0 8980.0 8180.0 5320.0 8580.0 7360.0 10220.0 5320.0 5720.0 6540.0 2460.0 7360.0 4100.0 7760.0 7760.0 8180.0 9400.0
0.0 9400.0 13880.0 10220.0 13480.0 12660.0 14300.0 13080.0 17160.0 12660.0 13080.0 11440.0 12660.0 13480.0 13480.0 12660.0 16340.0 12260.0 14300.0 13480.0 12660.0 15520.0 16340.0 14300.0 15520.0 18380.0 11840.0 14700.0 18780.0 16740.0 14300.0 5720.0 15520.0 15520.0 15120.0 11440.0 8180.0 10220.0 8180.0 15120.0 13880.0 11840.0 15120.0 8180.0 12660.0 15920.0 13880.0 15520.0 13080.0 17160.0 0.0 11020.0 15920.0 7760.0 11020.0 13080.0 16740.0 9400.0 12660.0 15920.0 13480.0 10620.0 5720.0 17560.0 12260.0 9800.0 12660.0 9400.0 7360.0 15520.0 6140.0 8580.0 15920.0 11840.0 10620.0 13480.0 11020.0 11020.0 8580.0 13880.0 11020.0 11840.0 15520.0 11840.0 10220.0 17560.0 9400.0 16740.0 18380.0 11440.0 15520.0 11840.0 11440.0 12660.0 14700.0 6540.0 13480.0 2460.0 11440.0 12660.0 10620.0
0.0 11840.0 4500.0 3680.0 2860.0 8180.0 6140.0 7760.0 11020.0 7360.0 5320.0 8980.0 11440.0 9400.0 3680.0 1640.0 7360.0 6540.0 7360.0 3680.0 4100.0 6540.0 7360.0 3680.0 7760.0 10220.0 4500.0 10220.0 10620.0 9400.0 4500.0 4500.0 8980.0 6940.0 9800.0 1640.0 5320.0 4900.0 6140.0 11020.0 8180.0 1240.0 9400.0 6540.0 3280.0 8980.0 11840.0 9800.0 8580.0 10220.0 4900.0 0.0 8980.0 6540.0 8980.0 10620.0 11440.0 4100.0 1640.0 11840.0 4900.0 3280.0 4500.0 9800.0 8980.0 4500.0 4900.0 7360.0 6140.0 10220.0 8980.0 5720.0 8180.0 7760.0 1240.0 4900.0 5320.0 1240.0 1640.0 7360.0 1640.0 6140.0 6540.0 6540.0 7360.0 6940.0 7760.0 7360.0 9400.0 6140.0 8580.0 4500.0 9400.0 1640.0 9400.0 5320.0 4900.0 7360.0 420.0 4900.0 8980.0
0.0 15120.0 7360.0 8580.0 8980.0 12660.0 6940.0 12260.0 15120.0 11840.0 8980.0 9800.0 11840.0 11020.0 8980.0 5320.0 13480.0 9800.0 12660.0 12260.0 11840.0 9800.0 11440.0 9800.0 13080.0 13880.0 12660.0 11440.0 14300.0 10220.0 11020.0 4900.0 8580.0 10220.0 13080.0 5720.0 7360.0 6540.0 10620.0 12260.0 12660.0 8180.0 13080.0 11440.0 9400.0 14300.0 4900.0 13480.0 8980.0 15920.0 12660.0 11440.0 0.0 6940.0 13480.0 11840.0 6140.0 11840.0 5320.0 13480.0 14300.0 9800.0 5320.0 8180.0 11840.0 12260.0 8580.0 9400.0 6540.0 4900.0 8980.0 9400.0 11840.0 14700.0 8980.0 11020.0 10220.0 8180.0 6540.0 12260.0 4900.0 13080.0 13880.0 5320.0 9800.0 10220.0 6540.0 12660.0 8580.0 820.0 13080.0 10220.0 10620.0 5320.0 13080.0 5720.0 14300.0 14700.0 11840.0 3680.0 7760.0
0.0 17960.0 11840.0 16740.0 17560.0 13480.0 8980.0 17960.0 14300.0 11440.0 8580.0 15920.0 20420.0 19200.0 14300.0 14700.0 15920.0 10220.0 11840.0 15920.0 14700.0 17160.0 20420.0 13480.0 20420.0 19600.0 12260.0 18380.0 20420.0 15120.0 15120.0 17560.0 15520.0 16340.0 19600.0 9800.0 12660.0 15120.0 13080.0 18380.0 14300.0 16340.0 13080.0 14700.0 13880.0 20420.0 15520.0 13080.0 16740.0 19200.0 14700.0 15520.0 20000.0 0.0 15120.0 17560.0 17960.0 14300.0 16740.0 20420.0 18380.0 13080.0 17560.0 17560.0 18780.0 14700.0 15520.0 10220.0 11840.0 17960.0 15520.0 15120.0 11440.0 11440.0 11840.0 14300.0 15520.0 12260.0 14700.0 18780.0 12260.0 15920.0 15520.0 11440.0 11840.0 15520.0 12660.0 17960.0 19600.0 14700.0 14300.0 14300.0 15920.0 16740.0 12660.0 11020.0 8180.0 11020.0 15520.0 13080.0 13880.0
0.0 3680.0 11020.0 10620.0 9800.0 12260.0 11020.0 6940.0 15120.0 8980.0 7360.0 7760.0 15920.0 11020.0 7760.0 8980.0 13480.0 8180.0 7760.0 9800.0 8980.0 11440.0 11440.0 10620.0 15120.0 11020.0 8980.0 12260.0 16340.0 11840.0 3680.0 8980.0 9800.0 9400.0 14700.0 8580.0 7360.0 6540.0 4900.0 11840.0 10220.0 8580.0 11020.0 8180.0 10220.0 14700.0 13480.0 9400.0 9800.0 6540.0 6540.0 7360.0 15920.0 10620.0 0.0 9800.0 10620.0 6140.0 8980.0 9400.0 8580.0 6940.0 8980.0 13880.0 11840.0 6540.0 10220.0 11440.0 10620.0 9400.0 11440.0 8180.0 7760.0 9800.0 8180.0 9800.0 7360.0 8580.0 8580.0 6940.0 6940.0 12660.0 10620.0 9400.0 9800.0 11840.0 10220.0 9400.0 13480.0 7760.0 14700.0 4900.0 12260.0 8980.0 8980.0 9800.0 8580.0 8980.0 7760.0 10620.0 3280.0
0.0 9800.0 11440.0 10620.0 9800.0 10620.0 8180.0 12660.0 13480.0 9400.0 7760.0 15120.0 16340.0 11840.0 10620.0 12260.0 13480.0 7760.0 4100.0 13480.0 9400.0 13480.0 9400.0 10620.0 11020.0 13480.0 10620.0 9400.0 18780.0 8180.0 11840.0 12660.0 7760.0 11020.0 12660.0 8980.0 7760.0 7360.0 12260.0 10220.0 6140.0 13080.0 11020.0 10620.0 12660.0 15120.0 13080.0 7360.0 9400.0 15120.0 7360.0 11840.0 11020.0 11440.0 12260.0 0.0 13480.0 6540.0 12660.0 12660.0 10620.0 11020.0 12660.0 13880.0 11020.0 6940.0 9800.0 11020.0 6940.0 12260.0 7360.0 11020.0 10620.0 9400.0 12660.0 8980.0 9800.0 12660.0 12660.0 15520.0 11840.0 9400.0 12260.0 3280.0 7760.0 14700.0 4500.0 14300.0 15120.0 8180.0 11840.0 12260.0 11020.0 12660.0 11020.0 6140.0 10620.0 9400.0 12260.0 1640.0 5720.0
0.0 15920.0 6140.0 11440.0 11440.0 11840.0 1240.0 9800.0 13480.0 12260.0 9800.0 11020.0 12660.0 13880.0 9800.0 6540.0 8180.0 8580.0 12660.0 11840.0 6140.0 8180.0 13480.0 5720.0 15520.0 12260.0 11020.0 10620.0 14300.0 13880.0 11840.0 10220.0 10620.0 8580.0 11840.0 2060.0 4900.0 9800.0 8180.0 11440.0 13080.0 9400.0 11020.0 8580.0 4900.0 16740.0 9800.0 11840.0 9800.0 12660.0 9800.0 8980.0 16340.0 8180.0 12260.0 9400.0 0.0 9400.0 10620.0 14300.0 10620.0 10620.0 8980.0 11840.0 11840.0 9800.0 6940.0 11840.0 4100.0 12260.0 8980.0 8980.0 10220.0 11840.0 3280.0 6940.0 7760.0 8980.0 9800.0 13080.0 3280.0 7760.0 12660.0 9400.0 8980.0 7760.0 6140.0 13480.0 15520.0 11020.0 11840.0 10620.0 8180.0 6540.0 11440.0 3280.0 10620.0 12260.0 9400.0 7360.0 7360.0
0.0 10220.0 8580.0 9800.0 9800.0 8980.0 5320.0 11020.0 9400.0 3280.0 9400.0 10220.0 13080.0 5320.0 6940.0 6540.0 8980.0 5720.0 13080.0 7760.0 3280.0 11840.0 6940.0 9800.0 13480.0 9400.0 8180.0 6540.0 15520.0 10620.0 10620.0 6140.0 11840.0 6140.0 11020.0 6140.0 6540.0 820.0 8980.0 13080.0 4500.0 8180.0 8980.0 8980.0 10220.0 8980.0 11020.0 10620.0 7760.0 16340.0 820.0 7360.0 15120.0 5320.0 11020.0 10220.0 7360.0 0.0 6540.0 7760.0 4100.0 4900.0 6540.0 9800.0 6140.0 420.0 9400.0 5720.0 5720.0 6140.0 6540.0 9400.0 8980.0 7360.0 8180.0 4100.0 8180.0 7760.0 7760.0 13480.0 6940.0 9800.0 6140.0 6540.0 3680.0 11440.0 7760.0 11020.0 8980.0 2060.0 10620.0 6140.0 8980.0 6540.0 10220.0 5320.0 4500.0 3280.0 7760.0 4900.0 8980.0
0.0 12660.0 7360.0 3680.0 8580.0 9800.0 11840.0 7360.0 14300.0 6940.0 4100.0 14300.0 11440.0 10620.0 4100.0 420.0 11840.0 9400.0 7760.0 8180.0 10220.0 11440.0 11840.0 9400.0 10620.0 14300.0 8980.0 11840.0 8980.0 7760.0 6140.0 4500.0 9800.0 11840.0 8180.0 3680.0 6940.0 11440.0 11020.0 9400.0 7760.0 3280.0 12660.0 7360.0 10220.0 8980.0 12660.0 8180.0 8980.0 11840.0 10220.0 11020.0 8980.0 6540.0 9400.0 11440.0 11020.0 12260.0 0.0 13080.0 9400.0 5320.0 4900.0 8580.0 11440.0 11440.0 9400.0 7360.0 6140.0 9800.0 11020.0 5720.0 6540.0 10220.0 10620.0 9800.0 9800.0 3280.0 1640.0 7360.0 7360.0 11440.0 8980.0 8580.0 7360.0 5320.0 8180.0 7760.0 13880.0 9400.0 8580.0 5320.0 9800.0 420.0 7760.0 5320.0 9400.0 11020.0 11440.0 6940.0 9800.0
0.0 10620.0 6140.0 11840.0 11020.0 11840.0 7360.0 9400.0 8980.0 12260.0 9400.0 13880.0 14300.0 8580.0 9800.0 9400.0 11840.0 8580.0 14700.0 820.0 6140.0 11440.0 13080.0 8980.0 11840.0 12660.0 9800.0 9400.0 16340.0 11440.0 10620.0 8580.0 11840.0 8980.0 13080.0 1240.0 4500.0 4100.0 11840.0 11440.0 7360.0 9400.0 3280.0 10620.0 11440.0 11440.0 5720.0 11440.0 10620.0 11840.0 4100.0 8580.0 12260.0 8180.0 7360.0 10620.0 9800.0 8980.0 9400.0 0.0 10620.0 10620.0 8580.0 11840.0 6140.0 3680.0 8980.0 8980.0 3680.0 8580.0 2460.0 6540.0 9800.0 10620.0 9400.0 6940.0 9400.0 8580.0 9800.0 12260.0 7360.0 10620.0 9800.0 8980.0 6940.0 13880.0 5720.0 13480.0 12660.0 4900.0 13080.0 10220.0 12260.0 9400.0 11020.0 7360.0 10620.0 6140.0 8980.0 7360.0 6940.0
0.0 11440.0 6140.0 8580.0 10620.0 8980.0 11020.0 6940.0 6540.0 3280.0 9800.0 6140.0 12260.0 11020.0 9400.0 8180.0 4900.0 8580.0 9400.0 7760.0 8980.0 10220.0 2860.0 8580.0 15520.0 7360.0 4500.0 11440.0 12660.0 6540.0 9400.0 5320.0 10620.0 3680.0 6940.0 7760.0 4900.0 7360.0 5720.0 11840.0 10620.0 8980.0 11440.0 8580.0 8580.0 11840.0 11020.0 12260.0 6540.0 16340.0 7360.0 8180.0 13480.0 7360.0 11840.0 6140.0 10620.0 6540.0 9800.0 13480.0 0.0 4900.0 5320.0 11020.0 9800.0 6940.0 8980.0 5720.0 4100.0 9400.0 8980.0 6140.0 12260.0 3280.0 6540.0 5720.0 7760.0 7760.0 6540.0 11440.0 6940.0 5720.0 2060.0 8180.0 9800.0 13480.0 6140.0 11020.0 4900.0 6940.0 11440.0 6140.0 4900.0 9800.0 11440.0 3280.0 420.0 9800.0 8580.0 6540.0 7360.0
0.0 11840.0 8580.0 6140.0 12660.0 13480.0 9800.0 6540.0 11840.0 8580.0 9800.0 10220.0 14300.0 13080.0 9800.0 10220.0 10220.0 11020.0 10220.0 2860.0 10620.0 7360.0 8180.0 11020.0 13480.0 11020.0 5720.0 11840.0 13080.0 9400.0 10620.0 6940.0 12660.0 7760.0 12660.0 3680.0 4500.0 9400.0 7360.0 15520.0 12660.0 11020.0 14300.0 12260.0 12260.0 11840.0 15120.0 12260.0 6540.0 13480.0 9400.0 9800.0 11840.0 7360.0 8180.0 10620.0 10220.0 8580.0 9800.0 11840.0 5720.0 0.0 7360.0 9400.0 8580.0 8980.0 4500.0 10220.0 8980.0 8980.0 13080.0 8180.0 10620.0 6540.0 11020.0 11020.0 11020.0 11020.0 4500.0 9800.0 2460.0 11020.0 7360.0 11020.0 11840.0 15120.0 11020.0 6540.0 10220.0 7760.0 11020.0 1640.0 8980.0 10220.0 11440.0 8180.0 5720.0 11440.0 10220.0 10620.0 11020.0
0.0 16340.0 13080.0 11020.0 12260.0 15520.0 10620.0 11440.0 16340.0 13480.0 10220.0 15120.0 17960.0 17160.0 7760.0 8980.0 15120.0 11840.0 12260.0 7760.0 15520.0 11840.0 13080.0 13080.0 17960.0 15920.0 10620.0 11440.0 17960.0 13880.0 15520.0 10620.0 13480.0 12660.0 17160.0 8180.0 9400.0 13480.0 12260.0 17960.0 13880.0 15920.0 15120.0 16340.0 15120.0 16740.0 8180.0 14700.0 11440.0 18380.0 13480.0 14700.0 16340.0 2060.0 13080.0 15120.0 11840.0 12660.0 14700.0 16740.0 10220.0 4900.0 0.0 12260.0 13480.0 13080.0 9400.0 12260.0 12660.0 10620.0 14700.0 12260.0 13080.0 11440.0 13880.0 15920.0 15920.0 13880.0 8980.0 14700.0 7360.0 15920.0 12260.0 11020.0 4500.0 14300.0 12260.0 11020.0 15120.0 12660.0 15520.0 6540.0 13880.0 14700.0 14300.0 11840.0 10220.0 10620.0 15120.0 15120.0 13480.0
0.0 13080.0 8980.0 16340.0 12660.0 12260.0 10620.0 8580.0 8180.0 14700.0 12260.0 13880.0 17960.0 14700.0 8980.0 11020.0 11840.0 12660.0 14300.0 11020.0 8580.0 11020.0 14300.0 9800.0 14300.0 14700.0 12660.0 15920.0 17160.0 13080.0 10220.0 11440.0 10620.0 11440.0 9800.0 11020.0 3680.0 12660.0 11020.0 15120.0 15920.0 13880.0 6940.0 12660.0 7760.0 15120.0 8980.0 10620.0 11020.0 7760.0 12660.0 12660.0 17160.0 11020.0 9400.0 13480.0 12660.0 11840.0 14300.0 10220.0 11840.0 11840.0 10620.0 0.0 10620.0 12260.0 3680.0 8980.0 8980.0 11440.0 4500.0 9800.0 8980.0 11840.0 5720.0 9400.0 11840.0 11020.0 14300.0 8180.0 6140.0 10620.0 13080.0 12660.0 11840.0 16340.0 11020.0 12660.0 16340.0 10220.0 11440.0 11440.0 13080.0 14300.0 10220.0 8180.0 11840.0 10620.0 13080.0 11020.0 12260.0
0.0 14300.0 6940.0 6140.0 5320.0 11020.0 8580.0 10220.0 13480.0 9800.0 8180.0 11840.0 13880.0 12260.0 6140.0 4500.0 9800.0 8980.0 10220.0 6140.0 6940.0 8980.0 9800.0 6140.0 10620.0 13080.0 7360.0 13080.0 13480.0 11840.0 6940.0 6940.0 11440.0 9400.0 12260.0 4100.0 7760.0 7760.0 8980.0 13480.0 11020.0 4100.0 12260.0 8980.0 5720.0 11840.0 14700.0 12660.0 11440.0 12660.0 7760.0 2860.0 11440.0 8980.0 11840.0 13480.0 13480.0 6940.0 4500.0 14300.0 7360.0 5720.0 7360.0 12660.0 0.0 7360.0 7760.0 9800.0 8580.0 12260.0 11840.0 8180.0 11020.0 10620.0 3680.0 7360.0 8180.0 4100.0 4100.0 9800.0 4100.0 4500.0 9400.0 9400.0 9800.0 9400.0 10620.0 10220.0 11840.0 8580.0 11020.0 7360.0 11840.0 4500.0 12260.0 8180.0 7360.0 9800.0 3280.0 7760.0 11840.0
0.0 9800.0 8180.0 9400.0 9400.0 8580.0 4900.0 10620.0 8980.0 11840.0 8980.0 11840.0 12660.0 4900.0 6540.0 6140.0 8580.0 5320.0 13480.0 7760.0 2860.0 13080.0 12260.0 9400.0 13080.0 8980.0 8180.0 6140.0 15120.0 11020.0 10220.0 5720.0 11440.0 5720.0 13480.0 5720.0 6140.0 420.0 8580.0 12660.0 4100.0 7760.0 8580.0 8580.0 9800.0 15120.0 10620.0 10220.0 7360.0 15920.0 420.0 6940.0 14700.0 4900.0 11440.0 11020.0 6940.0 9800.0 6140.0 7360.0 11440.0 9400.0 6140.0 9400.0 5720.0 0.0 10620.0 5320.0 5320.0 5720.0 6140.0 8980.0 8580.0 8180.0 7760.0 3680.0 8980.0 7360.0 7360.0 13080.0 8180.0 10220.0 13080.0 6140.0 3280.0 11020.0 7360.0 10620.0 15920.0 1640.0 10620.0 10620.0 9400.0 6140.0 9800.0 4900.0 11440.0 2860.0 7360.0 4500.0 8580.0
0.0 13880.0 10220.0 13480.0 11440.0 14700.0 10220.0 5320.0 15920.0 11840.0 8980.0 15920.0 15120.0 14300.0 9400.0 11440.0 12660.0 11440.0 13880.0 11440.0 11840.0 15520.0 16340.0 12260.0 19200.0 16340.0 9400.0 14300.0 17560.0 9800.0 10620.0 8180.0 9400.0 14700.0 14300.0 8980.0 420.0 13080.0 13080.0 14700.0 14700.0 13480.0 14700.0 9400.0 11440.0 12660.0 13880.0 7760.0 11020.0 17160.0 13080.0 12260.0 15520.0 9400.0 10620.0 9800.0 8980.0 12260.0 11440.0 16740.0 13880.0 8580.0 7360.0 14700.0 15120.0 12660.0 0.0 15120.0 9800.0 7760.0 12260.0 9400.0 6140.0 8180.0 11840.0 12660.0 13480.0 12660.0 11440.0 17160.0 10620.0 11020.0 9800.0 11440.0 11840.0 16340.0 11840.0 13480.0 15520.0 6940.0 9800.0 9800.0 13480.0 11440.0 6940.0 8980.0 13880.0 7360.0 12660.0 9800.0 13080.0
0.0 14300.0 11440.0 9400.0 12660.0 3680.0 10620.0 8180.0 14700.0 8980.0 11840.0 14300.0 15920.0 11020.0 9400.0 8980.0 10620.0 9400.0 9400.0 6940.0 8980.0 11020.0 11840.0 13480.0 11840.0 12260.0 9800.0 11020.0 17160.0 12260.0 4900.0 8980.0 12660.0 10620.0 16340.0 2460.0 8580.0 6540.0 11020.0 13080.0 9800.0 12260.0 12260.0 9400.0 10620.0 14300.0 10220.0 12660.0 10220.0 10620.0 6540.0 13080.0 11840.0 11020.0 10620.0 11840.0 10220.0 5720.0 8980.0 13480.0 9400.0 4100.0 8980.0 12260.0 11840.0 6140.0 8180.0 0.0 10620.0 8980.0 11440.0 9800.0 11020.0 10220.0 8580.0 9400.0 8580.0 2060.0 7360.0 11020.0 6140.0 12260.0 7760.0 7360.0 6940.0 14300.0 8580.0 10220.0 13880.0 4500.0 10220.0 5320.0 10620.0 8980.0 12260.0 9800.0 8980.0 8980.0 13080.0 5720.0 4500.0
0.0 13480.0 9400.0 8580.0 7760.0 8580.0 10620.0 6140.0 11440.0 8980.0 5720.0 14300.0 14300.0 12260.0 8580.0 6540.0 12260.0 8580.0 11020.0 8580.0 8980.0 11440.0 12260.0 8580.0 12660.0 11440.0 9800.0 13480.0 15520.0 10220.0 9400.0 8580.0 13880.0 8980.0 11840.0 6540.0 1240.0 9800.0 11020.0 8180.0 11840.0 6140.0 11440.0 7360.0 8180.0 13480.0 13880.0 10220.0 10620.0 15120.0 9800.0 5320.0 13880.0 9800.0 10220.0 7360.0 9800.0 8980.0 6540.0 14700.0 9800.0 8180.0 8180.0 14700.0 11440.0 9400.0 5720.0 8980.0 0.0 8580.0 5320.0 7360.0 8580.0 8980.0 6140.0 6940.0 7760.0 6140.0 6540.0 12260.0 6540.0 11020.0 11440.0 10220.0 8980.0 11840.0 2460.0 12260.0 14300.0 7760.0 9800.0 9400.0 8980.0 6540.0 7760.0 4100.0 9800.0 12260.0 5320.0 8980.0 3680.0
0.0 12660.0 2460.0 7760.0 9400.0 10220.0 2460.0 7760.0 11440.0 10620.0 7760.0 11020.0 7360.0 11840.0 6140.0 7760.0 8580.0 6540.0 10620.0 8180.0 7360.0 9400.0 13080.0 5320.0 13880.0 13080.0 9400.0 9800.0 13480.0 12260.0 8180.0 420.0 11840.0 9800.0 9800.0 1240.0 2860.0 9800.0 8180.0 9800.0 13080.0 5720.0 9800.0 6540.0 4500.0 13480.0 8180.0 8980.0 6140.0 13880.0 8580.0 6940.0 13480.0 2460.0 9400.0 7360.0 1240.0 8980.0 8580.0 14300.0 10620.0 5320.0 420.0 8180.0 10620.0 9400.0 7360.0 9800.0 2060.0 0.0 4500.0 6940.0 10220.0 9800.0 4500.0 7760.0 5720.0 5320.0 6140.0 11440.0 4500.0 8980.0 11020.0 8180.0 4900.0 8980.0 4100.0 9800.0 15120.0 9400.0 11440.0 6540.0 6140.0 7760.0 9400.0 1240.0 10220.0 10620.0 7360.0 8580.0 5320.0
0.0 8580.0 11440.0 12260.0 11840.0 11440.0 15120.0 11840.0 17160.0 10620.0 7760.0 12660.0 15920.0 13480.0 12260.0 10620.0 14700.0 8580.0 12660.0 9400.0 13080.0 15120.0 16340.0 12660.0 9800.0 15920.0 11840.0 14700.0 19600.0 14700.0 8580.0 8980.0 9800.0 13480.0 14700.0 9800.0 11440.0 11840.0 9800.0 11020.0 13480.0 10220.0 11440.0 8580.0 12260.0 16740.0 13880.0 12260.0 14700.0 11840.0 11840.0 8980.0 17960.0 11020.0 5320.0 15120.0 15920.0 11020.0 10620.0 14300.0 13480.0 12260.0 8980.0 14300.0 6540.0 11440.0 13880.0 11840.0 10620.0 14700.0 0.0 8580.0 10620.0 11840.0 10220.0 13480.0 7360.0 10220.0 10620.0 12260.0 10620.0 10620.0 15520.0 9800.0 11020.0 15920.0 10620.0 14700.0 18380.0 12660.0 17560.0 9800.0 14700.0 10620.0 11840.0 9800.0 13480.0 13080.0 9400.0 12660.0 8180.0
0.0 13880.0 13080.0 11840.0 11440.0 16740.0 14700.0 11440.0 8980.0 12260.0 10220.0 11840.0 8180.0 5320.0 11840.0 10220.0 13880.0 13880.0 12660.0 8180.0 12660.0 14700.0 11840.0 12260.0 16340.0 15920.0 3680.0 6140.0 19200.0 12660.0 8180.0 13080.0 11840.0 12660.0 15920.0 8580.0 11440.0 10220.0 8980.0 16340.0 14300.0 9800.0 10620.0 11840.0 11840.0 17560.0 13080.0 10220.0 13880.0 16740.0 10620.0 8580.0 15920.0 6540.0 14700.0 13880.0 15520.0 10220.0 10220.0 7360.0 8980.0 11840.0 13080.0 18380.0 6140.0 10620.0 12660.0 13480.0 11020.0 14300.0 9400.0 0.0 8580.0 11440.0 9800.0 13480.0 13880.0 9800.0 10220.0 14700.0 10220.0 10220.0 11020.0 13080.0 13080.0 15520.0 12660.0 11440.0 12660.0 11440.0 17160.0 6540.0 13880.0 10220.0 9800.0 12260.0 8980.0 13080.0 8980.0 13480.0 13880.0
0.0 12260.0 10620.0 9400.0 8980.0 13880.0 8580.0 9400.0 12660.0 9400.0 11440.0 11440.0 11840.0 8980.0 9800.0 7760.0 13080.0 6140.0 13080.0 9800.0 6540.0 12260.0 12660.0 9800.0 13880.0 11840.0 7360.0 9800.0 16340.0 4100.0 10220.0 10620.0 10620.0 9400.0 15520.0 7360.0 4500.0 6940.0 8580.0 14300.0 10220.0 7360.0 8980.0 3680.0 9400.0 15120.0 11440.0 2060.0 5320.0 12260.0 6940.0 6140.0 15120.0 8180.0 14700.0 9400.0 13080.0 6140.0 7760.0 11440.0 10220.0 9400.0 10620.0 9800.0 9800.0 6540.0 4500.0 11440.0 8980.0 11840.0 11440.0 4100.0 0.0 6940.0 7360.0 7360.0 11440.0 7360.0 7760.0 12660.0 7760.0 4900.0 12260.0 7360.0 9800.0 13080.0 8580.0 13480.0 15120.0 7760.0 13880.0 10220.0 7760.0 7760.0 1640.0 8580.0 10220.0 9400.0 6540.0 7760.0 9800.0
0.0 13480.0 10620.0 5320.0 12260.0 12660.0 10220.0 9400.0 14700.0 11020.0 8180.0 11840.0 13480.0 12260.0 8980.0 8580.0 11840.0 12660.0 9400.0 11840.0 11440.0 17160.0 11020.0 13080.0 12660.0 15120.0 1240.0 13480.0 9400.0 11840.0 6140.0 6540.0 11840.0 11840.0 11840.0 8980.0 8980.0 8980.0 10220.0 15120.0 11840.0 11440.0 14300.0 12660.0 11840.0 11020.0 14300.0 12660.0 11840.0 14700.0 8980.0 12660.0 10620.0 8580.0 11020.0 13480.0 9400.0 11440.0 8180.0 11440.0 8180.0 11440.0 6540.0 11440.0 11440.0 8580.0 13480.0 9400.0 8180.0 8180.0 12260.0 7360.0 11020.0 0.0 12260.0 12260.0 11840.0 11020.0 3680.0 9400.0 12660.0 13480.0 10220.0 8580.0 11020.0 13480.0 9800.0 8980.0 10220.0 3680.0 10620.0 4100.0 12260.0 8580.0 12260.0 7360.0 8180.0 11440.0 13080.0 6940.0 11020.0
0.0 13080.0 3280.0 10620.0 9800.0 9400.0 4900.0 9400.0 15520.0 9400.0 11440.0 8180.0 14300.0 11440.0 6940.0 8980.0 6140.0 6940.0 13080.0 10620.0 3280.0 5320.0 12660.0 6140.0 12660.0 9400.0 8180.0 12660.0 11440.0 11020.0 8980.0 7360.0 7760.0 5720.0 12660.0 6140.0 4100.0 6940.0 5320.0 12260.0 10220.0 8180.0 10220.0 10220.0 2060.0 15120.0 12260.0 8980.0 7760.0 14700.0 6940.0 7360.0 13480.0 5320.0 9400.0 10220.0 13080.0 6540.0 8580.0 13880.0 9800.0 7760.0 7360.0 8980.0 11840.0 6940.0 4100.0 9400.0 5720.0 11840.0 10620.0 10620.0 7360.0 12260.0 0.0 3680.0 9400.0 6140.0 8580.0 14300.0 420.0 4900.0 11840.0 8180.0 6140.0 11440.0 7760.0 10620.0 14700.0 8180.0 8980.0 7760.0 9800.0 8580.0 8580.0 4900.0 10220.0 9400.0 7360.0 9800.0 8980.0
0.0 16740.0 12260.0 12660.0 13080.0 13880.0 14700.0 11440.0 15120.0 13880.0 11020.0 14700.0 10620.0 15120.0 11840.0 9400.0 13880.0 10220.0 14300.0 11440.0 13880.0 13480.0 13880.0 5720.0 15520.0 5720.0 11440.0 13080.0 17160.0 11840.0 14300.0 3680.0 16340.0 2460.0 13480.0 11840.0 6140.0 13480.0 11440.0 13480.0 6540.0 11440.0 13080.0 10220.0 13480.0 17960.0 11840.0 13880.0 11440.0 13480.0 13080.0 10220.0 14700.0 5720.0 13080.0 11020.0 15120.0 12660.0 9400.0 15920.0 11020.0 8580.0 4100.0 14300.0 8180.0 13080.0 10620.0 13080.0 5320.0 13880.0 8180.0 10220.0 13880.0 12260.0 11440.0 0.0 8980.0 11440.0 10620.0 13880.0 8580.0 12660.0 13080.0 11440.0 8580.0 14300.0 7760.0 11840.0 15920.0 12660.0 13080.0 7360.0 9400.0 9400.0 8980.0 4900.0 11440.0 14300.0 10620.0 12260.0 8980.0
0.0 14700.0 10220.0 8180.0 11020.0 9400.0 11440.0 9800.0 10220.0 9800.0 6940.0 9400.0 9400.0 6540.0 9400.0 5720.0 13480.0 1240.0 5320.0 9400.0 9800.0 12260.0 13080.0 12260.0 12260.0 12260.0 4900.0 7360.0 13880.0 7760.0 9400.0 8980.0 9400.0 9800.0 13480.0 4900.0 6540.0 8180.0 6140.0 8980.0 7760.0 9800.0 4500.0 1240.0 11840.0 9400.0 6540.0 8980.0 8980.0 9800.0 8180.0 8980.0 13480.0 5720.0 11020.0 9400.0 10620.0 7360.0 10220.0 8580.0 10220.0 11440.0 9400.0 13080.0 7360.0 7760.0 11020.0 9800.0 5720.0 9400.0 6140.0 1240.0 9400.0 4500.0 9800.0 7760.0 0.0 9800.0 6140.0 10220.0 8580.0 11440.0 10620.0 2460.0 7360.0 11020.0 3280.0 11440.0 13880.0 8180.0 10620.0 7760.0 7760.0 10220.0 9800.0 4900.0 10220.0 10620.0 8980.0 5320.0 4500.0
0.0 12260.0 10220.0 8180.0 10620.0 7360.0 11020.0 6540.0 13880.0 10620.0 9800.0 12260.0 14700.0 13080.0 10220.0 11840.0 8580.0 10220.0 7360.0 4900.0 11020.0 8980.0 10220.0 11840.0 10220.0 13080.0 7760.0 9400.0 15120.0 10620.0 3280.0 8980.0 11020.0 9800.0 14300.0 420.0 6540.0 8580.0 9400.0 11840.0 9800.0 13080.0 13080.0 12260.0 9800.0 12660.0 15520.0 11020.0 8580.0 8980.0 8580.0 11840.0 13480.0 9400.0 8980.0 12260.0 10220.0 9400.0 11840.0 11440.0 7360.0 2060.0 8580.0 11440.0 10620.0 8180.0 6540.0 7360.0 8980.0 8980.0 9400.0 10220.0 10220.0 8580.0 10220.0 11440.0 11840.0 0.0 6140.0 9400.0 4500.0 10220.0 6140.0 5720.0 10220.0 17160.0 6540.0 8180.0 12260.0 9400.0 8180.0 3680.0 11020.0 11840.0 11440.0 8580.0 7360.0 11020.0 12260.0 3680.0 8180.0
0.0 11020.0 9800.0 2060.0 9800.0 9400.0 11020.0 10620.0 13080.0 8180.0 10220.0 12660.0 9800.0 8980.0 5320.0 11020.0 12260.0 9400.0 6140.0 11020.0 9800.0 14300.0 10220.0 10620.0 9400.0 14700.0 7360.0 10220.0 15120.0 11440.0 10620.0 2860.0 8580.0 11440.0 12660.0 8180.0 5720.0 11440.0 9800.0 11840.0 8580.0 10620.0 12660.0 9400.0 8580.0 7760.0 11020.0 9800.0 9800.0 14300.0 11440.0 9800.0 7360.0 5320.0 7760.0 10220.0 10220.0 10620.0 11020.0 11440.0 7760.0 8180.0 3280.0 11840.0 9800.0 11020.0 10220.0 5720.0 4500.0 11840.0 9800.0 4100.0 12660.0 8980.0 9400.0 10620.0 8180.0 7760.0 0.0 5720.0 9400.0 13480.0 9800.0 10620.0 7760.0 14300.0 6940.0 8580.0 12660.0 8180.0 6940.0 3680.0 8580.0 11020.0 12260.0 4100.0 7760.0 12260.0 9800.0 11020.0 8180.0
0.0 5320.0 8580.0 11440.0 4900.0 12660.0 8580.0 6540.0 9800.0 6540.0 9800.0 9800.0 13480.0 11840.0 5720.0 8980.0 8180.0 11840.0 12660.0 8580.0 12260.0 11840.0 6140.0 5720.0 15520.0 10620.0 8180.0 7760.0 9400.0 10220.0 8580.0 6540.0 2860.0 7360.0 7760.0 6140.0 8180.0 7360.0 8980.0 12660.0 10220.0 11840.0 15120.0 11840.0 10620.0 15120.0 14300.0 11840.0 10220.0 14300.0 9800.0 11440.0 17160.0 8580.0 14300.0 9800.0 7760.0 8980.0 12660.0 11840.0 3680.0 7760.0 6540.0 11840.0 12660.0 9400.0 10220.0 9400.0 7360.0 6540.0 10620.0 9800.0 10220.0 6940.0 10220.0 9400.0 11020.0 5720.0 10220.0 0.0 6940.0 9400.0 5720.0 11020.0 10220.0 8580.0 9800.0 9400.0 8180.0 8180.0 13880.0 8980.0 8180.0 12660.0 11440.0 6940.0 3680.0 7360.0 10620.0 9400.0 11020.0
0.0 12660.0 11440.0 13080.0 14700.0 13880.0 10620.0 8980.0 15920.0 10620.0 12260.0 15520.0 13880.0 15120.0 13080.0 12660.0 13880.0 10220.0 14300.0 14700.0 8580.0 4900.0 12260.0 13880.0 20420.0 8980.0 13080.0 16340.0 11020.0 13080.0 12660.0 6940.0 13080.0 5720.0 16740.0 11440.0 4100.0 11840.0 13880.0 13480.0 15120.0 13880.0 13080.0 9800.0 10220.0 15920.0 15120.0 11440.0 11440.0 15920.0 11440.0 12660.0 14300.0 5320.0 9400.0 12660.0 12660.0 11020.0 12660.0 17560.0 9800.0 11840.0 7360.0 15520.0 11440.0 11440.0 3680.0 13880.0 8580.0 11440.0 12660.0 10220.0 9800.0 11840.0 10620.0 9400.0 8980.0 13880.0 13880.0 16340.0 0.0 14700.0 11440.0 8580.0 11840.0 17160.0 9800.0 15120.0 14300.0 10220.0 8580.0 10620.0 12660.0 12660.0 10620.0 7760.0 9800.0 10620.0 13080.0 13080.0 11020.0
0.0 20420.0 5720.0 14300.0 13880.0 15120.0 10220.0 14700.0 12260.0 11020.0 15520.0 17560.0 15120.0 19200.0 9400.0 15520.0 16340.0 14300.0 10620.0 13080.0 15120.0 17160.0 18380.0 8580.0 18380.0 19200.0 10220.0 17560.0 18380.0 14300.0 11440.0 8180.0 14700.0 15920.0 17560.0 8580.0 10620.0 15120.0 14700.0 14700.0 13080.0 13480.0 17560.0 13880.0 12660.0 20000.0 15920.0 12260.0 13880.0 17160.0 16340.0 14700.0 19200.0 10220.0 17160.0 15120.0 9400.0 15920.0 16340.0 16340.0 15520.0 10220.0 8180.0 11440.0 17560.0 16340.0 10620.0 15520.0 9800.0 8180.0 12260.0 14300.0 10620.0 8980.0 12260.0 13480.0 13480.0 8580.0 12660.0 17560.0 12260.0 0.0 14300.0 13880.0 12660.0 16740.0 11840.0 13080.0 19200.0 12660.0 16340.0 11840.0 13880.0 15520.0 11840.0 8980.0 6140.0 15520.0 13480.0 11840.0 13080.0
0.0 15520.0 10220.0 11440.0 10620.0 13480.0 8980.0 10620.0 16740.0 8980.0 11440.0 11840.0 18380.0 13080.0 11440.0 7760.0 2860.0 6540.0 13480.0 11440.0 6940.0 8580.0 14700.0 8180.0 15920.0 13480.0 12260.0 12260.0 16740.0 4900.0 12260.0 11440.0 16740.0 9800.0 15920.0 9400.0 6140.0 11020.0 8980.0 15120.0 14300.0 9400.0 9800.0 13480.0 11020.0 17160.0 11840.0 15920.0 6140.0 15120.0 6540.0 8180.0 13480.0 8580.0 12660.0 9800.0 13480.0 10220.0 9400.0 15120.0 12660.0 10620.0 11440.0 10220.0 13880.0 10620.0 13080.0 12260.0 9800.0 12260.0 11840.0 12660.0 14300.0 13480.0 9400.0 7760.0 12260.0 9400.0 9800.0 15120.0 9400.0 4500.0 0.0 7760.0 12660.0 13080.0 8980.0 15520.0 17560.0 11840.0 12260.0 11840.0 8580.0 7760.0 12660.0 8980.0 10620.0 8580.0 8580.0 11440.0 10620.0
0.0 12660.0 8180.0 11840.0 11440.0 7760.0 9400.0 9800.0 10220.0 7760.0 4900.0 12260.0 13480.0 12660.0 7760.0 9800.0 13880.0 6940.0 11840.0 12260.0 7360.0 10220.0 15920.0 11020.0 13880.0 10620.0 9400.0 12660.0 18380.0 5320.0 12660.0 9400.0 13480.0 8180.0 11840.0 9800.0 4900.0 10620.0 9400.0 7360.0 10620.0 9800.0 10220.0 7760.0 10220.0 15920.0 12260.0 9400.0 6540.0 15920.0 10620.0 8580.0 14300.0 10620.0 9400.0 9400.0 13480.0 9800.0 9800.0 15120.0 13480.0 9400.0 9800.0 10620.0 10220.0 10220.0 8980.0 7760.0 3680.0 12260.0 4100.0 7760.0 7760.0 11020.0 9800.0 6140.0 6540.0 9800.0 10220.0 15120.0 10220.0 12260.0 15120.0 0.0 4900.0 15120.0 1240.0 11440.0 17960.0 10220.0 8580.0 10620.0 7760.0 9800.0 8180.0 3280.0 13080.0 10620.0 8980.0 9800.0 2860.0
0.0 13080.0 8980.0 12260.0 7760.0 14700.0 13880.0 12660.0 17960.0 11840.0 15920.0 14700.0 20000.0 13880.0 3280.0 14700.0 16340.0 11840.0 16340.0 8980.0 11840.0 13080.0 14300.0 8580.0 18380.0 17160.0 11840.0 15120.0 19200.0 10220.0 14700.0 13080.0 17560.0 13880.0 18380.0 9400.0 10620.0 9400.0 11840.0 14300.0 9400.0 12260.0 15120.0 11840.0 15120.0 17560.0 17160.0 17960.0 11440.0 17560.0 9400.0 14300.0 17560.0 13480.0 14300.0 15120.0 15920.0 8580.0 14700.0 12660.0 11840.0 6140.0 13480.0 9800.0 11840.0 8980.0 10620.0 14300.0 12660.0 14700.0 13880.0 11840.0 16340.0 12660.0 15520.0 12660.0 15520.0 11440.0 10220.0 15920.0 8580.0 16340.0 13480.0 13080.0 0.0 20000.0 14300.0 7360.0 16340.0 10620.0 16340.0 7760.0 13880.0 14700.0 15120.0 13880.0 11840.0 6140.0 13480.0 13480.0 11840.0
0.0 12260.0 11020.0 11020.0 14300.0 4500.0 11840.0 13080.0 15920.0 9800.0 10220.0 12260.0 15520.0 12260.0 13080.0 8980.0 13480.0 4100.0 13880.0 11440.0 9800.0 15520.0 13480.0 13480.0 15120.0 13880.0 11020.0 13080.0 20000.0 7760.0 9800.0 9400.0 17560.0 12660.0 17160.0 6940.0 10220.0 7760.0 9400.0 4100.0 11020.0 12660.0 7360.0 7360.0 9800.0 15520.0 9800.0 14700.0 8980.0 15520.0 7760.0 11840.0 13080.0 11440.0 8980.0 11020.0 13480.0 6940.0 12260.0 14300.0 11020.0 8580.0 9800.0 13080.0 13080.0 7360.0 13080.0 4900.0 9400.0 12260.0 9800.0 7360.0 13080.0 10620.0 10220.0 10620.0 12260.0 6540.0 9400.0 14700.0 10620.0 15120.0 12660.0 5720.0 10220.0 0.0 6940.0 14700.0 14700.0 8580.0 8180.0 10220.0 11020.0 12660.0 4900.0 8580.0 10220.0 9800.0 12260.0 10220.0 8180.0
0.0 11440.0 7360.0 11020.0 10220.0 6540.0 13080.0 8580.0 9400.0 6540.0 3680.0 14700.0 12260.0 11840.0 6540.0 8980.0 13080.0 6540.0 10620.0 11020.0 11440.0 9400.0 14700.0 9800.0 12660.0 9400.0 8180.0 12660.0 17160.0 9400.0 11440.0 8180.0 12660.0 6940.0 10620.0 8580.0 3680.0 9400.0 11440.0 6140.0 9400.0 8580.0 9400.0 6540.0 8980.0 14700.0 11840.0 8180.0 8580.0 14700.0 9400.0 7760.0 13080.0 9400.0 8180.0 8180.0 12260.0 8580.0 8980.0 13880.0 12260.0 8180.0 8580.0 12660.0 9400.0 8980.0 8180.0 6540.0 2860.0 11020.0 2860.0 6540.0 6540.0 9800.0 8580.0 4900.0 5320.0 8580.0 8980.0 13880.0 8980.0 11440.0 13880.0 7760.0 6940.0 14300.0 0.0 10220.0 16740.0 10220.0 7760.0 9800.0 6940.0 8980.0 6940.0 2060.0 11840.0 11840.0 7760.0 8580.0 1640.0
0.0 14700.0 11440.0 10220.0 11840.0 13480.0 7360.0 8580.0 14300.0 11440.0 10220.0 10220.0 16740.0 11440.0 11440.0 7760.0 14300.0 4900.0 11840.0 6140.0 5320.0 15520.0 15120.0 11840.0 15520.0 11440.0 10620.0 9400.0 16740.0 2860.0 13480.0 9800.0 15520.0 8180.0 15120.0 6540.0 8580.0 8980.0 7360.0 13080.0 12260.0 10620.0 7760.0 12660.0 12260.0 15920.0 10220.0 11020.0 4100.0 16340.0 8980.0 9400.0 16340.0 11840.0 11020.0 8180.0 12660.0 8580.0 7760.0 5720.0 12660.0 8980.0 9800.0 8580.0 11840.0 8980.0 11840.0 10220.0 7760.0 11440.0 7760.0 11020.0 9400.0 11840.0 10220.0 6140.0 11440.0 10620.0 9400.0 14700.0 10620.0 14300.0 14300.0 6140.0 10620.0 12660.0 7360.0 0.0 17160.0 10220.0 13080.0 10620.0 6540.0 7760.0 10620.0 7360.0 12660.0 11440.0 9800.0 9400.0 8580.0
0.0 6940.0 1240.0 10220.0 9400.0 4500.0 8580.0 9400.0 8980.0 9800.0 11440.0 1640.0 9400.0 6540.0 4900.0 9400.0 11440.0 6540.0 7360.0 7760.0 6940.0 11840.0 13080.0 4100.0 11440.0 12260.0 4900.0 7760.0 13880.0 4500.0 6140.0 9800.0 11020.0 8980.0 15520.0 3280.0 8580.0 7360.0 8980.0 10220.0 9800.0 11020.0 6940.0 6540.0 11840.0 6940.0 8980.0 11020.0 5720.0 11840.0 7360.0 10220.0 13080.0 7760.0 11840.0 3680.0 11020.0 6540.0 9400.0 8980.0 10220.0 4900.0 10220.0 6940.0 7360.0 6940.0 9400.0 1240.0 7760.0 9800.0 10620.0 1640.0 10220.0 9800.0 9800.0 7760.0 9400.0 2860.0 8180.0 12260.0 6940.0 11840.0 8580.0 6540.0 8180.0 13880.0 7760.0 8580.0 0.0 5720.0 11020.0 6140.0 8180.0 9400.0 11020.0 6940.0 9800.0 9800.0 8980.0 4900.0 5320.0
0.0 17160.0 6940.0 8180.0 8580.0 12260.0 6540.0 11840.0 15120.0 11440.0 8580.0 14300.0 11440.0 15120.0 8580.0 4900.0 12660.0 9400.0 12260.0 12260.0 11440.0 13480.0 11020.0 9400.0 12660.0 15120.0 13480.0 11020.0 13480.0 9800.0 10620.0 4500.0 14300.0 12660.0 12660.0 5320.0 6940.0 13080.0 11440.0 11840.0 12260.0 7760.0 12660.0 11020.0 8980.0 13480.0 12660.0 12660.0 8580.0 15520.0 13080.0 11020.0 13480.0 6540.0 13480.0 11840.0 5720.0 12660.0 4900.0 17560.0 13880.0 9400.0 4900.0 7760.0 13080.0 13080.0 11440.0 11840.0 6140.0 4500.0 8580.0 10220.0 11020.0 14300.0 8580.0 10620.0 9800.0 7760.0 6140.0 11840.0 8980.0 13480.0 13480.0 4900.0 9400.0 9800.0 6140.0 12260.0 17560.0 0.0 13080.0 9800.0 10220.0 4900.0 12660.0 5320.0 13880.0 15120.0 11440.0 3280.0 7360.0
0.0 4100.0 2860.0 8980.0 10620.0 5320.0 6940.0 7360.0 13880.0 9800.0 8180.0 8580.0 15920.0 10220.0 6540.0 5320.0 5720.0 8980.0 8580.0 10220.0 5320.0 7360.0 11840.0 5720.0 11840.0 11440.0 9800.0 9400.0 13480.0 8180.0 4500.0 9400.0 9800.0 7760.0 13480.0 5720.0 6140.0 7360.0 5320.0 4900.0 10620.0 8580.0 11840.0 8180.0 1640.0 14300.0 10620.0 10220.0 2860.0 7360.0 7360.0 8180.0 5720.0 7760.0 820.0 6940.0 11020.0 6540.0 5320.0 9800.0 9400.0 7360.0 9400.0 7360.0 11020.0 6940.0 6140.0 5320.0 7760.0 9800.0 11440.0 8180.0 8580.0 10220.0 2460.0 6140.0 7760.0 5320.0 6940.0 7760.0 2460.0 6940.0 11020.0 9800.0 8180.0 10620.0 9800.0 10220.0 13880.0 6140.0 0.0 5320.0 5320.0 5320.0 5720.0 6940.0 9400.0 9800.0 8180.0 8180.0 3680.0
0.0 15520.0 9800.0 10620.0 11020.0 13080.0 11840.0 11020.0 10620.0 7360.0 13080.0 8980.0 16340.0 12260.0 11840.0 10220.0 8980.0 9800.0 10220.0 11020.0 10220.0 14300.0 6940.0 11840.0 16340.0 11020.0 4500.0 13480.0 14700.0 7760.0 9400.0 9400.0 14300.0 7760.0 11020.0 4900.0 8580.0 7760.0 6140.0 15920.0 11440.0 9800.0 12660.0 12660.0 11440.0 15120.0 15120.0 13880.0 8980.0 12260.0 7760.0 8580.0 15520.0 11440.0 15920.0 10220.0 11840.0 7360.0 10220.0 10620.0 4100.0 8980.0 9400.0 13480.0 13080.0 7760.0 13080.0 9800.0 8180.0 10620.0 12660.0 10220.0 13480.0 5320.0 9400.0 9800.0 11840.0 9800.0 8580.0 12660.0 9800.0 9800.0 6140.0 11020.0 11020.0 15120.0 10220.0 4900.0 8980.0 6540.0 15520.0 0.0 8980.0 10220.0 14700.0 7360.0 4100.0 10220.0 8980.0 9400.0 11440.0
0.0 10620.0 6940.0 8980.0 10220.0 6940.0 6940.0 2460.0 13080.0 8580.0 5720.0 8180.0 11840.0 8980.0 9400.0 5320.0 12260.0 9400.0 5320.0 10620.0 9400.0 13880.0 11020.0 9800.0 12260.0 15120.0 6140.0 8180.0 11440.0 9800.0 8580.0 4900.0 8980.0 12260.0 8580.0 5720.0 7360.0 6940.0 4900.0 11440.0 7760.0 8580.0 12260.0 10620.0 8180.0 14300.0 11840.0 8980.0 2060.0 13880.0 6540.0 7360.0 12260.0 6140.0 7360.0 1640.0 6140.0 6140.0 5320.0 11440.0 10220.0 7760.0 4100.0 6140.0 5720.0 6540.0 9800.0 3680.0 6540.0 4900.0 8580.0 8180.0 8580.0 5320.0 8580.0 9800.0 9800.0 5720.0 6940.0 12660.0 8980.0 10220.0 11440.0 4900.0 8580.0 10620.0 5720.0 13080.0 14700.0 7760.0 6540.0 8980.0 0.0 5320.0 9800.0 5720.0 10220.0 8980.0 7760.0 2860.0 7360.0
0.0 13480.0 7360.0 5320.0 13080.0 9800.0 11840.0 6940.0 14300.0 6940.0 3680.0 15120.0 13480.0 12260.0 8980.0 420.0 11840.0 9400.0 9400.0 8180.0 10220.0 11440.0 13080.0 10220.0 12660.0 14300.0 10620.0 12260.0 8980.0 7760.0 6140.0 6140.0 11840.0 11840.0 8180.0 3680.0 8980.0 11440.0 12260.0 9400.0 9800.0 3280.0 12660.0 10220.0 11840.0 11020.0 14300.0 8180.0 8980.0 11840.0 10220.0 12660.0 11020.0 8580.0 11020.0 13080.0 11020.0 11840.0 12660.0 14700.0 10620.0 5320.0 6540.0 8580.0 13080.0 11440.0 9400.0 9400.0 8180.0 9800.0 12660.0 7360.0 6540.0 10220.0 12660.0 9800.0 11440.0 3280.0 3680.0 8980.0 7360.0 11440.0 8980.0 8580.0 6940.0 5320.0 9800.0 11440.0 15120.0 11440.0 10620.0 6540.0 11440.0 0.0 7760.0 7360.0 10620.0 11020.0 13080.0 6940.0 11020.0
0.0 11020.0 13480.0 11020.0 11840.0 13480.0 7360.0 8580.0 11440.0 11440.0 9800.0 10220.0 10620.0 7760.0 11440.0 7760.0 14300.0 4900.0 11840.0 10620.0 5320.0 15520.0 14300.0 11440.0 15520.0 11440.0 6140.0 8580.0 15120.0 2860.0 11020.0 9400.0 13880.0 8180.0 15120.0 6140.0 8580.0 8980.0 7360.0 13080.0 12260.0 10220.0 7760.0 2460.0 12260.0 15920.0 10220.0 12660.0 4100.0 11020.0 8980.0 9400.0 16340.0 6940.0 13880.0 8180.0 12660.0 8180.0 7760.0 9800.0 11440.0 11840.0 9800.0 8580.0 8580.0 8580.0 11840.0 10220.0 7760.0 11440.0 10220.0 2860.0 11020.0 5720.0 10220.0 6140.0 11440.0 10620.0 8980.0 11440.0 10620.0 13080.0 13480.0 6140.0 10620.0 12660.0 7360.0 13880.0 15120.0 9400.0 13080.0 8980.0 6540.0 7760.0 0.0 6940.0 11440.0 11440.0 9800.0 6540.0 8580.0
0.0 14300.0 9800.0 8980.0 8580.0 9400.0 11440.0 6940.0 10620.0 9400.0 6540.0 12660.0 10220.0 10620.0 8980.0 7360.0 12660.0 5720.0 9800.0 9400.0 9800.0 11840.0 13080.0 9400.0 13480.0 12260.0 8980.0 11840.0 16340.0 11020.0 9800.0 9400.0 13480.0 9800.0 8980.0 7360.0 1640.0 10620.0 9800.0 8980.0 12260.0 6940.0 8580.0 5720.0 8980.0 13880.0 11020.0 9400.0 6940.0 14300.0 10620.0 5720.0 14700.0 9800.0 11020.0 6540.0 10620.0 9800.0 7360.0 13080.0 10220.0 8980.0 8580.0 11020.0 10620.0 10220.0 6140.0 8580.0 820.0 9400.0 5720.0 5720.0 9400.0 8980.0 6940.0 7760.0 4500.0 6940.0 7360.0 12660.0 7360.0 11440.0 12260.0 6940.0 9800.0 12660.0 2860.0 13080.0 15120.0 8180.0 10220.0 10220.0 4900.0 7360.0 8180.0 0.0 10220.0 13080.0 6140.0 7760.0 4500.0
0.0 16340.0 12660.0 8580.0 11440.0 12260.0 13480.0 9800.0 6540.0 11840.0 9400.0 14700.0 13480.0 13880.0 11840.0 10620.0 15120.0 8580.0 9400.0 12260.0 12660.0 15120.0 13880.0 12260.0 15920.0 15120.0 4500.0 14300.0 12660.0 13080.0 9400.0 9400.0 10620.0 12660.0 11840.0 9400.0 4900.0 12260.0 12660.0 11840.0 10620.0 9800.0 11840.0 8580.0 11840.0 14300.0 11020.0 12260.0 9800.0 17560.0 12260.0 8980.0 13480.0 11840.0 13880.0 9400.0 12660.0 13080.0 10620.0 14300.0 11440.0 11840.0 9800.0 13880.0 13480.0 11840.0 9400.0 11840.0 4100.0 11440.0 8980.0 8980.0 12260.0 3280.0 9800.0 10620.0 7760.0 10220.0 6540.0 11440.0 10220.0 14700.0 13480.0 8180.0 12660.0 15520.0 6140.0 12260.0 13480.0 6940.0 13480.0 7360.0 8180.0 10620.0 11440.0 3280.0 0.0 9400.0 8980.0 6540.0 7360.0
0.0 6940.0 12660.0 11840.0 11020.0 15920.0 12260.0 13480.0 15120.0 10220.0 13880.0 8980.0 13880.0 11020.0 11840.0 10220.0 15520.0 12660.0 14700.0 11840.0 10220.0 14700.0 13880.0 11840.0 16340.0 16340.0 9400.0 12260.0 18780.0 16740.0 12660.0 12660.0 16340.0 13080.0 17960.0 9400.0 8580.0 7760.0 6140.0 18780.0 11440.0 9800.0 14300.0 6140.0 11440.0 15920.0 16740.0 16340.0 14700.0 14700.0 7760.0 8580.0 17160.0 10220.0 17560.0 11020.0 14300.0 7360.0 10220.0 13480.0 11440.0 11840.0 13080.0 16740.0 11840.0 7760.0 13480.0 12660.0 12660.0 13080.0 13480.0 6140.0 14700.0 9400.0 9800.0 11020.0 13880.0 9800.0 9800.0 13480.0 9800.0 11440.0 13080.0 11840.0 11020.0 15120.0 13080.0 15920.0 15920.0 8980.0 16740.0 12260.0 15920.0 10220.0 15120.0 11840.0 11440.0 0.0 8980.0 10220.0 14300.0
0.0 16340.0 6540.0 12260.0 13080.0 12660.0 8180.0 12660.0 17160.0 12660.0 13080.0 11440.0 14300.0 13480.0 10220.0 11440.0 9400.0 6940.0 16340.0 13880.0 6540.0 8580.0 15920.0 9400.0 7360.0 12660.0 11440.0 14700.0 14700.0 13480.0 12260.0 10620.0 11020.0 8980.0 15920.0 9400.0 7360.0 10220.0 8580.0 15520.0 11440.0 11440.0 10220.0 13480.0 5320.0 17560.0 12260.0 12260.0 11020.0 17960.0 8180.0 10620.0 16740.0 8980.0 13080.0 13480.0 16340.0 9800.0 11840.0 15920.0 13480.0 11020.0 11020.0 12260.0 14300.0 10220.0 7360.0 12660.0 8980.0 15120.0 12260.0 13080.0 10620.0 15520.0 3680.0 7360.0 12660.0 9400.0 11840.0 17560.0 3680.0 8180.0 15120.0 8180.0 9400.0 14700.0 9400.0 13880.0 17160.0 11440.0 12260.0 11020.0 13080.0 12260.0 11840.0 8180.0 13480.0 10620.0 0.0 10620.0 11020.0
0.0 14300.0 10220.0 13480.0 13080.0 9400.0 11020.0 11440.0 12260.0 8580.0 6540.0 13880.0 14700.0 14700.0 9400.0 11020.0 15120.0 6540.0 13480.0 13080.0 9400.0 12260.0 8180.0 12660.0 9400.0 12260.0 11020.0 7760.0 20000.0 6940.0 14300.0 11020.0 15520.0 9800.0 13480.0 11440.0 6540.0 12260.0 11020.0 8980.0 12260.0 11440.0 9400.0 9400.0 11440.0 17560.0 11840.0 11020.0 8180.0 17560.0 12260.0 10620.0 15920.0 11440.0 11020.0 11020.0 15120.0 11440.0 11440.0 16740.0 15120.0 10220.0 11440.0 12260.0 10220.0 11840.0 11020.0 9400.0 5720.0 13880.0 5720.0 9400.0 9400.0 11840.0 11440.0 7760.0 8180.0 11440.0 11440.0 16740.0 11840.0 11020.0 12260.0 2060.0 6540.0 15920.0 3280.0 13080.0 19600.0 11840.0 10620.0 11440.0 9800.0 11440.0 9800.0 4900.0 14700.0 12260.0 10620.0 0.0 4500.0
0.0 14300.0 10620.0 11840.0 9400.0 9400.0 15120.0 13880.0 14300.0 13880.0 10620.0 13080.0 13480.0 10220.0 5320.0 9800.0 17160.0 5320.0 9400.0 11020.0 13880.0 15120.0 15920.0 10620.0 15920.0 8180.0 6940.0 11440.0 17960.0 11440.0 11840.0 7760.0 13080.0 6140.0 17160.0 8580.0 10220.0 12260.0 10220.0 8980.0 11840.0 13880.0 8180.0 5320.0 13080.0 13480.0 10620.0 13080.0 12660.0 13880.0 12260.0 12660.0 17560.0 8180.0 11020.0 13480.0 14300.0 11440.0 13080.0 12660.0 13480.0 8180.0 7760.0 11440.0 11020.0 11840.0 12260.0 9400.0 9400.0 13080.0 10220.0 5320.0 13480.0 8580.0 13880.0 11840.0 4100.0 11440.0 10220.0 14300.0 10220.0 15520.0 14300.0 6540.0 11020.0 14700.0 7360.0 8980.0 15920.0 12260.0 11840.0 9400.0 11840.0 13080.0 9800.0 8580.0 13480.0 14300.0 13080.0 9400.0 0.0
