runId	mainClass	args	outputDir	dependsOn	block
seed-wet040_001_2m-a1-w0-sc0	HEU.FormalExperimentRunner	--action="seed" --runId="seed-wet040_001_2m-a1-w0-sc0" --instance="${WORKSPACE}/data/40-2/wet040_001_2m.dat" --seedFile="${WORKSPACE}/experiment-suite/formal-v1/seeds/wet040_001_2m-a1-w0-sc0.seed" --outputDir="${WORKSPACE}/experiment-suite/formal-v1/runs/seed-wet040_001_2m-a1-w0-sc0" --dueWindowHalfWidth="0" --setupCostCoefficient="0"	${WORKSPACE}/experiment-suite/formal-v1/runs/seed-wet040_001_2m-a1-w0-sc0		seed
pricing-wet040_001_2m-a1-w0-sc0-ng_dssr	HEU.FormalExperimentRunner	--action="solve" --runId="pricing-wet040_001_2m-a1-w0-sc0-ng_dssr" --instance="${WORKSPACE}/data/40-2/wet040_001_2m.dat" --algorithm="NG_DSSR" --outputDir="${WORKSPACE}/experiment-suite/formal-v1/runs/pricing-comparison/pricing-wet040_001_2m-a1-w0-sc0-ng_dssr" --seedFile="${WORKSPACE}/experiment-suite/formal-v1/seeds/wet040_001_2m-a1-w0-sc0.seed" --dueWindowHalfWidth="0" --setupCostCoefficient="0" --outsourcingModel="none" --outsourcingUnitRate="1" --discountStrength="0" --timeLimitSeconds="10800" --maxNodes="100000"	${WORKSPACE}/experiment-suite/formal-v1/runs/pricing-comparison/pricing-wet040_001_2m-a1-w0-sc0-ng_dssr	seed-wet040_001_2m-a1-w0-sc0	pricing-comparison
pricing-wet040_001_2m-a1-w0-sc0-time_indexed	HEU.FormalExperimentRunner	--action="solve" --runId="pricing-wet040_001_2m-a1-w0-sc0-time_indexed" --instance="${WORKSPACE}/data/40-2/wet040_001_2m.dat" --algorithm="TIME_INDEXED" --outputDir="${WORKSPACE}/experiment-suite/formal-v1/runs/pricing-comparison/pricing-wet040_001_2m-a1-w0-sc0-time_indexed" --seedFile="${WORKSPACE}/experiment-suite/formal-v1/seeds/wet040_001_2m-a1-w0-sc0.seed" --dueWindowHalfWidth="0" --setupCostCoefficient="0" --outsourcingModel="none" --outsourcingUnitRate="1" --discountStrength="0" --timeLimitSeconds="10800" --maxNodes="100000"	${WORKSPACE}/experiment-suite/formal-v1/runs/pricing-comparison/pricing-wet040_001_2m-a1-w0-sc0-time_indexed	seed-wet040_001_2m-a1-w0-sc0	pricing-comparison
pricing-wet040_001_2m-a1-w0-sc0-time_indexed_sri	HEU.FormalExperimentRunner	--action="solve" --runId="pricing-wet040_001_2m-a1-w0-sc0-time_indexed_sri" --instance="${WORKSPACE}/data/40-2/wet040_001_2m.dat" --algorithm="TIME_INDEXED_SRI" --outputDir="${WORKSPACE}/experiment-suite/formal-v1/runs/pricing-comparison/pricing-wet040_001_2m-a1-w0-sc0-time_indexed_sri" --seedFile="${WORKSPACE}/experiment-suite/formal-v1/seeds/wet040_001_2m-a1-w0-sc0.seed" --dueWindowHalfWidth="0" --setupCostCoefficient="0" --outsourcingModel="none" --outsourcingUnitRate="1" --discountStrength="0" --timeLimitSeconds="10800" --maxNodes="100000"	${WORKSPACE}/experiment-suite/formal-v1/runs/pricing-comparison/pricing-wet040_001_2m-a1-w0-sc0-time_indexed_sri	seed-wet040_001_2m-a1-w0-sc0	pricing-comparison
seed-wet040_001_2m-a1-w103-sc0	HEU.FormalExperimentRunner	--action="seed" --runId="seed-wet040_001_2m-a1-w103-sc0" --instance="${WORKSPACE}/data/40-2/wet040_001_2m.dat" --seedFile="${WORKSPACE}/experiment-suite/formal-v1/seeds/wet040_001_2m-a1-w103-sc0.seed" --outputDir="${WORKSPACE}/experiment-suite/formal-v1/runs/seed-wet040_001_2m-a1-w103-sc0" --dueWindowHalfWidth="103" --setupCostCoefficient="0"	${WORKSPACE}/experiment-suite/formal-v1/runs/seed-wet040_001_2m-a1-w103-sc0		seed
pricing-wet040_001_2m-a1-w103-sc0-ng_dssr	HEU.FormalExperimentRunner	--action="solve" --runId="pricing-wet040_001_2m-a1-w103-sc0-ng_dssr" --instance="${WORKSPACE}/data/40-2/wet040_001_2m.dat" --algorithm="NG_DSSR" --outputDir="${WORKSPACE}/experiment-suite/formal-v1/runs/pricing-comparison/pricing-wet040_001_2m-a1-w103-sc0-ng_dssr" --seedFile="${WORKSPACE}/experiment-suite/formal-v1/seeds/wet040_001_2m-a1-w103-sc0.seed" --dueWindowHalfWidth="103" --setupCostCoefficient="0" --outsourcingModel="none" --outsourcingUnitRate="1" --discountStrength="0" --timeLimitSeconds="10800" --maxNodes="100000"	${WORKSPACE}/experiment-suite/formal-v1/runs/pricing-comparison/pricing-wet040_001_2m-a1-w103-sc0-ng_dssr	seed-wet040_001_2m-a1-w103-sc0	pricing-comparison
pricing-wet040_001_2m-a1-w103-sc0-time_indexed	HEU.FormalExperimentRunner	--action="solve" --runId="pricing-wet040_001_2m-a1-w103-sc0-time_indexed" --instance="${WORKSPACE}/data/40-2/wet040_001_2m.dat" --algorithm="TIME_INDEXED" --outputDir="${WORKSPACE}/experiment-suite/formal-v1/runs/pricing-comparison/pricing-wet040_001_2m-a1-w103-sc0-time_indexed" --seedFile="${WORKSPACE}/experiment-suite/formal-v1/seeds/wet040_001_2m-a1-w103-sc0.seed" --dueWindowHalfWidth="103" --setupCostCoefficient="0" --outsourcingModel="none" --outsourcingUnitRate="1" --discountStrength="0" --timeLimitSeconds="10800" --maxNodes="100000"	${WORKSPACE}/experiment-suite/formal-v1/runs/pricing-comparison/pricing-wet040_001_2m-a1-w103-sc0-time_indexed	seed-wet040_001_2m-a1-w103-sc0	pricing-comparison
pricing-wet040_001_2m-a1-w103-sc0-time_indexed_sri	HEU.FormalExperimentRunner	--action="solve" --runId="pricing-wet040_001_2m-a1-w103-sc0-time_indexed_sri" --instance="${WORKSPACE}/data/40-2/wet040_001_2m.dat" --algorithm="TIME_INDEXED_SRI" --outputDir="${WORKSPACE}/experiment-suite/formal-v1/runs/pricing-comparison/pricing-wet040_001_2m-a1-w103-sc0-time_indexed_sri" --seedFile="${WORKSPACE}/experiment-suite/formal-v1/seeds/wet040_001_2m-a1-w103-sc0.seed" --dueWindowHalfWidth="103" --setupCostCoefficient="0" --outsourcingModel="none" --outsourcingUnitRate="1" --discountStrength="0" --timeLimitSeconds="10800" --maxNodes="100000"	${WORKSPACE}/experiment-suite/formal-v1/runs/pricing-comparison/pricing-wet040_001_2m-a1-w103-sc0-time_indexed_sri	seed-wet040_001_2m-a1-w103-sc0	pricing-comparison
seed-wet040_001_2m-a1-w310-sc0	HEU.FormalExperimentRunner	--action="seed" --runId="seed-wet040_001_2m-a1-w310-sc0" --instance="${WORKSPACE}/data/40-2/wet040_001_2m.dat" --seedFile="${WORKSPACE}/experiment-suite/formal-v1/seeds/wet040_001_2m-a1-w310-sc0.seed" --outputDir="${WORKSPACE}/experiment-suite/formal-v1/runs/seed-wet040_001_2m-a1-w310-sc0" --dueWindowHalfWidth="310" --setupCostCoefficient="0"	${WORKSPACE}/experiment-suite/formal-v1/runs/seed-wet040_001_2m-a1-w310-sc0		seed
pricing-wet040_001_2m-a1-w310-sc0-ng_dssr	HEU.FormalExperimentRunner	--action="solve" --runId="pricing-wet040_001_2m-a1-w310-sc0-ng_dssr" --instance="${WORKSPACE}/data/40-2/wet040_001_2m.dat" --algorithm="NG_DSSR" --outputDir="${WORKSPACE}/experiment-suite/formal-v1/runs/pricing-comparison/pricing-wet040_001_2m-a1-w310-sc0-ng_dssr" --seedFile="${WORKSPACE}/experiment-suite/formal-v1/seeds/wet040_001_2m-a1-w310-sc0.seed" --dueWindowHalfWidth="310" --setupCostCoefficient="0" --outsourcingModel="none" --outsourcingUnitRate="1" --discountStrength="0" --timeLimitSeconds="10800" --maxNodes="100000"	${WORKSPACE}/experiment-suite/formal-v1/runs/pricing-comparison/pricing-wet040_001_2m-a1-w310-sc0-ng_dssr	seed-wet040_001_2m-a1-w310-sc0	pricing-comparison
pricing-wet040_001_2m-a1-w310-sc0-time_indexed	HEU.FormalExperimentRunner	--action="solve" --runId="pricing-wet040_001_2m-a1-w310-sc0-time_indexed" --instance="${WORKSPACE}/data/40-2/wet040_001_2m.dat" --algorithm="TIME_INDEXED" --outputDir="${WORKSPACE}/experiment-suite/formal-v1/runs/pricing-comparison/pricing-wet040_001_2m-a1-w310-sc0-time_indexed" --seedFile="${WORKSPACE}/experiment-suite/formal-v1/seeds/wet040_001_2m-a1-w310-sc0.seed" --dueWindowHalfWidth="310" --setupCostCoefficient="0" --outsourcingModel="none" --outsourcingUnitRate="1" --discountStrength="0" --timeLimitSeconds="10800" --maxNodes="100000"	${WORKSPACE}/experiment-suite/formal-v1/runs/pricing-comparison/pricing-wet040_001_2m-a1-w310-sc0-time_indexed	seed-wet040_001_2m-a1-w310-sc0	pricing-comparison
pricing-wet040_001_2m-a1-w310-sc0-time_indexed_sri	HEU.FormalExperimentRunner	--action="solve" --runId="pricing-wet040_001_2m-a1-w310-sc0-time_indexed_sri" --instance="${WORKSPACE}/data/40-2/wet040_001_2m.dat" --algorithm="TIME_INDEXED_SRI" --outputDir="${WORKSPACE}/experiment-suite/formal-v1/runs/pricing-comparison/pricing-wet040_001_2m-a1-w310-sc0-time_indexed_sri" --seedFile="${WORKSPACE}/experiment-suite/formal-v1/seeds/wet040_001_2m-a1-w310-sc0.seed" --dueWindowHalfWidth="310" --setupCostCoefficient="0" --outsourcingModel="none" --outsourcingUnitRate="1" --discountStrength="0" --timeLimitSeconds="10800" --maxNodes="100000"	${WORKSPACE}/experiment-suite/formal-v1/runs/pricing-comparison/pricing-wet040_001_2m-a1-w310-sc0-time_indexed_sri	seed-wet040_001_2m-a1-w310-sc0	pricing-comparison
seed-wet040_001_2m-a5-w0-sc0	HEU.FormalExperimentRunner	--action="seed" --runId="seed-wet040_001_2m-a5-w0-sc0" --instance="${WORKSPACE}/experiment-suite/formal-v1/instances/40-2/wet040_001_2m_timeX5.dat" --seedFile="${WORKSPACE}/experiment-suite/formal-v1/seeds/wet040_001_2m-a5-w0-sc0.seed" --outputDir="${WORKSPACE}/experiment-suite/formal-v1/runs/seed-wet040_001_2m-a5-w0-sc0" --dueWindowHalfWidth="0" --setupCostCoefficient="0"	${WORKSPACE}/experiment-suite/formal-v1/runs/seed-wet040_001_2m-a5-w0-sc0		seed
pricing-wet040_001_2m-a5-w0-sc0-ng_dssr	HEU.FormalExperimentRunner	--action="solve" --runId="pricing-wet040_001_2m-a5-w0-sc0-ng_dssr" --instance="${WORKSPACE}/experiment-suite/formal-v1/instances/40-2/wet040_001_2m_timeX5.dat" --algorithm="NG_DSSR" --outputDir="${WORKSPACE}/experiment-suite/formal-v1/runs/pricing-comparison/pricing-wet040_001_2m-a5-w0-sc0-ng_dssr" --seedFile="${WORKSPACE}/experiment-suite/formal-v1/seeds/wet040_001_2m-a5-w0-sc0.seed" --dueWindowHalfWidth="0" --setupCostCoefficient="0" --outsourcingModel="none" --outsourcingUnitRate="1" --discountStrength="0" --timeLimitSeconds="10800" --maxNodes="100000"	${WORKSPACE}/experiment-suite/formal-v1/runs/pricing-comparison/pricing-wet040_001_2m-a5-w0-sc0-ng_dssr	seed-wet040_001_2m-a5-w0-sc0	pricing-comparison
pricing-wet040_001_2m-a5-w0-sc0-time_indexed	HEU.FormalExperimentRunner	--action="solve" --runId="pricing-wet040_001_2m-a5-w0-sc0-time_indexed" --instance="${WORKSPACE}/experiment-suite/formal-v1/instances/40-2/wet040_001_2m_timeX5.dat" --algorithm="TIME_INDEXED" --outputDir="${WORKSPACE}/experiment-suite/formal-v1/runs/pricing-comparison/pricing-wet040_001_2m-a5-w0-sc0-time_indexed" --seedFile="${WORKSPACE}/experiment-suite/formal-v1/seeds/wet040_001_2m-a5-w0-sc0.seed" --dueWindowHalfWidth="0" --setupCostCoefficient="0" --outsourcingModel="none" --outsourcingUnitRate="1" --discountStrength="0" --timeLimitSeconds="10800" --maxNodes="100000"	${WORKSPACE}/experiment-suite/formal-v1/runs/pricing-comparison/pricing-wet040_001_2m-a5-w0-sc0-time_indexed	seed-wet040_001_2m-a5-w0-sc0	pricing-comparison
pricing-wet040_001_2m-a5-w0-sc0-time_indexed_sri	HEU.FormalExperimentRunner	--action="solve" --runId="pricing-wet040_001_2m-a5-w0-sc0-time_indexed_sri" --instance="${WORKSPACE}/experiment-suite/formal-v1/instances/40-2/wet040_001_2m_timeX5.dat" --algorithm="TIME_INDEXED_SRI" --outputDir="${WORKSPACE}/experiment-suite/formal-v1/runs/pricing-comparison/pricing-wet040_001_2m-a5-w0-sc0-time_indexed_sri" --seedFile="${WORKSPACE}/experiment-suite/formal-v1/seeds/wet040_001_2m-a5-w0-sc0.seed" --dueWindowHalfWidth="0" --setupCostCoefficient="0" --outsourcingModel="none" --outsourcingUnitRate="1" --discountStrength="0" --timeLimitSeconds="10800" --maxNodes="100000"	${WORKSPACE}/experiment-suite/formal-v1/runs/pricing-comparison/pricing-wet040_001_2m-a5-w0-sc0-time_indexed_sri	seed-wet040_001_2m-a5-w0-sc0	pricing-comparison
seed-wet040_001_2m-a5-w516-sc0	HEU.FormalExperimentRunner	--action="seed" --runId="seed-wet040_001_2m-a5-w516-sc0" --instance="${WORKSPACE}/experiment-suite/formal-v1/instances/40-2/wet040_001_2m_timeX5.dat" --seedFile="${WORKSPACE}/experiment-suite/formal-v1/seeds/wet040_001_2m-a5-w516-sc0.seed" --outputDir="${WORKSPACE}/experiment-suite/formal-v1/runs/seed-wet040_001_2m-a5-w516-sc0" --dueWindowHalfWidth="516" --setupCostCoefficient="0"	${WORKSPACE}/experiment-suite/formal-v1/runs/seed-wet040_001_2m-a5-w516-sc0		seed
pricing-wet040_001_2m-a5-w516-sc0-ng_dssr	HEU.FormalExperimentRunner	--action="solve" --runId="pricing-wet040_001_2m-a5-w516-sc0-ng_dssr" --instance="${WORKSPACE}/experiment-suite/formal-v1/instances/40-2/wet040_001_2m_timeX5.dat" --algorithm="NG_DSSR" --outputDir="${WORKSPACE}/experiment-suite/formal-v1/runs/pricing-comparison/pricing-wet040_001_2m-a5-w516-sc0-ng_dssr" --seedFile="${WORKSPACE}/experiment-suite/formal-v1/seeds/wet040_001_2m-a5-w516-sc0.seed" --dueWindowHalfWidth="516" --setupCostCoefficient="0" --outsourcingModel="none" --outsourcingUnitRate="1" --discountStrength="0" --timeLimitSeconds="10800" --maxNodes="100000"	${WORKSPACE}/experiment-suite/formal-v1/runs/pricing-comparison/pricing-wet040_001_2m-a5-w516-sc0-ng_dssr	seed-wet040_001_2m-a5-w516-sc0	pricing-comparison
pricing-wet040_001_2m-a5-w516-sc0-time_indexed	HEU.FormalExperimentRunner	--action="solve" --runId="pricing-wet040_001_2m-a5-w516-sc0-time_indexed" --instance="${WORKSPACE}/experiment-suite/formal-v1/instances/40-2/wet040_001_2m_timeX5.dat" --algorithm="TIME_INDEXED" --outputDir="${WORKSPACE}/experiment-suite/formal-v1/runs/pricing-comparison/pricing-wet040_001_2m-a5-w516-sc0-time_indexed" --seedFile="${WORKSPACE}/experiment-suite/formal-v1/seeds/wet040_001_2m-a5-w516-sc0.seed" --dueWindowHalfWidth="516" --setupCostCoefficient="0" --outsourcingModel="none" --outsourcingUnitRate="1" --discountStrength="0" --timeLimitSeconds="10800" --maxNodes="100000"	${WORKSPACE}/experiment-suite/formal-v1/runs/pricing-comparison/pricing-wet040_001_2m-a5-w516-sc0-time_indexed	seed-wet040_001_2m-a5-w516-sc0	pricing-comparison
pricing-wet040_001_2m-a5-w516-sc0-time_indexed_sri	HEU.FormalExperimentRunner	--action="solve" --runId="pricing-wet040_001_2m-a5-w516-sc0-time_indexed_sri" --instance="${WORKSPACE}/experiment-suite/formal-v1/instances/40-2/wet040_001_2m_timeX5.dat" --algorithm="TIME_INDEXED_SRI" --outputDir="${WORKSPACE}/experiment-suite/formal-v1/runs/pricing-comparison/pricing-wet040_001_2m-a5-w516-sc0-time_indexed_sri" --seedFile="${WORKSPACE}/experiment-suite/formal-v1/seeds/wet040_001_2m-a5-w516-sc0.seed" --dueWindowHalfWidth="516" --setupCostCoefficient="0" --outsourcingModel="none" --outsourcingUnitRate="1" --discountStrength="0" --timeLimitSeconds="10800" --maxNodes="100000"	${WORKSPACE}/experiment-suite/formal-v1/runs/pricing-comparison/pricing-wet040_001_2m-a5-w516-sc0-time_indexed_sri	seed-wet040_001_2m-a5-w516-sc0	pricing-comparison
seed-wet040_001_2m-a5-w1549-sc0	HEU.FormalExperimentRunner	--action="seed" --runId="seed-wet040_001_2m-a5-w1549-sc0" --instance="${WORKSPACE}/experiment-suite/formal-v1/instances/40-2/wet040_001_2m_timeX5.dat" --seedFile="${WORKSPACE}/experiment-suite/formal-v1/seeds/wet040_001_2m-a5-w1549-sc0.seed" --outputDir="${WORKSPACE}/experiment-suite/formal-v1/runs/seed-wet040_001_2m-a5-w1549-sc0" --dueWindowHalfWidth="1549" --setupCostCoefficient="0"	${WORKSPACE}/experiment-suite/formal-v1/runs/seed-wet040_001_2m-a5-w1549-sc0		seed
pricing-wet040_001_2m-a5-w1549-sc0-ng_dssr	HEU.FormalExperimentRunner	--action="solve" --runId="pricing-wet040_001_2m-a5-w1549-sc0-ng_dssr" --instance="${WORKSPACE}/experiment-suite/formal-v1/instances/40-2/wet040_001_2m_timeX5.dat" --algorithm="NG_DSSR" --outputDir="${WORKSPACE}/experiment-suite/formal-v1/runs/pricing-comparison/pricing-wet040_001_2m-a5-w1549-sc0-ng_dssr" --seedFile="${WORKSPACE}/experiment-suite/formal-v1/seeds/wet040_001_2m-a5-w1549-sc0.seed" --dueWindowHalfWidth="1549" --setupCostCoefficient="0" --outsourcingModel="none" --outsourcingUnitRate="1" --discountStrength="0" --timeLimitSeconds="10800" --maxNodes="100000"	${WORKSPACE}/experiment-suite/formal-v1/runs/pricing-comparison/pricing-wet040_001_2m-a5-w1549-sc0-ng_dssr	seed-wet040_001_2m-a5-w1549-sc0	pricing-comparison
pricing-wet040_001_2m-a5-w1549-sc0-time_indexed	HEU.FormalExperimentRunner	--action="solve" --runId="pricing-wet040_001_2m-a5-w1549-sc0-time_indexed" --instance="${WORKSPACE}/experiment-suite/formal-v1/instances/40-2/wet040_001_2m_timeX5.dat" --algorithm="TIME_INDEXED" --outputDir="${WORKSPACE}/experiment-suite/formal-v1/runs/pricing-comparison/pricing-wet040_001_2m-a5-w1549-sc0-time_indexed" --seedFile="${WORKSPACE}/experiment-suite/formal-v1/seeds/wet040_001_2m-a5-w1549-sc0.seed" --dueWindowHalfWidth="1549" --setupCostCoefficient="0" --outsourcingModel="none" --outsourcingUnitRate="1" --discountStrength="0" --timeLimitSeconds="10800" --maxNodes="100000"	${WORKSPACE}/experiment-suite/formal-v1/runs/pricing-comparison/pricing-wet040_001_2m-a5-w1549-sc0-time_indexed	seed-wet040_001_2m-a5-w1549-sc0	pricing-comparison
pricing-wet040_001_2m-a5-w1549-sc0-time_indexed_sri	HEU.FormalExperimentRunner	--action="solve" --runId="pricing-wet040_001_2m-a5-w1549-sc0-time_indexed_sri" --instance="${WORKSPACE}/experiment-suite/formal-v1/instances/40-2/wet040_001_2m_timeX5.dat" --algorithm="TIME_INDEXED_SRI" --outputDir="${WORKSPACE}/experiment-suite/formal-v1/runs/pricing-comparison/pricing-wet040_001_2m-a5-w1549-sc0-time_indexed_sri" --seedFile="${WORKSPACE}/experiment-suite/formal-v1/seeds/wet040_001_2m-a5-w1549-sc0.seed" --dueWindowHalfWidth="1549" --setupCostCoefficient="0" --outsourcingModel="none" --outsourcingUnitRate="1" --discountStrength="0" --timeLimitSeconds="10800" --maxNodes="100000"	${WORKSPACE}/experiment-suite/formal-v1/runs/pricing-comparison/pricing-wet040_001_2m-a5-w1549-sc0-time_indexed_sri	seed-wet040_001_2m-a5-w1549-sc0	pricing-comparison
seed-wet040_001_2m-a10-w0-sc0	HEU.FormalExperimentRunner	--action="seed" --runId="seed-wet040_001_2m-a10-w0-sc0" --instance="${WORKSPACE}/experiment-suite/formal-v1/instances/40-2/wet040_001_2m_timeX10.dat" --seedFile="${WORKSPACE}/experiment-suite/formal-v1/seeds/wet040_001_2m-a10-w0-sc0.seed" --outputDir="${WORKSPACE}/experiment-suite/formal-v1/runs/seed-wet040_001_2m-a10-w0-sc0" --dueWindowHalfWidth="0" --setupCostCoefficient="0"	${WORKSPACE}/experiment-suite/formal-v1/runs/seed-wet040_001_2m-a10-w0-sc0		seed
pricing-wet040_001_2m-a10-w0-sc0-ng_dssr	HEU.FormalExperimentRunner	--action="solve" --runId="pricing-wet040_001_2m-a10-w0-sc0-ng_dssr" --instance="${WORKSPACE}/experiment-suite/formal-v1/instances/40-2/wet040_001_2m_timeX10.dat" --algorithm="NG_DSSR" --outputDir="${WORKSPACE}/experiment-suite/formal-v1/runs/pricing-comparison/pricing-wet040_001_2m-a10-w0-sc0-ng_dssr" --seedFile="${WORKSPACE}/experiment-suite/formal-v1/seeds/wet040_001_2m-a10-w0-sc0.seed" --dueWindowHalfWidth="0" --setupCostCoefficient="0" --outsourcingModel="none" --outsourcingUnitRate="1" --discountStrength="0" --timeLimitSeconds="10800" --maxNodes="100000"	${WORKSPACE}/experiment-suite/formal-v1/runs/pricing-comparison/pricing-wet040_001_2m-a10-w0-sc0-ng_dssr	seed-wet040_001_2m-a10-w0-sc0	pricing-comparison
pricing-wet040_001_2m-a10-w0-sc0-time_indexed	HEU.FormalExperimentRunner	--action="solve" --runId="pricing-wet040_001_2m-a10-w0-sc0-time_indexed" --instance="${WORKSPACE}/experiment-suite/formal-v1/instances/40-2/wet040_001_2m_timeX10.dat" --algorithm="TIME_INDEXED" --outputDir="${WORKSPACE}/experiment-suite/formal-v1/runs/pricing-comparison/pricing-wet040_001_2m-a10-w0-sc0-time_indexed" --seedFile="${WORKSPACE}/experiment-suite/formal-v1/seeds/wet040_001_2m-a10-w0-sc0.seed" --dueWindowHalfWidth="0" --setupCostCoefficient="0" --outsourcingModel="none" --outsourcingUnitRate="1" --discountStrength="0" --timeLimitSeconds="10800" --maxNodes="100000"	${WORKSPACE}/experiment-suite/formal-v1/runs/pricing-comparison/pricing-wet040_001_2m-a10-w0-sc0-time_indexed	seed-wet040_001_2m-a10-w0-sc0	pricing-comparison
pricing-wet040_001_2m-a10-w0-sc0-time_indexed_sri	HEU.FormalExperimentRunner	--action="solve" --runId="pricing-wet040_001_2m-a10-w0-sc0-time_indexed_sri" --instance="${WORKSPACE}/experiment-suite/formal-v1/instances/40-2/wet040_001_2m_timeX10.dat" --algorithm="TIME_INDEXED_SRI" --outputDir="${WORKSPACE}/experiment-suite/formal-v1/runs/pricing-comparison/pricing-wet040_001_2m-a10-w0-sc0-time_indexed_sri" --seedFile="${WORKSPACE}/experiment-suite/formal-v1/seeds/wet040_001_2m-a10-w0-sc0.seed" --dueWindowHalfWidth="0" --setupCostCoefficient="0" --outsourcingModel="none" --outsourcingUnitRate="1" --discountStrength="0" --timeLimitSeconds="10800" --maxNodes="100000"	${WORKSPACE}/experiment-suite/formal-v1/runs/pricing-comparison/pricing-wet040_001_2m-a10-w0-sc0-time_indexed_sri	seed-wet040_001_2m-a10-w0-sc0	pricing-comparison
seed-wet040_001_2m-a10-w1032-sc0	HEU.FormalExperimentRunner	--action="seed" --runId="seed-wet040_001_2m-a10-w1032-sc0" --instance="${WORKSPACE}/experiment-suite/formal-v1/instances/40-2/wet040_001_2m_timeX10.dat" --seedFile="${WORKSPACE}/experiment-suite/formal-v1/seeds/wet040_001_2m-a10-w1032-sc0.seed" --outputDir="${WORKSPACE}/experiment-suite/formal-v1/runs/seed-wet040_001_2m-a10-w1032-sc0" --dueWindowHalfWidth="1032" --setupCostCoefficient="0"	${WORKSPACE}/experiment-suite/formal-v1/runs/seed-wet040_001_2m-a10-w1032-sc0		seed
pricing-wet040_001_2m-a10-w1032-sc0-ng_dssr	HEU.FormalExperimentRunner	--action="solve" --runId="pricing-wet040_001_2m-a10-w1032-sc0-ng_dssr" --instance="${WORKSPACE}/experiment-suite/formal-v1/instances/40-2/wet040_001_2m_timeX10.dat" --algorithm="NG_DSSR" --outputDir="${WORKSPACE}/experiment-suite/formal-v1/runs/pricing-comparison/pricing-wet040_001_2m-a10-w1032-sc0-ng_dssr" --seedFile="${WORKSPACE}/experiment-suite/formal-v1/seeds/wet040_001_2m-a10-w1032-sc0.seed" --dueWindowHalfWidth="1032" --setupCostCoefficient="0" --outsourcingModel="none" --outsourcingUnitRate="1" --discountStrength="0" --timeLimitSeconds="10800" --maxNodes="100000"	${WORKSPACE}/experiment-suite/formal-v1/runs/pricing-comparison/pricing-wet040_001_2m-a10-w1032-sc0-ng_dssr	seed-wet040_001_2m-a10-w1032-sc0	pricing-comparison
pricing-wet040_001_2m-a10-w1032-sc0-time_indexed	HEU.FormalExperimentRunner	--action="solve" --runId="pricing-wet040_001_2m-a10-w1032-sc0-time_indexed" --instance="${WORKSPACE}/experiment-suite/formal-v1/instances/40-2/wet040_001_2m_timeX10.dat" --algorithm="TIME_INDEXED" --outputDir="${WORKSPACE}/experiment-suite/formal-v1/runs/pricing-comparison/pricing-wet040_001_2m-a10-w1032-sc0-time_indexed" --seedFile="${WORKSPACE}/experiment-suite/formal-v1/seeds/wet040_001_2m-a10-w1032-sc0.seed" --dueWindowHalfWidth="1032" --setupCostCoefficient="0" --outsourcingModel="none" --outsourcingUnitRate="1" --discountStrength="0" --timeLimitSeconds="10800" --maxNodes="100000"	${WORKSPACE}/experiment-suite/formal-v1/runs/pricing-comparison/pricing-wet040_001_2m-a10-w1032-sc0-time_indexed	seed-wet040_001_2m-a10-w1032-sc0	pricing-comparison
pricing-wet040_001_2m-a10-w1032-sc0-time_indexed_sri	HEU.FormalExperimentRunner	--action="solve" --runId="pricing-wet040_001_2m-a10-w1032-sc0-time_indexed_sri" --instance="${WORKSPACE}/experiment-suite/formal-v1/instances/40-2/wet040_001_2m_timeX10.dat" --algorithm="TIME_INDEXED_SRI" --outputDir="${WORKSPACE}/experiment-suite/formal-v1/runs/pricing-comparison/pricing-wet040_001_2m-a10-w1032-sc0-time_indexed_sri" --seedFile="${WORKSPACE}/experiment-suite/formal-v1/seeds/wet040_001_2m-a10-w1032-sc0.seed" --dueWindowHalfWidth="1032" --setupCostCoefficient="0" --outsourcingModel="none" --outsourcingUnitRate="1" --discountStrength="0" --timeLimitSeconds="10800" --maxNodes="100000"	${WORKSPACE}/experiment-suite/formal-v1/runs/pricing-comparison/pricing-wet040_001_2m-a10-w1032-sc0-time_indexed_sri	seed-wet040_001_2m-a10-w1032-sc0	pricing-comparison
seed-wet040_001_2m-a10-w3098-sc0	HEU.FormalExperimentRunner	--action="seed" --runId="seed-wet040_001_2m-a10-w3098-sc0" --instance="${WORKSPACE}/experiment-suite/formal-v1/instances/40-2/wet040_001_2m_timeX10.dat" --seedFile="${WORKSPACE}/experiment-suite/formal-v1/seeds/wet040_001_2m-a10-w3098-sc0.seed" --outputDir="${WORKSPACE}/experiment-suite/formal-v1/runs/seed-wet040_001_2m-a10-w3098-sc0" --dueWindowHalfWidth="3098" --setupCostCoefficient="0"	${WORKSPACE}/experiment-suite/formal-v1/runs/seed-wet040_001_2m-a10-w3098-sc0		seed
pricing-wet040_001_2m-a10-w3098-sc0-ng_dssr	HEU.FormalExperimentRunner	--action="solve" --runId="pricing-wet040_001_2m-a10-w3098-sc0-ng_dssr" --instance="${WORKSPACE}/experiment-suite/formal-v1/instances/40-2/wet040_001_2m_timeX10.dat" --algorithm="NG_DSSR" --outputDir="${WORKSPACE}/experiment-suite/formal-v1/runs/pricing-comparison/pricing-wet040_001_2m-a10-w3098-sc0-ng_dssr" --seedFile="${WORKSPACE}/experiment-suite/formal-v1/seeds/wet040_001_2m-a10-w3098-sc0.seed" --dueWindowHalfWidth="3098" --setupCostCoefficient="0" --outsourcingModel="none" --outsourcingUnitRate="1" --discountStrength="0" --timeLimitSeconds="10800" --maxNodes="100000"	${WORKSPACE}/experiment-suite/formal-v1/runs/pricing-comparison/pricing-wet040_001_2m-a10-w3098-sc0-ng_dssr	seed-wet040_001_2m-a10-w3098-sc0	pricing-comparison
pricing-wet040_001_2m-a10-w3098-sc0-time_indexed	HEU.FormalExperimentRunner	--action="solve" --runId="pricing-wet040_001_2m-a10-w3098-sc0-time_indexed" --instance="${WORKSPACE}/experiment-suite/formal-v1/instances/40-2/wet040_001_2m_timeX10.dat" --algorithm="TIME_INDEXED" --outputDir="${WORKSPACE}/experiment-suite/formal-v1/runs/pricing-comparison/pricing-wet040_001_2m-a10-w3098-sc0-time_indexed" --seedFile="${WORKSPACE}/experiment-suite/formal-v1/seeds/wet040_001_2m-a10-w3098-sc0.seed" --dueWindowHalfWidth="3098" --setupCostCoefficient="0" --outsourcingModel="none" --outsourcingUnitRate="1" --discountStrength="0" --timeLimitSeconds="10800" --maxNodes="100000"	${WORKSPACE}/experiment-suite/formal-v1/runs/pricing-comparison/pricing-wet040_001_2m-a10-w3098-sc0-time_indexed	seed-wet040_001_2m-a10-w3098-sc0	pricing-comparison
pricing-wet040_001_2m-a10-w3098-sc0-time_indexed_sri	HEU.FormalExperimentRunner	--action="solve" --runId="pricing-wet040_001_2m-a10-w3098-sc0-time_indexed_sri" --instance="${WORKSPACE}/experiment-suite/formal-v1/instances/40-2/wet040_001_2m_timeX10.dat" --algorithm="TIME_INDEXED_SRI" --outputDir="${WORKSPACE}/experiment-suite/formal-v1/runs/pricing-comparison/pricing-wet040_001_2m-a10-w3098-sc0-time_indexed_sri" --seedFile="${WORKSPACE}/experiment-suite/formal-v1/seeds/wet040_001_2m-a10-w3098-sc0.seed" --dueWindowHalfWidth="3098" --setupCostCoefficient="0" --outsourcingModel="none" --outsourcingUnitRate="1" --discountStrength="0" --timeLimitSeconds="10800" --maxNodes="100000"	${WORKSPACE}/experiment-suite/formal-v1/runs/pricing-comparison/pricing-wet040_001_2m-a10-w3098-sc0-time_indexed_sri	seed-wet040_001_2m-a10-w3098-sc0	pricing-comparison
seed-wet040_002_2m-a1-w0-sc0	HEU.FormalExperimentRunner	--action="seed" --runId="seed-wet040_002_2m-a1-w0-sc0" --instance="${WORKSPACE}/data/40-2/wet040_002_2m.dat" --seedFile="${WORKSPACE}/experiment-suite/formal-v1/seeds/wet040_002_2m-a1-w0-sc0.seed" --outputDir="${WORKSPACE}/experiment-suite/formal-v1/runs/seed-wet040_002_2m-a1-w0-sc0" --dueWindowHalfWidth="0" --setupCostCoefficient="0"	${WORKSPACE}/experiment-suite/formal-v1/runs/seed-wet040_002_2m-a1-w0-sc0		seed
pricing-wet040_002_2m-a1-w0-sc0-ng_dssr	HEU.FormalExperimentRunner	--action="solve" --runId="pricing-wet040_002_2m-a1-w0-sc0-ng_dssr" --instance="${WORKSPACE}/data/40-2/wet040_002_2m.dat" --algorithm="NG_DSSR" --outputDir="${WORKSPACE}/experiment-suite/formal-v1/runs/pricing-comparison/pricing-wet040_002_2m-a1-w0-sc0-ng_dssr" --seedFile="${WORKSPACE}/experiment-suite/formal-v1/seeds/wet040_002_2m-a1-w0-sc0.seed" --dueWindowHalfWidth="0" --setupCostCoefficient="0" --outsourcingModel="none" --outsourcingUnitRate="1" --discountStrength="0" --timeLimitSeconds="10800" --maxNodes="100000"	${WORKSPACE}/experiment-suite/formal-v1/runs/pricing-comparison/pricing-wet040_002_2m-a1-w0-sc0-ng_dssr	seed-wet040_002_2m-a1-w0-sc0	pricing-comparison
pricing-wet040_002_2m-a1-w0-sc0-time_indexed	HEU.FormalExperimentRunner	--action="solve" --runId="pricing-wet040_002_2m-a1-w0-sc0-time_indexed" --instance="${WORKSPACE}/data/40-2/wet040_002_2m.dat" --algorithm="TIME_INDEXED" --outputDir="${WORKSPACE}/experiment-suite/formal-v1/runs/pricing-comparison/pricing-wet040_002_2m-a1-w0-sc0-time_indexed" --seedFile="${WORKSPACE}/experiment-suite/formal-v1/seeds/wet040_002_2m-a1-w0-sc0.seed" --dueWindowHalfWidth="0" --setupCostCoefficient="0" --outsourcingModel="none" --outsourcingUnitRate="1" --discountStrength="0" --timeLimitSeconds="10800" --maxNodes="100000"	${WORKSPACE}/experiment-suite/formal-v1/runs/pricing-comparison/pricing-wet040_002_2m-a1-w0-sc0-time_indexed	seed-wet040_002_2m-a1-w0-sc0	pricing-comparison
pricing-wet040_002_2m-a1-w0-sc0-time_indexed_sri	HEU.FormalExperimentRunner	--action="solve" --runId="pricing-wet040_002_2m-a1-w0-sc0-time_indexed_sri" --instance="${WORKSPACE}/data/40-2/wet040_002_2m.dat" --algorithm="TIME_INDEXED_SRI" --outputDir="${WORKSPACE}/experiment-suite/formal-v1/runs/pricing-comparison/pricing-wet040_002_2m-a1-w0-sc0-time_indexed_sri" --seedFile="${WORKSPACE}/experiment-suite/formal-v1/seeds/wet040_002_2m-a1-w0-sc0.seed" --dueWindowHalfWidth="0" --setupCostCoefficient="0" --outsourcingModel="none" --outsourcingUnitRate="1" --discountStrength="0" --timeLimitSeconds="10800" --maxNodes="100000"	${WORKSPACE}/experiment-suite/formal-v1/runs/pricing-comparison/pricing-wet040_002_2m-a1-w0-sc0-time_indexed_sri	seed-wet040_002_2m-a1-w0-sc0	pricing-comparison
seed-wet040_002_2m-a1-w102-sc0	HEU.FormalExperimentRunner	--action="seed" --runId="seed-wet040_002_2m-a1-w102-sc0" --instance="${WORKSPACE}/data/40-2/wet040_002_2m.dat" --seedFile="${WORKSPACE}/experiment-suite/formal-v1/seeds/wet040_002_2m-a1-w102-sc0.seed" --outputDir="${WORKSPACE}/experiment-suite/formal-v1/runs/seed-wet040_002_2m-a1-w102-sc0" --dueWindowHalfWidth="102" --setupCostCoefficient="0"	${WORKSPACE}/experiment-suite/formal-v1/runs/seed-wet040_002_2m-a1-w102-sc0		seed
pricing-wet040_002_2m-a1-w102-sc0-ng_dssr	HEU.FormalExperimentRunner	--action="solve" --runId="pricing-wet040_002_2m-a1-w102-sc0-ng_dssr" --instance="${WORKSPACE}/data/40-2/wet040_002_2m.dat" --algorithm="NG_DSSR" --outputDir="${WORKSPACE}/experiment-suite/formal-v1/runs/pricing-comparison/pricing-wet040_002_2m-a1-w102-sc0-ng_dssr" --seedFile="${WORKSPACE}/experiment-suite/formal-v1/seeds/wet040_002_2m-a1-w102-sc0.seed" --dueWindowHalfWidth="102" --setupCostCoefficient="0" --outsourcingModel="none" --outsourcingUnitRate="1" --discountStrength="0" --timeLimitSeconds="10800" --maxNodes="100000"	${WORKSPACE}/experiment-suite/formal-v1/runs/pricing-comparison/pricing-wet040_002_2m-a1-w102-sc0-ng_dssr	seed-wet040_002_2m-a1-w102-sc0	pricing-comparison
pricing-wet040_002_2m-a1-w102-sc0-time_indexed	HEU.FormalExperimentRunner	--action="solve" --runId="pricing-wet040_002_2m-a1-w102-sc0-time_indexed" --instance="${WORKSPACE}/data/40-2/wet040_002_2m.dat" --algorithm="TIME_INDEXED" --outputDir="${WORKSPACE}/experiment-suite/formal-v1/runs/pricing-comparison/pricing-wet040_002_2m-a1-w102-sc0-time_indexed" --seedFile="${WORKSPACE}/experiment-suite/formal-v1/seeds/wet040_002_2m-a1-w102-sc0.seed" --dueWindowHalfWidth="102" --setupCostCoefficient="0" --outsourcingModel="none" --outsourcingUnitRate="1" --discountStrength="0" --timeLimitSeconds="10800" --maxNodes="100000"	${WORKSPACE}/experiment-suite/formal-v1/runs/pricing-comparison/pricing-wet040_002_2m-a1-w102-sc0-time_indexed	seed-wet040_002_2m-a1-w102-sc0	pricing-comparison
pricing-wet040_002_2m-a1-w102-sc0-time_indexed_sri	HEU.FormalExperimentRunner	--action="solve" --runId="pricing-wet040_002_2m-a1-w102-sc0-time_indexed_sri" --instance="${WORKSPACE}/data/40-2/wet040_002_2m.dat" --algorithm="TIME_INDEXED_SRI" --outputDir="${WORKSPACE}/experiment-suite/formal-v1/runs/pricing-comparison/pricing-wet040_002_2m-a1-w102-sc0-time_indexed_sri" --seedFile="${WORKSPACE}/experiment-suite/formal-v1/seeds/wet040_002_2m-a1-w102-sc0.seed" --dueWindowHalfWidth="102" --setupCostCoefficient="0" --outsourcingModel="none" --outsourcingUnitRate="1" --discountStrength="0" --timeLimitSeconds="10800" --maxNodes="100000"	${WORKSPACE}/experiment-suite/formal-v1/runs/pricing-comparison/pricing-wet040_002_2m-a1-w102-sc0-time_indexed_sri	seed-wet040_002_2m-a1-w102-sc0	pricing-comparison
seed-wet040_002_2m-a1-w306-sc0	HEU.FormalExperimentRunner	--action="seed" --runId="seed-wet040_002_2m-a1-w306-sc0" --instance="${WORKSPACE}/data/40-2/wet040_002_2m.dat" --seedFile="${WORKSPACE}/experiment-suite/formal-v1/seeds/wet040_002_2m-a1-w306-sc0.seed" --outputDir="${WORKSPACE}/experiment-suite/formal-v1/runs/seed-wet040_002_2m-a1-w306-sc0" --dueWindowHalfWidth="306" --setupCostCoefficient="0"	${WORKSPACE}/experiment-suite/formal-v1/runs/seed-wet040_002_2m-a1-w306-sc0		seed
pricing-wet040_002_2m-a1-w306-sc0-ng_dssr	HEU.FormalExperimentRunner	--action="solve" --runId="pricing-wet040_002_2m-a1-w306-sc0-ng_dssr" --instance="${WORKSPACE}/data/40-2/wet040_002_2m.dat" --algorithm="NG_DSSR" --outputDir="${WORKSPACE}/experiment-suite/formal-v1/runs/pricing-comparison/pricing-wet040_002_2m-a1-w306-sc0-ng_dssr" --seedFile="${WORKSPACE}/experiment-suite/formal-v1/seeds/wet040_002_2m-a1-w306-sc0.seed" --dueWindowHalfWidth="306" --setupCostCoefficient="0" --outsourcingModel="none" --outsourcingUnitRate="1" --discountStrength="0" --timeLimitSeconds="10800" --maxNodes="100000"	${WORKSPACE}/experiment-suite/formal-v1/runs/pricing-comparison/pricing-wet040_002_2m-a1-w306-sc0-ng_dssr	seed-wet040_002_2m-a1-w306-sc0	pricing-comparison
pricing-wet040_002_2m-a1-w306-sc0-time_indexed	HEU.FormalExperimentRunner	--action="solve" --runId="pricing-wet040_002_2m-a1-w306-sc0-time_indexed" --instance="${WORKSPACE}/data/40-2/wet040_002_2m.dat" --algorithm="TIME_INDEXED" --outputDir="${WORKSPACE}/experiment-suite/formal-v1/runs/pricing-comparison/pricing-wet040_002_2m-a1-w306-sc0-time_indexed" --seedFile="${WORKSPACE}/experiment-suite/formal-v1/seeds/wet040_002_2m-a1-w306-sc0.seed" --dueWindowHalfWidth="306" --setupCostCoefficient="0" --outsourcingModel="none" --outsourcingUnitRate="1" --discountStrength="0" --timeLimitSeconds="10800" --maxNodes="100000"	${WORKSPACE}/experiment-suite/formal-v1/runs/pricing-comparison/pricing-wet040_002_2m-a1-w306-sc0-time_indexed	seed-wet040_002_2m-a1-w306-sc0	pricing-comparison
pricing-wet040_002_2m-a1-w306-sc0-time_indexed_sri	HEU.FormalExperimentRunner	--action="solve" --runId="pricing-wet040_002_2m-a1-w306-sc0-time_indexed_sri" --instance="${WORKSPACE}/data/40-2/wet040_002_2m.dat" --algorithm="TIME_INDEXED_SRI" --outputDir="${WORKSPACE}/experiment-suite/formal-v1/runs/pricing-comparison/pricing-wet040_002_2m-a1-w306-sc0-time_indexed_sri" --seedFile="${WORKSPACE}/experiment-suite/formal-v1/seeds/wet040_002_2m-a1-w306-sc0.seed" --dueWindowHalfWidth="306" --setupCostCoefficient="0" --outsourcingModel="none" --outsourcingUnitRate="1" --discountStrength="0" --timeLimitSeconds="10800" --maxNodes="100000"	${WORKSPACE}/experiment-suite/formal-v1/runs/pricing-comparison/pricing-wet040_002_2m-a1-w306-sc0-time_indexed_sri	seed-wet040_002_2m-a1-w306-sc0	pricing-comparison
seed-wet040_002_2m-a5-w0-sc0	HEU.FormalExperimentRunner	--action="seed" --runId="seed-wet040_002_2m-a5-w0-sc0" --instance="${WORKSPACE}/experiment-suite/formal-v1/instances/40-2/wet040_002_2m_timeX5.dat" --seedFile="${WORKSPACE}/experiment-suite/formal-v1/seeds/wet040_002_2m-a5-w0-sc0.seed" --outputDir="${WORKSPACE}/experiment-suite/formal-v1/runs/seed-wet040_002_2m-a5-w0-sc0" --dueWindowHalfWidth="0" --setupCostCoefficient="0"	${WORKSPACE}/experiment-suite/formal-v1/runs/seed-wet040_002_2m-a5-w0-sc0		seed
pricing-wet040_002_2m-a5-w0-sc0-ng_dssr	HEU.FormalExperimentRunner	--action="solve" --runId="pricing-wet040_002_2m-a5-w0-sc0-ng_dssr" --instance="${WORKSPACE}/experiment-suite/formal-v1/instances/40-2/wet040_002_2m_timeX5.dat" --algorithm="NG_DSSR" --outputDir="${WORKSPACE}/experiment-suite/formal-v1/runs/pricing-comparison/pricing-wet040_002_2m-a5-w0-sc0-ng_dssr" --seedFile="${WORKSPACE}/experiment-suite/formal-v1/seeds/wet040_002_2m-a5-w0-sc0.seed" --dueWindowHalfWidth="0" --setupCostCoefficient="0" --outsourcingModel="none" --outsourcingUnitRate="1" --discountStrength="0" --timeLimitSeconds="10800" --maxNodes="100000"	${WORKSPACE}/experiment-suite/formal-v1/runs/pricing-comparison/pricing-wet040_002_2m-a5-w0-sc0-ng_dssr	seed-wet040_002_2m-a5-w0-sc0	pricing-comparison
pricing-wet040_002_2m-a5-w0-sc0-time_indexed	HEU.FormalExperimentRunner	--action="solve" --runId="pricing-wet040_002_2m-a5-w0-sc0-time_indexed" --instance="${WORKSPACE}/experiment-suite/formal-v1/instances/40-2/wet040_002_2m_timeX5.dat" --algorithm="TIME_INDEXED" --outputDir="${WORKSPACE}/experiment-suite/formal-v1/runs/pricing-comparison/pricing-wet040_002_2m-a5-w0-sc0-time_indexed" --seedFile="${WORKSPACE}/experiment-suite/formal-v1/seeds/wet040_002_2m-a5-w0-sc0.seed" --dueWindowHalfWidth="0" --setupCostCoefficient="0" --outsourcingModel="none" --outsourcingUnitRate="1" --discountStrength="0" --timeLimitSeconds="10800" --maxNodes="100000"	${WORKSPACE}/experiment-suite/formal-v1/runs/pricing-comparison/pricing-wet040_002_2m-a5-w0-sc0-time_indexed	seed-wet040_002_2m-a5-w0-sc0	pricing-comparison
pricing-wet040_002_2m-a5-w0-sc0-time_indexed_sri	HEU.FormalExperimentRunner	--action="solve" --runId="pricing-wet040_002_2m-a5-w0-sc0-time_indexed_sri" --instance="${WORKSPACE}/experiment-suite/formal-v1/instances/40-2/wet040_002_2m_timeX5.dat" --algorithm="TIME_INDEXED_SRI" --outputDir="${WORKSPACE}/experiment-suite/formal-v1/runs/pricing-comparison/pricing-wet040_002_2m-a5-w0-sc0-time_indexed_sri" --seedFile="${WORKSPACE}/experiment-suite/formal-v1/seeds/wet040_002_2m-a5-w0-sc0.seed" --dueWindowHalfWidth="0" --setupCostCoefficient="0" --outsourcingModel="none" --outsourcingUnitRate="1" --discountStrength="0" --timeLimitSeconds="10800" --maxNodes="100000"	${WORKSPACE}/experiment-suite/formal-v1/runs/pricing-comparison/pricing-wet040_002_2m-a5-w0-sc0-time_indexed_sri	seed-wet040_002_2m-a5-w0-sc0	pricing-comparison
seed-wet040_002_2m-a5-w510-sc0	HEU.FormalExperimentRunner	--action="seed" --runId="seed-wet040_002_2m-a5-w510-sc0" --instance="${WORKSPACE}/experiment-suite/formal-v1/instances/40-2/wet040_002_2m_timeX5.dat" --seedFile="${WORKSPACE}/experiment-suite/formal-v1/seeds/wet040_002_2m-a5-w510-sc0.seed" --outputDir="${WORKSPACE}/experiment-suite/formal-v1/runs/seed-wet040_002_2m-a5-w510-sc0" --dueWindowHalfWidth="510" --setupCostCoefficient="0"	${WORKSPACE}/experiment-suite/formal-v1/runs/seed-wet040_002_2m-a5-w510-sc0		seed
pricing-wet040_002_2m-a5-w510-sc0-ng_dssr	HEU.FormalExperimentRunner	--action="solve" --runId="pricing-wet040_002_2m-a5-w510-sc0-ng_dssr" --instance="${WORKSPACE}/experiment-suite/formal-v1/instances/40-2/wet040_002_2m_timeX5.dat" --algorithm="NG_DSSR" --outputDir="${WORKSPACE}/experiment-suite/formal-v1/runs/pricing-comparison/pricing-wet040_002_2m-a5-w510-sc0-ng_dssr" --seedFile="${WORKSPACE}/experiment-suite/formal-v1/seeds/wet040_002_2m-a5-w510-sc0.seed" --dueWindowHalfWidth="510" --setupCostCoefficient="0" --outsourcingModel="none" --outsourcingUnitRate="1" --discountStrength="0" --timeLimitSeconds="10800" --maxNodes="100000"	${WORKSPACE}/experiment-suite/formal-v1/runs/pricing-comparison/pricing-wet040_002_2m-a5-w510-sc0-ng_dssr	seed-wet040_002_2m-a5-w510-sc0	pricing-comparison
pricing-wet040_002_2m-a5-w510-sc0-time_indexed	HEU.FormalExperimentRunner	--action="solve" --runId="pricing-wet040_002_2m-a5-w510-sc0-time_indexed" --instance="${WORKSPACE}/experiment-suite/formal-v1/instances/40-2/wet040_002_2m_timeX5.dat" --algorithm="TIME_INDEXED" --outputDir="${WORKSPACE}/experiment-suite/formal-v1/runs/pricing-comparison/pricing-wet040_002_2m-a5-w510-sc0-time_indexed" --seedFile="${WORKSPACE}/experiment-suite/formal-v1/seeds/wet040_002_2m-a5-w510-sc0.seed" --dueWindowHalfWidth="510" --setupCostCoefficient="0" --outsourcingModel="none" --outsourcingUnitRate="1" --discountStrength="0" --timeLimitSeconds="10800" --maxNodes="100000"	${WORKSPACE}/experiment-suite/formal-v1/runs/pricing-comparison/pricing-wet040_002_2m-a5-w510-sc0-time_indexed	seed-wet040_002_2m-a5-w510-sc0	pricing-comparison
pricing-wet040_002_2m-a5-w510-sc0-time_indexed_sri	HEU.FormalExperimentRunner	--action="solve" --runId="pricing-wet040_002_2m-a5-w510-sc0-time_indexed_sri" --instance="${WORKSPACE}/experiment-suite/formal-v1/instances/40-2/wet040_002_2m_timeX5.dat" --algorithm="TIME_INDEXED_SRI" --outputDir="${WORKSPACE}/experiment-suite/formal-v1/runs/pricing-comparison/pricing-wet040_002_2m-a5-w510-sc0-time_indexed_sri" --seedFile="${WORKSPACE}/experiment-suite/formal-v1/seeds/wet040_002_2m-a5-w510-sc0.seed" --dueWindowHalfWidth="510" --setupCostCoefficient="0" --outsourcingModel="none" --outsourcingUnitRate="1" --discountStrength="0" --timeLimitSeconds="10800" --maxNodes="100000"	${WORKSPACE}/experiment-suite/formal-v1/runs/pricing-comparison/pricing-wet040_002_2m-a5-w510-sc0-time_indexed_sri	seed-wet040_002_2m-a5-w510-sc0	pricing-comparison
seed-wet040_002_2m-a5-w1529-sc0	HEU.FormalExperimentRunner	--action="seed" --runId="seed-wet040_002_2m-a5-w1529-sc0" --instance="${WORKSPACE}/experiment-suite/formal-v1/instances/40-2/wet040_002_2m_timeX5.dat" --seedFile="${WORKSPACE}/experiment-suite/formal-v1/seeds/wet040_002_2m-a5-w1529-sc0.seed" --outputDir="${WORKSPACE}/experiment-suite/formal-v1/runs/seed-wet040_002_2m-a5-w1529-sc0" --dueWindowHalfWidth="1529" --setupCostCoefficient="0"	${WORKSPACE}/experiment-suite/formal-v1/runs/seed-wet040_002_2m-a5-w1529-sc0		seed
pricing-wet040_002_2m-a5-w1529-sc0-ng_dssr	HEU.FormalExperimentRunner	--action="solve" --runId="pricing-wet040_002_2m-a5-w1529-sc0-ng_dssr" --instance="${WORKSPACE}/experiment-suite/formal-v1/instances/40-2/wet040_002_2m_timeX5.dat" --algorithm="NG_DSSR" --outputDir="${WORKSPACE}/experiment-suite/formal-v1/runs/pricing-comparison/pricing-wet040_002_2m-a5-w1529-sc0-ng_dssr" --seedFile="${WORKSPACE}/experiment-suite/formal-v1/seeds/wet040_002_2m-a5-w1529-sc0.seed" --dueWindowHalfWidth="1529" --setupCostCoefficient="0" --outsourcingModel="none" --outsourcingUnitRate="1" --discountStrength="0" --timeLimitSeconds="10800" --maxNodes="100000"	${WORKSPACE}/experiment-suite/formal-v1/runs/pricing-comparison/pricing-wet040_002_2m-a5-w1529-sc0-ng_dssr	seed-wet040_002_2m-a5-w1529-sc0	pricing-comparison
pricing-wet040_002_2m-a5-w1529-sc0-time_indexed	HEU.FormalExperimentRunner	--action="solve" --runId="pricing-wet040_002_2m-a5-w1529-sc0-time_indexed" --instance="${WORKSPACE}/experiment-suite/formal-v1/instances/40-2/wet040_002_2m_timeX5.dat" --algorithm="TIME_INDEXED" --outputDir="${WORKSPACE}/experiment-suite/formal-v1/runs/pricing-comparison/pricing-wet040_002_2m-a5-w1529-sc0-time_indexed" --seedFile="${WORKSPACE}/experiment-suite/formal-v1/seeds/wet040_002_2m-a5-w1529-sc0.seed" --dueWindowHalfWidth="1529" --setupCostCoefficient="0" --outsourcingModel="none" --outsourcingUnitRate="1" --discountStrength="0" --timeLimitSeconds="10800" --maxNodes="100000"	${WORKSPACE}/experiment-suite/formal-v1/runs/pricing-comparison/pricing-wet040_002_2m-a5-w1529-sc0-time_indexed	seed-wet040_002_2m-a5-w1529-sc0	pricing-comparison
pricing-wet040_002_2m-a5-w1529-sc0-time_indexed_sri	HEU.FormalExperimentRunner	--action="solve" --runId="pricing-wet040_002_2m-a5-w1529-sc0-time_indexed_sri" --instance="${WORKSPACE}/experiment-suite/formal-v1/instances/40-2/wet040_002_2m_timeX5.dat" --algorithm="TIME_INDEXED_SRI" --outputDir="${WORKSPACE}/experiment-suite/formal-v1/runs/pricing-comparison/pricing-wet040_002_2m-a5-w1529-sc0-time_indexed_sri" --seedFile="${WORKSPACE}/experiment-suite/formal-v1/seeds/wet040_002_2m-a5-w1529-sc0.seed" --dueWindowHalfWidth="1529" --setupCostCoefficient="0" --outsourcingModel="none" --outsourcingUnitRate="1" --discountStrength="0" --timeLimitSeconds="10800" --maxNodes="100000"	${WORKSPACE}/experiment-suite/formal-v1/runs/pricing-comparison/pricing-wet040_002_2m-a5-w1529-sc0-time_indexed_sri	seed-wet040_002_2m-a5-w1529-sc0	pricing-comparison
seed-wet040_002_2m-a10-w0-sc0	HEU.FormalExperimentRunner	--action="seed" --runId="seed-wet040_002_2m-a10-w0-sc0" --instance="${WORKSPACE}/experiment-suite/formal-v1/instances/40-2/wet040_002_2m_timeX10.dat" --seedFile="${WORKSPACE}/experiment-suite/formal-v1/seeds/wet040_002_2m-a10-w0-sc0.seed" --outputDir="${WORKSPACE}/experiment-suite/formal-v1/runs/seed-wet040_002_2m-a10-w0-sc0" --dueWindowHalfWidth="0" --setupCostCoefficient="0"	${WORKSPACE}/experiment-suite/formal-v1/runs/seed-wet040_002_2m-a10-w0-sc0		seed
pricing-wet040_002_2m-a10-w0-sc0-ng_dssr	HEU.FormalExperimentRunner	--action="solve" --runId="pricing-wet040_002_2m-a10-w0-sc0-ng_dssr" --instance="${WORKSPACE}/experiment-suite/formal-v1/instances/40-2/wet040_002_2m_timeX10.dat" --algorithm="NG_DSSR" --outputDir="${WORKSPACE}/experiment-suite/formal-v1/runs/pricing-comparison/pricing-wet040_002_2m-a10-w0-sc0-ng_dssr" --seedFile="${WORKSPACE}/experiment-suite/formal-v1/seeds/wet040_002_2m-a10-w0-sc0.seed" --dueWindowHalfWidth="0" --setupCostCoefficient="0" --outsourcingModel="none" --outsourcingUnitRate="1" --discountStrength="0" --timeLimitSeconds="10800" --maxNodes="100000"	${WORKSPACE}/experiment-suite/formal-v1/runs/pricing-comparison/pricing-wet040_002_2m-a10-w0-sc0-ng_dssr	seed-wet040_002_2m-a10-w0-sc0	pricing-comparison
pricing-wet040_002_2m-a10-w0-sc0-time_indexed	HEU.FormalExperimentRunner	--action="solve" --runId="pricing-wet040_002_2m-a10-w0-sc0-time_indexed" --instance="${WORKSPACE}/experiment-suite/formal-v1/instances/40-2/wet040_002_2m_timeX10.dat" --algorithm="TIME_INDEXED" --outputDir="${WORKSPACE}/experiment-suite/formal-v1/runs/pricing-comparison/pricing-wet040_002_2m-a10-w0-sc0-time_indexed" --seedFile="${WORKSPACE}/experiment-suite/formal-v1/seeds/wet040_002_2m-a10-w0-sc0.seed" --dueWindowHalfWidth="0" --setupCostCoefficient="0" --outsourcingModel="none" --outsourcingUnitRate="1" --discountStrength="0" --timeLimitSeconds="10800" --maxNodes="100000"	${WORKSPACE}/experiment-suite/formal-v1/runs/pricing-comparison/pricing-wet040_002_2m-a10-w0-sc0-time_indexed	seed-wet040_002_2m-a10-w0-sc0	pricing-comparison
pricing-wet040_002_2m-a10-w0-sc0-time_indexed_sri	HEU.FormalExperimentRunner	--action="solve" --runId="pricing-wet040_002_2m-a10-w0-sc0-time_indexed_sri" --instance="${WORKSPACE}/experiment-suite/formal-v1/instances/40-2/wet040_002_2m_timeX10.dat" --algorithm="TIME_INDEXED_SRI" --outputDir="${WORKSPACE}/experiment-suite/formal-v1/runs/pricing-comparison/pricing-wet040_002_2m-a10-w0-sc0-time_indexed_sri" --seedFile="${WORKSPACE}/experiment-suite/formal-v1/seeds/wet040_002_2m-a10-w0-sc0.seed" --dueWindowHalfWidth="0" --setupCostCoefficient="0" --outsourcingModel="none" --outsourcingUnitRate="1" --discountStrength="0" --timeLimitSeconds="10800" --maxNodes="100000"	${WORKSPACE}/experiment-suite/formal-v1/runs/pricing-comparison/pricing-wet040_002_2m-a10-w0-sc0-time_indexed_sri	seed-wet040_002_2m-a10-w0-sc0	pricing-comparison
seed-wet040_002_2m-a10-w1020-sc0	HEU.FormalExperimentRunner	--action="seed" --runId="seed-wet040_002_2m-a10-w1020-sc0" --instance="${WORKSPACE}/experiment-suite/formal-v1/instances/40-2/wet040_002_2m_timeX10.dat" --seedFile="${WORKSPACE}/experiment-suite/formal-v1/seeds/wet040_002_2m-a10-w1020-sc0.seed" --outputDir="${WORKSPACE}/experiment-suite/formal-v1/runs/seed-wet040_002_2m-a10-w1020-sc0" --dueWindowHalfWidth="1020" --setupCostCoefficient="0"	${WORKSPACE}/experiment-suite/formal-v1/runs/seed-wet040_002_2m-a10-w1020-sc0		seed
pricing-wet040_002_2m-a10-w1020-sc0-ng_dssr	HEU.FormalExperimentRunner	--action="solve" --runId="pricing-wet040_002_2m-a10-w1020-sc0-ng_dssr" --instance="${WORKSPACE}/experiment-suite/formal-v1/instances/40-2/wet040_002_2m_timeX10.dat" --algorithm="NG_DSSR" --outputDir="${WORKSPACE}/experiment-suite/formal-v1/runs/pricing-comparison/pricing-wet040_002_2m-a10-w1020-sc0-ng_dssr" --seedFile="${WORKSPACE}/experiment-suite/formal-v1/seeds/wet040_002_2m-a10-w1020-sc0.seed" --dueWindowHalfWidth="1020" --setupCostCoefficient="0" --outsourcingModel="none" --outsourcingUnitRate="1" --discountStrength="0" --timeLimitSeconds="10800" --maxNodes="100000"	${WORKSPACE}/experiment-suite/formal-v1/runs/pricing-comparison/pricing-wet040_002_2m-a10-w1020-sc0-ng_dssr	seed-wet040_002_2m-a10-w1020-sc0	pricing-comparison
pricing-wet040_002_2m-a10-w1020-sc0-time_indexed	HEU.FormalExperimentRunner	--action="solve" --runId="pricing-wet040_002_2m-a10-w1020-sc0-time_indexed" --instance="${WORKSPACE}/experiment-suite/formal-v1/instances/40-2/wet040_002_2m_timeX10.dat" --algorithm="TIME_INDEXED" --outputDir="${WORKSPACE}/experiment-suite/formal-v1/runs/pricing-comparison/pricing-wet040_002_2m-a10-w1020-sc0-time_indexed" --seedFile="${WORKSPACE}/experiment-suite/formal-v1/seeds/wet040_002_2m-a10-w1020-sc0.seed" --dueWindowHalfWidth="1020" --setupCostCoefficient="0" --outsourcingModel="none" --outsourcingUnitRate="1" --discountStrength="0" --timeLimitSeconds="10800" --maxNodes="100000"	${WORKSPACE}/experiment-suite/formal-v1/runs/pricing-comparison/pricing-wet040_002_2m-a10-w1020-sc0-time_indexed	seed-wet040_002_2m-a10-w1020-sc0	pricing-comparison
pricing-wet040_002_2m-a10-w1020-sc0-time_indexed_sri	HEU.FormalExperimentRunner	--action="solve" --runId="pricing-wet040_002_2m-a10-w1020-sc0-time_indexed_sri" --instance="${WORKSPACE}/experiment-suite/formal-v1/instances/40-2/wet040_002_2m_timeX10.dat" --algorithm="TIME_INDEXED_SRI" --outputDir="${WORKSPACE}/experiment-suite/formal-v1/runs/pricing-comparison/pricing-wet040_002_2m-a10-w1020-sc0-time_indexed_sri" --seedFile="${WORKSPACE}/experiment-suite/formal-v1/seeds/wet040_002_2m-a10-w1020-sc0.seed" --dueWindowHalfWidth="1020" --setupCostCoefficient="0" --outsourcingModel="none" --outsourcingUnitRate="1" --discountStrength="0" --timeLimitSeconds="10800" --maxNodes="100000"	${WORKSPACE}/experiment-suite/formal-v1/runs/pricing-comparison/pricing-wet040_002_2m-a10-w1020-sc0-time_indexed_sri	seed-wet040_002_2m-a10-w1020-sc0	pricing-comparison
seed-wet040_002_2m-a10-w3058-sc0	HEU.FormalExperimentRunner	--action="seed" --runId="seed-wet040_002_2m-a10-w3058-sc0" --instance="${WORKSPACE}/experiment-suite/formal-v1/instances/40-2/wet040_002_2m_timeX10.dat" --seedFile="${WORKSPACE}/experiment-suite/formal-v1/seeds/wet040_002_2m-a10-w3058-sc0.seed" --outputDir="${WORKSPACE}/experiment-suite/formal-v1/runs/seed-wet040_002_2m-a10-w3058-sc0" --dueWindowHalfWidth="3058" --setupCostCoefficient="0"	${WORKSPACE}/experiment-suite/formal-v1/runs/seed-wet040_002_2m-a10-w3058-sc0		seed
pricing-wet040_002_2m-a10-w3058-sc0-ng_dssr	HEU.FormalExperimentRunner	--action="solve" --runId="pricing-wet040_002_2m-a10-w3058-sc0-ng_dssr" --instance="${WORKSPACE}/experiment-suite/formal-v1/instances/40-2/wet040_002_2m_timeX10.dat" --algorithm="NG_DSSR" --outputDir="${WORKSPACE}/experiment-suite/formal-v1/runs/pricing-comparison/pricing-wet040_002_2m-a10-w3058-sc0-ng_dssr" --seedFile="${WORKSPACE}/experiment-suite/formal-v1/seeds/wet040_002_2m-a10-w3058-sc0.seed" --dueWindowHalfWidth="3058" --setupCostCoefficient="0" --outsourcingModel="none" --outsourcingUnitRate="1" --discountStrength="0" --timeLimitSeconds="10800" --maxNodes="100000"	${WORKSPACE}/experiment-suite/formal-v1/runs/pricing-comparison/pricing-wet040_002_2m-a10-w3058-sc0-ng_dssr	seed-wet040_002_2m-a10-w3058-sc0	pricing-comparison
pricing-wet040_002_2m-a10-w3058-sc0-time_indexed	HEU.FormalExperimentRunner	--action="solve" --runId="pricing-wet040_002_2m-a10-w3058-sc0-time_indexed" --instance="${WORKSPACE}/experiment-suite/formal-v1/instances/40-2/wet040_002_2m_timeX10.dat" --algorithm="TIME_INDEXED" --outputDir="${WORKSPACE}/experiment-suite/formal-v1/runs/pricing-comparison/pricing-wet040_002_2m-a10-w3058-sc0-time_indexed" --seedFile="${WORKSPACE}/experiment-suite/formal-v1/seeds/wet040_002_2m-a10-w3058-sc0.seed" --dueWindowHalfWidth="3058" --setupCostCoefficient="0" --outsourcingModel="none" --outsourcingUnitRate="1" --discountStrength="0" --timeLimitSeconds="10800" --maxNodes="100000"	${WORKSPACE}/experiment-suite/formal-v1/runs/pricing-comparison/pricing-wet040_002_2m-a10-w3058-sc0-time_indexed	seed-wet040_002_2m-a10-w3058-sc0	pricing-comparison
pricing-wet040_002_2m-a10-w3058-sc0-time_indexed_sri	HEU.FormalExperimentRunner	--action="solve" --runId="pricing-wet040_002_2m-a10-w3058-sc0-time_indexed_sri" --instance="${WORKSPACE}/experiment-suite/formal-v1/instances/40-2/wet040_002_2m_timeX10.dat" --algorithm="TIME_INDEXED_SRI" --outputDir="${WORKSPACE}/experiment-suite/formal-v1/runs/pricing-comparison/pricing-wet040_002_2m-a10-w3058-sc0-time_indexed_sri" --seedFile="${WORKSPACE}/experiment-suite/formal-v1/seeds/wet040_002_2m-a10-w3058-sc0.seed" --dueWindowHalfWidth="3058" --setupCostCoefficient="0" --outsourcingModel="none" --outsourcingUnitRate="1" --discountStrength="0" --timeLimitSeconds="10800" --maxNodes="100000"	${WORKSPACE}/experiment-suite/formal-v1/runs/pricing-comparison/pricing-wet040_002_2m-a10-w3058-sc0-time_indexed_sri	seed-wet040_002_2m-a10-w3058-sc0	pricing-comparison
seed-wet040_003_2m-a1-w0-sc0	HEU.FormalExperimentRunner	--action="seed" --runId="seed-wet040_003_2m-a1-w0-sc0" --instance="${WORKSPACE}/data/40-2/wet040_003_2m.dat" --seedFile="${WORKSPACE}/experiment-suite/formal-v1/seeds/wet040_003_2m-a1-w0-sc0.seed" --outputDir="${WORKSPACE}/experiment-suite/formal-v1/runs/seed-wet040_003_2m-a1-w0-sc0" --dueWindowHalfWidth="0" --setupCostCoefficient="0"	${WORKSPACE}/experiment-suite/formal-v1/runs/seed-wet040_003_2m-a1-w0-sc0		seed
pricing-wet040_003_2m-a1-w0-sc0-ng_dssr	HEU.FormalExperimentRunner	--action="solve" --runId="pricing-wet040_003_2m-a1-w0-sc0-ng_dssr" --instance="${WORKSPACE}/data/40-2/wet040_003_2m.dat" --algorithm="NG_DSSR" --outputDir="${WORKSPACE}/experiment-suite/formal-v1/runs/pricing-comparison/pricing-wet040_003_2m-a1-w0-sc0-ng_dssr" --seedFile="${WORKSPACE}/experiment-suite/formal-v1/seeds/wet040_003_2m-a1-w0-sc0.seed" --dueWindowHalfWidth="0" --setupCostCoefficient="0" --outsourcingModel="none" --outsourcingUnitRate="1" --discountStrength="0" --timeLimitSeconds="10800" --maxNodes="100000"	${WORKSPACE}/experiment-suite/formal-v1/runs/pricing-comparison/pricing-wet040_003_2m-a1-w0-sc0-ng_dssr	seed-wet040_003_2m-a1-w0-sc0	pricing-comparison
pricing-wet040_003_2m-a1-w0-sc0-time_indexed	HEU.FormalExperimentRunner	--action="solve" --runId="pricing-wet040_003_2m-a1-w0-sc0-time_indexed" --instance="${WORKSPACE}/data/40-2/wet040_003_2m.dat" --algorithm="TIME_INDEXED" --outputDir="${WORKSPACE}/experiment-suite/formal-v1/runs/pricing-comparison/pricing-wet040_003_2m-a1-w0-sc0-time_indexed" --seedFile="${WORKSPACE}/experiment-suite/formal-v1/seeds/wet040_003_2m-a1-w0-sc0.seed" --dueWindowHalfWidth="0" --setupCostCoefficient="0" --outsourcingModel="none" --outsourcingUnitRate="1" --discountStrength="0" --timeLimitSeconds="10800" --maxNodes="100000"	${WORKSPACE}/experiment-suite/formal-v1/runs/pricing-comparison/pricing-wet040_003_2m-a1-w0-sc0-time_indexed	seed-wet040_003_2m-a1-w0-sc0	pricing-comparison
pricing-wet040_003_2m-a1-w0-sc0-time_indexed_sri	HEU.FormalExperimentRunner	--action="solve" --runId="pricing-wet040_003_2m-a1-w0-sc0-time_indexed_sri" --instance="${WORKSPACE}/data/40-2/wet040_003_2m.dat" --algorithm="TIME_INDEXED_SRI" --outputDir="${WORKSPACE}/experiment-suite/formal-v1/runs/pricing-comparison/pricing-wet040_003_2m-a1-w0-sc0-time_indexed_sri" --seedFile="${WORKSPACE}/experiment-suite/formal-v1/seeds/wet040_003_2m-a1-w0-sc0.seed" --dueWindowHalfWidth="0" --setupCostCoefficient="0" --outsourcingModel="none" --outsourcingUnitRate="1" --discountStrength="0" --timeLimitSeconds="10800" --maxNodes="100000"	${WORKSPACE}/experiment-suite/formal-v1/runs/pricing-comparison/pricing-wet040_003_2m-a1-w0-sc0-time_indexed_sri	seed-wet040_003_2m-a1-w0-sc0	pricing-comparison
seed-wet040_003_2m-a1-w92-sc0	HEU.FormalExperimentRunner	--action="seed" --runId="seed-wet040_003_2m-a1-w92-sc0" --instance="${WORKSPACE}/data/40-2/wet040_003_2m.dat" --seedFile="${WORKSPACE}/experiment-suite/formal-v1/seeds/wet040_003_2m-a1-w92-sc0.seed" --outputDir="${WORKSPACE}/experiment-suite/formal-v1/runs/seed-wet040_003_2m-a1-w92-sc0" --dueWindowHalfWidth="92" --setupCostCoefficient="0"	${WORKSPACE}/experiment-suite/formal-v1/runs/seed-wet040_003_2m-a1-w92-sc0		seed
pricing-wet040_003_2m-a1-w92-sc0-ng_dssr	HEU.FormalExperimentRunner	--action="solve" --runId="pricing-wet040_003_2m-a1-w92-sc0-ng_dssr" --instance="${WORKSPACE}/data/40-2/wet040_003_2m.dat" --algorithm="NG_DSSR" --outputDir="${WORKSPACE}/experiment-suite/formal-v1/runs/pricing-comparison/pricing-wet040_003_2m-a1-w92-sc0-ng_dssr" --seedFile="${WORKSPACE}/experiment-suite/formal-v1/seeds/wet040_003_2m-a1-w92-sc0.seed" --dueWindowHalfWidth="92" --setupCostCoefficient="0" --outsourcingModel="none" --outsourcingUnitRate="1" --discountStrength="0" --timeLimitSeconds="10800" --maxNodes="100000"	${WORKSPACE}/experiment-suite/formal-v1/runs/pricing-comparison/pricing-wet040_003_2m-a1-w92-sc0-ng_dssr	seed-wet040_003_2m-a1-w92-sc0	pricing-comparison
pricing-wet040_003_2m-a1-w92-sc0-time_indexed	HEU.FormalExperimentRunner	--action="solve" --runId="pricing-wet040_003_2m-a1-w92-sc0-time_indexed" --instance="${WORKSPACE}/data/40-2/wet040_003_2m.dat" --algorithm="TIME_INDEXED" --outputDir="${WORKSPACE}/experiment-suite/formal-v1/runs/pricing-comparison/pricing-wet040_003_2m-a1-w92-sc0-time_indexed" --seedFile="${WORKSPACE}/experiment-suite/formal-v1/seeds/wet040_003_2m-a1-w92-sc0.seed" --dueWindowHalfWidth="92" --setupCostCoefficient="0" --outsourcingModel="none" --outsourcingUnitRate="1" --discountStrength="0" --timeLimitSeconds="10800" --maxNodes="100000"	${WORKSPACE}/experiment-suite/formal-v1/runs/pricing-comparison/pricing-wet040_003_2m-a1-w92-sc0-time_indexed	seed-wet040_003_2m-a1-w92-sc0	pricing-comparison
pricing-wet040_003_2m-a1-w92-sc0-time_indexed_sri	HEU.FormalExperimentRunner	--action="solve" --runId="pricing-wet040_003_2m-a1-w92-sc0-time_indexed_sri" --instance="${WORKSPACE}/data/40-2/wet040_003_2m.dat" --algorithm="TIME_INDEXED_SRI" --outputDir="${WORKSPACE}/experiment-suite/formal-v1/runs/pricing-comparison/pricing-wet040_003_2m-a1-w92-sc0-time_indexed_sri" --seedFile="${WORKSPACE}/experiment-suite/formal-v1/seeds/wet040_003_2m-a1-w92-sc0.seed" --dueWindowHalfWidth="92" --setupCostCoefficient="0" --outsourcingModel="none" --outsourcingUnitRate="1" --discountStrength="0" --timeLimitSeconds="10800" --maxNodes="100000"	${WORKSPACE}/experiment-suite/formal-v1/runs/pricing-comparison/pricing-wet040_003_2m-a1-w92-sc0-time_indexed_sri	seed-wet040_003_2m-a1-w92-sc0	pricing-comparison
seed-wet040_003_2m-a1-w276-sc0	HEU.FormalExperimentRunner	--action="seed" --runId="seed-wet040_003_2m-a1-w276-sc0" --instance="${WORKSPACE}/data/40-2/wet040_003_2m.dat" --seedFile="${WORKSPACE}/experiment-suite/formal-v1/seeds/wet040_003_2m-a1-w276-sc0.seed" --outputDir="${WORKSPACE}/experiment-suite/formal-v1/runs/seed-wet040_003_2m-a1-w276-sc0" --dueWindowHalfWidth="276" --setupCostCoefficient="0"	${WORKSPACE}/experiment-suite/formal-v1/runs/seed-wet040_003_2m-a1-w276-sc0		seed
pricing-wet040_003_2m-a1-w276-sc0-ng_dssr	HEU.FormalExperimentRunner	--action="solve" --runId="pricing-wet040_003_2m-a1-w276-sc0-ng_dssr" --instance="${WORKSPACE}/data/40-2/wet040_003_2m.dat" --algorithm="NG_DSSR" --outputDir="${WORKSPACE}/experiment-suite/formal-v1/runs/pricing-comparison/pricing-wet040_003_2m-a1-w276-sc0-ng_dssr" --seedFile="${WORKSPACE}/experiment-suite/formal-v1/seeds/wet040_003_2m-a1-w276-sc0.seed" --dueWindowHalfWidth="276" --setupCostCoefficient="0" --outsourcingModel="none" --outsourcingUnitRate="1" --discountStrength="0" --timeLimitSeconds="10800" --maxNodes="100000"	${WORKSPACE}/experiment-suite/formal-v1/runs/pricing-comparison/pricing-wet040_003_2m-a1-w276-sc0-ng_dssr	seed-wet040_003_2m-a1-w276-sc0	pricing-comparison
pricing-wet040_003_2m-a1-w276-sc0-time_indexed	HEU.FormalExperimentRunner	--action="solve" --runId="pricing-wet040_003_2m-a1-w276-sc0-time_indexed" --instance="${WORKSPACE}/data/40-2/wet040_003_2m.dat" --algorithm="TIME_INDEXED" --outputDir="${WORKSPACE}/experiment-suite/formal-v1/runs/pricing-comparison/pricing-wet040_003_2m-a1-w276-sc0-time_indexed" --seedFile="${WORKSPACE}/experiment-suite/formal-v1/seeds/wet040_003_2m-a1-w276-sc0.seed" --dueWindowHalfWidth="276" --setupCostCoefficient="0" --outsourcingModel="none" --outsourcingUnitRate="1" --discountStrength="0" --timeLimitSeconds="10800" --maxNodes="100000"	${WORKSPACE}/experiment-suite/formal-v1/runs/pricing-comparison/pricing-wet040_003_2m-a1-w276-sc0-time_indexed	seed-wet040_003_2m-a1-w276-sc0	pricing-comparison
pricing-wet040_003_2m-a1-w276-sc0-time_indexed_sri	HEU.FormalExperimentRunner	--action="solve" --runId="pricing-wet040_003_2m-a1-w276-sc0-time_indexed_sri" --instance="${WORKSPACE}/data/40-2/wet040_003_2m.dat" --algorithm="TIME_INDEXED_SRI" --outputDir="${WORKSPACE}/experiment-suite/formal-v1/runs/pricing-comparison/pricing-wet040_003_2m-a1-w276-sc0-time_indexed_sri" --seedFile="${WORKSPACE}/experiment-suite/formal-v1/seeds/wet040_003_2m-a1-w276-sc0.seed" --dueWindowHalfWidth="276" --setupCostCoefficient="0" --outsourcingModel="none" --outsourcingUnitRate="1" --discountStrength="0" --timeLimitSeconds="10800" --maxNodes="100000"	${WORKSPACE}/experiment-suite/formal-v1/runs/pricing-comparison/pricing-wet040_003_2m-a1-w276-sc0-time_indexed_sri	seed-wet040_003_2m-a1-w276-sc0	pricing-comparison
seed-wet040_003_2m-a5-w0-sc0	HEU.FormalExperimentRunner	--action="seed" --runId="seed-wet040_003_2m-a5-w0-sc0" --instance="${WORKSPACE}/experiment-suite/formal-v1/instances/40-2/wet040_003_2m_timeX5.dat" --seedFile="${WORKSPACE}/experiment-suite/formal-v1/seeds/wet040_003_2m-a5-w0-sc0.seed" --outputDir="${WORKSPACE}/experiment-suite/formal-v1/runs/seed-wet040_003_2m-a5-w0-sc0" --dueWindowHalfWidth="0" --setupCostCoefficient="0"	${WORKSPACE}/experiment-suite/formal-v1/runs/seed-wet040_003_2m-a5-w0-sc0		seed
pricing-wet040_003_2m-a5-w0-sc0-ng_dssr	HEU.FormalExperimentRunner	--action="solve" --runId="pricing-wet040_003_2m-a5-w0-sc0-ng_dssr" --instance="${WORKSPACE}/experiment-suite/formal-v1/instances/40-2/wet040_003_2m_timeX5.dat" --algorithm="NG_DSSR" --outputDir="${WORKSPACE}/experiment-suite/formal-v1/runs/pricing-comparison/pricing-wet040_003_2m-a5-w0-sc0-ng_dssr" --seedFile="${WORKSPACE}/experiment-suite/formal-v1/seeds/wet040_003_2m-a5-w0-sc0.seed" --dueWindowHalfWidth="0" --setupCostCoefficient="0" --outsourcingModel="none" --outsourcingUnitRate="1" --discountStrength="0" --timeLimitSeconds="10800" --maxNodes="100000"	${WORKSPACE}/experiment-suite/formal-v1/runs/pricing-comparison/pricing-wet040_003_2m-a5-w0-sc0-ng_dssr	seed-wet040_003_2m-a5-w0-sc0	pricing-comparison
pricing-wet040_003_2m-a5-w0-sc0-time_indexed	HEU.FormalExperimentRunner	--action="solve" --runId="pricing-wet040_003_2m-a5-w0-sc0-time_indexed" --instance="${WORKSPACE}/experiment-suite/formal-v1/instances/40-2/wet040_003_2m_timeX5.dat" --algorithm="TIME_INDEXED" --outputDir="${WORKSPACE}/experiment-suite/formal-v1/runs/pricing-comparison/pricing-wet040_003_2m-a5-w0-sc0-time_indexed" --seedFile="${WORKSPACE}/experiment-suite/formal-v1/seeds/wet040_003_2m-a5-w0-sc0.seed" --dueWindowHalfWidth="0" --setupCostCoefficient="0" --outsourcingModel="none" --outsourcingUnitRate="1" --discountStrength="0" --timeLimitSeconds="10800" --maxNodes="100000"	${WORKSPACE}/experiment-suite/formal-v1/runs/pricing-comparison/pricing-wet040_003_2m-a5-w0-sc0-time_indexed	seed-wet040_003_2m-a5-w0-sc0	pricing-comparison
pricing-wet040_003_2m-a5-w0-sc0-time_indexed_sri	HEU.FormalExperimentRunner	--action="solve" --runId="pricing-wet040_003_2m-a5-w0-sc0-time_indexed_sri" --instance="${WORKSPACE}/experiment-suite/formal-v1/instances/40-2/wet040_003_2m_timeX5.dat" --algorithm="TIME_INDEXED_SRI" --outputDir="${WORKSPACE}/experiment-suite/formal-v1/runs/pricing-comparison/pricing-wet040_003_2m-a5-w0-sc0-time_indexed_sri" --seedFile="${WORKSPACE}/experiment-suite/formal-v1/seeds/wet040_003_2m-a5-w0-sc0.seed" --dueWindowHalfWidth="0" --setupCostCoefficient="0" --outsourcingModel="none" --outsourcingUnitRate="1" --discountStrength="0" --timeLimitSeconds="10800" --maxNodes="100000"	${WORKSPACE}/experiment-suite/formal-v1/runs/pricing-comparison/pricing-wet040_003_2m-a5-w0-sc0-time_indexed_sri	seed-wet040_003_2m-a5-w0-sc0	pricing-comparison
seed-wet040_003_2m-a5-w459-sc0	HEU.FormalExperimentRunner	--action="seed" --runId="seed-wet040_003_2m-a5-w459-sc0" --instance="${WORKSPACE}/experiment-suite/formal-v1/instances/40-2/wet040_003_2m_timeX5.dat" --seedFile="${WORKSPACE}/experiment-suite/formal-v1/seeds/wet040_003_2m-a5-w459-sc0.seed" --outputDir="${WORKSPACE}/experiment-suite/formal-v1/runs/seed-wet040_003_2m-a5-w459-sc0" --dueWindowHalfWidth="459" --setupCostCoefficient="0"	${WORKSPACE}/experiment-suite/formal-v1/runs/seed-wet040_003_2m-a5-w459-sc0		seed
pricing-wet040_003_2m-a5-w459-sc0-ng_dssr	HEU.FormalExperimentRunner	--action="solve" --runId="pricing-wet040_003_2m-a5-w459-sc0-ng_dssr" --instance="${WORKSPACE}/experiment-suite/formal-v1/instances/40-2/wet040_003_2m_timeX5.dat" --algorithm="NG_DSSR" --outputDir="${WORKSPACE}/experiment-suite/formal-v1/runs/pricing-comparison/pricing-wet040_003_2m-a5-w459-sc0-ng_dssr" --seedFile="${WORKSPACE}/experiment-suite/formal-v1/seeds/wet040_003_2m-a5-w459-sc0.seed" --dueWindowHalfWidth="459" --setupCostCoefficient="0" --outsourcingModel="none" --outsourcingUnitRate="1" --discountStrength="0" --timeLimitSeconds="10800" --maxNodes="100000"	${WORKSPACE}/experiment-suite/formal-v1/runs/pricing-comparison/pricing-wet040_003_2m-a5-w459-sc0-ng_dssr	seed-wet040_003_2m-a5-w459-sc0	pricing-comparison
pricing-wet040_003_2m-a5-w459-sc0-time_indexed	HEU.FormalExperimentRunner	--action="solve" --runId="pricing-wet040_003_2m-a5-w459-sc0-time_indexed" --instance="${WORKSPACE}/experiment-suite/formal-v1/instances/40-2/wet040_003_2m_timeX5.dat" --algorithm="TIME_INDEXED" --outputDir="${WORKSPACE}/experiment-suite/formal-v1/runs/pricing-comparison/pricing-wet040_003_2m-a5-w459-sc0-time_indexed" --seedFile="${WORKSPACE}/experiment-suite/formal-v1/seeds/wet040_003_2m-a5-w459-sc0.seed" --dueWindowHalfWidth="459" --setupCostCoefficient="0" --outsourcingModel="none" --outsourcingUnitRate="1" --discountStrength="0" --timeLimitSeconds="10800" --maxNodes="100000"	${WORKSPACE}/experiment-suite/formal-v1/runs/pricing-comparison/pricing-wet040_003_2m-a5-w459-sc0-time_indexed	seed-wet040_003_2m-a5-w459-sc0	pricing-comparison
pricing-wet040_003_2m-a5-w459-sc0-time_indexed_sri	HEU.FormalExperimentRunner	--action="solve" --runId="pricing-wet040_003_2m-a5-w459-sc0-time_indexed_sri" --instance="${WORKSPACE}/experiment-suite/formal-v1/instances/40-2/wet040_003_2m_timeX5.dat" --algorithm="TIME_INDEXED_SRI" --outputDir="${WORKSPACE}/experiment-suite/formal-v1/runs/pricing-comparison/pricing-wet040_003_2m-a5-w459-sc0-time_indexed_sri" --seedFile="${WORKSPACE}/experiment-suite/formal-v1/seeds/wet040_003_2m-a5-w459-sc0.seed" --dueWindowHalfWidth="459" --setupCostCoefficient="0" --outsourcingModel="none" --outsourcingUnitRate="1" --discountStrength="0" --timeLimitSeconds="10800" --maxNodes="100000"	${WORKSPACE}/experiment-suite/formal-v1/runs/pricing-comparison/pricing-wet040_003_2m-a5-w459-sc0-time_indexed_sri	seed-wet040_003_2m-a5-w459-sc0	pricing-comparison
seed-wet040_003_2m-a5-w1378-sc0	HEU.FormalExperimentRunner	--action="seed" --runId="seed-wet040_003_2m-a5-w1378-sc0" --instance="${WORKSPACE}/experiment-suite/formal-v1/instances/40-2/wet040_003_2m_timeX5.dat" --seedFile="${WORKSPACE}/experiment-suite/formal-v1/seeds/wet040_003_2m-a5-w1378-sc0.seed" --outputDir="${WORKSPACE}/experiment-suite/formal-v1/runs/seed-wet040_003_2m-a5-w1378-sc0" --dueWindowHalfWidth="1378" --setupCostCoefficient="0"	${WORKSPACE}/experiment-suite/formal-v1/runs/seed-wet040_003_2m-a5-w1378-sc0		seed
pricing-wet040_003_2m-a5-w1378-sc0-ng_dssr	HEU.FormalExperimentRunner	--action="solve" --runId="pricing-wet040_003_2m-a5-w1378-sc0-ng_dssr" --instance="${WORKSPACE}/experiment-suite/formal-v1/instances/40-2/wet040_003_2m_timeX5.dat" --algorithm="NG_DSSR" --outputDir="${WORKSPACE}/experiment-suite/formal-v1/runs/pricing-comparison/pricing-wet040_003_2m-a5-w1378-sc0-ng_dssr" --seedFile="${WORKSPACE}/experiment-suite/formal-v1/seeds/wet040_003_2m-a5-w1378-sc0.seed" --dueWindowHalfWidth="1378" --setupCostCoefficient="0" --outsourcingModel="none" --outsourcingUnitRate="1" --discountStrength="0" --timeLimitSeconds="10800" --maxNodes="100000"	${WORKSPACE}/experiment-suite/formal-v1/runs/pricing-comparison/pricing-wet040_003_2m-a5-w1378-sc0-ng_dssr	seed-wet040_003_2m-a5-w1378-sc0	pricing-comparison
pricing-wet040_003_2m-a5-w1378-sc0-time_indexed	HEU.FormalExperimentRunner	--action="solve" --runId="pricing-wet040_003_2m-a5-w1378-sc0-time_indexed" --instance="${WORKSPACE}/experiment-suite/formal-v1/instances/40-2/wet040_003_2m_timeX5.dat" --algorithm="TIME_INDEXED" --outputDir="${WORKSPACE}/experiment-suite/formal-v1/runs/pricing-comparison/pricing-wet040_003_2m-a5-w1378-sc0-time_indexed" --seedFile="${WORKSPACE}/experiment-suite/formal-v1/seeds/wet040_003_2m-a5-w1378-sc0.seed" --dueWindowHalfWidth="1378" --setupCostCoefficient="0" --outsourcingModel="none" --outsourcingUnitRate="1" --discountStrength="0" --timeLimitSeconds="10800" --maxNodes="100000"	${WORKSPACE}/experiment-suite/formal-v1/runs/pricing-comparison/pricing-wet040_003_2m-a5-w1378-sc0-time_indexed	seed-wet040_003_2m-a5-w1378-sc0	pricing-comparison
pricing-wet040_003_2m-a5-w1378-sc0-time_indexed_sri	HEU.FormalExperimentRunner	--action="solve" --runId="pricing-wet040_003_2m-a5-w1378-sc0-time_indexed_sri" --instance="${WORKSPACE}/experiment-suite/formal-v1/instances/40-2/wet040_003_2m_timeX5.dat" --algorithm="TIME_INDEXED_SRI" --outputDir="${WORKSPACE}/experiment-suite/formal-v1/runs/pricing-comparison/pricing-wet040_003_2m-a5-w1378-sc0-time_indexed_sri" --seedFile="${WORKSPACE}/experiment-suite/formal-v1/seeds/wet040_003_2m-a5-w1378-sc0.seed" --dueWindowHalfWidth="1378" --setupCostCoefficient="0" --outsourcingModel="none" --outsourcingUnitRate="1" --discountStrength="0" --timeLimitSeconds="10800" --maxNodes="100000"	${WORKSPACE}/experiment-suite/formal-v1/runs/pricing-comparison/pricing-wet040_003_2m-a5-w1378-sc0-time_indexed_sri	seed-wet040_003_2m-a5-w1378-sc0	pricing-comparison
seed-wet040_003_2m-a10-w0-sc0	HEU.FormalExperimentRunner	--action="seed" --runId="seed-wet040_003_2m-a10-w0-sc0" --instance="${WORKSPACE}/experiment-suite/formal-v1/instances/40-2/wet040_003_2m_timeX10.dat" --seedFile="${WORKSPACE}/experiment-suite/formal-v1/seeds/wet040_003_2m-a10-w0-sc0.seed" --outputDir="${WORKSPACE}/experiment-suite/formal-v1/runs/seed-wet040_003_2m-a10-w0-sc0" --dueWindowHalfWidth="0" --setupCostCoefficient="0"	${WORKSPACE}/experiment-suite/formal-v1/runs/seed-wet040_003_2m-a10-w0-sc0		seed
pricing-wet040_003_2m-a10-w0-sc0-ng_dssr	HEU.FormalExperimentRunner	--action="solve" --runId="pricing-wet040_003_2m-a10-w0-sc0-ng_dssr" --instance="${WORKSPACE}/experiment-suite/formal-v1/instances/40-2/wet040_003_2m_timeX10.dat" --algorithm="NG_DSSR" --outputDir="${WORKSPACE}/experiment-suite/formal-v1/runs/pricing-comparison/pricing-wet040_003_2m-a10-w0-sc0-ng_dssr" --seedFile="${WORKSPACE}/experiment-suite/formal-v1/seeds/wet040_003_2m-a10-w0-sc0.seed" --dueWindowHalfWidth="0" --setupCostCoefficient="0" --outsourcingModel="none" --outsourcingUnitRate="1" --discountStrength="0" --timeLimitSeconds="10800" --maxNodes="100000"	${WORKSPACE}/experiment-suite/formal-v1/runs/pricing-comparison/pricing-wet040_003_2m-a10-w0-sc0-ng_dssr	seed-wet040_003_2m-a10-w0-sc0	pricing-comparison
pricing-wet040_003_2m-a10-w0-sc0-time_indexed	HEU.FormalExperimentRunner	--action="solve" --runId="pricing-wet040_003_2m-a10-w0-sc0-time_indexed" --instance="${WORKSPACE}/experiment-suite/formal-v1/instances/40-2/wet040_003_2m_timeX10.dat" --algorithm="TIME_INDEXED" --outputDir="${WORKSPACE}/experiment-suite/formal-v1/runs/pricing-comparison/pricing-wet040_003_2m-a10-w0-sc0-time_indexed" --seedFile="${WORKSPACE}/experiment-suite/formal-v1/seeds/wet040_003_2m-a10-w0-sc0.seed" --dueWindowHalfWidth="0" --setupCostCoefficient="0" --outsourcingModel="none" --outsourcingUnitRate="1" --discountStrength="0" --timeLimitSeconds="10800" --maxNodes="100000"	${WORKSPACE}/experiment-suite/formal-v1/runs/pricing-comparison/pricing-wet040_003_2m-a10-w0-sc0-time_indexed	seed-wet040_003_2m-a10-w0-sc0	pricing-comparison
pricing-wet040_003_2m-a10-w0-sc0-time_indexed_sri	HEU.FormalExperimentRunner	--action="solve" --runId="pricing-wet040_003_2m-a10-w0-sc0-time_indexed_sri" --instance="${WORKSPACE}/experiment-suite/formal-v1/instances/40-2/wet040_003_2m_timeX10.dat" --algorithm="TIME_INDEXED_SRI" --outputDir="${WORKSPACE}/experiment-suite/formal-v1/runs/pricing-comparison/pricing-wet040_003_2m-a10-w0-sc0-time_indexed_sri" --seedFile="${WORKSPACE}/experiment-suite/formal-v1/seeds/wet040_003_2m-a10-w0-sc0.seed" --dueWindowHalfWidth="0" --setupCostCoefficient="0" --outsourcingModel="none" --outsourcingUnitRate="1" --discountStrength="0" --timeLimitSeconds="10800" --maxNodes="100000"	${WORKSPACE}/experiment-suite/formal-v1/runs/pricing-comparison/pricing-wet040_003_2m-a10-w0-sc0-time_indexed_sri	seed-wet040_003_2m-a10-w0-sc0	pricing-comparison
seed-wet040_003_2m-a10-w918-sc0	HEU.FormalExperimentRunner	--action="seed" --runId="seed-wet040_003_2m-a10-w918-sc0" --instance="${WORKSPACE}/experiment-suite/formal-v1/instances/40-2/wet040_003_2m_timeX10.dat" --seedFile="${WORKSPACE}/experiment-suite/formal-v1/seeds/wet040_003_2m-a10-w918-sc0.seed" --outputDir="${WORKSPACE}/experiment-suite/formal-v1/runs/seed-wet040_003_2m-a10-w918-sc0" --dueWindowHalfWidth="918" --setupCostCoefficient="0"	${WORKSPACE}/experiment-suite/formal-v1/runs/seed-wet040_003_2m-a10-w918-sc0		seed
pricing-wet040_003_2m-a10-w918-sc0-ng_dssr	HEU.FormalExperimentRunner	--action="solve" --runId="pricing-wet040_003_2m-a10-w918-sc0-ng_dssr" --instance="${WORKSPACE}/experiment-suite/formal-v1/instances/40-2/wet040_003_2m_timeX10.dat" --algorithm="NG_DSSR" --outputDir="${WORKSPACE}/experiment-suite/formal-v1/runs/pricing-comparison/pricing-wet040_003_2m-a10-w918-sc0-ng_dssr" --seedFile="${WORKSPACE}/experiment-suite/formal-v1/seeds/wet040_003_2m-a10-w918-sc0.seed" --dueWindowHalfWidth="918" --setupCostCoefficient="0" --outsourcingModel="none" --outsourcingUnitRate="1" --discountStrength="0" --timeLimitSeconds="10800" --maxNodes="100000"	${WORKSPACE}/experiment-suite/formal-v1/runs/pricing-comparison/pricing-wet040_003_2m-a10-w918-sc0-ng_dssr	seed-wet040_003_2m-a10-w918-sc0	pricing-comparison
pricing-wet040_003_2m-a10-w918-sc0-time_indexed	HEU.FormalExperimentRunner	--action="solve" --runId="pricing-wet040_003_2m-a10-w918-sc0-time_indexed" --instance="${WORKSPACE}/experiment-suite/formal-v1/instances/40-2/wet040_003_2m_timeX10.dat" --algorithm="TIME_INDEXED" --outputDir="${WORKSPACE}/experiment-suite/formal-v1/runs/pricing-comparison/pricing-wet040_003_2m-a10-w918-sc0-time_indexed" --seedFile="${WORKSPACE}/experiment-suite/formal-v1/seeds/wet040_003_2m-a10-w918-sc0.seed" --dueWindowHalfWidth="918" --setupCostCoefficient="0" --outsourcingModel="none" --outsourcingUnitRate="1" --discountStrength="0" --timeLimitSeconds="10800" --maxNodes="100000"	${WORKSPACE}/experiment-suite/formal-v1/runs/pricing-comparison/pricing-wet040_003_2m-a10-w918-sc0-time_indexed	seed-wet040_003_2m-a10-w918-sc0	pricing-comparison
pricing-wet040_003_2m-a10-w918-sc0-time_indexed_sri	HEU.FormalExperimentRunner	--action="solve" --runId="pricing-wet040_003_2m-a10-w918-sc0-time_indexed_sri" --instance="${WORKSPACE}/experiment-suite/formal-v1/instances/40-2/wet040_003_2m_timeX10.dat" --algorithm="TIME_INDEXED_SRI" --outputDir="${WORKSPACE}/experiment-suite/formal-v1/runs/pricing-comparison/pricing-wet040_003_2m-a10-w918-sc0-time_indexed_sri" --seedFile="${WORKSPACE}/experiment-suite/formal-v1/seeds/wet040_003_2m-a10-w918-sc0.seed" --dueWindowHalfWidth="918" --setupCostCoefficient="0" --outsourcingModel="none" --outsourcingUnitRate="1" --discountStrength="0" --timeLimitSeconds="10800" --maxNodes="100000"	${WORKSPACE}/experiment-suite/formal-v1/runs/pricing-comparison/pricing-wet040_003_2m-a10-w918-sc0-time_indexed_sri	seed-wet040_003_2m-a10-w918-sc0	pricing-comparison
seed-wet040_003_2m-a10-w2755-sc0	HEU.FormalExperimentRunner	--action="seed" --runId="seed-wet040_003_2m-a10-w2755-sc0" --instance="${WORKSPACE}/experiment-suite/formal-v1/instances/40-2/wet040_003_2m_timeX10.dat" --seedFile="${WORKSPACE}/experiment-suite/formal-v1/seeds/wet040_003_2m-a10-w2755-sc0.seed" --outputDir="${WORKSPACE}/experiment-suite/formal-v1/runs/seed-wet040_003_2m-a10-w2755-sc0" --dueWindowHalfWidth="2755" --setupCostCoefficient="0"	${WORKSPACE}/experiment-suite/formal-v1/runs/seed-wet040_003_2m-a10-w2755-sc0		seed
pricing-wet040_003_2m-a10-w2755-sc0-ng_dssr	HEU.FormalExperimentRunner	--action="solve" --runId="pricing-wet040_003_2m-a10-w2755-sc0-ng_dssr" --instance="${WORKSPACE}/experiment-suite/formal-v1/instances/40-2/wet040_003_2m_timeX10.dat" --algorithm="NG_DSSR" --outputDir="${WORKSPACE}/experiment-suite/formal-v1/runs/pricing-comparison/pricing-wet040_003_2m-a10-w2755-sc0-ng_dssr" --seedFile="${WORKSPACE}/experiment-suite/formal-v1/seeds/wet040_003_2m-a10-w2755-sc0.seed" --dueWindowHalfWidth="2755" --setupCostCoefficient="0" --outsourcingModel="none" --outsourcingUnitRate="1" --discountStrength="0" --timeLimitSeconds="10800" --maxNodes="100000"	${WORKSPACE}/experiment-suite/formal-v1/runs/pricing-comparison/pricing-wet040_003_2m-a10-w2755-sc0-ng_dssr	seed-wet040_003_2m-a10-w2755-sc0	pricing-comparison
pricing-wet040_003_2m-a10-w2755-sc0-time_indexed	HEU.FormalExperimentRunner	--action="solve" --runId="pricing-wet040_003_2m-a10-w2755-sc0-time_indexed" --instance="${WORKSPACE}/experiment-suite/formal-v1/instances/40-2/wet040_003_2m_timeX10.dat" --algorithm="TIME_INDEXED" --outputDir="${WORKSPACE}/experiment-suite/formal-v1/runs/pricing-comparison/pricing-wet040_003_2m-a10-w2755-sc0-time_indexed" --seedFile="${WORKSPACE}/experiment-suite/formal-v1/seeds/wet040_003_2m-a10-w2755-sc0.seed" --dueWindowHalfWidth="2755" --setupCostCoefficient="0" --outsourcingModel="none" --outsourcingUnitRate="1" --discountStrength="0" --timeLimitSeconds="10800" --maxNodes="100000"	${WORKSPACE}/experiment-suite/formal-v1/runs/pricing-comparison/pricing-wet040_003_2m-a10-w2755-sc0-time_indexed	seed-wet040_003_2m-a10-w2755-sc0	pricing-comparison
pricing-wet040_003_2m-a10-w2755-sc0-time_indexed_sri	HEU.FormalExperimentRunner	--action="solve" --runId="pricing-wet040_003_2m-a10-w2755-sc0-time_indexed_sri" --instance="${WORKSPACE}/experiment-suite/formal-v1/instances/40-2/wet040_003_2m_timeX10.dat" --algorithm="TIME_INDEXED_SRI" --outputDir="${WORKSPACE}/experiment-suite/formal-v1/runs/pricing-comparison/pricing-wet040_003_2m-a10-w2755-sc0-time_indexed_sri" --seedFile="${WORKSPACE}/experiment-suite/formal-v1/seeds/wet040_003_2m-a10-w2755-sc0.seed" --dueWindowHalfWidth="2755" --setupCostCoefficient="0" --outsourcingModel="none" --outsourcingUnitRate="1" --discountStrength="0" --timeLimitSeconds="10800" --maxNodes="100000"	${WORKSPACE}/experiment-suite/formal-v1/runs/pricing-comparison/pricing-wet040_003_2m-a10-w2755-sc0-time_indexed_sri	seed-wet040_003_2m-a10-w2755-sc0	pricing-comparison
seed-wet040_001_3m-a1-w0-sc0	HEU.FormalExperimentRunner	--action="seed" --runId="seed-wet040_001_3m-a1-w0-sc0" --instance="${WORKSPACE}/data/40-3/wet040_001_3m.dat" --seedFile="${WORKSPACE}/experiment-suite/formal-v1/seeds/wet040_001_3m-a1-w0-sc0.seed" --outputDir="${WORKSPACE}/experiment-suite/formal-v1/runs/seed-wet040_001_3m-a1-w0-sc0" --dueWindowHalfWidth="0" --setupCostCoefficient="0"	${WORKSPACE}/experiment-suite/formal-v1/runs/seed-wet040_001_3m-a1-w0-sc0		seed
pricing-wet040_001_3m-a1-w0-sc0-ng_dssr	HEU.FormalExperimentRunner	--action="solve" --runId="pricing-wet040_001_3m-a1-w0-sc0-ng_dssr" --instance="${WORKSPACE}/data/40-3/wet040_001_3m.dat" --algorithm="NG_DSSR" --outputDir="${WORKSPACE}/experiment-suite/formal-v1/runs/pricing-comparison/pricing-wet040_001_3m-a1-w0-sc0-ng_dssr" --seedFile="${WORKSPACE}/experiment-suite/formal-v1/seeds/wet040_001_3m-a1-w0-sc0.seed" --dueWindowHalfWidth="0" --setupCostCoefficient="0" --outsourcingModel="none" --outsourcingUnitRate="1" --discountStrength="0" --timeLimitSeconds="10800" --maxNodes="100000"	${WORKSPACE}/experiment-suite/formal-v1/runs/pricing-comparison/pricing-wet040_001_3m-a1-w0-sc0-ng_dssr	seed-wet040_001_3m-a1-w0-sc0	pricing-comparison
pricing-wet040_001_3m-a1-w0-sc0-time_indexed	HEU.FormalExperimentRunner	--action="solve" --runId="pricing-wet040_001_3m-a1-w0-sc0-time_indexed" --instance="${WORKSPACE}/data/40-3/wet040_001_3m.dat" --algorithm="TIME_INDEXED" --outputDir="${WORKSPACE}/experiment-suite/formal-v1/runs/pricing-comparison/pricing-wet040_001_3m-a1-w0-sc0-time_indexed" --seedFile="${WORKSPACE}/experiment-suite/formal-v1/seeds/wet040_001_3m-a1-w0-sc0.seed" --dueWindowHalfWidth="0" --setupCostCoefficient="0" --outsourcingModel="none" --outsourcingUnitRate="1" --discountStrength="0" --timeLimitSeconds="10800" --maxNodes="100000"	${WORKSPACE}/experiment-suite/formal-v1/runs/pricing-comparison/pricing-wet040_001_3m-a1-w0-sc0-time_indexed	seed-wet040_001_3m-a1-w0-sc0	pricing-comparison
pricing-wet040_001_3m-a1-w0-sc0-time_indexed_sri	HEU.FormalExperimentRunner	--action="solve" --runId="pricing-wet040_001_3m-a1-w0-sc0-time_indexed_sri" --instance="${WORKSPACE}/data/40-3/wet040_001_3m.dat" --algorithm="TIME_INDEXED_SRI" --outputDir="${WORKSPACE}/experiment-suite/formal-v1/runs/pricing-comparison/pricing-wet040_001_3m-a1-w0-sc0-time_indexed_sri" --seedFile="${WORKSPACE}/experiment-suite/formal-v1/seeds/wet040_001_3m-a1-w0-sc0.seed" --dueWindowHalfWidth="0" --setupCostCoefficient="0" --outsourcingModel="none" --outsourcingUnitRate="1" --discountStrength="0" --timeLimitSeconds="10800" --maxNodes="100000"	${WORKSPACE}/experiment-suite/formal-v1/runs/pricing-comparison/pricing-wet040_001_3m-a1-w0-sc0-time_indexed_sri	seed-wet040_001_3m-a1-w0-sc0	pricing-comparison
seed-wet040_001_3m-a1-w103-sc0	HEU.FormalExperimentRunner	--action="seed" --runId="seed-wet040_001_3m-a1-w103-sc0" --instance="${WORKSPACE}/data/40-3/wet040_001_3m.dat" --seedFile="${WORKSPACE}/experiment-suite/formal-v1/seeds/wet040_001_3m-a1-w103-sc0.seed" --outputDir="${WORKSPACE}/experiment-suite/formal-v1/runs/seed-wet040_001_3m-a1-w103-sc0" --dueWindowHalfWidth="103" --setupCostCoefficient="0"	${WORKSPACE}/experiment-suite/formal-v1/runs/seed-wet040_001_3m-a1-w103-sc0		seed
pricing-wet040_001_3m-a1-w103-sc0-ng_dssr	HEU.FormalExperimentRunner	--action="solve" --runId="pricing-wet040_001_3m-a1-w103-sc0-ng_dssr" --instance="${WORKSPACE}/data/40-3/wet040_001_3m.dat" --algorithm="NG_DSSR" --outputDir="${WORKSPACE}/experiment-suite/formal-v1/runs/pricing-comparison/pricing-wet040_001_3m-a1-w103-sc0-ng_dssr" --seedFile="${WORKSPACE}/experiment-suite/formal-v1/seeds/wet040_001_3m-a1-w103-sc0.seed" --dueWindowHalfWidth="103" --setupCostCoefficient="0" --outsourcingModel="none" --outsourcingUnitRate="1" --discountStrength="0" --timeLimitSeconds="10800" --maxNodes="100000"	${WORKSPACE}/experiment-suite/formal-v1/runs/pricing-comparison/pricing-wet040_001_3m-a1-w103-sc0-ng_dssr	seed-wet040_001_3m-a1-w103-sc0	pricing-comparison
pricing-wet040_001_3m-a1-w103-sc0-time_indexed	HEU.FormalExperimentRunner	--action="solve" --runId="pricing-wet040_001_3m-a1-w103-sc0-time_indexed" --instance="${WORKSPACE}/data/40-3/wet040_001_3m.dat" --algorithm="TIME_INDEXED" --outputDir="${WORKSPACE}/experiment-suite/formal-v1/runs/pricing-comparison/pricing-wet040_001_3m-a1-w103-sc0-time_indexed" --seedFile="${WORKSPACE}/experiment-suite/formal-v1/seeds/wet040_001_3m-a1-w103-sc0.seed" --dueWindowHalfWidth="103" --setupCostCoefficient="0" --outsourcingModel="none" --outsourcingUnitRate="1" --discountStrength="0" --timeLimitSeconds="10800" --maxNodes="100000"	${WORKSPACE}/experiment-suite/formal-v1/runs/pricing-comparison/pricing-wet040_001_3m-a1-w103-sc0-time_indexed	seed-wet040_001_3m-a1-w103-sc0	pricing-comparison
pricing-wet040_001_3m-a1-w103-sc0-time_indexed_sri	HEU.FormalExperimentRunner	--action="solve" --runId="pricing-wet040_001_3m-a1-w103-sc0-time_indexed_sri" --instance="${WORKSPACE}/data/40-3/wet040_001_3m.dat" --algorithm="TIME_INDEXED_SRI" --outputDir="${WORKSPACE}/experiment-suite/formal-v1/runs/pricing-comparison/pricing-wet040_001_3m-a1-w103-sc0-time_indexed_sri" --seedFile="${WORKSPACE}/experiment-suite/formal-v1/seeds/wet040_001_3m-a1-w103-sc0.seed" --dueWindowHalfWidth="103" --setupCostCoefficient="0" --outsourcingModel="none" --outsourcingUnitRate="1" --discountStrength="0" --timeLimitSeconds="10800" --maxNodes="100000"	${WORKSPACE}/experiment-suite/formal-v1/runs/pricing-comparison/pricing-wet040_001_3m-a1-w103-sc0-time_indexed_sri	seed-wet040_001_3m-a1-w103-sc0	pricing-comparison
seed-wet040_001_3m-a1-w310-sc0	HEU.FormalExperimentRunner	--action="seed" --runId="seed-wet040_001_3m-a1-w310-sc0" --instance="${WORKSPACE}/data/40-3/wet040_001_3m.dat" --seedFile="${WORKSPACE}/experiment-suite/formal-v1/seeds/wet040_001_3m-a1-w310-sc0.seed" --outputDir="${WORKSPACE}/experiment-suite/formal-v1/runs/seed-wet040_001_3m-a1-w310-sc0" --dueWindowHalfWidth="310" --setupCostCoefficient="0"	${WORKSPACE}/experiment-suite/formal-v1/runs/seed-wet040_001_3m-a1-w310-sc0		seed
pricing-wet040_001_3m-a1-w310-sc0-ng_dssr	HEU.FormalExperimentRunner	--action="solve" --runId="pricing-wet040_001_3m-a1-w310-sc0-ng_dssr" --instance="${WORKSPACE}/data/40-3/wet040_001_3m.dat" --algorithm="NG_DSSR" --outputDir="${WORKSPACE}/experiment-suite/formal-v1/runs/pricing-comparison/pricing-wet040_001_3m-a1-w310-sc0-ng_dssr" --seedFile="${WORKSPACE}/experiment-suite/formal-v1/seeds/wet040_001_3m-a1-w310-sc0.seed" --dueWindowHalfWidth="310" --setupCostCoefficient="0" --outsourcingModel="none" --outsourcingUnitRate="1" --discountStrength="0" --timeLimitSeconds="10800" --maxNodes="100000"	${WORKSPACE}/experiment-suite/formal-v1/runs/pricing-comparison/pricing-wet040_001_3m-a1-w310-sc0-ng_dssr	seed-wet040_001_3m-a1-w310-sc0	pricing-comparison
pricing-wet040_001_3m-a1-w310-sc0-time_indexed	HEU.FormalExperimentRunner	--action="solve" --runId="pricing-wet040_001_3m-a1-w310-sc0-time_indexed" --instance="${WORKSPACE}/data/40-3/wet040_001_3m.dat" --algorithm="TIME_INDEXED" --outputDir="${WORKSPACE}/experiment-suite/formal-v1/runs/pricing-comparison/pricing-wet040_001_3m-a1-w310-sc0-time_indexed" --seedFile="${WORKSPACE}/experiment-suite/formal-v1/seeds/wet040_001_3m-a1-w310-sc0.seed" --dueWindowHalfWidth="310" --setupCostCoefficient="0" --outsourcingModel="none" --outsourcingUnitRate="1" --discountStrength="0" --timeLimitSeconds="10800" --maxNodes="100000"	${WORKSPACE}/experiment-suite/formal-v1/runs/pricing-comparison/pricing-wet040_001_3m-a1-w310-sc0-time_indexed	seed-wet040_001_3m-a1-w310-sc0	pricing-comparison
pricing-wet040_001_3m-a1-w310-sc0-time_indexed_sri	HEU.FormalExperimentRunner	--action="solve" --runId="pricing-wet040_001_3m-a1-w310-sc0-time_indexed_sri" --instance="${WORKSPACE}/data/40-3/wet040_001_3m.dat" --algorithm="TIME_INDEXED_SRI" --outputDir="${WORKSPACE}/experiment-suite/formal-v1/runs/pricing-comparison/pricing-wet040_001_3m-a1-w310-sc0-time_indexed_sri" --seedFile="${WORKSPACE}/experiment-suite/formal-v1/seeds/wet040_001_3m-a1-w310-sc0.seed" --dueWindowHalfWidth="310" --setupCostCoefficient="0" --outsourcingModel="none" --outsourcingUnitRate="1" --discountStrength="0" --timeLimitSeconds="10800" --maxNodes="100000"	${WORKSPACE}/experiment-suite/formal-v1/runs/pricing-comparison/pricing-wet040_001_3m-a1-w310-sc0-time_indexed_sri	seed-wet040_001_3m-a1-w310-sc0	pricing-comparison
seed-wet040_001_3m-a5-w0-sc0	HEU.FormalExperimentRunner	--action="seed" --runId="seed-wet040_001_3m-a5-w0-sc0" --instance="${WORKSPACE}/experiment-suite/formal-v1/instances/40-3/wet040_001_3m_timeX5.dat" --seedFile="${WORKSPACE}/experiment-suite/formal-v1/seeds/wet040_001_3m-a5-w0-sc0.seed" --outputDir="${WORKSPACE}/experiment-suite/formal-v1/runs/seed-wet040_001_3m-a5-w0-sc0" --dueWindowHalfWidth="0" --setupCostCoefficient="0"	${WORKSPACE}/experiment-suite/formal-v1/runs/seed-wet040_001_3m-a5-w0-sc0		seed
pricing-wet040_001_3m-a5-w0-sc0-ng_dssr	HEU.FormalExperimentRunner	--action="solve" --runId="pricing-wet040_001_3m-a5-w0-sc0-ng_dssr" --instance="${WORKSPACE}/experiment-suite/formal-v1/instances/40-3/wet040_001_3m_timeX5.dat" --algorithm="NG_DSSR" --outputDir="${WORKSPACE}/experiment-suite/formal-v1/runs/pricing-comparison/pricing-wet040_001_3m-a5-w0-sc0-ng_dssr" --seedFile="${WORKSPACE}/experiment-suite/formal-v1/seeds/wet040_001_3m-a5-w0-sc0.seed" --dueWindowHalfWidth="0" --setupCostCoefficient="0" --outsourcingModel="none" --outsourcingUnitRate="1" --discountStrength="0" --timeLimitSeconds="10800" --maxNodes="100000"	${WORKSPACE}/experiment-suite/formal-v1/runs/pricing-comparison/pricing-wet040_001_3m-a5-w0-sc0-ng_dssr	seed-wet040_001_3m-a5-w0-sc0	pricing-comparison
pricing-wet040_001_3m-a5-w0-sc0-time_indexed	HEU.FormalExperimentRunner	--action="solve" --runId="pricing-wet040_001_3m-a5-w0-sc0-time_indexed" --instance="${WORKSPACE}/experiment-suite/formal-v1/instances/40-3/wet040_001_3m_timeX5.dat" --algorithm="TIME_INDEXED" --outputDir="${WORKSPACE}/experiment-suite/formal-v1/runs/pricing-comparison/pricing-wet040_001_3m-a5-w0-sc0-time_indexed" --seedFile="${WORKSPACE}/experiment-suite/formal-v1/seeds/wet040_001_3m-a5-w0-sc0.seed" --dueWindowHalfWidth="0" --setupCostCoefficient="0" --outsourcingModel="none" --outsourcingUnitRate="1" --discountStrength="0" --timeLimitSeconds="10800" --maxNodes="100000"	${WORKSPACE}/experiment-suite/formal-v1/runs/pricing-comparison/pricing-wet040_001_3m-a5-w0-sc0-time_indexed	seed-wet040_001_3m-a5-w0-sc0	pricing-comparison
pricing-wet040_001_3m-a5-w0-sc0-time_indexed_sri	HEU.FormalExperimentRunner	--action="solve" --runId="pricing-wet040_001_3m-a5-w0-sc0-time_indexed_sri" --instance="${WORKSPACE}/experiment-suite/formal-v1/instances/40-3/wet040_001_3m_timeX5.dat" --algorithm="TIME_INDEXED_SRI" --outputDir="${WORKSPACE}/experiment-suite/formal-v1/runs/pricing-comparison/pricing-wet040_001_3m-a5-w0-sc0-time_indexed_sri" --seedFile="${WORKSPACE}/experiment-suite/formal-v1/seeds/wet040_001_3m-a5-w0-sc0.seed" --dueWindowHalfWidth="0" --setupCostCoefficient="0" --outsourcingModel="none" --outsourcingUnitRate="1" --discountStrength="0" --timeLimitSeconds="10800" --maxNodes="100000"	${WORKSPACE}/experiment-suite/formal-v1/runs/pricing-comparison/pricing-wet040_001_3m-a5-w0-sc0-time_indexed_sri	seed-wet040_001_3m-a5-w0-sc0	pricing-comparison
seed-wet040_001_3m-a5-w516-sc0	HEU.FormalExperimentRunner	--action="seed" --runId="seed-wet040_001_3m-a5-w516-sc0" --instance="${WORKSPACE}/experiment-suite/formal-v1/instances/40-3/wet040_001_3m_timeX5.dat" --seedFile="${WORKSPACE}/experiment-suite/formal-v1/seeds/wet040_001_3m-a5-w516-sc0.seed" --outputDir="${WORKSPACE}/experiment-suite/formal-v1/runs/seed-wet040_001_3m-a5-w516-sc0" --dueWindowHalfWidth="516" --setupCostCoefficient="0"	${WORKSPACE}/experiment-suite/formal-v1/runs/seed-wet040_001_3m-a5-w516-sc0		seed
pricing-wet040_001_3m-a5-w516-sc0-ng_dssr	HEU.FormalExperimentRunner	--action="solve" --runId="pricing-wet040_001_3m-a5-w516-sc0-ng_dssr" --instance="${WORKSPACE}/experiment-suite/formal-v1/instances/40-3/wet040_001_3m_timeX5.dat" --algorithm="NG_DSSR" --outputDir="${WORKSPACE}/experiment-suite/formal-v1/runs/pricing-comparison/pricing-wet040_001_3m-a5-w516-sc0-ng_dssr" --seedFile="${WORKSPACE}/experiment-suite/formal-v1/seeds/wet040_001_3m-a5-w516-sc0.seed" --dueWindowHalfWidth="516" --setupCostCoefficient="0" --outsourcingModel="none" --outsourcingUnitRate="1" --discountStrength="0" --timeLimitSeconds="10800" --maxNodes="100000"	${WORKSPACE}/experiment-suite/formal-v1/runs/pricing-comparison/pricing-wet040_001_3m-a5-w516-sc0-ng_dssr	seed-wet040_001_3m-a5-w516-sc0	pricing-comparison
pricing-wet040_001_3m-a5-w516-sc0-time_indexed	HEU.FormalExperimentRunner	--action="solve" --runId="pricing-wet040_001_3m-a5-w516-sc0-time_indexed" --instance="${WORKSPACE}/experiment-suite/formal-v1/instances/40-3/wet040_001_3m_timeX5.dat" --algorithm="TIME_INDEXED" --outputDir="${WORKSPACE}/experiment-suite/formal-v1/runs/pricing-comparison/pricing-wet040_001_3m-a5-w516-sc0-time_indexed" --seedFile="${WORKSPACE}/experiment-suite/formal-v1/seeds/wet040_001_3m-a5-w516-sc0.seed" --dueWindowHalfWidth="516" --setupCostCoefficient="0" --outsourcingModel="none" --outsourcingUnitRate="1" --discountStrength="0" --timeLimitSeconds="10800" --maxNodes="100000"	${WORKSPACE}/experiment-suite/formal-v1/runs/pricing-comparison/pricing-wet040_001_3m-a5-w516-sc0-time_indexed	seed-wet040_001_3m-a5-w516-sc0	pricing-comparison
pricing-wet040_001_3m-a5-w516-sc0-time_indexed_sri	HEU.FormalExperimentRunner	--action="solve" --runId="pricing-wet040_001_3m-a5-w516-sc0-time_indexed_sri" --instance="${WORKSPACE}/experiment-suite/formal-v1/instances/40-3/wet040_001_3m_timeX5.dat" --algorithm="TIME_INDEXED_SRI" --outputDir="${WORKSPACE}/experiment-suite/formal-v1/runs/pricing-comparison/pricing-wet040_001_3m-a5-w516-sc0-time_indexed_sri" --seedFile="${WORKSPACE}/experiment-suite/formal-v1/seeds/wet040_001_3m-a5-w516-sc0.seed" --dueWindowHalfWidth="516" --setupCostCoefficient="0" --outsourcingModel="none" --outsourcingUnitRate="1" --discountStrength="0" --timeLimitSeconds="10800" --maxNodes="100000"	${WORKSPACE}/experiment-suite/formal-v1/runs/pricing-comparison/pricing-wet040_001_3m-a5-w516-sc0-time_indexed_sri	seed-wet040_001_3m-a5-w516-sc0	pricing-comparison
seed-wet040_001_3m-a5-w1549-sc0	HEU.FormalExperimentRunner	--action="seed" --runId="seed-wet040_001_3m-a5-w1549-sc0" --instance="${WORKSPACE}/experiment-suite/formal-v1/instances/40-3/wet040_001_3m_timeX5.dat" --seedFile="${WORKSPACE}/experiment-suite/formal-v1/seeds/wet040_001_3m-a5-w1549-sc0.seed" --outputDir="${WORKSPACE}/experiment-suite/formal-v1/runs/seed-wet040_001_3m-a5-w1549-sc0" --dueWindowHalfWidth="1549" --setupCostCoefficient="0"	${WORKSPACE}/experiment-suite/formal-v1/runs/seed-wet040_001_3m-a5-w1549-sc0		seed
pricing-wet040_001_3m-a5-w1549-sc0-ng_dssr	HEU.FormalExperimentRunner	--action="solve" --runId="pricing-wet040_001_3m-a5-w1549-sc0-ng_dssr" --instance="${WORKSPACE}/experiment-suite/formal-v1/instances/40-3/wet040_001_3m_timeX5.dat" --algorithm="NG_DSSR" --outputDir="${WORKSPACE}/experiment-suite/formal-v1/runs/pricing-comparison/pricing-wet040_001_3m-a5-w1549-sc0-ng_dssr" --seedFile="${WORKSPACE}/experiment-suite/formal-v1/seeds/wet040_001_3m-a5-w1549-sc0.seed" --dueWindowHalfWidth="1549" --setupCostCoefficient="0" --outsourcingModel="none" --outsourcingUnitRate="1" --discountStrength="0" --timeLimitSeconds="10800" --maxNodes="100000"	${WORKSPACE}/experiment-suite/formal-v1/runs/pricing-comparison/pricing-wet040_001_3m-a5-w1549-sc0-ng_dssr	seed-wet040_001_3m-a5-w1549-sc0	pricing-comparison
pricing-wet040_001_3m-a5-w1549-sc0-time_indexed	HEU.FormalExperimentRunner	--action="solve" --runId="pricing-wet040_001_3m-a5-w1549-sc0-time_indexed" --instance="${WORKSPACE}/experiment-suite/formal-v1/instances/40-3/wet040_001_3m_timeX5.dat" --algorithm="TIME_INDEXED" --outputDir="${WORKSPACE}/experiment-suite/formal-v1/runs/pricing-comparison/pricing-wet040_001_3m-a5-w1549-sc0-time_indexed" --seedFile="${WORKSPACE}/experiment-suite/formal-v1/seeds/wet040_001_3m-a5-w1549-sc0.seed" --dueWindowHalfWidth="1549" --setupCostCoefficient="0" --outsourcingModel="none" --outsourcingUnitRate="1" --discountStrength="0" --timeLimitSeconds="10800" --maxNodes="100000"	${WORKSPACE}/experiment-suite/formal-v1/runs/pricing-comparison/pricing-wet040_001_3m-a5-w1549-sc0-time_indexed	seed-wet040_001_3m-a5-w1549-sc0	pricing-comparison
pricing-wet040_001_3m-a5-w1549-sc0-time_indexed_sri	HEU.FormalExperimentRunner	--action="solve" --runId="pricing-wet040_001_3m-a5-w1549-sc0-time_indexed_sri" --instance="${WORKSPACE}/experiment-suite/formal-v1/instances/40-3/wet040_001_3m_timeX5.dat" --algorithm="TIME_INDEXED_SRI" --outputDir="${WORKSPACE}/experiment-suite/formal-v1/runs/pricing-comparison/pricing-wet040_001_3m-a5-w1549-sc0-time_indexed_sri" --seedFile="${WORKSPACE}/experiment-suite/formal-v1/seeds/wet040_001_3m-a5-w1549-sc0.seed" --dueWindowHalfWidth="1549" --setupCostCoefficient="0" --outsourcingModel="none" --outsourcingUnitRate="1" --discountStrength="0" --timeLimitSeconds="10800" --maxNodes="100000"	${WORKSPACE}/experiment-suite/formal-v1/runs/pricing-comparison/pricing-wet040_001_3m-a5-w1549-sc0-time_indexed_sri	seed-wet040_001_3m-a5-w1549-sc0	pricing-comparison
seed-wet040_001_3m-a10-w0-sc0	HEU.FormalExperimentRunner	--action="seed" --runId="seed-wet040_001_3m-a10-w0-sc0" --instance="${WORKSPACE}/experiment-suite/formal-v1/instances/40-3/wet040_001_3m_timeX10.dat" --seedFile="${WORKSPACE}/experiment-suite/formal-v1/seeds/wet040_001_3m-a10-w0-sc0.seed" --outputDir="${WORKSPACE}/experiment-suite/formal-v1/runs/seed-wet040_001_3m-a10-w0-sc0" --dueWindowHalfWidth="0" --setupCostCoefficient="0"	${WORKSPACE}/experiment-suite/formal-v1/runs/seed-wet040_001_3m-a10-w0-sc0		seed
pricing-wet040_001_3m-a10-w0-sc0-ng_dssr	HEU.FormalExperimentRunner	--action="solve" --runId="pricing-wet040_001_3m-a10-w0-sc0-ng_dssr" --instance="${WORKSPACE}/experiment-suite/formal-v1/instances/40-3/wet040_001_3m_timeX10.dat" --algorithm="NG_DSSR" --outputDir="${WORKSPACE}/experiment-suite/formal-v1/runs/pricing-comparison/pricing-wet040_001_3m-a10-w0-sc0-ng_dssr" --seedFile="${WORKSPACE}/experiment-suite/formal-v1/seeds/wet040_001_3m-a10-w0-sc0.seed" --dueWindowHalfWidth="0" --setupCostCoefficient="0" --outsourcingModel="none" --outsourcingUnitRate="1" --discountStrength="0" --timeLimitSeconds="10800" --maxNodes="100000"	${WORKSPACE}/experiment-suite/formal-v1/runs/pricing-comparison/pricing-wet040_001_3m-a10-w0-sc0-ng_dssr	seed-wet040_001_3m-a10-w0-sc0	pricing-comparison
pricing-wet040_001_3m-a10-w0-sc0-time_indexed	HEU.FormalExperimentRunner	--action="solve" --runId="pricing-wet040_001_3m-a10-w0-sc0-time_indexed" --instance="${WORKSPACE}/experiment-suite/formal-v1/instances/40-3/wet040_001_3m_timeX10.dat" --algorithm="TIME_INDEXED" --outputDir="${WORKSPACE}/experiment-suite/formal-v1/runs/pricing-comparison/pricing-wet040_001_3m-a10-w0-sc0-time_indexed" --seedFile="${WORKSPACE}/experiment-suite/formal-v1/seeds/wet040_001_3m-a10-w0-sc0.seed" --dueWindowHalfWidth="0" --setupCostCoefficient="0" --outsourcingModel="none" --outsourcingUnitRate="1" --discountStrength="0" --timeLimitSeconds="10800" --maxNodes="100000"	${WORKSPACE}/experiment-suite/formal-v1/runs/pricing-comparison/pricing-wet040_001_3m-a10-w0-sc0-time_indexed	seed-wet040_001_3m-a10-w0-sc0	pricing-comparison
pricing-wet040_001_3m-a10-w0-sc0-time_indexed_sri	HEU.FormalExperimentRunner	--action="solve" --runId="pricing-wet040_001_3m-a10-w0-sc0-time_indexed_sri" --instance="${WORKSPACE}/experiment-suite/formal-v1/instances/40-3/wet040_001_3m_timeX10.dat" --algorithm="TIME_INDEXED_SRI" --outputDir="${WORKSPACE}/experiment-suite/formal-v1/runs/pricing-comparison/pricing-wet040_001_3m-a10-w0-sc0-time_indexed_sri" --seedFile="${WORKSPACE}/experiment-suite/formal-v1/seeds/wet040_001_3m-a10-w0-sc0.seed" --dueWindowHalfWidth="0" --setupCostCoefficient="0" --outsourcingModel="none" --outsourcingUnitRate="1" --discountStrength="0" --timeLimitSeconds="10800" --maxNodes="100000"	${WORKSPACE}/experiment-suite/formal-v1/runs/pricing-comparison/pricing-wet040_001_3m-a10-w0-sc0-time_indexed_sri	seed-wet040_001_3m-a10-w0-sc0	pricing-comparison
seed-wet040_001_3m-a10-w1032-sc0	HEU.FormalExperimentRunner	--action="seed" --runId="seed-wet040_001_3m-a10-w1032-sc0" --instance="${WORKSPACE}/experiment-suite/formal-v1/instances/40-3/wet040_001_3m_timeX10.dat" --seedFile="${WORKSPACE}/experiment-suite/formal-v1/seeds/wet040_001_3m-a10-w1032-sc0.seed" --outputDir="${WORKSPACE}/experiment-suite/formal-v1/runs/seed-wet040_001_3m-a10-w1032-sc0" --dueWindowHalfWidth="1032" --setupCostCoefficient="0"	${WORKSPACE}/experiment-suite/formal-v1/runs/seed-wet040_001_3m-a10-w1032-sc0		seed
pricing-wet040_001_3m-a10-w1032-sc0-ng_dssr	HEU.FormalExperimentRunner	--action="solve" --runId="pricing-wet040_001_3m-a10-w1032-sc0-ng_dssr" --instance="${WORKSPACE}/experiment-suite/formal-v1/instances/40-3/wet040_001_3m_timeX10.dat" --algorithm="NG_DSSR" --outputDir="${WORKSPACE}/experiment-suite/formal-v1/runs/pricing-comparison/pricing-wet040_001_3m-a10-w1032-sc0-ng_dssr" --seedFile="${WORKSPACE}/experiment-suite/formal-v1/seeds/wet040_001_3m-a10-w1032-sc0.seed" --dueWindowHalfWidth="1032" --setupCostCoefficient="0" --outsourcingModel="none" --outsourcingUnitRate="1" --discountStrength="0" --timeLimitSeconds="10800" --maxNodes="100000"	${WORKSPACE}/experiment-suite/formal-v1/runs/pricing-comparison/pricing-wet040_001_3m-a10-w1032-sc0-ng_dssr	seed-wet040_001_3m-a10-w1032-sc0	pricing-comparison
pricing-wet040_001_3m-a10-w1032-sc0-time_indexed	HEU.FormalExperimentRunner	--action="solve" --runId="pricing-wet040_001_3m-a10-w1032-sc0-time_indexed" --instance="${WORKSPACE}/experiment-suite/formal-v1/instances/40-3/wet040_001_3m_timeX10.dat" --algorithm="TIME_INDEXED" --outputDir="${WORKSPACE}/experiment-suite/formal-v1/runs/pricing-comparison/pricing-wet040_001_3m-a10-w1032-sc0-time_indexed" --seedFile="${WORKSPACE}/experiment-suite/formal-v1/seeds/wet040_001_3m-a10-w1032-sc0.seed" --dueWindowHalfWidth="1032" --setupCostCoefficient="0" --outsourcingModel="none" --outsourcingUnitRate="1" --discountStrength="0" --timeLimitSeconds="10800" --maxNodes="100000"	${WORKSPACE}/experiment-suite/formal-v1/runs/pricing-comparison/pricing-wet040_001_3m-a10-w1032-sc0-time_indexed	seed-wet040_001_3m-a10-w1032-sc0	pricing-comparison
pricing-wet040_001_3m-a10-w1032-sc0-time_indexed_sri	HEU.FormalExperimentRunner	--action="solve" --runId="pricing-wet040_001_3m-a10-w1032-sc0-time_indexed_sri" --instance="${WORKSPACE}/experiment-suite/formal-v1/instances/40-3/wet040_001_3m_timeX10.dat" --algorithm="TIME_INDEXED_SRI" --outputDir="${WORKSPACE}/experiment-suite/formal-v1/runs/pricing-comparison/pricing-wet040_001_3m-a10-w1032-sc0-time_indexed_sri" --seedFile="${WORKSPACE}/experiment-suite/formal-v1/seeds/wet040_001_3m-a10-w1032-sc0.seed" --dueWindowHalfWidth="1032" --setupCostCoefficient="0" --outsourcingModel="none" --outsourcingUnitRate="1" --discountStrength="0" --timeLimitSeconds="10800" --maxNodes="100000"	${WORKSPACE}/experiment-suite/formal-v1/runs/pricing-comparison/pricing-wet040_001_3m-a10-w1032-sc0-time_indexed_sri	seed-wet040_001_3m-a10-w1032-sc0	pricing-comparison
seed-wet040_001_3m-a10-w3098-sc0	HEU.FormalExperimentRunner	--action="seed" --runId="seed-wet040_001_3m-a10-w3098-sc0" --instance="${WORKSPACE}/experiment-suite/formal-v1/instances/40-3/wet040_001_3m_timeX10.dat" --seedFile="${WORKSPACE}/experiment-suite/formal-v1/seeds/wet040_001_3m-a10-w3098-sc0.seed" --outputDir="${WORKSPACE}/experiment-suite/formal-v1/runs/seed-wet040_001_3m-a10-w3098-sc0" --dueWindowHalfWidth="3098" --setupCostCoefficient="0"	${WORKSPACE}/experiment-suite/formal-v1/runs/seed-wet040_001_3m-a10-w3098-sc0		seed
pricing-wet040_001_3m-a10-w3098-sc0-ng_dssr	HEU.FormalExperimentRunner	--action="solve" --runId="pricing-wet040_001_3m-a10-w3098-sc0-ng_dssr" --instance="${WORKSPACE}/experiment-suite/formal-v1/instances/40-3/wet040_001_3m_timeX10.dat" --algorithm="NG_DSSR" --outputDir="${WORKSPACE}/experiment-suite/formal-v1/runs/pricing-comparison/pricing-wet040_001_3m-a10-w3098-sc0-ng_dssr" --seedFile="${WORKSPACE}/experiment-suite/formal-v1/seeds/wet040_001_3m-a10-w3098-sc0.seed" --dueWindowHalfWidth="3098" --setupCostCoefficient="0" --outsourcingModel="none" --outsourcingUnitRate="1" --discountStrength="0" --timeLimitSeconds="10800" --maxNodes="100000"	${WORKSPACE}/experiment-suite/formal-v1/runs/pricing-comparison/pricing-wet040_001_3m-a10-w3098-sc0-ng_dssr	seed-wet040_001_3m-a10-w3098-sc0	pricing-comparison
pricing-wet040_001_3m-a10-w3098-sc0-time_indexed	HEU.FormalExperimentRunner	--action="solve" --runId="pricing-wet040_001_3m-a10-w3098-sc0-time_indexed" --instance="${WORKSPACE}/experiment-suite/formal-v1/instances/40-3/wet040_001_3m_timeX10.dat" --algorithm="TIME_INDEXED" --outputDir="${WORKSPACE}/experiment-suite/formal-v1/runs/pricing-comparison/pricing-wet040_001_3m-a10-w3098-sc0-time_indexed" --seedFile="${WORKSPACE}/experiment-suite/formal-v1/seeds/wet040_001_3m-a10-w3098-sc0.seed" --dueWindowHalfWidth="3098" --setupCostCoefficient="0" --outsourcingModel="none" --outsourcingUnitRate="1" --discountStrength="0" --timeLimitSeconds="10800" --maxNodes="100000"	${WORKSPACE}/experiment-suite/formal-v1/runs/pricing-comparison/pricing-wet040_001_3m-a10-w3098-sc0-time_indexed	seed-wet040_001_3m-a10-w3098-sc0	pricing-comparison
pricing-wet040_001_3m-a10-w3098-sc0-time_indexed_sri	HEU.FormalExperimentRunner	--action="solve" --runId="pricing-wet040_001_3m-a10-w3098-sc0-time_indexed_sri" --instance="${WORKSPACE}/experiment-suite/formal-v1/instances/40-3/wet040_001_3m_timeX10.dat" --algorithm="TIME_INDEXED_SRI" --outputDir="${WORKSPACE}/experiment-suite/formal-v1/runs/pricing-comparison/pricing-wet040_001_3m-a10-w3098-sc0-time_indexed_sri" --seedFile="${WORKSPACE}/experiment-suite/formal-v1/seeds/wet040_001_3m-a10-w3098-sc0.seed" --dueWindowHalfWidth="3098" --setupCostCoefficient="0" --outsourcingModel="none" --outsourcingUnitRate="1" --discountStrength="0" --timeLimitSeconds="10800" --maxNodes="100000"	${WORKSPACE}/experiment-suite/formal-v1/runs/pricing-comparison/pricing-wet040_001_3m-a10-w3098-sc0-time_indexed_sri	seed-wet040_001_3m-a10-w3098-sc0	pricing-comparison
seed-wet040_002_3m-a1-w0-sc0	HEU.FormalExperimentRunner	--action="seed" --runId="seed-wet040_002_3m-a1-w0-sc0" --instance="${WORKSPACE}/data/40-3/wet040_002_3m.dat" --seedFile="${WORKSPACE}/experiment-suite/formal-v1/seeds/wet040_002_3m-a1-w0-sc0.seed" --outputDir="${WORKSPACE}/experiment-suite/formal-v1/runs/seed-wet040_002_3m-a1-w0-sc0" --dueWindowHalfWidth="0" --setupCostCoefficient="0"	${WORKSPACE}/experiment-suite/formal-v1/runs/seed-wet040_002_3m-a1-w0-sc0		seed
pricing-wet040_002_3m-a1-w0-sc0-ng_dssr	HEU.FormalExperimentRunner	--action="solve" --runId="pricing-wet040_002_3m-a1-w0-sc0-ng_dssr" --instance="${WORKSPACE}/data/40-3/wet040_002_3m.dat" --algorithm="NG_DSSR" --outputDir="${WORKSPACE}/experiment-suite/formal-v1/runs/pricing-comparison/pricing-wet040_002_3m-a1-w0-sc0-ng_dssr" --seedFile="${WORKSPACE}/experiment-suite/formal-v1/seeds/wet040_002_3m-a1-w0-sc0.seed" --dueWindowHalfWidth="0" --setupCostCoefficient="0" --outsourcingModel="none" --outsourcingUnitRate="1" --discountStrength="0" --timeLimitSeconds="10800" --maxNodes="100000"	${WORKSPACE}/experiment-suite/formal-v1/runs/pricing-comparison/pricing-wet040_002_3m-a1-w0-sc0-ng_dssr	seed-wet040_002_3m-a1-w0-sc0	pricing-comparison
pricing-wet040_002_3m-a1-w0-sc0-time_indexed	HEU.FormalExperimentRunner	--action="solve" --runId="pricing-wet040_002_3m-a1-w0-sc0-time_indexed" --instance="${WORKSPACE}/data/40-3/wet040_002_3m.dat" --algorithm="TIME_INDEXED" --outputDir="${WORKSPACE}/experiment-suite/formal-v1/runs/pricing-comparison/pricing-wet040_002_3m-a1-w0-sc0-time_indexed" --seedFile="${WORKSPACE}/experiment-suite/formal-v1/seeds/wet040_002_3m-a1-w0-sc0.seed" --dueWindowHalfWidth="0" --setupCostCoefficient="0" --outsourcingModel="none" --outsourcingUnitRate="1" --discountStrength="0" --timeLimitSeconds="10800" --maxNodes="100000"	${WORKSPACE}/experiment-suite/formal-v1/runs/pricing-comparison/pricing-wet040_002_3m-a1-w0-sc0-time_indexed	seed-wet040_002_3m-a1-w0-sc0	pricing-comparison
pricing-wet040_002_3m-a1-w0-sc0-time_indexed_sri	HEU.FormalExperimentRunner	--action="solve" --runId="pricing-wet040_002_3m-a1-w0-sc0-time_indexed_sri" --instance="${WORKSPACE}/data/40-3/wet040_002_3m.dat" --algorithm="TIME_INDEXED_SRI" --outputDir="${WORKSPACE}/experiment-suite/formal-v1/runs/pricing-comparison/pricing-wet040_002_3m-a1-w0-sc0-time_indexed_sri" --seedFile="${WORKSPACE}/experiment-suite/formal-v1/seeds/wet040_002_3m-a1-w0-sc0.seed" --dueWindowHalfWidth="0" --setupCostCoefficient="0" --outsourcingModel="none" --outsourcingUnitRate="1" --discountStrength="0" --timeLimitSeconds="10800" --maxNodes="100000"	${WORKSPACE}/experiment-suite/formal-v1/runs/pricing-comparison/pricing-wet040_002_3m-a1-w0-sc0-time_indexed_sri	seed-wet040_002_3m-a1-w0-sc0	pricing-comparison
seed-wet040_002_3m-a1-w102-sc0	HEU.FormalExperimentRunner	--action="seed" --runId="seed-wet040_002_3m-a1-w102-sc0" --instance="${WORKSPACE}/data/40-3/wet040_002_3m.dat" --seedFile="${WORKSPACE}/experiment-suite/formal-v1/seeds/wet040_002_3m-a1-w102-sc0.seed" --outputDir="${WORKSPACE}/experiment-suite/formal-v1/runs/seed-wet040_002_3m-a1-w102-sc0" --dueWindowHalfWidth="102" --setupCostCoefficient="0"	${WORKSPACE}/experiment-suite/formal-v1/runs/seed-wet040_002_3m-a1-w102-sc0		seed
pricing-wet040_002_3m-a1-w102-sc0-ng_dssr	HEU.FormalExperimentRunner	--action="solve" --runId="pricing-wet040_002_3m-a1-w102-sc0-ng_dssr" --instance="${WORKSPACE}/data/40-3/wet040_002_3m.dat" --algorithm="NG_DSSR" --outputDir="${WORKSPACE}/experiment-suite/formal-v1/runs/pricing-comparison/pricing-wet040_002_3m-a1-w102-sc0-ng_dssr" --seedFile="${WORKSPACE}/experiment-suite/formal-v1/seeds/wet040_002_3m-a1-w102-sc0.seed" --dueWindowHalfWidth="102" --setupCostCoefficient="0" --outsourcingModel="none" --outsourcingUnitRate="1" --discountStrength="0" --timeLimitSeconds="10800" --maxNodes="100000"	${WORKSPACE}/experiment-suite/formal-v1/runs/pricing-comparison/pricing-wet040_002_3m-a1-w102-sc0-ng_dssr	seed-wet040_002_3m-a1-w102-sc0	pricing-comparison
pricing-wet040_002_3m-a1-w102-sc0-time_indexed	HEU.FormalExperimentRunner	--action="solve" --runId="pricing-wet040_002_3m-a1-w102-sc0-time_indexed" --instance="${WORKSPACE}/data/40-3/wet040_002_3m.dat" --algorithm="TIME_INDEXED" --outputDir="${WORKSPACE}/experiment-suite/formal-v1/runs/pricing-comparison/pricing-wet040_002_3m-a1-w102-sc0-time_indexed" --seedFile="${WORKSPACE}/experiment-suite/formal-v1/seeds/wet040_002_3m-a1-w102-sc0.seed" --dueWindowHalfWidth="102" --setupCostCoefficient="0" --outsourcingModel="none" --outsourcingUnitRate="1" --discountStrength="0" --timeLimitSeconds="10800" --maxNodes="100000"	${WORKSPACE}/experiment-suite/formal-v1/runs/pricing-comparison/pricing-wet040_002_3m-a1-w102-sc0-time_indexed	seed-wet040_002_3m-a1-w102-sc0	pricing-comparison
pricing-wet040_002_3m-a1-w102-sc0-time_indexed_sri	HEU.FormalExperimentRunner	--action="solve" --runId="pricing-wet040_002_3m-a1-w102-sc0-time_indexed_sri" --instance="${WORKSPACE}/data/40-3/wet040_002_3m.dat" --algorithm="TIME_INDEXED_SRI" --outputDir="${WORKSPACE}/experiment-suite/formal-v1/runs/pricing-comparison/pricing-wet040_002_3m-a1-w102-sc0-time_indexed_sri" --seedFile="${WORKSPACE}/experiment-suite/formal-v1/seeds/wet040_002_3m-a1-w102-sc0.seed" --dueWindowHalfWidth="102" --setupCostCoefficient="0" --outsourcingModel="none" --outsourcingUnitRate="1" --discountStrength="0" --timeLimitSeconds="10800" --maxNodes="100000"	${WORKSPACE}/experiment-suite/formal-v1/runs/pricing-comparison/pricing-wet040_002_3m-a1-w102-sc0-time_indexed_sri	seed-wet040_002_3m-a1-w102-sc0	pricing-comparison
seed-wet040_002_3m-a1-w306-sc0	HEU.FormalExperimentRunner	--action="seed" --runId="seed-wet040_002_3m-a1-w306-sc0" --instance="${WORKSPACE}/data/40-3/wet040_002_3m.dat" --seedFile="${WORKSPACE}/experiment-suite/formal-v1/seeds/wet040_002_3m-a1-w306-sc0.seed" --outputDir="${WORKSPACE}/experiment-suite/formal-v1/runs/seed-wet040_002_3m-a1-w306-sc0" --dueWindowHalfWidth="306" --setupCostCoefficient="0"	${WORKSPACE}/experiment-suite/formal-v1/runs/seed-wet040_002_3m-a1-w306-sc0		seed
pricing-wet040_002_3m-a1-w306-sc0-ng_dssr	HEU.FormalExperimentRunner	--action="solve" --runId="pricing-wet040_002_3m-a1-w306-sc0-ng_dssr" --instance="${WORKSPACE}/data/40-3/wet040_002_3m.dat" --algorithm="NG_DSSR" --outputDir="${WORKSPACE}/experiment-suite/formal-v1/runs/pricing-comparison/pricing-wet040_002_3m-a1-w306-sc0-ng_dssr" --seedFile="${WORKSPACE}/experiment-suite/formal-v1/seeds/wet040_002_3m-a1-w306-sc0.seed" --dueWindowHalfWidth="306" --setupCostCoefficient="0" --outsourcingModel="none" --outsourcingUnitRate="1" --discountStrength="0" --timeLimitSeconds="10800" --maxNodes="100000"	${WORKSPACE}/experiment-suite/formal-v1/runs/pricing-comparison/pricing-wet040_002_3m-a1-w306-sc0-ng_dssr	seed-wet040_002_3m-a1-w306-sc0	pricing-comparison
pricing-wet040_002_3m-a1-w306-sc0-time_indexed	HEU.FormalExperimentRunner	--action="solve" --runId="pricing-wet040_002_3m-a1-w306-sc0-time_indexed" --instance="${WORKSPACE}/data/40-3/wet040_002_3m.dat" --algorithm="TIME_INDEXED" --outputDir="${WORKSPACE}/experiment-suite/formal-v1/runs/pricing-comparison/pricing-wet040_002_3m-a1-w306-sc0-time_indexed" --seedFile="${WORKSPACE}/experiment-suite/formal-v1/seeds/wet040_002_3m-a1-w306-sc0.seed" --dueWindowHalfWidth="306" --setupCostCoefficient="0" --outsourcingModel="none" --outsourcingUnitRate="1" --discountStrength="0" --timeLimitSeconds="10800" --maxNodes="100000"	${WORKSPACE}/experiment-suite/formal-v1/runs/pricing-comparison/pricing-wet040_002_3m-a1-w306-sc0-time_indexed	seed-wet040_002_3m-a1-w306-sc0	pricing-comparison
pricing-wet040_002_3m-a1-w306-sc0-time_indexed_sri	HEU.FormalExperimentRunner	--action="solve" --runId="pricing-wet040_002_3m-a1-w306-sc0-time_indexed_sri" --instance="${WORKSPACE}/data/40-3/wet040_002_3m.dat" --algorithm="TIME_INDEXED_SRI" --outputDir="${WORKSPACE}/experiment-suite/formal-v1/runs/pricing-comparison/pricing-wet040_002_3m-a1-w306-sc0-time_indexed_sri" --seedFile="${WORKSPACE}/experiment-suite/formal-v1/seeds/wet040_002_3m-a1-w306-sc0.seed" --dueWindowHalfWidth="306" --setupCostCoefficient="0" --outsourcingModel="none" --outsourcingUnitRate="1" --discountStrength="0" --timeLimitSeconds="10800" --maxNodes="100000"	${WORKSPACE}/experiment-suite/formal-v1/runs/pricing-comparison/pricing-wet040_002_3m-a1-w306-sc0-time_indexed_sri	seed-wet040_002_3m-a1-w306-sc0	pricing-comparison
seed-wet040_002_3m-a5-w0-sc0	HEU.FormalExperimentRunner	--action="seed" --runId="seed-wet040_002_3m-a5-w0-sc0" --instance="${WORKSPACE}/experiment-suite/formal-v1/instances/40-3/wet040_002_3m_timeX5.dat" --seedFile="${WORKSPACE}/experiment-suite/formal-v1/seeds/wet040_002_3m-a5-w0-sc0.seed" --outputDir="${WORKSPACE}/experiment-suite/formal-v1/runs/seed-wet040_002_3m-a5-w0-sc0" --dueWindowHalfWidth="0" --setupCostCoefficient="0"	${WORKSPACE}/experiment-suite/formal-v1/runs/seed-wet040_002_3m-a5-w0-sc0		seed
pricing-wet040_002_3m-a5-w0-sc0-ng_dssr	HEU.FormalExperimentRunner	--action="solve" --runId="pricing-wet040_002_3m-a5-w0-sc0-ng_dssr" --instance="${WORKSPACE}/experiment-suite/formal-v1/instances/40-3/wet040_002_3m_timeX5.dat" --algorithm="NG_DSSR" --outputDir="${WORKSPACE}/experiment-suite/formal-v1/runs/pricing-comparison/pricing-wet040_002_3m-a5-w0-sc0-ng_dssr" --seedFile="${WORKSPACE}/experiment-suite/formal-v1/seeds/wet040_002_3m-a5-w0-sc0.seed" --dueWindowHalfWidth="0" --setupCostCoefficient="0" --outsourcingModel="none" --outsourcingUnitRate="1" --discountStrength="0" --timeLimitSeconds="10800" --maxNodes="100000"	${WORKSPACE}/experiment-suite/formal-v1/runs/pricing-comparison/pricing-wet040_002_3m-a5-w0-sc0-ng_dssr	seed-wet040_002_3m-a5-w0-sc0	pricing-comparison
pricing-wet040_002_3m-a5-w0-sc0-time_indexed	HEU.FormalExperimentRunner	--action="solve" --runId="pricing-wet040_002_3m-a5-w0-sc0-time_indexed" --instance="${WORKSPACE}/experiment-suite/formal-v1/instances/40-3/wet040_002_3m_timeX5.dat" --algorithm="TIME_INDEXED" --outputDir="${WORKSPACE}/experiment-suite/formal-v1/runs/pricing-comparison/pricing-wet040_002_3m-a5-w0-sc0-time_indexed" --seedFile="${WORKSPACE}/experiment-suite/formal-v1/seeds/wet040_002_3m-a5-w0-sc0.seed" --dueWindowHalfWidth="0" --setupCostCoefficient="0" --outsourcingModel="none" --outsourcingUnitRate="1" --discountStrength="0" --timeLimitSeconds="10800" --maxNodes="100000"	${WORKSPACE}/experiment-suite/formal-v1/runs/pricing-comparison/pricing-wet040_002_3m-a5-w0-sc0-time_indexed	seed-wet040_002_3m-a5-w0-sc0	pricing-comparison
pricing-wet040_002_3m-a5-w0-sc0-time_indexed_sri	HEU.FormalExperimentRunner	--action="solve" --runId="pricing-wet040_002_3m-a5-w0-sc0-time_indexed_sri" --instance="${WORKSPACE}/experiment-suite/formal-v1/instances/40-3/wet040_002_3m_timeX5.dat" --algorithm="TIME_INDEXED_SRI" --outputDir="${WORKSPACE}/experiment-suite/formal-v1/runs/pricing-comparison/pricing-wet040_002_3m-a5-w0-sc0-time_indexed_sri" --seedFile="${WORKSPACE}/experiment-suite/formal-v1/seeds/wet040_002_3m-a5-w0-sc0.seed" --dueWindowHalfWidth="0" --setupCostCoefficient="0" --outsourcingModel="none" --outsourcingUnitRate="1" --discountStrength="0" --timeLimitSeconds="10800" --maxNodes="100000"	${WORKSPACE}/experiment-suite/formal-v1/runs/pricing-comparison/pricing-wet040_002_3m-a5-w0-sc0-time_indexed_sri	seed-wet040_002_3m-a5-w0-sc0	pricing-comparison
seed-wet040_002_3m-a5-w510-sc0	HEU.FormalExperimentRunner	--action="seed" --runId="seed-wet040_002_3m-a5-w510-sc0" --instance="${WORKSPACE}/experiment-suite/formal-v1/instances/40-3/wet040_002_3m_timeX5.dat" --seedFile="${WORKSPACE}/experiment-suite/formal-v1/seeds/wet040_002_3m-a5-w510-sc0.seed" --outputDir="${WORKSPACE}/experiment-suite/formal-v1/runs/seed-wet040_002_3m-a5-w510-sc0" --dueWindowHalfWidth="510" --setupCostCoefficient="0"	${WORKSPACE}/experiment-suite/formal-v1/runs/seed-wet040_002_3m-a5-w510-sc0		seed
pricing-wet040_002_3m-a5-w510-sc0-ng_dssr	HEU.FormalExperimentRunner	--action="solve" --runId="pricing-wet040_002_3m-a5-w510-sc0-ng_dssr" --instance="${WORKSPACE}/experiment-suite/formal-v1/instances/40-3/wet040_002_3m_timeX5.dat" --algorithm="NG_DSSR" --outputDir="${WORKSPACE}/experiment-suite/formal-v1/runs/pricing-comparison/pricing-wet040_002_3m-a5-w510-sc0-ng_dssr" --seedFile="${WORKSPACE}/experiment-suite/formal-v1/seeds/wet040_002_3m-a5-w510-sc0.seed" --dueWindowHalfWidth="510" --setupCostCoefficient="0" --outsourcingModel="none" --outsourcingUnitRate="1" --discountStrength="0" --timeLimitSeconds="10800" --maxNodes="100000"	${WORKSPACE}/experiment-suite/formal-v1/runs/pricing-comparison/pricing-wet040_002_3m-a5-w510-sc0-ng_dssr	seed-wet040_002_3m-a5-w510-sc0	pricing-comparison
pricing-wet040_002_3m-a5-w510-sc0-time_indexed	HEU.FormalExperimentRunner	--action="solve" --runId="pricing-wet040_002_3m-a5-w510-sc0-time_indexed" --instance="${WORKSPACE}/experiment-suite/formal-v1/instances/40-3/wet040_002_3m_timeX5.dat" --algorithm="TIME_INDEXED" --outputDir="${WORKSPACE}/experiment-suite/formal-v1/runs/pricing-comparison/pricing-wet040_002_3m-a5-w510-sc0-time_indexed" --seedFile="${WORKSPACE}/experiment-suite/formal-v1/seeds/wet040_002_3m-a5-w510-sc0.seed" --dueWindowHalfWidth="510" --setupCostCoefficient="0" --outsourcingModel="none" --outsourcingUnitRate="1" --discountStrength="0" --timeLimitSeconds="10800" --maxNodes="100000"	${WORKSPACE}/experiment-suite/formal-v1/runs/pricing-comparison/pricing-wet040_002_3m-a5-w510-sc0-time_indexed	seed-wet040_002_3m-a5-w510-sc0	pricing-comparison
pricing-wet040_002_3m-a5-w510-sc0-time_indexed_sri	HEU.FormalExperimentRunner	--action="solve" --runId="pricing-wet040_002_3m-a5-w510-sc0-time_indexed_sri" --instance="${WORKSPACE}/experiment-suite/formal-v1/instances/40-3/wet040_002_3m_timeX5.dat" --algorithm="TIME_INDEXED_SRI" --outputDir="${WORKSPACE}/experiment-suite/formal-v1/runs/pricing-comparison/pricing-wet040_002_3m-a5-w510-sc0-time_indexed_sri" --seedFile="${WORKSPACE}/experiment-suite/formal-v1/seeds/wet040_002_3m-a5-w510-sc0.seed" --dueWindowHalfWidth="510" --setupCostCoefficient="0" --outsourcingModel="none" --outsourcingUnitRate="1" --discountStrength="0" --timeLimitSeconds="10800" --maxNodes="100000"	${WORKSPACE}/experiment-suite/formal-v1/runs/pricing-comparison/pricing-wet040_002_3m-a5-w510-sc0-time_indexed_sri	seed-wet040_002_3m-a5-w510-sc0	pricing-comparison
seed-wet040_002_3m-a5-w1529-sc0	HEU.FormalExperimentRunner	--action="seed" --runId="seed-wet040_002_3m-a5-w1529-sc0" --instance="${WORKSPACE}/experiment-suite/formal-v1/instances/40-3/wet040_002_3m_timeX5.dat" --seedFile="${WORKSPACE}/experiment-suite/formal-v1/seeds/wet040_002_3m-a5-w1529-sc0.seed" --outputDir="${WORKSPACE}/experiment-suite/formal-v1/runs/seed-wet040_002_3m-a5-w1529-sc0" --dueWindowHalfWidth="1529" --setupCostCoefficient="0"	${WORKSPACE}/experiment-suite/formal-v1/runs/seed-wet040_002_3m-a5-w1529-sc0		seed
pricing-wet040_002_3m-a5-w1529-sc0-ng_dssr	HEU.FormalExperimentRunner	--action="solve" --runId="pricing-wet040_002_3m-a5-w1529-sc0-ng_dssr" --instance="${WORKSPACE}/experiment-suite/formal-v1/instances/40-3/wet040_002_3m_timeX5.dat" --algorithm="NG_DSSR" --outputDir="${WORKSPACE}/experiment-suite/formal-v1/runs/pricing-comparison/pricing-wet040_002_3m-a5-w1529-sc0-ng_dssr" --seedFile="${WORKSPACE}/experiment-suite/formal-v1/seeds/wet040_002_3m-a5-w1529-sc0.seed" --dueWindowHalfWidth="1529" --setupCostCoefficient="0" --outsourcingModel="none" --outsourcingUnitRate="1" --discountStrength="0" --timeLimitSeconds="10800" --maxNodes="100000"	${WORKSPACE}/experiment-suite/formal-v1/runs/pricing-comparison/pricing-wet040_002_3m-a5-w1529-sc0-ng_dssr	seed-wet040_002_3m-a5-w1529-sc0	pricing-comparison
pricing-wet040_002_3m-a5-w1529-sc0-time_indexed	HEU.FormalExperimentRunner	--action="solve" --runId="pricing-wet040_002_3m-a5-w1529-sc0-time_indexed" --instance="${WORKSPACE}/experiment-suite/formal-v1/instances/40-3/wet040_002_3m_timeX5.dat" --algorithm="TIME_INDEXED" --outputDir="${WORKSPACE}/experiment-suite/formal-v1/runs/pricing-comparison/pricing-wet040_002_3m-a5-w1529-sc0-time_indexed" --seedFile="${WORKSPACE}/experiment-suite/formal-v1/seeds/wet040_002_3m-a5-w1529-sc0.seed" --dueWindowHalfWidth="1529" --setupCostCoefficient="0" --outsourcingModel="none" --outsourcingUnitRate="1" --discountStrength="0" --timeLimitSeconds="10800" --maxNodes="100000"	${WORKSPACE}/experiment-suite/formal-v1/runs/pricing-comparison/pricing-wet040_002_3m-a5-w1529-sc0-time_indexed	seed-wet040_002_3m-a5-w1529-sc0	pricing-comparison
pricing-wet040_002_3m-a5-w1529-sc0-time_indexed_sri	HEU.FormalExperimentRunner	--action="solve" --runId="pricing-wet040_002_3m-a5-w1529-sc0-time_indexed_sri" --instance="${WORKSPACE}/experiment-suite/formal-v1/instances/40-3/wet040_002_3m_timeX5.dat" --algorithm="TIME_INDEXED_SRI" --outputDir="${WORKSPACE}/experiment-suite/formal-v1/runs/pricing-comparison/pricing-wet040_002_3m-a5-w1529-sc0-time_indexed_sri" --seedFile="${WORKSPACE}/experiment-suite/formal-v1/seeds/wet040_002_3m-a5-w1529-sc0.seed" --dueWindowHalfWidth="1529" --setupCostCoefficient="0" --outsourcingModel="none" --outsourcingUnitRate="1" --discountStrength="0" --timeLimitSeconds="10800" --maxNodes="100000"	${WORKSPACE}/experiment-suite/formal-v1/runs/pricing-comparison/pricing-wet040_002_3m-a5-w1529-sc0-time_indexed_sri	seed-wet040_002_3m-a5-w1529-sc0	pricing-comparison
seed-wet040_002_3m-a10-w0-sc0	HEU.FormalExperimentRunner	--action="seed" --runId="seed-wet040_002_3m-a10-w0-sc0" --instance="${WORKSPACE}/experiment-suite/formal-v1/instances/40-3/wet040_002_3m_timeX10.dat" --seedFile="${WORKSPACE}/experiment-suite/formal-v1/seeds/wet040_002_3m-a10-w0-sc0.seed" --outputDir="${WORKSPACE}/experiment-suite/formal-v1/runs/seed-wet040_002_3m-a10-w0-sc0" --dueWindowHalfWidth="0" --setupCostCoefficient="0"	${WORKSPACE}/experiment-suite/formal-v1/runs/seed-wet040_002_3m-a10-w0-sc0		seed
pricing-wet040_002_3m-a10-w0-sc0-ng_dssr	HEU.FormalExperimentRunner	--action="solve" --runId="pricing-wet040_002_3m-a10-w0-sc0-ng_dssr" --instance="${WORKSPACE}/experiment-suite/formal-v1/instances/40-3/wet040_002_3m_timeX10.dat" --algorithm="NG_DSSR" --outputDir="${WORKSPACE}/experiment-suite/formal-v1/runs/pricing-comparison/pricing-wet040_002_3m-a10-w0-sc0-ng_dssr" --seedFile="${WORKSPACE}/experiment-suite/formal-v1/seeds/wet040_002_3m-a10-w0-sc0.seed" --dueWindowHalfWidth="0" --setupCostCoefficient="0" --outsourcingModel="none" --outsourcingUnitRate="1" --discountStrength="0" --timeLimitSeconds="10800" --maxNodes="100000"	${WORKSPACE}/experiment-suite/formal-v1/runs/pricing-comparison/pricing-wet040_002_3m-a10-w0-sc0-ng_dssr	seed-wet040_002_3m-a10-w0-sc0	pricing-comparison
pricing-wet040_002_3m-a10-w0-sc0-time_indexed	HEU.FormalExperimentRunner	--action="solve" --runId="pricing-wet040_002_3m-a10-w0-sc0-time_indexed" --instance="${WORKSPACE}/experiment-suite/formal-v1/instances/40-3/wet040_002_3m_timeX10.dat" --algorithm="TIME_INDEXED" --outputDir="${WORKSPACE}/experiment-suite/formal-v1/runs/pricing-comparison/pricing-wet040_002_3m-a10-w0-sc0-time_indexed" --seedFile="${WORKSPACE}/experiment-suite/formal-v1/seeds/wet040_002_3m-a10-w0-sc0.seed" --dueWindowHalfWidth="0" --setupCostCoefficient="0" --outsourcingModel="none" --outsourcingUnitRate="1" --discountStrength="0" --timeLimitSeconds="10800" --maxNodes="100000"	${WORKSPACE}/experiment-suite/formal-v1/runs/pricing-comparison/pricing-wet040_002_3m-a10-w0-sc0-time_indexed	seed-wet040_002_3m-a10-w0-sc0	pricing-comparison
pricing-wet040_002_3m-a10-w0-sc0-time_indexed_sri	HEU.FormalExperimentRunner	--action="solve" --runId="pricing-wet040_002_3m-a10-w0-sc0-time_indexed_sri" --instance="${WORKSPACE}/experiment-suite/formal-v1/instances/40-3/wet040_002_3m_timeX10.dat" --algorithm="TIME_INDEXED_SRI" --outputDir="${WORKSPACE}/experiment-suite/formal-v1/runs/pricing-comparison/pricing-wet040_002_3m-a10-w0-sc0-time_indexed_sri" --seedFile="${WORKSPACE}/experiment-suite/formal-v1/seeds/wet040_002_3m-a10-w0-sc0.seed" --dueWindowHalfWidth="0" --setupCostCoefficient="0" --outsourcingModel="none" --outsourcingUnitRate="1" --discountStrength="0" --timeLimitSeconds="10800" --maxNodes="100000"	${WORKSPACE}/experiment-suite/formal-v1/runs/pricing-comparison/pricing-wet040_002_3m-a10-w0-sc0-time_indexed_sri	seed-wet040_002_3m-a10-w0-sc0	pricing-comparison
seed-wet040_002_3m-a10-w1020-sc0	HEU.FormalExperimentRunner	--action="seed" --runId="seed-wet040_002_3m-a10-w1020-sc0" --instance="${WORKSPACE}/experiment-suite/formal-v1/instances/40-3/wet040_002_3m_timeX10.dat" --seedFile="${WORKSPACE}/experiment-suite/formal-v1/seeds/wet040_002_3m-a10-w1020-sc0.seed" --outputDir="${WORKSPACE}/experiment-suite/formal-v1/runs/seed-wet040_002_3m-a10-w1020-sc0" --dueWindowHalfWidth="1020" --setupCostCoefficient="0"	${WORKSPACE}/experiment-suite/formal-v1/runs/seed-wet040_002_3m-a10-w1020-sc0		seed
pricing-wet040_002_3m-a10-w1020-sc0-ng_dssr	HEU.FormalExperimentRunner	--action="solve" --runId="pricing-wet040_002_3m-a10-w1020-sc0-ng_dssr" --instance="${WORKSPACE}/experiment-suite/formal-v1/instances/40-3/wet040_002_3m_timeX10.dat" --algorithm="NG_DSSR" --outputDir="${WORKSPACE}/experiment-suite/formal-v1/runs/pricing-comparison/pricing-wet040_002_3m-a10-w1020-sc0-ng_dssr" --seedFile="${WORKSPACE}/experiment-suite/formal-v1/seeds/wet040_002_3m-a10-w1020-sc0.seed" --dueWindowHalfWidth="1020" --setupCostCoefficient="0" --outsourcingModel="none" --outsourcingUnitRate="1" --discountStrength="0" --timeLimitSeconds="10800" --maxNodes="100000"	${WORKSPACE}/experiment-suite/formal-v1/runs/pricing-comparison/pricing-wet040_002_3m-a10-w1020-sc0-ng_dssr	seed-wet040_002_3m-a10-w1020-sc0	pricing-comparison
pricing-wet040_002_3m-a10-w1020-sc0-time_indexed	HEU.FormalExperimentRunner	--action="solve" --runId="pricing-wet040_002_3m-a10-w1020-sc0-time_indexed" --instance="${WORKSPACE}/experiment-suite/formal-v1/instances/40-3/wet040_002_3m_timeX10.dat" --algorithm="TIME_INDEXED" --outputDir="${WORKSPACE}/experiment-suite/formal-v1/runs/pricing-comparison/pricing-wet040_002_3m-a10-w1020-sc0-time_indexed" --seedFile="${WORKSPACE}/experiment-suite/formal-v1/seeds/wet040_002_3m-a10-w1020-sc0.seed" --dueWindowHalfWidth="1020" --setupCostCoefficient="0" --outsourcingModel="none" --outsourcingUnitRate="1" --discountStrength="0" --timeLimitSeconds="10800" --maxNodes="100000"	${WORKSPACE}/experiment-suite/formal-v1/runs/pricing-comparison/pricing-wet040_002_3m-a10-w1020-sc0-time_indexed	seed-wet040_002_3m-a10-w1020-sc0	pricing-comparison
pricing-wet040_002_3m-a10-w1020-sc0-time_indexed_sri	HEU.FormalExperimentRunner	--action="solve" --runId="pricing-wet040_002_3m-a10-w1020-sc0-time_indexed_sri" --instance="${WORKSPACE}/experiment-suite/formal-v1/instances/40-3/wet040_002_3m_timeX10.dat" --algorithm="TIME_INDEXED_SRI" --outputDir="${WORKSPACE}/experiment-suite/formal-v1/runs/pricing-comparison/pricing-wet040_002_3m-a10-w1020-sc0-time_indexed_sri" --seedFile="${WORKSPACE}/experiment-suite/formal-v1/seeds/wet040_002_3m-a10-w1020-sc0.seed" --dueWindowHalfWidth="1020" --setupCostCoefficient="0" --outsourcingModel="none" --outsourcingUnitRate="1" --discountStrength="0" --timeLimitSeconds="10800" --maxNodes="100000"	${WORKSPACE}/experiment-suite/formal-v1/runs/pricing-comparison/pricing-wet040_002_3m-a10-w1020-sc0-time_indexed_sri	seed-wet040_002_3m-a10-w1020-sc0	pricing-comparison
seed-wet040_002_3m-a10-w3058-sc0	HEU.FormalExperimentRunner	--action="seed" --runId="seed-wet040_002_3m-a10-w3058-sc0" --instance="${WORKSPACE}/experiment-suite/formal-v1/instances/40-3/wet040_002_3m_timeX10.dat" --seedFile="${WORKSPACE}/experiment-suite/formal-v1/seeds/wet040_002_3m-a10-w3058-sc0.seed" --outputDir="${WORKSPACE}/experiment-suite/formal-v1/runs/seed-wet040_002_3m-a10-w3058-sc0" --dueWindowHalfWidth="3058" --setupCostCoefficient="0"	${WORKSPACE}/experiment-suite/formal-v1/runs/seed-wet040_002_3m-a10-w3058-sc0		seed
pricing-wet040_002_3m-a10-w3058-sc0-ng_dssr	HEU.FormalExperimentRunner	--action="solve" --runId="pricing-wet040_002_3m-a10-w3058-sc0-ng_dssr" --instance="${WORKSPACE}/experiment-suite/formal-v1/instances/40-3/wet040_002_3m_timeX10.dat" --algorithm="NG_DSSR" --outputDir="${WORKSPACE}/experiment-suite/formal-v1/runs/pricing-comparison/pricing-wet040_002_3m-a10-w3058-sc0-ng_dssr" --seedFile="${WORKSPACE}/experiment-suite/formal-v1/seeds/wet040_002_3m-a10-w3058-sc0.seed" --dueWindowHalfWidth="3058" --setupCostCoefficient="0" --outsourcingModel="none" --outsourcingUnitRate="1" --discountStrength="0" --timeLimitSeconds="10800" --maxNodes="100000"	${WORKSPACE}/experiment-suite/formal-v1/runs/pricing-comparison/pricing-wet040_002_3m-a10-w3058-sc0-ng_dssr	seed-wet040_002_3m-a10-w3058-sc0	pricing-comparison
pricing-wet040_002_3m-a10-w3058-sc0-time_indexed	HEU.FormalExperimentRunner	--action="solve" --runId="pricing-wet040_002_3m-a10-w3058-sc0-time_indexed" --instance="${WORKSPACE}/experiment-suite/formal-v1/instances/40-3/wet040_002_3m_timeX10.dat" --algorithm="TIME_INDEXED" --outputDir="${WORKSPACE}/experiment-suite/formal-v1/runs/pricing-comparison/pricing-wet040_002_3m-a10-w3058-sc0-time_indexed" --seedFile="${WORKSPACE}/experiment-suite/formal-v1/seeds/wet040_002_3m-a10-w3058-sc0.seed" --dueWindowHalfWidth="3058" --setupCostCoefficient="0" --outsourcingModel="none" --outsourcingUnitRate="1" --discountStrength="0" --timeLimitSeconds="10800" --maxNodes="100000"	${WORKSPACE}/experiment-suite/formal-v1/runs/pricing-comparison/pricing-wet040_002_3m-a10-w3058-sc0-time_indexed	seed-wet040_002_3m-a10-w3058-sc0	pricing-comparison
pricing-wet040_002_3m-a10-w3058-sc0-time_indexed_sri	HEU.FormalExperimentRunner	--action="solve" --runId="pricing-wet040_002_3m-a10-w3058-sc0-time_indexed_sri" --instance="${WORKSPACE}/experiment-suite/formal-v1/instances/40-3/wet040_002_3m_timeX10.dat" --algorithm="TIME_INDEXED_SRI" --outputDir="${WORKSPACE}/experiment-suite/formal-v1/runs/pricing-comparison/pricing-wet040_002_3m-a10-w3058-sc0-time_indexed_sri" --seedFile="${WORKSPACE}/experiment-suite/formal-v1/seeds/wet040_002_3m-a10-w3058-sc0.seed" --dueWindowHalfWidth="3058" --setupCostCoefficient="0" --outsourcingModel="none" --outsourcingUnitRate="1" --discountStrength="0" --timeLimitSeconds="10800" --maxNodes="100000"	${WORKSPACE}/experiment-suite/formal-v1/runs/pricing-comparison/pricing-wet040_002_3m-a10-w3058-sc0-time_indexed_sri	seed-wet040_002_3m-a10-w3058-sc0	pricing-comparison
seed-wet040_003_3m-a1-w0-sc0	HEU.FormalExperimentRunner	--action="seed" --runId="seed-wet040_003_3m-a1-w0-sc0" --instance="${WORKSPACE}/data/40-3/wet040_003_3m.dat" --seedFile="${WORKSPACE}/experiment-suite/formal-v1/seeds/wet040_003_3m-a1-w0-sc0.seed" --outputDir="${WORKSPACE}/experiment-suite/formal-v1/runs/seed-wet040_003_3m-a1-w0-sc0" --dueWindowHalfWidth="0" --setupCostCoefficient="0"	${WORKSPACE}/experiment-suite/formal-v1/runs/seed-wet040_003_3m-a1-w0-sc0		seed
pricing-wet040_003_3m-a1-w0-sc0-ng_dssr	HEU.FormalExperimentRunner	--action="solve" --runId="pricing-wet040_003_3m-a1-w0-sc0-ng_dssr" --instance="${WORKSPACE}/data/40-3/wet040_003_3m.dat" --algorithm="NG_DSSR" --outputDir="${WORKSPACE}/experiment-suite/formal-v1/runs/pricing-comparison/pricing-wet040_003_3m-a1-w0-sc0-ng_dssr" --seedFile="${WORKSPACE}/experiment-suite/formal-v1/seeds/wet040_003_3m-a1-w0-sc0.seed" --dueWindowHalfWidth="0" --setupCostCoefficient="0" --outsourcingModel="none" --outsourcingUnitRate="1" --discountStrength="0" --timeLimitSeconds="10800" --maxNodes="100000"	${WORKSPACE}/experiment-suite/formal-v1/runs/pricing-comparison/pricing-wet040_003_3m-a1-w0-sc0-ng_dssr	seed-wet040_003_3m-a1-w0-sc0	pricing-comparison
pricing-wet040_003_3m-a1-w0-sc0-time_indexed	HEU.FormalExperimentRunner	--action="solve" --runId="pricing-wet040_003_3m-a1-w0-sc0-time_indexed" --instance="${WORKSPACE}/data/40-3/wet040_003_3m.dat" --algorithm="TIME_INDEXED" --outputDir="${WORKSPACE}/experiment-suite/formal-v1/runs/pricing-comparison/pricing-wet040_003_3m-a1-w0-sc0-time_indexed" --seedFile="${WORKSPACE}/experiment-suite/formal-v1/seeds/wet040_003_3m-a1-w0-sc0.seed" --dueWindowHalfWidth="0" --setupCostCoefficient="0" --outsourcingModel="none" --outsourcingUnitRate="1" --discountStrength="0" --timeLimitSeconds="10800" --maxNodes="100000"	${WORKSPACE}/experiment-suite/formal-v1/runs/pricing-comparison/pricing-wet040_003_3m-a1-w0-sc0-time_indexed	seed-wet040_003_3m-a1-w0-sc0	pricing-comparison
pricing-wet040_003_3m-a1-w0-sc0-time_indexed_sri	HEU.FormalExperimentRunner	--action="solve" --runId="pricing-wet040_003_3m-a1-w0-sc0-time_indexed_sri" --instance="${WORKSPACE}/data/40-3/wet040_003_3m.dat" --algorithm="TIME_INDEXED_SRI" --outputDir="${WORKSPACE}/experiment-suite/formal-v1/runs/pricing-comparison/pricing-wet040_003_3m-a1-w0-sc0-time_indexed_sri" --seedFile="${WORKSPACE}/experiment-suite/formal-v1/seeds/wet040_003_3m-a1-w0-sc0.seed" --dueWindowHalfWidth="0" --setupCostCoefficient="0" --outsourcingModel="none" --outsourcingUnitRate="1" --discountStrength="0" --timeLimitSeconds="10800" --maxNodes="100000"	${WORKSPACE}/experiment-suite/formal-v1/runs/pricing-comparison/pricing-wet040_003_3m-a1-w0-sc0-time_indexed_sri	seed-wet040_003_3m-a1-w0-sc0	pricing-comparison
seed-wet040_003_3m-a1-w92-sc0	HEU.FormalExperimentRunner	--action="seed" --runId="seed-wet040_003_3m-a1-w92-sc0" --instance="${WORKSPACE}/data/40-3/wet040_003_3m.dat" --seedFile="${WORKSPACE}/experiment-suite/formal-v1/seeds/wet040_003_3m-a1-w92-sc0.seed" --outputDir="${WORKSPACE}/experiment-suite/formal-v1/runs/seed-wet040_003_3m-a1-w92-sc0" --dueWindowHalfWidth="92" --setupCostCoefficient="0"	${WORKSPACE}/experiment-suite/formal-v1/runs/seed-wet040_003_3m-a1-w92-sc0		seed
pricing-wet040_003_3m-a1-w92-sc0-ng_dssr	HEU.FormalExperimentRunner	--action="solve" --runId="pricing-wet040_003_3m-a1-w92-sc0-ng_dssr" --instance="${WORKSPACE}/data/40-3/wet040_003_3m.dat" --algorithm="NG_DSSR" --outputDir="${WORKSPACE}/experiment-suite/formal-v1/runs/pricing-comparison/pricing-wet040_003_3m-a1-w92-sc0-ng_dssr" --seedFile="${WORKSPACE}/experiment-suite/formal-v1/seeds/wet040_003_3m-a1-w92-sc0.seed" --dueWindowHalfWidth="92" --setupCostCoefficient="0" --outsourcingModel="none" --outsourcingUnitRate="1" --discountStrength="0" --timeLimitSeconds="10800" --maxNodes="100000"	${WORKSPACE}/experiment-suite/formal-v1/runs/pricing-comparison/pricing-wet040_003_3m-a1-w92-sc0-ng_dssr	seed-wet040_003_3m-a1-w92-sc0	pricing-comparison
pricing-wet040_003_3m-a1-w92-sc0-time_indexed	HEU.FormalExperimentRunner	--action="solve" --runId="pricing-wet040_003_3m-a1-w92-sc0-time_indexed" --instance="${WORKSPACE}/data/40-3/wet040_003_3m.dat" --algorithm="TIME_INDEXED" --outputDir="${WORKSPACE}/experiment-suite/formal-v1/runs/pricing-comparison/pricing-wet040_003_3m-a1-w92-sc0-time_indexed" --seedFile="${WORKSPACE}/experiment-suite/formal-v1/seeds/wet040_003_3m-a1-w92-sc0.seed" --dueWindowHalfWidth="92" --setupCostCoefficient="0" --outsourcingModel="none" --outsourcingUnitRate="1" --discountStrength="0" --timeLimitSeconds="10800" --maxNodes="100000"	${WORKSPACE}/experiment-suite/formal-v1/runs/pricing-comparison/pricing-wet040_003_3m-a1-w92-sc0-time_indexed	seed-wet040_003_3m-a1-w92-sc0	pricing-comparison
pricing-wet040_003_3m-a1-w92-sc0-time_indexed_sri	HEU.FormalExperimentRunner	--action="solve" --runId="pricing-wet040_003_3m-a1-w92-sc0-time_indexed_sri" --instance="${WORKSPACE}/data/40-3/wet040_003_3m.dat" --algorithm="TIME_INDEXED_SRI" --outputDir="${WORKSPACE}/experiment-suite/formal-v1/runs/pricing-comparison/pricing-wet040_003_3m-a1-w92-sc0-time_indexed_sri" --seedFile="${WORKSPACE}/experiment-suite/formal-v1/seeds/wet040_003_3m-a1-w92-sc0.seed" --dueWindowHalfWidth="92" --setupCostCoefficient="0" --outsourcingModel="none" --outsourcingUnitRate="1" --discountStrength="0" --timeLimitSeconds="10800" --maxNodes="100000"	${WORKSPACE}/experiment-suite/formal-v1/runs/pricing-comparison/pricing-wet040_003_3m-a1-w92-sc0-time_indexed_sri	seed-wet040_003_3m-a1-w92-sc0	pricing-comparison
seed-wet040_003_3m-a1-w276-sc0	HEU.FormalExperimentRunner	--action="seed" --runId="seed-wet040_003_3m-a1-w276-sc0" --instance="${WORKSPACE}/data/40-3/wet040_003_3m.dat" --seedFile="${WORKSPACE}/experiment-suite/formal-v1/seeds/wet040_003_3m-a1-w276-sc0.seed" --outputDir="${WORKSPACE}/experiment-suite/formal-v1/runs/seed-wet040_003_3m-a1-w276-sc0" --dueWindowHalfWidth="276" --setupCostCoefficient="0"	${WORKSPACE}/experiment-suite/formal-v1/runs/seed-wet040_003_3m-a1-w276-sc0		seed
pricing-wet040_003_3m-a1-w276-sc0-ng_dssr	HEU.FormalExperimentRunner	--action="solve" --runId="pricing-wet040_003_3m-a1-w276-sc0-ng_dssr" --instance="${WORKSPACE}/data/40-3/wet040_003_3m.dat" --algorithm="NG_DSSR" --outputDir="${WORKSPACE}/experiment-suite/formal-v1/runs/pricing-comparison/pricing-wet040_003_3m-a1-w276-sc0-ng_dssr" --seedFile="${WORKSPACE}/experiment-suite/formal-v1/seeds/wet040_003_3m-a1-w276-sc0.seed" --dueWindowHalfWidth="276" --setupCostCoefficient="0" --outsourcingModel="none" --outsourcingUnitRate="1" --discountStrength="0" --timeLimitSeconds="10800" --maxNodes="100000"	${WORKSPACE}/experiment-suite/formal-v1/runs/pricing-comparison/pricing-wet040_003_3m-a1-w276-sc0-ng_dssr	seed-wet040_003_3m-a1-w276-sc0	pricing-comparison
pricing-wet040_003_3m-a1-w276-sc0-time_indexed	HEU.FormalExperimentRunner	--action="solve" --runId="pricing-wet040_003_3m-a1-w276-sc0-time_indexed" --instance="${WORKSPACE}/data/40-3/wet040_003_3m.dat" --algorithm="TIME_INDEXED" --outputDir="${WORKSPACE}/experiment-suite/formal-v1/runs/pricing-comparison/pricing-wet040_003_3m-a1-w276-sc0-time_indexed" --seedFile="${WORKSPACE}/experiment-suite/formal-v1/seeds/wet040_003_3m-a1-w276-sc0.seed" --dueWindowHalfWidth="276" --setupCostCoefficient="0" --outsourcingModel="none" --outsourcingUnitRate="1" --discountStrength="0" --timeLimitSeconds="10800" --maxNodes="100000"	${WORKSPACE}/experiment-suite/formal-v1/runs/pricing-comparison/pricing-wet040_003_3m-a1-w276-sc0-time_indexed	seed-wet040_003_3m-a1-w276-sc0	pricing-comparison
pricing-wet040_003_3m-a1-w276-sc0-time_indexed_sri	HEU.FormalExperimentRunner	--action="solve" --runId="pricing-wet040_003_3m-a1-w276-sc0-time_indexed_sri" --instance="${WORKSPACE}/data/40-3/wet040_003_3m.dat" --algorithm="TIME_INDEXED_SRI" --outputDir="${WORKSPACE}/experiment-suite/formal-v1/runs/pricing-comparison/pricing-wet040_003_3m-a1-w276-sc0-time_indexed_sri" --seedFile="${WORKSPACE}/experiment-suite/formal-v1/seeds/wet040_003_3m-a1-w276-sc0.seed" --dueWindowHalfWidth="276" --setupCostCoefficient="0" --outsourcingModel="none" --outsourcingUnitRate="1" --discountStrength="0" --timeLimitSeconds="10800" --maxNodes="100000"	${WORKSPACE}/experiment-suite/formal-v1/runs/pricing-comparison/pricing-wet040_003_3m-a1-w276-sc0-time_indexed_sri	seed-wet040_003_3m-a1-w276-sc0	pricing-comparison
seed-wet040_003_3m-a5-w0-sc0	HEU.FormalExperimentRunner	--action="seed" --runId="seed-wet040_003_3m-a5-w0-sc0" --instance="${WORKSPACE}/experiment-suite/formal-v1/instances/40-3/wet040_003_3m_timeX5.dat" --seedFile="${WORKSPACE}/experiment-suite/formal-v1/seeds/wet040_003_3m-a5-w0-sc0.seed" --outputDir="${WORKSPACE}/experiment-suite/formal-v1/runs/seed-wet040_003_3m-a5-w0-sc0" --dueWindowHalfWidth="0" --setupCostCoefficient="0"	${WORKSPACE}/experiment-suite/formal-v1/runs/seed-wet040_003_3m-a5-w0-sc0		seed
pricing-wet040_003_3m-a5-w0-sc0-ng_dssr	HEU.FormalExperimentRunner	--action="solve" --runId="pricing-wet040_003_3m-a5-w0-sc0-ng_dssr" --instance="${WORKSPACE}/experiment-suite/formal-v1/instances/40-3/wet040_003_3m_timeX5.dat" --algorithm="NG_DSSR" --outputDir="${WORKSPACE}/experiment-suite/formal-v1/runs/pricing-comparison/pricing-wet040_003_3m-a5-w0-sc0-ng_dssr" --seedFile="${WORKSPACE}/experiment-suite/formal-v1/seeds/wet040_003_3m-a5-w0-sc0.seed" --dueWindowHalfWidth="0" --setupCostCoefficient="0" --outsourcingModel="none" --outsourcingUnitRate="1" --discountStrength="0" --timeLimitSeconds="10800" --maxNodes="100000"	${WORKSPACE}/experiment-suite/formal-v1/runs/pricing-comparison/pricing-wet040_003_3m-a5-w0-sc0-ng_dssr	seed-wet040_003_3m-a5-w0-sc0	pricing-comparison
pricing-wet040_003_3m-a5-w0-sc0-time_indexed	HEU.FormalExperimentRunner	--action="solve" --runId="pricing-wet040_003_3m-a5-w0-sc0-time_indexed" --instance="${WORKSPACE}/experiment-suite/formal-v1/instances/40-3/wet040_003_3m_timeX5.dat" --algorithm="TIME_INDEXED" --outputDir="${WORKSPACE}/experiment-suite/formal-v1/runs/pricing-comparison/pricing-wet040_003_3m-a5-w0-sc0-time_indexed" --seedFile="${WORKSPACE}/experiment-suite/formal-v1/seeds/wet040_003_3m-a5-w0-sc0.seed" --dueWindowHalfWidth="0" --setupCostCoefficient="0" --outsourcingModel="none" --outsourcingUnitRate="1" --discountStrength="0" --timeLimitSeconds="10800" --maxNodes="100000"	${WORKSPACE}/experiment-suite/formal-v1/runs/pricing-comparison/pricing-wet040_003_3m-a5-w0-sc0-time_indexed	seed-wet040_003_3m-a5-w0-sc0	pricing-comparison
pricing-wet040_003_3m-a5-w0-sc0-time_indexed_sri	HEU.FormalExperimentRunner	--action="solve" --runId="pricing-wet040_003_3m-a5-w0-sc0-time_indexed_sri" --instance="${WORKSPACE}/experiment-suite/formal-v1/instances/40-3/wet040_003_3m_timeX5.dat" --algorithm="TIME_INDEXED_SRI" --outputDir="${WORKSPACE}/experiment-suite/formal-v1/runs/pricing-comparison/pricing-wet040_003_3m-a5-w0-sc0-time_indexed_sri" --seedFile="${WORKSPACE}/experiment-suite/formal-v1/seeds/wet040_003_3m-a5-w0-sc0.seed" --dueWindowHalfWidth="0" --setupCostCoefficient="0" --outsourcingModel="none" --outsourcingUnitRate="1" --discountStrength="0" --timeLimitSeconds="10800" --maxNodes="100000"	${WORKSPACE}/experiment-suite/formal-v1/runs/pricing-comparison/pricing-wet040_003_3m-a5-w0-sc0-time_indexed_sri	seed-wet040_003_3m-a5-w0-sc0	pricing-comparison
seed-wet040_003_3m-a5-w459-sc0	HEU.FormalExperimentRunner	--action="seed" --runId="seed-wet040_003_3m-a5-w459-sc0" --instance="${WORKSPACE}/experiment-suite/formal-v1/instances/40-3/wet040_003_3m_timeX5.dat" --seedFile="${WORKSPACE}/experiment-suite/formal-v1/seeds/wet040_003_3m-a5-w459-sc0.seed" --outputDir="${WORKSPACE}/experiment-suite/formal-v1/runs/seed-wet040_003_3m-a5-w459-sc0" --dueWindowHalfWidth="459" --setupCostCoefficient="0"	${WORKSPACE}/experiment-suite/formal-v1/runs/seed-wet040_003_3m-a5-w459-sc0		seed
pricing-wet040_003_3m-a5-w459-sc0-ng_dssr	HEU.FormalExperimentRunner	--action="solve" --runId="pricing-wet040_003_3m-a5-w459-sc0-ng_dssr" --instance="${WORKSPACE}/experiment-suite/formal-v1/instances/40-3/wet040_003_3m_timeX5.dat" --algorithm="NG_DSSR" --outputDir="${WORKSPACE}/experiment-suite/formal-v1/runs/pricing-comparison/pricing-wet040_003_3m-a5-w459-sc0-ng_dssr" --seedFile="${WORKSPACE}/experiment-suite/formal-v1/seeds/wet040_003_3m-a5-w459-sc0.seed" --dueWindowHalfWidth="459" --setupCostCoefficient="0" --outsourcingModel="none" --outsourcingUnitRate="1" --discountStrength="0" --timeLimitSeconds="10800" --maxNodes="100000"	${WORKSPACE}/experiment-suite/formal-v1/runs/pricing-comparison/pricing-wet040_003_3m-a5-w459-sc0-ng_dssr	seed-wet040_003_3m-a5-w459-sc0	pricing-comparison
pricing-wet040_003_3m-a5-w459-sc0-time_indexed	HEU.FormalExperimentRunner	--action="solve" --runId="pricing-wet040_003_3m-a5-w459-sc0-time_indexed" --instance="${WORKSPACE}/experiment-suite/formal-v1/instances/40-3/wet040_003_3m_timeX5.dat" --algorithm="TIME_INDEXED" --outputDir="${WORKSPACE}/experiment-suite/formal-v1/runs/pricing-comparison/pricing-wet040_003_3m-a5-w459-sc0-time_indexed" --seedFile="${WORKSPACE}/experiment-suite/formal-v1/seeds/wet040_003_3m-a5-w459-sc0.seed" --dueWindowHalfWidth="459" --setupCostCoefficient="0" --outsourcingModel="none" --outsourcingUnitRate="1" --discountStrength="0" --timeLimitSeconds="10800" --maxNodes="100000"	${WORKSPACE}/experiment-suite/formal-v1/runs/pricing-comparison/pricing-wet040_003_3m-a5-w459-sc0-time_indexed	seed-wet040_003_3m-a5-w459-sc0	pricing-comparison
pricing-wet040_003_3m-a5-w459-sc0-time_indexed_sri	HEU.FormalExperimentRunner	--action="solve" --runId="pricing-wet040_003_3m-a5-w459-sc0-time_indexed_sri" --instance="${WORKSPACE}/experiment-suite/formal-v1/instances/40-3/wet040_003_3m_timeX5.dat" --algorithm="TIME_INDEXED_SRI" --outputDir="${WORKSPACE}/experiment-suite/formal-v1/runs/pricing-comparison/pricing-wet040_003_3m-a5-w459-sc0-time_indexed_sri" --seedFile="${WORKSPACE}/experiment-suite/formal-v1/seeds/wet040_003_3m-a5-w459-sc0.seed" --dueWindowHalfWidth="459" --setupCostCoefficient="0" --outsourcingModel="none" --outsourcingUnitRate="1" --discountStrength="0" --timeLimitSeconds="10800" --maxNodes="100000"	${WORKSPACE}/experiment-suite/formal-v1/runs/pricing-comparison/pricing-wet040_003_3m-a5-w459-sc0-time_indexed_sri	seed-wet040_003_3m-a5-w459-sc0	pricing-comparison
seed-wet040_003_3m-a5-w1378-sc0	HEU.FormalExperimentRunner	--action="seed" --runId="seed-wet040_003_3m-a5-w1378-sc0" --instance="${WORKSPACE}/experiment-suite/formal-v1/instances/40-3/wet040_003_3m_timeX5.dat" --seedFile="${WORKSPACE}/experiment-suite/formal-v1/seeds/wet040_003_3m-a5-w1378-sc0.seed" --outputDir="${WORKSPACE}/experiment-suite/formal-v1/runs/seed-wet040_003_3m-a5-w1378-sc0" --dueWindowHalfWidth="1378" --setupCostCoefficient="0"	${WORKSPACE}/experiment-suite/formal-v1/runs/seed-wet040_003_3m-a5-w1378-sc0		seed
pricing-wet040_003_3m-a5-w1378-sc0-ng_dssr	HEU.FormalExperimentRunner	--action="solve" --runId="pricing-wet040_003_3m-a5-w1378-sc0-ng_dssr" --instance="${WORKSPACE}/experiment-suite/formal-v1/instances/40-3/wet040_003_3m_timeX5.dat" --algorithm="NG_DSSR" --outputDir="${WORKSPACE}/experiment-suite/formal-v1/runs/pricing-comparison/pricing-wet040_003_3m-a5-w1378-sc0-ng_dssr" --seedFile="${WORKSPACE}/experiment-suite/formal-v1/seeds/wet040_003_3m-a5-w1378-sc0.seed" --dueWindowHalfWidth="1378" --setupCostCoefficient="0" --outsourcingModel="none" --outsourcingUnitRate="1" --discountStrength="0" --timeLimitSeconds="10800" --maxNodes="100000"	${WORKSPACE}/experiment-suite/formal-v1/runs/pricing-comparison/pricing-wet040_003_3m-a5-w1378-sc0-ng_dssr	seed-wet040_003_3m-a5-w1378-sc0	pricing-comparison
pricing-wet040_003_3m-a5-w1378-sc0-time_indexed	HEU.FormalExperimentRunner	--action="solve" --runId="pricing-wet040_003_3m-a5-w1378-sc0-time_indexed" --instance="${WORKSPACE}/experiment-suite/formal-v1/instances/40-3/wet040_003_3m_timeX5.dat" --algorithm="TIME_INDEXED" --outputDir="${WORKSPACE}/experiment-suite/formal-v1/runs/pricing-comparison/pricing-wet040_003_3m-a5-w1378-sc0-time_indexed" --seedFile="${WORKSPACE}/experiment-suite/formal-v1/seeds/wet040_003_3m-a5-w1378-sc0.seed" --dueWindowHalfWidth="1378" --setupCostCoefficient="0" --outsourcingModel="none" --outsourcingUnitRate="1" --discountStrength="0" --timeLimitSeconds="10800" --maxNodes="100000"	${WORKSPACE}/experiment-suite/formal-v1/runs/pricing-comparison/pricing-wet040_003_3m-a5-w1378-sc0-time_indexed	seed-wet040_003_3m-a5-w1378-sc0	pricing-comparison
pricing-wet040_003_3m-a5-w1378-sc0-time_indexed_sri	HEU.FormalExperimentRunner	--action="solve" --runId="pricing-wet040_003_3m-a5-w1378-sc0-time_indexed_sri" --instance="${WORKSPACE}/experiment-suite/formal-v1/instances/40-3/wet040_003_3m_timeX5.dat" --algorithm="TIME_INDEXED_SRI" --outputDir="${WORKSPACE}/experiment-suite/formal-v1/runs/pricing-comparison/pricing-wet040_003_3m-a5-w1378-sc0-time_indexed_sri" --seedFile="${WORKSPACE}/experiment-suite/formal-v1/seeds/wet040_003_3m-a5-w1378-sc0.seed" --dueWindowHalfWidth="1378" --setupCostCoefficient="0" --outsourcingModel="none" --outsourcingUnitRate="1" --discountStrength="0" --timeLimitSeconds="10800" --maxNodes="100000"	${WORKSPACE}/experiment-suite/formal-v1/runs/pricing-comparison/pricing-wet040_003_3m-a5-w1378-sc0-time_indexed_sri	seed-wet040_003_3m-a5-w1378-sc0	pricing-comparison
seed-wet040_003_3m-a10-w0-sc0	HEU.FormalExperimentRunner	--action="seed" --runId="seed-wet040_003_3m-a10-w0-sc0" --instance="${WORKSPACE}/experiment-suite/formal-v1/instances/40-3/wet040_003_3m_timeX10.dat" --seedFile="${WORKSPACE}/experiment-suite/formal-v1/seeds/wet040_003_3m-a10-w0-sc0.seed" --outputDir="${WORKSPACE}/experiment-suite/formal-v1/runs/seed-wet040_003_3m-a10-w0-sc0" --dueWindowHalfWidth="0" --setupCostCoefficient="0"	${WORKSPACE}/experiment-suite/formal-v1/runs/seed-wet040_003_3m-a10-w0-sc0		seed
pricing-wet040_003_3m-a10-w0-sc0-ng_dssr	HEU.FormalExperimentRunner	--action="solve" --runId="pricing-wet040_003_3m-a10-w0-sc0-ng_dssr" --instance="${WORKSPACE}/experiment-suite/formal-v1/instances/40-3/wet040_003_3m_timeX10.dat" --algorithm="NG_DSSR" --outputDir="${WORKSPACE}/experiment-suite/formal-v1/runs/pricing-comparison/pricing-wet040_003_3m-a10-w0-sc0-ng_dssr" --seedFile="${WORKSPACE}/experiment-suite/formal-v1/seeds/wet040_003_3m-a10-w0-sc0.seed" --dueWindowHalfWidth="0" --setupCostCoefficient="0" --outsourcingModel="none" --outsourcingUnitRate="1" --discountStrength="0" --timeLimitSeconds="10800" --maxNodes="100000"	${WORKSPACE}/experiment-suite/formal-v1/runs/pricing-comparison/pricing-wet040_003_3m-a10-w0-sc0-ng_dssr	seed-wet040_003_3m-a10-w0-sc0	pricing-comparison
pricing-wet040_003_3m-a10-w0-sc0-time_indexed	HEU.FormalExperimentRunner	--action="solve" --runId="pricing-wet040_003_3m-a10-w0-sc0-time_indexed" --instance="${WORKSPACE}/experiment-suite/formal-v1/instances/40-3/wet040_003_3m_timeX10.dat" --algorithm="TIME_INDEXED" --outputDir="${WORKSPACE}/experiment-suite/formal-v1/runs/pricing-comparison/pricing-wet040_003_3m-a10-w0-sc0-time_indexed" --seedFile="${WORKSPACE}/experiment-suite/formal-v1/seeds/wet040_003_3m-a10-w0-sc0.seed" --dueWindowHalfWidth="0" --setupCostCoefficient="0" --outsourcingModel="none" --outsourcingUnitRate="1" --discountStrength="0" --timeLimitSeconds="10800" --maxNodes="100000"	${WORKSPACE}/experiment-suite/formal-v1/runs/pricing-comparison/pricing-wet040_003_3m-a10-w0-sc0-time_indexed	seed-wet040_003_3m-a10-w0-sc0	pricing-comparison
pricing-wet040_003_3m-a10-w0-sc0-time_indexed_sri	HEU.FormalExperimentRunner	--action="solve" --runId="pricing-wet040_003_3m-a10-w0-sc0-time_indexed_sri" --instance="${WORKSPACE}/experiment-suite/formal-v1/instances/40-3/wet040_003_3m_timeX10.dat" --algorithm="TIME_INDEXED_SRI" --outputDir="${WORKSPACE}/experiment-suite/formal-v1/runs/pricing-comparison/pricing-wet040_003_3m-a10-w0-sc0-time_indexed_sri" --seedFile="${WORKSPACE}/experiment-suite/formal-v1/seeds/wet040_003_3m-a10-w0-sc0.seed" --dueWindowHalfWidth="0" --setupCostCoefficient="0" --outsourcingModel="none" --outsourcingUnitRate="1" --discountStrength="0" --timeLimitSeconds="10800" --maxNodes="100000"	${WORKSPACE}/experiment-suite/formal-v1/runs/pricing-comparison/pricing-wet040_003_3m-a10-w0-sc0-time_indexed_sri	seed-wet040_003_3m-a10-w0-sc0	pricing-comparison
seed-wet040_003_3m-a10-w918-sc0	HEU.FormalExperimentRunner	--action="seed" --runId="seed-wet040_003_3m-a10-w918-sc0" --instance="${WORKSPACE}/experiment-suite/formal-v1/instances/40-3/wet040_003_3m_timeX10.dat" --seedFile="${WORKSPACE}/experiment-suite/formal-v1/seeds/wet040_003_3m-a10-w918-sc0.seed" --outputDir="${WORKSPACE}/experiment-suite/formal-v1/runs/seed-wet040_003_3m-a10-w918-sc0" --dueWindowHalfWidth="918" --setupCostCoefficient="0"	${WORKSPACE}/experiment-suite/formal-v1/runs/seed-wet040_003_3m-a10-w918-sc0		seed
pricing-wet040_003_3m-a10-w918-sc0-ng_dssr	HEU.FormalExperimentRunner	--action="solve" --runId="pricing-wet040_003_3m-a10-w918-sc0-ng_dssr" --instance="${WORKSPACE}/experiment-suite/formal-v1/instances/40-3/wet040_003_3m_timeX10.dat" --algorithm="NG_DSSR" --outputDir="${WORKSPACE}/experiment-suite/formal-v1/runs/pricing-comparison/pricing-wet040_003_3m-a10-w918-sc0-ng_dssr" --seedFile="${WORKSPACE}/experiment-suite/formal-v1/seeds/wet040_003_3m-a10-w918-sc0.seed" --dueWindowHalfWidth="918" --setupCostCoefficient="0" --outsourcingModel="none" --outsourcingUnitRate="1" --discountStrength="0" --timeLimitSeconds="10800" --maxNodes="100000"	${WORKSPACE}/experiment-suite/formal-v1/runs/pricing-comparison/pricing-wet040_003_3m-a10-w918-sc0-ng_dssr	seed-wet040_003_3m-a10-w918-sc0	pricing-comparison
pricing-wet040_003_3m-a10-w918-sc0-time_indexed	HEU.FormalExperimentRunner	--action="solve" --runId="pricing-wet040_003_3m-a10-w918-sc0-time_indexed" --instance="${WORKSPACE}/experiment-suite/formal-v1/instances/40-3/wet040_003_3m_timeX10.dat" --algorithm="TIME_INDEXED" --outputDir="${WORKSPACE}/experiment-suite/formal-v1/runs/pricing-comparison/pricing-wet040_003_3m-a10-w918-sc0-time_indexed" --seedFile="${WORKSPACE}/experiment-suite/formal-v1/seeds/wet040_003_3m-a10-w918-sc0.seed" --dueWindowHalfWidth="918" --setupCostCoefficient="0" --outsourcingModel="none" --outsourcingUnitRate="1" --discountStrength="0" --timeLimitSeconds="10800" --maxNodes="100000"	${WORKSPACE}/experiment-suite/formal-v1/runs/pricing-comparison/pricing-wet040_003_3m-a10-w918-sc0-time_indexed	seed-wet040_003_3m-a10-w918-sc0	pricing-comparison
pricing-wet040_003_3m-a10-w918-sc0-time_indexed_sri	HEU.FormalExperimentRunner	--action="solve" --runId="pricing-wet040_003_3m-a10-w918-sc0-time_indexed_sri" --instance="${WORKSPACE}/experiment-suite/formal-v1/instances/40-3/wet040_003_3m_timeX10.dat" --algorithm="TIME_INDEXED_SRI" --outputDir="${WORKSPACE}/experiment-suite/formal-v1/runs/pricing-comparison/pricing-wet040_003_3m-a10-w918-sc0-time_indexed_sri" --seedFile="${WORKSPACE}/experiment-suite/formal-v1/seeds/wet040_003_3m-a10-w918-sc0.seed" --dueWindowHalfWidth="918" --setupCostCoefficient="0" --outsourcingModel="none" --outsourcingUnitRate="1" --discountStrength="0" --timeLimitSeconds="10800" --maxNodes="100000"	${WORKSPACE}/experiment-suite/formal-v1/runs/pricing-comparison/pricing-wet040_003_3m-a10-w918-sc0-time_indexed_sri	seed-wet040_003_3m-a10-w918-sc0	pricing-comparison
seed-wet040_003_3m-a10-w2755-sc0	HEU.FormalExperimentRunner	--action="seed" --runId="seed-wet040_003_3m-a10-w2755-sc0" --instance="${WORKSPACE}/experiment-suite/formal-v1/instances/40-3/wet040_003_3m_timeX10.dat" --seedFile="${WORKSPACE}/experiment-suite/formal-v1/seeds/wet040_003_3m-a10-w2755-sc0.seed" --outputDir="${WORKSPACE}/experiment-suite/formal-v1/runs/seed-wet040_003_3m-a10-w2755-sc0" --dueWindowHalfWidth="2755" --setupCostCoefficient="0"	${WORKSPACE}/experiment-suite/formal-v1/runs/seed-wet040_003_3m-a10-w2755-sc0		seed
pricing-wet040_003_3m-a10-w2755-sc0-ng_dssr	HEU.FormalExperimentRunner	--action="solve" --runId="pricing-wet040_003_3m-a10-w2755-sc0-ng_dssr" --instance="${WORKSPACE}/experiment-suite/formal-v1/instances/40-3/wet040_003_3m_timeX10.dat" --algorithm="NG_DSSR" --outputDir="${WORKSPACE}/experiment-suite/formal-v1/runs/pricing-comparison/pricing-wet040_003_3m-a10-w2755-sc0-ng_dssr" --seedFile="${WORKSPACE}/experiment-suite/formal-v1/seeds/wet040_003_3m-a10-w2755-sc0.seed" --dueWindowHalfWidth="2755" --setupCostCoefficient="0" --outsourcingModel="none" --outsourcingUnitRate="1" --discountStrength="0" --timeLimitSeconds="10800" --maxNodes="100000"	${WORKSPACE}/experiment-suite/formal-v1/runs/pricing-comparison/pricing-wet040_003_3m-a10-w2755-sc0-ng_dssr	seed-wet040_003_3m-a10-w2755-sc0	pricing-comparison
pricing-wet040_003_3m-a10-w2755-sc0-time_indexed	HEU.FormalExperimentRunner	--action="solve" --runId="pricing-wet040_003_3m-a10-w2755-sc0-time_indexed" --instance="${WORKSPACE}/experiment-suite/formal-v1/instances/40-3/wet040_003_3m_timeX10.dat" --algorithm="TIME_INDEXED" --outputDir="${WORKSPACE}/experiment-suite/formal-v1/runs/pricing-comparison/pricing-wet040_003_3m-a10-w2755-sc0-time_indexed" --seedFile="${WORKSPACE}/experiment-suite/formal-v1/seeds/wet040_003_3m-a10-w2755-sc0.seed" --dueWindowHalfWidth="2755" --setupCostCoefficient="0" --outsourcingModel="none" --outsourcingUnitRate="1" --discountStrength="0" --timeLimitSeconds="10800" --maxNodes="100000"	${WORKSPACE}/experiment-suite/formal-v1/runs/pricing-comparison/pricing-wet040_003_3m-a10-w2755-sc0-time_indexed	seed-wet040_003_3m-a10-w2755-sc0	pricing-comparison
pricing-wet040_003_3m-a10-w2755-sc0-time_indexed_sri	HEU.FormalExperimentRunner	--action="solve" --runId="pricing-wet040_003_3m-a10-w2755-sc0-time_indexed_sri" --instance="${WORKSPACE}/experiment-suite/formal-v1/instances/40-3/wet040_003_3m_timeX10.dat" --algorithm="TIME_INDEXED_SRI" --outputDir="${WORKSPACE}/experiment-suite/formal-v1/runs/pricing-comparison/pricing-wet040_003_3m-a10-w2755-sc0-time_indexed_sri" --seedFile="${WORKSPACE}/experiment-suite/formal-v1/seeds/wet040_003_3m-a10-w2755-sc0.seed" --dueWindowHalfWidth="2755" --setupCostCoefficient="0" --outsourcingModel="none" --outsourcingUnitRate="1" --discountStrength="0" --timeLimitSeconds="10800" --maxNodes="100000"	${WORKSPACE}/experiment-suite/formal-v1/runs/pricing-comparison/pricing-wet040_003_3m-a10-w2755-sc0-time_indexed_sri	seed-wet040_003_3m-a10-w2755-sc0	pricing-comparison
seed-wet040_001_4m-a1-w0-sc0	HEU.FormalExperimentRunner	--action="seed" --runId="seed-wet040_001_4m-a1-w0-sc0" --instance="${WORKSPACE}/data/40-4/wet040_001_4m.dat" --seedFile="${WORKSPACE}/experiment-suite/formal-v1/seeds/wet040_001_4m-a1-w0-sc0.seed" --outputDir="${WORKSPACE}/experiment-suite/formal-v1/runs/seed-wet040_001_4m-a1-w0-sc0" --dueWindowHalfWidth="0" --setupCostCoefficient="0"	${WORKSPACE}/experiment-suite/formal-v1/runs/seed-wet040_001_4m-a1-w0-sc0		seed
pricing-wet040_001_4m-a1-w0-sc0-ng_dssr	HEU.FormalExperimentRunner	--action="solve" --runId="pricing-wet040_001_4m-a1-w0-sc0-ng_dssr" --instance="${WORKSPACE}/data/40-4/wet040_001_4m.dat" --algorithm="NG_DSSR" --outputDir="${WORKSPACE}/experiment-suite/formal-v1/runs/pricing-comparison/pricing-wet040_001_4m-a1-w0-sc0-ng_dssr" --seedFile="${WORKSPACE}/experiment-suite/formal-v1/seeds/wet040_001_4m-a1-w0-sc0.seed" --dueWindowHalfWidth="0" --setupCostCoefficient="0" --outsourcingModel="none" --outsourcingUnitRate="1" --discountStrength="0" --timeLimitSeconds="10800" --maxNodes="100000"	${WORKSPACE}/experiment-suite/formal-v1/runs/pricing-comparison/pricing-wet040_001_4m-a1-w0-sc0-ng_dssr	seed-wet040_001_4m-a1-w0-sc0	pricing-comparison
pricing-wet040_001_4m-a1-w0-sc0-time_indexed	HEU.FormalExperimentRunner	--action="solve" --runId="pricing-wet040_001_4m-a1-w0-sc0-time_indexed" --instance="${WORKSPACE}/data/40-4/wet040_001_4m.dat" --algorithm="TIME_INDEXED" --outputDir="${WORKSPACE}/experiment-suite/formal-v1/runs/pricing-comparison/pricing-wet040_001_4m-a1-w0-sc0-time_indexed" --seedFile="${WORKSPACE}/experiment-suite/formal-v1/seeds/wet040_001_4m-a1-w0-sc0.seed" --dueWindowHalfWidth="0" --setupCostCoefficient="0" --outsourcingModel="none" --outsourcingUnitRate="1" --discountStrength="0" --timeLimitSeconds="10800" --maxNodes="100000"	${WORKSPACE}/experiment-suite/formal-v1/runs/pricing-comparison/pricing-wet040_001_4m-a1-w0-sc0-time_indexed	seed-wet040_001_4m-a1-w0-sc0	pricing-comparison
pricing-wet040_001_4m-a1-w0-sc0-time_indexed_sri	HEU.FormalExperimentRunner	--action="solve" --runId="pricing-wet040_001_4m-a1-w0-sc0-time_indexed_sri" --instance="${WORKSPACE}/data/40-4/wet040_001_4m.dat" --algorithm="TIME_INDEXED_SRI" --outputDir="${WORKSPACE}/experiment-suite/formal-v1/runs/pricing-comparison/pricing-wet040_001_4m-a1-w0-sc0-time_indexed_sri" --seedFile="${WORKSPACE}/experiment-suite/formal-v1/seeds/wet040_001_4m-a1-w0-sc0.seed" --dueWindowHalfWidth="0" --setupCostCoefficient="0" --outsourcingModel="none" --outsourcingUnitRate="1" --discountStrength="0" --timeLimitSeconds="10800" --maxNodes="100000"	${WORKSPACE}/experiment-suite/formal-v1/runs/pricing-comparison/pricing-wet040_001_4m-a1-w0-sc0-time_indexed_sri	seed-wet040_001_4m-a1-w0-sc0	pricing-comparison
seed-wet040_001_4m-a1-w103-sc0	HEU.FormalExperimentRunner	--action="seed" --runId="seed-wet040_001_4m-a1-w103-sc0" --instance="${WORKSPACE}/data/40-4/wet040_001_4m.dat" --seedFile="${WORKSPACE}/experiment-suite/formal-v1/seeds/wet040_001_4m-a1-w103-sc0.seed" --outputDir="${WORKSPACE}/experiment-suite/formal-v1/runs/seed-wet040_001_4m-a1-w103-sc0" --dueWindowHalfWidth="103" --setupCostCoefficient="0"	${WORKSPACE}/experiment-suite/formal-v1/runs/seed-wet040_001_4m-a1-w103-sc0		seed
pricing-wet040_001_4m-a1-w103-sc0-ng_dssr	HEU.FormalExperimentRunner	--action="solve" --runId="pricing-wet040_001_4m-a1-w103-sc0-ng_dssr" --instance="${WORKSPACE}/data/40-4/wet040_001_4m.dat" --algorithm="NG_DSSR" --outputDir="${WORKSPACE}/experiment-suite/formal-v1/runs/pricing-comparison/pricing-wet040_001_4m-a1-w103-sc0-ng_dssr" --seedFile="${WORKSPACE}/experiment-suite/formal-v1/seeds/wet040_001_4m-a1-w103-sc0.seed" --dueWindowHalfWidth="103" --setupCostCoefficient="0" --outsourcingModel="none" --outsourcingUnitRate="1" --discountStrength="0" --timeLimitSeconds="10800" --maxNodes="100000"	${WORKSPACE}/experiment-suite/formal-v1/runs/pricing-comparison/pricing-wet040_001_4m-a1-w103-sc0-ng_dssr	seed-wet040_001_4m-a1-w103-sc0	pricing-comparison
pricing-wet040_001_4m-a1-w103-sc0-time_indexed	HEU.FormalExperimentRunner	--action="solve" --runId="pricing-wet040_001_4m-a1-w103-sc0-time_indexed" --instance="${WORKSPACE}/data/40-4/wet040_001_4m.dat" --algorithm="TIME_INDEXED" --outputDir="${WORKSPACE}/experiment-suite/formal-v1/runs/pricing-comparison/pricing-wet040_001_4m-a1-w103-sc0-time_indexed" --seedFile="${WORKSPACE}/experiment-suite/formal-v1/seeds/wet040_001_4m-a1-w103-sc0.seed" --dueWindowHalfWidth="103" --setupCostCoefficient="0" --outsourcingModel="none" --outsourcingUnitRate="1" --discountStrength="0" --timeLimitSeconds="10800" --maxNodes="100000"	${WORKSPACE}/experiment-suite/formal-v1/runs/pricing-comparison/pricing-wet040_001_4m-a1-w103-sc0-time_indexed	seed-wet040_001_4m-a1-w103-sc0	pricing-comparison
pricing-wet040_001_4m-a1-w103-sc0-time_indexed_sri	HEU.FormalExperimentRunner	--action="solve" --runId="pricing-wet040_001_4m-a1-w103-sc0-time_indexed_sri" --instance="${WORKSPACE}/data/40-4/wet040_001_4m.dat" --algorithm="TIME_INDEXED_SRI" --outputDir="${WORKSPACE}/experiment-suite/formal-v1/runs/pricing-comparison/pricing-wet040_001_4m-a1-w103-sc0-time_indexed_sri" --seedFile="${WORKSPACE}/experiment-suite/formal-v1/seeds/wet040_001_4m-a1-w103-sc0.seed" --dueWindowHalfWidth="103" --setupCostCoefficient="0" --outsourcingModel="none" --outsourcingUnitRate="1" --discountStrength="0" --timeLimitSeconds="10800" --maxNodes="100000"	${WORKSPACE}/experiment-suite/formal-v1/runs/pricing-comparison/pricing-wet040_001_4m-a1-w103-sc0-time_indexed_sri	seed-wet040_001_4m-a1-w103-sc0	pricing-comparison
seed-wet040_001_4m-a1-w310-sc0	HEU.FormalExperimentRunner	--action="seed" --runId="seed-wet040_001_4m-a1-w310-sc0" --instance="${WORKSPACE}/data/40-4/wet040_001_4m.dat" --seedFile="${WORKSPACE}/experiment-suite/formal-v1/seeds/wet040_001_4m-a1-w310-sc0.seed" --outputDir="${WORKSPACE}/experiment-suite/formal-v1/runs/seed-wet040_001_4m-a1-w310-sc0" --dueWindowHalfWidth="310" --setupCostCoefficient="0"	${WORKSPACE}/experiment-suite/formal-v1/runs/seed-wet040_001_4m-a1-w310-sc0		seed
pricing-wet040_001_4m-a1-w310-sc0-ng_dssr	HEU.FormalExperimentRunner	--action="solve" --runId="pricing-wet040_001_4m-a1-w310-sc0-ng_dssr" --instance="${WORKSPACE}/data/40-4/wet040_001_4m.dat" --algorithm="NG_DSSR" --outputDir="${WORKSPACE}/experiment-suite/formal-v1/runs/pricing-comparison/pricing-wet040_001_4m-a1-w310-sc0-ng_dssr" --seedFile="${WORKSPACE}/experiment-suite/formal-v1/seeds/wet040_001_4m-a1-w310-sc0.seed" --dueWindowHalfWidth="310" --setupCostCoefficient="0" --outsourcingModel="none" --outsourcingUnitRate="1" --discountStrength="0" --timeLimitSeconds="10800" --maxNodes="100000"	${WORKSPACE}/experiment-suite/formal-v1/runs/pricing-comparison/pricing-wet040_001_4m-a1-w310-sc0-ng_dssr	seed-wet040_001_4m-a1-w310-sc0	pricing-comparison
pricing-wet040_001_4m-a1-w310-sc0-time_indexed	HEU.FormalExperimentRunner	--action="solve" --runId="pricing-wet040_001_4m-a1-w310-sc0-time_indexed" --instance="${WORKSPACE}/data/40-4/wet040_001_4m.dat" --algorithm="TIME_INDEXED" --outputDir="${WORKSPACE}/experiment-suite/formal-v1/runs/pricing-comparison/pricing-wet040_001_4m-a1-w310-sc0-time_indexed" --seedFile="${WORKSPACE}/experiment-suite/formal-v1/seeds/wet040_001_4m-a1-w310-sc0.seed" --dueWindowHalfWidth="310" --setupCostCoefficient="0" --outsourcingModel="none" --outsourcingUnitRate="1" --discountStrength="0" --timeLimitSeconds="10800" --maxNodes="100000"	${WORKSPACE}/experiment-suite/formal-v1/runs/pricing-comparison/pricing-wet040_001_4m-a1-w310-sc0-time_indexed	seed-wet040_001_4m-a1-w310-sc0	pricing-comparison
pricing-wet040_001_4m-a1-w310-sc0-time_indexed_sri	HEU.FormalExperimentRunner	--action="solve" --runId="pricing-wet040_001_4m-a1-w310-sc0-time_indexed_sri" --instance="${WORKSPACE}/data/40-4/wet040_001_4m.dat" --algorithm="TIME_INDEXED_SRI" --outputDir="${WORKSPACE}/experiment-suite/formal-v1/runs/pricing-comparison/pricing-wet040_001_4m-a1-w310-sc0-time_indexed_sri" --seedFile="${WORKSPACE}/experiment-suite/formal-v1/seeds/wet040_001_4m-a1-w310-sc0.seed" --dueWindowHalfWidth="310" --setupCostCoefficient="0" --outsourcingModel="none" --outsourcingUnitRate="1" --discountStrength="0" --timeLimitSeconds="10800" --maxNodes="100000"	${WORKSPACE}/experiment-suite/formal-v1/runs/pricing-comparison/pricing-wet040_001_4m-a1-w310-sc0-time_indexed_sri	seed-wet040_001_4m-a1-w310-sc0	pricing-comparison
seed-wet040_001_4m-a5-w0-sc0	HEU.FormalExperimentRunner	--action="seed" --runId="seed-wet040_001_4m-a5-w0-sc0" --instance="${WORKSPACE}/experiment-suite/formal-v1/instances/40-4/wet040_001_4m_timeX5.dat" --seedFile="${WORKSPACE}/experiment-suite/formal-v1/seeds/wet040_001_4m-a5-w0-sc0.seed" --outputDir="${WORKSPACE}/experiment-suite/formal-v1/runs/seed-wet040_001_4m-a5-w0-sc0" --dueWindowHalfWidth="0" --setupCostCoefficient="0"	${WORKSPACE}/experiment-suite/formal-v1/runs/seed-wet040_001_4m-a5-w0-sc0		seed
pricing-wet040_001_4m-a5-w0-sc0-ng_dssr	HEU.FormalExperimentRunner	--action="solve" --runId="pricing-wet040_001_4m-a5-w0-sc0-ng_dssr" --instance="${WORKSPACE}/experiment-suite/formal-v1/instances/40-4/wet040_001_4m_timeX5.dat" --algorithm="NG_DSSR" --outputDir="${WORKSPACE}/experiment-suite/formal-v1/runs/pricing-comparison/pricing-wet040_001_4m-a5-w0-sc0-ng_dssr" --seedFile="${WORKSPACE}/experiment-suite/formal-v1/seeds/wet040_001_4m-a5-w0-sc0.seed" --dueWindowHalfWidth="0" --setupCostCoefficient="0" --outsourcingModel="none" --outsourcingUnitRate="1" --discountStrength="0" --timeLimitSeconds="10800" --maxNodes="100000"	${WORKSPACE}/experiment-suite/formal-v1/runs/pricing-comparison/pricing-wet040_001_4m-a5-w0-sc0-ng_dssr	seed-wet040_001_4m-a5-w0-sc0	pricing-comparison
pricing-wet040_001_4m-a5-w0-sc0-time_indexed	HEU.FormalExperimentRunner	--action="solve" --runId="pricing-wet040_001_4m-a5-w0-sc0-time_indexed" --instance="${WORKSPACE}/experiment-suite/formal-v1/instances/40-4/wet040_001_4m_timeX5.dat" --algorithm="TIME_INDEXED" --outputDir="${WORKSPACE}/experiment-suite/formal-v1/runs/pricing-comparison/pricing-wet040_001_4m-a5-w0-sc0-time_indexed" --seedFile="${WORKSPACE}/experiment-suite/formal-v1/seeds/wet040_001_4m-a5-w0-sc0.seed" --dueWindowHalfWidth="0" --setupCostCoefficient="0" --outsourcingModel="none" --outsourcingUnitRate="1" --discountStrength="0" --timeLimitSeconds="10800" --maxNodes="100000"	${WORKSPACE}/experiment-suite/formal-v1/runs/pricing-comparison/pricing-wet040_001_4m-a5-w0-sc0-time_indexed	seed-wet040_001_4m-a5-w0-sc0	pricing-comparison
pricing-wet040_001_4m-a5-w0-sc0-time_indexed_sri	HEU.FormalExperimentRunner	--action="solve" --runId="pricing-wet040_001_4m-a5-w0-sc0-time_indexed_sri" --instance="${WORKSPACE}/experiment-suite/formal-v1/instances/40-4/wet040_001_4m_timeX5.dat" --algorithm="TIME_INDEXED_SRI" --outputDir="${WORKSPACE}/experiment-suite/formal-v1/runs/pricing-comparison/pricing-wet040_001_4m-a5-w0-sc0-time_indexed_sri" --seedFile="${WORKSPACE}/experiment-suite/formal-v1/seeds/wet040_001_4m-a5-w0-sc0.seed" --dueWindowHalfWidth="0" --setupCostCoefficient="0" --outsourcingModel="none" --outsourcingUnitRate="1" --discountStrength="0" --timeLimitSeconds="10800" --maxNodes="100000"	${WORKSPACE}/experiment-suite/formal-v1/runs/pricing-comparison/pricing-wet040_001_4m-a5-w0-sc0-time_indexed_sri	seed-wet040_001_4m-a5-w0-sc0	pricing-comparison
seed-wet040_001_4m-a5-w516-sc0	HEU.FormalExperimentRunner	--action="seed" --runId="seed-wet040_001_4m-a5-w516-sc0" --instance="${WORKSPACE}/experiment-suite/formal-v1/instances/40-4/wet040_001_4m_timeX5.dat" --seedFile="${WORKSPACE}/experiment-suite/formal-v1/seeds/wet040_001_4m-a5-w516-sc0.seed" --outputDir="${WORKSPACE}/experiment-suite/formal-v1/runs/seed-wet040_001_4m-a5-w516-sc0" --dueWindowHalfWidth="516" --setupCostCoefficient="0"	${WORKSPACE}/experiment-suite/formal-v1/runs/seed-wet040_001_4m-a5-w516-sc0		seed
pricing-wet040_001_4m-a5-w516-sc0-ng_dssr	HEU.FormalExperimentRunner	--action="solve" --runId="pricing-wet040_001_4m-a5-w516-sc0-ng_dssr" --instance="${WORKSPACE}/experiment-suite/formal-v1/instances/40-4/wet040_001_4m_timeX5.dat" --algorithm="NG_DSSR" --outputDir="${WORKSPACE}/experiment-suite/formal-v1/runs/pricing-comparison/pricing-wet040_001_4m-a5-w516-sc0-ng_dssr" --seedFile="${WORKSPACE}/experiment-suite/formal-v1/seeds/wet040_001_4m-a5-w516-sc0.seed" --dueWindowHalfWidth="516" --setupCostCoefficient="0" --outsourcingModel="none" --outsourcingUnitRate="1" --discountStrength="0" --timeLimitSeconds="10800" --maxNodes="100000"	${WORKSPACE}/experiment-suite/formal-v1/runs/pricing-comparison/pricing-wet040_001_4m-a5-w516-sc0-ng_dssr	seed-wet040_001_4m-a5-w516-sc0	pricing-comparison
pricing-wet040_001_4m-a5-w516-sc0-time_indexed	HEU.FormalExperimentRunner	--action="solve" --runId="pricing-wet040_001_4m-a5-w516-sc0-time_indexed" --instance="${WORKSPACE}/experiment-suite/formal-v1/instances/40-4/wet040_001_4m_timeX5.dat" --algorithm="TIME_INDEXED" --outputDir="${WORKSPACE}/experiment-suite/formal-v1/runs/pricing-comparison/pricing-wet040_001_4m-a5-w516-sc0-time_indexed" --seedFile="${WORKSPACE}/experiment-suite/formal-v1/seeds/wet040_001_4m-a5-w516-sc0.seed" --dueWindowHalfWidth="516" --setupCostCoefficient="0" --outsourcingModel="none" --outsourcingUnitRate="1" --discountStrength="0" --timeLimitSeconds="10800" --maxNodes="100000"	${WORKSPACE}/experiment-suite/formal-v1/runs/pricing-comparison/pricing-wet040_001_4m-a5-w516-sc0-time_indexed	seed-wet040_001_4m-a5-w516-sc0	pricing-comparison
pricing-wet040_001_4m-a5-w516-sc0-time_indexed_sri	HEU.FormalExperimentRunner	--action="solve" --runId="pricing-wet040_001_4m-a5-w516-sc0-time_indexed_sri" --instance="${WORKSPACE}/experiment-suite/formal-v1/instances/40-4/wet040_001_4m_timeX5.dat" --algorithm="TIME_INDEXED_SRI" --outputDir="${WORKSPACE}/experiment-suite/formal-v1/runs/pricing-comparison/pricing-wet040_001_4m-a5-w516-sc0-time_indexed_sri" --seedFile="${WORKSPACE}/experiment-suite/formal-v1/seeds/wet040_001_4m-a5-w516-sc0.seed" --dueWindowHalfWidth="516" --setupCostCoefficient="0" --outsourcingModel="none" --outsourcingUnitRate="1" --discountStrength="0" --timeLimitSeconds="10800" --maxNodes="100000"	${WORKSPACE}/experiment-suite/formal-v1/runs/pricing-comparison/pricing-wet040_001_4m-a5-w516-sc0-time_indexed_sri	seed-wet040_001_4m-a5-w516-sc0	pricing-comparison
seed-wet040_001_4m-a5-w1549-sc0	HEU.FormalExperimentRunner	--action="seed" --runId="seed-wet040_001_4m-a5-w1549-sc0" --instance="${WORKSPACE}/experiment-suite/formal-v1/instances/40-4/wet040_001_4m_timeX5.dat" --seedFile="${WORKSPACE}/experiment-suite/formal-v1/seeds/wet040_001_4m-a5-w1549-sc0.seed" --outputDir="${WORKSPACE}/experiment-suite/formal-v1/runs/seed-wet040_001_4m-a5-w1549-sc0" --dueWindowHalfWidth="1549" --setupCostCoefficient="0"	${WORKSPACE}/experiment-suite/formal-v1/runs/seed-wet040_001_4m-a5-w1549-sc0		seed
pricing-wet040_001_4m-a5-w1549-sc0-ng_dssr	HEU.FormalExperimentRunner	--action="solve" --runId="pricing-wet040_001_4m-a5-w1549-sc0-ng_dssr" --instance="${WORKSPACE}/experiment-suite/formal-v1/instances/40-4/wet040_001_4m_timeX5.dat" --algorithm="NG_DSSR" --outputDir="${WORKSPACE}/experiment-suite/formal-v1/runs/pricing-comparison/pricing-wet040_001_4m-a5-w1549-sc0-ng_dssr" --seedFile="${WORKSPACE}/experiment-suite/formal-v1/seeds/wet040_001_4m-a5-w1549-sc0.seed" --dueWindowHalfWidth="1549" --setupCostCoefficient="0" --outsourcingModel="none" --outsourcingUnitRate="1" --discountStrength="0" --timeLimitSeconds="10800" --maxNodes="100000"	${WORKSPACE}/experiment-suite/formal-v1/runs/pricing-comparison/pricing-wet040_001_4m-a5-w1549-sc0-ng_dssr	seed-wet040_001_4m-a5-w1549-sc0	pricing-comparison
pricing-wet040_001_4m-a5-w1549-sc0-time_indexed	HEU.FormalExperimentRunner	--action="solve" --runId="pricing-wet040_001_4m-a5-w1549-sc0-time_indexed" --instance="${WORKSPACE}/experiment-suite/formal-v1/instances/40-4/wet040_001_4m_timeX5.dat" --algorithm="TIME_INDEXED" --outputDir="${WORKSPACE}/experiment-suite/formal-v1/runs/pricing-comparison/pricing-wet040_001_4m-a5-w1549-sc0-time_indexed" --seedFile="${WORKSPACE}/experiment-suite/formal-v1/seeds/wet040_001_4m-a5-w1549-sc0.seed" --dueWindowHalfWidth="1549" --setupCostCoefficient="0" --outsourcingModel="none" --outsourcingUnitRate="1" --discountStrength="0" --timeLimitSeconds="10800" --maxNodes="100000"	${WORKSPACE}/experiment-suite/formal-v1/runs/pricing-comparison/pricing-wet040_001_4m-a5-w1549-sc0-time_indexed	seed-wet040_001_4m-a5-w1549-sc0	pricing-comparison
pricing-wet040_001_4m-a5-w1549-sc0-time_indexed_sri	HEU.FormalExperimentRunner	--action="solve" --runId="pricing-wet040_001_4m-a5-w1549-sc0-time_indexed_sri" --instance="${WORKSPACE}/experiment-suite/formal-v1/instances/40-4/wet040_001_4m_timeX5.dat" --algorithm="TIME_INDEXED_SRI" --outputDir="${WORKSPACE}/experiment-suite/formal-v1/runs/pricing-comparison/pricing-wet040_001_4m-a5-w1549-sc0-time_indexed_sri" --seedFile="${WORKSPACE}/experiment-suite/formal-v1/seeds/wet040_001_4m-a5-w1549-sc0.seed" --dueWindowHalfWidth="1549" --setupCostCoefficient="0" --outsourcingModel="none" --outsourcingUnitRate="1" --discountStrength="0" --timeLimitSeconds="10800" --maxNodes="100000"	${WORKSPACE}/experiment-suite/formal-v1/runs/pricing-comparison/pricing-wet040_001_4m-a5-w1549-sc0-time_indexed_sri	seed-wet040_001_4m-a5-w1549-sc0	pricing-comparison
seed-wet040_001_4m-a10-w0-sc0	HEU.FormalExperimentRunner	--action="seed" --runId="seed-wet040_001_4m-a10-w0-sc0" --instance="${WORKSPACE}/experiment-suite/formal-v1/instances/40-4/wet040_001_4m_timeX10.dat" --seedFile="${WORKSPACE}/experiment-suite/formal-v1/seeds/wet040_001_4m-a10-w0-sc0.seed" --outputDir="${WORKSPACE}/experiment-suite/formal-v1/runs/seed-wet040_001_4m-a10-w0-sc0" --dueWindowHalfWidth="0" --setupCostCoefficient="0"	${WORKSPACE}/experiment-suite/formal-v1/runs/seed-wet040_001_4m-a10-w0-sc0		seed
pricing-wet040_001_4m-a10-w0-sc0-ng_dssr	HEU.FormalExperimentRunner	--action="solve" --runId="pricing-wet040_001_4m-a10-w0-sc0-ng_dssr" --instance="${WORKSPACE}/experiment-suite/formal-v1/instances/40-4/wet040_001_4m_timeX10.dat" --algorithm="NG_DSSR" --outputDir="${WORKSPACE}/experiment-suite/formal-v1/runs/pricing-comparison/pricing-wet040_001_4m-a10-w0-sc0-ng_dssr" --seedFile="${WORKSPACE}/experiment-suite/formal-v1/seeds/wet040_001_4m-a10-w0-sc0.seed" --dueWindowHalfWidth="0" --setupCostCoefficient="0" --outsourcingModel="none" --outsourcingUnitRate="1" --discountStrength="0" --timeLimitSeconds="10800" --maxNodes="100000"	${WORKSPACE}/experiment-suite/formal-v1/runs/pricing-comparison/pricing-wet040_001_4m-a10-w0-sc0-ng_dssr	seed-wet040_001_4m-a10-w0-sc0	pricing-comparison
pricing-wet040_001_4m-a10-w0-sc0-time_indexed	HEU.FormalExperimentRunner	--action="solve" --runId="pricing-wet040_001_4m-a10-w0-sc0-time_indexed" --instance="${WORKSPACE}/experiment-suite/formal-v1/instances/40-4/wet040_001_4m_timeX10.dat" --algorithm="TIME_INDEXED" --outputDir="${WORKSPACE}/experiment-suite/formal-v1/runs/pricing-comparison/pricing-wet040_001_4m-a10-w0-sc0-time_indexed" --seedFile="${WORKSPACE}/experiment-suite/formal-v1/seeds/wet040_001_4m-a10-w0-sc0.seed" --dueWindowHalfWidth="0" --setupCostCoefficient="0" --outsourcingModel="none" --outsourcingUnitRate="1" --discountStrength="0" --timeLimitSeconds="10800" --maxNodes="100000"	${WORKSPACE}/experiment-suite/formal-v1/runs/pricing-comparison/pricing-wet040_001_4m-a10-w0-sc0-time_indexed	seed-wet040_001_4m-a10-w0-sc0	pricing-comparison
pricing-wet040_001_4m-a10-w0-sc0-time_indexed_sri	HEU.FormalExperimentRunner	--action="solve" --runId="pricing-wet040_001_4m-a10-w0-sc0-time_indexed_sri" --instance="${WORKSPACE}/experiment-suite/formal-v1/instances/40-4/wet040_001_4m_timeX10.dat" --algorithm="TIME_INDEXED_SRI" --outputDir="${WORKSPACE}/experiment-suite/formal-v1/runs/pricing-comparison/pricing-wet040_001_4m-a10-w0-sc0-time_indexed_sri" --seedFile="${WORKSPACE}/experiment-suite/formal-v1/seeds/wet040_001_4m-a10-w0-sc0.seed" --dueWindowHalfWidth="0" --setupCostCoefficient="0" --outsourcingModel="none" --outsourcingUnitRate="1" --discountStrength="0" --timeLimitSeconds="10800" --maxNodes="100000"	${WORKSPACE}/experiment-suite/formal-v1/runs/pricing-comparison/pricing-wet040_001_4m-a10-w0-sc0-time_indexed_sri	seed-wet040_001_4m-a10-w0-sc0	pricing-comparison
seed-wet040_001_4m-a10-w1032-sc0	HEU.FormalExperimentRunner	--action="seed" --runId="seed-wet040_001_4m-a10-w1032-sc0" --instance="${WORKSPACE}/experiment-suite/formal-v1/instances/40-4/wet040_001_4m_timeX10.dat" --seedFile="${WORKSPACE}/experiment-suite/formal-v1/seeds/wet040_001_4m-a10-w1032-sc0.seed" --outputDir="${WORKSPACE}/experiment-suite/formal-v1/runs/seed-wet040_001_4m-a10-w1032-sc0" --dueWindowHalfWidth="1032" --setupCostCoefficient="0"	${WORKSPACE}/experiment-suite/formal-v1/runs/seed-wet040_001_4m-a10-w1032-sc0		seed
pricing-wet040_001_4m-a10-w1032-sc0-ng_dssr	HEU.FormalExperimentRunner	--action="solve" --runId="pricing-wet040_001_4m-a10-w1032-sc0-ng_dssr" --instance="${WORKSPACE}/experiment-suite/formal-v1/instances/40-4/wet040_001_4m_timeX10.dat" --algorithm="NG_DSSR" --outputDir="${WORKSPACE}/experiment-suite/formal-v1/runs/pricing-comparison/pricing-wet040_001_4m-a10-w1032-sc0-ng_dssr" --seedFile="${WORKSPACE}/experiment-suite/formal-v1/seeds/wet040_001_4m-a10-w1032-sc0.seed" --dueWindowHalfWidth="1032" --setupCostCoefficient="0" --outsourcingModel="none" --outsourcingUnitRate="1" --discountStrength="0" --timeLimitSeconds="10800" --maxNodes="100000"	${WORKSPACE}/experiment-suite/formal-v1/runs/pricing-comparison/pricing-wet040_001_4m-a10-w1032-sc0-ng_dssr	seed-wet040_001_4m-a10-w1032-sc0	pricing-comparison
pricing-wet040_001_4m-a10-w1032-sc0-time_indexed	HEU.FormalExperimentRunner	--action="solve" --runId="pricing-wet040_001_4m-a10-w1032-sc0-time_indexed" --instance="${WORKSPACE}/experiment-suite/formal-v1/instances/40-4/wet040_001_4m_timeX10.dat" --algorithm="TIME_INDEXED" --outputDir="${WORKSPACE}/experiment-suite/formal-v1/runs/pricing-comparison/pricing-wet040_001_4m-a10-w1032-sc0-time_indexed" --seedFile="${WORKSPACE}/experiment-suite/formal-v1/seeds/wet040_001_4m-a10-w1032-sc0.seed" --dueWindowHalfWidth="1032" --setupCostCoefficient="0" --outsourcingModel="none" --outsourcingUnitRate="1" --discountStrength="0" --timeLimitSeconds="10800" --maxNodes="100000"	${WORKSPACE}/experiment-suite/formal-v1/runs/pricing-comparison/pricing-wet040_001_4m-a10-w1032-sc0-time_indexed	seed-wet040_001_4m-a10-w1032-sc0	pricing-comparison
pricing-wet040_001_4m-a10-w1032-sc0-time_indexed_sri	HEU.FormalExperimentRunner	--action="solve" --runId="pricing-wet040_001_4m-a10-w1032-sc0-time_indexed_sri" --instance="${WORKSPACE}/experiment-suite/formal-v1/instances/40-4/wet040_001_4m_timeX10.dat" --algorithm="TIME_INDEXED_SRI" --outputDir="${WORKSPACE}/experiment-suite/formal-v1/runs/pricing-comparison/pricing-wet040_001_4m-a10-w1032-sc0-time_indexed_sri" --seedFile="${WORKSPACE}/experiment-suite/formal-v1/seeds/wet040_001_4m-a10-w1032-sc0.seed" --dueWindowHalfWidth="1032" --setupCostCoefficient="0" --outsourcingModel="none" --outsourcingUnitRate="1" --discountStrength="0" --timeLimitSeconds="10800" --maxNodes="100000"	${WORKSPACE}/experiment-suite/formal-v1/runs/pricing-comparison/pricing-wet040_001_4m-a10-w1032-sc0-time_indexed_sri	seed-wet040_001_4m-a10-w1032-sc0	pricing-comparison
seed-wet040_001_4m-a10-w3098-sc0	HEU.FormalExperimentRunner	--action="seed" --runId="seed-wet040_001_4m-a10-w3098-sc0" --instance="${WORKSPACE}/experiment-suite/formal-v1/instances/40-4/wet040_001_4m_timeX10.dat" --seedFile="${WORKSPACE}/experiment-suite/formal-v1/seeds/wet040_001_4m-a10-w3098-sc0.seed" --outputDir="${WORKSPACE}/experiment-suite/formal-v1/runs/seed-wet040_001_4m-a10-w3098-sc0" --dueWindowHalfWidth="3098" --setupCostCoefficient="0"	${WORKSPACE}/experiment-suite/formal-v1/runs/seed-wet040_001_4m-a10-w3098-sc0		seed
pricing-wet040_001_4m-a10-w3098-sc0-ng_dssr	HEU.FormalExperimentRunner	--action="solve" --runId="pricing-wet040_001_4m-a10-w3098-sc0-ng_dssr" --instance="${WORKSPACE}/experiment-suite/formal-v1/instances/40-4/wet040_001_4m_timeX10.dat" --algorithm="NG_DSSR" --outputDir="${WORKSPACE}/experiment-suite/formal-v1/runs/pricing-comparison/pricing-wet040_001_4m-a10-w3098-sc0-ng_dssr" --seedFile="${WORKSPACE}/experiment-suite/formal-v1/seeds/wet040_001_4m-a10-w3098-sc0.seed" --dueWindowHalfWidth="3098" --setupCostCoefficient="0" --outsourcingModel="none" --outsourcingUnitRate="1" --discountStrength="0" --timeLimitSeconds="10800" --maxNodes="100000"	${WORKSPACE}/experiment-suite/formal-v1/runs/pricing-comparison/pricing-wet040_001_4m-a10-w3098-sc0-ng_dssr	seed-wet040_001_4m-a10-w3098-sc0	pricing-comparison
pricing-wet040_001_4m-a10-w3098-sc0-time_indexed	HEU.FormalExperimentRunner	--action="solve" --runId="pricing-wet040_001_4m-a10-w3098-sc0-time_indexed" --instance="${WORKSPACE}/experiment-suite/formal-v1/instances/40-4/wet040_001_4m_timeX10.dat" --algorithm="TIME_INDEXED" --outputDir="${WORKSPACE}/experiment-suite/formal-v1/runs/pricing-comparison/pricing-wet040_001_4m-a10-w3098-sc0-time_indexed" --seedFile="${WORKSPACE}/experiment-suite/formal-v1/seeds/wet040_001_4m-a10-w3098-sc0.seed" --dueWindowHalfWidth="3098" --setupCostCoefficient="0" --outsourcingModel="none" --outsourcingUnitRate="1" --discountStrength="0" --timeLimitSeconds="10800" --maxNodes="100000"	${WORKSPACE}/experiment-suite/formal-v1/runs/pricing-comparison/pricing-wet040_001_4m-a10-w3098-sc0-time_indexed	seed-wet040_001_4m-a10-w3098-sc0	pricing-comparison
pricing-wet040_001_4m-a10-w3098-sc0-time_indexed_sri	HEU.FormalExperimentRunner	--action="solve" --runId="pricing-wet040_001_4m-a10-w3098-sc0-time_indexed_sri" --instance="${WORKSPACE}/experiment-suite/formal-v1/instances/40-4/wet040_001_4m_timeX10.dat" --algorithm="TIME_INDEXED_SRI" --outputDir="${WORKSPACE}/experiment-suite/formal-v1/runs/pricing-comparison/pricing-wet040_001_4m-a10-w3098-sc0-time_indexed_sri" --seedFile="${WORKSPACE}/experiment-suite/formal-v1/seeds/wet040_001_4m-a10-w3098-sc0.seed" --dueWindowHalfWidth="3098" --setupCostCoefficient="0" --outsourcingModel="none" --outsourcingUnitRate="1" --discountStrength="0" --timeLimitSeconds="10800" --maxNodes="100000"	${WORKSPACE}/experiment-suite/formal-v1/runs/pricing-comparison/pricing-wet040_001_4m-a10-w3098-sc0-time_indexed_sri	seed-wet040_001_4m-a10-w3098-sc0	pricing-comparison
seed-wet040_002_4m-a1-w0-sc0	HEU.FormalExperimentRunner	--action="seed" --runId="seed-wet040_002_4m-a1-w0-sc0" --instance="${WORKSPACE}/data/40-4/wet040_002_4m.dat" --seedFile="${WORKSPACE}/experiment-suite/formal-v1/seeds/wet040_002_4m-a1-w0-sc0.seed" --outputDir="${WORKSPACE}/experiment-suite/formal-v1/runs/seed-wet040_002_4m-a1-w0-sc0" --dueWindowHalfWidth="0" --setupCostCoefficient="0"	${WORKSPACE}/experiment-suite/formal-v1/runs/seed-wet040_002_4m-a1-w0-sc0		seed
pricing-wet040_002_4m-a1-w0-sc0-ng_dssr	HEU.FormalExperimentRunner	--action="solve" --runId="pricing-wet040_002_4m-a1-w0-sc0-ng_dssr" --instance="${WORKSPACE}/data/40-4/wet040_002_4m.dat" --algorithm="NG_DSSR" --outputDir="${WORKSPACE}/experiment-suite/formal-v1/runs/pricing-comparison/pricing-wet040_002_4m-a1-w0-sc0-ng_dssr" --seedFile="${WORKSPACE}/experiment-suite/formal-v1/seeds/wet040_002_4m-a1-w0-sc0.seed" --dueWindowHalfWidth="0" --setupCostCoefficient="0" --outsourcingModel="none" --outsourcingUnitRate="1" --discountStrength="0" --timeLimitSeconds="10800" --maxNodes="100000"	${WORKSPACE}/experiment-suite/formal-v1/runs/pricing-comparison/pricing-wet040_002_4m-a1-w0-sc0-ng_dssr	seed-wet040_002_4m-a1-w0-sc0	pricing-comparison
pricing-wet040_002_4m-a1-w0-sc0-time_indexed	HEU.FormalExperimentRunner	--action="solve" --runId="pricing-wet040_002_4m-a1-w0-sc0-time_indexed" --instance="${WORKSPACE}/data/40-4/wet040_002_4m.dat" --algorithm="TIME_INDEXED" --outputDir="${WORKSPACE}/experiment-suite/formal-v1/runs/pricing-comparison/pricing-wet040_002_4m-a1-w0-sc0-time_indexed" --seedFile="${WORKSPACE}/experiment-suite/formal-v1/seeds/wet040_002_4m-a1-w0-sc0.seed" --dueWindowHalfWidth="0" --setupCostCoefficient="0" --outsourcingModel="none" --outsourcingUnitRate="1" --discountStrength="0" --timeLimitSeconds="10800" --maxNodes="100000"	${WORKSPACE}/experiment-suite/formal-v1/runs/pricing-comparison/pricing-wet040_002_4m-a1-w0-sc0-time_indexed	seed-wet040_002_4m-a1-w0-sc0	pricing-comparison
pricing-wet040_002_4m-a1-w0-sc0-time_indexed_sri	HEU.FormalExperimentRunner	--action="solve" --runId="pricing-wet040_002_4m-a1-w0-sc0-time_indexed_sri" --instance="${WORKSPACE}/data/40-4/wet040_002_4m.dat" --algorithm="TIME_INDEXED_SRI" --outputDir="${WORKSPACE}/experiment-suite/formal-v1/runs/pricing-comparison/pricing-wet040_002_4m-a1-w0-sc0-time_indexed_sri" --seedFile="${WORKSPACE}/experiment-suite/formal-v1/seeds/wet040_002_4m-a1-w0-sc0.seed" --dueWindowHalfWidth="0" --setupCostCoefficient="0" --outsourcingModel="none" --outsourcingUnitRate="1" --discountStrength="0" --timeLimitSeconds="10800" --maxNodes="100000"	${WORKSPACE}/experiment-suite/formal-v1/runs/pricing-comparison/pricing-wet040_002_4m-a1-w0-sc0-time_indexed_sri	seed-wet040_002_4m-a1-w0-sc0	pricing-comparison
seed-wet040_002_4m-a1-w102-sc0	HEU.FormalExperimentRunner	--action="seed" --runId="seed-wet040_002_4m-a1-w102-sc0" --instance="${WORKSPACE}/data/40-4/wet040_002_4m.dat" --seedFile="${WORKSPACE}/experiment-suite/formal-v1/seeds/wet040_002_4m-a1-w102-sc0.seed" --outputDir="${WORKSPACE}/experiment-suite/formal-v1/runs/seed-wet040_002_4m-a1-w102-sc0" --dueWindowHalfWidth="102" --setupCostCoefficient="0"	${WORKSPACE}/experiment-suite/formal-v1/runs/seed-wet040_002_4m-a1-w102-sc0		seed
pricing-wet040_002_4m-a1-w102-sc0-ng_dssr	HEU.FormalExperimentRunner	--action="solve" --runId="pricing-wet040_002_4m-a1-w102-sc0-ng_dssr" --instance="${WORKSPACE}/data/40-4/wet040_002_4m.dat" --algorithm="NG_DSSR" --outputDir="${WORKSPACE}/experiment-suite/formal-v1/runs/pricing-comparison/pricing-wet040_002_4m-a1-w102-sc0-ng_dssr" --seedFile="${WORKSPACE}/experiment-suite/formal-v1/seeds/wet040_002_4m-a1-w102-sc0.seed" --dueWindowHalfWidth="102" --setupCostCoefficient="0" --outsourcingModel="none" --outsourcingUnitRate="1" --discountStrength="0" --timeLimitSeconds="10800" --maxNodes="100000"	${WORKSPACE}/experiment-suite/formal-v1/runs/pricing-comparison/pricing-wet040_002_4m-a1-w102-sc0-ng_dssr	seed-wet040_002_4m-a1-w102-sc0	pricing-comparison
pricing-wet040_002_4m-a1-w102-sc0-time_indexed	HEU.FormalExperimentRunner	--action="solve" --runId="pricing-wet040_002_4m-a1-w102-sc0-time_indexed" --instance="${WORKSPACE}/data/40-4/wet040_002_4m.dat" --algorithm="TIME_INDEXED" --outputDir="${WORKSPACE}/experiment-suite/formal-v1/runs/pricing-comparison/pricing-wet040_002_4m-a1-w102-sc0-time_indexed" --seedFile="${WORKSPACE}/experiment-suite/formal-v1/seeds/wet040_002_4m-a1-w102-sc0.seed" --dueWindowHalfWidth="102" --setupCostCoefficient="0" --outsourcingModel="none" --outsourcingUnitRate="1" --discountStrength="0" --timeLimitSeconds="10800" --maxNodes="100000"	${WORKSPACE}/experiment-suite/formal-v1/runs/pricing-comparison/pricing-wet040_002_4m-a1-w102-sc0-time_indexed	seed-wet040_002_4m-a1-w102-sc0	pricing-comparison
pricing-wet040_002_4m-a1-w102-sc0-time_indexed_sri	HEU.FormalExperimentRunner	--action="solve" --runId="pricing-wet040_002_4m-a1-w102-sc0-time_indexed_sri" --instance="${WORKSPACE}/data/40-4/wet040_002_4m.dat" --algorithm="TIME_INDEXED_SRI" --outputDir="${WORKSPACE}/experiment-suite/formal-v1/runs/pricing-comparison/pricing-wet040_002_4m-a1-w102-sc0-time_indexed_sri" --seedFile="${WORKSPACE}/experiment-suite/formal-v1/seeds/wet040_002_4m-a1-w102-sc0.seed" --dueWindowHalfWidth="102" --setupCostCoefficient="0" --outsourcingModel="none" --outsourcingUnitRate="1" --discountStrength="0" --timeLimitSeconds="10800" --maxNodes="100000"	${WORKSPACE}/experiment-suite/formal-v1/runs/pricing-comparison/pricing-wet040_002_4m-a1-w102-sc0-time_indexed_sri	seed-wet040_002_4m-a1-w102-sc0	pricing-comparison
seed-wet040_002_4m-a1-w306-sc0	HEU.FormalExperimentRunner	--action="seed" --runId="seed-wet040_002_4m-a1-w306-sc0" --instance="${WORKSPACE}/data/40-4/wet040_002_4m.dat" --seedFile="${WORKSPACE}/experiment-suite/formal-v1/seeds/wet040_002_4m-a1-w306-sc0.seed" --outputDir="${WORKSPACE}/experiment-suite/formal-v1/runs/seed-wet040_002_4m-a1-w306-sc0" --dueWindowHalfWidth="306" --setupCostCoefficient="0"	${WORKSPACE}/experiment-suite/formal-v1/runs/seed-wet040_002_4m-a1-w306-sc0		seed
pricing-wet040_002_4m-a1-w306-sc0-ng_dssr	HEU.FormalExperimentRunner	--action="solve" --runId="pricing-wet040_002_4m-a1-w306-sc0-ng_dssr" --instance="${WORKSPACE}/data/40-4/wet040_002_4m.dat" --algorithm="NG_DSSR" --outputDir="${WORKSPACE}/experiment-suite/formal-v1/runs/pricing-comparison/pricing-wet040_002_4m-a1-w306-sc0-ng_dssr" --seedFile="${WORKSPACE}/experiment-suite/formal-v1/seeds/wet040_002_4m-a1-w306-sc0.seed" --dueWindowHalfWidth="306" --setupCostCoefficient="0" --outsourcingModel="none" --outsourcingUnitRate="1" --discountStrength="0" --timeLimitSeconds="10800" --maxNodes="100000"	${WORKSPACE}/experiment-suite/formal-v1/runs/pricing-comparison/pricing-wet040_002_4m-a1-w306-sc0-ng_dssr	seed-wet040_002_4m-a1-w306-sc0	pricing-comparison
pricing-wet040_002_4m-a1-w306-sc0-time_indexed	HEU.FormalExperimentRunner	--action="solve" --runId="pricing-wet040_002_4m-a1-w306-sc0-time_indexed" --instance="${WORKSPACE}/data/40-4/wet040_002_4m.dat" --algorithm="TIME_INDEXED" --outputDir="${WORKSPACE}/experiment-suite/formal-v1/runs/pricing-comparison/pricing-wet040_002_4m-a1-w306-sc0-time_indexed" --seedFile="${WORKSPACE}/experiment-suite/formal-v1/seeds/wet040_002_4m-a1-w306-sc0.seed" --dueWindowHalfWidth="306" --setupCostCoefficient="0" --outsourcingModel="none" --outsourcingUnitRate="1" --discountStrength="0" --timeLimitSeconds="10800" --maxNodes="100000"	${WORKSPACE}/experiment-suite/formal-v1/runs/pricing-comparison/pricing-wet040_002_4m-a1-w306-sc0-time_indexed	seed-wet040_002_4m-a1-w306-sc0	pricing-comparison
pricing-wet040_002_4m-a1-w306-sc0-time_indexed_sri	HEU.FormalExperimentRunner	--action="solve" --runId="pricing-wet040_002_4m-a1-w306-sc0-time_indexed_sri" --instance="${WORKSPACE}/data/40-4/wet040_002_4m.dat" --algorithm="TIME_INDEXED_SRI" --outputDir="${WORKSPACE}/experiment-suite/formal-v1/runs/pricing-comparison/pricing-wet040_002_4m-a1-w306-sc0-time_indexed_sri" --seedFile="${WORKSPACE}/experiment-suite/formal-v1/seeds/wet040_002_4m-a1-w306-sc0.seed" --dueWindowHalfWidth="306" --setupCostCoefficient="0" --outsourcingModel="none" --outsourcingUnitRate="1" --discountStrength="0" --timeLimitSeconds="10800" --maxNodes="100000"	${WORKSPACE}/experiment-suite/formal-v1/runs/pricing-comparison/pricing-wet040_002_4m-a1-w306-sc0-time_indexed_sri	seed-wet040_002_4m-a1-w306-sc0	pricing-comparison
seed-wet040_002_4m-a5-w0-sc0	HEU.FormalExperimentRunner	--action="seed" --runId="seed-wet040_002_4m-a5-w0-sc0" --instance="${WORKSPACE}/experiment-suite/formal-v1/instances/40-4/wet040_002_4m_timeX5.dat" --seedFile="${WORKSPACE}/experiment-suite/formal-v1/seeds/wet040_002_4m-a5-w0-sc0.seed" --outputDir="${WORKSPACE}/experiment-suite/formal-v1/runs/seed-wet040_002_4m-a5-w0-sc0" --dueWindowHalfWidth="0" --setupCostCoefficient="0"	${WORKSPACE}/experiment-suite/formal-v1/runs/seed-wet040_002_4m-a5-w0-sc0		seed
pricing-wet040_002_4m-a5-w0-sc0-ng_dssr	HEU.FormalExperimentRunner	--action="solve" --runId="pricing-wet040_002_4m-a5-w0-sc0-ng_dssr" --instance="${WORKSPACE}/experiment-suite/formal-v1/instances/40-4/wet040_002_4m_timeX5.dat" --algorithm="NG_DSSR" --outputDir="${WORKSPACE}/experiment-suite/formal-v1/runs/pricing-comparison/pricing-wet040_002_4m-a5-w0-sc0-ng_dssr" --seedFile="${WORKSPACE}/experiment-suite/formal-v1/seeds/wet040_002_4m-a5-w0-sc0.seed" --dueWindowHalfWidth="0" --setupCostCoefficient="0" --outsourcingModel="none" --outsourcingUnitRate="1" --discountStrength="0" --timeLimitSeconds="10800" --maxNodes="100000"	${WORKSPACE}/experiment-suite/formal-v1/runs/pricing-comparison/pricing-wet040_002_4m-a5-w0-sc0-ng_dssr	seed-wet040_002_4m-a5-w0-sc0	pricing-comparison
pricing-wet040_002_4m-a5-w0-sc0-time_indexed	HEU.FormalExperimentRunner	--action="solve" --runId="pricing-wet040_002_4m-a5-w0-sc0-time_indexed" --instance="${WORKSPACE}/experiment-suite/formal-v1/instances/40-4/wet040_002_4m_timeX5.dat" --algorithm="TIME_INDEXED" --outputDir="${WORKSPACE}/experiment-suite/formal-v1/runs/pricing-comparison/pricing-wet040_002_4m-a5-w0-sc0-time_indexed" --seedFile="${WORKSPACE}/experiment-suite/formal-v1/seeds/wet040_002_4m-a5-w0-sc0.seed" --dueWindowHalfWidth="0" --setupCostCoefficient="0" --outsourcingModel="none" --outsourcingUnitRate="1" --discountStrength="0" --timeLimitSeconds="10800" --maxNodes="100000"	${WORKSPACE}/experiment-suite/formal-v1/runs/pricing-comparison/pricing-wet040_002_4m-a5-w0-sc0-time_indexed	seed-wet040_002_4m-a5-w0-sc0	pricing-comparison
pricing-wet040_002_4m-a5-w0-sc0-time_indexed_sri	HEU.FormalExperimentRunner	--action="solve" --runId="pricing-wet040_002_4m-a5-w0-sc0-time_indexed_sri" --instance="${WORKSPACE}/experiment-suite/formal-v1/instances/40-4/wet040_002_4m_timeX5.dat" --algorithm="TIME_INDEXED_SRI" --outputDir="${WORKSPACE}/experiment-suite/formal-v1/runs/pricing-comparison/pricing-wet040_002_4m-a5-w0-sc0-time_indexed_sri" --seedFile="${WORKSPACE}/experiment-suite/formal-v1/seeds/wet040_002_4m-a5-w0-sc0.seed" --dueWindowHalfWidth="0" --setupCostCoefficient="0" --outsourcingModel="none" --outsourcingUnitRate="1" --discountStrength="0" --timeLimitSeconds="10800" --maxNodes="100000"	${WORKSPACE}/experiment-suite/formal-v1/runs/pricing-comparison/pricing-wet040_002_4m-a5-w0-sc0-time_indexed_sri	seed-wet040_002_4m-a5-w0-sc0	pricing-comparison
seed-wet040_002_4m-a5-w510-sc0	HEU.FormalExperimentRunner	--action="seed" --runId="seed-wet040_002_4m-a5-w510-sc0" --instance="${WORKSPACE}/experiment-suite/formal-v1/instances/40-4/wet040_002_4m_timeX5.dat" --seedFile="${WORKSPACE}/experiment-suite/formal-v1/seeds/wet040_002_4m-a5-w510-sc0.seed" --outputDir="${WORKSPACE}/experiment-suite/formal-v1/runs/seed-wet040_002_4m-a5-w510-sc0" --dueWindowHalfWidth="510" --setupCostCoefficient="0"	${WORKSPACE}/experiment-suite/formal-v1/runs/seed-wet040_002_4m-a5-w510-sc0		seed
pricing-wet040_002_4m-a5-w510-sc0-ng_dssr	HEU.FormalExperimentRunner	--action="solve" --runId="pricing-wet040_002_4m-a5-w510-sc0-ng_dssr" --instance="${WORKSPACE}/experiment-suite/formal-v1/instances/40-4/wet040_002_4m_timeX5.dat" --algorithm="NG_DSSR" --outputDir="${WORKSPACE}/experiment-suite/formal-v1/runs/pricing-comparison/pricing-wet040_002_4m-a5-w510-sc0-ng_dssr" --seedFile="${WORKSPACE}/experiment-suite/formal-v1/seeds/wet040_002_4m-a5-w510-sc0.seed" --dueWindowHalfWidth="510" --setupCostCoefficient="0" --outsourcingModel="none" --outsourcingUnitRate="1" --discountStrength="0" --timeLimitSeconds="10800" --maxNodes="100000"	${WORKSPACE}/experiment-suite/formal-v1/runs/pricing-comparison/pricing-wet040_002_4m-a5-w510-sc0-ng_dssr	seed-wet040_002_4m-a5-w510-sc0	pricing-comparison
pricing-wet040_002_4m-a5-w510-sc0-time_indexed	HEU.FormalExperimentRunner	--action="solve" --runId="pricing-wet040_002_4m-a5-w510-sc0-time_indexed" --instance="${WORKSPACE}/experiment-suite/formal-v1/instances/40-4/wet040_002_4m_timeX5.dat" --algorithm="TIME_INDEXED" --outputDir="${WORKSPACE}/experiment-suite/formal-v1/runs/pricing-comparison/pricing-wet040_002_4m-a5-w510-sc0-time_indexed" --seedFile="${WORKSPACE}/experiment-suite/formal-v1/seeds/wet040_002_4m-a5-w510-sc0.seed" --dueWindowHalfWidth="510" --setupCostCoefficient="0" --outsourcingModel="none" --outsourcingUnitRate="1" --discountStrength="0" --timeLimitSeconds="10800" --maxNodes="100000"	${WORKSPACE}/experiment-suite/formal-v1/runs/pricing-comparison/pricing-wet040_002_4m-a5-w510-sc0-time_indexed	seed-wet040_002_4m-a5-w510-sc0	pricing-comparison
pricing-wet040_002_4m-a5-w510-sc0-time_indexed_sri	HEU.FormalExperimentRunner	--action="solve" --runId="pricing-wet040_002_4m-a5-w510-sc0-time_indexed_sri" --instance="${WORKSPACE}/experiment-suite/formal-v1/instances/40-4/wet040_002_4m_timeX5.dat" --algorithm="TIME_INDEXED_SRI" --outputDir="${WORKSPACE}/experiment-suite/formal-v1/runs/pricing-comparison/pricing-wet040_002_4m-a5-w510-sc0-time_indexed_sri" --seedFile="${WORKSPACE}/experiment-suite/formal-v1/seeds/wet040_002_4m-a5-w510-sc0.seed" --dueWindowHalfWidth="510" --setupCostCoefficient="0" --outsourcingModel="none" --outsourcingUnitRate="1" --discountStrength="0" --timeLimitSeconds="10800" --maxNodes="100000"	${WORKSPACE}/experiment-suite/formal-v1/runs/pricing-comparison/pricing-wet040_002_4m-a5-w510-sc0-time_indexed_sri	seed-wet040_002_4m-a5-w510-sc0	pricing-comparison
seed-wet040_002_4m-a5-w1529-sc0	HEU.FormalExperimentRunner	--action="seed" --runId="seed-wet040_002_4m-a5-w1529-sc0" --instance="${WORKSPACE}/experiment-suite/formal-v1/instances/40-4/wet040_002_4m_timeX5.dat" --seedFile="${WORKSPACE}/experiment-suite/formal-v1/seeds/wet040_002_4m-a5-w1529-sc0.seed" --outputDir="${WORKSPACE}/experiment-suite/formal-v1/runs/seed-wet040_002_4m-a5-w1529-sc0" --dueWindowHalfWidth="1529" --setupCostCoefficient="0"	${WORKSPACE}/experiment-suite/formal-v1/runs/seed-wet040_002_4m-a5-w1529-sc0		seed
pricing-wet040_002_4m-a5-w1529-sc0-ng_dssr	HEU.FormalExperimentRunner	--action="solve" --runId="pricing-wet040_002_4m-a5-w1529-sc0-ng_dssr" --instance="${WORKSPACE}/experiment-suite/formal-v1/instances/40-4/wet040_002_4m_timeX5.dat" --algorithm="NG_DSSR" --outputDir="${WORKSPACE}/experiment-suite/formal-v1/runs/pricing-comparison/pricing-wet040_002_4m-a5-w1529-sc0-ng_dssr" --seedFile="${WORKSPACE}/experiment-suite/formal-v1/seeds/wet040_002_4m-a5-w1529-sc0.seed" --dueWindowHalfWidth="1529" --setupCostCoefficient="0" --outsourcingModel="none" --outsourcingUnitRate="1" --discountStrength="0" --timeLimitSeconds="10800" --maxNodes="100000"	${WORKSPACE}/experiment-suite/formal-v1/runs/pricing-comparison/pricing-wet040_002_4m-a5-w1529-sc0-ng_dssr	seed-wet040_002_4m-a5-w1529-sc0	pricing-comparison
pricing-wet040_002_4m-a5-w1529-sc0-time_indexed	HEU.FormalExperimentRunner	--action="solve" --runId="pricing-wet040_002_4m-a5-w1529-sc0-time_indexed" --instance="${WORKSPACE}/experiment-suite/formal-v1/instances/40-4/wet040_002_4m_timeX5.dat" --algorithm="TIME_INDEXED" --outputDir="${WORKSPACE}/experiment-suite/formal-v1/runs/pricing-comparison/pricing-wet040_002_4m-a5-w1529-sc0-time_indexed" --seedFile="${WORKSPACE}/experiment-suite/formal-v1/seeds/wet040_002_4m-a5-w1529-sc0.seed" --dueWindowHalfWidth="1529" --setupCostCoefficient="0" --outsourcingModel="none" --outsourcingUnitRate="1" --discountStrength="0" --timeLimitSeconds="10800" --maxNodes="100000"	${WORKSPACE}/experiment-suite/formal-v1/runs/pricing-comparison/pricing-wet040_002_4m-a5-w1529-sc0-time_indexed	seed-wet040_002_4m-a5-w1529-sc0	pricing-comparison
pricing-wet040_002_4m-a5-w1529-sc0-time_indexed_sri	HEU.FormalExperimentRunner	--action="solve" --runId="pricing-wet040_002_4m-a5-w1529-sc0-time_indexed_sri" --instance="${WORKSPACE}/experiment-suite/formal-v1/instances/40-4/wet040_002_4m_timeX5.dat" --algorithm="TIME_INDEXED_SRI" --outputDir="${WORKSPACE}/experiment-suite/formal-v1/runs/pricing-comparison/pricing-wet040_002_4m-a5-w1529-sc0-time_indexed_sri" --seedFile="${WORKSPACE}/experiment-suite/formal-v1/seeds/wet040_002_4m-a5-w1529-sc0.seed" --dueWindowHalfWidth="1529" --setupCostCoefficient="0" --outsourcingModel="none" --outsourcingUnitRate="1" --discountStrength="0" --timeLimitSeconds="10800" --maxNodes="100000"	${WORKSPACE}/experiment-suite/formal-v1/runs/pricing-comparison/pricing-wet040_002_4m-a5-w1529-sc0-time_indexed_sri	seed-wet040_002_4m-a5-w1529-sc0	pricing-comparison
seed-wet040_002_4m-a10-w0-sc0	HEU.FormalExperimentRunner	--action="seed" --runId="seed-wet040_002_4m-a10-w0-sc0" --instance="${WORKSPACE}/experiment-suite/formal-v1/instances/40-4/wet040_002_4m_timeX10.dat" --seedFile="${WORKSPACE}/experiment-suite/formal-v1/seeds/wet040_002_4m-a10-w0-sc0.seed" --outputDir="${WORKSPACE}/experiment-suite/formal-v1/runs/seed-wet040_002_4m-a10-w0-sc0" --dueWindowHalfWidth="0" --setupCostCoefficient="0"	${WORKSPACE}/experiment-suite/formal-v1/runs/seed-wet040_002_4m-a10-w0-sc0		seed
pricing-wet040_002_4m-a10-w0-sc0-ng_dssr	HEU.FormalExperimentRunner	--action="solve" --runId="pricing-wet040_002_4m-a10-w0-sc0-ng_dssr" --instance="${WORKSPACE}/experiment-suite/formal-v1/instances/40-4/wet040_002_4m_timeX10.dat" --algorithm="NG_DSSR" --outputDir="${WORKSPACE}/experiment-suite/formal-v1/runs/pricing-comparison/pricing-wet040_002_4m-a10-w0-sc0-ng_dssr" --seedFile="${WORKSPACE}/experiment-suite/formal-v1/seeds/wet040_002_4m-a10-w0-sc0.seed" --dueWindowHalfWidth="0" --setupCostCoefficient="0" --outsourcingModel="none" --outsourcingUnitRate="1" --discountStrength="0" --timeLimitSeconds="10800" --maxNodes="100000"	${WORKSPACE}/experiment-suite/formal-v1/runs/pricing-comparison/pricing-wet040_002_4m-a10-w0-sc0-ng_dssr	seed-wet040_002_4m-a10-w0-sc0	pricing-comparison
pricing-wet040_002_4m-a10-w0-sc0-time_indexed	HEU.FormalExperimentRunner	--action="solve" --runId="pricing-wet040_002_4m-a10-w0-sc0-time_indexed" --instance="${WORKSPACE}/experiment-suite/formal-v1/instances/40-4/wet040_002_4m_timeX10.dat" --algorithm="TIME_INDEXED" --outputDir="${WORKSPACE}/experiment-suite/formal-v1/runs/pricing-comparison/pricing-wet040_002_4m-a10-w0-sc0-time_indexed" --seedFile="${WORKSPACE}/experiment-suite/formal-v1/seeds/wet040_002_4m-a10-w0-sc0.seed" --dueWindowHalfWidth="0" --setupCostCoefficient="0" --outsourcingModel="none" --outsourcingUnitRate="1" --discountStrength="0" --timeLimitSeconds="10800" --maxNodes="100000"	${WORKSPACE}/experiment-suite/formal-v1/runs/pricing-comparison/pricing-wet040_002_4m-a10-w0-sc0-time_indexed	seed-wet040_002_4m-a10-w0-sc0	pricing-comparison
pricing-wet040_002_4m-a10-w0-sc0-time_indexed_sri	HEU.FormalExperimentRunner	--action="solve" --runId="pricing-wet040_002_4m-a10-w0-sc0-time_indexed_sri" --instance="${WORKSPACE}/experiment-suite/formal-v1/instances/40-4/wet040_002_4m_timeX10.dat" --algorithm="TIME_INDEXED_SRI" --outputDir="${WORKSPACE}/experiment-suite/formal-v1/runs/pricing-comparison/pricing-wet040_002_4m-a10-w0-sc0-time_indexed_sri" --seedFile="${WORKSPACE}/experiment-suite/formal-v1/seeds/wet040_002_4m-a10-w0-sc0.seed" --dueWindowHalfWidth="0" --setupCostCoefficient="0" --outsourcingModel="none" --outsourcingUnitRate="1" --discountStrength="0" --timeLimitSeconds="10800" --maxNodes="100000"	${WORKSPACE}/experiment-suite/formal-v1/runs/pricing-comparison/pricing-wet040_002_4m-a10-w0-sc0-time_indexed_sri	seed-wet040_002_4m-a10-w0-sc0	pricing-comparison
seed-wet040_002_4m-a10-w1020-sc0	HEU.FormalExperimentRunner	--action="seed" --runId="seed-wet040_002_4m-a10-w1020-sc0" --instance="${WORKSPACE}/experiment-suite/formal-v1/instances/40-4/wet040_002_4m_timeX10.dat" --seedFile="${WORKSPACE}/experiment-suite/formal-v1/seeds/wet040_002_4m-a10-w1020-sc0.seed" --outputDir="${WORKSPACE}/experiment-suite/formal-v1/runs/seed-wet040_002_4m-a10-w1020-sc0" --dueWindowHalfWidth="1020" --setupCostCoefficient="0"	${WORKSPACE}/experiment-suite/formal-v1/runs/seed-wet040_002_4m-a10-w1020-sc0		seed
pricing-wet040_002_4m-a10-w1020-sc0-ng_dssr	HEU.FormalExperimentRunner	--action="solve" --runId="pricing-wet040_002_4m-a10-w1020-sc0-ng_dssr" --instance="${WORKSPACE}/experiment-suite/formal-v1/instances/40-4/wet040_002_4m_timeX10.dat" --algorithm="NG_DSSR" --outputDir="${WORKSPACE}/experiment-suite/formal-v1/runs/pricing-comparison/pricing-wet040_002_4m-a10-w1020-sc0-ng_dssr" --seedFile="${WORKSPACE}/experiment-suite/formal-v1/seeds/wet040_002_4m-a10-w1020-sc0.seed" --dueWindowHalfWidth="1020" --setupCostCoefficient="0" --outsourcingModel="none" --outsourcingUnitRate="1" --discountStrength="0" --timeLimitSeconds="10800" --maxNodes="100000"	${WORKSPACE}/experiment-suite/formal-v1/runs/pricing-comparison/pricing-wet040_002_4m-a10-w1020-sc0-ng_dssr	seed-wet040_002_4m-a10-w1020-sc0	pricing-comparison
pricing-wet040_002_4m-a10-w1020-sc0-time_indexed	HEU.FormalExperimentRunner	--action="solve" --runId="pricing-wet040_002_4m-a10-w1020-sc0-time_indexed" --instance="${WORKSPACE}/experiment-suite/formal-v1/instances/40-4/wet040_002_4m_timeX10.dat" --algorithm="TIME_INDEXED" --outputDir="${WORKSPACE}/experiment-suite/formal-v1/runs/pricing-comparison/pricing-wet040_002_4m-a10-w1020-sc0-time_indexed" --seedFile="${WORKSPACE}/experiment-suite/formal-v1/seeds/wet040_002_4m-a10-w1020-sc0.seed" --dueWindowHalfWidth="1020" --setupCostCoefficient="0" --outsourcingModel="none" --outsourcingUnitRate="1" --discountStrength="0" --timeLimitSeconds="10800" --maxNodes="100000"	${WORKSPACE}/experiment-suite/formal-v1/runs/pricing-comparison/pricing-wet040_002_4m-a10-w1020-sc0-time_indexed	seed-wet040_002_4m-a10-w1020-sc0	pricing-comparison
pricing-wet040_002_4m-a10-w1020-sc0-time_indexed_sri	HEU.FormalExperimentRunner	--action="solve" --runId="pricing-wet040_002_4m-a10-w1020-sc0-time_indexed_sri" --instance="${WORKSPACE}/experiment-suite/formal-v1/instances/40-4/wet040_002_4m_timeX10.dat" --algorithm="TIME_INDEXED_SRI" --outputDir="${WORKSPACE}/experiment-suite/formal-v1/runs/pricing-comparison/pricing-wet040_002_4m-a10-w1020-sc0-time_indexed_sri" --seedFile="${WORKSPACE}/experiment-suite/formal-v1/seeds/wet040_002_4m-a10-w1020-sc0.seed" --dueWindowHalfWidth="1020" --setupCostCoefficient="0" --outsourcingModel="none" --outsourcingUnitRate="1" --discountStrength="0" --timeLimitSeconds="10800" --maxNodes="100000"	${WORKSPACE}/experiment-suite/formal-v1/runs/pricing-comparison/pricing-wet040_002_4m-a10-w1020-sc0-time_indexed_sri	seed-wet040_002_4m-a10-w1020-sc0	pricing-comparison
seed-wet040_002_4m-a10-w3058-sc0	HEU.FormalExperimentRunner	--action="seed" --runId="seed-wet040_002_4m-a10-w3058-sc0" --instance="${WORKSPACE}/experiment-suite/formal-v1/instances/40-4/wet040_002_4m_timeX10.dat" --seedFile="${WORKSPACE}/experiment-suite/formal-v1/seeds/wet040_002_4m-a10-w3058-sc0.seed" --outputDir="${WORKSPACE}/experiment-suite/formal-v1/runs/seed-wet040_002_4m-a10-w3058-sc0" --dueWindowHalfWidth="3058" --setupCostCoefficient="0"	${WORKSPACE}/experiment-suite/formal-v1/runs/seed-wet040_002_4m-a10-w3058-sc0		seed
pricing-wet040_002_4m-a10-w3058-sc0-ng_dssr	HEU.FormalExperimentRunner	--action="solve" --runId="pricing-wet040_002_4m-a10-w3058-sc0-ng_dssr" --instance="${WORKSPACE}/experiment-suite/formal-v1/instances/40-4/wet040_002_4m_timeX10.dat" --algorithm="NG_DSSR" --outputDir="${WORKSPACE}/experiment-suite/formal-v1/runs/pricing-comparison/pricing-wet040_002_4m-a10-w3058-sc0-ng_dssr" --seedFile="${WORKSPACE}/experiment-suite/formal-v1/seeds/wet040_002_4m-a10-w3058-sc0.seed" --dueWindowHalfWidth="3058" --setupCostCoefficient="0" --outsourcingModel="none" --outsourcingUnitRate="1" --discountStrength="0" --timeLimitSeconds="10800" --maxNodes="100000"	${WORKSPACE}/experiment-suite/formal-v1/runs/pricing-comparison/pricing-wet040_002_4m-a10-w3058-sc0-ng_dssr	seed-wet040_002_4m-a10-w3058-sc0	pricing-comparison
pricing-wet040_002_4m-a10-w3058-sc0-time_indexed	HEU.FormalExperimentRunner	--action="solve" --runId="pricing-wet040_002_4m-a10-w3058-sc0-time_indexed" --instance="${WORKSPACE}/experiment-suite/formal-v1/instances/40-4/wet040_002_4m_timeX10.dat" --algorithm="TIME_INDEXED" --outputDir="${WORKSPACE}/experiment-suite/formal-v1/runs/pricing-comparison/pricing-wet040_002_4m-a10-w3058-sc0-time_indexed" --seedFile="${WORKSPACE}/experiment-suite/formal-v1/seeds/wet040_002_4m-a10-w3058-sc0.seed" --dueWindowHalfWidth="3058" --setupCostCoefficient="0" --outsourcingModel="none" --outsourcingUnitRate="1" --discountStrength="0" --timeLimitSeconds="10800" --maxNodes="100000"	${WORKSPACE}/experiment-suite/formal-v1/runs/pricing-comparison/pricing-wet040_002_4m-a10-w3058-sc0-time_indexed	seed-wet040_002_4m-a10-w3058-sc0	pricing-comparison
pricing-wet040_002_4m-a10-w3058-sc0-time_indexed_sri	HEU.FormalExperimentRunner	--action="solve" --runId="pricing-wet040_002_4m-a10-w3058-sc0-time_indexed_sri" --instance="${WORKSPACE}/experiment-suite/formal-v1/instances/40-4/wet040_002_4m_timeX10.dat" --algorithm="TIME_INDEXED_SRI" --outputDir="${WORKSPACE}/experiment-suite/formal-v1/runs/pricing-comparison/pricing-wet040_002_4m-a10-w3058-sc0-time_indexed_sri" --seedFile="${WORKSPACE}/experiment-suite/formal-v1/seeds/wet040_002_4m-a10-w3058-sc0.seed" --dueWindowHalfWidth="3058" --setupCostCoefficient="0" --outsourcingModel="none" --outsourcingUnitRate="1" --discountStrength="0" --timeLimitSeconds="10800" --maxNodes="100000"	${WORKSPACE}/experiment-suite/formal-v1/runs/pricing-comparison/pricing-wet040_002_4m-a10-w3058-sc0-time_indexed_sri	seed-wet040_002_4m-a10-w3058-sc0	pricing-comparison
seed-wet040_003_4m-a1-w0-sc0	HEU.FormalExperimentRunner	--action="seed" --runId="seed-wet040_003_4m-a1-w0-sc0" --instance="${WORKSPACE}/data/40-4/wet040_003_4m.dat" --seedFile="${WORKSPACE}/experiment-suite/formal-v1/seeds/wet040_003_4m-a1-w0-sc0.seed" --outputDir="${WORKSPACE}/experiment-suite/formal-v1/runs/seed-wet040_003_4m-a1-w0-sc0" --dueWindowHalfWidth="0" --setupCostCoefficient="0"	${WORKSPACE}/experiment-suite/formal-v1/runs/seed-wet040_003_4m-a1-w0-sc0		seed
pricing-wet040_003_4m-a1-w0-sc0-ng_dssr	HEU.FormalExperimentRunner	--action="solve" --runId="pricing-wet040_003_4m-a1-w0-sc0-ng_dssr" --instance="${WORKSPACE}/data/40-4/wet040_003_4m.dat" --algorithm="NG_DSSR" --outputDir="${WORKSPACE}/experiment-suite/formal-v1/runs/pricing-comparison/pricing-wet040_003_4m-a1-w0-sc0-ng_dssr" --seedFile="${WORKSPACE}/experiment-suite/formal-v1/seeds/wet040_003_4m-a1-w0-sc0.seed" --dueWindowHalfWidth="0" --setupCostCoefficient="0" --outsourcingModel="none" --outsourcingUnitRate="1" --discountStrength="0" --timeLimitSeconds="10800" --maxNodes="100000"	${WORKSPACE}/experiment-suite/formal-v1/runs/pricing-comparison/pricing-wet040_003_4m-a1-w0-sc0-ng_dssr	seed-wet040_003_4m-a1-w0-sc0	pricing-comparison
pricing-wet040_003_4m-a1-w0-sc0-time_indexed	HEU.FormalExperimentRunner	--action="solve" --runId="pricing-wet040_003_4m-a1-w0-sc0-time_indexed" --instance="${WORKSPACE}/data/40-4/wet040_003_4m.dat" --algorithm="TIME_INDEXED" --outputDir="${WORKSPACE}/experiment-suite/formal-v1/runs/pricing-comparison/pricing-wet040_003_4m-a1-w0-sc0-time_indexed" --seedFile="${WORKSPACE}/experiment-suite/formal-v1/seeds/wet040_003_4m-a1-w0-sc0.seed" --dueWindowHalfWidth="0" --setupCostCoefficient="0" --outsourcingModel="none" --outsourcingUnitRate="1" --discountStrength="0" --timeLimitSeconds="10800" --maxNodes="100000"	${WORKSPACE}/experiment-suite/formal-v1/runs/pricing-comparison/pricing-wet040_003_4m-a1-w0-sc0-time_indexed	seed-wet040_003_4m-a1-w0-sc0	pricing-comparison
pricing-wet040_003_4m-a1-w0-sc0-time_indexed_sri	HEU.FormalExperimentRunner	--action="solve" --runId="pricing-wet040_003_4m-a1-w0-sc0-time_indexed_sri" --instance="${WORKSPACE}/data/40-4/wet040_003_4m.dat" --algorithm="TIME_INDEXED_SRI" --outputDir="${WORKSPACE}/experiment-suite/formal-v1/runs/pricing-comparison/pricing-wet040_003_4m-a1-w0-sc0-time_indexed_sri" --seedFile="${WORKSPACE}/experiment-suite/formal-v1/seeds/wet040_003_4m-a1-w0-sc0.seed" --dueWindowHalfWidth="0" --setupCostCoefficient="0" --outsourcingModel="none" --outsourcingUnitRate="1" --discountStrength="0" --timeLimitSeconds="10800" --maxNodes="100000"	${WORKSPACE}/experiment-suite/formal-v1/runs/pricing-comparison/pricing-wet040_003_4m-a1-w0-sc0-time_indexed_sri	seed-wet040_003_4m-a1-w0-sc0	pricing-comparison
seed-wet040_003_4m-a1-w92-sc0	HEU.FormalExperimentRunner	--action="seed" --runId="seed-wet040_003_4m-a1-w92-sc0" --instance="${WORKSPACE}/data/40-4/wet040_003_4m.dat" --seedFile="${WORKSPACE}/experiment-suite/formal-v1/seeds/wet040_003_4m-a1-w92-sc0.seed" --outputDir="${WORKSPACE}/experiment-suite/formal-v1/runs/seed-wet040_003_4m-a1-w92-sc0" --dueWindowHalfWidth="92" --setupCostCoefficient="0"	${WORKSPACE}/experiment-suite/formal-v1/runs/seed-wet040_003_4m-a1-w92-sc0		seed
pricing-wet040_003_4m-a1-w92-sc0-ng_dssr	HEU.FormalExperimentRunner	--action="solve" --runId="pricing-wet040_003_4m-a1-w92-sc0-ng_dssr" --instance="${WORKSPACE}/data/40-4/wet040_003_4m.dat" --algorithm="NG_DSSR" --outputDir="${WORKSPACE}/experiment-suite/formal-v1/runs/pricing-comparison/pricing-wet040_003_4m-a1-w92-sc0-ng_dssr" --seedFile="${WORKSPACE}/experiment-suite/formal-v1/seeds/wet040_003_4m-a1-w92-sc0.seed" --dueWindowHalfWidth="92" --setupCostCoefficient="0" --outsourcingModel="none" --outsourcingUnitRate="1" --discountStrength="0" --timeLimitSeconds="10800" --maxNodes="100000"	${WORKSPACE}/experiment-suite/formal-v1/runs/pricing-comparison/pricing-wet040_003_4m-a1-w92-sc0-ng_dssr	seed-wet040_003_4m-a1-w92-sc0	pricing-comparison
pricing-wet040_003_4m-a1-w92-sc0-time_indexed	HEU.FormalExperimentRunner	--action="solve" --runId="pricing-wet040_003_4m-a1-w92-sc0-time_indexed" --instance="${WORKSPACE}/data/40-4/wet040_003_4m.dat" --algorithm="TIME_INDEXED" --outputDir="${WORKSPACE}/experiment-suite/formal-v1/runs/pricing-comparison/pricing-wet040_003_4m-a1-w92-sc0-time_indexed" --seedFile="${WORKSPACE}/experiment-suite/formal-v1/seeds/wet040_003_4m-a1-w92-sc0.seed" --dueWindowHalfWidth="92" --setupCostCoefficient="0" --outsourcingModel="none" --outsourcingUnitRate="1" --discountStrength="0" --timeLimitSeconds="10800" --maxNodes="100000"	${WORKSPACE}/experiment-suite/formal-v1/runs/pricing-comparison/pricing-wet040_003_4m-a1-w92-sc0-time_indexed	seed-wet040_003_4m-a1-w92-sc0	pricing-comparison
pricing-wet040_003_4m-a1-w92-sc0-time_indexed_sri	HEU.FormalExperimentRunner	--action="solve" --runId="pricing-wet040_003_4m-a1-w92-sc0-time_indexed_sri" --instance="${WORKSPACE}/data/40-4/wet040_003_4m.dat" --algorithm="TIME_INDEXED_SRI" --outputDir="${WORKSPACE}/experiment-suite/formal-v1/runs/pricing-comparison/pricing-wet040_003_4m-a1-w92-sc0-time_indexed_sri" --seedFile="${WORKSPACE}/experiment-suite/formal-v1/seeds/wet040_003_4m-a1-w92-sc0.seed" --dueWindowHalfWidth="92" --setupCostCoefficient="0" --outsourcingModel="none" --outsourcingUnitRate="1" --discountStrength="0" --timeLimitSeconds="10800" --maxNodes="100000"	${WORKSPACE}/experiment-suite/formal-v1/runs/pricing-comparison/pricing-wet040_003_4m-a1-w92-sc0-time_indexed_sri	seed-wet040_003_4m-a1-w92-sc0	pricing-comparison
seed-wet040_003_4m-a1-w276-sc0	HEU.FormalExperimentRunner	--action="seed" --runId="seed-wet040_003_4m-a1-w276-sc0" --instance="${WORKSPACE}/data/40-4/wet040_003_4m.dat" --seedFile="${WORKSPACE}/experiment-suite/formal-v1/seeds/wet040_003_4m-a1-w276-sc0.seed" --outputDir="${WORKSPACE}/experiment-suite/formal-v1/runs/seed-wet040_003_4m-a1-w276-sc0" --dueWindowHalfWidth="276" --setupCostCoefficient="0"	${WORKSPACE}/experiment-suite/formal-v1/runs/seed-wet040_003_4m-a1-w276-sc0		seed
pricing-wet040_003_4m-a1-w276-sc0-ng_dssr	HEU.FormalExperimentRunner	--action="solve" --runId="pricing-wet040_003_4m-a1-w276-sc0-ng_dssr" --instance="${WORKSPACE}/data/40-4/wet040_003_4m.dat" --algorithm="NG_DSSR" --outputDir="${WORKSPACE}/experiment-suite/formal-v1/runs/pricing-comparison/pricing-wet040_003_4m-a1-w276-sc0-ng_dssr" --seedFile="${WORKSPACE}/experiment-suite/formal-v1/seeds/wet040_003_4m-a1-w276-sc0.seed" --dueWindowHalfWidth="276" --setupCostCoefficient="0" --outsourcingModel="none" --outsourcingUnitRate="1" --discountStrength="0" --timeLimitSeconds="10800" --maxNodes="100000"	${WORKSPACE}/experiment-suite/formal-v1/runs/pricing-comparison/pricing-wet040_003_4m-a1-w276-sc0-ng_dssr	seed-wet040_003_4m-a1-w276-sc0	pricing-comparison
pricing-wet040_003_4m-a1-w276-sc0-time_indexed	HEU.FormalExperimentRunner	--action="solve" --runId="pricing-wet040_003_4m-a1-w276-sc0-time_indexed" --instance="${WORKSPACE}/data/40-4/wet040_003_4m.dat" --algorithm="TIME_INDEXED" --outputDir="${WORKSPACE}/experiment-suite/formal-v1/runs/pricing-comparison/pricing-wet040_003_4m-a1-w276-sc0-time_indexed" --seedFile="${WORKSPACE}/experiment-suite/formal-v1/seeds/wet040_003_4m-a1-w276-sc0.seed" --dueWindowHalfWidth="276" --setupCostCoefficient="0" --outsourcingModel="none" --outsourcingUnitRate="1" --discountStrength="0" --timeLimitSeconds="10800" --maxNodes="100000"	${WORKSPACE}/experiment-suite/formal-v1/runs/pricing-comparison/pricing-wet040_003_4m-a1-w276-sc0-time_indexed	seed-wet040_003_4m-a1-w276-sc0	pricing-comparison
pricing-wet040_003_4m-a1-w276-sc0-time_indexed_sri	HEU.FormalExperimentRunner	--action="solve" --runId="pricing-wet040_003_4m-a1-w276-sc0-time_indexed_sri" --instance="${WORKSPACE}/data/40-4/wet040_003_4m.dat" --algorithm="TIME_INDEXED_SRI" --outputDir="${WORKSPACE}/experiment-suite/formal-v1/runs/pricing-comparison/pricing-wet040_003_4m-a1-w276-sc0-time_indexed_sri" --seedFile="${WORKSPACE}/experiment-suite/formal-v1/seeds/wet040_003_4m-a1-w276-sc0.seed" --dueWindowHalfWidth="276" --setupCostCoefficient="0" --outsourcingModel="none" --outsourcingUnitRate="1" --discountStrength="0" --timeLimitSeconds="10800" --maxNodes="100000"	${WORKSPACE}/experiment-suite/formal-v1/runs/pricing-comparison/pricing-wet040_003_4m-a1-w276-sc0-time_indexed_sri	seed-wet040_003_4m-a1-w276-sc0	pricing-comparison
seed-wet040_003_4m-a5-w0-sc0	HEU.FormalExperimentRunner	--action="seed" --runId="seed-wet040_003_4m-a5-w0-sc0" --instance="${WORKSPACE}/experiment-suite/formal-v1/instances/40-4/wet040_003_4m_timeX5.dat" --seedFile="${WORKSPACE}/experiment-suite/formal-v1/seeds/wet040_003_4m-a5-w0-sc0.seed" --outputDir="${WORKSPACE}/experiment-suite/formal-v1/runs/seed-wet040_003_4m-a5-w0-sc0" --dueWindowHalfWidth="0" --setupCostCoefficient="0"	${WORKSPACE}/experiment-suite/formal-v1/runs/seed-wet040_003_4m-a5-w0-sc0		seed
pricing-wet040_003_4m-a5-w0-sc0-ng_dssr	HEU.FormalExperimentRunner	--action="solve" --runId="pricing-wet040_003_4m-a5-w0-sc0-ng_dssr" --instance="${WORKSPACE}/experiment-suite/formal-v1/instances/40-4/wet040_003_4m_timeX5.dat" --algorithm="NG_DSSR" --outputDir="${WORKSPACE}/experiment-suite/formal-v1/runs/pricing-comparison/pricing-wet040_003_4m-a5-w0-sc0-ng_dssr" --seedFile="${WORKSPACE}/experiment-suite/formal-v1/seeds/wet040_003_4m-a5-w0-sc0.seed" --dueWindowHalfWidth="0" --setupCostCoefficient="0" --outsourcingModel="none" --outsourcingUnitRate="1" --discountStrength="0" --timeLimitSeconds="10800" --maxNodes="100000"	${WORKSPACE}/experiment-suite/formal-v1/runs/pricing-comparison/pricing-wet040_003_4m-a5-w0-sc0-ng_dssr	seed-wet040_003_4m-a5-w0-sc0	pricing-comparison
pricing-wet040_003_4m-a5-w0-sc0-time_indexed	HEU.FormalExperimentRunner	--action="solve" --runId="pricing-wet040_003_4m-a5-w0-sc0-time_indexed" --instance="${WORKSPACE}/experiment-suite/formal-v1/instances/40-4/wet040_003_4m_timeX5.dat" --algorithm="TIME_INDEXED" --outputDir="${WORKSPACE}/experiment-suite/formal-v1/runs/pricing-comparison/pricing-wet040_003_4m-a5-w0-sc0-time_indexed" --seedFile="${WORKSPACE}/experiment-suite/formal-v1/seeds/wet040_003_4m-a5-w0-sc0.seed" --dueWindowHalfWidth="0" --setupCostCoefficient="0" --outsourcingModel="none" --outsourcingUnitRate="1" --discountStrength="0" --timeLimitSeconds="10800" --maxNodes="100000"	${WORKSPACE}/experiment-suite/formal-v1/runs/pricing-comparison/pricing-wet040_003_4m-a5-w0-sc0-time_indexed	seed-wet040_003_4m-a5-w0-sc0	pricing-comparison
pricing-wet040_003_4m-a5-w0-sc0-time_indexed_sri	HEU.FormalExperimentRunner	--action="solve" --runId="pricing-wet040_003_4m-a5-w0-sc0-time_indexed_sri" --instance="${WORKSPACE}/experiment-suite/formal-v1/instances/40-4/wet040_003_4m_timeX5.dat" --algorithm="TIME_INDEXED_SRI" --outputDir="${WORKSPACE}/experiment-suite/formal-v1/runs/pricing-comparison/pricing-wet040_003_4m-a5-w0-sc0-time_indexed_sri" --seedFile="${WORKSPACE}/experiment-suite/formal-v1/seeds/wet040_003_4m-a5-w0-sc0.seed" --dueWindowHalfWidth="0" --setupCostCoefficient="0" --outsourcingModel="none" --outsourcingUnitRate="1" --discountStrength="0" --timeLimitSeconds="10800" --maxNodes="100000"	${WORKSPACE}/experiment-suite/formal-v1/runs/pricing-comparison/pricing-wet040_003_4m-a5-w0-sc0-time_indexed_sri	seed-wet040_003_4m-a5-w0-sc0	pricing-comparison
seed-wet040_003_4m-a5-w459-sc0	HEU.FormalExperimentRunner	--action="seed" --runId="seed-wet040_003_4m-a5-w459-sc0" --instance="${WORKSPACE}/experiment-suite/formal-v1/instances/40-4/wet040_003_4m_timeX5.dat" --seedFile="${WORKSPACE}/experiment-suite/formal-v1/seeds/wet040_003_4m-a5-w459-sc0.seed" --outputDir="${WORKSPACE}/experiment-suite/formal-v1/runs/seed-wet040_003_4m-a5-w459-sc0" --dueWindowHalfWidth="459" --setupCostCoefficient="0"	${WORKSPACE}/experiment-suite/formal-v1/runs/seed-wet040_003_4m-a5-w459-sc0		seed
pricing-wet040_003_4m-a5-w459-sc0-ng_dssr	HEU.FormalExperimentRunner	--action="solve" --runId="pricing-wet040_003_4m-a5-w459-sc0-ng_dssr" --instance="${WORKSPACE}/experiment-suite/formal-v1/instances/40-4/wet040_003_4m_timeX5.dat" --algorithm="NG_DSSR" --outputDir="${WORKSPACE}/experiment-suite/formal-v1/runs/pricing-comparison/pricing-wet040_003_4m-a5-w459-sc0-ng_dssr" --seedFile="${WORKSPACE}/experiment-suite/formal-v1/seeds/wet040_003_4m-a5-w459-sc0.seed" --dueWindowHalfWidth="459" --setupCostCoefficient="0" --outsourcingModel="none" --outsourcingUnitRate="1" --discountStrength="0" --timeLimitSeconds="10800" --maxNodes="100000"	${WORKSPACE}/experiment-suite/formal-v1/runs/pricing-comparison/pricing-wet040_003_4m-a5-w459-sc0-ng_dssr	seed-wet040_003_4m-a5-w459-sc0	pricing-comparison
pricing-wet040_003_4m-a5-w459-sc0-time_indexed	HEU.FormalExperimentRunner	--action="solve" --runId="pricing-wet040_003_4m-a5-w459-sc0-time_indexed" --instance="${WORKSPACE}/experiment-suite/formal-v1/instances/40-4/wet040_003_4m_timeX5.dat" --algorithm="TIME_INDEXED" --outputDir="${WORKSPACE}/experiment-suite/formal-v1/runs/pricing-comparison/pricing-wet040_003_4m-a5-w459-sc0-time_indexed" --seedFile="${WORKSPACE}/experiment-suite/formal-v1/seeds/wet040_003_4m-a5-w459-sc0.seed" --dueWindowHalfWidth="459" --setupCostCoefficient="0" --outsourcingModel="none" --outsourcingUnitRate="1" --discountStrength="0" --timeLimitSeconds="10800" --maxNodes="100000"	${WORKSPACE}/experiment-suite/formal-v1/runs/pricing-comparison/pricing-wet040_003_4m-a5-w459-sc0-time_indexed	seed-wet040_003_4m-a5-w459-sc0	pricing-comparison
pricing-wet040_003_4m-a5-w459-sc0-time_indexed_sri	HEU.FormalExperimentRunner	--action="solve" --runId="pricing-wet040_003_4m-a5-w459-sc0-time_indexed_sri" --instance="${WORKSPACE}/experiment-suite/formal-v1/instances/40-4/wet040_003_4m_timeX5.dat" --algorithm="TIME_INDEXED_SRI" --outputDir="${WORKSPACE}/experiment-suite/formal-v1/runs/pricing-comparison/pricing-wet040_003_4m-a5-w459-sc0-time_indexed_sri" --seedFile="${WORKSPACE}/experiment-suite/formal-v1/seeds/wet040_003_4m-a5-w459-sc0.seed" --dueWindowHalfWidth="459" --setupCostCoefficient="0" --outsourcingModel="none" --outsourcingUnitRate="1" --discountStrength="0" --timeLimitSeconds="10800" --maxNodes="100000"	${WORKSPACE}/experiment-suite/formal-v1/runs/pricing-comparison/pricing-wet040_003_4m-a5-w459-sc0-time_indexed_sri	seed-wet040_003_4m-a5-w459-sc0	pricing-comparison
seed-wet040_003_4m-a5-w1378-sc0	HEU.FormalExperimentRunner	--action="seed" --runId="seed-wet040_003_4m-a5-w1378-sc0" --instance="${WORKSPACE}/experiment-suite/formal-v1/instances/40-4/wet040_003_4m_timeX5.dat" --seedFile="${WORKSPACE}/experiment-suite/formal-v1/seeds/wet040_003_4m-a5-w1378-sc0.seed" --outputDir="${WORKSPACE}/experiment-suite/formal-v1/runs/seed-wet040_003_4m-a5-w1378-sc0" --dueWindowHalfWidth="1378" --setupCostCoefficient="0"	${WORKSPACE}/experiment-suite/formal-v1/runs/seed-wet040_003_4m-a5-w1378-sc0		seed
pricing-wet040_003_4m-a5-w1378-sc0-ng_dssr	HEU.FormalExperimentRunner	--action="solve" --runId="pricing-wet040_003_4m-a5-w1378-sc0-ng_dssr" --instance="${WORKSPACE}/experiment-suite/formal-v1/instances/40-4/wet040_003_4m_timeX5.dat" --algorithm="NG_DSSR" --outputDir="${WORKSPACE}/experiment-suite/formal-v1/runs/pricing-comparison/pricing-wet040_003_4m-a5-w1378-sc0-ng_dssr" --seedFile="${WORKSPACE}/experiment-suite/formal-v1/seeds/wet040_003_4m-a5-w1378-sc0.seed" --dueWindowHalfWidth="1378" --setupCostCoefficient="0" --outsourcingModel="none" --outsourcingUnitRate="1" --discountStrength="0" --timeLimitSeconds="10800" --maxNodes="100000"	${WORKSPACE}/experiment-suite/formal-v1/runs/pricing-comparison/pricing-wet040_003_4m-a5-w1378-sc0-ng_dssr	seed-wet040_003_4m-a5-w1378-sc0	pricing-comparison
pricing-wet040_003_4m-a5-w1378-sc0-time_indexed	HEU.FormalExperimentRunner	--action="solve" --runId="pricing-wet040_003_4m-a5-w1378-sc0-time_indexed" --instance="${WORKSPACE}/experiment-suite/formal-v1/instances/40-4/wet040_003_4m_timeX5.dat" --algorithm="TIME_INDEXED" --outputDir="${WORKSPACE}/experiment-suite/formal-v1/runs/pricing-comparison/pricing-wet040_003_4m-a5-w1378-sc0-time_indexed" --seedFile="${WORKSPACE}/experiment-suite/formal-v1/seeds/wet040_003_4m-a5-w1378-sc0.seed" --dueWindowHalfWidth="1378" --setupCostCoefficient="0" --outsourcingModel="none" --outsourcingUnitRate="1" --discountStrength="0" --timeLimitSeconds="10800" --maxNodes="100000"	${WORKSPACE}/experiment-suite/formal-v1/runs/pricing-comparison/pricing-wet040_003_4m-a5-w1378-sc0-time_indexed	seed-wet040_003_4m-a5-w1378-sc0	pricing-comparison
pricing-wet040_003_4m-a5-w1378-sc0-time_indexed_sri	HEU.FormalExperimentRunner	--action="solve" --runId="pricing-wet040_003_4m-a5-w1378-sc0-time_indexed_sri" --instance="${WORKSPACE}/experiment-suite/formal-v1/instances/40-4/wet040_003_4m_timeX5.dat" --algorithm="TIME_INDEXED_SRI" --outputDir="${WORKSPACE}/experiment-suite/formal-v1/runs/pricing-comparison/pricing-wet040_003_4m-a5-w1378-sc0-time_indexed_sri" --seedFile="${WORKSPACE}/experiment-suite/formal-v1/seeds/wet040_003_4m-a5-w1378-sc0.seed" --dueWindowHalfWidth="1378" --setupCostCoefficient="0" --outsourcingModel="none" --outsourcingUnitRate="1" --discountStrength="0" --timeLimitSeconds="10800" --maxNodes="100000"	${WORKSPACE}/experiment-suite/formal-v1/runs/pricing-comparison/pricing-wet040_003_4m-a5-w1378-sc0-time_indexed_sri	seed-wet040_003_4m-a5-w1378-sc0	pricing-comparison
seed-wet040_003_4m-a10-w0-sc0	HEU.FormalExperimentRunner	--action="seed" --runId="seed-wet040_003_4m-a10-w0-sc0" --instance="${WORKSPACE}/experiment-suite/formal-v1/instances/40-4/wet040_003_4m_timeX10.dat" --seedFile="${WORKSPACE}/experiment-suite/formal-v1/seeds/wet040_003_4m-a10-w0-sc0.seed" --outputDir="${WORKSPACE}/experiment-suite/formal-v1/runs/seed-wet040_003_4m-a10-w0-sc0" --dueWindowHalfWidth="0" --setupCostCoefficient="0"	${WORKSPACE}/experiment-suite/formal-v1/runs/seed-wet040_003_4m-a10-w0-sc0		seed
pricing-wet040_003_4m-a10-w0-sc0-ng_dssr	HEU.FormalExperimentRunner	--action="solve" --runId="pricing-wet040_003_4m-a10-w0-sc0-ng_dssr" --instance="${WORKSPACE}/experiment-suite/formal-v1/instances/40-4/wet040_003_4m_timeX10.dat" --algorithm="NG_DSSR" --outputDir="${WORKSPACE}/experiment-suite/formal-v1/runs/pricing-comparison/pricing-wet040_003_4m-a10-w0-sc0-ng_dssr" --seedFile="${WORKSPACE}/experiment-suite/formal-v1/seeds/wet040_003_4m-a10-w0-sc0.seed" --dueWindowHalfWidth="0" --setupCostCoefficient="0" --outsourcingModel="none" --outsourcingUnitRate="1" --discountStrength="0" --timeLimitSeconds="10800" --maxNodes="100000"	${WORKSPACE}/experiment-suite/formal-v1/runs/pricing-comparison/pricing-wet040_003_4m-a10-w0-sc0-ng_dssr	seed-wet040_003_4m-a10-w0-sc0	pricing-comparison
pricing-wet040_003_4m-a10-w0-sc0-time_indexed	HEU.FormalExperimentRunner	--action="solve" --runId="pricing-wet040_003_4m-a10-w0-sc0-time_indexed" --instance="${WORKSPACE}/experiment-suite/formal-v1/instances/40-4/wet040_003_4m_timeX10.dat" --algorithm="TIME_INDEXED" --outputDir="${WORKSPACE}/experiment-suite/formal-v1/runs/pricing-comparison/pricing-wet040_003_4m-a10-w0-sc0-time_indexed" --seedFile="${WORKSPACE}/experiment-suite/formal-v1/seeds/wet040_003_4m-a10-w0-sc0.seed" --dueWindowHalfWidth="0" --setupCostCoefficient="0" --outsourcingModel="none" --outsourcingUnitRate="1" --discountStrength="0" --timeLimitSeconds="10800" --maxNodes="100000"	${WORKSPACE}/experiment-suite/formal-v1/runs/pricing-comparison/pricing-wet040_003_4m-a10-w0-sc0-time_indexed	seed-wet040_003_4m-a10-w0-sc0	pricing-comparison
pricing-wet040_003_4m-a10-w0-sc0-time_indexed_sri	HEU.FormalExperimentRunner	--action="solve" --runId="pricing-wet040_003_4m-a10-w0-sc0-time_indexed_sri" --instance="${WORKSPACE}/experiment-suite/formal-v1/instances/40-4/wet040_003_4m_timeX10.dat" --algorithm="TIME_INDEXED_SRI" --outputDir="${WORKSPACE}/experiment-suite/formal-v1/runs/pricing-comparison/pricing-wet040_003_4m-a10-w0-sc0-time_indexed_sri" --seedFile="${WORKSPACE}/experiment-suite/formal-v1/seeds/wet040_003_4m-a10-w0-sc0.seed" --dueWindowHalfWidth="0" --setupCostCoefficient="0" --outsourcingModel="none" --outsourcingUnitRate="1" --discountStrength="0" --timeLimitSeconds="10800" --maxNodes="100000"	${WORKSPACE}/experiment-suite/formal-v1/runs/pricing-comparison/pricing-wet040_003_4m-a10-w0-sc0-time_indexed_sri	seed-wet040_003_4m-a10-w0-sc0	pricing-comparison
seed-wet040_003_4m-a10-w918-sc0	HEU.FormalExperimentRunner	--action="seed" --runId="seed-wet040_003_4m-a10-w918-sc0" --instance="${WORKSPACE}/experiment-suite/formal-v1/instances/40-4/wet040_003_4m_timeX10.dat" --seedFile="${WORKSPACE}/experiment-suite/formal-v1/seeds/wet040_003_4m-a10-w918-sc0.seed" --outputDir="${WORKSPACE}/experiment-suite/formal-v1/runs/seed-wet040_003_4m-a10-w918-sc0" --dueWindowHalfWidth="918" --setupCostCoefficient="0"	${WORKSPACE}/experiment-suite/formal-v1/runs/seed-wet040_003_4m-a10-w918-sc0		seed
pricing-wet040_003_4m-a10-w918-sc0-ng_dssr	HEU.FormalExperimentRunner	--action="solve" --runId="pricing-wet040_003_4m-a10-w918-sc0-ng_dssr" --instance="${WORKSPACE}/experiment-suite/formal-v1/instances/40-4/wet040_003_4m_timeX10.dat" --algorithm="NG_DSSR" --outputDir="${WORKSPACE}/experiment-suite/formal-v1/runs/pricing-comparison/pricing-wet040_003_4m-a10-w918-sc0-ng_dssr" --seedFile="${WORKSPACE}/experiment-suite/formal-v1/seeds/wet040_003_4m-a10-w918-sc0.seed" --dueWindowHalfWidth="918" --setupCostCoefficient="0" --outsourcingModel="none" --outsourcingUnitRate="1" --discountStrength="0" --timeLimitSeconds="10800" --maxNodes="100000"	${WORKSPACE}/experiment-suite/formal-v1/runs/pricing-comparison/pricing-wet040_003_4m-a10-w918-sc0-ng_dssr	seed-wet040_003_4m-a10-w918-sc0	pricing-comparison
pricing-wet040_003_4m-a10-w918-sc0-time_indexed	HEU.FormalExperimentRunner	--action="solve" --runId="pricing-wet040_003_4m-a10-w918-sc0-time_indexed" --instance="${WORKSPACE}/experiment-suite/formal-v1/instances/40-4/wet040_003_4m_timeX10.dat" --algorithm="TIME_INDEXED" --outputDir="${WORKSPACE}/experiment-suite/formal-v1/runs/pricing-comparison/pricing-wet040_003_4m-a10-w918-sc0-time_indexed" --seedFile="${WORKSPACE}/experiment-suite/formal-v1/seeds/wet040_003_4m-a10-w918-sc0.seed" --dueWindowHalfWidth="918" --setupCostCoefficient="0" --outsourcingModel="none" --outsourcingUnitRate="1" --discountStrength="0" --timeLimitSeconds="10800" --maxNodes="100000"	${WORKSPACE}/experiment-suite/formal-v1/runs/pricing-comparison/pricing-wet040_003_4m-a10-w918-sc0-time_indexed	seed-wet040_003_4m-a10-w918-sc0	pricing-comparison
pricing-wet040_003_4m-a10-w918-sc0-time_indexed_sri	HEU.FormalExperimentRunner	--action="solve" --runId="pricing-wet040_003_4m-a10-w918-sc0-time_indexed_sri" --instance="${WORKSPACE}/experiment-suite/formal-v1/instances/40-4/wet040_003_4m_timeX10.dat" --algorithm="TIME_INDEXED_SRI" --outputDir="${WORKSPACE}/experiment-suite/formal-v1/runs/pricing-comparison/pricing-wet040_003_4m-a10-w918-sc0-time_indexed_sri" --seedFile="${WORKSPACE}/experiment-suite/formal-v1/seeds/wet040_003_4m-a10-w918-sc0.seed" --dueWindowHalfWidth="918" --setupCostCoefficient="0" --outsourcingModel="none" --outsourcingUnitRate="1" --discountStrength="0" --timeLimitSeconds="10800" --maxNodes="100000"	${WORKSPACE}/experiment-suite/formal-v1/runs/pricing-comparison/pricing-wet040_003_4m-a10-w918-sc0-time_indexed_sri	seed-wet040_003_4m-a10-w918-sc0	pricing-comparison
seed-wet040_003_4m-a10-w2755-sc0	HEU.FormalExperimentRunner	--action="seed" --runId="seed-wet040_003_4m-a10-w2755-sc0" --instance="${WORKSPACE}/experiment-suite/formal-v1/instances/40-4/wet040_003_4m_timeX10.dat" --seedFile="${WORKSPACE}/experiment-suite/formal-v1/seeds/wet040_003_4m-a10-w2755-sc0.seed" --outputDir="${WORKSPACE}/experiment-suite/formal-v1/runs/seed-wet040_003_4m-a10-w2755-sc0" --dueWindowHalfWidth="2755" --setupCostCoefficient="0"	${WORKSPACE}/experiment-suite/formal-v1/runs/seed-wet040_003_4m-a10-w2755-sc0		seed
pricing-wet040_003_4m-a10-w2755-sc0-ng_dssr	HEU.FormalExperimentRunner	--action="solve" --runId="pricing-wet040_003_4m-a10-w2755-sc0-ng_dssr" --instance="${WORKSPACE}/experiment-suite/formal-v1/instances/40-4/wet040_003_4m_timeX10.dat" --algorithm="NG_DSSR" --outputDir="${WORKSPACE}/experiment-suite/formal-v1/runs/pricing-comparison/pricing-wet040_003_4m-a10-w2755-sc0-ng_dssr" --seedFile="${WORKSPACE}/experiment-suite/formal-v1/seeds/wet040_003_4m-a10-w2755-sc0.seed" --dueWindowHalfWidth="2755" --setupCostCoefficient="0" --outsourcingModel="none" --outsourcingUnitRate="1" --discountStrength="0" --timeLimitSeconds="10800" --maxNodes="100000"	${WORKSPACE}/experiment-suite/formal-v1/runs/pricing-comparison/pricing-wet040_003_4m-a10-w2755-sc0-ng_dssr	seed-wet040_003_4m-a10-w2755-sc0	pricing-comparison
pricing-wet040_003_4m-a10-w2755-sc0-time_indexed	HEU.FormalExperimentRunner	--action="solve" --runId="pricing-wet040_003_4m-a10-w2755-sc0-time_indexed" --instance="${WORKSPACE}/experiment-suite/formal-v1/instances/40-4/wet040_003_4m_timeX10.dat" --algorithm="TIME_INDEXED" --outputDir="${WORKSPACE}/experiment-suite/formal-v1/runs/pricing-comparison/pricing-wet040_003_4m-a10-w2755-sc0-time_indexed" --seedFile="${WORKSPACE}/experiment-suite/formal-v1/seeds/wet040_003_4m-a10-w2755-sc0.seed" --dueWindowHalfWidth="2755" --setupCostCoefficient="0" --outsourcingModel="none" --outsourcingUnitRate="1" --discountStrength="0" --timeLimitSeconds="10800" --maxNodes="100000"	${WORKSPACE}/experiment-suite/formal-v1/runs/pricing-comparison/pricing-wet040_003_4m-a10-w2755-sc0-time_indexed	seed-wet040_003_4m-a10-w2755-sc0	pricing-comparison
pricing-wet040_003_4m-a10-w2755-sc0-time_indexed_sri	HEU.FormalExperimentRunner	--action="solve" --runId="pricing-wet040_003_4m-a10-w2755-sc0-time_indexed_sri" --instance="${WORKSPACE}/experiment-suite/formal-v1/instances/40-4/wet040_003_4m_timeX10.dat" --algorithm="TIME_INDEXED_SRI" --outputDir="${WORKSPACE}/experiment-suite/formal-v1/runs/pricing-comparison/pricing-wet040_003_4m-a10-w2755-sc0-time_indexed_sri" --seedFile="${WORKSPACE}/experiment-suite/formal-v1/seeds/wet040_003_4m-a10-w2755-sc0.seed" --dueWindowHalfWidth="2755" --setupCostCoefficient="0" --outsourcingModel="none" --outsourcingUnitRate="1" --discountStrength="0" --timeLimitSeconds="10800" --maxNodes="100000"	${WORKSPACE}/experiment-suite/formal-v1/runs/pricing-comparison/pricing-wet040_003_4m-a10-w2755-sc0-time_indexed_sri	seed-wet040_003_4m-a10-w2755-sc0	pricing-comparison
seed-wet050_001_2m-a1-w0-sc0	HEU.FormalExperimentRunner	--action="seed" --runId="seed-wet050_001_2m-a1-w0-sc0" --instance="${WORKSPACE}/data/50-2/wet050_001_2m.dat" --seedFile="${WORKSPACE}/experiment-suite/formal-v1/seeds/wet050_001_2m-a1-w0-sc0.seed" --outputDir="${WORKSPACE}/experiment-suite/formal-v1/runs/seed-wet050_001_2m-a1-w0-sc0" --dueWindowHalfWidth="0" --setupCostCoefficient="0"	${WORKSPACE}/experiment-suite/formal-v1/runs/seed-wet050_001_2m-a1-w0-sc0		seed
pricing-wet050_001_2m-a1-w0-sc0-ng_dssr	HEU.FormalExperimentRunner	--action="solve" --runId="pricing-wet050_001_2m-a1-w0-sc0-ng_dssr" --instance="${WORKSPACE}/data/50-2/wet050_001_2m.dat" --algorithm="NG_DSSR" --outputDir="${WORKSPACE}/experiment-suite/formal-v1/runs/pricing-comparison/pricing-wet050_001_2m-a1-w0-sc0-ng_dssr" --seedFile="${WORKSPACE}/experiment-suite/formal-v1/seeds/wet050_001_2m-a1-w0-sc0.seed" --dueWindowHalfWidth="0" --setupCostCoefficient="0" --outsourcingModel="none" --outsourcingUnitRate="1" --discountStrength="0" --timeLimitSeconds="10800" --maxNodes="100000"	${WORKSPACE}/experiment-suite/formal-v1/runs/pricing-comparison/pricing-wet050_001_2m-a1-w0-sc0-ng_dssr	seed-wet050_001_2m-a1-w0-sc0	pricing-comparison
pricing-wet050_001_2m-a1-w0-sc0-time_indexed	HEU.FormalExperimentRunner	--action="solve" --runId="pricing-wet050_001_2m-a1-w0-sc0-time_indexed" --instance="${WORKSPACE}/data/50-2/wet050_001_2m.dat" --algorithm="TIME_INDEXED" --outputDir="${WORKSPACE}/experiment-suite/formal-v1/runs/pricing-comparison/pricing-wet050_001_2m-a1-w0-sc0-time_indexed" --seedFile="${WORKSPACE}/experiment-suite/formal-v1/seeds/wet050_001_2m-a1-w0-sc0.seed" --dueWindowHalfWidth="0" --setupCostCoefficient="0" --outsourcingModel="none" --outsourcingUnitRate="1" --discountStrength="0" --timeLimitSeconds="10800" --maxNodes="100000"	${WORKSPACE}/experiment-suite/formal-v1/runs/pricing-comparison/pricing-wet050_001_2m-a1-w0-sc0-time_indexed	seed-wet050_001_2m-a1-w0-sc0	pricing-comparison
pricing-wet050_001_2m-a1-w0-sc0-time_indexed_sri	HEU.FormalExperimentRunner	--action="solve" --runId="pricing-wet050_001_2m-a1-w0-sc0-time_indexed_sri" --instance="${WORKSPACE}/data/50-2/wet050_001_2m.dat" --algorithm="TIME_INDEXED_SRI" --outputDir="${WORKSPACE}/experiment-suite/formal-v1/runs/pricing-comparison/pricing-wet050_001_2m-a1-w0-sc0-time_indexed_sri" --seedFile="${WORKSPACE}/experiment-suite/formal-v1/seeds/wet050_001_2m-a1-w0-sc0.seed" --dueWindowHalfWidth="0" --setupCostCoefficient="0" --outsourcingModel="none" --outsourcingUnitRate="1" --discountStrength="0" --timeLimitSeconds="10800" --maxNodes="100000"	${WORKSPACE}/experiment-suite/formal-v1/runs/pricing-comparison/pricing-wet050_001_2m-a1-w0-sc0-time_indexed_sri	seed-wet050_001_2m-a1-w0-sc0	pricing-comparison
seed-wet050_001_2m-a1-w111-sc0	HEU.FormalExperimentRunner	--action="seed" --runId="seed-wet050_001_2m-a1-w111-sc0" --instance="${WORKSPACE}/data/50-2/wet050_001_2m.dat" --seedFile="${WORKSPACE}/experiment-suite/formal-v1/seeds/wet050_001_2m-a1-w111-sc0.seed" --outputDir="${WORKSPACE}/experiment-suite/formal-v1/runs/seed-wet050_001_2m-a1-w111-sc0" --dueWindowHalfWidth="111" --setupCostCoefficient="0"	${WORKSPACE}/experiment-suite/formal-v1/runs/seed-wet050_001_2m-a1-w111-sc0		seed
pricing-wet050_001_2m-a1-w111-sc0-ng_dssr	HEU.FormalExperimentRunner	--action="solve" --runId="pricing-wet050_001_2m-a1-w111-sc0-ng_dssr" --instance="${WORKSPACE}/data/50-2/wet050_001_2m.dat" --algorithm="NG_DSSR" --outputDir="${WORKSPACE}/experiment-suite/formal-v1/runs/pricing-comparison/pricing-wet050_001_2m-a1-w111-sc0-ng_dssr" --seedFile="${WORKSPACE}/experiment-suite/formal-v1/seeds/wet050_001_2m-a1-w111-sc0.seed" --dueWindowHalfWidth="111" --setupCostCoefficient="0" --outsourcingModel="none" --outsourcingUnitRate="1" --discountStrength="0" --timeLimitSeconds="10800" --maxNodes="100000"	${WORKSPACE}/experiment-suite/formal-v1/runs/pricing-comparison/pricing-wet050_001_2m-a1-w111-sc0-ng_dssr	seed-wet050_001_2m-a1-w111-sc0	pricing-comparison
pricing-wet050_001_2m-a1-w111-sc0-time_indexed	HEU.FormalExperimentRunner	--action="solve" --runId="pricing-wet050_001_2m-a1-w111-sc0-time_indexed" --instance="${WORKSPACE}/data/50-2/wet050_001_2m.dat" --algorithm="TIME_INDEXED" --outputDir="${WORKSPACE}/experiment-suite/formal-v1/runs/pricing-comparison/pricing-wet050_001_2m-a1-w111-sc0-time_indexed" --seedFile="${WORKSPACE}/experiment-suite/formal-v1/seeds/wet050_001_2m-a1-w111-sc0.seed" --dueWindowHalfWidth="111" --setupCostCoefficient="0" --outsourcingModel="none" --outsourcingUnitRate="1" --discountStrength="0" --timeLimitSeconds="10800" --maxNodes="100000"	${WORKSPACE}/experiment-suite/formal-v1/runs/pricing-comparison/pricing-wet050_001_2m-a1-w111-sc0-time_indexed	seed-wet050_001_2m-a1-w111-sc0	pricing-comparison
pricing-wet050_001_2m-a1-w111-sc0-time_indexed_sri	HEU.FormalExperimentRunner	--action="solve" --runId="pricing-wet050_001_2m-a1-w111-sc0-time_indexed_sri" --instance="${WORKSPACE}/data/50-2/wet050_001_2m.dat" --algorithm="TIME_INDEXED_SRI" --outputDir="${WORKSPACE}/experiment-suite/formal-v1/runs/pricing-comparison/pricing-wet050_001_2m-a1-w111-sc0-time_indexed_sri" --seedFile="${WORKSPACE}/experiment-suite/formal-v1/seeds/wet050_001_2m-a1-w111-sc0.seed" --dueWindowHalfWidth="111" --setupCostCoefficient="0" --outsourcingModel="none" --outsourcingUnitRate="1" --discountStrength="0" --timeLimitSeconds="10800" --maxNodes="100000"	${WORKSPACE}/experiment-suite/formal-v1/runs/pricing-comparison/pricing-wet050_001_2m-a1-w111-sc0-time_indexed_sri	seed-wet050_001_2m-a1-w111-sc0	pricing-comparison
seed-wet050_001_2m-a1-w333-sc0	HEU.FormalExperimentRunner	--action="seed" --runId="seed-wet050_001_2m-a1-w333-sc0" --instance="${WORKSPACE}/data/50-2/wet050_001_2m.dat" --seedFile="${WORKSPACE}/experiment-suite/formal-v1/seeds/wet050_001_2m-a1-w333-sc0.seed" --outputDir="${WORKSPACE}/experiment-suite/formal-v1/runs/seed-wet050_001_2m-a1-w333-sc0" --dueWindowHalfWidth="333" --setupCostCoefficient="0"	${WORKSPACE}/experiment-suite/formal-v1/runs/seed-wet050_001_2m-a1-w333-sc0		seed
pricing-wet050_001_2m-a1-w333-sc0-ng_dssr	HEU.FormalExperimentRunner	--action="solve" --runId="pricing-wet050_001_2m-a1-w333-sc0-ng_dssr" --instance="${WORKSPACE}/data/50-2/wet050_001_2m.dat" --algorithm="NG_DSSR" --outputDir="${WORKSPACE}/experiment-suite/formal-v1/runs/pricing-comparison/pricing-wet050_001_2m-a1-w333-sc0-ng_dssr" --seedFile="${WORKSPACE}/experiment-suite/formal-v1/seeds/wet050_001_2m-a1-w333-sc0.seed" --dueWindowHalfWidth="333" --setupCostCoefficient="0" --outsourcingModel="none" --outsourcingUnitRate="1" --discountStrength="0" --timeLimitSeconds="10800" --maxNodes="100000"	${WORKSPACE}/experiment-suite/formal-v1/runs/pricing-comparison/pricing-wet050_001_2m-a1-w333-sc0-ng_dssr	seed-wet050_001_2m-a1-w333-sc0	pricing-comparison
pricing-wet050_001_2m-a1-w333-sc0-time_indexed	HEU.FormalExperimentRunner	--action="solve" --runId="pricing-wet050_001_2m-a1-w333-sc0-time_indexed" --instance="${WORKSPACE}/data/50-2/wet050_001_2m.dat" --algorithm="TIME_INDEXED" --outputDir="${WORKSPACE}/experiment-suite/formal-v1/runs/pricing-comparison/pricing-wet050_001_2m-a1-w333-sc0-time_indexed" --seedFile="${WORKSPACE}/experiment-suite/formal-v1/seeds/wet050_001_2m-a1-w333-sc0.seed" --dueWindowHalfWidth="333" --setupCostCoefficient="0" --outsourcingModel="none" --outsourcingUnitRate="1" --discountStrength="0" --timeLimitSeconds="10800" --maxNodes="100000"	${WORKSPACE}/experiment-suite/formal-v1/runs/pricing-comparison/pricing-wet050_001_2m-a1-w333-sc0-time_indexed	seed-wet050_001_2m-a1-w333-sc0	pricing-comparison
pricing-wet050_001_2m-a1-w333-sc0-time_indexed_sri	HEU.FormalExperimentRunner	--action="solve" --runId="pricing-wet050_001_2m-a1-w333-sc0-time_indexed_sri" --instance="${WORKSPACE}/data/50-2/wet050_001_2m.dat" --algorithm="TIME_INDEXED_SRI" --outputDir="${WORKSPACE}/experiment-suite/formal-v1/runs/pricing-comparison/pricing-wet050_001_2m-a1-w333-sc0-time_indexed_sri" --seedFile="${WORKSPACE}/experiment-suite/formal-v1/seeds/wet050_001_2m-a1-w333-sc0.seed" --dueWindowHalfWidth="333" --setupCostCoefficient="0" --outsourcingModel="none" --outsourcingUnitRate="1" --discountStrength="0" --timeLimitSeconds="10800" --maxNodes="100000"	${WORKSPACE}/experiment-suite/formal-v1/runs/pricing-comparison/pricing-wet050_001_2m-a1-w333-sc0-time_indexed_sri	seed-wet050_001_2m-a1-w333-sc0	pricing-comparison
seed-wet050_001_2m-a5-w0-sc0	HEU.FormalExperimentRunner	--action="seed" --runId="seed-wet050_001_2m-a5-w0-sc0" --instance="${WORKSPACE}/experiment-suite/formal-v1/instances/50-2/wet050_001_2m_timeX5.dat" --seedFile="${WORKSPACE}/experiment-suite/formal-v1/seeds/wet050_001_2m-a5-w0-sc0.seed" --outputDir="${WORKSPACE}/experiment-suite/formal-v1/runs/seed-wet050_001_2m-a5-w0-sc0" --dueWindowHalfWidth="0" --setupCostCoefficient="0"	${WORKSPACE}/experiment-suite/formal-v1/runs/seed-wet050_001_2m-a5-w0-sc0		seed
pricing-wet050_001_2m-a5-w0-sc0-ng_dssr	HEU.FormalExperimentRunner	--action="solve" --runId="pricing-wet050_001_2m-a5-w0-sc0-ng_dssr" --instance="${WORKSPACE}/experiment-suite/formal-v1/instances/50-2/wet050_001_2m_timeX5.dat" --algorithm="NG_DSSR" --outputDir="${WORKSPACE}/experiment-suite/formal-v1/runs/pricing-comparison/pricing-wet050_001_2m-a5-w0-sc0-ng_dssr" --seedFile="${WORKSPACE}/experiment-suite/formal-v1/seeds/wet050_001_2m-a5-w0-sc0.seed" --dueWindowHalfWidth="0" --setupCostCoefficient="0" --outsourcingModel="none" --outsourcingUnitRate="1" --discountStrength="0" --timeLimitSeconds="10800" --maxNodes="100000"	${WORKSPACE}/experiment-suite/formal-v1/runs/pricing-comparison/pricing-wet050_001_2m-a5-w0-sc0-ng_dssr	seed-wet050_001_2m-a5-w0-sc0	pricing-comparison
pricing-wet050_001_2m-a5-w0-sc0-time_indexed	HEU.FormalExperimentRunner	--action="solve" --runId="pricing-wet050_001_2m-a5-w0-sc0-time_indexed" --instance="${WORKSPACE}/experiment-suite/formal-v1/instances/50-2/wet050_001_2m_timeX5.dat" --algorithm="TIME_INDEXED" --outputDir="${WORKSPACE}/experiment-suite/formal-v1/runs/pricing-comparison/pricing-wet050_001_2m-a5-w0-sc0-time_indexed" --seedFile="${WORKSPACE}/experiment-suite/formal-v1/seeds/wet050_001_2m-a5-w0-sc0.seed" --dueWindowHalfWidth="0" --setupCostCoefficient="0" --outsourcingModel="none" --outsourcingUnitRate="1" --discountStrength="0" --timeLimitSeconds="10800" --maxNodes="100000"	${WORKSPACE}/experiment-suite/formal-v1/runs/pricing-comparison/pricing-wet050_001_2m-a5-w0-sc0-time_indexed	seed-wet050_001_2m-a5-w0-sc0	pricing-comparison
pricing-wet050_001_2m-a5-w0-sc0-time_indexed_sri	HEU.FormalExperimentRunner	--action="solve" --runId="pricing-wet050_001_2m-a5-w0-sc0-time_indexed_sri" --instance="${WORKSPACE}/experiment-suite/formal-v1/instances/50-2/wet050_001_2m_timeX5.dat" --algorithm="TIME_INDEXED_SRI" --outputDir="${WORKSPACE}/experiment-suite/formal-v1/runs/pricing-comparison/pricing-wet050_001_2m-a5-w0-sc0-time_indexed_sri" --seedFile="${WORKSPACE}/experiment-suite/formal-v1/seeds/wet050_001_2m-a5-w0-sc0.seed" --dueWindowHalfWidth="0" --setupCostCoefficient="0" --outsourcingModel="none" --outsourcingUnitRate="1" --discountStrength="0" --timeLimitSeconds="10800" --maxNodes="100000"	${WORKSPACE}/experiment-suite/formal-v1/runs/pricing-comparison/pricing-wet050_001_2m-a5-w0-sc0-time_indexed_sri	seed-wet050_001_2m-a5-w0-sc0	pricing-comparison
seed-wet050_001_2m-a5-w555-sc0	HEU.FormalExperimentRunner	--action="seed" --runId="seed-wet050_001_2m-a5-w555-sc0" --instance="${WORKSPACE}/experiment-suite/formal-v1/instances/50-2/wet050_001_2m_timeX5.dat" --seedFile="${WORKSPACE}/experiment-suite/formal-v1/seeds/wet050_001_2m-a5-w555-sc0.seed" --outputDir="${WORKSPACE}/experiment-suite/formal-v1/runs/seed-wet050_001_2m-a5-w555-sc0" --dueWindowHalfWidth="555" --setupCostCoefficient="0"	${WORKSPACE}/experiment-suite/formal-v1/runs/seed-wet050_001_2m-a5-w555-sc0		seed
pricing-wet050_001_2m-a5-w555-sc0-ng_dssr	HEU.FormalExperimentRunner	--action="solve" --runId="pricing-wet050_001_2m-a5-w555-sc0-ng_dssr" --instance="${WORKSPACE}/experiment-suite/formal-v1/instances/50-2/wet050_001_2m_timeX5.dat" --algorithm="NG_DSSR" --outputDir="${WORKSPACE}/experiment-suite/formal-v1/runs/pricing-comparison/pricing-wet050_001_2m-a5-w555-sc0-ng_dssr" --seedFile="${WORKSPACE}/experiment-suite/formal-v1/seeds/wet050_001_2m-a5-w555-sc0.seed" --dueWindowHalfWidth="555" --setupCostCoefficient="0" --outsourcingModel="none" --outsourcingUnitRate="1" --discountStrength="0" --timeLimitSeconds="10800" --maxNodes="100000"	${WORKSPACE}/experiment-suite/formal-v1/runs/pricing-comparison/pricing-wet050_001_2m-a5-w555-sc0-ng_dssr	seed-wet050_001_2m-a5-w555-sc0	pricing-comparison
pricing-wet050_001_2m-a5-w555-sc0-time_indexed	HEU.FormalExperimentRunner	--action="solve" --runId="pricing-wet050_001_2m-a5-w555-sc0-time_indexed" --instance="${WORKSPACE}/experiment-suite/formal-v1/instances/50-2/wet050_001_2m_timeX5.dat" --algorithm="TIME_INDEXED" --outputDir="${WORKSPACE}/experiment-suite/formal-v1/runs/pricing-comparison/pricing-wet050_001_2m-a5-w555-sc0-time_indexed" --seedFile="${WORKSPACE}/experiment-suite/formal-v1/seeds/wet050_001_2m-a5-w555-sc0.seed" --dueWindowHalfWidth="555" --setupCostCoefficient="0" --outsourcingModel="none" --outsourcingUnitRate="1" --discountStrength="0" --timeLimitSeconds="10800" --maxNodes="100000"	${WORKSPACE}/experiment-suite/formal-v1/runs/pricing-comparison/pricing-wet050_001_2m-a5-w555-sc0-time_indexed	seed-wet050_001_2m-a5-w555-sc0	pricing-comparison
pricing-wet050_001_2m-a5-w555-sc0-time_indexed_sri	HEU.FormalExperimentRunner	--action="solve" --runId="pricing-wet050_001_2m-a5-w555-sc0-time_indexed_sri" --instance="${WORKSPACE}/experiment-suite/formal-v1/instances/50-2/wet050_001_2m_timeX5.dat" --algorithm="TIME_INDEXED_SRI" --outputDir="${WORKSPACE}/experiment-suite/formal-v1/runs/pricing-comparison/pricing-wet050_001_2m-a5-w555-sc0-time_indexed_sri" --seedFile="${WORKSPACE}/experiment-suite/formal-v1/seeds/wet050_001_2m-a5-w555-sc0.seed" --dueWindowHalfWidth="555" --setupCostCoefficient="0" --outsourcingModel="none" --outsourcingUnitRate="1" --discountStrength="0" --timeLimitSeconds="10800" --maxNodes="100000"	${WORKSPACE}/experiment-suite/formal-v1/runs/pricing-comparison/pricing-wet050_001_2m-a5-w555-sc0-time_indexed_sri	seed-wet050_001_2m-a5-w555-sc0	pricing-comparison
seed-wet050_001_2m-a5-w1665-sc0	HEU.FormalExperimentRunner	--action="seed" --runId="seed-wet050_001_2m-a5-w1665-sc0" --instance="${WORKSPACE}/experiment-suite/formal-v1/instances/50-2/wet050_001_2m_timeX5.dat" --seedFile="${WORKSPACE}/experiment-suite/formal-v1/seeds/wet050_001_2m-a5-w1665-sc0.seed" --outputDir="${WORKSPACE}/experiment-suite/formal-v1/runs/seed-wet050_001_2m-a5-w1665-sc0" --dueWindowHalfWidth="1665" --setupCostCoefficient="0"	${WORKSPACE}/experiment-suite/formal-v1/runs/seed-wet050_001_2m-a5-w1665-sc0		seed
pricing-wet050_001_2m-a5-w1665-sc0-ng_dssr	HEU.FormalExperimentRunner	--action="solve" --runId="pricing-wet050_001_2m-a5-w1665-sc0-ng_dssr" --instance="${WORKSPACE}/experiment-suite/formal-v1/instances/50-2/wet050_001_2m_timeX5.dat" --algorithm="NG_DSSR" --outputDir="${WORKSPACE}/experiment-suite/formal-v1/runs/pricing-comparison/pricing-wet050_001_2m-a5-w1665-sc0-ng_dssr" --seedFile="${WORKSPACE}/experiment-suite/formal-v1/seeds/wet050_001_2m-a5-w1665-sc0.seed" --dueWindowHalfWidth="1665" --setupCostCoefficient="0" --outsourcingModel="none" --outsourcingUnitRate="1" --discountStrength="0" --timeLimitSeconds="10800" --maxNodes="100000"	${WORKSPACE}/experiment-suite/formal-v1/runs/pricing-comparison/pricing-wet050_001_2m-a5-w1665-sc0-ng_dssr	seed-wet050_001_2m-a5-w1665-sc0	pricing-comparison
pricing-wet050_001_2m-a5-w1665-sc0-time_indexed	HEU.FormalExperimentRunner	--action="solve" --runId="pricing-wet050_001_2m-a5-w1665-sc0-time_indexed" --instance="${WORKSPACE}/experiment-suite/formal-v1/instances/50-2/wet050_001_2m_timeX5.dat" --algorithm="TIME_INDEXED" --outputDir="${WORKSPACE}/experiment-suite/formal-v1/runs/pricing-comparison/pricing-wet050_001_2m-a5-w1665-sc0-time_indexed" --seedFile="${WORKSPACE}/experiment-suite/formal-v1/seeds/wet050_001_2m-a5-w1665-sc0.seed" --dueWindowHalfWidth="1665" --setupCostCoefficient="0" --outsourcingModel="none" --outsourcingUnitRate="1" --discountStrength="0" --timeLimitSeconds="10800" --maxNodes="100000"	${WORKSPACE}/experiment-suite/formal-v1/runs/pricing-comparison/pricing-wet050_001_2m-a5-w1665-sc0-time_indexed	seed-wet050_001_2m-a5-w1665-sc0	pricing-comparison
pricing-wet050_001_2m-a5-w1665-sc0-time_indexed_sri	HEU.FormalExperimentRunner	--action="solve" --runId="pricing-wet050_001_2m-a5-w1665-sc0-time_indexed_sri" --instance="${WORKSPACE}/experiment-suite/formal-v1/instances/50-2/wet050_001_2m_timeX5.dat" --algorithm="TIME_INDEXED_SRI" --outputDir="${WORKSPACE}/experiment-suite/formal-v1/runs/pricing-comparison/pricing-wet050_001_2m-a5-w1665-sc0-time_indexed_sri" --seedFile="${WORKSPACE}/experiment-suite/formal-v1/seeds/wet050_001_2m-a5-w1665-sc0.seed" --dueWindowHalfWidth="1665" --setupCostCoefficient="0" --outsourcingModel="none" --outsourcingUnitRate="1" --discountStrength="0" --timeLimitSeconds="10800" --maxNodes="100000"	${WORKSPACE}/experiment-suite/formal-v1/runs/pricing-comparison/pricing-wet050_001_2m-a5-w1665-sc0-time_indexed_sri	seed-wet050_001_2m-a5-w1665-sc0	pricing-comparison
seed-wet050_001_2m-a10-w0-sc0	HEU.FormalExperimentRunner	--action="seed" --runId="seed-wet050_001_2m-a10-w0-sc0" --instance="${WORKSPACE}/experiment-suite/formal-v1/instances/50-2/wet050_001_2m_timeX10.dat" --seedFile="${WORKSPACE}/experiment-suite/formal-v1/seeds/wet050_001_2m-a10-w0-sc0.seed" --outputDir="${WORKSPACE}/experiment-suite/formal-v1/runs/seed-wet050_001_2m-a10-w0-sc0" --dueWindowHalfWidth="0" --setupCostCoefficient="0"	${WORKSPACE}/experiment-suite/formal-v1/runs/seed-wet050_001_2m-a10-w0-sc0		seed
pricing-wet050_001_2m-a10-w0-sc0-ng_dssr	HEU.FormalExperimentRunner	--action="solve" --runId="pricing-wet050_001_2m-a10-w0-sc0-ng_dssr" --instance="${WORKSPACE}/experiment-suite/formal-v1/instances/50-2/wet050_001_2m_timeX10.dat" --algorithm="NG_DSSR" --outputDir="${WORKSPACE}/experiment-suite/formal-v1/runs/pricing-comparison/pricing-wet050_001_2m-a10-w0-sc0-ng_dssr" --seedFile="${WORKSPACE}/experiment-suite/formal-v1/seeds/wet050_001_2m-a10-w0-sc0.seed" --dueWindowHalfWidth="0" --setupCostCoefficient="0" --outsourcingModel="none" --outsourcingUnitRate="1" --discountStrength="0" --timeLimitSeconds="10800" --maxNodes="100000"	${WORKSPACE}/experiment-suite/formal-v1/runs/pricing-comparison/pricing-wet050_001_2m-a10-w0-sc0-ng_dssr	seed-wet050_001_2m-a10-w0-sc0	pricing-comparison
pricing-wet050_001_2m-a10-w0-sc0-time_indexed	HEU.FormalExperimentRunner	--action="solve" --runId="pricing-wet050_001_2m-a10-w0-sc0-time_indexed" --instance="${WORKSPACE}/experiment-suite/formal-v1/instances/50-2/wet050_001_2m_timeX10.dat" --algorithm="TIME_INDEXED" --outputDir="${WORKSPACE}/experiment-suite/formal-v1/runs/pricing-comparison/pricing-wet050_001_2m-a10-w0-sc0-time_indexed" --seedFile="${WORKSPACE}/experiment-suite/formal-v1/seeds/wet050_001_2m-a10-w0-sc0.seed" --dueWindowHalfWidth="0" --setupCostCoefficient="0" --outsourcingModel="none" --outsourcingUnitRate="1" --discountStrength="0" --timeLimitSeconds="10800" --maxNodes="100000"	${WORKSPACE}/experiment-suite/formal-v1/runs/pricing-comparison/pricing-wet050_001_2m-a10-w0-sc0-time_indexed	seed-wet050_001_2m-a10-w0-sc0	pricing-comparison
pricing-wet050_001_2m-a10-w0-sc0-time_indexed_sri	HEU.FormalExperimentRunner	--action="solve" --runId="pricing-wet050_001_2m-a10-w0-sc0-time_indexed_sri" --instance="${WORKSPACE}/experiment-suite/formal-v1/instances/50-2/wet050_001_2m_timeX10.dat" --algorithm="TIME_INDEXED_SRI" --outputDir="${WORKSPACE}/experiment-suite/formal-v1/runs/pricing-comparison/pricing-wet050_001_2m-a10-w0-sc0-time_indexed_sri" --seedFile="${WORKSPACE}/experiment-suite/formal-v1/seeds/wet050_001_2m-a10-w0-sc0.seed" --dueWindowHalfWidth="0" --setupCostCoefficient="0" --outsourcingModel="none" --outsourcingUnitRate="1" --discountStrength="0" --timeLimitSeconds="10800" --maxNodes="100000"	${WORKSPACE}/experiment-suite/formal-v1/runs/pricing-comparison/pricing-wet050_001_2m-a10-w0-sc0-time_indexed_sri	seed-wet050_001_2m-a10-w0-sc0	pricing-comparison
seed-wet050_001_2m-a10-w1110-sc0	HEU.FormalExperimentRunner	--action="seed" --runId="seed-wet050_001_2m-a10-w1110-sc0" --instance="${WORKSPACE}/experiment-suite/formal-v1/instances/50-2/wet050_001_2m_timeX10.dat" --seedFile="${WORKSPACE}/experiment-suite/formal-v1/seeds/wet050_001_2m-a10-w1110-sc0.seed" --outputDir="${WORKSPACE}/experiment-suite/formal-v1/runs/seed-wet050_001_2m-a10-w1110-sc0" --dueWindowHalfWidth="1110" --setupCostCoefficient="0"	${WORKSPACE}/experiment-suite/formal-v1/runs/seed-wet050_001_2m-a10-w1110-sc0		seed
pricing-wet050_001_2m-a10-w1110-sc0-ng_dssr	HEU.FormalExperimentRunner	--action="solve" --runId="pricing-wet050_001_2m-a10-w1110-sc0-ng_dssr" --instance="${WORKSPACE}/experiment-suite/formal-v1/instances/50-2/wet050_001_2m_timeX10.dat" --algorithm="NG_DSSR" --outputDir="${WORKSPACE}/experiment-suite/formal-v1/runs/pricing-comparison/pricing-wet050_001_2m-a10-w1110-sc0-ng_dssr" --seedFile="${WORKSPACE}/experiment-suite/formal-v1/seeds/wet050_001_2m-a10-w1110-sc0.seed" --dueWindowHalfWidth="1110" --setupCostCoefficient="0" --outsourcingModel="none" --outsourcingUnitRate="1" --discountStrength="0" --timeLimitSeconds="10800" --maxNodes="100000"	${WORKSPACE}/experiment-suite/formal-v1/runs/pricing-comparison/pricing-wet050_001_2m-a10-w1110-sc0-ng_dssr	seed-wet050_001_2m-a10-w1110-sc0	pricing-comparison
pricing-wet050_001_2m-a10-w1110-sc0-time_indexed	HEU.FormalExperimentRunner	--action="solve" --runId="pricing-wet050_001_2m-a10-w1110-sc0-time_indexed" --instance="${WORKSPACE}/experiment-suite/formal-v1/instances/50-2/wet050_001_2m_timeX10.dat" --algorithm="TIME_INDEXED" --outputDir="${WORKSPACE}/experiment-suite/formal-v1/runs/pricing-comparison/pricing-wet050_001_2m-a10-w1110-sc0-time_indexed" --seedFile="${WORKSPACE}/experiment-suite/formal-v1/seeds/wet050_001_2m-a10-w1110-sc0.seed" --dueWindowHalfWidth="1110" --setupCostCoefficient="0" --outsourcingModel="none" --outsourcingUnitRate="1" --discountStrength="0" --timeLimitSeconds="10800" --maxNodes="100000"	${WORKSPACE}/experiment-suite/formal-v1/runs/pricing-comparison/pricing-wet050_001_2m-a10-w1110-sc0-time_indexed	seed-wet050_001_2m-a10-w1110-sc0	pricing-comparison
pricing-wet050_001_2m-a10-w1110-sc0-time_indexed_sri	HEU.FormalExperimentRunner	--action="solve" --runId="pricing-wet050_001_2m-a10-w1110-sc0-time_indexed_sri" --instance="${WORKSPACE}/experiment-suite/formal-v1/instances/50-2/wet050_001_2m_timeX10.dat" --algorithm="TIME_INDEXED_SRI" --outputDir="${WORKSPACE}/experiment-suite/formal-v1/runs/pricing-comparison/pricing-wet050_001_2m-a10-w1110-sc0-time_indexed_sri" --seedFile="${WORKSPACE}/experiment-suite/formal-v1/seeds/wet050_001_2m-a10-w1110-sc0.seed" --dueWindowHalfWidth="1110" --setupCostCoefficient="0" --outsourcingModel="none" --outsourcingUnitRate="1" --discountStrength="0" --timeLimitSeconds="10800" --maxNodes="100000"	${WORKSPACE}/experiment-suite/formal-v1/runs/pricing-comparison/pricing-wet050_001_2m-a10-w1110-sc0-time_indexed_sri	seed-wet050_001_2m-a10-w1110-sc0	pricing-comparison
seed-wet050_001_2m-a10-w3330-sc0	HEU.FormalExperimentRunner	--action="seed" --runId="seed-wet050_001_2m-a10-w3330-sc0" --instance="${WORKSPACE}/experiment-suite/formal-v1/instances/50-2/wet050_001_2m_timeX10.dat" --seedFile="${WORKSPACE}/experiment-suite/formal-v1/seeds/wet050_001_2m-a10-w3330-sc0.seed" --outputDir="${WORKSPACE}/experiment-suite/formal-v1/runs/seed-wet050_001_2m-a10-w3330-sc0" --dueWindowHalfWidth="3330" --setupCostCoefficient="0"	${WORKSPACE}/experiment-suite/formal-v1/runs/seed-wet050_001_2m-a10-w3330-sc0		seed
pricing-wet050_001_2m-a10-w3330-sc0-ng_dssr	HEU.FormalExperimentRunner	--action="solve" --runId="pricing-wet050_001_2m-a10-w3330-sc0-ng_dssr" --instance="${WORKSPACE}/experiment-suite/formal-v1/instances/50-2/wet050_001_2m_timeX10.dat" --algorithm="NG_DSSR" --outputDir="${WORKSPACE}/experiment-suite/formal-v1/runs/pricing-comparison/pricing-wet050_001_2m-a10-w3330-sc0-ng_dssr" --seedFile="${WORKSPACE}/experiment-suite/formal-v1/seeds/wet050_001_2m-a10-w3330-sc0.seed" --dueWindowHalfWidth="3330" --setupCostCoefficient="0" --outsourcingModel="none" --outsourcingUnitRate="1" --discountStrength="0" --timeLimitSeconds="10800" --maxNodes="100000"	${WORKSPACE}/experiment-suite/formal-v1/runs/pricing-comparison/pricing-wet050_001_2m-a10-w3330-sc0-ng_dssr	seed-wet050_001_2m-a10-w3330-sc0	pricing-comparison
pricing-wet050_001_2m-a10-w3330-sc0-time_indexed	HEU.FormalExperimentRunner	--action="solve" --runId="pricing-wet050_001_2m-a10-w3330-sc0-time_indexed" --instance="${WORKSPACE}/experiment-suite/formal-v1/instances/50-2/wet050_001_2m_timeX10.dat" --algorithm="TIME_INDEXED" --outputDir="${WORKSPACE}/experiment-suite/formal-v1/runs/pricing-comparison/pricing-wet050_001_2m-a10-w3330-sc0-time_indexed" --seedFile="${WORKSPACE}/experiment-suite/formal-v1/seeds/wet050_001_2m-a10-w3330-sc0.seed" --dueWindowHalfWidth="3330" --setupCostCoefficient="0" --outsourcingModel="none" --outsourcingUnitRate="1" --discountStrength="0" --timeLimitSeconds="10800" --maxNodes="100000"	${WORKSPACE}/experiment-suite/formal-v1/runs/pricing-comparison/pricing-wet050_001_2m-a10-w3330-sc0-time_indexed	seed-wet050_001_2m-a10-w3330-sc0	pricing-comparison
pricing-wet050_001_2m-a10-w3330-sc0-time_indexed_sri	HEU.FormalExperimentRunner	--action="solve" --runId="pricing-wet050_001_2m-a10-w3330-sc0-time_indexed_sri" --instance="${WORKSPACE}/experiment-suite/formal-v1/instances/50-2/wet050_001_2m_timeX10.dat" --algorithm="TIME_INDEXED_SRI" --outputDir="${WORKSPACE}/experiment-suite/formal-v1/runs/pricing-comparison/pricing-wet050_001_2m-a10-w3330-sc0-time_indexed_sri" --seedFile="${WORKSPACE}/experiment-suite/formal-v1/seeds/wet050_001_2m-a10-w3330-sc0.seed" --dueWindowHalfWidth="3330" --setupCostCoefficient="0" --outsourcingModel="none" --outsourcingUnitRate="1" --discountStrength="0" --timeLimitSeconds="10800" --maxNodes="100000"	${WORKSPACE}/experiment-suite/formal-v1/runs/pricing-comparison/pricing-wet050_001_2m-a10-w3330-sc0-time_indexed_sri	seed-wet050_001_2m-a10-w3330-sc0	pricing-comparison
seed-wet050_002_2m-a1-w0-sc0	HEU.FormalExperimentRunner	--action="seed" --runId="seed-wet050_002_2m-a1-w0-sc0" --instance="${WORKSPACE}/data/50-2/wet050_002_2m.dat" --seedFile="${WORKSPACE}/experiment-suite/formal-v1/seeds/wet050_002_2m-a1-w0-sc0.seed" --outputDir="${WORKSPACE}/experiment-suite/formal-v1/runs/seed-wet050_002_2m-a1-w0-sc0" --dueWindowHalfWidth="0" --setupCostCoefficient="0"	${WORKSPACE}/experiment-suite/formal-v1/runs/seed-wet050_002_2m-a1-w0-sc0		seed
pricing-wet050_002_2m-a1-w0-sc0-ng_dssr	HEU.FormalExperimentRunner	--action="solve" --runId="pricing-wet050_002_2m-a1-w0-sc0-ng_dssr" --instance="${WORKSPACE}/data/50-2/wet050_002_2m.dat" --algorithm="NG_DSSR" --outputDir="${WORKSPACE}/experiment-suite/formal-v1/runs/pricing-comparison/pricing-wet050_002_2m-a1-w0-sc0-ng_dssr" --seedFile="${WORKSPACE}/experiment-suite/formal-v1/seeds/wet050_002_2m-a1-w0-sc0.seed" --dueWindowHalfWidth="0" --setupCostCoefficient="0" --outsourcingModel="none" --outsourcingUnitRate="1" --discountStrength="0" --timeLimitSeconds="10800" --maxNodes="100000"	${WORKSPACE}/experiment-suite/formal-v1/runs/pricing-comparison/pricing-wet050_002_2m-a1-w0-sc0-ng_dssr	seed-wet050_002_2m-a1-w0-sc0	pricing-comparison
pricing-wet050_002_2m-a1-w0-sc0-time_indexed	HEU.FormalExperimentRunner	--action="solve" --runId="pricing-wet050_002_2m-a1-w0-sc0-time_indexed" --instance="${WORKSPACE}/data/50-2/wet050_002_2m.dat" --algorithm="TIME_INDEXED" --outputDir="${WORKSPACE}/experiment-suite/formal-v1/runs/pricing-comparison/pricing-wet050_002_2m-a1-w0-sc0-time_indexed" --seedFile="${WORKSPACE}/experiment-suite/formal-v1/seeds/wet050_002_2m-a1-w0-sc0.seed" --dueWindowHalfWidth="0" --setupCostCoefficient="0" --outsourcingModel="none" --outsourcingUnitRate="1" --discountStrength="0" --timeLimitSeconds="10800" --maxNodes="100000"	${WORKSPACE}/experiment-suite/formal-v1/runs/pricing-comparison/pricing-wet050_002_2m-a1-w0-sc0-time_indexed	seed-wet050_002_2m-a1-w0-sc0	pricing-comparison
pricing-wet050_002_2m-a1-w0-sc0-time_indexed_sri	HEU.FormalExperimentRunner	--action="solve" --runId="pricing-wet050_002_2m-a1-w0-sc0-time_indexed_sri" --instance="${WORKSPACE}/data/50-2/wet050_002_2m.dat" --algorithm="TIME_INDEXED_SRI" --outputDir="${WORKSPACE}/experiment-suite/formal-v1/runs/pricing-comparison/pricing-wet050_002_2m-a1-w0-sc0-time_indexed_sri" --seedFile="${WORKSPACE}/experiment-suite/formal-v1/seeds/wet050_002_2m-a1-w0-sc0.seed" --dueWindowHalfWidth="0" --setupCostCoefficient="0" --outsourcingModel="none" --outsourcingUnitRate="1" --discountStrength="0" --timeLimitSeconds="10800" --maxNodes="100000"	${WORKSPACE}/experiment-suite/formal-v1/runs/pricing-comparison/pricing-wet050_002_2m-a1-w0-sc0-time_indexed_sri	seed-wet050_002_2m-a1-w0-sc0	pricing-comparison
seed-wet050_002_2m-a1-w104-sc0	HEU.FormalExperimentRunner	--action="seed" --runId="seed-wet050_002_2m-a1-w104-sc0" --instance="${WORKSPACE}/data/50-2/wet050_002_2m.dat" --seedFile="${WORKSPACE}/experiment-suite/formal-v1/seeds/wet050_002_2m-a1-w104-sc0.seed" --outputDir="${WORKSPACE}/experiment-suite/formal-v1/runs/seed-wet050_002_2m-a1-w104-sc0" --dueWindowHalfWidth="104" --setupCostCoefficient="0"	${WORKSPACE}/experiment-suite/formal-v1/runs/seed-wet050_002_2m-a1-w104-sc0		seed
pricing-wet050_002_2m-a1-w104-sc0-ng_dssr	HEU.FormalExperimentRunner	--action="solve" --runId="pricing-wet050_002_2m-a1-w104-sc0-ng_dssr" --instance="${WORKSPACE}/data/50-2/wet050_002_2m.dat" --algorithm="NG_DSSR" --outputDir="${WORKSPACE}/experiment-suite/formal-v1/runs/pricing-comparison/pricing-wet050_002_2m-a1-w104-sc0-ng_dssr" --seedFile="${WORKSPACE}/experiment-suite/formal-v1/seeds/wet050_002_2m-a1-w104-sc0.seed" --dueWindowHalfWidth="104" --setupCostCoefficient="0" --outsourcingModel="none" --outsourcingUnitRate="1" --discountStrength="0" --timeLimitSeconds="10800" --maxNodes="100000"	${WORKSPACE}/experiment-suite/formal-v1/runs/pricing-comparison/pricing-wet050_002_2m-a1-w104-sc0-ng_dssr	seed-wet050_002_2m-a1-w104-sc0	pricing-comparison
pricing-wet050_002_2m-a1-w104-sc0-time_indexed	HEU.FormalExperimentRunner	--action="solve" --runId="pricing-wet050_002_2m-a1-w104-sc0-time_indexed" --instance="${WORKSPACE}/data/50-2/wet050_002_2m.dat" --algorithm="TIME_INDEXED" --outputDir="${WORKSPACE}/experiment-suite/formal-v1/runs/pricing-comparison/pricing-wet050_002_2m-a1-w104-sc0-time_indexed" --seedFile="${WORKSPACE}/experiment-suite/formal-v1/seeds/wet050_002_2m-a1-w104-sc0.seed" --dueWindowHalfWidth="104" --setupCostCoefficient="0" --outsourcingModel="none" --outsourcingUnitRate="1" --discountStrength="0" --timeLimitSeconds="10800" --maxNodes="100000"	${WORKSPACE}/experiment-suite/formal-v1/runs/pricing-comparison/pricing-wet050_002_2m-a1-w104-sc0-time_indexed	seed-wet050_002_2m-a1-w104-sc0	pricing-comparison
pricing-wet050_002_2m-a1-w104-sc0-time_indexed_sri	HEU.FormalExperimentRunner	--action="solve" --runId="pricing-wet050_002_2m-a1-w104-sc0-time_indexed_sri" --instance="${WORKSPACE}/data/50-2/wet050_002_2m.dat" --algorithm="TIME_INDEXED_SRI" --outputDir="${WORKSPACE}/experiment-suite/formal-v1/runs/pricing-comparison/pricing-wet050_002_2m-a1-w104-sc0-time_indexed_sri" --seedFile="${WORKSPACE}/experiment-suite/formal-v1/seeds/wet050_002_2m-a1-w104-sc0.seed" --dueWindowHalfWidth="104" --setupCostCoefficient="0" --outsourcingModel="none" --outsourcingUnitRate="1" --discountStrength="0" --timeLimitSeconds="10800" --maxNodes="100000"	${WORKSPACE}/experiment-suite/formal-v1/runs/pricing-comparison/pricing-wet050_002_2m-a1-w104-sc0-time_indexed_sri	seed-wet050_002_2m-a1-w104-sc0	pricing-comparison
seed-wet050_002_2m-a1-w312-sc0	HEU.FormalExperimentRunner	--action="seed" --runId="seed-wet050_002_2m-a1-w312-sc0" --instance="${WORKSPACE}/data/50-2/wet050_002_2m.dat" --seedFile="${WORKSPACE}/experiment-suite/formal-v1/seeds/wet050_002_2m-a1-w312-sc0.seed" --outputDir="${WORKSPACE}/experiment-suite/formal-v1/runs/seed-wet050_002_2m-a1-w312-sc0" --dueWindowHalfWidth="312" --setupCostCoefficient="0"	${WORKSPACE}/experiment-suite/formal-v1/runs/seed-wet050_002_2m-a1-w312-sc0		seed
pricing-wet050_002_2m-a1-w312-sc0-ng_dssr	HEU.FormalExperimentRunner	--action="solve" --runId="pricing-wet050_002_2m-a1-w312-sc0-ng_dssr" --instance="${WORKSPACE}/data/50-2/wet050_002_2m.dat" --algorithm="NG_DSSR" --outputDir="${WORKSPACE}/experiment-suite/formal-v1/runs/pricing-comparison/pricing-wet050_002_2m-a1-w312-sc0-ng_dssr" --seedFile="${WORKSPACE}/experiment-suite/formal-v1/seeds/wet050_002_2m-a1-w312-sc0.seed" --dueWindowHalfWidth="312" --setupCostCoefficient="0" --outsourcingModel="none" --outsourcingUnitRate="1" --discountStrength="0" --timeLimitSeconds="10800" --maxNodes="100000"	${WORKSPACE}/experiment-suite/formal-v1/runs/pricing-comparison/pricing-wet050_002_2m-a1-w312-sc0-ng_dssr	seed-wet050_002_2m-a1-w312-sc0	pricing-comparison
pricing-wet050_002_2m-a1-w312-sc0-time_indexed	HEU.FormalExperimentRunner	--action="solve" --runId="pricing-wet050_002_2m-a1-w312-sc0-time_indexed" --instance="${WORKSPACE}/data/50-2/wet050_002_2m.dat" --algorithm="TIME_INDEXED" --outputDir="${WORKSPACE}/experiment-suite/formal-v1/runs/pricing-comparison/pricing-wet050_002_2m-a1-w312-sc0-time_indexed" --seedFile="${WORKSPACE}/experiment-suite/formal-v1/seeds/wet050_002_2m-a1-w312-sc0.seed" --dueWindowHalfWidth="312" --setupCostCoefficient="0" --outsourcingModel="none" --outsourcingUnitRate="1" --discountStrength="0" --timeLimitSeconds="10800" --maxNodes="100000"	${WORKSPACE}/experiment-suite/formal-v1/runs/pricing-comparison/pricing-wet050_002_2m-a1-w312-sc0-time_indexed	seed-wet050_002_2m-a1-w312-sc0	pricing-comparison
pricing-wet050_002_2m-a1-w312-sc0-time_indexed_sri	HEU.FormalExperimentRunner	--action="solve" --runId="pricing-wet050_002_2m-a1-w312-sc0-time_indexed_sri" --instance="${WORKSPACE}/data/50-2/wet050_002_2m.dat" --algorithm="TIME_INDEXED_SRI" --outputDir="${WORKSPACE}/experiment-suite/formal-v1/runs/pricing-comparison/pricing-wet050_002_2m-a1-w312-sc0-time_indexed_sri" --seedFile="${WORKSPACE}/experiment-suite/formal-v1/seeds/wet050_002_2m-a1-w312-sc0.seed" --dueWindowHalfWidth="312" --setupCostCoefficient="0" --outsourcingModel="none" --outsourcingUnitRate="1" --discountStrength="0" --timeLimitSeconds="10800" --maxNodes="100000"	${WORKSPACE}/experiment-suite/formal-v1/runs/pricing-comparison/pricing-wet050_002_2m-a1-w312-sc0-time_indexed_sri	seed-wet050_002_2m-a1-w312-sc0	pricing-comparison
seed-wet050_002_2m-a5-w0-sc0	HEU.FormalExperimentRunner	--action="seed" --runId="seed-wet050_002_2m-a5-w0-sc0" --instance="${WORKSPACE}/experiment-suite/formal-v1/instances/50-2/wet050_002_2m_timeX5.dat" --seedFile="${WORKSPACE}/experiment-suite/formal-v1/seeds/wet050_002_2m-a5-w0-sc0.seed" --outputDir="${WORKSPACE}/experiment-suite/formal-v1/runs/seed-wet050_002_2m-a5-w0-sc0" --dueWindowHalfWidth="0" --setupCostCoefficient="0"	${WORKSPACE}/experiment-suite/formal-v1/runs/seed-wet050_002_2m-a5-w0-sc0		seed
pricing-wet050_002_2m-a5-w0-sc0-ng_dssr	HEU.FormalExperimentRunner	--action="solve" --runId="pricing-wet050_002_2m-a5-w0-sc0-ng_dssr" --instance="${WORKSPACE}/experiment-suite/formal-v1/instances/50-2/wet050_002_2m_timeX5.dat" --algorithm="NG_DSSR" --outputDir="${WORKSPACE}/experiment-suite/formal-v1/runs/pricing-comparison/pricing-wet050_002_2m-a5-w0-sc0-ng_dssr" --seedFile="${WORKSPACE}/experiment-suite/formal-v1/seeds/wet050_002_2m-a5-w0-sc0.seed" --dueWindowHalfWidth="0" --setupCostCoefficient="0" --outsourcingModel="none" --outsourcingUnitRate="1" --discountStrength="0" --timeLimitSeconds="10800" --maxNodes="100000"	${WORKSPACE}/experiment-suite/formal-v1/runs/pricing-comparison/pricing-wet050_002_2m-a5-w0-sc0-ng_dssr	seed-wet050_002_2m-a5-w0-sc0	pricing-comparison
pricing-wet050_002_2m-a5-w0-sc0-time_indexed	HEU.FormalExperimentRunner	--action="solve" --runId="pricing-wet050_002_2m-a5-w0-sc0-time_indexed" --instance="${WORKSPACE}/experiment-suite/formal-v1/instances/50-2/wet050_002_2m_timeX5.dat" --algorithm="TIME_INDEXED" --outputDir="${WORKSPACE}/experiment-suite/formal-v1/runs/pricing-comparison/pricing-wet050_002_2m-a5-w0-sc0-time_indexed" --seedFile="${WORKSPACE}/experiment-suite/formal-v1/seeds/wet050_002_2m-a5-w0-sc0.seed" --dueWindowHalfWidth="0" --setupCostCoefficient="0" --outsourcingModel="none" --outsourcingUnitRate="1" --discountStrength="0" --timeLimitSeconds="10800" --maxNodes="100000"	${WORKSPACE}/experiment-suite/formal-v1/runs/pricing-comparison/pricing-wet050_002_2m-a5-w0-sc0-time_indexed	seed-wet050_002_2m-a5-w0-sc0	pricing-comparison
pricing-wet050_002_2m-a5-w0-sc0-time_indexed_sri	HEU.FormalExperimentRunner	--action="solve" --runId="pricing-wet050_002_2m-a5-w0-sc0-time_indexed_sri" --instance="${WORKSPACE}/experiment-suite/formal-v1/instances/50-2/wet050_002_2m_timeX5.dat" --algorithm="TIME_INDEXED_SRI" --outputDir="${WORKSPACE}/experiment-suite/formal-v1/runs/pricing-comparison/pricing-wet050_002_2m-a5-w0-sc0-time_indexed_sri" --seedFile="${WORKSPACE}/experiment-suite/formal-v1/seeds/wet050_002_2m-a5-w0-sc0.seed" --dueWindowHalfWidth="0" --setupCostCoefficient="0" --outsourcingModel="none" --outsourcingUnitRate="1" --discountStrength="0" --timeLimitSeconds="10800" --maxNodes="100000"	${WORKSPACE}/experiment-suite/formal-v1/runs/pricing-comparison/pricing-wet050_002_2m-a5-w0-sc0-time_indexed_sri	seed-wet050_002_2m-a5-w0-sc0	pricing-comparison
seed-wet050_002_2m-a5-w520-sc0	HEU.FormalExperimentRunner	--action="seed" --runId="seed-wet050_002_2m-a5-w520-sc0" --instance="${WORKSPACE}/experiment-suite/formal-v1/instances/50-2/wet050_002_2m_timeX5.dat" --seedFile="${WORKSPACE}/experiment-suite/formal-v1/seeds/wet050_002_2m-a5-w520-sc0.seed" --outputDir="${WORKSPACE}/experiment-suite/formal-v1/runs/seed-wet050_002_2m-a5-w520-sc0" --dueWindowHalfWidth="520" --setupCostCoefficient="0"	${WORKSPACE}/experiment-suite/formal-v1/runs/seed-wet050_002_2m-a5-w520-sc0		seed
pricing-wet050_002_2m-a5-w520-sc0-ng_dssr	HEU.FormalExperimentRunner	--action="solve" --runId="pricing-wet050_002_2m-a5-w520-sc0-ng_dssr" --instance="${WORKSPACE}/experiment-suite/formal-v1/instances/50-2/wet050_002_2m_timeX5.dat" --algorithm="NG_DSSR" --outputDir="${WORKSPACE}/experiment-suite/formal-v1/runs/pricing-comparison/pricing-wet050_002_2m-a5-w520-sc0-ng_dssr" --seedFile="${WORKSPACE}/experiment-suite/formal-v1/seeds/wet050_002_2m-a5-w520-sc0.seed" --dueWindowHalfWidth="520" --setupCostCoefficient="0" --outsourcingModel="none" --outsourcingUnitRate="1" --discountStrength="0" --timeLimitSeconds="10800" --maxNodes="100000"	${WORKSPACE}/experiment-suite/formal-v1/runs/pricing-comparison/pricing-wet050_002_2m-a5-w520-sc0-ng_dssr	seed-wet050_002_2m-a5-w520-sc0	pricing-comparison
pricing-wet050_002_2m-a5-w520-sc0-time_indexed	HEU.FormalExperimentRunner	--action="solve" --runId="pricing-wet050_002_2m-a5-w520-sc0-time_indexed" --instance="${WORKSPACE}/experiment-suite/formal-v1/instances/50-2/wet050_002_2m_timeX5.dat" --algorithm="TIME_INDEXED" --outputDir="${WORKSPACE}/experiment-suite/formal-v1/runs/pricing-comparison/pricing-wet050_002_2m-a5-w520-sc0-time_indexed" --seedFile="${WORKSPACE}/experiment-suite/formal-v1/seeds/wet050_002_2m-a5-w520-sc0.seed" --dueWindowHalfWidth="520" --setupCostCoefficient="0" --outsourcingModel="none" --outsourcingUnitRate="1" --discountStrength="0" --timeLimitSeconds="10800" --maxNodes="100000"	${WORKSPACE}/experiment-suite/formal-v1/runs/pricing-comparison/pricing-wet050_002_2m-a5-w520-sc0-time_indexed	seed-wet050_002_2m-a5-w520-sc0	pricing-comparison
pricing-wet050_002_2m-a5-w520-sc0-time_indexed_sri	HEU.FormalExperimentRunner	--action="solve" --runId="pricing-wet050_002_2m-a5-w520-sc0-time_indexed_sri" --instance="${WORKSPACE}/experiment-suite/formal-v1/instances/50-2/wet050_002_2m_timeX5.dat" --algorithm="TIME_INDEXED_SRI" --outputDir="${WORKSPACE}/experiment-suite/formal-v1/runs/pricing-comparison/pricing-wet050_002_2m-a5-w520-sc0-time_indexed_sri" --seedFile="${WORKSPACE}/experiment-suite/formal-v1/seeds/wet050_002_2m-a5-w520-sc0.seed" --dueWindowHalfWidth="520" --setupCostCoefficient="0" --outsourcingModel="none" --outsourcingUnitRate="1" --discountStrength="0" --timeLimitSeconds="10800" --maxNodes="100000"	${WORKSPACE}/experiment-suite/formal-v1/runs/pricing-comparison/pricing-wet050_002_2m-a5-w520-sc0-time_indexed_sri	seed-wet050_002_2m-a5-w520-sc0	pricing-comparison
seed-wet050_002_2m-a5-w1561-sc0	HEU.FormalExperimentRunner	--action="seed" --runId="seed-wet050_002_2m-a5-w1561-sc0" --instance="${WORKSPACE}/experiment-suite/formal-v1/instances/50-2/wet050_002_2m_timeX5.dat" --seedFile="${WORKSPACE}/experiment-suite/formal-v1/seeds/wet050_002_2m-a5-w1561-sc0.seed" --outputDir="${WORKSPACE}/experiment-suite/formal-v1/runs/seed-wet050_002_2m-a5-w1561-sc0" --dueWindowHalfWidth="1561" --setupCostCoefficient="0"	${WORKSPACE}/experiment-suite/formal-v1/runs/seed-wet050_002_2m-a5-w1561-sc0		seed
pricing-wet050_002_2m-a5-w1561-sc0-ng_dssr	HEU.FormalExperimentRunner	--action="solve" --runId="pricing-wet050_002_2m-a5-w1561-sc0-ng_dssr" --instance="${WORKSPACE}/experiment-suite/formal-v1/instances/50-2/wet050_002_2m_timeX5.dat" --algorithm="NG_DSSR" --outputDir="${WORKSPACE}/experiment-suite/formal-v1/runs/pricing-comparison/pricing-wet050_002_2m-a5-w1561-sc0-ng_dssr" --seedFile="${WORKSPACE}/experiment-suite/formal-v1/seeds/wet050_002_2m-a5-w1561-sc0.seed" --dueWindowHalfWidth="1561" --setupCostCoefficient="0" --outsourcingModel="none" --outsourcingUnitRate="1" --discountStrength="0" --timeLimitSeconds="10800" --maxNodes="100000"	${WORKSPACE}/experiment-suite/formal-v1/runs/pricing-comparison/pricing-wet050_002_2m-a5-w1561-sc0-ng_dssr	seed-wet050_002_2m-a5-w1561-sc0	pricing-comparison
pricing-wet050_002_2m-a5-w1561-sc0-time_indexed	HEU.FormalExperimentRunner	--action="solve" --runId="pricing-wet050_002_2m-a5-w1561-sc0-time_indexed" --instance="${WORKSPACE}/experiment-suite/formal-v1/instances/50-2/wet050_002_2m_timeX5.dat" --algorithm="TIME_INDEXED" --outputDir="${WORKSPACE}/experiment-suite/formal-v1/runs/pricing-comparison/pricing-wet050_002_2m-a5-w1561-sc0-time_indexed" --seedFile="${WORKSPACE}/experiment-suite/formal-v1/seeds/wet050_002_2m-a5-w1561-sc0.seed" --dueWindowHalfWidth="1561" --setupCostCoefficient="0" --outsourcingModel="none" --outsourcingUnitRate="1" --discountStrength="0" --timeLimitSeconds="10800" --maxNodes="100000"	${WORKSPACE}/experiment-suite/formal-v1/runs/pricing-comparison/pricing-wet050_002_2m-a5-w1561-sc0-time_indexed	seed-wet050_002_2m-a5-w1561-sc0	pricing-comparison
pricing-wet050_002_2m-a5-w1561-sc0-time_indexed_sri	HEU.FormalExperimentRunner	--action="solve" --runId="pricing-wet050_002_2m-a5-w1561-sc0-time_indexed_sri" --instance="${WORKSPACE}/experiment-suite/formal-v1/instances/50-2/wet050_002_2m_timeX5.dat" --algorithm="TIME_INDEXED_SRI" --outputDir="${WORKSPACE}/experiment-suite/formal-v1/runs/pricing-comparison/pricing-wet050_002_2m-a5-w1561-sc0-time_indexed_sri" --seedFile="${WORKSPACE}/experiment-suite/formal-v1/seeds/wet050_002_2m-a5-w1561-sc0.seed" --dueWindowHalfWidth="1561" --setupCostCoefficient="0" --outsourcingModel="none" --outsourcingUnitRate="1" --discountStrength="0" --timeLimitSeconds="10800" --maxNodes="100000"	${WORKSPACE}/experiment-suite/formal-v1/runs/pricing-comparison/pricing-wet050_002_2m-a5-w1561-sc0-time_indexed_sri	seed-wet050_002_2m-a5-w1561-sc0	pricing-comparison
seed-wet050_002_2m-a10-w0-sc0	HEU.FormalExperimentRunner	--action="seed" --runId="seed-wet050_002_2m-a10-w0-sc0" --instance="${WORKSPACE}/experiment-suite/formal-v1/instances/50-2/wet050_002_2m_timeX10.dat" --seedFile="${WORKSPACE}/experiment-suite/formal-v1/seeds/wet050_002_2m-a10-w0-sc0.seed" --outputDir="${WORKSPACE}/experiment-suite/formal-v1/runs/seed-wet050_002_2m-a10-w0-sc0" --dueWindowHalfWidth="0" --setupCostCoefficient="0"	${WORKSPACE}/experiment-suite/formal-v1/runs/seed-wet050_002_2m-a10-w0-sc0		seed
pricing-wet050_002_2m-a10-w0-sc0-ng_dssr	HEU.FormalExperimentRunner	--action="solve" --runId="pricing-wet050_002_2m-a10-w0-sc0-ng_dssr" --instance="${WORKSPACE}/experiment-suite/formal-v1/instances/50-2/wet050_002_2m_timeX10.dat" --algorithm="NG_DSSR" --outputDir="${WORKSPACE}/experiment-suite/formal-v1/runs/pricing-comparison/pricing-wet050_002_2m-a10-w0-sc0-ng_dssr" --seedFile="${WORKSPACE}/experiment-suite/formal-v1/seeds/wet050_002_2m-a10-w0-sc0.seed" --dueWindowHalfWidth="0" --setupCostCoefficient="0" --outsourcingModel="none" --outsourcingUnitRate="1" --discountStrength="0" --timeLimitSeconds="10800" --maxNodes="100000"	${WORKSPACE}/experiment-suite/formal-v1/runs/pricing-comparison/pricing-wet050_002_2m-a10-w0-sc0-ng_dssr	seed-wet050_002_2m-a10-w0-sc0	pricing-comparison
pricing-wet050_002_2m-a10-w0-sc0-time_indexed	HEU.FormalExperimentRunner	--action="solve" --runId="pricing-wet050_002_2m-a10-w0-sc0-time_indexed" --instance="${WORKSPACE}/experiment-suite/formal-v1/instances/50-2/wet050_002_2m_timeX10.dat" --algorithm="TIME_INDEXED" --outputDir="${WORKSPACE}/experiment-suite/formal-v1/runs/pricing-comparison/pricing-wet050_002_2m-a10-w0-sc0-time_indexed" --seedFile="${WORKSPACE}/experiment-suite/formal-v1/seeds/wet050_002_2m-a10-w0-sc0.seed" --dueWindowHalfWidth="0" --setupCostCoefficient="0" --outsourcingModel="none" --outsourcingUnitRate="1" --discountStrength="0" --timeLimitSeconds="10800" --maxNodes="100000"	${WORKSPACE}/experiment-suite/formal-v1/runs/pricing-comparison/pricing-wet050_002_2m-a10-w0-sc0-time_indexed	seed-wet050_002_2m-a10-w0-sc0	pricing-comparison
pricing-wet050_002_2m-a10-w0-sc0-time_indexed_sri	HEU.FormalExperimentRunner	--action="solve" --runId="pricing-wet050_002_2m-a10-w0-sc0-time_indexed_sri" --instance="${WORKSPACE}/experiment-suite/formal-v1/instances/50-2/wet050_002_2m_timeX10.dat" --algorithm="TIME_INDEXED_SRI" --outputDir="${WORKSPACE}/experiment-suite/formal-v1/runs/pricing-comparison/pricing-wet050_002_2m-a10-w0-sc0-time_indexed_sri" --seedFile="${WORKSPACE}/experiment-suite/formal-v1/seeds/wet050_002_2m-a10-w0-sc0.seed" --dueWindowHalfWidth="0" --setupCostCoefficient="0" --outsourcingModel="none" --outsourcingUnitRate="1" --discountStrength="0" --timeLimitSeconds="10800" --maxNodes="100000"	${WORKSPACE}/experiment-suite/formal-v1/runs/pricing-comparison/pricing-wet050_002_2m-a10-w0-sc0-time_indexed_sri	seed-wet050_002_2m-a10-w0-sc0	pricing-comparison
seed-wet050_002_2m-a10-w1040-sc0	HEU.FormalExperimentRunner	--action="seed" --runId="seed-wet050_002_2m-a10-w1040-sc0" --instance="${WORKSPACE}/experiment-suite/formal-v1/instances/50-2/wet050_002_2m_timeX10.dat" --seedFile="${WORKSPACE}/experiment-suite/formal-v1/seeds/wet050_002_2m-a10-w1040-sc0.seed" --outputDir="${WORKSPACE}/experiment-suite/formal-v1/runs/seed-wet050_002_2m-a10-w1040-sc0" --dueWindowHalfWidth="1040" --setupCostCoefficient="0"	${WORKSPACE}/experiment-suite/formal-v1/runs/seed-wet050_002_2m-a10-w1040-sc0		seed
pricing-wet050_002_2m-a10-w1040-sc0-ng_dssr	HEU.FormalExperimentRunner	--action="solve" --runId="pricing-wet050_002_2m-a10-w1040-sc0-ng_dssr" --instance="${WORKSPACE}/experiment-suite/formal-v1/instances/50-2/wet050_002_2m_timeX10.dat" --algorithm="NG_DSSR" --outputDir="${WORKSPACE}/experiment-suite/formal-v1/runs/pricing-comparison/pricing-wet050_002_2m-a10-w1040-sc0-ng_dssr" --seedFile="${WORKSPACE}/experiment-suite/formal-v1/seeds/wet050_002_2m-a10-w1040-sc0.seed" --dueWindowHalfWidth="1040" --setupCostCoefficient="0" --outsourcingModel="none" --outsourcingUnitRate="1" --discountStrength="0" --timeLimitSeconds="10800" --maxNodes="100000"	${WORKSPACE}/experiment-suite/formal-v1/runs/pricing-comparison/pricing-wet050_002_2m-a10-w1040-sc0-ng_dssr	seed-wet050_002_2m-a10-w1040-sc0	pricing-comparison
pricing-wet050_002_2m-a10-w1040-sc0-time_indexed	HEU.FormalExperimentRunner	--action="solve" --runId="pricing-wet050_002_2m-a10-w1040-sc0-time_indexed" --instance="${WORKSPACE}/experiment-suite/formal-v1/instances/50-2/wet050_002_2m_timeX10.dat" --algorithm="TIME_INDEXED" --outputDir="${WORKSPACE}/experiment-suite/formal-v1/runs/pricing-comparison/pricing-wet050_002_2m-a10-w1040-sc0-time_indexed" --seedFile="${WORKSPACE}/experiment-suite/formal-v1/seeds/wet050_002_2m-a10-w1040-sc0.seed" --dueWindowHalfWidth="1040" --setupCostCoefficient="0" --outsourcingModel="none" --outsourcingUnitRate="1" --discountStrength="0" --timeLimitSeconds="10800" --maxNodes="100000"	${WORKSPACE}/experiment-suite/formal-v1/runs/pricing-comparison/pricing-wet050_002_2m-a10-w1040-sc0-time_indexed	seed-wet050_002_2m-a10-w1040-sc0	pricing-comparison
pricing-wet050_002_2m-a10-w1040-sc0-time_indexed_sri	HEU.FormalExperimentRunner	--action="solve" --runId="pricing-wet050_002_2m-a10-w1040-sc0-time_indexed_sri" --instance="${WORKSPACE}/experiment-suite/formal-v1/instances/50-2/wet050_002_2m_timeX10.dat" --algorithm="TIME_INDEXED_SRI" --outputDir="${WORKSPACE}/experiment-suite/formal-v1/runs/pricing-comparison/pricing-wet050_002_2m-a10-w1040-sc0-time_indexed_sri" --seedFile="${WORKSPACE}/experiment-suite/formal-v1/seeds/wet050_002_2m-a10-w1040-sc0.seed" --dueWindowHalfWidth="1040" --setupCostCoefficient="0" --outsourcingModel="none" --outsourcingUnitRate="1" --discountStrength="0" --timeLimitSeconds="10800" --maxNodes="100000"	${WORKSPACE}/experiment-suite/formal-v1/runs/pricing-comparison/pricing-wet050_002_2m-a10-w1040-sc0-time_indexed_sri	seed-wet050_002_2m-a10-w1040-sc0	pricing-comparison
seed-wet050_002_2m-a10-w3121-sc0	HEU.FormalExperimentRunner	--action="seed" --runId="seed-wet050_002_2m-a10-w3121-sc0" --instance="${WORKSPACE}/experiment-suite/formal-v1/instances/50-2/wet050_002_2m_timeX10.dat" --seedFile="${WORKSPACE}/experiment-suite/formal-v1/seeds/wet050_002_2m-a10-w3121-sc0.seed" --outputDir="${WORKSPACE}/experiment-suite/formal-v1/runs/seed-wet050_002_2m-a10-w3121-sc0" --dueWindowHalfWidth="3121" --setupCostCoefficient="0"	${WORKSPACE}/experiment-suite/formal-v1/runs/seed-wet050_002_2m-a10-w3121-sc0		seed
pricing-wet050_002_2m-a10-w3121-sc0-ng_dssr	HEU.FormalExperimentRunner	--action="solve" --runId="pricing-wet050_002_2m-a10-w3121-sc0-ng_dssr" --instance="${WORKSPACE}/experiment-suite/formal-v1/instances/50-2/wet050_002_2m_timeX10.dat" --algorithm="NG_DSSR" --outputDir="${WORKSPACE}/experiment-suite/formal-v1/runs/pricing-comparison/pricing-wet050_002_2m-a10-w3121-sc0-ng_dssr" --seedFile="${WORKSPACE}/experiment-suite/formal-v1/seeds/wet050_002_2m-a10-w3121-sc0.seed" --dueWindowHalfWidth="3121" --setupCostCoefficient="0" --outsourcingModel="none" --outsourcingUnitRate="1" --discountStrength="0" --timeLimitSeconds="10800" --maxNodes="100000"	${WORKSPACE}/experiment-suite/formal-v1/runs/pricing-comparison/pricing-wet050_002_2m-a10-w3121-sc0-ng_dssr	seed-wet050_002_2m-a10-w3121-sc0	pricing-comparison
pricing-wet050_002_2m-a10-w3121-sc0-time_indexed	HEU.FormalExperimentRunner	--action="solve" --runId="pricing-wet050_002_2m-a10-w3121-sc0-time_indexed" --instance="${WORKSPACE}/experiment-suite/formal-v1/instances/50-2/wet050_002_2m_timeX10.dat" --algorithm="TIME_INDEXED" --outputDir="${WORKSPACE}/experiment-suite/formal-v1/runs/pricing-comparison/pricing-wet050_002_2m-a10-w3121-sc0-time_indexed" --seedFile="${WORKSPACE}/experiment-suite/formal-v1/seeds/wet050_002_2m-a10-w3121-sc0.seed" --dueWindowHalfWidth="3121" --setupCostCoefficient="0" --outsourcingModel="none" --outsourcingUnitRate="1" --discountStrength="0" --timeLimitSeconds="10800" --maxNodes="100000"	${WORKSPACE}/experiment-suite/formal-v1/runs/pricing-comparison/pricing-wet050_002_2m-a10-w3121-sc0-time_indexed	seed-wet050_002_2m-a10-w3121-sc0	pricing-comparison
pricing-wet050_002_2m-a10-w3121-sc0-time_indexed_sri	HEU.FormalExperimentRunner	--action="solve" --runId="pricing-wet050_002_2m-a10-w3121-sc0-time_indexed_sri" --instance="${WORKSPACE}/experiment-suite/formal-v1/instances/50-2/wet050_002_2m_timeX10.dat" --algorithm="TIME_INDEXED_SRI" --outputDir="${WORKSPACE}/experiment-suite/formal-v1/runs/pricing-comparison/pricing-wet050_002_2m-a10-w3121-sc0-time_indexed_sri" --seedFile="${WORKSPACE}/experiment-suite/formal-v1/seeds/wet050_002_2m-a10-w3121-sc0.seed" --dueWindowHalfWidth="3121" --setupCostCoefficient="0" --outsourcingModel="none" --outsourcingUnitRate="1" --discountStrength="0" --timeLimitSeconds="10800" --maxNodes="100000"	${WORKSPACE}/experiment-suite/formal-v1/runs/pricing-comparison/pricing-wet050_002_2m-a10-w3121-sc0-time_indexed_sri	seed-wet050_002_2m-a10-w3121-sc0	pricing-comparison
seed-wet050_003_2m-a1-w0-sc0	HEU.FormalExperimentRunner	--action="seed" --runId="seed-wet050_003_2m-a1-w0-sc0" --instance="${WORKSPACE}/data/50-2/wet050_003_2m.dat" --seedFile="${WORKSPACE}/experiment-suite/formal-v1/seeds/wet050_003_2m-a1-w0-sc0.seed" --outputDir="${WORKSPACE}/experiment-suite/formal-v1/runs/seed-wet050_003_2m-a1-w0-sc0" --dueWindowHalfWidth="0" --setupCostCoefficient="0"	${WORKSPACE}/experiment-suite/formal-v1/runs/seed-wet050_003_2m-a1-w0-sc0		seed
pricing-wet050_003_2m-a1-w0-sc0-ng_dssr	HEU.FormalExperimentRunner	--action="solve" --runId="pricing-wet050_003_2m-a1-w0-sc0-ng_dssr" --instance="${WORKSPACE}/data/50-2/wet050_003_2m.dat" --algorithm="NG_DSSR" --outputDir="${WORKSPACE}/experiment-suite/formal-v1/runs/pricing-comparison/pricing-wet050_003_2m-a1-w0-sc0-ng_dssr" --seedFile="${WORKSPACE}/experiment-suite/formal-v1/seeds/wet050_003_2m-a1-w0-sc0.seed" --dueWindowHalfWidth="0" --setupCostCoefficient="0" --outsourcingModel="none" --outsourcingUnitRate="1" --discountStrength="0" --timeLimitSeconds="10800" --maxNodes="100000"	${WORKSPACE}/experiment-suite/formal-v1/runs/pricing-comparison/pricing-wet050_003_2m-a1-w0-sc0-ng_dssr	seed-wet050_003_2m-a1-w0-sc0	pricing-comparison
pricing-wet050_003_2m-a1-w0-sc0-time_indexed	HEU.FormalExperimentRunner	--action="solve" --runId="pricing-wet050_003_2m-a1-w0-sc0-time_indexed" --instance="${WORKSPACE}/data/50-2/wet050_003_2m.dat" --algorithm="TIME_INDEXED" --outputDir="${WORKSPACE}/experiment-suite/formal-v1/runs/pricing-comparison/pricing-wet050_003_2m-a1-w0-sc0-time_indexed" --seedFile="${WORKSPACE}/experiment-suite/formal-v1/seeds/wet050_003_2m-a1-w0-sc0.seed" --dueWindowHalfWidth="0" --setupCostCoefficient="0" --outsourcingModel="none" --outsourcingUnitRate="1" --discountStrength="0" --timeLimitSeconds="10800" --maxNodes="100000"	${WORKSPACE}/experiment-suite/formal-v1/runs/pricing-comparison/pricing-wet050_003_2m-a1-w0-sc0-time_indexed	seed-wet050_003_2m-a1-w0-sc0	pricing-comparison
pricing-wet050_003_2m-a1-w0-sc0-time_indexed_sri	HEU.FormalExperimentRunner	--action="solve" --runId="pricing-wet050_003_2m-a1-w0-sc0-time_indexed_sri" --instance="${WORKSPACE}/data/50-2/wet050_003_2m.dat" --algorithm="TIME_INDEXED_SRI" --outputDir="${WORKSPACE}/experiment-suite/formal-v1/runs/pricing-comparison/pricing-wet050_003_2m-a1-w0-sc0-time_indexed_sri" --seedFile="${WORKSPACE}/experiment-suite/formal-v1/seeds/wet050_003_2m-a1-w0-sc0.seed" --dueWindowHalfWidth="0" --setupCostCoefficient="0" --outsourcingModel="none" --outsourcingUnitRate="1" --discountStrength="0" --timeLimitSeconds="10800" --maxNodes="100000"	${WORKSPACE}/experiment-suite/formal-v1/runs/pricing-comparison/pricing-wet050_003_2m-a1-w0-sc0-time_indexed_sri	seed-wet050_003_2m-a1-w0-sc0	pricing-comparison
seed-wet050_003_2m-a1-w100-sc0	HEU.FormalExperimentRunner	--action="seed" --runId="seed-wet050_003_2m-a1-w100-sc0" --instance="${WORKSPACE}/data/50-2/wet050_003_2m.dat" --seedFile="${WORKSPACE}/experiment-suite/formal-v1/seeds/wet050_003_2m-a1-w100-sc0.seed" --outputDir="${WORKSPACE}/experiment-suite/formal-v1/runs/seed-wet050_003_2m-a1-w100-sc0" --dueWindowHalfWidth="100" --setupCostCoefficient="0"	${WORKSPACE}/experiment-suite/formal-v1/runs/seed-wet050_003_2m-a1-w100-sc0		seed
pricing-wet050_003_2m-a1-w100-sc0-ng_dssr	HEU.FormalExperimentRunner	--action="solve" --runId="pricing-wet050_003_2m-a1-w100-sc0-ng_dssr" --instance="${WORKSPACE}/data/50-2/wet050_003_2m.dat" --algorithm="NG_DSSR" --outputDir="${WORKSPACE}/experiment-suite/formal-v1/runs/pricing-comparison/pricing-wet050_003_2m-a1-w100-sc0-ng_dssr" --seedFile="${WORKSPACE}/experiment-suite/formal-v1/seeds/wet050_003_2m-a1-w100-sc0.seed" --dueWindowHalfWidth="100" --setupCostCoefficient="0" --outsourcingModel="none" --outsourcingUnitRate="1" --discountStrength="0" --timeLimitSeconds="10800" --maxNodes="100000"	${WORKSPACE}/experiment-suite/formal-v1/runs/pricing-comparison/pricing-wet050_003_2m-a1-w100-sc0-ng_dssr	seed-wet050_003_2m-a1-w100-sc0	pricing-comparison
pricing-wet050_003_2m-a1-w100-sc0-time_indexed	HEU.FormalExperimentRunner	--action="solve" --runId="pricing-wet050_003_2m-a1-w100-sc0-time_indexed" --instance="${WORKSPACE}/data/50-2/wet050_003_2m.dat" --algorithm="TIME_INDEXED" --outputDir="${WORKSPACE}/experiment-suite/formal-v1/runs/pricing-comparison/pricing-wet050_003_2m-a1-w100-sc0-time_indexed" --seedFile="${WORKSPACE}/experiment-suite/formal-v1/seeds/wet050_003_2m-a1-w100-sc0.seed" --dueWindowHalfWidth="100" --setupCostCoefficient="0" --outsourcingModel="none" --outsourcingUnitRate="1" --discountStrength="0" --timeLimitSeconds="10800" --maxNodes="100000"	${WORKSPACE}/experiment-suite/formal-v1/runs/pricing-comparison/pricing-wet050_003_2m-a1-w100-sc0-time_indexed	seed-wet050_003_2m-a1-w100-sc0	pricing-comparison
pricing-wet050_003_2m-a1-w100-sc0-time_indexed_sri	HEU.FormalExperimentRunner	--action="solve" --runId="pricing-wet050_003_2m-a1-w100-sc0-time_indexed_sri" --instance="${WORKSPACE}/data/50-2/wet050_003_2m.dat" --algorithm="TIME_INDEXED_SRI" --outputDir="${WORKSPACE}/experiment-suite/formal-v1/runs/pricing-comparison/pricing-wet050_003_2m-a1-w100-sc0-time_indexed_sri" --seedFile="${WORKSPACE}/experiment-suite/formal-v1/seeds/wet050_003_2m-a1-w100-sc0.seed" --dueWindowHalfWidth="100" --setupCostCoefficient="0" --outsourcingModel="none" --outsourcingUnitRate="1" --discountStrength="0" --timeLimitSeconds="10800" --maxNodes="100000"	${WORKSPACE}/experiment-suite/formal-v1/runs/pricing-comparison/pricing-wet050_003_2m-a1-w100-sc0-time_indexed_sri	seed-wet050_003_2m-a1-w100-sc0	pricing-comparison
seed-wet050_003_2m-a1-w301-sc0	HEU.FormalExperimentRunner	--action="seed" --runId="seed-wet050_003_2m-a1-w301-sc0" --instance="${WORKSPACE}/data/50-2/wet050_003_2m.dat" --seedFile="${WORKSPACE}/experiment-suite/formal-v1/seeds/wet050_003_2m-a1-w301-sc0.seed" --outputDir="${WORKSPACE}/experiment-suite/formal-v1/runs/seed-wet050_003_2m-a1-w301-sc0" --dueWindowHalfWidth="301" --setupCostCoefficient="0"	${WORKSPACE}/experiment-suite/formal-v1/runs/seed-wet050_003_2m-a1-w301-sc0		seed
pricing-wet050_003_2m-a1-w301-sc0-ng_dssr	HEU.FormalExperimentRunner	--action="solve" --runId="pricing-wet050_003_2m-a1-w301-sc0-ng_dssr" --instance="${WORKSPACE}/data/50-2/wet050_003_2m.dat" --algorithm="NG_DSSR" --outputDir="${WORKSPACE}/experiment-suite/formal-v1/runs/pricing-comparison/pricing-wet050_003_2m-a1-w301-sc0-ng_dssr" --seedFile="${WORKSPACE}/experiment-suite/formal-v1/seeds/wet050_003_2m-a1-w301-sc0.seed" --dueWindowHalfWidth="301" --setupCostCoefficient="0" --outsourcingModel="none" --outsourcingUnitRate="1" --discountStrength="0" --timeLimitSeconds="10800" --maxNodes="100000"	${WORKSPACE}/experiment-suite/formal-v1/runs/pricing-comparison/pricing-wet050_003_2m-a1-w301-sc0-ng_dssr	seed-wet050_003_2m-a1-w301-sc0	pricing-comparison
pricing-wet050_003_2m-a1-w301-sc0-time_indexed	HEU.FormalExperimentRunner	--action="solve" --runId="pricing-wet050_003_2m-a1-w301-sc0-time_indexed" --instance="${WORKSPACE}/data/50-2/wet050_003_2m.dat" --algorithm="TIME_INDEXED" --outputDir="${WORKSPACE}/experiment-suite/formal-v1/runs/pricing-comparison/pricing-wet050_003_2m-a1-w301-sc0-time_indexed" --seedFile="${WORKSPACE}/experiment-suite/formal-v1/seeds/wet050_003_2m-a1-w301-sc0.seed" --dueWindowHalfWidth="301" --setupCostCoefficient="0" --outsourcingModel="none" --outsourcingUnitRate="1" --discountStrength="0" --timeLimitSeconds="10800" --maxNodes="100000"	${WORKSPACE}/experiment-suite/formal-v1/runs/pricing-comparison/pricing-wet050_003_2m-a1-w301-sc0-time_indexed	seed-wet050_003_2m-a1-w301-sc0	pricing-comparison
pricing-wet050_003_2m-a1-w301-sc0-time_indexed_sri	HEU.FormalExperimentRunner	--action="solve" --runId="pricing-wet050_003_2m-a1-w301-sc0-time_indexed_sri" --instance="${WORKSPACE}/data/50-2/wet050_003_2m.dat" --algorithm="TIME_INDEXED_SRI" --outputDir="${WORKSPACE}/experiment-suite/formal-v1/runs/pricing-comparison/pricing-wet050_003_2m-a1-w301-sc0-time_indexed_sri" --seedFile="${WORKSPACE}/experiment-suite/formal-v1/seeds/wet050_003_2m-a1-w301-sc0.seed" --dueWindowHalfWidth="301" --setupCostCoefficient="0" --outsourcingModel="none" --outsourcingUnitRate="1" --discountStrength="0" --timeLimitSeconds="10800" --maxNodes="100000"	${WORKSPACE}/experiment-suite/formal-v1/runs/pricing-comparison/pricing-wet050_003_2m-a1-w301-sc0-time_indexed_sri	seed-wet050_003_2m-a1-w301-sc0	pricing-comparison
seed-wet050_003_2m-a5-w0-sc0	HEU.FormalExperimentRunner	--action="seed" --runId="seed-wet050_003_2m-a5-w0-sc0" --instance="${WORKSPACE}/experiment-suite/formal-v1/instances/50-2/wet050_003_2m_timeX5.dat" --seedFile="${WORKSPACE}/experiment-suite/formal-v1/seeds/wet050_003_2m-a5-w0-sc0.seed" --outputDir="${WORKSPACE}/experiment-suite/formal-v1/runs/seed-wet050_003_2m-a5-w0-sc0" --dueWindowHalfWidth="0" --setupCostCoefficient="0"	${WORKSPACE}/experiment-suite/formal-v1/runs/seed-wet050_003_2m-a5-w0-sc0		seed
pricing-wet050_003_2m-a5-w0-sc0-ng_dssr	HEU.FormalExperimentRunner	--action="solve" --runId="pricing-wet050_003_2m-a5-w0-sc0-ng_dssr" --instance="${WORKSPACE}/experiment-suite/formal-v1/instances/50-2/wet050_003_2m_timeX5.dat" --algorithm="NG_DSSR" --outputDir="${WORKSPACE}/experiment-suite/formal-v1/runs/pricing-comparison/pricing-wet050_003_2m-a5-w0-sc0-ng_dssr" --seedFile="${WORKSPACE}/experiment-suite/formal-v1/seeds/wet050_003_2m-a5-w0-sc0.seed" --dueWindowHalfWidth="0" --setupCostCoefficient="0" --outsourcingModel="none" --outsourcingUnitRate="1" --discountStrength="0" --timeLimitSeconds="10800" --maxNodes="100000"	${WORKSPACE}/experiment-suite/formal-v1/runs/pricing-comparison/pricing-wet050_003_2m-a5-w0-sc0-ng_dssr	seed-wet050_003_2m-a5-w0-sc0	pricing-comparison
pricing-wet050_003_2m-a5-w0-sc0-time_indexed	HEU.FormalExperimentRunner	--action="solve" --runId="pricing-wet050_003_2m-a5-w0-sc0-time_indexed" --instance="${WORKSPACE}/experiment-suite/formal-v1/instances/50-2/wet050_003_2m_timeX5.dat" --algorithm="TIME_INDEXED" --outputDir="${WORKSPACE}/experiment-suite/formal-v1/runs/pricing-comparison/pricing-wet050_003_2m-a5-w0-sc0-time_indexed" --seedFile="${WORKSPACE}/experiment-suite/formal-v1/seeds/wet050_003_2m-a5-w0-sc0.seed" --dueWindowHalfWidth="0" --setupCostCoefficient="0" --outsourcingModel="none" --outsourcingUnitRate="1" --discountStrength="0" --timeLimitSeconds="10800" --maxNodes="100000"	${WORKSPACE}/experiment-suite/formal-v1/runs/pricing-comparison/pricing-wet050_003_2m-a5-w0-sc0-time_indexed	seed-wet050_003_2m-a5-w0-sc0	pricing-comparison
pricing-wet050_003_2m-a5-w0-sc0-time_indexed_sri	HEU.FormalExperimentRunner	--action="solve" --runId="pricing-wet050_003_2m-a5-w0-sc0-time_indexed_sri" --instance="${WORKSPACE}/experiment-suite/formal-v1/instances/50-2/wet050_003_2m_timeX5.dat" --algorithm="TIME_INDEXED_SRI" --outputDir="${WORKSPACE}/experiment-suite/formal-v1/runs/pricing-comparison/pricing-wet050_003_2m-a5-w0-sc0-time_indexed_sri" --seedFile="${WORKSPACE}/experiment-suite/formal-v1/seeds/wet050_003_2m-a5-w0-sc0.seed" --dueWindowHalfWidth="0" --setupCostCoefficient="0" --outsourcingModel="none" --outsourcingUnitRate="1" --discountStrength="0" --timeLimitSeconds="10800" --maxNodes="100000"	${WORKSPACE}/experiment-suite/formal-v1/runs/pricing-comparison/pricing-wet050_003_2m-a5-w0-sc0-time_indexed_sri	seed-wet050_003_2m-a5-w0-sc0	pricing-comparison
seed-wet050_003_2m-a5-w501-sc0	HEU.FormalExperimentRunner	--action="seed" --runId="seed-wet050_003_2m-a5-w501-sc0" --instance="${WORKSPACE}/experiment-suite/formal-v1/instances/50-2/wet050_003_2m_timeX5.dat" --seedFile="${WORKSPACE}/experiment-suite/formal-v1/seeds/wet050_003_2m-a5-w501-sc0.seed" --outputDir="${WORKSPACE}/experiment-suite/formal-v1/runs/seed-wet050_003_2m-a5-w501-sc0" --dueWindowHalfWidth="501" --setupCostCoefficient="0"	${WORKSPACE}/experiment-suite/formal-v1/runs/seed-wet050_003_2m-a5-w501-sc0		seed
pricing-wet050_003_2m-a5-w501-sc0-ng_dssr	HEU.FormalExperimentRunner	--action="solve" --runId="pricing-wet050_003_2m-a5-w501-sc0-ng_dssr" --instance="${WORKSPACE}/experiment-suite/formal-v1/instances/50-2/wet050_003_2m_timeX5.dat" --algorithm="NG_DSSR" --outputDir="${WORKSPACE}/experiment-suite/formal-v1/runs/pricing-comparison/pricing-wet050_003_2m-a5-w501-sc0-ng_dssr" --seedFile="${WORKSPACE}/experiment-suite/formal-v1/seeds/wet050_003_2m-a5-w501-sc0.seed" --dueWindowHalfWidth="501" --setupCostCoefficient="0" --outsourcingModel="none" --outsourcingUnitRate="1" --discountStrength="0" --timeLimitSeconds="10800" --maxNodes="100000"	${WORKSPACE}/experiment-suite/formal-v1/runs/pricing-comparison/pricing-wet050_003_2m-a5-w501-sc0-ng_dssr	seed-wet050_003_2m-a5-w501-sc0	pricing-comparison
pricing-wet050_003_2m-a5-w501-sc0-time_indexed	HEU.FormalExperimentRunner	--action="solve" --runId="pricing-wet050_003_2m-a5-w501-sc0-time_indexed" --instance="${WORKSPACE}/experiment-suite/formal-v1/instances/50-2/wet050_003_2m_timeX5.dat" --algorithm="TIME_INDEXED" --outputDir="${WORKSPACE}/experiment-suite/formal-v1/runs/pricing-comparison/pricing-wet050_003_2m-a5-w501-sc0-time_indexed" --seedFile="${WORKSPACE}/experiment-suite/formal-v1/seeds/wet050_003_2m-a5-w501-sc0.seed" --dueWindowHalfWidth="501" --setupCostCoefficient="0" --outsourcingModel="none" --outsourcingUnitRate="1" --discountStrength="0" --timeLimitSeconds="10800" --maxNodes="100000"	${WORKSPACE}/experiment-suite/formal-v1/runs/pricing-comparison/pricing-wet050_003_2m-a5-w501-sc0-time_indexed	seed-wet050_003_2m-a5-w501-sc0	pricing-comparison
pricing-wet050_003_2m-a5-w501-sc0-time_indexed_sri	HEU.FormalExperimentRunner	--action="solve" --runId="pricing-wet050_003_2m-a5-w501-sc0-time_indexed_sri" --instance="${WORKSPACE}/experiment-suite/formal-v1/instances/50-2/wet050_003_2m_timeX5.dat" --algorithm="TIME_INDEXED_SRI" --outputDir="${WORKSPACE}/experiment-suite/formal-v1/runs/pricing-comparison/pricing-wet050_003_2m-a5-w501-sc0-time_indexed_sri" --seedFile="${WORKSPACE}/experiment-suite/formal-v1/seeds/wet050_003_2m-a5-w501-sc0.seed" --dueWindowHalfWidth="501" --setupCostCoefficient="0" --outsourcingModel="none" --outsourcingUnitRate="1" --discountStrength="0" --timeLimitSeconds="10800" --maxNodes="100000"	${WORKSPACE}/experiment-suite/formal-v1/runs/pricing-comparison/pricing-wet050_003_2m-a5-w501-sc0-time_indexed_sri	seed-wet050_003_2m-a5-w501-sc0	pricing-comparison
seed-wet050_003_2m-a5-w1504-sc0	HEU.FormalExperimentRunner	--action="seed" --runId="seed-wet050_003_2m-a5-w1504-sc0" --instance="${WORKSPACE}/experiment-suite/formal-v1/instances/50-2/wet050_003_2m_timeX5.dat" --seedFile="${WORKSPACE}/experiment-suite/formal-v1/seeds/wet050_003_2m-a5-w1504-sc0.seed" --outputDir="${WORKSPACE}/experiment-suite/formal-v1/runs/seed-wet050_003_2m-a5-w1504-sc0" --dueWindowHalfWidth="1504" --setupCostCoefficient="0"	${WORKSPACE}/experiment-suite/formal-v1/runs/seed-wet050_003_2m-a5-w1504-sc0		seed
pricing-wet050_003_2m-a5-w1504-sc0-ng_dssr	HEU.FormalExperimentRunner	--action="solve" --runId="pricing-wet050_003_2m-a5-w1504-sc0-ng_dssr" --instance="${WORKSPACE}/experiment-suite/formal-v1/instances/50-2/wet050_003_2m_timeX5.dat" --algorithm="NG_DSSR" --outputDir="${WORKSPACE}/experiment-suite/formal-v1/runs/pricing-comparison/pricing-wet050_003_2m-a5-w1504-sc0-ng_dssr" --seedFile="${WORKSPACE}/experiment-suite/formal-v1/seeds/wet050_003_2m-a5-w1504-sc0.seed" --dueWindowHalfWidth="1504" --setupCostCoefficient="0" --outsourcingModel="none" --outsourcingUnitRate="1" --discountStrength="0" --timeLimitSeconds="10800" --maxNodes="100000"	${WORKSPACE}/experiment-suite/formal-v1/runs/pricing-comparison/pricing-wet050_003_2m-a5-w1504-sc0-ng_dssr	seed-wet050_003_2m-a5-w1504-sc0	pricing-comparison
pricing-wet050_003_2m-a5-w1504-sc0-time_indexed	HEU.FormalExperimentRunner	--action="solve" --runId="pricing-wet050_003_2m-a5-w1504-sc0-time_indexed" --instance="${WORKSPACE}/experiment-suite/formal-v1/instances/50-2/wet050_003_2m_timeX5.dat" --algorithm="TIME_INDEXED" --outputDir="${WORKSPACE}/experiment-suite/formal-v1/runs/pricing-comparison/pricing-wet050_003_2m-a5-w1504-sc0-time_indexed" --seedFile="${WORKSPACE}/experiment-suite/formal-v1/seeds/wet050_003_2m-a5-w1504-sc0.seed" --dueWindowHalfWidth="1504" --setupCostCoefficient="0" --outsourcingModel="none" --outsourcingUnitRate="1" --discountStrength="0" --timeLimitSeconds="10800" --maxNodes="100000"	${WORKSPACE}/experiment-suite/formal-v1/runs/pricing-comparison/pricing-wet050_003_2m-a5-w1504-sc0-time_indexed	seed-wet050_003_2m-a5-w1504-sc0	pricing-comparison
pricing-wet050_003_2m-a5-w1504-sc0-time_indexed_sri	HEU.FormalExperimentRunner	--action="solve" --runId="pricing-wet050_003_2m-a5-w1504-sc0-time_indexed_sri" --instance="${WORKSPACE}/experiment-suite/formal-v1/instances/50-2/wet050_003_2m_timeX5.dat" --algorithm="TIME_INDEXED_SRI" --outputDir="${WORKSPACE}/experiment-suite/formal-v1/runs/pricing-comparison/pricing-wet050_003_2m-a5-w1504-sc0-time_indexed_sri" --seedFile="${WORKSPACE}/experiment-suite/formal-v1/seeds/wet050_003_2m-a5-w1504-sc0.seed" --dueWindowHalfWidth="1504" --setupCostCoefficient="0" --outsourcingModel="none" --outsourcingUnitRate="1" --discountStrength="0" --timeLimitSeconds="10800" --maxNodes="100000"	${WORKSPACE}/experiment-suite/formal-v1/runs/pricing-comparison/pricing-wet050_003_2m-a5-w1504-sc0-time_indexed_sri	seed-wet050_003_2m-a5-w1504-sc0	pricing-comparison
seed-wet050_003_2m-a10-w0-sc0	HEU.FormalExperimentRunner	--action="seed" --runId="seed-wet050_003_2m-a10-w0-sc0" --instance="${WORKSPACE}/experiment-suite/formal-v1/instances/50-2/wet050_003_2m_timeX10.dat" --seedFile="${WORKSPACE}/experiment-suite/formal-v1/seeds/wet050_003_2m-a10-w0-sc0.seed" --outputDir="${WORKSPACE}/experiment-suite/formal-v1/runs/seed-wet050_003_2m-a10-w0-sc0" --dueWindowHalfWidth="0" --setupCostCoefficient="0"	${WORKSPACE}/experiment-suite/formal-v1/runs/seed-wet050_003_2m-a10-w0-sc0		seed
pricing-wet050_003_2m-a10-w0-sc0-ng_dssr	HEU.FormalExperimentRunner	--action="solve" --runId="pricing-wet050_003_2m-a10-w0-sc0-ng_dssr" --instance="${WORKSPACE}/experiment-suite/formal-v1/instances/50-2/wet050_003_2m_timeX10.dat" --algorithm="NG_DSSR" --outputDir="${WORKSPACE}/experiment-suite/formal-v1/runs/pricing-comparison/pricing-wet050_003_2m-a10-w0-sc0-ng_dssr" --seedFile="${WORKSPACE}/experiment-suite/formal-v1/seeds/wet050_003_2m-a10-w0-sc0.seed" --dueWindowHalfWidth="0" --setupCostCoefficient="0" --outsourcingModel="none" --outsourcingUnitRate="1" --discountStrength="0" --timeLimitSeconds="10800" --maxNodes="100000"	${WORKSPACE}/experiment-suite/formal-v1/runs/pricing-comparison/pricing-wet050_003_2m-a10-w0-sc0-ng_dssr	seed-wet050_003_2m-a10-w0-sc0	pricing-comparison
pricing-wet050_003_2m-a10-w0-sc0-time_indexed	HEU.FormalExperimentRunner	--action="solve" --runId="pricing-wet050_003_2m-a10-w0-sc0-time_indexed" --instance="${WORKSPACE}/experiment-suite/formal-v1/instances/50-2/wet050_003_2m_timeX10.dat" --algorithm="TIME_INDEXED" --outputDir="${WORKSPACE}/experiment-suite/formal-v1/runs/pricing-comparison/pricing-wet050_003_2m-a10-w0-sc0-time_indexed" --seedFile="${WORKSPACE}/experiment-suite/formal-v1/seeds/wet050_003_2m-a10-w0-sc0.seed" --dueWindowHalfWidth="0" --setupCostCoefficient="0" --outsourcingModel="none" --outsourcingUnitRate="1" --discountStrength="0" --timeLimitSeconds="10800" --maxNodes="100000"	${WORKSPACE}/experiment-suite/formal-v1/runs/pricing-comparison/pricing-wet050_003_2m-a10-w0-sc0-time_indexed	seed-wet050_003_2m-a10-w0-sc0	pricing-comparison
pricing-wet050_003_2m-a10-w0-sc0-time_indexed_sri	HEU.FormalExperimentRunner	--action="solve" --runId="pricing-wet050_003_2m-a10-w0-sc0-time_indexed_sri" --instance="${WORKSPACE}/experiment-suite/formal-v1/instances/50-2/wet050_003_2m_timeX10.dat" --algorithm="TIME_INDEXED_SRI" --outputDir="${WORKSPACE}/experiment-suite/formal-v1/runs/pricing-comparison/pricing-wet050_003_2m-a10-w0-sc0-time_indexed_sri" --seedFile="${WORKSPACE}/experiment-suite/formal-v1/seeds/wet050_003_2m-a10-w0-sc0.seed" --dueWindowHalfWidth="0" --setupCostCoefficient="0" --outsourcingModel="none" --outsourcingUnitRate="1" --discountStrength="0" --timeLimitSeconds="10800" --maxNodes="100000"	${WORKSPACE}/experiment-suite/formal-v1/runs/pricing-comparison/pricing-wet050_003_2m-a10-w0-sc0-time_indexed_sri	seed-wet050_003_2m-a10-w0-sc0	pricing-comparison
seed-wet050_003_2m-a10-w1003-sc0	HEU.FormalExperimentRunner	--action="seed" --runId="seed-wet050_003_2m-a10-w1003-sc0" --instance="${WORKSPACE}/experiment-suite/formal-v1/instances/50-2/wet050_003_2m_timeX10.dat" --seedFile="${WORKSPACE}/experiment-suite/formal-v1/seeds/wet050_003_2m-a10-w1003-sc0.seed" --outputDir="${WORKSPACE}/experiment-suite/formal-v1/runs/seed-wet050_003_2m-a10-w1003-sc0" --dueWindowHalfWidth="1003" --setupCostCoefficient="0"	${WORKSPACE}/experiment-suite/formal-v1/runs/seed-wet050_003_2m-a10-w1003-sc0		seed
pricing-wet050_003_2m-a10-w1003-sc0-ng_dssr	HEU.FormalExperimentRunner	--action="solve" --runId="pricing-wet050_003_2m-a10-w1003-sc0-ng_dssr" --instance="${WORKSPACE}/experiment-suite/formal-v1/instances/50-2/wet050_003_2m_timeX10.dat" --algorithm="NG_DSSR" --outputDir="${WORKSPACE}/experiment-suite/formal-v1/runs/pricing-comparison/pricing-wet050_003_2m-a10-w1003-sc0-ng_dssr" --seedFile="${WORKSPACE}/experiment-suite/formal-v1/seeds/wet050_003_2m-a10-w1003-sc0.seed" --dueWindowHalfWidth="1003" --setupCostCoefficient="0" --outsourcingModel="none" --outsourcingUnitRate="1" --discountStrength="0" --timeLimitSeconds="10800" --maxNodes="100000"	${WORKSPACE}/experiment-suite/formal-v1/runs/pricing-comparison/pricing-wet050_003_2m-a10-w1003-sc0-ng_dssr	seed-wet050_003_2m-a10-w1003-sc0	pricing-comparison
pricing-wet050_003_2m-a10-w1003-sc0-time_indexed	HEU.FormalExperimentRunner	--action="solve" --runId="pricing-wet050_003_2m-a10-w1003-sc0-time_indexed" --instance="${WORKSPACE}/experiment-suite/formal-v1/instances/50-2/wet050_003_2m_timeX10.dat" --algorithm="TIME_INDEXED" --outputDir="${WORKSPACE}/experiment-suite/formal-v1/runs/pricing-comparison/pricing-wet050_003_2m-a10-w1003-sc0-time_indexed" --seedFile="${WORKSPACE}/experiment-suite/formal-v1/seeds/wet050_003_2m-a10-w1003-sc0.seed" --dueWindowHalfWidth="1003" --setupCostCoefficient="0" --outsourcingModel="none" --outsourcingUnitRate="1" --discountStrength="0" --timeLimitSeconds="10800" --maxNodes="100000"	${WORKSPACE}/experiment-suite/formal-v1/runs/pricing-comparison/pricing-wet050_003_2m-a10-w1003-sc0-time_indexed	seed-wet050_003_2m-a10-w1003-sc0	pricing-comparison
pricing-wet050_003_2m-a10-w1003-sc0-time_indexed_sri	HEU.FormalExperimentRunner	--action="solve" --runId="pricing-wet050_003_2m-a10-w1003-sc0-time_indexed_sri" --instance="${WORKSPACE}/experiment-suite/formal-v1/instances/50-2/wet050_003_2m_timeX10.dat" --algorithm="TIME_INDEXED_SRI" --outputDir="${WORKSPACE}/experiment-suite/formal-v1/runs/pricing-comparison/pricing-wet050_003_2m-a10-w1003-sc0-time_indexed_sri" --seedFile="${WORKSPACE}/experiment-suite/formal-v1/seeds/wet050_003_2m-a10-w1003-sc0.seed" --dueWindowHalfWidth="1003" --setupCostCoefficient="0" --outsourcingModel="none" --outsourcingUnitRate="1" --discountStrength="0" --timeLimitSeconds="10800" --maxNodes="100000"	${WORKSPACE}/experiment-suite/formal-v1/runs/pricing-comparison/pricing-wet050_003_2m-a10-w1003-sc0-time_indexed_sri	seed-wet050_003_2m-a10-w1003-sc0	pricing-comparison
seed-wet050_003_2m-a10-w3008-sc0	HEU.FormalExperimentRunner	--action="seed" --runId="seed-wet050_003_2m-a10-w3008-sc0" --instance="${WORKSPACE}/experiment-suite/formal-v1/instances/50-2/wet050_003_2m_timeX10.dat" --seedFile="${WORKSPACE}/experiment-suite/formal-v1/seeds/wet050_003_2m-a10-w3008-sc0.seed" --outputDir="${WORKSPACE}/experiment-suite/formal-v1/runs/seed-wet050_003_2m-a10-w3008-sc0" --dueWindowHalfWidth="3008" --setupCostCoefficient="0"	${WORKSPACE}/experiment-suite/formal-v1/runs/seed-wet050_003_2m-a10-w3008-sc0		seed
pricing-wet050_003_2m-a10-w3008-sc0-ng_dssr	HEU.FormalExperimentRunner	--action="solve" --runId="pricing-wet050_003_2m-a10-w3008-sc0-ng_dssr" --instance="${WORKSPACE}/experiment-suite/formal-v1/instances/50-2/wet050_003_2m_timeX10.dat" --algorithm="NG_DSSR" --outputDir="${WORKSPACE}/experiment-suite/formal-v1/runs/pricing-comparison/pricing-wet050_003_2m-a10-w3008-sc0-ng_dssr" --seedFile="${WORKSPACE}/experiment-suite/formal-v1/seeds/wet050_003_2m-a10-w3008-sc0.seed" --dueWindowHalfWidth="3008" --setupCostCoefficient="0" --outsourcingModel="none" --outsourcingUnitRate="1" --discountStrength="0" --timeLimitSeconds="10800" --maxNodes="100000"	${WORKSPACE}/experiment-suite/formal-v1/runs/pricing-comparison/pricing-wet050_003_2m-a10-w3008-sc0-ng_dssr	seed-wet050_003_2m-a10-w3008-sc0	pricing-comparison
pricing-wet050_003_2m-a10-w3008-sc0-time_indexed	HEU.FormalExperimentRunner	--action="solve" --runId="pricing-wet050_003_2m-a10-w3008-sc0-time_indexed" --instance="${WORKSPACE}/experiment-suite/formal-v1/instances/50-2/wet050_003_2m_timeX10.dat" --algorithm="TIME_INDEXED" --outputDir="${WORKSPACE}/experiment-suite/formal-v1/runs/pricing-comparison/pricing-wet050_003_2m-a10-w3008-sc0-time_indexed" --seedFile="${WORKSPACE}/experiment-suite/formal-v1/seeds/wet050_003_2m-a10-w3008-sc0.seed" --dueWindowHalfWidth="3008" --setupCostCoefficient="0" --outsourcingModel="none" --outsourcingUnitRate="1" --discountStrength="0" --timeLimitSeconds="10800" --maxNodes="100000"	${WORKSPACE}/experiment-suite/formal-v1/runs/pricing-comparison/pricing-wet050_003_2m-a10-w3008-sc0-time_indexed	seed-wet050_003_2m-a10-w3008-sc0	pricing-comparison
pricing-wet050_003_2m-a10-w3008-sc0-time_indexed_sri	HEU.FormalExperimentRunner	--action="solve" --runId="pricing-wet050_003_2m-a10-w3008-sc0-time_indexed_sri" --instance="${WORKSPACE}/experiment-suite/formal-v1/instances/50-2/wet050_003_2m_timeX10.dat" --algorithm="TIME_INDEXED_SRI" --outputDir="${WORKSPACE}/experiment-suite/formal-v1/runs/pricing-comparison/pricing-wet050_003_2m-a10-w3008-sc0-time_indexed_sri" --seedFile="${WORKSPACE}/experiment-suite/formal-v1/seeds/wet050_003_2m-a10-w3008-sc0.seed" --dueWindowHalfWidth="3008" --setupCostCoefficient="0" --outsourcingModel="none" --outsourcingUnitRate="1" --discountStrength="0" --timeLimitSeconds="10800" --maxNodes="100000"	${WORKSPACE}/experiment-suite/formal-v1/runs/pricing-comparison/pricing-wet050_003_2m-a10-w3008-sc0-time_indexed_sri	seed-wet050_003_2m-a10-w3008-sc0	pricing-comparison
seed-wet050_001_3m-a1-w0-sc0	HEU.FormalExperimentRunner	--action="seed" --runId="seed-wet050_001_3m-a1-w0-sc0" --instance="${WORKSPACE}/data/50-3/wet050_001_3m.dat" --seedFile="${WORKSPACE}/experiment-suite/formal-v1/seeds/wet050_001_3m-a1-w0-sc0.seed" --outputDir="${WORKSPACE}/experiment-suite/formal-v1/runs/seed-wet050_001_3m-a1-w0-sc0" --dueWindowHalfWidth="0" --setupCostCoefficient="0"	${WORKSPACE}/experiment-suite/formal-v1/runs/seed-wet050_001_3m-a1-w0-sc0		seed
pricing-wet050_001_3m-a1-w0-sc0-ng_dssr	HEU.FormalExperimentRunner	--action="solve" --runId="pricing-wet050_001_3m-a1-w0-sc0-ng_dssr" --instance="${WORKSPACE}/data/50-3/wet050_001_3m.dat" --algorithm="NG_DSSR" --outputDir="${WORKSPACE}/experiment-suite/formal-v1/runs/pricing-comparison/pricing-wet050_001_3m-a1-w0-sc0-ng_dssr" --seedFile="${WORKSPACE}/experiment-suite/formal-v1/seeds/wet050_001_3m-a1-w0-sc0.seed" --dueWindowHalfWidth="0" --setupCostCoefficient="0" --outsourcingModel="none" --outsourcingUnitRate="1" --discountStrength="0" --timeLimitSeconds="10800" --maxNodes="100000"	${WORKSPACE}/experiment-suite/formal-v1/runs/pricing-comparison/pricing-wet050_001_3m-a1-w0-sc0-ng_dssr	seed-wet050_001_3m-a1-w0-sc0	pricing-comparison
pricing-wet050_001_3m-a1-w0-sc0-time_indexed	HEU.FormalExperimentRunner	--action="solve" --runId="pricing-wet050_001_3m-a1-w0-sc0-time_indexed" --instance="${WORKSPACE}/data/50-3/wet050_001_3m.dat" --algorithm="TIME_INDEXED" --outputDir="${WORKSPACE}/experiment-suite/formal-v1/runs/pricing-comparison/pricing-wet050_001_3m-a1-w0-sc0-time_indexed" --seedFile="${WORKSPACE}/experiment-suite/formal-v1/seeds/wet050_001_3m-a1-w0-sc0.seed" --dueWindowHalfWidth="0" --setupCostCoefficient="0" --outsourcingModel="none" --outsourcingUnitRate="1" --discountStrength="0" --timeLimitSeconds="10800" --maxNodes="100000"	${WORKSPACE}/experiment-suite/formal-v1/runs/pricing-comparison/pricing-wet050_001_3m-a1-w0-sc0-time_indexed	seed-wet050_001_3m-a1-w0-sc0	pricing-comparison
pricing-wet050_001_3m-a1-w0-sc0-time_indexed_sri	HEU.FormalExperimentRunner	--action="solve" --runId="pricing-wet050_001_3m-a1-w0-sc0-time_indexed_sri" --instance="${WORKSPACE}/data/50-3/wet050_001_3m.dat" --algorithm="TIME_INDEXED_SRI" --outputDir="${WORKSPACE}/experiment-suite/formal-v1/runs/pricing-comparison/pricing-wet050_001_3m-a1-w0-sc0-time_indexed_sri" --seedFile="${WORKSPACE}/experiment-suite/formal-v1/seeds/wet050_001_3m-a1-w0-sc0.seed" --dueWindowHalfWidth="0" --setupCostCoefficient="0" --outsourcingModel="none" --outsourcingUnitRate="1" --discountStrength="0" --timeLimitSeconds="10800" --maxNodes="100000"	${WORKSPACE}/experiment-suite/formal-v1/runs/pricing-comparison/pricing-wet050_001_3m-a1-w0-sc0-time_indexed_sri	seed-wet050_001_3m-a1-w0-sc0	pricing-comparison
seed-wet050_001_3m-a1-w111-sc0	HEU.FormalExperimentRunner	--action="seed" --runId="seed-wet050_001_3m-a1-w111-sc0" --instance="${WORKSPACE}/data/50-3/wet050_001_3m.dat" --seedFile="${WORKSPACE}/experiment-suite/formal-v1/seeds/wet050_001_3m-a1-w111-sc0.seed" --outputDir="${WORKSPACE}/experiment-suite/formal-v1/runs/seed-wet050_001_3m-a1-w111-sc0" --dueWindowHalfWidth="111" --setupCostCoefficient="0"	${WORKSPACE}/experiment-suite/formal-v1/runs/seed-wet050_001_3m-a1-w111-sc0		seed
pricing-wet050_001_3m-a1-w111-sc0-ng_dssr	HEU.FormalExperimentRunner	--action="solve" --runId="pricing-wet050_001_3m-a1-w111-sc0-ng_dssr" --instance="${WORKSPACE}/data/50-3/wet050_001_3m.dat" --algorithm="NG_DSSR" --outputDir="${WORKSPACE}/experiment-suite/formal-v1/runs/pricing-comparison/pricing-wet050_001_3m-a1-w111-sc0-ng_dssr" --seedFile="${WORKSPACE}/experiment-suite/formal-v1/seeds/wet050_001_3m-a1-w111-sc0.seed" --dueWindowHalfWidth="111" --setupCostCoefficient="0" --outsourcingModel="none" --outsourcingUnitRate="1" --discountStrength="0" --timeLimitSeconds="10800" --maxNodes="100000"	${WORKSPACE}/experiment-suite/formal-v1/runs/pricing-comparison/pricing-wet050_001_3m-a1-w111-sc0-ng_dssr	seed-wet050_001_3m-a1-w111-sc0	pricing-comparison
pricing-wet050_001_3m-a1-w111-sc0-time_indexed	HEU.FormalExperimentRunner	--action="solve" --runId="pricing-wet050_001_3m-a1-w111-sc0-time_indexed" --instance="${WORKSPACE}/data/50-3/wet050_001_3m.dat" --algorithm="TIME_INDEXED" --outputDir="${WORKSPACE}/experiment-suite/formal-v1/runs/pricing-comparison/pricing-wet050_001_3m-a1-w111-sc0-time_indexed" --seedFile="${WORKSPACE}/experiment-suite/formal-v1/seeds/wet050_001_3m-a1-w111-sc0.seed" --dueWindowHalfWidth="111" --setupCostCoefficient="0" --outsourcingModel="none" --outsourcingUnitRate="1" --discountStrength="0" --timeLimitSeconds="10800" --maxNodes="100000"	${WORKSPACE}/experiment-suite/formal-v1/runs/pricing-comparison/pricing-wet050_001_3m-a1-w111-sc0-time_indexed	seed-wet050_001_3m-a1-w111-sc0	pricing-comparison
pricing-wet050_001_3m-a1-w111-sc0-time_indexed_sri	HEU.FormalExperimentRunner	--action="solve" --runId="pricing-wet050_001_3m-a1-w111-sc0-time_indexed_sri" --instance="${WORKSPACE}/data/50-3/wet050_001_3m.dat" --algorithm="TIME_INDEXED_SRI" --outputDir="${WORKSPACE}/experiment-suite/formal-v1/runs/pricing-comparison/pricing-wet050_001_3m-a1-w111-sc0-time_indexed_sri" --seedFile="${WORKSPACE}/experiment-suite/formal-v1/seeds/wet050_001_3m-a1-w111-sc0.seed" --dueWindowHalfWidth="111" --setupCostCoefficient="0" --outsourcingModel="none" --outsourcingUnitRate="1" --discountStrength="0" --timeLimitSeconds="10800" --maxNodes="100000"	${WORKSPACE}/experiment-suite/formal-v1/runs/pricing-comparison/pricing-wet050_001_3m-a1-w111-sc0-time_indexed_sri	seed-wet050_001_3m-a1-w111-sc0	pricing-comparison
seed-wet050_001_3m-a1-w333-sc0	HEU.FormalExperimentRunner	--action="seed" --runId="seed-wet050_001_3m-a1-w333-sc0" --instance="${WORKSPACE}/data/50-3/wet050_001_3m.dat" --seedFile="${WORKSPACE}/experiment-suite/formal-v1/seeds/wet050_001_3m-a1-w333-sc0.seed" --outputDir="${WORKSPACE}/experiment-suite/formal-v1/runs/seed-wet050_001_3m-a1-w333-sc0" --dueWindowHalfWidth="333" --setupCostCoefficient="0"	${WORKSPACE}/experiment-suite/formal-v1/runs/seed-wet050_001_3m-a1-w333-sc0		seed
pricing-wet050_001_3m-a1-w333-sc0-ng_dssr	HEU.FormalExperimentRunner	--action="solve" --runId="pricing-wet050_001_3m-a1-w333-sc0-ng_dssr" --instance="${WORKSPACE}/data/50-3/wet050_001_3m.dat" --algorithm="NG_DSSR" --outputDir="${WORKSPACE}/experiment-suite/formal-v1/runs/pricing-comparison/pricing-wet050_001_3m-a1-w333-sc0-ng_dssr" --seedFile="${WORKSPACE}/experiment-suite/formal-v1/seeds/wet050_001_3m-a1-w333-sc0.seed" --dueWindowHalfWidth="333" --setupCostCoefficient="0" --outsourcingModel="none" --outsourcingUnitRate="1" --discountStrength="0" --timeLimitSeconds="10800" --maxNodes="100000"	${WORKSPACE}/experiment-suite/formal-v1/runs/pricing-comparison/pricing-wet050_001_3m-a1-w333-sc0-ng_dssr	seed-wet050_001_3m-a1-w333-sc0	pricing-comparison
pricing-wet050_001_3m-a1-w333-sc0-time_indexed	HEU.FormalExperimentRunner	--action="solve" --runId="pricing-wet050_001_3m-a1-w333-sc0-time_indexed" --instance="${WORKSPACE}/data/50-3/wet050_001_3m.dat" --algorithm="TIME_INDEXED" --outputDir="${WORKSPACE}/experiment-suite/formal-v1/runs/pricing-comparison/pricing-wet050_001_3m-a1-w333-sc0-time_indexed" --seedFile="${WORKSPACE}/experiment-suite/formal-v1/seeds/wet050_001_3m-a1-w333-sc0.seed" --dueWindowHalfWidth="333" --setupCostCoefficient="0" --outsourcingModel="none" --outsourcingUnitRate="1" --discountStrength="0" --timeLimitSeconds="10800" --maxNodes="100000"	${WORKSPACE}/experiment-suite/formal-v1/runs/pricing-comparison/pricing-wet050_001_3m-a1-w333-sc0-time_indexed	seed-wet050_001_3m-a1-w333-sc0	pricing-comparison
pricing-wet050_001_3m-a1-w333-sc0-time_indexed_sri	HEU.FormalExperimentRunner	--action="solve" --runId="pricing-wet050_001_3m-a1-w333-sc0-time_indexed_sri" --instance="${WORKSPACE}/data/50-3/wet050_001_3m.dat" --algorithm="TIME_INDEXED_SRI" --outputDir="${WORKSPACE}/experiment-suite/formal-v1/runs/pricing-comparison/pricing-wet050_001_3m-a1-w333-sc0-time_indexed_sri" --seedFile="${WORKSPACE}/experiment-suite/formal-v1/seeds/wet050_001_3m-a1-w333-sc0.seed" --dueWindowHalfWidth="333" --setupCostCoefficient="0" --outsourcingModel="none" --outsourcingUnitRate="1" --discountStrength="0" --timeLimitSeconds="10800" --maxNodes="100000"	${WORKSPACE}/experiment-suite/formal-v1/runs/pricing-comparison/pricing-wet050_001_3m-a1-w333-sc0-time_indexed_sri	seed-wet050_001_3m-a1-w333-sc0	pricing-comparison
seed-wet050_001_3m-a5-w0-sc0	HEU.FormalExperimentRunner	--action="seed" --runId="seed-wet050_001_3m-a5-w0-sc0" --instance="${WORKSPACE}/experiment-suite/formal-v1/instances/50-3/wet050_001_3m_timeX5.dat" --seedFile="${WORKSPACE}/experiment-suite/formal-v1/seeds/wet050_001_3m-a5-w0-sc0.seed" --outputDir="${WORKSPACE}/experiment-suite/formal-v1/runs/seed-wet050_001_3m-a5-w0-sc0" --dueWindowHalfWidth="0" --setupCostCoefficient="0"	${WORKSPACE}/experiment-suite/formal-v1/runs/seed-wet050_001_3m-a5-w0-sc0		seed
pricing-wet050_001_3m-a5-w0-sc0-ng_dssr	HEU.FormalExperimentRunner	--action="solve" --runId="pricing-wet050_001_3m-a5-w0-sc0-ng_dssr" --instance="${WORKSPACE}/experiment-suite/formal-v1/instances/50-3/wet050_001_3m_timeX5.dat" --algorithm="NG_DSSR" --outputDir="${WORKSPACE}/experiment-suite/formal-v1/runs/pricing-comparison/pricing-wet050_001_3m-a5-w0-sc0-ng_dssr" --seedFile="${WORKSPACE}/experiment-suite/formal-v1/seeds/wet050_001_3m-a5-w0-sc0.seed" --dueWindowHalfWidth="0" --setupCostCoefficient="0" --outsourcingModel="none" --outsourcingUnitRate="1" --discountStrength="0" --timeLimitSeconds="10800" --maxNodes="100000"	${WORKSPACE}/experiment-suite/formal-v1/runs/pricing-comparison/pricing-wet050_001_3m-a5-w0-sc0-ng_dssr	seed-wet050_001_3m-a5-w0-sc0	pricing-comparison
pricing-wet050_001_3m-a5-w0-sc0-time_indexed	HEU.FormalExperimentRunner	--action="solve" --runId="pricing-wet050_001_3m-a5-w0-sc0-time_indexed" --instance="${WORKSPACE}/experiment-suite/formal-v1/instances/50-3/wet050_001_3m_timeX5.dat" --algorithm="TIME_INDEXED" --outputDir="${WORKSPACE}/experiment-suite/formal-v1/runs/pricing-comparison/pricing-wet050_001_3m-a5-w0-sc0-time_indexed" --seedFile="${WORKSPACE}/experiment-suite/formal-v1/seeds/wet050_001_3m-a5-w0-sc0.seed" --dueWindowHalfWidth="0" --setupCostCoefficient="0" --outsourcingModel="none" --outsourcingUnitRate="1" --discountStrength="0" --timeLimitSeconds="10800" --maxNodes="100000"	${WORKSPACE}/experiment-suite/formal-v1/runs/pricing-comparison/pricing-wet050_001_3m-a5-w0-sc0-time_indexed	seed-wet050_001_3m-a5-w0-sc0	pricing-comparison
pricing-wet050_001_3m-a5-w0-sc0-time_indexed_sri	HEU.FormalExperimentRunner	--action="solve" --runId="pricing-wet050_001_3m-a5-w0-sc0-time_indexed_sri" --instance="${WORKSPACE}/experiment-suite/formal-v1/instances/50-3/wet050_001_3m_timeX5.dat" --algorithm="TIME_INDEXED_SRI" --outputDir="${WORKSPACE}/experiment-suite/formal-v1/runs/pricing-comparison/pricing-wet050_001_3m-a5-w0-sc0-time_indexed_sri" --seedFile="${WORKSPACE}/experiment-suite/formal-v1/seeds/wet050_001_3m-a5-w0-sc0.seed" --dueWindowHalfWidth="0" --setupCostCoefficient="0" --outsourcingModel="none" --outsourcingUnitRate="1" --discountStrength="0" --timeLimitSeconds="10800" --maxNodes="100000"	${WORKSPACE}/experiment-suite/formal-v1/runs/pricing-comparison/pricing-wet050_001_3m-a5-w0-sc0-time_indexed_sri	seed-wet050_001_3m-a5-w0-sc0	pricing-comparison
seed-wet050_001_3m-a5-w555-sc0	HEU.FormalExperimentRunner	--action="seed" --runId="seed-wet050_001_3m-a5-w555-sc0" --instance="${WORKSPACE}/experiment-suite/formal-v1/instances/50-3/wet050_001_3m_timeX5.dat" --seedFile="${WORKSPACE}/experiment-suite/formal-v1/seeds/wet050_001_3m-a5-w555-sc0.seed" --outputDir="${WORKSPACE}/experiment-suite/formal-v1/runs/seed-wet050_001_3m-a5-w555-sc0" --dueWindowHalfWidth="555" --setupCostCoefficient="0"	${WORKSPACE}/experiment-suite/formal-v1/runs/seed-wet050_001_3m-a5-w555-sc0		seed
pricing-wet050_001_3m-a5-w555-sc0-ng_dssr	HEU.FormalExperimentRunner	--action="solve" --runId="pricing-wet050_001_3m-a5-w555-sc0-ng_dssr" --instance="${WORKSPACE}/experiment-suite/formal-v1/instances/50-3/wet050_001_3m_timeX5.dat" --algorithm="NG_DSSR" --outputDir="${WORKSPACE}/experiment-suite/formal-v1/runs/pricing-comparison/pricing-wet050_001_3m-a5-w555-sc0-ng_dssr" --seedFile="${WORKSPACE}/experiment-suite/formal-v1/seeds/wet050_001_3m-a5-w555-sc0.seed" --dueWindowHalfWidth="555" --setupCostCoefficient="0" --outsourcingModel="none" --outsourcingUnitRate="1" --discountStrength="0" --timeLimitSeconds="10800" --maxNodes="100000"	${WORKSPACE}/experiment-suite/formal-v1/runs/pricing-comparison/pricing-wet050_001_3m-a5-w555-sc0-ng_dssr	seed-wet050_001_3m-a5-w555-sc0	pricing-comparison
pricing-wet050_001_3m-a5-w555-sc0-time_indexed	HEU.FormalExperimentRunner	--action="solve" --runId="pricing-wet050_001_3m-a5-w555-sc0-time_indexed" --instance="${WORKSPACE}/experiment-suite/formal-v1/instances/50-3/wet050_001_3m_timeX5.dat" --algorithm="TIME_INDEXED" --outputDir="${WORKSPACE}/experiment-suite/formal-v1/runs/pricing-comparison/pricing-wet050_001_3m-a5-w555-sc0-time_indexed" --seedFile="${WORKSPACE}/experiment-suite/formal-v1/seeds/wet050_001_3m-a5-w555-sc0.seed" --dueWindowHalfWidth="555" --setupCostCoefficient="0" --outsourcingModel="none" --outsourcingUnitRate="1" --discountStrength="0" --timeLimitSeconds="10800" --maxNodes="100000"	${WORKSPACE}/experiment-suite/formal-v1/runs/pricing-comparison/pricing-wet050_001_3m-a5-w555-sc0-time_indexed	seed-wet050_001_3m-a5-w555-sc0	pricing-comparison
pricing-wet050_001_3m-a5-w555-sc0-time_indexed_sri	HEU.FormalExperimentRunner	--action="solve" --runId="pricing-wet050_001_3m-a5-w555-sc0-time_indexed_sri" --instance="${WORKSPACE}/experiment-suite/formal-v1/instances/50-3/wet050_001_3m_timeX5.dat" --algorithm="TIME_INDEXED_SRI" --outputDir="${WORKSPACE}/experiment-suite/formal-v1/runs/pricing-comparison/pricing-wet050_001_3m-a5-w555-sc0-time_indexed_sri" --seedFile="${WORKSPACE}/experiment-suite/formal-v1/seeds/wet050_001_3m-a5-w555-sc0.seed" --dueWindowHalfWidth="555" --setupCostCoefficient="0" --outsourcingModel="none" --outsourcingUnitRate="1" --discountStrength="0" --timeLimitSeconds="10800" --maxNodes="100000"	${WORKSPACE}/experiment-suite/formal-v1/runs/pricing-comparison/pricing-wet050_001_3m-a5-w555-sc0-time_indexed_sri	seed-wet050_001_3m-a5-w555-sc0	pricing-comparison
seed-wet050_001_3m-a5-w1665-sc0	HEU.FormalExperimentRunner	--action="seed" --runId="seed-wet050_001_3m-a5-w1665-sc0" --instance="${WORKSPACE}/experiment-suite/formal-v1/instances/50-3/wet050_001_3m_timeX5.dat" --seedFile="${WORKSPACE}/experiment-suite/formal-v1/seeds/wet050_001_3m-a5-w1665-sc0.seed" --outputDir="${WORKSPACE}/experiment-suite/formal-v1/runs/seed-wet050_001_3m-a5-w1665-sc0" --dueWindowHalfWidth="1665" --setupCostCoefficient="0"	${WORKSPACE}/experiment-suite/formal-v1/runs/seed-wet050_001_3m-a5-w1665-sc0		seed
pricing-wet050_001_3m-a5-w1665-sc0-ng_dssr	HEU.FormalExperimentRunner	--action="solve" --runId="pricing-wet050_001_3m-a5-w1665-sc0-ng_dssr" --instance="${WORKSPACE}/experiment-suite/formal-v1/instances/50-3/wet050_001_3m_timeX5.dat" --algorithm="NG_DSSR" --outputDir="${WORKSPACE}/experiment-suite/formal-v1/runs/pricing-comparison/pricing-wet050_001_3m-a5-w1665-sc0-ng_dssr" --seedFile="${WORKSPACE}/experiment-suite/formal-v1/seeds/wet050_001_3m-a5-w1665-sc0.seed" --dueWindowHalfWidth="1665" --setupCostCoefficient="0" --outsourcingModel="none" --outsourcingUnitRate="1" --discountStrength="0" --timeLimitSeconds="10800" --maxNodes="100000"	${WORKSPACE}/experiment-suite/formal-v1/runs/pricing-comparison/pricing-wet050_001_3m-a5-w1665-sc0-ng_dssr	seed-wet050_001_3m-a5-w1665-sc0	pricing-comparison
pricing-wet050_001_3m-a5-w1665-sc0-time_indexed	HEU.FormalExperimentRunner	--action="solve" --runId="pricing-wet050_001_3m-a5-w1665-sc0-time_indexed" --instance="${WORKSPACE}/experiment-suite/formal-v1/instances/50-3/wet050_001_3m_timeX5.dat" --algorithm="TIME_INDEXED" --outputDir="${WORKSPACE}/experiment-suite/formal-v1/runs/pricing-comparison/pricing-wet050_001_3m-a5-w1665-sc0-time_indexed" --seedFile="${WORKSPACE}/experiment-suite/formal-v1/seeds/wet050_001_3m-a5-w1665-sc0.seed" --dueWindowHalfWidth="1665" --setupCostCoefficient="0" --outsourcingModel="none" --outsourcingUnitRate="1" --discountStrength="0" --timeLimitSeconds="10800" --maxNodes="100000"	${WORKSPACE}/experiment-suite/formal-v1/runs/pricing-comparison/pricing-wet050_001_3m-a5-w1665-sc0-time_indexed	seed-wet050_001_3m-a5-w1665-sc0	pricing-comparison
pricing-wet050_001_3m-a5-w1665-sc0-time_indexed_sri	HEU.FormalExperimentRunner	--action="solve" --runId="pricing-wet050_001_3m-a5-w1665-sc0-time_indexed_sri" --instance="${WORKSPACE}/experiment-suite/formal-v1/instances/50-3/wet050_001_3m_timeX5.dat" --algorithm="TIME_INDEXED_SRI" --outputDir="${WORKSPACE}/experiment-suite/formal-v1/runs/pricing-comparison/pricing-wet050_001_3m-a5-w1665-sc0-time_indexed_sri" --seedFile="${WORKSPACE}/experiment-suite/formal-v1/seeds/wet050_001_3m-a5-w1665-sc0.seed" --dueWindowHalfWidth="1665" --setupCostCoefficient="0" --outsourcingModel="none" --outsourcingUnitRate="1" --discountStrength="0" --timeLimitSeconds="10800" --maxNodes="100000"	${WORKSPACE}/experiment-suite/formal-v1/runs/pricing-comparison/pricing-wet050_001_3m-a5-w1665-sc0-time_indexed_sri	seed-wet050_001_3m-a5-w1665-sc0	pricing-comparison
seed-wet050_001_3m-a10-w0-sc0	HEU.FormalExperimentRunner	--action="seed" --runId="seed-wet050_001_3m-a10-w0-sc0" --instance="${WORKSPACE}/experiment-suite/formal-v1/instances/50-3/wet050_001_3m_timeX10.dat" --seedFile="${WORKSPACE}/experiment-suite/formal-v1/seeds/wet050_001_3m-a10-w0-sc0.seed" --outputDir="${WORKSPACE}/experiment-suite/formal-v1/runs/seed-wet050_001_3m-a10-w0-sc0" --dueWindowHalfWidth="0" --setupCostCoefficient="0"	${WORKSPACE}/experiment-suite/formal-v1/runs/seed-wet050_001_3m-a10-w0-sc0		seed
pricing-wet050_001_3m-a10-w0-sc0-ng_dssr	HEU.FormalExperimentRunner	--action="solve" --runId="pricing-wet050_001_3m-a10-w0-sc0-ng_dssr" --instance="${WORKSPACE}/experiment-suite/formal-v1/instances/50-3/wet050_001_3m_timeX10.dat" --algorithm="NG_DSSR" --outputDir="${WORKSPACE}/experiment-suite/formal-v1/runs/pricing-comparison/pricing-wet050_001_3m-a10-w0-sc0-ng_dssr" --seedFile="${WORKSPACE}/experiment-suite/formal-v1/seeds/wet050_001_3m-a10-w0-sc0.seed" --dueWindowHalfWidth="0" --setupCostCoefficient="0" --outsourcingModel="none" --outsourcingUnitRate="1" --discountStrength="0" --timeLimitSeconds="10800" --maxNodes="100000"	${WORKSPACE}/experiment-suite/formal-v1/runs/pricing-comparison/pricing-wet050_001_3m-a10-w0-sc0-ng_dssr	seed-wet050_001_3m-a10-w0-sc0	pricing-comparison
pricing-wet050_001_3m-a10-w0-sc0-time_indexed	HEU.FormalExperimentRunner	--action="solve" --runId="pricing-wet050_001_3m-a10-w0-sc0-time_indexed" --instance="${WORKSPACE}/experiment-suite/formal-v1/instances/50-3/wet050_001_3m_timeX10.dat" --algorithm="TIME_INDEXED" --outputDir="${WORKSPACE}/experiment-suite/formal-v1/runs/pricing-comparison/pricing-wet050_001_3m-a10-w0-sc0-time_indexed" --seedFile="${WORKSPACE}/experiment-suite/formal-v1/seeds/wet050_001_3m-a10-w0-sc0.seed" --dueWindowHalfWidth="0" --setupCostCoefficient="0" --outsourcingModel="none" --outsourcingUnitRate="1" --discountStrength="0" --timeLimitSeconds="10800" --maxNodes="100000"	${WORKSPACE}/experiment-suite/formal-v1/runs/pricing-comparison/pricing-wet050_001_3m-a10-w0-sc0-time_indexed	seed-wet050_001_3m-a10-w0-sc0	pricing-comparison
pricing-wet050_001_3m-a10-w0-sc0-time_indexed_sri	HEU.FormalExperimentRunner	--action="solve" --runId="pricing-wet050_001_3m-a10-w0-sc0-time_indexed_sri" --instance="${WORKSPACE}/experiment-suite/formal-v1/instances/50-3/wet050_001_3m_timeX10.dat" --algorithm="TIME_INDEXED_SRI" --outputDir="${WORKSPACE}/experiment-suite/formal-v1/runs/pricing-comparison/pricing-wet050_001_3m-a10-w0-sc0-time_indexed_sri" --seedFile="${WORKSPACE}/experiment-suite/formal-v1/seeds/wet050_001_3m-a10-w0-sc0.seed" --dueWindowHalfWidth="0" --setupCostCoefficient="0" --outsourcingModel="none" --outsourcingUnitRate="1" --discountStrength="0" --timeLimitSeconds="10800" --maxNodes="100000"	${WORKSPACE}/experiment-suite/formal-v1/runs/pricing-comparison/pricing-wet050_001_3m-a10-w0-sc0-time_indexed_sri	seed-wet050_001_3m-a10-w0-sc0	pricing-comparison
seed-wet050_001_3m-a10-w1110-sc0	HEU.FormalExperimentRunner	--action="seed" --runId="seed-wet050_001_3m-a10-w1110-sc0" --instance="${WORKSPACE}/experiment-suite/formal-v1/instances/50-3/wet050_001_3m_timeX10.dat" --seedFile="${WORKSPACE}/experiment-suite/formal-v1/seeds/wet050_001_3m-a10-w1110-sc0.seed" --outputDir="${WORKSPACE}/experiment-suite/formal-v1/runs/seed-wet050_001_3m-a10-w1110-sc0" --dueWindowHalfWidth="1110" --setupCostCoefficient="0"	${WORKSPACE}/experiment-suite/formal-v1/runs/seed-wet050_001_3m-a10-w1110-sc0		seed
pricing-wet050_001_3m-a10-w1110-sc0-ng_dssr	HEU.FormalExperimentRunner	--action="solve" --runId="pricing-wet050_001_3m-a10-w1110-sc0-ng_dssr" --instance="${WORKSPACE}/experiment-suite/formal-v1/instances/50-3/wet050_001_3m_timeX10.dat" --algorithm="NG_DSSR" --outputDir="${WORKSPACE}/experiment-suite/formal-v1/runs/pricing-comparison/pricing-wet050_001_3m-a10-w1110-sc0-ng_dssr" --seedFile="${WORKSPACE}/experiment-suite/formal-v1/seeds/wet050_001_3m-a10-w1110-sc0.seed" --dueWindowHalfWidth="1110" --setupCostCoefficient="0" --outsourcingModel="none" --outsourcingUnitRate="1" --discountStrength="0" --timeLimitSeconds="10800" --maxNodes="100000"	${WORKSPACE}/experiment-suite/formal-v1/runs/pricing-comparison/pricing-wet050_001_3m-a10-w1110-sc0-ng_dssr	seed-wet050_001_3m-a10-w1110-sc0	pricing-comparison
pricing-wet050_001_3m-a10-w1110-sc0-time_indexed	HEU.FormalExperimentRunner	--action="solve" --runId="pricing-wet050_001_3m-a10-w1110-sc0-time_indexed" --instance="${WORKSPACE}/experiment-suite/formal-v1/instances/50-3/wet050_001_3m_timeX10.dat" --algorithm="TIME_INDEXED" --outputDir="${WORKSPACE}/experiment-suite/formal-v1/runs/pricing-comparison/pricing-wet050_001_3m-a10-w1110-sc0-time_indexed" --seedFile="${WORKSPACE}/experiment-suite/formal-v1/seeds/wet050_001_3m-a10-w1110-sc0.seed" --dueWindowHalfWidth="1110" --setupCostCoefficient="0" --outsourcingModel="none" --outsourcingUnitRate="1" --discountStrength="0" --timeLimitSeconds="10800" --maxNodes="100000"	${WORKSPACE}/experiment-suite/formal-v1/runs/pricing-comparison/pricing-wet050_001_3m-a10-w1110-sc0-time_indexed	seed-wet050_001_3m-a10-w1110-sc0	pricing-comparison
pricing-wet050_001_3m-a10-w1110-sc0-time_indexed_sri	HEU.FormalExperimentRunner	--action="solve" --runId="pricing-wet050_001_3m-a10-w1110-sc0-time_indexed_sri" --instance="${WORKSPACE}/experiment-suite/formal-v1/instances/50-3/wet050_001_3m_timeX10.dat" --algorithm="TIME_INDEXED_SRI" --outputDir="${WORKSPACE}/experiment-suite/formal-v1/runs/pricing-comparison/pricing-wet050_001_3m-a10-w1110-sc0-time_indexed_sri" --seedFile="${WORKSPACE}/experiment-suite/formal-v1/seeds/wet050_001_3m-a10-w1110-sc0.seed" --dueWindowHalfWidth="1110" --setupCostCoefficient="0" --outsourcingModel="none" --outsourcingUnitRate="1" --discountStrength="0" --timeLimitSeconds="10800" --maxNodes="100000"	${WORKSPACE}/experiment-suite/formal-v1/runs/pricing-comparison/pricing-wet050_001_3m-a10-w1110-sc0-time_indexed_sri	seed-wet050_001_3m-a10-w1110-sc0	pricing-comparison
seed-wet050_001_3m-a10-w3330-sc0	HEU.FormalExperimentRunner	--action="seed" --runId="seed-wet050_001_3m-a10-w3330-sc0" --instance="${WORKSPACE}/experiment-suite/formal-v1/instances/50-3/wet050_001_3m_timeX10.dat" --seedFile="${WORKSPACE}/experiment-suite/formal-v1/seeds/wet050_001_3m-a10-w3330-sc0.seed" --outputDir="${WORKSPACE}/experiment-suite/formal-v1/runs/seed-wet050_001_3m-a10-w3330-sc0" --dueWindowHalfWidth="3330" --setupCostCoefficient="0"	${WORKSPACE}/experiment-suite/formal-v1/runs/seed-wet050_001_3m-a10-w3330-sc0		seed
pricing-wet050_001_3m-a10-w3330-sc0-ng_dssr	HEU.FormalExperimentRunner	--action="solve" --runId="pricing-wet050_001_3m-a10-w3330-sc0-ng_dssr" --instance="${WORKSPACE}/experiment-suite/formal-v1/instances/50-3/wet050_001_3m_timeX10.dat" --algorithm="NG_DSSR" --outputDir="${WORKSPACE}/experiment-suite/formal-v1/runs/pricing-comparison/pricing-wet050_001_3m-a10-w3330-sc0-ng_dssr" --seedFile="${WORKSPACE}/experiment-suite/formal-v1/seeds/wet050_001_3m-a10-w3330-sc0.seed" --dueWindowHalfWidth="3330" --setupCostCoefficient="0" --outsourcingModel="none" --outsourcingUnitRate="1" --discountStrength="0" --timeLimitSeconds="10800" --maxNodes="100000"	${WORKSPACE}/experiment-suite/formal-v1/runs/pricing-comparison/pricing-wet050_001_3m-a10-w3330-sc0-ng_dssr	seed-wet050_001_3m-a10-w3330-sc0	pricing-comparison
pricing-wet050_001_3m-a10-w3330-sc0-time_indexed	HEU.FormalExperimentRunner	--action="solve" --runId="pricing-wet050_001_3m-a10-w3330-sc0-time_indexed" --instance="${WORKSPACE}/experiment-suite/formal-v1/instances/50-3/wet050_001_3m_timeX10.dat" --algorithm="TIME_INDEXED" --outputDir="${WORKSPACE}/experiment-suite/formal-v1/runs/pricing-comparison/pricing-wet050_001_3m-a10-w3330-sc0-time_indexed" --seedFile="${WORKSPACE}/experiment-suite/formal-v1/seeds/wet050_001_3m-a10-w3330-sc0.seed" --dueWindowHalfWidth="3330" --setupCostCoefficient="0" --outsourcingModel="none" --outsourcingUnitRate="1" --discountStrength="0" --timeLimitSeconds="10800" --maxNodes="100000"	${WORKSPACE}/experiment-suite/formal-v1/runs/pricing-comparison/pricing-wet050_001_3m-a10-w3330-sc0-time_indexed	seed-wet050_001_3m-a10-w3330-sc0	pricing-comparison
pricing-wet050_001_3m-a10-w3330-sc0-time_indexed_sri	HEU.FormalExperimentRunner	--action="solve" --runId="pricing-wet050_001_3m-a10-w3330-sc0-time_indexed_sri" --instance="${WORKSPACE}/experiment-suite/formal-v1/instances/50-3/wet050_001_3m_timeX10.dat" --algorithm="TIME_INDEXED_SRI" --outputDir="${WORKSPACE}/experiment-suite/formal-v1/runs/pricing-comparison/pricing-wet050_001_3m-a10-w3330-sc0-time_indexed_sri" --seedFile="${WORKSPACE}/experiment-suite/formal-v1/seeds/wet050_001_3m-a10-w3330-sc0.seed" --dueWindowHalfWidth="3330" --setupCostCoefficient="0" --outsourcingModel="none" --outsourcingUnitRate="1" --discountStrength="0" --timeLimitSeconds="10800" --maxNodes="100000"	${WORKSPACE}/experiment-suite/formal-v1/runs/pricing-comparison/pricing-wet050_001_3m-a10-w3330-sc0-time_indexed_sri	seed-wet050_001_3m-a10-w3330-sc0	pricing-comparison
seed-wet050_002_3m-a1-w0-sc0	HEU.FormalExperimentRunner	--action="seed" --runId="seed-wet050_002_3m-a1-w0-sc0" --instance="${WORKSPACE}/data/50-3/wet050_002_3m.dat" --seedFile="${WORKSPACE}/experiment-suite/formal-v1/seeds/wet050_002_3m-a1-w0-sc0.seed" --outputDir="${WORKSPACE}/experiment-suite/formal-v1/runs/seed-wet050_002_3m-a1-w0-sc0" --dueWindowHalfWidth="0" --setupCostCoefficient="0"	${WORKSPACE}/experiment-suite/formal-v1/runs/seed-wet050_002_3m-a1-w0-sc0		seed
pricing-wet050_002_3m-a1-w0-sc0-ng_dssr	HEU.FormalExperimentRunner	--action="solve" --runId="pricing-wet050_002_3m-a1-w0-sc0-ng_dssr" --instance="${WORKSPACE}/data/50-3/wet050_002_3m.dat" --algorithm="NG_DSSR" --outputDir="${WORKSPACE}/experiment-suite/formal-v1/runs/pricing-comparison/pricing-wet050_002_3m-a1-w0-sc0-ng_dssr" --seedFile="${WORKSPACE}/experiment-suite/formal-v1/seeds/wet050_002_3m-a1-w0-sc0.seed" --dueWindowHalfWidth="0" --setupCostCoefficient="0" --outsourcingModel="none" --outsourcingUnitRate="1" --discountStrength="0" --timeLimitSeconds="10800" --maxNodes="100000"	${WORKSPACE}/experiment-suite/formal-v1/runs/pricing-comparison/pricing-wet050_002_3m-a1-w0-sc0-ng_dssr	seed-wet050_002_3m-a1-w0-sc0	pricing-comparison
pricing-wet050_002_3m-a1-w0-sc0-time_indexed	HEU.FormalExperimentRunner	--action="solve" --runId="pricing-wet050_002_3m-a1-w0-sc0-time_indexed" --instance="${WORKSPACE}/data/50-3/wet050_002_3m.dat" --algorithm="TIME_INDEXED" --outputDir="${WORKSPACE}/experiment-suite/formal-v1/runs/pricing-comparison/pricing-wet050_002_3m-a1-w0-sc0-time_indexed" --seedFile="${WORKSPACE}/experiment-suite/formal-v1/seeds/wet050_002_3m-a1-w0-sc0.seed" --dueWindowHalfWidth="0" --setupCostCoefficient="0" --outsourcingModel="none" --outsourcingUnitRate="1" --discountStrength="0" --timeLimitSeconds="10800" --maxNodes="100000"	${WORKSPACE}/experiment-suite/formal-v1/runs/pricing-comparison/pricing-wet050_002_3m-a1-w0-sc0-time_indexed	seed-wet050_002_3m-a1-w0-sc0	pricing-comparison
pricing-wet050_002_3m-a1-w0-sc0-time_indexed_sri	HEU.FormalExperimentRunner	--action="solve" --runId="pricing-wet050_002_3m-a1-w0-sc0-time_indexed_sri" --instance="${WORKSPACE}/data/50-3/wet050_002_3m.dat" --algorithm="TIME_INDEXED_SRI" --outputDir="${WORKSPACE}/experiment-suite/formal-v1/runs/pricing-comparison/pricing-wet050_002_3m-a1-w0-sc0-time_indexed_sri" --seedFile="${WORKSPACE}/experiment-suite/formal-v1/seeds/wet050_002_3m-a1-w0-sc0.seed" --dueWindowHalfWidth="0" --setupCostCoefficient="0" --outsourcingModel="none" --outsourcingUnitRate="1" --discountStrength="0" --timeLimitSeconds="10800" --maxNodes="100000"	${WORKSPACE}/experiment-suite/formal-v1/runs/pricing-comparison/pricing-wet050_002_3m-a1-w0-sc0-time_indexed_sri	seed-wet050_002_3m-a1-w0-sc0	pricing-comparison
seed-wet050_002_3m-a1-w104-sc0	HEU.FormalExperimentRunner	--action="seed" --runId="seed-wet050_002_3m-a1-w104-sc0" --instance="${WORKSPACE}/data/50-3/wet050_002_3m.dat" --seedFile="${WORKSPACE}/experiment-suite/formal-v1/seeds/wet050_002_3m-a1-w104-sc0.seed" --outputDir="${WORKSPACE}/experiment-suite/formal-v1/runs/seed-wet050_002_3m-a1-w104-sc0" --dueWindowHalfWidth="104" --setupCostCoefficient="0"	${WORKSPACE}/experiment-suite/formal-v1/runs/seed-wet050_002_3m-a1-w104-sc0		seed
pricing-wet050_002_3m-a1-w104-sc0-ng_dssr	HEU.FormalExperimentRunner	--action="solve" --runId="pricing-wet050_002_3m-a1-w104-sc0-ng_dssr" --instance="${WORKSPACE}/data/50-3/wet050_002_3m.dat" --algorithm="NG_DSSR" --outputDir="${WORKSPACE}/experiment-suite/formal-v1/runs/pricing-comparison/pricing-wet050_002_3m-a1-w104-sc0-ng_dssr" --seedFile="${WORKSPACE}/experiment-suite/formal-v1/seeds/wet050_002_3m-a1-w104-sc0.seed" --dueWindowHalfWidth="104" --setupCostCoefficient="0" --outsourcingModel="none" --outsourcingUnitRate="1" --discountStrength="0" --timeLimitSeconds="10800" --maxNodes="100000"	${WORKSPACE}/experiment-suite/formal-v1/runs/pricing-comparison/pricing-wet050_002_3m-a1-w104-sc0-ng_dssr	seed-wet050_002_3m-a1-w104-sc0	pricing-comparison
pricing-wet050_002_3m-a1-w104-sc0-time_indexed	HEU.FormalExperimentRunner	--action="solve" --runId="pricing-wet050_002_3m-a1-w104-sc0-time_indexed" --instance="${WORKSPACE}/data/50-3/wet050_002_3m.dat" --algorithm="TIME_INDEXED" --outputDir="${WORKSPACE}/experiment-suite/formal-v1/runs/pricing-comparison/pricing-wet050_002_3m-a1-w104-sc0-time_indexed" --seedFile="${WORKSPACE}/experiment-suite/formal-v1/seeds/wet050_002_3m-a1-w104-sc0.seed" --dueWindowHalfWidth="104" --setupCostCoefficient="0" --outsourcingModel="none" --outsourcingUnitRate="1" --discountStrength="0" --timeLimitSeconds="10800" --maxNodes="100000"	${WORKSPACE}/experiment-suite/formal-v1/runs/pricing-comparison/pricing-wet050_002_3m-a1-w104-sc0-time_indexed	seed-wet050_002_3m-a1-w104-sc0	pricing-comparison
pricing-wet050_002_3m-a1-w104-sc0-time_indexed_sri	HEU.FormalExperimentRunner	--action="solve" --runId="pricing-wet050_002_3m-a1-w104-sc0-time_indexed_sri" --instance="${WORKSPACE}/data/50-3/wet050_002_3m.dat" --algorithm="TIME_INDEXED_SRI" --outputDir="${WORKSPACE}/experiment-suite/formal-v1/runs/pricing-comparison/pricing-wet050_002_3m-a1-w104-sc0-time_indexed_sri" --seedFile="${WORKSPACE}/experiment-suite/formal-v1/seeds/wet050_002_3m-a1-w104-sc0.seed" --dueWindowHalfWidth="104" --setupCostCoefficient="0" --outsourcingModel="none" --outsourcingUnitRate="1" --discountStrength="0" --timeLimitSeconds="10800" --maxNodes="100000"	${WORKSPACE}/experiment-suite/formal-v1/runs/pricing-comparison/pricing-wet050_002_3m-a1-w104-sc0-time_indexed_sri	seed-wet050_002_3m-a1-w104-sc0	pricing-comparison
seed-wet050_002_3m-a1-w312-sc0	HEU.FormalExperimentRunner	--action="seed" --runId="seed-wet050_002_3m-a1-w312-sc0" --instance="${WORKSPACE}/data/50-3/wet050_002_3m.dat" --seedFile="${WORKSPACE}/experiment-suite/formal-v1/seeds/wet050_002_3m-a1-w312-sc0.seed" --outputDir="${WORKSPACE}/experiment-suite/formal-v1/runs/seed-wet050_002_3m-a1-w312-sc0" --dueWindowHalfWidth="312" --setupCostCoefficient="0"	${WORKSPACE}/experiment-suite/formal-v1/runs/seed-wet050_002_3m-a1-w312-sc0		seed
pricing-wet050_002_3m-a1-w312-sc0-ng_dssr	HEU.FormalExperimentRunner	--action="solve" --runId="pricing-wet050_002_3m-a1-w312-sc0-ng_dssr" --instance="${WORKSPACE}/data/50-3/wet050_002_3m.dat" --algorithm="NG_DSSR" --outputDir="${WORKSPACE}/experiment-suite/formal-v1/runs/pricing-comparison/pricing-wet050_002_3m-a1-w312-sc0-ng_dssr" --seedFile="${WORKSPACE}/experiment-suite/formal-v1/seeds/wet050_002_3m-a1-w312-sc0.seed" --dueWindowHalfWidth="312" --setupCostCoefficient="0" --outsourcingModel="none" --outsourcingUnitRate="1" --discountStrength="0" --timeLimitSeconds="10800" --maxNodes="100000"	${WORKSPACE}/experiment-suite/formal-v1/runs/pricing-comparison/pricing-wet050_002_3m-a1-w312-sc0-ng_dssr	seed-wet050_002_3m-a1-w312-sc0	pricing-comparison
pricing-wet050_002_3m-a1-w312-sc0-time_indexed	HEU.FormalExperimentRunner	--action="solve" --runId="pricing-wet050_002_3m-a1-w312-sc0-time_indexed" --instance="${WORKSPACE}/data/50-3/wet050_002_3m.dat" --algorithm="TIME_INDEXED" --outputDir="${WORKSPACE}/experiment-suite/formal-v1/runs/pricing-comparison/pricing-wet050_002_3m-a1-w312-sc0-time_indexed" --seedFile="${WORKSPACE}/experiment-suite/formal-v1/seeds/wet050_002_3m-a1-w312-sc0.seed" --dueWindowHalfWidth="312" --setupCostCoefficient="0" --outsourcingModel="none" --outsourcingUnitRate="1" --discountStrength="0" --timeLimitSeconds="10800" --maxNodes="100000"	${WORKSPACE}/experiment-suite/formal-v1/runs/pricing-comparison/pricing-wet050_002_3m-a1-w312-sc0-time_indexed	seed-wet050_002_3m-a1-w312-sc0	pricing-comparison
pricing-wet050_002_3m-a1-w312-sc0-time_indexed_sri	HEU.FormalExperimentRunner	--action="solve" --runId="pricing-wet050_002_3m-a1-w312-sc0-time_indexed_sri" --instance="${WORKSPACE}/data/50-3/wet050_002_3m.dat" --algorithm="TIME_INDEXED_SRI" --outputDir="${WORKSPACE}/experiment-suite/formal-v1/runs/pricing-comparison/pricing-wet050_002_3m-a1-w312-sc0-time_indexed_sri" --seedFile="${WORKSPACE}/experiment-suite/formal-v1/seeds/wet050_002_3m-a1-w312-sc0.seed" --dueWindowHalfWidth="312" --setupCostCoefficient="0" --outsourcingModel="none" --outsourcingUnitRate="1" --discountStrength="0" --timeLimitSeconds="10800" --maxNodes="100000"	${WORKSPACE}/experiment-suite/formal-v1/runs/pricing-comparison/pricing-wet050_002_3m-a1-w312-sc0-time_indexed_sri	seed-wet050_002_3m-a1-w312-sc0	pricing-comparison
seed-wet050_002_3m-a5-w0-sc0	HEU.FormalExperimentRunner	--action="seed" --runId="seed-wet050_002_3m-a5-w0-sc0" --instance="${WORKSPACE}/experiment-suite/formal-v1/instances/50-3/wet050_002_3m_timeX5.dat" --seedFile="${WORKSPACE}/experiment-suite/formal-v1/seeds/wet050_002_3m-a5-w0-sc0.seed" --outputDir="${WORKSPACE}/experiment-suite/formal-v1/runs/seed-wet050_002_3m-a5-w0-sc0" --dueWindowHalfWidth="0" --setupCostCoefficient="0"	${WORKSPACE}/experiment-suite/formal-v1/runs/seed-wet050_002_3m-a5-w0-sc0		seed
pricing-wet050_002_3m-a5-w0-sc0-ng_dssr	HEU.FormalExperimentRunner	--action="solve" --runId="pricing-wet050_002_3m-a5-w0-sc0-ng_dssr" --instance="${WORKSPACE}/experiment-suite/formal-v1/instances/50-3/wet050_002_3m_timeX5.dat" --algorithm="NG_DSSR" --outputDir="${WORKSPACE}/experiment-suite/formal-v1/runs/pricing-comparison/pricing-wet050_002_3m-a5-w0-sc0-ng_dssr" --seedFile="${WORKSPACE}/experiment-suite/formal-v1/seeds/wet050_002_3m-a5-w0-sc0.seed" --dueWindowHalfWidth="0" --setupCostCoefficient="0" --outsourcingModel="none" --outsourcingUnitRate="1" --discountStrength="0" --timeLimitSeconds="10800" --maxNodes="100000"	${WORKSPACE}/experiment-suite/formal-v1/runs/pricing-comparison/pricing-wet050_002_3m-a5-w0-sc0-ng_dssr	seed-wet050_002_3m-a5-w0-sc0	pricing-comparison
pricing-wet050_002_3m-a5-w0-sc0-time_indexed	HEU.FormalExperimentRunner	--action="solve" --runId="pricing-wet050_002_3m-a5-w0-sc0-time_indexed" --instance="${WORKSPACE}/experiment-suite/formal-v1/instances/50-3/wet050_002_3m_timeX5.dat" --algorithm="TIME_INDEXED" --outputDir="${WORKSPACE}/experiment-suite/formal-v1/runs/pricing-comparison/pricing-wet050_002_3m-a5-w0-sc0-time_indexed" --seedFile="${WORKSPACE}/experiment-suite/formal-v1/seeds/wet050_002_3m-a5-w0-sc0.seed" --dueWindowHalfWidth="0" --setupCostCoefficient="0" --outsourcingModel="none" --outsourcingUnitRate="1" --discountStrength="0" --timeLimitSeconds="10800" --maxNodes="100000"	${WORKSPACE}/experiment-suite/formal-v1/runs/pricing-comparison/pricing-wet050_002_3m-a5-w0-sc0-time_indexed	seed-wet050_002_3m-a5-w0-sc0	pricing-comparison
pricing-wet050_002_3m-a5-w0-sc0-time_indexed_sri	HEU.FormalExperimentRunner	--action="solve" --runId="pricing-wet050_002_3m-a5-w0-sc0-time_indexed_sri" --instance="${WORKSPACE}/experiment-suite/formal-v1/instances/50-3/wet050_002_3m_timeX5.dat" --algorithm="TIME_INDEXED_SRI" --outputDir="${WORKSPACE}/experiment-suite/formal-v1/runs/pricing-comparison/pricing-wet050_002_3m-a5-w0-sc0-time_indexed_sri" --seedFile="${WORKSPACE}/experiment-suite/formal-v1/seeds/wet050_002_3m-a5-w0-sc0.seed" --dueWindowHalfWidth="0" --setupCostCoefficient="0" --outsourcingModel="none" --outsourcingUnitRate="1" --discountStrength="0" --timeLimitSeconds="10800" --maxNodes="100000"	${WORKSPACE}/experiment-suite/formal-v1/runs/pricing-comparison/pricing-wet050_002_3m-a5-w0-sc0-time_indexed_sri	seed-wet050_002_3m-a5-w0-sc0	pricing-comparison
seed-wet050_002_3m-a5-w520-sc0	HEU.FormalExperimentRunner	--action="seed" --runId="seed-wet050_002_3m-a5-w520-sc0" --instance="${WORKSPACE}/experiment-suite/formal-v1/instances/50-3/wet050_002_3m_timeX5.dat" --seedFile="${WORKSPACE}/experiment-suite/formal-v1/seeds/wet050_002_3m-a5-w520-sc0.seed" --outputDir="${WORKSPACE}/experiment-suite/formal-v1/runs/seed-wet050_002_3m-a5-w520-sc0" --dueWindowHalfWidth="520" --setupCostCoefficient="0"	${WORKSPACE}/experiment-suite/formal-v1/runs/seed-wet050_002_3m-a5-w520-sc0		seed
pricing-wet050_002_3m-a5-w520-sc0-ng_dssr	HEU.FormalExperimentRunner	--action="solve" --runId="pricing-wet050_002_3m-a5-w520-sc0-ng_dssr" --instance="${WORKSPACE}/experiment-suite/formal-v1/instances/50-3/wet050_002_3m_timeX5.dat" --algorithm="NG_DSSR" --outputDir="${WORKSPACE}/experiment-suite/formal-v1/runs/pricing-comparison/pricing-wet050_002_3m-a5-w520-sc0-ng_dssr" --seedFile="${WORKSPACE}/experiment-suite/formal-v1/seeds/wet050_002_3m-a5-w520-sc0.seed" --dueWindowHalfWidth="520" --setupCostCoefficient="0" --outsourcingModel="none" --outsourcingUnitRate="1" --discountStrength="0" --timeLimitSeconds="10800" --maxNodes="100000"	${WORKSPACE}/experiment-suite/formal-v1/runs/pricing-comparison/pricing-wet050_002_3m-a5-w520-sc0-ng_dssr	seed-wet050_002_3m-a5-w520-sc0	pricing-comparison
pricing-wet050_002_3m-a5-w520-sc0-time_indexed	HEU.FormalExperimentRunner	--action="solve" --runId="pricing-wet050_002_3m-a5-w520-sc0-time_indexed" --instance="${WORKSPACE}/experiment-suite/formal-v1/instances/50-3/wet050_002_3m_timeX5.dat" --algorithm="TIME_INDEXED" --outputDir="${WORKSPACE}/experiment-suite/formal-v1/runs/pricing-comparison/pricing-wet050_002_3m-a5-w520-sc0-time_indexed" --seedFile="${WORKSPACE}/experiment-suite/formal-v1/seeds/wet050_002_3m-a5-w520-sc0.seed" --dueWindowHalfWidth="520" --setupCostCoefficient="0" --outsourcingModel="none" --outsourcingUnitRate="1" --discountStrength="0" --timeLimitSeconds="10800" --maxNodes="100000"	${WORKSPACE}/experiment-suite/formal-v1/runs/pricing-comparison/pricing-wet050_002_3m-a5-w520-sc0-time_indexed	seed-wet050_002_3m-a5-w520-sc0	pricing-comparison
pricing-wet050_002_3m-a5-w520-sc0-time_indexed_sri	HEU.FormalExperimentRunner	--action="solve" --runId="pricing-wet050_002_3m-a5-w520-sc0-time_indexed_sri" --instance="${WORKSPACE}/experiment-suite/formal-v1/instances/50-3/wet050_002_3m_timeX5.dat" --algorithm="TIME_INDEXED_SRI" --outputDir="${WORKSPACE}/experiment-suite/formal-v1/runs/pricing-comparison/pricing-wet050_002_3m-a5-w520-sc0-time_indexed_sri" --seedFile="${WORKSPACE}/experiment-suite/formal-v1/seeds/wet050_002_3m-a5-w520-sc0.seed" --dueWindowHalfWidth="520" --setupCostCoefficient="0" --outsourcingModel="none" --outsourcingUnitRate="1" --discountStrength="0" --timeLimitSeconds="10800" --maxNodes="100000"	${WORKSPACE}/experiment-suite/formal-v1/runs/pricing-comparison/pricing-wet050_002_3m-a5-w520-sc0-time_indexed_sri	seed-wet050_002_3m-a5-w520-sc0	pricing-comparison
seed-wet050_002_3m-a5-w1561-sc0	HEU.FormalExperimentRunner	--action="seed" --runId="seed-wet050_002_3m-a5-w1561-sc0" --instance="${WORKSPACE}/experiment-suite/formal-v1/instances/50-3/wet050_002_3m_timeX5.dat" --seedFile="${WORKSPACE}/experiment-suite/formal-v1/seeds/wet050_002_3m-a5-w1561-sc0.seed" --outputDir="${WORKSPACE}/experiment-suite/formal-v1/runs/seed-wet050_002_3m-a5-w1561-sc0" --dueWindowHalfWidth="1561" --setupCostCoefficient="0"	${WORKSPACE}/experiment-suite/formal-v1/runs/seed-wet050_002_3m-a5-w1561-sc0		seed
pricing-wet050_002_3m-a5-w1561-sc0-ng_dssr	HEU.FormalExperimentRunner	--action="solve" --runId="pricing-wet050_002_3m-a5-w1561-sc0-ng_dssr" --instance="${WORKSPACE}/experiment-suite/formal-v1/instances/50-3/wet050_002_3m_timeX5.dat" --algorithm="NG_DSSR" --outputDir="${WORKSPACE}/experiment-suite/formal-v1/runs/pricing-comparison/pricing-wet050_002_3m-a5-w1561-sc0-ng_dssr" --seedFile="${WORKSPACE}/experiment-suite/formal-v1/seeds/wet050_002_3m-a5-w1561-sc0.seed" --dueWindowHalfWidth="1561" --setupCostCoefficient="0" --outsourcingModel="none" --outsourcingUnitRate="1" --discountStrength="0" --timeLimitSeconds="10800" --maxNodes="100000"	${WORKSPACE}/experiment-suite/formal-v1/runs/pricing-comparison/pricing-wet050_002_3m-a5-w1561-sc0-ng_dssr	seed-wet050_002_3m-a5-w1561-sc0	pricing-comparison
pricing-wet050_002_3m-a5-w1561-sc0-time_indexed	HEU.FormalExperimentRunner	--action="solve" --runId="pricing-wet050_002_3m-a5-w1561-sc0-time_indexed" --instance="${WORKSPACE}/experiment-suite/formal-v1/instances/50-3/wet050_002_3m_timeX5.dat" --algorithm="TIME_INDEXED" --outputDir="${WORKSPACE}/experiment-suite/formal-v1/runs/pricing-comparison/pricing-wet050_002_3m-a5-w1561-sc0-time_indexed" --seedFile="${WORKSPACE}/experiment-suite/formal-v1/seeds/wet050_002_3m-a5-w1561-sc0.seed" --dueWindowHalfWidth="1561" --setupCostCoefficient="0" --outsourcingModel="none" --outsourcingUnitRate="1" --discountStrength="0" --timeLimitSeconds="10800" --maxNodes="100000"	${WORKSPACE}/experiment-suite/formal-v1/runs/pricing-comparison/pricing-wet050_002_3m-a5-w1561-sc0-time_indexed	seed-wet050_002_3m-a5-w1561-sc0	pricing-comparison
pricing-wet050_002_3m-a5-w1561-sc0-time_indexed_sri	HEU.FormalExperimentRunner	--action="solve" --runId="pricing-wet050_002_3m-a5-w1561-sc0-time_indexed_sri" --instance="${WORKSPACE}/experiment-suite/formal-v1/instances/50-3/wet050_002_3m_timeX5.dat" --algorithm="TIME_INDEXED_SRI" --outputDir="${WORKSPACE}/experiment-suite/formal-v1/runs/pricing-comparison/pricing-wet050_002_3m-a5-w1561-sc0-time_indexed_sri" --seedFile="${WORKSPACE}/experiment-suite/formal-v1/seeds/wet050_002_3m-a5-w1561-sc0.seed" --dueWindowHalfWidth="1561" --setupCostCoefficient="0" --outsourcingModel="none" --outsourcingUnitRate="1" --discountStrength="0" --timeLimitSeconds="10800" --maxNodes="100000"	${WORKSPACE}/experiment-suite/formal-v1/runs/pricing-comparison/pricing-wet050_002_3m-a5-w1561-sc0-time_indexed_sri	seed-wet050_002_3m-a5-w1561-sc0	pricing-comparison
seed-wet050_002_3m-a10-w0-sc0	HEU.FormalExperimentRunner	--action="seed" --runId="seed-wet050_002_3m-a10-w0-sc0" --instance="${WORKSPACE}/experiment-suite/formal-v1/instances/50-3/wet050_002_3m_timeX10.dat" --seedFile="${WORKSPACE}/experiment-suite/formal-v1/seeds/wet050_002_3m-a10-w0-sc0.seed" --outputDir="${WORKSPACE}/experiment-suite/formal-v1/runs/seed-wet050_002_3m-a10-w0-sc0" --dueWindowHalfWidth="0" --setupCostCoefficient="0"	${WORKSPACE}/experiment-suite/formal-v1/runs/seed-wet050_002_3m-a10-w0-sc0		seed
pricing-wet050_002_3m-a10-w0-sc0-ng_dssr	HEU.FormalExperimentRunner	--action="solve" --runId="pricing-wet050_002_3m-a10-w0-sc0-ng_dssr" --instance="${WORKSPACE}/experiment-suite/formal-v1/instances/50-3/wet050_002_3m_timeX10.dat" --algorithm="NG_DSSR" --outputDir="${WORKSPACE}/experiment-suite/formal-v1/runs/pricing-comparison/pricing-wet050_002_3m-a10-w0-sc0-ng_dssr" --seedFile="${WORKSPACE}/experiment-suite/formal-v1/seeds/wet050_002_3m-a10-w0-sc0.seed" --dueWindowHalfWidth="0" --setupCostCoefficient="0" --outsourcingModel="none" --outsourcingUnitRate="1" --discountStrength="0" --timeLimitSeconds="10800" --maxNodes="100000"	${WORKSPACE}/experiment-suite/formal-v1/runs/pricing-comparison/pricing-wet050_002_3m-a10-w0-sc0-ng_dssr	seed-wet050_002_3m-a10-w0-sc0	pricing-comparison
pricing-wet050_002_3m-a10-w0-sc0-time_indexed	HEU.FormalExperimentRunner	--action="solve" --runId="pricing-wet050_002_3m-a10-w0-sc0-time_indexed" --instance="${WORKSPACE}/experiment-suite/formal-v1/instances/50-3/wet050_002_3m_timeX10.dat" --algorithm="TIME_INDEXED" --outputDir="${WORKSPACE}/experiment-suite/formal-v1/runs/pricing-comparison/pricing-wet050_002_3m-a10-w0-sc0-time_indexed" --seedFile="${WORKSPACE}/experiment-suite/formal-v1/seeds/wet050_002_3m-a10-w0-sc0.seed" --dueWindowHalfWidth="0" --setupCostCoefficient="0" --outsourcingModel="none" --outsourcingUnitRate="1" --discountStrength="0" --timeLimitSeconds="10800" --maxNodes="100000"	${WORKSPACE}/experiment-suite/formal-v1/runs/pricing-comparison/pricing-wet050_002_3m-a10-w0-sc0-time_indexed	seed-wet050_002_3m-a10-w0-sc0	pricing-comparison
pricing-wet050_002_3m-a10-w0-sc0-time_indexed_sri	HEU.FormalExperimentRunner	--action="solve" --runId="pricing-wet050_002_3m-a10-w0-sc0-time_indexed_sri" --instance="${WORKSPACE}/experiment-suite/formal-v1/instances/50-3/wet050_002_3m_timeX10.dat" --algorithm="TIME_INDEXED_SRI" --outputDir="${WORKSPACE}/experiment-suite/formal-v1/runs/pricing-comparison/pricing-wet050_002_3m-a10-w0-sc0-time_indexed_sri" --seedFile="${WORKSPACE}/experiment-suite/formal-v1/seeds/wet050_002_3m-a10-w0-sc0.seed" --dueWindowHalfWidth="0" --setupCostCoefficient="0" --outsourcingModel="none" --outsourcingUnitRate="1" --discountStrength="0" --timeLimitSeconds="10800" --maxNodes="100000"	${WORKSPACE}/experiment-suite/formal-v1/runs/pricing-comparison/pricing-wet050_002_3m-a10-w0-sc0-time_indexed_sri	seed-wet050_002_3m-a10-w0-sc0	pricing-comparison
seed-wet050_002_3m-a10-w1040-sc0	HEU.FormalExperimentRunner	--action="seed" --runId="seed-wet050_002_3m-a10-w1040-sc0" --instance="${WORKSPACE}/experiment-suite/formal-v1/instances/50-3/wet050_002_3m_timeX10.dat" --seedFile="${WORKSPACE}/experiment-suite/formal-v1/seeds/wet050_002_3m-a10-w1040-sc0.seed" --outputDir="${WORKSPACE}/experiment-suite/formal-v1/runs/seed-wet050_002_3m-a10-w1040-sc0" --dueWindowHalfWidth="1040" --setupCostCoefficient="0"	${WORKSPACE}/experiment-suite/formal-v1/runs/seed-wet050_002_3m-a10-w1040-sc0		seed
pricing-wet050_002_3m-a10-w1040-sc0-ng_dssr	HEU.FormalExperimentRunner	--action="solve" --runId="pricing-wet050_002_3m-a10-w1040-sc0-ng_dssr" --instance="${WORKSPACE}/experiment-suite/formal-v1/instances/50-3/wet050_002_3m_timeX10.dat" --algorithm="NG_DSSR" --outputDir="${WORKSPACE}/experiment-suite/formal-v1/runs/pricing-comparison/pricing-wet050_002_3m-a10-w1040-sc0-ng_dssr" --seedFile="${WORKSPACE}/experiment-suite/formal-v1/seeds/wet050_002_3m-a10-w1040-sc0.seed" --dueWindowHalfWidth="1040" --setupCostCoefficient="0" --outsourcingModel="none" --outsourcingUnitRate="1" --discountStrength="0" --timeLimitSeconds="10800" --maxNodes="100000"	${WORKSPACE}/experiment-suite/formal-v1/runs/pricing-comparison/pricing-wet050_002_3m-a10-w1040-sc0-ng_dssr	seed-wet050_002_3m-a10-w1040-sc0	pricing-comparison
pricing-wet050_002_3m-a10-w1040-sc0-time_indexed	HEU.FormalExperimentRunner	--action="solve" --runId="pricing-wet050_002_3m-a10-w1040-sc0-time_indexed" --instance="${WORKSPACE}/experiment-suite/formal-v1/instances/50-3/wet050_002_3m_timeX10.dat" --algorithm="TIME_INDEXED" --outputDir="${WORKSPACE}/experiment-suite/formal-v1/runs/pricing-comparison/pricing-wet050_002_3m-a10-w1040-sc0-time_indexed" --seedFile="${WORKSPACE}/experiment-suite/formal-v1/seeds/wet050_002_3m-a10-w1040-sc0.seed" --dueWindowHalfWidth="1040" --setupCostCoefficient="0" --outsourcingModel="none" --outsourcingUnitRate="1" --discountStrength="0" --timeLimitSeconds="10800" --maxNodes="100000"	${WORKSPACE}/experiment-suite/formal-v1/runs/pricing-comparison/pricing-wet050_002_3m-a10-w1040-sc0-time_indexed	seed-wet050_002_3m-a10-w1040-sc0	pricing-comparison
pricing-wet050_002_3m-a10-w1040-sc0-time_indexed_sri	HEU.FormalExperimentRunner	--action="solve" --runId="pricing-wet050_002_3m-a10-w1040-sc0-time_indexed_sri" --instance="${WORKSPACE}/experiment-suite/formal-v1/instances/50-3/wet050_002_3m_timeX10.dat" --algorithm="TIME_INDEXED_SRI" --outputDir="${WORKSPACE}/experiment-suite/formal-v1/runs/pricing-comparison/pricing-wet050_002_3m-a10-w1040-sc0-time_indexed_sri" --seedFile="${WORKSPACE}/experiment-suite/formal-v1/seeds/wet050_002_3m-a10-w1040-sc0.seed" --dueWindowHalfWidth="1040" --setupCostCoefficient="0" --outsourcingModel="none" --outsourcingUnitRate="1" --discountStrength="0" --timeLimitSeconds="10800" --maxNodes="100000"	${WORKSPACE}/experiment-suite/formal-v1/runs/pricing-comparison/pricing-wet050_002_3m-a10-w1040-sc0-time_indexed_sri	seed-wet050_002_3m-a10-w1040-sc0	pricing-comparison
seed-wet050_002_3m-a10-w3121-sc0	HEU.FormalExperimentRunner	--action="seed" --runId="seed-wet050_002_3m-a10-w3121-sc0" --instance="${WORKSPACE}/experiment-suite/formal-v1/instances/50-3/wet050_002_3m_timeX10.dat" --seedFile="${WORKSPACE}/experiment-suite/formal-v1/seeds/wet050_002_3m-a10-w3121-sc0.seed" --outputDir="${WORKSPACE}/experiment-suite/formal-v1/runs/seed-wet050_002_3m-a10-w3121-sc0" --dueWindowHalfWidth="3121" --setupCostCoefficient="0"	${WORKSPACE}/experiment-suite/formal-v1/runs/seed-wet050_002_3m-a10-w3121-sc0		seed
pricing-wet050_002_3m-a10-w3121-sc0-ng_dssr	HEU.FormalExperimentRunner	--action="solve" --runId="pricing-wet050_002_3m-a10-w3121-sc0-ng_dssr" --instance="${WORKSPACE}/experiment-suite/formal-v1/instances/50-3/wet050_002_3m_timeX10.dat" --algorithm="NG_DSSR" --outputDir="${WORKSPACE}/experiment-suite/formal-v1/runs/pricing-comparison/pricing-wet050_002_3m-a10-w3121-sc0-ng_dssr" --seedFile="${WORKSPACE}/experiment-suite/formal-v1/seeds/wet050_002_3m-a10-w3121-sc0.seed" --dueWindowHalfWidth="3121" --setupCostCoefficient="0" --outsourcingModel="none" --outsourcingUnitRate="1" --discountStrength="0" --timeLimitSeconds="10800" --maxNodes="100000"	${WORKSPACE}/experiment-suite/formal-v1/runs/pricing-comparison/pricing-wet050_002_3m-a10-w3121-sc0-ng_dssr	seed-wet050_002_3m-a10-w3121-sc0	pricing-comparison
pricing-wet050_002_3m-a10-w3121-sc0-time_indexed	HEU.FormalExperimentRunner	--action="solve" --runId="pricing-wet050_002_3m-a10-w3121-sc0-time_indexed" --instance="${WORKSPACE}/experiment-suite/formal-v1/instances/50-3/wet050_002_3m_timeX10.dat" --algorithm="TIME_INDEXED" --outputDir="${WORKSPACE}/experiment-suite/formal-v1/runs/pricing-comparison/pricing-wet050_002_3m-a10-w3121-sc0-time_indexed" --seedFile="${WORKSPACE}/experiment-suite/formal-v1/seeds/wet050_002_3m-a10-w3121-sc0.seed" --dueWindowHalfWidth="3121" --setupCostCoefficient="0" --outsourcingModel="none" --outsourcingUnitRate="1" --discountStrength="0" --timeLimitSeconds="10800" --maxNodes="100000"	${WORKSPACE}/experiment-suite/formal-v1/runs/pricing-comparison/pricing-wet050_002_3m-a10-w3121-sc0-time_indexed	seed-wet050_002_3m-a10-w3121-sc0	pricing-comparison
pricing-wet050_002_3m-a10-w3121-sc0-time_indexed_sri	HEU.FormalExperimentRunner	--action="solve" --runId="pricing-wet050_002_3m-a10-w3121-sc0-time_indexed_sri" --instance="${WORKSPACE}/experiment-suite/formal-v1/instances/50-3/wet050_002_3m_timeX10.dat" --algorithm="TIME_INDEXED_SRI" --outputDir="${WORKSPACE}/experiment-suite/formal-v1/runs/pricing-comparison/pricing-wet050_002_3m-a10-w3121-sc0-time_indexed_sri" --seedFile="${WORKSPACE}/experiment-suite/formal-v1/seeds/wet050_002_3m-a10-w3121-sc0.seed" --dueWindowHalfWidth="3121" --setupCostCoefficient="0" --outsourcingModel="none" --outsourcingUnitRate="1" --discountStrength="0" --timeLimitSeconds="10800" --maxNodes="100000"	${WORKSPACE}/experiment-suite/formal-v1/runs/pricing-comparison/pricing-wet050_002_3m-a10-w3121-sc0-time_indexed_sri	seed-wet050_002_3m-a10-w3121-sc0	pricing-comparison
seed-wet050_003_3m-a1-w0-sc0	HEU.FormalExperimentRunner	--action="seed" --runId="seed-wet050_003_3m-a1-w0-sc0" --instance="${WORKSPACE}/data/50-3/wet050_003_3m.dat" --seedFile="${WORKSPACE}/experiment-suite/formal-v1/seeds/wet050_003_3m-a1-w0-sc0.seed" --outputDir="${WORKSPACE}/experiment-suite/formal-v1/runs/seed-wet050_003_3m-a1-w0-sc0" --dueWindowHalfWidth="0" --setupCostCoefficient="0"	${WORKSPACE}/experiment-suite/formal-v1/runs/seed-wet050_003_3m-a1-w0-sc0		seed
pricing-wet050_003_3m-a1-w0-sc0-ng_dssr	HEU.FormalExperimentRunner	--action="solve" --runId="pricing-wet050_003_3m-a1-w0-sc0-ng_dssr" --instance="${WORKSPACE}/data/50-3/wet050_003_3m.dat" --algorithm="NG_DSSR" --outputDir="${WORKSPACE}/experiment-suite/formal-v1/runs/pricing-comparison/pricing-wet050_003_3m-a1-w0-sc0-ng_dssr" --seedFile="${WORKSPACE}/experiment-suite/formal-v1/seeds/wet050_003_3m-a1-w0-sc0.seed" --dueWindowHalfWidth="0" --setupCostCoefficient="0" --outsourcingModel="none" --outsourcingUnitRate="1" --discountStrength="0" --timeLimitSeconds="10800" --maxNodes="100000"	${WORKSPACE}/experiment-suite/formal-v1/runs/pricing-comparison/pricing-wet050_003_3m-a1-w0-sc0-ng_dssr	seed-wet050_003_3m-a1-w0-sc0	pricing-comparison
pricing-wet050_003_3m-a1-w0-sc0-time_indexed	HEU.FormalExperimentRunner	--action="solve" --runId="pricing-wet050_003_3m-a1-w0-sc0-time_indexed" --instance="${WORKSPACE}/data/50-3/wet050_003_3m.dat" --algorithm="TIME_INDEXED" --outputDir="${WORKSPACE}/experiment-suite/formal-v1/runs/pricing-comparison/pricing-wet050_003_3m-a1-w0-sc0-time_indexed" --seedFile="${WORKSPACE}/experiment-suite/formal-v1/seeds/wet050_003_3m-a1-w0-sc0.seed" --dueWindowHalfWidth="0" --setupCostCoefficient="0" --outsourcingModel="none" --outsourcingUnitRate="1" --discountStrength="0" --timeLimitSeconds="10800" --maxNodes="100000"	${WORKSPACE}/experiment-suite/formal-v1/runs/pricing-comparison/pricing-wet050_003_3m-a1-w0-sc0-time_indexed	seed-wet050_003_3m-a1-w0-sc0	pricing-comparison
pricing-wet050_003_3m-a1-w0-sc0-time_indexed_sri	HEU.FormalExperimentRunner	--action="solve" --runId="pricing-wet050_003_3m-a1-w0-sc0-time_indexed_sri" --instance="${WORKSPACE}/data/50-3/wet050_003_3m.dat" --algorithm="TIME_INDEXED_SRI" --outputDir="${WORKSPACE}/experiment-suite/formal-v1/runs/pricing-comparison/pricing-wet050_003_3m-a1-w0-sc0-time_indexed_sri" --seedFile="${WORKSPACE}/experiment-suite/formal-v1/seeds/wet050_003_3m-a1-w0-sc0.seed" --dueWindowHalfWidth="0" --setupCostCoefficient="0" --outsourcingModel="none" --outsourcingUnitRate="1" --discountStrength="0" --timeLimitSeconds="10800" --maxNodes="100000"	${WORKSPACE}/experiment-suite/formal-v1/runs/pricing-comparison/pricing-wet050_003_3m-a1-w0-sc0-time_indexed_sri	seed-wet050_003_3m-a1-w0-sc0	pricing-comparison
seed-wet050_003_3m-a1-w100-sc0	HEU.FormalExperimentRunner	--action="seed" --runId="seed-wet050_003_3m-a1-w100-sc0" --instance="${WORKSPACE}/data/50-3/wet050_003_3m.dat" --seedFile="${WORKSPACE}/experiment-suite/formal-v1/seeds/wet050_003_3m-a1-w100-sc0.seed" --outputDir="${WORKSPACE}/experiment-suite/formal-v1/runs/seed-wet050_003_3m-a1-w100-sc0" --dueWindowHalfWidth="100" --setupCostCoefficient="0"	${WORKSPACE}/experiment-suite/formal-v1/runs/seed-wet050_003_3m-a1-w100-sc0		seed
pricing-wet050_003_3m-a1-w100-sc0-ng_dssr	HEU.FormalExperimentRunner	--action="solve" --runId="pricing-wet050_003_3m-a1-w100-sc0-ng_dssr" --instance="${WORKSPACE}/data/50-3/wet050_003_3m.dat" --algorithm="NG_DSSR" --outputDir="${WORKSPACE}/experiment-suite/formal-v1/runs/pricing-comparison/pricing-wet050_003_3m-a1-w100-sc0-ng_dssr" --seedFile="${WORKSPACE}/experiment-suite/formal-v1/seeds/wet050_003_3m-a1-w100-sc0.seed" --dueWindowHalfWidth="100" --setupCostCoefficient="0" --outsourcingModel="none" --outsourcingUnitRate="1" --discountStrength="0" --timeLimitSeconds="10800" --maxNodes="100000"	${WORKSPACE}/experiment-suite/formal-v1/runs/pricing-comparison/pricing-wet050_003_3m-a1-w100-sc0-ng_dssr	seed-wet050_003_3m-a1-w100-sc0	pricing-comparison
pricing-wet050_003_3m-a1-w100-sc0-time_indexed	HEU.FormalExperimentRunner	--action="solve" --runId="pricing-wet050_003_3m-a1-w100-sc0-time_indexed" --instance="${WORKSPACE}/data/50-3/wet050_003_3m.dat" --algorithm="TIME_INDEXED" --outputDir="${WORKSPACE}/experiment-suite/formal-v1/runs/pricing-comparison/pricing-wet050_003_3m-a1-w100-sc0-time_indexed" --seedFile="${WORKSPACE}/experiment-suite/formal-v1/seeds/wet050_003_3m-a1-w100-sc0.seed" --dueWindowHalfWidth="100" --setupCostCoefficient="0" --outsourcingModel="none" --outsourcingUnitRate="1" --discountStrength="0" --timeLimitSeconds="10800" --maxNodes="100000"	${WORKSPACE}/experiment-suite/formal-v1/runs/pricing-comparison/pricing-wet050_003_3m-a1-w100-sc0-time_indexed	seed-wet050_003_3m-a1-w100-sc0	pricing-comparison
pricing-wet050_003_3m-a1-w100-sc0-time_indexed_sri	HEU.FormalExperimentRunner	--action="solve" --runId="pricing-wet050_003_3m-a1-w100-sc0-time_indexed_sri" --instance="${WORKSPACE}/data/50-3/wet050_003_3m.dat" --algorithm="TIME_INDEXED_SRI" --outputDir="${WORKSPACE}/experiment-suite/formal-v1/runs/pricing-comparison/pricing-wet050_003_3m-a1-w100-sc0-time_indexed_sri" --seedFile="${WORKSPACE}/experiment-suite/formal-v1/seeds/wet050_003_3m-a1-w100-sc0.seed" --dueWindowHalfWidth="100" --setupCostCoefficient="0" --outsourcingModel="none" --outsourcingUnitRate="1" --discountStrength="0" --timeLimitSeconds="10800" --maxNodes="100000"	${WORKSPACE}/experiment-suite/formal-v1/runs/pricing-comparison/pricing-wet050_003_3m-a1-w100-sc0-time_indexed_sri	seed-wet050_003_3m-a1-w100-sc0	pricing-comparison
seed-wet050_003_3m-a1-w301-sc0	HEU.FormalExperimentRunner	--action="seed" --runId="seed-wet050_003_3m-a1-w301-sc0" --instance="${WORKSPACE}/data/50-3/wet050_003_3m.dat" --seedFile="${WORKSPACE}/experiment-suite/formal-v1/seeds/wet050_003_3m-a1-w301-sc0.seed" --outputDir="${WORKSPACE}/experiment-suite/formal-v1/runs/seed-wet050_003_3m-a1-w301-sc0" --dueWindowHalfWidth="301" --setupCostCoefficient="0"	${WORKSPACE}/experiment-suite/formal-v1/runs/seed-wet050_003_3m-a1-w301-sc0		seed
pricing-wet050_003_3m-a1-w301-sc0-ng_dssr	HEU.FormalExperimentRunner	--action="solve" --runId="pricing-wet050_003_3m-a1-w301-sc0-ng_dssr" --instance="${WORKSPACE}/data/50-3/wet050_003_3m.dat" --algorithm="NG_DSSR" --outputDir="${WORKSPACE}/experiment-suite/formal-v1/runs/pricing-comparison/pricing-wet050_003_3m-a1-w301-sc0-ng_dssr" --seedFile="${WORKSPACE}/experiment-suite/formal-v1/seeds/wet050_003_3m-a1-w301-sc0.seed" --dueWindowHalfWidth="301" --setupCostCoefficient="0" --outsourcingModel="none" --outsourcingUnitRate="1" --discountStrength="0" --timeLimitSeconds="10800" --maxNodes="100000"	${WORKSPACE}/experiment-suite/formal-v1/runs/pricing-comparison/pricing-wet050_003_3m-a1-w301-sc0-ng_dssr	seed-wet050_003_3m-a1-w301-sc0	pricing-comparison
pricing-wet050_003_3m-a1-w301-sc0-time_indexed	HEU.FormalExperimentRunner	--action="solve" --runId="pricing-wet050_003_3m-a1-w301-sc0-time_indexed" --instance="${WORKSPACE}/data/50-3/wet050_003_3m.dat" --algorithm="TIME_INDEXED" --outputDir="${WORKSPACE}/experiment-suite/formal-v1/runs/pricing-comparison/pricing-wet050_003_3m-a1-w301-sc0-time_indexed" --seedFile="${WORKSPACE}/experiment-suite/formal-v1/seeds/wet050_003_3m-a1-w301-sc0.seed" --dueWindowHalfWidth="301" --setupCostCoefficient="0" --outsourcingModel="none" --outsourcingUnitRate="1" --discountStrength="0" --timeLimitSeconds="10800" --maxNodes="100000"	${WORKSPACE}/experiment-suite/formal-v1/runs/pricing-comparison/pricing-wet050_003_3m-a1-w301-sc0-time_indexed	seed-wet050_003_3m-a1-w301-sc0	pricing-comparison
pricing-wet050_003_3m-a1-w301-sc0-time_indexed_sri	HEU.FormalExperimentRunner	--action="solve" --runId="pricing-wet050_003_3m-a1-w301-sc0-time_indexed_sri" --instance="${WORKSPACE}/data/50-3/wet050_003_3m.dat" --algorithm="TIME_INDEXED_SRI" --outputDir="${WORKSPACE}/experiment-suite/formal-v1/runs/pricing-comparison/pricing-wet050_003_3m-a1-w301-sc0-time_indexed_sri" --seedFile="${WORKSPACE}/experiment-suite/formal-v1/seeds/wet050_003_3m-a1-w301-sc0.seed" --dueWindowHalfWidth="301" --setupCostCoefficient="0" --outsourcingModel="none" --outsourcingUnitRate="1" --discountStrength="0" --timeLimitSeconds="10800" --maxNodes="100000"	${WORKSPACE}/experiment-suite/formal-v1/runs/pricing-comparison/pricing-wet050_003_3m-a1-w301-sc0-time_indexed_sri	seed-wet050_003_3m-a1-w301-sc0	pricing-comparison
seed-wet050_003_3m-a5-w0-sc0	HEU.FormalExperimentRunner	--action="seed" --runId="seed-wet050_003_3m-a5-w0-sc0" --instance="${WORKSPACE}/experiment-suite/formal-v1/instances/50-3/wet050_003_3m_timeX5.dat" --seedFile="${WORKSPACE}/experiment-suite/formal-v1/seeds/wet050_003_3m-a5-w0-sc0.seed" --outputDir="${WORKSPACE}/experiment-suite/formal-v1/runs/seed-wet050_003_3m-a5-w0-sc0" --dueWindowHalfWidth="0" --setupCostCoefficient="0"	${WORKSPACE}/experiment-suite/formal-v1/runs/seed-wet050_003_3m-a5-w0-sc0		seed
pricing-wet050_003_3m-a5-w0-sc0-ng_dssr	HEU.FormalExperimentRunner	--action="solve" --runId="pricing-wet050_003_3m-a5-w0-sc0-ng_dssr" --instance="${WORKSPACE}/experiment-suite/formal-v1/instances/50-3/wet050_003_3m_timeX5.dat" --algorithm="NG_DSSR" --outputDir="${WORKSPACE}/experiment-suite/formal-v1/runs/pricing-comparison/pricing-wet050_003_3m-a5-w0-sc0-ng_dssr" --seedFile="${WORKSPACE}/experiment-suite/formal-v1/seeds/wet050_003_3m-a5-w0-sc0.seed" --dueWindowHalfWidth="0" --setupCostCoefficient="0" --outsourcingModel="none" --outsourcingUnitRate="1" --discountStrength="0" --timeLimitSeconds="10800" --maxNodes="100000"	${WORKSPACE}/experiment-suite/formal-v1/runs/pricing-comparison/pricing-wet050_003_3m-a5-w0-sc0-ng_dssr	seed-wet050_003_3m-a5-w0-sc0	pricing-comparison
pricing-wet050_003_3m-a5-w0-sc0-time_indexed	HEU.FormalExperimentRunner	--action="solve" --runId="pricing-wet050_003_3m-a5-w0-sc0-time_indexed" --instance="${WORKSPACE}/experiment-suite/formal-v1/instances/50-3/wet050_003_3m_timeX5.dat" --algorithm="TIME_INDEXED" --outputDir="${WORKSPACE}/experiment-suite/formal-v1/runs/pricing-comparison/pricing-wet050_003_3m-a5-w0-sc0-time_indexed" --seedFile="${WORKSPACE}/experiment-suite/formal-v1/seeds/wet050_003_3m-a5-w0-sc0.seed" --dueWindowHalfWidth="0" --setupCostCoefficient="0" --outsourcingModel="none" --outsourcingUnitRate="1" --discountStrength="0" --timeLimitSeconds="10800" --maxNodes="100000"	${WORKSPACE}/experiment-suite/formal-v1/runs/pricing-comparison/pricing-wet050_003_3m-a5-w0-sc0-time_indexed	seed-wet050_003_3m-a5-w0-sc0	pricing-comparison
pricing-wet050_003_3m-a5-w0-sc0-time_indexed_sri	HEU.FormalExperimentRunner	--action="solve" --runId="pricing-wet050_003_3m-a5-w0-sc0-time_indexed_sri" --instance="${WORKSPACE}/experiment-suite/formal-v1/instances/50-3/wet050_003_3m_timeX5.dat" --algorithm="TIME_INDEXED_SRI" --outputDir="${WORKSPACE}/experiment-suite/formal-v1/runs/pricing-comparison/pricing-wet050_003_3m-a5-w0-sc0-time_indexed_sri" --seedFile="${WORKSPACE}/experiment-suite/formal-v1/seeds/wet050_003_3m-a5-w0-sc0.seed" --dueWindowHalfWidth="0" --setupCostCoefficient="0" --outsourcingModel="none" --outsourcingUnitRate="1" --discountStrength="0" --timeLimitSeconds="10800" --maxNodes="100000"	${WORKSPACE}/experiment-suite/formal-v1/runs/pricing-comparison/pricing-wet050_003_3m-a5-w0-sc0-time_indexed_sri	seed-wet050_003_3m-a5-w0-sc0	pricing-comparison
seed-wet050_003_3m-a5-w501-sc0	HEU.FormalExperimentRunner	--action="seed" --runId="seed-wet050_003_3m-a5-w501-sc0" --instance="${WORKSPACE}/experiment-suite/formal-v1/instances/50-3/wet050_003_3m_timeX5.dat" --seedFile="${WORKSPACE}/experiment-suite/formal-v1/seeds/wet050_003_3m-a5-w501-sc0.seed" --outputDir="${WORKSPACE}/experiment-suite/formal-v1/runs/seed-wet050_003_3m-a5-w501-sc0" --dueWindowHalfWidth="501" --setupCostCoefficient="0"	${WORKSPACE}/experiment-suite/formal-v1/runs/seed-wet050_003_3m-a5-w501-sc0		seed
pricing-wet050_003_3m-a5-w501-sc0-ng_dssr	HEU.FormalExperimentRunner	--action="solve" --runId="pricing-wet050_003_3m-a5-w501-sc0-ng_dssr" --instance="${WORKSPACE}/experiment-suite/formal-v1/instances/50-3/wet050_003_3m_timeX5.dat" --algorithm="NG_DSSR" --outputDir="${WORKSPACE}/experiment-suite/formal-v1/runs/pricing-comparison/pricing-wet050_003_3m-a5-w501-sc0-ng_dssr" --seedFile="${WORKSPACE}/experiment-suite/formal-v1/seeds/wet050_003_3m-a5-w501-sc0.seed" --dueWindowHalfWidth="501" --setupCostCoefficient="0" --outsourcingModel="none" --outsourcingUnitRate="1" --discountStrength="0" --timeLimitSeconds="10800" --maxNodes="100000"	${WORKSPACE}/experiment-suite/formal-v1/runs/pricing-comparison/pricing-wet050_003_3m-a5-w501-sc0-ng_dssr	seed-wet050_003_3m-a5-w501-sc0	pricing-comparison
pricing-wet050_003_3m-a5-w501-sc0-time_indexed	HEU.FormalExperimentRunner	--action="solve" --runId="pricing-wet050_003_3m-a5-w501-sc0-time_indexed" --instance="${WORKSPACE}/experiment-suite/formal-v1/instances/50-3/wet050_003_3m_timeX5.dat" --algorithm="TIME_INDEXED" --outputDir="${WORKSPACE}/experiment-suite/formal-v1/runs/pricing-comparison/pricing-wet050_003_3m-a5-w501-sc0-time_indexed" --seedFile="${WORKSPACE}/experiment-suite/formal-v1/seeds/wet050_003_3m-a5-w501-sc0.seed" --dueWindowHalfWidth="501" --setupCostCoefficient="0" --outsourcingModel="none" --outsourcingUnitRate="1" --discountStrength="0" --timeLimitSeconds="10800" --maxNodes="100000"	${WORKSPACE}/experiment-suite/formal-v1/runs/pricing-comparison/pricing-wet050_003_3m-a5-w501-sc0-time_indexed	seed-wet050_003_3m-a5-w501-sc0	pricing-comparison
pricing-wet050_003_3m-a5-w501-sc0-time_indexed_sri	HEU.FormalExperimentRunner	--action="solve" --runId="pricing-wet050_003_3m-a5-w501-sc0-time_indexed_sri" --instance="${WORKSPACE}/experiment-suite/formal-v1/instances/50-3/wet050_003_3m_timeX5.dat" --algorithm="TIME_INDEXED_SRI" --outputDir="${WORKSPACE}/experiment-suite/formal-v1/runs/pricing-comparison/pricing-wet050_003_3m-a5-w501-sc0-time_indexed_sri" --seedFile="${WORKSPACE}/experiment-suite/formal-v1/seeds/wet050_003_3m-a5-w501-sc0.seed" --dueWindowHalfWidth="501" --setupCostCoefficient="0" --outsourcingModel="none" --outsourcingUnitRate="1" --discountStrength="0" --timeLimitSeconds="10800" --maxNodes="100000"	${WORKSPACE}/experiment-suite/formal-v1/runs/pricing-comparison/pricing-wet050_003_3m-a5-w501-sc0-time_indexed_sri	seed-wet050_003_3m-a5-w501-sc0	pricing-comparison
seed-wet050_003_3m-a5-w1504-sc0	HEU.FormalExperimentRunner	--action="seed" --runId="seed-wet050_003_3m-a5-w1504-sc0" --instance="${WORKSPACE}/experiment-suite/formal-v1/instances/50-3/wet050_003_3m_timeX5.dat" --seedFile="${WORKSPACE}/experiment-suite/formal-v1/seeds/wet050_003_3m-a5-w1504-sc0.seed" --outputDir="${WORKSPACE}/experiment-suite/formal-v1/runs/seed-wet050_003_3m-a5-w1504-sc0" --dueWindowHalfWidth="1504" --setupCostCoefficient="0"	${WORKSPACE}/experiment-suite/formal-v1/runs/seed-wet050_003_3m-a5-w1504-sc0		seed
pricing-wet050_003_3m-a5-w1504-sc0-ng_dssr	HEU.FormalExperimentRunner	--action="solve" --runId="pricing-wet050_003_3m-a5-w1504-sc0-ng_dssr" --instance="${WORKSPACE}/experiment-suite/formal-v1/instances/50-3/wet050_003_3m_timeX5.dat" --algorithm="NG_DSSR" --outputDir="${WORKSPACE}/experiment-suite/formal-v1/runs/pricing-comparison/pricing-wet050_003_3m-a5-w1504-sc0-ng_dssr" --seedFile="${WORKSPACE}/experiment-suite/formal-v1/seeds/wet050_003_3m-a5-w1504-sc0.seed" --dueWindowHalfWidth="1504" --setupCostCoefficient="0" --outsourcingModel="none" --outsourcingUnitRate="1" --discountStrength="0" --timeLimitSeconds="10800" --maxNodes="100000"	${WORKSPACE}/experiment-suite/formal-v1/runs/pricing-comparison/pricing-wet050_003_3m-a5-w1504-sc0-ng_dssr	seed-wet050_003_3m-a5-w1504-sc0	pricing-comparison
pricing-wet050_003_3m-a5-w1504-sc0-time_indexed	HEU.FormalExperimentRunner	--action="solve" --runId="pricing-wet050_003_3m-a5-w1504-sc0-time_indexed" --instance="${WORKSPACE}/experiment-suite/formal-v1/instances/50-3/wet050_003_3m_timeX5.dat" --algorithm="TIME_INDEXED" --outputDir="${WORKSPACE}/experiment-suite/formal-v1/runs/pricing-comparison/pricing-wet050_003_3m-a5-w1504-sc0-time_indexed" --seedFile="${WORKSPACE}/experiment-suite/formal-v1/seeds/wet050_003_3m-a5-w1504-sc0.seed" --dueWindowHalfWidth="1504" --setupCostCoefficient="0" --outsourcingModel="none" --outsourcingUnitRate="1" --discountStrength="0" --timeLimitSeconds="10800" --maxNodes="100000"	${WORKSPACE}/experiment-suite/formal-v1/runs/pricing-comparison/pricing-wet050_003_3m-a5-w1504-sc0-time_indexed	seed-wet050_003_3m-a5-w1504-sc0	pricing-comparison
pricing-wet050_003_3m-a5-w1504-sc0-time_indexed_sri	HEU.FormalExperimentRunner	--action="solve" --runId="pricing-wet050_003_3m-a5-w1504-sc0-time_indexed_sri" --instance="${WORKSPACE}/experiment-suite/formal-v1/instances/50-3/wet050_003_3m_timeX5.dat" --algorithm="TIME_INDEXED_SRI" --outputDir="${WORKSPACE}/experiment-suite/formal-v1/runs/pricing-comparison/pricing-wet050_003_3m-a5-w1504-sc0-time_indexed_sri" --seedFile="${WORKSPACE}/experiment-suite/formal-v1/seeds/wet050_003_3m-a5-w1504-sc0.seed" --dueWindowHalfWidth="1504" --setupCostCoefficient="0" --outsourcingModel="none" --outsourcingUnitRate="1" --discountStrength="0" --timeLimitSeconds="10800" --maxNodes="100000"	${WORKSPACE}/experiment-suite/formal-v1/runs/pricing-comparison/pricing-wet050_003_3m-a5-w1504-sc0-time_indexed_sri	seed-wet050_003_3m-a5-w1504-sc0	pricing-comparison
seed-wet050_003_3m-a10-w0-sc0	HEU.FormalExperimentRunner	--action="seed" --runId="seed-wet050_003_3m-a10-w0-sc0" --instance="${WORKSPACE}/experiment-suite/formal-v1/instances/50-3/wet050_003_3m_timeX10.dat" --seedFile="${WORKSPACE}/experiment-suite/formal-v1/seeds/wet050_003_3m-a10-w0-sc0.seed" --outputDir="${WORKSPACE}/experiment-suite/formal-v1/runs/seed-wet050_003_3m-a10-w0-sc0" --dueWindowHalfWidth="0" --setupCostCoefficient="0"	${WORKSPACE}/experiment-suite/formal-v1/runs/seed-wet050_003_3m-a10-w0-sc0		seed
pricing-wet050_003_3m-a10-w0-sc0-ng_dssr	HEU.FormalExperimentRunner	--action="solve" --runId="pricing-wet050_003_3m-a10-w0-sc0-ng_dssr" --instance="${WORKSPACE}/experiment-suite/formal-v1/instances/50-3/wet050_003_3m_timeX10.dat" --algorithm="NG_DSSR" --outputDir="${WORKSPACE}/experiment-suite/formal-v1/runs/pricing-comparison/pricing-wet050_003_3m-a10-w0-sc0-ng_dssr" --seedFile="${WORKSPACE}/experiment-suite/formal-v1/seeds/wet050_003_3m-a10-w0-sc0.seed" --dueWindowHalfWidth="0" --setupCostCoefficient="0" --outsourcingModel="none" --outsourcingUnitRate="1" --discountStrength="0" --timeLimitSeconds="10800" --maxNodes="100000"	${WORKSPACE}/experiment-suite/formal-v1/runs/pricing-comparison/pricing-wet050_003_3m-a10-w0-sc0-ng_dssr	seed-wet050_003_3m-a10-w0-sc0	pricing-comparison
pricing-wet050_003_3m-a10-w0-sc0-time_indexed	HEU.FormalExperimentRunner	--action="solve" --runId="pricing-wet050_003_3m-a10-w0-sc0-time_indexed" --instance="${WORKSPACE}/experiment-suite/formal-v1/instances/50-3/wet050_003_3m_timeX10.dat" --algorithm="TIME_INDEXED" --outputDir="${WORKSPACE}/experiment-suite/formal-v1/runs/pricing-comparison/pricing-wet050_003_3m-a10-w0-sc0-time_indexed" --seedFile="${WORKSPACE}/experiment-suite/formal-v1/seeds/wet050_003_3m-a10-w0-sc0.seed" --dueWindowHalfWidth="0" --setupCostCoefficient="0" --outsourcingModel="none" --outsourcingUnitRate="1" --discountStrength="0" --timeLimitSeconds="10800" --maxNodes="100000"	${WORKSPACE}/experiment-suite/formal-v1/runs/pricing-comparison/pricing-wet050_003_3m-a10-w0-sc0-time_indexed	seed-wet050_003_3m-a10-w0-sc0	pricing-comparison
pricing-wet050_003_3m-a10-w0-sc0-time_indexed_sri	HEU.FormalExperimentRunner	--action="solve" --runId="pricing-wet050_003_3m-a10-w0-sc0-time_indexed_sri" --instance="${WORKSPACE}/experiment-suite/formal-v1/instances/50-3/wet050_003_3m_timeX10.dat" --algorithm="TIME_INDEXED_SRI" --outputDir="${WORKSPACE}/experiment-suite/formal-v1/runs/pricing-comparison/pricing-wet050_003_3m-a10-w0-sc0-time_indexed_sri" --seedFile="${WORKSPACE}/experiment-suite/formal-v1/seeds/wet050_003_3m-a10-w0-sc0.seed" --dueWindowHalfWidth="0" --setupCostCoefficient="0" --outsourcingModel="none" --outsourcingUnitRate="1" --discountStrength="0" --timeLimitSeconds="10800" --maxNodes="100000"	${WORKSPACE}/experiment-suite/formal-v1/runs/pricing-comparison/pricing-wet050_003_3m-a10-w0-sc0-time_indexed_sri	seed-wet050_003_3m-a10-w0-sc0	pricing-comparison
seed-wet050_003_3m-a10-w1003-sc0	HEU.FormalExperimentRunner	--action="seed" --runId="seed-wet050_003_3m-a10-w1003-sc0" --instance="${WORKSPACE}/experiment-suite/formal-v1/instances/50-3/wet050_003_3m_timeX10.dat" --seedFile="${WORKSPACE}/experiment-suite/formal-v1/seeds/wet050_003_3m-a10-w1003-sc0.seed" --outputDir="${WORKSPACE}/experiment-suite/formal-v1/runs/seed-wet050_003_3m-a10-w1003-sc0" --dueWindowHalfWidth="1003" --setupCostCoefficient="0"	${WORKSPACE}/experiment-suite/formal-v1/runs/seed-wet050_003_3m-a10-w1003-sc0		seed
pricing-wet050_003_3m-a10-w1003-sc0-ng_dssr	HEU.FormalExperimentRunner	--action="solve" --runId="pricing-wet050_003_3m-a10-w1003-sc0-ng_dssr" --instance="${WORKSPACE}/experiment-suite/formal-v1/instances/50-3/wet050_003_3m_timeX10.dat" --algorithm="NG_DSSR" --outputDir="${WORKSPACE}/experiment-suite/formal-v1/runs/pricing-comparison/pricing-wet050_003_3m-a10-w1003-sc0-ng_dssr" --seedFile="${WORKSPACE}/experiment-suite/formal-v1/seeds/wet050_003_3m-a10-w1003-sc0.seed" --dueWindowHalfWidth="1003" --setupCostCoefficient="0" --outsourcingModel="none" --outsourcingUnitRate="1" --discountStrength="0" --timeLimitSeconds="10800" --maxNodes="100000"	${WORKSPACE}/experiment-suite/formal-v1/runs/pricing-comparison/pricing-wet050_003_3m-a10-w1003-sc0-ng_dssr	seed-wet050_003_3m-a10-w1003-sc0	pricing-comparison
pricing-wet050_003_3m-a10-w1003-sc0-time_indexed	HEU.FormalExperimentRunner	--action="solve" --runId="pricing-wet050_003_3m-a10-w1003-sc0-time_indexed" --instance="${WORKSPACE}/experiment-suite/formal-v1/instances/50-3/wet050_003_3m_timeX10.dat" --algorithm="TIME_INDEXED" --outputDir="${WORKSPACE}/experiment-suite/formal-v1/runs/pricing-comparison/pricing-wet050_003_3m-a10-w1003-sc0-time_indexed" --seedFile="${WORKSPACE}/experiment-suite/formal-v1/seeds/wet050_003_3m-a10-w1003-sc0.seed" --dueWindowHalfWidth="1003" --setupCostCoefficient="0" --outsourcingModel="none" --outsourcingUnitRate="1" --discountStrength="0" --timeLimitSeconds="10800" --maxNodes="100000"	${WORKSPACE}/experiment-suite/formal-v1/runs/pricing-comparison/pricing-wet050_003_3m-a10-w1003-sc0-time_indexed	seed-wet050_003_3m-a10-w1003-sc0	pricing-comparison
pricing-wet050_003_3m-a10-w1003-sc0-time_indexed_sri	HEU.FormalExperimentRunner	--action="solve" --runId="pricing-wet050_003_3m-a10-w1003-sc0-time_indexed_sri" --instance="${WORKSPACE}/experiment-suite/formal-v1/instances/50-3/wet050_003_3m_timeX10.dat" --algorithm="TIME_INDEXED_SRI" --outputDir="${WORKSPACE}/experiment-suite/formal-v1/runs/pricing-comparison/pricing-wet050_003_3m-a10-w1003-sc0-time_indexed_sri" --seedFile="${WORKSPACE}/experiment-suite/formal-v1/seeds/wet050_003_3m-a10-w1003-sc0.seed" --dueWindowHalfWidth="1003" --setupCostCoefficient="0" --outsourcingModel="none" --outsourcingUnitRate="1" --discountStrength="0" --timeLimitSeconds="10800" --maxNodes="100000"	${WORKSPACE}/experiment-suite/formal-v1/runs/pricing-comparison/pricing-wet050_003_3m-a10-w1003-sc0-time_indexed_sri	seed-wet050_003_3m-a10-w1003-sc0	pricing-comparison
seed-wet050_003_3m-a10-w3008-sc0	HEU.FormalExperimentRunner	--action="seed" --runId="seed-wet050_003_3m-a10-w3008-sc0" --instance="${WORKSPACE}/experiment-suite/formal-v1/instances/50-3/wet050_003_3m_timeX10.dat" --seedFile="${WORKSPACE}/experiment-suite/formal-v1/seeds/wet050_003_3m-a10-w3008-sc0.seed" --outputDir="${WORKSPACE}/experiment-suite/formal-v1/runs/seed-wet050_003_3m-a10-w3008-sc0" --dueWindowHalfWidth="3008" --setupCostCoefficient="0"	${WORKSPACE}/experiment-suite/formal-v1/runs/seed-wet050_003_3m-a10-w3008-sc0		seed
pricing-wet050_003_3m-a10-w3008-sc0-ng_dssr	HEU.FormalExperimentRunner	--action="solve" --runId="pricing-wet050_003_3m-a10-w3008-sc0-ng_dssr" --instance="${WORKSPACE}/experiment-suite/formal-v1/instances/50-3/wet050_003_3m_timeX10.dat" --algorithm="NG_DSSR" --outputDir="${WORKSPACE}/experiment-suite/formal-v1/runs/pricing-comparison/pricing-wet050_003_3m-a10-w3008-sc0-ng_dssr" --seedFile="${WORKSPACE}/experiment-suite/formal-v1/seeds/wet050_003_3m-a10-w3008-sc0.seed" --dueWindowHalfWidth="3008" --setupCostCoefficient="0" --outsourcingModel="none" --outsourcingUnitRate="1" --discountStrength="0" --timeLimitSeconds="10800" --maxNodes="100000"	${WORKSPACE}/experiment-suite/formal-v1/runs/pricing-comparison/pricing-wet050_003_3m-a10-w3008-sc0-ng_dssr	seed-wet050_003_3m-a10-w3008-sc0	pricing-comparison
pricing-wet050_003_3m-a10-w3008-sc0-time_indexed	HEU.FormalExperimentRunner	--action="solve" --runId="pricing-wet050_003_3m-a10-w3008-sc0-time_indexed" --instance="${WORKSPACE}/experiment-suite/formal-v1/instances/50-3/wet050_003_3m_timeX10.dat" --algorithm="TIME_INDEXED" --outputDir="${WORKSPACE}/experiment-suite/formal-v1/runs/pricing-comparison/pricing-wet050_003_3m-a10-w3008-sc0-time_indexed" --seedFile="${WORKSPACE}/experiment-suite/formal-v1/seeds/wet050_003_3m-a10-w3008-sc0.seed" --dueWindowHalfWidth="3008" --setupCostCoefficient="0" --outsourcingModel="none" --outsourcingUnitRate="1" --discountStrength="0" --timeLimitSeconds="10800" --maxNodes="100000"	${WORKSPACE}/experiment-suite/formal-v1/runs/pricing-comparison/pricing-wet050_003_3m-a10-w3008-sc0-time_indexed	seed-wet050_003_3m-a10-w3008-sc0	pricing-comparison
pricing-wet050_003_3m-a10-w3008-sc0-time_indexed_sri	HEU.FormalExperimentRunner	--action="solve" --runId="pricing-wet050_003_3m-a10-w3008-sc0-time_indexed_sri" --instance="${WORKSPACE}/experiment-suite/formal-v1/instances/50-3/wet050_003_3m_timeX10.dat" --algorithm="TIME_INDEXED_SRI" --outputDir="${WORKSPACE}/experiment-suite/formal-v1/runs/pricing-comparison/pricing-wet050_003_3m-a10-w3008-sc0-time_indexed_sri" --seedFile="${WORKSPACE}/experiment-suite/formal-v1/seeds/wet050_003_3m-a10-w3008-sc0.seed" --dueWindowHalfWidth="3008" --setupCostCoefficient="0" --outsourcingModel="none" --outsourcingUnitRate="1" --discountStrength="0" --timeLimitSeconds="10800" --maxNodes="100000"	${WORKSPACE}/experiment-suite/formal-v1/runs/pricing-comparison/pricing-wet050_003_3m-a10-w3008-sc0-time_indexed_sri	seed-wet050_003_3m-a10-w3008-sc0	pricing-comparison
seed-wet050_001_4m-a1-w0-sc0	HEU.FormalExperimentRunner	--action="seed" --runId="seed-wet050_001_4m-a1-w0-sc0" --instance="${WORKSPACE}/data/50-4/wet050_001_4m.dat" --seedFile="${WORKSPACE}/experiment-suite/formal-v1/seeds/wet050_001_4m-a1-w0-sc0.seed" --outputDir="${WORKSPACE}/experiment-suite/formal-v1/runs/seed-wet050_001_4m-a1-w0-sc0" --dueWindowHalfWidth="0" --setupCostCoefficient="0"	${WORKSPACE}/experiment-suite/formal-v1/runs/seed-wet050_001_4m-a1-w0-sc0		seed
pricing-wet050_001_4m-a1-w0-sc0-ng_dssr	HEU.FormalExperimentRunner	--action="solve" --runId="pricing-wet050_001_4m-a1-w0-sc0-ng_dssr" --instance="${WORKSPACE}/data/50-4/wet050_001_4m.dat" --algorithm="NG_DSSR" --outputDir="${WORKSPACE}/experiment-suite/formal-v1/runs/pricing-comparison/pricing-wet050_001_4m-a1-w0-sc0-ng_dssr" --seedFile="${WORKSPACE}/experiment-suite/formal-v1/seeds/wet050_001_4m-a1-w0-sc0.seed" --dueWindowHalfWidth="0" --setupCostCoefficient="0" --outsourcingModel="none" --outsourcingUnitRate="1" --discountStrength="0" --timeLimitSeconds="10800" --maxNodes="100000"	${WORKSPACE}/experiment-suite/formal-v1/runs/pricing-comparison/pricing-wet050_001_4m-a1-w0-sc0-ng_dssr	seed-wet050_001_4m-a1-w0-sc0	pricing-comparison
pricing-wet050_001_4m-a1-w0-sc0-time_indexed	HEU.FormalExperimentRunner	--action="solve" --runId="pricing-wet050_001_4m-a1-w0-sc0-time_indexed" --instance="${WORKSPACE}/data/50-4/wet050_001_4m.dat" --algorithm="TIME_INDEXED" --outputDir="${WORKSPACE}/experiment-suite/formal-v1/runs/pricing-comparison/pricing-wet050_001_4m-a1-w0-sc0-time_indexed" --seedFile="${WORKSPACE}/experiment-suite/formal-v1/seeds/wet050_001_4m-a1-w0-sc0.seed" --dueWindowHalfWidth="0" --setupCostCoefficient="0" --outsourcingModel="none" --outsourcingUnitRate="1" --discountStrength="0" --timeLimitSeconds="10800" --maxNodes="100000"	${WORKSPACE}/experiment-suite/formal-v1/runs/pricing-comparison/pricing-wet050_001_4m-a1-w0-sc0-time_indexed	seed-wet050_001_4m-a1-w0-sc0	pricing-comparison
pricing-wet050_001_4m-a1-w0-sc0-time_indexed_sri	HEU.FormalExperimentRunner	--action="solve" --runId="pricing-wet050_001_4m-a1-w0-sc0-time_indexed_sri" --instance="${WORKSPACE}/data/50-4/wet050_001_4m.dat" --algorithm="TIME_INDEXED_SRI" --outputDir="${WORKSPACE}/experiment-suite/formal-v1/runs/pricing-comparison/pricing-wet050_001_4m-a1-w0-sc0-time_indexed_sri" --seedFile="${WORKSPACE}/experiment-suite/formal-v1/seeds/wet050_001_4m-a1-w0-sc0.seed" --dueWindowHalfWidth="0" --setupCostCoefficient="0" --outsourcingModel="none" --outsourcingUnitRate="1" --discountStrength="0" --timeLimitSeconds="10800" --maxNodes="100000"	${WORKSPACE}/experiment-suite/formal-v1/runs/pricing-comparison/pricing-wet050_001_4m-a1-w0-sc0-time_indexed_sri	seed-wet050_001_4m-a1-w0-sc0	pricing-comparison
seed-wet050_001_4m-a1-w111-sc0	HEU.FormalExperimentRunner	--action="seed" --runId="seed-wet050_001_4m-a1-w111-sc0" --instance="${WORKSPACE}/data/50-4/wet050_001_4m.dat" --seedFile="${WORKSPACE}/experiment-suite/formal-v1/seeds/wet050_001_4m-a1-w111-sc0.seed" --outputDir="${WORKSPACE}/experiment-suite/formal-v1/runs/seed-wet050_001_4m-a1-w111-sc0" --dueWindowHalfWidth="111" --setupCostCoefficient="0"	${WORKSPACE}/experiment-suite/formal-v1/runs/seed-wet050_001_4m-a1-w111-sc0		seed
pricing-wet050_001_4m-a1-w111-sc0-ng_dssr	HEU.FormalExperimentRunner	--action="solve" --runId="pricing-wet050_001_4m-a1-w111-sc0-ng_dssr" --instance="${WORKSPACE}/data/50-4/wet050_001_4m.dat" --algorithm="NG_DSSR" --outputDir="${WORKSPACE}/experiment-suite/formal-v1/runs/pricing-comparison/pricing-wet050_001_4m-a1-w111-sc0-ng_dssr" --seedFile="${WORKSPACE}/experiment-suite/formal-v1/seeds/wet050_001_4m-a1-w111-sc0.seed" --dueWindowHalfWidth="111" --setupCostCoefficient="0" --outsourcingModel="none" --outsourcingUnitRate="1" --discountStrength="0" --timeLimitSeconds="10800" --maxNodes="100000"	${WORKSPACE}/experiment-suite/formal-v1/runs/pricing-comparison/pricing-wet050_001_4m-a1-w111-sc0-ng_dssr	seed-wet050_001_4m-a1-w111-sc0	pricing-comparison
pricing-wet050_001_4m-a1-w111-sc0-time_indexed	HEU.FormalExperimentRunner	--action="solve" --runId="pricing-wet050_001_4m-a1-w111-sc0-time_indexed" --instance="${WORKSPACE}/data/50-4/wet050_001_4m.dat" --algorithm="TIME_INDEXED" --outputDir="${WORKSPACE}/experiment-suite/formal-v1/runs/pricing-comparison/pricing-wet050_001_4m-a1-w111-sc0-time_indexed" --seedFile="${WORKSPACE}/experiment-suite/formal-v1/seeds/wet050_001_4m-a1-w111-sc0.seed" --dueWindowHalfWidth="111" --setupCostCoefficient="0" --outsourcingModel="none" --outsourcingUnitRate="1" --discountStrength="0" --timeLimitSeconds="10800" --maxNodes="100000"	${WORKSPACE}/experiment-suite/formal-v1/runs/pricing-comparison/pricing-wet050_001_4m-a1-w111-sc0-time_indexed	seed-wet050_001_4m-a1-w111-sc0	pricing-comparison
pricing-wet050_001_4m-a1-w111-sc0-time_indexed_sri	HEU.FormalExperimentRunner	--action="solve" --runId="pricing-wet050_001_4m-a1-w111-sc0-time_indexed_sri" --instance="${WORKSPACE}/data/50-4/wet050_001_4m.dat" --algorithm="TIME_INDEXED_SRI" --outputDir="${WORKSPACE}/experiment-suite/formal-v1/runs/pricing-comparison/pricing-wet050_001_4m-a1-w111-sc0-time_indexed_sri" --seedFile="${WORKSPACE}/experiment-suite/formal-v1/seeds/wet050_001_4m-a1-w111-sc0.seed" --dueWindowHalfWidth="111" --setupCostCoefficient="0" --outsourcingModel="none" --outsourcingUnitRate="1" --discountStrength="0" --timeLimitSeconds="10800" --maxNodes="100000"	${WORKSPACE}/experiment-suite/formal-v1/runs/pricing-comparison/pricing-wet050_001_4m-a1-w111-sc0-time_indexed_sri	seed-wet050_001_4m-a1-w111-sc0	pricing-comparison
seed-wet050_001_4m-a1-w333-sc0	HEU.FormalExperimentRunner	--action="seed" --runId="seed-wet050_001_4m-a1-w333-sc0" --instance="${WORKSPACE}/data/50-4/wet050_001_4m.dat" --seedFile="${WORKSPACE}/experiment-suite/formal-v1/seeds/wet050_001_4m-a1-w333-sc0.seed" --outputDir="${WORKSPACE}/experiment-suite/formal-v1/runs/seed-wet050_001_4m-a1-w333-sc0" --dueWindowHalfWidth="333" --setupCostCoefficient="0"	${WORKSPACE}/experiment-suite/formal-v1/runs/seed-wet050_001_4m-a1-w333-sc0		seed
pricing-wet050_001_4m-a1-w333-sc0-ng_dssr	HEU.FormalExperimentRunner	--action="solve" --runId="pricing-wet050_001_4m-a1-w333-sc0-ng_dssr" --instance="${WORKSPACE}/data/50-4/wet050_001_4m.dat" --algorithm="NG_DSSR" --outputDir="${WORKSPACE}/experiment-suite/formal-v1/runs/pricing-comparison/pricing-wet050_001_4m-a1-w333-sc0-ng_dssr" --seedFile="${WORKSPACE}/experiment-suite/formal-v1/seeds/wet050_001_4m-a1-w333-sc0.seed" --dueWindowHalfWidth="333" --setupCostCoefficient="0" --outsourcingModel="none" --outsourcingUnitRate="1" --discountStrength="0" --timeLimitSeconds="10800" --maxNodes="100000"	${WORKSPACE}/experiment-suite/formal-v1/runs/pricing-comparison/pricing-wet050_001_4m-a1-w333-sc0-ng_dssr	seed-wet050_001_4m-a1-w333-sc0	pricing-comparison
pricing-wet050_001_4m-a1-w333-sc0-time_indexed	HEU.FormalExperimentRunner	--action="solve" --runId="pricing-wet050_001_4m-a1-w333-sc0-time_indexed" --instance="${WORKSPACE}/data/50-4/wet050_001_4m.dat" --algorithm="TIME_INDEXED" --outputDir="${WORKSPACE}/experiment-suite/formal-v1/runs/pricing-comparison/pricing-wet050_001_4m-a1-w333-sc0-time_indexed" --seedFile="${WORKSPACE}/experiment-suite/formal-v1/seeds/wet050_001_4m-a1-w333-sc0.seed" --dueWindowHalfWidth="333" --setupCostCoefficient="0" --outsourcingModel="none" --outsourcingUnitRate="1" --discountStrength="0" --timeLimitSeconds="10800" --maxNodes="100000"	${WORKSPACE}/experiment-suite/formal-v1/runs/pricing-comparison/pricing-wet050_001_4m-a1-w333-sc0-time_indexed	seed-wet050_001_4m-a1-w333-sc0	pricing-comparison
pricing-wet050_001_4m-a1-w333-sc0-time_indexed_sri	HEU.FormalExperimentRunner	--action="solve" --runId="pricing-wet050_001_4m-a1-w333-sc0-time_indexed_sri" --instance="${WORKSPACE}/data/50-4/wet050_001_4m.dat" --algorithm="TIME_INDEXED_SRI" --outputDir="${WORKSPACE}/experiment-suite/formal-v1/runs/pricing-comparison/pricing-wet050_001_4m-a1-w333-sc0-time_indexed_sri" --seedFile="${WORKSPACE}/experiment-suite/formal-v1/seeds/wet050_001_4m-a1-w333-sc0.seed" --dueWindowHalfWidth="333" --setupCostCoefficient="0" --outsourcingModel="none" --outsourcingUnitRate="1" --discountStrength="0" --timeLimitSeconds="10800" --maxNodes="100000"	${WORKSPACE}/experiment-suite/formal-v1/runs/pricing-comparison/pricing-wet050_001_4m-a1-w333-sc0-time_indexed_sri	seed-wet050_001_4m-a1-w333-sc0	pricing-comparison
seed-wet050_001_4m-a5-w0-sc0	HEU.FormalExperimentRunner	--action="seed" --runId="seed-wet050_001_4m-a5-w0-sc0" --instance="${WORKSPACE}/experiment-suite/formal-v1/instances/50-4/wet050_001_4m_timeX5.dat" --seedFile="${WORKSPACE}/experiment-suite/formal-v1/seeds/wet050_001_4m-a5-w0-sc0.seed" --outputDir="${WORKSPACE}/experiment-suite/formal-v1/runs/seed-wet050_001_4m-a5-w0-sc0" --dueWindowHalfWidth="0" --setupCostCoefficient="0"	${WORKSPACE}/experiment-suite/formal-v1/runs/seed-wet050_001_4m-a5-w0-sc0		seed
pricing-wet050_001_4m-a5-w0-sc0-ng_dssr	HEU.FormalExperimentRunner	--action="solve" --runId="pricing-wet050_001_4m-a5-w0-sc0-ng_dssr" --instance="${WORKSPACE}/experiment-suite/formal-v1/instances/50-4/wet050_001_4m_timeX5.dat" --algorithm="NG_DSSR" --outputDir="${WORKSPACE}/experiment-suite/formal-v1/runs/pricing-comparison/pricing-wet050_001_4m-a5-w0-sc0-ng_dssr" --seedFile="${WORKSPACE}/experiment-suite/formal-v1/seeds/wet050_001_4m-a5-w0-sc0.seed" --dueWindowHalfWidth="0" --setupCostCoefficient="0" --outsourcingModel="none" --outsourcingUnitRate="1" --discountStrength="0" --timeLimitSeconds="10800" --maxNodes="100000"	${WORKSPACE}/experiment-suite/formal-v1/runs/pricing-comparison/pricing-wet050_001_4m-a5-w0-sc0-ng_dssr	seed-wet050_001_4m-a5-w0-sc0	pricing-comparison
pricing-wet050_001_4m-a5-w0-sc0-time_indexed	HEU.FormalExperimentRunner	--action="solve" --runId="pricing-wet050_001_4m-a5-w0-sc0-time_indexed" --instance="${WORKSPACE}/experiment-suite/formal-v1/instances/50-4/wet050_001_4m_timeX5.dat" --algorithm="TIME_INDEXED" --outputDir="${WORKSPACE}/experiment-suite/formal-v1/runs/pricing-comparison/pricing-wet050_001_4m-a5-w0-sc0-time_indexed" --seedFile="${WORKSPACE}/experiment-suite/formal-v1/seeds/wet050_001_4m-a5-w0-sc0.seed" --dueWindowHalfWidth="0" --setupCostCoefficient="0" --outsourcingModel="none" --outsourcingUnitRate="1" --discountStrength="0" --timeLimitSeconds="10800" --maxNodes="100000"	${WORKSPACE}/experiment-suite/formal-v1/runs/pricing-comparison/pricing-wet050_001_4m-a5-w0-sc0-time_indexed	seed-wet050_001_4m-a5-w0-sc0	pricing-comparison
pricing-wet050_001_4m-a5-w0-sc0-time_indexed_sri	HEU.FormalExperimentRunner	--action="solve" --runId="pricing-wet050_001_4m-a5-w0-sc0-time_indexed_sri" --instance="${WORKSPACE}/experiment-suite/formal-v1/instances/50-4/wet050_001_4m_timeX5.dat" --algorithm="TIME_INDEXED_SRI" --outputDir="${WORKSPACE}/experiment-suite/formal-v1/runs/pricing-comparison/pricing-wet050_001_4m-a5-w0-sc0-time_indexed_sri" --seedFile="${WORKSPACE}/experiment-suite/formal-v1/seeds/wet050_001_4m-a5-w0-sc0.seed" --dueWindowHalfWidth="0" --setupCostCoefficient="0" --outsourcingModel="none" --outsourcingUnitRate="1" --discountStrength="0" --timeLimitSeconds="10800" --maxNodes="100000"	${WORKSPACE}/experiment-suite/formal-v1/runs/pricing-comparison/pricing-wet050_001_4m-a5-w0-sc0-time_indexed_sri	seed-wet050_001_4m-a5-w0-sc0	pricing-comparison
seed-wet050_001_4m-a5-w555-sc0	HEU.FormalExperimentRunner	--action="seed" --runId="seed-wet050_001_4m-a5-w555-sc0" --instance="${WORKSPACE}/experiment-suite/formal-v1/instances/50-4/wet050_001_4m_timeX5.dat" --seedFile="${WORKSPACE}/experiment-suite/formal-v1/seeds/wet050_001_4m-a5-w555-sc0.seed" --outputDir="${WORKSPACE}/experiment-suite/formal-v1/runs/seed-wet050_001_4m-a5-w555-sc0" --dueWindowHalfWidth="555" --setupCostCoefficient="0"	${WORKSPACE}/experiment-suite/formal-v1/runs/seed-wet050_001_4m-a5-w555-sc0		seed
pricing-wet050_001_4m-a5-w555-sc0-ng_dssr	HEU.FormalExperimentRunner	--action="solve" --runId="pricing-wet050_001_4m-a5-w555-sc0-ng_dssr" --instance="${WORKSPACE}/experiment-suite/formal-v1/instances/50-4/wet050_001_4m_timeX5.dat" --algorithm="NG_DSSR" --outputDir="${WORKSPACE}/experiment-suite/formal-v1/runs/pricing-comparison/pricing-wet050_001_4m-a5-w555-sc0-ng_dssr" --seedFile="${WORKSPACE}/experiment-suite/formal-v1/seeds/wet050_001_4m-a5-w555-sc0.seed" --dueWindowHalfWidth="555" --setupCostCoefficient="0" --outsourcingModel="none" --outsourcingUnitRate="1" --discountStrength="0" --timeLimitSeconds="10800" --maxNodes="100000"	${WORKSPACE}/experiment-suite/formal-v1/runs/pricing-comparison/pricing-wet050_001_4m-a5-w555-sc0-ng_dssr	seed-wet050_001_4m-a5-w555-sc0	pricing-comparison
pricing-wet050_001_4m-a5-w555-sc0-time_indexed	HEU.FormalExperimentRunner	--action="solve" --runId="pricing-wet050_001_4m-a5-w555-sc0-time_indexed" --instance="${WORKSPACE}/experiment-suite/formal-v1/instances/50-4/wet050_001_4m_timeX5.dat" --algorithm="TIME_INDEXED" --outputDir="${WORKSPACE}/experiment-suite/formal-v1/runs/pricing-comparison/pricing-wet050_001_4m-a5-w555-sc0-time_indexed" --seedFile="${WORKSPACE}/experiment-suite/formal-v1/seeds/wet050_001_4m-a5-w555-sc0.seed" --dueWindowHalfWidth="555" --setupCostCoefficient="0" --outsourcingModel="none" --outsourcingUnitRate="1" --discountStrength="0" --timeLimitSeconds="10800" --maxNodes="100000"	${WORKSPACE}/experiment-suite/formal-v1/runs/pricing-comparison/pricing-wet050_001_4m-a5-w555-sc0-time_indexed	seed-wet050_001_4m-a5-w555-sc0	pricing-comparison
pricing-wet050_001_4m-a5-w555-sc0-time_indexed_sri	HEU.FormalExperimentRunner	--action="solve" --runId="pricing-wet050_001_4m-a5-w555-sc0-time_indexed_sri" --instance="${WORKSPACE}/experiment-suite/formal-v1/instances/50-4/wet050_001_4m_timeX5.dat" --algorithm="TIME_INDEXED_SRI" --outputDir="${WORKSPACE}/experiment-suite/formal-v1/runs/pricing-comparison/pricing-wet050_001_4m-a5-w555-sc0-time_indexed_sri" --seedFile="${WORKSPACE}/experiment-suite/formal-v1/seeds/wet050_001_4m-a5-w555-sc0.seed" --dueWindowHalfWidth="555" --setupCostCoefficient="0" --outsourcingModel="none" --outsourcingUnitRate="1" --discountStrength="0" --timeLimitSeconds="10800" --maxNodes="100000"	${WORKSPACE}/experiment-suite/formal-v1/runs/pricing-comparison/pricing-wet050_001_4m-a5-w555-sc0-time_indexed_sri	seed-wet050_001_4m-a5-w555-sc0	pricing-comparison
seed-wet050_001_4m-a5-w1665-sc0	HEU.FormalExperimentRunner	--action="seed" --runId="seed-wet050_001_4m-a5-w1665-sc0" --instance="${WORKSPACE}/experiment-suite/formal-v1/instances/50-4/wet050_001_4m_timeX5.dat" --seedFile="${WORKSPACE}/experiment-suite/formal-v1/seeds/wet050_001_4m-a5-w1665-sc0.seed" --outputDir="${WORKSPACE}/experiment-suite/formal-v1/runs/seed-wet050_001_4m-a5-w1665-sc0" --dueWindowHalfWidth="1665" --setupCostCoefficient="0"	${WORKSPACE}/experiment-suite/formal-v1/runs/seed-wet050_001_4m-a5-w1665-sc0		seed
pricing-wet050_001_4m-a5-w1665-sc0-ng_dssr	HEU.FormalExperimentRunner	--action="solve" --runId="pricing-wet050_001_4m-a5-w1665-sc0-ng_dssr" --instance="${WORKSPACE}/experiment-suite/formal-v1/instances/50-4/wet050_001_4m_timeX5.dat" --algorithm="NG_DSSR" --outputDir="${WORKSPACE}/experiment-suite/formal-v1/runs/pricing-comparison/pricing-wet050_001_4m-a5-w1665-sc0-ng_dssr" --seedFile="${WORKSPACE}/experiment-suite/formal-v1/seeds/wet050_001_4m-a5-w1665-sc0.seed" --dueWindowHalfWidth="1665" --setupCostCoefficient="0" --outsourcingModel="none" --outsourcingUnitRate="1" --discountStrength="0" --timeLimitSeconds="10800" --maxNodes="100000"	${WORKSPACE}/experiment-suite/formal-v1/runs/pricing-comparison/pricing-wet050_001_4m-a5-w1665-sc0-ng_dssr	seed-wet050_001_4m-a5-w1665-sc0	pricing-comparison
pricing-wet050_001_4m-a5-w1665-sc0-time_indexed	HEU.FormalExperimentRunner	--action="solve" --runId="pricing-wet050_001_4m-a5-w1665-sc0-time_indexed" --instance="${WORKSPACE}/experiment-suite/formal-v1/instances/50-4/wet050_001_4m_timeX5.dat" --algorithm="TIME_INDEXED" --outputDir="${WORKSPACE}/experiment-suite/formal-v1/runs/pricing-comparison/pricing-wet050_001_4m-a5-w1665-sc0-time_indexed" --seedFile="${WORKSPACE}/experiment-suite/formal-v1/seeds/wet050_001_4m-a5-w1665-sc0.seed" --dueWindowHalfWidth="1665" --setupCostCoefficient="0" --outsourcingModel="none" --outsourcingUnitRate="1" --discountStrength="0" --timeLimitSeconds="10800" --maxNodes="100000"	${WORKSPACE}/experiment-suite/formal-v1/runs/pricing-comparison/pricing-wet050_001_4m-a5-w1665-sc0-time_indexed	seed-wet050_001_4m-a5-w1665-sc0	pricing-comparison
pricing-wet050_001_4m-a5-w1665-sc0-time_indexed_sri	HEU.FormalExperimentRunner	--action="solve" --runId="pricing-wet050_001_4m-a5-w1665-sc0-time_indexed_sri" --instance="${WORKSPACE}/experiment-suite/formal-v1/instances/50-4/wet050_001_4m_timeX5.dat" --algorithm="TIME_INDEXED_SRI" --outputDir="${WORKSPACE}/experiment-suite/formal-v1/runs/pricing-comparison/pricing-wet050_001_4m-a5-w1665-sc0-time_indexed_sri" --seedFile="${WORKSPACE}/experiment-suite/formal-v1/seeds/wet050_001_4m-a5-w1665-sc0.seed" --dueWindowHalfWidth="1665" --setupCostCoefficient="0" --outsourcingModel="none" --outsourcingUnitRate="1" --discountStrength="0" --timeLimitSeconds="10800" --maxNodes="100000"	${WORKSPACE}/experiment-suite/formal-v1/runs/pricing-comparison/pricing-wet050_001_4m-a5-w1665-sc0-time_indexed_sri	seed-wet050_001_4m-a5-w1665-sc0	pricing-comparison
seed-wet050_001_4m-a10-w0-sc0	HEU.FormalExperimentRunner	--action="seed" --runId="seed-wet050_001_4m-a10-w0-sc0" --instance="${WORKSPACE}/experiment-suite/formal-v1/instances/50-4/wet050_001_4m_timeX10.dat" --seedFile="${WORKSPACE}/experiment-suite/formal-v1/seeds/wet050_001_4m-a10-w0-sc0.seed" --outputDir="${WORKSPACE}/experiment-suite/formal-v1/runs/seed-wet050_001_4m-a10-w0-sc0" --dueWindowHalfWidth="0" --setupCostCoefficient="0"	${WORKSPACE}/experiment-suite/formal-v1/runs/seed-wet050_001_4m-a10-w0-sc0		seed
pricing-wet050_001_4m-a10-w0-sc0-ng_dssr	HEU.FormalExperimentRunner	--action="solve" --runId="pricing-wet050_001_4m-a10-w0-sc0-ng_dssr" --instance="${WORKSPACE}/experiment-suite/formal-v1/instances/50-4/wet050_001_4m_timeX10.dat" --algorithm="NG_DSSR" --outputDir="${WORKSPACE}/experiment-suite/formal-v1/runs/pricing-comparison/pricing-wet050_001_4m-a10-w0-sc0-ng_dssr" --seedFile="${WORKSPACE}/experiment-suite/formal-v1/seeds/wet050_001_4m-a10-w0-sc0.seed" --dueWindowHalfWidth="0" --setupCostCoefficient="0" --outsourcingModel="none" --outsourcingUnitRate="1" --discountStrength="0" --timeLimitSeconds="10800" --maxNodes="100000"	${WORKSPACE}/experiment-suite/formal-v1/runs/pricing-comparison/pricing-wet050_001_4m-a10-w0-sc0-ng_dssr	seed-wet050_001_4m-a10-w0-sc0	pricing-comparison
pricing-wet050_001_4m-a10-w0-sc0-time_indexed	HEU.FormalExperimentRunner	--action="solve" --runId="pricing-wet050_001_4m-a10-w0-sc0-time_indexed" --instance="${WORKSPACE}/experiment-suite/formal-v1/instances/50-4/wet050_001_4m_timeX10.dat" --algorithm="TIME_INDEXED" --outputDir="${WORKSPACE}/experiment-suite/formal-v1/runs/pricing-comparison/pricing-wet050_001_4m-a10-w0-sc0-time_indexed" --seedFile="${WORKSPACE}/experiment-suite/formal-v1/seeds/wet050_001_4m-a10-w0-sc0.seed" --dueWindowHalfWidth="0" --setupCostCoefficient="0" --outsourcingModel="none" --outsourcingUnitRate="1" --discountStrength="0" --timeLimitSeconds="10800" --maxNodes="100000"	${WORKSPACE}/experiment-suite/formal-v1/runs/pricing-comparison/pricing-wet050_001_4m-a10-w0-sc0-time_indexed	seed-wet050_001_4m-a10-w0-sc0	pricing-comparison
pricing-wet050_001_4m-a10-w0-sc0-time_indexed_sri	HEU.FormalExperimentRunner	--action="solve" --runId="pricing-wet050_001_4m-a10-w0-sc0-time_indexed_sri" --instance="${WORKSPACE}/experiment-suite/formal-v1/instances/50-4/wet050_001_4m_timeX10.dat" --algorithm="TIME_INDEXED_SRI" --outputDir="${WORKSPACE}/experiment-suite/formal-v1/runs/pricing-comparison/pricing-wet050_001_4m-a10-w0-sc0-time_indexed_sri" --seedFile="${WORKSPACE}/experiment-suite/formal-v1/seeds/wet050_001_4m-a10-w0-sc0.seed" --dueWindowHalfWidth="0" --setupCostCoefficient="0" --outsourcingModel="none" --outsourcingUnitRate="1" --discountStrength="0" --timeLimitSeconds="10800" --maxNodes="100000"	${WORKSPACE}/experiment-suite/formal-v1/runs/pricing-comparison/pricing-wet050_001_4m-a10-w0-sc0-time_indexed_sri	seed-wet050_001_4m-a10-w0-sc0	pricing-comparison
seed-wet050_001_4m-a10-w1110-sc0	HEU.FormalExperimentRunner	--action="seed" --runId="seed-wet050_001_4m-a10-w1110-sc0" --instance="${WORKSPACE}/experiment-suite/formal-v1/instances/50-4/wet050_001_4m_timeX10.dat" --seedFile="${WORKSPACE}/experiment-suite/formal-v1/seeds/wet050_001_4m-a10-w1110-sc0.seed" --outputDir="${WORKSPACE}/experiment-suite/formal-v1/runs/seed-wet050_001_4m-a10-w1110-sc0" --dueWindowHalfWidth="1110" --setupCostCoefficient="0"	${WORKSPACE}/experiment-suite/formal-v1/runs/seed-wet050_001_4m-a10-w1110-sc0		seed
pricing-wet050_001_4m-a10-w1110-sc0-ng_dssr	HEU.FormalExperimentRunner	--action="solve" --runId="pricing-wet050_001_4m-a10-w1110-sc0-ng_dssr" --instance="${WORKSPACE}/experiment-suite/formal-v1/instances/50-4/wet050_001_4m_timeX10.dat" --algorithm="NG_DSSR" --outputDir="${WORKSPACE}/experiment-suite/formal-v1/runs/pricing-comparison/pricing-wet050_001_4m-a10-w1110-sc0-ng_dssr" --seedFile="${WORKSPACE}/experiment-suite/formal-v1/seeds/wet050_001_4m-a10-w1110-sc0.seed" --dueWindowHalfWidth="1110" --setupCostCoefficient="0" --outsourcingModel="none" --outsourcingUnitRate="1" --discountStrength="0" --timeLimitSeconds="10800" --maxNodes="100000"	${WORKSPACE}/experiment-suite/formal-v1/runs/pricing-comparison/pricing-wet050_001_4m-a10-w1110-sc0-ng_dssr	seed-wet050_001_4m-a10-w1110-sc0	pricing-comparison
pricing-wet050_001_4m-a10-w1110-sc0-time_indexed	HEU.FormalExperimentRunner	--action="solve" --runId="pricing-wet050_001_4m-a10-w1110-sc0-time_indexed" --instance="${WORKSPACE}/experiment-suite/formal-v1/instances/50-4/wet050_001_4m_timeX10.dat" --algorithm="TIME_INDEXED" --outputDir="${WORKSPACE}/experiment-suite/formal-v1/runs/pricing-comparison/pricing-wet050_001_4m-a10-w1110-sc0-time_indexed" --seedFile="${WORKSPACE}/experiment-suite/formal-v1/seeds/wet050_001_4m-a10-w1110-sc0.seed" --dueWindowHalfWidth="1110" --setupCostCoefficient="0" --outsourcingModel="none" --outsourcingUnitRate="1" --discountStrength="0" --timeLimitSeconds="10800" --maxNodes="100000"	${WORKSPACE}/experiment-suite/formal-v1/runs/pricing-comparison/pricing-wet050_001_4m-a10-w1110-sc0-time_indexed	seed-wet050_001_4m-a10-w1110-sc0	pricing-comparison
pricing-wet050_001_4m-a10-w1110-sc0-time_indexed_sri	HEU.FormalExperimentRunner	--action="solve" --runId="pricing-wet050_001_4m-a10-w1110-sc0-time_indexed_sri" --instance="${WORKSPACE}/experiment-suite/formal-v1/instances/50-4/wet050_001_4m_timeX10.dat" --algorithm="TIME_INDEXED_SRI" --outputDir="${WORKSPACE}/experiment-suite/formal-v1/runs/pricing-comparison/pricing-wet050_001_4m-a10-w1110-sc0-time_indexed_sri" --seedFile="${WORKSPACE}/experiment-suite/formal-v1/seeds/wet050_001_4m-a10-w1110-sc0.seed" --dueWindowHalfWidth="1110" --setupCostCoefficient="0" --outsourcingModel="none" --outsourcingUnitRate="1" --discountStrength="0" --timeLimitSeconds="10800" --maxNodes="100000"	${WORKSPACE}/experiment-suite/formal-v1/runs/pricing-comparison/pricing-wet050_001_4m-a10-w1110-sc0-time_indexed_sri	seed-wet050_001_4m-a10-w1110-sc0	pricing-comparison
seed-wet050_001_4m-a10-w3330-sc0	HEU.FormalExperimentRunner	--action="seed" --runId="seed-wet050_001_4m-a10-w3330-sc0" --instance="${WORKSPACE}/experiment-suite/formal-v1/instances/50-4/wet050_001_4m_timeX10.dat" --seedFile="${WORKSPACE}/experiment-suite/formal-v1/seeds/wet050_001_4m-a10-w3330-sc0.seed" --outputDir="${WORKSPACE}/experiment-suite/formal-v1/runs/seed-wet050_001_4m-a10-w3330-sc0" --dueWindowHalfWidth="3330" --setupCostCoefficient="0"	${WORKSPACE}/experiment-suite/formal-v1/runs/seed-wet050_001_4m-a10-w3330-sc0		seed
pricing-wet050_001_4m-a10-w3330-sc0-ng_dssr	HEU.FormalExperimentRunner	--action="solve" --runId="pricing-wet050_001_4m-a10-w3330-sc0-ng_dssr" --instance="${WORKSPACE}/experiment-suite/formal-v1/instances/50-4/wet050_001_4m_timeX10.dat" --algorithm="NG_DSSR" --outputDir="${WORKSPACE}/experiment-suite/formal-v1/runs/pricing-comparison/pricing-wet050_001_4m-a10-w3330-sc0-ng_dssr" --seedFile="${WORKSPACE}/experiment-suite/formal-v1/seeds/wet050_001_4m-a10-w3330-sc0.seed" --dueWindowHalfWidth="3330" --setupCostCoefficient="0" --outsourcingModel="none" --outsourcingUnitRate="1" --discountStrength="0" --timeLimitSeconds="10800" --maxNodes="100000"	${WORKSPACE}/experiment-suite/formal-v1/runs/pricing-comparison/pricing-wet050_001_4m-a10-w3330-sc0-ng_dssr	seed-wet050_001_4m-a10-w3330-sc0	pricing-comparison
pricing-wet050_001_4m-a10-w3330-sc0-time_indexed	HEU.FormalExperimentRunner	--action="solve" --runId="pricing-wet050_001_4m-a10-w3330-sc0-time_indexed" --instance="${WORKSPACE}/experiment-suite/formal-v1/instances/50-4/wet050_001_4m_timeX10.dat" --algorithm="TIME_INDEXED" --outputDir="${WORKSPACE}/experiment-suite/formal-v1/runs/pricing-comparison/pricing-wet050_001_4m-a10-w3330-sc0-time_indexed" --seedFile="${WORKSPACE}/experiment-suite/formal-v1/seeds/wet050_001_4m-a10-w3330-sc0.seed" --dueWindowHalfWidth="3330" --setupCostCoefficient="0" --outsourcingModel="none" --outsourcingUnitRate="1" --discountStrength="0" --timeLimitSeconds="10800" --maxNodes="100000"	${WORKSPACE}/experiment-suite/formal-v1/runs/pricing-comparison/pricing-wet050_001_4m-a10-w3330-sc0-time_indexed	seed-wet050_001_4m-a10-w3330-sc0	pricing-comparison
pricing-wet050_001_4m-a10-w3330-sc0-time_indexed_sri	HEU.FormalExperimentRunner	--action="solve" --runId="pricing-wet050_001_4m-a10-w3330-sc0-time_indexed_sri" --instance="${WORKSPACE}/experiment-suite/formal-v1/instances/50-4/wet050_001_4m_timeX10.dat" --algorithm="TIME_INDEXED_SRI" --outputDir="${WORKSPACE}/experiment-suite/formal-v1/runs/pricing-comparison/pricing-wet050_001_4m-a10-w3330-sc0-time_indexed_sri" --seedFile="${WORKSPACE}/experiment-suite/formal-v1/seeds/wet050_001_4m-a10-w3330-sc0.seed" --dueWindowHalfWidth="3330" --setupCostCoefficient="0" --outsourcingModel="none" --outsourcingUnitRate="1" --discountStrength="0" --timeLimitSeconds="10800" --maxNodes="100000"	${WORKSPACE}/experiment-suite/formal-v1/runs/pricing-comparison/pricing-wet050_001_4m-a10-w3330-sc0-time_indexed_sri	seed-wet050_001_4m-a10-w3330-sc0	pricing-comparison
seed-wet050_002_4m-a1-w0-sc0	HEU.FormalExperimentRunner	--action="seed" --runId="seed-wet050_002_4m-a1-w0-sc0" --instance="${WORKSPACE}/data/50-4/wet050_002_4m.dat" --seedFile="${WORKSPACE}/experiment-suite/formal-v1/seeds/wet050_002_4m-a1-w0-sc0.seed" --outputDir="${WORKSPACE}/experiment-suite/formal-v1/runs/seed-wet050_002_4m-a1-w0-sc0" --dueWindowHalfWidth="0" --setupCostCoefficient="0"	${WORKSPACE}/experiment-suite/formal-v1/runs/seed-wet050_002_4m-a1-w0-sc0		seed
pricing-wet050_002_4m-a1-w0-sc0-ng_dssr	HEU.FormalExperimentRunner	--action="solve" --runId="pricing-wet050_002_4m-a1-w0-sc0-ng_dssr" --instance="${WORKSPACE}/data/50-4/wet050_002_4m.dat" --algorithm="NG_DSSR" --outputDir="${WORKSPACE}/experiment-suite/formal-v1/runs/pricing-comparison/pricing-wet050_002_4m-a1-w0-sc0-ng_dssr" --seedFile="${WORKSPACE}/experiment-suite/formal-v1/seeds/wet050_002_4m-a1-w0-sc0.seed" --dueWindowHalfWidth="0" --setupCostCoefficient="0" --outsourcingModel="none" --outsourcingUnitRate="1" --discountStrength="0" --timeLimitSeconds="10800" --maxNodes="100000"	${WORKSPACE}/experiment-suite/formal-v1/runs/pricing-comparison/pricing-wet050_002_4m-a1-w0-sc0-ng_dssr	seed-wet050_002_4m-a1-w0-sc0	pricing-comparison
pricing-wet050_002_4m-a1-w0-sc0-time_indexed	HEU.FormalExperimentRunner	--action="solve" --runId="pricing-wet050_002_4m-a1-w0-sc0-time_indexed" --instance="${WORKSPACE}/data/50-4/wet050_002_4m.dat" --algorithm="TIME_INDEXED" --outputDir="${WORKSPACE}/experiment-suite/formal-v1/runs/pricing-comparison/pricing-wet050_002_4m-a1-w0-sc0-time_indexed" --seedFile="${WORKSPACE}/experiment-suite/formal-v1/seeds/wet050_002_4m-a1-w0-sc0.seed" --dueWindowHalfWidth="0" --setupCostCoefficient="0" --outsourcingModel="none" --outsourcingUnitRate="1" --discountStrength="0" --timeLimitSeconds="10800" --maxNodes="100000"	${WORKSPACE}/experiment-suite/formal-v1/runs/pricing-comparison/pricing-wet050_002_4m-a1-w0-sc0-time_indexed	seed-wet050_002_4m-a1-w0-sc0	pricing-comparison
pricing-wet050_002_4m-a1-w0-sc0-time_indexed_sri	HEU.FormalExperimentRunner	--action="solve" --runId="pricing-wet050_002_4m-a1-w0-sc0-time_indexed_sri" --instance="${WORKSPACE}/data/50-4/wet050_002_4m.dat" --algorithm="TIME_INDEXED_SRI" --outputDir="${WORKSPACE}/experiment-suite/formal-v1/runs/pricing-comparison/pricing-wet050_002_4m-a1-w0-sc0-time_indexed_sri" --seedFile="${WORKSPACE}/experiment-suite/formal-v1/seeds/wet050_002_4m-a1-w0-sc0.seed" --dueWindowHalfWidth="0" --setupCostCoefficient="0" --outsourcingModel="none" --outsourcingUnitRate="1" --discountStrength="0" --timeLimitSeconds="10800" --maxNodes="100000"	${WORKSPACE}/experiment-suite/formal-v1/runs/pricing-comparison/pricing-wet050_002_4m-a1-w0-sc0-time_indexed_sri	seed-wet050_002_4m-a1-w0-sc0	pricing-comparison
seed-wet050_002_4m-a1-w104-sc0	HEU.FormalExperimentRunner	--action="seed" --runId="seed-wet050_002_4m-a1-w104-sc0" --instance="${WORKSPACE}/data/50-4/wet050_002_4m.dat" --seedFile="${WORKSPACE}/experiment-suite/formal-v1/seeds/wet050_002_4m-a1-w104-sc0.seed" --outputDir="${WORKSPACE}/experiment-suite/formal-v1/runs/seed-wet050_002_4m-a1-w104-sc0" --dueWindowHalfWidth="104" --setupCostCoefficient="0"	${WORKSPACE}/experiment-suite/formal-v1/runs/seed-wet050_002_4m-a1-w104-sc0		seed
pricing-wet050_002_4m-a1-w104-sc0-ng_dssr	HEU.FormalExperimentRunner	--action="solve" --runId="pricing-wet050_002_4m-a1-w104-sc0-ng_dssr" --instance="${WORKSPACE}/data/50-4/wet050_002_4m.dat" --algorithm="NG_DSSR" --outputDir="${WORKSPACE}/experiment-suite/formal-v1/runs/pricing-comparison/pricing-wet050_002_4m-a1-w104-sc0-ng_dssr" --seedFile="${WORKSPACE}/experiment-suite/formal-v1/seeds/wet050_002_4m-a1-w104-sc0.seed" --dueWindowHalfWidth="104" --setupCostCoefficient="0" --outsourcingModel="none" --outsourcingUnitRate="1" --discountStrength="0" --timeLimitSeconds="10800" --maxNodes="100000"	${WORKSPACE}/experiment-suite/formal-v1/runs/pricing-comparison/pricing-wet050_002_4m-a1-w104-sc0-ng_dssr	seed-wet050_002_4m-a1-w104-sc0	pricing-comparison
pricing-wet050_002_4m-a1-w104-sc0-time_indexed	HEU.FormalExperimentRunner	--action="solve" --runId="pricing-wet050_002_4m-a1-w104-sc0-time_indexed" --instance="${WORKSPACE}/data/50-4/wet050_002_4m.dat" --algorithm="TIME_INDEXED" --outputDir="${WORKSPACE}/experiment-suite/formal-v1/runs/pricing-comparison/pricing-wet050_002_4m-a1-w104-sc0-time_indexed" --seedFile="${WORKSPACE}/experiment-suite/formal-v1/seeds/wet050_002_4m-a1-w104-sc0.seed" --dueWindowHalfWidth="104" --setupCostCoefficient="0" --outsourcingModel="none" --outsourcingUnitRate="1" --discountStrength="0" --timeLimitSeconds="10800" --maxNodes="100000"	${WORKSPACE}/experiment-suite/formal-v1/runs/pricing-comparison/pricing-wet050_002_4m-a1-w104-sc0-time_indexed	seed-wet050_002_4m-a1-w104-sc0	pricing-comparison
pricing-wet050_002_4m-a1-w104-sc0-time_indexed_sri	HEU.FormalExperimentRunner	--action="solve" --runId="pricing-wet050_002_4m-a1-w104-sc0-time_indexed_sri" --instance="${WORKSPACE}/data/50-4/wet050_002_4m.dat" --algorithm="TIME_INDEXED_SRI" --outputDir="${WORKSPACE}/experiment-suite/formal-v1/runs/pricing-comparison/pricing-wet050_002_4m-a1-w104-sc0-time_indexed_sri" --seedFile="${WORKSPACE}/experiment-suite/formal-v1/seeds/wet050_002_4m-a1-w104-sc0.seed" --dueWindowHalfWidth="104" --setupCostCoefficient="0" --outsourcingModel="none" --outsourcingUnitRate="1" --discountStrength="0" --timeLimitSeconds="10800" --maxNodes="100000"	${WORKSPACE}/experiment-suite/formal-v1/runs/pricing-comparison/pricing-wet050_002_4m-a1-w104-sc0-time_indexed_sri	seed-wet050_002_4m-a1-w104-sc0	pricing-comparison
seed-wet050_002_4m-a1-w312-sc0	HEU.FormalExperimentRunner	--action="seed" --runId="seed-wet050_002_4m-a1-w312-sc0" --instance="${WORKSPACE}/data/50-4/wet050_002_4m.dat" --seedFile="${WORKSPACE}/experiment-suite/formal-v1/seeds/wet050_002_4m-a1-w312-sc0.seed" --outputDir="${WORKSPACE}/experiment-suite/formal-v1/runs/seed-wet050_002_4m-a1-w312-sc0" --dueWindowHalfWidth="312" --setupCostCoefficient="0"	${WORKSPACE}/experiment-suite/formal-v1/runs/seed-wet050_002_4m-a1-w312-sc0		seed
pricing-wet050_002_4m-a1-w312-sc0-ng_dssr	HEU.FormalExperimentRunner	--action="solve" --runId="pricing-wet050_002_4m-a1-w312-sc0-ng_dssr" --instance="${WORKSPACE}/data/50-4/wet050_002_4m.dat" --algorithm="NG_DSSR" --outputDir="${WORKSPACE}/experiment-suite/formal-v1/runs/pricing-comparison/pricing-wet050_002_4m-a1-w312-sc0-ng_dssr" --seedFile="${WORKSPACE}/experiment-suite/formal-v1/seeds/wet050_002_4m-a1-w312-sc0.seed" --dueWindowHalfWidth="312" --setupCostCoefficient="0" --outsourcingModel="none" --outsourcingUnitRate="1" --discountStrength="0" --timeLimitSeconds="10800" --maxNodes="100000"	${WORKSPACE}/experiment-suite/formal-v1/runs/pricing-comparison/pricing-wet050_002_4m-a1-w312-sc0-ng_dssr	seed-wet050_002_4m-a1-w312-sc0	pricing-comparison
pricing-wet050_002_4m-a1-w312-sc0-time_indexed	HEU.FormalExperimentRunner	--action="solve" --runId="pricing-wet050_002_4m-a1-w312-sc0-time_indexed" --instance="${WORKSPACE}/data/50-4/wet050_002_4m.dat" --algorithm="TIME_INDEXED" --outputDir="${WORKSPACE}/experiment-suite/formal-v1/runs/pricing-comparison/pricing-wet050_002_4m-a1-w312-sc0-time_indexed" --seedFile="${WORKSPACE}/experiment-suite/formal-v1/seeds/wet050_002_4m-a1-w312-sc0.seed" --dueWindowHalfWidth="312" --setupCostCoefficient="0" --outsourcingModel="none" --outsourcingUnitRate="1" --discountStrength="0" --timeLimitSeconds="10800" --maxNodes="100000"	${WORKSPACE}/experiment-suite/formal-v1/runs/pricing-comparison/pricing-wet050_002_4m-a1-w312-sc0-time_indexed	seed-wet050_002_4m-a1-w312-sc0	pricing-comparison
pricing-wet050_002_4m-a1-w312-sc0-time_indexed_sri	HEU.FormalExperimentRunner	--action="solve" --runId="pricing-wet050_002_4m-a1-w312-sc0-time_indexed_sri" --instance="${WORKSPACE}/data/50-4/wet050_002_4m.dat" --algorithm="TIME_INDEXED_SRI" --outputDir="${WORKSPACE}/experiment-suite/formal-v1/runs/pricing-comparison/pricing-wet050_002_4m-a1-w312-sc0-time_indexed_sri" --seedFile="${WORKSPACE}/experiment-suite/formal-v1/seeds/wet050_002_4m-a1-w312-sc0.seed" --dueWindowHalfWidth="312" --setupCostCoefficient="0" --outsourcingModel="none" --outsourcingUnitRate="1" --discountStrength="0" --timeLimitSeconds="10800" --maxNodes="100000"	${WORKSPACE}/experiment-suite/formal-v1/runs/pricing-comparison/pricing-wet050_002_4m-a1-w312-sc0-time_indexed_sri	seed-wet050_002_4m-a1-w312-sc0	pricing-comparison
seed-wet050_002_4m-a5-w0-sc0	HEU.FormalExperimentRunner	--action="seed" --runId="seed-wet050_002_4m-a5-w0-sc0" --instance="${WORKSPACE}/experiment-suite/formal-v1/instances/50-4/wet050_002_4m_timeX5.dat" --seedFile="${WORKSPACE}/experiment-suite/formal-v1/seeds/wet050_002_4m-a5-w0-sc0.seed" --outputDir="${WORKSPACE}/experiment-suite/formal-v1/runs/seed-wet050_002_4m-a5-w0-sc0" --dueWindowHalfWidth="0" --setupCostCoefficient="0"	${WORKSPACE}/experiment-suite/formal-v1/runs/seed-wet050_002_4m-a5-w0-sc0		seed
pricing-wet050_002_4m-a5-w0-sc0-ng_dssr	HEU.FormalExperimentRunner	--action="solve" --runId="pricing-wet050_002_4m-a5-w0-sc0-ng_dssr" --instance="${WORKSPACE}/experiment-suite/formal-v1/instances/50-4/wet050_002_4m_timeX5.dat" --algorithm="NG_DSSR" --outputDir="${WORKSPACE}/experiment-suite/formal-v1/runs/pricing-comparison/pricing-wet050_002_4m-a5-w0-sc0-ng_dssr" --seedFile="${WORKSPACE}/experiment-suite/formal-v1/seeds/wet050_002_4m-a5-w0-sc0.seed" --dueWindowHalfWidth="0" --setupCostCoefficient="0" --outsourcingModel="none" --outsourcingUnitRate="1" --discountStrength="0" --timeLimitSeconds="10800" --maxNodes="100000"	${WORKSPACE}/experiment-suite/formal-v1/runs/pricing-comparison/pricing-wet050_002_4m-a5-w0-sc0-ng_dssr	seed-wet050_002_4m-a5-w0-sc0	pricing-comparison
pricing-wet050_002_4m-a5-w0-sc0-time_indexed	HEU.FormalExperimentRunner	--action="solve" --runId="pricing-wet050_002_4m-a5-w0-sc0-time_indexed" --instance="${WORKSPACE}/experiment-suite/formal-v1/instances/50-4/wet050_002_4m_timeX5.dat" --algorithm="TIME_INDEXED" --outputDir="${WORKSPACE}/experiment-suite/formal-v1/runs/pricing-comparison/pricing-wet050_002_4m-a5-w0-sc0-time_indexed" --seedFile="${WORKSPACE}/experiment-suite/formal-v1/seeds/wet050_002_4m-a5-w0-sc0.seed" --dueWindowHalfWidth="0" --setupCostCoefficient="0" --outsourcingModel="none" --outsourcingUnitRate="1" --discountStrength="0" --timeLimitSeconds="10800" --maxNodes="100000"	${WORKSPACE}/experiment-suite/formal-v1/runs/pricing-comparison/pricing-wet050_002_4m-a5-w0-sc0-time_indexed	seed-wet050_002_4m-a5-w0-sc0	pricing-comparison
pricing-wet050_002_4m-a5-w0-sc0-time_indexed_sri	HEU.FormalExperimentRunner	--action="solve" --runId="pricing-wet050_002_4m-a5-w0-sc0-time_indexed_sri" --instance="${WORKSPACE}/experiment-suite/formal-v1/instances/50-4/wet050_002_4m_timeX5.dat" --algorithm="TIME_INDEXED_SRI" --outputDir="${WORKSPACE}/experiment-suite/formal-v1/runs/pricing-comparison/pricing-wet050_002_4m-a5-w0-sc0-time_indexed_sri" --seedFile="${WORKSPACE}/experiment-suite/formal-v1/seeds/wet050_002_4m-a5-w0-sc0.seed" --dueWindowHalfWidth="0" --setupCostCoefficient="0" --outsourcingModel="none" --outsourcingUnitRate="1" --discountStrength="0" --timeLimitSeconds="10800" --maxNodes="100000"	${WORKSPACE}/experiment-suite/formal-v1/runs/pricing-comparison/pricing-wet050_002_4m-a5-w0-sc0-time_indexed_sri	seed-wet050_002_4m-a5-w0-sc0	pricing-comparison
seed-wet050_002_4m-a5-w520-sc0	HEU.FormalExperimentRunner	--action="seed" --runId="seed-wet050_002_4m-a5-w520-sc0" --instance="${WORKSPACE}/experiment-suite/formal-v1/instances/50-4/wet050_002_4m_timeX5.dat" --seedFile="${WORKSPACE}/experiment-suite/formal-v1/seeds/wet050_002_4m-a5-w520-sc0.seed" --outputDir="${WORKSPACE}/experiment-suite/formal-v1/runs/seed-wet050_002_4m-a5-w520-sc0" --dueWindowHalfWidth="520" --setupCostCoefficient="0"	${WORKSPACE}/experiment-suite/formal-v1/runs/seed-wet050_002_4m-a5-w520-sc0		seed
pricing-wet050_002_4m-a5-w520-sc0-ng_dssr	HEU.FormalExperimentRunner	--action="solve" --runId="pricing-wet050_002_4m-a5-w520-sc0-ng_dssr" --instance="${WORKSPACE}/experiment-suite/formal-v1/instances/50-4/wet050_002_4m_timeX5.dat" --algorithm="NG_DSSR" --outputDir="${WORKSPACE}/experiment-suite/formal-v1/runs/pricing-comparison/pricing-wet050_002_4m-a5-w520-sc0-ng_dssr" --seedFile="${WORKSPACE}/experiment-suite/formal-v1/seeds/wet050_002_4m-a5-w520-sc0.seed" --dueWindowHalfWidth="520" --setupCostCoefficient="0" --outsourcingModel="none" --outsourcingUnitRate="1" --discountStrength="0" --timeLimitSeconds="10800" --maxNodes="100000"	${WORKSPACE}/experiment-suite/formal-v1/runs/pricing-comparison/pricing-wet050_002_4m-a5-w520-sc0-ng_dssr	seed-wet050_002_4m-a5-w520-sc0	pricing-comparison
pricing-wet050_002_4m-a5-w520-sc0-time_indexed	HEU.FormalExperimentRunner	--action="solve" --runId="pricing-wet050_002_4m-a5-w520-sc0-time_indexed" --instance="${WORKSPACE}/experiment-suite/formal-v1/instances/50-4/wet050_002_4m_timeX5.dat" --algorithm="TIME_INDEXED" --outputDir="${WORKSPACE}/experiment-suite/formal-v1/runs/pricing-comparison/pricing-wet050_002_4m-a5-w520-sc0-time_indexed" --seedFile="${WORKSPACE}/experiment-suite/formal-v1/seeds/wet050_002_4m-a5-w520-sc0.seed" --dueWindowHalfWidth="520" --setupCostCoefficient="0" --outsourcingModel="none" --outsourcingUnitRate="1" --discountStrength="0" --timeLimitSeconds="10800" --maxNodes="100000"	${WORKSPACE}/experiment-suite/formal-v1/runs/pricing-comparison/pricing-wet050_002_4m-a5-w520-sc0-time_indexed	seed-wet050_002_4m-a5-w520-sc0	pricing-comparison
pricing-wet050_002_4m-a5-w520-sc0-time_indexed_sri	HEU.FormalExperimentRunner	--action="solve" --runId="pricing-wet050_002_4m-a5-w520-sc0-time_indexed_sri" --instance="${WORKSPACE}/experiment-suite/formal-v1/instances/50-4/wet050_002_4m_timeX5.dat" --algorithm="TIME_INDEXED_SRI" --outputDir="${WORKSPACE}/experiment-suite/formal-v1/runs/pricing-comparison/pricing-wet050_002_4m-a5-w520-sc0-time_indexed_sri" --seedFile="${WORKSPACE}/experiment-suite/formal-v1/seeds/wet050_002_4m-a5-w520-sc0.seed" --dueWindowHalfWidth="520" --setupCostCoefficient="0" --outsourcingModel="none" --outsourcingUnitRate="1" --discountStrength="0" --timeLimitSeconds="10800" --maxNodes="100000"	${WORKSPACE}/experiment-suite/formal-v1/runs/pricing-comparison/pricing-wet050_002_4m-a5-w520-sc0-time_indexed_sri	seed-wet050_002_4m-a5-w520-sc0	pricing-comparison
seed-wet050_002_4m-a5-w1561-sc0	HEU.FormalExperimentRunner	--action="seed" --runId="seed-wet050_002_4m-a5-w1561-sc0" --instance="${WORKSPACE}/experiment-suite/formal-v1/instances/50-4/wet050_002_4m_timeX5.dat" --seedFile="${WORKSPACE}/experiment-suite/formal-v1/seeds/wet050_002_4m-a5-w1561-sc0.seed" --outputDir="${WORKSPACE}/experiment-suite/formal-v1/runs/seed-wet050_002_4m-a5-w1561-sc0" --dueWindowHalfWidth="1561" --setupCostCoefficient="0"	${WORKSPACE}/experiment-suite/formal-v1/runs/seed-wet050_002_4m-a5-w1561-sc0		seed
pricing-wet050_002_4m-a5-w1561-sc0-ng_dssr	HEU.FormalExperimentRunner	--action="solve" --runId="pricing-wet050_002_4m-a5-w1561-sc0-ng_dssr" --instance="${WORKSPACE}/experiment-suite/formal-v1/instances/50-4/wet050_002_4m_timeX5.dat" --algorithm="NG_DSSR" --outputDir="${WORKSPACE}/experiment-suite/formal-v1/runs/pricing-comparison/pricing-wet050_002_4m-a5-w1561-sc0-ng_dssr" --seedFile="${WORKSPACE}/experiment-suite/formal-v1/seeds/wet050_002_4m-a5-w1561-sc0.seed" --dueWindowHalfWidth="1561" --setupCostCoefficient="0" --outsourcingModel="none" --outsourcingUnitRate="1" --discountStrength="0" --timeLimitSeconds="10800" --maxNodes="100000"	${WORKSPACE}/experiment-suite/formal-v1/runs/pricing-comparison/pricing-wet050_002_4m-a5-w1561-sc0-ng_dssr	seed-wet050_002_4m-a5-w1561-sc0	pricing-comparison
pricing-wet050_002_4m-a5-w1561-sc0-time_indexed	HEU.FormalExperimentRunner	--action="solve" --runId="pricing-wet050_002_4m-a5-w1561-sc0-time_indexed" --instance="${WORKSPACE}/experiment-suite/formal-v1/instances/50-4/wet050_002_4m_timeX5.dat" --algorithm="TIME_INDEXED" --outputDir="${WORKSPACE}/experiment-suite/formal-v1/runs/pricing-comparison/pricing-wet050_002_4m-a5-w1561-sc0-time_indexed" --seedFile="${WORKSPACE}/experiment-suite/formal-v1/seeds/wet050_002_4m-a5-w1561-sc0.seed" --dueWindowHalfWidth="1561" --setupCostCoefficient="0" --outsourcingModel="none" --outsourcingUnitRate="1" --discountStrength="0" --timeLimitSeconds="10800" --maxNodes="100000"	${WORKSPACE}/experiment-suite/formal-v1/runs/pricing-comparison/pricing-wet050_002_4m-a5-w1561-sc0-time_indexed	seed-wet050_002_4m-a5-w1561-sc0	pricing-comparison
pricing-wet050_002_4m-a5-w1561-sc0-time_indexed_sri	HEU.FormalExperimentRunner	--action="solve" --runId="pricing-wet050_002_4m-a5-w1561-sc0-time_indexed_sri" --instance="${WORKSPACE}/experiment-suite/formal-v1/instances/50-4/wet050_002_4m_timeX5.dat" --algorithm="TIME_INDEXED_SRI" --outputDir="${WORKSPACE}/experiment-suite/formal-v1/runs/pricing-comparison/pricing-wet050_002_4m-a5-w1561-sc0-time_indexed_sri" --seedFile="${WORKSPACE}/experiment-suite/formal-v1/seeds/wet050_002_4m-a5-w1561-sc0.seed" --dueWindowHalfWidth="1561" --setupCostCoefficient="0" --outsourcingModel="none" --outsourcingUnitRate="1" --discountStrength="0" --timeLimitSeconds="10800" --maxNodes="100000"	${WORKSPACE}/experiment-suite/formal-v1/runs/pricing-comparison/pricing-wet050_002_4m-a5-w1561-sc0-time_indexed_sri	seed-wet050_002_4m-a5-w1561-sc0	pricing-comparison
seed-wet050_002_4m-a10-w0-sc0	HEU.FormalExperimentRunner	--action="seed" --runId="seed-wet050_002_4m-a10-w0-sc0" --instance="${WORKSPACE}/experiment-suite/formal-v1/instances/50-4/wet050_002_4m_timeX10.dat" --seedFile="${WORKSPACE}/experiment-suite/formal-v1/seeds/wet050_002_4m-a10-w0-sc0.seed" --outputDir="${WORKSPACE}/experiment-suite/formal-v1/runs/seed-wet050_002_4m-a10-w0-sc0" --dueWindowHalfWidth="0" --setupCostCoefficient="0"	${WORKSPACE}/experiment-suite/formal-v1/runs/seed-wet050_002_4m-a10-w0-sc0		seed
pricing-wet050_002_4m-a10-w0-sc0-ng_dssr	HEU.FormalExperimentRunner	--action="solve" --runId="pricing-wet050_002_4m-a10-w0-sc0-ng_dssr" --instance="${WORKSPACE}/experiment-suite/formal-v1/instances/50-4/wet050_002_4m_timeX10.dat" --algorithm="NG_DSSR" --outputDir="${WORKSPACE}/experiment-suite/formal-v1/runs/pricing-comparison/pricing-wet050_002_4m-a10-w0-sc0-ng_dssr" --seedFile="${WORKSPACE}/experiment-suite/formal-v1/seeds/wet050_002_4m-a10-w0-sc0.seed" --dueWindowHalfWidth="0" --setupCostCoefficient="0" --outsourcingModel="none" --outsourcingUnitRate="1" --discountStrength="0" --timeLimitSeconds="10800" --maxNodes="100000"	${WORKSPACE}/experiment-suite/formal-v1/runs/pricing-comparison/pricing-wet050_002_4m-a10-w0-sc0-ng_dssr	seed-wet050_002_4m-a10-w0-sc0	pricing-comparison
pricing-wet050_002_4m-a10-w0-sc0-time_indexed	HEU.FormalExperimentRunner	--action="solve" --runId="pricing-wet050_002_4m-a10-w0-sc0-time_indexed" --instance="${WORKSPACE}/experiment-suite/formal-v1/instances/50-4/wet050_002_4m_timeX10.dat" --algorithm="TIME_INDEXED" --outputDir="${WORKSPACE}/experiment-suite/formal-v1/runs/pricing-comparison/pricing-wet050_002_4m-a10-w0-sc0-time_indexed" --seedFile="${WORKSPACE}/experiment-suite/formal-v1/seeds/wet050_002_4m-a10-w0-sc0.seed" --dueWindowHalfWidth="0" --setupCostCoefficient="0" --outsourcingModel="none" --outsourcingUnitRate="1" --discountStrength="0" --timeLimitSeconds="10800" --maxNodes="100000"	${WORKSPACE}/experiment-suite/formal-v1/runs/pricing-comparison/pricing-wet050_002_4m-a10-w0-sc0-time_indexed	seed-wet050_002_4m-a10-w0-sc0	pricing-comparison
pricing-wet050_002_4m-a10-w0-sc0-time_indexed_sri	HEU.FormalExperimentRunner	--action="solve" --runId="pricing-wet050_002_4m-a10-w0-sc0-time_indexed_sri" --instance="${WORKSPACE}/experiment-suite/formal-v1/instances/50-4/wet050_002_4m_timeX10.dat" --algorithm="TIME_INDEXED_SRI" --outputDir="${WORKSPACE}/experiment-suite/formal-v1/runs/pricing-comparison/pricing-wet050_002_4m-a10-w0-sc0-time_indexed_sri" --seedFile="${WORKSPACE}/experiment-suite/formal-v1/seeds/wet050_002_4m-a10-w0-sc0.seed" --dueWindowHalfWidth="0" --setupCostCoefficient="0" --outsourcingModel="none" --outsourcingUnitRate="1" --discountStrength="0" --timeLimitSeconds="10800" --maxNodes="100000"	${WORKSPACE}/experiment-suite/formal-v1/runs/pricing-comparison/pricing-wet050_002_4m-a10-w0-sc0-time_indexed_sri	seed-wet050_002_4m-a10-w0-sc0	pricing-comparison
seed-wet050_002_4m-a10-w1040-sc0	HEU.FormalExperimentRunner	--action="seed" --runId="seed-wet050_002_4m-a10-w1040-sc0" --instance="${WORKSPACE}/experiment-suite/formal-v1/instances/50-4/wet050_002_4m_timeX10.dat" --seedFile="${WORKSPACE}/experiment-suite/formal-v1/seeds/wet050_002_4m-a10-w1040-sc0.seed" --outputDir="${WORKSPACE}/experiment-suite/formal-v1/runs/seed-wet050_002_4m-a10-w1040-sc0" --dueWindowHalfWidth="1040" --setupCostCoefficient="0"	${WORKSPACE}/experiment-suite/formal-v1/runs/seed-wet050_002_4m-a10-w1040-sc0		seed
pricing-wet050_002_4m-a10-w1040-sc0-ng_dssr	HEU.FormalExperimentRunner	--action="solve" --runId="pricing-wet050_002_4m-a10-w1040-sc0-ng_dssr" --instance="${WORKSPACE}/experiment-suite/formal-v1/instances/50-4/wet050_002_4m_timeX10.dat" --algorithm="NG_DSSR" --outputDir="${WORKSPACE}/experiment-suite/formal-v1/runs/pricing-comparison/pricing-wet050_002_4m-a10-w1040-sc0-ng_dssr" --seedFile="${WORKSPACE}/experiment-suite/formal-v1/seeds/wet050_002_4m-a10-w1040-sc0.seed" --dueWindowHalfWidth="1040" --setupCostCoefficient="0" --outsourcingModel="none" --outsourcingUnitRate="1" --discountStrength="0" --timeLimitSeconds="10800" --maxNodes="100000"	${WORKSPACE}/experiment-suite/formal-v1/runs/pricing-comparison/pricing-wet050_002_4m-a10-w1040-sc0-ng_dssr	seed-wet050_002_4m-a10-w1040-sc0	pricing-comparison
pricing-wet050_002_4m-a10-w1040-sc0-time_indexed	HEU.FormalExperimentRunner	--action="solve" --runId="pricing-wet050_002_4m-a10-w1040-sc0-time_indexed" --instance="${WORKSPACE}/experiment-suite/formal-v1/instances/50-4/wet050_002_4m_timeX10.dat" --algorithm="TIME_INDEXED" --outputDir="${WORKSPACE}/experiment-suite/formal-v1/runs/pricing-comparison/pricing-wet050_002_4m-a10-w1040-sc0-time_indexed" --seedFile="${WORKSPACE}/experiment-suite/formal-v1/seeds/wet050_002_4m-a10-w1040-sc0.seed" --dueWindowHalfWidth="1040" --setupCostCoefficient="0" --outsourcingModel="none" --outsourcingUnitRate="1" --discountStrength="0" --timeLimitSeconds="10800" --maxNodes="100000"	${WORKSPACE}/experiment-suite/formal-v1/runs/pricing-comparison/pricing-wet050_002_4m-a10-w1040-sc0-time_indexed	seed-wet050_002_4m-a10-w1040-sc0	pricing-comparison
pricing-wet050_002_4m-a10-w1040-sc0-time_indexed_sri	HEU.FormalExperimentRunner	--action="solve" --runId="pricing-wet050_002_4m-a10-w1040-sc0-time_indexed_sri" --instance="${WORKSPACE}/experiment-suite/formal-v1/instances/50-4/wet050_002_4m_timeX10.dat" --algorithm="TIME_INDEXED_SRI" --outputDir="${WORKSPACE}/experiment-suite/formal-v1/runs/pricing-comparison/pricing-wet050_002_4m-a10-w1040-sc0-time_indexed_sri" --seedFile="${WORKSPACE}/experiment-suite/formal-v1/seeds/wet050_002_4m-a10-w1040-sc0.seed" --dueWindowHalfWidth="1040" --setupCostCoefficient="0" --outsourcingModel="none" --outsourcingUnitRate="1" --discountStrength="0" --timeLimitSeconds="10800" --maxNodes="100000"	${WORKSPACE}/experiment-suite/formal-v1/runs/pricing-comparison/pricing-wet050_002_4m-a10-w1040-sc0-time_indexed_sri	seed-wet050_002_4m-a10-w1040-sc0	pricing-comparison
seed-wet050_002_4m-a10-w3121-sc0	HEU.FormalExperimentRunner	--action="seed" --runId="seed-wet050_002_4m-a10-w3121-sc0" --instance="${WORKSPACE}/experiment-suite/formal-v1/instances/50-4/wet050_002_4m_timeX10.dat" --seedFile="${WORKSPACE}/experiment-suite/formal-v1/seeds/wet050_002_4m-a10-w3121-sc0.seed" --outputDir="${WORKSPACE}/experiment-suite/formal-v1/runs/seed-wet050_002_4m-a10-w3121-sc0" --dueWindowHalfWidth="3121" --setupCostCoefficient="0"	${WORKSPACE}/experiment-suite/formal-v1/runs/seed-wet050_002_4m-a10-w3121-sc0		seed
pricing-wet050_002_4m-a10-w3121-sc0-ng_dssr	HEU.FormalExperimentRunner	--action="solve" --runId="pricing-wet050_002_4m-a10-w3121-sc0-ng_dssr" --instance="${WORKSPACE}/experiment-suite/formal-v1/instances/50-4/wet050_002_4m_timeX10.dat" --algorithm="NG_DSSR" --outputDir="${WORKSPACE}/experiment-suite/formal-v1/runs/pricing-comparison/pricing-wet050_002_4m-a10-w3121-sc0-ng_dssr" --seedFile="${WORKSPACE}/experiment-suite/formal-v1/seeds/wet050_002_4m-a10-w3121-sc0.seed" --dueWindowHalfWidth="3121" --setupCostCoefficient="0" --outsourcingModel="none" --outsourcingUnitRate="1" --discountStrength="0" --timeLimitSeconds="10800" --maxNodes="100000"	${WORKSPACE}/experiment-suite/formal-v1/runs/pricing-comparison/pricing-wet050_002_4m-a10-w3121-sc0-ng_dssr	seed-wet050_002_4m-a10-w3121-sc0	pricing-comparison
pricing-wet050_002_4m-a10-w3121-sc0-time_indexed	HEU.FormalExperimentRunner	--action="solve" --runId="pricing-wet050_002_4m-a10-w3121-sc0-time_indexed" --instance="${WORKSPACE}/experiment-suite/formal-v1/instances/50-4/wet050_002_4m_timeX10.dat" --algorithm="TIME_INDEXED" --outputDir="${WORKSPACE}/experiment-suite/formal-v1/runs/pricing-comparison/pricing-wet050_002_4m-a10-w3121-sc0-time_indexed" --seedFile="${WORKSPACE}/experiment-suite/formal-v1/seeds/wet050_002_4m-a10-w3121-sc0.seed" --dueWindowHalfWidth="3121" --setupCostCoefficient="0" --outsourcingModel="none" --outsourcingUnitRate="1" --discountStrength="0" --timeLimitSeconds="10800" --maxNodes="100000"	${WORKSPACE}/experiment-suite/formal-v1/runs/pricing-comparison/pricing-wet050_002_4m-a10-w3121-sc0-time_indexed	seed-wet050_002_4m-a10-w3121-sc0	pricing-comparison
pricing-wet050_002_4m-a10-w3121-sc0-time_indexed_sri	HEU.FormalExperimentRunner	--action="solve" --runId="pricing-wet050_002_4m-a10-w3121-sc0-time_indexed_sri" --instance="${WORKSPACE}/experiment-suite/formal-v1/instances/50-4/wet050_002_4m_timeX10.dat" --algorithm="TIME_INDEXED_SRI" --outputDir="${WORKSPACE}/experiment-suite/formal-v1/runs/pricing-comparison/pricing-wet050_002_4m-a10-w3121-sc0-time_indexed_sri" --seedFile="${WORKSPACE}/experiment-suite/formal-v1/seeds/wet050_002_4m-a10-w3121-sc0.seed" --dueWindowHalfWidth="3121" --setupCostCoefficient="0" --outsourcingModel="none" --outsourcingUnitRate="1" --discountStrength="0" --timeLimitSeconds="10800" --maxNodes="100000"	${WORKSPACE}/experiment-suite/formal-v1/runs/pricing-comparison/pricing-wet050_002_4m-a10-w3121-sc0-time_indexed_sri	seed-wet050_002_4m-a10-w3121-sc0	pricing-comparison
seed-wet050_003_4m-a1-w0-sc0	HEU.FormalExperimentRunner	--action="seed" --runId="seed-wet050_003_4m-a1-w0-sc0" --instance="${WORKSPACE}/data/50-4/wet050_003_4m.dat" --seedFile="${WORKSPACE}/experiment-suite/formal-v1/seeds/wet050_003_4m-a1-w0-sc0.seed" --outputDir="${WORKSPACE}/experiment-suite/formal-v1/runs/seed-wet050_003_4m-a1-w0-sc0" --dueWindowHalfWidth="0" --setupCostCoefficient="0"	${WORKSPACE}/experiment-suite/formal-v1/runs/seed-wet050_003_4m-a1-w0-sc0		seed
pricing-wet050_003_4m-a1-w0-sc0-ng_dssr	HEU.FormalExperimentRunner	--action="solve" --runId="pricing-wet050_003_4m-a1-w0-sc0-ng_dssr" --instance="${WORKSPACE}/data/50-4/wet050_003_4m.dat" --algorithm="NG_DSSR" --outputDir="${WORKSPACE}/experiment-suite/formal-v1/runs/pricing-comparison/pricing-wet050_003_4m-a1-w0-sc0-ng_dssr" --seedFile="${WORKSPACE}/experiment-suite/formal-v1/seeds/wet050_003_4m-a1-w0-sc0.seed" --dueWindowHalfWidth="0" --setupCostCoefficient="0" --outsourcingModel="none" --outsourcingUnitRate="1" --discountStrength="0" --timeLimitSeconds="10800" --maxNodes="100000"	${WORKSPACE}/experiment-suite/formal-v1/runs/pricing-comparison/pricing-wet050_003_4m-a1-w0-sc0-ng_dssr	seed-wet050_003_4m-a1-w0-sc0	pricing-comparison
pricing-wet050_003_4m-a1-w0-sc0-time_indexed	HEU.FormalExperimentRunner	--action="solve" --runId="pricing-wet050_003_4m-a1-w0-sc0-time_indexed" --instance="${WORKSPACE}/data/50-4/wet050_003_4m.dat" --algorithm="TIME_INDEXED" --outputDir="${WORKSPACE}/experiment-suite/formal-v1/runs/pricing-comparison/pricing-wet050_003_4m-a1-w0-sc0-time_indexed" --seedFile="${WORKSPACE}/experiment-suite/formal-v1/seeds/wet050_003_4m-a1-w0-sc0.seed" --dueWindowHalfWidth="0" --setupCostCoefficient="0" --outsourcingModel="none" --outsourcingUnitRate="1" --discountStrength="0" --timeLimitSeconds="10800" --maxNodes="100000"	${WORKSPACE}/experiment-suite/formal-v1/runs/pricing-comparison/pricing-wet050_003_4m-a1-w0-sc0-time_indexed	seed-wet050_003_4m-a1-w0-sc0	pricing-comparison
pricing-wet050_003_4m-a1-w0-sc0-time_indexed_sri	HEU.FormalExperimentRunner	--action="solve" --runId="pricing-wet050_003_4m-a1-w0-sc0-time_indexed_sri" --instance="${WORKSPACE}/data/50-4/wet050_003_4m.dat" --algorithm="TIME_INDEXED_SRI" --outputDir="${WORKSPACE}/experiment-suite/formal-v1/runs/pricing-comparison/pricing-wet050_003_4m-a1-w0-sc0-time_indexed_sri" --seedFile="${WORKSPACE}/experiment-suite/formal-v1/seeds/wet050_003_4m-a1-w0-sc0.seed" --dueWindowHalfWidth="0" --setupCostCoefficient="0" --outsourcingModel="none" --outsourcingUnitRate="1" --discountStrength="0" --timeLimitSeconds="10800" --maxNodes="100000"	${WORKSPACE}/experiment-suite/formal-v1/runs/pricing-comparison/pricing-wet050_003_4m-a1-w0-sc0-time_indexed_sri	seed-wet050_003_4m-a1-w0-sc0	pricing-comparison
seed-wet050_003_4m-a1-w100-sc0	HEU.FormalExperimentRunner	--action="seed" --runId="seed-wet050_003_4m-a1-w100-sc0" --instance="${WORKSPACE}/data/50-4/wet050_003_4m.dat" --seedFile="${WORKSPACE}/experiment-suite/formal-v1/seeds/wet050_003_4m-a1-w100-sc0.seed" --outputDir="${WORKSPACE}/experiment-suite/formal-v1/runs/seed-wet050_003_4m-a1-w100-sc0" --dueWindowHalfWidth="100" --setupCostCoefficient="0"	${WORKSPACE}/experiment-suite/formal-v1/runs/seed-wet050_003_4m-a1-w100-sc0		seed
pricing-wet050_003_4m-a1-w100-sc0-ng_dssr	HEU.FormalExperimentRunner	--action="solve" --runId="pricing-wet050_003_4m-a1-w100-sc0-ng_dssr" --instance="${WORKSPACE}/data/50-4/wet050_003_4m.dat" --algorithm="NG_DSSR" --outputDir="${WORKSPACE}/experiment-suite/formal-v1/runs/pricing-comparison/pricing-wet050_003_4m-a1-w100-sc0-ng_dssr" --seedFile="${WORKSPACE}/experiment-suite/formal-v1/seeds/wet050_003_4m-a1-w100-sc0.seed" --dueWindowHalfWidth="100" --setupCostCoefficient="0" --outsourcingModel="none" --outsourcingUnitRate="1" --discountStrength="0" --timeLimitSeconds="10800" --maxNodes="100000"	${WORKSPACE}/experiment-suite/formal-v1/runs/pricing-comparison/pricing-wet050_003_4m-a1-w100-sc0-ng_dssr	seed-wet050_003_4m-a1-w100-sc0	pricing-comparison
pricing-wet050_003_4m-a1-w100-sc0-time_indexed	HEU.FormalExperimentRunner	--action="solve" --runId="pricing-wet050_003_4m-a1-w100-sc0-time_indexed" --instance="${WORKSPACE}/data/50-4/wet050_003_4m.dat" --algorithm="TIME_INDEXED" --outputDir="${WORKSPACE}/experiment-suite/formal-v1/runs/pricing-comparison/pricing-wet050_003_4m-a1-w100-sc0-time_indexed" --seedFile="${WORKSPACE}/experiment-suite/formal-v1/seeds/wet050_003_4m-a1-w100-sc0.seed" --dueWindowHalfWidth="100" --setupCostCoefficient="0" --outsourcingModel="none" --outsourcingUnitRate="1" --discountStrength="0" --timeLimitSeconds="10800" --maxNodes="100000"	${WORKSPACE}/experiment-suite/formal-v1/runs/pricing-comparison/pricing-wet050_003_4m-a1-w100-sc0-time_indexed	seed-wet050_003_4m-a1-w100-sc0	pricing-comparison
pricing-wet050_003_4m-a1-w100-sc0-time_indexed_sri	HEU.FormalExperimentRunner	--action="solve" --runId="pricing-wet050_003_4m-a1-w100-sc0-time_indexed_sri" --instance="${WORKSPACE}/data/50-4/wet050_003_4m.dat" --algorithm="TIME_INDEXED_SRI" --outputDir="${WORKSPACE}/experiment-suite/formal-v1/runs/pricing-comparison/pricing-wet050_003_4m-a1-w100-sc0-time_indexed_sri" --seedFile="${WORKSPACE}/experiment-suite/formal-v1/seeds/wet050_003_4m-a1-w100-sc0.seed" --dueWindowHalfWidth="100" --setupCostCoefficient="0" --outsourcingModel="none" --outsourcingUnitRate="1" --discountStrength="0" --timeLimitSeconds="10800" --maxNodes="100000"	${WORKSPACE}/experiment-suite/formal-v1/runs/pricing-comparison/pricing-wet050_003_4m-a1-w100-sc0-time_indexed_sri	seed-wet050_003_4m-a1-w100-sc0	pricing-comparison
seed-wet050_003_4m-a1-w301-sc0	HEU.FormalExperimentRunner	--action="seed" --runId="seed-wet050_003_4m-a1-w301-sc0" --instance="${WORKSPACE}/data/50-4/wet050_003_4m.dat" --seedFile="${WORKSPACE}/experiment-suite/formal-v1/seeds/wet050_003_4m-a1-w301-sc0.seed" --outputDir="${WORKSPACE}/experiment-suite/formal-v1/runs/seed-wet050_003_4m-a1-w301-sc0" --dueWindowHalfWidth="301" --setupCostCoefficient="0"	${WORKSPACE}/experiment-suite/formal-v1/runs/seed-wet050_003_4m-a1-w301-sc0		seed
pricing-wet050_003_4m-a1-w301-sc0-ng_dssr	HEU.FormalExperimentRunner	--action="solve" --runId="pricing-wet050_003_4m-a1-w301-sc0-ng_dssr" --instance="${WORKSPACE}/data/50-4/wet050_003_4m.dat" --algorithm="NG_DSSR" --outputDir="${WORKSPACE}/experiment-suite/formal-v1/runs/pricing-comparison/pricing-wet050_003_4m-a1-w301-sc0-ng_dssr" --seedFile="${WORKSPACE}/experiment-suite/formal-v1/seeds/wet050_003_4m-a1-w301-sc0.seed" --dueWindowHalfWidth="301" --setupCostCoefficient="0" --outsourcingModel="none" --outsourcingUnitRate="1" --discountStrength="0" --timeLimitSeconds="10800" --maxNodes="100000"	${WORKSPACE}/experiment-suite/formal-v1/runs/pricing-comparison/pricing-wet050_003_4m-a1-w301-sc0-ng_dssr	seed-wet050_003_4m-a1-w301-sc0	pricing-comparison
pricing-wet050_003_4m-a1-w301-sc0-time_indexed	HEU.FormalExperimentRunner	--action="solve" --runId="pricing-wet050_003_4m-a1-w301-sc0-time_indexed" --instance="${WORKSPACE}/data/50-4/wet050_003_4m.dat" --algorithm="TIME_INDEXED" --outputDir="${WORKSPACE}/experiment-suite/formal-v1/runs/pricing-comparison/pricing-wet050_003_4m-a1-w301-sc0-time_indexed" --seedFile="${WORKSPACE}/experiment-suite/formal-v1/seeds/wet050_003_4m-a1-w301-sc0.seed" --dueWindowHalfWidth="301" --setupCostCoefficient="0" --outsourcingModel="none" --outsourcingUnitRate="1" --discountStrength="0" --timeLimitSeconds="10800" --maxNodes="100000"	${WORKSPACE}/experiment-suite/formal-v1/runs/pricing-comparison/pricing-wet050_003_4m-a1-w301-sc0-time_indexed	seed-wet050_003_4m-a1-w301-sc0	pricing-comparison
pricing-wet050_003_4m-a1-w301-sc0-time_indexed_sri	HEU.FormalExperimentRunner	--action="solve" --runId="pricing-wet050_003_4m-a1-w301-sc0-time_indexed_sri" --instance="${WORKSPACE}/data/50-4/wet050_003_4m.dat" --algorithm="TIME_INDEXED_SRI" --outputDir="${WORKSPACE}/experiment-suite/formal-v1/runs/pricing-comparison/pricing-wet050_003_4m-a1-w301-sc0-time_indexed_sri" --seedFile="${WORKSPACE}/experiment-suite/formal-v1/seeds/wet050_003_4m-a1-w301-sc0.seed" --dueWindowHalfWidth="301" --setupCostCoefficient="0" --outsourcingModel="none" --outsourcingUnitRate="1" --discountStrength="0" --timeLimitSeconds="10800" --maxNodes="100000"	${WORKSPACE}/experiment-suite/formal-v1/runs/pricing-comparison/pricing-wet050_003_4m-a1-w301-sc0-time_indexed_sri	seed-wet050_003_4m-a1-w301-sc0	pricing-comparison
seed-wet050_003_4m-a5-w0-sc0	HEU.FormalExperimentRunner	--action="seed" --runId="seed-wet050_003_4m-a5-w0-sc0" --instance="${WORKSPACE}/experiment-suite/formal-v1/instances/50-4/wet050_003_4m_timeX5.dat" --seedFile="${WORKSPACE}/experiment-suite/formal-v1/seeds/wet050_003_4m-a5-w0-sc0.seed" --outputDir="${WORKSPACE}/experiment-suite/formal-v1/runs/seed-wet050_003_4m-a5-w0-sc0" --dueWindowHalfWidth="0" --setupCostCoefficient="0"	${WORKSPACE}/experiment-suite/formal-v1/runs/seed-wet050_003_4m-a5-w0-sc0		seed
pricing-wet050_003_4m-a5-w0-sc0-ng_dssr	HEU.FormalExperimentRunner	--action="solve" --runId="pricing-wet050_003_4m-a5-w0-sc0-ng_dssr" --instance="${WORKSPACE}/experiment-suite/formal-v1/instances/50-4/wet050_003_4m_timeX5.dat" --algorithm="NG_DSSR" --outputDir="${WORKSPACE}/experiment-suite/formal-v1/runs/pricing-comparison/pricing-wet050_003_4m-a5-w0-sc0-ng_dssr" --seedFile="${WORKSPACE}/experiment-suite/formal-v1/seeds/wet050_003_4m-a5-w0-sc0.seed" --dueWindowHalfWidth="0" --setupCostCoefficient="0" --outsourcingModel="none" --outsourcingUnitRate="1" --discountStrength="0" --timeLimitSeconds="10800" --maxNodes="100000"	${WORKSPACE}/experiment-suite/formal-v1/runs/pricing-comparison/pricing-wet050_003_4m-a5-w0-sc0-ng_dssr	seed-wet050_003_4m-a5-w0-sc0	pricing-comparison
pricing-wet050_003_4m-a5-w0-sc0-time_indexed	HEU.FormalExperimentRunner	--action="solve" --runId="pricing-wet050_003_4m-a5-w0-sc0-time_indexed" --instance="${WORKSPACE}/experiment-suite/formal-v1/instances/50-4/wet050_003_4m_timeX5.dat" --algorithm="TIME_INDEXED" --outputDir="${WORKSPACE}/experiment-suite/formal-v1/runs/pricing-comparison/pricing-wet050_003_4m-a5-w0-sc0-time_indexed" --seedFile="${WORKSPACE}/experiment-suite/formal-v1/seeds/wet050_003_4m-a5-w0-sc0.seed" --dueWindowHalfWidth="0" --setupCostCoefficient="0" --outsourcingModel="none" --outsourcingUnitRate="1" --discountStrength="0" --timeLimitSeconds="10800" --maxNodes="100000"	${WORKSPACE}/experiment-suite/formal-v1/runs/pricing-comparison/pricing-wet050_003_4m-a5-w0-sc0-time_indexed	seed-wet050_003_4m-a5-w0-sc0	pricing-comparison
pricing-wet050_003_4m-a5-w0-sc0-time_indexed_sri	HEU.FormalExperimentRunner	--action="solve" --runId="pricing-wet050_003_4m-a5-w0-sc0-time_indexed_sri" --instance="${WORKSPACE}/experiment-suite/formal-v1/instances/50-4/wet050_003_4m_timeX5.dat" --algorithm="TIME_INDEXED_SRI" --outputDir="${WORKSPACE}/experiment-suite/formal-v1/runs/pricing-comparison/pricing-wet050_003_4m-a5-w0-sc0-time_indexed_sri" --seedFile="${WORKSPACE}/experiment-suite/formal-v1/seeds/wet050_003_4m-a5-w0-sc0.seed" --dueWindowHalfWidth="0" --setupCostCoefficient="0" --outsourcingModel="none" --outsourcingUnitRate="1" --discountStrength="0" --timeLimitSeconds="10800" --maxNodes="100000"	${WORKSPACE}/experiment-suite/formal-v1/runs/pricing-comparison/pricing-wet050_003_4m-a5-w0-sc0-time_indexed_sri	seed-wet050_003_4m-a5-w0-sc0	pricing-comparison
seed-wet050_003_4m-a5-w501-sc0	HEU.FormalExperimentRunner	--action="seed" --runId="seed-wet050_003_4m-a5-w501-sc0" --instance="${WORKSPACE}/experiment-suite/formal-v1/instances/50-4/wet050_003_4m_timeX5.dat" --seedFile="${WORKSPACE}/experiment-suite/formal-v1/seeds/wet050_003_4m-a5-w501-sc0.seed" --outputDir="${WORKSPACE}/experiment-suite/formal-v1/runs/seed-wet050_003_4m-a5-w501-sc0" --dueWindowHalfWidth="501" --setupCostCoefficient="0"	${WORKSPACE}/experiment-suite/formal-v1/runs/seed-wet050_003_4m-a5-w501-sc0		seed
pricing-wet050_003_4m-a5-w501-sc0-ng_dssr	HEU.FormalExperimentRunner	--action="solve" --runId="pricing-wet050_003_4m-a5-w501-sc0-ng_dssr" --instance="${WORKSPACE}/experiment-suite/formal-v1/instances/50-4/wet050_003_4m_timeX5.dat" --algorithm="NG_DSSR" --outputDir="${WORKSPACE}/experiment-suite/formal-v1/runs/pricing-comparison/pricing-wet050_003_4m-a5-w501-sc0-ng_dssr" --seedFile="${WORKSPACE}/experiment-suite/formal-v1/seeds/wet050_003_4m-a5-w501-sc0.seed" --dueWindowHalfWidth="501" --setupCostCoefficient="0" --outsourcingModel="none" --outsourcingUnitRate="1" --discountStrength="0" --timeLimitSeconds="10800" --maxNodes="100000"	${WORKSPACE}/experiment-suite/formal-v1/runs/pricing-comparison/pricing-wet050_003_4m-a5-w501-sc0-ng_dssr	seed-wet050_003_4m-a5-w501-sc0	pricing-comparison
pricing-wet050_003_4m-a5-w501-sc0-time_indexed	HEU.FormalExperimentRunner	--action="solve" --runId="pricing-wet050_003_4m-a5-w501-sc0-time_indexed" --instance="${WORKSPACE}/experiment-suite/formal-v1/instances/50-4/wet050_003_4m_timeX5.dat" --algorithm="TIME_INDEXED" --outputDir="${WORKSPACE}/experiment-suite/formal-v1/runs/pricing-comparison/pricing-wet050_003_4m-a5-w501-sc0-time_indexed" --seedFile="${WORKSPACE}/experiment-suite/formal-v1/seeds/wet050_003_4m-a5-w501-sc0.seed" --dueWindowHalfWidth="501" --setupCostCoefficient="0" --outsourcingModel="none" --outsourcingUnitRate="1" --discountStrength="0" --timeLimitSeconds="10800" --maxNodes="100000"	${WORKSPACE}/experiment-suite/formal-v1/runs/pricing-comparison/pricing-wet050_003_4m-a5-w501-sc0-time_indexed	seed-wet050_003_4m-a5-w501-sc0	pricing-comparison
pricing-wet050_003_4m-a5-w501-sc0-time_indexed_sri	HEU.FormalExperimentRunner	--action="solve" --runId="pricing-wet050_003_4m-a5-w501-sc0-time_indexed_sri" --instance="${WORKSPACE}/experiment-suite/formal-v1/instances/50-4/wet050_003_4m_timeX5.dat" --algorithm="TIME_INDEXED_SRI" --outputDir="${WORKSPACE}/experiment-suite/formal-v1/runs/pricing-comparison/pricing-wet050_003_4m-a5-w501-sc0-time_indexed_sri" --seedFile="${WORKSPACE}/experiment-suite/formal-v1/seeds/wet050_003_4m-a5-w501-sc0.seed" --dueWindowHalfWidth="501" --setupCostCoefficient="0" --outsourcingModel="none" --outsourcingUnitRate="1" --discountStrength="0" --timeLimitSeconds="10800" --maxNodes="100000"	${WORKSPACE}/experiment-suite/formal-v1/runs/pricing-comparison/pricing-wet050_003_4m-a5-w501-sc0-time_indexed_sri	seed-wet050_003_4m-a5-w501-sc0	pricing-comparison
seed-wet050_003_4m-a5-w1504-sc0	HEU.FormalExperimentRunner	--action="seed" --runId="seed-wet050_003_4m-a5-w1504-sc0" --instance="${WORKSPACE}/experiment-suite/formal-v1/instances/50-4/wet050_003_4m_timeX5.dat" --seedFile="${WORKSPACE}/experiment-suite/formal-v1/seeds/wet050_003_4m-a5-w1504-sc0.seed" --outputDir="${WORKSPACE}/experiment-suite/formal-v1/runs/seed-wet050_003_4m-a5-w1504-sc0" --dueWindowHalfWidth="1504" --setupCostCoefficient="0"	${WORKSPACE}/experiment-suite/formal-v1/runs/seed-wet050_003_4m-a5-w1504-sc0		seed
pricing-wet050_003_4m-a5-w1504-sc0-ng_dssr	HEU.FormalExperimentRunner	--action="solve" --runId="pricing-wet050_003_4m-a5-w1504-sc0-ng_dssr" --instance="${WORKSPACE}/experiment-suite/formal-v1/instances/50-4/wet050_003_4m_timeX5.dat" --algorithm="NG_DSSR" --outputDir="${WORKSPACE}/experiment-suite/formal-v1/runs/pricing-comparison/pricing-wet050_003_4m-a5-w1504-sc0-ng_dssr" --seedFile="${WORKSPACE}/experiment-suite/formal-v1/seeds/wet050_003_4m-a5-w1504-sc0.seed" --dueWindowHalfWidth="1504" --setupCostCoefficient="0" --outsourcingModel="none" --outsourcingUnitRate="1" --discountStrength="0" --timeLimitSeconds="10800" --maxNodes="100000"	${WORKSPACE}/experiment-suite/formal-v1/runs/pricing-comparison/pricing-wet050_003_4m-a5-w1504-sc0-ng_dssr	seed-wet050_003_4m-a5-w1504-sc0	pricing-comparison
pricing-wet050_003_4m-a5-w1504-sc0-time_indexed	HEU.FormalExperimentRunner	--action="solve" --runId="pricing-wet050_003_4m-a5-w1504-sc0-time_indexed" --instance="${WORKSPACE}/experiment-suite/formal-v1/instances/50-4/wet050_003_4m_timeX5.dat" --algorithm="TIME_INDEXED" --outputDir="${WORKSPACE}/experiment-suite/formal-v1/runs/pricing-comparison/pricing-wet050_003_4m-a5-w1504-sc0-time_indexed" --seedFile="${WORKSPACE}/experiment-suite/formal-v1/seeds/wet050_003_4m-a5-w1504-sc0.seed" --dueWindowHalfWidth="1504" --setupCostCoefficient="0" --outsourcingModel="none" --outsourcingUnitRate="1" --discountStrength="0" --timeLimitSeconds="10800" --maxNodes="100000"	${WORKSPACE}/experiment-suite/formal-v1/runs/pricing-comparison/pricing-wet050_003_4m-a5-w1504-sc0-time_indexed	seed-wet050_003_4m-a5-w1504-sc0	pricing-comparison
pricing-wet050_003_4m-a5-w1504-sc0-time_indexed_sri	HEU.FormalExperimentRunner	--action="solve" --runId="pricing-wet050_003_4m-a5-w1504-sc0-time_indexed_sri" --instance="${WORKSPACE}/experiment-suite/formal-v1/instances/50-4/wet050_003_4m_timeX5.dat" --algorithm="TIME_INDEXED_SRI" --outputDir="${WORKSPACE}/experiment-suite/formal-v1/runs/pricing-comparison/pricing-wet050_003_4m-a5-w1504-sc0-time_indexed_sri" --seedFile="${WORKSPACE}/experiment-suite/formal-v1/seeds/wet050_003_4m-a5-w1504-sc0.seed" --dueWindowHalfWidth="1504" --setupCostCoefficient="0" --outsourcingModel="none" --outsourcingUnitRate="1" --discountStrength="0" --timeLimitSeconds="10800" --maxNodes="100000"	${WORKSPACE}/experiment-suite/formal-v1/runs/pricing-comparison/pricing-wet050_003_4m-a5-w1504-sc0-time_indexed_sri	seed-wet050_003_4m-a5-w1504-sc0	pricing-comparison
seed-wet050_003_4m-a10-w0-sc0	HEU.FormalExperimentRunner	--action="seed" --runId="seed-wet050_003_4m-a10-w0-sc0" --instance="${WORKSPACE}/experiment-suite/formal-v1/instances/50-4/wet050_003_4m_timeX10.dat" --seedFile="${WORKSPACE}/experiment-suite/formal-v1/seeds/wet050_003_4m-a10-w0-sc0.seed" --outputDir="${WORKSPACE}/experiment-suite/formal-v1/runs/seed-wet050_003_4m-a10-w0-sc0" --dueWindowHalfWidth="0" --setupCostCoefficient="0"	${WORKSPACE}/experiment-suite/formal-v1/runs/seed-wet050_003_4m-a10-w0-sc0		seed
pricing-wet050_003_4m-a10-w0-sc0-ng_dssr	HEU.FormalExperimentRunner	--action="solve" --runId="pricing-wet050_003_4m-a10-w0-sc0-ng_dssr" --instance="${WORKSPACE}/experiment-suite/formal-v1/instances/50-4/wet050_003_4m_timeX10.dat" --algorithm="NG_DSSR" --outputDir="${WORKSPACE}/experiment-suite/formal-v1/runs/pricing-comparison/pricing-wet050_003_4m-a10-w0-sc0-ng_dssr" --seedFile="${WORKSPACE}/experiment-suite/formal-v1/seeds/wet050_003_4m-a10-w0-sc0.seed" --dueWindowHalfWidth="0" --setupCostCoefficient="0" --outsourcingModel="none" --outsourcingUnitRate="1" --discountStrength="0" --timeLimitSeconds="10800" --maxNodes="100000"	${WORKSPACE}/experiment-suite/formal-v1/runs/pricing-comparison/pricing-wet050_003_4m-a10-w0-sc0-ng_dssr	seed-wet050_003_4m-a10-w0-sc0	pricing-comparison
pricing-wet050_003_4m-a10-w0-sc0-time_indexed	HEU.FormalExperimentRunner	--action="solve" --runId="pricing-wet050_003_4m-a10-w0-sc0-time_indexed" --instance="${WORKSPACE}/experiment-suite/formal-v1/instances/50-4/wet050_003_4m_timeX10.dat" --algorithm="TIME_INDEXED" --outputDir="${WORKSPACE}/experiment-suite/formal-v1/runs/pricing-comparison/pricing-wet050_003_4m-a10-w0-sc0-time_indexed" --seedFile="${WORKSPACE}/experiment-suite/formal-v1/seeds/wet050_003_4m-a10-w0-sc0.seed" --dueWindowHalfWidth="0" --setupCostCoefficient="0" --outsourcingModel="none" --outsourcingUnitRate="1" --discountStrength="0" --timeLimitSeconds="10800" --maxNodes="100000"	${WORKSPACE}/experiment-suite/formal-v1/runs/pricing-comparison/pricing-wet050_003_4m-a10-w0-sc0-time_indexed	seed-wet050_003_4m-a10-w0-sc0	pricing-comparison
pricing-wet050_003_4m-a10-w0-sc0-time_indexed_sri	HEU.FormalExperimentRunner	--action="solve" --runId="pricing-wet050_003_4m-a10-w0-sc0-time_indexed_sri" --instance="${WORKSPACE}/experiment-suite/formal-v1/instances/50-4/wet050_003_4m_timeX10.dat" --algorithm="TIME_INDEXED_SRI" --outputDir="${WORKSPACE}/experiment-suite/formal-v1/runs/pricing-comparison/pricing-wet050_003_4m-a10-w0-sc0-time_indexed_sri" --seedFile="${WORKSPACE}/experiment-suite/formal-v1/seeds/wet050_003_4m-a10-w0-sc0.seed" --dueWindowHalfWidth="0" --setupCostCoefficient="0" --outsourcingModel="none" --outsourcingUnitRate="1" --discountStrength="0" --timeLimitSeconds="10800" --maxNodes="100000"	${WORKSPACE}/experiment-suite/formal-v1/runs/pricing-comparison/pricing-wet050_003_4m-a10-w0-sc0-time_indexed_sri	seed-wet050_003_4m-a10-w0-sc0	pricing-comparison
seed-wet050_003_4m-a10-w1003-sc0	HEU.FormalExperimentRunner	--action="seed" --runId="seed-wet050_003_4m-a10-w1003-sc0" --instance="${WORKSPACE}/experiment-suite/formal-v1/instances/50-4/wet050_003_4m_timeX10.dat" --seedFile="${WORKSPACE}/experiment-suite/formal-v1/seeds/wet050_003_4m-a10-w1003-sc0.seed" --outputDir="${WORKSPACE}/experiment-suite/formal-v1/runs/seed-wet050_003_4m-a10-w1003-sc0" --dueWindowHalfWidth="1003" --setupCostCoefficient="0"	${WORKSPACE}/experiment-suite/formal-v1/runs/seed-wet050_003_4m-a10-w1003-sc0		seed
pricing-wet050_003_4m-a10-w1003-sc0-ng_dssr	HEU.FormalExperimentRunner	--action="solve" --runId="pricing-wet050_003_4m-a10-w1003-sc0-ng_dssr" --instance="${WORKSPACE}/experiment-suite/formal-v1/instances/50-4/wet050_003_4m_timeX10.dat" --algorithm="NG_DSSR" --outputDir="${WORKSPACE}/experiment-suite/formal-v1/runs/pricing-comparison/pricing-wet050_003_4m-a10-w1003-sc0-ng_dssr" --seedFile="${WORKSPACE}/experiment-suite/formal-v1/seeds/wet050_003_4m-a10-w1003-sc0.seed" --dueWindowHalfWidth="1003" --setupCostCoefficient="0" --outsourcingModel="none" --outsourcingUnitRate="1" --discountStrength="0" --timeLimitSeconds="10800" --maxNodes="100000"	${WORKSPACE}/experiment-suite/formal-v1/runs/pricing-comparison/pricing-wet050_003_4m-a10-w1003-sc0-ng_dssr	seed-wet050_003_4m-a10-w1003-sc0	pricing-comparison
pricing-wet050_003_4m-a10-w1003-sc0-time_indexed	HEU.FormalExperimentRunner	--action="solve" --runId="pricing-wet050_003_4m-a10-w1003-sc0-time_indexed" --instance="${WORKSPACE}/experiment-suite/formal-v1/instances/50-4/wet050_003_4m_timeX10.dat" --algorithm="TIME_INDEXED" --outputDir="${WORKSPACE}/experiment-suite/formal-v1/runs/pricing-comparison/pricing-wet050_003_4m-a10-w1003-sc0-time_indexed" --seedFile="${WORKSPACE}/experiment-suite/formal-v1/seeds/wet050_003_4m-a10-w1003-sc0.seed" --dueWindowHalfWidth="1003" --setupCostCoefficient="0" --outsourcingModel="none" --outsourcingUnitRate="1" --discountStrength="0" --timeLimitSeconds="10800" --maxNodes="100000"	${WORKSPACE}/experiment-suite/formal-v1/runs/pricing-comparison/pricing-wet050_003_4m-a10-w1003-sc0-time_indexed	seed-wet050_003_4m-a10-w1003-sc0	pricing-comparison
pricing-wet050_003_4m-a10-w1003-sc0-time_indexed_sri	HEU.FormalExperimentRunner	--action="solve" --runId="pricing-wet050_003_4m-a10-w1003-sc0-time_indexed_sri" --instance="${WORKSPACE}/experiment-suite/formal-v1/instances/50-4/wet050_003_4m_timeX10.dat" --algorithm="TIME_INDEXED_SRI" --outputDir="${WORKSPACE}/experiment-suite/formal-v1/runs/pricing-comparison/pricing-wet050_003_4m-a10-w1003-sc0-time_indexed_sri" --seedFile="${WORKSPACE}/experiment-suite/formal-v1/seeds/wet050_003_4m-a10-w1003-sc0.seed" --dueWindowHalfWidth="1003" --setupCostCoefficient="0" --outsourcingModel="none" --outsourcingUnitRate="1" --discountStrength="0" --timeLimitSeconds="10800" --maxNodes="100000"	${WORKSPACE}/experiment-suite/formal-v1/runs/pricing-comparison/pricing-wet050_003_4m-a10-w1003-sc0-time_indexed_sri	seed-wet050_003_4m-a10-w1003-sc0	pricing-comparison
seed-wet050_003_4m-a10-w3008-sc0	HEU.FormalExperimentRunner	--action="seed" --runId="seed-wet050_003_4m-a10-w3008-sc0" --instance="${WORKSPACE}/experiment-suite/formal-v1/instances/50-4/wet050_003_4m_timeX10.dat" --seedFile="${WORKSPACE}/experiment-suite/formal-v1/seeds/wet050_003_4m-a10-w3008-sc0.seed" --outputDir="${WORKSPACE}/experiment-suite/formal-v1/runs/seed-wet050_003_4m-a10-w3008-sc0" --dueWindowHalfWidth="3008" --setupCostCoefficient="0"	${WORKSPACE}/experiment-suite/formal-v1/runs/seed-wet050_003_4m-a10-w3008-sc0		seed
pricing-wet050_003_4m-a10-w3008-sc0-ng_dssr	HEU.FormalExperimentRunner	--action="solve" --runId="pricing-wet050_003_4m-a10-w3008-sc0-ng_dssr" --instance="${WORKSPACE}/experiment-suite/formal-v1/instances/50-4/wet050_003_4m_timeX10.dat" --algorithm="NG_DSSR" --outputDir="${WORKSPACE}/experiment-suite/formal-v1/runs/pricing-comparison/pricing-wet050_003_4m-a10-w3008-sc0-ng_dssr" --seedFile="${WORKSPACE}/experiment-suite/formal-v1/seeds/wet050_003_4m-a10-w3008-sc0.seed" --dueWindowHalfWidth="3008" --setupCostCoefficient="0" --outsourcingModel="none" --outsourcingUnitRate="1" --discountStrength="0" --timeLimitSeconds="10800" --maxNodes="100000"	${WORKSPACE}/experiment-suite/formal-v1/runs/pricing-comparison/pricing-wet050_003_4m-a10-w3008-sc0-ng_dssr	seed-wet050_003_4m-a10-w3008-sc0	pricing-comparison
pricing-wet050_003_4m-a10-w3008-sc0-time_indexed	HEU.FormalExperimentRunner	--action="solve" --runId="pricing-wet050_003_4m-a10-w3008-sc0-time_indexed" --instance="${WORKSPACE}/experiment-suite/formal-v1/instances/50-4/wet050_003_4m_timeX10.dat" --algorithm="TIME_INDEXED" --outputDir="${WORKSPACE}/experiment-suite/formal-v1/runs/pricing-comparison/pricing-wet050_003_4m-a10-w3008-sc0-time_indexed" --seedFile="${WORKSPACE}/experiment-suite/formal-v1/seeds/wet050_003_4m-a10-w3008-sc0.seed" --dueWindowHalfWidth="3008" --setupCostCoefficient="0" --outsourcingModel="none" --outsourcingUnitRate="1" --discountStrength="0" --timeLimitSeconds="10800" --maxNodes="100000"	${WORKSPACE}/experiment-suite/formal-v1/runs/pricing-comparison/pricing-wet050_003_4m-a10-w3008-sc0-time_indexed	seed-wet050_003_4m-a10-w3008-sc0	pricing-comparison
pricing-wet050_003_4m-a10-w3008-sc0-time_indexed_sri	HEU.FormalExperimentRunner	--action="solve" --runId="pricing-wet050_003_4m-a10-w3008-sc0-time_indexed_sri" --instance="${WORKSPACE}/experiment-suite/formal-v1/instances/50-4/wet050_003_4m_timeX10.dat" --algorithm="TIME_INDEXED_SRI" --outputDir="${WORKSPACE}/experiment-suite/formal-v1/runs/pricing-comparison/pricing-wet050_003_4m-a10-w3008-sc0-time_indexed_sri" --seedFile="${WORKSPACE}/experiment-suite/formal-v1/seeds/wet050_003_4m-a10-w3008-sc0.seed" --dueWindowHalfWidth="3008" --setupCostCoefficient="0" --outsourcingModel="none" --outsourcingUnitRate="1" --discountStrength="0" --timeLimitSeconds="10800" --maxNodes="100000"	${WORKSPACE}/experiment-suite/formal-v1/runs/pricing-comparison/pricing-wet050_003_4m-a10-w3008-sc0-time_indexed_sri	seed-wet050_003_4m-a10-w3008-sc0	pricing-comparison
seed-wet060_001_2m-a1-w0-sc0	HEU.FormalExperimentRunner	--action="seed" --runId="seed-wet060_001_2m-a1-w0-sc0" --instance="${WORKSPACE}/data/60-2/wet060_001_2m.dat" --seedFile="${WORKSPACE}/experiment-suite/formal-v1/seeds/wet060_001_2m-a1-w0-sc0.seed" --outputDir="${WORKSPACE}/experiment-suite/formal-v1/runs/seed-wet060_001_2m-a1-w0-sc0" --dueWindowHalfWidth="0" --setupCostCoefficient="0"	${WORKSPACE}/experiment-suite/formal-v1/runs/seed-wet060_001_2m-a1-w0-sc0		seed
pricing-wet060_001_2m-a1-w0-sc0-ng_dssr	HEU.FormalExperimentRunner	--action="solve" --runId="pricing-wet060_001_2m-a1-w0-sc0-ng_dssr" --instance="${WORKSPACE}/data/60-2/wet060_001_2m.dat" --algorithm="NG_DSSR" --outputDir="${WORKSPACE}/experiment-suite/formal-v1/runs/pricing-comparison/pricing-wet060_001_2m-a1-w0-sc0-ng_dssr" --seedFile="${WORKSPACE}/experiment-suite/formal-v1/seeds/wet060_001_2m-a1-w0-sc0.seed" --dueWindowHalfWidth="0" --setupCostCoefficient="0" --outsourcingModel="none" --outsourcingUnitRate="1" --discountStrength="0" --timeLimitSeconds="10800" --maxNodes="100000"	${WORKSPACE}/experiment-suite/formal-v1/runs/pricing-comparison/pricing-wet060_001_2m-a1-w0-sc0-ng_dssr	seed-wet060_001_2m-a1-w0-sc0	pricing-comparison
pricing-wet060_001_2m-a1-w0-sc0-time_indexed	HEU.FormalExperimentRunner	--action="solve" --runId="pricing-wet060_001_2m-a1-w0-sc0-time_indexed" --instance="${WORKSPACE}/data/60-2/wet060_001_2m.dat" --algorithm="TIME_INDEXED" --outputDir="${WORKSPACE}/experiment-suite/formal-v1/runs/pricing-comparison/pricing-wet060_001_2m-a1-w0-sc0-time_indexed" --seedFile="${WORKSPACE}/experiment-suite/formal-v1/seeds/wet060_001_2m-a1-w0-sc0.seed" --dueWindowHalfWidth="0" --setupCostCoefficient="0" --outsourcingModel="none" --outsourcingUnitRate="1" --discountStrength="0" --timeLimitSeconds="10800" --maxNodes="100000"	${WORKSPACE}/experiment-suite/formal-v1/runs/pricing-comparison/pricing-wet060_001_2m-a1-w0-sc0-time_indexed	seed-wet060_001_2m-a1-w0-sc0	pricing-comparison
pricing-wet060_001_2m-a1-w0-sc0-time_indexed_sri	HEU.FormalExperimentRunner	--action="solve" --runId="pricing-wet060_001_2m-a1-w0-sc0-time_indexed_sri" --instance="${WORKSPACE}/data/60-2/wet060_001_2m.dat" --algorithm="TIME_INDEXED_SRI" --outputDir="${WORKSPACE}/experiment-suite/formal-v1/runs/pricing-comparison/pricing-wet060_001_2m-a1-w0-sc0-time_indexed_sri" --seedFile="${WORKSPACE}/experiment-suite/formal-v1/seeds/wet060_001_2m-a1-w0-sc0.seed" --dueWindowHalfWidth="0" --setupCostCoefficient="0" --outsourcingModel="none" --outsourcingUnitRate="1" --discountStrength="0" --timeLimitSeconds="10800" --maxNodes="100000"	${WORKSPACE}/experiment-suite/formal-v1/runs/pricing-comparison/pricing-wet060_001_2m-a1-w0-sc0-time_indexed_sri	seed-wet060_001_2m-a1-w0-sc0	pricing-comparison
seed-wet060_001_2m-a1-w81-sc0	HEU.FormalExperimentRunner	--action="seed" --runId="seed-wet060_001_2m-a1-w81-sc0" --instance="${WORKSPACE}/data/60-2/wet060_001_2m.dat" --seedFile="${WORKSPACE}/experiment-suite/formal-v1/seeds/wet060_001_2m-a1-w81-sc0.seed" --outputDir="${WORKSPACE}/experiment-suite/formal-v1/runs/seed-wet060_001_2m-a1-w81-sc0" --dueWindowHalfWidth="81" --setupCostCoefficient="0"	${WORKSPACE}/experiment-suite/formal-v1/runs/seed-wet060_001_2m-a1-w81-sc0		seed
pricing-wet060_001_2m-a1-w81-sc0-ng_dssr	HEU.FormalExperimentRunner	--action="solve" --runId="pricing-wet060_001_2m-a1-w81-sc0-ng_dssr" --instance="${WORKSPACE}/data/60-2/wet060_001_2m.dat" --algorithm="NG_DSSR" --outputDir="${WORKSPACE}/experiment-suite/formal-v1/runs/pricing-comparison/pricing-wet060_001_2m-a1-w81-sc0-ng_dssr" --seedFile="${WORKSPACE}/experiment-suite/formal-v1/seeds/wet060_001_2m-a1-w81-sc0.seed" --dueWindowHalfWidth="81" --setupCostCoefficient="0" --outsourcingModel="none" --outsourcingUnitRate="1" --discountStrength="0" --timeLimitSeconds="10800" --maxNodes="100000"	${WORKSPACE}/experiment-suite/formal-v1/runs/pricing-comparison/pricing-wet060_001_2m-a1-w81-sc0-ng_dssr	seed-wet060_001_2m-a1-w81-sc0	pricing-comparison
pricing-wet060_001_2m-a1-w81-sc0-time_indexed	HEU.FormalExperimentRunner	--action="solve" --runId="pricing-wet060_001_2m-a1-w81-sc0-time_indexed" --instance="${WORKSPACE}/data/60-2/wet060_001_2m.dat" --algorithm="TIME_INDEXED" --outputDir="${WORKSPACE}/experiment-suite/formal-v1/runs/pricing-comparison/pricing-wet060_001_2m-a1-w81-sc0-time_indexed" --seedFile="${WORKSPACE}/experiment-suite/formal-v1/seeds/wet060_001_2m-a1-w81-sc0.seed" --dueWindowHalfWidth="81" --setupCostCoefficient="0" --outsourcingModel="none" --outsourcingUnitRate="1" --discountStrength="0" --timeLimitSeconds="10800" --maxNodes="100000"	${WORKSPACE}/experiment-suite/formal-v1/runs/pricing-comparison/pricing-wet060_001_2m-a1-w81-sc0-time_indexed	seed-wet060_001_2m-a1-w81-sc0	pricing-comparison
pricing-wet060_001_2m-a1-w81-sc0-time_indexed_sri	HEU.FormalExperimentRunner	--action="solve" --runId="pricing-wet060_001_2m-a1-w81-sc0-time_indexed_sri" --instance="${WORKSPACE}/data/60-2/wet060_001_2m.dat" --algorithm="TIME_INDEXED_SRI" --outputDir="${WORKSPACE}/experiment-suite/formal-v1/runs/pricing-comparison/pricing-wet060_001_2m-a1-w81-sc0-time_indexed_sri" --seedFile="${WORKSPACE}/experiment-suite/formal-v1/seeds/wet060_001_2m-a1-w81-sc0.seed" --dueWindowHalfWidth="81" --setupCostCoefficient="0" --outsourcingModel="none" --outsourcingUnitRate="1" --discountStrength="0" --timeLimitSeconds="10800" --maxNodes="100000"	${WORKSPACE}/experiment-suite/formal-v1/runs/pricing-comparison/pricing-wet060_001_2m-a1-w81-sc0-time_indexed_sri	seed-wet060_001_2m-a1-w81-sc0	pricing-comparison
seed-wet060_001_2m-a1-w243-sc0	HEU.FormalExperimentRunner	--action="seed" --runId="seed-wet060_001_2m-a1-w243-sc0" --instance="${WORKSPACE}/data/60-2/wet060_001_2m.dat" --seedFile="${WORKSPACE}/experiment-suite/formal-v1/seeds/wet060_001_2m-a1-w243-sc0.seed" --outputDir="${WORKSPACE}/experiment-suite/formal-v1/runs/seed-wet060_001_2m-a1-w243-sc0" --dueWindowHalfWidth="243" --setupCostCoefficient="0"	${WORKSPACE}/experiment-suite/formal-v1/runs/seed-wet060_001_2m-a1-w243-sc0		seed
pricing-wet060_001_2m-a1-w243-sc0-ng_dssr	HEU.FormalExperimentRunner	--action="solve" --runId="pricing-wet060_001_2m-a1-w243-sc0-ng_dssr" --instance="${WORKSPACE}/data/60-2/wet060_001_2m.dat" --algorithm="NG_DSSR" --outputDir="${WORKSPACE}/experiment-suite/formal-v1/runs/pricing-comparison/pricing-wet060_001_2m-a1-w243-sc0-ng_dssr" --seedFile="${WORKSPACE}/experiment-suite/formal-v1/seeds/wet060_001_2m-a1-w243-sc0.seed" --dueWindowHalfWidth="243" --setupCostCoefficient="0" --outsourcingModel="none" --outsourcingUnitRate="1" --discountStrength="0" --timeLimitSeconds="10800" --maxNodes="100000"	${WORKSPACE}/experiment-suite/formal-v1/runs/pricing-comparison/pricing-wet060_001_2m-a1-w243-sc0-ng_dssr	seed-wet060_001_2m-a1-w243-sc0	pricing-comparison
pricing-wet060_001_2m-a1-w243-sc0-time_indexed	HEU.FormalExperimentRunner	--action="solve" --runId="pricing-wet060_001_2m-a1-w243-sc0-time_indexed" --instance="${WORKSPACE}/data/60-2/wet060_001_2m.dat" --algorithm="TIME_INDEXED" --outputDir="${WORKSPACE}/experiment-suite/formal-v1/runs/pricing-comparison/pricing-wet060_001_2m-a1-w243-sc0-time_indexed" --seedFile="${WORKSPACE}/experiment-suite/formal-v1/seeds/wet060_001_2m-a1-w243-sc0.seed" --dueWindowHalfWidth="243" --setupCostCoefficient="0" --outsourcingModel="none" --outsourcingUnitRate="1" --discountStrength="0" --timeLimitSeconds="10800" --maxNodes="100000"	${WORKSPACE}/experiment-suite/formal-v1/runs/pricing-comparison/pricing-wet060_001_2m-a1-w243-sc0-time_indexed	seed-wet060_001_2m-a1-w243-sc0	pricing-comparison
pricing-wet060_001_2m-a1-w243-sc0-time_indexed_sri	HEU.FormalExperimentRunner	--action="solve" --runId="pricing-wet060_001_2m-a1-w243-sc0-time_indexed_sri" --instance="${WORKSPACE}/data/60-2/wet060_001_2m.dat" --algorithm="TIME_INDEXED_SRI" --outputDir="${WORKSPACE}/experiment-suite/formal-v1/runs/pricing-comparison/pricing-wet060_001_2m-a1-w243-sc0-time_indexed_sri" --seedFile="${WORKSPACE}/experiment-suite/formal-v1/seeds/wet060_001_2m-a1-w243-sc0.seed" --dueWindowHalfWidth="243" --setupCostCoefficient="0" --outsourcingModel="none" --outsourcingUnitRate="1" --discountStrength="0" --timeLimitSeconds="10800" --maxNodes="100000"	${WORKSPACE}/experiment-suite/formal-v1/runs/pricing-comparison/pricing-wet060_001_2m-a1-w243-sc0-time_indexed_sri	seed-wet060_001_2m-a1-w243-sc0	pricing-comparison
seed-wet060_001_2m-a5-w0-sc0	HEU.FormalExperimentRunner	--action="seed" --runId="seed-wet060_001_2m-a5-w0-sc0" --instance="${WORKSPACE}/experiment-suite/formal-v1/instances/60-2/wet060_001_2m_timeX5.dat" --seedFile="${WORKSPACE}/experiment-suite/formal-v1/seeds/wet060_001_2m-a5-w0-sc0.seed" --outputDir="${WORKSPACE}/experiment-suite/formal-v1/runs/seed-wet060_001_2m-a5-w0-sc0" --dueWindowHalfWidth="0" --setupCostCoefficient="0"	${WORKSPACE}/experiment-suite/formal-v1/runs/seed-wet060_001_2m-a5-w0-sc0		seed
pricing-wet060_001_2m-a5-w0-sc0-ng_dssr	HEU.FormalExperimentRunner	--action="solve" --runId="pricing-wet060_001_2m-a5-w0-sc0-ng_dssr" --instance="${WORKSPACE}/experiment-suite/formal-v1/instances/60-2/wet060_001_2m_timeX5.dat" --algorithm="NG_DSSR" --outputDir="${WORKSPACE}/experiment-suite/formal-v1/runs/pricing-comparison/pricing-wet060_001_2m-a5-w0-sc0-ng_dssr" --seedFile="${WORKSPACE}/experiment-suite/formal-v1/seeds/wet060_001_2m-a5-w0-sc0.seed" --dueWindowHalfWidth="0" --setupCostCoefficient="0" --outsourcingModel="none" --outsourcingUnitRate="1" --discountStrength="0" --timeLimitSeconds="10800" --maxNodes="100000"	${WORKSPACE}/experiment-suite/formal-v1/runs/pricing-comparison/pricing-wet060_001_2m-a5-w0-sc0-ng_dssr	seed-wet060_001_2m-a5-w0-sc0	pricing-comparison
pricing-wet060_001_2m-a5-w0-sc0-time_indexed	HEU.FormalExperimentRunner	--action="solve" --runId="pricing-wet060_001_2m-a5-w0-sc0-time_indexed" --instance="${WORKSPACE}/experiment-suite/formal-v1/instances/60-2/wet060_001_2m_timeX5.dat" --algorithm="TIME_INDEXED" --outputDir="${WORKSPACE}/experiment-suite/formal-v1/runs/pricing-comparison/pricing-wet060_001_2m-a5-w0-sc0-time_indexed" --seedFile="${WORKSPACE}/experiment-suite/formal-v1/seeds/wet060_001_2m-a5-w0-sc0.seed" --dueWindowHalfWidth="0" --setupCostCoefficient="0" --outsourcingModel="none" --outsourcingUnitRate="1" --discountStrength="0" --timeLimitSeconds="10800" --maxNodes="100000"	${WORKSPACE}/experiment-suite/formal-v1/runs/pricing-comparison/pricing-wet060_001_2m-a5-w0-sc0-time_indexed	seed-wet060_001_2m-a5-w0-sc0	pricing-comparison
pricing-wet060_001_2m-a5-w0-sc0-time_indexed_sri	HEU.FormalExperimentRunner	--action="solve" --runId="pricing-wet060_001_2m-a5-w0-sc0-time_indexed_sri" --instance="${WORKSPACE}/experiment-suite/formal-v1/instances/60-2/wet060_001_2m_timeX5.dat" --algorithm="TIME_INDEXED_SRI" --outputDir="${WORKSPACE}/experiment-suite/formal-v1/runs/pricing-comparison/pricing-wet060_001_2m-a5-w0-sc0-time_indexed_sri" --seedFile="${WORKSPACE}/experiment-suite/formal-v1/seeds/wet060_001_2m-a5-w0-sc0.seed" --dueWindowHalfWidth="0" --setupCostCoefficient="0" --outsourcingModel="none" --outsourcingUnitRate="1" --discountStrength="0" --timeLimitSeconds="10800" --maxNodes="100000"	${WORKSPACE}/experiment-suite/formal-v1/runs/pricing-comparison/pricing-wet060_001_2m-a5-w0-sc0-time_indexed_sri	seed-wet060_001_2m-a5-w0-sc0	pricing-comparison
seed-wet060_001_2m-a5-w404-sc0	HEU.FormalExperimentRunner	--action="seed" --runId="seed-wet060_001_2m-a5-w404-sc0" --instance="${WORKSPACE}/experiment-suite/formal-v1/instances/60-2/wet060_001_2m_timeX5.dat" --seedFile="${WORKSPACE}/experiment-suite/formal-v1/seeds/wet060_001_2m-a5-w404-sc0.seed" --outputDir="${WORKSPACE}/experiment-suite/formal-v1/runs/seed-wet060_001_2m-a5-w404-sc0" --dueWindowHalfWidth="404" --setupCostCoefficient="0"	${WORKSPACE}/experiment-suite/formal-v1/runs/seed-wet060_001_2m-a5-w404-sc0		seed
pricing-wet060_001_2m-a5-w404-sc0-ng_dssr	HEU.FormalExperimentRunner	--action="solve" --runId="pricing-wet060_001_2m-a5-w404-sc0-ng_dssr" --instance="${WORKSPACE}/experiment-suite/formal-v1/instances/60-2/wet060_001_2m_timeX5.dat" --algorithm="NG_DSSR" --outputDir="${WORKSPACE}/experiment-suite/formal-v1/runs/pricing-comparison/pricing-wet060_001_2m-a5-w404-sc0-ng_dssr" --seedFile="${WORKSPACE}/experiment-suite/formal-v1/seeds/wet060_001_2m-a5-w404-sc0.seed" --dueWindowHalfWidth="404" --setupCostCoefficient="0" --outsourcingModel="none" --outsourcingUnitRate="1" --discountStrength="0" --timeLimitSeconds="10800" --maxNodes="100000"	${WORKSPACE}/experiment-suite/formal-v1/runs/pricing-comparison/pricing-wet060_001_2m-a5-w404-sc0-ng_dssr	seed-wet060_001_2m-a5-w404-sc0	pricing-comparison
pricing-wet060_001_2m-a5-w404-sc0-time_indexed	HEU.FormalExperimentRunner	--action="solve" --runId="pricing-wet060_001_2m-a5-w404-sc0-time_indexed" --instance="${WORKSPACE}/experiment-suite/formal-v1/instances/60-2/wet060_001_2m_timeX5.dat" --algorithm="TIME_INDEXED" --outputDir="${WORKSPACE}/experiment-suite/formal-v1/runs/pricing-comparison/pricing-wet060_001_2m-a5-w404-sc0-time_indexed" --seedFile="${WORKSPACE}/experiment-suite/formal-v1/seeds/wet060_001_2m-a5-w404-sc0.seed" --dueWindowHalfWidth="404" --setupCostCoefficient="0" --outsourcingModel="none" --outsourcingUnitRate="1" --discountStrength="0" --timeLimitSeconds="10800" --maxNodes="100000"	${WORKSPACE}/experiment-suite/formal-v1/runs/pricing-comparison/pricing-wet060_001_2m-a5-w404-sc0-time_indexed	seed-wet060_001_2m-a5-w404-sc0	pricing-comparison
pricing-wet060_001_2m-a5-w404-sc0-time_indexed_sri	HEU.FormalExperimentRunner	--action="solve" --runId="pricing-wet060_001_2m-a5-w404-sc0-time_indexed_sri" --instance="${WORKSPACE}/experiment-suite/formal-v1/instances/60-2/wet060_001_2m_timeX5.dat" --algorithm="TIME_INDEXED_SRI" --outputDir="${WORKSPACE}/experiment-suite/formal-v1/runs/pricing-comparison/pricing-wet060_001_2m-a5-w404-sc0-time_indexed_sri" --seedFile="${WORKSPACE}/experiment-suite/formal-v1/seeds/wet060_001_2m-a5-w404-sc0.seed" --dueWindowHalfWidth="404" --setupCostCoefficient="0" --outsourcingModel="none" --outsourcingUnitRate="1" --discountStrength="0" --timeLimitSeconds="10800" --maxNodes="100000"	${WORKSPACE}/experiment-suite/formal-v1/runs/pricing-comparison/pricing-wet060_001_2m-a5-w404-sc0-time_indexed_sri	seed-wet060_001_2m-a5-w404-sc0	pricing-comparison
seed-wet060_001_2m-a5-w1214-sc0	HEU.FormalExperimentRunner	--action="seed" --runId="seed-wet060_001_2m-a5-w1214-sc0" --instance="${WORKSPACE}/experiment-suite/formal-v1/instances/60-2/wet060_001_2m_timeX5.dat" --seedFile="${WORKSPACE}/experiment-suite/formal-v1/seeds/wet060_001_2m-a5-w1214-sc0.seed" --outputDir="${WORKSPACE}/experiment-suite/formal-v1/runs/seed-wet060_001_2m-a5-w1214-sc0" --dueWindowHalfWidth="1214" --setupCostCoefficient="0"	${WORKSPACE}/experiment-suite/formal-v1/runs/seed-wet060_001_2m-a5-w1214-sc0		seed
pricing-wet060_001_2m-a5-w1214-sc0-ng_dssr	HEU.FormalExperimentRunner	--action="solve" --runId="pricing-wet060_001_2m-a5-w1214-sc0-ng_dssr" --instance="${WORKSPACE}/experiment-suite/formal-v1/instances/60-2/wet060_001_2m_timeX5.dat" --algorithm="NG_DSSR" --outputDir="${WORKSPACE}/experiment-suite/formal-v1/runs/pricing-comparison/pricing-wet060_001_2m-a5-w1214-sc0-ng_dssr" --seedFile="${WORKSPACE}/experiment-suite/formal-v1/seeds/wet060_001_2m-a5-w1214-sc0.seed" --dueWindowHalfWidth="1214" --setupCostCoefficient="0" --outsourcingModel="none" --outsourcingUnitRate="1" --discountStrength="0" --timeLimitSeconds="10800" --maxNodes="100000"	${WORKSPACE}/experiment-suite/formal-v1/runs/pricing-comparison/pricing-wet060_001_2m-a5-w1214-sc0-ng_dssr	seed-wet060_001_2m-a5-w1214-sc0	pricing-comparison
pricing-wet060_001_2m-a5-w1214-sc0-time_indexed	HEU.FormalExperimentRunner	--action="solve" --runId="pricing-wet060_001_2m-a5-w1214-sc0-time_indexed" --instance="${WORKSPACE}/experiment-suite/formal-v1/instances/60-2/wet060_001_2m_timeX5.dat" --algorithm="TIME_INDEXED" --outputDir="${WORKSPACE}/experiment-suite/formal-v1/runs/pricing-comparison/pricing-wet060_001_2m-a5-w1214-sc0-time_indexed" --seedFile="${WORKSPACE}/experiment-suite/formal-v1/seeds/wet060_001_2m-a5-w1214-sc0.seed" --dueWindowHalfWidth="1214" --setupCostCoefficient="0" --outsourcingModel="none" --outsourcingUnitRate="1" --discountStrength="0" --timeLimitSeconds="10800" --maxNodes="100000"	${WORKSPACE}/experiment-suite/formal-v1/runs/pricing-comparison/pricing-wet060_001_2m-a5-w1214-sc0-time_indexed	seed-wet060_001_2m-a5-w1214-sc0	pricing-comparison
pricing-wet060_001_2m-a5-w1214-sc0-time_indexed_sri	HEU.FormalExperimentRunner	--action="solve" --runId="pricing-wet060_001_2m-a5-w1214-sc0-time_indexed_sri" --instance="${WORKSPACE}/experiment-suite/formal-v1/instances/60-2/wet060_001_2m_timeX5.dat" --algorithm="TIME_INDEXED_SRI" --outputDir="${WORKSPACE}/experiment-suite/formal-v1/runs/pricing-comparison/pricing-wet060_001_2m-a5-w1214-sc0-time_indexed_sri" --seedFile="${WORKSPACE}/experiment-suite/formal-v1/seeds/wet060_001_2m-a5-w1214-sc0.seed" --dueWindowHalfWidth="1214" --setupCostCoefficient="0" --outsourcingModel="none" --outsourcingUnitRate="1" --discountStrength="0" --timeLimitSeconds="10800" --maxNodes="100000"	${WORKSPACE}/experiment-suite/formal-v1/runs/pricing-comparison/pricing-wet060_001_2m-a5-w1214-sc0-time_indexed_sri	seed-wet060_001_2m-a5-w1214-sc0	pricing-comparison
seed-wet060_001_2m-a10-w0-sc0	HEU.FormalExperimentRunner	--action="seed" --runId="seed-wet060_001_2m-a10-w0-sc0" --instance="${WORKSPACE}/experiment-suite/formal-v1/instances/60-2/wet060_001_2m_timeX10.dat" --seedFile="${WORKSPACE}/experiment-suite/formal-v1/seeds/wet060_001_2m-a10-w0-sc0.seed" --outputDir="${WORKSPACE}/experiment-suite/formal-v1/runs/seed-wet060_001_2m-a10-w0-sc0" --dueWindowHalfWidth="0" --setupCostCoefficient="0"	${WORKSPACE}/experiment-suite/formal-v1/runs/seed-wet060_001_2m-a10-w0-sc0		seed
pricing-wet060_001_2m-a10-w0-sc0-ng_dssr	HEU.FormalExperimentRunner	--action="solve" --runId="pricing-wet060_001_2m-a10-w0-sc0-ng_dssr" --instance="${WORKSPACE}/experiment-suite/formal-v1/instances/60-2/wet060_001_2m_timeX10.dat" --algorithm="NG_DSSR" --outputDir="${WORKSPACE}/experiment-suite/formal-v1/runs/pricing-comparison/pricing-wet060_001_2m-a10-w0-sc0-ng_dssr" --seedFile="${WORKSPACE}/experiment-suite/formal-v1/seeds/wet060_001_2m-a10-w0-sc0.seed" --dueWindowHalfWidth="0" --setupCostCoefficient="0" --outsourcingModel="none" --outsourcingUnitRate="1" --discountStrength="0" --timeLimitSeconds="10800" --maxNodes="100000"	${WORKSPACE}/experiment-suite/formal-v1/runs/pricing-comparison/pricing-wet060_001_2m-a10-w0-sc0-ng_dssr	seed-wet060_001_2m-a10-w0-sc0	pricing-comparison
pricing-wet060_001_2m-a10-w0-sc0-time_indexed	HEU.FormalExperimentRunner	--action="solve" --runId="pricing-wet060_001_2m-a10-w0-sc0-time_indexed" --instance="${WORKSPACE}/experiment-suite/formal-v1/instances/60-2/wet060_001_2m_timeX10.dat" --algorithm="TIME_INDEXED" --outputDir="${WORKSPACE}/experiment-suite/formal-v1/runs/pricing-comparison/pricing-wet060_001_2m-a10-w0-sc0-time_indexed" --seedFile="${WORKSPACE}/experiment-suite/formal-v1/seeds/wet060_001_2m-a10-w0-sc0.seed" --dueWindowHalfWidth="0" --setupCostCoefficient="0" --outsourcingModel="none" --outsourcingUnitRate="1" --discountStrength="0" --timeLimitSeconds="10800" --maxNodes="100000"	${WORKSPACE}/experiment-suite/formal-v1/runs/pricing-comparison/pricing-wet060_001_2m-a10-w0-sc0-time_indexed	seed-wet060_001_2m-a10-w0-sc0	pricing-comparison
pricing-wet060_001_2m-a10-w0-sc0-time_indexed_sri	HEU.FormalExperimentRunner	--action="solve" --runId="pricing-wet060_001_2m-a10-w0-sc0-time_indexed_sri" --instance="${WORKSPACE}/experiment-suite/formal-v1/instances/60-2/wet060_001_2m_timeX10.dat" --algorithm="TIME_INDEXED_SRI" --outputDir="${WORKSPACE}/experiment-suite/formal-v1/runs/pricing-comparison/pricing-wet060_001_2m-a10-w0-sc0-time_indexed_sri" --seedFile="${WORKSPACE}/experiment-suite/formal-v1/seeds/wet060_001_2m-a10-w0-sc0.seed" --dueWindowHalfWidth="0" --setupCostCoefficient="0" --outsourcingModel="none" --outsourcingUnitRate="1" --discountStrength="0" --timeLimitSeconds="10800" --maxNodes="100000"	${WORKSPACE}/experiment-suite/formal-v1/runs/pricing-comparison/pricing-wet060_001_2m-a10-w0-sc0-time_indexed_sri	seed-wet060_001_2m-a10-w0-sc0	pricing-comparison
seed-wet060_001_2m-a10-w809-sc0	HEU.FormalExperimentRunner	--action="seed" --runId="seed-wet060_001_2m-a10-w809-sc0" --instance="${WORKSPACE}/experiment-suite/formal-v1/instances/60-2/wet060_001_2m_timeX10.dat" --seedFile="${WORKSPACE}/experiment-suite/formal-v1/seeds/wet060_001_2m-a10-w809-sc0.seed" --outputDir="${WORKSPACE}/experiment-suite/formal-v1/runs/seed-wet060_001_2m-a10-w809-sc0" --dueWindowHalfWidth="809" --setupCostCoefficient="0"	${WORKSPACE}/experiment-suite/formal-v1/runs/seed-wet060_001_2m-a10-w809-sc0		seed
pricing-wet060_001_2m-a10-w809-sc0-ng_dssr	HEU.FormalExperimentRunner	--action="solve" --runId="pricing-wet060_001_2m-a10-w809-sc0-ng_dssr" --instance="${WORKSPACE}/experiment-suite/formal-v1/instances/60-2/wet060_001_2m_timeX10.dat" --algorithm="NG_DSSR" --outputDir="${WORKSPACE}/experiment-suite/formal-v1/runs/pricing-comparison/pricing-wet060_001_2m-a10-w809-sc0-ng_dssr" --seedFile="${WORKSPACE}/experiment-suite/formal-v1/seeds/wet060_001_2m-a10-w809-sc0.seed" --dueWindowHalfWidth="809" --setupCostCoefficient="0" --outsourcingModel="none" --outsourcingUnitRate="1" --discountStrength="0" --timeLimitSeconds="10800" --maxNodes="100000"	${WORKSPACE}/experiment-suite/formal-v1/runs/pricing-comparison/pricing-wet060_001_2m-a10-w809-sc0-ng_dssr	seed-wet060_001_2m-a10-w809-sc0	pricing-comparison
pricing-wet060_001_2m-a10-w809-sc0-time_indexed	HEU.FormalExperimentRunner	--action="solve" --runId="pricing-wet060_001_2m-a10-w809-sc0-time_indexed" --instance="${WORKSPACE}/experiment-suite/formal-v1/instances/60-2/wet060_001_2m_timeX10.dat" --algorithm="TIME_INDEXED" --outputDir="${WORKSPACE}/experiment-suite/formal-v1/runs/pricing-comparison/pricing-wet060_001_2m-a10-w809-sc0-time_indexed" --seedFile="${WORKSPACE}/experiment-suite/formal-v1/seeds/wet060_001_2m-a10-w809-sc0.seed" --dueWindowHalfWidth="809" --setupCostCoefficient="0" --outsourcingModel="none" --outsourcingUnitRate="1" --discountStrength="0" --timeLimitSeconds="10800" --maxNodes="100000"	${WORKSPACE}/experiment-suite/formal-v1/runs/pricing-comparison/pricing-wet060_001_2m-a10-w809-sc0-time_indexed	seed-wet060_001_2m-a10-w809-sc0	pricing-comparison
pricing-wet060_001_2m-a10-w809-sc0-time_indexed_sri	HEU.FormalExperimentRunner	--action="solve" --runId="pricing-wet060_001_2m-a10-w809-sc0-time_indexed_sri" --instance="${WORKSPACE}/experiment-suite/formal-v1/instances/60-2/wet060_001_2m_timeX10.dat" --algorithm="TIME_INDEXED_SRI" --outputDir="${WORKSPACE}/experiment-suite/formal-v1/runs/pricing-comparison/pricing-wet060_001_2m-a10-w809-sc0-time_indexed_sri" --seedFile="${WORKSPACE}/experiment-suite/formal-v1/seeds/wet060_001_2m-a10-w809-sc0.seed" --dueWindowHalfWidth="809" --setupCostCoefficient="0" --outsourcingModel="none" --outsourcingUnitRate="1" --discountStrength="0" --timeLimitSeconds="10800" --maxNodes="100000"	${WORKSPACE}/experiment-suite/formal-v1/runs/pricing-comparison/pricing-wet060_001_2m-a10-w809-sc0-time_indexed_sri	seed-wet060_001_2m-a10-w809-sc0	pricing-comparison
seed-wet060_001_2m-a10-w2427-sc0	HEU.FormalExperimentRunner	--action="seed" --runId="seed-wet060_001_2m-a10-w2427-sc0" --instance="${WORKSPACE}/experiment-suite/formal-v1/instances/60-2/wet060_001_2m_timeX10.dat" --seedFile="${WORKSPACE}/experiment-suite/formal-v1/seeds/wet060_001_2m-a10-w2427-sc0.seed" --outputDir="${WORKSPACE}/experiment-suite/formal-v1/runs/seed-wet060_001_2m-a10-w2427-sc0" --dueWindowHalfWidth="2427" --setupCostCoefficient="0"	${WORKSPACE}/experiment-suite/formal-v1/runs/seed-wet060_001_2m-a10-w2427-sc0		seed
pricing-wet060_001_2m-a10-w2427-sc0-ng_dssr	HEU.FormalExperimentRunner	--action="solve" --runId="pricing-wet060_001_2m-a10-w2427-sc0-ng_dssr" --instance="${WORKSPACE}/experiment-suite/formal-v1/instances/60-2/wet060_001_2m_timeX10.dat" --algorithm="NG_DSSR" --outputDir="${WORKSPACE}/experiment-suite/formal-v1/runs/pricing-comparison/pricing-wet060_001_2m-a10-w2427-sc0-ng_dssr" --seedFile="${WORKSPACE}/experiment-suite/formal-v1/seeds/wet060_001_2m-a10-w2427-sc0.seed" --dueWindowHalfWidth="2427" --setupCostCoefficient="0" --outsourcingModel="none" --outsourcingUnitRate="1" --discountStrength="0" --timeLimitSeconds="10800" --maxNodes="100000"	${WORKSPACE}/experiment-suite/formal-v1/runs/pricing-comparison/pricing-wet060_001_2m-a10-w2427-sc0-ng_dssr	seed-wet060_001_2m-a10-w2427-sc0	pricing-comparison
pricing-wet060_001_2m-a10-w2427-sc0-time_indexed	HEU.FormalExperimentRunner	--action="solve" --runId="pricing-wet060_001_2m-a10-w2427-sc0-time_indexed" --instance="${WORKSPACE}/experiment-suite/formal-v1/instances/60-2/wet060_001_2m_timeX10.dat" --algorithm="TIME_INDEXED" --outputDir="${WORKSPACE}/experiment-suite/formal-v1/runs/pricing-comparison/pricing-wet060_001_2m-a10-w2427-sc0-time_indexed" --seedFile="${WORKSPACE}/experiment-suite/formal-v1/seeds/wet060_001_2m-a10-w2427-sc0.seed" --dueWindowHalfWidth="2427" --setupCostCoefficient="0" --outsourcingModel="none" --outsourcingUnitRate="1" --discountStrength="0" --timeLimitSeconds="10800" --maxNodes="100000"	${WORKSPACE}/experiment-suite/formal-v1/runs/pricing-comparison/pricing-wet060_001_2m-a10-w2427-sc0-time_indexed	seed-wet060_001_2m-a10-w2427-sc0	pricing-comparison
pricing-wet060_001_2m-a10-w2427-sc0-time_indexed_sri	HEU.FormalExperimentRunner	--action="solve" --runId="pricing-wet060_001_2m-a10-w2427-sc0-time_indexed_sri" --instance="${WORKSPACE}/experiment-suite/formal-v1/instances/60-2/wet060_001_2m_timeX10.dat" --algorithm="TIME_INDEXED_SRI" --outputDir="${WORKSPACE}/experiment-suite/formal-v1/runs/pricing-comparison/pricing-wet060_001_2m-a10-w2427-sc0-time_indexed_sri" --seedFile="${WORKSPACE}/experiment-suite/formal-v1/seeds/wet060_001_2m-a10-w2427-sc0.seed" --dueWindowHalfWidth="2427" --setupCostCoefficient="0" --outsourcingModel="none" --outsourcingUnitRate="1" --discountStrength="0" --timeLimitSeconds="10800" --maxNodes="100000"	${WORKSPACE}/experiment-suite/formal-v1/runs/pricing-comparison/pricing-wet060_001_2m-a10-w2427-sc0-time_indexed_sri	seed-wet060_001_2m-a10-w2427-sc0	pricing-comparison
seed-wet060_002_2m-a1-w0-sc0	HEU.FormalExperimentRunner	--action="seed" --runId="seed-wet060_002_2m-a1-w0-sc0" --instance="${WORKSPACE}/data/60-2/wet060_002_2m.dat" --seedFile="${WORKSPACE}/experiment-suite/formal-v1/seeds/wet060_002_2m-a1-w0-sc0.seed" --outputDir="${WORKSPACE}/experiment-suite/formal-v1/runs/seed-wet060_002_2m-a1-w0-sc0" --dueWindowHalfWidth="0" --setupCostCoefficient="0"	${WORKSPACE}/experiment-suite/formal-v1/runs/seed-wet060_002_2m-a1-w0-sc0		seed
pricing-wet060_002_2m-a1-w0-sc0-ng_dssr	HEU.FormalExperimentRunner	--action="solve" --runId="pricing-wet060_002_2m-a1-w0-sc0-ng_dssr" --instance="${WORKSPACE}/data/60-2/wet060_002_2m.dat" --algorithm="NG_DSSR" --outputDir="${WORKSPACE}/experiment-suite/formal-v1/runs/pricing-comparison/pricing-wet060_002_2m-a1-w0-sc0-ng_dssr" --seedFile="${WORKSPACE}/experiment-suite/formal-v1/seeds/wet060_002_2m-a1-w0-sc0.seed" --dueWindowHalfWidth="0" --setupCostCoefficient="0" --outsourcingModel="none" --outsourcingUnitRate="1" --discountStrength="0" --timeLimitSeconds="10800" --maxNodes="100000"	${WORKSPACE}/experiment-suite/formal-v1/runs/pricing-comparison/pricing-wet060_002_2m-a1-w0-sc0-ng_dssr	seed-wet060_002_2m-a1-w0-sc0	pricing-comparison
pricing-wet060_002_2m-a1-w0-sc0-time_indexed	HEU.FormalExperimentRunner	--action="solve" --runId="pricing-wet060_002_2m-a1-w0-sc0-time_indexed" --instance="${WORKSPACE}/data/60-2/wet060_002_2m.dat" --algorithm="TIME_INDEXED" --outputDir="${WORKSPACE}/experiment-suite/formal-v1/runs/pricing-comparison/pricing-wet060_002_2m-a1-w0-sc0-time_indexed" --seedFile="${WORKSPACE}/experiment-suite/formal-v1/seeds/wet060_002_2m-a1-w0-sc0.seed" --dueWindowHalfWidth="0" --setupCostCoefficient="0" --outsourcingModel="none" --outsourcingUnitRate="1" --discountStrength="0" --timeLimitSeconds="10800" --maxNodes="100000"	${WORKSPACE}/experiment-suite/formal-v1/runs/pricing-comparison/pricing-wet060_002_2m-a1-w0-sc0-time_indexed	seed-wet060_002_2m-a1-w0-sc0	pricing-comparison
pricing-wet060_002_2m-a1-w0-sc0-time_indexed_sri	HEU.FormalExperimentRunner	--action="solve" --runId="pricing-wet060_002_2m-a1-w0-sc0-time_indexed_sri" --instance="${WORKSPACE}/data/60-2/wet060_002_2m.dat" --algorithm="TIME_INDEXED_SRI" --outputDir="${WORKSPACE}/experiment-suite/formal-v1/runs/pricing-comparison/pricing-wet060_002_2m-a1-w0-sc0-time_indexed_sri" --seedFile="${WORKSPACE}/experiment-suite/formal-v1/seeds/wet060_002_2m-a1-w0-sc0.seed" --dueWindowHalfWidth="0" --setupCostCoefficient="0" --outsourcingModel="none" --outsourcingUnitRate="1" --discountStrength="0" --timeLimitSeconds="10800" --maxNodes="100000"	${WORKSPACE}/experiment-suite/formal-v1/runs/pricing-comparison/pricing-wet060_002_2m-a1-w0-sc0-time_indexed_sri	seed-wet060_002_2m-a1-w0-sc0	pricing-comparison
seed-wet060_002_2m-a1-w79-sc0	HEU.FormalExperimentRunner	--action="seed" --runId="seed-wet060_002_2m-a1-w79-sc0" --instance="${WORKSPACE}/data/60-2/wet060_002_2m.dat" --seedFile="${WORKSPACE}/experiment-suite/formal-v1/seeds/wet060_002_2m-a1-w79-sc0.seed" --outputDir="${WORKSPACE}/experiment-suite/formal-v1/runs/seed-wet060_002_2m-a1-w79-sc0" --dueWindowHalfWidth="79" --setupCostCoefficient="0"	${WORKSPACE}/experiment-suite/formal-v1/runs/seed-wet060_002_2m-a1-w79-sc0		seed
pricing-wet060_002_2m-a1-w79-sc0-ng_dssr	HEU.FormalExperimentRunner	--action="solve" --runId="pricing-wet060_002_2m-a1-w79-sc0-ng_dssr" --instance="${WORKSPACE}/data/60-2/wet060_002_2m.dat" --algorithm="NG_DSSR" --outputDir="${WORKSPACE}/experiment-suite/formal-v1/runs/pricing-comparison/pricing-wet060_002_2m-a1-w79-sc0-ng_dssr" --seedFile="${WORKSPACE}/experiment-suite/formal-v1/seeds/wet060_002_2m-a1-w79-sc0.seed" --dueWindowHalfWidth="79" --setupCostCoefficient="0" --outsourcingModel="none" --outsourcingUnitRate="1" --discountStrength="0" --timeLimitSeconds="10800" --maxNodes="100000"	${WORKSPACE}/experiment-suite/formal-v1/runs/pricing-comparison/pricing-wet060_002_2m-a1-w79-sc0-ng_dssr	seed-wet060_002_2m-a1-w79-sc0	pricing-comparison
pricing-wet060_002_2m-a1-w79-sc0-time_indexed	HEU.FormalExperimentRunner	--action="solve" --runId="pricing-wet060_002_2m-a1-w79-sc0-time_indexed" --instance="${WORKSPACE}/data/60-2/wet060_002_2m.dat" --algorithm="TIME_INDEXED" --outputDir="${WORKSPACE}/experiment-suite/formal-v1/runs/pricing-comparison/pricing-wet060_002_2m-a1-w79-sc0-time_indexed" --seedFile="${WORKSPACE}/experiment-suite/formal-v1/seeds/wet060_002_2m-a1-w79-sc0.seed" --dueWindowHalfWidth="79" --setupCostCoefficient="0" --outsourcingModel="none" --outsourcingUnitRate="1" --discountStrength="0" --timeLimitSeconds="10800" --maxNodes="100000"	${WORKSPACE}/experiment-suite/formal-v1/runs/pricing-comparison/pricing-wet060_002_2m-a1-w79-sc0-time_indexed	seed-wet060_002_2m-a1-w79-sc0	pricing-comparison
pricing-wet060_002_2m-a1-w79-sc0-time_indexed_sri	HEU.FormalExperimentRunner	--action="solve" --runId="pricing-wet060_002_2m-a1-w79-sc0-time_indexed_sri" --instance="${WORKSPACE}/data/60-2/wet060_002_2m.dat" --algorithm="TIME_INDEXED_SRI" --outputDir="${WORKSPACE}/experiment-suite/formal-v1/runs/pricing-comparison/pricing-wet060_002_2m-a1-w79-sc0-time_indexed_sri" --seedFile="${WORKSPACE}/experiment-suite/formal-v1/seeds/wet060_002_2m-a1-w79-sc0.seed" --dueWindowHalfWidth="79" --setupCostCoefficient="0" --outsourcingModel="none" --outsourcingUnitRate="1" --discountStrength="0" --timeLimitSeconds="10800" --maxNodes="100000"	${WORKSPACE}/experiment-suite/formal-v1/runs/pricing-comparison/pricing-wet060_002_2m-a1-w79-sc0-time_indexed_sri	seed-wet060_002_2m-a1-w79-sc0	pricing-comparison
seed-wet060_002_2m-a1-w237-sc0	HEU.FormalExperimentRunner	--action="seed" --runId="seed-wet060_002_2m-a1-w237-sc0" --instance="${WORKSPACE}/data/60-2/wet060_002_2m.dat" --seedFile="${WORKSPACE}/experiment-suite/formal-v1/seeds/wet060_002_2m-a1-w237-sc0.seed" --outputDir="${WORKSPACE}/experiment-suite/formal-v1/runs/seed-wet060_002_2m-a1-w237-sc0" --dueWindowHalfWidth="237" --setupCostCoefficient="0"	${WORKSPACE}/experiment-suite/formal-v1/runs/seed-wet060_002_2m-a1-w237-sc0		seed
pricing-wet060_002_2m-a1-w237-sc0-ng_dssr	HEU.FormalExperimentRunner	--action="solve" --runId="pricing-wet060_002_2m-a1-w237-sc0-ng_dssr" --instance="${WORKSPACE}/data/60-2/wet060_002_2m.dat" --algorithm="NG_DSSR" --outputDir="${WORKSPACE}/experiment-suite/formal-v1/runs/pricing-comparison/pricing-wet060_002_2m-a1-w237-sc0-ng_dssr" --seedFile="${WORKSPACE}/experiment-suite/formal-v1/seeds/wet060_002_2m-a1-w237-sc0.seed" --dueWindowHalfWidth="237" --setupCostCoefficient="0" --outsourcingModel="none" --outsourcingUnitRate="1" --discountStrength="0" --timeLimitSeconds="10800" --maxNodes="100000"	${WORKSPACE}/experiment-suite/formal-v1/runs/pricing-comparison/pricing-wet060_002_2m-a1-w237-sc0-ng_dssr	seed-wet060_002_2m-a1-w237-sc0	pricing-comparison
pricing-wet060_002_2m-a1-w237-sc0-time_indexed	HEU.FormalExperimentRunner	--action="solve" --runId="pricing-wet060_002_2m-a1-w237-sc0-time_indexed" --instance="${WORKSPACE}/data/60-2/wet060_002_2m.dat" --algorithm="TIME_INDEXED" --outputDir="${WORKSPACE}/experiment-suite/formal-v1/runs/pricing-comparison/pricing-wet060_002_2m-a1-w237-sc0-time_indexed" --seedFile="${WORKSPACE}/experiment-suite/formal-v1/seeds/wet060_002_2m-a1-w237-sc0.seed" --dueWindowHalfWidth="237" --setupCostCoefficient="0" --outsourcingModel="none" --outsourcingUnitRate="1" --discountStrength="0" --timeLimitSeconds="10800" --maxNodes="100000"	${WORKSPACE}/experiment-suite/formal-v1/runs/pricing-comparison/pricing-wet060_002_2m-a1-w237-sc0-time_indexed	seed-wet060_002_2m-a1-w237-sc0	pricing-comparison
pricing-wet060_002_2m-a1-w237-sc0-time_indexed_sri	HEU.FormalExperimentRunner	--action="solve" --runId="pricing-wet060_002_2m-a1-w237-sc0-time_indexed_sri" --instance="${WORKSPACE}/data/60-2/wet060_002_2m.dat" --algorithm="TIME_INDEXED_SRI" --outputDir="${WORKSPACE}/experiment-suite/formal-v1/runs/pricing-comparison/pricing-wet060_002_2m-a1-w237-sc0-time_indexed_sri" --seedFile="${WORKSPACE}/experiment-suite/formal-v1/seeds/wet060_002_2m-a1-w237-sc0.seed" --dueWindowHalfWidth="237" --setupCostCoefficient="0" --outsourcingModel="none" --outsourcingUnitRate="1" --discountStrength="0" --timeLimitSeconds="10800" --maxNodes="100000"	${WORKSPACE}/experiment-suite/formal-v1/runs/pricing-comparison/pricing-wet060_002_2m-a1-w237-sc0-time_indexed_sri	seed-wet060_002_2m-a1-w237-sc0	pricing-comparison
seed-wet060_002_2m-a5-w0-sc0	HEU.FormalExperimentRunner	--action="seed" --runId="seed-wet060_002_2m-a5-w0-sc0" --instance="${WORKSPACE}/experiment-suite/formal-v1/instances/60-2/wet060_002_2m_timeX5.dat" --seedFile="${WORKSPACE}/experiment-suite/formal-v1/seeds/wet060_002_2m-a5-w0-sc0.seed" --outputDir="${WORKSPACE}/experiment-suite/formal-v1/runs/seed-wet060_002_2m-a5-w0-sc0" --dueWindowHalfWidth="0" --setupCostCoefficient="0"	${WORKSPACE}/experiment-suite/formal-v1/runs/seed-wet060_002_2m-a5-w0-sc0		seed
pricing-wet060_002_2m-a5-w0-sc0-ng_dssr	HEU.FormalExperimentRunner	--action="solve" --runId="pricing-wet060_002_2m-a5-w0-sc0-ng_dssr" --instance="${WORKSPACE}/experiment-suite/formal-v1/instances/60-2/wet060_002_2m_timeX5.dat" --algorithm="NG_DSSR" --outputDir="${WORKSPACE}/experiment-suite/formal-v1/runs/pricing-comparison/pricing-wet060_002_2m-a5-w0-sc0-ng_dssr" --seedFile="${WORKSPACE}/experiment-suite/formal-v1/seeds/wet060_002_2m-a5-w0-sc0.seed" --dueWindowHalfWidth="0" --setupCostCoefficient="0" --outsourcingModel="none" --outsourcingUnitRate="1" --discountStrength="0" --timeLimitSeconds="10800" --maxNodes="100000"	${WORKSPACE}/experiment-suite/formal-v1/runs/pricing-comparison/pricing-wet060_002_2m-a5-w0-sc0-ng_dssr	seed-wet060_002_2m-a5-w0-sc0	pricing-comparison
pricing-wet060_002_2m-a5-w0-sc0-time_indexed	HEU.FormalExperimentRunner	--action="solve" --runId="pricing-wet060_002_2m-a5-w0-sc0-time_indexed" --instance="${WORKSPACE}/experiment-suite/formal-v1/instances/60-2/wet060_002_2m_timeX5.dat" --algorithm="TIME_INDEXED" --outputDir="${WORKSPACE}/experiment-suite/formal-v1/runs/pricing-comparison/pricing-wet060_002_2m-a5-w0-sc0-time_indexed" --seedFile="${WORKSPACE}/experiment-suite/formal-v1/seeds/wet060_002_2m-a5-w0-sc0.seed" --dueWindowHalfWidth="0" --setupCostCoefficient="0" --outsourcingModel="none" --outsourcingUnitRate="1" --discountStrength="0" --timeLimitSeconds="10800" --maxNodes="100000"	${WORKSPACE}/experiment-suite/formal-v1/runs/pricing-comparison/pricing-wet060_002_2m-a5-w0-sc0-time_indexed	seed-wet060_002_2m-a5-w0-sc0	pricing-comparison
pricing-wet060_002_2m-a5-w0-sc0-time_indexed_sri	HEU.FormalExperimentRunner	--action="solve" --runId="pricing-wet060_002_2m-a5-w0-sc0-time_indexed_sri" --instance="${WORKSPACE}/experiment-suite/formal-v1/instances/60-2/wet060_002_2m_timeX5.dat" --algorithm="TIME_INDEXED_SRI" --outputDir="${WORKSPACE}/experiment-suite/formal-v1/runs/pricing-comparison/pricing-wet060_002_2m-a5-w0-sc0-time_indexed_sri" --seedFile="${WORKSPACE}/experiment-suite/formal-v1/seeds/wet060_002_2m-a5-w0-sc0.seed" --dueWindowHalfWidth="0" --setupCostCoefficient="0" --outsourcingModel="none" --outsourcingUnitRate="1" --discountStrength="0" --timeLimitSeconds="10800" --maxNodes="100000"	${WORKSPACE}/experiment-suite/formal-v1/runs/pricing-comparison/pricing-wet060_002_2m-a5-w0-sc0-time_indexed_sri	seed-wet060_002_2m-a5-w0-sc0	pricing-comparison
seed-wet060_002_2m-a5-w394-sc0	HEU.FormalExperimentRunner	--action="seed" --runId="seed-wet060_002_2m-a5-w394-sc0" --instance="${WORKSPACE}/experiment-suite/formal-v1/instances/60-2/wet060_002_2m_timeX5.dat" --seedFile="${WORKSPACE}/experiment-suite/formal-v1/seeds/wet060_002_2m-a5-w394-sc0.seed" --outputDir="${WORKSPACE}/experiment-suite/formal-v1/runs/seed-wet060_002_2m-a5-w394-sc0" --dueWindowHalfWidth="394" --setupCostCoefficient="0"	${WORKSPACE}/experiment-suite/formal-v1/runs/seed-wet060_002_2m-a5-w394-sc0		seed
pricing-wet060_002_2m-a5-w394-sc0-ng_dssr	HEU.FormalExperimentRunner	--action="solve" --runId="pricing-wet060_002_2m-a5-w394-sc0-ng_dssr" --instance="${WORKSPACE}/experiment-suite/formal-v1/instances/60-2/wet060_002_2m_timeX5.dat" --algorithm="NG_DSSR" --outputDir="${WORKSPACE}/experiment-suite/formal-v1/runs/pricing-comparison/pricing-wet060_002_2m-a5-w394-sc0-ng_dssr" --seedFile="${WORKSPACE}/experiment-suite/formal-v1/seeds/wet060_002_2m-a5-w394-sc0.seed" --dueWindowHalfWidth="394" --setupCostCoefficient="0" --outsourcingModel="none" --outsourcingUnitRate="1" --discountStrength="0" --timeLimitSeconds="10800" --maxNodes="100000"	${WORKSPACE}/experiment-suite/formal-v1/runs/pricing-comparison/pricing-wet060_002_2m-a5-w394-sc0-ng_dssr	seed-wet060_002_2m-a5-w394-sc0	pricing-comparison
pricing-wet060_002_2m-a5-w394-sc0-time_indexed	HEU.FormalExperimentRunner	--action="solve" --runId="pricing-wet060_002_2m-a5-w394-sc0-time_indexed" --instance="${WORKSPACE}/experiment-suite/formal-v1/instances/60-2/wet060_002_2m_timeX5.dat" --algorithm="TIME_INDEXED" --outputDir="${WORKSPACE}/experiment-suite/formal-v1/runs/pricing-comparison/pricing-wet060_002_2m-a5-w394-sc0-time_indexed" --seedFile="${WORKSPACE}/experiment-suite/formal-v1/seeds/wet060_002_2m-a5-w394-sc0.seed" --dueWindowHalfWidth="394" --setupCostCoefficient="0" --outsourcingModel="none" --outsourcingUnitRate="1" --discountStrength="0" --timeLimitSeconds="10800" --maxNodes="100000"	${WORKSPACE}/experiment-suite/formal-v1/runs/pricing-comparison/pricing-wet060_002_2m-a5-w394-sc0-time_indexed	seed-wet060_002_2m-a5-w394-sc0	pricing-comparison
pricing-wet060_002_2m-a5-w394-sc0-time_indexed_sri	HEU.FormalExperimentRunner	--action="solve" --runId="pricing-wet060_002_2m-a5-w394-sc0-time_indexed_sri" --instance="${WORKSPACE}/experiment-suite/formal-v1/instances/60-2/wet060_002_2m_timeX5.dat" --algorithm="TIME_INDEXED_SRI" --outputDir="${WORKSPACE}/experiment-suite/formal-v1/runs/pricing-comparison/pricing-wet060_002_2m-a5-w394-sc0-time_indexed_sri" --seedFile="${WORKSPACE}/experiment-suite/formal-v1/seeds/wet060_002_2m-a5-w394-sc0.seed" --dueWindowHalfWidth="394" --setupCostCoefficient="0" --outsourcingModel="none" --outsourcingUnitRate="1" --discountStrength="0" --timeLimitSeconds="10800" --maxNodes="100000"	${WORKSPACE}/experiment-suite/formal-v1/runs/pricing-comparison/pricing-wet060_002_2m-a5-w394-sc0-time_indexed_sri	seed-wet060_002_2m-a5-w394-sc0	pricing-comparison
seed-wet060_002_2m-a5-w1184-sc0	HEU.FormalExperimentRunner	--action="seed" --runId="seed-wet060_002_2m-a5-w1184-sc0" --instance="${WORKSPACE}/experiment-suite/formal-v1/instances/60-2/wet060_002_2m_timeX5.dat" --seedFile="${WORKSPACE}/experiment-suite/formal-v1/seeds/wet060_002_2m-a5-w1184-sc0.seed" --outputDir="${WORKSPACE}/experiment-suite/formal-v1/runs/seed-wet060_002_2m-a5-w1184-sc0" --dueWindowHalfWidth="1184" --setupCostCoefficient="0"	${WORKSPACE}/experiment-suite/formal-v1/runs/seed-wet060_002_2m-a5-w1184-sc0		seed
pricing-wet060_002_2m-a5-w1184-sc0-ng_dssr	HEU.FormalExperimentRunner	--action="solve" --runId="pricing-wet060_002_2m-a5-w1184-sc0-ng_dssr" --instance="${WORKSPACE}/experiment-suite/formal-v1/instances/60-2/wet060_002_2m_timeX5.dat" --algorithm="NG_DSSR" --outputDir="${WORKSPACE}/experiment-suite/formal-v1/runs/pricing-comparison/pricing-wet060_002_2m-a5-w1184-sc0-ng_dssr" --seedFile="${WORKSPACE}/experiment-suite/formal-v1/seeds/wet060_002_2m-a5-w1184-sc0.seed" --dueWindowHalfWidth="1184" --setupCostCoefficient="0" --outsourcingModel="none" --outsourcingUnitRate="1" --discountStrength="0" --timeLimitSeconds="10800" --maxNodes="100000"	${WORKSPACE}/experiment-suite/formal-v1/runs/pricing-comparison/pricing-wet060_002_2m-a5-w1184-sc0-ng_dssr	seed-wet060_002_2m-a5-w1184-sc0	pricing-comparison
pricing-wet060_002_2m-a5-w1184-sc0-time_indexed	HEU.FormalExperimentRunner	--action="solve" --runId="pricing-wet060_002_2m-a5-w1184-sc0-time_indexed" --instance="${WORKSPACE}/experiment-suite/formal-v1/instances/60-2/wet060_002_2m_timeX5.dat" --algorithm="TIME_INDEXED" --outputDir="${WORKSPACE}/experiment-suite/formal-v1/runs/pricing-comparison/pricing-wet060_002_2m-a5-w1184-sc0-time_indexed" --seedFile="${WORKSPACE}/experiment-suite/formal-v1/seeds/wet060_002_2m-a5-w1184-sc0.seed" --dueWindowHalfWidth="1184" --setupCostCoefficient="0" --outsourcingModel="none" --outsourcingUnitRate="1" --discountStrength="0" --timeLimitSeconds="10800" --maxNodes="100000"	${WORKSPACE}/experiment-suite/formal-v1/runs/pricing-comparison/pricing-wet060_002_2m-a5-w1184-sc0-time_indexed	seed-wet060_002_2m-a5-w1184-sc0	pricing-comparison
pricing-wet060_002_2m-a5-w1184-sc0-time_indexed_sri	HEU.FormalExperimentRunner	--action="solve" --runId="pricing-wet060_002_2m-a5-w1184-sc0-time_indexed_sri" --instance="${WORKSPACE}/experiment-suite/formal-v1/instances/60-2/wet060_002_2m_timeX5.dat" --algorithm="TIME_INDEXED_SRI" --outputDir="${WORKSPACE}/experiment-suite/formal-v1/runs/pricing-comparison/pricing-wet060_002_2m-a5-w1184-sc0-time_indexed_sri" --seedFile="${WORKSPACE}/experiment-suite/formal-v1/seeds/wet060_002_2m-a5-w1184-sc0.seed" --dueWindowHalfWidth="1184" --setupCostCoefficient="0" --outsourcingModel="none" --outsourcingUnitRate="1" --discountStrength="0" --timeLimitSeconds="10800" --maxNodes="100000"	${WORKSPACE}/experiment-suite/formal-v1/runs/pricing-comparison/pricing-wet060_002_2m-a5-w1184-sc0-time_indexed_sri	seed-wet060_002_2m-a5-w1184-sc0	pricing-comparison
seed-wet060_002_2m-a10-w0-sc0	HEU.FormalExperimentRunner	--action="seed" --runId="seed-wet060_002_2m-a10-w0-sc0" --instance="${WORKSPACE}/experiment-suite/formal-v1/instances/60-2/wet060_002_2m_timeX10.dat" --seedFile="${WORKSPACE}/experiment-suite/formal-v1/seeds/wet060_002_2m-a10-w0-sc0.seed" --outputDir="${WORKSPACE}/experiment-suite/formal-v1/runs/seed-wet060_002_2m-a10-w0-sc0" --dueWindowHalfWidth="0" --setupCostCoefficient="0"	${WORKSPACE}/experiment-suite/formal-v1/runs/seed-wet060_002_2m-a10-w0-sc0		seed
pricing-wet060_002_2m-a10-w0-sc0-ng_dssr	HEU.FormalExperimentRunner	--action="solve" --runId="pricing-wet060_002_2m-a10-w0-sc0-ng_dssr" --instance="${WORKSPACE}/experiment-suite/formal-v1/instances/60-2/wet060_002_2m_timeX10.dat" --algorithm="NG_DSSR" --outputDir="${WORKSPACE}/experiment-suite/formal-v1/runs/pricing-comparison/pricing-wet060_002_2m-a10-w0-sc0-ng_dssr" --seedFile="${WORKSPACE}/experiment-suite/formal-v1/seeds/wet060_002_2m-a10-w0-sc0.seed" --dueWindowHalfWidth="0" --setupCostCoefficient="0" --outsourcingModel="none" --outsourcingUnitRate="1" --discountStrength="0" --timeLimitSeconds="10800" --maxNodes="100000"	${WORKSPACE}/experiment-suite/formal-v1/runs/pricing-comparison/pricing-wet060_002_2m-a10-w0-sc0-ng_dssr	seed-wet060_002_2m-a10-w0-sc0	pricing-comparison
pricing-wet060_002_2m-a10-w0-sc0-time_indexed	HEU.FormalExperimentRunner	--action="solve" --runId="pricing-wet060_002_2m-a10-w0-sc0-time_indexed" --instance="${WORKSPACE}/experiment-suite/formal-v1/instances/60-2/wet060_002_2m_timeX10.dat" --algorithm="TIME_INDEXED" --outputDir="${WORKSPACE}/experiment-suite/formal-v1/runs/pricing-comparison/pricing-wet060_002_2m-a10-w0-sc0-time_indexed" --seedFile="${WORKSPACE}/experiment-suite/formal-v1/seeds/wet060_002_2m-a10-w0-sc0.seed" --dueWindowHalfWidth="0" --setupCostCoefficient="0" --outsourcingModel="none" --outsourcingUnitRate="1" --discountStrength="0" --timeLimitSeconds="10800" --maxNodes="100000"	${WORKSPACE}/experiment-suite/formal-v1/runs/pricing-comparison/pricing-wet060_002_2m-a10-w0-sc0-time_indexed	seed-wet060_002_2m-a10-w0-sc0	pricing-comparison
pricing-wet060_002_2m-a10-w0-sc0-time_indexed_sri	HEU.FormalExperimentRunner	--action="solve" --runId="pricing-wet060_002_2m-a10-w0-sc0-time_indexed_sri" --instance="${WORKSPACE}/experiment-suite/formal-v1/instances/60-2/wet060_002_2m_timeX10.dat" --algorithm="TIME_INDEXED_SRI" --outputDir="${WORKSPACE}/experiment-suite/formal-v1/runs/pricing-comparison/pricing-wet060_002_2m-a10-w0-sc0-time_indexed_sri" --seedFile="${WORKSPACE}/experiment-suite/formal-v1/seeds/wet060_002_2m-a10-w0-sc0.seed" --dueWindowHalfWidth="0" --setupCostCoefficient="0" --outsourcingModel="none" --outsourcingUnitRate="1" --discountStrength="0" --timeLimitSeconds="10800" --maxNodes="100000"	${WORKSPACE}/experiment-suite/formal-v1/runs/pricing-comparison/pricing-wet060_002_2m-a10-w0-sc0-time_indexed_sri	seed-wet060_002_2m-a10-w0-sc0	pricing-comparison
seed-wet060_002_2m-a10-w789-sc0	HEU.FormalExperimentRunner	--action="seed" --runId="seed-wet060_002_2m-a10-w789-sc0" --instance="${WORKSPACE}/experiment-suite/formal-v1/instances/60-2/wet060_002_2m_timeX10.dat" --seedFile="${WORKSPACE}/experiment-suite/formal-v1/seeds/wet060_002_2m-a10-w789-sc0.seed" --outputDir="${WORKSPACE}/experiment-suite/formal-v1/runs/seed-wet060_002_2m-a10-w789-sc0" --dueWindowHalfWidth="789" --setupCostCoefficient="0"	${WORKSPACE}/experiment-suite/formal-v1/runs/seed-wet060_002_2m-a10-w789-sc0		seed
pricing-wet060_002_2m-a10-w789-sc0-ng_dssr	HEU.FormalExperimentRunner	--action="solve" --runId="pricing-wet060_002_2m-a10-w789-sc0-ng_dssr" --instance="${WORKSPACE}/experiment-suite/formal-v1/instances/60-2/wet060_002_2m_timeX10.dat" --algorithm="NG_DSSR" --outputDir="${WORKSPACE}/experiment-suite/formal-v1/runs/pricing-comparison/pricing-wet060_002_2m-a10-w789-sc0-ng_dssr" --seedFile="${WORKSPACE}/experiment-suite/formal-v1/seeds/wet060_002_2m-a10-w789-sc0.seed" --dueWindowHalfWidth="789" --setupCostCoefficient="0" --outsourcingModel="none" --outsourcingUnitRate="1" --discountStrength="0" --timeLimitSeconds="10800" --maxNodes="100000"	${WORKSPACE}/experiment-suite/formal-v1/runs/pricing-comparison/pricing-wet060_002_2m-a10-w789-sc0-ng_dssr	seed-wet060_002_2m-a10-w789-sc0	pricing-comparison
pricing-wet060_002_2m-a10-w789-sc0-time_indexed	HEU.FormalExperimentRunner	--action="solve" --runId="pricing-wet060_002_2m-a10-w789-sc0-time_indexed" --instance="${WORKSPACE}/experiment-suite/formal-v1/instances/60-2/wet060_002_2m_timeX10.dat" --algorithm="TIME_INDEXED" --outputDir="${WORKSPACE}/experiment-suite/formal-v1/runs/pricing-comparison/pricing-wet060_002_2m-a10-w789-sc0-time_indexed" --seedFile="${WORKSPACE}/experiment-suite/formal-v1/seeds/wet060_002_2m-a10-w789-sc0.seed" --dueWindowHalfWidth="789" --setupCostCoefficient="0" --outsourcingModel="none" --outsourcingUnitRate="1" --discountStrength="0" --timeLimitSeconds="10800" --maxNodes="100000"	${WORKSPACE}/experiment-suite/formal-v1/runs/pricing-comparison/pricing-wet060_002_2m-a10-w789-sc0-time_indexed	seed-wet060_002_2m-a10-w789-sc0	pricing-comparison
pricing-wet060_002_2m-a10-w789-sc0-time_indexed_sri	HEU.FormalExperimentRunner	--action="solve" --runId="pricing-wet060_002_2m-a10-w789-sc0-time_indexed_sri" --instance="${WORKSPACE}/experiment-suite/formal-v1/instances/60-2/wet060_002_2m_timeX10.dat" --algorithm="TIME_INDEXED_SRI" --outputDir="${WORKSPACE}/experiment-suite/formal-v1/runs/pricing-comparison/pricing-wet060_002_2m-a10-w789-sc0-time_indexed_sri" --seedFile="${WORKSPACE}/experiment-suite/formal-v1/seeds/wet060_002_2m-a10-w789-sc0.seed" --dueWindowHalfWidth="789" --setupCostCoefficient="0" --outsourcingModel="none" --outsourcingUnitRate="1" --discountStrength="0" --timeLimitSeconds="10800" --maxNodes="100000"	${WORKSPACE}/experiment-suite/formal-v1/runs/pricing-comparison/pricing-wet060_002_2m-a10-w789-sc0-time_indexed_sri	seed-wet060_002_2m-a10-w789-sc0	pricing-comparison
seed-wet060_002_2m-a10-w2367-sc0	HEU.FormalExperimentRunner	--action="seed" --runId="seed-wet060_002_2m-a10-w2367-sc0" --instance="${WORKSPACE}/experiment-suite/formal-v1/instances/60-2/wet060_002_2m_timeX10.dat" --seedFile="${WORKSPACE}/experiment-suite/formal-v1/seeds/wet060_002_2m-a10-w2367-sc0.seed" --outputDir="${WORKSPACE}/experiment-suite/formal-v1/runs/seed-wet060_002_2m-a10-w2367-sc0" --dueWindowHalfWidth="2367" --setupCostCoefficient="0"	${WORKSPACE}/experiment-suite/formal-v1/runs/seed-wet060_002_2m-a10-w2367-sc0		seed
pricing-wet060_002_2m-a10-w2367-sc0-ng_dssr	HEU.FormalExperimentRunner	--action="solve" --runId="pricing-wet060_002_2m-a10-w2367-sc0-ng_dssr" --instance="${WORKSPACE}/experiment-suite/formal-v1/instances/60-2/wet060_002_2m_timeX10.dat" --algorithm="NG_DSSR" --outputDir="${WORKSPACE}/experiment-suite/formal-v1/runs/pricing-comparison/pricing-wet060_002_2m-a10-w2367-sc0-ng_dssr" --seedFile="${WORKSPACE}/experiment-suite/formal-v1/seeds/wet060_002_2m-a10-w2367-sc0.seed" --dueWindowHalfWidth="2367" --setupCostCoefficient="0" --outsourcingModel="none" --outsourcingUnitRate="1" --discountStrength="0" --timeLimitSeconds="10800" --maxNodes="100000"	${WORKSPACE}/experiment-suite/formal-v1/runs/pricing-comparison/pricing-wet060_002_2m-a10-w2367-sc0-ng_dssr	seed-wet060_002_2m-a10-w2367-sc0	pricing-comparison
pricing-wet060_002_2m-a10-w2367-sc0-time_indexed	HEU.FormalExperimentRunner	--action="solve" --runId="pricing-wet060_002_2m-a10-w2367-sc0-time_indexed" --instance="${WORKSPACE}/experiment-suite/formal-v1/instances/60-2/wet060_002_2m_timeX10.dat" --algorithm="TIME_INDEXED" --outputDir="${WORKSPACE}/experiment-suite/formal-v1/runs/pricing-comparison/pricing-wet060_002_2m-a10-w2367-sc0-time_indexed" --seedFile="${WORKSPACE}/experiment-suite/formal-v1/seeds/wet060_002_2m-a10-w2367-sc0.seed" --dueWindowHalfWidth="2367" --setupCostCoefficient="0" --outsourcingModel="none" --outsourcingUnitRate="1" --discountStrength="0" --timeLimitSeconds="10800" --maxNodes="100000"	${WORKSPACE}/experiment-suite/formal-v1/runs/pricing-comparison/pricing-wet060_002_2m-a10-w2367-sc0-time_indexed	seed-wet060_002_2m-a10-w2367-sc0	pricing-comparison
pricing-wet060_002_2m-a10-w2367-sc0-time_indexed_sri	HEU.FormalExperimentRunner	--action="solve" --runId="pricing-wet060_002_2m-a10-w2367-sc0-time_indexed_sri" --instance="${WORKSPACE}/experiment-suite/formal-v1/instances/60-2/wet060_002_2m_timeX10.dat" --algorithm="TIME_INDEXED_SRI" --outputDir="${WORKSPACE}/experiment-suite/formal-v1/runs/pricing-comparison/pricing-wet060_002_2m-a10-w2367-sc0-time_indexed_sri" --seedFile="${WORKSPACE}/experiment-suite/formal-v1/seeds/wet060_002_2m-a10-w2367-sc0.seed" --dueWindowHalfWidth="2367" --setupCostCoefficient="0" --outsourcingModel="none" --outsourcingUnitRate="1" --discountStrength="0" --timeLimitSeconds="10800" --maxNodes="100000"	${WORKSPACE}/experiment-suite/formal-v1/runs/pricing-comparison/pricing-wet060_002_2m-a10-w2367-sc0-time_indexed_sri	seed-wet060_002_2m-a10-w2367-sc0	pricing-comparison
seed-wet060_003_2m-a1-w0-sc0	HEU.FormalExperimentRunner	--action="seed" --runId="seed-wet060_003_2m-a1-w0-sc0" --instance="${WORKSPACE}/data/60-2/wet060_003_2m.dat" --seedFile="${WORKSPACE}/experiment-suite/formal-v1/seeds/wet060_003_2m-a1-w0-sc0.seed" --outputDir="${WORKSPACE}/experiment-suite/formal-v1/runs/seed-wet060_003_2m-a1-w0-sc0" --dueWindowHalfWidth="0" --setupCostCoefficient="0"	${WORKSPACE}/experiment-suite/formal-v1/runs/seed-wet060_003_2m-a1-w0-sc0		seed
pricing-wet060_003_2m-a1-w0-sc0-ng_dssr	HEU.FormalExperimentRunner	--action="solve" --runId="pricing-wet060_003_2m-a1-w0-sc0-ng_dssr" --instance="${WORKSPACE}/data/60-2/wet060_003_2m.dat" --algorithm="NG_DSSR" --outputDir="${WORKSPACE}/experiment-suite/formal-v1/runs/pricing-comparison/pricing-wet060_003_2m-a1-w0-sc0-ng_dssr" --seedFile="${WORKSPACE}/experiment-suite/formal-v1/seeds/wet060_003_2m-a1-w0-sc0.seed" --dueWindowHalfWidth="0" --setupCostCoefficient="0" --outsourcingModel="none" --outsourcingUnitRate="1" --discountStrength="0" --timeLimitSeconds="10800" --maxNodes="100000"	${WORKSPACE}/experiment-suite/formal-v1/runs/pricing-comparison/pricing-wet060_003_2m-a1-w0-sc0-ng_dssr	seed-wet060_003_2m-a1-w0-sc0	pricing-comparison
pricing-wet060_003_2m-a1-w0-sc0-time_indexed	HEU.FormalExperimentRunner	--action="solve" --runId="pricing-wet060_003_2m-a1-w0-sc0-time_indexed" --instance="${WORKSPACE}/data/60-2/wet060_003_2m.dat" --algorithm="TIME_INDEXED" --outputDir="${WORKSPACE}/experiment-suite/formal-v1/runs/pricing-comparison/pricing-wet060_003_2m-a1-w0-sc0-time_indexed" --seedFile="${WORKSPACE}/experiment-suite/formal-v1/seeds/wet060_003_2m-a1-w0-sc0.seed" --dueWindowHalfWidth="0" --setupCostCoefficient="0" --outsourcingModel="none" --outsourcingUnitRate="1" --discountStrength="0" --timeLimitSeconds="10800" --maxNodes="100000"	${WORKSPACE}/experiment-suite/formal-v1/runs/pricing-comparison/pricing-wet060_003_2m-a1-w0-sc0-time_indexed	seed-wet060_003_2m-a1-w0-sc0	pricing-comparison
pricing-wet060_003_2m-a1-w0-sc0-time_indexed_sri	HEU.FormalExperimentRunner	--action="solve" --runId="pricing-wet060_003_2m-a1-w0-sc0-time_indexed_sri" --instance="${WORKSPACE}/data/60-2/wet060_003_2m.dat" --algorithm="TIME_INDEXED_SRI" --outputDir="${WORKSPACE}/experiment-suite/formal-v1/runs/pricing-comparison/pricing-wet060_003_2m-a1-w0-sc0-time_indexed_sri" --seedFile="${WORKSPACE}/experiment-suite/formal-v1/seeds/wet060_003_2m-a1-w0-sc0.seed" --dueWindowHalfWidth="0" --setupCostCoefficient="0" --outsourcingModel="none" --outsourcingUnitRate="1" --discountStrength="0" --timeLimitSeconds="10800" --maxNodes="100000"	${WORKSPACE}/experiment-suite/formal-v1/runs/pricing-comparison/pricing-wet060_003_2m-a1-w0-sc0-time_indexed_sri	seed-wet060_003_2m-a1-w0-sc0	pricing-comparison
seed-wet060_003_2m-a1-w75-sc0	HEU.FormalExperimentRunner	--action="seed" --runId="seed-wet060_003_2m-a1-w75-sc0" --instance="${WORKSPACE}/data/60-2/wet060_003_2m.dat" --seedFile="${WORKSPACE}/experiment-suite/formal-v1/seeds/wet060_003_2m-a1-w75-sc0.seed" --outputDir="${WORKSPACE}/experiment-suite/formal-v1/runs/seed-wet060_003_2m-a1-w75-sc0" --dueWindowHalfWidth="75" --setupCostCoefficient="0"	${WORKSPACE}/experiment-suite/formal-v1/runs/seed-wet060_003_2m-a1-w75-sc0		seed
pricing-wet060_003_2m-a1-w75-sc0-ng_dssr	HEU.FormalExperimentRunner	--action="solve" --runId="pricing-wet060_003_2m-a1-w75-sc0-ng_dssr" --instance="${WORKSPACE}/data/60-2/wet060_003_2m.dat" --algorithm="NG_DSSR" --outputDir="${WORKSPACE}/experiment-suite/formal-v1/runs/pricing-comparison/pricing-wet060_003_2m-a1-w75-sc0-ng_dssr" --seedFile="${WORKSPACE}/experiment-suite/formal-v1/seeds/wet060_003_2m-a1-w75-sc0.seed" --dueWindowHalfWidth="75" --setupCostCoefficient="0" --outsourcingModel="none" --outsourcingUnitRate="1" --discountStrength="0" --timeLimitSeconds="10800" --maxNodes="100000"	${WORKSPACE}/experiment-suite/formal-v1/runs/pricing-comparison/pricing-wet060_003_2m-a1-w75-sc0-ng_dssr	seed-wet060_003_2m-a1-w75-sc0	pricing-comparison
pricing-wet060_003_2m-a1-w75-sc0-time_indexed	HEU.FormalExperimentRunner	--action="solve" --runId="pricing-wet060_003_2m-a1-w75-sc0-time_indexed" --instance="${WORKSPACE}/data/60-2/wet060_003_2m.dat" --algorithm="TIME_INDEXED" --outputDir="${WORKSPACE}/experiment-suite/formal-v1/runs/pricing-comparison/pricing-wet060_003_2m-a1-w75-sc0-time_indexed" --seedFile="${WORKSPACE}/experiment-suite/formal-v1/seeds/wet060_003_2m-a1-w75-sc0.seed" --dueWindowHalfWidth="75" --setupCostCoefficient="0" --outsourcingModel="none" --outsourcingUnitRate="1" --discountStrength="0" --timeLimitSeconds="10800" --maxNodes="100000"	${WORKSPACE}/experiment-suite/formal-v1/runs/pricing-comparison/pricing-wet060_003_2m-a1-w75-sc0-time_indexed	seed-wet060_003_2m-a1-w75-sc0	pricing-comparison
pricing-wet060_003_2m-a1-w75-sc0-time_indexed_sri	HEU.FormalExperimentRunner	--action="solve" --runId="pricing-wet060_003_2m-a1-w75-sc0-time_indexed_sri" --instance="${WORKSPACE}/data/60-2/wet060_003_2m.dat" --algorithm="TIME_INDEXED_SRI" --outputDir="${WORKSPACE}/experiment-suite/formal-v1/runs/pricing-comparison/pricing-wet060_003_2m-a1-w75-sc0-time_indexed_sri" --seedFile="${WORKSPACE}/experiment-suite/formal-v1/seeds/wet060_003_2m-a1-w75-sc0.seed" --dueWindowHalfWidth="75" --setupCostCoefficient="0" --outsourcingModel="none" --outsourcingUnitRate="1" --discountStrength="0" --timeLimitSeconds="10800" --maxNodes="100000"	${WORKSPACE}/experiment-suite/formal-v1/runs/pricing-comparison/pricing-wet060_003_2m-a1-w75-sc0-time_indexed_sri	seed-wet060_003_2m-a1-w75-sc0	pricing-comparison
seed-wet060_003_2m-a1-w224-sc0	HEU.FormalExperimentRunner	--action="seed" --runId="seed-wet060_003_2m-a1-w224-sc0" --instance="${WORKSPACE}/data/60-2/wet060_003_2m.dat" --seedFile="${WORKSPACE}/experiment-suite/formal-v1/seeds/wet060_003_2m-a1-w224-sc0.seed" --outputDir="${WORKSPACE}/experiment-suite/formal-v1/runs/seed-wet060_003_2m-a1-w224-sc0" --dueWindowHalfWidth="224" --setupCostCoefficient="0"	${WORKSPACE}/experiment-suite/formal-v1/runs/seed-wet060_003_2m-a1-w224-sc0		seed
pricing-wet060_003_2m-a1-w224-sc0-ng_dssr	HEU.FormalExperimentRunner	--action="solve" --runId="pricing-wet060_003_2m-a1-w224-sc0-ng_dssr" --instance="${WORKSPACE}/data/60-2/wet060_003_2m.dat" --algorithm="NG_DSSR" --outputDir="${WORKSPACE}/experiment-suite/formal-v1/runs/pricing-comparison/pricing-wet060_003_2m-a1-w224-sc0-ng_dssr" --seedFile="${WORKSPACE}/experiment-suite/formal-v1/seeds/wet060_003_2m-a1-w224-sc0.seed" --dueWindowHalfWidth="224" --setupCostCoefficient="0" --outsourcingModel="none" --outsourcingUnitRate="1" --discountStrength="0" --timeLimitSeconds="10800" --maxNodes="100000"	${WORKSPACE}/experiment-suite/formal-v1/runs/pricing-comparison/pricing-wet060_003_2m-a1-w224-sc0-ng_dssr	seed-wet060_003_2m-a1-w224-sc0	pricing-comparison
pricing-wet060_003_2m-a1-w224-sc0-time_indexed	HEU.FormalExperimentRunner	--action="solve" --runId="pricing-wet060_003_2m-a1-w224-sc0-time_indexed" --instance="${WORKSPACE}/data/60-2/wet060_003_2m.dat" --algorithm="TIME_INDEXED" --outputDir="${WORKSPACE}/experiment-suite/formal-v1/runs/pricing-comparison/pricing-wet060_003_2m-a1-w224-sc0-time_indexed" --seedFile="${WORKSPACE}/experiment-suite/formal-v1/seeds/wet060_003_2m-a1-w224-sc0.seed" --dueWindowHalfWidth="224" --setupCostCoefficient="0" --outsourcingModel="none" --outsourcingUnitRate="1" --discountStrength="0" --timeLimitSeconds="10800" --maxNodes="100000"	${WORKSPACE}/experiment-suite/formal-v1/runs/pricing-comparison/pricing-wet060_003_2m-a1-w224-sc0-time_indexed	seed-wet060_003_2m-a1-w224-sc0	pricing-comparison
pricing-wet060_003_2m-a1-w224-sc0-time_indexed_sri	HEU.FormalExperimentRunner	--action="solve" --runId="pricing-wet060_003_2m-a1-w224-sc0-time_indexed_sri" --instance="${WORKSPACE}/data/60-2/wet060_003_2m.dat" --algorithm="TIME_INDEXED_SRI" --outputDir="${WORKSPACE}/experiment-suite/formal-v1/runs/pricing-comparison/pricing-wet060_003_2m-a1-w224-sc0-time_indexed_sri" --seedFile="${WORKSPACE}/experiment-suite/formal-v1/seeds/wet060_003_2m-a1-w224-sc0.seed" --dueWindowHalfWidth="224" --setupCostCoefficient="0" --outsourcingModel="none" --outsourcingUnitRate="1" --discountStrength="0" --timeLimitSeconds="10800" --maxNodes="100000"	${WORKSPACE}/experiment-suite/formal-v1/runs/pricing-comparison/pricing-wet060_003_2m-a1-w224-sc0-time_indexed_sri	seed-wet060_003_2m-a1-w224-sc0	pricing-comparison
seed-wet060_003_2m-a5-w0-sc0	HEU.FormalExperimentRunner	--action="seed" --runId="seed-wet060_003_2m-a5-w0-sc0" --instance="${WORKSPACE}/experiment-suite/formal-v1/instances/60-2/wet060_003_2m_timeX5.dat" --seedFile="${WORKSPACE}/experiment-suite/formal-v1/seeds/wet060_003_2m-a5-w0-sc0.seed" --outputDir="${WORKSPACE}/experiment-suite/formal-v1/runs/seed-wet060_003_2m-a5-w0-sc0" --dueWindowHalfWidth="0" --setupCostCoefficient="0"	${WORKSPACE}/experiment-suite/formal-v1/runs/seed-wet060_003_2m-a5-w0-sc0		seed
pricing-wet060_003_2m-a5-w0-sc0-ng_dssr	HEU.FormalExperimentRunner	--action="solve" --runId="pricing-wet060_003_2m-a5-w0-sc0-ng_dssr" --instance="${WORKSPACE}/experiment-suite/formal-v1/instances/60-2/wet060_003_2m_timeX5.dat" --algorithm="NG_DSSR" --outputDir="${WORKSPACE}/experiment-suite/formal-v1/runs/pricing-comparison/pricing-wet060_003_2m-a5-w0-sc0-ng_dssr" --seedFile="${WORKSPACE}/experiment-suite/formal-v1/seeds/wet060_003_2m-a5-w0-sc0.seed" --dueWindowHalfWidth="0" --setupCostCoefficient="0" --outsourcingModel="none" --outsourcingUnitRate="1" --discountStrength="0" --timeLimitSeconds="10800" --maxNodes="100000"	${WORKSPACE}/experiment-suite/formal-v1/runs/pricing-comparison/pricing-wet060_003_2m-a5-w0-sc0-ng_dssr	seed-wet060_003_2m-a5-w0-sc0	pricing-comparison
pricing-wet060_003_2m-a5-w0-sc0-time_indexed	HEU.FormalExperimentRunner	--action="solve" --runId="pricing-wet060_003_2m-a5-w0-sc0-time_indexed" --instance="${WORKSPACE}/experiment-suite/formal-v1/instances/60-2/wet060_003_2m_timeX5.dat" --algorithm="TIME_INDEXED" --outputDir="${WORKSPACE}/experiment-suite/formal-v1/runs/pricing-comparison/pricing-wet060_003_2m-a5-w0-sc0-time_indexed" --seedFile="${WORKSPACE}/experiment-suite/formal-v1/seeds/wet060_003_2m-a5-w0-sc0.seed" --dueWindowHalfWidth="0" --setupCostCoefficient="0" --outsourcingModel="none" --outsourcingUnitRate="1" --discountStrength="0" --timeLimitSeconds="10800" --maxNodes="100000"	${WORKSPACE}/experiment-suite/formal-v1/runs/pricing-comparison/pricing-wet060_003_2m-a5-w0-sc0-time_indexed	seed-wet060_003_2m-a5-w0-sc0	pricing-comparison
pricing-wet060_003_2m-a5-w0-sc0-time_indexed_sri	HEU.FormalExperimentRunner	--action="solve" --runId="pricing-wet060_003_2m-a5-w0-sc0-time_indexed_sri" --instance="${WORKSPACE}/experiment-suite/formal-v1/instances/60-2/wet060_003_2m_timeX5.dat" --algorithm="TIME_INDEXED_SRI" --outputDir="${WORKSPACE}/experiment-suite/formal-v1/runs/pricing-comparison/pricing-wet060_003_2m-a5-w0-sc0-time_indexed_sri" --seedFile="${WORKSPACE}/experiment-suite/formal-v1/seeds/wet060_003_2m-a5-w0-sc0.seed" --dueWindowHalfWidth="0" --setupCostCoefficient="0" --outsourcingModel="none" --outsourcingUnitRate="1" --discountStrength="0" --timeLimitSeconds="10800" --maxNodes="100000"	${WORKSPACE}/experiment-suite/formal-v1/runs/pricing-comparison/pricing-wet060_003_2m-a5-w0-sc0-time_indexed_sri	seed-wet060_003_2m-a5-w0-sc0	pricing-comparison
seed-wet060_003_2m-a5-w373-sc0	HEU.FormalExperimentRunner	--action="seed" --runId="seed-wet060_003_2m-a5-w373-sc0" --instance="${WORKSPACE}/experiment-suite/formal-v1/instances/60-2/wet060_003_2m_timeX5.dat" --seedFile="${WORKSPACE}/experiment-suite/formal-v1/seeds/wet060_003_2m-a5-w373-sc0.seed" --outputDir="${WORKSPACE}/experiment-suite/formal-v1/runs/seed-wet060_003_2m-a5-w373-sc0" --dueWindowHalfWidth="373" --setupCostCoefficient="0"	${WORKSPACE}/experiment-suite/formal-v1/runs/seed-wet060_003_2m-a5-w373-sc0		seed
pricing-wet060_003_2m-a5-w373-sc0-ng_dssr	HEU.FormalExperimentRunner	--action="solve" --runId="pricing-wet060_003_2m-a5-w373-sc0-ng_dssr" --instance="${WORKSPACE}/experiment-suite/formal-v1/instances/60-2/wet060_003_2m_timeX5.dat" --algorithm="NG_DSSR" --outputDir="${WORKSPACE}/experiment-suite/formal-v1/runs/pricing-comparison/pricing-wet060_003_2m-a5-w373-sc0-ng_dssr" --seedFile="${WORKSPACE}/experiment-suite/formal-v1/seeds/wet060_003_2m-a5-w373-sc0.seed" --dueWindowHalfWidth="373" --setupCostCoefficient="0" --outsourcingModel="none" --outsourcingUnitRate="1" --discountStrength="0" --timeLimitSeconds="10800" --maxNodes="100000"	${WORKSPACE}/experiment-suite/formal-v1/runs/pricing-comparison/pricing-wet060_003_2m-a5-w373-sc0-ng_dssr	seed-wet060_003_2m-a5-w373-sc0	pricing-comparison
pricing-wet060_003_2m-a5-w373-sc0-time_indexed	HEU.FormalExperimentRunner	--action="solve" --runId="pricing-wet060_003_2m-a5-w373-sc0-time_indexed" --instance="${WORKSPACE}/experiment-suite/formal-v1/instances/60-2/wet060_003_2m_timeX5.dat" --algorithm="TIME_INDEXED" --outputDir="${WORKSPACE}/experiment-suite/formal-v1/runs/pricing-comparison/pricing-wet060_003_2m-a5-w373-sc0-time_indexed" --seedFile="${WORKSPACE}/experiment-suite/formal-v1/seeds/wet060_003_2m-a5-w373-sc0.seed" --dueWindowHalfWidth="373" --setupCostCoefficient="0" --outsourcingModel="none" --outsourcingUnitRate="1" --discountStrength="0" --timeLimitSeconds="10800" --maxNodes="100000"	${WORKSPACE}/experiment-suite/formal-v1/runs/pricing-comparison/pricing-wet060_003_2m-a5-w373-sc0-time_indexed	seed-wet060_003_2m-a5-w373-sc0	pricing-comparison
pricing-wet060_003_2m-a5-w373-sc0-time_indexed_sri	HEU.FormalExperimentRunner	--action="solve" --runId="pricing-wet060_003_2m-a5-w373-sc0-time_indexed_sri" --instance="${WORKSPACE}/experiment-suite/formal-v1/instances/60-2/wet060_003_2m_timeX5.dat" --algorithm="TIME_INDEXED_SRI" --outputDir="${WORKSPACE}/experiment-suite/formal-v1/runs/pricing-comparison/pricing-wet060_003_2m-a5-w373-sc0-time_indexed_sri" --seedFile="${WORKSPACE}/experiment-suite/formal-v1/seeds/wet060_003_2m-a5-w373-sc0.seed" --dueWindowHalfWidth="373" --setupCostCoefficient="0" --outsourcingModel="none" --outsourcingUnitRate="1" --discountStrength="0" --timeLimitSeconds="10800" --maxNodes="100000"	${WORKSPACE}/experiment-suite/formal-v1/runs/pricing-comparison/pricing-wet060_003_2m-a5-w373-sc0-time_indexed_sri	seed-wet060_003_2m-a5-w373-sc0	pricing-comparison
seed-wet060_003_2m-a5-w1118-sc0	HEU.FormalExperimentRunner	--action="seed" --runId="seed-wet060_003_2m-a5-w1118-sc0" --instance="${WORKSPACE}/experiment-suite/formal-v1/instances/60-2/wet060_003_2m_timeX5.dat" --seedFile="${WORKSPACE}/experiment-suite/formal-v1/seeds/wet060_003_2m-a5-w1118-sc0.seed" --outputDir="${WORKSPACE}/experiment-suite/formal-v1/runs/seed-wet060_003_2m-a5-w1118-sc0" --dueWindowHalfWidth="1118" --setupCostCoefficient="0"	${WORKSPACE}/experiment-suite/formal-v1/runs/seed-wet060_003_2m-a5-w1118-sc0		seed
pricing-wet060_003_2m-a5-w1118-sc0-ng_dssr	HEU.FormalExperimentRunner	--action="solve" --runId="pricing-wet060_003_2m-a5-w1118-sc0-ng_dssr" --instance="${WORKSPACE}/experiment-suite/formal-v1/instances/60-2/wet060_003_2m_timeX5.dat" --algorithm="NG_DSSR" --outputDir="${WORKSPACE}/experiment-suite/formal-v1/runs/pricing-comparison/pricing-wet060_003_2m-a5-w1118-sc0-ng_dssr" --seedFile="${WORKSPACE}/experiment-suite/formal-v1/seeds/wet060_003_2m-a5-w1118-sc0.seed" --dueWindowHalfWidth="1118" --setupCostCoefficient="0" --outsourcingModel="none" --outsourcingUnitRate="1" --discountStrength="0" --timeLimitSeconds="10800" --maxNodes="100000"	${WORKSPACE}/experiment-suite/formal-v1/runs/pricing-comparison/pricing-wet060_003_2m-a5-w1118-sc0-ng_dssr	seed-wet060_003_2m-a5-w1118-sc0	pricing-comparison
pricing-wet060_003_2m-a5-w1118-sc0-time_indexed	HEU.FormalExperimentRunner	--action="solve" --runId="pricing-wet060_003_2m-a5-w1118-sc0-time_indexed" --instance="${WORKSPACE}/experiment-suite/formal-v1/instances/60-2/wet060_003_2m_timeX5.dat" --algorithm="TIME_INDEXED" --outputDir="${WORKSPACE}/experiment-suite/formal-v1/runs/pricing-comparison/pricing-wet060_003_2m-a5-w1118-sc0-time_indexed" --seedFile="${WORKSPACE}/experiment-suite/formal-v1/seeds/wet060_003_2m-a5-w1118-sc0.seed" --dueWindowHalfWidth="1118" --setupCostCoefficient="0" --outsourcingModel="none" --outsourcingUnitRate="1" --discountStrength="0" --timeLimitSeconds="10800" --maxNodes="100000"	${WORKSPACE}/experiment-suite/formal-v1/runs/pricing-comparison/pricing-wet060_003_2m-a5-w1118-sc0-time_indexed	seed-wet060_003_2m-a5-w1118-sc0	pricing-comparison
pricing-wet060_003_2m-a5-w1118-sc0-time_indexed_sri	HEU.FormalExperimentRunner	--action="solve" --runId="pricing-wet060_003_2m-a5-w1118-sc0-time_indexed_sri" --instance="${WORKSPACE}/experiment-suite/formal-v1/instances/60-2/wet060_003_2m_timeX5.dat" --algorithm="TIME_INDEXED_SRI" --outputDir="${WORKSPACE}/experiment-suite/formal-v1/runs/pricing-comparison/pricing-wet060_003_2m-a5-w1118-sc0-time_indexed_sri" --seedFile="${WORKSPACE}/experiment-suite/formal-v1/seeds/wet060_003_2m-a5-w1118-sc0.seed" --dueWindowHalfWidth="1118" --setupCostCoefficient="0" --outsourcingModel="none" --outsourcingUnitRate="1" --discountStrength="0" --timeLimitSeconds="10800" --maxNodes="100000"	${WORKSPACE}/experiment-suite/formal-v1/runs/pricing-comparison/pricing-wet060_003_2m-a5-w1118-sc0-time_indexed_sri	seed-wet060_003_2m-a5-w1118-sc0	pricing-comparison
seed-wet060_003_2m-a10-w0-sc0	HEU.FormalExperimentRunner	--action="seed" --runId="seed-wet060_003_2m-a10-w0-sc0" --instance="${WORKSPACE}/experiment-suite/formal-v1/instances/60-2/wet060_003_2m_timeX10.dat" --seedFile="${WORKSPACE}/experiment-suite/formal-v1/seeds/wet060_003_2m-a10-w0-sc0.seed" --outputDir="${WORKSPACE}/experiment-suite/formal-v1/runs/seed-wet060_003_2m-a10-w0-sc0" --dueWindowHalfWidth="0" --setupCostCoefficient="0"	${WORKSPACE}/experiment-suite/formal-v1/runs/seed-wet060_003_2m-a10-w0-sc0		seed
pricing-wet060_003_2m-a10-w0-sc0-ng_dssr	HEU.FormalExperimentRunner	--action="solve" --runId="pricing-wet060_003_2m-a10-w0-sc0-ng_dssr" --instance="${WORKSPACE}/experiment-suite/formal-v1/instances/60-2/wet060_003_2m_timeX10.dat" --algorithm="NG_DSSR" --outputDir="${WORKSPACE}/experiment-suite/formal-v1/runs/pricing-comparison/pricing-wet060_003_2m-a10-w0-sc0-ng_dssr" --seedFile="${WORKSPACE}/experiment-suite/formal-v1/seeds/wet060_003_2m-a10-w0-sc0.seed" --dueWindowHalfWidth="0" --setupCostCoefficient="0" --outsourcingModel="none" --outsourcingUnitRate="1" --discountStrength="0" --timeLimitSeconds="10800" --maxNodes="100000"	${WORKSPACE}/experiment-suite/formal-v1/runs/pricing-comparison/pricing-wet060_003_2m-a10-w0-sc0-ng_dssr	seed-wet060_003_2m-a10-w0-sc0	pricing-comparison
pricing-wet060_003_2m-a10-w0-sc0-time_indexed	HEU.FormalExperimentRunner	--action="solve" --runId="pricing-wet060_003_2m-a10-w0-sc0-time_indexed" --instance="${WORKSPACE}/experiment-suite/formal-v1/instances/60-2/wet060_003_2m_timeX10.dat" --algorithm="TIME_INDEXED" --outputDir="${WORKSPACE}/experiment-suite/formal-v1/runs/pricing-comparison/pricing-wet060_003_2m-a10-w0-sc0-time_indexed" --seedFile="${WORKSPACE}/experiment-suite/formal-v1/seeds/wet060_003_2m-a10-w0-sc0.seed" --dueWindowHalfWidth="0" --setupCostCoefficient="0" --outsourcingModel="none" --outsourcingUnitRate="1" --discountStrength="0" --timeLimitSeconds="10800" --maxNodes="100000"	${WORKSPACE}/experiment-suite/formal-v1/runs/pricing-comparison/pricing-wet060_003_2m-a10-w0-sc0-time_indexed	seed-wet060_003_2m-a10-w0-sc0	pricing-comparison
pricing-wet060_003_2m-a10-w0-sc0-time_indexed_sri	HEU.FormalExperimentRunner	--action="solve" --runId="pricing-wet060_003_2m-a10-w0-sc0-time_indexed_sri" --instance="${WORKSPACE}/experiment-suite/formal-v1/instances/60-2/wet060_003_2m_timeX10.dat" --algorithm="TIME_INDEXED_SRI" --outputDir="${WORKSPACE}/experiment-suite/formal-v1/runs/pricing-comparison/pricing-wet060_003_2m-a10-w0-sc0-time_indexed_sri" --seedFile="${WORKSPACE}/experiment-suite/formal-v1/seeds/wet060_003_2m-a10-w0-sc0.seed" --dueWindowHalfWidth="0" --setupCostCoefficient="0" --outsourcingModel="none" --outsourcingUnitRate="1" --discountStrength="0" --timeLimitSeconds="10800" --maxNodes="100000"	${WORKSPACE}/experiment-suite/formal-v1/runs/pricing-comparison/pricing-wet060_003_2m-a10-w0-sc0-time_indexed_sri	seed-wet060_003_2m-a10-w0-sc0	pricing-comparison
seed-wet060_003_2m-a10-w745-sc0	HEU.FormalExperimentRunner	--action="seed" --runId="seed-wet060_003_2m-a10-w745-sc0" --instance="${WORKSPACE}/experiment-suite/formal-v1/instances/60-2/wet060_003_2m_timeX10.dat" --seedFile="${WORKSPACE}/experiment-suite/formal-v1/seeds/wet060_003_2m-a10-w745-sc0.seed" --outputDir="${WORKSPACE}/experiment-suite/formal-v1/runs/seed-wet060_003_2m-a10-w745-sc0" --dueWindowHalfWidth="745" --setupCostCoefficient="0"	${WORKSPACE}/experiment-suite/formal-v1/runs/seed-wet060_003_2m-a10-w745-sc0		seed
pricing-wet060_003_2m-a10-w745-sc0-ng_dssr	HEU.FormalExperimentRunner	--action="solve" --runId="pricing-wet060_003_2m-a10-w745-sc0-ng_dssr" --instance="${WORKSPACE}/experiment-suite/formal-v1/instances/60-2/wet060_003_2m_timeX10.dat" --algorithm="NG_DSSR" --outputDir="${WORKSPACE}/experiment-suite/formal-v1/runs/pricing-comparison/pricing-wet060_003_2m-a10-w745-sc0-ng_dssr" --seedFile="${WORKSPACE}/experiment-suite/formal-v1/seeds/wet060_003_2m-a10-w745-sc0.seed" --dueWindowHalfWidth="745" --setupCostCoefficient="0" --outsourcingModel="none" --outsourcingUnitRate="1" --discountStrength="0" --timeLimitSeconds="10800" --maxNodes="100000"	${WORKSPACE}/experiment-suite/formal-v1/runs/pricing-comparison/pricing-wet060_003_2m-a10-w745-sc0-ng_dssr	seed-wet060_003_2m-a10-w745-sc0	pricing-comparison
pricing-wet060_003_2m-a10-w745-sc0-time_indexed	HEU.FormalExperimentRunner	--action="solve" --runId="pricing-wet060_003_2m-a10-w745-sc0-time_indexed" --instance="${WORKSPACE}/experiment-suite/formal-v1/instances/60-2/wet060_003_2m_timeX10.dat" --algorithm="TIME_INDEXED" --outputDir="${WORKSPACE}/experiment-suite/formal-v1/runs/pricing-comparison/pricing-wet060_003_2m-a10-w745-sc0-time_indexed" --seedFile="${WORKSPACE}/experiment-suite/formal-v1/seeds/wet060_003_2m-a10-w745-sc0.seed" --dueWindowHalfWidth="745" --setupCostCoefficient="0" --outsourcingModel="none" --outsourcingUnitRate="1" --discountStrength="0" --timeLimitSeconds="10800" --maxNodes="100000"	${WORKSPACE}/experiment-suite/formal-v1/runs/pricing-comparison/pricing-wet060_003_2m-a10-w745-sc0-time_indexed	seed-wet060_003_2m-a10-w745-sc0	pricing-comparison
pricing-wet060_003_2m-a10-w745-sc0-time_indexed_sri	HEU.FormalExperimentRunner	--action="solve" --runId="pricing-wet060_003_2m-a10-w745-sc0-time_indexed_sri" --instance="${WORKSPACE}/experiment-suite/formal-v1/instances/60-2/wet060_003_2m_timeX10.dat" --algorithm="TIME_INDEXED_SRI" --outputDir="${WORKSPACE}/experiment-suite/formal-v1/runs/pricing-comparison/pricing-wet060_003_2m-a10-w745-sc0-time_indexed_sri" --seedFile="${WORKSPACE}/experiment-suite/formal-v1/seeds/wet060_003_2m-a10-w745-sc0.seed" --dueWindowHalfWidth="745" --setupCostCoefficient="0" --outsourcingModel="none" --outsourcingUnitRate="1" --discountStrength="0" --timeLimitSeconds="10800" --maxNodes="100000"	${WORKSPACE}/experiment-suite/formal-v1/runs/pricing-comparison/pricing-wet060_003_2m-a10-w745-sc0-time_indexed_sri	seed-wet060_003_2m-a10-w745-sc0	pricing-comparison
seed-wet060_003_2m-a10-w2236-sc0	HEU.FormalExperimentRunner	--action="seed" --runId="seed-wet060_003_2m-a10-w2236-sc0" --instance="${WORKSPACE}/experiment-suite/formal-v1/instances/60-2/wet060_003_2m_timeX10.dat" --seedFile="${WORKSPACE}/experiment-suite/formal-v1/seeds/wet060_003_2m-a10-w2236-sc0.seed" --outputDir="${WORKSPACE}/experiment-suite/formal-v1/runs/seed-wet060_003_2m-a10-w2236-sc0" --dueWindowHalfWidth="2236" --setupCostCoefficient="0"	${WORKSPACE}/experiment-suite/formal-v1/runs/seed-wet060_003_2m-a10-w2236-sc0		seed
pricing-wet060_003_2m-a10-w2236-sc0-ng_dssr	HEU.FormalExperimentRunner	--action="solve" --runId="pricing-wet060_003_2m-a10-w2236-sc0-ng_dssr" --instance="${WORKSPACE}/experiment-suite/formal-v1/instances/60-2/wet060_003_2m_timeX10.dat" --algorithm="NG_DSSR" --outputDir="${WORKSPACE}/experiment-suite/formal-v1/runs/pricing-comparison/pricing-wet060_003_2m-a10-w2236-sc0-ng_dssr" --seedFile="${WORKSPACE}/experiment-suite/formal-v1/seeds/wet060_003_2m-a10-w2236-sc0.seed" --dueWindowHalfWidth="2236" --setupCostCoefficient="0" --outsourcingModel="none" --outsourcingUnitRate="1" --discountStrength="0" --timeLimitSeconds="10800" --maxNodes="100000"	${WORKSPACE}/experiment-suite/formal-v1/runs/pricing-comparison/pricing-wet060_003_2m-a10-w2236-sc0-ng_dssr	seed-wet060_003_2m-a10-w2236-sc0	pricing-comparison
pricing-wet060_003_2m-a10-w2236-sc0-time_indexed	HEU.FormalExperimentRunner	--action="solve" --runId="pricing-wet060_003_2m-a10-w2236-sc0-time_indexed" --instance="${WORKSPACE}/experiment-suite/formal-v1/instances/60-2/wet060_003_2m_timeX10.dat" --algorithm="TIME_INDEXED" --outputDir="${WORKSPACE}/experiment-suite/formal-v1/runs/pricing-comparison/pricing-wet060_003_2m-a10-w2236-sc0-time_indexed" --seedFile="${WORKSPACE}/experiment-suite/formal-v1/seeds/wet060_003_2m-a10-w2236-sc0.seed" --dueWindowHalfWidth="2236" --setupCostCoefficient="0" --outsourcingModel="none" --outsourcingUnitRate="1" --discountStrength="0" --timeLimitSeconds="10800" --maxNodes="100000"	${WORKSPACE}/experiment-suite/formal-v1/runs/pricing-comparison/pricing-wet060_003_2m-a10-w2236-sc0-time_indexed	seed-wet060_003_2m-a10-w2236-sc0	pricing-comparison
pricing-wet060_003_2m-a10-w2236-sc0-time_indexed_sri	HEU.FormalExperimentRunner	--action="solve" --runId="pricing-wet060_003_2m-a10-w2236-sc0-time_indexed_sri" --instance="${WORKSPACE}/experiment-suite/formal-v1/instances/60-2/wet060_003_2m_timeX10.dat" --algorithm="TIME_INDEXED_SRI" --outputDir="${WORKSPACE}/experiment-suite/formal-v1/runs/pricing-comparison/pricing-wet060_003_2m-a10-w2236-sc0-time_indexed_sri" --seedFile="${WORKSPACE}/experiment-suite/formal-v1/seeds/wet060_003_2m-a10-w2236-sc0.seed" --dueWindowHalfWidth="2236" --setupCostCoefficient="0" --outsourcingModel="none" --outsourcingUnitRate="1" --discountStrength="0" --timeLimitSeconds="10800" --maxNodes="100000"	${WORKSPACE}/experiment-suite/formal-v1/runs/pricing-comparison/pricing-wet060_003_2m-a10-w2236-sc0-time_indexed_sri	seed-wet060_003_2m-a10-w2236-sc0	pricing-comparison
seed-wet060_001_3m-a1-w0-sc0	HEU.FormalExperimentRunner	--action="seed" --runId="seed-wet060_001_3m-a1-w0-sc0" --instance="${WORKSPACE}/data/60-3/wet060_001_3m.dat" --seedFile="${WORKSPACE}/experiment-suite/formal-v1/seeds/wet060_001_3m-a1-w0-sc0.seed" --outputDir="${WORKSPACE}/experiment-suite/formal-v1/runs/seed-wet060_001_3m-a1-w0-sc0" --dueWindowHalfWidth="0" --setupCostCoefficient="0"	${WORKSPACE}/experiment-suite/formal-v1/runs/seed-wet060_001_3m-a1-w0-sc0		seed
pricing-wet060_001_3m-a1-w0-sc0-ng_dssr	HEU.FormalExperimentRunner	--action="solve" --runId="pricing-wet060_001_3m-a1-w0-sc0-ng_dssr" --instance="${WORKSPACE}/data/60-3/wet060_001_3m.dat" --algorithm="NG_DSSR" --outputDir="${WORKSPACE}/experiment-suite/formal-v1/runs/pricing-comparison/pricing-wet060_001_3m-a1-w0-sc0-ng_dssr" --seedFile="${WORKSPACE}/experiment-suite/formal-v1/seeds/wet060_001_3m-a1-w0-sc0.seed" --dueWindowHalfWidth="0" --setupCostCoefficient="0" --outsourcingModel="none" --outsourcingUnitRate="1" --discountStrength="0" --timeLimitSeconds="10800" --maxNodes="100000"	${WORKSPACE}/experiment-suite/formal-v1/runs/pricing-comparison/pricing-wet060_001_3m-a1-w0-sc0-ng_dssr	seed-wet060_001_3m-a1-w0-sc0	pricing-comparison
pricing-wet060_001_3m-a1-w0-sc0-time_indexed	HEU.FormalExperimentRunner	--action="solve" --runId="pricing-wet060_001_3m-a1-w0-sc0-time_indexed" --instance="${WORKSPACE}/data/60-3/wet060_001_3m.dat" --algorithm="TIME_INDEXED" --outputDir="${WORKSPACE}/experiment-suite/formal-v1/runs/pricing-comparison/pricing-wet060_001_3m-a1-w0-sc0-time_indexed" --seedFile="${WORKSPACE}/experiment-suite/formal-v1/seeds/wet060_001_3m-a1-w0-sc0.seed" --dueWindowHalfWidth="0" --setupCostCoefficient="0" --outsourcingModel="none" --outsourcingUnitRate="1" --discountStrength="0" --timeLimitSeconds="10800" --maxNodes="100000"	${WORKSPACE}/experiment-suite/formal-v1/runs/pricing-comparison/pricing-wet060_001_3m-a1-w0-sc0-time_indexed	seed-wet060_001_3m-a1-w0-sc0	pricing-comparison
pricing-wet060_001_3m-a1-w0-sc0-time_indexed_sri	HEU.FormalExperimentRunner	--action="solve" --runId="pricing-wet060_001_3m-a1-w0-sc0-time_indexed_sri" --instance="${WORKSPACE}/data/60-3/wet060_001_3m.dat" --algorithm="TIME_INDEXED_SRI" --outputDir="${WORKSPACE}/experiment-suite/formal-v1/runs/pricing-comparison/pricing-wet060_001_3m-a1-w0-sc0-time_indexed_sri" --seedFile="${WORKSPACE}/experiment-suite/formal-v1/seeds/wet060_001_3m-a1-w0-sc0.seed" --dueWindowHalfWidth="0" --setupCostCoefficient="0" --outsourcingModel="none" --outsourcingUnitRate="1" --discountStrength="0" --timeLimitSeconds="10800" --maxNodes="100000"	${WORKSPACE}/experiment-suite/formal-v1/runs/pricing-comparison/pricing-wet060_001_3m-a1-w0-sc0-time_indexed_sri	seed-wet060_001_3m-a1-w0-sc0	pricing-comparison
seed-wet060_001_3m-a1-w81-sc0	HEU.FormalExperimentRunner	--action="seed" --runId="seed-wet060_001_3m-a1-w81-sc0" --instance="${WORKSPACE}/data/60-3/wet060_001_3m.dat" --seedFile="${WORKSPACE}/experiment-suite/formal-v1/seeds/wet060_001_3m-a1-w81-sc0.seed" --outputDir="${WORKSPACE}/experiment-suite/formal-v1/runs/seed-wet060_001_3m-a1-w81-sc0" --dueWindowHalfWidth="81" --setupCostCoefficient="0"	${WORKSPACE}/experiment-suite/formal-v1/runs/seed-wet060_001_3m-a1-w81-sc0		seed
pricing-wet060_001_3m-a1-w81-sc0-ng_dssr	HEU.FormalExperimentRunner	--action="solve" --runId="pricing-wet060_001_3m-a1-w81-sc0-ng_dssr" --instance="${WORKSPACE}/data/60-3/wet060_001_3m.dat" --algorithm="NG_DSSR" --outputDir="${WORKSPACE}/experiment-suite/formal-v1/runs/pricing-comparison/pricing-wet060_001_3m-a1-w81-sc0-ng_dssr" --seedFile="${WORKSPACE}/experiment-suite/formal-v1/seeds/wet060_001_3m-a1-w81-sc0.seed" --dueWindowHalfWidth="81" --setupCostCoefficient="0" --outsourcingModel="none" --outsourcingUnitRate="1" --discountStrength="0" --timeLimitSeconds="10800" --maxNodes="100000"	${WORKSPACE}/experiment-suite/formal-v1/runs/pricing-comparison/pricing-wet060_001_3m-a1-w81-sc0-ng_dssr	seed-wet060_001_3m-a1-w81-sc0	pricing-comparison
pricing-wet060_001_3m-a1-w81-sc0-time_indexed	HEU.FormalExperimentRunner	--action="solve" --runId="pricing-wet060_001_3m-a1-w81-sc0-time_indexed" --instance="${WORKSPACE}/data/60-3/wet060_001_3m.dat" --algorithm="TIME_INDEXED" --outputDir="${WORKSPACE}/experiment-suite/formal-v1/runs/pricing-comparison/pricing-wet060_001_3m-a1-w81-sc0-time_indexed" --seedFile="${WORKSPACE}/experiment-suite/formal-v1/seeds/wet060_001_3m-a1-w81-sc0.seed" --dueWindowHalfWidth="81" --setupCostCoefficient="0" --outsourcingModel="none" --outsourcingUnitRate="1" --discountStrength="0" --timeLimitSeconds="10800" --maxNodes="100000"	${WORKSPACE}/experiment-suite/formal-v1/runs/pricing-comparison/pricing-wet060_001_3m-a1-w81-sc0-time_indexed	seed-wet060_001_3m-a1-w81-sc0	pricing-comparison
pricing-wet060_001_3m-a1-w81-sc0-time_indexed_sri	HEU.FormalExperimentRunner	--action="solve" --runId="pricing-wet060_001_3m-a1-w81-sc0-time_indexed_sri" --instance="${WORKSPACE}/data/60-3/wet060_001_3m.dat" --algorithm="TIME_INDEXED_SRI" --outputDir="${WORKSPACE}/experiment-suite/formal-v1/runs/pricing-comparison/pricing-wet060_001_3m-a1-w81-sc0-time_indexed_sri" --seedFile="${WORKSPACE}/experiment-suite/formal-v1/seeds/wet060_001_3m-a1-w81-sc0.seed" --dueWindowHalfWidth="81" --setupCostCoefficient="0" --outsourcingModel="none" --outsourcingUnitRate="1" --discountStrength="0" --timeLimitSeconds="10800" --maxNodes="100000"	${WORKSPACE}/experiment-suite/formal-v1/runs/pricing-comparison/pricing-wet060_001_3m-a1-w81-sc0-time_indexed_sri	seed-wet060_001_3m-a1-w81-sc0	pricing-comparison
seed-wet060_001_3m-a1-w243-sc0	HEU.FormalExperimentRunner	--action="seed" --runId="seed-wet060_001_3m-a1-w243-sc0" --instance="${WORKSPACE}/data/60-3/wet060_001_3m.dat" --seedFile="${WORKSPACE}/experiment-suite/formal-v1/seeds/wet060_001_3m-a1-w243-sc0.seed" --outputDir="${WORKSPACE}/experiment-suite/formal-v1/runs/seed-wet060_001_3m-a1-w243-sc0" --dueWindowHalfWidth="243" --setupCostCoefficient="0"	${WORKSPACE}/experiment-suite/formal-v1/runs/seed-wet060_001_3m-a1-w243-sc0		seed
pricing-wet060_001_3m-a1-w243-sc0-ng_dssr	HEU.FormalExperimentRunner	--action="solve" --runId="pricing-wet060_001_3m-a1-w243-sc0-ng_dssr" --instance="${WORKSPACE}/data/60-3/wet060_001_3m.dat" --algorithm="NG_DSSR" --outputDir="${WORKSPACE}/experiment-suite/formal-v1/runs/pricing-comparison/pricing-wet060_001_3m-a1-w243-sc0-ng_dssr" --seedFile="${WORKSPACE}/experiment-suite/formal-v1/seeds/wet060_001_3m-a1-w243-sc0.seed" --dueWindowHalfWidth="243" --setupCostCoefficient="0" --outsourcingModel="none" --outsourcingUnitRate="1" --discountStrength="0" --timeLimitSeconds="10800" --maxNodes="100000"	${WORKSPACE}/experiment-suite/formal-v1/runs/pricing-comparison/pricing-wet060_001_3m-a1-w243-sc0-ng_dssr	seed-wet060_001_3m-a1-w243-sc0	pricing-comparison
pricing-wet060_001_3m-a1-w243-sc0-time_indexed	HEU.FormalExperimentRunner	--action="solve" --runId="pricing-wet060_001_3m-a1-w243-sc0-time_indexed" --instance="${WORKSPACE}/data/60-3/wet060_001_3m.dat" --algorithm="TIME_INDEXED" --outputDir="${WORKSPACE}/experiment-suite/formal-v1/runs/pricing-comparison/pricing-wet060_001_3m-a1-w243-sc0-time_indexed" --seedFile="${WORKSPACE}/experiment-suite/formal-v1/seeds/wet060_001_3m-a1-w243-sc0.seed" --dueWindowHalfWidth="243" --setupCostCoefficient="0" --outsourcingModel="none" --outsourcingUnitRate="1" --discountStrength="0" --timeLimitSeconds="10800" --maxNodes="100000"	${WORKSPACE}/experiment-suite/formal-v1/runs/pricing-comparison/pricing-wet060_001_3m-a1-w243-sc0-time_indexed	seed-wet060_001_3m-a1-w243-sc0	pricing-comparison
pricing-wet060_001_3m-a1-w243-sc0-time_indexed_sri	HEU.FormalExperimentRunner	--action="solve" --runId="pricing-wet060_001_3m-a1-w243-sc0-time_indexed_sri" --instance="${WORKSPACE}/data/60-3/wet060_001_3m.dat" --algorithm="TIME_INDEXED_SRI" --outputDir="${WORKSPACE}/experiment-suite/formal-v1/runs/pricing-comparison/pricing-wet060_001_3m-a1-w243-sc0-time_indexed_sri" --seedFile="${WORKSPACE}/experiment-suite/formal-v1/seeds/wet060_001_3m-a1-w243-sc0.seed" --dueWindowHalfWidth="243" --setupCostCoefficient="0" --outsourcingModel="none" --outsourcingUnitRate="1" --discountStrength="0" --timeLimitSeconds="10800" --maxNodes="100000"	${WORKSPACE}/experiment-suite/formal-v1/runs/pricing-comparison/pricing-wet060_001_3m-a1-w243-sc0-time_indexed_sri	seed-wet060_001_3m-a1-w243-sc0	pricing-comparison
seed-wet060_001_3m-a5-w0-sc0	HEU.FormalExperimentRunner	--action="seed" --runId="seed-wet060_001_3m-a5-w0-sc0" --instance="${WORKSPACE}/experiment-suite/formal-v1/instances/60-3/wet060_001_3m_timeX5.dat" --seedFile="${WORKSPACE}/experiment-suite/formal-v1/seeds/wet060_001_3m-a5-w0-sc0.seed" --outputDir="${WORKSPACE}/experiment-suite/formal-v1/runs/seed-wet060_001_3m-a5-w0-sc0" --dueWindowHalfWidth="0" --setupCostCoefficient="0"	${WORKSPACE}/experiment-suite/formal-v1/runs/seed-wet060_001_3m-a5-w0-sc0		seed
pricing-wet060_001_3m-a5-w0-sc0-ng_dssr	HEU.FormalExperimentRunner	--action="solve" --runId="pricing-wet060_001_3m-a5-w0-sc0-ng_dssr" --instance="${WORKSPACE}/experiment-suite/formal-v1/instances/60-3/wet060_001_3m_timeX5.dat" --algorithm="NG_DSSR" --outputDir="${WORKSPACE}/experiment-suite/formal-v1/runs/pricing-comparison/pricing-wet060_001_3m-a5-w0-sc0-ng_dssr" --seedFile="${WORKSPACE}/experiment-suite/formal-v1/seeds/wet060_001_3m-a5-w0-sc0.seed" --dueWindowHalfWidth="0" --setupCostCoefficient="0" --outsourcingModel="none" --outsourcingUnitRate="1" --discountStrength="0" --timeLimitSeconds="10800" --maxNodes="100000"	${WORKSPACE}/experiment-suite/formal-v1/runs/pricing-comparison/pricing-wet060_001_3m-a5-w0-sc0-ng_dssr	seed-wet060_001_3m-a5-w0-sc0	pricing-comparison
pricing-wet060_001_3m-a5-w0-sc0-time_indexed	HEU.FormalExperimentRunner	--action="solve" --runId="pricing-wet060_001_3m-a5-w0-sc0-time_indexed" --instance="${WORKSPACE}/experiment-suite/formal-v1/instances/60-3/wet060_001_3m_timeX5.dat" --algorithm="TIME_INDEXED" --outputDir="${WORKSPACE}/experiment-suite/formal-v1/runs/pricing-comparison/pricing-wet060_001_3m-a5-w0-sc0-time_indexed" --seedFile="${WORKSPACE}/experiment-suite/formal-v1/seeds/wet060_001_3m-a5-w0-sc0.seed" --dueWindowHalfWidth="0" --setupCostCoefficient="0" --outsourcingModel="none" --outsourcingUnitRate="1" --discountStrength="0" --timeLimitSeconds="10800" --maxNodes="100000"	${WORKSPACE}/experiment-suite/formal-v1/runs/pricing-comparison/pricing-wet060_001_3m-a5-w0-sc0-time_indexed	seed-wet060_001_3m-a5-w0-sc0	pricing-comparison
pricing-wet060_001_3m-a5-w0-sc0-time_indexed_sri	HEU.FormalExperimentRunner	--action="solve" --runId="pricing-wet060_001_3m-a5-w0-sc0-time_indexed_sri" --instance="${WORKSPACE}/experiment-suite/formal-v1/instances/60-3/wet060_001_3m_timeX5.dat" --algorithm="TIME_INDEXED_SRI" --outputDir="${WORKSPACE}/experiment-suite/formal-v1/runs/pricing-comparison/pricing-wet060_001_3m-a5-w0-sc0-time_indexed_sri" --seedFile="${WORKSPACE}/experiment-suite/formal-v1/seeds/wet060_001_3m-a5-w0-sc0.seed" --dueWindowHalfWidth="0" --setupCostCoefficient="0" --outsourcingModel="none" --outsourcingUnitRate="1" --discountStrength="0" --timeLimitSeconds="10800" --maxNodes="100000"	${WORKSPACE}/experiment-suite/formal-v1/runs/pricing-comparison/pricing-wet060_001_3m-a5-w0-sc0-time_indexed_sri	seed-wet060_001_3m-a5-w0-sc0	pricing-comparison
seed-wet060_001_3m-a5-w404-sc0	HEU.FormalExperimentRunner	--action="seed" --runId="seed-wet060_001_3m-a5-w404-sc0" --instance="${WORKSPACE}/experiment-suite/formal-v1/instances/60-3/wet060_001_3m_timeX5.dat" --seedFile="${WORKSPACE}/experiment-suite/formal-v1/seeds/wet060_001_3m-a5-w404-sc0.seed" --outputDir="${WORKSPACE}/experiment-suite/formal-v1/runs/seed-wet060_001_3m-a5-w404-sc0" --dueWindowHalfWidth="404" --setupCostCoefficient="0"	${WORKSPACE}/experiment-suite/formal-v1/runs/seed-wet060_001_3m-a5-w404-sc0		seed
pricing-wet060_001_3m-a5-w404-sc0-ng_dssr	HEU.FormalExperimentRunner	--action="solve" --runId="pricing-wet060_001_3m-a5-w404-sc0-ng_dssr" --instance="${WORKSPACE}/experiment-suite/formal-v1/instances/60-3/wet060_001_3m_timeX5.dat" --algorithm="NG_DSSR" --outputDir="${WORKSPACE}/experiment-suite/formal-v1/runs/pricing-comparison/pricing-wet060_001_3m-a5-w404-sc0-ng_dssr" --seedFile="${WORKSPACE}/experiment-suite/formal-v1/seeds/wet060_001_3m-a5-w404-sc0.seed" --dueWindowHalfWidth="404" --setupCostCoefficient="0" --outsourcingModel="none" --outsourcingUnitRate="1" --discountStrength="0" --timeLimitSeconds="10800" --maxNodes="100000"	${WORKSPACE}/experiment-suite/formal-v1/runs/pricing-comparison/pricing-wet060_001_3m-a5-w404-sc0-ng_dssr	seed-wet060_001_3m-a5-w404-sc0	pricing-comparison
pricing-wet060_001_3m-a5-w404-sc0-time_indexed	HEU.FormalExperimentRunner	--action="solve" --runId="pricing-wet060_001_3m-a5-w404-sc0-time_indexed" --instance="${WORKSPACE}/experiment-suite/formal-v1/instances/60-3/wet060_001_3m_timeX5.dat" --algorithm="TIME_INDEXED" --outputDir="${WORKSPACE}/experiment-suite/formal-v1/runs/pricing-comparison/pricing-wet060_001_3m-a5-w404-sc0-time_indexed" --seedFile="${WORKSPACE}/experiment-suite/formal-v1/seeds/wet060_001_3m-a5-w404-sc0.seed" --dueWindowHalfWidth="404" --setupCostCoefficient="0" --outsourcingModel="none" --outsourcingUnitRate="1" --discountStrength="0" --timeLimitSeconds="10800" --maxNodes="100000"	${WORKSPACE}/experiment-suite/formal-v1/runs/pricing-comparison/pricing-wet060_001_3m-a5-w404-sc0-time_indexed	seed-wet060_001_3m-a5-w404-sc0	pricing-comparison
pricing-wet060_001_3m-a5-w404-sc0-time_indexed_sri	HEU.FormalExperimentRunner	--action="solve" --runId="pricing-wet060_001_3m-a5-w404-sc0-time_indexed_sri" --instance="${WORKSPACE}/experiment-suite/formal-v1/instances/60-3/wet060_001_3m_timeX5.dat" --algorithm="TIME_INDEXED_SRI" --outputDir="${WORKSPACE}/experiment-suite/formal-v1/runs/pricing-comparison/pricing-wet060_001_3m-a5-w404-sc0-time_indexed_sri" --seedFile="${WORKSPACE}/experiment-suite/formal-v1/seeds/wet060_001_3m-a5-w404-sc0.seed" --dueWindowHalfWidth="404" --setupCostCoefficient="0" --outsourcingModel="none" --outsourcingUnitRate="1" --discountStrength="0" --timeLimitSeconds="10800" --maxNodes="100000"	${WORKSPACE}/experiment-suite/formal-v1/runs/pricing-comparison/pricing-wet060_001_3m-a5-w404-sc0-time_indexed_sri	seed-wet060_001_3m-a5-w404-sc0	pricing-comparison
seed-wet060_001_3m-a5-w1214-sc0	HEU.FormalExperimentRunner	--action="seed" --runId="seed-wet060_001_3m-a5-w1214-sc0" --instance="${WORKSPACE}/experiment-suite/formal-v1/instances/60-3/wet060_001_3m_timeX5.dat" --seedFile="${WORKSPACE}/experiment-suite/formal-v1/seeds/wet060_001_3m-a5-w1214-sc0.seed" --outputDir="${WORKSPACE}/experiment-suite/formal-v1/runs/seed-wet060_001_3m-a5-w1214-sc0" --dueWindowHalfWidth="1214" --setupCostCoefficient="0"	${WORKSPACE}/experiment-suite/formal-v1/runs/seed-wet060_001_3m-a5-w1214-sc0		seed
pricing-wet060_001_3m-a5-w1214-sc0-ng_dssr	HEU.FormalExperimentRunner	--action="solve" --runId="pricing-wet060_001_3m-a5-w1214-sc0-ng_dssr" --instance="${WORKSPACE}/experiment-suite/formal-v1/instances/60-3/wet060_001_3m_timeX5.dat" --algorithm="NG_DSSR" --outputDir="${WORKSPACE}/experiment-suite/formal-v1/runs/pricing-comparison/pricing-wet060_001_3m-a5-w1214-sc0-ng_dssr" --seedFile="${WORKSPACE}/experiment-suite/formal-v1/seeds/wet060_001_3m-a5-w1214-sc0.seed" --dueWindowHalfWidth="1214" --setupCostCoefficient="0" --outsourcingModel="none" --outsourcingUnitRate="1" --discountStrength="0" --timeLimitSeconds="10800" --maxNodes="100000"	${WORKSPACE}/experiment-suite/formal-v1/runs/pricing-comparison/pricing-wet060_001_3m-a5-w1214-sc0-ng_dssr	seed-wet060_001_3m-a5-w1214-sc0	pricing-comparison
pricing-wet060_001_3m-a5-w1214-sc0-time_indexed	HEU.FormalExperimentRunner	--action="solve" --runId="pricing-wet060_001_3m-a5-w1214-sc0-time_indexed" --instance="${WORKSPACE}/experiment-suite/formal-v1/instances/60-3/wet060_001_3m_timeX5.dat" --algorithm="TIME_INDEXED" --outputDir="${WORKSPACE}/experiment-suite/formal-v1/runs/pricing-comparison/pricing-wet060_001_3m-a5-w1214-sc0-time_indexed" --seedFile="${WORKSPACE}/experiment-suite/formal-v1/seeds/wet060_001_3m-a5-w1214-sc0.seed" --dueWindowHalfWidth="1214" --setupCostCoefficient="0" --outsourcingModel="none" --outsourcingUnitRate="1" --discountStrength="0" --timeLimitSeconds="10800" --maxNodes="100000"	${WORKSPACE}/experiment-suite/formal-v1/runs/pricing-comparison/pricing-wet060_001_3m-a5-w1214-sc0-time_indexed	seed-wet060_001_3m-a5-w1214-sc0	pricing-comparison
pricing-wet060_001_3m-a5-w1214-sc0-time_indexed_sri	HEU.FormalExperimentRunner	--action="solve" --runId="pricing-wet060_001_3m-a5-w1214-sc0-time_indexed_sri" --instance="${WORKSPACE}/experiment-suite/formal-v1/instances/60-3/wet060_001_3m_timeX5.dat" --algorithm="TIME_INDEXED_SRI" --outputDir="${WORKSPACE}/experiment-suite/formal-v1/runs/pricing-comparison/pricing-wet060_001_3m-a5-w1214-sc0-time_indexed_sri" --seedFile="${WORKSPACE}/experiment-suite/formal-v1/seeds/wet060_001_3m-a5-w1214-sc0.seed" --dueWindowHalfWidth="1214" --setupCostCoefficient="0" --outsourcingModel="none" --outsourcingUnitRate="1" --discountStrength="0" --timeLimitSeconds="10800" --maxNodes="100000"	${WORKSPACE}/experiment-suite/formal-v1/runs/pricing-comparison/pricing-wet060_001_3m-a5-w1214-sc0-time_indexed_sri	seed-wet060_001_3m-a5-w1214-sc0	pricing-comparison
seed-wet060_001_3m-a10-w0-sc0	HEU.FormalExperimentRunner	--action="seed" --runId="seed-wet060_001_3m-a10-w0-sc0" --instance="${WORKSPACE}/experiment-suite/formal-v1/instances/60-3/wet060_001_3m_timeX10.dat" --seedFile="${WORKSPACE}/experiment-suite/formal-v1/seeds/wet060_001_3m-a10-w0-sc0.seed" --outputDir="${WORKSPACE}/experiment-suite/formal-v1/runs/seed-wet060_001_3m-a10-w0-sc0" --dueWindowHalfWidth="0" --setupCostCoefficient="0"	${WORKSPACE}/experiment-suite/formal-v1/runs/seed-wet060_001_3m-a10-w0-sc0		seed
pricing-wet060_001_3m-a10-w0-sc0-ng_dssr	HEU.FormalExperimentRunner	--action="solve" --runId="pricing-wet060_001_3m-a10-w0-sc0-ng_dssr" --instance="${WORKSPACE}/experiment-suite/formal-v1/instances/60-3/wet060_001_3m_timeX10.dat" --algorithm="NG_DSSR" --outputDir="${WORKSPACE}/experiment-suite/formal-v1/runs/pricing-comparison/pricing-wet060_001_3m-a10-w0-sc0-ng_dssr" --seedFile="${WORKSPACE}/experiment-suite/formal-v1/seeds/wet060_001_3m-a10-w0-sc0.seed" --dueWindowHalfWidth="0" --setupCostCoefficient="0" --outsourcingModel="none" --outsourcingUnitRate="1" --discountStrength="0" --timeLimitSeconds="10800" --maxNodes="100000"	${WORKSPACE}/experiment-suite/formal-v1/runs/pricing-comparison/pricing-wet060_001_3m-a10-w0-sc0-ng_dssr	seed-wet060_001_3m-a10-w0-sc0	pricing-comparison
pricing-wet060_001_3m-a10-w0-sc0-time_indexed	HEU.FormalExperimentRunner	--action="solve" --runId="pricing-wet060_001_3m-a10-w0-sc0-time_indexed" --instance="${WORKSPACE}/experiment-suite/formal-v1/instances/60-3/wet060_001_3m_timeX10.dat" --algorithm="TIME_INDEXED" --outputDir="${WORKSPACE}/experiment-suite/formal-v1/runs/pricing-comparison/pricing-wet060_001_3m-a10-w0-sc0-time_indexed" --seedFile="${WORKSPACE}/experiment-suite/formal-v1/seeds/wet060_001_3m-a10-w0-sc0.seed" --dueWindowHalfWidth="0" --setupCostCoefficient="0" --outsourcingModel="none" --outsourcingUnitRate="1" --discountStrength="0" --timeLimitSeconds="10800" --maxNodes="100000"	${WORKSPACE}/experiment-suite/formal-v1/runs/pricing-comparison/pricing-wet060_001_3m-a10-w0-sc0-time_indexed	seed-wet060_001_3m-a10-w0-sc0	pricing-comparison
pricing-wet060_001_3m-a10-w0-sc0-time_indexed_sri	HEU.FormalExperimentRunner	--action="solve" --runId="pricing-wet060_001_3m-a10-w0-sc0-time_indexed_sri" --instance="${WORKSPACE}/experiment-suite/formal-v1/instances/60-3/wet060_001_3m_timeX10.dat" --algorithm="TIME_INDEXED_SRI" --outputDir="${WORKSPACE}/experiment-suite/formal-v1/runs/pricing-comparison/pricing-wet060_001_3m-a10-w0-sc0-time_indexed_sri" --seedFile="${WORKSPACE}/experiment-suite/formal-v1/seeds/wet060_001_3m-a10-w0-sc0.seed" --dueWindowHalfWidth="0" --setupCostCoefficient="0" --outsourcingModel="none" --outsourcingUnitRate="1" --discountStrength="0" --timeLimitSeconds="10800" --maxNodes="100000"	${WORKSPACE}/experiment-suite/formal-v1/runs/pricing-comparison/pricing-wet060_001_3m-a10-w0-sc0-time_indexed_sri	seed-wet060_001_3m-a10-w0-sc0	pricing-comparison
seed-wet060_001_3m-a10-w809-sc0	HEU.FormalExperimentRunner	--action="seed" --runId="seed-wet060_001_3m-a10-w809-sc0" --instance="${WORKSPACE}/experiment-suite/formal-v1/instances/60-3/wet060_001_3m_timeX10.dat" --seedFile="${WORKSPACE}/experiment-suite/formal-v1/seeds/wet060_001_3m-a10-w809-sc0.seed" --outputDir="${WORKSPACE}/experiment-suite/formal-v1/runs/seed-wet060_001_3m-a10-w809-sc0" --dueWindowHalfWidth="809" --setupCostCoefficient="0"	${WORKSPACE}/experiment-suite/formal-v1/runs/seed-wet060_001_3m-a10-w809-sc0		seed
pricing-wet060_001_3m-a10-w809-sc0-ng_dssr	HEU.FormalExperimentRunner	--action="solve" --runId="pricing-wet060_001_3m-a10-w809-sc0-ng_dssr" --instance="${WORKSPACE}/experiment-suite/formal-v1/instances/60-3/wet060_001_3m_timeX10.dat" --algorithm="NG_DSSR" --outputDir="${WORKSPACE}/experiment-suite/formal-v1/runs/pricing-comparison/pricing-wet060_001_3m-a10-w809-sc0-ng_dssr" --seedFile="${WORKSPACE}/experiment-suite/formal-v1/seeds/wet060_001_3m-a10-w809-sc0.seed" --dueWindowHalfWidth="809" --setupCostCoefficient="0" --outsourcingModel="none" --outsourcingUnitRate="1" --discountStrength="0" --timeLimitSeconds="10800" --maxNodes="100000"	${WORKSPACE}/experiment-suite/formal-v1/runs/pricing-comparison/pricing-wet060_001_3m-a10-w809-sc0-ng_dssr	seed-wet060_001_3m-a10-w809-sc0	pricing-comparison
pricing-wet060_001_3m-a10-w809-sc0-time_indexed	HEU.FormalExperimentRunner	--action="solve" --runId="pricing-wet060_001_3m-a10-w809-sc0-time_indexed" --instance="${WORKSPACE}/experiment-suite/formal-v1/instances/60-3/wet060_001_3m_timeX10.dat" --algorithm="TIME_INDEXED" --outputDir="${WORKSPACE}/experiment-suite/formal-v1/runs/pricing-comparison/pricing-wet060_001_3m-a10-w809-sc0-time_indexed" --seedFile="${WORKSPACE}/experiment-suite/formal-v1/seeds/wet060_001_3m-a10-w809-sc0.seed" --dueWindowHalfWidth="809" --setupCostCoefficient="0" --outsourcingModel="none" --outsourcingUnitRate="1" --discountStrength="0" --timeLimitSeconds="10800" --maxNodes="100000"	${WORKSPACE}/experiment-suite/formal-v1/runs/pricing-comparison/pricing-wet060_001_3m-a10-w809-sc0-time_indexed	seed-wet060_001_3m-a10-w809-sc0	pricing-comparison
pricing-wet060_001_3m-a10-w809-sc0-time_indexed_sri	HEU.FormalExperimentRunner	--action="solve" --runId="pricing-wet060_001_3m-a10-w809-sc0-time_indexed_sri" --instance="${WORKSPACE}/experiment-suite/formal-v1/instances/60-3/wet060_001_3m_timeX10.dat" --algorithm="TIME_INDEXED_SRI" --outputDir="${WORKSPACE}/experiment-suite/formal-v1/runs/pricing-comparison/pricing-wet060_001_3m-a10-w809-sc0-time_indexed_sri" --seedFile="${WORKSPACE}/experiment-suite/formal-v1/seeds/wet060_001_3m-a10-w809-sc0.seed" --dueWindowHalfWidth="809" --setupCostCoefficient="0" --outsourcingModel="none" --outsourcingUnitRate="1" --discountStrength="0" --timeLimitSeconds="10800" --maxNodes="100000"	${WORKSPACE}/experiment-suite/formal-v1/runs/pricing-comparison/pricing-wet060_001_3m-a10-w809-sc0-time_indexed_sri	seed-wet060_001_3m-a10-w809-sc0	pricing-comparison
seed-wet060_001_3m-a10-w2427-sc0	HEU.FormalExperimentRunner	--action="seed" --runId="seed-wet060_001_3m-a10-w2427-sc0" --instance="${WORKSPACE}/experiment-suite/formal-v1/instances/60-3/wet060_001_3m_timeX10.dat" --seedFile="${WORKSPACE}/experiment-suite/formal-v1/seeds/wet060_001_3m-a10-w2427-sc0.seed" --outputDir="${WORKSPACE}/experiment-suite/formal-v1/runs/seed-wet060_001_3m-a10-w2427-sc0" --dueWindowHalfWidth="2427" --setupCostCoefficient="0"	${WORKSPACE}/experiment-suite/formal-v1/runs/seed-wet060_001_3m-a10-w2427-sc0		seed
pricing-wet060_001_3m-a10-w2427-sc0-ng_dssr	HEU.FormalExperimentRunner	--action="solve" --runId="pricing-wet060_001_3m-a10-w2427-sc0-ng_dssr" --instance="${WORKSPACE}/experiment-suite/formal-v1/instances/60-3/wet060_001_3m_timeX10.dat" --algorithm="NG_DSSR" --outputDir="${WORKSPACE}/experiment-suite/formal-v1/runs/pricing-comparison/pricing-wet060_001_3m-a10-w2427-sc0-ng_dssr" --seedFile="${WORKSPACE}/experiment-suite/formal-v1/seeds/wet060_001_3m-a10-w2427-sc0.seed" --dueWindowHalfWidth="2427" --setupCostCoefficient="0" --outsourcingModel="none" --outsourcingUnitRate="1" --discountStrength="0" --timeLimitSeconds="10800" --maxNodes="100000"	${WORKSPACE}/experiment-suite/formal-v1/runs/pricing-comparison/pricing-wet060_001_3m-a10-w2427-sc0-ng_dssr	seed-wet060_001_3m-a10-w2427-sc0	pricing-comparison
pricing-wet060_001_3m-a10-w2427-sc0-time_indexed	HEU.FormalExperimentRunner	--action="solve" --runId="pricing-wet060_001_3m-a10-w2427-sc0-time_indexed" --instance="${WORKSPACE}/experiment-suite/formal-v1/instances/60-3/wet060_001_3m_timeX10.dat" --algorithm="TIME_INDEXED" --outputDir="${WORKSPACE}/experiment-suite/formal-v1/runs/pricing-comparison/pricing-wet060_001_3m-a10-w2427-sc0-time_indexed" --seedFile="${WORKSPACE}/experiment-suite/formal-v1/seeds/wet060_001_3m-a10-w2427-sc0.seed" --dueWindowHalfWidth="2427" --setupCostCoefficient="0" --outsourcingModel="none" --outsourcingUnitRate="1" --discountStrength="0" --timeLimitSeconds="10800" --maxNodes="100000"	${WORKSPACE}/experiment-suite/formal-v1/runs/pricing-comparison/pricing-wet060_001_3m-a10-w2427-sc0-time_indexed	seed-wet060_001_3m-a10-w2427-sc0	pricing-comparison
pricing-wet060_001_3m-a10-w2427-sc0-time_indexed_sri	HEU.FormalExperimentRunner	--action="solve" --runId="pricing-wet060_001_3m-a10-w2427-sc0-time_indexed_sri" --instance="${WORKSPACE}/experiment-suite/formal-v1/instances/60-3/wet060_001_3m_timeX10.dat" --algorithm="TIME_INDEXED_SRI" --outputDir="${WORKSPACE}/experiment-suite/formal-v1/runs/pricing-comparison/pricing-wet060_001_3m-a10-w2427-sc0-time_indexed_sri" --seedFile="${WORKSPACE}/experiment-suite/formal-v1/seeds/wet060_001_3m-a10-w2427-sc0.seed" --dueWindowHalfWidth="2427" --setupCostCoefficient="0" --outsourcingModel="none" --outsourcingUnitRate="1" --discountStrength="0" --timeLimitSeconds="10800" --maxNodes="100000"	${WORKSPACE}/experiment-suite/formal-v1/runs/pricing-comparison/pricing-wet060_001_3m-a10-w2427-sc0-time_indexed_sri	seed-wet060_001_3m-a10-w2427-sc0	pricing-comparison
seed-wet060_002_3m-a1-w0-sc0	HEU.FormalExperimentRunner	--action="seed" --runId="seed-wet060_002_3m-a1-w0-sc0" --instance="${WORKSPACE}/data/60-3/wet060_002_3m.dat" --seedFile="${WORKSPACE}/experiment-suite/formal-v1/seeds/wet060_002_3m-a1-w0-sc0.seed" --outputDir="${WORKSPACE}/experiment-suite/formal-v1/runs/seed-wet060_002_3m-a1-w0-sc0" --dueWindowHalfWidth="0" --setupCostCoefficient="0"	${WORKSPACE}/experiment-suite/formal-v1/runs/seed-wet060_002_3m-a1-w0-sc0		seed
pricing-wet060_002_3m-a1-w0-sc0-ng_dssr	HEU.FormalExperimentRunner	--action="solve" --runId="pricing-wet060_002_3m-a1-w0-sc0-ng_dssr" --instance="${WORKSPACE}/data/60-3/wet060_002_3m.dat" --algorithm="NG_DSSR" --outputDir="${WORKSPACE}/experiment-suite/formal-v1/runs/pricing-comparison/pricing-wet060_002_3m-a1-w0-sc0-ng_dssr" --seedFile="${WORKSPACE}/experiment-suite/formal-v1/seeds/wet060_002_3m-a1-w0-sc0.seed" --dueWindowHalfWidth="0" --setupCostCoefficient="0" --outsourcingModel="none" --outsourcingUnitRate="1" --discountStrength="0" --timeLimitSeconds="10800" --maxNodes="100000"	${WORKSPACE}/experiment-suite/formal-v1/runs/pricing-comparison/pricing-wet060_002_3m-a1-w0-sc0-ng_dssr	seed-wet060_002_3m-a1-w0-sc0	pricing-comparison
pricing-wet060_002_3m-a1-w0-sc0-time_indexed	HEU.FormalExperimentRunner	--action="solve" --runId="pricing-wet060_002_3m-a1-w0-sc0-time_indexed" --instance="${WORKSPACE}/data/60-3/wet060_002_3m.dat" --algorithm="TIME_INDEXED" --outputDir="${WORKSPACE}/experiment-suite/formal-v1/runs/pricing-comparison/pricing-wet060_002_3m-a1-w0-sc0-time_indexed" --seedFile="${WORKSPACE}/experiment-suite/formal-v1/seeds/wet060_002_3m-a1-w0-sc0.seed" --dueWindowHalfWidth="0" --setupCostCoefficient="0" --outsourcingModel="none" --outsourcingUnitRate="1" --discountStrength="0" --timeLimitSeconds="10800" --maxNodes="100000"	${WORKSPACE}/experiment-suite/formal-v1/runs/pricing-comparison/pricing-wet060_002_3m-a1-w0-sc0-time_indexed	seed-wet060_002_3m-a1-w0-sc0	pricing-comparison
pricing-wet060_002_3m-a1-w0-sc0-time_indexed_sri	HEU.FormalExperimentRunner	--action="solve" --runId="pricing-wet060_002_3m-a1-w0-sc0-time_indexed_sri" --instance="${WORKSPACE}/data/60-3/wet060_002_3m.dat" --algorithm="TIME_INDEXED_SRI" --outputDir="${WORKSPACE}/experiment-suite/formal-v1/runs/pricing-comparison/pricing-wet060_002_3m-a1-w0-sc0-time_indexed_sri" --seedFile="${WORKSPACE}/experiment-suite/formal-v1/seeds/wet060_002_3m-a1-w0-sc0.seed" --dueWindowHalfWidth="0" --setupCostCoefficient="0" --outsourcingModel="none" --outsourcingUnitRate="1" --discountStrength="0" --timeLimitSeconds="10800" --maxNodes="100000"	${WORKSPACE}/experiment-suite/formal-v1/runs/pricing-comparison/pricing-wet060_002_3m-a1-w0-sc0-time_indexed_sri	seed-wet060_002_3m-a1-w0-sc0	pricing-comparison
seed-wet060_002_3m-a1-w79-sc0	HEU.FormalExperimentRunner	--action="seed" --runId="seed-wet060_002_3m-a1-w79-sc0" --instance="${WORKSPACE}/data/60-3/wet060_002_3m.dat" --seedFile="${WORKSPACE}/experiment-suite/formal-v1/seeds/wet060_002_3m-a1-w79-sc0.seed" --outputDir="${WORKSPACE}/experiment-suite/formal-v1/runs/seed-wet060_002_3m-a1-w79-sc0" --dueWindowHalfWidth="79" --setupCostCoefficient="0"	${WORKSPACE}/experiment-suite/formal-v1/runs/seed-wet060_002_3m-a1-w79-sc0		seed
pricing-wet060_002_3m-a1-w79-sc0-ng_dssr	HEU.FormalExperimentRunner	--action="solve" --runId="pricing-wet060_002_3m-a1-w79-sc0-ng_dssr" --instance="${WORKSPACE}/data/60-3/wet060_002_3m.dat" --algorithm="NG_DSSR" --outputDir="${WORKSPACE}/experiment-suite/formal-v1/runs/pricing-comparison/pricing-wet060_002_3m-a1-w79-sc0-ng_dssr" --seedFile="${WORKSPACE}/experiment-suite/formal-v1/seeds/wet060_002_3m-a1-w79-sc0.seed" --dueWindowHalfWidth="79" --setupCostCoefficient="0" --outsourcingModel="none" --outsourcingUnitRate="1" --discountStrength="0" --timeLimitSeconds="10800" --maxNodes="100000"	${WORKSPACE}/experiment-suite/formal-v1/runs/pricing-comparison/pricing-wet060_002_3m-a1-w79-sc0-ng_dssr	seed-wet060_002_3m-a1-w79-sc0	pricing-comparison
pricing-wet060_002_3m-a1-w79-sc0-time_indexed	HEU.FormalExperimentRunner	--action="solve" --runId="pricing-wet060_002_3m-a1-w79-sc0-time_indexed" --instance="${WORKSPACE}/data/60-3/wet060_002_3m.dat" --algorithm="TIME_INDEXED" --outputDir="${WORKSPACE}/experiment-suite/formal-v1/runs/pricing-comparison/pricing-wet060_002_3m-a1-w79-sc0-time_indexed" --seedFile="${WORKSPACE}/experiment-suite/formal-v1/seeds/wet060_002_3m-a1-w79-sc0.seed" --dueWindowHalfWidth="79" --setupCostCoefficient="0" --outsourcingModel="none" --outsourcingUnitRate="1" --discountStrength="0" --timeLimitSeconds="10800" --maxNodes="100000"	${WORKSPACE}/experiment-suite/formal-v1/runs/pricing-comparison/pricing-wet060_002_3m-a1-w79-sc0-time_indexed	seed-wet060_002_3m-a1-w79-sc0	pricing-comparison
pricing-wet060_002_3m-a1-w79-sc0-time_indexed_sri	HEU.FormalExperimentRunner	--action="solve" --runId="pricing-wet060_002_3m-a1-w79-sc0-time_indexed_sri" --instance="${WORKSPACE}/data/60-3/wet060_002_3m.dat" --algorithm="TIME_INDEXED_SRI" --outputDir="${WORKSPACE}/experiment-suite/formal-v1/runs/pricing-comparison/pricing-wet060_002_3m-a1-w79-sc0-time_indexed_sri" --seedFile="${WORKSPACE}/experiment-suite/formal-v1/seeds/wet060_002_3m-a1-w79-sc0.seed" --dueWindowHalfWidth="79" --setupCostCoefficient="0" --outsourcingModel="none" --outsourcingUnitRate="1" --discountStrength="0" --timeLimitSeconds="10800" --maxNodes="100000"	${WORKSPACE}/experiment-suite/formal-v1/runs/pricing-comparison/pricing-wet060_002_3m-a1-w79-sc0-time_indexed_sri	seed-wet060_002_3m-a1-w79-sc0	pricing-comparison
seed-wet060_002_3m-a1-w237-sc0	HEU.FormalExperimentRunner	--action="seed" --runId="seed-wet060_002_3m-a1-w237-sc0" --instance="${WORKSPACE}/data/60-3/wet060_002_3m.dat" --seedFile="${WORKSPACE}/experiment-suite/formal-v1/seeds/wet060_002_3m-a1-w237-sc0.seed" --outputDir="${WORKSPACE}/experiment-suite/formal-v1/runs/seed-wet060_002_3m-a1-w237-sc0" --dueWindowHalfWidth="237" --setupCostCoefficient="0"	${WORKSPACE}/experiment-suite/formal-v1/runs/seed-wet060_002_3m-a1-w237-sc0		seed
pricing-wet060_002_3m-a1-w237-sc0-ng_dssr	HEU.FormalExperimentRunner	--action="solve" --runId="pricing-wet060_002_3m-a1-w237-sc0-ng_dssr" --instance="${WORKSPACE}/data/60-3/wet060_002_3m.dat" --algorithm="NG_DSSR" --outputDir="${WORKSPACE}/experiment-suite/formal-v1/runs/pricing-comparison/pricing-wet060_002_3m-a1-w237-sc0-ng_dssr" --seedFile="${WORKSPACE}/experiment-suite/formal-v1/seeds/wet060_002_3m-a1-w237-sc0.seed" --dueWindowHalfWidth="237" --setupCostCoefficient="0" --outsourcingModel="none" --outsourcingUnitRate="1" --discountStrength="0" --timeLimitSeconds="10800" --maxNodes="100000"	${WORKSPACE}/experiment-suite/formal-v1/runs/pricing-comparison/pricing-wet060_002_3m-a1-w237-sc0-ng_dssr	seed-wet060_002_3m-a1-w237-sc0	pricing-comparison
pricing-wet060_002_3m-a1-w237-sc0-time_indexed	HEU.FormalExperimentRunner	--action="solve" --runId="pricing-wet060_002_3m-a1-w237-sc0-time_indexed" --instance="${WORKSPACE}/data/60-3/wet060_002_3m.dat" --algorithm="TIME_INDEXED" --outputDir="${WORKSPACE}/experiment-suite/formal-v1/runs/pricing-comparison/pricing-wet060_002_3m-a1-w237-sc0-time_indexed" --seedFile="${WORKSPACE}/experiment-suite/formal-v1/seeds/wet060_002_3m-a1-w237-sc0.seed" --dueWindowHalfWidth="237" --setupCostCoefficient="0" --outsourcingModel="none" --outsourcingUnitRate="1" --discountStrength="0" --timeLimitSeconds="10800" --maxNodes="100000"	${WORKSPACE}/experiment-suite/formal-v1/runs/pricing-comparison/pricing-wet060_002_3m-a1-w237-sc0-time_indexed	seed-wet060_002_3m-a1-w237-sc0	pricing-comparison
pricing-wet060_002_3m-a1-w237-sc0-time_indexed_sri	HEU.FormalExperimentRunner	--action="solve" --runId="pricing-wet060_002_3m-a1-w237-sc0-time_indexed_sri" --instance="${WORKSPACE}/data/60-3/wet060_002_3m.dat" --algorithm="TIME_INDEXED_SRI" --outputDir="${WORKSPACE}/experiment-suite/formal-v1/runs/pricing-comparison/pricing-wet060_002_3m-a1-w237-sc0-time_indexed_sri" --seedFile="${WORKSPACE}/experiment-suite/formal-v1/seeds/wet060_002_3m-a1-w237-sc0.seed" --dueWindowHalfWidth="237" --setupCostCoefficient="0" --outsourcingModel="none" --outsourcingUnitRate="1" --discountStrength="0" --timeLimitSeconds="10800" --maxNodes="100000"	${WORKSPACE}/experiment-suite/formal-v1/runs/pricing-comparison/pricing-wet060_002_3m-a1-w237-sc0-time_indexed_sri	seed-wet060_002_3m-a1-w237-sc0	pricing-comparison
seed-wet060_002_3m-a5-w0-sc0	HEU.FormalExperimentRunner	--action="seed" --runId="seed-wet060_002_3m-a5-w0-sc0" --instance="${WORKSPACE}/experiment-suite/formal-v1/instances/60-3/wet060_002_3m_timeX5.dat" --seedFile="${WORKSPACE}/experiment-suite/formal-v1/seeds/wet060_002_3m-a5-w0-sc0.seed" --outputDir="${WORKSPACE}/experiment-suite/formal-v1/runs/seed-wet060_002_3m-a5-w0-sc0" --dueWindowHalfWidth="0" --setupCostCoefficient="0"	${WORKSPACE}/experiment-suite/formal-v1/runs/seed-wet060_002_3m-a5-w0-sc0		seed
pricing-wet060_002_3m-a5-w0-sc0-ng_dssr	HEU.FormalExperimentRunner	--action="solve" --runId="pricing-wet060_002_3m-a5-w0-sc0-ng_dssr" --instance="${WORKSPACE}/experiment-suite/formal-v1/instances/60-3/wet060_002_3m_timeX5.dat" --algorithm="NG_DSSR" --outputDir="${WORKSPACE}/experiment-suite/formal-v1/runs/pricing-comparison/pricing-wet060_002_3m-a5-w0-sc0-ng_dssr" --seedFile="${WORKSPACE}/experiment-suite/formal-v1/seeds/wet060_002_3m-a5-w0-sc0.seed" --dueWindowHalfWidth="0" --setupCostCoefficient="0" --outsourcingModel="none" --outsourcingUnitRate="1" --discountStrength="0" --timeLimitSeconds="10800" --maxNodes="100000"	${WORKSPACE}/experiment-suite/formal-v1/runs/pricing-comparison/pricing-wet060_002_3m-a5-w0-sc0-ng_dssr	seed-wet060_002_3m-a5-w0-sc0	pricing-comparison
pricing-wet060_002_3m-a5-w0-sc0-time_indexed	HEU.FormalExperimentRunner	--action="solve" --runId="pricing-wet060_002_3m-a5-w0-sc0-time_indexed" --instance="${WORKSPACE}/experiment-suite/formal-v1/instances/60-3/wet060_002_3m_timeX5.dat" --algorithm="TIME_INDEXED" --outputDir="${WORKSPACE}/experiment-suite/formal-v1/runs/pricing-comparison/pricing-wet060_002_3m-a5-w0-sc0-time_indexed" --seedFile="${WORKSPACE}/experiment-suite/formal-v1/seeds/wet060_002_3m-a5-w0-sc0.seed" --dueWindowHalfWidth="0" --setupCostCoefficient="0" --outsourcingModel="none" --outsourcingUnitRate="1" --discountStrength="0" --timeLimitSeconds="10800" --maxNodes="100000"	${WORKSPACE}/experiment-suite/formal-v1/runs/pricing-comparison/pricing-wet060_002_3m-a5-w0-sc0-time_indexed	seed-wet060_002_3m-a5-w0-sc0	pricing-comparison
pricing-wet060_002_3m-a5-w0-sc0-time_indexed_sri	HEU.FormalExperimentRunner	--action="solve" --runId="pricing-wet060_002_3m-a5-w0-sc0-time_indexed_sri" --instance="${WORKSPACE}/experiment-suite/formal-v1/instances/60-3/wet060_002_3m_timeX5.dat" --algorithm="TIME_INDEXED_SRI" --outputDir="${WORKSPACE}/experiment-suite/formal-v1/runs/pricing-comparison/pricing-wet060_002_3m-a5-w0-sc0-time_indexed_sri" --seedFile="${WORKSPACE}/experiment-suite/formal-v1/seeds/wet060_002_3m-a5-w0-sc0.seed" --dueWindowHalfWidth="0" --setupCostCoefficient="0" --outsourcingModel="none" --outsourcingUnitRate="1" --discountStrength="0" --timeLimitSeconds="10800" --maxNodes="100000"	${WORKSPACE}/experiment-suite/formal-v1/runs/pricing-comparison/pricing-wet060_002_3m-a5-w0-sc0-time_indexed_sri	seed-wet060_002_3m-a5-w0-sc0	pricing-comparison
seed-wet060_002_3m-a5-w394-sc0	HEU.FormalExperimentRunner	--action="seed" --runId="seed-wet060_002_3m-a5-w394-sc0" --instance="${WORKSPACE}/experiment-suite/formal-v1/instances/60-3/wet060_002_3m_timeX5.dat" --seedFile="${WORKSPACE}/experiment-suite/formal-v1/seeds/wet060_002_3m-a5-w394-sc0.seed" --outputDir="${WORKSPACE}/experiment-suite/formal-v1/runs/seed-wet060_002_3m-a5-w394-sc0" --dueWindowHalfWidth="394" --setupCostCoefficient="0"	${WORKSPACE}/experiment-suite/formal-v1/runs/seed-wet060_002_3m-a5-w394-sc0		seed
pricing-wet060_002_3m-a5-w394-sc0-ng_dssr	HEU.FormalExperimentRunner	--action="solve" --runId="pricing-wet060_002_3m-a5-w394-sc0-ng_dssr" --instance="${WORKSPACE}/experiment-suite/formal-v1/instances/60-3/wet060_002_3m_timeX5.dat" --algorithm="NG_DSSR" --outputDir="${WORKSPACE}/experiment-suite/formal-v1/runs/pricing-comparison/pricing-wet060_002_3m-a5-w394-sc0-ng_dssr" --seedFile="${WORKSPACE}/experiment-suite/formal-v1/seeds/wet060_002_3m-a5-w394-sc0.seed" --dueWindowHalfWidth="394" --setupCostCoefficient="0" --outsourcingModel="none" --outsourcingUnitRate="1" --discountStrength="0" --timeLimitSeconds="10800" --maxNodes="100000"	${WORKSPACE}/experiment-suite/formal-v1/runs/pricing-comparison/pricing-wet060_002_3m-a5-w394-sc0-ng_dssr	seed-wet060_002_3m-a5-w394-sc0	pricing-comparison
pricing-wet060_002_3m-a5-w394-sc0-time_indexed	HEU.FormalExperimentRunner	--action="solve" --runId="pricing-wet060_002_3m-a5-w394-sc0-time_indexed" --instance="${WORKSPACE}/experiment-suite/formal-v1/instances/60-3/wet060_002_3m_timeX5.dat" --algorithm="TIME_INDEXED" --outputDir="${WORKSPACE}/experiment-suite/formal-v1/runs/pricing-comparison/pricing-wet060_002_3m-a5-w394-sc0-time_indexed" --seedFile="${WORKSPACE}/experiment-suite/formal-v1/seeds/wet060_002_3m-a5-w394-sc0.seed" --dueWindowHalfWidth="394" --setupCostCoefficient="0" --outsourcingModel="none" --outsourcingUnitRate="1" --discountStrength="0" --timeLimitSeconds="10800" --maxNodes="100000"	${WORKSPACE}/experiment-suite/formal-v1/runs/pricing-comparison/pricing-wet060_002_3m-a5-w394-sc0-time_indexed	seed-wet060_002_3m-a5-w394-sc0	pricing-comparison
pricing-wet060_002_3m-a5-w394-sc0-time_indexed_sri	HEU.FormalExperimentRunner	--action="solve" --runId="pricing-wet060_002_3m-a5-w394-sc0-time_indexed_sri" --instance="${WORKSPACE}/experiment-suite/formal-v1/instances/60-3/wet060_002_3m_timeX5.dat" --algorithm="TIME_INDEXED_SRI" --outputDir="${WORKSPACE}/experiment-suite/formal-v1/runs/pricing-comparison/pricing-wet060_002_3m-a5-w394-sc0-time_indexed_sri" --seedFile="${WORKSPACE}/experiment-suite/formal-v1/seeds/wet060_002_3m-a5-w394-sc0.seed" --dueWindowHalfWidth="394" --setupCostCoefficient="0" --outsourcingModel="none" --outsourcingUnitRate="1" --discountStrength="0" --timeLimitSeconds="10800" --maxNodes="100000"	${WORKSPACE}/experiment-suite/formal-v1/runs/pricing-comparison/pricing-wet060_002_3m-a5-w394-sc0-time_indexed_sri	seed-wet060_002_3m-a5-w394-sc0	pricing-comparison
seed-wet060_002_3m-a5-w1184-sc0	HEU.FormalExperimentRunner	--action="seed" --runId="seed-wet060_002_3m-a5-w1184-sc0" --instance="${WORKSPACE}/experiment-suite/formal-v1/instances/60-3/wet060_002_3m_timeX5.dat" --seedFile="${WORKSPACE}/experiment-suite/formal-v1/seeds/wet060_002_3m-a5-w1184-sc0.seed" --outputDir="${WORKSPACE}/experiment-suite/formal-v1/runs/seed-wet060_002_3m-a5-w1184-sc0" --dueWindowHalfWidth="1184" --setupCostCoefficient="0"	${WORKSPACE}/experiment-suite/formal-v1/runs/seed-wet060_002_3m-a5-w1184-sc0		seed
pricing-wet060_002_3m-a5-w1184-sc0-ng_dssr	HEU.FormalExperimentRunner	--action="solve" --runId="pricing-wet060_002_3m-a5-w1184-sc0-ng_dssr" --instance="${WORKSPACE}/experiment-suite/formal-v1/instances/60-3/wet060_002_3m_timeX5.dat" --algorithm="NG_DSSR" --outputDir="${WORKSPACE}/experiment-suite/formal-v1/runs/pricing-comparison/pricing-wet060_002_3m-a5-w1184-sc0-ng_dssr" --seedFile="${WORKSPACE}/experiment-suite/formal-v1/seeds/wet060_002_3m-a5-w1184-sc0.seed" --dueWindowHalfWidth="1184" --setupCostCoefficient="0" --outsourcingModel="none" --outsourcingUnitRate="1" --discountStrength="0" --timeLimitSeconds="10800" --maxNodes="100000"	${WORKSPACE}/experiment-suite/formal-v1/runs/pricing-comparison/pricing-wet060_002_3m-a5-w1184-sc0-ng_dssr	seed-wet060_002_3m-a5-w1184-sc0	pricing-comparison
pricing-wet060_002_3m-a5-w1184-sc0-time_indexed	HEU.FormalExperimentRunner	--action="solve" --runId="pricing-wet060_002_3m-a5-w1184-sc0-time_indexed" --instance="${WORKSPACE}/experiment-suite/formal-v1/instances/60-3/wet060_002_3m_timeX5.dat" --algorithm="TIME_INDEXED" --outputDir="${WORKSPACE}/experiment-suite/formal-v1/runs/pricing-comparison/pricing-wet060_002_3m-a5-w1184-sc0-time_indexed" --seedFile="${WORKSPACE}/experiment-suite/formal-v1/seeds/wet060_002_3m-a5-w1184-sc0.seed" --dueWindowHalfWidth="1184" --setupCostCoefficient="0" --outsourcingModel="none" --outsourcingUnitRate="1" --discountStrength="0" --timeLimitSeconds="10800" --maxNodes="100000"	${WORKSPACE}/experiment-suite/formal-v1/runs/pricing-comparison/pricing-wet060_002_3m-a5-w1184-sc0-time_indexed	seed-wet060_002_3m-a5-w1184-sc0	pricing-comparison
pricing-wet060_002_3m-a5-w1184-sc0-time_indexed_sri	HEU.FormalExperimentRunner	--action="solve" --runId="pricing-wet060_002_3m-a5-w1184-sc0-time_indexed_sri" --instance="${WORKSPACE}/experiment-suite/formal-v1/instances/60-3/wet060_002_3m_timeX5.dat" --algorithm="TIME_INDEXED_SRI" --outputDir="${WORKSPACE}/experiment-suite/formal-v1/runs/pricing-comparison/pricing-wet060_002_3m-a5-w1184-sc0-time_indexed_sri" --seedFile="${WORKSPACE}/experiment-suite/formal-v1/seeds/wet060_002_3m-a5-w1184-sc0.seed" --dueWindowHalfWidth="1184" --setupCostCoefficient="0" --outsourcingModel="none" --outsourcingUnitRate="1" --discountStrength="0" --timeLimitSeconds="10800" --maxNodes="100000"	${WORKSPACE}/experiment-suite/formal-v1/runs/pricing-comparison/pricing-wet060_002_3m-a5-w1184-sc0-time_indexed_sri	seed-wet060_002_3m-a5-w1184-sc0	pricing-comparison
seed-wet060_002_3m-a10-w0-sc0	HEU.FormalExperimentRunner	--action="seed" --runId="seed-wet060_002_3m-a10-w0-sc0" --instance="${WORKSPACE}/experiment-suite/formal-v1/instances/60-3/wet060_002_3m_timeX10.dat" --seedFile="${WORKSPACE}/experiment-suite/formal-v1/seeds/wet060_002_3m-a10-w0-sc0.seed" --outputDir="${WORKSPACE}/experiment-suite/formal-v1/runs/seed-wet060_002_3m-a10-w0-sc0" --dueWindowHalfWidth="0" --setupCostCoefficient="0"	${WORKSPACE}/experiment-suite/formal-v1/runs/seed-wet060_002_3m-a10-w0-sc0		seed
pricing-wet060_002_3m-a10-w0-sc0-ng_dssr	HEU.FormalExperimentRunner	--action="solve" --runId="pricing-wet060_002_3m-a10-w0-sc0-ng_dssr" --instance="${WORKSPACE}/experiment-suite/formal-v1/instances/60-3/wet060_002_3m_timeX10.dat" --algorithm="NG_DSSR" --outputDir="${WORKSPACE}/experiment-suite/formal-v1/runs/pricing-comparison/pricing-wet060_002_3m-a10-w0-sc0-ng_dssr" --seedFile="${WORKSPACE}/experiment-suite/formal-v1/seeds/wet060_002_3m-a10-w0-sc0.seed" --dueWindowHalfWidth="0" --setupCostCoefficient="0" --outsourcingModel="none" --outsourcingUnitRate="1" --discountStrength="0" --timeLimitSeconds="10800" --maxNodes="100000"	${WORKSPACE}/experiment-suite/formal-v1/runs/pricing-comparison/pricing-wet060_002_3m-a10-w0-sc0-ng_dssr	seed-wet060_002_3m-a10-w0-sc0	pricing-comparison
pricing-wet060_002_3m-a10-w0-sc0-time_indexed	HEU.FormalExperimentRunner	--action="solve" --runId="pricing-wet060_002_3m-a10-w0-sc0-time_indexed" --instance="${WORKSPACE}/experiment-suite/formal-v1/instances/60-3/wet060_002_3m_timeX10.dat" --algorithm="TIME_INDEXED" --outputDir="${WORKSPACE}/experiment-suite/formal-v1/runs/pricing-comparison/pricing-wet060_002_3m-a10-w0-sc0-time_indexed" --seedFile="${WORKSPACE}/experiment-suite/formal-v1/seeds/wet060_002_3m-a10-w0-sc0.seed" --dueWindowHalfWidth="0" --setupCostCoefficient="0" --outsourcingModel="none" --outsourcingUnitRate="1" --discountStrength="0" --timeLimitSeconds="10800" --maxNodes="100000"	${WORKSPACE}/experiment-suite/formal-v1/runs/pricing-comparison/pricing-wet060_002_3m-a10-w0-sc0-time_indexed	seed-wet060_002_3m-a10-w0-sc0	pricing-comparison
pricing-wet060_002_3m-a10-w0-sc0-time_indexed_sri	HEU.FormalExperimentRunner	--action="solve" --runId="pricing-wet060_002_3m-a10-w0-sc0-time_indexed_sri" --instance="${WORKSPACE}/experiment-suite/formal-v1/instances/60-3/wet060_002_3m_timeX10.dat" --algorithm="TIME_INDEXED_SRI" --outputDir="${WORKSPACE}/experiment-suite/formal-v1/runs/pricing-comparison/pricing-wet060_002_3m-a10-w0-sc0-time_indexed_sri" --seedFile="${WORKSPACE}/experiment-suite/formal-v1/seeds/wet060_002_3m-a10-w0-sc0.seed" --dueWindowHalfWidth="0" --setupCostCoefficient="0" --outsourcingModel="none" --outsourcingUnitRate="1" --discountStrength="0" --timeLimitSeconds="10800" --maxNodes="100000"	${WORKSPACE}/experiment-suite/formal-v1/runs/pricing-comparison/pricing-wet060_002_3m-a10-w0-sc0-time_indexed_sri	seed-wet060_002_3m-a10-w0-sc0	pricing-comparison
seed-wet060_002_3m-a10-w789-sc0	HEU.FormalExperimentRunner	--action="seed" --runId="seed-wet060_002_3m-a10-w789-sc0" --instance="${WORKSPACE}/experiment-suite/formal-v1/instances/60-3/wet060_002_3m_timeX10.dat" --seedFile="${WORKSPACE}/experiment-suite/formal-v1/seeds/wet060_002_3m-a10-w789-sc0.seed" --outputDir="${WORKSPACE}/experiment-suite/formal-v1/runs/seed-wet060_002_3m-a10-w789-sc0" --dueWindowHalfWidth="789" --setupCostCoefficient="0"	${WORKSPACE}/experiment-suite/formal-v1/runs/seed-wet060_002_3m-a10-w789-sc0		seed
pricing-wet060_002_3m-a10-w789-sc0-ng_dssr	HEU.FormalExperimentRunner	--action="solve" --runId="pricing-wet060_002_3m-a10-w789-sc0-ng_dssr" --instance="${WORKSPACE}/experiment-suite/formal-v1/instances/60-3/wet060_002_3m_timeX10.dat" --algorithm="NG_DSSR" --outputDir="${WORKSPACE}/experiment-suite/formal-v1/runs/pricing-comparison/pricing-wet060_002_3m-a10-w789-sc0-ng_dssr" --seedFile="${WORKSPACE}/experiment-suite/formal-v1/seeds/wet060_002_3m-a10-w789-sc0.seed" --dueWindowHalfWidth="789" --setupCostCoefficient="0" --outsourcingModel="none" --outsourcingUnitRate="1" --discountStrength="0" --timeLimitSeconds="10800" --maxNodes="100000"	${WORKSPACE}/experiment-suite/formal-v1/runs/pricing-comparison/pricing-wet060_002_3m-a10-w789-sc0-ng_dssr	seed-wet060_002_3m-a10-w789-sc0	pricing-comparison
pricing-wet060_002_3m-a10-w789-sc0-time_indexed	HEU.FormalExperimentRunner	--action="solve" --runId="pricing-wet060_002_3m-a10-w789-sc0-time_indexed" --instance="${WORKSPACE}/experiment-suite/formal-v1/instances/60-3/wet060_002_3m_timeX10.dat" --algorithm="TIME_INDEXED" --outputDir="${WORKSPACE}/experiment-suite/formal-v1/runs/pricing-comparison/pricing-wet060_002_3m-a10-w789-sc0-time_indexed" --seedFile="${WORKSPACE}/experiment-suite/formal-v1/seeds/wet060_002_3m-a10-w789-sc0.seed" --dueWindowHalfWidth="789" --setupCostCoefficient="0" --outsourcingModel="none" --outsourcingUnitRate="1" --discountStrength="0" --timeLimitSeconds="10800" --maxNodes="100000"	${WORKSPACE}/experiment-suite/formal-v1/runs/pricing-comparison/pricing-wet060_002_3m-a10-w789-sc0-time_indexed	seed-wet060_002_3m-a10-w789-sc0	pricing-comparison
pricing-wet060_002_3m-a10-w789-sc0-time_indexed_sri	HEU.FormalExperimentRunner	--action="solve" --runId="pricing-wet060_002_3m-a10-w789-sc0-time_indexed_sri" --instance="${WORKSPACE}/experiment-suite/formal-v1/instances/60-3/wet060_002_3m_timeX10.dat" --algorithm="TIME_INDEXED_SRI" --outputDir="${WORKSPACE}/experiment-suite/formal-v1/runs/pricing-comparison/pricing-wet060_002_3m-a10-w789-sc0-time_indexed_sri" --seedFile="${WORKSPACE}/experiment-suite/formal-v1/seeds/wet060_002_3m-a10-w789-sc0.seed" --dueWindowHalfWidth="789" --setupCostCoefficient="0" --outsourcingModel="none" --outsourcingUnitRate="1" --discountStrength="0" --timeLimitSeconds="10800" --maxNodes="100000"	${WORKSPACE}/experiment-suite/formal-v1/runs/pricing-comparison/pricing-wet060_002_3m-a10-w789-sc0-time_indexed_sri	seed-wet060_002_3m-a10-w789-sc0	pricing-comparison
seed-wet060_002_3m-a10-w2367-sc0	HEU.FormalExperimentRunner	--action="seed" --runId="seed-wet060_002_3m-a10-w2367-sc0" --instance="${WORKSPACE}/experiment-suite/formal-v1/instances/60-3/wet060_002_3m_timeX10.dat" --seedFile="${WORKSPACE}/experiment-suite/formal-v1/seeds/wet060_002_3m-a10-w2367-sc0.seed" --outputDir="${WORKSPACE}/experiment-suite/formal-v1/runs/seed-wet060_002_3m-a10-w2367-sc0" --dueWindowHalfWidth="2367" --setupCostCoefficient="0"	${WORKSPACE}/experiment-suite/formal-v1/runs/seed-wet060_002_3m-a10-w2367-sc0		seed
pricing-wet060_002_3m-a10-w2367-sc0-ng_dssr	HEU.FormalExperimentRunner	--action="solve" --runId="pricing-wet060_002_3m-a10-w2367-sc0-ng_dssr" --instance="${WORKSPACE}/experiment-suite/formal-v1/instances/60-3/wet060_002_3m_timeX10.dat" --algorithm="NG_DSSR" --outputDir="${WORKSPACE}/experiment-suite/formal-v1/runs/pricing-comparison/pricing-wet060_002_3m-a10-w2367-sc0-ng_dssr" --seedFile="${WORKSPACE}/experiment-suite/formal-v1/seeds/wet060_002_3m-a10-w2367-sc0.seed" --dueWindowHalfWidth="2367" --setupCostCoefficient="0" --outsourcingModel="none" --outsourcingUnitRate="1" --discountStrength="0" --timeLimitSeconds="10800" --maxNodes="100000"	${WORKSPACE}/experiment-suite/formal-v1/runs/pricing-comparison/pricing-wet060_002_3m-a10-w2367-sc0-ng_dssr	seed-wet060_002_3m-a10-w2367-sc0	pricing-comparison
pricing-wet060_002_3m-a10-w2367-sc0-time_indexed	HEU.FormalExperimentRunner	--action="solve" --runId="pricing-wet060_002_3m-a10-w2367-sc0-time_indexed" --instance="${WORKSPACE}/experiment-suite/formal-v1/instances/60-3/wet060_002_3m_timeX10.dat" --algorithm="TIME_INDEXED" --outputDir="${WORKSPACE}/experiment-suite/formal-v1/runs/pricing-comparison/pricing-wet060_002_3m-a10-w2367-sc0-time_indexed" --seedFile="${WORKSPACE}/experiment-suite/formal-v1/seeds/wet060_002_3m-a10-w2367-sc0.seed" --dueWindowHalfWidth="2367" --setupCostCoefficient="0" --outsourcingModel="none" --outsourcingUnitRate="1" --discountStrength="0" --timeLimitSeconds="10800" --maxNodes="100000"	${WORKSPACE}/experiment-suite/formal-v1/runs/pricing-comparison/pricing-wet060_002_3m-a10-w2367-sc0-time_indexed	seed-wet060_002_3m-a10-w2367-sc0	pricing-comparison
pricing-wet060_002_3m-a10-w2367-sc0-time_indexed_sri	HEU.FormalExperimentRunner	--action="solve" --runId="pricing-wet060_002_3m-a10-w2367-sc0-time_indexed_sri" --instance="${WORKSPACE}/experiment-suite/formal-v1/instances/60-3/wet060_002_3m_timeX10.dat" --algorithm="TIME_INDEXED_SRI" --outputDir="${WORKSPACE}/experiment-suite/formal-v1/runs/pricing-comparison/pricing-wet060_002_3m-a10-w2367-sc0-time_indexed_sri" --seedFile="${WORKSPACE}/experiment-suite/formal-v1/seeds/wet060_002_3m-a10-w2367-sc0.seed" --dueWindowHalfWidth="2367" --setupCostCoefficient="0" --outsourcingModel="none" --outsourcingUnitRate="1" --discountStrength="0" --timeLimitSeconds="10800" --maxNodes="100000"	${WORKSPACE}/experiment-suite/formal-v1/runs/pricing-comparison/pricing-wet060_002_3m-a10-w2367-sc0-time_indexed_sri	seed-wet060_002_3m-a10-w2367-sc0	pricing-comparison
seed-wet060_003_3m-a1-w0-sc0	HEU.FormalExperimentRunner	--action="seed" --runId="seed-wet060_003_3m-a1-w0-sc0" --instance="${WORKSPACE}/data/60-3/wet060_003_3m.dat" --seedFile="${WORKSPACE}/experiment-suite/formal-v1/seeds/wet060_003_3m-a1-w0-sc0.seed" --outputDir="${WORKSPACE}/experiment-suite/formal-v1/runs/seed-wet060_003_3m-a1-w0-sc0" --dueWindowHalfWidth="0" --setupCostCoefficient="0"	${WORKSPACE}/experiment-suite/formal-v1/runs/seed-wet060_003_3m-a1-w0-sc0		seed
pricing-wet060_003_3m-a1-w0-sc0-ng_dssr	HEU.FormalExperimentRunner	--action="solve" --runId="pricing-wet060_003_3m-a1-w0-sc0-ng_dssr" --instance="${WORKSPACE}/data/60-3/wet060_003_3m.dat" --algorithm="NG_DSSR" --outputDir="${WORKSPACE}/experiment-suite/formal-v1/runs/pricing-comparison/pricing-wet060_003_3m-a1-w0-sc0-ng_dssr" --seedFile="${WORKSPACE}/experiment-suite/formal-v1/seeds/wet060_003_3m-a1-w0-sc0.seed" --dueWindowHalfWidth="0" --setupCostCoefficient="0" --outsourcingModel="none" --outsourcingUnitRate="1" --discountStrength="0" --timeLimitSeconds="10800" --maxNodes="100000"	${WORKSPACE}/experiment-suite/formal-v1/runs/pricing-comparison/pricing-wet060_003_3m-a1-w0-sc0-ng_dssr	seed-wet060_003_3m-a1-w0-sc0	pricing-comparison
pricing-wet060_003_3m-a1-w0-sc0-time_indexed	HEU.FormalExperimentRunner	--action="solve" --runId="pricing-wet060_003_3m-a1-w0-sc0-time_indexed" --instance="${WORKSPACE}/data/60-3/wet060_003_3m.dat" --algorithm="TIME_INDEXED" --outputDir="${WORKSPACE}/experiment-suite/formal-v1/runs/pricing-comparison/pricing-wet060_003_3m-a1-w0-sc0-time_indexed" --seedFile="${WORKSPACE}/experiment-suite/formal-v1/seeds/wet060_003_3m-a1-w0-sc0.seed" --dueWindowHalfWidth="0" --setupCostCoefficient="0" --outsourcingModel="none" --outsourcingUnitRate="1" --discountStrength="0" --timeLimitSeconds="10800" --maxNodes="100000"	${WORKSPACE}/experiment-suite/formal-v1/runs/pricing-comparison/pricing-wet060_003_3m-a1-w0-sc0-time_indexed	seed-wet060_003_3m-a1-w0-sc0	pricing-comparison
pricing-wet060_003_3m-a1-w0-sc0-time_indexed_sri	HEU.FormalExperimentRunner	--action="solve" --runId="pricing-wet060_003_3m-a1-w0-sc0-time_indexed_sri" --instance="${WORKSPACE}/data/60-3/wet060_003_3m.dat" --algorithm="TIME_INDEXED_SRI" --outputDir="${WORKSPACE}/experiment-suite/formal-v1/runs/pricing-comparison/pricing-wet060_003_3m-a1-w0-sc0-time_indexed_sri" --seedFile="${WORKSPACE}/experiment-suite/formal-v1/seeds/wet060_003_3m-a1-w0-sc0.seed" --dueWindowHalfWidth="0" --setupCostCoefficient="0" --outsourcingModel="none" --outsourcingUnitRate="1" --discountStrength="0" --timeLimitSeconds="10800" --maxNodes="100000"	${WORKSPACE}/experiment-suite/formal-v1/runs/pricing-comparison/pricing-wet060_003_3m-a1-w0-sc0-time_indexed_sri	seed-wet060_003_3m-a1-w0-sc0	pricing-comparison
seed-wet060_003_3m-a1-w75-sc0	HEU.FormalExperimentRunner	--action="seed" --runId="seed-wet060_003_3m-a1-w75-sc0" --instance="${WORKSPACE}/data/60-3/wet060_003_3m.dat" --seedFile="${WORKSPACE}/experiment-suite/formal-v1/seeds/wet060_003_3m-a1-w75-sc0.seed" --outputDir="${WORKSPACE}/experiment-suite/formal-v1/runs/seed-wet060_003_3m-a1-w75-sc0" --dueWindowHalfWidth="75" --setupCostCoefficient="0"	${WORKSPACE}/experiment-suite/formal-v1/runs/seed-wet060_003_3m-a1-w75-sc0		seed
pricing-wet060_003_3m-a1-w75-sc0-ng_dssr	HEU.FormalExperimentRunner	--action="solve" --runId="pricing-wet060_003_3m-a1-w75-sc0-ng_dssr" --instance="${WORKSPACE}/data/60-3/wet060_003_3m.dat" --algorithm="NG_DSSR" --outputDir="${WORKSPACE}/experiment-suite/formal-v1/runs/pricing-comparison/pricing-wet060_003_3m-a1-w75-sc0-ng_dssr" --seedFile="${WORKSPACE}/experiment-suite/formal-v1/seeds/wet060_003_3m-a1-w75-sc0.seed" --dueWindowHalfWidth="75" --setupCostCoefficient="0" --outsourcingModel="none" --outsourcingUnitRate="1" --discountStrength="0" --timeLimitSeconds="10800" --maxNodes="100000"	${WORKSPACE}/experiment-suite/formal-v1/runs/pricing-comparison/pricing-wet060_003_3m-a1-w75-sc0-ng_dssr	seed-wet060_003_3m-a1-w75-sc0	pricing-comparison
pricing-wet060_003_3m-a1-w75-sc0-time_indexed	HEU.FormalExperimentRunner	--action="solve" --runId="pricing-wet060_003_3m-a1-w75-sc0-time_indexed" --instance="${WORKSPACE}/data/60-3/wet060_003_3m.dat" --algorithm="TIME_INDEXED" --outputDir="${WORKSPACE}/experiment-suite/formal-v1/runs/pricing-comparison/pricing-wet060_003_3m-a1-w75-sc0-time_indexed" --seedFile="${WORKSPACE}/experiment-suite/formal-v1/seeds/wet060_003_3m-a1-w75-sc0.seed" --dueWindowHalfWidth="75" --setupCostCoefficient="0" --outsourcingModel="none" --outsourcingUnitRate="1" --discountStrength="0" --timeLimitSeconds="10800" --maxNodes="100000"	${WORKSPACE}/experiment-suite/formal-v1/runs/pricing-comparison/pricing-wet060_003_3m-a1-w75-sc0-time_indexed	seed-wet060_003_3m-a1-w75-sc0	pricing-comparison
pricing-wet060_003_3m-a1-w75-sc0-time_indexed_sri	HEU.FormalExperimentRunner	--action="solve" --runId="pricing-wet060_003_3m-a1-w75-sc0-time_indexed_sri" --instance="${WORKSPACE}/data/60-3/wet060_003_3m.dat" --algorithm="TIME_INDEXED_SRI" --outputDir="${WORKSPACE}/experiment-suite/formal-v1/runs/pricing-comparison/pricing-wet060_003_3m-a1-w75-sc0-time_indexed_sri" --seedFile="${WORKSPACE}/experiment-suite/formal-v1/seeds/wet060_003_3m-a1-w75-sc0.seed" --dueWindowHalfWidth="75" --setupCostCoefficient="0" --outsourcingModel="none" --outsourcingUnitRate="1" --discountStrength="0" --timeLimitSeconds="10800" --maxNodes="100000"	${WORKSPACE}/experiment-suite/formal-v1/runs/pricing-comparison/pricing-wet060_003_3m-a1-w75-sc0-time_indexed_sri	seed-wet060_003_3m-a1-w75-sc0	pricing-comparison
seed-wet060_003_3m-a1-w224-sc0	HEU.FormalExperimentRunner	--action="seed" --runId="seed-wet060_003_3m-a1-w224-sc0" --instance="${WORKSPACE}/data/60-3/wet060_003_3m.dat" --seedFile="${WORKSPACE}/experiment-suite/formal-v1/seeds/wet060_003_3m-a1-w224-sc0.seed" --outputDir="${WORKSPACE}/experiment-suite/formal-v1/runs/seed-wet060_003_3m-a1-w224-sc0" --dueWindowHalfWidth="224" --setupCostCoefficient="0"	${WORKSPACE}/experiment-suite/formal-v1/runs/seed-wet060_003_3m-a1-w224-sc0		seed
pricing-wet060_003_3m-a1-w224-sc0-ng_dssr	HEU.FormalExperimentRunner	--action="solve" --runId="pricing-wet060_003_3m-a1-w224-sc0-ng_dssr" --instance="${WORKSPACE}/data/60-3/wet060_003_3m.dat" --algorithm="NG_DSSR" --outputDir="${WORKSPACE}/experiment-suite/formal-v1/runs/pricing-comparison/pricing-wet060_003_3m-a1-w224-sc0-ng_dssr" --seedFile="${WORKSPACE}/experiment-suite/formal-v1/seeds/wet060_003_3m-a1-w224-sc0.seed" --dueWindowHalfWidth="224" --setupCostCoefficient="0" --outsourcingModel="none" --outsourcingUnitRate="1" --discountStrength="0" --timeLimitSeconds="10800" --maxNodes="100000"	${WORKSPACE}/experiment-suite/formal-v1/runs/pricing-comparison/pricing-wet060_003_3m-a1-w224-sc0-ng_dssr	seed-wet060_003_3m-a1-w224-sc0	pricing-comparison
pricing-wet060_003_3m-a1-w224-sc0-time_indexed	HEU.FormalExperimentRunner	--action="solve" --runId="pricing-wet060_003_3m-a1-w224-sc0-time_indexed" --instance="${WORKSPACE}/data/60-3/wet060_003_3m.dat" --algorithm="TIME_INDEXED" --outputDir="${WORKSPACE}/experiment-suite/formal-v1/runs/pricing-comparison/pricing-wet060_003_3m-a1-w224-sc0-time_indexed" --seedFile="${WORKSPACE}/experiment-suite/formal-v1/seeds/wet060_003_3m-a1-w224-sc0.seed" --dueWindowHalfWidth="224" --setupCostCoefficient="0" --outsourcingModel="none" --outsourcingUnitRate="1" --discountStrength="0" --timeLimitSeconds="10800" --maxNodes="100000"	${WORKSPACE}/experiment-suite/formal-v1/runs/pricing-comparison/pricing-wet060_003_3m-a1-w224-sc0-time_indexed	seed-wet060_003_3m-a1-w224-sc0	pricing-comparison
pricing-wet060_003_3m-a1-w224-sc0-time_indexed_sri	HEU.FormalExperimentRunner	--action="solve" --runId="pricing-wet060_003_3m-a1-w224-sc0-time_indexed_sri" --instance="${WORKSPACE}/data/60-3/wet060_003_3m.dat" --algorithm="TIME_INDEXED_SRI" --outputDir="${WORKSPACE}/experiment-suite/formal-v1/runs/pricing-comparison/pricing-wet060_003_3m-a1-w224-sc0-time_indexed_sri" --seedFile="${WORKSPACE}/experiment-suite/formal-v1/seeds/wet060_003_3m-a1-w224-sc0.seed" --dueWindowHalfWidth="224" --setupCostCoefficient="0" --outsourcingModel="none" --outsourcingUnitRate="1" --discountStrength="0" --timeLimitSeconds="10800" --maxNodes="100000"	${WORKSPACE}/experiment-suite/formal-v1/runs/pricing-comparison/pricing-wet060_003_3m-a1-w224-sc0-time_indexed_sri	seed-wet060_003_3m-a1-w224-sc0	pricing-comparison
seed-wet060_003_3m-a5-w0-sc0	HEU.FormalExperimentRunner	--action="seed" --runId="seed-wet060_003_3m-a5-w0-sc0" --instance="${WORKSPACE}/experiment-suite/formal-v1/instances/60-3/wet060_003_3m_timeX5.dat" --seedFile="${WORKSPACE}/experiment-suite/formal-v1/seeds/wet060_003_3m-a5-w0-sc0.seed" --outputDir="${WORKSPACE}/experiment-suite/formal-v1/runs/seed-wet060_003_3m-a5-w0-sc0" --dueWindowHalfWidth="0" --setupCostCoefficient="0"	${WORKSPACE}/experiment-suite/formal-v1/runs/seed-wet060_003_3m-a5-w0-sc0		seed
pricing-wet060_003_3m-a5-w0-sc0-ng_dssr	HEU.FormalExperimentRunner	--action="solve" --runId="pricing-wet060_003_3m-a5-w0-sc0-ng_dssr" --instance="${WORKSPACE}/experiment-suite/formal-v1/instances/60-3/wet060_003_3m_timeX5.dat" --algorithm="NG_DSSR" --outputDir="${WORKSPACE}/experiment-suite/formal-v1/runs/pricing-comparison/pricing-wet060_003_3m-a5-w0-sc0-ng_dssr" --seedFile="${WORKSPACE}/experiment-suite/formal-v1/seeds/wet060_003_3m-a5-w0-sc0.seed" --dueWindowHalfWidth="0" --setupCostCoefficient="0" --outsourcingModel="none" --outsourcingUnitRate="1" --discountStrength="0" --timeLimitSeconds="10800" --maxNodes="100000"	${WORKSPACE}/experiment-suite/formal-v1/runs/pricing-comparison/pricing-wet060_003_3m-a5-w0-sc0-ng_dssr	seed-wet060_003_3m-a5-w0-sc0	pricing-comparison
pricing-wet060_003_3m-a5-w0-sc0-time_indexed	HEU.FormalExperimentRunner	--action="solve" --runId="pricing-wet060_003_3m-a5-w0-sc0-time_indexed" --instance="${WORKSPACE}/experiment-suite/formal-v1/instances/60-3/wet060_003_3m_timeX5.dat" --algorithm="TIME_INDEXED" --outputDir="${WORKSPACE}/experiment-suite/formal-v1/runs/pricing-comparison/pricing-wet060_003_3m-a5-w0-sc0-time_indexed" --seedFile="${WORKSPACE}/experiment-suite/formal-v1/seeds/wet060_003_3m-a5-w0-sc0.seed" --dueWindowHalfWidth="0" --setupCostCoefficient="0" --outsourcingModel="none" --outsourcingUnitRate="1" --discountStrength="0" --timeLimitSeconds="10800" --maxNodes="100000"	${WORKSPACE}/experiment-suite/formal-v1/runs/pricing-comparison/pricing-wet060_003_3m-a5-w0-sc0-time_indexed	seed-wet060_003_3m-a5-w0-sc0	pricing-comparison
pricing-wet060_003_3m-a5-w0-sc0-time_indexed_sri	HEU.FormalExperimentRunner	--action="solve" --runId="pricing-wet060_003_3m-a5-w0-sc0-time_indexed_sri" --instance="${WORKSPACE}/experiment-suite/formal-v1/instances/60-3/wet060_003_3m_timeX5.dat" --algorithm="TIME_INDEXED_SRI" --outputDir="${WORKSPACE}/experiment-suite/formal-v1/runs/pricing-comparison/pricing-wet060_003_3m-a5-w0-sc0-time_indexed_sri" --seedFile="${WORKSPACE}/experiment-suite/formal-v1/seeds/wet060_003_3m-a5-w0-sc0.seed" --dueWindowHalfWidth="0" --setupCostCoefficient="0" --outsourcingModel="none" --outsourcingUnitRate="1" --discountStrength="0" --timeLimitSeconds="10800" --maxNodes="100000"	${WORKSPACE}/experiment-suite/formal-v1/runs/pricing-comparison/pricing-wet060_003_3m-a5-w0-sc0-time_indexed_sri	seed-wet060_003_3m-a5-w0-sc0	pricing-comparison
seed-wet060_003_3m-a5-w373-sc0	HEU.FormalExperimentRunner	--action="seed" --runId="seed-wet060_003_3m-a5-w373-sc0" --instance="${WORKSPACE}/experiment-suite/formal-v1/instances/60-3/wet060_003_3m_timeX5.dat" --seedFile="${WORKSPACE}/experiment-suite/formal-v1/seeds/wet060_003_3m-a5-w373-sc0.seed" --outputDir="${WORKSPACE}/experiment-suite/formal-v1/runs/seed-wet060_003_3m-a5-w373-sc0" --dueWindowHalfWidth="373" --setupCostCoefficient="0"	${WORKSPACE}/experiment-suite/formal-v1/runs/seed-wet060_003_3m-a5-w373-sc0		seed
pricing-wet060_003_3m-a5-w373-sc0-ng_dssr	HEU.FormalExperimentRunner	--action="solve" --runId="pricing-wet060_003_3m-a5-w373-sc0-ng_dssr" --instance="${WORKSPACE}/experiment-suite/formal-v1/instances/60-3/wet060_003_3m_timeX5.dat" --algorithm="NG_DSSR" --outputDir="${WORKSPACE}/experiment-suite/formal-v1/runs/pricing-comparison/pricing-wet060_003_3m-a5-w373-sc0-ng_dssr" --seedFile="${WORKSPACE}/experiment-suite/formal-v1/seeds/wet060_003_3m-a5-w373-sc0.seed" --dueWindowHalfWidth="373" --setupCostCoefficient="0" --outsourcingModel="none" --outsourcingUnitRate="1" --discountStrength="0" --timeLimitSeconds="10800" --maxNodes="100000"	${WORKSPACE}/experiment-suite/formal-v1/runs/pricing-comparison/pricing-wet060_003_3m-a5-w373-sc0-ng_dssr	seed-wet060_003_3m-a5-w373-sc0	pricing-comparison
pricing-wet060_003_3m-a5-w373-sc0-time_indexed	HEU.FormalExperimentRunner	--action="solve" --runId="pricing-wet060_003_3m-a5-w373-sc0-time_indexed" --instance="${WORKSPACE}/experiment-suite/formal-v1/instances/60-3/wet060_003_3m_timeX5.dat" --algorithm="TIME_INDEXED" --outputDir="${WORKSPACE}/experiment-suite/formal-v1/runs/pricing-comparison/pricing-wet060_003_3m-a5-w373-sc0-time_indexed" --seedFile="${WORKSPACE}/experiment-suite/formal-v1/seeds/wet060_003_3m-a5-w373-sc0.seed" --dueWindowHalfWidth="373" --setupCostCoefficient="0" --outsourcingModel="none" --outsourcingUnitRate="1" --discountStrength="0" --timeLimitSeconds="10800" --maxNodes="100000"	${WORKSPACE}/experiment-suite/formal-v1/runs/pricing-comparison/pricing-wet060_003_3m-a5-w373-sc0-time_indexed	seed-wet060_003_3m-a5-w373-sc0	pricing-comparison
pricing-wet060_003_3m-a5-w373-sc0-time_indexed_sri	HEU.FormalExperimentRunner	--action="solve" --runId="pricing-wet060_003_3m-a5-w373-sc0-time_indexed_sri" --instance="${WORKSPACE}/experiment-suite/formal-v1/instances/60-3/wet060_003_3m_timeX5.dat" --algorithm="TIME_INDEXED_SRI" --outputDir="${WORKSPACE}/experiment-suite/formal-v1/runs/pricing-comparison/pricing-wet060_003_3m-a5-w373-sc0-time_indexed_sri" --seedFile="${WORKSPACE}/experiment-suite/formal-v1/seeds/wet060_003_3m-a5-w373-sc0.seed" --dueWindowHalfWidth="373" --setupCostCoefficient="0" --outsourcingModel="none" --outsourcingUnitRate="1" --discountStrength="0" --timeLimitSeconds="10800" --maxNodes="100000"	${WORKSPACE}/experiment-suite/formal-v1/runs/pricing-comparison/pricing-wet060_003_3m-a5-w373-sc0-time_indexed_sri	seed-wet060_003_3m-a5-w373-sc0	pricing-comparison
seed-wet060_003_3m-a5-w1118-sc0	HEU.FormalExperimentRunner	--action="seed" --runId="seed-wet060_003_3m-a5-w1118-sc0" --instance="${WORKSPACE}/experiment-suite/formal-v1/instances/60-3/wet060_003_3m_timeX5.dat" --seedFile="${WORKSPACE}/experiment-suite/formal-v1/seeds/wet060_003_3m-a5-w1118-sc0.seed" --outputDir="${WORKSPACE}/experiment-suite/formal-v1/runs/seed-wet060_003_3m-a5-w1118-sc0" --dueWindowHalfWidth="1118" --setupCostCoefficient="0"	${WORKSPACE}/experiment-suite/formal-v1/runs/seed-wet060_003_3m-a5-w1118-sc0		seed
pricing-wet060_003_3m-a5-w1118-sc0-ng_dssr	HEU.FormalExperimentRunner	--action="solve" --runId="pricing-wet060_003_3m-a5-w1118-sc0-ng_dssr" --instance="${WORKSPACE}/experiment-suite/formal-v1/instances/60-3/wet060_003_3m_timeX5.dat" --algorithm="NG_DSSR" --outputDir="${WORKSPACE}/experiment-suite/formal-v1/runs/pricing-comparison/pricing-wet060_003_3m-a5-w1118-sc0-ng_dssr" --seedFile="${WORKSPACE}/experiment-suite/formal-v1/seeds/wet060_003_3m-a5-w1118-sc0.seed" --dueWindowHalfWidth="1118" --setupCostCoefficient="0" --outsourcingModel="none" --outsourcingUnitRate="1" --discountStrength="0" --timeLimitSeconds="10800" --maxNodes="100000"	${WORKSPACE}/experiment-suite/formal-v1/runs/pricing-comparison/pricing-wet060_003_3m-a5-w1118-sc0-ng_dssr	seed-wet060_003_3m-a5-w1118-sc0	pricing-comparison
pricing-wet060_003_3m-a5-w1118-sc0-time_indexed	HEU.FormalExperimentRunner	--action="solve" --runId="pricing-wet060_003_3m-a5-w1118-sc0-time_indexed" --instance="${WORKSPACE}/experiment-suite/formal-v1/instances/60-3/wet060_003_3m_timeX5.dat" --algorithm="TIME_INDEXED" --outputDir="${WORKSPACE}/experiment-suite/formal-v1/runs/pricing-comparison/pricing-wet060_003_3m-a5-w1118-sc0-time_indexed" --seedFile="${WORKSPACE}/experiment-suite/formal-v1/seeds/wet060_003_3m-a5-w1118-sc0.seed" --dueWindowHalfWidth="1118" --setupCostCoefficient="0" --outsourcingModel="none" --outsourcingUnitRate="1" --discountStrength="0" --timeLimitSeconds="10800" --maxNodes="100000"	${WORKSPACE}/experiment-suite/formal-v1/runs/pricing-comparison/pricing-wet060_003_3m-a5-w1118-sc0-time_indexed	seed-wet060_003_3m-a5-w1118-sc0	pricing-comparison
pricing-wet060_003_3m-a5-w1118-sc0-time_indexed_sri	HEU.FormalExperimentRunner	--action="solve" --runId="pricing-wet060_003_3m-a5-w1118-sc0-time_indexed_sri" --instance="${WORKSPACE}/experiment-suite/formal-v1/instances/60-3/wet060_003_3m_timeX5.dat" --algorithm="TIME_INDEXED_SRI" --outputDir="${WORKSPACE}/experiment-suite/formal-v1/runs/pricing-comparison/pricing-wet060_003_3m-a5-w1118-sc0-time_indexed_sri" --seedFile="${WORKSPACE}/experiment-suite/formal-v1/seeds/wet060_003_3m-a5-w1118-sc0.seed" --dueWindowHalfWidth="1118" --setupCostCoefficient="0" --outsourcingModel="none" --outsourcingUnitRate="1" --discountStrength="0" --timeLimitSeconds="10800" --maxNodes="100000"	${WORKSPACE}/experiment-suite/formal-v1/runs/pricing-comparison/pricing-wet060_003_3m-a5-w1118-sc0-time_indexed_sri	seed-wet060_003_3m-a5-w1118-sc0	pricing-comparison
seed-wet060_003_3m-a10-w0-sc0	HEU.FormalExperimentRunner	--action="seed" --runId="seed-wet060_003_3m-a10-w0-sc0" --instance="${WORKSPACE}/experiment-suite/formal-v1/instances/60-3/wet060_003_3m_timeX10.dat" --seedFile="${WORKSPACE}/experiment-suite/formal-v1/seeds/wet060_003_3m-a10-w0-sc0.seed" --outputDir="${WORKSPACE}/experiment-suite/formal-v1/runs/seed-wet060_003_3m-a10-w0-sc0" --dueWindowHalfWidth="0" --setupCostCoefficient="0"	${WORKSPACE}/experiment-suite/formal-v1/runs/seed-wet060_003_3m-a10-w0-sc0		seed
pricing-wet060_003_3m-a10-w0-sc0-ng_dssr	HEU.FormalExperimentRunner	--action="solve" --runId="pricing-wet060_003_3m-a10-w0-sc0-ng_dssr" --instance="${WORKSPACE}/experiment-suite/formal-v1/instances/60-3/wet060_003_3m_timeX10.dat" --algorithm="NG_DSSR" --outputDir="${WORKSPACE}/experiment-suite/formal-v1/runs/pricing-comparison/pricing-wet060_003_3m-a10-w0-sc0-ng_dssr" --seedFile="${WORKSPACE}/experiment-suite/formal-v1/seeds/wet060_003_3m-a10-w0-sc0.seed" --dueWindowHalfWidth="0" --setupCostCoefficient="0" --outsourcingModel="none" --outsourcingUnitRate="1" --discountStrength="0" --timeLimitSeconds="10800" --maxNodes="100000"	${WORKSPACE}/experiment-suite/formal-v1/runs/pricing-comparison/pricing-wet060_003_3m-a10-w0-sc0-ng_dssr	seed-wet060_003_3m-a10-w0-sc0	pricing-comparison
pricing-wet060_003_3m-a10-w0-sc0-time_indexed	HEU.FormalExperimentRunner	--action="solve" --runId="pricing-wet060_003_3m-a10-w0-sc0-time_indexed" --instance="${WORKSPACE}/experiment-suite/formal-v1/instances/60-3/wet060_003_3m_timeX10.dat" --algorithm="TIME_INDEXED" --outputDir="${WORKSPACE}/experiment-suite/formal-v1/runs/pricing-comparison/pricing-wet060_003_3m-a10-w0-sc0-time_indexed" --seedFile="${WORKSPACE}/experiment-suite/formal-v1/seeds/wet060_003_3m-a10-w0-sc0.seed" --dueWindowHalfWidth="0" --setupCostCoefficient="0" --outsourcingModel="none" --outsourcingUnitRate="1" --discountStrength="0" --timeLimitSeconds="10800" --maxNodes="100000"	${WORKSPACE}/experiment-suite/formal-v1/runs/pricing-comparison/pricing-wet060_003_3m-a10-w0-sc0-time_indexed	seed-wet060_003_3m-a10-w0-sc0	pricing-comparison
pricing-wet060_003_3m-a10-w0-sc0-time_indexed_sri	HEU.FormalExperimentRunner	--action="solve" --runId="pricing-wet060_003_3m-a10-w0-sc0-time_indexed_sri" --instance="${WORKSPACE}/experiment-suite/formal-v1/instances/60-3/wet060_003_3m_timeX10.dat" --algorithm="TIME_INDEXED_SRI" --outputDir="${WORKSPACE}/experiment-suite/formal-v1/runs/pricing-comparison/pricing-wet060_003_3m-a10-w0-sc0-time_indexed_sri" --seedFile="${WORKSPACE}/experiment-suite/formal-v1/seeds/wet060_003_3m-a10-w0-sc0.seed" --dueWindowHalfWidth="0" --setupCostCoefficient="0" --outsourcingModel="none" --outsourcingUnitRate="1" --discountStrength="0" --timeLimitSeconds="10800" --maxNodes="100000"	${WORKSPACE}/experiment-suite/formal-v1/runs/pricing-comparison/pricing-wet060_003_3m-a10-w0-sc0-time_indexed_sri	seed-wet060_003_3m-a10-w0-sc0	pricing-comparison
seed-wet060_003_3m-a10-w745-sc0	HEU.FormalExperimentRunner	--action="seed" --runId="seed-wet060_003_3m-a10-w745-sc0" --instance="${WORKSPACE}/experiment-suite/formal-v1/instances/60-3/wet060_003_3m_timeX10.dat" --seedFile="${WORKSPACE}/experiment-suite/formal-v1/seeds/wet060_003_3m-a10-w745-sc0.seed" --outputDir="${WORKSPACE}/experiment-suite/formal-v1/runs/seed-wet060_003_3m-a10-w745-sc0" --dueWindowHalfWidth="745" --setupCostCoefficient="0"	${WORKSPACE}/experiment-suite/formal-v1/runs/seed-wet060_003_3m-a10-w745-sc0		seed
pricing-wet060_003_3m-a10-w745-sc0-ng_dssr	HEU.FormalExperimentRunner	--action="solve" --runId="pricing-wet060_003_3m-a10-w745-sc0-ng_dssr" --instance="${WORKSPACE}/experiment-suite/formal-v1/instances/60-3/wet060_003_3m_timeX10.dat" --algorithm="NG_DSSR" --outputDir="${WORKSPACE}/experiment-suite/formal-v1/runs/pricing-comparison/pricing-wet060_003_3m-a10-w745-sc0-ng_dssr" --seedFile="${WORKSPACE}/experiment-suite/formal-v1/seeds/wet060_003_3m-a10-w745-sc0.seed" --dueWindowHalfWidth="745" --setupCostCoefficient="0" --outsourcingModel="none" --outsourcingUnitRate="1" --discountStrength="0" --timeLimitSeconds="10800" --maxNodes="100000"	${WORKSPACE}/experiment-suite/formal-v1/runs/pricing-comparison/pricing-wet060_003_3m-a10-w745-sc0-ng_dssr	seed-wet060_003_3m-a10-w745-sc0	pricing-comparison
pricing-wet060_003_3m-a10-w745-sc0-time_indexed	HEU.FormalExperimentRunner	--action="solve" --runId="pricing-wet060_003_3m-a10-w745-sc0-time_indexed" --instance="${WORKSPACE}/experiment-suite/formal-v1/instances/60-3/wet060_003_3m_timeX10.dat" --algorithm="TIME_INDEXED" --outputDir="${WORKSPACE}/experiment-suite/formal-v1/runs/pricing-comparison/pricing-wet060_003_3m-a10-w745-sc0-time_indexed" --seedFile="${WORKSPACE}/experiment-suite/formal-v1/seeds/wet060_003_3m-a10-w745-sc0.seed" --dueWindowHalfWidth="745" --setupCostCoefficient="0" --outsourcingModel="none" --outsourcingUnitRate="1" --discountStrength="0" --timeLimitSeconds="10800" --maxNodes="100000"	${WORKSPACE}/experiment-suite/formal-v1/runs/pricing-comparison/pricing-wet060_003_3m-a10-w745-sc0-time_indexed	seed-wet060_003_3m-a10-w745-sc0	pricing-comparison
pricing-wet060_003_3m-a10-w745-sc0-time_indexed_sri	HEU.FormalExperimentRunner	--action="solve" --runId="pricing-wet060_003_3m-a10-w745-sc0-time_indexed_sri" --instance="${WORKSPACE}/experiment-suite/formal-v1/instances/60-3/wet060_003_3m_timeX10.dat" --algorithm="TIME_INDEXED_SRI" --outputDir="${WORKSPACE}/experiment-suite/formal-v1/runs/pricing-comparison/pricing-wet060_003_3m-a10-w745-sc0-time_indexed_sri" --seedFile="${WORKSPACE}/experiment-suite/formal-v1/seeds/wet060_003_3m-a10-w745-sc0.seed" --dueWindowHalfWidth="745" --setupCostCoefficient="0" --outsourcingModel="none" --outsourcingUnitRate="1" --discountStrength="0" --timeLimitSeconds="10800" --maxNodes="100000"	${WORKSPACE}/experiment-suite/formal-v1/runs/pricing-comparison/pricing-wet060_003_3m-a10-w745-sc0-time_indexed_sri	seed-wet060_003_3m-a10-w745-sc0	pricing-comparison
seed-wet060_003_3m-a10-w2236-sc0	HEU.FormalExperimentRunner	--action="seed" --runId="seed-wet060_003_3m-a10-w2236-sc0" --instance="${WORKSPACE}/experiment-suite/formal-v1/instances/60-3/wet060_003_3m_timeX10.dat" --seedFile="${WORKSPACE}/experiment-suite/formal-v1/seeds/wet060_003_3m-a10-w2236-sc0.seed" --outputDir="${WORKSPACE}/experiment-suite/formal-v1/runs/seed-wet060_003_3m-a10-w2236-sc0" --dueWindowHalfWidth="2236" --setupCostCoefficient="0"	${WORKSPACE}/experiment-suite/formal-v1/runs/seed-wet060_003_3m-a10-w2236-sc0		seed
pricing-wet060_003_3m-a10-w2236-sc0-ng_dssr	HEU.FormalExperimentRunner	--action="solve" --runId="pricing-wet060_003_3m-a10-w2236-sc0-ng_dssr" --instance="${WORKSPACE}/experiment-suite/formal-v1/instances/60-3/wet060_003_3m_timeX10.dat" --algorithm="NG_DSSR" --outputDir="${WORKSPACE}/experiment-suite/formal-v1/runs/pricing-comparison/pricing-wet060_003_3m-a10-w2236-sc0-ng_dssr" --seedFile="${WORKSPACE}/experiment-suite/formal-v1/seeds/wet060_003_3m-a10-w2236-sc0.seed" --dueWindowHalfWidth="2236" --setupCostCoefficient="0" --outsourcingModel="none" --outsourcingUnitRate="1" --discountStrength="0" --timeLimitSeconds="10800" --maxNodes="100000"	${WORKSPACE}/experiment-suite/formal-v1/runs/pricing-comparison/pricing-wet060_003_3m-a10-w2236-sc0-ng_dssr	seed-wet060_003_3m-a10-w2236-sc0	pricing-comparison
pricing-wet060_003_3m-a10-w2236-sc0-time_indexed	HEU.FormalExperimentRunner	--action="solve" --runId="pricing-wet060_003_3m-a10-w2236-sc0-time_indexed" --instance="${WORKSPACE}/experiment-suite/formal-v1/instances/60-3/wet060_003_3m_timeX10.dat" --algorithm="TIME_INDEXED" --outputDir="${WORKSPACE}/experiment-suite/formal-v1/runs/pricing-comparison/pricing-wet060_003_3m-a10-w2236-sc0-time_indexed" --seedFile="${WORKSPACE}/experiment-suite/formal-v1/seeds/wet060_003_3m-a10-w2236-sc0.seed" --dueWindowHalfWidth="2236" --setupCostCoefficient="0" --outsourcingModel="none" --outsourcingUnitRate="1" --discountStrength="0" --timeLimitSeconds="10800" --maxNodes="100000"	${WORKSPACE}/experiment-suite/formal-v1/runs/pricing-comparison/pricing-wet060_003_3m-a10-w2236-sc0-time_indexed	seed-wet060_003_3m-a10-w2236-sc0	pricing-comparison
pricing-wet060_003_3m-a10-w2236-sc0-time_indexed_sri	HEU.FormalExperimentRunner	--action="solve" --runId="pricing-wet060_003_3m-a10-w2236-sc0-time_indexed_sri" --instance="${WORKSPACE}/experiment-suite/formal-v1/instances/60-3/wet060_003_3m_timeX10.dat" --algorithm="TIME_INDEXED_SRI" --outputDir="${WORKSPACE}/experiment-suite/formal-v1/runs/pricing-comparison/pricing-wet060_003_3m-a10-w2236-sc0-time_indexed_sri" --seedFile="${WORKSPACE}/experiment-suite/formal-v1/seeds/wet060_003_3m-a10-w2236-sc0.seed" --dueWindowHalfWidth="2236" --setupCostCoefficient="0" --outsourcingModel="none" --outsourcingUnitRate="1" --discountStrength="0" --timeLimitSeconds="10800" --maxNodes="100000"	${WORKSPACE}/experiment-suite/formal-v1/runs/pricing-comparison/pricing-wet060_003_3m-a10-w2236-sc0-time_indexed_sri	seed-wet060_003_3m-a10-w2236-sc0	pricing-comparison
seed-wet060_001_4m-a1-w0-sc0	HEU.FormalExperimentRunner	--action="seed" --runId="seed-wet060_001_4m-a1-w0-sc0" --instance="${WORKSPACE}/data/60-4/wet060_001_4m.dat" --seedFile="${WORKSPACE}/experiment-suite/formal-v1/seeds/wet060_001_4m-a1-w0-sc0.seed" --outputDir="${WORKSPACE}/experiment-suite/formal-v1/runs/seed-wet060_001_4m-a1-w0-sc0" --dueWindowHalfWidth="0" --setupCostCoefficient="0"	${WORKSPACE}/experiment-suite/formal-v1/runs/seed-wet060_001_4m-a1-w0-sc0		seed
pricing-wet060_001_4m-a1-w0-sc0-ng_dssr	HEU.FormalExperimentRunner	--action="solve" --runId="pricing-wet060_001_4m-a1-w0-sc0-ng_dssr" --instance="${WORKSPACE}/data/60-4/wet060_001_4m.dat" --algorithm="NG_DSSR" --outputDir="${WORKSPACE}/experiment-suite/formal-v1/runs/pricing-comparison/pricing-wet060_001_4m-a1-w0-sc0-ng_dssr" --seedFile="${WORKSPACE}/experiment-suite/formal-v1/seeds/wet060_001_4m-a1-w0-sc0.seed" --dueWindowHalfWidth="0" --setupCostCoefficient="0" --outsourcingModel="none" --outsourcingUnitRate="1" --discountStrength="0" --timeLimitSeconds="10800" --maxNodes="100000"	${WORKSPACE}/experiment-suite/formal-v1/runs/pricing-comparison/pricing-wet060_001_4m-a1-w0-sc0-ng_dssr	seed-wet060_001_4m-a1-w0-sc0	pricing-comparison
pricing-wet060_001_4m-a1-w0-sc0-time_indexed	HEU.FormalExperimentRunner	--action="solve" --runId="pricing-wet060_001_4m-a1-w0-sc0-time_indexed" --instance="${WORKSPACE}/data/60-4/wet060_001_4m.dat" --algorithm="TIME_INDEXED" --outputDir="${WORKSPACE}/experiment-suite/formal-v1/runs/pricing-comparison/pricing-wet060_001_4m-a1-w0-sc0-time_indexed" --seedFile="${WORKSPACE}/experiment-suite/formal-v1/seeds/wet060_001_4m-a1-w0-sc0.seed" --dueWindowHalfWidth="0" --setupCostCoefficient="0" --outsourcingModel="none" --outsourcingUnitRate="1" --discountStrength="0" --timeLimitSeconds="10800" --maxNodes="100000"	${WORKSPACE}/experiment-suite/formal-v1/runs/pricing-comparison/pricing-wet060_001_4m-a1-w0-sc0-time_indexed	seed-wet060_001_4m-a1-w0-sc0	pricing-comparison
pricing-wet060_001_4m-a1-w0-sc0-time_indexed_sri	HEU.FormalExperimentRunner	--action="solve" --runId="pricing-wet060_001_4m-a1-w0-sc0-time_indexed_sri" --instance="${WORKSPACE}/data/60-4/wet060_001_4m.dat" --algorithm="TIME_INDEXED_SRI" --outputDir="${WORKSPACE}/experiment-suite/formal-v1/runs/pricing-comparison/pricing-wet060_001_4m-a1-w0-sc0-time_indexed_sri" --seedFile="${WORKSPACE}/experiment-suite/formal-v1/seeds/wet060_001_4m-a1-w0-sc0.seed" --dueWindowHalfWidth="0" --setupCostCoefficient="0" --outsourcingModel="none" --outsourcingUnitRate="1" --discountStrength="0" --timeLimitSeconds="10800" --maxNodes="100000"	${WORKSPACE}/experiment-suite/formal-v1/runs/pricing-comparison/pricing-wet060_001_4m-a1-w0-sc0-time_indexed_sri	seed-wet060_001_4m-a1-w0-sc0	pricing-comparison
seed-wet060_001_4m-a1-w81-sc0	HEU.FormalExperimentRunner	--action="seed" --runId="seed-wet060_001_4m-a1-w81-sc0" --instance="${WORKSPACE}/data/60-4/wet060_001_4m.dat" --seedFile="${WORKSPACE}/experiment-suite/formal-v1/seeds/wet060_001_4m-a1-w81-sc0.seed" --outputDir="${WORKSPACE}/experiment-suite/formal-v1/runs/seed-wet060_001_4m-a1-w81-sc0" --dueWindowHalfWidth="81" --setupCostCoefficient="0"	${WORKSPACE}/experiment-suite/formal-v1/runs/seed-wet060_001_4m-a1-w81-sc0		seed
pricing-wet060_001_4m-a1-w81-sc0-ng_dssr	HEU.FormalExperimentRunner	--action="solve" --runId="pricing-wet060_001_4m-a1-w81-sc0-ng_dssr" --instance="${WORKSPACE}/data/60-4/wet060_001_4m.dat" --algorithm="NG_DSSR" --outputDir="${WORKSPACE}/experiment-suite/formal-v1/runs/pricing-comparison/pricing-wet060_001_4m-a1-w81-sc0-ng_dssr" --seedFile="${WORKSPACE}/experiment-suite/formal-v1/seeds/wet060_001_4m-a1-w81-sc0.seed" --dueWindowHalfWidth="81" --setupCostCoefficient="0" --outsourcingModel="none" --outsourcingUnitRate="1" --discountStrength="0" --timeLimitSeconds="10800" --maxNodes="100000"	${WORKSPACE}/experiment-suite/formal-v1/runs/pricing-comparison/pricing-wet060_001_4m-a1-w81-sc0-ng_dssr	seed-wet060_001_4m-a1-w81-sc0	pricing-comparison
pricing-wet060_001_4m-a1-w81-sc0-time_indexed	HEU.FormalExperimentRunner	--action="solve" --runId="pricing-wet060_001_4m-a1-w81-sc0-time_indexed" --instance="${WORKSPACE}/data/60-4/wet060_001_4m.dat" --algorithm="TIME_INDEXED" --outputDir="${WORKSPACE}/experiment-suite/formal-v1/runs/pricing-comparison/pricing-wet060_001_4m-a1-w81-sc0-time_indexed" --seedFile="${WORKSPACE}/experiment-suite/formal-v1/seeds/wet060_001_4m-a1-w81-sc0.seed" --dueWindowHalfWidth="81" --setupCostCoefficient="0" --outsourcingModel="none" --outsourcingUnitRate="1" --discountStrength="0" --timeLimitSeconds="10800" --maxNodes="100000"	${WORKSPACE}/experiment-suite/formal-v1/runs/pricing-comparison/pricing-wet060_001_4m-a1-w81-sc0-time_indexed	seed-wet060_001_4m-a1-w81-sc0	pricing-comparison
pricing-wet060_001_4m-a1-w81-sc0-time_indexed_sri	HEU.FormalExperimentRunner	--action="solve" --runId="pricing-wet060_001_4m-a1-w81-sc0-time_indexed_sri" --instance="${WORKSPACE}/data/60-4/wet060_001_4m.dat" --algorithm="TIME_INDEXED_SRI" --outputDir="${WORKSPACE}/experiment-suite/formal-v1/runs/pricing-comparison/pricing-wet060_001_4m-a1-w81-sc0-time_indexed_sri" --seedFile="${WORKSPACE}/experiment-suite/formal-v1/seeds/wet060_001_4m-a1-w81-sc0.seed" --dueWindowHalfWidth="81" --setupCostCoefficient="0" --outsourcingModel="none" --outsourcingUnitRate="1" --discountStrength="0" --timeLimitSeconds="10800" --maxNodes="100000"	${WORKSPACE}/experiment-suite/formal-v1/runs/pricing-comparison/pricing-wet060_001_4m-a1-w81-sc0-time_indexed_sri	seed-wet060_001_4m-a1-w81-sc0	pricing-comparison
seed-wet060_001_4m-a1-w243-sc0	HEU.FormalExperimentRunner	--action="seed" --runId="seed-wet060_001_4m-a1-w243-sc0" --instance="${WORKSPACE}/data/60-4/wet060_001_4m.dat" --seedFile="${WORKSPACE}/experiment-suite/formal-v1/seeds/wet060_001_4m-a1-w243-sc0.seed" --outputDir="${WORKSPACE}/experiment-suite/formal-v1/runs/seed-wet060_001_4m-a1-w243-sc0" --dueWindowHalfWidth="243" --setupCostCoefficient="0"	${WORKSPACE}/experiment-suite/formal-v1/runs/seed-wet060_001_4m-a1-w243-sc0		seed
pricing-wet060_001_4m-a1-w243-sc0-ng_dssr	HEU.FormalExperimentRunner	--action="solve" --runId="pricing-wet060_001_4m-a1-w243-sc0-ng_dssr" --instance="${WORKSPACE}/data/60-4/wet060_001_4m.dat" --algorithm="NG_DSSR" --outputDir="${WORKSPACE}/experiment-suite/formal-v1/runs/pricing-comparison/pricing-wet060_001_4m-a1-w243-sc0-ng_dssr" --seedFile="${WORKSPACE}/experiment-suite/formal-v1/seeds/wet060_001_4m-a1-w243-sc0.seed" --dueWindowHalfWidth="243" --setupCostCoefficient="0" --outsourcingModel="none" --outsourcingUnitRate="1" --discountStrength="0" --timeLimitSeconds="10800" --maxNodes="100000"	${WORKSPACE}/experiment-suite/formal-v1/runs/pricing-comparison/pricing-wet060_001_4m-a1-w243-sc0-ng_dssr	seed-wet060_001_4m-a1-w243-sc0	pricing-comparison
pricing-wet060_001_4m-a1-w243-sc0-time_indexed	HEU.FormalExperimentRunner	--action="solve" --runId="pricing-wet060_001_4m-a1-w243-sc0-time_indexed" --instance="${WORKSPACE}/data/60-4/wet060_001_4m.dat" --algorithm="TIME_INDEXED" --outputDir="${WORKSPACE}/experiment-suite/formal-v1/runs/pricing-comparison/pricing-wet060_001_4m-a1-w243-sc0-time_indexed" --seedFile="${WORKSPACE}/experiment-suite/formal-v1/seeds/wet060_001_4m-a1-w243-sc0.seed" --dueWindowHalfWidth="243" --setupCostCoefficient="0" --outsourcingModel="none" --outsourcingUnitRate="1" --discountStrength="0" --timeLimitSeconds="10800" --maxNodes="100000"	${WORKSPACE}/experiment-suite/formal-v1/runs/pricing-comparison/pricing-wet060_001_4m-a1-w243-sc0-time_indexed	seed-wet060_001_4m-a1-w243-sc0	pricing-comparison
pricing-wet060_001_4m-a1-w243-sc0-time_indexed_sri	HEU.FormalExperimentRunner	--action="solve" --runId="pricing-wet060_001_4m-a1-w243-sc0-time_indexed_sri" --instance="${WORKSPACE}/data/60-4/wet060_001_4m.dat" --algorithm="TIME_INDEXED_SRI" --outputDir="${WORKSPACE}/experiment-suite/formal-v1/runs/pricing-comparison/pricing-wet060_001_4m-a1-w243-sc0-time_indexed_sri" --seedFile="${WORKSPACE}/experiment-suite/formal-v1/seeds/wet060_001_4m-a1-w243-sc0.seed" --dueWindowHalfWidth="243" --setupCostCoefficient="0" --outsourcingModel="none" --outsourcingUnitRate="1" --discountStrength="0" --timeLimitSeconds="10800" --maxNodes="100000"	${WORKSPACE}/experiment-suite/formal-v1/runs/pricing-comparison/pricing-wet060_001_4m-a1-w243-sc0-time_indexed_sri	seed-wet060_001_4m-a1-w243-sc0	pricing-comparison
seed-wet060_001_4m-a5-w0-sc0	HEU.FormalExperimentRunner	--action="seed" --runId="seed-wet060_001_4m-a5-w0-sc0" --instance="${WORKSPACE}/experiment-suite/formal-v1/instances/60-4/wet060_001_4m_timeX5.dat" --seedFile="${WORKSPACE}/experiment-suite/formal-v1/seeds/wet060_001_4m-a5-w0-sc0.seed" --outputDir="${WORKSPACE}/experiment-suite/formal-v1/runs/seed-wet060_001_4m-a5-w0-sc0" --dueWindowHalfWidth="0" --setupCostCoefficient="0"	${WORKSPACE}/experiment-suite/formal-v1/runs/seed-wet060_001_4m-a5-w0-sc0		seed
pricing-wet060_001_4m-a5-w0-sc0-ng_dssr	HEU.FormalExperimentRunner	--action="solve" --runId="pricing-wet060_001_4m-a5-w0-sc0-ng_dssr" --instance="${WORKSPACE}/experiment-suite/formal-v1/instances/60-4/wet060_001_4m_timeX5.dat" --algorithm="NG_DSSR" --outputDir="${WORKSPACE}/experiment-suite/formal-v1/runs/pricing-comparison/pricing-wet060_001_4m-a5-w0-sc0-ng_dssr" --seedFile="${WORKSPACE}/experiment-suite/formal-v1/seeds/wet060_001_4m-a5-w0-sc0.seed" --dueWindowHalfWidth="0" --setupCostCoefficient="0" --outsourcingModel="none" --outsourcingUnitRate="1" --discountStrength="0" --timeLimitSeconds="10800" --maxNodes="100000"	${WORKSPACE}/experiment-suite/formal-v1/runs/pricing-comparison/pricing-wet060_001_4m-a5-w0-sc0-ng_dssr	seed-wet060_001_4m-a5-w0-sc0	pricing-comparison
pricing-wet060_001_4m-a5-w0-sc0-time_indexed	HEU.FormalExperimentRunner	--action="solve" --runId="pricing-wet060_001_4m-a5-w0-sc0-time_indexed" --instance="${WORKSPACE}/experiment-suite/formal-v1/instances/60-4/wet060_001_4m_timeX5.dat" --algorithm="TIME_INDEXED" --outputDir="${WORKSPACE}/experiment-suite/formal-v1/runs/pricing-comparison/pricing-wet060_001_4m-a5-w0-sc0-time_indexed" --seedFile="${WORKSPACE}/experiment-suite/formal-v1/seeds/wet060_001_4m-a5-w0-sc0.seed" --dueWindowHalfWidth="0" --setupCostCoefficient="0" --outsourcingModel="none" --outsourcingUnitRate="1" --discountStrength="0" --timeLimitSeconds="10800" --maxNodes="100000"	${WORKSPACE}/experiment-suite/formal-v1/runs/pricing-comparison/pricing-wet060_001_4m-a5-w0-sc0-time_indexed	seed-wet060_001_4m-a5-w0-sc0	pricing-comparison
pricing-wet060_001_4m-a5-w0-sc0-time_indexed_sri	HEU.FormalExperimentRunner	--action="solve" --runId="pricing-wet060_001_4m-a5-w0-sc0-time_indexed_sri" --instance="${WORKSPACE}/experiment-suite/formal-v1/instances/60-4/wet060_001_4m_timeX5.dat" --algorithm="TIME_INDEXED_SRI" --outputDir="${WORKSPACE}/experiment-suite/formal-v1/runs/pricing-comparison/pricing-wet060_001_4m-a5-w0-sc0-time_indexed_sri" --seedFile="${WORKSPACE}/experiment-suite/formal-v1/seeds/wet060_001_4m-a5-w0-sc0.seed" --dueWindowHalfWidth="0" --setupCostCoefficient="0" --outsourcingModel="none" --outsourcingUnitRate="1" --discountStrength="0" --timeLimitSeconds="10800" --maxNodes="100000"	${WORKSPACE}/experiment-suite/formal-v1/runs/pricing-comparison/pricing-wet060_001_4m-a5-w0-sc0-time_indexed_sri	seed-wet060_001_4m-a5-w0-sc0	pricing-comparison
seed-wet060_001_4m-a5-w404-sc0	HEU.FormalExperimentRunner	--action="seed" --runId="seed-wet060_001_4m-a5-w404-sc0" --instance="${WORKSPACE}/experiment-suite/formal-v1/instances/60-4/wet060_001_4m_timeX5.dat" --seedFile="${WORKSPACE}/experiment-suite/formal-v1/seeds/wet060_001_4m-a5-w404-sc0.seed" --outputDir="${WORKSPACE}/experiment-suite/formal-v1/runs/seed-wet060_001_4m-a5-w404-sc0" --dueWindowHalfWidth="404" --setupCostCoefficient="0"	${WORKSPACE}/experiment-suite/formal-v1/runs/seed-wet060_001_4m-a5-w404-sc0		seed
pricing-wet060_001_4m-a5-w404-sc0-ng_dssr	HEU.FormalExperimentRunner	--action="solve" --runId="pricing-wet060_001_4m-a5-w404-sc0-ng_dssr" --instance="${WORKSPACE}/experiment-suite/formal-v1/instances/60-4/wet060_001_4m_timeX5.dat" --algorithm="NG_DSSR" --outputDir="${WORKSPACE}/experiment-suite/formal-v1/runs/pricing-comparison/pricing-wet060_001_4m-a5-w404-sc0-ng_dssr" --seedFile="${WORKSPACE}/experiment-suite/formal-v1/seeds/wet060_001_4m-a5-w404-sc0.seed" --dueWindowHalfWidth="404" --setupCostCoefficient="0" --outsourcingModel="none" --outsourcingUnitRate="1" --discountStrength="0" --timeLimitSeconds="10800" --maxNodes="100000"	${WORKSPACE}/experiment-suite/formal-v1/runs/pricing-comparison/pricing-wet060_001_4m-a5-w404-sc0-ng_dssr	seed-wet060_001_4m-a5-w404-sc0	pricing-comparison
pricing-wet060_001_4m-a5-w404-sc0-time_indexed	HEU.FormalExperimentRunner	--action="solve" --runId="pricing-wet060_001_4m-a5-w404-sc0-time_indexed" --instance="${WORKSPACE}/experiment-suite/formal-v1/instances/60-4/wet060_001_4m_timeX5.dat" --algorithm="TIME_INDEXED" --outputDir="${WORKSPACE}/experiment-suite/formal-v1/runs/pricing-comparison/pricing-wet060_001_4m-a5-w404-sc0-time_indexed" --seedFile="${WORKSPACE}/experiment-suite/formal-v1/seeds/wet060_001_4m-a5-w404-sc0.seed" --dueWindowHalfWidth="404" --setupCostCoefficient="0" --outsourcingModel="none" --outsourcingUnitRate="1" --discountStrength="0" --timeLimitSeconds="10800" --maxNodes="100000"	${WORKSPACE}/experiment-suite/formal-v1/runs/pricing-comparison/pricing-wet060_001_4m-a5-w404-sc0-time_indexed	seed-wet060_001_4m-a5-w404-sc0	pricing-comparison
pricing-wet060_001_4m-a5-w404-sc0-time_indexed_sri	HEU.FormalExperimentRunner	--action="solve" --runId="pricing-wet060_001_4m-a5-w404-sc0-time_indexed_sri" --instance="${WORKSPACE}/experiment-suite/formal-v1/instances/60-4/wet060_001_4m_timeX5.dat" --algorithm="TIME_INDEXED_SRI" --outputDir="${WORKSPACE}/experiment-suite/formal-v1/runs/pricing-comparison/pricing-wet060_001_4m-a5-w404-sc0-time_indexed_sri" --seedFile="${WORKSPACE}/experiment-suite/formal-v1/seeds/wet060_001_4m-a5-w404-sc0.seed" --dueWindowHalfWidth="404" --setupCostCoefficient="0" --outsourcingModel="none" --outsourcingUnitRate="1" --discountStrength="0" --timeLimitSeconds="10800" --maxNodes="100000"	${WORKSPACE}/experiment-suite/formal-v1/runs/pricing-comparison/pricing-wet060_001_4m-a5-w404-sc0-time_indexed_sri	seed-wet060_001_4m-a5-w404-sc0	pricing-comparison
seed-wet060_001_4m-a5-w1214-sc0	HEU.FormalExperimentRunner	--action="seed" --runId="seed-wet060_001_4m-a5-w1214-sc0" --instance="${WORKSPACE}/experiment-suite/formal-v1/instances/60-4/wet060_001_4m_timeX5.dat" --seedFile="${WORKSPACE}/experiment-suite/formal-v1/seeds/wet060_001_4m-a5-w1214-sc0.seed" --outputDir="${WORKSPACE}/experiment-suite/formal-v1/runs/seed-wet060_001_4m-a5-w1214-sc0" --dueWindowHalfWidth="1214" --setupCostCoefficient="0"	${WORKSPACE}/experiment-suite/formal-v1/runs/seed-wet060_001_4m-a5-w1214-sc0		seed
pricing-wet060_001_4m-a5-w1214-sc0-ng_dssr	HEU.FormalExperimentRunner	--action="solve" --runId="pricing-wet060_001_4m-a5-w1214-sc0-ng_dssr" --instance="${WORKSPACE}/experiment-suite/formal-v1/instances/60-4/wet060_001_4m_timeX5.dat" --algorithm="NG_DSSR" --outputDir="${WORKSPACE}/experiment-suite/formal-v1/runs/pricing-comparison/pricing-wet060_001_4m-a5-w1214-sc0-ng_dssr" --seedFile="${WORKSPACE}/experiment-suite/formal-v1/seeds/wet060_001_4m-a5-w1214-sc0.seed" --dueWindowHalfWidth="1214" --setupCostCoefficient="0" --outsourcingModel="none" --outsourcingUnitRate="1" --discountStrength="0" --timeLimitSeconds="10800" --maxNodes="100000"	${WORKSPACE}/experiment-suite/formal-v1/runs/pricing-comparison/pricing-wet060_001_4m-a5-w1214-sc0-ng_dssr	seed-wet060_001_4m-a5-w1214-sc0	pricing-comparison
pricing-wet060_001_4m-a5-w1214-sc0-time_indexed	HEU.FormalExperimentRunner	--action="solve" --runId="pricing-wet060_001_4m-a5-w1214-sc0-time_indexed" --instance="${WORKSPACE}/experiment-suite/formal-v1/instances/60-4/wet060_001_4m_timeX5.dat" --algorithm="TIME_INDEXED" --outputDir="${WORKSPACE}/experiment-suite/formal-v1/runs/pricing-comparison/pricing-wet060_001_4m-a5-w1214-sc0-time_indexed" --seedFile="${WORKSPACE}/experiment-suite/formal-v1/seeds/wet060_001_4m-a5-w1214-sc0.seed" --dueWindowHalfWidth="1214" --setupCostCoefficient="0" --outsourcingModel="none" --outsourcingUnitRate="1" --discountStrength="0" --timeLimitSeconds="10800" --maxNodes="100000"	${WORKSPACE}/experiment-suite/formal-v1/runs/pricing-comparison/pricing-wet060_001_4m-a5-w1214-sc0-time_indexed	seed-wet060_001_4m-a5-w1214-sc0	pricing-comparison
pricing-wet060_001_4m-a5-w1214-sc0-time_indexed_sri	HEU.FormalExperimentRunner	--action="solve" --runId="pricing-wet060_001_4m-a5-w1214-sc0-time_indexed_sri" --instance="${WORKSPACE}/experiment-suite/formal-v1/instances/60-4/wet060_001_4m_timeX5.dat" --algorithm="TIME_INDEXED_SRI" --outputDir="${WORKSPACE}/experiment-suite/formal-v1/runs/pricing-comparison/pricing-wet060_001_4m-a5-w1214-sc0-time_indexed_sri" --seedFile="${WORKSPACE}/experiment-suite/formal-v1/seeds/wet060_001_4m-a5-w1214-sc0.seed" --dueWindowHalfWidth="1214" --setupCostCoefficient="0" --outsourcingModel="none" --outsourcingUnitRate="1" --discountStrength="0" --timeLimitSeconds="10800" --maxNodes="100000"	${WORKSPACE}/experiment-suite/formal-v1/runs/pricing-comparison/pricing-wet060_001_4m-a5-w1214-sc0-time_indexed_sri	seed-wet060_001_4m-a5-w1214-sc0	pricing-comparison
seed-wet060_001_4m-a10-w0-sc0	HEU.FormalExperimentRunner	--action="seed" --runId="seed-wet060_001_4m-a10-w0-sc0" --instance="${WORKSPACE}/experiment-suite/formal-v1/instances/60-4/wet060_001_4m_timeX10.dat" --seedFile="${WORKSPACE}/experiment-suite/formal-v1/seeds/wet060_001_4m-a10-w0-sc0.seed" --outputDir="${WORKSPACE}/experiment-suite/formal-v1/runs/seed-wet060_001_4m-a10-w0-sc0" --dueWindowHalfWidth="0" --setupCostCoefficient="0"	${WORKSPACE}/experiment-suite/formal-v1/runs/seed-wet060_001_4m-a10-w0-sc0		seed
pricing-wet060_001_4m-a10-w0-sc0-ng_dssr	HEU.FormalExperimentRunner	--action="solve" --runId="pricing-wet060_001_4m-a10-w0-sc0-ng_dssr" --instance="${WORKSPACE}/experiment-suite/formal-v1/instances/60-4/wet060_001_4m_timeX10.dat" --algorithm="NG_DSSR" --outputDir="${WORKSPACE}/experiment-suite/formal-v1/runs/pricing-comparison/pricing-wet060_001_4m-a10-w0-sc0-ng_dssr" --seedFile="${WORKSPACE}/experiment-suite/formal-v1/seeds/wet060_001_4m-a10-w0-sc0.seed" --dueWindowHalfWidth="0" --setupCostCoefficient="0" --outsourcingModel="none" --outsourcingUnitRate="1" --discountStrength="0" --timeLimitSeconds="10800" --maxNodes="100000"	${WORKSPACE}/experiment-suite/formal-v1/runs/pricing-comparison/pricing-wet060_001_4m-a10-w0-sc0-ng_dssr	seed-wet060_001_4m-a10-w0-sc0	pricing-comparison
pricing-wet060_001_4m-a10-w0-sc0-time_indexed	HEU.FormalExperimentRunner	--action="solve" --runId="pricing-wet060_001_4m-a10-w0-sc0-time_indexed" --instance="${WORKSPACE}/experiment-suite/formal-v1/instances/60-4/wet060_001_4m_timeX10.dat" --algorithm="TIME_INDEXED" --outputDir="${WORKSPACE}/experiment-suite/formal-v1/runs/pricing-comparison/pricing-wet060_001_4m-a10-w0-sc0-time_indexed" --seedFile="${WORKSPACE}/experiment-suite/formal-v1/seeds/wet060_001_4m-a10-w0-sc0.seed" --dueWindowHalfWidth="0" --setupCostCoefficient="0" --outsourcingModel="none" --outsourcingUnitRate="1" --discountStrength="0" --timeLimitSeconds="10800" --maxNodes="100000"	${WORKSPACE}/experiment-suite/formal-v1/runs/pricing-comparison/pricing-wet060_001_4m-a10-w0-sc0-time_indexed	seed-wet060_001_4m-a10-w0-sc0	pricing-comparison
pricing-wet060_001_4m-a10-w0-sc0-time_indexed_sri	HEU.FormalExperimentRunner	--action="solve" --runId="pricing-wet060_001_4m-a10-w0-sc0-time_indexed_sri" --instance="${WORKSPACE}/experiment-suite/formal-v1/instances/60-4/wet060_001_4m_timeX10.dat" --algorithm="TIME_INDEXED_SRI" --outputDir="${WORKSPACE}/experiment-suite/formal-v1/runs/pricing-comparison/pricing-wet060_001_4m-a10-w0-sc0-time_indexed_sri" --seedFile="${WORKSPACE}/experiment-suite/formal-v1/seeds/wet060_001_4m-a10-w0-sc0.seed" --dueWindowHalfWidth="0" --setupCostCoefficient="0" --outsourcingModel="none" --outsourcingUnitRate="1" --discountStrength="0" --timeLimitSeconds="10800" --maxNodes="100000"	${WORKSPACE}/experiment-suite/formal-v1/runs/pricing-comparison/pricing-wet060_001_4m-a10-w0-sc0-time_indexed_sri	seed-wet060_001_4m-a10-w0-sc0	pricing-comparison
seed-wet060_001_4m-a10-w809-sc0	HEU.FormalExperimentRunner	--action="seed" --runId="seed-wet060_001_4m-a10-w809-sc0" --instance="${WORKSPACE}/experiment-suite/formal-v1/instances/60-4/wet060_001_4m_timeX10.dat" --seedFile="${WORKSPACE}/experiment-suite/formal-v1/seeds/wet060_001_4m-a10-w809-sc0.seed" --outputDir="${WORKSPACE}/experiment-suite/formal-v1/runs/seed-wet060_001_4m-a10-w809-sc0" --dueWindowHalfWidth="809" --setupCostCoefficient="0"	${WORKSPACE}/experiment-suite/formal-v1/runs/seed-wet060_001_4m-a10-w809-sc0		seed
pricing-wet060_001_4m-a10-w809-sc0-ng_dssr	HEU.FormalExperimentRunner	--action="solve" --runId="pricing-wet060_001_4m-a10-w809-sc0-ng_dssr" --instance="${WORKSPACE}/experiment-suite/formal-v1/instances/60-4/wet060_001_4m_timeX10.dat" --algorithm="NG_DSSR" --outputDir="${WORKSPACE}/experiment-suite/formal-v1/runs/pricing-comparison/pricing-wet060_001_4m-a10-w809-sc0-ng_dssr" --seedFile="${WORKSPACE}/experiment-suite/formal-v1/seeds/wet060_001_4m-a10-w809-sc0.seed" --dueWindowHalfWidth="809" --setupCostCoefficient="0" --outsourcingModel="none" --outsourcingUnitRate="1" --discountStrength="0" --timeLimitSeconds="10800" --maxNodes="100000"	${WORKSPACE}/experiment-suite/formal-v1/runs/pricing-comparison/pricing-wet060_001_4m-a10-w809-sc0-ng_dssr	seed-wet060_001_4m-a10-w809-sc0	pricing-comparison
pricing-wet060_001_4m-a10-w809-sc0-time_indexed	HEU.FormalExperimentRunner	--action="solve" --runId="pricing-wet060_001_4m-a10-w809-sc0-time_indexed" --instance="${WORKSPACE}/experiment-suite/formal-v1/instances/60-4/wet060_001_4m_timeX10.dat" --algorithm="TIME_INDEXED" --outputDir="${WORKSPACE}/experiment-suite/formal-v1/runs/pricing-comparison/pricing-wet060_001_4m-a10-w809-sc0-time_indexed" --seedFile="${WORKSPACE}/experiment-suite/formal-v1/seeds/wet060_001_4m-a10-w809-sc0.seed" --dueWindowHalfWidth="809" --setupCostCoefficient="0" --outsourcingModel="none" --outsourcingUnitRate="1" --discountStrength="0" --timeLimitSeconds="10800" --maxNodes="100000"	${WORKSPACE}/experiment-suite/formal-v1/runs/pricing-comparison/pricing-wet060_001_4m-a10-w809-sc0-time_indexed	seed-wet060_001_4m-a10-w809-sc0	pricing-comparison
pricing-wet060_001_4m-a10-w809-sc0-time_indexed_sri	HEU.FormalExperimentRunner	--action="solve" --runId="pricing-wet060_001_4m-a10-w809-sc0-time_indexed_sri" --instance="${WORKSPACE}/experiment-suite/formal-v1/instances/60-4/wet060_001_4m_timeX10.dat" --algorithm="TIME_INDEXED_SRI" --outputDir="${WORKSPACE}/experiment-suite/formal-v1/runs/pricing-comparison/pricing-wet060_001_4m-a10-w809-sc0-time_indexed_sri" --seedFile="${WORKSPACE}/experiment-suite/formal-v1/seeds/wet060_001_4m-a10-w809-sc0.seed" --dueWindowHalfWidth="809" --setupCostCoefficient="0" --outsourcingModel="none" --outsourcingUnitRate="1" --discountStrength="0" --timeLimitSeconds="10800" --maxNodes="100000"	${WORKSPACE}/experiment-suite/formal-v1/runs/pricing-comparison/pricing-wet060_001_4m-a10-w809-sc0-time_indexed_sri	seed-wet060_001_4m-a10-w809-sc0	pricing-comparison
seed-wet060_001_4m-a10-w2427-sc0	HEU.FormalExperimentRunner	--action="seed" --runId="seed-wet060_001_4m-a10-w2427-sc0" --instance="${WORKSPACE}/experiment-suite/formal-v1/instances/60-4/wet060_001_4m_timeX10.dat" --seedFile="${WORKSPACE}/experiment-suite/formal-v1/seeds/wet060_001_4m-a10-w2427-sc0.seed" --outputDir="${WORKSPACE}/experiment-suite/formal-v1/runs/seed-wet060_001_4m-a10-w2427-sc0" --dueWindowHalfWidth="2427" --setupCostCoefficient="0"	${WORKSPACE}/experiment-suite/formal-v1/runs/seed-wet060_001_4m-a10-w2427-sc0		seed
pricing-wet060_001_4m-a10-w2427-sc0-ng_dssr	HEU.FormalExperimentRunner	--action="solve" --runId="pricing-wet060_001_4m-a10-w2427-sc0-ng_dssr" --instance="${WORKSPACE}/experiment-suite/formal-v1/instances/60-4/wet060_001_4m_timeX10.dat" --algorithm="NG_DSSR" --outputDir="${WORKSPACE}/experiment-suite/formal-v1/runs/pricing-comparison/pricing-wet060_001_4m-a10-w2427-sc0-ng_dssr" --seedFile="${WORKSPACE}/experiment-suite/formal-v1/seeds/wet060_001_4m-a10-w2427-sc0.seed" --dueWindowHalfWidth="2427" --setupCostCoefficient="0" --outsourcingModel="none" --outsourcingUnitRate="1" --discountStrength="0" --timeLimitSeconds="10800" --maxNodes="100000"	${WORKSPACE}/experiment-suite/formal-v1/runs/pricing-comparison/pricing-wet060_001_4m-a10-w2427-sc0-ng_dssr	seed-wet060_001_4m-a10-w2427-sc0	pricing-comparison
pricing-wet060_001_4m-a10-w2427-sc0-time_indexed	HEU.FormalExperimentRunner	--action="solve" --runId="pricing-wet060_001_4m-a10-w2427-sc0-time_indexed" --instance="${WORKSPACE}/experiment-suite/formal-v1/instances/60-4/wet060_001_4m_timeX10.dat" --algorithm="TIME_INDEXED" --outputDir="${WORKSPACE}/experiment-suite/formal-v1/runs/pricing-comparison/pricing-wet060_001_4m-a10-w2427-sc0-time_indexed" --seedFile="${WORKSPACE}/experiment-suite/formal-v1/seeds/wet060_001_4m-a10-w2427-sc0.seed" --dueWindowHalfWidth="2427" --setupCostCoefficient="0" --outsourcingModel="none" --outsourcingUnitRate="1" --discountStrength="0" --timeLimitSeconds="10800" --maxNodes="100000"	${WORKSPACE}/experiment-suite/formal-v1/runs/pricing-comparison/pricing-wet060_001_4m-a10-w2427-sc0-time_indexed	seed-wet060_001_4m-a10-w2427-sc0	pricing-comparison
pricing-wet060_001_4m-a10-w2427-sc0-time_indexed_sri	HEU.FormalExperimentRunner	--action="solve" --runId="pricing-wet060_001_4m-a10-w2427-sc0-time_indexed_sri" --instance="${WORKSPACE}/experiment-suite/formal-v1/instances/60-4/wet060_001_4m_timeX10.dat" --algorithm="TIME_INDEXED_SRI" --outputDir="${WORKSPACE}/experiment-suite/formal-v1/runs/pricing-comparison/pricing-wet060_001_4m-a10-w2427-sc0-time_indexed_sri" --seedFile="${WORKSPACE}/experiment-suite/formal-v1/seeds/wet060_001_4m-a10-w2427-sc0.seed" --dueWindowHalfWidth="2427" --setupCostCoefficient="0" --outsourcingModel="none" --outsourcingUnitRate="1" --discountStrength="0" --timeLimitSeconds="10800" --maxNodes="100000"	${WORKSPACE}/experiment-suite/formal-v1/runs/pricing-comparison/pricing-wet060_001_4m-a10-w2427-sc0-time_indexed_sri	seed-wet060_001_4m-a10-w2427-sc0	pricing-comparison
seed-wet060_002_4m-a1-w0-sc0	HEU.FormalExperimentRunner	--action="seed" --runId="seed-wet060_002_4m-a1-w0-sc0" --instance="${WORKSPACE}/data/60-4/wet060_002_4m.dat" --seedFile="${WORKSPACE}/experiment-suite/formal-v1/seeds/wet060_002_4m-a1-w0-sc0.seed" --outputDir="${WORKSPACE}/experiment-suite/formal-v1/runs/seed-wet060_002_4m-a1-w0-sc0" --dueWindowHalfWidth="0" --setupCostCoefficient="0"	${WORKSPACE}/experiment-suite/formal-v1/runs/seed-wet060_002_4m-a1-w0-sc0		seed
pricing-wet060_002_4m-a1-w0-sc0-ng_dssr	HEU.FormalExperimentRunner	--action="solve" --runId="pricing-wet060_002_4m-a1-w0-sc0-ng_dssr" --instance="${WORKSPACE}/data/60-4/wet060_002_4m.dat" --algorithm="NG_DSSR" --outputDir="${WORKSPACE}/experiment-suite/formal-v1/runs/pricing-comparison/pricing-wet060_002_4m-a1-w0-sc0-ng_dssr" --seedFile="${WORKSPACE}/experiment-suite/formal-v1/seeds/wet060_002_4m-a1-w0-sc0.seed" --dueWindowHalfWidth="0" --setupCostCoefficient="0" --outsourcingModel="none" --outsourcingUnitRate="1" --discountStrength="0" --timeLimitSeconds="10800" --maxNodes="100000"	${WORKSPACE}/experiment-suite/formal-v1/runs/pricing-comparison/pricing-wet060_002_4m-a1-w0-sc0-ng_dssr	seed-wet060_002_4m-a1-w0-sc0	pricing-comparison
pricing-wet060_002_4m-a1-w0-sc0-time_indexed	HEU.FormalExperimentRunner	--action="solve" --runId="pricing-wet060_002_4m-a1-w0-sc0-time_indexed" --instance="${WORKSPACE}/data/60-4/wet060_002_4m.dat" --algorithm="TIME_INDEXED" --outputDir="${WORKSPACE}/experiment-suite/formal-v1/runs/pricing-comparison/pricing-wet060_002_4m-a1-w0-sc0-time_indexed" --seedFile="${WORKSPACE}/experiment-suite/formal-v1/seeds/wet060_002_4m-a1-w0-sc0.seed" --dueWindowHalfWidth="0" --setupCostCoefficient="0" --outsourcingModel="none" --outsourcingUnitRate="1" --discountStrength="0" --timeLimitSeconds="10800" --maxNodes="100000"	${WORKSPACE}/experiment-suite/formal-v1/runs/pricing-comparison/pricing-wet060_002_4m-a1-w0-sc0-time_indexed	seed-wet060_002_4m-a1-w0-sc0	pricing-comparison
pricing-wet060_002_4m-a1-w0-sc0-time_indexed_sri	HEU.FormalExperimentRunner	--action="solve" --runId="pricing-wet060_002_4m-a1-w0-sc0-time_indexed_sri" --instance="${WORKSPACE}/data/60-4/wet060_002_4m.dat" --algorithm="TIME_INDEXED_SRI" --outputDir="${WORKSPACE}/experiment-suite/formal-v1/runs/pricing-comparison/pricing-wet060_002_4m-a1-w0-sc0-time_indexed_sri" --seedFile="${WORKSPACE}/experiment-suite/formal-v1/seeds/wet060_002_4m-a1-w0-sc0.seed" --dueWindowHalfWidth="0" --setupCostCoefficient="0" --outsourcingModel="none" --outsourcingUnitRate="1" --discountStrength="0" --timeLimitSeconds="10800" --maxNodes="100000"	${WORKSPACE}/experiment-suite/formal-v1/runs/pricing-comparison/pricing-wet060_002_4m-a1-w0-sc0-time_indexed_sri	seed-wet060_002_4m-a1-w0-sc0	pricing-comparison
seed-wet060_002_4m-a1-w79-sc0	HEU.FormalExperimentRunner	--action="seed" --runId="seed-wet060_002_4m-a1-w79-sc0" --instance="${WORKSPACE}/data/60-4/wet060_002_4m.dat" --seedFile="${WORKSPACE}/experiment-suite/formal-v1/seeds/wet060_002_4m-a1-w79-sc0.seed" --outputDir="${WORKSPACE}/experiment-suite/formal-v1/runs/seed-wet060_002_4m-a1-w79-sc0" --dueWindowHalfWidth="79" --setupCostCoefficient="0"	${WORKSPACE}/experiment-suite/formal-v1/runs/seed-wet060_002_4m-a1-w79-sc0		seed
pricing-wet060_002_4m-a1-w79-sc0-ng_dssr	HEU.FormalExperimentRunner	--action="solve" --runId="pricing-wet060_002_4m-a1-w79-sc0-ng_dssr" --instance="${WORKSPACE}/data/60-4/wet060_002_4m.dat" --algorithm="NG_DSSR" --outputDir="${WORKSPACE}/experiment-suite/formal-v1/runs/pricing-comparison/pricing-wet060_002_4m-a1-w79-sc0-ng_dssr" --seedFile="${WORKSPACE}/experiment-suite/formal-v1/seeds/wet060_002_4m-a1-w79-sc0.seed" --dueWindowHalfWidth="79" --setupCostCoefficient="0" --outsourcingModel="none" --outsourcingUnitRate="1" --discountStrength="0" --timeLimitSeconds="10800" --maxNodes="100000"	${WORKSPACE}/experiment-suite/formal-v1/runs/pricing-comparison/pricing-wet060_002_4m-a1-w79-sc0-ng_dssr	seed-wet060_002_4m-a1-w79-sc0	pricing-comparison
pricing-wet060_002_4m-a1-w79-sc0-time_indexed	HEU.FormalExperimentRunner	--action="solve" --runId="pricing-wet060_002_4m-a1-w79-sc0-time_indexed" --instance="${WORKSPACE}/data/60-4/wet060_002_4m.dat" --algorithm="TIME_INDEXED" --outputDir="${WORKSPACE}/experiment-suite/formal-v1/runs/pricing-comparison/pricing-wet060_002_4m-a1-w79-sc0-time_indexed" --seedFile="${WORKSPACE}/experiment-suite/formal-v1/seeds/wet060_002_4m-a1-w79-sc0.seed" --dueWindowHalfWidth="79" --setupCostCoefficient="0" --outsourcingModel="none" --outsourcingUnitRate="1" --discountStrength="0" --timeLimitSeconds="10800" --maxNodes="100000"	${WORKSPACE}/experiment-suite/formal-v1/runs/pricing-comparison/pricing-wet060_002_4m-a1-w79-sc0-time_indexed	seed-wet060_002_4m-a1-w79-sc0	pricing-comparison
pricing-wet060_002_4m-a1-w79-sc0-time_indexed_sri	HEU.FormalExperimentRunner	--action="solve" --runId="pricing-wet060_002_4m-a1-w79-sc0-time_indexed_sri" --instance="${WORKSPACE}/data/60-4/wet060_002_4m.dat" --algorithm="TIME_INDEXED_SRI" --outputDir="${WORKSPACE}/experiment-suite/formal-v1/runs/pricing-comparison/pricing-wet060_002_4m-a1-w79-sc0-time_indexed_sri" --seedFile="${WORKSPACE}/experiment-suite/formal-v1/seeds/wet060_002_4m-a1-w79-sc0.seed" --dueWindowHalfWidth="79" --setupCostCoefficient="0" --outsourcingModel="none" --outsourcingUnitRate="1" --discountStrength="0" --timeLimitSeconds="10800" --maxNodes="100000"	${WORKSPACE}/experiment-suite/formal-v1/runs/pricing-comparison/pricing-wet060_002_4m-a1-w79-sc0-time_indexed_sri	seed-wet060_002_4m-a1-w79-sc0	pricing-comparison
seed-wet060_002_4m-a1-w237-sc0	HEU.FormalExperimentRunner	--action="seed" --runId="seed-wet060_002_4m-a1-w237-sc0" --instance="${WORKSPACE}/data/60-4/wet060_002_4m.dat" --seedFile="${WORKSPACE}/experiment-suite/formal-v1/seeds/wet060_002_4m-a1-w237-sc0.seed" --outputDir="${WORKSPACE}/experiment-suite/formal-v1/runs/seed-wet060_002_4m-a1-w237-sc0" --dueWindowHalfWidth="237" --setupCostCoefficient="0"	${WORKSPACE}/experiment-suite/formal-v1/runs/seed-wet060_002_4m-a1-w237-sc0		seed
pricing-wet060_002_4m-a1-w237-sc0-ng_dssr	HEU.FormalExperimentRunner	--action="solve" --runId="pricing-wet060_002_4m-a1-w237-sc0-ng_dssr" --instance="${WORKSPACE}/data/60-4/wet060_002_4m.dat" --algorithm="NG_DSSR" --outputDir="${WORKSPACE}/experiment-suite/formal-v1/runs/pricing-comparison/pricing-wet060_002_4m-a1-w237-sc0-ng_dssr" --seedFile="${WORKSPACE}/experiment-suite/formal-v1/seeds/wet060_002_4m-a1-w237-sc0.seed" --dueWindowHalfWidth="237" --setupCostCoefficient="0" --outsourcingModel="none" --outsourcingUnitRate="1" --discountStrength="0" --timeLimitSeconds="10800" --maxNodes="100000"	${WORKSPACE}/experiment-suite/formal-v1/runs/pricing-comparison/pricing-wet060_002_4m-a1-w237-sc0-ng_dssr	seed-wet060_002_4m-a1-w237-sc0	pricing-comparison
pricing-wet060_002_4m-a1-w237-sc0-time_indexed	HEU.FormalExperimentRunner	--action="solve" --runId="pricing-wet060_002_4m-a1-w237-sc0-time_indexed" --instance="${WORKSPACE}/data/60-4/wet060_002_4m.dat" --algorithm="TIME_INDEXED" --outputDir="${WORKSPACE}/experiment-suite/formal-v1/runs/pricing-comparison/pricing-wet060_002_4m-a1-w237-sc0-time_indexed" --seedFile="${WORKSPACE}/experiment-suite/formal-v1/seeds/wet060_002_4m-a1-w237-sc0.seed" --dueWindowHalfWidth="237" --setupCostCoefficient="0" --outsourcingModel="none" --outsourcingUnitRate="1" --discountStrength="0" --timeLimitSeconds="10800" --maxNodes="100000"	${WORKSPACE}/experiment-suite/formal-v1/runs/pricing-comparison/pricing-wet060_002_4m-a1-w237-sc0-time_indexed	seed-wet060_002_4m-a1-w237-sc0	pricing-comparison
pricing-wet060_002_4m-a1-w237-sc0-time_indexed_sri	HEU.FormalExperimentRunner	--action="solve" --runId="pricing-wet060_002_4m-a1-w237-sc0-time_indexed_sri" --instance="${WORKSPACE}/data/60-4/wet060_002_4m.dat" --algorithm="TIME_INDEXED_SRI" --outputDir="${WORKSPACE}/experiment-suite/formal-v1/runs/pricing-comparison/pricing-wet060_002_4m-a1-w237-sc0-time_indexed_sri" --seedFile="${WORKSPACE}/experiment-suite/formal-v1/seeds/wet060_002_4m-a1-w237-sc0.seed" --dueWindowHalfWidth="237" --setupCostCoefficient="0" --outsourcingModel="none" --outsourcingUnitRate="1" --discountStrength="0" --timeLimitSeconds="10800" --maxNodes="100000"	${WORKSPACE}/experiment-suite/formal-v1/runs/pricing-comparison/pricing-wet060_002_4m-a1-w237-sc0-time_indexed_sri	seed-wet060_002_4m-a1-w237-sc0	pricing-comparison
seed-wet060_002_4m-a5-w0-sc0	HEU.FormalExperimentRunner	--action="seed" --runId="seed-wet060_002_4m-a5-w0-sc0" --instance="${WORKSPACE}/experiment-suite/formal-v1/instances/60-4/wet060_002_4m_timeX5.dat" --seedFile="${WORKSPACE}/experiment-suite/formal-v1/seeds/wet060_002_4m-a5-w0-sc0.seed" --outputDir="${WORKSPACE}/experiment-suite/formal-v1/runs/seed-wet060_002_4m-a5-w0-sc0" --dueWindowHalfWidth="0" --setupCostCoefficient="0"	${WORKSPACE}/experiment-suite/formal-v1/runs/seed-wet060_002_4m-a5-w0-sc0		seed
pricing-wet060_002_4m-a5-w0-sc0-ng_dssr	HEU.FormalExperimentRunner	--action="solve" --runId="pricing-wet060_002_4m-a5-w0-sc0-ng_dssr" --instance="${WORKSPACE}/experiment-suite/formal-v1/instances/60-4/wet060_002_4m_timeX5.dat" --algorithm="NG_DSSR" --outputDir="${WORKSPACE}/experiment-suite/formal-v1/runs/pricing-comparison/pricing-wet060_002_4m-a5-w0-sc0-ng_dssr" --seedFile="${WORKSPACE}/experiment-suite/formal-v1/seeds/wet060_002_4m-a5-w0-sc0.seed" --dueWindowHalfWidth="0" --setupCostCoefficient="0" --outsourcingModel="none" --outsourcingUnitRate="1" --discountStrength="0" --timeLimitSeconds="10800" --maxNodes="100000"	${WORKSPACE}/experiment-suite/formal-v1/runs/pricing-comparison/pricing-wet060_002_4m-a5-w0-sc0-ng_dssr	seed-wet060_002_4m-a5-w0-sc0	pricing-comparison
pricing-wet060_002_4m-a5-w0-sc0-time_indexed	HEU.FormalExperimentRunner	--action="solve" --runId="pricing-wet060_002_4m-a5-w0-sc0-time_indexed" --instance="${WORKSPACE}/experiment-suite/formal-v1/instances/60-4/wet060_002_4m_timeX5.dat" --algorithm="TIME_INDEXED" --outputDir="${WORKSPACE}/experiment-suite/formal-v1/runs/pricing-comparison/pricing-wet060_002_4m-a5-w0-sc0-time_indexed" --seedFile="${WORKSPACE}/experiment-suite/formal-v1/seeds/wet060_002_4m-a5-w0-sc0.seed" --dueWindowHalfWidth="0" --setupCostCoefficient="0" --outsourcingModel="none" --outsourcingUnitRate="1" --discountStrength="0" --timeLimitSeconds="10800" --maxNodes="100000"	${WORKSPACE}/experiment-suite/formal-v1/runs/pricing-comparison/pricing-wet060_002_4m-a5-w0-sc0-time_indexed	seed-wet060_002_4m-a5-w0-sc0	pricing-comparison
pricing-wet060_002_4m-a5-w0-sc0-time_indexed_sri	HEU.FormalExperimentRunner	--action="solve" --runId="pricing-wet060_002_4m-a5-w0-sc0-time_indexed_sri" --instance="${WORKSPACE}/experiment-suite/formal-v1/instances/60-4/wet060_002_4m_timeX5.dat" --algorithm="TIME_INDEXED_SRI" --outputDir="${WORKSPACE}/experiment-suite/formal-v1/runs/pricing-comparison/pricing-wet060_002_4m-a5-w0-sc0-time_indexed_sri" --seedFile="${WORKSPACE}/experiment-suite/formal-v1/seeds/wet060_002_4m-a5-w0-sc0.seed" --dueWindowHalfWidth="0" --setupCostCoefficient="0" --outsourcingModel="none" --outsourcingUnitRate="1" --discountStrength="0" --timeLimitSeconds="10800" --maxNodes="100000"	${WORKSPACE}/experiment-suite/formal-v1/runs/pricing-comparison/pricing-wet060_002_4m-a5-w0-sc0-time_indexed_sri	seed-wet060_002_4m-a5-w0-sc0	pricing-comparison
seed-wet060_002_4m-a5-w394-sc0	HEU.FormalExperimentRunner	--action="seed" --runId="seed-wet060_002_4m-a5-w394-sc0" --instance="${WORKSPACE}/experiment-suite/formal-v1/instances/60-4/wet060_002_4m_timeX5.dat" --seedFile="${WORKSPACE}/experiment-suite/formal-v1/seeds/wet060_002_4m-a5-w394-sc0.seed" --outputDir="${WORKSPACE}/experiment-suite/formal-v1/runs/seed-wet060_002_4m-a5-w394-sc0" --dueWindowHalfWidth="394" --setupCostCoefficient="0"	${WORKSPACE}/experiment-suite/formal-v1/runs/seed-wet060_002_4m-a5-w394-sc0		seed
pricing-wet060_002_4m-a5-w394-sc0-ng_dssr	HEU.FormalExperimentRunner	--action="solve" --runId="pricing-wet060_002_4m-a5-w394-sc0-ng_dssr" --instance="${WORKSPACE}/experiment-suite/formal-v1/instances/60-4/wet060_002_4m_timeX5.dat" --algorithm="NG_DSSR" --outputDir="${WORKSPACE}/experiment-suite/formal-v1/runs/pricing-comparison/pricing-wet060_002_4m-a5-w394-sc0-ng_dssr" --seedFile="${WORKSPACE}/experiment-suite/formal-v1/seeds/wet060_002_4m-a5-w394-sc0.seed" --dueWindowHalfWidth="394" --setupCostCoefficient="0" --outsourcingModel="none" --outsourcingUnitRate="1" --discountStrength="0" --timeLimitSeconds="10800" --maxNodes="100000"	${WORKSPACE}/experiment-suite/formal-v1/runs/pricing-comparison/pricing-wet060_002_4m-a5-w394-sc0-ng_dssr	seed-wet060_002_4m-a5-w394-sc0	pricing-comparison
pricing-wet060_002_4m-a5-w394-sc0-time_indexed	HEU.FormalExperimentRunner	--action="solve" --runId="pricing-wet060_002_4m-a5-w394-sc0-time_indexed" --instance="${WORKSPACE}/experiment-suite/formal-v1/instances/60-4/wet060_002_4m_timeX5.dat" --algorithm="TIME_INDEXED" --outputDir="${WORKSPACE}/experiment-suite/formal-v1/runs/pricing-comparison/pricing-wet060_002_4m-a5-w394-sc0-time_indexed" --seedFile="${WORKSPACE}/experiment-suite/formal-v1/seeds/wet060_002_4m-a5-w394-sc0.seed" --dueWindowHalfWidth="394" --setupCostCoefficient="0" --outsourcingModel="none" --outsourcingUnitRate="1" --discountStrength="0" --timeLimitSeconds="10800" --maxNodes="100000"	${WORKSPACE}/experiment-suite/formal-v1/runs/pricing-comparison/pricing-wet060_002_4m-a5-w394-sc0-time_indexed	seed-wet060_002_4m-a5-w394-sc0	pricing-comparison
pricing-wet060_002_4m-a5-w394-sc0-time_indexed_sri	HEU.FormalExperimentRunner	--action="solve" --runId="pricing-wet060_002_4m-a5-w394-sc0-time_indexed_sri" --instance="${WORKSPACE}/experiment-suite/formal-v1/instances/60-4/wet060_002_4m_timeX5.dat" --algorithm="TIME_INDEXED_SRI" --outputDir="${WORKSPACE}/experiment-suite/formal-v1/runs/pricing-comparison/pricing-wet060_002_4m-a5-w394-sc0-time_indexed_sri" --seedFile="${WORKSPACE}/experiment-suite/formal-v1/seeds/wet060_002_4m-a5-w394-sc0.seed" --dueWindowHalfWidth="394" --setupCostCoefficient="0" --outsourcingModel="none" --outsourcingUnitRate="1" --discountStrength="0" --timeLimitSeconds="10800" --maxNodes="100000"	${WORKSPACE}/experiment-suite/formal-v1/runs/pricing-comparison/pricing-wet060_002_4m-a5-w394-sc0-time_indexed_sri	seed-wet060_002_4m-a5-w394-sc0	pricing-comparison
seed-wet060_002_4m-a5-w1184-sc0	HEU.FormalExperimentRunner	--action="seed" --runId="seed-wet060_002_4m-a5-w1184-sc0" --instance="${WORKSPACE}/experiment-suite/formal-v1/instances/60-4/wet060_002_4m_timeX5.dat" --seedFile="${WORKSPACE}/experiment-suite/formal-v1/seeds/wet060_002_4m-a5-w1184-sc0.seed" --outputDir="${WORKSPACE}/experiment-suite/formal-v1/runs/seed-wet060_002_4m-a5-w1184-sc0" --dueWindowHalfWidth="1184" --setupCostCoefficient="0"	${WORKSPACE}/experiment-suite/formal-v1/runs/seed-wet060_002_4m-a5-w1184-sc0		seed
pricing-wet060_002_4m-a5-w1184-sc0-ng_dssr	HEU.FormalExperimentRunner	--action="solve" --runId="pricing-wet060_002_4m-a5-w1184-sc0-ng_dssr" --instance="${WORKSPACE}/experiment-suite/formal-v1/instances/60-4/wet060_002_4m_timeX5.dat" --algorithm="NG_DSSR" --outputDir="${WORKSPACE}/experiment-suite/formal-v1/runs/pricing-comparison/pricing-wet060_002_4m-a5-w1184-sc0-ng_dssr" --seedFile="${WORKSPACE}/experiment-suite/formal-v1/seeds/wet060_002_4m-a5-w1184-sc0.seed" --dueWindowHalfWidth="1184" --setupCostCoefficient="0" --outsourcingModel="none" --outsourcingUnitRate="1" --discountStrength="0" --timeLimitSeconds="10800" --maxNodes="100000"	${WORKSPACE}/experiment-suite/formal-v1/runs/pricing-comparison/pricing-wet060_002_4m-a5-w1184-sc0-ng_dssr	seed-wet060_002_4m-a5-w1184-sc0	pricing-comparison
pricing-wet060_002_4m-a5-w1184-sc0-time_indexed	HEU.FormalExperimentRunner	--action="solve" --runId="pricing-wet060_002_4m-a5-w1184-sc0-time_indexed" --instance="${WORKSPACE}/experiment-suite/formal-v1/instances/60-4/wet060_002_4m_timeX5.dat" --algorithm="TIME_INDEXED" --outputDir="${WORKSPACE}/experiment-suite/formal-v1/runs/pricing-comparison/pricing-wet060_002_4m-a5-w1184-sc0-time_indexed" --seedFile="${WORKSPACE}/experiment-suite/formal-v1/seeds/wet060_002_4m-a5-w1184-sc0.seed" --dueWindowHalfWidth="1184" --setupCostCoefficient="0" --outsourcingModel="none" --outsourcingUnitRate="1" --discountStrength="0" --timeLimitSeconds="10800" --maxNodes="100000"	${WORKSPACE}/experiment-suite/formal-v1/runs/pricing-comparison/pricing-wet060_002_4m-a5-w1184-sc0-time_indexed	seed-wet060_002_4m-a5-w1184-sc0	pricing-comparison
pricing-wet060_002_4m-a5-w1184-sc0-time_indexed_sri	HEU.FormalExperimentRunner	--action="solve" --runId="pricing-wet060_002_4m-a5-w1184-sc0-time_indexed_sri" --instance="${WORKSPACE}/experiment-suite/formal-v1/instances/60-4/wet060_002_4m_timeX5.dat" --algorithm="TIME_INDEXED_SRI" --outputDir="${WORKSPACE}/experiment-suite/formal-v1/runs/pricing-comparison/pricing-wet060_002_4m-a5-w1184-sc0-time_indexed_sri" --seedFile="${WORKSPACE}/experiment-suite/formal-v1/seeds/wet060_002_4m-a5-w1184-sc0.seed" --dueWindowHalfWidth="1184" --setupCostCoefficient="0" --outsourcingModel="none" --outsourcingUnitRate="1" --discountStrength="0" --timeLimitSeconds="10800" --maxNodes="100000"	${WORKSPACE}/experiment-suite/formal-v1/runs/pricing-comparison/pricing-wet060_002_4m-a5-w1184-sc0-time_indexed_sri	seed-wet060_002_4m-a5-w1184-sc0	pricing-comparison
seed-wet060_002_4m-a10-w0-sc0	HEU.FormalExperimentRunner	--action="seed" --runId="seed-wet060_002_4m-a10-w0-sc0" --instance="${WORKSPACE}/experiment-suite/formal-v1/instances/60-4/wet060_002_4m_timeX10.dat" --seedFile="${WORKSPACE}/experiment-suite/formal-v1/seeds/wet060_002_4m-a10-w0-sc0.seed" --outputDir="${WORKSPACE}/experiment-suite/formal-v1/runs/seed-wet060_002_4m-a10-w0-sc0" --dueWindowHalfWidth="0" --setupCostCoefficient="0"	${WORKSPACE}/experiment-suite/formal-v1/runs/seed-wet060_002_4m-a10-w0-sc0		seed
pricing-wet060_002_4m-a10-w0-sc0-ng_dssr	HEU.FormalExperimentRunner	--action="solve" --runId="pricing-wet060_002_4m-a10-w0-sc0-ng_dssr" --instance="${WORKSPACE}/experiment-suite/formal-v1/instances/60-4/wet060_002_4m_timeX10.dat" --algorithm="NG_DSSR" --outputDir="${WORKSPACE}/experiment-suite/formal-v1/runs/pricing-comparison/pricing-wet060_002_4m-a10-w0-sc0-ng_dssr" --seedFile="${WORKSPACE}/experiment-suite/formal-v1/seeds/wet060_002_4m-a10-w0-sc0.seed" --dueWindowHalfWidth="0" --setupCostCoefficient="0" --outsourcingModel="none" --outsourcingUnitRate="1" --discountStrength="0" --timeLimitSeconds="10800" --maxNodes="100000"	${WORKSPACE}/experiment-suite/formal-v1/runs/pricing-comparison/pricing-wet060_002_4m-a10-w0-sc0-ng_dssr	seed-wet060_002_4m-a10-w0-sc0	pricing-comparison
pricing-wet060_002_4m-a10-w0-sc0-time_indexed	HEU.FormalExperimentRunner	--action="solve" --runId="pricing-wet060_002_4m-a10-w0-sc0-time_indexed" --instance="${WORKSPACE}/experiment-suite/formal-v1/instances/60-4/wet060_002_4m_timeX10.dat" --algorithm="TIME_INDEXED" --outputDir="${WORKSPACE}/experiment-suite/formal-v1/runs/pricing-comparison/pricing-wet060_002_4m-a10-w0-sc0-time_indexed" --seedFile="${WORKSPACE}/experiment-suite/formal-v1/seeds/wet060_002_4m-a10-w0-sc0.seed" --dueWindowHalfWidth="0" --setupCostCoefficient="0" --outsourcingModel="none" --outsourcingUnitRate="1" --discountStrength="0" --timeLimitSeconds="10800" --maxNodes="100000"	${WORKSPACE}/experiment-suite/formal-v1/runs/pricing-comparison/pricing-wet060_002_4m-a10-w0-sc0-time_indexed	seed-wet060_002_4m-a10-w0-sc0	pricing-comparison
pricing-wet060_002_4m-a10-w0-sc0-time_indexed_sri	HEU.FormalExperimentRunner	--action="solve" --runId="pricing-wet060_002_4m-a10-w0-sc0-time_indexed_sri" --instance="${WORKSPACE}/experiment-suite/formal-v1/instances/60-4/wet060_002_4m_timeX10.dat" --algorithm="TIME_INDEXED_SRI" --outputDir="${WORKSPACE}/experiment-suite/formal-v1/runs/pricing-comparison/pricing-wet060_002_4m-a10-w0-sc0-time_indexed_sri" --seedFile="${WORKSPACE}/experiment-suite/formal-v1/seeds/wet060_002_4m-a10-w0-sc0.seed" --dueWindowHalfWidth="0" --setupCostCoefficient="0" --outsourcingModel="none" --outsourcingUnitRate="1" --discountStrength="0" --timeLimitSeconds="10800" --maxNodes="100000"	${WORKSPACE}/experiment-suite/formal-v1/runs/pricing-comparison/pricing-wet060_002_4m-a10-w0-sc0-time_indexed_sri	seed-wet060_002_4m-a10-w0-sc0	pricing-comparison
seed-wet060_002_4m-a10-w789-sc0	HEU.FormalExperimentRunner	--action="seed" --runId="seed-wet060_002_4m-a10-w789-sc0" --instance="${WORKSPACE}/experiment-suite/formal-v1/instances/60-4/wet060_002_4m_timeX10.dat" --seedFile="${WORKSPACE}/experiment-suite/formal-v1/seeds/wet060_002_4m-a10-w789-sc0.seed" --outputDir="${WORKSPACE}/experiment-suite/formal-v1/runs/seed-wet060_002_4m-a10-w789-sc0" --dueWindowHalfWidth="789" --setupCostCoefficient="0"	${WORKSPACE}/experiment-suite/formal-v1/runs/seed-wet060_002_4m-a10-w789-sc0		seed
pricing-wet060_002_4m-a10-w789-sc0-ng_dssr	HEU.FormalExperimentRunner	--action="solve" --runId="pricing-wet060_002_4m-a10-w789-sc0-ng_dssr" --instance="${WORKSPACE}/experiment-suite/formal-v1/instances/60-4/wet060_002_4m_timeX10.dat" --algorithm="NG_DSSR" --outputDir="${WORKSPACE}/experiment-suite/formal-v1/runs/pricing-comparison/pricing-wet060_002_4m-a10-w789-sc0-ng_dssr" --seedFile="${WORKSPACE}/experiment-suite/formal-v1/seeds/wet060_002_4m-a10-w789-sc0.seed" --dueWindowHalfWidth="789" --setupCostCoefficient="0" --outsourcingModel="none" --outsourcingUnitRate="1" --discountStrength="0" --timeLimitSeconds="10800" --maxNodes="100000"	${WORKSPACE}/experiment-suite/formal-v1/runs/pricing-comparison/pricing-wet060_002_4m-a10-w789-sc0-ng_dssr	seed-wet060_002_4m-a10-w789-sc0	pricing-comparison
pricing-wet060_002_4m-a10-w789-sc0-time_indexed	HEU.FormalExperimentRunner	--action="solve" --runId="pricing-wet060_002_4m-a10-w789-sc0-time_indexed" --instance="${WORKSPACE}/experiment-suite/formal-v1/instances/60-4/wet060_002_4m_timeX10.dat" --algorithm="TIME_INDEXED" --outputDir="${WORKSPACE}/experiment-suite/formal-v1/runs/pricing-comparison/pricing-wet060_002_4m-a10-w789-sc0-time_indexed" --seedFile="${WORKSPACE}/experiment-suite/formal-v1/seeds/wet060_002_4m-a10-w789-sc0.seed" --dueWindowHalfWidth="789" --setupCostCoefficient="0" --outsourcingModel="none" --outsourcingUnitRate="1" --discountStrength="0" --timeLimitSeconds="10800" --maxNodes="100000"	${WORKSPACE}/experiment-suite/formal-v1/runs/pricing-comparison/pricing-wet060_002_4m-a10-w789-sc0-time_indexed	seed-wet060_002_4m-a10-w789-sc0	pricing-comparison
pricing-wet060_002_4m-a10-w789-sc0-time_indexed_sri	HEU.FormalExperimentRunner	--action="solve" --runId="pricing-wet060_002_4m-a10-w789-sc0-time_indexed_sri" --instance="${WORKSPACE}/experiment-suite/formal-v1/instances/60-4/wet060_002_4m_timeX10.dat" --algorithm="TIME_INDEXED_SRI" --outputDir="${WORKSPACE}/experiment-suite/formal-v1/runs/pricing-comparison/pricing-wet060_002_4m-a10-w789-sc0-time_indexed_sri" --seedFile="${WORKSPACE}/experiment-suite/formal-v1/seeds/wet060_002_4m-a10-w789-sc0.seed" --dueWindowHalfWidth="789" --setupCostCoefficient="0" --outsourcingModel="none" --outsourcingUnitRate="1" --discountStrength="0" --timeLimitSeconds="10800" --maxNodes="100000"	${WORKSPACE}/experiment-suite/formal-v1/runs/pricing-comparison/pricing-wet060_002_4m-a10-w789-sc0-time_indexed_sri	seed-wet060_002_4m-a10-w789-sc0	pricing-comparison
seed-wet060_002_4m-a10-w2367-sc0	HEU.FormalExperimentRunner	--action="seed" --runId="seed-wet060_002_4m-a10-w2367-sc0" --instance="${WORKSPACE}/experiment-suite/formal-v1/instances/60-4/wet060_002_4m_timeX10.dat" --seedFile="${WORKSPACE}/experiment-suite/formal-v1/seeds/wet060_002_4m-a10-w2367-sc0.seed" --outputDir="${WORKSPACE}/experiment-suite/formal-v1/runs/seed-wet060_002_4m-a10-w2367-sc0" --dueWindowHalfWidth="2367" --setupCostCoefficient="0"	${WORKSPACE}/experiment-suite/formal-v1/runs/seed-wet060_002_4m-a10-w2367-sc0		seed
pricing-wet060_002_4m-a10-w2367-sc0-ng_dssr	HEU.FormalExperimentRunner	--action="solve" --runId="pricing-wet060_002_4m-a10-w2367-sc0-ng_dssr" --instance="${WORKSPACE}/experiment-suite/formal-v1/instances/60-4/wet060_002_4m_timeX10.dat" --algorithm="NG_DSSR" --outputDir="${WORKSPACE}/experiment-suite/formal-v1/runs/pricing-comparison/pricing-wet060_002_4m-a10-w2367-sc0-ng_dssr" --seedFile="${WORKSPACE}/experiment-suite/formal-v1/seeds/wet060_002_4m-a10-w2367-sc0.seed" --dueWindowHalfWidth="2367" --setupCostCoefficient="0" --outsourcingModel="none" --outsourcingUnitRate="1" --discountStrength="0" --timeLimitSeconds="10800" --maxNodes="100000"	${WORKSPACE}/experiment-suite/formal-v1/runs/pricing-comparison/pricing-wet060_002_4m-a10-w2367-sc0-ng_dssr	seed-wet060_002_4m-a10-w2367-sc0	pricing-comparison
pricing-wet060_002_4m-a10-w2367-sc0-time_indexed	HEU.FormalExperimentRunner	--action="solve" --runId="pricing-wet060_002_4m-a10-w2367-sc0-time_indexed" --instance="${WORKSPACE}/experiment-suite/formal-v1/instances/60-4/wet060_002_4m_timeX10.dat" --algorithm="TIME_INDEXED" --outputDir="${WORKSPACE}/experiment-suite/formal-v1/runs/pricing-comparison/pricing-wet060_002_4m-a10-w2367-sc0-time_indexed" --seedFile="${WORKSPACE}/experiment-suite/formal-v1/seeds/wet060_002_4m-a10-w2367-sc0.seed" --dueWindowHalfWidth="2367" --setupCostCoefficient="0" --outsourcingModel="none" --outsourcingUnitRate="1" --discountStrength="0" --timeLimitSeconds="10800" --maxNodes="100000"	${WORKSPACE}/experiment-suite/formal-v1/runs/pricing-comparison/pricing-wet060_002_4m-a10-w2367-sc0-time_indexed	seed-wet060_002_4m-a10-w2367-sc0	pricing-comparison
pricing-wet060_002_4m-a10-w2367-sc0-time_indexed_sri	HEU.FormalExperimentRunner	--action="solve" --runId="pricing-wet060_002_4m-a10-w2367-sc0-time_indexed_sri" --instance="${WORKSPACE}/experiment-suite/formal-v1/instances/60-4/wet060_002_4m_timeX10.dat" --algorithm="TIME_INDEXED_SRI" --outputDir="${WORKSPACE}/experiment-suite/formal-v1/runs/pricing-comparison/pricing-wet060_002_4m-a10-w2367-sc0-time_indexed_sri" --seedFile="${WORKSPACE}/experiment-suite/formal-v1/seeds/wet060_002_4m-a10-w2367-sc0.seed" --dueWindowHalfWidth="2367" --setupCostCoefficient="0" --outsourcingModel="none" --outsourcingUnitRate="1" --discountStrength="0" --timeLimitSeconds="10800" --maxNodes="100000"	${WORKSPACE}/experiment-suite/formal-v1/runs/pricing-comparison/pricing-wet060_002_4m-a10-w2367-sc0-time_indexed_sri	seed-wet060_002_4m-a10-w2367-sc0	pricing-comparison
seed-wet060_003_4m-a1-w0-sc0	HEU.FormalExperimentRunner	--action="seed" --runId="seed-wet060_003_4m-a1-w0-sc0" --instance="${WORKSPACE}/data/60-4/wet060_003_4m.dat" --seedFile="${WORKSPACE}/experiment-suite/formal-v1/seeds/wet060_003_4m-a1-w0-sc0.seed" --outputDir="${WORKSPACE}/experiment-suite/formal-v1/runs/seed-wet060_003_4m-a1-w0-sc0" --dueWindowHalfWidth="0" --setupCostCoefficient="0"	${WORKSPACE}/experiment-suite/formal-v1/runs/seed-wet060_003_4m-a1-w0-sc0		seed
pricing-wet060_003_4m-a1-w0-sc0-ng_dssr	HEU.FormalExperimentRunner	--action="solve" --runId="pricing-wet060_003_4m-a1-w0-sc0-ng_dssr" --instance="${WORKSPACE}/data/60-4/wet060_003_4m.dat" --algorithm="NG_DSSR" --outputDir="${WORKSPACE}/experiment-suite/formal-v1/runs/pricing-comparison/pricing-wet060_003_4m-a1-w0-sc0-ng_dssr" --seedFile="${WORKSPACE}/experiment-suite/formal-v1/seeds/wet060_003_4m-a1-w0-sc0.seed" --dueWindowHalfWidth="0" --setupCostCoefficient="0" --outsourcingModel="none" --outsourcingUnitRate="1" --discountStrength="0" --timeLimitSeconds="10800" --maxNodes="100000"	${WORKSPACE}/experiment-suite/formal-v1/runs/pricing-comparison/pricing-wet060_003_4m-a1-w0-sc0-ng_dssr	seed-wet060_003_4m-a1-w0-sc0	pricing-comparison
pricing-wet060_003_4m-a1-w0-sc0-time_indexed	HEU.FormalExperimentRunner	--action="solve" --runId="pricing-wet060_003_4m-a1-w0-sc0-time_indexed" --instance="${WORKSPACE}/data/60-4/wet060_003_4m.dat" --algorithm="TIME_INDEXED" --outputDir="${WORKSPACE}/experiment-suite/formal-v1/runs/pricing-comparison/pricing-wet060_003_4m-a1-w0-sc0-time_indexed" --seedFile="${WORKSPACE}/experiment-suite/formal-v1/seeds/wet060_003_4m-a1-w0-sc0.seed" --dueWindowHalfWidth="0" --setupCostCoefficient="0" --outsourcingModel="none" --outsourcingUnitRate="1" --discountStrength="0" --timeLimitSeconds="10800" --maxNodes="100000"	${WORKSPACE}/experiment-suite/formal-v1/runs/pricing-comparison/pricing-wet060_003_4m-a1-w0-sc0-time_indexed	seed-wet060_003_4m-a1-w0-sc0	pricing-comparison
pricing-wet060_003_4m-a1-w0-sc0-time_indexed_sri	HEU.FormalExperimentRunner	--action="solve" --runId="pricing-wet060_003_4m-a1-w0-sc0-time_indexed_sri" --instance="${WORKSPACE}/data/60-4/wet060_003_4m.dat" --algorithm="TIME_INDEXED_SRI" --outputDir="${WORKSPACE}/experiment-suite/formal-v1/runs/pricing-comparison/pricing-wet060_003_4m-a1-w0-sc0-time_indexed_sri" --seedFile="${WORKSPACE}/experiment-suite/formal-v1/seeds/wet060_003_4m-a1-w0-sc0.seed" --dueWindowHalfWidth="0" --setupCostCoefficient="0" --outsourcingModel="none" --outsourcingUnitRate="1" --discountStrength="0" --timeLimitSeconds="10800" --maxNodes="100000"	${WORKSPACE}/experiment-suite/formal-v1/runs/pricing-comparison/pricing-wet060_003_4m-a1-w0-sc0-time_indexed_sri	seed-wet060_003_4m-a1-w0-sc0	pricing-comparison
seed-wet060_003_4m-a1-w75-sc0	HEU.FormalExperimentRunner	--action="seed" --runId="seed-wet060_003_4m-a1-w75-sc0" --instance="${WORKSPACE}/data/60-4/wet060_003_4m.dat" --seedFile="${WORKSPACE}/experiment-suite/formal-v1/seeds/wet060_003_4m-a1-w75-sc0.seed" --outputDir="${WORKSPACE}/experiment-suite/formal-v1/runs/seed-wet060_003_4m-a1-w75-sc0" --dueWindowHalfWidth="75" --setupCostCoefficient="0"	${WORKSPACE}/experiment-suite/formal-v1/runs/seed-wet060_003_4m-a1-w75-sc0		seed
pricing-wet060_003_4m-a1-w75-sc0-ng_dssr	HEU.FormalExperimentRunner	--action="solve" --runId="pricing-wet060_003_4m-a1-w75-sc0-ng_dssr" --instance="${WORKSPACE}/data/60-4/wet060_003_4m.dat" --algorithm="NG_DSSR" --outputDir="${WORKSPACE}/experiment-suite/formal-v1/runs/pricing-comparison/pricing-wet060_003_4m-a1-w75-sc0-ng_dssr" --seedFile="${WORKSPACE}/experiment-suite/formal-v1/seeds/wet060_003_4m-a1-w75-sc0.seed" --dueWindowHalfWidth="75" --setupCostCoefficient="0" --outsourcingModel="none" --outsourcingUnitRate="1" --discountStrength="0" --timeLimitSeconds="10800" --maxNodes="100000"	${WORKSPACE}/experiment-suite/formal-v1/runs/pricing-comparison/pricing-wet060_003_4m-a1-w75-sc0-ng_dssr	seed-wet060_003_4m-a1-w75-sc0	pricing-comparison
pricing-wet060_003_4m-a1-w75-sc0-time_indexed	HEU.FormalExperimentRunner	--action="solve" --runId="pricing-wet060_003_4m-a1-w75-sc0-time_indexed" --instance="${WORKSPACE}/data/60-4/wet060_003_4m.dat" --algorithm="TIME_INDEXED" --outputDir="${WORKSPACE}/experiment-suite/formal-v1/runs/pricing-comparison/pricing-wet060_003_4m-a1-w75-sc0-time_indexed" --seedFile="${WORKSPACE}/experiment-suite/formal-v1/seeds/wet060_003_4m-a1-w75-sc0.seed" --dueWindowHalfWidth="75" --setupCostCoefficient="0" --outsourcingModel="none" --outsourcingUnitRate="1" --discountStrength="0" --timeLimitSeconds="10800" --maxNodes="100000"	${WORKSPACE}/experiment-suite/formal-v1/runs/pricing-comparison/pricing-wet060_003_4m-a1-w75-sc0-time_indexed	seed-wet060_003_4m-a1-w75-sc0	pricing-comparison
pricing-wet060_003_4m-a1-w75-sc0-time_indexed_sri	HEU.FormalExperimentRunner	--action="solve" --runId="pricing-wet060_003_4m-a1-w75-sc0-time_indexed_sri" --instance="${WORKSPACE}/data/60-4/wet060_003_4m.dat" --algorithm="TIME_INDEXED_SRI" --outputDir="${WORKSPACE}/experiment-suite/formal-v1/runs/pricing-comparison/pricing-wet060_003_4m-a1-w75-sc0-time_indexed_sri" --seedFile="${WORKSPACE}/experiment-suite/formal-v1/seeds/wet060_003_4m-a1-w75-sc0.seed" --dueWindowHalfWidth="75" --setupCostCoefficient="0" --outsourcingModel="none" --outsourcingUnitRate="1" --discountStrength="0" --timeLimitSeconds="10800" --maxNodes="100000"	${WORKSPACE}/experiment-suite/formal-v1/runs/pricing-comparison/pricing-wet060_003_4m-a1-w75-sc0-time_indexed_sri	seed-wet060_003_4m-a1-w75-sc0	pricing-comparison
seed-wet060_003_4m-a1-w224-sc0	HEU.FormalExperimentRunner	--action="seed" --runId="seed-wet060_003_4m-a1-w224-sc0" --instance="${WORKSPACE}/data/60-4/wet060_003_4m.dat" --seedFile="${WORKSPACE}/experiment-suite/formal-v1/seeds/wet060_003_4m-a1-w224-sc0.seed" --outputDir="${WORKSPACE}/experiment-suite/formal-v1/runs/seed-wet060_003_4m-a1-w224-sc0" --dueWindowHalfWidth="224" --setupCostCoefficient="0"	${WORKSPACE}/experiment-suite/formal-v1/runs/seed-wet060_003_4m-a1-w224-sc0		seed
pricing-wet060_003_4m-a1-w224-sc0-ng_dssr	HEU.FormalExperimentRunner	--action="solve" --runId="pricing-wet060_003_4m-a1-w224-sc0-ng_dssr" --instance="${WORKSPACE}/data/60-4/wet060_003_4m.dat" --algorithm="NG_DSSR" --outputDir="${WORKSPACE}/experiment-suite/formal-v1/runs/pricing-comparison/pricing-wet060_003_4m-a1-w224-sc0-ng_dssr" --seedFile="${WORKSPACE}/experiment-suite/formal-v1/seeds/wet060_003_4m-a1-w224-sc0.seed" --dueWindowHalfWidth="224" --setupCostCoefficient="0" --outsourcingModel="none" --outsourcingUnitRate="1" --discountStrength="0" --timeLimitSeconds="10800" --maxNodes="100000"	${WORKSPACE}/experiment-suite/formal-v1/runs/pricing-comparison/pricing-wet060_003_4m-a1-w224-sc0-ng_dssr	seed-wet060_003_4m-a1-w224-sc0	pricing-comparison
pricing-wet060_003_4m-a1-w224-sc0-time_indexed	HEU.FormalExperimentRunner	--action="solve" --runId="pricing-wet060_003_4m-a1-w224-sc0-time_indexed" --instance="${WORKSPACE}/data/60-4/wet060_003_4m.dat" --algorithm="TIME_INDEXED" --outputDir="${WORKSPACE}/experiment-suite/formal-v1/runs/pricing-comparison/pricing-wet060_003_4m-a1-w224-sc0-time_indexed" --seedFile="${WORKSPACE}/experiment-suite/formal-v1/seeds/wet060_003_4m-a1-w224-sc0.seed" --dueWindowHalfWidth="224" --setupCostCoefficient="0" --outsourcingModel="none" --outsourcingUnitRate="1" --discountStrength="0" --timeLimitSeconds="10800" --maxNodes="100000"	${WORKSPACE}/experiment-suite/formal-v1/runs/pricing-comparison/pricing-wet060_003_4m-a1-w224-sc0-time_indexed	seed-wet060_003_4m-a1-w224-sc0	pricing-comparison
pricing-wet060_003_4m-a1-w224-sc0-time_indexed_sri	HEU.FormalExperimentRunner	--action="solve" --runId="pricing-wet060_003_4m-a1-w224-sc0-time_indexed_sri" --instance="${WORKSPACE}/data/60-4/wet060_003_4m.dat" --algorithm="TIME_INDEXED_SRI" --outputDir="${WORKSPACE}/experiment-suite/formal-v1/runs/pricing-comparison/pricing-wet060_003_4m-a1-w224-sc0-time_indexed_sri" --seedFile="${WORKSPACE}/experiment-suite/formal-v1/seeds/wet060_003_4m-a1-w224-sc0.seed" --dueWindowHalfWidth="224" --setupCostCoefficient="0" --outsourcingModel="none" --outsourcingUnitRate="1" --discountStrength="0" --timeLimitSeconds="10800" --maxNodes="100000"	${WORKSPACE}/experiment-suite/formal-v1/runs/pricing-comparison/pricing-wet060_003_4m-a1-w224-sc0-time_indexed_sri	seed-wet060_003_4m-a1-w224-sc0	pricing-comparison
seed-wet060_003_4m-a5-w0-sc0	HEU.FormalExperimentRunner	--action="seed" --runId="seed-wet060_003_4m-a5-w0-sc0" --instance="${WORKSPACE}/experiment-suite/formal-v1/instances/60-4/wet060_003_4m_timeX5.dat" --seedFile="${WORKSPACE}/experiment-suite/formal-v1/seeds/wet060_003_4m-a5-w0-sc0.seed" --outputDir="${WORKSPACE}/experiment-suite/formal-v1/runs/seed-wet060_003_4m-a5-w0-sc0" --dueWindowHalfWidth="0" --setupCostCoefficient="0"	${WORKSPACE}/experiment-suite/formal-v1/runs/seed-wet060_003_4m-a5-w0-sc0		seed
pricing-wet060_003_4m-a5-w0-sc0-ng_dssr	HEU.FormalExperimentRunner	--action="solve" --runId="pricing-wet060_003_4m-a5-w0-sc0-ng_dssr" --instance="${WORKSPACE}/experiment-suite/formal-v1/instances/60-4/wet060_003_4m_timeX5.dat" --algorithm="NG_DSSR" --outputDir="${WORKSPACE}/experiment-suite/formal-v1/runs/pricing-comparison/pricing-wet060_003_4m-a5-w0-sc0-ng_dssr" --seedFile="${WORKSPACE}/experiment-suite/formal-v1/seeds/wet060_003_4m-a5-w0-sc0.seed" --dueWindowHalfWidth="0" --setupCostCoefficient="0" --outsourcingModel="none" --outsourcingUnitRate="1" --discountStrength="0" --timeLimitSeconds="10800" --maxNodes="100000"	${WORKSPACE}/experiment-suite/formal-v1/runs/pricing-comparison/pricing-wet060_003_4m-a5-w0-sc0-ng_dssr	seed-wet060_003_4m-a5-w0-sc0	pricing-comparison
pricing-wet060_003_4m-a5-w0-sc0-time_indexed	HEU.FormalExperimentRunner	--action="solve" --runId="pricing-wet060_003_4m-a5-w0-sc0-time_indexed" --instance="${WORKSPACE}/experiment-suite/formal-v1/instances/60-4/wet060_003_4m_timeX5.dat" --algorithm="TIME_INDEXED" --outputDir="${WORKSPACE}/experiment-suite/formal-v1/runs/pricing-comparison/pricing-wet060_003_4m-a5-w0-sc0-time_indexed" --seedFile="${WORKSPACE}/experiment-suite/formal-v1/seeds/wet060_003_4m-a5-w0-sc0.seed" --dueWindowHalfWidth="0" --setupCostCoefficient="0" --outsourcingModel="none" --outsourcingUnitRate="1" --discountStrength="0" --timeLimitSeconds="10800" --maxNodes="100000"	${WORKSPACE}/experiment-suite/formal-v1/runs/pricing-comparison/pricing-wet060_003_4m-a5-w0-sc0-time_indexed	seed-wet060_003_4m-a5-w0-sc0	pricing-comparison
pricing-wet060_003_4m-a5-w0-sc0-time_indexed_sri	HEU.FormalExperimentRunner	--action="solve" --runId="pricing-wet060_003_4m-a5-w0-sc0-time_indexed_sri" --instance="${WORKSPACE}/experiment-suite/formal-v1/instances/60-4/wet060_003_4m_timeX5.dat" --algorithm="TIME_INDEXED_SRI" --outputDir="${WORKSPACE}/experiment-suite/formal-v1/runs/pricing-comparison/pricing-wet060_003_4m-a5-w0-sc0-time_indexed_sri" --seedFile="${WORKSPACE}/experiment-suite/formal-v1/seeds/wet060_003_4m-a5-w0-sc0.seed" --dueWindowHalfWidth="0" --setupCostCoefficient="0" --outsourcingModel="none" --outsourcingUnitRate="1" --discountStrength="0" --timeLimitSeconds="10800" --maxNodes="100000"	${WORKSPACE}/experiment-suite/formal-v1/runs/pricing-comparison/pricing-wet060_003_4m-a5-w0-sc0-time_indexed_sri	seed-wet060_003_4m-a5-w0-sc0	pricing-comparison
seed-wet060_003_4m-a5-w373-sc0	HEU.FormalExperimentRunner	--action="seed" --runId="seed-wet060_003_4m-a5-w373-sc0" --instance="${WORKSPACE}/experiment-suite/formal-v1/instances/60-4/wet060_003_4m_timeX5.dat" --seedFile="${WORKSPACE}/experiment-suite/formal-v1/seeds/wet060_003_4m-a5-w373-sc0.seed" --outputDir="${WORKSPACE}/experiment-suite/formal-v1/runs/seed-wet060_003_4m-a5-w373-sc0" --dueWindowHalfWidth="373" --setupCostCoefficient="0"	${WORKSPACE}/experiment-suite/formal-v1/runs/seed-wet060_003_4m-a5-w373-sc0		seed
pricing-wet060_003_4m-a5-w373-sc0-ng_dssr	HEU.FormalExperimentRunner	--action="solve" --runId="pricing-wet060_003_4m-a5-w373-sc0-ng_dssr" --instance="${WORKSPACE}/experiment-suite/formal-v1/instances/60-4/wet060_003_4m_timeX5.dat" --algorithm="NG_DSSR" --outputDir="${WORKSPACE}/experiment-suite/formal-v1/runs/pricing-comparison/pricing-wet060_003_4m-a5-w373-sc0-ng_dssr" --seedFile="${WORKSPACE}/experiment-suite/formal-v1/seeds/wet060_003_4m-a5-w373-sc0.seed" --dueWindowHalfWidth="373" --setupCostCoefficient="0" --outsourcingModel="none" --outsourcingUnitRate="1" --discountStrength="0" --timeLimitSeconds="10800" --maxNodes="100000"	${WORKSPACE}/experiment-suite/formal-v1/runs/pricing-comparison/pricing-wet060_003_4m-a5-w373-sc0-ng_dssr	seed-wet060_003_4m-a5-w373-sc0	pricing-comparison
pricing-wet060_003_4m-a5-w373-sc0-time_indexed	HEU.FormalExperimentRunner	--action="solve" --runId="pricing-wet060_003_4m-a5-w373-sc0-time_indexed" --instance="${WORKSPACE}/experiment-suite/formal-v1/instances/60-4/wet060_003_4m_timeX5.dat" --algorithm="TIME_INDEXED" --outputDir="${WORKSPACE}/experiment-suite/formal-v1/runs/pricing-comparison/pricing-wet060_003_4m-a5-w373-sc0-time_indexed" --seedFile="${WORKSPACE}/experiment-suite/formal-v1/seeds/wet060_003_4m-a5-w373-sc0.seed" --dueWindowHalfWidth="373" --setupCostCoefficient="0" --outsourcingModel="none" --outsourcingUnitRate="1" --discountStrength="0" --timeLimitSeconds="10800" --maxNodes="100000"	${WORKSPACE}/experiment-suite/formal-v1/runs/pricing-comparison/pricing-wet060_003_4m-a5-w373-sc0-time_indexed	seed-wet060_003_4m-a5-w373-sc0	pricing-comparison
pricing-wet060_003_4m-a5-w373-sc0-time_indexed_sri	HEU.FormalExperimentRunner	--action="solve" --runId="pricing-wet060_003_4m-a5-w373-sc0-time_indexed_sri" --instance="${WORKSPACE}/experiment-suite/formal-v1/instances/60-4/wet060_003_4m_timeX5.dat" --algorithm="TIME_INDEXED_SRI" --outputDir="${WORKSPACE}/experiment-suite/formal-v1/runs/pricing-comparison/pricing-wet060_003_4m-a5-w373-sc0-time_indexed_sri" --seedFile="${WORKSPACE}/experiment-suite/formal-v1/seeds/wet060_003_4m-a5-w373-sc0.seed" --dueWindowHalfWidth="373" --setupCostCoefficient="0" --outsourcingModel="none" --outsourcingUnitRate="1" --discountStrength="0" --timeLimitSeconds="10800" --maxNodes="100000"	${WORKSPACE}/experiment-suite/formal-v1/runs/pricing-comparison/pricing-wet060_003_4m-a5-w373-sc0-time_indexed_sri	seed-wet060_003_4m-a5-w373-sc0	pricing-comparison
seed-wet060_003_4m-a5-w1118-sc0	HEU.FormalExperimentRunner	--action="seed" --runId="seed-wet060_003_4m-a5-w1118-sc0" --instance="${WORKSPACE}/experiment-suite/formal-v1/instances/60-4/wet060_003_4m_timeX5.dat" --seedFile="${WORKSPACE}/experiment-suite/formal-v1/seeds/wet060_003_4m-a5-w1118-sc0.seed" --outputDir="${WORKSPACE}/experiment-suite/formal-v1/runs/seed-wet060_003_4m-a5-w1118-sc0" --dueWindowHalfWidth="1118" --setupCostCoefficient="0"	${WORKSPACE}/experiment-suite/formal-v1/runs/seed-wet060_003_4m-a5-w1118-sc0		seed
pricing-wet060_003_4m-a5-w1118-sc0-ng_dssr	HEU.FormalExperimentRunner	--action="solve" --runId="pricing-wet060_003_4m-a5-w1118-sc0-ng_dssr" --instance="${WORKSPACE}/experiment-suite/formal-v1/instances/60-4/wet060_003_4m_timeX5.dat" --algorithm="NG_DSSR" --outputDir="${WORKSPACE}/experiment-suite/formal-v1/runs/pricing-comparison/pricing-wet060_003_4m-a5-w1118-sc0-ng_dssr" --seedFile="${WORKSPACE}/experiment-suite/formal-v1/seeds/wet060_003_4m-a5-w1118-sc0.seed" --dueWindowHalfWidth="1118" --setupCostCoefficient="0" --outsourcingModel="none" --outsourcingUnitRate="1" --discountStrength="0" --timeLimitSeconds="10800" --maxNodes="100000"	${WORKSPACE}/experiment-suite/formal-v1/runs/pricing-comparison/pricing-wet060_003_4m-a5-w1118-sc0-ng_dssr	seed-wet060_003_4m-a5-w1118-sc0	pricing-comparison
pricing-wet060_003_4m-a5-w1118-sc0-time_indexed	HEU.FormalExperimentRunner	--action="solve" --runId="pricing-wet060_003_4m-a5-w1118-sc0-time_indexed" --instance="${WORKSPACE}/experiment-suite/formal-v1/instances/60-4/wet060_003_4m_timeX5.dat" --algorithm="TIME_INDEXED" --outputDir="${WORKSPACE}/experiment-suite/formal-v1/runs/pricing-comparison/pricing-wet060_003_4m-a5-w1118-sc0-time_indexed" --seedFile="${WORKSPACE}/experiment-suite/formal-v1/seeds/wet060_003_4m-a5-w1118-sc0.seed" --dueWindowHalfWidth="1118" --setupCostCoefficient="0" --outsourcingModel="none" --outsourcingUnitRate="1" --discountStrength="0" --timeLimitSeconds="10800" --maxNodes="100000"	${WORKSPACE}/experiment-suite/formal-v1/runs/pricing-comparison/pricing-wet060_003_4m-a5-w1118-sc0-time_indexed	seed-wet060_003_4m-a5-w1118-sc0	pricing-comparison
pricing-wet060_003_4m-a5-w1118-sc0-time_indexed_sri	HEU.FormalExperimentRunner	--action="solve" --runId="pricing-wet060_003_4m-a5-w1118-sc0-time_indexed_sri" --instance="${WORKSPACE}/experiment-suite/formal-v1/instances/60-4/wet060_003_4m_timeX5.dat" --algorithm="TIME_INDEXED_SRI" --outputDir="${WORKSPACE}/experiment-suite/formal-v1/runs/pricing-comparison/pricing-wet060_003_4m-a5-w1118-sc0-time_indexed_sri" --seedFile="${WORKSPACE}/experiment-suite/formal-v1/seeds/wet060_003_4m-a5-w1118-sc0.seed" --dueWindowHalfWidth="1118" --setupCostCoefficient="0" --outsourcingModel="none" --outsourcingUnitRate="1" --discountStrength="0" --timeLimitSeconds="10800" --maxNodes="100000"	${WORKSPACE}/experiment-suite/formal-v1/runs/pricing-comparison/pricing-wet060_003_4m-a5-w1118-sc0-time_indexed_sri	seed-wet060_003_4m-a5-w1118-sc0	pricing-comparison
seed-wet060_003_4m-a10-w0-sc0	HEU.FormalExperimentRunner	--action="seed" --runId="seed-wet060_003_4m-a10-w0-sc0" --instance="${WORKSPACE}/experiment-suite/formal-v1/instances/60-4/wet060_003_4m_timeX10.dat" --seedFile="${WORKSPACE}/experiment-suite/formal-v1/seeds/wet060_003_4m-a10-w0-sc0.seed" --outputDir="${WORKSPACE}/experiment-suite/formal-v1/runs/seed-wet060_003_4m-a10-w0-sc0" --dueWindowHalfWidth="0" --setupCostCoefficient="0"	${WORKSPACE}/experiment-suite/formal-v1/runs/seed-wet060_003_4m-a10-w0-sc0		seed
pricing-wet060_003_4m-a10-w0-sc0-ng_dssr	HEU.FormalExperimentRunner	--action="solve" --runId="pricing-wet060_003_4m-a10-w0-sc0-ng_dssr" --instance="${WORKSPACE}/experiment-suite/formal-v1/instances/60-4/wet060_003_4m_timeX10.dat" --algorithm="NG_DSSR" --outputDir="${WORKSPACE}/experiment-suite/formal-v1/runs/pricing-comparison/pricing-wet060_003_4m-a10-w0-sc0-ng_dssr" --seedFile="${WORKSPACE}/experiment-suite/formal-v1/seeds/wet060_003_4m-a10-w0-sc0.seed" --dueWindowHalfWidth="0" --setupCostCoefficient="0" --outsourcingModel="none" --outsourcingUnitRate="1" --discountStrength="0" --timeLimitSeconds="10800" --maxNodes="100000"	${WORKSPACE}/experiment-suite/formal-v1/runs/pricing-comparison/pricing-wet060_003_4m-a10-w0-sc0-ng_dssr	seed-wet060_003_4m-a10-w0-sc0	pricing-comparison
pricing-wet060_003_4m-a10-w0-sc0-time_indexed	HEU.FormalExperimentRunner	--action="solve" --runId="pricing-wet060_003_4m-a10-w0-sc0-time_indexed" --instance="${WORKSPACE}/experiment-suite/formal-v1/instances/60-4/wet060_003_4m_timeX10.dat" --algorithm="TIME_INDEXED" --outputDir="${WORKSPACE}/experiment-suite/formal-v1/runs/pricing-comparison/pricing-wet060_003_4m-a10-w0-sc0-time_indexed" --seedFile="${WORKSPACE}/experiment-suite/formal-v1/seeds/wet060_003_4m-a10-w0-sc0.seed" --dueWindowHalfWidth="0" --setupCostCoefficient="0" --outsourcingModel="none" --outsourcingUnitRate="1" --discountStrength="0" --timeLimitSeconds="10800" --maxNodes="100000"	${WORKSPACE}/experiment-suite/formal-v1/runs/pricing-comparison/pricing-wet060_003_4m-a10-w0-sc0-time_indexed	seed-wet060_003_4m-a10-w0-sc0	pricing-comparison
pricing-wet060_003_4m-a10-w0-sc0-time_indexed_sri	HEU.FormalExperimentRunner	--action="solve" --runId="pricing-wet060_003_4m-a10-w0-sc0-time_indexed_sri" --instance="${WORKSPACE}/experiment-suite/formal-v1/instances/60-4/wet060_003_4m_timeX10.dat" --algorithm="TIME_INDEXED_SRI" --outputDir="${WORKSPACE}/experiment-suite/formal-v1/runs/pricing-comparison/pricing-wet060_003_4m-a10-w0-sc0-time_indexed_sri" --seedFile="${WORKSPACE}/experiment-suite/formal-v1/seeds/wet060_003_4m-a10-w0-sc0.seed" --dueWindowHalfWidth="0" --setupCostCoefficient="0" --outsourcingModel="none" --outsourcingUnitRate="1" --discountStrength="0" --timeLimitSeconds="10800" --maxNodes="100000"	${WORKSPACE}/experiment-suite/formal-v1/runs/pricing-comparison/pricing-wet060_003_4m-a10-w0-sc0-time_indexed_sri	seed-wet060_003_4m-a10-w0-sc0	pricing-comparison
seed-wet060_003_4m-a10-w745-sc0	HEU.FormalExperimentRunner	--action="seed" --runId="seed-wet060_003_4m-a10-w745-sc0" --instance="${WORKSPACE}/experiment-suite/formal-v1/instances/60-4/wet060_003_4m_timeX10.dat" --seedFile="${WORKSPACE}/experiment-suite/formal-v1/seeds/wet060_003_4m-a10-w745-sc0.seed" --outputDir="${WORKSPACE}/experiment-suite/formal-v1/runs/seed-wet060_003_4m-a10-w745-sc0" --dueWindowHalfWidth="745" --setupCostCoefficient="0"	${WORKSPACE}/experiment-suite/formal-v1/runs/seed-wet060_003_4m-a10-w745-sc0		seed
pricing-wet060_003_4m-a10-w745-sc0-ng_dssr	HEU.FormalExperimentRunner	--action="solve" --runId="pricing-wet060_003_4m-a10-w745-sc0-ng_dssr" --instance="${WORKSPACE}/experiment-suite/formal-v1/instances/60-4/wet060_003_4m_timeX10.dat" --algorithm="NG_DSSR" --outputDir="${WORKSPACE}/experiment-suite/formal-v1/runs/pricing-comparison/pricing-wet060_003_4m-a10-w745-sc0-ng_dssr" --seedFile="${WORKSPACE}/experiment-suite/formal-v1/seeds/wet060_003_4m-a10-w745-sc0.seed" --dueWindowHalfWidth="745" --setupCostCoefficient="0" --outsourcingModel="none" --outsourcingUnitRate="1" --discountStrength="0" --timeLimitSeconds="10800" --maxNodes="100000"	${WORKSPACE}/experiment-suite/formal-v1/runs/pricing-comparison/pricing-wet060_003_4m-a10-w745-sc0-ng_dssr	seed-wet060_003_4m-a10-w745-sc0	pricing-comparison
pricing-wet060_003_4m-a10-w745-sc0-time_indexed	HEU.FormalExperimentRunner	--action="solve" --runId="pricing-wet060_003_4m-a10-w745-sc0-time_indexed" --instance="${WORKSPACE}/experiment-suite/formal-v1/instances/60-4/wet060_003_4m_timeX10.dat" --algorithm="TIME_INDEXED" --outputDir="${WORKSPACE}/experiment-suite/formal-v1/runs/pricing-comparison/pricing-wet060_003_4m-a10-w745-sc0-time_indexed" --seedFile="${WORKSPACE}/experiment-suite/formal-v1/seeds/wet060_003_4m-a10-w745-sc0.seed" --dueWindowHalfWidth="745" --setupCostCoefficient="0" --outsourcingModel="none" --outsourcingUnitRate="1" --discountStrength="0" --timeLimitSeconds="10800" --maxNodes="100000"	${WORKSPACE}/experiment-suite/formal-v1/runs/pricing-comparison/pricing-wet060_003_4m-a10-w745-sc0-time_indexed	seed-wet060_003_4m-a10-w745-sc0	pricing-comparison
pricing-wet060_003_4m-a10-w745-sc0-time_indexed_sri	HEU.FormalExperimentRunner	--action="solve" --runId="pricing-wet060_003_4m-a10-w745-sc0-time_indexed_sri" --instance="${WORKSPACE}/experiment-suite/formal-v1/instances/60-4/wet060_003_4m_timeX10.dat" --algorithm="TIME_INDEXED_SRI" --outputDir="${WORKSPACE}/experiment-suite/formal-v1/runs/pricing-comparison/pricing-wet060_003_4m-a10-w745-sc0-time_indexed_sri" --seedFile="${WORKSPACE}/experiment-suite/formal-v1/seeds/wet060_003_4m-a10-w745-sc0.seed" --dueWindowHalfWidth="745" --setupCostCoefficient="0" --outsourcingModel="none" --outsourcingUnitRate="1" --discountStrength="0" --timeLimitSeconds="10800" --maxNodes="100000"	${WORKSPACE}/experiment-suite/formal-v1/runs/pricing-comparison/pricing-wet060_003_4m-a10-w745-sc0-time_indexed_sri	seed-wet060_003_4m-a10-w745-sc0	pricing-comparison
seed-wet060_003_4m-a10-w2236-sc0	HEU.FormalExperimentRunner	--action="seed" --runId="seed-wet060_003_4m-a10-w2236-sc0" --instance="${WORKSPACE}/experiment-suite/formal-v1/instances/60-4/wet060_003_4m_timeX10.dat" --seedFile="${WORKSPACE}/experiment-suite/formal-v1/seeds/wet060_003_4m-a10-w2236-sc0.seed" --outputDir="${WORKSPACE}/experiment-suite/formal-v1/runs/seed-wet060_003_4m-a10-w2236-sc0" --dueWindowHalfWidth="2236" --setupCostCoefficient="0"	${WORKSPACE}/experiment-suite/formal-v1/runs/seed-wet060_003_4m-a10-w2236-sc0		seed
pricing-wet060_003_4m-a10-w2236-sc0-ng_dssr	HEU.FormalExperimentRunner	--action="solve" --runId="pricing-wet060_003_4m-a10-w2236-sc0-ng_dssr" --instance="${WORKSPACE}/experiment-suite/formal-v1/instances/60-4/wet060_003_4m_timeX10.dat" --algorithm="NG_DSSR" --outputDir="${WORKSPACE}/experiment-suite/formal-v1/runs/pricing-comparison/pricing-wet060_003_4m-a10-w2236-sc0-ng_dssr" --seedFile="${WORKSPACE}/experiment-suite/formal-v1/seeds/wet060_003_4m-a10-w2236-sc0.seed" --dueWindowHalfWidth="2236" --setupCostCoefficient="0" --outsourcingModel="none" --outsourcingUnitRate="1" --discountStrength="0" --timeLimitSeconds="10800" --maxNodes="100000"	${WORKSPACE}/experiment-suite/formal-v1/runs/pricing-comparison/pricing-wet060_003_4m-a10-w2236-sc0-ng_dssr	seed-wet060_003_4m-a10-w2236-sc0	pricing-comparison
pricing-wet060_003_4m-a10-w2236-sc0-time_indexed	HEU.FormalExperimentRunner	--action="solve" --runId="pricing-wet060_003_4m-a10-w2236-sc0-time_indexed" --instance="${WORKSPACE}/experiment-suite/formal-v1/instances/60-4/wet060_003_4m_timeX10.dat" --algorithm="TIME_INDEXED" --outputDir="${WORKSPACE}/experiment-suite/formal-v1/runs/pricing-comparison/pricing-wet060_003_4m-a10-w2236-sc0-time_indexed" --seedFile="${WORKSPACE}/experiment-suite/formal-v1/seeds/wet060_003_4m-a10-w2236-sc0.seed" --dueWindowHalfWidth="2236" --setupCostCoefficient="0" --outsourcingModel="none" --outsourcingUnitRate="1" --discountStrength="0" --timeLimitSeconds="10800" --maxNodes="100000"	${WORKSPACE}/experiment-suite/formal-v1/runs/pricing-comparison/pricing-wet060_003_4m-a10-w2236-sc0-time_indexed	seed-wet060_003_4m-a10-w2236-sc0	pricing-comparison
pricing-wet060_003_4m-a10-w2236-sc0-time_indexed_sri	HEU.FormalExperimentRunner	--action="solve" --runId="pricing-wet060_003_4m-a10-w2236-sc0-time_indexed_sri" --instance="${WORKSPACE}/experiment-suite/formal-v1/instances/60-4/wet060_003_4m_timeX10.dat" --algorithm="TIME_INDEXED_SRI" --outputDir="${WORKSPACE}/experiment-suite/formal-v1/runs/pricing-comparison/pricing-wet060_003_4m-a10-w2236-sc0-time_indexed_sri" --seedFile="${WORKSPACE}/experiment-suite/formal-v1/seeds/wet060_003_4m-a10-w2236-sc0.seed" --dueWindowHalfWidth="2236" --setupCostCoefficient="0" --outsourcingModel="none" --outsourcingUnitRate="1" --discountStrength="0" --timeLimitSeconds="10800" --maxNodes="100000"	${WORKSPACE}/experiment-suite/formal-v1/runs/pricing-comparison/pricing-wet060_003_4m-a10-w2236-sc0-time_indexed_sri	seed-wet060_003_4m-a10-w2236-sc0	pricing-comparison
