taskSetId	size	caseIndex	machines	setupType	scaleLevel	nominalScale	windowLevel	windowMinimum	windowMaximum	windowFingerprint	instance	sourceFile	averageProcessing
n050-set01	50	1	2	family	base	1	zero	0	0	84cfbc0f499f8ee4d0c98ebb7b4785f9dbd066c955c4003aa4345e2ff03727dd	data/n050-set01/family/base/zero/m2.dat	data/50-1/wet050_060.dat	52.200000000
n050-set01	50	1	3	family	base	1	zero	0	0	84cfbc0f499f8ee4d0c98ebb7b4785f9dbd066c955c4003aa4345e2ff03727dd	data/n050-set01/family/base/zero/m3.dat	data/50-1/wet050_060.dat	52.200000000
n050-set01	50	1	4	family	base	1	zero	0	0	84cfbc0f499f8ee4d0c98ebb7b4785f9dbd066c955c4003aa4345e2ff03727dd	data/n050-set01/family/base/zero/m4.dat	data/50-1/wet050_060.dat	52.200000000
n050-set01	50	1	2	family	base	1	narrow	80	120	a5d002d7c170618d97f7106ad637ad7639ba3ae9583af9697ed782626dd23b2d	data/n050-set01/family/base/narrow/m2.dat	data/50-1/wet050_060.dat	52.200000000
n050-set01	50	1	3	family	base	1	narrow	80	120	a5d002d7c170618d97f7106ad637ad7639ba3ae9583af9697ed782626dd23b2d	data/n050-set01/family/base/narrow/m3.dat	data/50-1/wet050_060.dat	52.200000000
n050-set01	50	1	4	family	base	1	narrow	80	120	a5d002d7c170618d97f7106ad637ad7639ba3ae9583af9697ed782626dd23b2d	data/n050-set01/family/base/narrow/m4.dat	data/50-1/wet050_060.dat	52.200000000
n050-set01	50	1	2	family	base	1	wide	280	320	368918e20795735060c8bffca5991f7ab92fc798f998cc6c7cc2307237aa6a11	data/n050-set01/family/base/wide/m2.dat	data/50-1/wet050_060.dat	52.200000000
n050-set01	50	1	3	family	base	1	wide	280	320	368918e20795735060c8bffca5991f7ab92fc798f998cc6c7cc2307237aa6a11	data/n050-set01/family/base/wide/m3.dat	data/50-1/wet050_060.dat	52.200000000
n050-set01	50	1	4	family	base	1	wide	280	320	368918e20795735060c8bffca5991f7ab92fc798f998cc6c7cc2307237aa6a11	data/n050-set01/family/base/wide/m4.dat	data/50-1/wet050_060.dat	52.200000000
n050-set01	50	1	2	family	medium	10	zero	0	0	84cfbc0f499f8ee4d0c98ebb7b4785f9dbd066c955c4003aa4345e2ff03727dd	data/n050-set01/family/medium-heterogeneous/zero/m2.dat	data/50-1/wet050_060.dat	542.080000000
n050-set01	50	1	3	family	medium	10	zero	0	0	84cfbc0f499f8ee4d0c98ebb7b4785f9dbd066c955c4003aa4345e2ff03727dd	data/n050-set01/family/medium-heterogeneous/zero/m3.dat	data/50-1/wet050_060.dat	542.080000000
n050-set01	50	1	4	family	medium	10	zero	0	0	84cfbc0f499f8ee4d0c98ebb7b4785f9dbd066c955c4003aa4345e2ff03727dd	data/n050-set01/family/medium-heterogeneous/zero/m4.dat	data/50-1/wet050_060.dat	542.080000000
n050-set01	50	1	2	family	medium	10	narrow	800	1200	c777e93152bd91d0a05475a87df9610e9ab3f159332b284fd5982a10a92c3b83	data/n050-set01/family/medium-heterogeneous/narrow/m2.dat	data/50-1/wet050_060.dat	542.080000000
n050-set01	50	1	3	family	medium	10	narrow	800	1200	c777e93152bd91d0a05475a87df9610e9ab3f159332b284fd5982a10a92c3b83	data/n050-set01/family/medium-heterogeneous/narrow/m3.dat	data/50-1/wet050_060.dat	542.080000000
n050-set01	50	1	4	family	medium	10	narrow	800	1200	c777e93152bd91d0a05475a87df9610e9ab3f159332b284fd5982a10a92c3b83	data/n050-set01/family/medium-heterogeneous/narrow/m4.dat	data/50-1/wet050_060.dat	542.080000000
n050-set01	50	1	2	family	medium	10	wide	2800	3200	f25d144a322f4f1864269c3b53606b4c6258352588706308b415457504698835	data/n050-set01/family/medium-heterogeneous/wide/m2.dat	data/50-1/wet050_060.dat	542.080000000
n050-set01	50	1	3	family	medium	10	wide	2800	3200	f25d144a322f4f1864269c3b53606b4c6258352588706308b415457504698835	data/n050-set01/family/medium-heterogeneous/wide/m3.dat	data/50-1/wet050_060.dat	542.080000000
n050-set01	50	1	4	family	medium	10	wide	2800	3200	f25d144a322f4f1864269c3b53606b4c6258352588706308b415457504698835	data/n050-set01/family/medium-heterogeneous/wide/m4.dat	data/50-1/wet050_060.dat	542.080000000
n050-set01	50	1	2	family	high	20	zero	0	0	84cfbc0f499f8ee4d0c98ebb7b4785f9dbd066c955c4003aa4345e2ff03727dd	data/n050-set01/family/high-heterogeneous/zero/m2.dat	data/50-1/wet050_060.dat	1043.040000000
n050-set01	50	1	3	family	high	20	zero	0	0	84cfbc0f499f8ee4d0c98ebb7b4785f9dbd066c955c4003aa4345e2ff03727dd	data/n050-set01/family/high-heterogeneous/zero/m3.dat	data/50-1/wet050_060.dat	1043.040000000
n050-set01	50	1	4	family	high	20	zero	0	0	84cfbc0f499f8ee4d0c98ebb7b4785f9dbd066c955c4003aa4345e2ff03727dd	data/n050-set01/family/high-heterogeneous/zero/m4.dat	data/50-1/wet050_060.dat	1043.040000000
n050-set01	50	1	2	family	high	20	narrow	1600	2400	1eab2dd87f2d98d2a9c39f98bd0d1b095f0a25da4969a601710af8de4bdb9702	data/n050-set01/family/high-heterogeneous/narrow/m2.dat	data/50-1/wet050_060.dat	1043.040000000
n050-set01	50	1	3	family	high	20	narrow	1600	2400	1eab2dd87f2d98d2a9c39f98bd0d1b095f0a25da4969a601710af8de4bdb9702	data/n050-set01/family/high-heterogeneous/narrow/m3.dat	data/50-1/wet050_060.dat	1043.040000000
n050-set01	50	1	4	family	high	20	narrow	1600	2400	1eab2dd87f2d98d2a9c39f98bd0d1b095f0a25da4969a601710af8de4bdb9702	data/n050-set01/family/high-heterogeneous/narrow/m4.dat	data/50-1/wet050_060.dat	1043.040000000
n050-set01	50	1	2	family	high	20	wide	5600	6400	32216f24314d1e60997f9ea98d9ce2cbe0f19cf5b2e3929f87e7ba08238772f1	data/n050-set01/family/high-heterogeneous/wide/m2.dat	data/50-1/wet050_060.dat	1043.040000000
n050-set01	50	1	3	family	high	20	wide	5600	6400	32216f24314d1e60997f9ea98d9ce2cbe0f19cf5b2e3929f87e7ba08238772f1	data/n050-set01/family/high-heterogeneous/wide/m3.dat	data/50-1/wet050_060.dat	1043.040000000
n050-set01	50	1	4	family	high	20	wide	5600	6400	32216f24314d1e60997f9ea98d9ce2cbe0f19cf5b2e3929f87e7ba08238772f1	data/n050-set01/family/high-heterogeneous/wide/m4.dat	data/50-1/wet050_060.dat	1043.040000000
n050-set02	50	2	2	family	base	1	zero	0	0	84cfbc0f499f8ee4d0c98ebb7b4785f9dbd066c955c4003aa4345e2ff03727dd	data/n050-set02/family/base/zero/m2.dat	data/50-1/wet050_091.dat	53.740000000
n050-set02	50	2	3	family	base	1	zero	0	0	84cfbc0f499f8ee4d0c98ebb7b4785f9dbd066c955c4003aa4345e2ff03727dd	data/n050-set02/family/base/zero/m3.dat	data/50-1/wet050_091.dat	53.740000000
n050-set02	50	2	4	family	base	1	zero	0	0	84cfbc0f499f8ee4d0c98ebb7b4785f9dbd066c955c4003aa4345e2ff03727dd	data/n050-set02/family/base/zero/m4.dat	data/50-1/wet050_091.dat	53.740000000
n050-set02	50	2	2	family	base	1	narrow	80	120	0b357d1b089b0c924c558df5014486e2124255cdae1c2cd41adf3593b6e9672c	data/n050-set02/family/base/narrow/m2.dat	data/50-1/wet050_091.dat	53.740000000
n050-set02	50	2	3	family	base	1	narrow	80	120	0b357d1b089b0c924c558df5014486e2124255cdae1c2cd41adf3593b6e9672c	data/n050-set02/family/base/narrow/m3.dat	data/50-1/wet050_091.dat	53.740000000
n050-set02	50	2	4	family	base	1	narrow	80	120	0b357d1b089b0c924c558df5014486e2124255cdae1c2cd41adf3593b6e9672c	data/n050-set02/family/base/narrow/m4.dat	data/50-1/wet050_091.dat	53.740000000
n050-set02	50	2	2	family	base	1	wide	280	320	f95a69dd342d991d914579c76ad2b656e4dfb3c9ec85fcbcbc7c64da25f58912	data/n050-set02/family/base/wide/m2.dat	data/50-1/wet050_091.dat	53.740000000
n050-set02	50	2	3	family	base	1	wide	280	320	f95a69dd342d991d914579c76ad2b656e4dfb3c9ec85fcbcbc7c64da25f58912	data/n050-set02/family/base/wide/m3.dat	data/50-1/wet050_091.dat	53.740000000
n050-set02	50	2	4	family	base	1	wide	280	320	f95a69dd342d991d914579c76ad2b656e4dfb3c9ec85fcbcbc7c64da25f58912	data/n050-set02/family/base/wide/m4.dat	data/50-1/wet050_091.dat	53.740000000
n050-set02	50	2	2	family	medium	10	zero	0	0	84cfbc0f499f8ee4d0c98ebb7b4785f9dbd066c955c4003aa4345e2ff03727dd	data/n050-set02/family/medium-heterogeneous/zero/m2.dat	data/50-1/wet050_091.dat	543.860000000
n050-set02	50	2	3	family	medium	10	zero	0	0	84cfbc0f499f8ee4d0c98ebb7b4785f9dbd066c955c4003aa4345e2ff03727dd	data/n050-set02/family/medium-heterogeneous/zero/m3.dat	data/50-1/wet050_091.dat	543.860000000
n050-set02	50	2	4	family	medium	10	zero	0	0	84cfbc0f499f8ee4d0c98ebb7b4785f9dbd066c955c4003aa4345e2ff03727dd	data/n050-set02/family/medium-heterogeneous/zero/m4.dat	data/50-1/wet050_091.dat	543.860000000
n050-set02	50	2	2	family	medium	10	narrow	800	1200	80cb4608781533f2b1ae38648dfbe95c16c71cc8ae79ba30623006c5bbe09d0a	data/n050-set02/family/medium-heterogeneous/narrow/m2.dat	data/50-1/wet050_091.dat	543.860000000
n050-set02	50	2	3	family	medium	10	narrow	800	1200	80cb4608781533f2b1ae38648dfbe95c16c71cc8ae79ba30623006c5bbe09d0a	data/n050-set02/family/medium-heterogeneous/narrow/m3.dat	data/50-1/wet050_091.dat	543.860000000
n050-set02	50	2	4	family	medium	10	narrow	800	1200	80cb4608781533f2b1ae38648dfbe95c16c71cc8ae79ba30623006c5bbe09d0a	data/n050-set02/family/medium-heterogeneous/narrow/m4.dat	data/50-1/wet050_091.dat	543.860000000
n050-set02	50	2	2	family	medium	10	wide	2800	3200	f658c91031cfdb6ce9ecf1e8c994d1f2ccd7fbbda9c7d71932345fb666d904bf	data/n050-set02/family/medium-heterogeneous/wide/m2.dat	data/50-1/wet050_091.dat	543.860000000
n050-set02	50	2	3	family	medium	10	wide	2800	3200	f658c91031cfdb6ce9ecf1e8c994d1f2ccd7fbbda9c7d71932345fb666d904bf	data/n050-set02/family/medium-heterogeneous/wide/m3.dat	data/50-1/wet050_091.dat	543.860000000
n050-set02	50	2	4	family	medium	10	wide	2800	3200	f658c91031cfdb6ce9ecf1e8c994d1f2ccd7fbbda9c7d71932345fb666d904bf	data/n050-set02/family/medium-heterogeneous/wide/m4.dat	data/50-1/wet050_091.dat	543.860000000
n050-set02	50	2	2	family	high	20	zero	0	0	84cfbc0f499f8ee4d0c98ebb7b4785f9dbd066c955c4003aa4345e2ff03727dd	data/n050-set02/family/high-heterogeneous/zero/m2.dat	data/50-1/wet050_091.dat	1079.920000000
n050-set02	50	2	3	family	high	20	zero	0	0	84cfbc0f499f8ee4d0c98ebb7b4785f9dbd066c955c4003aa4345e2ff03727dd	data/n050-set02/family/high-heterogeneous/zero/m3.dat	data/50-1/wet050_091.dat	1079.920000000
n050-set02	50	2	4	family	high	20	zero	0	0	84cfbc0f499f8ee4d0c98ebb7b4785f9dbd066c955c4003aa4345e2ff03727dd	data/n050-set02/family/high-heterogeneous/zero/m4.dat	data/50-1/wet050_091.dat	1079.920000000
n050-set02	50	2	2	family	high	20	narrow	1600	2400	4eedb8bbcf3dd9dd542c39a87c64fbfa3d758d7aeeaf5bc52fd9333393c585d5	data/n050-set02/family/high-heterogeneous/narrow/m2.dat	data/50-1/wet050_091.dat	1079.920000000
n050-set02	50	2	3	family	high	20	narrow	1600	2400	4eedb8bbcf3dd9dd542c39a87c64fbfa3d758d7aeeaf5bc52fd9333393c585d5	data/n050-set02/family/high-heterogeneous/narrow/m3.dat	data/50-1/wet050_091.dat	1079.920000000
n050-set02	50	2	4	family	high	20	narrow	1600	2400	4eedb8bbcf3dd9dd542c39a87c64fbfa3d758d7aeeaf5bc52fd9333393c585d5	data/n050-set02/family/high-heterogeneous/narrow/m4.dat	data/50-1/wet050_091.dat	1079.920000000
n050-set02	50	2	2	family	high	20	wide	5600	6400	4f1fa2389e939ee3ca4a5b864a70faa7ff55244e2a22e44928269fbdc5240905	data/n050-set02/family/high-heterogeneous/wide/m2.dat	data/50-1/wet050_091.dat	1079.920000000
n050-set02	50	2	3	family	high	20	wide	5600	6400	4f1fa2389e939ee3ca4a5b864a70faa7ff55244e2a22e44928269fbdc5240905	data/n050-set02/family/high-heterogeneous/wide/m3.dat	data/50-1/wet050_091.dat	1079.920000000
n050-set02	50	2	4	family	high	20	wide	5600	6400	4f1fa2389e939ee3ca4a5b864a70faa7ff55244e2a22e44928269fbdc5240905	data/n050-set02/family/high-heterogeneous/wide/m4.dat	data/50-1/wet050_091.dat	1079.920000000
n050-set03	50	3	2	family	base	1	zero	0	0	84cfbc0f499f8ee4d0c98ebb7b4785f9dbd066c955c4003aa4345e2ff03727dd	data/n050-set03/family/base/zero/m2.dat	data/50-1/wet050_049.dat	51.020000000
n050-set03	50	3	3	family	base	1	zero	0	0	84cfbc0f499f8ee4d0c98ebb7b4785f9dbd066c955c4003aa4345e2ff03727dd	data/n050-set03/family/base/zero/m3.dat	data/50-1/wet050_049.dat	51.020000000
n050-set03	50	3	4	family	base	1	zero	0	0	84cfbc0f499f8ee4d0c98ebb7b4785f9dbd066c955c4003aa4345e2ff03727dd	data/n050-set03/family/base/zero/m4.dat	data/50-1/wet050_049.dat	51.020000000
n050-set03	50	3	2	family	base	1	narrow	80	120	08fe23a96bf27b59e5448fcb8131b25011fe180e50caba021d44bc15d16e9ad9	data/n050-set03/family/base/narrow/m2.dat	data/50-1/wet050_049.dat	51.020000000
n050-set03	50	3	3	family	base	1	narrow	80	120	08fe23a96bf27b59e5448fcb8131b25011fe180e50caba021d44bc15d16e9ad9	data/n050-set03/family/base/narrow/m3.dat	data/50-1/wet050_049.dat	51.020000000
n050-set03	50	3	4	family	base	1	narrow	80	120	08fe23a96bf27b59e5448fcb8131b25011fe180e50caba021d44bc15d16e9ad9	data/n050-set03/family/base/narrow/m4.dat	data/50-1/wet050_049.dat	51.020000000
n050-set03	50	3	2	family	base	1	wide	280	320	3f252e103f7159bf90a801a7a4044c7b3cbe5e57f343e400f8cb11b61e8706f5	data/n050-set03/family/base/wide/m2.dat	data/50-1/wet050_049.dat	51.020000000
n050-set03	50	3	3	family	base	1	wide	280	320	3f252e103f7159bf90a801a7a4044c7b3cbe5e57f343e400f8cb11b61e8706f5	data/n050-set03/family/base/wide/m3.dat	data/50-1/wet050_049.dat	51.020000000
n050-set03	50	3	4	family	base	1	wide	280	320	3f252e103f7159bf90a801a7a4044c7b3cbe5e57f343e400f8cb11b61e8706f5	data/n050-set03/family/base/wide/m4.dat	data/50-1/wet050_049.dat	51.020000000
n050-set03	50	3	2	family	medium	10	zero	0	0	84cfbc0f499f8ee4d0c98ebb7b4785f9dbd066c955c4003aa4345e2ff03727dd	data/n050-set03/family/medium-heterogeneous/zero/m2.dat	data/50-1/wet050_049.dat	546.180000000
n050-set03	50	3	3	family	medium	10	zero	0	0	84cfbc0f499f8ee4d0c98ebb7b4785f9dbd066c955c4003aa4345e2ff03727dd	data/n050-set03/family/medium-heterogeneous/zero/m3.dat	data/50-1/wet050_049.dat	546.180000000
n050-set03	50	3	4	family	medium	10	zero	0	0	84cfbc0f499f8ee4d0c98ebb7b4785f9dbd066c955c4003aa4345e2ff03727dd	data/n050-set03/family/medium-heterogeneous/zero/m4.dat	data/50-1/wet050_049.dat	546.180000000
n050-set03	50	3	2	family	medium	10	narrow	800	1200	6430214a489656da480f6b1517d16f8531d065fc54479f45e8d35b1adfaec4b8	data/n050-set03/family/medium-heterogeneous/narrow/m2.dat	data/50-1/wet050_049.dat	546.180000000
n050-set03	50	3	3	family	medium	10	narrow	800	1200	6430214a489656da480f6b1517d16f8531d065fc54479f45e8d35b1adfaec4b8	data/n050-set03/family/medium-heterogeneous/narrow/m3.dat	data/50-1/wet050_049.dat	546.180000000
n050-set03	50	3	4	family	medium	10	narrow	800	1200	6430214a489656da480f6b1517d16f8531d065fc54479f45e8d35b1adfaec4b8	data/n050-set03/family/medium-heterogeneous/narrow/m4.dat	data/50-1/wet050_049.dat	546.180000000
n050-set03	50	3	2	family	medium	10	wide	2800	3200	42d32210878fa7355b5d0c05a7d1d6396732d97e8b1fd75f25cb8da915273d8c	data/n050-set03/family/medium-heterogeneous/wide/m2.dat	data/50-1/wet050_049.dat	546.180000000
n050-set03	50	3	3	family	medium	10	wide	2800	3200	42d32210878fa7355b5d0c05a7d1d6396732d97e8b1fd75f25cb8da915273d8c	data/n050-set03/family/medium-heterogeneous/wide/m3.dat	data/50-1/wet050_049.dat	546.180000000
n050-set03	50	3	4	family	medium	10	wide	2800	3200	42d32210878fa7355b5d0c05a7d1d6396732d97e8b1fd75f25cb8da915273d8c	data/n050-set03/family/medium-heterogeneous/wide/m4.dat	data/50-1/wet050_049.dat	546.180000000
n050-set03	50	3	2	family	high	20	zero	0	0	84cfbc0f499f8ee4d0c98ebb7b4785f9dbd066c955c4003aa4345e2ff03727dd	data/n050-set03/family/high-heterogeneous/zero/m2.dat	data/50-1/wet050_049.dat	1046.180000000
n050-set03	50	3	3	family	high	20	zero	0	0	84cfbc0f499f8ee4d0c98ebb7b4785f9dbd066c955c4003aa4345e2ff03727dd	data/n050-set03/family/high-heterogeneous/zero/m3.dat	data/50-1/wet050_049.dat	1046.180000000
n050-set03	50	3	4	family	high	20	zero	0	0	84cfbc0f499f8ee4d0c98ebb7b4785f9dbd066c955c4003aa4345e2ff03727dd	data/n050-set03/family/high-heterogeneous/zero/m4.dat	data/50-1/wet050_049.dat	1046.180000000
n050-set03	50	3	2	family	high	20	narrow	1600	2400	120267561b08389cbcf97e6d2235269c93d5a57379e267bd053e6b99e1cfb5ea	data/n050-set03/family/high-heterogeneous/narrow/m2.dat	data/50-1/wet050_049.dat	1046.180000000
n050-set03	50	3	3	family	high	20	narrow	1600	2400	120267561b08389cbcf97e6d2235269c93d5a57379e267bd053e6b99e1cfb5ea	data/n050-set03/family/high-heterogeneous/narrow/m3.dat	data/50-1/wet050_049.dat	1046.180000000
n050-set03	50	3	4	family	high	20	narrow	1600	2400	120267561b08389cbcf97e6d2235269c93d5a57379e267bd053e6b99e1cfb5ea	data/n050-set03/family/high-heterogeneous/narrow/m4.dat	data/50-1/wet050_049.dat	1046.180000000
n050-set03	50	3	2	family	high	20	wide	5600	6400	ced67998808573332254746a5a7d97cd6483845b3abbb020c3d021619f67e68c	data/n050-set03/family/high-heterogeneous/wide/m2.dat	data/50-1/wet050_049.dat	1046.180000000
n050-set03	50	3	3	family	high	20	wide	5600	6400	ced67998808573332254746a5a7d97cd6483845b3abbb020c3d021619f67e68c	data/n050-set03/family/high-heterogeneous/wide/m3.dat	data/50-1/wet050_049.dat	1046.180000000
n050-set03	50	3	4	family	high	20	wide	5600	6400	ced67998808573332254746a5a7d97cd6483845b3abbb020c3d021619f67e68c	data/n050-set03/family/high-heterogeneous/wide/m4.dat	data/50-1/wet050_049.dat	1046.180000000
n050-set04	50	4	2	family	base	1	zero	0	0	84cfbc0f499f8ee4d0c98ebb7b4785f9dbd066c955c4003aa4345e2ff03727dd	data/n050-set04/family/base/zero/m2.dat	data/50-1/wet050_109.dat	43.400000000
n050-set04	50	4	3	family	base	1	zero	0	0	84cfbc0f499f8ee4d0c98ebb7b4785f9dbd066c955c4003aa4345e2ff03727dd	data/n050-set04/family/base/zero/m3.dat	data/50-1/wet050_109.dat	43.400000000
n050-set04	50	4	4	family	base	1	zero	0	0	84cfbc0f499f8ee4d0c98ebb7b4785f9dbd066c955c4003aa4345e2ff03727dd	data/n050-set04/family/base/zero/m4.dat	data/50-1/wet050_109.dat	43.400000000
n050-set04	50	4	2	family	base	1	narrow	80	120	7e08a6d89917380d81ccdb624b3d5ea962080267ad7e7c82c69469f815bf084d	data/n050-set04/family/base/narrow/m2.dat	data/50-1/wet050_109.dat	43.400000000
n050-set04	50	4	3	family	base	1	narrow	80	120	7e08a6d89917380d81ccdb624b3d5ea962080267ad7e7c82c69469f815bf084d	data/n050-set04/family/base/narrow/m3.dat	data/50-1/wet050_109.dat	43.400000000
n050-set04	50	4	4	family	base	1	narrow	80	120	7e08a6d89917380d81ccdb624b3d5ea962080267ad7e7c82c69469f815bf084d	data/n050-set04/family/base/narrow/m4.dat	data/50-1/wet050_109.dat	43.400000000
n050-set04	50	4	2	family	base	1	wide	280	320	9fcedf81072a96e02d9dbad3a0a00a538c2c4fadc90e268c83c723295163bb2f	data/n050-set04/family/base/wide/m2.dat	data/50-1/wet050_109.dat	43.400000000
n050-set04	50	4	3	family	base	1	wide	280	320	9fcedf81072a96e02d9dbad3a0a00a538c2c4fadc90e268c83c723295163bb2f	data/n050-set04/family/base/wide/m3.dat	data/50-1/wet050_109.dat	43.400000000
n050-set04	50	4	4	family	base	1	wide	280	320	9fcedf81072a96e02d9dbad3a0a00a538c2c4fadc90e268c83c723295163bb2f	data/n050-set04/family/base/wide/m4.dat	data/50-1/wet050_109.dat	43.400000000
n050-set04	50	4	2	family	medium	10	zero	0	0	84cfbc0f499f8ee4d0c98ebb7b4785f9dbd066c955c4003aa4345e2ff03727dd	data/n050-set04/family/medium-heterogeneous/zero/m2.dat	data/50-1/wet050_109.dat	421.700000000
n050-set04	50	4	3	family	medium	10	zero	0	0	84cfbc0f499f8ee4d0c98ebb7b4785f9dbd066c955c4003aa4345e2ff03727dd	data/n050-set04/family/medium-heterogeneous/zero/m3.dat	data/50-1/wet050_109.dat	421.700000000
n050-set04	50	4	4	family	medium	10	zero	0	0	84cfbc0f499f8ee4d0c98ebb7b4785f9dbd066c955c4003aa4345e2ff03727dd	data/n050-set04/family/medium-heterogeneous/zero/m4.dat	data/50-1/wet050_109.dat	421.700000000
n050-set04	50	4	2	family	medium	10	narrow	800	1200	f1f69b0cfd2300c3a6d332ff3b180ddc24344c05e5b171c8882fd9221b097058	data/n050-set04/family/medium-heterogeneous/narrow/m2.dat	data/50-1/wet050_109.dat	421.700000000
n050-set04	50	4	3	family	medium	10	narrow	800	1200	f1f69b0cfd2300c3a6d332ff3b180ddc24344c05e5b171c8882fd9221b097058	data/n050-set04/family/medium-heterogeneous/narrow/m3.dat	data/50-1/wet050_109.dat	421.700000000
n050-set04	50	4	4	family	medium	10	narrow	800	1200	f1f69b0cfd2300c3a6d332ff3b180ddc24344c05e5b171c8882fd9221b097058	data/n050-set04/family/medium-heterogeneous/narrow/m4.dat	data/50-1/wet050_109.dat	421.700000000
n050-set04	50	4	2	family	medium	10	wide	2800	3200	36d9e178593744363683f1e7f4ce19786cbebbcf682ac8dad291f93dd505092b	data/n050-set04/family/medium-heterogeneous/wide/m2.dat	data/50-1/wet050_109.dat	421.700000000
n050-set04	50	4	3	family	medium	10	wide	2800	3200	36d9e178593744363683f1e7f4ce19786cbebbcf682ac8dad291f93dd505092b	data/n050-set04/family/medium-heterogeneous/wide/m3.dat	data/50-1/wet050_109.dat	421.700000000
n050-set04	50	4	4	family	medium	10	wide	2800	3200	36d9e178593744363683f1e7f4ce19786cbebbcf682ac8dad291f93dd505092b	data/n050-set04/family/medium-heterogeneous/wide/m4.dat	data/50-1/wet050_109.dat	421.700000000
n050-set04	50	4	2	family	high	20	zero	0	0	84cfbc0f499f8ee4d0c98ebb7b4785f9dbd066c955c4003aa4345e2ff03727dd	data/n050-set04/family/high-heterogeneous/zero/m2.dat	data/50-1/wet050_109.dat	856.780000000
n050-set04	50	4	3	family	high	20	zero	0	0	84cfbc0f499f8ee4d0c98ebb7b4785f9dbd066c955c4003aa4345e2ff03727dd	data/n050-set04/family/high-heterogeneous/zero/m3.dat	data/50-1/wet050_109.dat	856.780000000
n050-set04	50	4	4	family	high	20	zero	0	0	84cfbc0f499f8ee4d0c98ebb7b4785f9dbd066c955c4003aa4345e2ff03727dd	data/n050-set04/family/high-heterogeneous/zero/m4.dat	data/50-1/wet050_109.dat	856.780000000
n050-set04	50	4	2	family	high	20	narrow	1600	2400	f2f9fc4b69c956d970b4449db2a5a20fe193a5344e45e6dff8b90a6b541e98c8	data/n050-set04/family/high-heterogeneous/narrow/m2.dat	data/50-1/wet050_109.dat	856.780000000
n050-set04	50	4	3	family	high	20	narrow	1600	2400	f2f9fc4b69c956d970b4449db2a5a20fe193a5344e45e6dff8b90a6b541e98c8	data/n050-set04/family/high-heterogeneous/narrow/m3.dat	data/50-1/wet050_109.dat	856.780000000
n050-set04	50	4	4	family	high	20	narrow	1600	2400	f2f9fc4b69c956d970b4449db2a5a20fe193a5344e45e6dff8b90a6b541e98c8	data/n050-set04/family/high-heterogeneous/narrow/m4.dat	data/50-1/wet050_109.dat	856.780000000
n050-set04	50	4	2	family	high	20	wide	5600	6400	a5e13d002f6614eaf6f164d9746e91b875aa581b0ff26a96ceecb2b714d9be72	data/n050-set04/family/high-heterogeneous/wide/m2.dat	data/50-1/wet050_109.dat	856.780000000
n050-set04	50	4	3	family	high	20	wide	5600	6400	a5e13d002f6614eaf6f164d9746e91b875aa581b0ff26a96ceecb2b714d9be72	data/n050-set04/family/high-heterogeneous/wide/m3.dat	data/50-1/wet050_109.dat	856.780000000
n050-set04	50	4	4	family	high	20	wide	5600	6400	a5e13d002f6614eaf6f164d9746e91b875aa581b0ff26a96ceecb2b714d9be72	data/n050-set04/family/high-heterogeneous/wide/m4.dat	data/50-1/wet050_109.dat	856.780000000
n050-set05	50	5	2	family	base	1	zero	0	0	84cfbc0f499f8ee4d0c98ebb7b4785f9dbd066c955c4003aa4345e2ff03727dd	data/n050-set05/family/base/zero/m2.dat	data/50-1/wet050_062.dat	45.100000000
n050-set05	50	5	3	family	base	1	zero	0	0	84cfbc0f499f8ee4d0c98ebb7b4785f9dbd066c955c4003aa4345e2ff03727dd	data/n050-set05/family/base/zero/m3.dat	data/50-1/wet050_062.dat	45.100000000
n050-set05	50	5	4	family	base	1	zero	0	0	84cfbc0f499f8ee4d0c98ebb7b4785f9dbd066c955c4003aa4345e2ff03727dd	data/n050-set05/family/base/zero/m4.dat	data/50-1/wet050_062.dat	45.100000000
n050-set05	50	5	2	family	base	1	narrow	80	120	4de91685b0538eb037859eced2f99df0d8ec34665615eff6622b622d2debe0fe	data/n050-set05/family/base/narrow/m2.dat	data/50-1/wet050_062.dat	45.100000000
n050-set05	50	5	3	family	base	1	narrow	80	120	4de91685b0538eb037859eced2f99df0d8ec34665615eff6622b622d2debe0fe	data/n050-set05/family/base/narrow/m3.dat	data/50-1/wet050_062.dat	45.100000000
n050-set05	50	5	4	family	base	1	narrow	80	120	4de91685b0538eb037859eced2f99df0d8ec34665615eff6622b622d2debe0fe	data/n050-set05/family/base/narrow/m4.dat	data/50-1/wet050_062.dat	45.100000000
n050-set05	50	5	2	family	base	1	wide	280	320	a69a4acabfc24a437307e6ea68b1397b254a6554e07f3d4b154ea20c60bde001	data/n050-set05/family/base/wide/m2.dat	data/50-1/wet050_062.dat	45.100000000
n050-set05	50	5	3	family	base	1	wide	280	320	a69a4acabfc24a437307e6ea68b1397b254a6554e07f3d4b154ea20c60bde001	data/n050-set05/family/base/wide/m3.dat	data/50-1/wet050_062.dat	45.100000000
n050-set05	50	5	4	family	base	1	wide	280	320	a69a4acabfc24a437307e6ea68b1397b254a6554e07f3d4b154ea20c60bde001	data/n050-set05/family/base/wide/m4.dat	data/50-1/wet050_062.dat	45.100000000
n050-set05	50	5	2	family	medium	10	zero	0	0	84cfbc0f499f8ee4d0c98ebb7b4785f9dbd066c955c4003aa4345e2ff03727dd	data/n050-set05/family/medium-heterogeneous/zero/m2.dat	data/50-1/wet050_062.dat	421.300000000
n050-set05	50	5	3	family	medium	10	zero	0	0	84cfbc0f499f8ee4d0c98ebb7b4785f9dbd066c955c4003aa4345e2ff03727dd	data/n050-set05/family/medium-heterogeneous/zero/m3.dat	data/50-1/wet050_062.dat	421.300000000
n050-set05	50	5	4	family	medium	10	zero	0	0	84cfbc0f499f8ee4d0c98ebb7b4785f9dbd066c955c4003aa4345e2ff03727dd	data/n050-set05/family/medium-heterogeneous/zero/m4.dat	data/50-1/wet050_062.dat	421.300000000
n050-set05	50	5	2	family	medium	10	narrow	800	1200	725a89b4a86c9245defca9dc8cfced08aa79ab9a7060857af0cf23a9b3875683	data/n050-set05/family/medium-heterogeneous/narrow/m2.dat	data/50-1/wet050_062.dat	421.300000000
n050-set05	50	5	3	family	medium	10	narrow	800	1200	725a89b4a86c9245defca9dc8cfced08aa79ab9a7060857af0cf23a9b3875683	data/n050-set05/family/medium-heterogeneous/narrow/m3.dat	data/50-1/wet050_062.dat	421.300000000
n050-set05	50	5	4	family	medium	10	narrow	800	1200	725a89b4a86c9245defca9dc8cfced08aa79ab9a7060857af0cf23a9b3875683	data/n050-set05/family/medium-heterogeneous/narrow/m4.dat	data/50-1/wet050_062.dat	421.300000000
n050-set05	50	5	2	family	medium	10	wide	2800	3200	80c402848bb022e02660f60964cfef025958329f664e3c45eb391792a73f3d00	data/n050-set05/family/medium-heterogeneous/wide/m2.dat	data/50-1/wet050_062.dat	421.300000000
n050-set05	50	5	3	family	medium	10	wide	2800	3200	80c402848bb022e02660f60964cfef025958329f664e3c45eb391792a73f3d00	data/n050-set05/family/medium-heterogeneous/wide/m3.dat	data/50-1/wet050_062.dat	421.300000000
n050-set05	50	5	4	family	medium	10	wide	2800	3200	80c402848bb022e02660f60964cfef025958329f664e3c45eb391792a73f3d00	data/n050-set05/family/medium-heterogeneous/wide/m4.dat	data/50-1/wet050_062.dat	421.300000000
n050-set05	50	5	2	family	high	20	zero	0	0	84cfbc0f499f8ee4d0c98ebb7b4785f9dbd066c955c4003aa4345e2ff03727dd	data/n050-set05/family/high-heterogeneous/zero/m2.dat	data/50-1/wet050_062.dat	895.880000000
n050-set05	50	5	3	family	high	20	zero	0	0	84cfbc0f499f8ee4d0c98ebb7b4785f9dbd066c955c4003aa4345e2ff03727dd	data/n050-set05/family/high-heterogeneous/zero/m3.dat	data/50-1/wet050_062.dat	895.880000000
n050-set05	50	5	4	family	high	20	zero	0	0	84cfbc0f499f8ee4d0c98ebb7b4785f9dbd066c955c4003aa4345e2ff03727dd	data/n050-set05/family/high-heterogeneous/zero/m4.dat	data/50-1/wet050_062.dat	895.880000000
n050-set05	50	5	2	family	high	20	narrow	1600	2400	ed601cfad2a9ef5f1406adb649eaef33b43a7cb5e537a4a0d8c91e0e0ea1cd45	data/n050-set05/family/high-heterogeneous/narrow/m2.dat	data/50-1/wet050_062.dat	895.880000000
n050-set05	50	5	3	family	high	20	narrow	1600	2400	ed601cfad2a9ef5f1406adb649eaef33b43a7cb5e537a4a0d8c91e0e0ea1cd45	data/n050-set05/family/high-heterogeneous/narrow/m3.dat	data/50-1/wet050_062.dat	895.880000000
n050-set05	50	5	4	family	high	20	narrow	1600	2400	ed601cfad2a9ef5f1406adb649eaef33b43a7cb5e537a4a0d8c91e0e0ea1cd45	data/n050-set05/family/high-heterogeneous/narrow/m4.dat	data/50-1/wet050_062.dat	895.880000000
n050-set05	50	5	2	family	high	20	wide	5600	6400	1358e6876e9c0e2aa42cf6f2bce1b78d58f019f29dc8635fd5916bfe1a7ef000	data/n050-set05/family/high-heterogeneous/wide/m2.dat	data/50-1/wet050_062.dat	895.880000000
n050-set05	50	5	3	family	high	20	wide	5600	6400	1358e6876e9c0e2aa42cf6f2bce1b78d58f019f29dc8635fd5916bfe1a7ef000	data/n050-set05/family/high-heterogeneous/wide/m3.dat	data/50-1/wet050_062.dat	895.880000000
n050-set05	50	5	4	family	high	20	wide	5600	6400	1358e6876e9c0e2aa42cf6f2bce1b78d58f019f29dc8635fd5916bfe1a7ef000	data/n050-set05/family/high-heterogeneous/wide/m4.dat	data/50-1/wet050_062.dat	895.880000000
n060-set01	60	1	2	family	base	1	zero	0	0	2f23a88c6b5d0be0c83abcacdf71dc0bbecca780b949de9d7684396b04474097	data/n060-set01/family/base/zero/m2.dat	data/100-1/wet100_037.dat	54.733333333
n060-set01	60	1	3	family	base	1	zero	0	0	2f23a88c6b5d0be0c83abcacdf71dc0bbecca780b949de9d7684396b04474097	data/n060-set01/family/base/zero/m3.dat	data/100-1/wet100_037.dat	54.733333333
n060-set01	60	1	4	family	base	1	zero	0	0	2f23a88c6b5d0be0c83abcacdf71dc0bbecca780b949de9d7684396b04474097	data/n060-set01/family/base/zero/m4.dat	data/100-1/wet100_037.dat	54.733333333
n060-set01	60	1	2	family	base	1	narrow	80	120	9584a5f8fc432bdf42cac4fb12286c819f6532e3c2aee8c07834e16b4c36cf47	data/n060-set01/family/base/narrow/m2.dat	data/100-1/wet100_037.dat	54.733333333
n060-set01	60	1	3	family	base	1	narrow	80	120	9584a5f8fc432bdf42cac4fb12286c819f6532e3c2aee8c07834e16b4c36cf47	data/n060-set01/family/base/narrow/m3.dat	data/100-1/wet100_037.dat	54.733333333
n060-set01	60	1	4	family	base	1	narrow	80	120	9584a5f8fc432bdf42cac4fb12286c819f6532e3c2aee8c07834e16b4c36cf47	data/n060-set01/family/base/narrow/m4.dat	data/100-1/wet100_037.dat	54.733333333
n060-set01	60	1	2	family	base	1	wide	280	320	41c3bba70cfc1fb16f77866e487389f91c53a20c4bacad990cacd77313816c0d	data/n060-set01/family/base/wide/m2.dat	data/100-1/wet100_037.dat	54.733333333
n060-set01	60	1	3	family	base	1	wide	280	320	41c3bba70cfc1fb16f77866e487389f91c53a20c4bacad990cacd77313816c0d	data/n060-set01/family/base/wide/m3.dat	data/100-1/wet100_037.dat	54.733333333
n060-set01	60	1	4	family	base	1	wide	280	320	41c3bba70cfc1fb16f77866e487389f91c53a20c4bacad990cacd77313816c0d	data/n060-set01/family/base/wide/m4.dat	data/100-1/wet100_037.dat	54.733333333
n060-set01	60	1	2	family	medium	10	zero	0	0	2f23a88c6b5d0be0c83abcacdf71dc0bbecca780b949de9d7684396b04474097	data/n060-set01/family/medium-heterogeneous/zero/m2.dat	data/100-1/wet100_037.dat	512.433333333
n060-set01	60	1	3	family	medium	10	zero	0	0	2f23a88c6b5d0be0c83abcacdf71dc0bbecca780b949de9d7684396b04474097	data/n060-set01/family/medium-heterogeneous/zero/m3.dat	data/100-1/wet100_037.dat	512.433333333
n060-set01	60	1	4	family	medium	10	zero	0	0	2f23a88c6b5d0be0c83abcacdf71dc0bbecca780b949de9d7684396b04474097	data/n060-set01/family/medium-heterogeneous/zero/m4.dat	data/100-1/wet100_037.dat	512.433333333
n060-set01	60	1	2	family	medium	10	narrow	800	1200	7b70229a45c4e18af0a588851042f975d02dcb4ead1d2642e871582396ed5fdc	data/n060-set01/family/medium-heterogeneous/narrow/m2.dat	data/100-1/wet100_037.dat	512.433333333
n060-set01	60	1	3	family	medium	10	narrow	800	1200	7b70229a45c4e18af0a588851042f975d02dcb4ead1d2642e871582396ed5fdc	data/n060-set01/family/medium-heterogeneous/narrow/m3.dat	data/100-1/wet100_037.dat	512.433333333
n060-set01	60	1	4	family	medium	10	narrow	800	1200	7b70229a45c4e18af0a588851042f975d02dcb4ead1d2642e871582396ed5fdc	data/n060-set01/family/medium-heterogeneous/narrow/m4.dat	data/100-1/wet100_037.dat	512.433333333
n060-set01	60	1	2	family	medium	10	wide	2800	3200	601df14c9bd7252a1f34e6a5bb7b99c8fea60c4db417a27258c722674ff97cc1	data/n060-set01/family/medium-heterogeneous/wide/m2.dat	data/100-1/wet100_037.dat	512.433333333
n060-set01	60	1	3	family	medium	10	wide	2800	3200	601df14c9bd7252a1f34e6a5bb7b99c8fea60c4db417a27258c722674ff97cc1	data/n060-set01/family/medium-heterogeneous/wide/m3.dat	data/100-1/wet100_037.dat	512.433333333
n060-set01	60	1	4	family	medium	10	wide	2800	3200	601df14c9bd7252a1f34e6a5bb7b99c8fea60c4db417a27258c722674ff97cc1	data/n060-set01/family/medium-heterogeneous/wide/m4.dat	data/100-1/wet100_037.dat	512.433333333
n060-set01	60	1	2	family	high	20	zero	0	0	2f23a88c6b5d0be0c83abcacdf71dc0bbecca780b949de9d7684396b04474097	data/n060-set01/family/high-heterogeneous/zero/m2.dat	data/100-1/wet100_037.dat	1164.816666667
n060-set01	60	1	3	family	high	20	zero	0	0	2f23a88c6b5d0be0c83abcacdf71dc0bbecca780b949de9d7684396b04474097	data/n060-set01/family/high-heterogeneous/zero/m3.dat	data/100-1/wet100_037.dat	1164.816666667
n060-set01	60	1	4	family	high	20	zero	0	0	2f23a88c6b5d0be0c83abcacdf71dc0bbecca780b949de9d7684396b04474097	data/n060-set01/family/high-heterogeneous/zero/m4.dat	data/100-1/wet100_037.dat	1164.816666667
n060-set01	60	1	2	family	high	20	narrow	1600	2400	3707bcfa12064c107bc06d512ce72f766ff5bf14be88c62112b7c6fe84d33bf1	data/n060-set01/family/high-heterogeneous/narrow/m2.dat	data/100-1/wet100_037.dat	1164.816666667
n060-set01	60	1	3	family	high	20	narrow	1600	2400	3707bcfa12064c107bc06d512ce72f766ff5bf14be88c62112b7c6fe84d33bf1	data/n060-set01/family/high-heterogeneous/narrow/m3.dat	data/100-1/wet100_037.dat	1164.816666667
n060-set01	60	1	4	family	high	20	narrow	1600	2400	3707bcfa12064c107bc06d512ce72f766ff5bf14be88c62112b7c6fe84d33bf1	data/n060-set01/family/high-heterogeneous/narrow/m4.dat	data/100-1/wet100_037.dat	1164.816666667
n060-set01	60	1	2	family	high	20	wide	5600	6400	f9f2e7fecf2e56244211910b9a55cbad815374f793b7c09a00941593db6d2ecb	data/n060-set01/family/high-heterogeneous/wide/m2.dat	data/100-1/wet100_037.dat	1164.816666667
n060-set01	60	1	3	family	high	20	wide	5600	6400	f9f2e7fecf2e56244211910b9a55cbad815374f793b7c09a00941593db6d2ecb	data/n060-set01/family/high-heterogeneous/wide/m3.dat	data/100-1/wet100_037.dat	1164.816666667
n060-set01	60	1	4	family	high	20	wide	5600	6400	f9f2e7fecf2e56244211910b9a55cbad815374f793b7c09a00941593db6d2ecb	data/n060-set01/family/high-heterogeneous/wide/m4.dat	data/100-1/wet100_037.dat	1164.816666667
n060-set02	60	2	2	family	base	1	zero	0	0	2f23a88c6b5d0be0c83abcacdf71dc0bbecca780b949de9d7684396b04474097	data/n060-set02/family/base/zero/m2.dat	data/100-1/wet100_012.dat	51.750000000
n060-set02	60	2	3	family	base	1	zero	0	0	2f23a88c6b5d0be0c83abcacdf71dc0bbecca780b949de9d7684396b04474097	data/n060-set02/family/base/zero/m3.dat	data/100-1/wet100_012.dat	51.750000000
n060-set02	60	2	4	family	base	1	zero	0	0	2f23a88c6b5d0be0c83abcacdf71dc0bbecca780b949de9d7684396b04474097	data/n060-set02/family/base/zero/m4.dat	data/100-1/wet100_012.dat	51.750000000
n060-set02	60	2	2	family	base	1	narrow	80	120	9e483790831f6d33fd2d53655655367baf5c8f1f44f74a88ddf6b90ea506f272	data/n060-set02/family/base/narrow/m2.dat	data/100-1/wet100_012.dat	51.750000000
n060-set02	60	2	3	family	base	1	narrow	80	120	9e483790831f6d33fd2d53655655367baf5c8f1f44f74a88ddf6b90ea506f272	data/n060-set02/family/base/narrow/m3.dat	data/100-1/wet100_012.dat	51.750000000
n060-set02	60	2	4	family	base	1	narrow	80	120	9e483790831f6d33fd2d53655655367baf5c8f1f44f74a88ddf6b90ea506f272	data/n060-set02/family/base/narrow/m4.dat	data/100-1/wet100_012.dat	51.750000000
n060-set02	60	2	2	family	base	1	wide	280	320	8614de8700e2ed32d162c0243f1f2a7bb4f30f6da46047b4cc2710b1f2349438	data/n060-set02/family/base/wide/m2.dat	data/100-1/wet100_012.dat	51.750000000
n060-set02	60	2	3	family	base	1	wide	280	320	8614de8700e2ed32d162c0243f1f2a7bb4f30f6da46047b4cc2710b1f2349438	data/n060-set02/family/base/wide/m3.dat	data/100-1/wet100_012.dat	51.750000000
n060-set02	60	2	4	family	base	1	wide	280	320	8614de8700e2ed32d162c0243f1f2a7bb4f30f6da46047b4cc2710b1f2349438	data/n060-set02/family/base/wide/m4.dat	data/100-1/wet100_012.dat	51.750000000
n060-set02	60	2	2	family	medium	10	zero	0	0	2f23a88c6b5d0be0c83abcacdf71dc0bbecca780b949de9d7684396b04474097	data/n060-set02/family/medium-heterogeneous/zero/m2.dat	data/100-1/wet100_012.dat	487.116666667
n060-set02	60	2	3	family	medium	10	zero	0	0	2f23a88c6b5d0be0c83abcacdf71dc0bbecca780b949de9d7684396b04474097	data/n060-set02/family/medium-heterogeneous/zero/m3.dat	data/100-1/wet100_012.dat	487.116666667
n060-set02	60	2	4	family	medium	10	zero	0	0	2f23a88c6b5d0be0c83abcacdf71dc0bbecca780b949de9d7684396b04474097	data/n060-set02/family/medium-heterogeneous/zero/m4.dat	data/100-1/wet100_012.dat	487.116666667
n060-set02	60	2	2	family	medium	10	narrow	800	1200	62d5743a628cc77c777f173b688e23f1d0acbfeb844aa056c84309e9d4408c92	data/n060-set02/family/medium-heterogeneous/narrow/m2.dat	data/100-1/wet100_012.dat	487.116666667
n060-set02	60	2	3	family	medium	10	narrow	800	1200	62d5743a628cc77c777f173b688e23f1d0acbfeb844aa056c84309e9d4408c92	data/n060-set02/family/medium-heterogeneous/narrow/m3.dat	data/100-1/wet100_012.dat	487.116666667
n060-set02	60	2	4	family	medium	10	narrow	800	1200	62d5743a628cc77c777f173b688e23f1d0acbfeb844aa056c84309e9d4408c92	data/n060-set02/family/medium-heterogeneous/narrow/m4.dat	data/100-1/wet100_012.dat	487.116666667
n060-set02	60	2	2	family	medium	10	wide	2800	3200	db730174a6dac364411e6b32889af0e3c331cf8da456092a7cdb95aa60bc3c8d	data/n060-set02/family/medium-heterogeneous/wide/m2.dat	data/100-1/wet100_012.dat	487.116666667
n060-set02	60	2	3	family	medium	10	wide	2800	3200	db730174a6dac364411e6b32889af0e3c331cf8da456092a7cdb95aa60bc3c8d	data/n060-set02/family/medium-heterogeneous/wide/m3.dat	data/100-1/wet100_012.dat	487.116666667
n060-set02	60	2	4	family	medium	10	wide	2800	3200	db730174a6dac364411e6b32889af0e3c331cf8da456092a7cdb95aa60bc3c8d	data/n060-set02/family/medium-heterogeneous/wide/m4.dat	data/100-1/wet100_012.dat	487.116666667
n060-set02	60	2	2	family	high	20	zero	0	0	2f23a88c6b5d0be0c83abcacdf71dc0bbecca780b949de9d7684396b04474097	data/n060-set02/family/high-heterogeneous/zero/m2.dat	data/100-1/wet100_012.dat	1032.166666667
n060-set02	60	2	3	family	high	20	zero	0	0	2f23a88c6b5d0be0c83abcacdf71dc0bbecca780b949de9d7684396b04474097	data/n060-set02/family/high-heterogeneous/zero/m3.dat	data/100-1/wet100_012.dat	1032.166666667
n060-set02	60	2	4	family	high	20	zero	0	0	2f23a88c6b5d0be0c83abcacdf71dc0bbecca780b949de9d7684396b04474097	data/n060-set02/family/high-heterogeneous/zero/m4.dat	data/100-1/wet100_012.dat	1032.166666667
n060-set02	60	2	2	family	high	20	narrow	1600	2400	e1430709b26f015844b07dd1293a92ca561bef9c0c85291c5dea0d28d368d523	data/n060-set02/family/high-heterogeneous/narrow/m2.dat	data/100-1/wet100_012.dat	1032.166666667
n060-set02	60	2	3	family	high	20	narrow	1600	2400	e1430709b26f015844b07dd1293a92ca561bef9c0c85291c5dea0d28d368d523	data/n060-set02/family/high-heterogeneous/narrow/m3.dat	data/100-1/wet100_012.dat	1032.166666667
n060-set02	60	2	4	family	high	20	narrow	1600	2400	e1430709b26f015844b07dd1293a92ca561bef9c0c85291c5dea0d28d368d523	data/n060-set02/family/high-heterogeneous/narrow/m4.dat	data/100-1/wet100_012.dat	1032.166666667
n060-set02	60	2	2	family	high	20	wide	5600	6400	3f9c258746ddb08bdb0d7c4e7b261dfd8dbe2e7ec01c179f09c2834ddbebfe20	data/n060-set02/family/high-heterogeneous/wide/m2.dat	data/100-1/wet100_012.dat	1032.166666667
n060-set02	60	2	3	family	high	20	wide	5600	6400	3f9c258746ddb08bdb0d7c4e7b261dfd8dbe2e7ec01c179f09c2834ddbebfe20	data/n060-set02/family/high-heterogeneous/wide/m3.dat	data/100-1/wet100_012.dat	1032.166666667
n060-set02	60	2	4	family	high	20	wide	5600	6400	3f9c258746ddb08bdb0d7c4e7b261dfd8dbe2e7ec01c179f09c2834ddbebfe20	data/n060-set02/family/high-heterogeneous/wide/m4.dat	data/100-1/wet100_012.dat	1032.166666667
n060-set03	60	3	2	family	base	1	zero	0	0	2f23a88c6b5d0be0c83abcacdf71dc0bbecca780b949de9d7684396b04474097	data/n060-set03/family/base/zero/m2.dat	data/100-1/wet100_031.dat	51.466666667
n060-set03	60	3	3	family	base	1	zero	0	0	2f23a88c6b5d0be0c83abcacdf71dc0bbecca780b949de9d7684396b04474097	data/n060-set03/family/base/zero/m3.dat	data/100-1/wet100_031.dat	51.466666667
n060-set03	60	3	4	family	base	1	zero	0	0	2f23a88c6b5d0be0c83abcacdf71dc0bbecca780b949de9d7684396b04474097	data/n060-set03/family/base/zero/m4.dat	data/100-1/wet100_031.dat	51.466666667
n060-set03	60	3	2	family	base	1	narrow	80	120	0a3a3d05c9a142c2dcac1f4175c542f1cf7a6397effbabb6b8bb53b4848149b3	data/n060-set03/family/base/narrow/m2.dat	data/100-1/wet100_031.dat	51.466666667
n060-set03	60	3	3	family	base	1	narrow	80	120	0a3a3d05c9a142c2dcac1f4175c542f1cf7a6397effbabb6b8bb53b4848149b3	data/n060-set03/family/base/narrow/m3.dat	data/100-1/wet100_031.dat	51.466666667
n060-set03	60	3	4	family	base	1	narrow	80	120	0a3a3d05c9a142c2dcac1f4175c542f1cf7a6397effbabb6b8bb53b4848149b3	data/n060-set03/family/base/narrow/m4.dat	data/100-1/wet100_031.dat	51.466666667
n060-set03	60	3	2	family	base	1	wide	280	320	807610d29cb41611b568a8027901137e8ce846970b2db29f17f4554099cc8d96	data/n060-set03/family/base/wide/m2.dat	data/100-1/wet100_031.dat	51.466666667
n060-set03	60	3	3	family	base	1	wide	280	320	807610d29cb41611b568a8027901137e8ce846970b2db29f17f4554099cc8d96	data/n060-set03/family/base/wide/m3.dat	data/100-1/wet100_031.dat	51.466666667
n060-set03	60	3	4	family	base	1	wide	280	320	807610d29cb41611b568a8027901137e8ce846970b2db29f17f4554099cc8d96	data/n060-set03/family/base/wide/m4.dat	data/100-1/wet100_031.dat	51.466666667
n060-set03	60	3	2	family	medium	10	zero	0	0	2f23a88c6b5d0be0c83abcacdf71dc0bbecca780b949de9d7684396b04474097	data/n060-set03/family/medium-heterogeneous/zero/m2.dat	data/100-1/wet100_031.dat	519.166666667
n060-set03	60	3	3	family	medium	10	zero	0	0	2f23a88c6b5d0be0c83abcacdf71dc0bbecca780b949de9d7684396b04474097	data/n060-set03/family/medium-heterogeneous/zero/m3.dat	data/100-1/wet100_031.dat	519.166666667
n060-set03	60	3	4	family	medium	10	zero	0	0	2f23a88c6b5d0be0c83abcacdf71dc0bbecca780b949de9d7684396b04474097	data/n060-set03/family/medium-heterogeneous/zero/m4.dat	data/100-1/wet100_031.dat	519.166666667
n060-set03	60	3	2	family	medium	10	narrow	800	1200	7beaabb1fcb5e18a6f43fb0c69bb2ee6c3cc02f4903dc6dcec3158212f738121	data/n060-set03/family/medium-heterogeneous/narrow/m2.dat	data/100-1/wet100_031.dat	519.166666667
n060-set03	60	3	3	family	medium	10	narrow	800	1200	7beaabb1fcb5e18a6f43fb0c69bb2ee6c3cc02f4903dc6dcec3158212f738121	data/n060-set03/family/medium-heterogeneous/narrow/m3.dat	data/100-1/wet100_031.dat	519.166666667
n060-set03	60	3	4	family	medium	10	narrow	800	1200	7beaabb1fcb5e18a6f43fb0c69bb2ee6c3cc02f4903dc6dcec3158212f738121	data/n060-set03/family/medium-heterogeneous/narrow/m4.dat	data/100-1/wet100_031.dat	519.166666667
n060-set03	60	3	2	family	medium	10	wide	2800	3200	bfef3eede41578f27d0c670cf1dbc8e7007f2f93f337f26004426cfd30f81d28	data/n060-set03/family/medium-heterogeneous/wide/m2.dat	data/100-1/wet100_031.dat	519.166666667
n060-set03	60	3	3	family	medium	10	wide	2800	3200	bfef3eede41578f27d0c670cf1dbc8e7007f2f93f337f26004426cfd30f81d28	data/n060-set03/family/medium-heterogeneous/wide/m3.dat	data/100-1/wet100_031.dat	519.166666667
n060-set03	60	3	4	family	medium	10	wide	2800	3200	bfef3eede41578f27d0c670cf1dbc8e7007f2f93f337f26004426cfd30f81d28	data/n060-set03/family/medium-heterogeneous/wide/m4.dat	data/100-1/wet100_031.dat	519.166666667
n060-set03	60	3	2	family	high	20	zero	0	0	2f23a88c6b5d0be0c83abcacdf71dc0bbecca780b949de9d7684396b04474097	data/n060-set03/family/high-heterogeneous/zero/m2.dat	data/100-1/wet100_031.dat	1012.066666667
n060-set03	60	3	3	family	high	20	zero	0	0	2f23a88c6b5d0be0c83abcacdf71dc0bbecca780b949de9d7684396b04474097	data/n060-set03/family/high-heterogeneous/zero/m3.dat	data/100-1/wet100_031.dat	1012.066666667
n060-set03	60	3	4	family	high	20	zero	0	0	2f23a88c6b5d0be0c83abcacdf71dc0bbecca780b949de9d7684396b04474097	data/n060-set03/family/high-heterogeneous/zero/m4.dat	data/100-1/wet100_031.dat	1012.066666667
n060-set03	60	3	2	family	high	20	narrow	1600	2400	9dae0259344a223c9ba829fade76c1ea15c46a8326bd587b9bba13d91f3b1925	data/n060-set03/family/high-heterogeneous/narrow/m2.dat	data/100-1/wet100_031.dat	1012.066666667
n060-set03	60	3	3	family	high	20	narrow	1600	2400	9dae0259344a223c9ba829fade76c1ea15c46a8326bd587b9bba13d91f3b1925	data/n060-set03/family/high-heterogeneous/narrow/m3.dat	data/100-1/wet100_031.dat	1012.066666667
n060-set03	60	3	4	family	high	20	narrow	1600	2400	9dae0259344a223c9ba829fade76c1ea15c46a8326bd587b9bba13d91f3b1925	data/n060-set03/family/high-heterogeneous/narrow/m4.dat	data/100-1/wet100_031.dat	1012.066666667
n060-set03	60	3	2	family	high	20	wide	5600	6400	b68cae4bbc88d433295876a25dfe26d5f45f62687edab1ec5c61809f52cac77e	data/n060-set03/family/high-heterogeneous/wide/m2.dat	data/100-1/wet100_031.dat	1012.066666667
n060-set03	60	3	3	family	high	20	wide	5600	6400	b68cae4bbc88d433295876a25dfe26d5f45f62687edab1ec5c61809f52cac77e	data/n060-set03/family/high-heterogeneous/wide/m3.dat	data/100-1/wet100_031.dat	1012.066666667
n060-set03	60	3	4	family	high	20	wide	5600	6400	b68cae4bbc88d433295876a25dfe26d5f45f62687edab1ec5c61809f52cac77e	data/n060-set03/family/high-heterogeneous/wide/m4.dat	data/100-1/wet100_031.dat	1012.066666667
n060-set04	60	4	2	family	base	1	zero	0	0	2f23a88c6b5d0be0c83abcacdf71dc0bbecca780b949de9d7684396b04474097	data/n060-set04/family/base/zero/m2.dat	data/100-1/wet100_057.dat	53.583333333
n060-set04	60	4	3	family	base	1	zero	0	0	2f23a88c6b5d0be0c83abcacdf71dc0bbecca780b949de9d7684396b04474097	data/n060-set04/family/base/zero/m3.dat	data/100-1/wet100_057.dat	53.583333333
n060-set04	60	4	4	family	base	1	zero	0	0	2f23a88c6b5d0be0c83abcacdf71dc0bbecca780b949de9d7684396b04474097	data/n060-set04/family/base/zero/m4.dat	data/100-1/wet100_057.dat	53.583333333
n060-set04	60	4	2	family	base	1	narrow	80	120	335f6114cb268915add9cb3f923f9b2fbdeb7e912ca0043929ec23c3ed1b7511	data/n060-set04/family/base/narrow/m2.dat	data/100-1/wet100_057.dat	53.583333333
n060-set04	60	4	3	family	base	1	narrow	80	120	335f6114cb268915add9cb3f923f9b2fbdeb7e912ca0043929ec23c3ed1b7511	data/n060-set04/family/base/narrow/m3.dat	data/100-1/wet100_057.dat	53.583333333
n060-set04	60	4	4	family	base	1	narrow	80	120	335f6114cb268915add9cb3f923f9b2fbdeb7e912ca0043929ec23c3ed1b7511	data/n060-set04/family/base/narrow/m4.dat	data/100-1/wet100_057.dat	53.583333333
n060-set04	60	4	2	family	base	1	wide	280	320	d24008b82734b664b882ea6ec280d749b63085f5f7e4b80f06ca45abff6f09a1	data/n060-set04/family/base/wide/m2.dat	data/100-1/wet100_057.dat	53.583333333
n060-set04	60	4	3	family	base	1	wide	280	320	d24008b82734b664b882ea6ec280d749b63085f5f7e4b80f06ca45abff6f09a1	data/n060-set04/family/base/wide/m3.dat	data/100-1/wet100_057.dat	53.583333333
n060-set04	60	4	4	family	base	1	wide	280	320	d24008b82734b664b882ea6ec280d749b63085f5f7e4b80f06ca45abff6f09a1	data/n060-set04/family/base/wide/m4.dat	data/100-1/wet100_057.dat	53.583333333
n060-set04	60	4	2	family	medium	10	zero	0	0	2f23a88c6b5d0be0c83abcacdf71dc0bbecca780b949de9d7684396b04474097	data/n060-set04/family/medium-heterogeneous/zero/m2.dat	data/100-1/wet100_057.dat	524.666666667
n060-set04	60	4	3	family	medium	10	zero	0	0	2f23a88c6b5d0be0c83abcacdf71dc0bbecca780b949de9d7684396b04474097	data/n060-set04/family/medium-heterogeneous/zero/m3.dat	data/100-1/wet100_057.dat	524.666666667
n060-set04	60	4	4	family	medium	10	zero	0	0	2f23a88c6b5d0be0c83abcacdf71dc0bbecca780b949de9d7684396b04474097	data/n060-set04/family/medium-heterogeneous/zero/m4.dat	data/100-1/wet100_057.dat	524.666666667
n060-set04	60	4	2	family	medium	10	narrow	800	1200	43295fdd5d89b76870202efff122f2bc38b428d1e4f08c1c5c31ad6e9c11f8e4	data/n060-set04/family/medium-heterogeneous/narrow/m2.dat	data/100-1/wet100_057.dat	524.666666667
n060-set04	60	4	3	family	medium	10	narrow	800	1200	43295fdd5d89b76870202efff122f2bc38b428d1e4f08c1c5c31ad6e9c11f8e4	data/n060-set04/family/medium-heterogeneous/narrow/m3.dat	data/100-1/wet100_057.dat	524.666666667
n060-set04	60	4	4	family	medium	10	narrow	800	1200	43295fdd5d89b76870202efff122f2bc38b428d1e4f08c1c5c31ad6e9c11f8e4	data/n060-set04/family/medium-heterogeneous/narrow/m4.dat	data/100-1/wet100_057.dat	524.666666667
n060-set04	60	4	2	family	medium	10	wide	2800	3200	e957c0edff7de8a2d985a5eabd65f064da72c4605b0e4dccbf7087f51b484fa0	data/n060-set04/family/medium-heterogeneous/wide/m2.dat	data/100-1/wet100_057.dat	524.666666667
n060-set04	60	4	3	family	medium	10	wide	2800	3200	e957c0edff7de8a2d985a5eabd65f064da72c4605b0e4dccbf7087f51b484fa0	data/n060-set04/family/medium-heterogeneous/wide/m3.dat	data/100-1/wet100_057.dat	524.666666667
n060-set04	60	4	4	family	medium	10	wide	2800	3200	e957c0edff7de8a2d985a5eabd65f064da72c4605b0e4dccbf7087f51b484fa0	data/n060-set04/family/medium-heterogeneous/wide/m4.dat	data/100-1/wet100_057.dat	524.666666667
n060-set04	60	4	2	family	high	20	zero	0	0	2f23a88c6b5d0be0c83abcacdf71dc0bbecca780b949de9d7684396b04474097	data/n060-set04/family/high-heterogeneous/zero/m2.dat	data/100-1/wet100_057.dat	1108.300000000
n060-set04	60	4	3	family	high	20	zero	0	0	2f23a88c6b5d0be0c83abcacdf71dc0bbecca780b949de9d7684396b04474097	data/n060-set04/family/high-heterogeneous/zero/m3.dat	data/100-1/wet100_057.dat	1108.300000000
n060-set04	60	4	4	family	high	20	zero	0	0	2f23a88c6b5d0be0c83abcacdf71dc0bbecca780b949de9d7684396b04474097	data/n060-set04/family/high-heterogeneous/zero/m4.dat	data/100-1/wet100_057.dat	1108.300000000
n060-set04	60	4	2	family	high	20	narrow	1600	2400	8997a3b9fb2e64af5d16fea196a3c226a15b03d505fda770e7676f930df9b7ed	data/n060-set04/family/high-heterogeneous/narrow/m2.dat	data/100-1/wet100_057.dat	1108.300000000
n060-set04	60	4	3	family	high	20	narrow	1600	2400	8997a3b9fb2e64af5d16fea196a3c226a15b03d505fda770e7676f930df9b7ed	data/n060-set04/family/high-heterogeneous/narrow/m3.dat	data/100-1/wet100_057.dat	1108.300000000
n060-set04	60	4	4	family	high	20	narrow	1600	2400	8997a3b9fb2e64af5d16fea196a3c226a15b03d505fda770e7676f930df9b7ed	data/n060-set04/family/high-heterogeneous/narrow/m4.dat	data/100-1/wet100_057.dat	1108.300000000
n060-set04	60	4	2	family	high	20	wide	5600	6400	cc06de1ce3582827f969f86cf22d9d0dab65f92f3658f9aa511d8b2d7c8b9b63	data/n060-set04/family/high-heterogeneous/wide/m2.dat	data/100-1/wet100_057.dat	1108.300000000
n060-set04	60	4	3	family	high	20	wide	5600	6400	cc06de1ce3582827f969f86cf22d9d0dab65f92f3658f9aa511d8b2d7c8b9b63	data/n060-set04/family/high-heterogeneous/wide/m3.dat	data/100-1/wet100_057.dat	1108.300000000
n060-set04	60	4	4	family	high	20	wide	5600	6400	cc06de1ce3582827f969f86cf22d9d0dab65f92f3658f9aa511d8b2d7c8b9b63	data/n060-set04/family/high-heterogeneous/wide/m4.dat	data/100-1/wet100_057.dat	1108.300000000
n060-set05	60	5	2	family	base	1	zero	0	0	2f23a88c6b5d0be0c83abcacdf71dc0bbecca780b949de9d7684396b04474097	data/n060-set05/family/base/zero/m2.dat	data/100-1/wet100_095.dat	55.950000000
n060-set05	60	5	3	family	base	1	zero	0	0	2f23a88c6b5d0be0c83abcacdf71dc0bbecca780b949de9d7684396b04474097	data/n060-set05/family/base/zero/m3.dat	data/100-1/wet100_095.dat	55.950000000
n060-set05	60	5	4	family	base	1	zero	0	0	2f23a88c6b5d0be0c83abcacdf71dc0bbecca780b949de9d7684396b04474097	data/n060-set05/family/base/zero/m4.dat	data/100-1/wet100_095.dat	55.950000000
n060-set05	60	5	2	family	base	1	narrow	80	120	0398a3f1bc75873140701e726a207b9fe6c9c0666d73ae2a290c1a4997a29c74	data/n060-set05/family/base/narrow/m2.dat	data/100-1/wet100_095.dat	55.950000000
n060-set05	60	5	3	family	base	1	narrow	80	120	0398a3f1bc75873140701e726a207b9fe6c9c0666d73ae2a290c1a4997a29c74	data/n060-set05/family/base/narrow/m3.dat	data/100-1/wet100_095.dat	55.950000000
n060-set05	60	5	4	family	base	1	narrow	80	120	0398a3f1bc75873140701e726a207b9fe6c9c0666d73ae2a290c1a4997a29c74	data/n060-set05/family/base/narrow/m4.dat	data/100-1/wet100_095.dat	55.950000000
n060-set05	60	5	2	family	base	1	wide	280	320	832b5c1cdceafa65e4bba90c1c50ce9d9f77ebb019e199a096170e64e6f3f329	data/n060-set05/family/base/wide/m2.dat	data/100-1/wet100_095.dat	55.950000000
n060-set05	60	5	3	family	base	1	wide	280	320	832b5c1cdceafa65e4bba90c1c50ce9d9f77ebb019e199a096170e64e6f3f329	data/n060-set05/family/base/wide/m3.dat	data/100-1/wet100_095.dat	55.950000000
n060-set05	60	5	4	family	base	1	wide	280	320	832b5c1cdceafa65e4bba90c1c50ce9d9f77ebb019e199a096170e64e6f3f329	data/n060-set05/family/base/wide/m4.dat	data/100-1/wet100_095.dat	55.950000000
n060-set05	60	5	2	family	medium	10	zero	0	0	2f23a88c6b5d0be0c83abcacdf71dc0bbecca780b949de9d7684396b04474097	data/n060-set05/family/medium-heterogeneous/zero/m2.dat	data/100-1/wet100_095.dat	514.566666667
n060-set05	60	5	3	family	medium	10	zero	0	0	2f23a88c6b5d0be0c83abcacdf71dc0bbecca780b949de9d7684396b04474097	data/n060-set05/family/medium-heterogeneous/zero/m3.dat	data/100-1/wet100_095.dat	514.566666667
n060-set05	60	5	4	family	medium	10	zero	0	0	2f23a88c6b5d0be0c83abcacdf71dc0bbecca780b949de9d7684396b04474097	data/n060-set05/family/medium-heterogeneous/zero/m4.dat	data/100-1/wet100_095.dat	514.566666667
n060-set05	60	5	2	family	medium	10	narrow	800	1200	35266e9dca2be17a13684d0aa44642b71097c5eec9f26d692bec5e12b616741e	data/n060-set05/family/medium-heterogeneous/narrow/m2.dat	data/100-1/wet100_095.dat	514.566666667
n060-set05	60	5	3	family	medium	10	narrow	800	1200	35266e9dca2be17a13684d0aa44642b71097c5eec9f26d692bec5e12b616741e	data/n060-set05/family/medium-heterogeneous/narrow/m3.dat	data/100-1/wet100_095.dat	514.566666667
n060-set05	60	5	4	family	medium	10	narrow	800	1200	35266e9dca2be17a13684d0aa44642b71097c5eec9f26d692bec5e12b616741e	data/n060-set05/family/medium-heterogeneous/narrow/m4.dat	data/100-1/wet100_095.dat	514.566666667
n060-set05	60	5	2	family	medium	10	wide	2800	3200	374fc81a3e45ea305a9a5c12c08adfded712746358e7a33d99b6d16a21812e2b	data/n060-set05/family/medium-heterogeneous/wide/m2.dat	data/100-1/wet100_095.dat	514.566666667
n060-set05	60	5	3	family	medium	10	wide	2800	3200	374fc81a3e45ea305a9a5c12c08adfded712746358e7a33d99b6d16a21812e2b	data/n060-set05/family/medium-heterogeneous/wide/m3.dat	data/100-1/wet100_095.dat	514.566666667
n060-set05	60	5	4	family	medium	10	wide	2800	3200	374fc81a3e45ea305a9a5c12c08adfded712746358e7a33d99b6d16a21812e2b	data/n060-set05/family/medium-heterogeneous/wide/m4.dat	data/100-1/wet100_095.dat	514.566666667
n060-set05	60	5	2	family	high	20	zero	0	0	2f23a88c6b5d0be0c83abcacdf71dc0bbecca780b949de9d7684396b04474097	data/n060-set05/family/high-heterogeneous/zero/m2.dat	data/100-1/wet100_095.dat	1124.416666667
n060-set05	60	5	3	family	high	20	zero	0	0	2f23a88c6b5d0be0c83abcacdf71dc0bbecca780b949de9d7684396b04474097	data/n060-set05/family/high-heterogeneous/zero/m3.dat	data/100-1/wet100_095.dat	1124.416666667
n060-set05	60	5	4	family	high	20	zero	0	0	2f23a88c6b5d0be0c83abcacdf71dc0bbecca780b949de9d7684396b04474097	data/n060-set05/family/high-heterogeneous/zero/m4.dat	data/100-1/wet100_095.dat	1124.416666667
n060-set05	60	5	2	family	high	20	narrow	1600	2400	49fea5b4214eadb1f3ed08f6bc57b40f05a75b329fc4ecea59073376d29cc795	data/n060-set05/family/high-heterogeneous/narrow/m2.dat	data/100-1/wet100_095.dat	1124.416666667
n060-set05	60	5	3	family	high	20	narrow	1600	2400	49fea5b4214eadb1f3ed08f6bc57b40f05a75b329fc4ecea59073376d29cc795	data/n060-set05/family/high-heterogeneous/narrow/m3.dat	data/100-1/wet100_095.dat	1124.416666667
n060-set05	60	5	4	family	high	20	narrow	1600	2400	49fea5b4214eadb1f3ed08f6bc57b40f05a75b329fc4ecea59073376d29cc795	data/n060-set05/family/high-heterogeneous/narrow/m4.dat	data/100-1/wet100_095.dat	1124.416666667
n060-set05	60	5	2	family	high	20	wide	5600	6400	886593a8b2d6b14a0bdbbaa8a7c041b61b40b38da72ba3b0900ed5b1a994ae79	data/n060-set05/family/high-heterogeneous/wide/m2.dat	data/100-1/wet100_095.dat	1124.416666667
n060-set05	60	5	3	family	high	20	wide	5600	6400	886593a8b2d6b14a0bdbbaa8a7c041b61b40b38da72ba3b0900ed5b1a994ae79	data/n060-set05/family/high-heterogeneous/wide/m3.dat	data/100-1/wet100_095.dat	1124.416666667
n060-set05	60	5	4	family	high	20	wide	5600	6400	886593a8b2d6b14a0bdbbaa8a7c041b61b40b38da72ba3b0900ed5b1a994ae79	data/n060-set05/family/high-heterogeneous/wide/m4.dat	data/100-1/wet100_095.dat	1124.416666667
n080-set01	80	1	3	family	base	1	zero	0	0	51f5f96f231a3373f3ea875be8844de96b5e9488dbb027cd7e1df6c876bc6103	data/n080-set01/family/base/zero/m3.dat	data/100-1/wet100_037.dat	55.475000000
n080-set01	80	1	4	family	base	1	zero	0	0	51f5f96f231a3373f3ea875be8844de96b5e9488dbb027cd7e1df6c876bc6103	data/n080-set01/family/base/zero/m4.dat	data/100-1/wet100_037.dat	55.475000000
n080-set01	80	1	5	family	base	1	zero	0	0	51f5f96f231a3373f3ea875be8844de96b5e9488dbb027cd7e1df6c876bc6103	data/n080-set01/family/base/zero/m5.dat	data/100-1/wet100_037.dat	55.475000000
n080-set01	80	1	3	family	base	1	narrow	80	120	05e41985839b07e0c4293dd94a19b31f28ef69593f99888ea22889dbb7b14b2b	data/n080-set01/family/base/narrow/m3.dat	data/100-1/wet100_037.dat	55.475000000
n080-set01	80	1	4	family	base	1	narrow	80	120	05e41985839b07e0c4293dd94a19b31f28ef69593f99888ea22889dbb7b14b2b	data/n080-set01/family/base/narrow/m4.dat	data/100-1/wet100_037.dat	55.475000000
n080-set01	80	1	5	family	base	1	narrow	80	120	05e41985839b07e0c4293dd94a19b31f28ef69593f99888ea22889dbb7b14b2b	data/n080-set01/family/base/narrow/m5.dat	data/100-1/wet100_037.dat	55.475000000
n080-set01	80	1	3	family	base	1	wide	280	320	6a82cf90bae9f0bad2272774cf3e6963fb49af29aa0bad216f34743e2e3f38a2	data/n080-set01/family/base/wide/m3.dat	data/100-1/wet100_037.dat	55.475000000
n080-set01	80	1	4	family	base	1	wide	280	320	6a82cf90bae9f0bad2272774cf3e6963fb49af29aa0bad216f34743e2e3f38a2	data/n080-set01/family/base/wide/m4.dat	data/100-1/wet100_037.dat	55.475000000
n080-set01	80	1	5	family	base	1	wide	280	320	6a82cf90bae9f0bad2272774cf3e6963fb49af29aa0bad216f34743e2e3f38a2	data/n080-set01/family/base/wide/m5.dat	data/100-1/wet100_037.dat	55.475000000
n080-set01	80	1	3	family	medium	10	zero	0	0	51f5f96f231a3373f3ea875be8844de96b5e9488dbb027cd7e1df6c876bc6103	data/n080-set01/family/medium-heterogeneous/zero/m3.dat	data/100-1/wet100_037.dat	554.112500000
n080-set01	80	1	4	family	medium	10	zero	0	0	51f5f96f231a3373f3ea875be8844de96b5e9488dbb027cd7e1df6c876bc6103	data/n080-set01/family/medium-heterogeneous/zero/m4.dat	data/100-1/wet100_037.dat	554.112500000
n080-set01	80	1	5	family	medium	10	zero	0	0	51f5f96f231a3373f3ea875be8844de96b5e9488dbb027cd7e1df6c876bc6103	data/n080-set01/family/medium-heterogeneous/zero/m5.dat	data/100-1/wet100_037.dat	554.112500000
n080-set01	80	1	3	family	medium	10	narrow	800	1200	e5e7895ce6975ab36727549a671f2a7e10fa005265e4200f776deabdc808af1b	data/n080-set01/family/medium-heterogeneous/narrow/m3.dat	data/100-1/wet100_037.dat	554.112500000
n080-set01	80	1	4	family	medium	10	narrow	800	1200	e5e7895ce6975ab36727549a671f2a7e10fa005265e4200f776deabdc808af1b	data/n080-set01/family/medium-heterogeneous/narrow/m4.dat	data/100-1/wet100_037.dat	554.112500000
n080-set01	80	1	5	family	medium	10	narrow	800	1200	e5e7895ce6975ab36727549a671f2a7e10fa005265e4200f776deabdc808af1b	data/n080-set01/family/medium-heterogeneous/narrow/m5.dat	data/100-1/wet100_037.dat	554.112500000
n080-set01	80	1	3	family	medium	10	wide	2800	3200	51ee1605081645dc1bcf65f0d97c06741406db19d08ad6ae3516f6b3b02e038a	data/n080-set01/family/medium-heterogeneous/wide/m3.dat	data/100-1/wet100_037.dat	554.112500000
n080-set01	80	1	4	family	medium	10	wide	2800	3200	51ee1605081645dc1bcf65f0d97c06741406db19d08ad6ae3516f6b3b02e038a	data/n080-set01/family/medium-heterogeneous/wide/m4.dat	data/100-1/wet100_037.dat	554.112500000
n080-set01	80	1	5	family	medium	10	wide	2800	3200	51ee1605081645dc1bcf65f0d97c06741406db19d08ad6ae3516f6b3b02e038a	data/n080-set01/family/medium-heterogeneous/wide/m5.dat	data/100-1/wet100_037.dat	554.112500000
n080-set01	80	1	3	family	high	20	zero	0	0	51f5f96f231a3373f3ea875be8844de96b5e9488dbb027cd7e1df6c876bc6103	data/n080-set01/family/high-heterogeneous/zero/m3.dat	data/100-1/wet100_037.dat	1080.262500000
n080-set01	80	1	4	family	high	20	zero	0	0	51f5f96f231a3373f3ea875be8844de96b5e9488dbb027cd7e1df6c876bc6103	data/n080-set01/family/high-heterogeneous/zero/m4.dat	data/100-1/wet100_037.dat	1080.262500000
n080-set01	80	1	5	family	high	20	zero	0	0	51f5f96f231a3373f3ea875be8844de96b5e9488dbb027cd7e1df6c876bc6103	data/n080-set01/family/high-heterogeneous/zero/m5.dat	data/100-1/wet100_037.dat	1080.262500000
n080-set01	80	1	3	family	high	20	narrow	1600	2400	d0611ffc4379703ba553e5be8df5d4948133df31ae435b924fcbe327d474c162	data/n080-set01/family/high-heterogeneous/narrow/m3.dat	data/100-1/wet100_037.dat	1080.262500000
n080-set01	80	1	4	family	high	20	narrow	1600	2400	d0611ffc4379703ba553e5be8df5d4948133df31ae435b924fcbe327d474c162	data/n080-set01/family/high-heterogeneous/narrow/m4.dat	data/100-1/wet100_037.dat	1080.262500000
n080-set01	80	1	5	family	high	20	narrow	1600	2400	d0611ffc4379703ba553e5be8df5d4948133df31ae435b924fcbe327d474c162	data/n080-set01/family/high-heterogeneous/narrow/m5.dat	data/100-1/wet100_037.dat	1080.262500000
n080-set01	80	1	3	family	high	20	wide	5600	6400	b9d846216d2dbdf9755caa17f7fd742a24e3bb1f4a47dc9830fb33fc448ce037	data/n080-set01/family/high-heterogeneous/wide/m3.dat	data/100-1/wet100_037.dat	1080.262500000
n080-set01	80	1	4	family	high	20	wide	5600	6400	b9d846216d2dbdf9755caa17f7fd742a24e3bb1f4a47dc9830fb33fc448ce037	data/n080-set01/family/high-heterogeneous/wide/m4.dat	data/100-1/wet100_037.dat	1080.262500000
n080-set01	80	1	5	family	high	20	wide	5600	6400	b9d846216d2dbdf9755caa17f7fd742a24e3bb1f4a47dc9830fb33fc448ce037	data/n080-set01/family/high-heterogeneous/wide/m5.dat	data/100-1/wet100_037.dat	1080.262500000
n080-set02	80	2	3	family	base	1	zero	0	0	51f5f96f231a3373f3ea875be8844de96b5e9488dbb027cd7e1df6c876bc6103	data/n080-set02/family/base/zero/m3.dat	data/100-1/wet100_012.dat	52.637500000
n080-set02	80	2	4	family	base	1	zero	0	0	51f5f96f231a3373f3ea875be8844de96b5e9488dbb027cd7e1df6c876bc6103	data/n080-set02/family/base/zero/m4.dat	data/100-1/wet100_012.dat	52.637500000
n080-set02	80	2	5	family	base	1	zero	0	0	51f5f96f231a3373f3ea875be8844de96b5e9488dbb027cd7e1df6c876bc6103	data/n080-set02/family/base/zero/m5.dat	data/100-1/wet100_012.dat	52.637500000
n080-set02	80	2	3	family	base	1	narrow	80	120	f4bcfba13826aba4c67b746251466b0c8c60a5ffbfb32f53a5c397852877fa09	data/n080-set02/family/base/narrow/m3.dat	data/100-1/wet100_012.dat	52.637500000
n080-set02	80	2	4	family	base	1	narrow	80	120	f4bcfba13826aba4c67b746251466b0c8c60a5ffbfb32f53a5c397852877fa09	data/n080-set02/family/base/narrow/m4.dat	data/100-1/wet100_012.dat	52.637500000
n080-set02	80	2	5	family	base	1	narrow	80	120	f4bcfba13826aba4c67b746251466b0c8c60a5ffbfb32f53a5c397852877fa09	data/n080-set02/family/base/narrow/m5.dat	data/100-1/wet100_012.dat	52.637500000
n080-set02	80	2	3	family	base	1	wide	280	320	34c0eb810ee7c0b643a3d4f608b235d5f5a11b7ed5dc6fe991f29dba7b7c38fd	data/n080-set02/family/base/wide/m3.dat	data/100-1/wet100_012.dat	52.637500000
n080-set02	80	2	4	family	base	1	wide	280	320	34c0eb810ee7c0b643a3d4f608b235d5f5a11b7ed5dc6fe991f29dba7b7c38fd	data/n080-set02/family/base/wide/m4.dat	data/100-1/wet100_012.dat	52.637500000
n080-set02	80	2	5	family	base	1	wide	280	320	34c0eb810ee7c0b643a3d4f608b235d5f5a11b7ed5dc6fe991f29dba7b7c38fd	data/n080-set02/family/base/wide/m5.dat	data/100-1/wet100_012.dat	52.637500000
n080-set02	80	2	3	family	medium	10	zero	0	0	51f5f96f231a3373f3ea875be8844de96b5e9488dbb027cd7e1df6c876bc6103	data/n080-set02/family/medium-heterogeneous/zero/m3.dat	data/100-1/wet100_012.dat	558.362500000
n080-set02	80	2	4	family	medium	10	zero	0	0	51f5f96f231a3373f3ea875be8844de96b5e9488dbb027cd7e1df6c876bc6103	data/n080-set02/family/medium-heterogeneous/zero/m4.dat	data/100-1/wet100_012.dat	558.362500000
n080-set02	80	2	5	family	medium	10	zero	0	0	51f5f96f231a3373f3ea875be8844de96b5e9488dbb027cd7e1df6c876bc6103	data/n080-set02/family/medium-heterogeneous/zero/m5.dat	data/100-1/wet100_012.dat	558.362500000
n080-set02	80	2	3	family	medium	10	narrow	800	1200	7a0ae2eb61d328fb404b84ac8df8e8548576fe03f1315802bebf3d4f4f50f028	data/n080-set02/family/medium-heterogeneous/narrow/m3.dat	data/100-1/wet100_012.dat	558.362500000
n080-set02	80	2	4	family	medium	10	narrow	800	1200	7a0ae2eb61d328fb404b84ac8df8e8548576fe03f1315802bebf3d4f4f50f028	data/n080-set02/family/medium-heterogeneous/narrow/m4.dat	data/100-1/wet100_012.dat	558.362500000
n080-set02	80	2	5	family	medium	10	narrow	800	1200	7a0ae2eb61d328fb404b84ac8df8e8548576fe03f1315802bebf3d4f4f50f028	data/n080-set02/family/medium-heterogeneous/narrow/m5.dat	data/100-1/wet100_012.dat	558.362500000
n080-set02	80	2	3	family	medium	10	wide	2800	3200	4b7ed373ce73c3946d966195f7910e89dfd36bd6d18b85ecfab5d491b8684a3b	data/n080-set02/family/medium-heterogeneous/wide/m3.dat	data/100-1/wet100_012.dat	558.362500000
n080-set02	80	2	4	family	medium	10	wide	2800	3200	4b7ed373ce73c3946d966195f7910e89dfd36bd6d18b85ecfab5d491b8684a3b	data/n080-set02/family/medium-heterogeneous/wide/m4.dat	data/100-1/wet100_012.dat	558.362500000
n080-set02	80	2	5	family	medium	10	wide	2800	3200	4b7ed373ce73c3946d966195f7910e89dfd36bd6d18b85ecfab5d491b8684a3b	data/n080-set02/family/medium-heterogeneous/wide/m5.dat	data/100-1/wet100_012.dat	558.362500000
n080-set02	80	2	3	family	high	20	zero	0	0	51f5f96f231a3373f3ea875be8844de96b5e9488dbb027cd7e1df6c876bc6103	data/n080-set02/family/high-heterogeneous/zero/m3.dat	data/100-1/wet100_012.dat	1041.937500000
n080-set02	80	2	4	family	high	20	zero	0	0	51f5f96f231a3373f3ea875be8844de96b5e9488dbb027cd7e1df6c876bc6103	data/n080-set02/family/high-heterogeneous/zero/m4.dat	data/100-1/wet100_012.dat	1041.937500000
n080-set02	80	2	5	family	high	20	zero	0	0	51f5f96f231a3373f3ea875be8844de96b5e9488dbb027cd7e1df6c876bc6103	data/n080-set02/family/high-heterogeneous/zero/m5.dat	data/100-1/wet100_012.dat	1041.937500000
n080-set02	80	2	3	family	high	20	narrow	1600	2400	b22847e1e5535e81e8d63be5cf583c03cad0fdfbfffbc7f690c935ad381e4ed2	data/n080-set02/family/high-heterogeneous/narrow/m3.dat	data/100-1/wet100_012.dat	1041.937500000
n080-set02	80	2	4	family	high	20	narrow	1600	2400	b22847e1e5535e81e8d63be5cf583c03cad0fdfbfffbc7f690c935ad381e4ed2	data/n080-set02/family/high-heterogeneous/narrow/m4.dat	data/100-1/wet100_012.dat	1041.937500000
n080-set02	80	2	5	family	high	20	narrow	1600	2400	b22847e1e5535e81e8d63be5cf583c03cad0fdfbfffbc7f690c935ad381e4ed2	data/n080-set02/family/high-heterogeneous/narrow/m5.dat	data/100-1/wet100_012.dat	1041.937500000
n080-set02	80	2	3	family	high	20	wide	5600	6400	165fa5d02a7b1ff30bf645d92e69474e7a286245e6732d56591e31b57c84f110	data/n080-set02/family/high-heterogeneous/wide/m3.dat	data/100-1/wet100_012.dat	1041.937500000
n080-set02	80	2	4	family	high	20	wide	5600	6400	165fa5d02a7b1ff30bf645d92e69474e7a286245e6732d56591e31b57c84f110	data/n080-set02/family/high-heterogeneous/wide/m4.dat	data/100-1/wet100_012.dat	1041.937500000
n080-set02	80	2	5	family	high	20	wide	5600	6400	165fa5d02a7b1ff30bf645d92e69474e7a286245e6732d56591e31b57c84f110	data/n080-set02/family/high-heterogeneous/wide/m5.dat	data/100-1/wet100_012.dat	1041.937500000
n080-set03	80	3	3	family	base	1	zero	0	0	51f5f96f231a3373f3ea875be8844de96b5e9488dbb027cd7e1df6c876bc6103	data/n080-set03/family/base/zero/m3.dat	data/100-1/wet100_031.dat	53.300000000
n080-set03	80	3	4	family	base	1	zero	0	0	51f5f96f231a3373f3ea875be8844de96b5e9488dbb027cd7e1df6c876bc6103	data/n080-set03/family/base/zero/m4.dat	data/100-1/wet100_031.dat	53.300000000
n080-set03	80	3	5	family	base	1	zero	0	0	51f5f96f231a3373f3ea875be8844de96b5e9488dbb027cd7e1df6c876bc6103	data/n080-set03/family/base/zero/m5.dat	data/100-1/wet100_031.dat	53.300000000
n080-set03	80	3	3	family	base	1	narrow	80	120	4ec4b4e1f6aa48b6c04cca3022893002812253ab64ab945f3c78695baf0de03b	data/n080-set03/family/base/narrow/m3.dat	data/100-1/wet100_031.dat	53.300000000
n080-set03	80	3	4	family	base	1	narrow	80	120	4ec4b4e1f6aa48b6c04cca3022893002812253ab64ab945f3c78695baf0de03b	data/n080-set03/family/base/narrow/m4.dat	data/100-1/wet100_031.dat	53.300000000
n080-set03	80	3	5	family	base	1	narrow	80	120	4ec4b4e1f6aa48b6c04cca3022893002812253ab64ab945f3c78695baf0de03b	data/n080-set03/family/base/narrow/m5.dat	data/100-1/wet100_031.dat	53.300000000
n080-set03	80	3	3	family	base	1	wide	280	320	752334c7348bb2ad596c1cf359ff00049027ab63b2455c1ba74bc884e1d4a367	data/n080-set03/family/base/wide/m3.dat	data/100-1/wet100_031.dat	53.300000000
n080-set03	80	3	4	family	base	1	wide	280	320	752334c7348bb2ad596c1cf359ff00049027ab63b2455c1ba74bc884e1d4a367	data/n080-set03/family/base/wide/m4.dat	data/100-1/wet100_031.dat	53.300000000
n080-set03	80	3	5	family	base	1	wide	280	320	752334c7348bb2ad596c1cf359ff00049027ab63b2455c1ba74bc884e1d4a367	data/n080-set03/family/base/wide/m5.dat	data/100-1/wet100_031.dat	53.300000000
n080-set03	80	3	3	family	medium	10	zero	0	0	51f5f96f231a3373f3ea875be8844de96b5e9488dbb027cd7e1df6c876bc6103	data/n080-set03/family/medium-heterogeneous/zero/m3.dat	data/100-1/wet100_031.dat	519.775000000
n080-set03	80	3	4	family	medium	10	zero	0	0	51f5f96f231a3373f3ea875be8844de96b5e9488dbb027cd7e1df6c876bc6103	data/n080-set03/family/medium-heterogeneous/zero/m4.dat	data/100-1/wet100_031.dat	519.775000000
n080-set03	80	3	5	family	medium	10	zero	0	0	51f5f96f231a3373f3ea875be8844de96b5e9488dbb027cd7e1df6c876bc6103	data/n080-set03/family/medium-heterogeneous/zero/m5.dat	data/100-1/wet100_031.dat	519.775000000
n080-set03	80	3	3	family	medium	10	narrow	800	1200	dfb0b6d9c4b0742f9be471ca5b9c8feac3b9ad0e70cb630bda93962f06e7c84b	data/n080-set03/family/medium-heterogeneous/narrow/m3.dat	data/100-1/wet100_031.dat	519.775000000
n080-set03	80	3	4	family	medium	10	narrow	800	1200	dfb0b6d9c4b0742f9be471ca5b9c8feac3b9ad0e70cb630bda93962f06e7c84b	data/n080-set03/family/medium-heterogeneous/narrow/m4.dat	data/100-1/wet100_031.dat	519.775000000
n080-set03	80	3	5	family	medium	10	narrow	800	1200	dfb0b6d9c4b0742f9be471ca5b9c8feac3b9ad0e70cb630bda93962f06e7c84b	data/n080-set03/family/medium-heterogeneous/narrow/m5.dat	data/100-1/wet100_031.dat	519.775000000
n080-set03	80	3	3	family	medium	10	wide	2800	3200	1a8cf64349516a10b8c87e797ce2e2983a13fd8c10c99018c3d2ae36617fb50b	data/n080-set03/family/medium-heterogeneous/wide/m3.dat	data/100-1/wet100_031.dat	519.775000000
n080-set03	80	3	4	family	medium	10	wide	2800	3200	1a8cf64349516a10b8c87e797ce2e2983a13fd8c10c99018c3d2ae36617fb50b	data/n080-set03/family/medium-heterogeneous/wide/m4.dat	data/100-1/wet100_031.dat	519.775000000
n080-set03	80	3	5	family	medium	10	wide	2800	3200	1a8cf64349516a10b8c87e797ce2e2983a13fd8c10c99018c3d2ae36617fb50b	data/n080-set03/family/medium-heterogeneous/wide/m5.dat	data/100-1/wet100_031.dat	519.775000000
n080-set03	80	3	3	family	high	20	zero	0	0	51f5f96f231a3373f3ea875be8844de96b5e9488dbb027cd7e1df6c876bc6103	data/n080-set03/family/high-heterogeneous/zero/m3.dat	data/100-1/wet100_031.dat	1062.325000000
n080-set03	80	3	4	family	high	20	zero	0	0	51f5f96f231a3373f3ea875be8844de96b5e9488dbb027cd7e1df6c876bc6103	data/n080-set03/family/high-heterogeneous/zero/m4.dat	data/100-1/wet100_031.dat	1062.325000000
n080-set03	80	3	5	family	high	20	zero	0	0	51f5f96f231a3373f3ea875be8844de96b5e9488dbb027cd7e1df6c876bc6103	data/n080-set03/family/high-heterogeneous/zero/m5.dat	data/100-1/wet100_031.dat	1062.325000000
n080-set03	80	3	3	family	high	20	narrow	1600	2400	ee61cd90b3c5abb7c13ea344fede1fd5ab740f7bddbb1c4455be70f21061379d	data/n080-set03/family/high-heterogeneous/narrow/m3.dat	data/100-1/wet100_031.dat	1062.325000000
n080-set03	80	3	4	family	high	20	narrow	1600	2400	ee61cd90b3c5abb7c13ea344fede1fd5ab740f7bddbb1c4455be70f21061379d	data/n080-set03/family/high-heterogeneous/narrow/m4.dat	data/100-1/wet100_031.dat	1062.325000000
n080-set03	80	3	5	family	high	20	narrow	1600	2400	ee61cd90b3c5abb7c13ea344fede1fd5ab740f7bddbb1c4455be70f21061379d	data/n080-set03/family/high-heterogeneous/narrow/m5.dat	data/100-1/wet100_031.dat	1062.325000000
n080-set03	80	3	3	family	high	20	wide	5600	6400	906c7d0174d16bb6e9907b01eaf6dc29001f2c5aa9feaf136ba2b9a36eed2f40	data/n080-set03/family/high-heterogeneous/wide/m3.dat	data/100-1/wet100_031.dat	1062.325000000
n080-set03	80	3	4	family	high	20	wide	5600	6400	906c7d0174d16bb6e9907b01eaf6dc29001f2c5aa9feaf136ba2b9a36eed2f40	data/n080-set03/family/high-heterogeneous/wide/m4.dat	data/100-1/wet100_031.dat	1062.325000000
n080-set03	80	3	5	family	high	20	wide	5600	6400	906c7d0174d16bb6e9907b01eaf6dc29001f2c5aa9feaf136ba2b9a36eed2f40	data/n080-set03/family/high-heterogeneous/wide/m5.dat	data/100-1/wet100_031.dat	1062.325000000
n080-set04	80	4	3	family	base	1	zero	0	0	51f5f96f231a3373f3ea875be8844de96b5e9488dbb027cd7e1df6c876bc6103	data/n080-set04/family/base/zero/m3.dat	data/100-1/wet100_057.dat	51.225000000
n080-set04	80	4	4	family	base	1	zero	0	0	51f5f96f231a3373f3ea875be8844de96b5e9488dbb027cd7e1df6c876bc6103	data/n080-set04/family/base/zero/m4.dat	data/100-1/wet100_057.dat	51.225000000
n080-set04	80	4	5	family	base	1	zero	0	0	51f5f96f231a3373f3ea875be8844de96b5e9488dbb027cd7e1df6c876bc6103	data/n080-set04/family/base/zero/m5.dat	data/100-1/wet100_057.dat	51.225000000
n080-set04	80	4	3	family	base	1	narrow	80	120	23be96d7adc4f0df6cd2d9fa01da089831cecaf62f57abea1a50a9fa19544b95	data/n080-set04/family/base/narrow/m3.dat	data/100-1/wet100_057.dat	51.225000000
n080-set04	80	4	4	family	base	1	narrow	80	120	23be96d7adc4f0df6cd2d9fa01da089831cecaf62f57abea1a50a9fa19544b95	data/n080-set04/family/base/narrow/m4.dat	data/100-1/wet100_057.dat	51.225000000
n080-set04	80	4	5	family	base	1	narrow	80	120	23be96d7adc4f0df6cd2d9fa01da089831cecaf62f57abea1a50a9fa19544b95	data/n080-set04/family/base/narrow/m5.dat	data/100-1/wet100_057.dat	51.225000000
n080-set04	80	4	3	family	base	1	wide	280	320	0a5df0042437f2d08f737433822ce730e99fa688bcd76244f2d6d62735758c6a	data/n080-set04/family/base/wide/m3.dat	data/100-1/wet100_057.dat	51.225000000
n080-set04	80	4	4	family	base	1	wide	280	320	0a5df0042437f2d08f737433822ce730e99fa688bcd76244f2d6d62735758c6a	data/n080-set04/family/base/wide/m4.dat	data/100-1/wet100_057.dat	51.225000000
n080-set04	80	4	5	family	base	1	wide	280	320	0a5df0042437f2d08f737433822ce730e99fa688bcd76244f2d6d62735758c6a	data/n080-set04/family/base/wide/m5.dat	data/100-1/wet100_057.dat	51.225000000
n080-set04	80	4	3	family	medium	10	zero	0	0	51f5f96f231a3373f3ea875be8844de96b5e9488dbb027cd7e1df6c876bc6103	data/n080-set04/family/medium-heterogeneous/zero/m3.dat	data/100-1/wet100_057.dat	508.962500000
n080-set04	80	4	4	family	medium	10	zero	0	0	51f5f96f231a3373f3ea875be8844de96b5e9488dbb027cd7e1df6c876bc6103	data/n080-set04/family/medium-heterogeneous/zero/m4.dat	data/100-1/wet100_057.dat	508.962500000
n080-set04	80	4	5	family	medium	10	zero	0	0	51f5f96f231a3373f3ea875be8844de96b5e9488dbb027cd7e1df6c876bc6103	data/n080-set04/family/medium-heterogeneous/zero/m5.dat	data/100-1/wet100_057.dat	508.962500000
n080-set04	80	4	3	family	medium	10	narrow	800	1200	99136ce56bcb5142e7fa50f6f79ac4466a5b2f68f56024c0695385afe17ad379	data/n080-set04/family/medium-heterogeneous/narrow/m3.dat	data/100-1/wet100_057.dat	508.962500000
n080-set04	80	4	4	family	medium	10	narrow	800	1200	99136ce56bcb5142e7fa50f6f79ac4466a5b2f68f56024c0695385afe17ad379	data/n080-set04/family/medium-heterogeneous/narrow/m4.dat	data/100-1/wet100_057.dat	508.962500000
n080-set04	80	4	5	family	medium	10	narrow	800	1200	99136ce56bcb5142e7fa50f6f79ac4466a5b2f68f56024c0695385afe17ad379	data/n080-set04/family/medium-heterogeneous/narrow/m5.dat	data/100-1/wet100_057.dat	508.962500000
n080-set04	80	4	3	family	medium	10	wide	2800	3200	06f01a6836a0625ac37cb83af6def666fd9443def554317e4803800aefe66ef0	data/n080-set04/family/medium-heterogeneous/wide/m3.dat	data/100-1/wet100_057.dat	508.962500000
n080-set04	80	4	4	family	medium	10	wide	2800	3200	06f01a6836a0625ac37cb83af6def666fd9443def554317e4803800aefe66ef0	data/n080-set04/family/medium-heterogeneous/wide/m4.dat	data/100-1/wet100_057.dat	508.962500000
n080-set04	80	4	5	family	medium	10	wide	2800	3200	06f01a6836a0625ac37cb83af6def666fd9443def554317e4803800aefe66ef0	data/n080-set04/family/medium-heterogeneous/wide/m5.dat	data/100-1/wet100_057.dat	508.962500000
n080-set04	80	4	3	family	high	20	zero	0	0	51f5f96f231a3373f3ea875be8844de96b5e9488dbb027cd7e1df6c876bc6103	data/n080-set04/family/high-heterogeneous/zero/m3.dat	data/100-1/wet100_057.dat	1025.637500000
n080-set04	80	4	4	family	high	20	zero	0	0	51f5f96f231a3373f3ea875be8844de96b5e9488dbb027cd7e1df6c876bc6103	data/n080-set04/family/high-heterogeneous/zero/m4.dat	data/100-1/wet100_057.dat	1025.637500000
n080-set04	80	4	5	family	high	20	zero	0	0	51f5f96f231a3373f3ea875be8844de96b5e9488dbb027cd7e1df6c876bc6103	data/n080-set04/family/high-heterogeneous/zero/m5.dat	data/100-1/wet100_057.dat	1025.637500000
n080-set04	80	4	3	family	high	20	narrow	1600	2400	764974c29609e8d9d5ffb46d81a358867bd323b6fab8770eb071694455c8725a	data/n080-set04/family/high-heterogeneous/narrow/m3.dat	data/100-1/wet100_057.dat	1025.637500000
n080-set04	80	4	4	family	high	20	narrow	1600	2400	764974c29609e8d9d5ffb46d81a358867bd323b6fab8770eb071694455c8725a	data/n080-set04/family/high-heterogeneous/narrow/m4.dat	data/100-1/wet100_057.dat	1025.637500000
n080-set04	80	4	5	family	high	20	narrow	1600	2400	764974c29609e8d9d5ffb46d81a358867bd323b6fab8770eb071694455c8725a	data/n080-set04/family/high-heterogeneous/narrow/m5.dat	data/100-1/wet100_057.dat	1025.637500000
n080-set04	80	4	3	family	high	20	wide	5600	6400	67989783194e16667ab42efd4bc3b3550991a4a16beeb07ffb2d9370d0892cd0	data/n080-set04/family/high-heterogeneous/wide/m3.dat	data/100-1/wet100_057.dat	1025.637500000
n080-set04	80	4	4	family	high	20	wide	5600	6400	67989783194e16667ab42efd4bc3b3550991a4a16beeb07ffb2d9370d0892cd0	data/n080-set04/family/high-heterogeneous/wide/m4.dat	data/100-1/wet100_057.dat	1025.637500000
n080-set04	80	4	5	family	high	20	wide	5600	6400	67989783194e16667ab42efd4bc3b3550991a4a16beeb07ffb2d9370d0892cd0	data/n080-set04/family/high-heterogeneous/wide/m5.dat	data/100-1/wet100_057.dat	1025.637500000
n080-set05	80	5	3	family	base	1	zero	0	0	51f5f96f231a3373f3ea875be8844de96b5e9488dbb027cd7e1df6c876bc6103	data/n080-set05/family/base/zero/m3.dat	data/100-1/wet100_095.dat	52.500000000
n080-set05	80	5	4	family	base	1	zero	0	0	51f5f96f231a3373f3ea875be8844de96b5e9488dbb027cd7e1df6c876bc6103	data/n080-set05/family/base/zero/m4.dat	data/100-1/wet100_095.dat	52.500000000
n080-set05	80	5	5	family	base	1	zero	0	0	51f5f96f231a3373f3ea875be8844de96b5e9488dbb027cd7e1df6c876bc6103	data/n080-set05/family/base/zero/m5.dat	data/100-1/wet100_095.dat	52.500000000
n080-set05	80	5	3	family	base	1	narrow	80	120	b0fb59fef880d04d5030a80e1ee3279d00e4984d3179ca659b80fbac0777c98f	data/n080-set05/family/base/narrow/m3.dat	data/100-1/wet100_095.dat	52.500000000
n080-set05	80	5	4	family	base	1	narrow	80	120	b0fb59fef880d04d5030a80e1ee3279d00e4984d3179ca659b80fbac0777c98f	data/n080-set05/family/base/narrow/m4.dat	data/100-1/wet100_095.dat	52.500000000
n080-set05	80	5	5	family	base	1	narrow	80	120	b0fb59fef880d04d5030a80e1ee3279d00e4984d3179ca659b80fbac0777c98f	data/n080-set05/family/base/narrow/m5.dat	data/100-1/wet100_095.dat	52.500000000
n080-set05	80	5	3	family	base	1	wide	280	320	607888582c5996bbc5c33c2c53639be2ba115e8cdf687d89d83a5358b1bc99fc	data/n080-set05/family/base/wide/m3.dat	data/100-1/wet100_095.dat	52.500000000
n080-set05	80	5	4	family	base	1	wide	280	320	607888582c5996bbc5c33c2c53639be2ba115e8cdf687d89d83a5358b1bc99fc	data/n080-set05/family/base/wide/m4.dat	data/100-1/wet100_095.dat	52.500000000
n080-set05	80	5	5	family	base	1	wide	280	320	607888582c5996bbc5c33c2c53639be2ba115e8cdf687d89d83a5358b1bc99fc	data/n080-set05/family/base/wide/m5.dat	data/100-1/wet100_095.dat	52.500000000
n080-set05	80	5	3	family	medium	10	zero	0	0	51f5f96f231a3373f3ea875be8844de96b5e9488dbb027cd7e1df6c876bc6103	data/n080-set05/family/medium-heterogeneous/zero/m3.dat	data/100-1/wet100_095.dat	505.300000000
n080-set05	80	5	4	family	medium	10	zero	0	0	51f5f96f231a3373f3ea875be8844de96b5e9488dbb027cd7e1df6c876bc6103	data/n080-set05/family/medium-heterogeneous/zero/m4.dat	data/100-1/wet100_095.dat	505.300000000
n080-set05	80	5	5	family	medium	10	zero	0	0	51f5f96f231a3373f3ea875be8844de96b5e9488dbb027cd7e1df6c876bc6103	data/n080-set05/family/medium-heterogeneous/zero/m5.dat	data/100-1/wet100_095.dat	505.300000000
n080-set05	80	5	3	family	medium	10	narrow	800	1200	2609b863260afe25c6556cd7d207f081741c8f060c4b46e583f9bcb2228e9150	data/n080-set05/family/medium-heterogeneous/narrow/m3.dat	data/100-1/wet100_095.dat	505.300000000
n080-set05	80	5	4	family	medium	10	narrow	800	1200	2609b863260afe25c6556cd7d207f081741c8f060c4b46e583f9bcb2228e9150	data/n080-set05/family/medium-heterogeneous/narrow/m4.dat	data/100-1/wet100_095.dat	505.300000000
n080-set05	80	5	5	family	medium	10	narrow	800	1200	2609b863260afe25c6556cd7d207f081741c8f060c4b46e583f9bcb2228e9150	data/n080-set05/family/medium-heterogeneous/narrow/m5.dat	data/100-1/wet100_095.dat	505.300000000
n080-set05	80	5	3	family	medium	10	wide	2800	3200	82dfbe19745f05c87275b73f9210ed3f2c400eef4a1b848a847924ba5c7d7c77	data/n080-set05/family/medium-heterogeneous/wide/m3.dat	data/100-1/wet100_095.dat	505.300000000
n080-set05	80	5	4	family	medium	10	wide	2800	3200	82dfbe19745f05c87275b73f9210ed3f2c400eef4a1b848a847924ba5c7d7c77	data/n080-set05/family/medium-heterogeneous/wide/m4.dat	data/100-1/wet100_095.dat	505.300000000
n080-set05	80	5	5	family	medium	10	wide	2800	3200	82dfbe19745f05c87275b73f9210ed3f2c400eef4a1b848a847924ba5c7d7c77	data/n080-set05/family/medium-heterogeneous/wide/m5.dat	data/100-1/wet100_095.dat	505.300000000
n080-set05	80	5	3	family	high	20	zero	0	0	51f5f96f231a3373f3ea875be8844de96b5e9488dbb027cd7e1df6c876bc6103	data/n080-set05/family/high-heterogeneous/zero/m3.dat	data/100-1/wet100_095.dat	1033.612500000
n080-set05	80	5	4	family	high	20	zero	0	0	51f5f96f231a3373f3ea875be8844de96b5e9488dbb027cd7e1df6c876bc6103	data/n080-set05/family/high-heterogeneous/zero/m4.dat	data/100-1/wet100_095.dat	1033.612500000
n080-set05	80	5	5	family	high	20	zero	0	0	51f5f96f231a3373f3ea875be8844de96b5e9488dbb027cd7e1df6c876bc6103	data/n080-set05/family/high-heterogeneous/zero/m5.dat	data/100-1/wet100_095.dat	1033.612500000
n080-set05	80	5	3	family	high	20	narrow	1600	2400	03af7d4d60a34af49fa893a169487a0f78948d0527cdabab074a78305934ae4e	data/n080-set05/family/high-heterogeneous/narrow/m3.dat	data/100-1/wet100_095.dat	1033.612500000
n080-set05	80	5	4	family	high	20	narrow	1600	2400	03af7d4d60a34af49fa893a169487a0f78948d0527cdabab074a78305934ae4e	data/n080-set05/family/high-heterogeneous/narrow/m4.dat	data/100-1/wet100_095.dat	1033.612500000
n080-set05	80	5	5	family	high	20	narrow	1600	2400	03af7d4d60a34af49fa893a169487a0f78948d0527cdabab074a78305934ae4e	data/n080-set05/family/high-heterogeneous/narrow/m5.dat	data/100-1/wet100_095.dat	1033.612500000
n080-set05	80	5	3	family	high	20	wide	5600	6400	93c8e9ad6f08f085416336808c5f8b4b542fd8f2346f8d803ed6cc072668f536	data/n080-set05/family/high-heterogeneous/wide/m3.dat	data/100-1/wet100_095.dat	1033.612500000
n080-set05	80	5	4	family	high	20	wide	5600	6400	93c8e9ad6f08f085416336808c5f8b4b542fd8f2346f8d803ed6cc072668f536	data/n080-set05/family/high-heterogeneous/wide/m4.dat	data/100-1/wet100_095.dat	1033.612500000
n080-set05	80	5	5	family	high	20	wide	5600	6400	93c8e9ad6f08f085416336808c5f8b4b542fd8f2346f8d803ed6cc072668f536	data/n080-set05/family/high-heterogeneous/wide/m5.dat	data/100-1/wet100_095.dat	1033.612500000
n100-set01	100	1	3	family	base	1	zero	0	0	f87c5b2b20cfbc5ad7ba1181933f622e0653eca42b1355b52cd724f289efaa0e	data/n100-set01/family/base/zero/m3.dat	data/100-1/wet100_037.dat	55.200000000
n100-set01	100	1	4	family	base	1	zero	0	0	f87c5b2b20cfbc5ad7ba1181933f622e0653eca42b1355b52cd724f289efaa0e	data/n100-set01/family/base/zero/m4.dat	data/100-1/wet100_037.dat	55.200000000
n100-set01	100	1	5	family	base	1	zero	0	0	f87c5b2b20cfbc5ad7ba1181933f622e0653eca42b1355b52cd724f289efaa0e	data/n100-set01/family/base/zero/m5.dat	data/100-1/wet100_037.dat	55.200000000
n100-set01	100	1	3	family	base	1	narrow	80	120	eb976873c0439e634ee12519753291937c9333a3d9cf9c1ce7f9da4e25d4b187	data/n100-set01/family/base/narrow/m3.dat	data/100-1/wet100_037.dat	55.200000000
n100-set01	100	1	4	family	base	1	narrow	80	120	eb976873c0439e634ee12519753291937c9333a3d9cf9c1ce7f9da4e25d4b187	data/n100-set01/family/base/narrow/m4.dat	data/100-1/wet100_037.dat	55.200000000
n100-set01	100	1	5	family	base	1	narrow	80	120	eb976873c0439e634ee12519753291937c9333a3d9cf9c1ce7f9da4e25d4b187	data/n100-set01/family/base/narrow/m5.dat	data/100-1/wet100_037.dat	55.200000000
n100-set01	100	1	3	family	base	1	wide	280	320	f10cbcda2036da2e6ba91163b363eb86ba9b0960aed2db2ab737f013bb78028e	data/n100-set01/family/base/wide/m3.dat	data/100-1/wet100_037.dat	55.200000000
n100-set01	100	1	4	family	base	1	wide	280	320	f10cbcda2036da2e6ba91163b363eb86ba9b0960aed2db2ab737f013bb78028e	data/n100-set01/family/base/wide/m4.dat	data/100-1/wet100_037.dat	55.200000000
n100-set01	100	1	5	family	base	1	wide	280	320	f10cbcda2036da2e6ba91163b363eb86ba9b0960aed2db2ab737f013bb78028e	data/n100-set01/family/base/wide/m5.dat	data/100-1/wet100_037.dat	55.200000000
n100-set01	100	1	3	family	medium	10	zero	0	0	f87c5b2b20cfbc5ad7ba1181933f622e0653eca42b1355b52cd724f289efaa0e	data/n100-set01/family/medium-heterogeneous/zero/m3.dat	data/100-1/wet100_037.dat	555.030000000
n100-set01	100	1	4	family	medium	10	zero	0	0	f87c5b2b20cfbc5ad7ba1181933f622e0653eca42b1355b52cd724f289efaa0e	data/n100-set01/family/medium-heterogeneous/zero/m4.dat	data/100-1/wet100_037.dat	555.030000000
n100-set01	100	1	5	family	medium	10	zero	0	0	f87c5b2b20cfbc5ad7ba1181933f622e0653eca42b1355b52cd724f289efaa0e	data/n100-set01/family/medium-heterogeneous/zero/m5.dat	data/100-1/wet100_037.dat	555.030000000
n100-set01	100	1	3	family	medium	10	narrow	800	1200	12b95d22e5c59889440db4ec1c54fa651ddb688c721a502015060275c8b2f998	data/n100-set01/family/medium-heterogeneous/narrow/m3.dat	data/100-1/wet100_037.dat	555.030000000
n100-set01	100	1	4	family	medium	10	narrow	800	1200	12b95d22e5c59889440db4ec1c54fa651ddb688c721a502015060275c8b2f998	data/n100-set01/family/medium-heterogeneous/narrow/m4.dat	data/100-1/wet100_037.dat	555.030000000
n100-set01	100	1	5	family	medium	10	narrow	800	1200	12b95d22e5c59889440db4ec1c54fa651ddb688c721a502015060275c8b2f998	data/n100-set01/family/medium-heterogeneous/narrow/m5.dat	data/100-1/wet100_037.dat	555.030000000
n100-set01	100	1	3	family	medium	10	wide	2800	3200	ca2d6119a1111fc14b28fd40b01c24bd7cc3ebe277573de4db675e8bb6d181ba	data/n100-set01/family/medium-heterogeneous/wide/m3.dat	data/100-1/wet100_037.dat	555.030000000
n100-set01	100	1	4	family	medium	10	wide	2800	3200	ca2d6119a1111fc14b28fd40b01c24bd7cc3ebe277573de4db675e8bb6d181ba	data/n100-set01/family/medium-heterogeneous/wide/m4.dat	data/100-1/wet100_037.dat	555.030000000
n100-set01	100	1	5	family	medium	10	wide	2800	3200	ca2d6119a1111fc14b28fd40b01c24bd7cc3ebe277573de4db675e8bb6d181ba	data/n100-set01/family/medium-heterogeneous/wide/m5.dat	data/100-1/wet100_037.dat	555.030000000
n100-set01	100	1	3	family	high	20	zero	0	0	f87c5b2b20cfbc5ad7ba1181933f622e0653eca42b1355b52cd724f289efaa0e	data/n100-set01/family/high-heterogeneous/zero/m3.dat	data/100-1/wet100_037.dat	1100.810000000
n100-set01	100	1	4	family	high	20	zero	0	0	f87c5b2b20cfbc5ad7ba1181933f622e0653eca42b1355b52cd724f289efaa0e	data/n100-set01/family/high-heterogeneous/zero/m4.dat	data/100-1/wet100_037.dat	1100.810000000
n100-set01	100	1	5	family	high	20	zero	0	0	f87c5b2b20cfbc5ad7ba1181933f622e0653eca42b1355b52cd724f289efaa0e	data/n100-set01/family/high-heterogeneous/zero/m5.dat	data/100-1/wet100_037.dat	1100.810000000
n100-set01	100	1	3	family	high	20	narrow	1600	2400	1c51a23590e45ced586b1dd410985034866aca29ceb8807a9871838be696b5e2	data/n100-set01/family/high-heterogeneous/narrow/m3.dat	data/100-1/wet100_037.dat	1100.810000000
n100-set01	100	1	4	family	high	20	narrow	1600	2400	1c51a23590e45ced586b1dd410985034866aca29ceb8807a9871838be696b5e2	data/n100-set01/family/high-heterogeneous/narrow/m4.dat	data/100-1/wet100_037.dat	1100.810000000
n100-set01	100	1	5	family	high	20	narrow	1600	2400	1c51a23590e45ced586b1dd410985034866aca29ceb8807a9871838be696b5e2	data/n100-set01/family/high-heterogeneous/narrow/m5.dat	data/100-1/wet100_037.dat	1100.810000000
n100-set01	100	1	3	family	high	20	wide	5600	6400	3377970b8955401ebb78004807c1f788bbb62063352992138368d9848f290442	data/n100-set01/family/high-heterogeneous/wide/m3.dat	data/100-1/wet100_037.dat	1100.810000000
n100-set01	100	1	4	family	high	20	wide	5600	6400	3377970b8955401ebb78004807c1f788bbb62063352992138368d9848f290442	data/n100-set01/family/high-heterogeneous/wide/m4.dat	data/100-1/wet100_037.dat	1100.810000000
n100-set01	100	1	5	family	high	20	wide	5600	6400	3377970b8955401ebb78004807c1f788bbb62063352992138368d9848f290442	data/n100-set01/family/high-heterogeneous/wide/m5.dat	data/100-1/wet100_037.dat	1100.810000000
n100-set02	100	2	3	family	base	1	zero	0	0	f87c5b2b20cfbc5ad7ba1181933f622e0653eca42b1355b52cd724f289efaa0e	data/n100-set02/family/base/zero/m3.dat	data/100-1/wet100_012.dat	52.420000000
n100-set02	100	2	4	family	base	1	zero	0	0	f87c5b2b20cfbc5ad7ba1181933f622e0653eca42b1355b52cd724f289efaa0e	data/n100-set02/family/base/zero/m4.dat	data/100-1/wet100_012.dat	52.420000000
n100-set02	100	2	5	family	base	1	zero	0	0	f87c5b2b20cfbc5ad7ba1181933f622e0653eca42b1355b52cd724f289efaa0e	data/n100-set02/family/base/zero/m5.dat	data/100-1/wet100_012.dat	52.420000000
n100-set02	100	2	3	family	base	1	narrow	80	120	f2dcc0433c10f0da2072903cfd9ab55f06daeccc30b01b6600dc0cb7d6a987d6	data/n100-set02/family/base/narrow/m3.dat	data/100-1/wet100_012.dat	52.420000000
n100-set02	100	2	4	family	base	1	narrow	80	120	f2dcc0433c10f0da2072903cfd9ab55f06daeccc30b01b6600dc0cb7d6a987d6	data/n100-set02/family/base/narrow/m4.dat	data/100-1/wet100_012.dat	52.420000000
n100-set02	100	2	5	family	base	1	narrow	80	120	f2dcc0433c10f0da2072903cfd9ab55f06daeccc30b01b6600dc0cb7d6a987d6	data/n100-set02/family/base/narrow/m5.dat	data/100-1/wet100_012.dat	52.420000000
n100-set02	100	2	3	family	base	1	wide	280	320	5ac7cd2f5ccee98129ec610eb7f561caffe1864b069f7acdbf54e626e2f0ae1a	data/n100-set02/family/base/wide/m3.dat	data/100-1/wet100_012.dat	52.420000000
n100-set02	100	2	4	family	base	1	wide	280	320	5ac7cd2f5ccee98129ec610eb7f561caffe1864b069f7acdbf54e626e2f0ae1a	data/n100-set02/family/base/wide/m4.dat	data/100-1/wet100_012.dat	52.420000000
n100-set02	100	2	5	family	base	1	wide	280	320	5ac7cd2f5ccee98129ec610eb7f561caffe1864b069f7acdbf54e626e2f0ae1a	data/n100-set02/family/base/wide/m5.dat	data/100-1/wet100_012.dat	52.420000000
n100-set02	100	2	3	family	medium	10	zero	0	0	f87c5b2b20cfbc5ad7ba1181933f622e0653eca42b1355b52cd724f289efaa0e	data/n100-set02/family/medium-heterogeneous/zero/m3.dat	data/100-1/wet100_012.dat	497.730000000
n100-set02	100	2	4	family	medium	10	zero	0	0	f87c5b2b20cfbc5ad7ba1181933f622e0653eca42b1355b52cd724f289efaa0e	data/n100-set02/family/medium-heterogeneous/zero/m4.dat	data/100-1/wet100_012.dat	497.730000000
n100-set02	100	2	5	family	medium	10	zero	0	0	f87c5b2b20cfbc5ad7ba1181933f622e0653eca42b1355b52cd724f289efaa0e	data/n100-set02/family/medium-heterogeneous/zero/m5.dat	data/100-1/wet100_012.dat	497.730000000
n100-set02	100	2	3	family	medium	10	narrow	800	1200	5294a629b9b8596fd28daae8f13198f44f4ce21244f04c8f7ea9546e959f251a	data/n100-set02/family/medium-heterogeneous/narrow/m3.dat	data/100-1/wet100_012.dat	497.730000000
n100-set02	100	2	4	family	medium	10	narrow	800	1200	5294a629b9b8596fd28daae8f13198f44f4ce21244f04c8f7ea9546e959f251a	data/n100-set02/family/medium-heterogeneous/narrow/m4.dat	data/100-1/wet100_012.dat	497.730000000
n100-set02	100	2	5	family	medium	10	narrow	800	1200	5294a629b9b8596fd28daae8f13198f44f4ce21244f04c8f7ea9546e959f251a	data/n100-set02/family/medium-heterogeneous/narrow/m5.dat	data/100-1/wet100_012.dat	497.730000000
n100-set02	100	2	3	family	medium	10	wide	2800	3200	90df7edf14e1422ec223dbac8fe3729e25dc5d69040d0a922373c763806a73bc	data/n100-set02/family/medium-heterogeneous/wide/m3.dat	data/100-1/wet100_012.dat	497.730000000
n100-set02	100	2	4	family	medium	10	wide	2800	3200	90df7edf14e1422ec223dbac8fe3729e25dc5d69040d0a922373c763806a73bc	data/n100-set02/family/medium-heterogeneous/wide/m4.dat	data/100-1/wet100_012.dat	497.730000000
n100-set02	100	2	5	family	medium	10	wide	2800	3200	90df7edf14e1422ec223dbac8fe3729e25dc5d69040d0a922373c763806a73bc	data/n100-set02/family/medium-heterogeneous/wide/m5.dat	data/100-1/wet100_012.dat	497.730000000
n100-set02	100	2	3	family	high	20	zero	0	0	f87c5b2b20cfbc5ad7ba1181933f622e0653eca42b1355b52cd724f289efaa0e	data/n100-set02/family/high-heterogeneous/zero/m3.dat	data/100-1/wet100_012.dat	1066.070000000
n100-set02	100	2	4	family	high	20	zero	0	0	f87c5b2b20cfbc5ad7ba1181933f622e0653eca42b1355b52cd724f289efaa0e	data/n100-set02/family/high-heterogeneous/zero/m4.dat	data/100-1/wet100_012.dat	1066.070000000
n100-set02	100	2	5	family	high	20	zero	0	0	f87c5b2b20cfbc5ad7ba1181933f622e0653eca42b1355b52cd724f289efaa0e	data/n100-set02/family/high-heterogeneous/zero/m5.dat	data/100-1/wet100_012.dat	1066.070000000
n100-set02	100	2	3	family	high	20	narrow	1600	2400	5d6cedc21e617b343048b2954b66d1bf68f498b226b7884e465ae3b5586b097b	data/n100-set02/family/high-heterogeneous/narrow/m3.dat	data/100-1/wet100_012.dat	1066.070000000
n100-set02	100	2	4	family	high	20	narrow	1600	2400	5d6cedc21e617b343048b2954b66d1bf68f498b226b7884e465ae3b5586b097b	data/n100-set02/family/high-heterogeneous/narrow/m4.dat	data/100-1/wet100_012.dat	1066.070000000
n100-set02	100	2	5	family	high	20	narrow	1600	2400	5d6cedc21e617b343048b2954b66d1bf68f498b226b7884e465ae3b5586b097b	data/n100-set02/family/high-heterogeneous/narrow/m5.dat	data/100-1/wet100_012.dat	1066.070000000
n100-set02	100	2	3	family	high	20	wide	5600	6400	ffbbbe8209fff582adba50c270e6197303f1c8378df528c2bdc3509f8ac8a8f6	data/n100-set02/family/high-heterogeneous/wide/m3.dat	data/100-1/wet100_012.dat	1066.070000000
n100-set02	100	2	4	family	high	20	wide	5600	6400	ffbbbe8209fff582adba50c270e6197303f1c8378df528c2bdc3509f8ac8a8f6	data/n100-set02/family/high-heterogeneous/wide/m4.dat	data/100-1/wet100_012.dat	1066.070000000
n100-set02	100	2	5	family	high	20	wide	5600	6400	ffbbbe8209fff582adba50c270e6197303f1c8378df528c2bdc3509f8ac8a8f6	data/n100-set02/family/high-heterogeneous/wide/m5.dat	data/100-1/wet100_012.dat	1066.070000000
n100-set03	100	3	3	family	base	1	zero	0	0	f87c5b2b20cfbc5ad7ba1181933f622e0653eca42b1355b52cd724f289efaa0e	data/n100-set03/family/base/zero/m3.dat	data/100-1/wet100_031.dat	52.820000000
n100-set03	100	3	4	family	base	1	zero	0	0	f87c5b2b20cfbc5ad7ba1181933f622e0653eca42b1355b52cd724f289efaa0e	data/n100-set03/family/base/zero/m4.dat	data/100-1/wet100_031.dat	52.820000000
n100-set03	100	3	5	family	base	1	zero	0	0	f87c5b2b20cfbc5ad7ba1181933f622e0653eca42b1355b52cd724f289efaa0e	data/n100-set03/family/base/zero/m5.dat	data/100-1/wet100_031.dat	52.820000000
n100-set03	100	3	3	family	base	1	narrow	80	120	e9780320d5e465268c27199991a309e7fd9962e54820ec277d9658b20eda4087	data/n100-set03/family/base/narrow/m3.dat	data/100-1/wet100_031.dat	52.820000000
n100-set03	100	3	4	family	base	1	narrow	80	120	e9780320d5e465268c27199991a309e7fd9962e54820ec277d9658b20eda4087	data/n100-set03/family/base/narrow/m4.dat	data/100-1/wet100_031.dat	52.820000000
n100-set03	100	3	5	family	base	1	narrow	80	120	e9780320d5e465268c27199991a309e7fd9962e54820ec277d9658b20eda4087	data/n100-set03/family/base/narrow/m5.dat	data/100-1/wet100_031.dat	52.820000000
n100-set03	100	3	3	family	base	1	wide	280	320	4d979abf45b337117cf00fdd00b14bd0da72c23b1dd89fa3066acbc9cc124ed7	data/n100-set03/family/base/wide/m3.dat	data/100-1/wet100_031.dat	52.820000000
n100-set03	100	3	4	family	base	1	wide	280	320	4d979abf45b337117cf00fdd00b14bd0da72c23b1dd89fa3066acbc9cc124ed7	data/n100-set03/family/base/wide/m4.dat	data/100-1/wet100_031.dat	52.820000000
n100-set03	100	3	5	family	base	1	wide	280	320	4d979abf45b337117cf00fdd00b14bd0da72c23b1dd89fa3066acbc9cc124ed7	data/n100-set03/family/base/wide/m5.dat	data/100-1/wet100_031.dat	52.820000000
n100-set03	100	3	3	family	medium	10	zero	0	0	f87c5b2b20cfbc5ad7ba1181933f622e0653eca42b1355b52cd724f289efaa0e	data/n100-set03/family/medium-heterogeneous/zero/m3.dat	data/100-1/wet100_031.dat	540.520000000
n100-set03	100	3	4	family	medium	10	zero	0	0	f87c5b2b20cfbc5ad7ba1181933f622e0653eca42b1355b52cd724f289efaa0e	data/n100-set03/family/medium-heterogeneous/zero/m4.dat	data/100-1/wet100_031.dat	540.520000000
n100-set03	100	3	5	family	medium	10	zero	0	0	f87c5b2b20cfbc5ad7ba1181933f622e0653eca42b1355b52cd724f289efaa0e	data/n100-set03/family/medium-heterogeneous/zero/m5.dat	data/100-1/wet100_031.dat	540.520000000
n100-set03	100	3	3	family	medium	10	narrow	800	1200	d7c2f96d3dce1f77e3b50a1cb8c7b170e29fc67df8acf44fd326a02766a647b7	data/n100-set03/family/medium-heterogeneous/narrow/m3.dat	data/100-1/wet100_031.dat	540.520000000
n100-set03	100	3	4	family	medium	10	narrow	800	1200	d7c2f96d3dce1f77e3b50a1cb8c7b170e29fc67df8acf44fd326a02766a647b7	data/n100-set03/family/medium-heterogeneous/narrow/m4.dat	data/100-1/wet100_031.dat	540.520000000
n100-set03	100	3	5	family	medium	10	narrow	800	1200	d7c2f96d3dce1f77e3b50a1cb8c7b170e29fc67df8acf44fd326a02766a647b7	data/n100-set03/family/medium-heterogeneous/narrow/m5.dat	data/100-1/wet100_031.dat	540.520000000
n100-set03	100	3	3	family	medium	10	wide	2800	3200	84a67046e1b750bcce305f000d7b08cbe95d578b92f41ed6055b5f310ebbc846	data/n100-set03/family/medium-heterogeneous/wide/m3.dat	data/100-1/wet100_031.dat	540.520000000
n100-set03	100	3	4	family	medium	10	wide	2800	3200	84a67046e1b750bcce305f000d7b08cbe95d578b92f41ed6055b5f310ebbc846	data/n100-set03/family/medium-heterogeneous/wide/m4.dat	data/100-1/wet100_031.dat	540.520000000
n100-set03	100	3	5	family	medium	10	wide	2800	3200	84a67046e1b750bcce305f000d7b08cbe95d578b92f41ed6055b5f310ebbc846	data/n100-set03/family/medium-heterogeneous/wide/m5.dat	data/100-1/wet100_031.dat	540.520000000
n100-set03	100	3	3	family	high	20	zero	0	0	f87c5b2b20cfbc5ad7ba1181933f622e0653eca42b1355b52cd724f289efaa0e	data/n100-set03/family/high-heterogeneous/zero/m3.dat	data/100-1/wet100_031.dat	1057.070000000
n100-set03	100	3	4	family	high	20	zero	0	0	f87c5b2b20cfbc5ad7ba1181933f622e0653eca42b1355b52cd724f289efaa0e	data/n100-set03/family/high-heterogeneous/zero/m4.dat	data/100-1/wet100_031.dat	1057.070000000
n100-set03	100	3	5	family	high	20	zero	0	0	f87c5b2b20cfbc5ad7ba1181933f622e0653eca42b1355b52cd724f289efaa0e	data/n100-set03/family/high-heterogeneous/zero/m5.dat	data/100-1/wet100_031.dat	1057.070000000
n100-set03	100	3	3	family	high	20	narrow	1600	2400	3ff338f41afeed5b513d962a338c7e08cd1659cf4f7fc15d232ba56029cde339	data/n100-set03/family/high-heterogeneous/narrow/m3.dat	data/100-1/wet100_031.dat	1057.070000000
n100-set03	100	3	4	family	high	20	narrow	1600	2400	3ff338f41afeed5b513d962a338c7e08cd1659cf4f7fc15d232ba56029cde339	data/n100-set03/family/high-heterogeneous/narrow/m4.dat	data/100-1/wet100_031.dat	1057.070000000
n100-set03	100	3	5	family	high	20	narrow	1600	2400	3ff338f41afeed5b513d962a338c7e08cd1659cf4f7fc15d232ba56029cde339	data/n100-set03/family/high-heterogeneous/narrow/m5.dat	data/100-1/wet100_031.dat	1057.070000000
n100-set03	100	3	3	family	high	20	wide	5600	6400	0d9a1bcacbbeafb74086e50742e8bc1a7c0e04af6446e986fd165bf640a44d28	data/n100-set03/family/high-heterogeneous/wide/m3.dat	data/100-1/wet100_031.dat	1057.070000000
n100-set03	100	3	4	family	high	20	wide	5600	6400	0d9a1bcacbbeafb74086e50742e8bc1a7c0e04af6446e986fd165bf640a44d28	data/n100-set03/family/high-heterogeneous/wide/m4.dat	data/100-1/wet100_031.dat	1057.070000000
n100-set03	100	3	5	family	high	20	wide	5600	6400	0d9a1bcacbbeafb74086e50742e8bc1a7c0e04af6446e986fd165bf640a44d28	data/n100-set03/family/high-heterogeneous/wide/m5.dat	data/100-1/wet100_031.dat	1057.070000000
n100-set04	100	4	3	family	base	1	zero	0	0	f87c5b2b20cfbc5ad7ba1181933f622e0653eca42b1355b52cd724f289efaa0e	data/n100-set04/family/base/zero/m3.dat	data/100-1/wet100_057.dat	50.740000000
n100-set04	100	4	4	family	base	1	zero	0	0	f87c5b2b20cfbc5ad7ba1181933f622e0653eca42b1355b52cd724f289efaa0e	data/n100-set04/family/base/zero/m4.dat	data/100-1/wet100_057.dat	50.740000000
n100-set04	100	4	5	family	base	1	zero	0	0	f87c5b2b20cfbc5ad7ba1181933f622e0653eca42b1355b52cd724f289efaa0e	data/n100-set04/family/base/zero/m5.dat	data/100-1/wet100_057.dat	50.740000000
n100-set04	100	4	3	family	base	1	narrow	80	120	297c65fa6ca809259308a1260fa3dfea397021dfde5f7790037b3c944288f4e8	data/n100-set04/family/base/narrow/m3.dat	data/100-1/wet100_057.dat	50.740000000
n100-set04	100	4	4	family	base	1	narrow	80	120	297c65fa6ca809259308a1260fa3dfea397021dfde5f7790037b3c944288f4e8	data/n100-set04/family/base/narrow/m4.dat	data/100-1/wet100_057.dat	50.740000000
n100-set04	100	4	5	family	base	1	narrow	80	120	297c65fa6ca809259308a1260fa3dfea397021dfde5f7790037b3c944288f4e8	data/n100-set04/family/base/narrow/m5.dat	data/100-1/wet100_057.dat	50.740000000
n100-set04	100	4	3	family	base	1	wide	280	320	1f9b1e1bf96868987dfe3113d0a585a3f7e6c0b5c23cce43b008dd597a9545ef	data/n100-set04/family/base/wide/m3.dat	data/100-1/wet100_057.dat	50.740000000
n100-set04	100	4	4	family	base	1	wide	280	320	1f9b1e1bf96868987dfe3113d0a585a3f7e6c0b5c23cce43b008dd597a9545ef	data/n100-set04/family/base/wide/m4.dat	data/100-1/wet100_057.dat	50.740000000
n100-set04	100	4	5	family	base	1	wide	280	320	1f9b1e1bf96868987dfe3113d0a585a3f7e6c0b5c23cce43b008dd597a9545ef	data/n100-set04/family/base/wide/m5.dat	data/100-1/wet100_057.dat	50.740000000
n100-set04	100	4	3	family	medium	10	zero	0	0	f87c5b2b20cfbc5ad7ba1181933f622e0653eca42b1355b52cd724f289efaa0e	data/n100-set04/family/medium-heterogeneous/zero/m3.dat	data/100-1/wet100_057.dat	498.680000000
n100-set04	100	4	4	family	medium	10	zero	0	0	f87c5b2b20cfbc5ad7ba1181933f622e0653eca42b1355b52cd724f289efaa0e	data/n100-set04/family/medium-heterogeneous/zero/m4.dat	data/100-1/wet100_057.dat	498.680000000
n100-set04	100	4	5	family	medium	10	zero	0	0	f87c5b2b20cfbc5ad7ba1181933f622e0653eca42b1355b52cd724f289efaa0e	data/n100-set04/family/medium-heterogeneous/zero/m5.dat	data/100-1/wet100_057.dat	498.680000000
n100-set04	100	4	3	family	medium	10	narrow	800	1200	d9748c55ff0b2627d972a6758e86eb729bc34ea9901e5b0deb92a95ad61564ea	data/n100-set04/family/medium-heterogeneous/narrow/m3.dat	data/100-1/wet100_057.dat	498.680000000
n100-set04	100	4	4	family	medium	10	narrow	800	1200	d9748c55ff0b2627d972a6758e86eb729bc34ea9901e5b0deb92a95ad61564ea	data/n100-set04/family/medium-heterogeneous/narrow/m4.dat	data/100-1/wet100_057.dat	498.680000000
n100-set04	100	4	5	family	medium	10	narrow	800	1200	d9748c55ff0b2627d972a6758e86eb729bc34ea9901e5b0deb92a95ad61564ea	data/n100-set04/family/medium-heterogeneous/narrow/m5.dat	data/100-1/wet100_057.dat	498.680000000
n100-set04	100	4	3	family	medium	10	wide	2800	3200	ae4c193d68a73f222236ff8314aee97f720bc156de29444cd2855e2d09991669	data/n100-set04/family/medium-heterogeneous/wide/m3.dat	data/100-1/wet100_057.dat	498.680000000
n100-set04	100	4	4	family	medium	10	wide	2800	3200	ae4c193d68a73f222236ff8314aee97f720bc156de29444cd2855e2d09991669	data/n100-set04/family/medium-heterogeneous/wide/m4.dat	data/100-1/wet100_057.dat	498.680000000
n100-set04	100	4	5	family	medium	10	wide	2800	3200	ae4c193d68a73f222236ff8314aee97f720bc156de29444cd2855e2d09991669	data/n100-set04/family/medium-heterogeneous/wide/m5.dat	data/100-1/wet100_057.dat	498.680000000
n100-set04	100	4	3	family	high	20	zero	0	0	f87c5b2b20cfbc5ad7ba1181933f622e0653eca42b1355b52cd724f289efaa0e	data/n100-set04/family/high-heterogeneous/zero/m3.dat	data/100-1/wet100_057.dat	1035.460000000
n100-set04	100	4	4	family	high	20	zero	0	0	f87c5b2b20cfbc5ad7ba1181933f622e0653eca42b1355b52cd724f289efaa0e	data/n100-set04/family/high-heterogeneous/zero/m4.dat	data/100-1/wet100_057.dat	1035.460000000
n100-set04	100	4	5	family	high	20	zero	0	0	f87c5b2b20cfbc5ad7ba1181933f622e0653eca42b1355b52cd724f289efaa0e	data/n100-set04/family/high-heterogeneous/zero/m5.dat	data/100-1/wet100_057.dat	1035.460000000
n100-set04	100	4	3	family	high	20	narrow	1600	2400	637da7780809fdd8254cd52905a052b0f76692f25b8a125304287ce4306c1049	data/n100-set04/family/high-heterogeneous/narrow/m3.dat	data/100-1/wet100_057.dat	1035.460000000
n100-set04	100	4	4	family	high	20	narrow	1600	2400	637da7780809fdd8254cd52905a052b0f76692f25b8a125304287ce4306c1049	data/n100-set04/family/high-heterogeneous/narrow/m4.dat	data/100-1/wet100_057.dat	1035.460000000
n100-set04	100	4	5	family	high	20	narrow	1600	2400	637da7780809fdd8254cd52905a052b0f76692f25b8a125304287ce4306c1049	data/n100-set04/family/high-heterogeneous/narrow/m5.dat	data/100-1/wet100_057.dat	1035.460000000
n100-set04	100	4	3	family	high	20	wide	5600	6400	77aca7499c7b0044e9f55349305e05d35e6a5598cfc97cd2348ed3bc0e7821eb	data/n100-set04/family/high-heterogeneous/wide/m3.dat	data/100-1/wet100_057.dat	1035.460000000
n100-set04	100	4	4	family	high	20	wide	5600	6400	77aca7499c7b0044e9f55349305e05d35e6a5598cfc97cd2348ed3bc0e7821eb	data/n100-set04/family/high-heterogeneous/wide/m4.dat	data/100-1/wet100_057.dat	1035.460000000
n100-set04	100	4	5	family	high	20	wide	5600	6400	77aca7499c7b0044e9f55349305e05d35e6a5598cfc97cd2348ed3bc0e7821eb	data/n100-set04/family/high-heterogeneous/wide/m5.dat	data/100-1/wet100_057.dat	1035.460000000
n100-set05	100	5	3	family	base	1	zero	0	0	f87c5b2b20cfbc5ad7ba1181933f622e0653eca42b1355b52cd724f289efaa0e	data/n100-set05/family/base/zero/m3.dat	data/100-1/wet100_095.dat	54.970000000
n100-set05	100	5	4	family	base	1	zero	0	0	f87c5b2b20cfbc5ad7ba1181933f622e0653eca42b1355b52cd724f289efaa0e	data/n100-set05/family/base/zero/m4.dat	data/100-1/wet100_095.dat	54.970000000
n100-set05	100	5	5	family	base	1	zero	0	0	f87c5b2b20cfbc5ad7ba1181933f622e0653eca42b1355b52cd724f289efaa0e	data/n100-set05/family/base/zero/m5.dat	data/100-1/wet100_095.dat	54.970000000
n100-set05	100	5	3	family	base	1	narrow	80	120	5783eecd1c0287e154ad5f68ac7b8ff012f8106531c31657d12549d1067c064a	data/n100-set05/family/base/narrow/m3.dat	data/100-1/wet100_095.dat	54.970000000
n100-set05	100	5	4	family	base	1	narrow	80	120	5783eecd1c0287e154ad5f68ac7b8ff012f8106531c31657d12549d1067c064a	data/n100-set05/family/base/narrow/m4.dat	data/100-1/wet100_095.dat	54.970000000
n100-set05	100	5	5	family	base	1	narrow	80	120	5783eecd1c0287e154ad5f68ac7b8ff012f8106531c31657d12549d1067c064a	data/n100-set05/family/base/narrow/m5.dat	data/100-1/wet100_095.dat	54.970000000
n100-set05	100	5	3	family	base	1	wide	280	320	5fa161c10feed6adb7d94f55c4b22d3393153636d0b6331df883d48f6629a995	data/n100-set05/family/base/wide/m3.dat	data/100-1/wet100_095.dat	54.970000000
n100-set05	100	5	4	family	base	1	wide	280	320	5fa161c10feed6adb7d94f55c4b22d3393153636d0b6331df883d48f6629a995	data/n100-set05/family/base/wide/m4.dat	data/100-1/wet100_095.dat	54.970000000
n100-set05	100	5	5	family	base	1	wide	280	320	5fa161c10feed6adb7d94f55c4b22d3393153636d0b6331df883d48f6629a995	data/n100-set05/family/base/wide/m5.dat	data/100-1/wet100_095.dat	54.970000000
n100-set05	100	5	3	family	medium	10	zero	0	0	f87c5b2b20cfbc5ad7ba1181933f622e0653eca42b1355b52cd724f289efaa0e	data/n100-set05/family/medium-heterogeneous/zero/m3.dat	data/100-1/wet100_095.dat	556.300000000
n100-set05	100	5	4	family	medium	10	zero	0	0	f87c5b2b20cfbc5ad7ba1181933f622e0653eca42b1355b52cd724f289efaa0e	data/n100-set05/family/medium-heterogeneous/zero/m4.dat	data/100-1/wet100_095.dat	556.300000000
n100-set05	100	5	5	family	medium	10	zero	0	0	f87c5b2b20cfbc5ad7ba1181933f622e0653eca42b1355b52cd724f289efaa0e	data/n100-set05/family/medium-heterogeneous/zero/m5.dat	data/100-1/wet100_095.dat	556.300000000
n100-set05	100	5	3	family	medium	10	narrow	800	1200	1bd82897d1f120b3df2f4c1c88a3a40e5a19f83dd1b38aeab53a5f0eed20482c	data/n100-set05/family/medium-heterogeneous/narrow/m3.dat	data/100-1/wet100_095.dat	556.300000000
n100-set05	100	5	4	family	medium	10	narrow	800	1200	1bd82897d1f120b3df2f4c1c88a3a40e5a19f83dd1b38aeab53a5f0eed20482c	data/n100-set05/family/medium-heterogeneous/narrow/m4.dat	data/100-1/wet100_095.dat	556.300000000
n100-set05	100	5	5	family	medium	10	narrow	800	1200	1bd82897d1f120b3df2f4c1c88a3a40e5a19f83dd1b38aeab53a5f0eed20482c	data/n100-set05/family/medium-heterogeneous/narrow/m5.dat	data/100-1/wet100_095.dat	556.300000000
n100-set05	100	5	3	family	medium	10	wide	2800	3200	4821bba4ddbdf2e5d79a57e244c399852c2dc69f0bc75cc27f7b715b94fdeb56	data/n100-set05/family/medium-heterogeneous/wide/m3.dat	data/100-1/wet100_095.dat	556.300000000
n100-set05	100	5	4	family	medium	10	wide	2800	3200	4821bba4ddbdf2e5d79a57e244c399852c2dc69f0bc75cc27f7b715b94fdeb56	data/n100-set05/family/medium-heterogeneous/wide/m4.dat	data/100-1/wet100_095.dat	556.300000000
n100-set05	100	5	5	family	medium	10	wide	2800	3200	4821bba4ddbdf2e5d79a57e244c399852c2dc69f0bc75cc27f7b715b94fdeb56	data/n100-set05/family/medium-heterogeneous/wide/m5.dat	data/100-1/wet100_095.dat	556.300000000
n100-set05	100	5	3	family	high	20	zero	0	0	f87c5b2b20cfbc5ad7ba1181933f622e0653eca42b1355b52cd724f289efaa0e	data/n100-set05/family/high-heterogeneous/zero/m3.dat	data/100-1/wet100_095.dat	1100.760000000
n100-set05	100	5	4	family	high	20	zero	0	0	f87c5b2b20cfbc5ad7ba1181933f622e0653eca42b1355b52cd724f289efaa0e	data/n100-set05/family/high-heterogeneous/zero/m4.dat	data/100-1/wet100_095.dat	1100.760000000
n100-set05	100	5	5	family	high	20	zero	0	0	f87c5b2b20cfbc5ad7ba1181933f622e0653eca42b1355b52cd724f289efaa0e	data/n100-set05/family/high-heterogeneous/zero/m5.dat	data/100-1/wet100_095.dat	1100.760000000
n100-set05	100	5	3	family	high	20	narrow	1600	2400	0e267f10cbb04fb49f74551b2b5ce0b333bc04f504f6d17a1c9ac41ff59a3329	data/n100-set05/family/high-heterogeneous/narrow/m3.dat	data/100-1/wet100_095.dat	1100.760000000
n100-set05	100	5	4	family	high	20	narrow	1600	2400	0e267f10cbb04fb49f74551b2b5ce0b333bc04f504f6d17a1c9ac41ff59a3329	data/n100-set05/family/high-heterogeneous/narrow/m4.dat	data/100-1/wet100_095.dat	1100.760000000
n100-set05	100	5	5	family	high	20	narrow	1600	2400	0e267f10cbb04fb49f74551b2b5ce0b333bc04f504f6d17a1c9ac41ff59a3329	data/n100-set05/family/high-heterogeneous/narrow/m5.dat	data/100-1/wet100_095.dat	1100.760000000
n100-set05	100	5	3	family	high	20	wide	5600	6400	ac94404c83222946f136ed9e84154ac92482598bb9f98376c612bdac8e4a42b3	data/n100-set05/family/high-heterogeneous/wide/m3.dat	data/100-1/wet100_095.dat	1100.760000000
n100-set05	100	5	4	family	high	20	wide	5600	6400	ac94404c83222946f136ed9e84154ac92482598bb9f98376c612bdac8e4a42b3	data/n100-set05/family/high-heterogeneous/wide/m4.dat	data/100-1/wet100_095.dat	1100.760000000
n100-set05	100	5	5	family	high	20	wide	5600	6400	ac94404c83222946f136ed9e84154ac92482598bb9f98376c612bdac8e4a42b3	data/n100-set05/family/high-heterogeneous/wide/m5.dat	data/100-1/wet100_095.dat	1100.760000000
