taskSetId	setupType	scaleLevel	windowLevel	nominalScale	machines	instance	targetMean	actualMean	meanError	cap	maximum	triangleViolations	floydChangedArcs	withinMean	betweenMean	bodySha256
n050-set01	family	base	zero	1	2	instances/data/n050-set01/family/base/zero/m2.dat	26.100000000	26.103265306	0.003265306	52	42	0	0	7.348214286	34.929171669	7029bd9d01592e993a2b6ac50c0c3ac44fd20a5a1fbd11db65acaea9888a2f0b
n050-set01	family	base	zero	1	3	instances/data/n050-set01/family/base/zero/m3.dat	26.100000000	26.103265306	0.003265306	52	42	0	0	7.348214286	34.929171669	7029bd9d01592e993a2b6ac50c0c3ac44fd20a5a1fbd11db65acaea9888a2f0b
n050-set01	family	base	zero	1	4	instances/data/n050-set01/family/base/zero/m4.dat	26.100000000	26.103265306	0.003265306	52	42	0	0	7.348214286	34.929171669	7029bd9d01592e993a2b6ac50c0c3ac44fd20a5a1fbd11db65acaea9888a2f0b
n050-set01	family	base	narrow	1	2	instances/data/n050-set01/family/base/narrow/m2.dat	26.100000000	26.103265306	0.003265306	52	42	0	0	7.348214286	34.929171669	83d10c98df312a34646aad185afd98a5093f977ccdb9203a8ba0e4481167c4aa
n050-set01	family	base	narrow	1	3	instances/data/n050-set01/family/base/narrow/m3.dat	26.100000000	26.103265306	0.003265306	52	42	0	0	7.348214286	34.929171669	83d10c98df312a34646aad185afd98a5093f977ccdb9203a8ba0e4481167c4aa
n050-set01	family	base	narrow	1	4	instances/data/n050-set01/family/base/narrow/m4.dat	26.100000000	26.103265306	0.003265306	52	42	0	0	7.348214286	34.929171669	83d10c98df312a34646aad185afd98a5093f977ccdb9203a8ba0e4481167c4aa
n050-set01	family	base	wide	1	2	instances/data/n050-set01/family/base/wide/m2.dat	26.100000000	26.103265306	0.003265306	52	42	0	0	7.348214286	34.929171669	79216be0788a5a6e934c8bede6acff28b3ec1814c41b125e5cd4a423c1d599b5
n050-set01	family	base	wide	1	3	instances/data/n050-set01/family/base/wide/m3.dat	26.100000000	26.103265306	0.003265306	52	42	0	0	7.348214286	34.929171669	79216be0788a5a6e934c8bede6acff28b3ec1814c41b125e5cd4a423c1d599b5
n050-set01	family	base	wide	1	4	instances/data/n050-set01/family/base/wide/m4.dat	26.100000000	26.103265306	0.003265306	52	42	0	0	7.348214286	34.929171669	79216be0788a5a6e934c8bede6acff28b3ec1814c41b125e5cd4a423c1d599b5
n050-set01	family	medium	zero	10	2	instances/data/n050-set01/family/medium-heterogeneous/zero/m2.dat	271.040000000	271.620816327	0.580816327	542	437	0	0	76.855867347	363.274909964	ee432d1f354a9ce4a5276616fb680b3bd9f4f4a2abb15012bc3c9fca5b8a0b22
n050-set01	family	medium	zero	10	3	instances/data/n050-set01/family/medium-heterogeneous/zero/m3.dat	271.040000000	271.620816327	0.580816327	542	437	0	0	76.855867347	363.274909964	ee432d1f354a9ce4a5276616fb680b3bd9f4f4a2abb15012bc3c9fca5b8a0b22
n050-set01	family	medium	zero	10	4	instances/data/n050-set01/family/medium-heterogeneous/zero/m4.dat	271.040000000	271.620816327	0.580816327	542	437	0	0	76.855867347	363.274909964	ee432d1f354a9ce4a5276616fb680b3bd9f4f4a2abb15012bc3c9fca5b8a0b22
n050-set01	family	medium	narrow	10	2	instances/data/n050-set01/family/medium-heterogeneous/narrow/m2.dat	271.040000000	271.620816327	0.580816327	542	437	0	0	76.855867347	363.274909964	e3651920aa7098b669c97ed5065d90eb22ac2017f30c2cb1c299b1db86bf7945
n050-set01	family	medium	narrow	10	3	instances/data/n050-set01/family/medium-heterogeneous/narrow/m3.dat	271.040000000	271.620816327	0.580816327	542	437	0	0	76.855867347	363.274909964	e3651920aa7098b669c97ed5065d90eb22ac2017f30c2cb1c299b1db86bf7945
n050-set01	family	medium	narrow	10	4	instances/data/n050-set01/family/medium-heterogeneous/narrow/m4.dat	271.040000000	271.620816327	0.580816327	542	437	0	0	76.855867347	363.274909964	e3651920aa7098b669c97ed5065d90eb22ac2017f30c2cb1c299b1db86bf7945
n050-set01	family	medium	wide	10	2	instances/data/n050-set01/family/medium-heterogeneous/wide/m2.dat	271.040000000	271.620816327	0.580816327	542	437	0	0	76.855867347	363.274909964	1f60a361210332e89a24ed1ab3f26b4671a92b0e27f6936502259d54cf8be750
n050-set01	family	medium	wide	10	3	instances/data/n050-set01/family/medium-heterogeneous/wide/m3.dat	271.040000000	271.620816327	0.580816327	542	437	0	0	76.855867347	363.274909964	1f60a361210332e89a24ed1ab3f26b4671a92b0e27f6936502259d54cf8be750
n050-set01	family	medium	wide	10	4	instances/data/n050-set01/family/medium-heterogeneous/wide/m4.dat	271.040000000	271.620816327	0.580816327	542	437	0	0	76.855867347	363.274909964	1f60a361210332e89a24ed1ab3f26b4671a92b0e27f6936502259d54cf8be750
n050-set01	family	high	zero	20	2	instances/data/n050-set01/family/high-heterogeneous/zero/m2.dat	521.520000000	522.065306122	0.545306122	1043	840	0	0	146.964285714	698.583433373	0bbb2c23f061f09b92b572fee861a233f1889e99d2a68129ee2fbdb32adeb5cc
n050-set01	family	high	zero	20	3	instances/data/n050-set01/family/high-heterogeneous/zero/m3.dat	521.520000000	522.065306122	0.545306122	1043	840	0	0	146.964285714	698.583433373	0bbb2c23f061f09b92b572fee861a233f1889e99d2a68129ee2fbdb32adeb5cc
n050-set01	family	high	zero	20	4	instances/data/n050-set01/family/high-heterogeneous/zero/m4.dat	521.520000000	522.065306122	0.545306122	1043	840	0	0	146.964285714	698.583433373	0bbb2c23f061f09b92b572fee861a233f1889e99d2a68129ee2fbdb32adeb5cc
n050-set01	family	high	narrow	20	2	instances/data/n050-set01/family/high-heterogeneous/narrow/m2.dat	521.520000000	522.065306122	0.545306122	1043	840	0	0	146.964285714	698.583433373	02d7fe8e2d27db6b4a41550ae8ff4ff1cff7d762e6e9aa66d5d0b2aa45fbdc9a
n050-set01	family	high	narrow	20	3	instances/data/n050-set01/family/high-heterogeneous/narrow/m3.dat	521.520000000	522.065306122	0.545306122	1043	840	0	0	146.964285714	698.583433373	02d7fe8e2d27db6b4a41550ae8ff4ff1cff7d762e6e9aa66d5d0b2aa45fbdc9a
n050-set01	family	high	narrow	20	4	instances/data/n050-set01/family/high-heterogeneous/narrow/m4.dat	521.520000000	522.065306122	0.545306122	1043	840	0	0	146.964285714	698.583433373	02d7fe8e2d27db6b4a41550ae8ff4ff1cff7d762e6e9aa66d5d0b2aa45fbdc9a
n050-set01	family	high	wide	20	2	instances/data/n050-set01/family/high-heterogeneous/wide/m2.dat	521.520000000	522.065306122	0.545306122	1043	840	0	0	146.964285714	698.583433373	17faf05365ae7ae0763b29231e332500034349c1ab17b954dd7dae641def4412
n050-set01	family	high	wide	20	3	instances/data/n050-set01/family/high-heterogeneous/wide/m3.dat	521.520000000	522.065306122	0.545306122	1043	840	0	0	146.964285714	698.583433373	17faf05365ae7ae0763b29231e332500034349c1ab17b954dd7dae641def4412
n050-set01	family	high	wide	20	4	instances/data/n050-set01/family/high-heterogeneous/wide/m4.dat	521.520000000	522.065306122	0.545306122	1043	840	0	0	146.964285714	698.583433373	17faf05365ae7ae0763b29231e332500034349c1ab17b954dd7dae641def4412
n050-set02	family	base	zero	1	2	instances/data/n050-set02/family/base/zero/m2.dat	26.870000000	26.878367347	0.008367347	53	43	0	0	7.573979592	35.962785114	73ffb3b27c5ca9136da3774e4cc551179c4762ff79cfccfe848cb5d6540a3b7a
n050-set02	family	base	zero	1	3	instances/data/n050-set02/family/base/zero/m3.dat	26.870000000	26.878367347	0.008367347	53	43	0	0	7.573979592	35.962785114	73ffb3b27c5ca9136da3774e4cc551179c4762ff79cfccfe848cb5d6540a3b7a
n050-set02	family	base	zero	1	4	instances/data/n050-set02/family/base/zero/m4.dat	26.870000000	26.878367347	0.008367347	53	43	0	0	7.573979592	35.962785114	73ffb3b27c5ca9136da3774e4cc551179c4762ff79cfccfe848cb5d6540a3b7a
n050-set02	family	base	narrow	1	2	instances/data/n050-set02/family/base/narrow/m2.dat	26.870000000	26.878367347	0.008367347	53	43	0	0	7.573979592	35.962785114	5539278ec20e9f3e36d09d08802cc3d210ed62ce6d60c7d9f414d0f35afb74ae
n050-set02	family	base	narrow	1	3	instances/data/n050-set02/family/base/narrow/m3.dat	26.870000000	26.878367347	0.008367347	53	43	0	0	7.573979592	35.962785114	5539278ec20e9f3e36d09d08802cc3d210ed62ce6d60c7d9f414d0f35afb74ae
n050-set02	family	base	narrow	1	4	instances/data/n050-set02/family/base/narrow/m4.dat	26.870000000	26.878367347	0.008367347	53	43	0	0	7.573979592	35.962785114	5539278ec20e9f3e36d09d08802cc3d210ed62ce6d60c7d9f414d0f35afb74ae
n050-set02	family	base	wide	1	2	instances/data/n050-set02/family/base/wide/m2.dat	26.870000000	26.878367347	0.008367347	53	43	0	0	7.573979592	35.962785114	3f8bbb6b6232c0098b2c54d33f1d40a46820c0d239e63936f755b5d46fc8ba8c
n050-set02	family	base	wide	1	3	instances/data/n050-set02/family/base/wide/m3.dat	26.870000000	26.878367347	0.008367347	53	43	0	0	7.573979592	35.962785114	3f8bbb6b6232c0098b2c54d33f1d40a46820c0d239e63936f755b5d46fc8ba8c
n050-set02	family	base	wide	1	4	instances/data/n050-set02/family/base/wide/m4.dat	26.870000000	26.878367347	0.008367347	53	43	0	0	7.573979592	35.962785114	3f8bbb6b6232c0098b2c54d33f1d40a46820c0d239e63936f755b5d46fc8ba8c
n050-set02	family	medium	zero	10	2	instances/data/n050-set02/family/medium-heterogeneous/zero/m2.dat	271.930000000	272.511020408	0.581020408	543	436	0	0	77.093112245	364.472388956	16835c16a34ae4efb42cd7f0541a541532f9b65043336c6b7e94fa6b84e1fbed
n050-set02	family	medium	zero	10	3	instances/data/n050-set02/family/medium-heterogeneous/zero/m3.dat	271.930000000	272.511020408	0.581020408	543	436	0	0	77.093112245	364.472388956	16835c16a34ae4efb42cd7f0541a541532f9b65043336c6b7e94fa6b84e1fbed
n050-set02	family	medium	zero	10	4	instances/data/n050-set02/family/medium-heterogeneous/zero/m4.dat	271.930000000	272.511020408	0.581020408	543	436	0	0	77.093112245	364.472388956	16835c16a34ae4efb42cd7f0541a541532f9b65043336c6b7e94fa6b84e1fbed
n050-set02	family	medium	narrow	10	2	instances/data/n050-set02/family/medium-heterogeneous/narrow/m2.dat	271.930000000	272.511020408	0.581020408	543	436	0	0	77.093112245	364.472388956	f844918a2fa502cd8fd63d0b70bc7c1de067b6862a2dedd82d952a8909105a52
n050-set02	family	medium	narrow	10	3	instances/data/n050-set02/family/medium-heterogeneous/narrow/m3.dat	271.930000000	272.511020408	0.581020408	543	436	0	0	77.093112245	364.472388956	f844918a2fa502cd8fd63d0b70bc7c1de067b6862a2dedd82d952a8909105a52
n050-set02	family	medium	narrow	10	4	instances/data/n050-set02/family/medium-heterogeneous/narrow/m4.dat	271.930000000	272.511020408	0.581020408	543	436	0	0	77.093112245	364.472388956	f844918a2fa502cd8fd63d0b70bc7c1de067b6862a2dedd82d952a8909105a52
n050-set02	family	medium	wide	10	2	instances/data/n050-set02/family/medium-heterogeneous/wide/m2.dat	271.930000000	272.511020408	0.581020408	543	436	0	0	77.093112245	364.472388956	55e81cfa34ea0453e143e0033a08bb5d99058e638ac50e4d03a916f6cb55f33d
n050-set02	family	medium	wide	10	3	instances/data/n050-set02/family/medium-heterogeneous/wide/m3.dat	271.930000000	272.511020408	0.581020408	543	436	0	0	77.093112245	364.472388956	55e81cfa34ea0453e143e0033a08bb5d99058e638ac50e4d03a916f6cb55f33d
n050-set02	family	medium	wide	10	4	instances/data/n050-set02/family/medium-heterogeneous/wide/m4.dat	271.930000000	272.511020408	0.581020408	543	436	0	0	77.093112245	364.472388956	55e81cfa34ea0453e143e0033a08bb5d99058e638ac50e4d03a916f6cb55f33d
n050-set02	family	high	zero	20	2	instances/data/n050-set02/family/high-heterogeneous/zero/m2.dat	539.960000000	540.615102041	0.655102041	1079	865	0	0	152.602040816	723.209483794	f5b12664d6612b692320277418f40f0a81fadc569d4a5649c3417fd201fa3f0a
n050-set02	family	high	zero	20	3	instances/data/n050-set02/family/high-heterogeneous/zero/m3.dat	539.960000000	540.615102041	0.655102041	1079	865	0	0	152.602040816	723.209483794	f5b12664d6612b692320277418f40f0a81fadc569d4a5649c3417fd201fa3f0a
n050-set02	family	high	zero	20	4	instances/data/n050-set02/family/high-heterogeneous/zero/m4.dat	539.960000000	540.615102041	0.655102041	1079	865	0	0	152.602040816	723.209483794	f5b12664d6612b692320277418f40f0a81fadc569d4a5649c3417fd201fa3f0a
n050-set02	family	high	narrow	20	2	instances/data/n050-set02/family/high-heterogeneous/narrow/m2.dat	539.960000000	540.615102041	0.655102041	1079	865	0	0	152.602040816	723.209483794	782984f746bdc1a32da0cc8dadc04e7e31ab70573e88ce44a9c3a400fed28a57
n050-set02	family	high	narrow	20	3	instances/data/n050-set02/family/high-heterogeneous/narrow/m3.dat	539.960000000	540.615102041	0.655102041	1079	865	0	0	152.602040816	723.209483794	782984f746bdc1a32da0cc8dadc04e7e31ab70573e88ce44a9c3a400fed28a57
n050-set02	family	high	narrow	20	4	instances/data/n050-set02/family/high-heterogeneous/narrow/m4.dat	539.960000000	540.615102041	0.655102041	1079	865	0	0	152.602040816	723.209483794	782984f746bdc1a32da0cc8dadc04e7e31ab70573e88ce44a9c3a400fed28a57
n050-set02	family	high	wide	20	2	instances/data/n050-set02/family/high-heterogeneous/wide/m2.dat	539.960000000	540.615102041	0.655102041	1079	865	0	0	152.602040816	723.209483794	4efd325d26fbcc55fbefcbd96803a841a99b7081b624aa0f23d730f41324b588
n050-set02	family	high	wide	20	3	instances/data/n050-set02/family/high-heterogeneous/wide/m3.dat	539.960000000	540.615102041	0.655102041	1079	865	0	0	152.602040816	723.209483794	4efd325d26fbcc55fbefcbd96803a841a99b7081b624aa0f23d730f41324b588
n050-set02	family	high	wide	20	4	instances/data/n050-set02/family/high-heterogeneous/wide/m4.dat	539.960000000	540.615102041	0.655102041	1079	865	0	0	152.602040816	723.209483794	4efd325d26fbcc55fbefcbd96803a841a99b7081b624aa0f23d730f41324b588
n050-set03	family	base	zero	1	2	instances/data/n050-set03/family/base/zero/m2.dat	25.510000000	25.500816327	-0.009183673	51	41	0	0	7.257653061	34.085834334	2e16ac5db01379b1f100c7269a588f9992d06d0c723005857b4a5bb00dab5f9a
n050-set03	family	base	zero	1	3	instances/data/n050-set03/family/base/zero/m3.dat	25.510000000	25.500816327	-0.009183673	51	41	0	0	7.257653061	34.085834334	2e16ac5db01379b1f100c7269a588f9992d06d0c723005857b4a5bb00dab5f9a
n050-set03	family	base	zero	1	4	instances/data/n050-set03/family/base/zero/m4.dat	25.510000000	25.500816327	-0.009183673	51	41	0	0	7.257653061	34.085834334	2e16ac5db01379b1f100c7269a588f9992d06d0c723005857b4a5bb00dab5f9a
n050-set03	family	base	narrow	1	2	instances/data/n050-set03/family/base/narrow/m2.dat	25.510000000	25.500816327	-0.009183673	51	41	0	0	7.257653061	34.085834334	bfd08973ea7d1100a3ff0f941a14d50568de8b82f4974414b2da9b97c765cd00
n050-set03	family	base	narrow	1	3	instances/data/n050-set03/family/base/narrow/m3.dat	25.510000000	25.500816327	-0.009183673	51	41	0	0	7.257653061	34.085834334	bfd08973ea7d1100a3ff0f941a14d50568de8b82f4974414b2da9b97c765cd00
n050-set03	family	base	narrow	1	4	instances/data/n050-set03/family/base/narrow/m4.dat	25.510000000	25.500816327	-0.009183673	51	41	0	0	7.257653061	34.085834334	bfd08973ea7d1100a3ff0f941a14d50568de8b82f4974414b2da9b97c765cd00
n050-set03	family	base	wide	1	2	instances/data/n050-set03/family/base/wide/m2.dat	25.510000000	25.500816327	-0.009183673	51	41	0	0	7.257653061	34.085834334	c43802d3b829337f5c8fe7fc18b68ef529217ee42fc0119553a0416e23c1a30b
n050-set03	family	base	wide	1	3	instances/data/n050-set03/family/base/wide/m3.dat	25.510000000	25.500816327	-0.009183673	51	41	0	0	7.257653061	34.085834334	c43802d3b829337f5c8fe7fc18b68ef529217ee42fc0119553a0416e23c1a30b
n050-set03	family	base	wide	1	4	instances/data/n050-set03/family/base/wide/m4.dat	25.510000000	25.500816327	-0.009183673	51	41	0	0	7.257653061	34.085834334	c43802d3b829337f5c8fe7fc18b68ef529217ee42fc0119553a0416e23c1a30b
n050-set03	family	medium	zero	10	2	instances/data/n050-set03/family/medium-heterogeneous/zero/m2.dat	273.090000000	273.448571429	0.358571429	546	439	0	0	78.170918367	365.343937575	6c59e7076c401801f217c2b1ab76a6247220674924330dcfdda28edf7544968e
n050-set03	family	medium	zero	10	3	instances/data/n050-set03/family/medium-heterogeneous/zero/m3.dat	273.090000000	273.448571429	0.358571429	546	439	0	0	78.170918367	365.343937575	6c59e7076c401801f217c2b1ab76a6247220674924330dcfdda28edf7544968e
n050-set03	family	medium	zero	10	4	instances/data/n050-set03/family/medium-heterogeneous/zero/m4.dat	273.090000000	273.448571429	0.358571429	546	439	0	0	78.170918367	365.343937575	6c59e7076c401801f217c2b1ab76a6247220674924330dcfdda28edf7544968e
n050-set03	family	medium	narrow	10	2	instances/data/n050-set03/family/medium-heterogeneous/narrow/m2.dat	273.090000000	273.448571429	0.358571429	546	439	0	0	78.170918367	365.343937575	fbd5aa42b0748592bab06854173aa5f77413f00b569642c474ab690ab29a53d5
n050-set03	family	medium	narrow	10	3	instances/data/n050-set03/family/medium-heterogeneous/narrow/m3.dat	273.090000000	273.448571429	0.358571429	546	439	0	0	78.170918367	365.343937575	fbd5aa42b0748592bab06854173aa5f77413f00b569642c474ab690ab29a53d5
n050-set03	family	medium	narrow	10	4	instances/data/n050-set03/family/medium-heterogeneous/narrow/m4.dat	273.090000000	273.448571429	0.358571429	546	439	0	0	78.170918367	365.343937575	fbd5aa42b0748592bab06854173aa5f77413f00b569642c474ab690ab29a53d5
n050-set03	family	medium	wide	10	2	instances/data/n050-set03/family/medium-heterogeneous/wide/m2.dat	273.090000000	273.448571429	0.358571429	546	439	0	0	78.170918367	365.343937575	34b37fd3044f2c88c1e94fc6fee77ba1828e79ebf1b7b5180a470f6b1f6899d3
n050-set03	family	medium	wide	10	3	instances/data/n050-set03/family/medium-heterogeneous/wide/m3.dat	273.090000000	273.448571429	0.358571429	546	439	0	0	78.170918367	365.343937575	34b37fd3044f2c88c1e94fc6fee77ba1828e79ebf1b7b5180a470f6b1f6899d3
n050-set03	family	medium	wide	10	4	instances/data/n050-set03/family/medium-heterogeneous/wide/m4.dat	273.090000000	273.448571429	0.358571429	546	439	0	0	78.170918367	365.343937575	34b37fd3044f2c88c1e94fc6fee77ba1828e79ebf1b7b5180a470f6b1f6899d3
n050-set03	family	high	zero	20	2	instances/data/n050-set03/family/high-heterogeneous/zero/m2.dat	523.090000000	523.529795918	0.439795918	1046	841	0	0	149.530612245	699.529411765	5c8d71af9368264cc6feee2dc07edc19e1738962be5a11dd9149522ae7a63325
n050-set03	family	high	zero	20	3	instances/data/n050-set03/family/high-heterogeneous/zero/m3.dat	523.090000000	523.529795918	0.439795918	1046	841	0	0	149.530612245	699.529411765	5c8d71af9368264cc6feee2dc07edc19e1738962be5a11dd9149522ae7a63325
n050-set03	family	high	zero	20	4	instances/data/n050-set03/family/high-heterogeneous/zero/m4.dat	523.090000000	523.529795918	0.439795918	1046	841	0	0	149.530612245	699.529411765	5c8d71af9368264cc6feee2dc07edc19e1738962be5a11dd9149522ae7a63325
n050-set03	family	high	narrow	20	2	instances/data/n050-set03/family/high-heterogeneous/narrow/m2.dat	523.090000000	523.529795918	0.439795918	1046	841	0	0	149.530612245	699.529411765	93ecdf9801761c5773717360f02606c052023ad6418c3feab7a5a2ef93aeec35
n050-set03	family	high	narrow	20	3	instances/data/n050-set03/family/high-heterogeneous/narrow/m3.dat	523.090000000	523.529795918	0.439795918	1046	841	0	0	149.530612245	699.529411765	93ecdf9801761c5773717360f02606c052023ad6418c3feab7a5a2ef93aeec35
n050-set03	family	high	narrow	20	4	instances/data/n050-set03/family/high-heterogeneous/narrow/m4.dat	523.090000000	523.529795918	0.439795918	1046	841	0	0	149.530612245	699.529411765	93ecdf9801761c5773717360f02606c052023ad6418c3feab7a5a2ef93aeec35
n050-set03	family	high	wide	20	2	instances/data/n050-set03/family/high-heterogeneous/wide/m2.dat	523.090000000	523.529795918	0.439795918	1046	841	0	0	149.530612245	699.529411765	587fe6e2f76d57c9b22dc1d278719f157fb794fb89b2a200dc456a4fb7ac3d52
n050-set03	family	high	wide	20	3	instances/data/n050-set03/family/high-heterogeneous/wide/m3.dat	523.090000000	523.529795918	0.439795918	1046	841	0	0	149.530612245	699.529411765	587fe6e2f76d57c9b22dc1d278719f157fb794fb89b2a200dc456a4fb7ac3d52
n050-set03	family	high	wide	20	4	instances/data/n050-set03/family/high-heterogeneous/wide/m4.dat	523.090000000	523.529795918	0.439795918	1046	841	0	0	149.530612245	699.529411765	587fe6e2f76d57c9b22dc1d278719f157fb794fb89b2a200dc456a4fb7ac3d52
n050-set04	family	base	zero	1	2	instances/data/n050-set04/family/base/zero/m2.dat	21.700000000	21.700000000	0.000000000	43	35	0	0	6.209183673	28.989795918	79097f038df4cbc29b16f5b62a066862734c14131c3ce44b61f94547a771b316
n050-set04	family	base	zero	1	3	instances/data/n050-set04/family/base/zero/m3.dat	21.700000000	21.700000000	0.000000000	43	35	0	0	6.209183673	28.989795918	79097f038df4cbc29b16f5b62a066862734c14131c3ce44b61f94547a771b316
n050-set04	family	base	zero	1	4	instances/data/n050-set04/family/base/zero/m4.dat	21.700000000	21.700000000	0.000000000	43	35	0	0	6.209183673	28.989795918	79097f038df4cbc29b16f5b62a066862734c14131c3ce44b61f94547a771b316
n050-set04	family	base	narrow	1	2	instances/data/n050-set04/family/base/narrow/m2.dat	21.700000000	21.700000000	0.000000000	43	35	0	0	6.209183673	28.989795918	00c675be8896a97338123d9725c22c72ce5bffb8cd2643762e9cfe5547066889
n050-set04	family	base	narrow	1	3	instances/data/n050-set04/family/base/narrow/m3.dat	21.700000000	21.700000000	0.000000000	43	35	0	0	6.209183673	28.989795918	00c675be8896a97338123d9725c22c72ce5bffb8cd2643762e9cfe5547066889
n050-set04	family	base	narrow	1	4	instances/data/n050-set04/family/base/narrow/m4.dat	21.700000000	21.700000000	0.000000000	43	35	0	0	6.209183673	28.989795918	00c675be8896a97338123d9725c22c72ce5bffb8cd2643762e9cfe5547066889
n050-set04	family	base	wide	1	2	instances/data/n050-set04/family/base/wide/m2.dat	21.700000000	21.700000000	0.000000000	43	35	0	0	6.209183673	28.989795918	009b64daddb14e6e8031a03e716d7cea86f1da75a28eff152b48cdc667749af9
n050-set04	family	base	wide	1	3	instances/data/n050-set04/family/base/wide/m3.dat	21.700000000	21.700000000	0.000000000	43	35	0	0	6.209183673	28.989795918	009b64daddb14e6e8031a03e716d7cea86f1da75a28eff152b48cdc667749af9
n050-set04	family	base	wide	1	4	instances/data/n050-set04/family/base/wide/m4.dat	21.700000000	21.700000000	0.000000000	43	35	0	0	6.209183673	28.989795918	009b64daddb14e6e8031a03e716d7cea86f1da75a28eff152b48cdc667749af9
n050-set04	family	medium	zero	10	2	instances/data/n050-set04/family/medium-heterogeneous/zero/m2.dat	210.850000000	211.387755102	0.537755102	421	341	0	0	60.899234694	282.205882353	885a0c03e02f73da6599150cf1c3fc5b2e6e0dfb14204e2ad4f2c631b1b17a6d
n050-set04	family	medium	zero	10	3	instances/data/n050-set04/family/medium-heterogeneous/zero/m3.dat	210.850000000	211.387755102	0.537755102	421	341	0	0	60.899234694	282.205882353	885a0c03e02f73da6599150cf1c3fc5b2e6e0dfb14204e2ad4f2c631b1b17a6d
n050-set04	family	medium	zero	10	4	instances/data/n050-set04/family/medium-heterogeneous/zero/m4.dat	210.850000000	211.387755102	0.537755102	421	341	0	0	60.899234694	282.205882353	885a0c03e02f73da6599150cf1c3fc5b2e6e0dfb14204e2ad4f2c631b1b17a6d
n050-set04	family	medium	narrow	10	2	instances/data/n050-set04/family/medium-heterogeneous/narrow/m2.dat	210.850000000	211.387755102	0.537755102	421	341	0	0	60.899234694	282.205882353	9e6b6492531753572758df33740edbf487e4f07d6b94cd2bc8c01f90acd921ac
n050-set04	family	medium	narrow	10	3	instances/data/n050-set04/family/medium-heterogeneous/narrow/m3.dat	210.850000000	211.387755102	0.537755102	421	341	0	0	60.899234694	282.205882353	9e6b6492531753572758df33740edbf487e4f07d6b94cd2bc8c01f90acd921ac
n050-set04	family	medium	narrow	10	4	instances/data/n050-set04/family/medium-heterogeneous/narrow/m4.dat	210.850000000	211.387755102	0.537755102	421	341	0	0	60.899234694	282.205882353	9e6b6492531753572758df33740edbf487e4f07d6b94cd2bc8c01f90acd921ac
n050-set04	family	medium	wide	10	2	instances/data/n050-set04/family/medium-heterogeneous/wide/m2.dat	210.850000000	211.387755102	0.537755102	421	341	0	0	60.899234694	282.205882353	5ce4b5de34e4f8bb3599f4d08f12c898570d019e13a2de7d0515bc70aa840a77
n050-set04	family	medium	wide	10	3	instances/data/n050-set04/family/medium-heterogeneous/wide/m3.dat	210.850000000	211.387755102	0.537755102	421	341	0	0	60.899234694	282.205882353	5ce4b5de34e4f8bb3599f4d08f12c898570d019e13a2de7d0515bc70aa840a77
n050-set04	family	medium	wide	10	4	instances/data/n050-set04/family/medium-heterogeneous/wide/m4.dat	210.850000000	211.387755102	0.537755102	421	341	0	0	60.899234694	282.205882353	5ce4b5de34e4f8bb3599f4d08f12c898570d019e13a2de7d0515bc70aa840a77
n050-set04	family	high	zero	20	2	instances/data/n050-set04/family/high-heterogeneous/zero/m2.dat	428.390000000	428.853877551	0.463877551	856	691	0	0	122.996173469	572.786914766	010723092cb4b40d0f84fffa75d3f9d007063fcaa754cda378f0565744cacbac
n050-set04	family	high	zero	20	3	instances/data/n050-set04/family/high-heterogeneous/zero/m3.dat	428.390000000	428.853877551	0.463877551	856	691	0	0	122.996173469	572.786914766	010723092cb4b40d0f84fffa75d3f9d007063fcaa754cda378f0565744cacbac
n050-set04	family	high	zero	20	4	instances/data/n050-set04/family/high-heterogeneous/zero/m4.dat	428.390000000	428.853877551	0.463877551	856	691	0	0	122.996173469	572.786914766	010723092cb4b40d0f84fffa75d3f9d007063fcaa754cda378f0565744cacbac
n050-set04	family	high	narrow	20	2	instances/data/n050-set04/family/high-heterogeneous/narrow/m2.dat	428.390000000	428.853877551	0.463877551	856	691	0	0	122.996173469	572.786914766	05b36ab9e6992828a570e986ae71c15a4b73c71d06c481d928224c583e01e26e
n050-set04	family	high	narrow	20	3	instances/data/n050-set04/family/high-heterogeneous/narrow/m3.dat	428.390000000	428.853877551	0.463877551	856	691	0	0	122.996173469	572.786914766	05b36ab9e6992828a570e986ae71c15a4b73c71d06c481d928224c583e01e26e
n050-set04	family	high	narrow	20	4	instances/data/n050-set04/family/high-heterogeneous/narrow/m4.dat	428.390000000	428.853877551	0.463877551	856	691	0	0	122.996173469	572.786914766	05b36ab9e6992828a570e986ae71c15a4b73c71d06c481d928224c583e01e26e
n050-set04	family	high	wide	20	2	instances/data/n050-set04/family/high-heterogeneous/wide/m2.dat	428.390000000	428.853877551	0.463877551	856	691	0	0	122.996173469	572.786914766	ad592ba945088fe859f587a946cba1b2a998a53d335ac89c5b25c61a1f4a5b46
n050-set04	family	high	wide	20	3	instances/data/n050-set04/family/high-heterogeneous/wide/m3.dat	428.390000000	428.853877551	0.463877551	856	691	0	0	122.996173469	572.786914766	ad592ba945088fe859f587a946cba1b2a998a53d335ac89c5b25c61a1f4a5b46
n050-set04	family	high	wide	20	4	instances/data/n050-set04/family/high-heterogeneous/wide/m4.dat	428.390000000	428.853877551	0.463877551	856	691	0	0	122.996173469	572.786914766	ad592ba945088fe859f587a946cba1b2a998a53d335ac89c5b25c61a1f4a5b46
n050-set05	family	base	zero	1	2	instances/data/n050-set05/family/base/zero/m2.dat	22.550000000	22.552244898	0.002244898	45	36	0	0	6.354591837	30.174669868	7eafab4bb70c03d25a6f775641ffc24c1e865798841c9aa1bf7ff8cfcb56511f
n050-set05	family	base	zero	1	3	instances/data/n050-set05/family/base/zero/m3.dat	22.550000000	22.552244898	0.002244898	45	36	0	0	6.354591837	30.174669868	7eafab4bb70c03d25a6f775641ffc24c1e865798841c9aa1bf7ff8cfcb56511f
n050-set05	family	base	zero	1	4	instances/data/n050-set05/family/base/zero/m4.dat	22.550000000	22.552244898	0.002244898	45	36	0	0	6.354591837	30.174669868	7eafab4bb70c03d25a6f775641ffc24c1e865798841c9aa1bf7ff8cfcb56511f
n050-set05	family	base	narrow	1	2	instances/data/n050-set05/family/base/narrow/m2.dat	22.550000000	22.552244898	0.002244898	45	36	0	0	6.354591837	30.174669868	305c406bf35aba81afeb0c5f6f1efbed0c45ca6d1095cdd5c4c49a8078d55080
n050-set05	family	base	narrow	1	3	instances/data/n050-set05/family/base/narrow/m3.dat	22.550000000	22.552244898	0.002244898	45	36	0	0	6.354591837	30.174669868	305c406bf35aba81afeb0c5f6f1efbed0c45ca6d1095cdd5c4c49a8078d55080
n050-set05	family	base	narrow	1	4	instances/data/n050-set05/family/base/narrow/m4.dat	22.550000000	22.552244898	0.002244898	45	36	0	0	6.354591837	30.174669868	305c406bf35aba81afeb0c5f6f1efbed0c45ca6d1095cdd5c4c49a8078d55080
n050-set05	family	base	wide	1	2	instances/data/n050-set05/family/base/wide/m2.dat	22.550000000	22.552244898	0.002244898	45	36	0	0	6.354591837	30.174669868	802e94a6af9ca62aa7324809ef9e7f7d38e2cc123e6f840040b1dc75bba482ae
n050-set05	family	base	wide	1	3	instances/data/n050-set05/family/base/wide/m3.dat	22.550000000	22.552244898	0.002244898	45	36	0	0	6.354591837	30.174669868	802e94a6af9ca62aa7324809ef9e7f7d38e2cc123e6f840040b1dc75bba482ae
n050-set05	family	base	wide	1	4	instances/data/n050-set05/family/base/wide/m4.dat	22.550000000	22.552244898	0.002244898	45	36	0	0	6.354591837	30.174669868	802e94a6af9ca62aa7324809ef9e7f7d38e2cc123e6f840040b1dc75bba482ae
n050-set05	family	medium	zero	10	2	instances/data/n050-set05/family/medium-heterogeneous/zero/m2.dat	210.650000000	211.132653061	0.482653061	421	337	0	0	59.943877551	282.280312125	53be84eda1ee7f818ed4ca1be4ab6ebe8e2c8f39b8f193af3a05c4eea55e676f
n050-set05	family	medium	zero	10	3	instances/data/n050-set05/family/medium-heterogeneous/zero/m3.dat	210.650000000	211.132653061	0.482653061	421	337	0	0	59.943877551	282.280312125	53be84eda1ee7f818ed4ca1be4ab6ebe8e2c8f39b8f193af3a05c4eea55e676f
n050-set05	family	medium	zero	10	4	instances/data/n050-set05/family/medium-heterogeneous/zero/m4.dat	210.650000000	211.132653061	0.482653061	421	337	0	0	59.943877551	282.280312125	53be84eda1ee7f818ed4ca1be4ab6ebe8e2c8f39b8f193af3a05c4eea55e676f
n050-set05	family	medium	narrow	10	2	instances/data/n050-set05/family/medium-heterogeneous/narrow/m2.dat	210.650000000	211.132653061	0.482653061	421	337	0	0	59.943877551	282.280312125	6672e6edf8b97ee7eeb096e1fde605f9a1bdf10a52431f2f7d3aa845c3aba2be
n050-set05	family	medium	narrow	10	3	instances/data/n050-set05/family/medium-heterogeneous/narrow/m3.dat	210.650000000	211.132653061	0.482653061	421	337	0	0	59.943877551	282.280312125	6672e6edf8b97ee7eeb096e1fde605f9a1bdf10a52431f2f7d3aa845c3aba2be
n050-set05	family	medium	narrow	10	4	instances/data/n050-set05/family/medium-heterogeneous/narrow/m4.dat	210.650000000	211.132653061	0.482653061	421	337	0	0	59.943877551	282.280312125	6672e6edf8b97ee7eeb096e1fde605f9a1bdf10a52431f2f7d3aa845c3aba2be
n050-set05	family	medium	wide	10	2	instances/data/n050-set05/family/medium-heterogeneous/wide/m2.dat	210.650000000	211.132653061	0.482653061	421	337	0	0	59.943877551	282.280312125	b3b6d45ce288e17978afc24346d3e7fbcfa5e65942db6642f07f98a2de5415a1
n050-set05	family	medium	wide	10	3	instances/data/n050-set05/family/medium-heterogeneous/wide/m3.dat	210.650000000	211.132653061	0.482653061	421	337	0	0	59.943877551	282.280312125	b3b6d45ce288e17978afc24346d3e7fbcfa5e65942db6642f07f98a2de5415a1
n050-set05	family	medium	wide	10	4	instances/data/n050-set05/family/medium-heterogeneous/wide/m4.dat	210.650000000	211.132653061	0.482653061	421	337	0	0	59.943877551	282.280312125	b3b6d45ce288e17978afc24346d3e7fbcfa5e65942db6642f07f98a2de5415a1
n050-set05	family	high	zero	20	2	instances/data/n050-set05/family/high-heterogeneous/zero/m2.dat	447.940000000	448.488979592	0.548979592	895	716	0	0	126.778061224	599.882352941	96da07d77115d85cfc8594242ec2173843cb52c2c62a46cd216bbee92e0bf40f
n050-set05	family	high	zero	20	3	instances/data/n050-set05/family/high-heterogeneous/zero/m3.dat	447.940000000	448.488979592	0.548979592	895	716	0	0	126.778061224	599.882352941	96da07d77115d85cfc8594242ec2173843cb52c2c62a46cd216bbee92e0bf40f
n050-set05	family	high	zero	20	4	instances/data/n050-set05/family/high-heterogeneous/zero/m4.dat	447.940000000	448.488979592	0.548979592	895	716	0	0	126.778061224	599.882352941	96da07d77115d85cfc8594242ec2173843cb52c2c62a46cd216bbee92e0bf40f
n050-set05	family	high	narrow	20	2	instances/data/n050-set05/family/high-heterogeneous/narrow/m2.dat	447.940000000	448.488979592	0.548979592	895	716	0	0	126.778061224	599.882352941	ddca012f0b03e3382a019fb7a75f6d4aef176c62bd74fa7903508ed2807a4e27
n050-set05	family	high	narrow	20	3	instances/data/n050-set05/family/high-heterogeneous/narrow/m3.dat	447.940000000	448.488979592	0.548979592	895	716	0	0	126.778061224	599.882352941	ddca012f0b03e3382a019fb7a75f6d4aef176c62bd74fa7903508ed2807a4e27
n050-set05	family	high	narrow	20	4	instances/data/n050-set05/family/high-heterogeneous/narrow/m4.dat	447.940000000	448.488979592	0.548979592	895	716	0	0	126.778061224	599.882352941	ddca012f0b03e3382a019fb7a75f6d4aef176c62bd74fa7903508ed2807a4e27
n050-set05	family	high	wide	20	2	instances/data/n050-set05/family/high-heterogeneous/wide/m2.dat	447.940000000	448.488979592	0.548979592	895	716	0	0	126.778061224	599.882352941	13f8f3423985a76b9a5f5cc848c6776939e1eba02480e6139864a7ae085adcfe
n050-set05	family	high	wide	20	3	instances/data/n050-set05/family/high-heterogeneous/wide/m3.dat	447.940000000	448.488979592	0.548979592	895	716	0	0	126.778061224	599.882352941	13f8f3423985a76b9a5f5cc848c6776939e1eba02480e6139864a7ae085adcfe
n050-set05	family	high	wide	20	4	instances/data/n050-set05/family/high-heterogeneous/wide/m4.dat	447.940000000	448.488979592	0.548979592	895	716	0	0	126.778061224	599.882352941	13f8f3423985a76b9a5f5cc848c6776939e1eba02480e6139864a7ae085adcfe
n060-set01	family	base	zero	1	2	instances/data/n060-set01/family/base/zero/m2.dat	27.366666667	27.361299435	-0.005367232	54	44	0	0	7.782456140	36.661250000	a758c41d8ea4218011ef6ed9de1adce127523cceb89e1456bfe4f4b2678dbb55
n060-set01	family	base	zero	1	3	instances/data/n060-set01/family/base/zero/m3.dat	27.366666667	27.361299435	-0.005367232	54	44	0	0	7.782456140	36.661250000	a758c41d8ea4218011ef6ed9de1adce127523cceb89e1456bfe4f4b2678dbb55
n060-set01	family	base	zero	1	4	instances/data/n060-set01/family/base/zero/m4.dat	27.366666667	27.361299435	-0.005367232	54	44	0	0	7.782456140	36.661250000	a758c41d8ea4218011ef6ed9de1adce127523cceb89e1456bfe4f4b2678dbb55
n060-set01	family	base	narrow	1	2	instances/data/n060-set01/family/base/narrow/m2.dat	27.366666667	27.361299435	-0.005367232	54	44	0	0	7.782456140	36.661250000	df206aa9379b1536a1719ed4b2cc8aeaee8d0fa82197d089e26ee8dda658ee46
n060-set01	family	base	narrow	1	3	instances/data/n060-set01/family/base/narrow/m3.dat	27.366666667	27.361299435	-0.005367232	54	44	0	0	7.782456140	36.661250000	df206aa9379b1536a1719ed4b2cc8aeaee8d0fa82197d089e26ee8dda658ee46
n060-set01	family	base	narrow	1	4	instances/data/n060-set01/family/base/narrow/m4.dat	27.366666667	27.361299435	-0.005367232	54	44	0	0	7.782456140	36.661250000	df206aa9379b1536a1719ed4b2cc8aeaee8d0fa82197d089e26ee8dda658ee46
n060-set01	family	base	wide	1	2	instances/data/n060-set01/family/base/wide/m2.dat	27.366666667	27.361299435	-0.005367232	54	44	0	0	7.782456140	36.661250000	211fb576ab6fc8c866c12fac8611bb91e71c1113ea3c72d5b566094cb8cb0937
n060-set01	family	base	wide	1	3	instances/data/n060-set01/family/base/wide/m3.dat	27.366666667	27.361299435	-0.005367232	54	44	0	0	7.782456140	36.661250000	211fb576ab6fc8c866c12fac8611bb91e71c1113ea3c72d5b566094cb8cb0937
n060-set01	family	base	wide	1	4	instances/data/n060-set01/family/base/wide/m4.dat	27.366666667	27.361299435	-0.005367232	54	44	0	0	7.782456140	36.661250000	211fb576ab6fc8c866c12fac8611bb91e71c1113ea3c72d5b566094cb8cb0937
n060-set01	family	medium	zero	10	2	instances/data/n060-set01/family/medium-heterogeneous/zero/m2.dat	256.216666667	256.684180791	0.467514124	512	412	0	0	73.311403509	343.786250000	a5358fefcb4e9d9bfa05c548e53c50a46cf23da7a84bdddc2bb5d90ec5311f77
n060-set01	family	medium	zero	10	3	instances/data/n060-set01/family/medium-heterogeneous/zero/m3.dat	256.216666667	256.684180791	0.467514124	512	412	0	0	73.311403509	343.786250000	a5358fefcb4e9d9bfa05c548e53c50a46cf23da7a84bdddc2bb5d90ec5311f77
n060-set01	family	medium	zero	10	4	instances/data/n060-set01/family/medium-heterogeneous/zero/m4.dat	256.216666667	256.684180791	0.467514124	512	412	0	0	73.311403509	343.786250000	a5358fefcb4e9d9bfa05c548e53c50a46cf23da7a84bdddc2bb5d90ec5311f77
n060-set01	family	medium	narrow	10	2	instances/data/n060-set01/family/medium-heterogeneous/narrow/m2.dat	256.216666667	256.684180791	0.467514124	512	412	0	0	73.311403509	343.786250000	09c488e3df9663cd0d642b96d31681d26fd8480a42e2ed6bea03e582212d239c
n060-set01	family	medium	narrow	10	3	instances/data/n060-set01/family/medium-heterogeneous/narrow/m3.dat	256.216666667	256.684180791	0.467514124	512	412	0	0	73.311403509	343.786250000	09c488e3df9663cd0d642b96d31681d26fd8480a42e2ed6bea03e582212d239c
n060-set01	family	medium	narrow	10	4	instances/data/n060-set01/family/medium-heterogeneous/narrow/m4.dat	256.216666667	256.684180791	0.467514124	512	412	0	0	73.311403509	343.786250000	09c488e3df9663cd0d642b96d31681d26fd8480a42e2ed6bea03e582212d239c
n060-set01	family	medium	wide	10	2	instances/data/n060-set01/family/medium-heterogeneous/wide/m2.dat	256.216666667	256.684180791	0.467514124	512	412	0	0	73.311403509	343.786250000	903b7e5b4a90936cc2f27423dd6cc1c6ad70fdeba8f0caf658a6bfddf9d314c1
n060-set01	family	medium	wide	10	3	instances/data/n060-set01/family/medium-heterogeneous/wide/m3.dat	256.216666667	256.684180791	0.467514124	512	412	0	0	73.311403509	343.786250000	903b7e5b4a90936cc2f27423dd6cc1c6ad70fdeba8f0caf658a6bfddf9d314c1
n060-set01	family	medium	wide	10	4	instances/data/n060-set01/family/medium-heterogeneous/wide/m4.dat	256.216666667	256.684180791	0.467514124	512	412	0	0	73.311403509	343.786250000	903b7e5b4a90936cc2f27423dd6cc1c6ad70fdeba8f0caf658a6bfddf9d314c1
n060-set01	family	high	zero	20	2	instances/data/n060-set01/family/high-heterogeneous/zero/m2.dat	582.408333333	582.769774011	0.361440678	1164	937	0	0	166.080701754	780.697083333	5aed0d7df265d5153503505acdc274f46bbc207a195b1978cf04944ff0893454
n060-set01	family	high	zero	20	3	instances/data/n060-set01/family/high-heterogeneous/zero/m3.dat	582.408333333	582.769774011	0.361440678	1164	937	0	0	166.080701754	780.697083333	5aed0d7df265d5153503505acdc274f46bbc207a195b1978cf04944ff0893454
n060-set01	family	high	zero	20	4	instances/data/n060-set01/family/high-heterogeneous/zero/m4.dat	582.408333333	582.769774011	0.361440678	1164	937	0	0	166.080701754	780.697083333	5aed0d7df265d5153503505acdc274f46bbc207a195b1978cf04944ff0893454
n060-set01	family	high	narrow	20	2	instances/data/n060-set01/family/high-heterogeneous/narrow/m2.dat	582.408333333	582.769774011	0.361440678	1164	937	0	0	166.080701754	780.697083333	e851af5c939b2b7c4c99c9aa57be4da167f576f4a51268ec422620b7d7852d93
n060-set01	family	high	narrow	20	3	instances/data/n060-set01/family/high-heterogeneous/narrow/m3.dat	582.408333333	582.769774011	0.361440678	1164	937	0	0	166.080701754	780.697083333	e851af5c939b2b7c4c99c9aa57be4da167f576f4a51268ec422620b7d7852d93
n060-set01	family	high	narrow	20	4	instances/data/n060-set01/family/high-heterogeneous/narrow/m4.dat	582.408333333	582.769774011	0.361440678	1164	937	0	0	166.080701754	780.697083333	e851af5c939b2b7c4c99c9aa57be4da167f576f4a51268ec422620b7d7852d93
n060-set01	family	high	wide	20	2	instances/data/n060-set01/family/high-heterogeneous/wide/m2.dat	582.408333333	582.769774011	0.361440678	1164	937	0	0	166.080701754	780.697083333	c0fc764421e4872e501ee0b008bc3dd31fe061ca3737cc05daf81ae1d60bf2b5
n060-set01	family	high	wide	20	3	instances/data/n060-set01/family/high-heterogeneous/wide/m3.dat	582.408333333	582.769774011	0.361440678	1164	937	0	0	166.080701754	780.697083333	c0fc764421e4872e501ee0b008bc3dd31fe061ca3737cc05daf81ae1d60bf2b5
n060-set01	family	high	wide	20	4	instances/data/n060-set01/family/high-heterogeneous/wide/m4.dat	582.408333333	582.769774011	0.361440678	1164	937	0	0	166.080701754	780.697083333	c0fc764421e4872e501ee0b008bc3dd31fe061ca3737cc05daf81ae1d60bf2b5
n060-set02	family	base	zero	1	2	instances/data/n060-set02/family/base/zero/m2.dat	25.875000000	25.892655367	0.017655367	51	41	0	0	7.360526316	34.695416667	81cc10b72ef7924f3501c7c427e5dfbb4e4137f07ad9d04836c01746d6b588df
n060-set02	family	base	zero	1	3	instances/data/n060-set02/family/base/zero/m3.dat	25.875000000	25.892655367	0.017655367	51	41	0	0	7.360526316	34.695416667	81cc10b72ef7924f3501c7c427e5dfbb4e4137f07ad9d04836c01746d6b588df
n060-set02	family	base	zero	1	4	instances/data/n060-set02/family/base/zero/m4.dat	25.875000000	25.892655367	0.017655367	51	41	0	0	7.360526316	34.695416667	81cc10b72ef7924f3501c7c427e5dfbb4e4137f07ad9d04836c01746d6b588df
n060-set02	family	base	narrow	1	2	instances/data/n060-set02/family/base/narrow/m2.dat	25.875000000	25.892655367	0.017655367	51	41	0	0	7.360526316	34.695416667	63be27e2deccb5c23a367195d1a894ed76e3398d9e22fa2a525560c67323da9b
n060-set02	family	base	narrow	1	3	instances/data/n060-set02/family/base/narrow/m3.dat	25.875000000	25.892655367	0.017655367	51	41	0	0	7.360526316	34.695416667	63be27e2deccb5c23a367195d1a894ed76e3398d9e22fa2a525560c67323da9b
n060-set02	family	base	narrow	1	4	instances/data/n060-set02/family/base/narrow/m4.dat	25.875000000	25.892655367	0.017655367	51	41	0	0	7.360526316	34.695416667	63be27e2deccb5c23a367195d1a894ed76e3398d9e22fa2a525560c67323da9b
n060-set02	family	base	wide	1	2	instances/data/n060-set02/family/base/wide/m2.dat	25.875000000	25.892655367	0.017655367	51	41	0	0	7.360526316	34.695416667	1b55c22d99370c1022060127e5d4663a132139f48cb19244d30e182d2a38f0de
n060-set02	family	base	wide	1	3	instances/data/n060-set02/family/base/wide/m3.dat	25.875000000	25.892655367	0.017655367	51	41	0	0	7.360526316	34.695416667	1b55c22d99370c1022060127e5d4663a132139f48cb19244d30e182d2a38f0de
n060-set02	family	base	wide	1	4	instances/data/n060-set02/family/base/wide/m4.dat	25.875000000	25.892655367	0.017655367	51	41	0	0	7.360526316	34.695416667	1b55c22d99370c1022060127e5d4663a132139f48cb19244d30e182d2a38f0de
n060-set02	family	medium	zero	10	2	instances/data/n060-set02/family/medium-heterogeneous/zero/m2.dat	243.558333333	244.240112994	0.681779661	487	386	0	0	69.765789474	327.115416667	36d2fc1180930d29a35f317cf1c7a510e73e5497b07360ad869cc4710be64778
n060-set02	family	medium	zero	10	3	instances/data/n060-set02/family/medium-heterogeneous/zero/m3.dat	243.558333333	244.240112994	0.681779661	487	386	0	0	69.765789474	327.115416667	36d2fc1180930d29a35f317cf1c7a510e73e5497b07360ad869cc4710be64778
n060-set02	family	medium	zero	10	4	instances/data/n060-set02/family/medium-heterogeneous/zero/m4.dat	243.558333333	244.240112994	0.681779661	487	386	0	0	69.765789474	327.115416667	36d2fc1180930d29a35f317cf1c7a510e73e5497b07360ad869cc4710be64778
n060-set02	family	medium	narrow	10	2	instances/data/n060-set02/family/medium-heterogeneous/narrow/m2.dat	243.558333333	244.240112994	0.681779661	487	386	0	0	69.765789474	327.115416667	f6406834fa7129871f10ea2ea2b56992fc6f739e88145d6348623bb841e37b1e
n060-set02	family	medium	narrow	10	3	instances/data/n060-set02/family/medium-heterogeneous/narrow/m3.dat	243.558333333	244.240112994	0.681779661	487	386	0	0	69.765789474	327.115416667	f6406834fa7129871f10ea2ea2b56992fc6f739e88145d6348623bb841e37b1e
n060-set02	family	medium	narrow	10	4	instances/data/n060-set02/family/medium-heterogeneous/narrow/m4.dat	243.558333333	244.240112994	0.681779661	487	386	0	0	69.765789474	327.115416667	f6406834fa7129871f10ea2ea2b56992fc6f739e88145d6348623bb841e37b1e
n060-set02	family	medium	wide	10	2	instances/data/n060-set02/family/medium-heterogeneous/wide/m2.dat	243.558333333	244.240112994	0.681779661	487	386	0	0	69.765789474	327.115416667	04fc7a2a31491b27ccac8c13b4a3c113b8321a1424eb34d0bab0a314e4adafcd
n060-set02	family	medium	wide	10	3	instances/data/n060-set02/family/medium-heterogeneous/wide/m3.dat	243.558333333	244.240112994	0.681779661	487	386	0	0	69.765789474	327.115416667	04fc7a2a31491b27ccac8c13b4a3c113b8321a1424eb34d0bab0a314e4adafcd
n060-set02	family	medium	wide	10	4	instances/data/n060-set02/family/medium-heterogeneous/wide/m4.dat	243.558333333	244.240112994	0.681779661	487	386	0	0	69.765789474	327.115416667	04fc7a2a31491b27ccac8c13b4a3c113b8321a1424eb34d0bab0a314e4adafcd
n060-set02	family	high	zero	20	2	instances/data/n060-set02/family/high-heterogeneous/zero/m2.dat	516.083333333	517.019209040	0.935875706	1032	818	0	0	147.210526316	692.678333333	71e7e659ec5d0003975b7ea93fa3f90cce8c5742494d032c7711f3ba66a6c28a
n060-set02	family	high	zero	20	3	instances/data/n060-set02/family/high-heterogeneous/zero/m3.dat	516.083333333	517.019209040	0.935875706	1032	818	0	0	147.210526316	692.678333333	71e7e659ec5d0003975b7ea93fa3f90cce8c5742494d032c7711f3ba66a6c28a
n060-set02	family	high	zero	20	4	instances/data/n060-set02/family/high-heterogeneous/zero/m4.dat	516.083333333	517.019209040	0.935875706	1032	818	0	0	147.210526316	692.678333333	71e7e659ec5d0003975b7ea93fa3f90cce8c5742494d032c7711f3ba66a6c28a
n060-set02	family	high	narrow	20	2	instances/data/n060-set02/family/high-heterogeneous/narrow/m2.dat	516.083333333	517.019209040	0.935875706	1032	818	0	0	147.210526316	692.678333333	62c13b0cbca8a834085ecf74e717e373f60ed6e15755d7a724b4489f7ac7da24
n060-set02	family	high	narrow	20	3	instances/data/n060-set02/family/high-heterogeneous/narrow/m3.dat	516.083333333	517.019209040	0.935875706	1032	818	0	0	147.210526316	692.678333333	62c13b0cbca8a834085ecf74e717e373f60ed6e15755d7a724b4489f7ac7da24
n060-set02	family	high	narrow	20	4	instances/data/n060-set02/family/high-heterogeneous/narrow/m4.dat	516.083333333	517.019209040	0.935875706	1032	818	0	0	147.210526316	692.678333333	62c13b0cbca8a834085ecf74e717e373f60ed6e15755d7a724b4489f7ac7da24
n060-set02	family	high	wide	20	2	instances/data/n060-set02/family/high-heterogeneous/wide/m2.dat	516.083333333	517.019209040	0.935875706	1032	818	0	0	147.210526316	692.678333333	d468d3258dcba9622aa451a798124844950590a3db55ba0170d6b6554a375877
n060-set02	family	high	wide	20	3	instances/data/n060-set02/family/high-heterogeneous/wide/m3.dat	516.083333333	517.019209040	0.935875706	1032	818	0	0	147.210526316	692.678333333	d468d3258dcba9622aa451a798124844950590a3db55ba0170d6b6554a375877
n060-set02	family	high	wide	20	4	instances/data/n060-set02/family/high-heterogeneous/wide/m4.dat	516.083333333	517.019209040	0.935875706	1032	818	0	0	147.210526316	692.678333333	d468d3258dcba9622aa451a798124844950590a3db55ba0170d6b6554a375877
n060-set03	family	base	zero	1	2	instances/data/n060-set03/family/base/zero/m2.dat	25.733333333	25.742655367	0.009322034	51	41	0	0	7.270175439	34.517083333	8f1d7bf3bf8042b415d21b68edd5404ee65bd266c332a6f1ef2afeb2ff9d99e5
n060-set03	family	base	zero	1	3	instances/data/n060-set03/family/base/zero/m3.dat	25.733333333	25.742655367	0.009322034	51	41	0	0	7.270175439	34.517083333	8f1d7bf3bf8042b415d21b68edd5404ee65bd266c332a6f1ef2afeb2ff9d99e5
n060-set03	family	base	zero	1	4	instances/data/n060-set03/family/base/zero/m4.dat	25.733333333	25.742655367	0.009322034	51	41	0	0	7.270175439	34.517083333	8f1d7bf3bf8042b415d21b68edd5404ee65bd266c332a6f1ef2afeb2ff9d99e5
n060-set03	family	base	narrow	1	2	instances/data/n060-set03/family/base/narrow/m2.dat	25.733333333	25.742655367	0.009322034	51	41	0	0	7.270175439	34.517083333	20b887a7216cb80b451c90e9b026472b7b856524a8e77fc74aa869f30fecb2ac
n060-set03	family	base	narrow	1	3	instances/data/n060-set03/family/base/narrow/m3.dat	25.733333333	25.742655367	0.009322034	51	41	0	0	7.270175439	34.517083333	20b887a7216cb80b451c90e9b026472b7b856524a8e77fc74aa869f30fecb2ac
n060-set03	family	base	narrow	1	4	instances/data/n060-set03/family/base/narrow/m4.dat	25.733333333	25.742655367	0.009322034	51	41	0	0	7.270175439	34.517083333	20b887a7216cb80b451c90e9b026472b7b856524a8e77fc74aa869f30fecb2ac
n060-set03	family	base	wide	1	2	instances/data/n060-set03/family/base/wide/m2.dat	25.733333333	25.742655367	0.009322034	51	41	0	0	7.270175439	34.517083333	e6b0d33a513bc2090ccac73d1c2a5fe91d60af91dd1fcc19536c3bf5b7e89621
n060-set03	family	base	wide	1	3	instances/data/n060-set03/family/base/wide/m3.dat	25.733333333	25.742655367	0.009322034	51	41	0	0	7.270175439	34.517083333	e6b0d33a513bc2090ccac73d1c2a5fe91d60af91dd1fcc19536c3bf5b7e89621
n060-set03	family	base	wide	1	4	instances/data/n060-set03/family/base/wide/m4.dat	25.733333333	25.742655367	0.009322034	51	41	0	0	7.270175439	34.517083333	e6b0d33a513bc2090ccac73d1c2a5fe91d60af91dd1fcc19536c3bf5b7e89621
n060-set03	family	medium	zero	10	2	instances/data/n060-set03/family/medium-heterogeneous/zero/m2.dat	259.583333333	260.143220339	0.559887006	519	414	0	0	73.738596491	348.685416667	124eea610e5676d92bfdb7ded0b1949c5383d9976d4154a8901643688494fd3e
n060-set03	family	medium	zero	10	3	instances/data/n060-set03/family/medium-heterogeneous/zero/m3.dat	259.583333333	260.143220339	0.559887006	519	414	0	0	73.738596491	348.685416667	124eea610e5676d92bfdb7ded0b1949c5383d9976d4154a8901643688494fd3e
n060-set03	family	medium	zero	10	4	instances/data/n060-set03/family/medium-heterogeneous/zero/m4.dat	259.583333333	260.143220339	0.559887006	519	414	0	0	73.738596491	348.685416667	124eea610e5676d92bfdb7ded0b1949c5383d9976d4154a8901643688494fd3e
n060-set03	family	medium	narrow	10	2	instances/data/n060-set03/family/medium-heterogeneous/narrow/m2.dat	259.583333333	260.143220339	0.559887006	519	414	0	0	73.738596491	348.685416667	0563d95ec32b89155da4a107fb17441e4e93f9711955ff56562bb766ce4d20a2
n060-set03	family	medium	narrow	10	3	instances/data/n060-set03/family/medium-heterogeneous/narrow/m3.dat	259.583333333	260.143220339	0.559887006	519	414	0	0	73.738596491	348.685416667	0563d95ec32b89155da4a107fb17441e4e93f9711955ff56562bb766ce4d20a2
n060-set03	family	medium	narrow	10	4	instances/data/n060-set03/family/medium-heterogeneous/narrow/m4.dat	259.583333333	260.143220339	0.559887006	519	414	0	0	73.738596491	348.685416667	0563d95ec32b89155da4a107fb17441e4e93f9711955ff56562bb766ce4d20a2
n060-set03	family	medium	wide	10	2	instances/data/n060-set03/family/medium-heterogeneous/wide/m2.dat	259.583333333	260.143220339	0.559887006	519	414	0	0	73.738596491	348.685416667	fb5f0aa124808aab61ccff2a472554f9df794ba448e9069aab78c6d02fc240bf
n060-set03	family	medium	wide	10	3	instances/data/n060-set03/family/medium-heterogeneous/wide/m3.dat	259.583333333	260.143220339	0.559887006	519	414	0	0	73.738596491	348.685416667	fb5f0aa124808aab61ccff2a472554f9df794ba448e9069aab78c6d02fc240bf
n060-set03	family	medium	wide	10	4	instances/data/n060-set03/family/medium-heterogeneous/wide/m4.dat	259.583333333	260.143220339	0.559887006	519	414	0	0	73.738596491	348.685416667	fb5f0aa124808aab61ccff2a472554f9df794ba448e9069aab78c6d02fc240bf
n060-set03	family	high	zero	20	2	instances/data/n060-set03/family/high-heterogeneous/zero/m2.dat	506.033333333	506.606497175	0.573163842	1012	807	0	0	143.311403509	679.171666667	64788b4a75b45cf44a01b65385a767a4303bf2e3a497a50a079a7185de4c29a8
n060-set03	family	high	zero	20	3	instances/data/n060-set03/family/high-heterogeneous/zero/m3.dat	506.033333333	506.606497175	0.573163842	1012	807	0	0	143.311403509	679.171666667	64788b4a75b45cf44a01b65385a767a4303bf2e3a497a50a079a7185de4c29a8
n060-set03	family	high	zero	20	4	instances/data/n060-set03/family/high-heterogeneous/zero/m4.dat	506.033333333	506.606497175	0.573163842	1012	807	0	0	143.311403509	679.171666667	64788b4a75b45cf44a01b65385a767a4303bf2e3a497a50a079a7185de4c29a8
n060-set03	family	high	narrow	20	2	instances/data/n060-set03/family/high-heterogeneous/narrow/m2.dat	506.033333333	506.606497175	0.573163842	1012	807	0	0	143.311403509	679.171666667	a09094c059da6e3935bc8f208bb0c2357296ebf8e6e930a3cb88d8fceeb97941
n060-set03	family	high	narrow	20	3	instances/data/n060-set03/family/high-heterogeneous/narrow/m3.dat	506.033333333	506.606497175	0.573163842	1012	807	0	0	143.311403509	679.171666667	a09094c059da6e3935bc8f208bb0c2357296ebf8e6e930a3cb88d8fceeb97941
n060-set03	family	high	narrow	20	4	instances/data/n060-set03/family/high-heterogeneous/narrow/m4.dat	506.033333333	506.606497175	0.573163842	1012	807	0	0	143.311403509	679.171666667	a09094c059da6e3935bc8f208bb0c2357296ebf8e6e930a3cb88d8fceeb97941
n060-set03	family	high	wide	20	2	instances/data/n060-set03/family/high-heterogeneous/wide/m2.dat	506.033333333	506.606497175	0.573163842	1012	807	0	0	143.311403509	679.171666667	abb0768c79f06759b6aef4e6f31f3d18c6e0f95956432eea61a81caec773b2fe
n060-set03	family	high	wide	20	3	instances/data/n060-set03/family/high-heterogeneous/wide/m3.dat	506.033333333	506.606497175	0.573163842	1012	807	0	0	143.311403509	679.171666667	abb0768c79f06759b6aef4e6f31f3d18c6e0f95956432eea61a81caec773b2fe
n060-set03	family	high	wide	20	4	instances/data/n060-set03/family/high-heterogeneous/wide/m4.dat	506.033333333	506.606497175	0.573163842	1012	807	0	0	143.311403509	679.171666667	abb0768c79f06759b6aef4e6f31f3d18c6e0f95956432eea61a81caec773b2fe
n060-set04	family	base	zero	1	2	instances/data/n060-set04/family/base/zero/m2.dat	26.791666667	26.793220339	0.001553672	53	43	0	0	7.648245614	35.887083333	a79bd304799c7ca25b6ae6a4022b28eb02ba16c3b9a4dc96e3385dc1eb682f84
n060-set04	family	base	zero	1	3	instances/data/n060-set04/family/base/zero/m3.dat	26.791666667	26.793220339	0.001553672	53	43	0	0	7.648245614	35.887083333	a79bd304799c7ca25b6ae6a4022b28eb02ba16c3b9a4dc96e3385dc1eb682f84
n060-set04	family	base	zero	1	4	instances/data/n060-set04/family/base/zero/m4.dat	26.791666667	26.793220339	0.001553672	53	43	0	0	7.648245614	35.887083333	a79bd304799c7ca25b6ae6a4022b28eb02ba16c3b9a4dc96e3385dc1eb682f84
n060-set04	family	base	narrow	1	2	instances/data/n060-set04/family/base/narrow/m2.dat	26.791666667	26.793220339	0.001553672	53	43	0	0	7.648245614	35.887083333	ac05de3e595a41c1e70f1c88000895f309bda40919a1835bf81261d324d767ba
n060-set04	family	base	narrow	1	3	instances/data/n060-set04/family/base/narrow/m3.dat	26.791666667	26.793220339	0.001553672	53	43	0	0	7.648245614	35.887083333	ac05de3e595a41c1e70f1c88000895f309bda40919a1835bf81261d324d767ba
n060-set04	family	base	narrow	1	4	instances/data/n060-set04/family/base/narrow/m4.dat	26.791666667	26.793220339	0.001553672	53	43	0	0	7.648245614	35.887083333	ac05de3e595a41c1e70f1c88000895f309bda40919a1835bf81261d324d767ba
n060-set04	family	base	wide	1	2	instances/data/n060-set04/family/base/wide/m2.dat	26.791666667	26.793220339	0.001553672	53	43	0	0	7.648245614	35.887083333	68f0306d10dd7e441458e4a62badd6f0cad4099a21517b76b0f9a3e4387c1b24
n060-set04	family	base	wide	1	3	instances/data/n060-set04/family/base/wide/m3.dat	26.791666667	26.793220339	0.001553672	53	43	0	0	7.648245614	35.887083333	68f0306d10dd7e441458e4a62badd6f0cad4099a21517b76b0f9a3e4387c1b24
n060-set04	family	base	wide	1	4	instances/data/n060-set04/family/base/wide/m4.dat	26.791666667	26.793220339	0.001553672	53	43	0	0	7.648245614	35.887083333	68f0306d10dd7e441458e4a62badd6f0cad4099a21517b76b0f9a3e4387c1b24
n060-set04	family	medium	zero	10	2	instances/data/n060-set04/family/medium-heterogeneous/zero/m2.dat	262.333333333	262.836723164	0.503389831	524	422	0	0	75.364035088	351.886250000	ddbd9f23fa3cba0aa2c68c256bedd12b94bfcd67c0a06e9c81e06aa6bcf3860f
n060-set04	family	medium	zero	10	3	instances/data/n060-set04/family/medium-heterogeneous/zero/m3.dat	262.333333333	262.836723164	0.503389831	524	422	0	0	75.364035088	351.886250000	ddbd9f23fa3cba0aa2c68c256bedd12b94bfcd67c0a06e9c81e06aa6bcf3860f
n060-set04	family	medium	zero	10	4	instances/data/n060-set04/family/medium-heterogeneous/zero/m4.dat	262.333333333	262.836723164	0.503389831	524	422	0	0	75.364035088	351.886250000	ddbd9f23fa3cba0aa2c68c256bedd12b94bfcd67c0a06e9c81e06aa6bcf3860f
n060-set04	family	medium	narrow	10	2	instances/data/n060-set04/family/medium-heterogeneous/narrow/m2.dat	262.333333333	262.836723164	0.503389831	524	422	0	0	75.364035088	351.886250000	bedd78c37f650a4baf68f44ca7048f9b5501839c3e05d11c3b604cc8944f2329
n060-set04	family	medium	narrow	10	3	instances/data/n060-set04/family/medium-heterogeneous/narrow/m3.dat	262.333333333	262.836723164	0.503389831	524	422	0	0	75.364035088	351.886250000	bedd78c37f650a4baf68f44ca7048f9b5501839c3e05d11c3b604cc8944f2329
n060-set04	family	medium	narrow	10	4	instances/data/n060-set04/family/medium-heterogeneous/narrow/m4.dat	262.333333333	262.836723164	0.503389831	524	422	0	0	75.364035088	351.886250000	bedd78c37f650a4baf68f44ca7048f9b5501839c3e05d11c3b604cc8944f2329
n060-set04	family	medium	wide	10	2	instances/data/n060-set04/family/medium-heterogeneous/wide/m2.dat	262.333333333	262.836723164	0.503389831	524	422	0	0	75.364035088	351.886250000	41b479b5ebf3682c811e4b0080f2734f6d5ba4d5eafdcdb0ef54d83f06b64791
n060-set04	family	medium	wide	10	3	instances/data/n060-set04/family/medium-heterogeneous/wide/m3.dat	262.333333333	262.836723164	0.503389831	524	422	0	0	75.364035088	351.886250000	41b479b5ebf3682c811e4b0080f2734f6d5ba4d5eafdcdb0ef54d83f06b64791
n060-set04	family	medium	wide	10	4	instances/data/n060-set04/family/medium-heterogeneous/wide/m4.dat	262.333333333	262.836723164	0.503389831	524	422	0	0	75.364035088	351.886250000	41b479b5ebf3682c811e4b0080f2734f6d5ba4d5eafdcdb0ef54d83f06b64791
n060-set04	family	high	zero	20	2	instances/data/n060-set04/family/high-heterogeneous/zero/m2.dat	554.150000000	554.633333333	0.483333333	1108	890	0	0	158.726315789	742.689166667	b3fa37f490a0f74bb86c3c1eb788c24bbe6c925ae64e756337f3d6689095598e
n060-set04	family	high	zero	20	3	instances/data/n060-set04/family/high-heterogeneous/zero/m3.dat	554.150000000	554.633333333	0.483333333	1108	890	0	0	158.726315789	742.689166667	b3fa37f490a0f74bb86c3c1eb788c24bbe6c925ae64e756337f3d6689095598e
n060-set04	family	high	zero	20	4	instances/data/n060-set04/family/high-heterogeneous/zero/m4.dat	554.150000000	554.633333333	0.483333333	1108	890	0	0	158.726315789	742.689166667	b3fa37f490a0f74bb86c3c1eb788c24bbe6c925ae64e756337f3d6689095598e
n060-set04	family	high	narrow	20	2	instances/data/n060-set04/family/high-heterogeneous/narrow/m2.dat	554.150000000	554.633333333	0.483333333	1108	890	0	0	158.726315789	742.689166667	ed1ace5be284f2a4aca9d14f2207179d55228ed0cd403c1ba3eb95e17a8108d1
n060-set04	family	high	narrow	20	3	instances/data/n060-set04/family/high-heterogeneous/narrow/m3.dat	554.150000000	554.633333333	0.483333333	1108	890	0	0	158.726315789	742.689166667	ed1ace5be284f2a4aca9d14f2207179d55228ed0cd403c1ba3eb95e17a8108d1
n060-set04	family	high	narrow	20	4	instances/data/n060-set04/family/high-heterogeneous/narrow/m4.dat	554.150000000	554.633333333	0.483333333	1108	890	0	0	158.726315789	742.689166667	ed1ace5be284f2a4aca9d14f2207179d55228ed0cd403c1ba3eb95e17a8108d1
n060-set04	family	high	wide	20	2	instances/data/n060-set04/family/high-heterogeneous/wide/m2.dat	554.150000000	554.633333333	0.483333333	1108	890	0	0	158.726315789	742.689166667	facc7b65fd9131e859fbbeea41ee99c9c59030e3185f969f76adf4fb2616d6a7
n060-set04	family	high	wide	20	3	instances/data/n060-set04/family/high-heterogeneous/wide/m3.dat	554.150000000	554.633333333	0.483333333	1108	890	0	0	158.726315789	742.689166667	facc7b65fd9131e859fbbeea41ee99c9c59030e3185f969f76adf4fb2616d6a7
n060-set04	family	high	wide	20	4	instances/data/n060-set04/family/high-heterogeneous/wide/m4.dat	554.150000000	554.633333333	0.483333333	1108	890	0	0	158.726315789	742.689166667	facc7b65fd9131e859fbbeea41ee99c9c59030e3185f969f76adf4fb2616d6a7
n060-set05	family	base	zero	1	2	instances/data/n060-set05/family/base/zero/m2.dat	27.975000000	27.974293785	-0.000706215	55	45	0	0	7.899122807	37.510000000	f7bc792cab4a1a8075f5b01c1ee944d5ac4ad8cbd296d071d86a8259f2a563f2
n060-set05	family	base	zero	1	3	instances/data/n060-set05/family/base/zero/m3.dat	27.975000000	27.974293785	-0.000706215	55	45	0	0	7.899122807	37.510000000	f7bc792cab4a1a8075f5b01c1ee944d5ac4ad8cbd296d071d86a8259f2a563f2
n060-set05	family	base	zero	1	4	instances/data/n060-set05/family/base/zero/m4.dat	27.975000000	27.974293785	-0.000706215	55	45	0	0	7.899122807	37.510000000	f7bc792cab4a1a8075f5b01c1ee944d5ac4ad8cbd296d071d86a8259f2a563f2
n060-set05	family	base	narrow	1	2	instances/data/n060-set05/family/base/narrow/m2.dat	27.975000000	27.974293785	-0.000706215	55	45	0	0	7.899122807	37.510000000	90ed2232982be1dd001bd97addee9a13254df37db73eb9ae38a690976f157f67
n060-set05	family	base	narrow	1	3	instances/data/n060-set05/family/base/narrow/m3.dat	27.975000000	27.974293785	-0.000706215	55	45	0	0	7.899122807	37.510000000	90ed2232982be1dd001bd97addee9a13254df37db73eb9ae38a690976f157f67
n060-set05	family	base	narrow	1	4	instances/data/n060-set05/family/base/narrow/m4.dat	27.975000000	27.974293785	-0.000706215	55	45	0	0	7.899122807	37.510000000	90ed2232982be1dd001bd97addee9a13254df37db73eb9ae38a690976f157f67
n060-set05	family	base	wide	1	2	instances/data/n060-set05/family/base/wide/m2.dat	27.975000000	27.974293785	-0.000706215	55	45	0	0	7.899122807	37.510000000	72dbf85cfd5c34a97a5925b95a8c3d60355136e5f8a36e2f548735506711a50f
n060-set05	family	base	wide	1	3	instances/data/n060-set05/family/base/wide/m3.dat	27.975000000	27.974293785	-0.000706215	55	45	0	0	7.899122807	37.510000000	72dbf85cfd5c34a97a5925b95a8c3d60355136e5f8a36e2f548735506711a50f
n060-set05	family	base	wide	1	4	instances/data/n060-set05/family/base/wide/m4.dat	27.975000000	27.974293785	-0.000706215	55	45	0	0	7.899122807	37.510000000	72dbf85cfd5c34a97a5925b95a8c3d60355136e5f8a36e2f548735506711a50f
n060-set05	family	medium	zero	10	2	instances/data/n060-set05/family/medium-heterogeneous/zero/m2.dat	257.283333333	257.772033898	0.488700565	514	414	0	0	73.107017544	345.487916667	8dd430c27b21e48d49beddfee42bcb33d993d852d6aca7443c9d65110e9abfa8
n060-set05	family	medium	zero	10	3	instances/data/n060-set05/family/medium-heterogeneous/zero/m3.dat	257.283333333	257.772033898	0.488700565	514	414	0	0	73.107017544	345.487916667	8dd430c27b21e48d49beddfee42bcb33d993d852d6aca7443c9d65110e9abfa8
n060-set05	family	medium	zero	10	4	instances/data/n060-set05/family/medium-heterogeneous/zero/m4.dat	257.283333333	257.772033898	0.488700565	514	414	0	0	73.107017544	345.487916667	8dd430c27b21e48d49beddfee42bcb33d993d852d6aca7443c9d65110e9abfa8
n060-set05	family	medium	narrow	10	2	instances/data/n060-set05/family/medium-heterogeneous/narrow/m2.dat	257.283333333	257.772033898	0.488700565	514	414	0	0	73.107017544	345.487916667	8457f484ac35f193a763e1f6a8c07ef567197ca53f0b60c58184bfaa43cc7883
n060-set05	family	medium	narrow	10	3	instances/data/n060-set05/family/medium-heterogeneous/narrow/m3.dat	257.283333333	257.772033898	0.488700565	514	414	0	0	73.107017544	345.487916667	8457f484ac35f193a763e1f6a8c07ef567197ca53f0b60c58184bfaa43cc7883
n060-set05	family	medium	narrow	10	4	instances/data/n060-set05/family/medium-heterogeneous/narrow/m4.dat	257.283333333	257.772033898	0.488700565	514	414	0	0	73.107017544	345.487916667	8457f484ac35f193a763e1f6a8c07ef567197ca53f0b60c58184bfaa43cc7883
n060-set05	family	medium	wide	10	2	instances/data/n060-set05/family/medium-heterogeneous/wide/m2.dat	257.283333333	257.772033898	0.488700565	514	414	0	0	73.107017544	345.487916667	f9ad48dd1f2f5f71413b6661d35f1614b2a23e642dbd1e7a5423b5872f64d27f
n060-set05	family	medium	wide	10	3	instances/data/n060-set05/family/medium-heterogeneous/wide/m3.dat	257.283333333	257.772033898	0.488700565	514	414	0	0	73.107017544	345.487916667	f9ad48dd1f2f5f71413b6661d35f1614b2a23e642dbd1e7a5423b5872f64d27f
n060-set05	family	medium	wide	10	4	instances/data/n060-set05/family/medium-heterogeneous/wide/m4.dat	257.283333333	257.772033898	0.488700565	514	414	0	0	73.107017544	345.487916667	f9ad48dd1f2f5f71413b6661d35f1614b2a23e642dbd1e7a5423b5872f64d27f
n060-set05	family	high	zero	20	2	instances/data/n060-set05/family/high-heterogeneous/zero/m2.dat	562.208333333	562.606779661	0.398446328	1124	905	0	0	159.166666667	754.240833333	c9974479a7bcb46aa81b5c5d382b0b71e370a7d5f6a5593ccaf40ae3c2d953dc
n060-set05	family	high	zero	20	3	instances/data/n060-set05/family/high-heterogeneous/zero/m3.dat	562.208333333	562.606779661	0.398446328	1124	905	0	0	159.166666667	754.240833333	c9974479a7bcb46aa81b5c5d382b0b71e370a7d5f6a5593ccaf40ae3c2d953dc
n060-set05	family	high	zero	20	4	instances/data/n060-set05/family/high-heterogeneous/zero/m4.dat	562.208333333	562.606779661	0.398446328	1124	905	0	0	159.166666667	754.240833333	c9974479a7bcb46aa81b5c5d382b0b71e370a7d5f6a5593ccaf40ae3c2d953dc
n060-set05	family	high	narrow	20	2	instances/data/n060-set05/family/high-heterogeneous/narrow/m2.dat	562.208333333	562.606779661	0.398446328	1124	905	0	0	159.166666667	754.240833333	e2d5a13264629d145bcfc93678b1b1636be08a5b6b30530982ba658ca6b0344c
n060-set05	family	high	narrow	20	3	instances/data/n060-set05/family/high-heterogeneous/narrow/m3.dat	562.208333333	562.606779661	0.398446328	1124	905	0	0	159.166666667	754.240833333	e2d5a13264629d145bcfc93678b1b1636be08a5b6b30530982ba658ca6b0344c
n060-set05	family	high	narrow	20	4	instances/data/n060-set05/family/high-heterogeneous/narrow/m4.dat	562.208333333	562.606779661	0.398446328	1124	905	0	0	159.166666667	754.240833333	e2d5a13264629d145bcfc93678b1b1636be08a5b6b30530982ba658ca6b0344c
n060-set05	family	high	wide	20	2	instances/data/n060-set05/family/high-heterogeneous/wide/m2.dat	562.208333333	562.606779661	0.398446328	1124	905	0	0	159.166666667	754.240833333	55071ef30feeb777238dd7bb4e317a598db458b2cf4abdf12c8c868ae6c58571
n060-set05	family	high	wide	20	3	instances/data/n060-set05/family/high-heterogeneous/wide/m3.dat	562.208333333	562.606779661	0.398446328	1124	905	0	0	159.166666667	754.240833333	55071ef30feeb777238dd7bb4e317a598db458b2cf4abdf12c8c868ae6c58571
n060-set05	family	high	wide	20	4	instances/data/n060-set05/family/high-heterogeneous/wide/m4.dat	562.208333333	562.606779661	0.398446328	1124	905	0	0	159.166666667	754.240833333	55071ef30feeb777238dd7bb4e317a598db458b2cf4abdf12c8c868ae6c58571
n080-set01	family	base	zero	1	3	instances/data/n080-set01/family/base/zero/m3.dat	27.737500000	27.731962025	-0.005537975	55	41	0	0	7.261842105	34.214166667	064ab0c8c22c591d77cd40f53bdce6828623cc45f4208da6241e36dbbfb8bb8b
n080-set01	family	base	zero	1	4	instances/data/n080-set01/family/base/zero/m4.dat	27.737500000	27.731962025	-0.005537975	55	41	0	0	7.261842105	34.214166667	064ab0c8c22c591d77cd40f53bdce6828623cc45f4208da6241e36dbbfb8bb8b
n080-set01	family	base	zero	1	5	instances/data/n080-set01/family/base/zero/m5.dat	27.737500000	27.731962025	-0.005537975	55	41	0	0	7.261842105	34.214166667	064ab0c8c22c591d77cd40f53bdce6828623cc45f4208da6241e36dbbfb8bb8b
n080-set01	family	base	narrow	1	3	instances/data/n080-set01/family/base/narrow/m3.dat	27.737500000	27.731962025	-0.005537975	55	41	0	0	7.261842105	34.214166667	c32246b0f8f00e55a896301b41cebdc62aecf2f400d1490439b2d5eec3ef2218
n080-set01	family	base	narrow	1	4	instances/data/n080-set01/family/base/narrow/m4.dat	27.737500000	27.731962025	-0.005537975	55	41	0	0	7.261842105	34.214166667	c32246b0f8f00e55a896301b41cebdc62aecf2f400d1490439b2d5eec3ef2218
n080-set01	family	base	narrow	1	5	instances/data/n080-set01/family/base/narrow/m5.dat	27.737500000	27.731962025	-0.005537975	55	41	0	0	7.261842105	34.214166667	c32246b0f8f00e55a896301b41cebdc62aecf2f400d1490439b2d5eec3ef2218
n080-set01	family	base	wide	1	3	instances/data/n080-set01/family/base/wide/m3.dat	27.737500000	27.731962025	-0.005537975	55	41	0	0	7.261842105	34.214166667	66ead2df5ed82d6d73e358ff51ef28d387d323eaea50c8dd0f3024bce53f333d
n080-set01	family	base	wide	1	4	instances/data/n080-set01/family/base/wide/m4.dat	27.737500000	27.731962025	-0.005537975	55	41	0	0	7.261842105	34.214166667	66ead2df5ed82d6d73e358ff51ef28d387d323eaea50c8dd0f3024bce53f333d
n080-set01	family	base	wide	1	5	instances/data/n080-set01/family/base/wide/m5.dat	27.737500000	27.731962025	-0.005537975	55	41	0	0	7.261842105	34.214166667	66ead2df5ed82d6d73e358ff51ef28d387d323eaea50c8dd0f3024bce53f333d
n080-set01	family	medium	zero	10	3	instances/data/n080-set01/family/medium-heterogeneous/zero/m3.dat	277.056250000	277.319620253	0.263370253	554	410	0	0	72.618421053	342.141666667	491320d73b52930a06de8bbd301ee8599a850f186838c6c32bc6676f7e48f506
n080-set01	family	medium	zero	10	4	instances/data/n080-set01/family/medium-heterogeneous/zero/m4.dat	277.056250000	277.319620253	0.263370253	554	410	0	0	72.618421053	342.141666667	491320d73b52930a06de8bbd301ee8599a850f186838c6c32bc6676f7e48f506
n080-set01	family	medium	zero	10	5	instances/data/n080-set01/family/medium-heterogeneous/zero/m5.dat	277.056250000	277.319620253	0.263370253	554	410	0	0	72.618421053	342.141666667	491320d73b52930a06de8bbd301ee8599a850f186838c6c32bc6676f7e48f506
n080-set01	family	medium	narrow	10	3	instances/data/n080-set01/family/medium-heterogeneous/narrow/m3.dat	277.056250000	277.319620253	0.263370253	554	410	0	0	72.618421053	342.141666667	1235d7f49e220b157563deb4634b0693abff9d31a73ef88a87ab98000dbc66db
n080-set01	family	medium	narrow	10	4	instances/data/n080-set01/family/medium-heterogeneous/narrow/m4.dat	277.056250000	277.319620253	0.263370253	554	410	0	0	72.618421053	342.141666667	1235d7f49e220b157563deb4634b0693abff9d31a73ef88a87ab98000dbc66db
n080-set01	family	medium	narrow	10	5	instances/data/n080-set01/family/medium-heterogeneous/narrow/m5.dat	277.056250000	277.319620253	0.263370253	554	410	0	0	72.618421053	342.141666667	1235d7f49e220b157563deb4634b0693abff9d31a73ef88a87ab98000dbc66db
n080-set01	family	medium	wide	10	3	instances/data/n080-set01/family/medium-heterogeneous/wide/m3.dat	277.056250000	277.319620253	0.263370253	554	410	0	0	72.618421053	342.141666667	cfbfb76ca2f1d0e7cf7a58cd931e1605c82cc6948800de4e344c224699ad95a7
n080-set01	family	medium	wide	10	4	instances/data/n080-set01/family/medium-heterogeneous/wide/m4.dat	277.056250000	277.319620253	0.263370253	554	410	0	0	72.618421053	342.141666667	cfbfb76ca2f1d0e7cf7a58cd931e1605c82cc6948800de4e344c224699ad95a7
n080-set01	family	medium	wide	10	5	instances/data/n080-set01/family/medium-heterogeneous/wide/m5.dat	277.056250000	277.319620253	0.263370253	554	410	0	0	72.618421053	342.141666667	cfbfb76ca2f1d0e7cf7a58cd931e1605c82cc6948800de4e344c224699ad95a7
n080-set01	family	high	zero	20	3	instances/data/n080-set01/family/high-heterogeneous/zero/m3.dat	540.131250000	540.594462025	0.463212025	1080	799	0	0	141.861184211	666.860000000	d70a1a460ecaa2a241b6a802b14a3add348d4a5f4329a14e4002b7714ce52b5f
n080-set01	family	high	zero	20	4	instances/data/n080-set01/family/high-heterogeneous/zero/m4.dat	540.131250000	540.594462025	0.463212025	1080	799	0	0	141.861184211	666.860000000	d70a1a460ecaa2a241b6a802b14a3add348d4a5f4329a14e4002b7714ce52b5f
n080-set01	family	high	zero	20	5	instances/data/n080-set01/family/high-heterogeneous/zero/m5.dat	540.131250000	540.594462025	0.463212025	1080	799	0	0	141.861184211	666.860000000	d70a1a460ecaa2a241b6a802b14a3add348d4a5f4329a14e4002b7714ce52b5f
n080-set01	family	high	narrow	20	3	instances/data/n080-set01/family/high-heterogeneous/narrow/m3.dat	540.131250000	540.594462025	0.463212025	1080	799	0	0	141.861184211	666.860000000	d2c8740c2a193232345179417fb37c3902e44404b0786d7dee6701ce19dde783
n080-set01	family	high	narrow	20	4	instances/data/n080-set01/family/high-heterogeneous/narrow/m4.dat	540.131250000	540.594462025	0.463212025	1080	799	0	0	141.861184211	666.860000000	d2c8740c2a193232345179417fb37c3902e44404b0786d7dee6701ce19dde783
n080-set01	family	high	narrow	20	5	instances/data/n080-set01/family/high-heterogeneous/narrow/m5.dat	540.131250000	540.594462025	0.463212025	1080	799	0	0	141.861184211	666.860000000	d2c8740c2a193232345179417fb37c3902e44404b0786d7dee6701ce19dde783
n080-set01	family	high	wide	20	3	instances/data/n080-set01/family/high-heterogeneous/wide/m3.dat	540.131250000	540.594462025	0.463212025	1080	799	0	0	141.861184211	666.860000000	8c50209f1bbdf6373fccfac7b4c722cfbf15f59ff37fc4d50297e297585cc7d2
n080-set01	family	high	wide	20	4	instances/data/n080-set01/family/high-heterogeneous/wide/m4.dat	540.131250000	540.594462025	0.463212025	1080	799	0	0	141.861184211	666.860000000	8c50209f1bbdf6373fccfac7b4c722cfbf15f59ff37fc4d50297e297585cc7d2
n080-set01	family	high	wide	20	5	instances/data/n080-set01/family/high-heterogeneous/wide/m5.dat	540.131250000	540.594462025	0.463212025	1080	799	0	0	141.861184211	666.860000000	8c50209f1bbdf6373fccfac7b4c722cfbf15f59ff37fc4d50297e297585cc7d2
n080-set02	family	base	zero	1	3	instances/data/n080-set02/family/base/zero/m3.dat	26.318750000	26.315031646	-0.003718354	52	39	0	0	6.951315789	32.446875000	854dbf3a183ee644ae315dac0bd7cb75f16fd093f576fca1c9f9250c1fd56913
n080-set02	family	base	zero	1	4	instances/data/n080-set02/family/base/zero/m4.dat	26.318750000	26.315031646	-0.003718354	52	39	0	0	6.951315789	32.446875000	854dbf3a183ee644ae315dac0bd7cb75f16fd093f576fca1c9f9250c1fd56913
n080-set02	family	base	zero	1	5	instances/data/n080-set02/family/base/zero/m5.dat	26.318750000	26.315031646	-0.003718354	52	39	0	0	6.951315789	32.446875000	854dbf3a183ee644ae315dac0bd7cb75f16fd093f576fca1c9f9250c1fd56913
n080-set02	family	base	narrow	1	3	instances/data/n080-set02/family/base/narrow/m3.dat	26.318750000	26.315031646	-0.003718354	52	39	0	0	6.951315789	32.446875000	e5ed2192b19550d3771da355918184db0e2bade9f55926ace2ef60f74e27c986
n080-set02	family	base	narrow	1	4	instances/data/n080-set02/family/base/narrow/m4.dat	26.318750000	26.315031646	-0.003718354	52	39	0	0	6.951315789	32.446875000	e5ed2192b19550d3771da355918184db0e2bade9f55926ace2ef60f74e27c986
n080-set02	family	base	narrow	1	5	instances/data/n080-set02/family/base/narrow/m5.dat	26.318750000	26.315031646	-0.003718354	52	39	0	0	6.951315789	32.446875000	e5ed2192b19550d3771da355918184db0e2bade9f55926ace2ef60f74e27c986
n080-set02	family	base	wide	1	3	instances/data/n080-set02/family/base/wide/m3.dat	26.318750000	26.315031646	-0.003718354	52	39	0	0	6.951315789	32.446875000	4b3feead3629704bcc9bef28bf2b9c28da025bb5d0304ec853bd264f03f7b363
n080-set02	family	base	wide	1	4	instances/data/n080-set02/family/base/wide/m4.dat	26.318750000	26.315031646	-0.003718354	52	39	0	0	6.951315789	32.446875000	4b3feead3629704bcc9bef28bf2b9c28da025bb5d0304ec853bd264f03f7b363
n080-set02	family	base	wide	1	5	instances/data/n080-set02/family/base/wide/m5.dat	26.318750000	26.315031646	-0.003718354	52	39	0	0	6.951315789	32.446875000	4b3feead3629704bcc9bef28bf2b9c28da025bb5d0304ec853bd264f03f7b363
n080-set02	family	medium	zero	10	3	instances/data/n080-set02/family/medium-heterogeneous/zero/m3.dat	279.181250000	279.686708861	0.505458861	558	414	0	0	74.268421053	344.735833333	a5d17bd0e89b05e3245263cdd38119ce3e72cc9f6a85f0cb228c7e3cc47fd907
n080-set02	family	medium	zero	10	4	instances/data/n080-set02/family/medium-heterogeneous/zero/m4.dat	279.181250000	279.686708861	0.505458861	558	414	0	0	74.268421053	344.735833333	a5d17bd0e89b05e3245263cdd38119ce3e72cc9f6a85f0cb228c7e3cc47fd907
n080-set02	family	medium	zero	10	5	instances/data/n080-set02/family/medium-heterogeneous/zero/m5.dat	279.181250000	279.686708861	0.505458861	558	414	0	0	74.268421053	344.735833333	a5d17bd0e89b05e3245263cdd38119ce3e72cc9f6a85f0cb228c7e3cc47fd907
n080-set02	family	medium	narrow	10	3	instances/data/n080-set02/family/medium-heterogeneous/narrow/m3.dat	279.181250000	279.686708861	0.505458861	558	414	0	0	74.268421053	344.735833333	a5edced8e4a4039c1164723d51cd5fd0ee75a968d52b0f4256856f861b6bfb03
n080-set02	family	medium	narrow	10	4	instances/data/n080-set02/family/medium-heterogeneous/narrow/m4.dat	279.181250000	279.686708861	0.505458861	558	414	0	0	74.268421053	344.735833333	a5edced8e4a4039c1164723d51cd5fd0ee75a968d52b0f4256856f861b6bfb03
n080-set02	family	medium	narrow	10	5	instances/data/n080-set02/family/medium-heterogeneous/narrow/m5.dat	279.181250000	279.686708861	0.505458861	558	414	0	0	74.268421053	344.735833333	a5edced8e4a4039c1164723d51cd5fd0ee75a968d52b0f4256856f861b6bfb03
n080-set02	family	medium	wide	10	3	instances/data/n080-set02/family/medium-heterogeneous/wide/m3.dat	279.181250000	279.686708861	0.505458861	558	414	0	0	74.268421053	344.735833333	b95ff59682a4b0acd876cc4b8bf3caf72805f7711dfdfae64a00944b64f2c15a
n080-set02	family	medium	wide	10	4	instances/data/n080-set02/family/medium-heterogeneous/wide/m4.dat	279.181250000	279.686708861	0.505458861	558	414	0	0	74.268421053	344.735833333	b95ff59682a4b0acd876cc4b8bf3caf72805f7711dfdfae64a00944b64f2c15a
n080-set02	family	medium	wide	10	5	instances/data/n080-set02/family/medium-heterogeneous/wide/m5.dat	279.181250000	279.686708861	0.505458861	558	414	0	0	74.268421053	344.735833333	b95ff59682a4b0acd876cc4b8bf3caf72805f7711dfdfae64a00944b64f2c15a
n080-set02	family	high	zero	20	3	instances/data/n080-set02/family/high-heterogeneous/zero/m3.dat	520.968750000	521.454113924	0.485363924	1041	772	0	0	138.052631579	642.864583333	1f017759c8da058595047d5be4e8b57d84290edbf6bb84a70bb9cd3d1fa2c9ea
n080-set02	family	high	zero	20	4	instances/data/n080-set02/family/high-heterogeneous/zero/m4.dat	520.968750000	521.454113924	0.485363924	1041	772	0	0	138.052631579	642.864583333	1f017759c8da058595047d5be4e8b57d84290edbf6bb84a70bb9cd3d1fa2c9ea
n080-set02	family	high	zero	20	5	instances/data/n080-set02/family/high-heterogeneous/zero/m5.dat	520.968750000	521.454113924	0.485363924	1041	772	0	0	138.052631579	642.864583333	1f017759c8da058595047d5be4e8b57d84290edbf6bb84a70bb9cd3d1fa2c9ea
n080-set02	family	high	narrow	20	3	instances/data/n080-set02/family/high-heterogeneous/narrow/m3.dat	520.968750000	521.454113924	0.485363924	1041	772	0	0	138.052631579	642.864583333	10aae8134c6bbb17687610229b948c6bbfcdb3a305bf3709b27f6840f70b865a
n080-set02	family	high	narrow	20	4	instances/data/n080-set02/family/high-heterogeneous/narrow/m4.dat	520.968750000	521.454113924	0.485363924	1041	772	0	0	138.052631579	642.864583333	10aae8134c6bbb17687610229b948c6bbfcdb3a305bf3709b27f6840f70b865a
n080-set02	family	high	narrow	20	5	instances/data/n080-set02/family/high-heterogeneous/narrow/m5.dat	520.968750000	521.454113924	0.485363924	1041	772	0	0	138.052631579	642.864583333	10aae8134c6bbb17687610229b948c6bbfcdb3a305bf3709b27f6840f70b865a
n080-set02	family	high	wide	20	3	instances/data/n080-set02/family/high-heterogeneous/wide/m3.dat	520.968750000	521.454113924	0.485363924	1041	772	0	0	138.052631579	642.864583333	8c9642e8118681185f03a0966f57875e3b1dda7f063fdc0c5850e1488ae256fb
n080-set02	family	high	wide	20	4	instances/data/n080-set02/family/high-heterogeneous/wide/m4.dat	520.968750000	521.454113924	0.485363924	1041	772	0	0	138.052631579	642.864583333	8c9642e8118681185f03a0966f57875e3b1dda7f063fdc0c5850e1488ae256fb
n080-set02	family	high	wide	20	5	instances/data/n080-set02/family/high-heterogeneous/wide/m5.dat	520.968750000	521.454113924	0.485363924	1041	772	0	0	138.052631579	642.864583333	8c9642e8118681185f03a0966f57875e3b1dda7f063fdc0c5850e1488ae256fb
n080-set03	family	base	zero	1	3	instances/data/n080-set03/family/base/zero/m3.dat	26.650000000	26.648575949	-0.001424051	53	39	0	0	7.055921053	32.852916667	cc8be216474ce73d3d1c98805b9afbc2b0c7c3a7f45f912223530880f14471a4
n080-set03	family	base	zero	1	4	instances/data/n080-set03/family/base/zero/m4.dat	26.650000000	26.648575949	-0.001424051	53	39	0	0	7.055921053	32.852916667	cc8be216474ce73d3d1c98805b9afbc2b0c7c3a7f45f912223530880f14471a4
n080-set03	family	base	zero	1	5	instances/data/n080-set03/family/base/zero/m5.dat	26.650000000	26.648575949	-0.001424051	53	39	0	0	7.055921053	32.852916667	cc8be216474ce73d3d1c98805b9afbc2b0c7c3a7f45f912223530880f14471a4
n080-set03	family	base	narrow	1	3	instances/data/n080-set03/family/base/narrow/m3.dat	26.650000000	26.648575949	-0.001424051	53	39	0	0	7.055921053	32.852916667	bd229826bb4d0137bee05bab7325509070f2d07e87bd56772d4a5c43e17b4387
n080-set03	family	base	narrow	1	4	instances/data/n080-set03/family/base/narrow/m4.dat	26.650000000	26.648575949	-0.001424051	53	39	0	0	7.055921053	32.852916667	bd229826bb4d0137bee05bab7325509070f2d07e87bd56772d4a5c43e17b4387
n080-set03	family	base	narrow	1	5	instances/data/n080-set03/family/base/narrow/m5.dat	26.650000000	26.648575949	-0.001424051	53	39	0	0	7.055921053	32.852916667	bd229826bb4d0137bee05bab7325509070f2d07e87bd56772d4a5c43e17b4387
n080-set03	family	base	wide	1	3	instances/data/n080-set03/family/base/wide/m3.dat	26.650000000	26.648575949	-0.001424051	53	39	0	0	7.055921053	32.852916667	f745eecaa3934656cd2da6c65cac95556f258cc69409ddca6ba39216a40b2448
n080-set03	family	base	wide	1	4	instances/data/n080-set03/family/base/wide/m4.dat	26.650000000	26.648575949	-0.001424051	53	39	0	0	7.055921053	32.852916667	f745eecaa3934656cd2da6c65cac95556f258cc69409ddca6ba39216a40b2448
n080-set03	family	base	wide	1	5	instances/data/n080-set03/family/base/wide/m5.dat	26.650000000	26.648575949	-0.001424051	53	39	0	0	7.055921053	32.852916667	f745eecaa3934656cd2da6c65cac95556f258cc69409ddca6ba39216a40b2448
n080-set03	family	medium	zero	10	3	instances/data/n080-set03/family/medium-heterogeneous/zero/m3.dat	259.887500000	260.460284810	0.572784810	519	381	0	0	69.417105263	320.957291667	39164a1bf8b662f6b4839f92c54ff9d8a522ede1ffd1813f19c90580b55b2f02
n080-set03	family	medium	zero	10	4	instances/data/n080-set03/family/medium-heterogeneous/zero/m4.dat	259.887500000	260.460284810	0.572784810	519	381	0	0	69.417105263	320.957291667	39164a1bf8b662f6b4839f92c54ff9d8a522ede1ffd1813f19c90580b55b2f02
n080-set03	family	medium	zero	10	5	instances/data/n080-set03/family/medium-heterogeneous/zero/m5.dat	259.887500000	260.460284810	0.572784810	519	381	0	0	69.417105263	320.957291667	39164a1bf8b662f6b4839f92c54ff9d8a522ede1ffd1813f19c90580b55b2f02
n080-set03	family	medium	narrow	10	3	instances/data/n080-set03/family/medium-heterogeneous/narrow/m3.dat	259.887500000	260.460284810	0.572784810	519	381	0	0	69.417105263	320.957291667	4f31dacb781755d6b0592db2d4a14593136ed0211db3f7bb74f2ef028b4b571d
n080-set03	family	medium	narrow	10	4	instances/data/n080-set03/family/medium-heterogeneous/narrow/m4.dat	259.887500000	260.460284810	0.572784810	519	381	0	0	69.417105263	320.957291667	4f31dacb781755d6b0592db2d4a14593136ed0211db3f7bb74f2ef028b4b571d
n080-set03	family	medium	narrow	10	5	instances/data/n080-set03/family/medium-heterogeneous/narrow/m5.dat	259.887500000	260.460284810	0.572784810	519	381	0	0	69.417105263	320.957291667	4f31dacb781755d6b0592db2d4a14593136ed0211db3f7bb74f2ef028b4b571d
n080-set03	family	medium	wide	10	3	instances/data/n080-set03/family/medium-heterogeneous/wide/m3.dat	259.887500000	260.460284810	0.572784810	519	381	0	0	69.417105263	320.957291667	9d6b23f136b3be1be51574717448bb81d9b0451450dcc3f01d7e63f3fee3c2ad
n080-set03	family	medium	wide	10	4	instances/data/n080-set03/family/medium-heterogeneous/wide/m4.dat	259.887500000	260.460284810	0.572784810	519	381	0	0	69.417105263	320.957291667	9d6b23f136b3be1be51574717448bb81d9b0451450dcc3f01d7e63f3fee3c2ad
n080-set03	family	medium	wide	10	5	instances/data/n080-set03/family/medium-heterogeneous/wide/m5.dat	259.887500000	260.460284810	0.572784810	519	381	0	0	69.417105263	320.957291667	9d6b23f136b3be1be51574717448bb81d9b0451450dcc3f01d7e63f3fee3c2ad
n080-set03	family	high	zero	20	3	instances/data/n080-set03/family/high-heterogeneous/zero/m3.dat	531.162500000	531.500632911	0.338132911	1062	778	0	0	141.118421053	655.121666667	883d82a5379bd093412c320c3e809555de06e6cbf93bbe09ac6bc4f05183d5ae
n080-set03	family	high	zero	20	4	instances/data/n080-set03/family/high-heterogeneous/zero/m4.dat	531.162500000	531.500632911	0.338132911	1062	778	0	0	141.118421053	655.121666667	883d82a5379bd093412c320c3e809555de06e6cbf93bbe09ac6bc4f05183d5ae
n080-set03	family	high	zero	20	5	instances/data/n080-set03/family/high-heterogeneous/zero/m5.dat	531.162500000	531.500632911	0.338132911	1062	778	0	0	141.118421053	655.121666667	883d82a5379bd093412c320c3e809555de06e6cbf93bbe09ac6bc4f05183d5ae
n080-set03	family	high	narrow	20	3	instances/data/n080-set03/family/high-heterogeneous/narrow/m3.dat	531.162500000	531.500632911	0.338132911	1062	778	0	0	141.118421053	655.121666667	7b3df5546dd4554a5169181dc4560c50736bd99184f34230495f6d32301338e5
n080-set03	family	high	narrow	20	4	instances/data/n080-set03/family/high-heterogeneous/narrow/m4.dat	531.162500000	531.500632911	0.338132911	1062	778	0	0	141.118421053	655.121666667	7b3df5546dd4554a5169181dc4560c50736bd99184f34230495f6d32301338e5
n080-set03	family	high	narrow	20	5	instances/data/n080-set03/family/high-heterogeneous/narrow/m5.dat	531.162500000	531.500632911	0.338132911	1062	778	0	0	141.118421053	655.121666667	7b3df5546dd4554a5169181dc4560c50736bd99184f34230495f6d32301338e5
n080-set03	family	high	wide	20	3	instances/data/n080-set03/family/high-heterogeneous/wide/m3.dat	531.162500000	531.500632911	0.338132911	1062	778	0	0	141.118421053	655.121666667	6628ffe5d71eea2d08638204a144a8613e292b494bac29ad8c91503a34c1cba5
n080-set03	family	high	wide	20	4	instances/data/n080-set03/family/high-heterogeneous/wide/m4.dat	531.162500000	531.500632911	0.338132911	1062	778	0	0	141.118421053	655.121666667	6628ffe5d71eea2d08638204a144a8613e292b494bac29ad8c91503a34c1cba5
n080-set03	family	high	wide	20	5	instances/data/n080-set03/family/high-heterogeneous/wide/m5.dat	531.162500000	531.500632911	0.338132911	1062	778	0	0	141.118421053	655.121666667	6628ffe5d71eea2d08638204a144a8613e292b494bac29ad8c91503a34c1cba5
n080-set04	family	base	zero	1	3	instances/data/n080-set04/family/base/zero/m3.dat	25.612500000	25.609018987	-0.003481013	51	38	0	0	6.755921053	31.579166667	949fbe1250b320d4f93976179fdf53a090c0b0a24eb9f22dab9e9dcd2dd8d556
n080-set04	family	base	zero	1	4	instances/data/n080-set04/family/base/zero/m4.dat	25.612500000	25.609018987	-0.003481013	51	38	0	0	6.755921053	31.579166667	949fbe1250b320d4f93976179fdf53a090c0b0a24eb9f22dab9e9dcd2dd8d556
n080-set04	family	base	zero	1	5	instances/data/n080-set04/family/base/zero/m5.dat	25.612500000	25.609018987	-0.003481013	51	38	0	0	6.755921053	31.579166667	949fbe1250b320d4f93976179fdf53a090c0b0a24eb9f22dab9e9dcd2dd8d556
n080-set04	family	base	narrow	1	3	instances/data/n080-set04/family/base/narrow/m3.dat	25.612500000	25.609018987	-0.003481013	51	38	0	0	6.755921053	31.579166667	9b00026689d0e8738d51ad44b4065960f8b4ee9b4c7f8462c6a2df9322b4b021
n080-set04	family	base	narrow	1	4	instances/data/n080-set04/family/base/narrow/m4.dat	25.612500000	25.609018987	-0.003481013	51	38	0	0	6.755921053	31.579166667	9b00026689d0e8738d51ad44b4065960f8b4ee9b4c7f8462c6a2df9322b4b021
n080-set04	family	base	narrow	1	5	instances/data/n080-set04/family/base/narrow/m5.dat	25.612500000	25.609018987	-0.003481013	51	38	0	0	6.755921053	31.579166667	9b00026689d0e8738d51ad44b4065960f8b4ee9b4c7f8462c6a2df9322b4b021
n080-set04	family	base	wide	1	3	instances/data/n080-set04/family/base/wide/m3.dat	25.612500000	25.609018987	-0.003481013	51	38	0	0	6.755921053	31.579166667	485e86c3b0d165f377c2e4070e3e19d04b4cc5fd2f6b1dd2ab9a584e9eb57b0c
n080-set04	family	base	wide	1	4	instances/data/n080-set04/family/base/wide/m4.dat	25.612500000	25.609018987	-0.003481013	51	38	0	0	6.755921053	31.579166667	485e86c3b0d165f377c2e4070e3e19d04b4cc5fd2f6b1dd2ab9a584e9eb57b0c
n080-set04	family	base	wide	1	5	instances/data/n080-set04/family/base/wide/m5.dat	25.612500000	25.609018987	-0.003481013	51	38	0	0	6.755921053	31.579166667	485e86c3b0d165f377c2e4070e3e19d04b4cc5fd2f6b1dd2ab9a584e9eb57b0c
n080-set04	family	medium	zero	10	3	instances/data/n080-set04/family/medium-heterogeneous/zero/m3.dat	254.481250000	254.939398734	0.458148734	508	378	0	0	67.559210526	314.276458333	504834eed01979bd6bc371b641e7373534df943a295e736c51f010b66fd87491
n080-set04	family	medium	zero	10	4	instances/data/n080-set04/family/medium-heterogeneous/zero/m4.dat	254.481250000	254.939398734	0.458148734	508	378	0	0	67.559210526	314.276458333	504834eed01979bd6bc371b641e7373534df943a295e736c51f010b66fd87491
n080-set04	family	medium	zero	10	5	instances/data/n080-set04/family/medium-heterogeneous/zero/m5.dat	254.481250000	254.939398734	0.458148734	508	378	0	0	67.559210526	314.276458333	504834eed01979bd6bc371b641e7373534df943a295e736c51f010b66fd87491
n080-set04	family	medium	narrow	10	3	instances/data/n080-set04/family/medium-heterogeneous/narrow/m3.dat	254.481250000	254.939398734	0.458148734	508	378	0	0	67.559210526	314.276458333	234a9d6fb58544aa32528f3c58873873cfe94b3b06e7d0867c4e1e496257391b
n080-set04	family	medium	narrow	10	4	instances/data/n080-set04/family/medium-heterogeneous/narrow/m4.dat	254.481250000	254.939398734	0.458148734	508	378	0	0	67.559210526	314.276458333	234a9d6fb58544aa32528f3c58873873cfe94b3b06e7d0867c4e1e496257391b
n080-set04	family	medium	narrow	10	5	instances/data/n080-set04/family/medium-heterogeneous/narrow/m5.dat	254.481250000	254.939398734	0.458148734	508	378	0	0	67.559210526	314.276458333	234a9d6fb58544aa32528f3c58873873cfe94b3b06e7d0867c4e1e496257391b
n080-set04	family	medium	wide	10	3	instances/data/n080-set04/family/medium-heterogeneous/wide/m3.dat	254.481250000	254.939398734	0.458148734	508	378	0	0	67.559210526	314.276458333	9372ef11602e6d4e1629f724e7334b68fd68d2c2f88582ff5d1df3b8907a4936
n080-set04	family	medium	wide	10	4	instances/data/n080-set04/family/medium-heterogeneous/wide/m4.dat	254.481250000	254.939398734	0.458148734	508	378	0	0	67.559210526	314.276458333	9372ef11602e6d4e1629f724e7334b68fd68d2c2f88582ff5d1df3b8907a4936
n080-set04	family	medium	wide	10	5	instances/data/n080-set04/family/medium-heterogeneous/wide/m5.dat	254.481250000	254.939398734	0.458148734	508	378	0	0	67.559210526	314.276458333	9372ef11602e6d4e1629f724e7334b68fd68d2c2f88582ff5d1df3b8907a4936
n080-set04	family	high	zero	20	3	instances/data/n080-set04/family/high-heterogeneous/zero/m3.dat	512.818750000	513.180379747	0.361629747	1025	761	0	0	136.118421053	632.583333333	fc71206e412ac85b1b321d69500573285b06f65d89ce914bc0915c9a96589e1f
n080-set04	family	high	zero	20	4	instances/data/n080-set04/family/high-heterogeneous/zero/m4.dat	512.818750000	513.180379747	0.361629747	1025	761	0	0	136.118421053	632.583333333	fc71206e412ac85b1b321d69500573285b06f65d89ce914bc0915c9a96589e1f
n080-set04	family	high	zero	20	5	instances/data/n080-set04/family/high-heterogeneous/zero/m5.dat	512.818750000	513.180379747	0.361629747	1025	761	0	0	136.118421053	632.583333333	fc71206e412ac85b1b321d69500573285b06f65d89ce914bc0915c9a96589e1f
n080-set04	family	high	narrow	20	3	instances/data/n080-set04/family/high-heterogeneous/narrow/m3.dat	512.818750000	513.180379747	0.361629747	1025	761	0	0	136.118421053	632.583333333	02152c1535bd14af895a615f0ad5a8acf67a724138765e56ad6c01158c02cbab
n080-set04	family	high	narrow	20	4	instances/data/n080-set04/family/high-heterogeneous/narrow/m4.dat	512.818750000	513.180379747	0.361629747	1025	761	0	0	136.118421053	632.583333333	02152c1535bd14af895a615f0ad5a8acf67a724138765e56ad6c01158c02cbab
n080-set04	family	high	narrow	20	5	instances/data/n080-set04/family/high-heterogeneous/narrow/m5.dat	512.818750000	513.180379747	0.361629747	1025	761	0	0	136.118421053	632.583333333	02152c1535bd14af895a615f0ad5a8acf67a724138765e56ad6c01158c02cbab
n080-set04	family	high	wide	20	3	instances/data/n080-set04/family/high-heterogeneous/wide/m3.dat	512.818750000	513.180379747	0.361629747	1025	761	0	0	136.118421053	632.583333333	6ac211763b3df7410d508ff945a92a56f72deea7e476196960d0e2fd21680814
n080-set04	family	high	wide	20	4	instances/data/n080-set04/family/high-heterogeneous/wide/m4.dat	512.818750000	513.180379747	0.361629747	1025	761	0	0	136.118421053	632.583333333	6ac211763b3df7410d508ff945a92a56f72deea7e476196960d0e2fd21680814
n080-set04	family	high	wide	20	5	instances/data/n080-set04/family/high-heterogeneous/wide/m5.dat	512.818750000	513.180379747	0.361629747	1025	761	0	0	136.118421053	632.583333333	6ac211763b3df7410d508ff945a92a56f72deea7e476196960d0e2fd21680814
n080-set05	family	base	zero	1	3	instances/data/n080-set05/family/base/zero/m3.dat	26.250000000	26.253639241	0.003639241	52	39	0	0	6.893421053	32.384375000	94047e6d9207dc7542427bca681e5c64c4cc7c36aa2ecd285302f09c6e35088f
n080-set05	family	base	zero	1	4	instances/data/n080-set05/family/base/zero/m4.dat	26.250000000	26.253639241	0.003639241	52	39	0	0	6.893421053	32.384375000	94047e6d9207dc7542427bca681e5c64c4cc7c36aa2ecd285302f09c6e35088f
n080-set05	family	base	zero	1	5	instances/data/n080-set05/family/base/zero/m5.dat	26.250000000	26.253639241	0.003639241	52	39	0	0	6.893421053	32.384375000	94047e6d9207dc7542427bca681e5c64c4cc7c36aa2ecd285302f09c6e35088f
n080-set05	family	base	narrow	1	3	instances/data/n080-set05/family/base/narrow/m3.dat	26.250000000	26.253639241	0.003639241	52	39	0	0	6.893421053	32.384375000	a4626caf715bda24d415b06a6ee3bf6f436699f2e798a7ef8988179c0fca1ce9
n080-set05	family	base	narrow	1	4	instances/data/n080-set05/family/base/narrow/m4.dat	26.250000000	26.253639241	0.003639241	52	39	0	0	6.893421053	32.384375000	a4626caf715bda24d415b06a6ee3bf6f436699f2e798a7ef8988179c0fca1ce9
n080-set05	family	base	narrow	1	5	instances/data/n080-set05/family/base/narrow/m5.dat	26.250000000	26.253639241	0.003639241	52	39	0	0	6.893421053	32.384375000	a4626caf715bda24d415b06a6ee3bf6f436699f2e798a7ef8988179c0fca1ce9
n080-set05	family	base	wide	1	3	instances/data/n080-set05/family/base/wide/m3.dat	26.250000000	26.253639241	0.003639241	52	39	0	0	6.893421053	32.384375000	3f021dc5b3eccc190b9d92979195d8c28f24754941065f63e9b4abcfab7711d4
n080-set05	family	base	wide	1	4	instances/data/n080-set05/family/base/wide/m4.dat	26.250000000	26.253639241	0.003639241	52	39	0	0	6.893421053	32.384375000	3f021dc5b3eccc190b9d92979195d8c28f24754941065f63e9b4abcfab7711d4
n080-set05	family	base	wide	1	5	instances/data/n080-set05/family/base/wide/m5.dat	26.250000000	26.253639241	0.003639241	52	39	0	0	6.893421053	32.384375000	3f021dc5b3eccc190b9d92979195d8c28f24754941065f63e9b4abcfab7711d4
n080-set05	family	medium	zero	10	3	instances/data/n080-set05/family/medium-heterogeneous/zero/m3.dat	252.650000000	253.105537975	0.455537975	505	376	0	0	66.771052632	312.111458333	5acde9ab45d9b4efa3a9f1cde75265f46cb6603ae94ecef6edfecc3e41e7ad41
n080-set05	family	medium	zero	10	4	instances/data/n080-set05/family/medium-heterogeneous/zero/m4.dat	252.650000000	253.105537975	0.455537975	505	376	0	0	66.771052632	312.111458333	5acde9ab45d9b4efa3a9f1cde75265f46cb6603ae94ecef6edfecc3e41e7ad41
n080-set05	family	medium	zero	10	5	instances/data/n080-set05/family/medium-heterogeneous/zero/m5.dat	252.650000000	253.105537975	0.455537975	505	376	0	0	66.771052632	312.111458333	5acde9ab45d9b4efa3a9f1cde75265f46cb6603ae94ecef6edfecc3e41e7ad41
n080-set05	family	medium	narrow	10	3	instances/data/n080-set05/family/medium-heterogeneous/narrow/m3.dat	252.650000000	253.105537975	0.455537975	505	376	0	0	66.771052632	312.111458333	c2d489fdcd62e30f5efa124c95da60b697b2c523fd164a5d3fbea4901b5cae24
n080-set05	family	medium	narrow	10	4	instances/data/n080-set05/family/medium-heterogeneous/narrow/m4.dat	252.650000000	253.105537975	0.455537975	505	376	0	0	66.771052632	312.111458333	c2d489fdcd62e30f5efa124c95da60b697b2c523fd164a5d3fbea4901b5cae24
n080-set05	family	medium	narrow	10	5	instances/data/n080-set05/family/medium-heterogeneous/narrow/m5.dat	252.650000000	253.105537975	0.455537975	505	376	0	0	66.771052632	312.111458333	c2d489fdcd62e30f5efa124c95da60b697b2c523fd164a5d3fbea4901b5cae24
n080-set05	family	medium	wide	10	3	instances/data/n080-set05/family/medium-heterogeneous/wide/m3.dat	252.650000000	253.105537975	0.455537975	505	376	0	0	66.771052632	312.111458333	0cce523a3b9815ae20a70b02125a8a5581f15dc0445efa7fb6606c36a21f56a8
n080-set05	family	medium	wide	10	4	instances/data/n080-set05/family/medium-heterogeneous/wide/m4.dat	252.650000000	253.105537975	0.455537975	505	376	0	0	66.771052632	312.111458333	0cce523a3b9815ae20a70b02125a8a5581f15dc0445efa7fb6606c36a21f56a8
n080-set05	family	medium	wide	10	5	instances/data/n080-set05/family/medium-heterogeneous/wide/m5.dat	252.650000000	253.105537975	0.455537975	505	376	0	0	66.771052632	312.111458333	0cce523a3b9815ae20a70b02125a8a5581f15dc0445efa7fb6606c36a21f56a8
n080-set05	family	high	zero	20	3	instances/data/n080-set05/family/high-heterogeneous/zero/m3.dat	516.806250000	517.457278481	0.651028481	1033	768	0	0	136.239473684	638.176250000	e2d0f69d44b222d9dec839ed2f76c1c38c62234b0ddafd81d28b8170ea35e04d
n080-set05	family	high	zero	20	4	instances/data/n080-set05/family/high-heterogeneous/zero/m4.dat	516.806250000	517.457278481	0.651028481	1033	768	0	0	136.239473684	638.176250000	e2d0f69d44b222d9dec839ed2f76c1c38c62234b0ddafd81d28b8170ea35e04d
n080-set05	family	high	zero	20	5	instances/data/n080-set05/family/high-heterogeneous/zero/m5.dat	516.806250000	517.457278481	0.651028481	1033	768	0	0	136.239473684	638.176250000	e2d0f69d44b222d9dec839ed2f76c1c38c62234b0ddafd81d28b8170ea35e04d
n080-set05	family	high	narrow	20	3	instances/data/n080-set05/family/high-heterogeneous/narrow/m3.dat	516.806250000	517.457278481	0.651028481	1033	768	0	0	136.239473684	638.176250000	470751a5abb948600343d4584f9791e0d59cf119e81b9387b146bf69c665cd15
n080-set05	family	high	narrow	20	4	instances/data/n080-set05/family/high-heterogeneous/narrow/m4.dat	516.806250000	517.457278481	0.651028481	1033	768	0	0	136.239473684	638.176250000	470751a5abb948600343d4584f9791e0d59cf119e81b9387b146bf69c665cd15
n080-set05	family	high	narrow	20	5	instances/data/n080-set05/family/high-heterogeneous/narrow/m5.dat	516.806250000	517.457278481	0.651028481	1033	768	0	0	136.239473684	638.176250000	470751a5abb948600343d4584f9791e0d59cf119e81b9387b146bf69c665cd15
n080-set05	family	high	wide	20	3	instances/data/n080-set05/family/high-heterogeneous/wide/m3.dat	516.806250000	517.457278481	0.651028481	1033	768	0	0	136.239473684	638.176250000	ad8380e6b13a86cabb5a9818245e339fa7949e8118ac796803172cac25534062
n080-set05	family	high	wide	20	4	instances/data/n080-set05/family/high-heterogeneous/wide/m4.dat	516.806250000	517.457278481	0.651028481	1033	768	0	0	136.239473684	638.176250000	ad8380e6b13a86cabb5a9818245e339fa7949e8118ac796803172cac25534062
n080-set05	family	high	wide	20	5	instances/data/n080-set05/family/high-heterogeneous/wide/m5.dat	516.806250000	517.457278481	0.651028481	1033	768	0	0	136.239473684	638.176250000	ad8380e6b13a86cabb5a9818245e339fa7949e8118ac796803172cac25534062
n100-set01	family	base	zero	1	3	instances/data/n100-set01/family/base/zero/m3.dat	27.600000000	27.595757576	-0.004242424	55	41	0	0	7.217500000	34.116800000	b9e6f4858af01e0773ebfa6cac4b868779da0555acf8e2bee20556094212f3d7
n100-set01	family	base	zero	1	4	instances/data/n100-set01/family/base/zero/m4.dat	27.600000000	27.595757576	-0.004242424	55	41	0	0	7.217500000	34.116800000	b9e6f4858af01e0773ebfa6cac4b868779da0555acf8e2bee20556094212f3d7
n100-set01	family	base	zero	1	5	instances/data/n100-set01/family/base/zero/m5.dat	27.600000000	27.595757576	-0.004242424	55	41	0	0	7.217500000	34.116800000	b9e6f4858af01e0773ebfa6cac4b868779da0555acf8e2bee20556094212f3d7
n100-set01	family	base	narrow	1	3	instances/data/n100-set01/family/base/narrow/m3.dat	27.600000000	27.595757576	-0.004242424	55	41	0	0	7.217500000	34.116800000	34c0f6bda6de0408b9aa6613108f420a79defb6abfd0dc8c181edb87da4ae61f
n100-set01	family	base	narrow	1	4	instances/data/n100-set01/family/base/narrow/m4.dat	27.600000000	27.595757576	-0.004242424	55	41	0	0	7.217500000	34.116800000	34c0f6bda6de0408b9aa6613108f420a79defb6abfd0dc8c181edb87da4ae61f
n100-set01	family	base	narrow	1	5	instances/data/n100-set01/family/base/narrow/m5.dat	27.600000000	27.595757576	-0.004242424	55	41	0	0	7.217500000	34.116800000	34c0f6bda6de0408b9aa6613108f420a79defb6abfd0dc8c181edb87da4ae61f
n100-set01	family	base	wide	1	3	instances/data/n100-set01/family/base/wide/m3.dat	27.600000000	27.595757576	-0.004242424	55	41	0	0	7.217500000	34.116800000	c966d591d409577d723545f333d6960f60fab816dd93552efc67ee9357b515ed
n100-set01	family	base	wide	1	4	instances/data/n100-set01/family/base/wide/m4.dat	27.600000000	27.595757576	-0.004242424	55	41	0	0	7.217500000	34.116800000	c966d591d409577d723545f333d6960f60fab816dd93552efc67ee9357b515ed
n100-set01	family	base	wide	1	5	instances/data/n100-set01/family/base/wide/m5.dat	27.600000000	27.595757576	-0.004242424	55	41	0	0	7.217500000	34.116800000	c966d591d409577d723545f333d6960f60fab816dd93552efc67ee9357b515ed
n100-set01	family	medium	zero	10	3	instances/data/n100-set01/family/medium-heterogeneous/zero/m3.dat	277.515000000	277.819898990	0.304898990	555	413	0	0	73.175000000	343.306266667	d4274a704c088c148ad03c975b196190aa432b89058b7eabf42f8e36b673914c
n100-set01	family	medium	zero	10	4	instances/data/n100-set01/family/medium-heterogeneous/zero/m4.dat	277.515000000	277.819898990	0.304898990	555	413	0	0	73.175000000	343.306266667	d4274a704c088c148ad03c975b196190aa432b89058b7eabf42f8e36b673914c
n100-set01	family	medium	zero	10	5	instances/data/n100-set01/family/medium-heterogeneous/zero/m5.dat	277.515000000	277.819898990	0.304898990	555	413	0	0	73.175000000	343.306266667	d4274a704c088c148ad03c975b196190aa432b89058b7eabf42f8e36b673914c
n100-set01	family	medium	narrow	10	3	instances/data/n100-set01/family/medium-heterogeneous/narrow/m3.dat	277.515000000	277.819898990	0.304898990	555	413	0	0	73.175000000	343.306266667	4a7f6be7cbb35d6e47818320f54e9f70ba59f9efa21a9f84de434dc106d2844f
n100-set01	family	medium	narrow	10	4	instances/data/n100-set01/family/medium-heterogeneous/narrow/m4.dat	277.515000000	277.819898990	0.304898990	555	413	0	0	73.175000000	343.306266667	4a7f6be7cbb35d6e47818320f54e9f70ba59f9efa21a9f84de434dc106d2844f
n100-set01	family	medium	narrow	10	5	instances/data/n100-set01/family/medium-heterogeneous/narrow/m5.dat	277.515000000	277.819898990	0.304898990	555	413	0	0	73.175000000	343.306266667	4a7f6be7cbb35d6e47818320f54e9f70ba59f9efa21a9f84de434dc106d2844f
n100-set01	family	medium	wide	10	3	instances/data/n100-set01/family/medium-heterogeneous/wide/m3.dat	277.515000000	277.819898990	0.304898990	555	413	0	0	73.175000000	343.306266667	927408c6e131103a4e96214ca733d9a847c10abf6d20ba5c293c2eaa5e906947
n100-set01	family	medium	wide	10	4	instances/data/n100-set01/family/medium-heterogeneous/wide/m4.dat	277.515000000	277.819898990	0.304898990	555	413	0	0	73.175000000	343.306266667	927408c6e131103a4e96214ca733d9a847c10abf6d20ba5c293c2eaa5e906947
n100-set01	family	medium	wide	10	5	instances/data/n100-set01/family/medium-heterogeneous/wide/m5.dat	277.515000000	277.819898990	0.304898990	555	413	0	0	73.175000000	343.306266667	927408c6e131103a4e96214ca733d9a847c10abf6d20ba5c293c2eaa5e906947
n100-set01	family	high	zero	20	3	instances/data/n100-set01/family/high-heterogeneous/zero/m3.dat	550.405000000	550.836767677	0.431767677	1100	818	0	0	144.350000000	680.912533333	d779f1d66f957f56970a6d575c1f157ccfea3e379a0aeb020aca91d660b4fa00
n100-set01	family	high	zero	20	4	instances/data/n100-set01/family/high-heterogeneous/zero/m4.dat	550.405000000	550.836767677	0.431767677	1100	818	0	0	144.350000000	680.912533333	d779f1d66f957f56970a6d575c1f157ccfea3e379a0aeb020aca91d660b4fa00
n100-set01	family	high	zero	20	5	instances/data/n100-set01/family/high-heterogeneous/zero/m5.dat	550.405000000	550.836767677	0.431767677	1100	818	0	0	144.350000000	680.912533333	d779f1d66f957f56970a6d575c1f157ccfea3e379a0aeb020aca91d660b4fa00
n100-set01	family	high	narrow	20	3	instances/data/n100-set01/family/high-heterogeneous/narrow/m3.dat	550.405000000	550.836767677	0.431767677	1100	818	0	0	144.350000000	680.912533333	c0643d56141d71ab6f7c60267fb927fae87937ef69740ef9d956cc2231ee4c2f
n100-set01	family	high	narrow	20	4	instances/data/n100-set01/family/high-heterogeneous/narrow/m4.dat	550.405000000	550.836767677	0.431767677	1100	818	0	0	144.350000000	680.912533333	c0643d56141d71ab6f7c60267fb927fae87937ef69740ef9d956cc2231ee4c2f
n100-set01	family	high	narrow	20	5	instances/data/n100-set01/family/high-heterogeneous/narrow/m5.dat	550.405000000	550.836767677	0.431767677	1100	818	0	0	144.350000000	680.912533333	c0643d56141d71ab6f7c60267fb927fae87937ef69740ef9d956cc2231ee4c2f
n100-set01	family	high	wide	20	3	instances/data/n100-set01/family/high-heterogeneous/wide/m3.dat	550.405000000	550.836767677	0.431767677	1100	818	0	0	144.350000000	680.912533333	bbe153dfc7b89cd75e788f607978960547354172d67b98ac2789b9262e2a085a
n100-set01	family	high	wide	20	4	instances/data/n100-set01/family/high-heterogeneous/wide/m4.dat	550.405000000	550.836767677	0.431767677	1100	818	0	0	144.350000000	680.912533333	bbe153dfc7b89cd75e788f607978960547354172d67b98ac2789b9262e2a085a
n100-set01	family	high	wide	20	5	instances/data/n100-set01/family/high-heterogeneous/wide/m5.dat	550.405000000	550.836767677	0.431767677	1100	818	0	0	144.350000000	680.912533333	bbe153dfc7b89cd75e788f607978960547354172d67b98ac2789b9262e2a085a
n100-set02	family	base	zero	1	3	instances/data/n100-set02/family/base/zero/m3.dat	26.210000000	26.215959596	0.005959596	52	39	0	0	6.919166667	32.390933333	e93f817dddd47e1f576616446cf95b1c33a860ba167d8267e30fa133111d5718
n100-set02	family	base	zero	1	4	instances/data/n100-set02/family/base/zero/m4.dat	26.210000000	26.215959596	0.005959596	52	39	0	0	6.919166667	32.390933333	e93f817dddd47e1f576616446cf95b1c33a860ba167d8267e30fa133111d5718
n100-set02	family	base	zero	1	5	instances/data/n100-set02/family/base/zero/m5.dat	26.210000000	26.215959596	0.005959596	52	39	0	0	6.919166667	32.390933333	e93f817dddd47e1f576616446cf95b1c33a860ba167d8267e30fa133111d5718
n100-set02	family	base	narrow	1	3	instances/data/n100-set02/family/base/narrow/m3.dat	26.210000000	26.215959596	0.005959596	52	39	0	0	6.919166667	32.390933333	11bdc12eb9abb34d1b6d4b997ea03a244bcd2cb4a63954699e4a4b7454656717
n100-set02	family	base	narrow	1	4	instances/data/n100-set02/family/base/narrow/m4.dat	26.210000000	26.215959596	0.005959596	52	39	0	0	6.919166667	32.390933333	11bdc12eb9abb34d1b6d4b997ea03a244bcd2cb4a63954699e4a4b7454656717
n100-set02	family	base	narrow	1	5	instances/data/n100-set02/family/base/narrow/m5.dat	26.210000000	26.215959596	0.005959596	52	39	0	0	6.919166667	32.390933333	11bdc12eb9abb34d1b6d4b997ea03a244bcd2cb4a63954699e4a4b7454656717
n100-set02	family	base	wide	1	3	instances/data/n100-set02/family/base/wide/m3.dat	26.210000000	26.215959596	0.005959596	52	39	0	0	6.919166667	32.390933333	8696970c0f8811be2ac12e989507fb985e00714f52c29288105e85675156c93f
n100-set02	family	base	wide	1	4	instances/data/n100-set02/family/base/wide/m4.dat	26.210000000	26.215959596	0.005959596	52	39	0	0	6.919166667	32.390933333	8696970c0f8811be2ac12e989507fb985e00714f52c29288105e85675156c93f
n100-set02	family	base	wide	1	5	instances/data/n100-set02/family/base/wide/m5.dat	26.210000000	26.215959596	0.005959596	52	39	0	0	6.919166667	32.390933333	8696970c0f8811be2ac12e989507fb985e00714f52c29288105e85675156c93f
n100-set02	family	medium	zero	10	3	instances/data/n100-set02/family/medium-heterogeneous/zero/m3.dat	248.865000000	249.308585859	0.443585859	497	371	0	0	65.995416667	307.968800000	8307b8df0410f98abe50461ad2104e1fb8e3b6a0c13d9a7506eaf28cf3daf582
n100-set02	family	medium	zero	10	4	instances/data/n100-set02/family/medium-heterogeneous/zero/m4.dat	248.865000000	249.308585859	0.443585859	497	371	0	0	65.995416667	307.968800000	8307b8df0410f98abe50461ad2104e1fb8e3b6a0c13d9a7506eaf28cf3daf582
n100-set02	family	medium	zero	10	5	instances/data/n100-set02/family/medium-heterogeneous/zero/m5.dat	248.865000000	249.308585859	0.443585859	497	371	0	0	65.995416667	307.968800000	8307b8df0410f98abe50461ad2104e1fb8e3b6a0c13d9a7506eaf28cf3daf582
n100-set02	family	medium	narrow	10	3	instances/data/n100-set02/family/medium-heterogeneous/narrow/m3.dat	248.865000000	249.308585859	0.443585859	497	371	0	0	65.995416667	307.968800000	079449115674bddde6dc9e27ee8922e3daf2b7c504154eec875911ea438907b4
n100-set02	family	medium	narrow	10	4	instances/data/n100-set02/family/medium-heterogeneous/narrow/m4.dat	248.865000000	249.308585859	0.443585859	497	371	0	0	65.995416667	307.968800000	079449115674bddde6dc9e27ee8922e3daf2b7c504154eec875911ea438907b4
n100-set02	family	medium	narrow	10	5	instances/data/n100-set02/family/medium-heterogeneous/narrow/m5.dat	248.865000000	249.308585859	0.443585859	497	371	0	0	65.995416667	307.968800000	079449115674bddde6dc9e27ee8922e3daf2b7c504154eec875911ea438907b4
n100-set02	family	medium	wide	10	3	instances/data/n100-set02/family/medium-heterogeneous/wide/m3.dat	248.865000000	249.308585859	0.443585859	497	371	0	0	65.995416667	307.968800000	9e2f1a0eb82d5c7aeaa3526c6e4e2492183f6e94cfd01fa95976ff04c3c2775f
n100-set02	family	medium	wide	10	4	instances/data/n100-set02/family/medium-heterogeneous/wide/m4.dat	248.865000000	249.308585859	0.443585859	497	371	0	0	65.995416667	307.968800000	9e2f1a0eb82d5c7aeaa3526c6e4e2492183f6e94cfd01fa95976ff04c3c2775f
n100-set02	family	medium	wide	10	5	instances/data/n100-set02/family/medium-heterogeneous/wide/m5.dat	248.865000000	249.308585859	0.443585859	497	371	0	0	65.995416667	307.968800000	9e2f1a0eb82d5c7aeaa3526c6e4e2492183f6e94cfd01fa95976ff04c3c2775f
n100-set02	family	high	zero	20	3	instances/data/n100-set02/family/high-heterogeneous/zero/m3.dat	533.035000000	533.720202020	0.685202020	1066	794	0	0	141.367083333	659.273200000	76e5c025d033c0b4fbcd74ebe2b788bcbdb0fb43b2f67047fb7f6d0b0ec47564
n100-set02	family	high	zero	20	4	instances/data/n100-set02/family/high-heterogeneous/zero/m4.dat	533.035000000	533.720202020	0.685202020	1066	794	0	0	141.367083333	659.273200000	76e5c025d033c0b4fbcd74ebe2b788bcbdb0fb43b2f67047fb7f6d0b0ec47564
n100-set02	family	high	zero	20	5	instances/data/n100-set02/family/high-heterogeneous/zero/m5.dat	533.035000000	533.720202020	0.685202020	1066	794	0	0	141.367083333	659.273200000	76e5c025d033c0b4fbcd74ebe2b788bcbdb0fb43b2f67047fb7f6d0b0ec47564
n100-set02	family	high	narrow	20	3	instances/data/n100-set02/family/high-heterogeneous/narrow/m3.dat	533.035000000	533.720202020	0.685202020	1066	794	0	0	141.367083333	659.273200000	7d8a5e46c816bc1dc7191fd9475c5b604473812504eb81f2275b68d281810067
n100-set02	family	high	narrow	20	4	instances/data/n100-set02/family/high-heterogeneous/narrow/m4.dat	533.035000000	533.720202020	0.685202020	1066	794	0	0	141.367083333	659.273200000	7d8a5e46c816bc1dc7191fd9475c5b604473812504eb81f2275b68d281810067
n100-set02	family	high	narrow	20	5	instances/data/n100-set02/family/high-heterogeneous/narrow/m5.dat	533.035000000	533.720202020	0.685202020	1066	794	0	0	141.367083333	659.273200000	7d8a5e46c816bc1dc7191fd9475c5b604473812504eb81f2275b68d281810067
n100-set02	family	high	wide	20	3	instances/data/n100-set02/family/high-heterogeneous/wide/m3.dat	533.035000000	533.720202020	0.685202020	1066	794	0	0	141.367083333	659.273200000	c7d375237fb999860352bff6e31dc66ef9d18c2aa26b3ce4f14cee42db02d14e
n100-set02	family	high	wide	20	4	instances/data/n100-set02/family/high-heterogeneous/wide/m4.dat	533.035000000	533.720202020	0.685202020	1066	794	0	0	141.367083333	659.273200000	c7d375237fb999860352bff6e31dc66ef9d18c2aa26b3ce4f14cee42db02d14e
n100-set02	family	high	wide	20	5	instances/data/n100-set02/family/high-heterogeneous/wide/m5.dat	533.035000000	533.720202020	0.685202020	1066	794	0	0	141.367083333	659.273200000	c7d375237fb999860352bff6e31dc66ef9d18c2aa26b3ce4f14cee42db02d14e
n100-set03	family	base	zero	1	3	instances/data/n100-set03/family/base/zero/m3.dat	26.410000000	26.397979798	-0.012020202	52	39	0	0	6.932500000	32.626933333	5e5bcad9c455dc7db7569ab05993abf660eb1911737156593eccef6d6ca9f7a3
n100-set03	family	base	zero	1	4	instances/data/n100-set03/family/base/zero/m4.dat	26.410000000	26.397979798	-0.012020202	52	39	0	0	6.932500000	32.626933333	5e5bcad9c455dc7db7569ab05993abf660eb1911737156593eccef6d6ca9f7a3
n100-set03	family	base	zero	1	5	instances/data/n100-set03/family/base/zero/m5.dat	26.410000000	26.397979798	-0.012020202	52	39	0	0	6.932500000	32.626933333	5e5bcad9c455dc7db7569ab05993abf660eb1911737156593eccef6d6ca9f7a3
n100-set03	family	base	narrow	1	3	instances/data/n100-set03/family/base/narrow/m3.dat	26.410000000	26.397979798	-0.012020202	52	39	0	0	6.932500000	32.626933333	bb2c02c5ae5ef420cb00af6d96f1e93fb860279027890922a53d78485259cd4b
n100-set03	family	base	narrow	1	4	instances/data/n100-set03/family/base/narrow/m4.dat	26.410000000	26.397979798	-0.012020202	52	39	0	0	6.932500000	32.626933333	bb2c02c5ae5ef420cb00af6d96f1e93fb860279027890922a53d78485259cd4b
n100-set03	family	base	narrow	1	5	instances/data/n100-set03/family/base/narrow/m5.dat	26.410000000	26.397979798	-0.012020202	52	39	0	0	6.932500000	32.626933333	bb2c02c5ae5ef420cb00af6d96f1e93fb860279027890922a53d78485259cd4b
n100-set03	family	base	wide	1	3	instances/data/n100-set03/family/base/wide/m3.dat	26.410000000	26.397979798	-0.012020202	52	39	0	0	6.932500000	32.626933333	3f9765ff021439004235caef5d888c6cbbc0c2bf0a536d83d14d2256d2ce6d47
n100-set03	family	base	wide	1	4	instances/data/n100-set03/family/base/wide/m4.dat	26.410000000	26.397979798	-0.012020202	52	39	0	0	6.932500000	32.626933333	3f9765ff021439004235caef5d888c6cbbc0c2bf0a536d83d14d2256d2ce6d47
n100-set03	family	base	wide	1	5	instances/data/n100-set03/family/base/wide/m5.dat	26.410000000	26.397979798	-0.012020202	52	39	0	0	6.932500000	32.626933333	3f9765ff021439004235caef5d888c6cbbc0c2bf0a536d83d14d2256d2ce6d47
n100-set03	family	medium	zero	10	3	instances/data/n100-set03/family/medium-heterogeneous/zero/m3.dat	270.260000000	270.578888889	0.318888889	540	400	0	0	71.447083333	334.301066667	c4be83689b690632da683d3ca8eb12792a4ced1e66035f5aafd8b984107296c1
n100-set03	family	medium	zero	10	4	instances/data/n100-set03/family/medium-heterogeneous/zero/m4.dat	270.260000000	270.578888889	0.318888889	540	400	0	0	71.447083333	334.301066667	c4be83689b690632da683d3ca8eb12792a4ced1e66035f5aafd8b984107296c1
n100-set03	family	medium	zero	10	5	instances/data/n100-set03/family/medium-heterogeneous/zero/m5.dat	270.260000000	270.578888889	0.318888889	540	400	0	0	71.447083333	334.301066667	c4be83689b690632da683d3ca8eb12792a4ced1e66035f5aafd8b984107296c1
n100-set03	family	medium	narrow	10	3	instances/data/n100-set03/family/medium-heterogeneous/narrow/m3.dat	270.260000000	270.578888889	0.318888889	540	400	0	0	71.447083333	334.301066667	067a44b26c0a7599e66d8067719ce1372859fc0024ae13caf32b90944e0b03ce
n100-set03	family	medium	narrow	10	4	instances/data/n100-set03/family/medium-heterogeneous/narrow/m4.dat	270.260000000	270.578888889	0.318888889	540	400	0	0	71.447083333	334.301066667	067a44b26c0a7599e66d8067719ce1372859fc0024ae13caf32b90944e0b03ce
n100-set03	family	medium	narrow	10	5	instances/data/n100-set03/family/medium-heterogeneous/narrow/m5.dat	270.260000000	270.578888889	0.318888889	540	400	0	0	71.447083333	334.301066667	067a44b26c0a7599e66d8067719ce1372859fc0024ae13caf32b90944e0b03ce
n100-set03	family	medium	wide	10	3	instances/data/n100-set03/family/medium-heterogeneous/wide/m3.dat	270.260000000	270.578888889	0.318888889	540	400	0	0	71.447083333	334.301066667	0ed44d7bbf42cf3de0c4a7be01a920e54a0aa02887db3175d7a2928529cfac22
n100-set03	family	medium	wide	10	4	instances/data/n100-set03/family/medium-heterogeneous/wide/m4.dat	270.260000000	270.578888889	0.318888889	540	400	0	0	71.447083333	334.301066667	0ed44d7bbf42cf3de0c4a7be01a920e54a0aa02887db3175d7a2928529cfac22
n100-set03	family	medium	wide	10	5	instances/data/n100-set03/family/medium-heterogeneous/wide/m5.dat	270.260000000	270.578888889	0.318888889	540	400	0	0	71.447083333	334.301066667	0ed44d7bbf42cf3de0c4a7be01a920e54a0aa02887db3175d7a2928529cfac22
n100-set03	family	high	zero	20	3	instances/data/n100-set03/family/high-heterogeneous/zero/m3.dat	528.535000000	528.959595960	0.424595960	1057	781	0	0	139.650000000	653.538666667	c3bde09005be04893898e09f7fa2e36242f1b2c2882a542d64687ec517b55077
n100-set03	family	high	zero	20	4	instances/data/n100-set03/family/high-heterogeneous/zero/m4.dat	528.535000000	528.959595960	0.424595960	1057	781	0	0	139.650000000	653.538666667	c3bde09005be04893898e09f7fa2e36242f1b2c2882a542d64687ec517b55077
n100-set03	family	high	zero	20	5	instances/data/n100-set03/family/high-heterogeneous/zero/m5.dat	528.535000000	528.959595960	0.424595960	1057	781	0	0	139.650000000	653.538666667	c3bde09005be04893898e09f7fa2e36242f1b2c2882a542d64687ec517b55077
n100-set03	family	high	narrow	20	3	instances/data/n100-set03/family/high-heterogeneous/narrow/m3.dat	528.535000000	528.959595960	0.424595960	1057	781	0	0	139.650000000	653.538666667	9401528d2be085ae232b21c308231bad1b06cca6215cb094430584ba0dd3dd21
n100-set03	family	high	narrow	20	4	instances/data/n100-set03/family/high-heterogeneous/narrow/m4.dat	528.535000000	528.959595960	0.424595960	1057	781	0	0	139.650000000	653.538666667	9401528d2be085ae232b21c308231bad1b06cca6215cb094430584ba0dd3dd21
n100-set03	family	high	narrow	20	5	instances/data/n100-set03/family/high-heterogeneous/narrow/m5.dat	528.535000000	528.959595960	0.424595960	1057	781	0	0	139.650000000	653.538666667	9401528d2be085ae232b21c308231bad1b06cca6215cb094430584ba0dd3dd21
n100-set03	family	high	wide	20	3	instances/data/n100-set03/family/high-heterogeneous/wide/m3.dat	528.535000000	528.959595960	0.424595960	1057	781	0	0	139.650000000	653.538666667	d29d781f4d7b55f80fbed91d140ccc021aeac9149f1733e935b39aad285d6c50
n100-set03	family	high	wide	20	4	instances/data/n100-set03/family/high-heterogeneous/wide/m4.dat	528.535000000	528.959595960	0.424595960	1057	781	0	0	139.650000000	653.538666667	d29d781f4d7b55f80fbed91d140ccc021aeac9149f1733e935b39aad285d6c50
n100-set03	family	high	wide	20	5	instances/data/n100-set03/family/high-heterogeneous/wide/m5.dat	528.535000000	528.959595960	0.424595960	1057	781	0	0	139.650000000	653.538666667	d29d781f4d7b55f80fbed91d140ccc021aeac9149f1733e935b39aad285d6c50
n100-set04	family	base	zero	1	3	instances/data/n100-set04/family/base/zero/m3.dat	25.370000000	25.387171717	0.017171717	50	37	0	0	6.689166667	31.370533333	57ac508a1d5eb9c8b9d4f90670daf53843a4fa2d8604bb9c7d41d0ab4245669b
n100-set04	family	base	zero	1	4	instances/data/n100-set04/family/base/zero/m4.dat	25.370000000	25.387171717	0.017171717	50	37	0	0	6.689166667	31.370533333	57ac508a1d5eb9c8b9d4f90670daf53843a4fa2d8604bb9c7d41d0ab4245669b
n100-set04	family	base	zero	1	5	instances/data/n100-set04/family/base/zero/m5.dat	25.370000000	25.387171717	0.017171717	50	37	0	0	6.689166667	31.370533333	57ac508a1d5eb9c8b9d4f90670daf53843a4fa2d8604bb9c7d41d0ab4245669b
n100-set04	family	base	narrow	1	3	instances/data/n100-set04/family/base/narrow/m3.dat	25.370000000	25.387171717	0.017171717	50	37	0	0	6.689166667	31.370533333	e0593df4c9aae25545a42ee1e36c069e46db53b90da5cf7cd0671a86da2351ca
n100-set04	family	base	narrow	1	4	instances/data/n100-set04/family/base/narrow/m4.dat	25.370000000	25.387171717	0.017171717	50	37	0	0	6.689166667	31.370533333	e0593df4c9aae25545a42ee1e36c069e46db53b90da5cf7cd0671a86da2351ca
n100-set04	family	base	narrow	1	5	instances/data/n100-set04/family/base/narrow/m5.dat	25.370000000	25.387171717	0.017171717	50	37	0	0	6.689166667	31.370533333	e0593df4c9aae25545a42ee1e36c069e46db53b90da5cf7cd0671a86da2351ca
n100-set04	family	base	wide	1	3	instances/data/n100-set04/family/base/wide/m3.dat	25.370000000	25.387171717	0.017171717	50	37	0	0	6.689166667	31.370533333	236f3ddf27856db54a3a931d699fada312cc36316944bdd3001cf643e9968ca0
n100-set04	family	base	wide	1	4	instances/data/n100-set04/family/base/wide/m4.dat	25.370000000	25.387171717	0.017171717	50	37	0	0	6.689166667	31.370533333	236f3ddf27856db54a3a931d699fada312cc36316944bdd3001cf643e9968ca0
n100-set04	family	base	wide	1	5	instances/data/n100-set04/family/base/wide/m5.dat	25.370000000	25.387171717	0.017171717	50	37	0	0	6.689166667	31.370533333	236f3ddf27856db54a3a931d699fada312cc36316944bdd3001cf643e9968ca0
n100-set04	family	medium	zero	10	3	instances/data/n100-set04/family/medium-heterogeneous/zero/m3.dat	249.340000000	249.993535354	0.653535354	498	364	0	0	66.149583333	308.823600000	d9ceb3cba8151c314293444de0a8860cfe0c913d4620fa1697e79c4ec024ce3a
n100-set04	family	medium	zero	10	4	instances/data/n100-set04/family/medium-heterogeneous/zero/m4.dat	249.340000000	249.993535354	0.653535354	498	364	0	0	66.149583333	308.823600000	d9ceb3cba8151c314293444de0a8860cfe0c913d4620fa1697e79c4ec024ce3a
n100-set04	family	medium	zero	10	5	instances/data/n100-set04/family/medium-heterogeneous/zero/m5.dat	249.340000000	249.993535354	0.653535354	498	364	0	0	66.149583333	308.823600000	d9ceb3cba8151c314293444de0a8860cfe0c913d4620fa1697e79c4ec024ce3a
n100-set04	family	medium	narrow	10	3	instances/data/n100-set04/family/medium-heterogeneous/narrow/m3.dat	249.340000000	249.993535354	0.653535354	498	364	0	0	66.149583333	308.823600000	2aa1be590378a0724f0e7cccf95bb20a32e860fe38fb03c70e5fb085e2badf29
n100-set04	family	medium	narrow	10	4	instances/data/n100-set04/family/medium-heterogeneous/narrow/m4.dat	249.340000000	249.993535354	0.653535354	498	364	0	0	66.149583333	308.823600000	2aa1be590378a0724f0e7cccf95bb20a32e860fe38fb03c70e5fb085e2badf29
n100-set04	family	medium	narrow	10	5	instances/data/n100-set04/family/medium-heterogeneous/narrow/m5.dat	249.340000000	249.993535354	0.653535354	498	364	0	0	66.149583333	308.823600000	2aa1be590378a0724f0e7cccf95bb20a32e860fe38fb03c70e5fb085e2badf29
n100-set04	family	medium	wide	10	3	instances/data/n100-set04/family/medium-heterogeneous/wide/m3.dat	249.340000000	249.993535354	0.653535354	498	364	0	0	66.149583333	308.823600000	62fda5d0932cf5c368ed4268e4ff21cd2ae048bc3d52d0f6c2798f969d49923f
n100-set04	family	medium	wide	10	4	instances/data/n100-set04/family/medium-heterogeneous/wide/m4.dat	249.340000000	249.993535354	0.653535354	498	364	0	0	66.149583333	308.823600000	62fda5d0932cf5c368ed4268e4ff21cd2ae048bc3d52d0f6c2798f969d49923f
n100-set04	family	medium	wide	10	5	instances/data/n100-set04/family/medium-heterogeneous/wide/m5.dat	249.340000000	249.993535354	0.653535354	498	364	0	0	66.149583333	308.823600000	62fda5d0932cf5c368ed4268e4ff21cd2ae048bc3d52d0f6c2798f969d49923f
n100-set04	family	high	zero	20	3	instances/data/n100-set04/family/high-heterogeneous/zero/m3.dat	517.730000000	518.647777778	0.917777778	1035	756	0	0	137.047500000	640.759866667	239639bc878d0152a55fd9b7532cc416dc733be26333e534402b39abc7b09baf
n100-set04	family	high	zero	20	4	instances/data/n100-set04/family/high-heterogeneous/zero/m4.dat	517.730000000	518.647777778	0.917777778	1035	756	0	0	137.047500000	640.759866667	239639bc878d0152a55fd9b7532cc416dc733be26333e534402b39abc7b09baf
n100-set04	family	high	zero	20	5	instances/data/n100-set04/family/high-heterogeneous/zero/m5.dat	517.730000000	518.647777778	0.917777778	1035	756	0	0	137.047500000	640.759866667	239639bc878d0152a55fd9b7532cc416dc733be26333e534402b39abc7b09baf
n100-set04	family	high	narrow	20	3	instances/data/n100-set04/family/high-heterogeneous/narrow/m3.dat	517.730000000	518.647777778	0.917777778	1035	756	0	0	137.047500000	640.759866667	af6430d4f9391a9094cd90f9fff0d7911ea30cad2caa098d569b60098ac1f676
n100-set04	family	high	narrow	20	4	instances/data/n100-set04/family/high-heterogeneous/narrow/m4.dat	517.730000000	518.647777778	0.917777778	1035	756	0	0	137.047500000	640.759866667	af6430d4f9391a9094cd90f9fff0d7911ea30cad2caa098d569b60098ac1f676
n100-set04	family	high	narrow	20	5	instances/data/n100-set04/family/high-heterogeneous/narrow/m5.dat	517.730000000	518.647777778	0.917777778	1035	756	0	0	137.047500000	640.759866667	af6430d4f9391a9094cd90f9fff0d7911ea30cad2caa098d569b60098ac1f676
n100-set04	family	high	wide	20	3	instances/data/n100-set04/family/high-heterogeneous/wide/m3.dat	517.730000000	518.647777778	0.917777778	1035	756	0	0	137.047500000	640.759866667	0c85236c94bd98e2046c225a441a0847211cd5bfb2b97be7936e9e8e93760a1d
n100-set04	family	high	wide	20	4	instances/data/n100-set04/family/high-heterogeneous/wide/m4.dat	517.730000000	518.647777778	0.917777778	1035	756	0	0	137.047500000	640.759866667	0c85236c94bd98e2046c225a441a0847211cd5bfb2b97be7936e9e8e93760a1d
n100-set04	family	high	wide	20	5	instances/data/n100-set04/family/high-heterogeneous/wide/m5.dat	517.730000000	518.647777778	0.917777778	1035	756	0	0	137.047500000	640.759866667	0c85236c94bd98e2046c225a441a0847211cd5bfb2b97be7936e9e8e93760a1d
n100-set05	family	base	zero	1	3	instances/data/n100-set05/family/base/zero/m3.dat	27.485000000	27.489090909	0.004090909	54	40	0	0	7.233750000	33.970800000	393542f59708cb74fd0e4ae45925a15b20e76f3dd573dad3dc46406aa379df7b
n100-set05	family	base	zero	1	4	instances/data/n100-set05/family/base/zero/m4.dat	27.485000000	27.489090909	0.004090909	54	40	0	0	7.233750000	33.970800000	393542f59708cb74fd0e4ae45925a15b20e76f3dd573dad3dc46406aa379df7b
n100-set05	family	base	zero	1	5	instances/data/n100-set05/family/base/zero/m5.dat	27.485000000	27.489090909	0.004090909	54	40	0	0	7.233750000	33.970800000	393542f59708cb74fd0e4ae45925a15b20e76f3dd573dad3dc46406aa379df7b
n100-set05	family	base	narrow	1	3	instances/data/n100-set05/family/base/narrow/m3.dat	27.485000000	27.489090909	0.004090909	54	40	0	0	7.233750000	33.970800000	13525394422cc669c5602cd3262a1a016e01288a15574d956ee2519288d924a4
n100-set05	family	base	narrow	1	4	instances/data/n100-set05/family/base/narrow/m4.dat	27.485000000	27.489090909	0.004090909	54	40	0	0	7.233750000	33.970800000	13525394422cc669c5602cd3262a1a016e01288a15574d956ee2519288d924a4
n100-set05	family	base	narrow	1	5	instances/data/n100-set05/family/base/narrow/m5.dat	27.485000000	27.489090909	0.004090909	54	40	0	0	7.233750000	33.970800000	13525394422cc669c5602cd3262a1a016e01288a15574d956ee2519288d924a4
n100-set05	family	base	wide	1	3	instances/data/n100-set05/family/base/wide/m3.dat	27.485000000	27.489090909	0.004090909	54	40	0	0	7.233750000	33.970800000	c4fd0906426ae88d742e6faa554dda1799a70407e9cd74e2ed55d02654ee1a9e
n100-set05	family	base	wide	1	4	instances/data/n100-set05/family/base/wide/m4.dat	27.485000000	27.489090909	0.004090909	54	40	0	0	7.233750000	33.970800000	c4fd0906426ae88d742e6faa554dda1799a70407e9cd74e2ed55d02654ee1a9e
n100-set05	family	base	wide	1	5	instances/data/n100-set05/family/base/wide/m5.dat	27.485000000	27.489090909	0.004090909	54	40	0	0	7.233750000	33.970800000	c4fd0906426ae88d742e6faa554dda1799a70407e9cd74e2ed55d02654ee1a9e
n100-set05	family	medium	zero	10	3	instances/data/n100-set05/family/medium-heterogeneous/zero/m3.dat	278.150000000	278.682020202	0.532020202	556	405	0	0	73.639166667	344.295733333	3d5c5f2fd56cf82adfe4311b97fe0a3c23c0a49eafd845d7c92d7821d0ab8e6e
n100-set05	family	medium	zero	10	4	instances/data/n100-set05/family/medium-heterogeneous/zero/m4.dat	278.150000000	278.682020202	0.532020202	556	405	0	0	73.639166667	344.295733333	3d5c5f2fd56cf82adfe4311b97fe0a3c23c0a49eafd845d7c92d7821d0ab8e6e
n100-set05	family	medium	zero	10	5	instances/data/n100-set05/family/medium-heterogeneous/zero/m5.dat	278.150000000	278.682020202	0.532020202	556	405	0	0	73.639166667	344.295733333	3d5c5f2fd56cf82adfe4311b97fe0a3c23c0a49eafd845d7c92d7821d0ab8e6e
n100-set05	family	medium	narrow	10	3	instances/data/n100-set05/family/medium-heterogeneous/narrow/m3.dat	278.150000000	278.682020202	0.532020202	556	405	0	0	73.639166667	344.295733333	9588bd6ab4354b025e9a6946b88c0062efa93cd85a9b0c41ff15c3ddbd31682c
n100-set05	family	medium	narrow	10	4	instances/data/n100-set05/family/medium-heterogeneous/narrow/m4.dat	278.150000000	278.682020202	0.532020202	556	405	0	0	73.639166667	344.295733333	9588bd6ab4354b025e9a6946b88c0062efa93cd85a9b0c41ff15c3ddbd31682c
n100-set05	family	medium	narrow	10	5	instances/data/n100-set05/family/medium-heterogeneous/narrow/m5.dat	278.150000000	278.682020202	0.532020202	556	405	0	0	73.639166667	344.295733333	9588bd6ab4354b025e9a6946b88c0062efa93cd85a9b0c41ff15c3ddbd31682c
n100-set05	family	medium	wide	10	3	instances/data/n100-set05/family/medium-heterogeneous/wide/m3.dat	278.150000000	278.682020202	0.532020202	556	405	0	0	73.639166667	344.295733333	0f3d538b4bae511a7e850af84450b98ea07c41e5a7968a1721b4580d19a7dd55
n100-set05	family	medium	wide	10	4	instances/data/n100-set05/family/medium-heterogeneous/wide/m4.dat	278.150000000	278.682020202	0.532020202	556	405	0	0	73.639166667	344.295733333	0f3d538b4bae511a7e850af84450b98ea07c41e5a7968a1721b4580d19a7dd55
n100-set05	family	medium	wide	10	5	instances/data/n100-set05/family/medium-heterogeneous/wide/m5.dat	278.150000000	278.682020202	0.532020202	556	405	0	0	73.639166667	344.295733333	0f3d538b4bae511a7e850af84450b98ea07c41e5a7968a1721b4580d19a7dd55
n100-set05	family	high	zero	20	3	instances/data/n100-set05/family/high-heterogeneous/zero/m3.dat	550.380000000	550.781818182	0.401818182	1100	801	0	0	145.675000000	680.416000000	7a5c4c0ff233aaaaa274cefbe5786ad868625cf1aa049437d1b8db1a2d5bb221
n100-set05	family	high	zero	20	4	instances/data/n100-set05/family/high-heterogeneous/zero/m4.dat	550.380000000	550.781818182	0.401818182	1100	801	0	0	145.675000000	680.416000000	7a5c4c0ff233aaaaa274cefbe5786ad868625cf1aa049437d1b8db1a2d5bb221
n100-set05	family	high	zero	20	5	instances/data/n100-set05/family/high-heterogeneous/zero/m5.dat	550.380000000	550.781818182	0.401818182	1100	801	0	0	145.675000000	680.416000000	7a5c4c0ff233aaaaa274cefbe5786ad868625cf1aa049437d1b8db1a2d5bb221
n100-set05	family	high	narrow	20	3	instances/data/n100-set05/family/high-heterogeneous/narrow/m3.dat	550.380000000	550.781818182	0.401818182	1100	801	0	0	145.675000000	680.416000000	17297ae44de56055d8b49b675fcf0b26d1cbbd7a550eaa73548491f74853b7a7
n100-set05	family	high	narrow	20	4	instances/data/n100-set05/family/high-heterogeneous/narrow/m4.dat	550.380000000	550.781818182	0.401818182	1100	801	0	0	145.675000000	680.416000000	17297ae44de56055d8b49b675fcf0b26d1cbbd7a550eaa73548491f74853b7a7
n100-set05	family	high	narrow	20	5	instances/data/n100-set05/family/high-heterogeneous/narrow/m5.dat	550.380000000	550.781818182	0.401818182	1100	801	0	0	145.675000000	680.416000000	17297ae44de56055d8b49b675fcf0b26d1cbbd7a550eaa73548491f74853b7a7
n100-set05	family	high	wide	20	3	instances/data/n100-set05/family/high-heterogeneous/wide/m3.dat	550.380000000	550.781818182	0.401818182	1100	801	0	0	145.675000000	680.416000000	93385301280ca5fbb3ab0a83e43bac1d85e540e8c542f0b5abe3de4d4b06dfb1
n100-set05	family	high	wide	20	4	instances/data/n100-set05/family/high-heterogeneous/wide/m4.dat	550.380000000	550.781818182	0.401818182	1100	801	0	0	145.675000000	680.416000000	93385301280ca5fbb3ab0a83e43bac1d85e540e8c542f0b5abe3de4d4b06dfb1
n100-set05	family	high	wide	20	5	instances/data/n100-set05/family/high-heterogeneous/wide/m5.dat	550.380000000	550.781818182	0.401818182	1100	801	0	0	145.675000000	680.416000000	93385301280ca5fbb3ab0a83e43bac1d85e540e8c542f0b5abe3de4d4b06dfb1
