100 4
1394 2478 6222 8 6
1312 8989 13631 10 9
770 0 4474 1 8
2352 0 2209 4 6
252 9419 13457 2 2
885 4657 8303 5 3
567 0 4166 1 8
1764 8773 12123 9 9
84 0 3494 5 2
441 0 1911 3 9
195 0 2282 7 4
80 11816 16168 8 8
1264 0 2264 7 1
1480 9909 13707 6 1
1638 0 1731 9 6
1675 2920 6290 3 3
432 0 1733 3 5
1932 0 1943 5 6
1216 16778 20114 2 3
1491 9010 12310 10 10
21 9433 13517 6 5
1300 0 2140 1 6
171 7675 11675 10 8
420 0 2224 10 1
782 13785 18093 8 5
936 8876 12624 6 10
180 0 2070 2 1
1078 3413 6859 10 3
1235 7481 10719 1 5
1407 5119 8705 3 8
408 7309 11891 8 3
2150 1833 5567 1 7
285 7491 12197 8 6
1920 1172 5452 8 9
1298 0 1934 2 7
2016 0 1710 5 1
2208 0 1686 7 9
952 4876 9204 8 7
570 2115 5805 2 4
1044 11614 16170 7 10
1782 6309 9569 2 6
1034 9095 13059 8 1
1406 0 3868 9 5
1725 2746 7110 4 10
1044 15267 19965 4 9
1326 4599 8321 9 2
2300 2128 5360 5 5
1748 15296 19296 9 6
1029 275 3955 9 6
1350 0 1752 4 4
480 14546 18762 7 9
360 4825 8745 6 9
1320 1153 4729 10 2
1100 0 1983 3 7
450 9503 12777 8 6
2024 12499 15869 1 7
1475 0 2227 5 5
1368 4320 7584 10 4
1504 406 3964 10 4
1386 11496 16204 3 1
1700 9120 12732 3 9
1062 547 5333 8 2
736 0 1639 2 8
76 7226 11622 5 4
1520 726 4158 7 1
690 7767 11921 8 1
475 9986 14554 3 2
1632 10810 14470 3 5
200 11125 15131 7 2
63 1179 4743 3 4
144 0 2236 2 3
1780 12699 16603 9 4
275 6126 9810 4 5
828 0 2172 5 2
1173 10951 14649 2 8
20 6262 10876 7 8
936 2961 6197 1 3
690 2601 6135 4 2
1040 2354 7006 9 4
975 0 2462 3 6
540 5964 9778 3 10
765 7772 11128 4 5
1155 0 3959 8 3
1827 8700 12100 8 3
2156 0 1636 6 4
1748 9986 14014 6 3
480 7998 11970 9 3
1880 7039 10433 3 10
1804 2744 7168 2 6
864 9301 13331 8 10
1848 0 2172 5 4
1265 3249 7419 7 8
980 0 2329 9 8
893 9248 12708 10 9
1914 14911 19089 6 2
1088 0 1673 8 8
2275 3235 6987 3 3
2024 9535 12965 10 10
207 6921 10583 7 6
532 0 1999 10 1
SETUP
0 81 641 441 281 141 381 441 61 221 301 601 421 461 421 341 521 41 401 101 301 241 461 221 601 321 581 521 541 421 501 541 301 401 521 481 521 401 141 341 521 401 561 201 241 541 301 501 621 421 301 341 281 261 581 501 421 441 141 101 341 621 301 381 301 361 521 321 521 81 241 281 541 561 341 101 681 862 501 501 341 581 161 61 261 221 681 461 341 121 181 281 521 601 581 301 361 501 161 541 441
0 0 842 681 801 621 681 741 581 721 481 902 661 681 842 261 581 541 721 621 481 761 701 421 922 701 641 942 681 801 842 481 481 481 761 661 481 321 661 541 701 681 801 721 561 501 521 681 781 842 801 842 521 761 862 661 721 381 641 621 842 822 601 681 801 781 441 781 781 581 421 902 942 721 681 621 741 1082 541 681 521 801 681 581 761 721 942 962 521 1042 701 681 641 1062 641 781 301 581 661 721 741
0 541 0 661 481 501 521 641 521 181 661 822 641 421 701 461 721 501 421 321 401 321 721 601 381 541 741 822 761 501 761 621 661 421 701 561 661 221 501 561 882 421 201 421 461 581 541 801 801 641 521 561 481 601 601 721 561 561 361 321 621 701 521 461 761 581 341 701 521 421 601 421 781 621 441 321 761 661 441 601 541 822 381 521 521 301 261 661 501 801 401 521 541 822 761 541 481 541 361 161 781
0 441 421 0 521 481 41 701 441 341 501 761 361 581 501 281 481 421 561 481 461 401 461 421 421 421 461 601 641 561 561 501 501 361 461 301 501 361 541 81 721 581 401 481 341 341 201 581 441 681 441 481 381 641 441 281 61 401 521 201 481 561 401 341 661 721 481 581 581 461 441 561 281 321 461 481 561 1062 361 501 461 441 541 461 161 361 661 721 541 721 561 341 601 581 541 181 301 461 401 321 281
0 401 641 441 0 341 461 541 401 461 281 661 441 201 501 241 601 361 381 421 281 241 441 221 781 381 561 842 641 441 641 441 281 301 501 381 441 541 121 341 501 221 461 521 361 461 501 481 661 401 581 441 381 461 701 501 501 341 121 441 661 481 401 281 521 581 661 581 581 61 221 241 521 401 541 441 441 982 461 481 401 681 501 41 581 201 661 601 321 581 521 361 721 822 661 601 261 401 141 521 541
0 481 761 521 421 0 421 661 481 661 421 701 581 601 641 201 581 481 521 541 221 381 641 341 822 661 681 781 601 601 361 401 421 421 701 421 401 661 541 461 641 621 701 641 301 421 441 621 701 541 421 601 321 481 701 581 461 321 281 541 601 701 341 521 701 701 781 521 721 201 341 401 681 701 601 541 661 1082 721 421 461 721 601 461 541 341 822 481 441 741 601 521 862 822 621 441 221 521 281 661 681
0 421 401 501 601 461 0 661 421 321 621 741 341 541 481 481 461 401 541 441 441 381 541 541 401 401 441 581 621 541 541 521 621 341 421 421 621 341 501 61 842 561 381 461 321 321 181 561 421 661 421 641 361 621 421 681 41 541 481 181 681 541 381 321 641 701 461 561 561 441 561 541 261 281 441 461 541 1042 341 461 441 401 521 421 141 341 641 701 601 681 541 321 581 561 521 161 481 441 481 301 261
0 661 962 781 781 721 581 0 641 842 601 741 902 521 822 541 761 661 501 741 601 641 822 541 681 681 902 1022 761 421 641 601 601 601 882 701 601 842 741 641 822 521 761 842 461 621 621 801 902 1002 581 902 341 761 862 781 621 501 721 721 922 461 501 581 882 902 962 701 822 701 541 741 842 701 801 741 781 1082 561 822 381 882 801 701 701 601 561 581 641 882 822 641 1022 1002 761 621 421 361 701 842 741
0 21 781 381 481 81 401 741 0 661 481 781 661 681 561 281 601 481 601 541 301 461 701 421 801 481 641 461 681 361 441 481 481 421 701 481 481 341 581 441 701 341 581 661 361 501 521 681 781 621 481 441 381 401 761 641 441 381 341 561 281 761 241 401 241 781 461 601 781 281 421 461 641 521 681 561 741 1082 541 501 521 781 601 501 521 421 882 521 521 681 641 581 661 902 661 521 301 521 361 681 661
0 441 842 541 321 521 561 741 441 0 501 701 721 241 781 281 601 401 421 481 501 281 561 421 942 421 741 902 681 481 842 481 501 341 621 421 481 641 441 541 721 261 501 581 541 501 541 701 781 681 661 701 521 621 761 661 601 401 421 481 701 801 581 321 661 721 761 681 781 341 421 541 761 441 581 481 721 1082 281 661 461 822 541 341 641 481 942 641 541 621 561 661 882 982 661 661 301 441 181 741 761
0 401 401 541 421 441 501 541 401 321 0 721 341 481 381 81 461 361 541 421 301 441 521 221 641 541 601 581 481 601 521 301 301 301 581 421 281 361 461 61 521 501 381 521 361 301 321 501 461 741 621 661 341 581 421 461 521 201 461 421 661 341 421 321 621 581 481 601 601 401 221 481 741 601 461 441 541 1042 341 501 341 421 481 381 461 541 641 761 41 701 501 381 641 842 521 461 101 401 481 301 281
0 441 741 341 301 501 361 581 421 501 461 0 661 501 701 321 501 401 561 461 441 541 501 381 761 661 561 781 521 641 822 141 461 321 561 241 321 681 401 401 681 521 641 561 521 341 381 641 761 701 661 601 361 621 701 321 401 221 421 461 701 721 561 481 661 721 801 681 681 361 381 541 621 641 341 461 581 1002 641 661 381 641 441 341 481 501 902 801 461 882 541 521 601 902 561 521 341 441 341 641 621
0 621 521 641 401 661 521 381 621 441 681 862 0 601 641 481 661 741 521 581 681 621 641 601 882 761 601 721 721 581 401 581 461 681 461 581 661 741 521 481 902 621 681 481 441 501 321 822 882 781 721 621 461 521 842 461 541 581 501 581 882 201 481 681 741 741 862 681 601 421 621 641 761 721 621 581 561 1082 721 621 601 581 641 441 641 581 761 741 661 661 661 461 301 1042 641 661 501 741 281 421 681
0 221 601 301 421 281 321 521 201 341 261 461 561 0 561 41 421 161 341 241 261 261 321 181 701 181 501 661 461 541 601 261 261 101 381 181 261 401 281 301 481 21 261 341 301 261 301 461 541 541 441 481 281 381 621 441 361 161 281 241 481 581 361 81 441 501 521 441 561 201 201 641 581 201 441 241 521 962 421 421 221 581 301 201 401 341 721 701 301 381 321 461 641 741 481 421 61 221 281 501 521
0 421 761 561 601 241 521 721 401 561 641 902 761 781 0 421 481 381 541 441 441 581 661 561 862 661 501 641 321 621 601 301 641 301 481 621 301 701 481 561 862 721 601 521 501 321 221 341 922 721 641 681 541 581 781 481 561 541 481 441 681 882 561 521 641 701 822 541 661 401 561 621 781 601 501 441 561 1062 621 661 421 501 501 401 601 561 922 701 641 882 521 381 641 882 541 641 441 421 461 721 781
0 321 581 601 541 361 421 481 321 461 221 661 521 421 581 0 381 281 461 361 221 501 441 161 661 481 541 681 421 541 581 221 221 221 501 521 221 481 401 281 441 421 541 461 301 241 261 421 521 661 541 581 261 501 601 401 461 121 401 361 581 561 341 421 541 521 601 521 521 321 161 641 681 521 421 361 481 962 521 441 261 541 421 321 521 461 681 701 261 781 441 421 681 801 441 541 41 321 401 461 481
0 461 621 581 681 381 601 621 581 481 481 601 421 721 501 561 0 561 681 361 461 381 641 401 801 581 561 701 161 721 621 481 481 501 341 621 481 401 621 521 661 441 661 381 501 261 281 601 922 681 281 601 221 621 581 661 621 381 401 361 701 441 561 501 822 341 521 381 201 481 421 601 822 141 601 361 501 822 341 661 501 561 421 581 721 361 862 842 521 601 181 441 701 581 61 301 481 601 561 721 741
0 61 621 421 261 121 361 421 41 201 281 581 401 441 401 301 541 0 381 81 281 221 441 201 561 281 561 501 521 381 481 501 281 381 501 461 501 381 121 321 501 361 541 181 221 521 281 481 661 381 281 321 241 221 581 481 381 421 121 81 321 601 281 361 281 341 501 301 501 41 201 481 501 541 521 81 661 842 481 481 301 541 141 41 241 181 661 541 321 521 161 421 481 581 601 281 321 481 141 521 541
0 681 882 761 781 741 521 681 661 481 902 761 822 721 862 761 822 621 0 701 621 561 842 822 922 641 962 902 781 521 942 761 341 561 842 641 902 661 741 521 1082 481 721 441 701 822 701 982 761 761 822 601 721 842 721 902 561 801 661 701 721 1022 741 541 401 621 481 922 781 661 822 1002 781 661 741 621 922 1022 581 842 561 701 421 661 641 521 1082 681 741 842 701 842 701 922 681 681 721 681 661 781 561
0 341 681 501 341 421 281 361 341 141 541 521 341 361 421 321 481 361 461 0 221 161 561 461 681 221 521 641 441 481 461 521 541 301 501 381 521 501 461 321 681 381 461 121 161 501 241 541 681 321 201 241 181 301 501 421 321 421 41 21 601 541 201 281 561 261 621 401 441 121 461 561 541 561 461 21 601 781 421 441 241 501 81 381 401 121 581 641 561 521 101 361 421 501 541 221 341 421 201 561 541
0 281 601 541 441 341 201 701 261 521 461 501 541 561 661 241 621 521 561 581 0 581 681 381 601 601 641 561 621 601 381 441 461 441 621 621 441 521 481 261 601 581 581 661 81 461 381 421 541 741 501 561 101 481 481 621 241 341 541 381 381 481 121 521 501 561 641 321 761 461 381 501 461 481 641 581 701 1062 541 221 501 601 641 481 341 541 822 761 481 781 381 521 781 741 621 361 261 561 321 501 461
0 261 761 361 461 321 381 581 261 421 501 781 621 641 601 501 661 221 301 281 481 0 641 421 781 501 561 721 541 601 661 501 501 161 701 241 501 581 341 421 721 581 321 341 361 501 501 681 541 601 481 521 381 441 761 501 401 401 321 301 521 641 401 141 481 541 701 501 541 261 421 701 621 581 301 301 461 1002 461 481 261 761 361 261 441 401 862 761 521 721 381 641 701 781 441 481 301 261 341 661 641
0 481 661 541 341 541 561 341 461 41 521 721 681 261 501 301 461 421 441 501 361 301 0 441 621 441 661 801 541 521 741 501 521 361 81 421 521 661 461 381 741 281 521 101 441 521 401 641 761 421 701 741 461 341 761 681 261 421 441 501 721 781 481 341 701 761 781 681 641 361 441 561 781 461 481 501 741 1022 321 581 221 441 561 381 561 501 862 681 561 621 581 521 361 982 441 601 321 461 201 561 601
0 341 441 601 501 221 281 621 341 341 81 501 381 561 461 161 521 441 501 401 81 501 581 0 621 321 681 641 481 681 441 361 81 361 641 501 361 341 541 141 301 581 461 481 161 381 401 281 541 681 521 541 181 561 501 541 321 261 401 421 461 421 201 401 561 381 461 381 381 401 21 561 541 561 521 381 461 882 421 281 421 481 361 461 401 481 541 681 121 761 461 461 661 661 581 441 181 481 381 321 341
0 621 721 581 481 361 601 661 621 441 581 822 641 681 561 441 361 661 761 321 541 461 741 581 0 541 521 661 481 141 681 601 661 601 501 701 601 561 501 381 882 701 621 421 481 221 261 842 661 641 521 241 501 621 621 721 621 501 361 321 701 701 521 601 801 581 681 701 161 441 501 721 862 501 481 321 461 942 601 741 561 521 381 521 721 441 721 301 401 842 401 401 581 822 421 541 461 701 521 621 461
0 721 1022 1022 882 781 962 741 701 962 902 1082 1082 922 721 681 862 962 701 1022 902 962 1082 822 1082 0 962 701 561 1042 822 741 902 902 761 1022 902 801 1002 781 982 842 1042 781 962 902 681 1002 922 1082 761 1062 942 922 1042 922 982 801 862 1042 982 842 581 902 942 1082 461 781 1042 902 822 1082 1022 982 922 1042 801 1082 541 1082 922 962 1082 922 1082 922 1082 1082 701 1062 1022 842 661 1082 481 781 701 1002 761 1022 1002
0 501 341 61 561 541 81 481 501 261 421 822 421 481 321 201 541 481 481 401 401 461 521 341 481 481 0 661 601 621 621 401 421 401 501 361 401 401 581 141 641 501 461 501 401 381 261 441 501 221 381 541 421 301 501 341 121 301 441 261 541 621 381 401 721 641 521 641 641 501 341 481 341 361 521 401 621 1002 421 541 441 481 461 501 201 421 581 781 441 581 481 401 401 621 601 241 221 521 421 241 341
0 721 761 581 481 621 601 321 701 681 741 1022 661 681 401 601 661 681 601 641 521 461 862 681 882 761 521 0 721 661 481 601 741 601 381 621 701 721 561 421 741 701 621 421 601 701 261 721 781 621 801 621 621 241 781 721 521 721 361 641 902 761 641 581 842 902 321 842 842 281 681 721 862 781 561 641 902 882 421 741 541 521 701 501 721 421 882 801 561 521 721 401 241 1082 721 721 641 681 361 661 621
0 661 461 701 581 721 661 701 641 621 741 962 741 781 601 661 701 621 621 681 461 401 801 661 681 621 641 862 0 741 842 621 741 541 721 641 621 461 701 701 601 781 661 741 541 641 661 441 842 561 721 902 561 822 481 661 581 621 301 681 842 842 581 521 882 942 581 221 842 361 661 701 922 822 701 681 842 1082 661 561 501 741 741 621 781 361 701 741 721 1042 761 441 781 1082 741 741 541 501 461 601 681
0 501 601 721 361 561 721 781 481 501 521 942 521 561 621 301 681 581 741 641 521 581 601 441 701 721 822 761 361 0 741 521 521 521 641 621 521 421 481 241 741 561 561 661 601 521 541 721 521 761 641 741 561 801 481 701 601 421 481 641 561 561 641 501 681 822 541 561 601 401 461 581 862 741 521 641 701 882 481 721 561 481 701 401 801 561 842 161 261 761 721 561 741 1042 361 661 321 621 481 481 341
0 701 801 681 621 501 641 381 681 441 641 942 781 681 281 601 741 641 741 721 641 581 761 561 1022 842 621 761 361 761 0 581 521 581 541 822 581 521 441 681 862 681 721 561 701 601 361 601 982 761 541 741 721 121 822 601 681 701 481 701 862 621 741 721 882 801 641 561 942 401 561 842 862 882 641 721 721 1002 521 842 701 621 781 401 321 561 942 902 661 401 801 501 541 741 261 341 621 681 481 862 902
0 481 621 461 481 541 241 661 481 381 421 842 521 601 701 201 561 441 601 501 401 461 361 341 621 561 661 801 601 661 761 0 401 381 421 461 401 561 261 281 641 601 541 461 481 421 401 601 641 621 641 741 441 661 641 181 261 301 341 401 741 601 521 361 701 701 681 721 701 281 341 521 481 521 201 501 661 1082 561 621 341 641 561 461 361 421 862 822 441 922 581 541 721 781 621 381 221 481 361 521 481
0 661 781 781 621 741 401 641 681 701 882 441 621 801 701 701 741 641 441 701 501 441 842 801 761 781 781 741 721 761 601 561 0 581 761 661 581 721 741 441 1042 822 741 401 581 581 501 822 801 601 481 721 601 581 781 701 441 661 321 581 561 822 621 561 822 301 842 822 902 401 801 681 661 681 741 301 701 801 721 721 521 761 761 661 521 401 862 922 862 801 381 641 701 581 801 501 681 681 481 681 661
0 121 621 481 321 181 341 481 101 261 341 621 461 501 461 361 521 81 241 141 341 281 501 261 641 361 621 561 541 461 501 341 341 0 561 521 341 441 181 381 561 441 601 241 201 361 341 541 641 461 341 381 241 301 621 521 381 241 181 141 381 661 261 421 341 401 561 361 561 121 281 561 581 421 541 141 521 902 321 541 121 621 201 101 301 261 721 621 381 581 221 501 561 641 581 341 161 121 201 581 601
0 561 882 481 581 641 501 281 561 721 761 801 842 781 441 541 701 541 701 601 301 741 902 681 902 701 681 862 481 621 681 741 761 561 0 361 741 701 521 541 681 781 741 41 381 741 541 581 701 361 661 842 401 281 781 741 541 641 621 621 681 721 421 561 781 862 822 621 882 561 681 801 761 781 781 601 862 962 661 521 161 822 661 541 501 701 801 781 781 561 681 461 741 922 381 541 561 641 461 781 761
0 561 541 121 241 561 141 481 561 441 481 842 481 421 621 401 601 541 341 581 461 421 561 401 541 521 321 721 761 401 681 601 481 461 561 0 601 461 321 181 701 441 521 601 461 441 301 661 541 541 561 601 481 601 561 381 181 501 321 321 601 681 501 441 701 761 581 701 681 241 401 461 401 421 581 581 661 781 481 601 581 541 641 241 261 381 781 561 481 801 661 461 721 681 661 301 421 581 101 421 401
0 121 621 401 321 181 241 481 121 261 341 621 461 501 381 201 181 81 261 141 341 301 361 261 641 361 341 461 221 321 501 21 341 21 321 461 0 441 181 281 561 441 321 241 221 21 61 541 641 461 341 381 241 301 621 181 261 261 181 161 381 601 261 361 341 401 561 361 361 121 281 521 481 321 201 161 261 761 321 541 121 341 201 101 301 261 661 481 361 581 241 221 461 641 241 341 161 121 201 521 501
0 441 862 461 561 501 481 421 421 581 541 601 781 581 641 321 521 401 561 461 541 601 761 481 862 381 621 761 681 741 781 401 541 321 481 341 541 0 501 521 761 601 721 521 521 561 361 741 601 781 661 701 561 621 902 581 521 441 501 461 701 581 581 661 661 721 141 681 721 421 481 721 701 661 601 461 621 1082 221 761 441 621 521 421 601 581 982 902 281 822 541 501 341 902 581 521 361 441 441 761 741
0 501 842 701 701 561 621 862 501 641 721 1022 862 882 761 581 561 461 641 521 621 541 761 661 1022 741 721 862 601 701 902 401 721 401 701 701 401 822 0 661 942 822 721 641 601 401 441 922 962 721 521 761 621 681 822 581 661 641 441 541 761 982 641 581 721 781 942 741 741 501 661 922 882 701 441 541 661 1082 701 822 501 721 601 481 681 521 982 862 741 842 621 601 862 922 621 541 541 501 581 741 761
0 381 361 481 581 441 521 681 381 261 621 922 301 501 501 541 581 361 501 401 621 541 501 561 601 621 701 761 741 721 501 481 621 301 561 381 641 321 461 0 842 521 341 521 501 641 621 801 421 721 601 641 521 581 381 641 501 541 441 421 641 501 541 281 601 661 441 641 741 401 561 501 761 701 401 421 581 1022 301 601 401 361 481 381 581 521 601 862 601 641 501 341 581 902 641 621 441 401 441 261 221
0 581 541 661 601 621 581 621 561 461 201 882 541 681 481 281 661 541 621 601 381 321 701 421 361 41 801 721 601 501 721 481 481 461 761 561 481 561 641 261 0 541 581 661 461 501 521 681 301 741 781 601 481 321 601 661 621 381 461 601 741 521 501 441 801 761 481 701 521 381 141 681 842 721 621 601 461 942 441 601 521 601 621 561 661 281 241 661 241 601 681 581 681 1042 501 661 301 581 481 441 461
0 201 701 281 401 261 301 561 201 341 421 661 541 581 541 441 601 161 341 221 421 241 581 341 701 161 501 641 621 541 581 441 421 101 641 181 421 521 261 361 641 0 261 321 301 441 421 601 721 541 421 461 261 381 701 441 341 341 261 221 461 581 341 81 421 481 621 441 581 201 361 621 561 201 541 241 621 942 401 401 201 701 281 181 381 341 801 701 461 381 321 541 641 721 621 421 241 201 281 601 561
0 341 741 681 501 401 561 701 321 481 561 842 681 701 681 461 741 301 461 361 541 481 721 481 862 581 842 781 761 681 701 561 561 241 781 721 561 661 401 601 781 661 0 461 441 581 561 761 862 641 561 601 461 521 842 741 601 461 381 361 601 521 481 601 561 621 781 581 781 301 501 741 801 661 761 361 741 1082 541 761 341 842 421 321 521 441 902 761 601 801 441 721 781 862 801 561 381 341 381 801 822
0 541 922 741 721 601 761 241 541 701 741 942 902 741 441 521 661 501 741 581 721 721 922 661 902 661 781 922 741 661 641 721 721 541 501 641 721 681 501 781 641 761 721 0 701 741 521 561 942 341 761 822 561 721 1022 902 801 621 601 581 761 701 401 541 761 822 801 781 862 541 661 942 1002 801 822 581 882 942 801 741 141 781 641 541 481 681 781 822 761 1022 661 421 721 902 721 501 541 601 581 822 862
0 201 521 461 361 261 141 641 201 441 381 421 481 501 581 161 541 441 481 501 381 501 601 301 541 521 581 641 581 541 301 381 381 381 561 541 381 461 401 181 521 501 501 581 0 381 301 581 541 741 561 621 41 421 421 561 181 281 461 321 461 661 61 441 421 681 581 241 681 401 321 421 401 421 581 521 641 1082 461 581 421 541 581 401 261 481 761 701 421 701 601 441 701 681 541 301 181 481 241 421 401
0 501 661 381 461 161 401 541 501 561 521 741 561 661 361 361 161 461 641 521 381 541 721 441 781 721 321 461 321 701 521 401 521 401 301 561 401 561 421 441 741 601 421 341 441 0 41 681 801 541 441 741 381 581 741 581 441 301 421 521 741 601 481 501 721 501 681 541 341 361 441 541 661 301 361 521 261 741 501 581 441 321 581 481 521 501 641 601 521 641 321 201 461 741 221 461 381 501 441 541 661
0 601 621 341 421 541 361 501 581 521 601 982 701 621 321 481 401 561 641 621 561 561 741 621 761 741 281 421 561 781 882 621 681 481 261 581 621 681 381 401 902 641 381 301 641 641 0 641 781 501 641 822 621 541 781 561 401 581 461 541 822 741 661 461 822 741 741 721 601 381 521 661 621 541 321 621 781 1082 701 781 421 281 681 461 481 541 862 561 621 822 561 161 421 902 461 521 501 601 481 501 621
0 321 661 401 521 381 421 681 321 461 541 822 681 701 661 561 721 281 461 341 541 501 701 481 701 561 621 761 201 661 701 561 541 221 761 301 561 641 381 481 761 641 381 441 421 561 541 0 842 661 541 581 441 501 661 561 461 461 381 361 581 701 461 201 541 601 761 421 701 321 481 761 681 641 741 361 741 1062 521 521 321 822 401 301 501 461 581 822 581 781 441 641 761 842 781 541 361 321 401 721 681
0 521 581 401 641 361 421 701 501 501 261 681 541 641 541 221 601 501 681 561 261 461 661 181 701 501 741 801 641 741 621 441 261 441 721 601 441 501 621 241 481 641 421 641 321 441 461 441 0 581 681 701 341 721 601 621 461 341 341 441 621 421 361 501 741 541 621 561 561 421 181 661 681 701 641 541 181 661 521 461 481 601 541 521 561 421 721 842 181 882 621 561 822 842 661 581 241 541 501 481 461
0 301 842 421 481 321 441 481 301 481 501 621 681 661 101 281 561 301 461 361 481 501 701 421 842 581 601 741 421 641 421 401 501 221 521 321 401 621 401 481 721 621 401 461 421 421 321 241 741 0 561 601 241 521 681 581 481 341 401 361 561 721 161 201 521 621 741 581 721 321 421 621 701 641 601 361 661 1082 541 541 341 601 421 321 521 481 822 801 521 801 441 481 401 862 621 561 301 341 361 721 541
0 401 641 361 461 481 321 541 401 561 621 621 661 641 321 501 401 361 641 441 601 581 661 561 521 641 321 441 561 641 721 521 641 521 301 601 621 641 361 361 862 661 401 321 581 621 41 641 741 521 0 621 601 561 301 601 361 601 481 441 441 641 621 501 621 681 761 641 601 401 561 681 581 541 341 441 421 1002 321 781 461 301 501 401 441 541 882 581 661 321 521 161 441 421 461 41 521 541 481 541 581
0 541 741 621 461 601 561 601 541 561 741 842 441 661 541 541 882 501 581 561 361 281 721 661 601 781 842 822 822 621 721 721 741 441 661 521 721 842 581 601 942 661 601 621 421 721 721 681 822 461 761 0 441 721 822 541 581 661 181 561 721 641 481 421 761 822 962 661 761 241 661 701 741 761 541 561 501 1082 741 561 541 902 621 501 681 241 481 781 721 942 641 801 721 1062 721 701 561 541 341 842 761
0 761 862 441 701 501 461 962 761 761 701 401 801 902 681 681 761 741 741 801 501 801 882 781 862 521 902 902 922 741 862 541 842 681 701 621 721 781 601 501 501 902 681 721 581 741 621 902 781 1042 882 601 0 822 882 701 501 621 761 641 862 801 621 661 982 1042 902 801 942 681 621 401 721 741 721 822 842 1082 741 701 621 862 701 741 581 781 741 902 721 1082 882 521 982 1002 822 621 661 601 721 741 721
0 581 862 641 501 401 661 781 561 661 521 942 681 701 181 581 641 541 621 601 521 481 641 441 1022 761 581 801 481 681 761 461 521 461 641 701 461 761 321 561 741 701 761 681 581 481 401 501 902 641 801 842 621 0 942 641 681 701 361 601 842 681 641 601 761 801 882 701 822 281 461 741 741 761 521 601 721 1082 781 721 581 661 661 281 761 441 902 842 561 301 681 461 801 1062 701 801 601 581 381 761 781
0 401 521 481 601 461 501 761 381 441 621 902 541 681 741 581 581 361 521 421 621 561 681 541 221 641 701 761 661 361 741 621 621 281 721 381 621 561 381 241 842 681 381 521 481 441 461 761 661 741 621 461 521 581 0 581 121 521 461 421 661 741 541 261 621 681 681 641 381 381 541 661 761 701 321 421 681 1082 541 561 401 281 481 381 581 541 761 481 581 862 501 581 801 922 641 621 441 401 461 421 461
0 341 441 541 521 361 61 481 321 221 241 661 341 421 541 21 401 301 461 361 221 421 181 161 461 441 501 621 421 541 601 221 241 221 241 461 221 381 401 101 461 441 421 281 301 241 221 421 461 601 461 601 261 501 461 0 81 121 401 221 601 541 341 361 561 521 501 541 541 321 161 601 301 341 421 361 481 982 381 441 261 461 421 321 181 381 681 701 261 741 441 361 541 601 441 221 41 341 381 341 321
0 501 401 621 621 561 641 801 501 321 741 962 421 561 621 581 701 481 541 461 681 581 621 681 381 661 781 641 842 501 621 601 741 421 681 501 761 441 581 141 982 561 461 561 601 581 621 641 541 761 661 601 621 701 501 761 0 661 501 461 761 621 661 401 721 721 561 761 521 521 681 561 882 761 521 461 701 1062 421 441 521 481 521 501 701 561 641 661 721 781 541 461 721 962 761 681 561 521 501 301 341
0 221 581 501 421 281 341 361 201 361 241 541 541 601 481 281 281 181 361 241 241 381 441 161 701 461 441 561 301 421 601 101 241 121 421 561 101 481 281 281 461 541 421 341 301 121 161 421 701 561 441 481 141 401 481 281 361 0 281 241 481 541 341 461 441 501 601 461 461 221 161 541 581 421 301 241 361 862 421 441 161 421 301 201 401 361 681 581 241 681 321 301 561 741 341 441 261 221 301 481 501
0 381 781 461 301 441 381 421 361 521 581 681 461 481 381 381 761 321 421 401 181 121 561 501 661 601 661 741 641 441 561 601 581 261 501 361 581 681 421 421 781 501 421 461 261 601 541 501 641 281 601 641 281 541 661 381 421 501 0 401 561 661 301 241 601 661 801 501 641 81 501 521 641 601 421 401 561 1082 581 401 381 741 461 341 501 81 541 601 541 781 481 641 661 902 561 541 401 381 161 661 581
0 341 661 601 501 401 281 741 341 521 521 561 521 641 721 301 681 581 621 661 521 641 741 461 681 221 721 781 721 681 441 521 521 521 701 681 521 601 541 321 661 641 661 721 161 541 441 721 681 882 701 641 181 561 561 701 321 421 601 0 601 721 201 581 561 822 661 381 822 541 461 561 541 561 721 661 781 1082 601 721 561 681 461 541 401 621 902 842 561 842 741 601 801 822 681 441 341 621 381 561 541
0 561 822 581 641 261 601 521 561 701 461 882 621 661 461 241 621 521 701 581 461 461 681 401 761 701 521 201 661 781 621 461 461 461 581 681 461 681 641 521 681 661 761 601 541 481 441 601 761 381 681 181 501 421 842 641 641 361 341 601 0 801 521 581 781 761 521 761 761 421 401 661 862 761 661 601 681 902 601 661 501 721 661 561 481 421 661 741 501 721 681 601 421 902 681 521 281 561 501 701 721
0 421 641 501 601 461 361 581 421 541 621 661 581 721 481 401 461 641 701 581 621 721 741 541 761 741 621 761 541 661 201 381 621 561 481 381 601 601 501 281 761 741 601 521 241 321 361 641 701 781 641 822 261 321 641 561 401 501 621 541 681 0 281 541 541 701 721 481 421 601 541 661 621 601 541 581 361 1042 581 441 641 501 641 581 481 681 781 822 641 461 541 501 721 882 441 521 421 681 481 521 501
0 161 681 521 321 221 541 581 141 581 341 761 641 521 541 121 501 401 441 461 341 521 561 261 781 581 661 601 521 481 261 341 341 341 621 621 321 481 441 381 561 461 641 561 401 341 381 541 621 701 621 581 381 381 701 501 561 241 421 461 421 661 0 521 381 621 601 641 641 341 261 561 781 621 521 461 581 1082 641 541 381 661 521 361 561 501 801 641 381 661 541 541 781 922 501 601 141 441 201 581 601
0 141 641 221 341 201 241 501 121 281 361 641 481 521 481 381 541 101 281 161 361 301 521 281 641 381 441 581 561 481 521 361 361 41 581 121 361 461 201 281 581 461 201 261 241 381 361 541 661 481 361 401 261 321 641 381 281 261 201 161 401 521 281 0 361 421 581 381 521 141 301 561 501 461 561 161 541 882 341 341 141 641 221 121 321 281 741 641 401 601 241 521 581 661 601 361 181 141 221 541 501
0 601 701 681 481 601 701 842 601 621 581 561 641 541 721 421 601 581 681 501 581 521 721 501 822 581 701 781 481 121 862 641 581 521 681 581 641 541 421 361 801 421 681 601 641 461 421 781 561 701 701 741 501 741 601 781 721 541 421 501 581 681 701 501 0 761 661 681 721 341 501 621 401 441 621 501 701 1002 601 781 621 581 561 341 381 501 781 281 381 801 581 581 822 801 481 421 441 621 441 601 441
0 401 902 661 601 441 501 701 381 541 621 902 741 781 601 461 441 341 521 421 621 561 641 541 621 621 601 741 481 601 321 281 621 281 581 741 281 701 461 541 842 701 601 521 481 301 341 801 641 721 621 581 501 421 882 461 541 521 461 421 661 862 521 621 621 0 761 621 641 381 541 381 501 521 481 421 421 521 601 822 401 601 481 381 581 521 942 741 621 721 501 481 741 922 501 601 441 401 481 781 761
0 601 842 561 661 641 501 301 601 661 521 922 801 461 541 301 401 561 741 641 501 621 641 441 902 641 501 641 561 721 741 281 501 501 361 641 501 761 541 561 741 481 601 401 581 521 241 701 481 721 681 601 541 641 882 461 541 401 521 641 862 541 621 541 842 741 0 781 581 561 441 801 561 541 481 641 641 1082 101 721 521 501 701 601 621 581 862 781 261 842 561 381 221 781 461 401 321 601 641 741 761
0 661 721 681 801 621 701 641 661 641 781 842 882 822 401 561 481 621 721 681 761 822 982 701 1082 621 862 641 641 982 982 641 581 561 501 581 681 241 721 741 1002 822 922 541 761 701 581 721 641 862 741 882 661 761 1042 801 741 661 701 701 922 801 801 781 882 801 361 0 661 641 701 681 922 621 822 701 801 1082 441 982 661 842 741 641 822 781 962 1082 521 1042 641 221 561 1042 541 741 581 661 661 621 922
0 521 721 441 501 221 441 521 501 301 441 681 501 541 421 401 221 521 621 181 401 321 721 501 822 381 381 521 381 661 541 461 581 461 361 561 441 601 481 481 801 541 461 281 321 61 101 721 842 481 381 421 341 461 681 581 461 361 221 181 761 641 361 441 741 441 721 561 0 281 361 601 701 361 421 181 321 801 561 601 401 381 241 541 581 281 701 661 461 681 261 261 521 681 281 401 421 561 381 601 701
0 441 822 401 221 501 421 501 441 601 501 741 401 421 461 461 822 401 341 481 261 201 621 421 741 581 741 822 721 401 621 661 501 341 581 421 661 741 341 461 721 421 501 521 341 681 481 581 721 361 541 661 361 621 661 441 461 561 81 481 641 581 381 321 561 721 822 561 701 0 421 461 681 521 481 481 641 1082 641 461 441 741 541 261 541 161 621 561 481 801 561 561 681 942 621 561 481 441 101 701 661
0 481 421 601 501 501 561 621 461 341 81 781 421 561 461 161 521 421 561 481 361 501 581 301 601 621 661 661 561 681 601 361 361 361 641 501 361 441 541 121 601 561 461 581 441 381 401 561 541 801 681 721 401 641 501 541 601 261 521 481 741 401 481 401 701 641 561 681 661 461 0 561 822 661 521 481 621 1082 421 581 401 481 541 461 541 581 661 842 121 761 561 461 701 922 581 541 181 481 521 321 341
0 541 621 621 501 101 521 681 541 541 521 801 641 701 281 301 381 561 361 641 321 481 721 441 801 761 681 822 521 361 461 501 521 501 661 521 501 701 221 401 741 701 721 701 381 521 401 621 801 641 521 221 401 581 761 681 541 401 361 641 681 801 441 601 761 701 822 621 561 301 441 0 761 501 641 641 701 1082 461 521 541 681 701 541 641 441 681 521 541 842 541 121 581 922 421 541 321 621 381 521 621
0 481 701 421 521 201 441 581 481 521 361 501 621 701 401 381 201 441 581 381 341 281 721 301 822 281 361 501 361 601 481 381 361 381 361 501 381 601 461 401 581 641 461 381 421 61 101 561 161 581 481 621 101 581 761 561 481 281 421 401 721 581 461 401 701 541 721 581 401 401 301 501 0 41 401 401 301 781 541 541 421 361 461 461 561 241 701 641 341 681 381 241 501 701 261 501 401 481 481 601 601
0 461 681 441 641 241 461 561 461 481 341 481 641 721 561 421 521 421 541 361 321 241 681 261 862 581 681 801 541 581 601 361 341 361 661 481 341 581 521 381 561 741 561 481 381 361 401 541 781 681 561 601 81 641 721 521 501 261 401 381 681 661 441 381 681 621 701 621 641 421 281 481 721 0 541 381 601 1082 661 521 401 681 421 441 581 221 801 701 381 882 461 561 781 661 581 581 441 461 521 581 601
0 281 681 281 301 341 301 561 281 441 521 801 461 481 521 521 621 241 401 301 321 261 641 441 661 521 581 741 661 461 681 461 441 181 641 261 461 461 81 341 741 501 341 421 381 461 461 641 561 421 501 541 401 461 521 521 321 421 161 321 541 661 421 161 501 561 581 521 601 81 441 521 541 581 0 321 701 1022 481 481 141 501 381 281 421 221 681 621 541 741 401 601 721 801 681 441 321 281 161 581 361
0 361 801 501 321 461 421 341 401 561 581 501 321 521 421 421 601 361 441 421 221 141 561 521 701 521 501 641 441 481 561 541 581 301 481 381 541 501 441 461 741 541 461 101 301 541 221 541 681 321 201 661 321 301 501 401 461 481 41 441 581 521 341 281 621 261 621 521 681 121 521 561 681 641 441 0 601 761 521 421 241 501 501 361 541 121 581 641 581 521 81 361 421 501 581 221 401 401 201 701 621
0 641 701 842 681 681 701 801 641 621 541 962 822 862 521 621 701 601 781 501 541 641 842 461 521 721 862 882 741 661 822 481 541 541 842 721 541 781 541 581 761 882 321 601 621 541 581 641 822 421 701 741 581 801 902 661 741 441 541 521 862 822 581 621 862 761 902 842 681 461 481 721 922 842 681 521 0 1082 801 741 581 862 561 461 822 621 942 822 581 1022 601 741 801 721 761 721 341 641 561 781 801
0 261 962 541 661 601 561 902 801 842 701 401 902 842 922 521 842 761 561 721 661 601 882 621 521 501 741 1082 902 661 942 541 701 701 942 441 701 581 741 601 922 862 902 801 741 721 721 882 842 962 922 761 441 982 982 701 601 601 741 721 1022 1022 781 721 962 982 701 641 681 661 621 822 822 361 721 721 962 0 801 882 741 962 781 661 681 561 1082 822 721 1082 801 862 902 1022 902 721 541 822 521 842 822
0 661 801 661 681 681 421 842 661 581 601 902 721 781 822 381 321 621 801 661 601 641 561 521 822 741 842 982 481 862 942 201 601 561 621 641 581 701 461 461 822 761 721 641 661 521 561 801 641 822 581 902 521 842 842 381 461 501 541 601 922 741 721 541 882 641 822 681 501 461 521 721 481 461 401 681 781 1082 0 801 521 822 721 661 541 621 1062 922 641 902 481 721 882 902 381 581 401 661 541 701 681
0 521 741 341 721 541 361 721 521 661 401 581 701 882 661 481 741 481 661 541 401 461 781 321 761 641 801 922 401 862 461 661 401 421 621 501 681 641 581 401 621 842 581 661 461 581 521 221 341 561 741 781 501 581 761 601 401 581 581 541 761 281 521 401 741 681 441 401 681 521 321 882 621 641 741 561 501 982 521 0 521 761 601 501 481 661 801 1002 441 741 641 621 641 902 721 521 501 521 601 641 621
0 521 1002 721 721 581 741 781 521 661 741 942 761 621 701 641 781 481 661 541 661 581 902 661 1042 761 661 801 882 781 902 741 741 421 641 801 741 541 361 781 962 621 761 541 621 761 381 801 922 761 641 781 641 701 942 842 781 661 481 541 781 882 661 681 741 701 661 761 962 521 681 942 982 801 701 441 761 1082 721 601 0 661 601 501 341 561 1022 822 781 962 521 541 801 761 842 381 561 521 601 882 1002
0 321 601 301 321 381 341 601 321 461 521 842 501 521 561 301 661 281 441 341 361 301 481 441 681 561 621 781 701 501 661 501 481 221 541 301 501 501 101 381 741 541 101 461 421 501 501 501 601 461 521 581 441 501 561 301 361 421 201 361 581 461 461 201 541 601 621 561 641 121 461 561 581 601 41 361 521 1062 521 521 181 0 401 301 461 261 721 661 561 781 441 641 601 842 721 481 321 321 201 501 401
0 441 862 601 381 561 621 761 501 61 561 761 621 301 721 341 401 461 481 541 521 341 601 481 781 481 741 882 561 541 822 541 561 401 681 481 541 701 501 581 781 321 561 641 601 441 461 761 842 621 681 181 581 681 822 721 461 461 361 541 761 822 641 381 721 741 822 741 381 401 481 601 822 501 641 541 681 1082 341 721 501 741 0 401 701 421 661 701 581 641 581 621 862 982 461 701 361 501 241 741 801
0 461 601 401 241 381 441 501 441 421 261 681 401 421 461 321 641 421 341 481 241 201 401 181 741 501 761 801 641 401 621 481 241 341 461 441 481 501 101 301 481 441 501 501 321 501 481 441 641 361 561 661 341 421 661 461 461 441 101 481 621 581 361 321 481 541 621 561 541 21 181 461 481 501 501 481 621 942 501 461 461 661 521 0 561 161 621 561 281 701 561 581 681 822 641 581 341 461 101 481 521
0 641 661 381 461 581 401 541 621 561 641 641 741 661 361 521 441 601 681 661 481 601 681 661 801 581 321 461 601 461 741 601 721 521 301 541 661 201 421 441 962 681 421 341 561 681 61 681 681 541 681 721 581 581 761 621 441 621 501 581 561 661 601 501 862 781 321 461 641 421 561 601 661 581 361 661 421 1002 421 681 461 321 721 501 0 581 902 601 481 862 621 201 461 421 501 41 541 561 521 561 661
0 301 701 381 501 361 321 361 301 441 521 601 641 661 641 341 701 261 341 321 121 41 681 441 701 541 601 681 581 381 481 541 521 201 741 281 521 621 361 361 701 621 361 381 181 541 481 521 581 641 521 561 201 481 581 541 341 441 361 321 481 581 241 181 521 581 741 421 561 301 461 601 561 601 341 321 481 1042 501 321 301 721 381 281 441 0 902 541 561 761 401 621 741 822 481 461 341 301 381 601 561
0 341 741 421 541 401 361 401 341 481 561 641 681 701 681 381 481 301 381 361 161 81 721 501 141 581 641 701 601 261 521 581 561 241 621 321 561 661 401 401 741 661 401 421 221 341 381 561 621 681 561 361 241 521 361 581 381 481 401 381 501 641 281 221 561 621 781 461 281 341 501 641 601 621 381 381 521 1062 541 361 341 641 421 321 481 61 0 421 521 801 461 521 721 862 521 501 381 341 421 641 581
0 461 641 641 201 501 561 621 461 601 361 781 621 401 461 141 521 421 581 481 361 421 581 281 801 561 661 801 201 261 601 361 361 361 641 581 361 621 321 421 581 401 641 601 441 361 381 561 641 601 681 641 401 641 661 541 601 261 321 501 721 401 481 461 681 661 741 421 441 241 301 421 701 581 561 501 621 721 641 561 401 661 561 241 641 401 822 0 101 761 581 541 801 942 581 681 161 461 341 601 581
0 361 621 621 581 401 461 521 361 501 261 701 561 461 361 61 421 321 501 401 261 401 481 201 701 521 561 701 461 581 501 261 261 261 541 561 261 521 441 321 481 461 581 501 341 281 301 461 561 701 581 621 301 541 641 441 501 161 441 401 621 301 381 461 581 561 641 581 561 361 201 701 721 561 461 401 521 1002 561 481 301 561 461 361 561 501 721 741 0 761 481 441 701 842 481 581 81 361 441 501 521
0 501 681 501 521 561 521 761 501 581 741 942 681 701 341 601 421 461 621 521 561 481 781 661 882 721 741 882 581 681 902 421 661 401 721 481 421 681 41 561 962 721 561 521 601 441 481 521 601 641 561 761 561 681 741 601 541 641 381 541 761 842 641 381 621 761 801 741 601 301 661 741 461 481 241 541 681 1082 701 721 361 721 601 501 641 441 781 842 761 0 581 181 842 962 481 581 541 501 381 561 581
0 281 761 481 561 581 441 621 521 501 501 421 241 741 441 541 521 481 701 541 501 701 481 441 641 441 421 561 361 761 481 461 501 461 401 661 461 421 461 481 721 741 521 441 581 461 141 701 801 641 121 721 541 601 421 641 461 401 581 541 541 441 621 601 741 181 541 581 701 521 441 561 661 661 461 561 521 681 441 701 541 421 601 501 561 661 962 701 541 441 0 281 541 421 581 141 321 561 521 641 701
0 581 501 721 721 401 701 761 581 421 721 842 661 661 181 581 261 541 501 561 601 641 822 661 862 761 661 801 421 781 761 481 721 481 601 781 461 641 641 741 922 661 701 621 681 481 401 501 1082 862 521 801 461 761 822 641 721 641 601 561 842 681 721 681 801 581 761 621 441 581 661 661 942 401 661 561 721 1062 601 822 581 661 621 561 761 601 741 862 761 842 421 0 681 842 321 561 601 581 601 401 942
0 621 641 361 461 581 381 101 601 561 621 822 721 601 341 501 441 581 601 641 461 421 781 621 781 761 301 441 581 521 741 641 701 501 161 521 641 701 401 421 842 621 401 201 541 661 41 681 801 521 661 401 441 441 801 601 421 601 321 561 741 541 581 481 842 761 761 761 621 381 541 681 641 561 341 641 822 1082 661 681 321 301 701 481 501 381 661 581 641 721 601 181 0 922 481 541 501 461 481 541 641
0 701 902 701 641 401 721 461 681 641 601 982 741 781 541 381 741 641 741 721 581 581 621 521 902 842 641 161 641 421 621 581 601 581 541 781 581 561 661 561 822 781 761 561 661 601 401 721 882 501 801 301 621 381 902 761 661 481 481 721 141 922 661 701 922 882 461 341 882 421 521 781 982 882 701 721 801 581 561 801 621 661 781 581 601 541 781 581 621 661 801 541 381 0 761 641 401 701 501 801 741
0 681 561 641 681 741 601 561 681 501 822 902 842 741 601 661 601 641 721 701 561 501 842 761 781 681 601 721 101 822 561 481 822 621 301 641 721 341 641 641 681 541 621 321 601 681 321 541 922 641 281 902 601 561 561 661 641 721 381 721 721 381 661 601 902 922 461 321 781 461 761 801 761 721 621 721 681 761 281 661 441 581 781 681 721 461 801 842 621 601 761 441 661 701 0 301 641 581 541 701 761
0 601 621 341 441 561 381 521 601 541 601 601 701 621 341 481 421 561 661 621 561 581 641 621 761 761 301 421 561 781 701 621 701 501 281 581 621 701 381 421 922 641 381 301 621 641 21 661 781 501 661 701 621 541 721 581 401 581 461 541 521 621 661 481 822 741 741 721 601 401 521 661 621 561 321 641 401 982 701 781 441 281 681 481 501 541 862 561 641 822 581 161 421 401 481 0 501 521 481 521 621
0 301 561 581 521 341 401 461 301 461 201 621 501 681 561 281 361 261 441 321 201 481 541 141 741 441 521 661 401 501 561 201 201 201 501 501 201 461 381 261 421 621 521 441 281 201 241 401 481 641 521 561 241 481 581 381 441 101 361 341 561 541 321 401 521 501 581 501 501 301 141 621 661 501 401 341 461 942 501 401 241 521 401 301 481 441 661 661 241 761 421 401 661 781 421 521 0 301 381 441 461
0 301 601 561 461 361 241 501 281 501 261 521 541 581 601 261 401 301 141 381 241 521 581 181 621 501 561 701 441 561 401 241 241 241 541 541 241 501 381 281 481 601 561 481 101 261 301 441 541 681 561 621 121 521 501 421 261 141 421 361 561 581 141 461 521 541 621 341 541 341 181 521 481 501 441 381 421 982 221 461 21 561 441 341 341 481 701 721 281 801 461 441 701 761 461 381 61 0 341 481 481
0 541 761 561 141 461 581 661 521 581 421 741 541 321 601 361 721 481 261 561 401 341 561 341 801 501 681 962 661 321 781 581 421 421 621 501 581 661 261 461 641 341 581 661 481 581 621 601 801 501 701 581 501 581 581 601 601 481 241 561 781 621 521 401 641 701 741 721 701 161 341 361 641 441 641 561 561 1082 581 621 541 781 621 181 701 301 761 481 381 701 641 481 822 942 661 721 381 521 0 661 641
0 461 121 561 341 361 441 501 461 21 521 681 501 261 541 301 621 421 261 161 381 301 561 441 481 381 661 801 601 501 601 501 521 361 621 441 501 341 461 481 741 281 321 281 321 521 401 701 741 481 361 401 341 461 661 581 481 401 201 181 721 681 361 341 661 421 461 541 601 281 441 261 701 461 561 181 741 761 301 581 401 661 221 361 561 281 361 661 541 641 261 381 581 661 681 381 321 461 201 0 701
0 161 681 461 481 241 481 521 161 321 461 701 641 541 701 421 621 421 581 481 441 421 281 381 381 481 721 621 781 501 581 501 461 361 341 441 621 101 261 401 681 481 241 381 521 581 441 641 201 601 641 601 541 561 161 441 281 541 341 501 421 601 401 341 381 741 221 701 521 261 381 621 721 661 181 501 381 842 321 641 321 161 561 461 601 381 862 641 381 441 581 601 421 982 681 601 441 461 341 581 0
SETUP_COST
0.0 1620.0 12820.0 8820.0 5620.0 2820.0 7620.0 8820.0 1220.0 4420.0 6020.0 12020.0 8420.0 9220.0 8420.0 6820.0 10420.0 820.0 8020.0 2020.0 6020.0 4820.0 9220.0 4420.0 12020.0 6420.0 11620.0 10420.0 10820.0 8420.0 10020.0 10820.0 6020.0 8020.0 10420.0 9620.0 10420.0 8020.0 2820.0 6820.0 10420.0 8020.0 11220.0 4020.0 4820.0 10820.0 6020.0 10020.0 12420.0 8420.0 6020.0 6820.0 5620.0 5220.0 11620.0 10020.0 8420.0 8820.0 2820.0 2020.0 6820.0 12420.0 6020.0 7620.0 6020.0 7220.0 10420.0 6420.0 10420.0 1620.0 4820.0 5620.0 10820.0 11220.0 6820.0 2020.0 13620.0 17240.0 10020.0 10020.0 6820.0 11620.0 3220.0 1220.0 5220.0 4420.0 13620.0 9220.0 6820.0 2420.0 3620.0 5620.0 10420.0 12020.0 11620.0 6020.0 7220.0 10020.0 3220.0 10820.0 8820.0
0.0 0.0 16840.0 13620.0 16020.0 12420.0 13620.0 14820.0 11620.0 14420.0 9620.0 18040.0 13220.0 13620.0 16840.0 5220.0 11620.0 10820.0 14420.0 12420.0 9620.0 15220.0 14020.0 8420.0 18440.0 14020.0 12820.0 18840.0 13620.0 16020.0 16840.0 9620.0 9620.0 9620.0 15220.0 13220.0 9620.0 6420.0 13220.0 10820.0 14020.0 13620.0 16020.0 14420.0 11220.0 10020.0 10420.0 13620.0 15620.0 16840.0 16020.0 16840.0 10420.0 15220.0 17240.0 13220.0 14420.0 7620.0 12820.0 12420.0 16840.0 16440.0 12020.0 13620.0 16020.0 15620.0 8820.0 15620.0 15620.0 11620.0 8420.0 18040.0 18840.0 14420.0 13620.0 12420.0 14820.0 21640.0 10820.0 13620.0 10420.0 16020.0 13620.0 11620.0 15220.0 14420.0 18840.0 19240.0 10420.0 20840.0 14020.0 13620.0 12820.0 21240.0 12820.0 15620.0 6020.0 11620.0 13220.0 14420.0 14820.0
0.0 10820.0 0.0 13220.0 9620.0 10020.0 10420.0 12820.0 10420.0 3620.0 13220.0 16440.0 12820.0 8420.0 14020.0 9220.0 14420.0 10020.0 8420.0 6420.0 8020.0 6420.0 14420.0 12020.0 7620.0 10820.0 14820.0 16440.0 15220.0 10020.0 15220.0 12420.0 13220.0 8420.0 14020.0 11220.0 13220.0 4420.0 10020.0 11220.0 17640.0 8420.0 4020.0 8420.0 9220.0 11620.0 10820.0 16020.0 16020.0 12820.0 10420.0 11220.0 9620.0 12020.0 12020.0 14420.0 11220.0 11220.0 7220.0 6420.0 12420.0 14020.0 10420.0 9220.0 15220.0 11620.0 6820.0 14020.0 10420.0 8420.0 12020.0 8420.0 15620.0 12420.0 8820.0 6420.0 15220.0 13220.0 8820.0 12020.0 10820.0 16440.0 7620.0 10420.0 10420.0 6020.0 5220.0 13220.0 10020.0 16020.0 8020.0 10420.0 10820.0 16440.0 15220.0 10820.0 9620.0 10820.0 7220.0 3220.0 15620.0
0.0 8820.0 8420.0 0.0 10420.0 9620.0 820.0 14020.0 8820.0 6820.0 10020.0 15220.0 7220.0 11620.0 10020.0 5620.0 9620.0 8420.0 11220.0 9620.0 9220.0 8020.0 9220.0 8420.0 8420.0 8420.0 9220.0 12020.0 12820.0 11220.0 11220.0 10020.0 10020.0 7220.0 9220.0 6020.0 10020.0 7220.0 10820.0 1620.0 14420.0 11620.0 8020.0 9620.0 6820.0 6820.0 4020.0 11620.0 8820.0 13620.0 8820.0 9620.0 7620.0 12820.0 8820.0 5620.0 1220.0 8020.0 10420.0 4020.0 9620.0 11220.0 8020.0 6820.0 13220.0 14420.0 9620.0 11620.0 11620.0 9220.0 8820.0 11220.0 5620.0 6420.0 9220.0 9620.0 11220.0 21240.0 7220.0 10020.0 9220.0 8820.0 10820.0 9220.0 3220.0 7220.0 13220.0 14420.0 10820.0 14420.0 11220.0 6820.0 12020.0 11620.0 10820.0 3620.0 6020.0 9220.0 8020.0 6420.0 5620.0
0.0 8020.0 12820.0 8820.0 0.0 6820.0 9220.0 10820.0 8020.0 9220.0 5620.0 13220.0 8820.0 4020.0 10020.0 4820.0 12020.0 7220.0 7620.0 8420.0 5620.0 4820.0 8820.0 4420.0 15620.0 7620.0 11220.0 16840.0 12820.0 8820.0 12820.0 8820.0 5620.0 6020.0 10020.0 7620.0 8820.0 10820.0 2420.0 6820.0 10020.0 4420.0 9220.0 10420.0 7220.0 9220.0 10020.0 9620.0 13220.0 8020.0 11620.0 8820.0 7620.0 9220.0 14020.0 10020.0 10020.0 6820.0 2420.0 8820.0 13220.0 9620.0 8020.0 5620.0 10420.0 11620.0 13220.0 11620.0 11620.0 1220.0 4420.0 4820.0 10420.0 8020.0 10820.0 8820.0 8820.0 19640.0 9220.0 9620.0 8020.0 13620.0 10020.0 820.0 11620.0 4020.0 13220.0 12020.0 6420.0 11620.0 10420.0 7220.0 14420.0 16440.0 13220.0 12020.0 5220.0 8020.0 2820.0 10420.0 10820.0
0.0 9620.0 15220.0 10420.0 8420.0 0.0 8420.0 13220.0 9620.0 13220.0 8420.0 14020.0 11620.0 12020.0 12820.0 4020.0 11620.0 9620.0 10420.0 10820.0 4420.0 7620.0 12820.0 6820.0 16440.0 13220.0 13620.0 15620.0 12020.0 12020.0 7220.0 8020.0 8420.0 8420.0 14020.0 8420.0 8020.0 13220.0 10820.0 9220.0 12820.0 12420.0 14020.0 12820.0 6020.0 8420.0 8820.0 12420.0 14020.0 10820.0 8420.0 12020.0 6420.0 9620.0 14020.0 11620.0 9220.0 6420.0 5620.0 10820.0 12020.0 14020.0 6820.0 10420.0 14020.0 14020.0 15620.0 10420.0 14420.0 4020.0 6820.0 8020.0 13620.0 14020.0 12020.0 10820.0 13220.0 21640.0 14420.0 8420.0 9220.0 14420.0 12020.0 9220.0 10820.0 6820.0 16440.0 9620.0 8820.0 14820.0 12020.0 10420.0 17240.0 16440.0 12420.0 8820.0 4420.0 10420.0 5620.0 13220.0 13620.0
0.0 8420.0 8020.0 10020.0 12020.0 9220.0 0.0 13220.0 8420.0 6420.0 12420.0 14820.0 6820.0 10820.0 9620.0 9620.0 9220.0 8020.0 10820.0 8820.0 8820.0 7620.0 10820.0 10820.0 8020.0 8020.0 8820.0 11620.0 12420.0 10820.0 10820.0 10420.0 12420.0 6820.0 8420.0 8420.0 12420.0 6820.0 10020.0 1220.0 16840.0 11220.0 7620.0 9220.0 6420.0 6420.0 3620.0 11220.0 8420.0 13220.0 8420.0 12820.0 7220.0 12420.0 8420.0 13620.0 820.0 10820.0 9620.0 3620.0 13620.0 10820.0 7620.0 6420.0 12820.0 14020.0 9220.0 11220.0 11220.0 8820.0 11220.0 10820.0 5220.0 5620.0 8820.0 9220.0 10820.0 20840.0 6820.0 9220.0 8820.0 8020.0 10420.0 8420.0 2820.0 6820.0 12820.0 14020.0 12020.0 13620.0 10820.0 6420.0 11620.0 11220.0 10420.0 3220.0 9620.0 8820.0 9620.0 6020.0 5220.0
0.0 13220.0 19240.0 15620.0 15620.0 14420.0 11620.0 0.0 12820.0 16840.0 12020.0 14820.0 18040.0 10420.0 16440.0 10820.0 15220.0 13220.0 10020.0 14820.0 12020.0 12820.0 16440.0 10820.0 13620.0 13620.0 18040.0 20440.0 15220.0 8420.0 12820.0 12020.0 12020.0 12020.0 17640.0 14020.0 12020.0 16840.0 14820.0 12820.0 16440.0 10420.0 15220.0 16840.0 9220.0 12420.0 12420.0 16020.0 18040.0 20040.0 11620.0 18040.0 6820.0 15220.0 17240.0 15620.0 12420.0 10020.0 14420.0 14420.0 18440.0 9220.0 10020.0 11620.0 17640.0 18040.0 19240.0 14020.0 16440.0 14020.0 10820.0 14820.0 16840.0 14020.0 16020.0 14820.0 15620.0 21640.0 11220.0 16440.0 7620.0 17640.0 16020.0 14020.0 14020.0 12020.0 11220.0 11620.0 12820.0 17640.0 16440.0 12820.0 20440.0 20040.0 15220.0 12420.0 8420.0 7220.0 14020.0 16840.0 14820.0
0.0 420.0 15620.0 7620.0 9620.0 1620.0 8020.0 14820.0 0.0 13220.0 9620.0 15620.0 13220.0 13620.0 11220.0 5620.0 12020.0 9620.0 12020.0 10820.0 6020.0 9220.0 14020.0 8420.0 16020.0 9620.0 12820.0 9220.0 13620.0 7220.0 8820.0 9620.0 9620.0 8420.0 14020.0 9620.0 9620.0 6820.0 11620.0 8820.0 14020.0 6820.0 11620.0 13220.0 7220.0 10020.0 10420.0 13620.0 15620.0 12420.0 9620.0 8820.0 7620.0 8020.0 15220.0 12820.0 8820.0 7620.0 6820.0 11220.0 5620.0 15220.0 4820.0 8020.0 4820.0 15620.0 9220.0 12020.0 15620.0 5620.0 8420.0 9220.0 12820.0 10420.0 13620.0 11220.0 14820.0 21640.0 10820.0 10020.0 10420.0 15620.0 12020.0 10020.0 10420.0 8420.0 17640.0 10420.0 10420.0 13620.0 12820.0 11620.0 13220.0 18040.0 13220.0 10420.0 6020.0 10420.0 7220.0 13620.0 13220.0
0.0 8820.0 16840.0 10820.0 6420.0 10420.0 11220.0 14820.0 8820.0 0.0 10020.0 14020.0 14420.0 4820.0 15620.0 5620.0 12020.0 8020.0 8420.0 9620.0 10020.0 5620.0 11220.0 8420.0 18840.0 8420.0 14820.0 18040.0 13620.0 9620.0 16840.0 9620.0 10020.0 6820.0 12420.0 8420.0 9620.0 12820.0 8820.0 10820.0 14420.0 5220.0 10020.0 11620.0 10820.0 10020.0 10820.0 14020.0 15620.0 13620.0 13220.0 14020.0 10420.0 12420.0 15220.0 13220.0 12020.0 8020.0 8420.0 9620.0 14020.0 16020.0 11620.0 6420.0 13220.0 14420.0 15220.0 13620.0 15620.0 6820.0 8420.0 10820.0 15220.0 8820.0 11620.0 9620.0 14420.0 21640.0 5620.0 13220.0 9220.0 16440.0 10820.0 6820.0 12820.0 9620.0 18840.0 12820.0 10820.0 12420.0 11220.0 13220.0 17640.0 19640.0 13220.0 13220.0 6020.0 8820.0 3620.0 14820.0 15220.0
0.0 8020.0 8020.0 10820.0 8420.0 8820.0 10020.0 10820.0 8020.0 6420.0 0.0 14420.0 6820.0 9620.0 7620.0 1620.0 9220.0 7220.0 10820.0 8420.0 6020.0 8820.0 10420.0 4420.0 12820.0 10820.0 12020.0 11620.0 9620.0 12020.0 10420.0 6020.0 6020.0 6020.0 11620.0 8420.0 5620.0 7220.0 9220.0 1220.0 10420.0 10020.0 7620.0 10420.0 7220.0 6020.0 6420.0 10020.0 9220.0 14820.0 12420.0 13220.0 6820.0 11620.0 8420.0 9220.0 10420.0 4020.0 9220.0 8420.0 13220.0 6820.0 8420.0 6420.0 12420.0 11620.0 9620.0 12020.0 12020.0 8020.0 4420.0 9620.0 14820.0 12020.0 9220.0 8820.0 10820.0 20840.0 6820.0 10020.0 6820.0 8420.0 9620.0 7620.0 9220.0 10820.0 12820.0 15220.0 820.0 14020.0 10020.0 7620.0 12820.0 16840.0 10420.0 9220.0 2020.0 8020.0 9620.0 6020.0 5620.0
0.0 8820.0 14820.0 6820.0 6020.0 10020.0 7220.0 11620.0 8420.0 10020.0 9220.0 0.0 13220.0 10020.0 14020.0 6420.0 10020.0 8020.0 11220.0 9220.0 8820.0 10820.0 10020.0 7620.0 15220.0 13220.0 11220.0 15620.0 10420.0 12820.0 16440.0 2820.0 9220.0 6420.0 11220.0 4820.0 6420.0 13620.0 8020.0 8020.0 13620.0 10420.0 12820.0 11220.0 10420.0 6820.0 7620.0 12820.0 15220.0 14020.0 13220.0 12020.0 7220.0 12420.0 14020.0 6420.0 8020.0 4420.0 8420.0 9220.0 14020.0 14420.0 11220.0 9620.0 13220.0 14420.0 16020.0 13620.0 13620.0 7220.0 7620.0 10820.0 12420.0 12820.0 6820.0 9220.0 11620.0 20040.0 12820.0 13220.0 7620.0 12820.0 8820.0 6820.0 9620.0 10020.0 18040.0 16020.0 9220.0 17640.0 10820.0 10420.0 12020.0 18040.0 11220.0 10420.0 6820.0 8820.0 6820.0 12820.0 12420.0
0.0 12420.0 10420.0 12820.0 8020.0 13220.0 10420.0 7620.0 12420.0 8820.0 13620.0 17240.0 0.0 12020.0 12820.0 9620.0 13220.0 14820.0 10420.0 11620.0 13620.0 12420.0 12820.0 12020.0 17640.0 15220.0 12020.0 14420.0 14420.0 11620.0 8020.0 11620.0 9220.0 13620.0 9220.0 11620.0 13220.0 14820.0 10420.0 9620.0 18040.0 12420.0 13620.0 9620.0 8820.0 10020.0 6420.0 16440.0 17640.0 15620.0 14420.0 12420.0 9220.0 10420.0 16840.0 9220.0 10820.0 11620.0 10020.0 11620.0 17640.0 4020.0 9620.0 13620.0 14820.0 14820.0 17240.0 13620.0 12020.0 8420.0 12420.0 12820.0 15220.0 14420.0 12420.0 11620.0 11220.0 21640.0 14420.0 12420.0 12020.0 11620.0 12820.0 8820.0 12820.0 11620.0 15220.0 14820.0 13220.0 13220.0 13220.0 9220.0 6020.0 20840.0 12820.0 13220.0 10020.0 14820.0 5620.0 8420.0 13620.0
0.0 4420.0 12020.0 6020.0 8420.0 5620.0 6420.0 10420.0 4020.0 6820.0 5220.0 9220.0 11220.0 0.0 11220.0 820.0 8420.0 3220.0 6820.0 4820.0 5220.0 5220.0 6420.0 3620.0 14020.0 3620.0 10020.0 13220.0 9220.0 10820.0 12020.0 5220.0 5220.0 2020.0 7620.0 3620.0 5220.0 8020.0 5620.0 6020.0 9620.0 420.0 5220.0 6820.0 6020.0 5220.0 6020.0 9220.0 10820.0 10820.0 8820.0 9620.0 5620.0 7620.0 12420.0 8820.0 7220.0 3220.0 5620.0 4820.0 9620.0 11620.0 7220.0 1620.0 8820.0 10020.0 10420.0 8820.0 11220.0 4020.0 4020.0 12820.0 11620.0 4020.0 8820.0 4820.0 10420.0 19240.0 8420.0 8420.0 4420.0 11620.0 6020.0 4020.0 8020.0 6820.0 14420.0 14020.0 6020.0 7620.0 6420.0 9220.0 12820.0 14820.0 9620.0 8420.0 1220.0 4420.0 5620.0 10020.0 10420.0
0.0 8420.0 15220.0 11220.0 12020.0 4820.0 10420.0 14420.0 8020.0 11220.0 12820.0 18040.0 15220.0 15620.0 0.0 8420.0 9620.0 7620.0 10820.0 8820.0 8820.0 11620.0 13220.0 11220.0 17240.0 13220.0 10020.0 12820.0 6420.0 12420.0 12020.0 6020.0 12820.0 6020.0 9620.0 12420.0 6020.0 14020.0 9620.0 11220.0 17240.0 14420.0 12020.0 10420.0 10020.0 6420.0 4420.0 6820.0 18440.0 14420.0 12820.0 13620.0 10820.0 11620.0 15620.0 9620.0 11220.0 10820.0 9620.0 8820.0 13620.0 17640.0 11220.0 10420.0 12820.0 14020.0 16440.0 10820.0 13220.0 8020.0 11220.0 12420.0 15620.0 12020.0 10020.0 8820.0 11220.0 21240.0 12420.0 13220.0 8420.0 10020.0 10020.0 8020.0 12020.0 11220.0 18440.0 14020.0 12820.0 17640.0 10420.0 7620.0 12820.0 17640.0 10820.0 12820.0 8820.0 8420.0 9220.0 14420.0 15620.0
0.0 6420.0 11620.0 12020.0 10820.0 7220.0 8420.0 9620.0 6420.0 9220.0 4420.0 13220.0 10420.0 8420.0 11620.0 0.0 7620.0 5620.0 9220.0 7220.0 4420.0 10020.0 8820.0 3220.0 13220.0 9620.0 10820.0 13620.0 8420.0 10820.0 11620.0 4420.0 4420.0 4420.0 10020.0 10420.0 4420.0 9620.0 8020.0 5620.0 8820.0 8420.0 10820.0 9220.0 6020.0 4820.0 5220.0 8420.0 10420.0 13220.0 10820.0 11620.0 5220.0 10020.0 12020.0 8020.0 9220.0 2420.0 8020.0 7220.0 11620.0 11220.0 6820.0 8420.0 10820.0 10420.0 12020.0 10420.0 10420.0 6420.0 3220.0 12820.0 13620.0 10420.0 8420.0 7220.0 9620.0 19240.0 10420.0 8820.0 5220.0 10820.0 8420.0 6420.0 10420.0 9220.0 13620.0 14020.0 5220.0 15620.0 8820.0 8420.0 13620.0 16020.0 8820.0 10820.0 820.0 6420.0 8020.0 9220.0 9620.0
0.0 9220.0 12420.0 11620.0 13620.0 7620.0 12020.0 12420.0 11620.0 9620.0 9620.0 12020.0 8420.0 14420.0 10020.0 11220.0 0.0 11220.0 13620.0 7220.0 9220.0 7620.0 12820.0 8020.0 16020.0 11620.0 11220.0 14020.0 3220.0 14420.0 12420.0 9620.0 9620.0 10020.0 6820.0 12420.0 9620.0 8020.0 12420.0 10420.0 13220.0 8820.0 13220.0 7620.0 10020.0 5220.0 5620.0 12020.0 18440.0 13620.0 5620.0 12020.0 4420.0 12420.0 11620.0 13220.0 12420.0 7620.0 8020.0 7220.0 14020.0 8820.0 11220.0 10020.0 16440.0 6820.0 10420.0 7620.0 4020.0 9620.0 8420.0 12020.0 16440.0 2820.0 12020.0 7220.0 10020.0 16440.0 6820.0 13220.0 10020.0 11220.0 8420.0 11620.0 14420.0 7220.0 17240.0 16840.0 10420.0 12020.0 3620.0 8820.0 14020.0 11620.0 1220.0 6020.0 9620.0 12020.0 11220.0 14420.0 14820.0
0.0 1220.0 12420.0 8420.0 5220.0 2420.0 7220.0 8420.0 820.0 4020.0 5620.0 11620.0 8020.0 8820.0 8020.0 6020.0 10820.0 0.0 7620.0 1620.0 5620.0 4420.0 8820.0 4020.0 11220.0 5620.0 11220.0 10020.0 10420.0 7620.0 9620.0 10020.0 5620.0 7620.0 10020.0 9220.0 10020.0 7620.0 2420.0 6420.0 10020.0 7220.0 10820.0 3620.0 4420.0 10420.0 5620.0 9620.0 13220.0 7620.0 5620.0 6420.0 4820.0 4420.0 11620.0 9620.0 7620.0 8420.0 2420.0 1620.0 6420.0 12020.0 5620.0 7220.0 5620.0 6820.0 10020.0 6020.0 10020.0 820.0 4020.0 9620.0 10020.0 10820.0 10420.0 1620.0 13220.0 16840.0 9620.0 9620.0 6020.0 10820.0 2820.0 820.0 4820.0 3620.0 13220.0 10820.0 6420.0 10420.0 3220.0 8420.0 9620.0 11620.0 12020.0 5620.0 6420.0 9620.0 2820.0 10420.0 10820.0
0.0 13620.0 17640.0 15220.0 15620.0 14820.0 10420.0 13620.0 13220.0 9620.0 18040.0 15220.0 16440.0 14420.0 17240.0 15220.0 16440.0 12420.0 0.0 14020.0 12420.0 11220.0 16840.0 16440.0 18440.0 12820.0 19240.0 18040.0 15620.0 10420.0 18840.0 15220.0 6820.0 11220.0 16840.0 12820.0 18040.0 13220.0 14820.0 10420.0 21640.0 9620.0 14420.0 8820.0 14020.0 16440.0 14020.0 19640.0 15220.0 15220.0 16440.0 12020.0 14420.0 16840.0 14420.0 18040.0 11220.0 16020.0 13220.0 14020.0 14420.0 20440.0 14820.0 10820.0 8020.0 12420.0 9620.0 18440.0 15620.0 13220.0 16440.0 20040.0 15620.0 13220.0 14820.0 12420.0 18440.0 20440.0 11620.0 16840.0 11220.0 14020.0 8420.0 13220.0 12820.0 10420.0 21640.0 13620.0 14820.0 16840.0 14020.0 16840.0 14020.0 18440.0 13620.0 13620.0 14420.0 13620.0 13220.0 15620.0 11220.0
0.0 6820.0 13620.0 10020.0 6820.0 8420.0 5620.0 7220.0 6820.0 2820.0 10820.0 10420.0 6820.0 7220.0 8420.0 6420.0 9620.0 7220.0 9220.0 0.0 4420.0 3220.0 11220.0 9220.0 13620.0 4420.0 10420.0 12820.0 8820.0 9620.0 9220.0 10420.0 10820.0 6020.0 10020.0 7620.0 10420.0 10020.0 9220.0 6420.0 13620.0 7620.0 9220.0 2420.0 3220.0 10020.0 4820.0 10820.0 13620.0 6420.0 4020.0 4820.0 3620.0 6020.0 10020.0 8420.0 6420.0 8420.0 820.0 420.0 12020.0 10820.0 4020.0 5620.0 11220.0 5220.0 12420.0 8020.0 8820.0 2420.0 9220.0 11220.0 10820.0 11220.0 9220.0 420.0 12020.0 15620.0 8420.0 8820.0 4820.0 10020.0 1620.0 7620.0 8020.0 2420.0 11620.0 12820.0 11220.0 10420.0 2020.0 7220.0 8420.0 10020.0 10820.0 4420.0 6820.0 8420.0 4020.0 11220.0 10820.0
0.0 5620.0 12020.0 10820.0 8820.0 6820.0 4020.0 14020.0 5220.0 10420.0 9220.0 10020.0 10820.0 11220.0 13220.0 4820.0 12420.0 10420.0 11220.0 11620.0 0.0 11620.0 13620.0 7620.0 12020.0 12020.0 12820.0 11220.0 12420.0 12020.0 7620.0 8820.0 9220.0 8820.0 12420.0 12420.0 8820.0 10420.0 9620.0 5220.0 12020.0 11620.0 11620.0 13220.0 1620.0 9220.0 7620.0 8420.0 10820.0 14820.0 10020.0 11220.0 2020.0 9620.0 9620.0 12420.0 4820.0 6820.0 10820.0 7620.0 7620.0 9620.0 2420.0 10420.0 10020.0 11220.0 12820.0 6420.0 15220.0 9220.0 7620.0 10020.0 9220.0 9620.0 12820.0 11620.0 14020.0 21240.0 10820.0 4420.0 10020.0 12020.0 12820.0 9620.0 6820.0 10820.0 16440.0 15220.0 9620.0 15620.0 7620.0 10420.0 15620.0 14820.0 12420.0 7220.0 5220.0 11220.0 6420.0 10020.0 9220.0
0.0 5220.0 15220.0 7220.0 9220.0 6420.0 7620.0 11620.0 5220.0 8420.0 10020.0 15620.0 12420.0 12820.0 12020.0 10020.0 13220.0 4420.0 6020.0 5620.0 9620.0 0.0 12820.0 8420.0 15620.0 10020.0 11220.0 14420.0 10820.0 12020.0 13220.0 10020.0 10020.0 3220.0 14020.0 4820.0 10020.0 11620.0 6820.0 8420.0 14420.0 11620.0 6420.0 6820.0 7220.0 10020.0 10020.0 13620.0 10820.0 12020.0 9620.0 10420.0 7620.0 8820.0 15220.0 10020.0 8020.0 8020.0 6420.0 6020.0 10420.0 12820.0 8020.0 2820.0 9620.0 10820.0 14020.0 10020.0 10820.0 5220.0 8420.0 14020.0 12420.0 11620.0 6020.0 6020.0 9220.0 20040.0 9220.0 9620.0 5220.0 15220.0 7220.0 5220.0 8820.0 8020.0 17240.0 15220.0 10420.0 14420.0 7620.0 12820.0 14020.0 15620.0 8820.0 9620.0 6020.0 5220.0 6820.0 13220.0 12820.0
0.0 9620.0 13220.0 10820.0 6820.0 10820.0 11220.0 6820.0 9220.0 820.0 10420.0 14420.0 13620.0 5220.0 10020.0 6020.0 9220.0 8420.0 8820.0 10020.0 7220.0 6020.0 0.0 8820.0 12420.0 8820.0 13220.0 16020.0 10820.0 10420.0 14820.0 10020.0 10420.0 7220.0 1620.0 8420.0 10420.0 13220.0 9220.0 7620.0 14820.0 5620.0 10420.0 2020.0 8820.0 10420.0 8020.0 12820.0 15220.0 8420.0 14020.0 14820.0 9220.0 6820.0 15220.0 13620.0 5220.0 8420.0 8820.0 10020.0 14420.0 15620.0 9620.0 6820.0 14020.0 15220.0 15620.0 13620.0 12820.0 7220.0 8820.0 11220.0 15620.0 9220.0 9620.0 10020.0 14820.0 20440.0 6420.0 11620.0 4420.0 8820.0 11220.0 7620.0 11220.0 10020.0 17240.0 13620.0 11220.0 12420.0 11620.0 10420.0 7220.0 19640.0 8820.0 12020.0 6420.0 9220.0 4020.0 11220.0 12020.0
0.0 6820.0 8820.0 12020.0 10020.0 4420.0 5620.0 12420.0 6820.0 6820.0 1620.0 10020.0 7620.0 11220.0 9220.0 3220.0 10420.0 8820.0 10020.0 8020.0 1620.0 10020.0 11620.0 0.0 12420.0 6420.0 13620.0 12820.0 9620.0 13620.0 8820.0 7220.0 1620.0 7220.0 12820.0 10020.0 7220.0 6820.0 10820.0 2820.0 6020.0 11620.0 9220.0 9620.0 3220.0 7620.0 8020.0 5620.0 10820.0 13620.0 10420.0 10820.0 3620.0 11220.0 10020.0 10820.0 6420.0 5220.0 8020.0 8420.0 9220.0 8420.0 4020.0 8020.0 11220.0 7620.0 9220.0 7620.0 7620.0 8020.0 420.0 11220.0 10820.0 11220.0 10420.0 7620.0 9220.0 17640.0 8420.0 5620.0 8420.0 9620.0 7220.0 9220.0 8020.0 9620.0 10820.0 13620.0 2420.0 15220.0 9220.0 9220.0 13220.0 13220.0 11620.0 8820.0 3620.0 9620.0 7620.0 6420.0 6820.0
0.0 12420.0 14420.0 11620.0 9620.0 7220.0 12020.0 13220.0 12420.0 8820.0 11620.0 16440.0 12820.0 13620.0 11220.0 8820.0 7220.0 13220.0 15220.0 6420.0 10820.0 9220.0 14820.0 11620.0 0.0 10820.0 10420.0 13220.0 9620.0 2820.0 13620.0 12020.0 13220.0 12020.0 10020.0 14020.0 12020.0 11220.0 10020.0 7620.0 17640.0 14020.0 12420.0 8420.0 9620.0 4420.0 5220.0 16840.0 13220.0 12820.0 10420.0 4820.0 10020.0 12420.0 12420.0 14420.0 12420.0 10020.0 7220.0 6420.0 14020.0 14020.0 10420.0 12020.0 16020.0 11620.0 13620.0 14020.0 3220.0 8820.0 10020.0 14420.0 17240.0 10020.0 9620.0 6420.0 9220.0 18840.0 12020.0 14820.0 11220.0 10420.0 7620.0 10420.0 14420.0 8820.0 14420.0 6020.0 8020.0 16840.0 8020.0 8020.0 11620.0 16440.0 8420.0 10820.0 9220.0 14020.0 10420.0 12420.0 9220.0
0.0 14420.0 20440.0 20440.0 17640.0 15620.0 19240.0 14820.0 14020.0 19240.0 18040.0 21640.0 21640.0 18440.0 14420.0 13620.0 17240.0 19240.0 14020.0 20440.0 18040.0 19240.0 21640.0 16440.0 21640.0 0.0 19240.0 14020.0 11220.0 20840.0 16440.0 14820.0 18040.0 18040.0 15220.0 20440.0 18040.0 16020.0 20040.0 15620.0 19640.0 16840.0 20840.0 15620.0 19240.0 18040.0 13620.0 20040.0 18440.0 21640.0 15220.0 21240.0 18840.0 18440.0 20840.0 18440.0 19640.0 16020.0 17240.0 20840.0 19640.0 16840.0 11620.0 18040.0 18840.0 21640.0 9220.0 15620.0 20840.0 18040.0 16440.0 21640.0 20440.0 19640.0 18440.0 20840.0 16020.0 21640.0 10820.0 21640.0 18440.0 19240.0 21640.0 18440.0 21640.0 18440.0 21640.0 21640.0 14020.0 21240.0 20440.0 16840.0 13220.0 21640.0 9620.0 15620.0 14020.0 20040.0 15220.0 20440.0 20040.0
0.0 10020.0 6820.0 1220.0 11220.0 10820.0 1620.0 9620.0 10020.0 5220.0 8420.0 16440.0 8420.0 9620.0 6420.0 4020.0 10820.0 9620.0 9620.0 8020.0 8020.0 9220.0 10420.0 6820.0 9620.0 9620.0 0.0 13220.0 12020.0 12420.0 12420.0 8020.0 8420.0 8020.0 10020.0 7220.0 8020.0 8020.0 11620.0 2820.0 12820.0 10020.0 9220.0 10020.0 8020.0 7620.0 5220.0 8820.0 10020.0 4420.0 7620.0 10820.0 8420.0 6020.0 10020.0 6820.0 2420.0 6020.0 8820.0 5220.0 10820.0 12420.0 7620.0 8020.0 14420.0 12820.0 10420.0 12820.0 12820.0 10020.0 6820.0 9620.0 6820.0 7220.0 10420.0 8020.0 12420.0 20040.0 8420.0 10820.0 8820.0 9620.0 9220.0 10020.0 4020.0 8420.0 11620.0 15620.0 8820.0 11620.0 9620.0 8020.0 8020.0 12420.0 12020.0 4820.0 4420.0 10420.0 8420.0 4820.0 6820.0
0.0 14420.0 15220.0 11620.0 9620.0 12420.0 12020.0 6420.0 14020.0 13620.0 14820.0 20440.0 13220.0 13620.0 8020.0 12020.0 13220.0 13620.0 12020.0 12820.0 10420.0 9220.0 17240.0 13620.0 17640.0 15220.0 10420.0 0.0 14420.0 13220.0 9620.0 12020.0 14820.0 12020.0 7620.0 12420.0 14020.0 14420.0 11220.0 8420.0 14820.0 14020.0 12420.0 8420.0 12020.0 14020.0 5220.0 14420.0 15620.0 12420.0 16020.0 12420.0 12420.0 4820.0 15620.0 14420.0 10420.0 14420.0 7220.0 12820.0 18040.0 15220.0 12820.0 11620.0 16840.0 18040.0 6420.0 16840.0 16840.0 5620.0 13620.0 14420.0 17240.0 15620.0 11220.0 12820.0 18040.0 17640.0 8420.0 14820.0 10820.0 10420.0 14020.0 10020.0 14420.0 8420.0 17640.0 16020.0 11220.0 10420.0 14420.0 8020.0 4820.0 21640.0 14420.0 14420.0 12820.0 13620.0 7220.0 13220.0 12420.0
0.0 13220.0 9220.0 14020.0 11620.0 14420.0 13220.0 14020.0 12820.0 12420.0 14820.0 19240.0 14820.0 15620.0 12020.0 13220.0 14020.0 12420.0 12420.0 13620.0 9220.0 8020.0 16020.0 13220.0 13620.0 12420.0 12820.0 17240.0 0.0 14820.0 16840.0 12420.0 14820.0 10820.0 14420.0 12820.0 12420.0 9220.0 14020.0 14020.0 12020.0 15620.0 13220.0 14820.0 10820.0 12820.0 13220.0 8820.0 16840.0 11220.0 14420.0 18040.0 11220.0 16440.0 9620.0 13220.0 11620.0 12420.0 6020.0 13620.0 16840.0 16840.0 11620.0 10420.0 17640.0 18840.0 11620.0 4420.0 16840.0 7220.0 13220.0 14020.0 18440.0 16440.0 14020.0 13620.0 16840.0 21640.0 13220.0 11220.0 10020.0 14820.0 14820.0 12420.0 15620.0 7220.0 14020.0 14820.0 14420.0 20840.0 15220.0 8820.0 15620.0 21640.0 14820.0 14820.0 10820.0 10020.0 9220.0 12020.0 13620.0
0.0 10020.0 12020.0 14420.0 7220.0 11220.0 14420.0 15620.0 9620.0 10020.0 10420.0 18840.0 10420.0 11220.0 12420.0 6020.0 13620.0 11620.0 14820.0 12820.0 10420.0 11620.0 12020.0 8820.0 14020.0 14420.0 16440.0 15220.0 7220.0 0.0 14820.0 10420.0 10420.0 10420.0 12820.0 12420.0 10420.0 8420.0 9620.0 4820.0 14820.0 11220.0 11220.0 13220.0 12020.0 10420.0 10820.0 14420.0 10420.0 15220.0 12820.0 14820.0 11220.0 16020.0 9620.0 14020.0 12020.0 8420.0 9620.0 12820.0 11220.0 11220.0 12820.0 10020.0 13620.0 16440.0 10820.0 11220.0 12020.0 8020.0 9220.0 11620.0 17240.0 14820.0 10420.0 12820.0 14020.0 17640.0 9620.0 14420.0 11220.0 9620.0 14020.0 8020.0 16020.0 11220.0 16840.0 3220.0 5220.0 15220.0 14420.0 11220.0 14820.0 20840.0 7220.0 13220.0 6420.0 12420.0 9620.0 9620.0 6820.0
0.0 14020.0 16020.0 13620.0 12420.0 10020.0 12820.0 7620.0 13620.0 8820.0 12820.0 18840.0 15620.0 13620.0 5620.0 12020.0 14820.0 12820.0 14820.0 14420.0 12820.0 11620.0 15220.0 11220.0 20440.0 16840.0 12420.0 15220.0 7220.0 15220.0 0.0 11620.0 10420.0 11620.0 10820.0 16440.0 11620.0 10420.0 8820.0 13620.0 17240.0 13620.0 14420.0 11220.0 14020.0 12020.0 7220.0 12020.0 19640.0 15220.0 10820.0 14820.0 14420.0 2420.0 16440.0 12020.0 13620.0 14020.0 9620.0 14020.0 17240.0 12420.0 14820.0 14420.0 17640.0 16020.0 12820.0 11220.0 18840.0 8020.0 11220.0 16840.0 17240.0 17640.0 12820.0 14420.0 14420.0 20040.0 10420.0 16840.0 14020.0 12420.0 15620.0 8020.0 6420.0 11220.0 18840.0 18040.0 13220.0 8020.0 16020.0 10020.0 10820.0 14820.0 5220.0 6820.0 12420.0 13620.0 9620.0 17240.0 18040.0
0.0 9620.0 12420.0 9220.0 9620.0 10820.0 4820.0 13220.0 9620.0 7620.0 8420.0 16840.0 10420.0 12020.0 14020.0 4020.0 11220.0 8820.0 12020.0 10020.0 8020.0 9220.0 7220.0 6820.0 12420.0 11220.0 13220.0 16020.0 12020.0 13220.0 15220.0 0.0 8020.0 7620.0 8420.0 9220.0 8020.0 11220.0 5220.0 5620.0 12820.0 12020.0 10820.0 9220.0 9620.0 8420.0 8020.0 12020.0 12820.0 12420.0 12820.0 14820.0 8820.0 13220.0 12820.0 3620.0 5220.0 6020.0 6820.0 8020.0 14820.0 12020.0 10420.0 7220.0 14020.0 14020.0 13620.0 14420.0 14020.0 5620.0 6820.0 10420.0 9620.0 10420.0 4020.0 10020.0 13220.0 21640.0 11220.0 12420.0 6820.0 12820.0 11220.0 9220.0 7220.0 8420.0 17240.0 16440.0 8820.0 18440.0 11620.0 10820.0 14420.0 15620.0 12420.0 7620.0 4420.0 9620.0 7220.0 10420.0 9620.0
0.0 13220.0 15620.0 15620.0 12420.0 14820.0 8020.0 12820.0 13620.0 14020.0 17640.0 8820.0 12420.0 16020.0 14020.0 14020.0 14820.0 12820.0 8820.0 14020.0 10020.0 8820.0 16840.0 16020.0 15220.0 15620.0 15620.0 14820.0 14420.0 15220.0 12020.0 11220.0 0.0 11620.0 15220.0 13220.0 11620.0 14420.0 14820.0 8820.0 20840.0 16440.0 14820.0 8020.0 11620.0 11620.0 10020.0 16440.0 16020.0 12020.0 9620.0 14420.0 12020.0 11620.0 15620.0 14020.0 8820.0 13220.0 6420.0 11620.0 11220.0 16440.0 12420.0 11220.0 16440.0 6020.0 16840.0 16440.0 18040.0 8020.0 16020.0 13620.0 13220.0 13620.0 14820.0 6020.0 14020.0 16020.0 14420.0 14420.0 10420.0 15220.0 15220.0 13220.0 10420.0 8020.0 17240.0 18440.0 17240.0 16020.0 7620.0 12820.0 14020.0 11620.0 16020.0 10020.0 13620.0 13620.0 9620.0 13620.0 13220.0
0.0 2420.0 12420.0 9620.0 6420.0 3620.0 6820.0 9620.0 2020.0 5220.0 6820.0 12420.0 9220.0 10020.0 9220.0 7220.0 10420.0 1620.0 4820.0 2820.0 6820.0 5620.0 10020.0 5220.0 12820.0 7220.0 12420.0 11220.0 10820.0 9220.0 10020.0 6820.0 6820.0 0.0 11220.0 10420.0 6820.0 8820.0 3620.0 7620.0 11220.0 8820.0 12020.0 4820.0 4020.0 7220.0 6820.0 10820.0 12820.0 9220.0 6820.0 7620.0 4820.0 6020.0 12420.0 10420.0 7620.0 4820.0 3620.0 2820.0 7620.0 13220.0 5220.0 8420.0 6820.0 8020.0 11220.0 7220.0 11220.0 2420.0 5620.0 11220.0 11620.0 8420.0 10820.0 2820.0 10420.0 18040.0 6420.0 10820.0 2420.0 12420.0 4020.0 2020.0 6020.0 5220.0 14420.0 12420.0 7620.0 11620.0 4420.0 10020.0 11220.0 12820.0 11620.0 6820.0 3220.0 2420.0 4020.0 11620.0 12020.0
0.0 11220.0 17640.0 9620.0 11620.0 12820.0 10020.0 5620.0 11220.0 14420.0 15220.0 16020.0 16840.0 15620.0 8820.0 10820.0 14020.0 10820.0 14020.0 12020.0 6020.0 14820.0 18040.0 13620.0 18040.0 14020.0 13620.0 17240.0 9620.0 12420.0 13620.0 14820.0 15220.0 11220.0 0.0 7220.0 14820.0 14020.0 10420.0 10820.0 13620.0 15620.0 14820.0 820.0 7620.0 14820.0 10820.0 11620.0 14020.0 7220.0 13220.0 16840.0 8020.0 5620.0 15620.0 14820.0 10820.0 12820.0 12420.0 12420.0 13620.0 14420.0 8420.0 11220.0 15620.0 17240.0 16440.0 12420.0 17640.0 11220.0 13620.0 16020.0 15220.0 15620.0 15620.0 12020.0 17240.0 19240.0 13220.0 10420.0 3220.0 16440.0 13220.0 10820.0 10020.0 14020.0 16020.0 15620.0 15620.0 11220.0 13620.0 9220.0 14820.0 18440.0 7620.0 10820.0 11220.0 12820.0 9220.0 15620.0 15220.0
0.0 11220.0 10820.0 2420.0 4820.0 11220.0 2820.0 9620.0 11220.0 8820.0 9620.0 16840.0 9620.0 8420.0 12420.0 8020.0 12020.0 10820.0 6820.0 11620.0 9220.0 8420.0 11220.0 8020.0 10820.0 10420.0 6420.0 14420.0 15220.0 8020.0 13620.0 12020.0 9620.0 9220.0 11220.0 0.0 12020.0 9220.0 6420.0 3620.0 14020.0 8820.0 10420.0 12020.0 9220.0 8820.0 6020.0 13220.0 10820.0 10820.0 11220.0 12020.0 9620.0 12020.0 11220.0 7620.0 3620.0 10020.0 6420.0 6420.0 12020.0 13620.0 10020.0 8820.0 14020.0 15220.0 11620.0 14020.0 13620.0 4820.0 8020.0 9220.0 8020.0 8420.0 11620.0 11620.0 13220.0 15620.0 9620.0 12020.0 11620.0 10820.0 12820.0 4820.0 5220.0 7620.0 15620.0 11220.0 9620.0 16020.0 13220.0 9220.0 14420.0 13620.0 13220.0 6020.0 8420.0 11620.0 2020.0 8420.0 8020.0
0.0 2420.0 12420.0 8020.0 6420.0 3620.0 4820.0 9620.0 2420.0 5220.0 6820.0 12420.0 9220.0 10020.0 7620.0 4020.0 3620.0 1620.0 5220.0 2820.0 6820.0 6020.0 7220.0 5220.0 12820.0 7220.0 6820.0 9220.0 4420.0 6420.0 10020.0 420.0 6820.0 420.0 6420.0 9220.0 0.0 8820.0 3620.0 5620.0 11220.0 8820.0 6420.0 4820.0 4420.0 420.0 1220.0 10820.0 12820.0 9220.0 6820.0 7620.0 4820.0 6020.0 12420.0 3620.0 5220.0 5220.0 3620.0 3220.0 7620.0 12020.0 5220.0 7220.0 6820.0 8020.0 11220.0 7220.0 7220.0 2420.0 5620.0 10420.0 9620.0 6420.0 4020.0 3220.0 5220.0 15220.0 6420.0 10820.0 2420.0 6820.0 4020.0 2020.0 6020.0 5220.0 13220.0 9620.0 7220.0 11620.0 4820.0 4420.0 9220.0 12820.0 4820.0 6820.0 3220.0 2420.0 4020.0 10420.0 10020.0
0.0 8820.0 17240.0 9220.0 11220.0 10020.0 9620.0 8420.0 8420.0 11620.0 10820.0 12020.0 15620.0 11620.0 12820.0 6420.0 10420.0 8020.0 11220.0 9220.0 10820.0 12020.0 15220.0 9620.0 17240.0 7620.0 12420.0 15220.0 13620.0 14820.0 15620.0 8020.0 10820.0 6420.0 9620.0 6820.0 10820.0 0.0 10020.0 10420.0 15220.0 12020.0 14420.0 10420.0 10420.0 11220.0 7220.0 14820.0 12020.0 15620.0 13220.0 14020.0 11220.0 12420.0 18040.0 11620.0 10420.0 8820.0 10020.0 9220.0 14020.0 11620.0 11620.0 13220.0 13220.0 14420.0 2820.0 13620.0 14420.0 8420.0 9620.0 14420.0 14020.0 13220.0 12020.0 9220.0 12420.0 21640.0 4420.0 15220.0 8820.0 12420.0 10420.0 8420.0 12020.0 11620.0 19640.0 18040.0 5620.0 16440.0 10820.0 10020.0 6820.0 18040.0 11620.0 10420.0 7220.0 8820.0 8820.0 15220.0 14820.0
0.0 10020.0 16840.0 14020.0 14020.0 11220.0 12420.0 17240.0 10020.0 12820.0 14420.0 20440.0 17240.0 17640.0 15220.0 11620.0 11220.0 9220.0 12820.0 10420.0 12420.0 10820.0 15220.0 13220.0 20440.0 14820.0 14420.0 17240.0 12020.0 14020.0 18040.0 8020.0 14420.0 8020.0 14020.0 14020.0 8020.0 16440.0 0.0 13220.0 18840.0 16440.0 14420.0 12820.0 12020.0 8020.0 8820.0 18440.0 19240.0 14420.0 10420.0 15220.0 12420.0 13620.0 16440.0 11620.0 13220.0 12820.0 8820.0 10820.0 15220.0 19640.0 12820.0 11620.0 14420.0 15620.0 18840.0 14820.0 14820.0 10020.0 13220.0 18440.0 17640.0 14020.0 8820.0 10820.0 13220.0 21640.0 14020.0 16440.0 10020.0 14420.0 12020.0 9620.0 13620.0 10420.0 19640.0 17240.0 14820.0 16840.0 12420.0 12020.0 17240.0 18440.0 12420.0 10820.0 10820.0 10020.0 11620.0 14820.0 15220.0
0.0 7620.0 7220.0 9620.0 11620.0 8820.0 10420.0 13620.0 7620.0 5220.0 12420.0 18440.0 6020.0 10020.0 10020.0 10820.0 11620.0 7220.0 10020.0 8020.0 12420.0 10820.0 10020.0 11220.0 12020.0 12420.0 14020.0 15220.0 14820.0 14420.0 10020.0 9620.0 12420.0 6020.0 11220.0 7620.0 12820.0 6420.0 9220.0 0.0 16840.0 10420.0 6820.0 10420.0 10020.0 12820.0 12420.0 16020.0 8420.0 14420.0 12020.0 12820.0 10420.0 11620.0 7620.0 12820.0 10020.0 10820.0 8820.0 8420.0 12820.0 10020.0 10820.0 5620.0 12020.0 13220.0 8820.0 12820.0 14820.0 8020.0 11220.0 10020.0 15220.0 14020.0 8020.0 8420.0 11620.0 20440.0 6020.0 12020.0 8020.0 7220.0 9620.0 7620.0 11620.0 10420.0 12020.0 17240.0 12020.0 12820.0 10020.0 6820.0 11620.0 18040.0 12820.0 12420.0 8820.0 8020.0 8820.0 5220.0 4420.0
0.0 11620.0 10820.0 13220.0 12020.0 12420.0 11620.0 12420.0 11220.0 9220.0 4020.0 17640.0 10820.0 13620.0 9620.0 5620.0 13220.0 10820.0 12420.0 12020.0 7620.0 6420.0 14020.0 8420.0 7220.0 820.0 16020.0 14420.0 12020.0 10020.0 14420.0 9620.0 9620.0 9220.0 15220.0 11220.0 9620.0 11220.0 12820.0 5220.0 0.0 10820.0 11620.0 13220.0 9220.0 10020.0 10420.0 13620.0 6020.0 14820.0 15620.0 12020.0 9620.0 6420.0 12020.0 13220.0 12420.0 7620.0 9220.0 12020.0 14820.0 10420.0 10020.0 8820.0 16020.0 15220.0 9620.0 14020.0 10420.0 7620.0 2820.0 13620.0 16840.0 14420.0 12420.0 12020.0 9220.0 18840.0 8820.0 12020.0 10420.0 12020.0 12420.0 11220.0 13220.0 5620.0 4820.0 13220.0 4820.0 12020.0 13620.0 11620.0 13620.0 20840.0 10020.0 13220.0 6020.0 11620.0 9620.0 8820.0 9220.0
0.0 4020.0 14020.0 5620.0 8020.0 5220.0 6020.0 11220.0 4020.0 6820.0 8420.0 13220.0 10820.0 11620.0 10820.0 8820.0 12020.0 3220.0 6820.0 4420.0 8420.0 4820.0 11620.0 6820.0 14020.0 3220.0 10020.0 12820.0 12420.0 10820.0 11620.0 8820.0 8420.0 2020.0 12820.0 3620.0 8420.0 10420.0 5220.0 7220.0 12820.0 0.0 5220.0 6420.0 6020.0 8820.0 8420.0 12020.0 14420.0 10820.0 8420.0 9220.0 5220.0 7620.0 14020.0 8820.0 6820.0 6820.0 5220.0 4420.0 9220.0 11620.0 6820.0 1620.0 8420.0 9620.0 12420.0 8820.0 11620.0 4020.0 7220.0 12420.0 11220.0 4020.0 10820.0 4820.0 12420.0 18840.0 8020.0 8020.0 4020.0 14020.0 5620.0 3620.0 7620.0 6820.0 16020.0 14020.0 9220.0 7620.0 6420.0 10820.0 12820.0 14420.0 12420.0 8420.0 4820.0 4020.0 5620.0 12020.0 11220.0
0.0 6820.0 14820.0 13620.0 10020.0 8020.0 11220.0 14020.0 6420.0 9620.0 11220.0 16840.0 13620.0 14020.0 13620.0 9220.0 14820.0 6020.0 9220.0 7220.0 10820.0 9620.0 14420.0 9620.0 17240.0 11620.0 16840.0 15620.0 15220.0 13620.0 14020.0 11220.0 11220.0 4820.0 15620.0 14420.0 11220.0 13220.0 8020.0 12020.0 15620.0 13220.0 0.0 9220.0 8820.0 11620.0 11220.0 15220.0 17240.0 12820.0 11220.0 12020.0 9220.0 10420.0 16840.0 14820.0 12020.0 9220.0 7620.0 7220.0 12020.0 10420.0 9620.0 12020.0 11220.0 12420.0 15620.0 11620.0 15620.0 6020.0 10020.0 14820.0 16020.0 13220.0 15220.0 7220.0 14820.0 21640.0 10820.0 15220.0 6820.0 16840.0 8420.0 6420.0 10420.0 8820.0 18040.0 15220.0 12020.0 16020.0 8820.0 14420.0 15620.0 17240.0 16020.0 11220.0 7620.0 6820.0 7620.0 16020.0 16440.0
0.0 10820.0 18440.0 14820.0 14420.0 12020.0 15220.0 4820.0 10820.0 14020.0 14820.0 18840.0 18040.0 14820.0 8820.0 10420.0 13220.0 10020.0 14820.0 11620.0 14420.0 14420.0 18440.0 13220.0 18040.0 13220.0 15620.0 18440.0 14820.0 13220.0 12820.0 14420.0 14420.0 10820.0 10020.0 12820.0 14420.0 13620.0 10020.0 15620.0 12820.0 15220.0 14420.0 0.0 14020.0 14820.0 10420.0 11220.0 18840.0 6820.0 15220.0 16440.0 11220.0 14420.0 20440.0 18040.0 16020.0 12420.0 12020.0 11620.0 15220.0 14020.0 8020.0 10820.0 15220.0 16440.0 16020.0 15620.0 17240.0 10820.0 13220.0 18840.0 20040.0 16020.0 16440.0 11620.0 17640.0 18840.0 16020.0 14820.0 2820.0 15620.0 12820.0 10820.0 9620.0 13620.0 15620.0 16440.0 15220.0 20440.0 13220.0 8420.0 14420.0 18040.0 14420.0 10020.0 10820.0 12020.0 11620.0 16440.0 17240.0
0.0 4020.0 10420.0 9220.0 7220.0 5220.0 2820.0 12820.0 4020.0 8820.0 7620.0 8420.0 9620.0 10020.0 11620.0 3220.0 10820.0 8820.0 9620.0 10020.0 7620.0 10020.0 12020.0 6020.0 10820.0 10420.0 11620.0 12820.0 11620.0 10820.0 6020.0 7620.0 7620.0 7620.0 11220.0 10820.0 7620.0 9220.0 8020.0 3620.0 10420.0 10020.0 10020.0 11620.0 0.0 7620.0 6020.0 11620.0 10820.0 14820.0 11220.0 12420.0 820.0 8420.0 8420.0 11220.0 3620.0 5620.0 9220.0 6420.0 9220.0 13220.0 1220.0 8820.0 8420.0 13620.0 11620.0 4820.0 13620.0 8020.0 6420.0 8420.0 8020.0 8420.0 11620.0 10420.0 12820.0 21640.0 9220.0 11620.0 8420.0 10820.0 11620.0 8020.0 5220.0 9620.0 15220.0 14020.0 8420.0 14020.0 12020.0 8820.0 14020.0 13620.0 10820.0 6020.0 3620.0 9620.0 4820.0 8420.0 8020.0
0.0 10020.0 13220.0 7620.0 9220.0 3220.0 8020.0 10820.0 10020.0 11220.0 10420.0 14820.0 11220.0 13220.0 7220.0 7220.0 3220.0 9220.0 12820.0 10420.0 7620.0 10820.0 14420.0 8820.0 15620.0 14420.0 6420.0 9220.0 6420.0 14020.0 10420.0 8020.0 10420.0 8020.0 6020.0 11220.0 8020.0 11220.0 8420.0 8820.0 14820.0 12020.0 8420.0 6820.0 8820.0 0.0 820.0 13620.0 16020.0 10820.0 8820.0 14820.0 7620.0 11620.0 14820.0 11620.0 8820.0 6020.0 8420.0 10420.0 14820.0 12020.0 9620.0 10020.0 14420.0 10020.0 13620.0 10820.0 6820.0 7220.0 8820.0 10820.0 13220.0 6020.0 7220.0 10420.0 5220.0 14820.0 10020.0 11620.0 8820.0 6420.0 11620.0 9620.0 10420.0 10020.0 12820.0 12020.0 10420.0 12820.0 6420.0 4020.0 9220.0 14820.0 4420.0 9220.0 7620.0 10020.0 8820.0 10820.0 13220.0
0.0 12020.0 12420.0 6820.0 8420.0 10820.0 7220.0 10020.0 11620.0 10420.0 12020.0 19640.0 14020.0 12420.0 6420.0 9620.0 8020.0 11220.0 12820.0 12420.0 11220.0 11220.0 14820.0 12420.0 15220.0 14820.0 5620.0 8420.0 11220.0 15620.0 17640.0 12420.0 13620.0 9620.0 5220.0 11620.0 12420.0 13620.0 7620.0 8020.0 18040.0 12820.0 7620.0 6020.0 12820.0 12820.0 0.0 12820.0 15620.0 10020.0 12820.0 16440.0 12420.0 10820.0 15620.0 11220.0 8020.0 11620.0 9220.0 10820.0 16440.0 14820.0 13220.0 9220.0 16440.0 14820.0 14820.0 14420.0 12020.0 7620.0 10420.0 13220.0 12420.0 10820.0 6420.0 12420.0 15620.0 21640.0 14020.0 15620.0 8420.0 5620.0 13620.0 9220.0 9620.0 10820.0 17240.0 11220.0 12420.0 16440.0 11220.0 3220.0 8420.0 18040.0 9220.0 10420.0 10020.0 12020.0 9620.0 10020.0 12420.0
0.0 6420.0 13220.0 8020.0 10420.0 7620.0 8420.0 13620.0 6420.0 9220.0 10820.0 16440.0 13620.0 14020.0 13220.0 11220.0 14420.0 5620.0 9220.0 6820.0 10820.0 10020.0 14020.0 9620.0 14020.0 11220.0 12420.0 15220.0 4020.0 13220.0 14020.0 11220.0 10820.0 4420.0 15220.0 6020.0 11220.0 12820.0 7620.0 9620.0 15220.0 12820.0 7620.0 8820.0 8420.0 11220.0 10820.0 0.0 16840.0 13220.0 10820.0 11620.0 8820.0 10020.0 13220.0 11220.0 9220.0 9220.0 7620.0 7220.0 11620.0 14020.0 9220.0 4020.0 10820.0 12020.0 15220.0 8420.0 14020.0 6420.0 9620.0 15220.0 13620.0 12820.0 14820.0 7220.0 14820.0 21240.0 10420.0 10420.0 6420.0 16440.0 8020.0 6020.0 10020.0 9220.0 11620.0 16440.0 11620.0 15620.0 8820.0 12820.0 15220.0 16840.0 15620.0 10820.0 7220.0 6420.0 8020.0 14420.0 13620.0
0.0 10420.0 11620.0 8020.0 12820.0 7220.0 8420.0 14020.0 10020.0 10020.0 5220.0 13620.0 10820.0 12820.0 10820.0 4420.0 12020.0 10020.0 13620.0 11220.0 5220.0 9220.0 13220.0 3620.0 14020.0 10020.0 14820.0 16020.0 12820.0 14820.0 12420.0 8820.0 5220.0 8820.0 14420.0 12020.0 8820.0 10020.0 12420.0 4820.0 9620.0 12820.0 8420.0 12820.0 6420.0 8820.0 9220.0 8820.0 0.0 11620.0 13620.0 14020.0 6820.0 14420.0 12020.0 12420.0 9220.0 6820.0 6820.0 8820.0 12420.0 8420.0 7220.0 10020.0 14820.0 10820.0 12420.0 11220.0 11220.0 8420.0 3620.0 13220.0 13620.0 14020.0 12820.0 10820.0 3620.0 13220.0 10420.0 9220.0 9620.0 12020.0 10820.0 10420.0 11220.0 8420.0 14420.0 16840.0 3620.0 17640.0 12420.0 11220.0 16440.0 16840.0 13220.0 11620.0 4820.0 10820.0 10020.0 9620.0 9220.0
0.0 6020.0 16840.0 8420.0 9620.0 6420.0 8820.0 9620.0 6020.0 9620.0 10020.0 12420.0 13620.0 13220.0 2020.0 5620.0 11220.0 6020.0 9220.0 7220.0 9620.0 10020.0 14020.0 8420.0 16840.0 11620.0 12020.0 14820.0 8420.0 12820.0 8420.0 8020.0 10020.0 4420.0 10420.0 6420.0 8020.0 12420.0 8020.0 9620.0 14420.0 12420.0 8020.0 9220.0 8420.0 8420.0 6420.0 4820.0 14820.0 0.0 11220.0 12020.0 4820.0 10420.0 13620.0 11620.0 9620.0 6820.0 8020.0 7220.0 11220.0 14420.0 3220.0 4020.0 10420.0 12420.0 14820.0 11620.0 14420.0 6420.0 8420.0 12420.0 14020.0 12820.0 12020.0 7220.0 13220.0 21640.0 10820.0 10820.0 6820.0 12020.0 8420.0 6420.0 10420.0 9620.0 16440.0 16020.0 10420.0 16020.0 8820.0 9620.0 8020.0 17240.0 12420.0 11220.0 6020.0 6820.0 7220.0 14420.0 10820.0
0.0 8020.0 12820.0 7220.0 9220.0 9620.0 6420.0 10820.0 8020.0 11220.0 12420.0 12420.0 13220.0 12820.0 6420.0 10020.0 8020.0 7220.0 12820.0 8820.0 12020.0 11620.0 13220.0 11220.0 10420.0 12820.0 6420.0 8820.0 11220.0 12820.0 14420.0 10420.0 12820.0 10420.0 6020.0 12020.0 12420.0 12820.0 7220.0 7220.0 17240.0 13220.0 8020.0 6420.0 11620.0 12420.0 820.0 12820.0 14820.0 10420.0 0.0 12420.0 12020.0 11220.0 6020.0 12020.0 7220.0 12020.0 9620.0 8820.0 8820.0 12820.0 12420.0 10020.0 12420.0 13620.0 15220.0 12820.0 12020.0 8020.0 11220.0 13620.0 11620.0 10820.0 6820.0 8820.0 8420.0 20040.0 6420.0 15620.0 9220.0 6020.0 10020.0 8020.0 8820.0 10820.0 17640.0 11620.0 13220.0 6420.0 10420.0 3220.0 8820.0 8420.0 9220.0 820.0 10420.0 10820.0 9620.0 10820.0 11620.0
0.0 10820.0 14820.0 12420.0 9220.0 12020.0 11220.0 12020.0 10820.0 11220.0 14820.0 16840.0 8820.0 13220.0 10820.0 10820.0 17640.0 10020.0 11620.0 11220.0 7220.0 5620.0 14420.0 13220.0 12020.0 15620.0 16840.0 16440.0 16440.0 12420.0 14420.0 14420.0 14820.0 8820.0 13220.0 10420.0 14420.0 16840.0 11620.0 12020.0 18840.0 13220.0 12020.0 12420.0 8420.0 14420.0 14420.0 13620.0 16440.0 9220.0 15220.0 0.0 8820.0 14420.0 16440.0 10820.0 11620.0 13220.0 3620.0 11220.0 14420.0 12820.0 9620.0 8420.0 15220.0 16440.0 19240.0 13220.0 15220.0 4820.0 13220.0 14020.0 14820.0 15220.0 10820.0 11220.0 10020.0 21640.0 14820.0 11220.0 10820.0 18040.0 12420.0 10020.0 13620.0 4820.0 9620.0 15620.0 14420.0 18840.0 12820.0 16020.0 14420.0 21240.0 14420.0 14020.0 11220.0 10820.0 6820.0 16840.0 15220.0
0.0 15220.0 17240.0 8820.0 14020.0 10020.0 9220.0 19240.0 15220.0 15220.0 14020.0 8020.0 16020.0 18040.0 13620.0 13620.0 15220.0 14820.0 14820.0 16020.0 10020.0 16020.0 17640.0 15620.0 17240.0 10420.0 18040.0 18040.0 18440.0 14820.0 17240.0 10820.0 16840.0 13620.0 14020.0 12420.0 14420.0 15620.0 12020.0 10020.0 10020.0 18040.0 13620.0 14420.0 11620.0 14820.0 12420.0 18040.0 15620.0 20840.0 17640.0 12020.0 0.0 16440.0 17640.0 14020.0 10020.0 12420.0 15220.0 12820.0 17240.0 16020.0 12420.0 13220.0 19640.0 20840.0 18040.0 16020.0 18840.0 13620.0 12420.0 8020.0 14420.0 14820.0 14420.0 16440.0 16840.0 21640.0 14820.0 14020.0 12420.0 17240.0 14020.0 14820.0 11620.0 15620.0 14820.0 18040.0 14420.0 21640.0 17640.0 10420.0 19640.0 20040.0 16440.0 12420.0 13220.0 12020.0 14420.0 14820.0 14420.0
0.0 11620.0 17240.0 12820.0 10020.0 8020.0 13220.0 15620.0 11220.0 13220.0 10420.0 18840.0 13620.0 14020.0 3620.0 11620.0 12820.0 10820.0 12420.0 12020.0 10420.0 9620.0 12820.0 8820.0 20440.0 15220.0 11620.0 16020.0 9620.0 13620.0 15220.0 9220.0 10420.0 9220.0 12820.0 14020.0 9220.0 15220.0 6420.0 11220.0 14820.0 14020.0 15220.0 13620.0 11620.0 9620.0 8020.0 10020.0 18040.0 12820.0 16020.0 16840.0 12420.0 0.0 18840.0 12820.0 13620.0 14020.0 7220.0 12020.0 16840.0 13620.0 12820.0 12020.0 15220.0 16020.0 17640.0 14020.0 16440.0 5620.0 9220.0 14820.0 14820.0 15220.0 10420.0 12020.0 14420.0 21640.0 15620.0 14420.0 11620.0 13220.0 13220.0 5620.0 15220.0 8820.0 18040.0 16840.0 11220.0 6020.0 13620.0 9220.0 16020.0 21240.0 14020.0 16020.0 12020.0 11620.0 7620.0 15220.0 15620.0
0.0 8020.0 10420.0 9620.0 12020.0 9220.0 10020.0 15220.0 7620.0 8820.0 12420.0 18040.0 10820.0 13620.0 14820.0 11620.0 11620.0 7220.0 10420.0 8420.0 12420.0 11220.0 13620.0 10820.0 4420.0 12820.0 14020.0 15220.0 13220.0 7220.0 14820.0 12420.0 12420.0 5620.0 14420.0 7620.0 12420.0 11220.0 7620.0 4820.0 16840.0 13620.0 7620.0 10420.0 9620.0 8820.0 9220.0 15220.0 13220.0 14820.0 12420.0 9220.0 10420.0 11620.0 0.0 11620.0 2420.0 10420.0 9220.0 8420.0 13220.0 14820.0 10820.0 5220.0 12420.0 13620.0 13620.0 12820.0 7620.0 7620.0 10820.0 13220.0 15220.0 14020.0 6420.0 8420.0 13620.0 21640.0 10820.0 11220.0 8020.0 5620.0 9620.0 7620.0 11620.0 10820.0 15220.0 9620.0 11620.0 17240.0 10020.0 11620.0 16020.0 18440.0 12820.0 12420.0 8820.0 8020.0 9220.0 8420.0 9220.0
0.0 6820.0 8820.0 10820.0 10420.0 7220.0 1220.0 9620.0 6420.0 4420.0 4820.0 13220.0 6820.0 8420.0 10820.0 420.0 8020.0 6020.0 9220.0 7220.0 4420.0 8420.0 3620.0 3220.0 9220.0 8820.0 10020.0 12420.0 8420.0 10820.0 12020.0 4420.0 4820.0 4420.0 4820.0 9220.0 4420.0 7620.0 8020.0 2020.0 9220.0 8820.0 8420.0 5620.0 6020.0 4820.0 4420.0 8420.0 9220.0 12020.0 9220.0 12020.0 5220.0 10020.0 9220.0 0.0 1620.0 2420.0 8020.0 4420.0 12020.0 10820.0 6820.0 7220.0 11220.0 10420.0 10020.0 10820.0 10820.0 6420.0 3220.0 12020.0 6020.0 6820.0 8420.0 7220.0 9620.0 19640.0 7620.0 8820.0 5220.0 9220.0 8420.0 6420.0 3620.0 7620.0 13620.0 14020.0 5220.0 14820.0 8820.0 7220.0 10820.0 12020.0 8820.0 4420.0 820.0 6820.0 7620.0 6820.0 6420.0
0.0 10020.0 8020.0 12420.0 12420.0 11220.0 12820.0 16020.0 10020.0 6420.0 14820.0 19240.0 8420.0 11220.0 12420.0 11620.0 14020.0 9620.0 10820.0 9220.0 13620.0 11620.0 12420.0 13620.0 7620.0 13220.0 15620.0 12820.0 16840.0 10020.0 12420.0 12020.0 14820.0 8420.0 13620.0 10020.0 15220.0 8820.0 11620.0 2820.0 19640.0 11220.0 9220.0 11220.0 12020.0 11620.0 12420.0 12820.0 10820.0 15220.0 13220.0 12020.0 12420.0 14020.0 10020.0 15220.0 0.0 13220.0 10020.0 9220.0 15220.0 12420.0 13220.0 8020.0 14420.0 14420.0 11220.0 15220.0 10420.0 10420.0 13620.0 11220.0 17640.0 15220.0 10420.0 9220.0 14020.0 21240.0 8420.0 8820.0 10420.0 9620.0 10420.0 10020.0 14020.0 11220.0 12820.0 13220.0 14420.0 15620.0 10820.0 9220.0 14420.0 19240.0 15220.0 13620.0 11220.0 10420.0 10020.0 6020.0 6820.0
0.0 4420.0 11620.0 10020.0 8420.0 5620.0 6820.0 7220.0 4020.0 7220.0 4820.0 10820.0 10820.0 12020.0 9620.0 5620.0 5620.0 3620.0 7220.0 4820.0 4820.0 7620.0 8820.0 3220.0 14020.0 9220.0 8820.0 11220.0 6020.0 8420.0 12020.0 2020.0 4820.0 2420.0 8420.0 11220.0 2020.0 9620.0 5620.0 5620.0 9220.0 10820.0 8420.0 6820.0 6020.0 2420.0 3220.0 8420.0 14020.0 11220.0 8820.0 9620.0 2820.0 8020.0 9620.0 5620.0 7220.0 0.0 5620.0 4820.0 9620.0 10820.0 6820.0 9220.0 8820.0 10020.0 12020.0 9220.0 9220.0 4420.0 3220.0 10820.0 11620.0 8420.0 6020.0 4820.0 7220.0 17240.0 8420.0 8820.0 3220.0 8420.0 6020.0 4020.0 8020.0 7220.0 13620.0 11620.0 4820.0 13620.0 6420.0 6020.0 11220.0 14820.0 6820.0 8820.0 5220.0 4420.0 6020.0 9620.0 10020.0
0.0 7620.0 15620.0 9220.0 6020.0 8820.0 7620.0 8420.0 7220.0 10420.0 11620.0 13620.0 9220.0 9620.0 7620.0 7620.0 15220.0 6420.0 8420.0 8020.0 3620.0 2420.0 11220.0 10020.0 13220.0 12020.0 13220.0 14820.0 12820.0 8820.0 11220.0 12020.0 11620.0 5220.0 10020.0 7220.0 11620.0 13620.0 8420.0 8420.0 15620.0 10020.0 8420.0 9220.0 5220.0 12020.0 10820.0 10020.0 12820.0 5620.0 12020.0 12820.0 5620.0 10820.0 13220.0 7620.0 8420.0 10020.0 0.0 8020.0 11220.0 13220.0 6020.0 4820.0 12020.0 13220.0 16020.0 10020.0 12820.0 1620.0 10020.0 10420.0 12820.0 12020.0 8420.0 8020.0 11220.0 21640.0 11620.0 8020.0 7620.0 14820.0 9220.0 6820.0 10020.0 1620.0 10820.0 12020.0 10820.0 15620.0 9620.0 12820.0 13220.0 18040.0 11220.0 10820.0 8020.0 7620.0 3220.0 13220.0 11620.0
0.0 6820.0 13220.0 12020.0 10020.0 8020.0 5620.0 14820.0 6820.0 10420.0 10420.0 11220.0 10420.0 12820.0 14420.0 6020.0 13620.0 11620.0 12420.0 13220.0 10420.0 12820.0 14820.0 9220.0 13620.0 4420.0 14420.0 15620.0 14420.0 13620.0 8820.0 10420.0 10420.0 10420.0 14020.0 13620.0 10420.0 12020.0 10820.0 6420.0 13220.0 12820.0 13220.0 14420.0 3220.0 10820.0 8820.0 14420.0 13620.0 17640.0 14020.0 12820.0 3620.0 11220.0 11220.0 14020.0 6420.0 8420.0 12020.0 0.0 12020.0 14420.0 4020.0 11620.0 11220.0 16440.0 13220.0 7620.0 16440.0 10820.0 9220.0 11220.0 10820.0 11220.0 14420.0 13220.0 15620.0 21640.0 12020.0 14420.0 11220.0 13620.0 9220.0 10820.0 8020.0 12420.0 18040.0 16840.0 11220.0 16840.0 14820.0 12020.0 16020.0 16440.0 13620.0 8820.0 6820.0 12420.0 7620.0 11220.0 10820.0
0.0 11220.0 16440.0 11620.0 12820.0 5220.0 12020.0 10420.0 11220.0 14020.0 9220.0 17640.0 12420.0 13220.0 9220.0 4820.0 12420.0 10420.0 14020.0 11620.0 9220.0 9220.0 13620.0 8020.0 15220.0 14020.0 10420.0 4020.0 13220.0 15620.0 12420.0 9220.0 9220.0 9220.0 11620.0 13620.0 9220.0 13620.0 12820.0 10420.0 13620.0 13220.0 15220.0 12020.0 10820.0 9620.0 8820.0 12020.0 15220.0 7620.0 13620.0 3620.0 10020.0 8420.0 16840.0 12820.0 12820.0 7220.0 6820.0 12020.0 0.0 16020.0 10420.0 11620.0 15620.0 15220.0 10420.0 15220.0 15220.0 8420.0 8020.0 13220.0 17240.0 15220.0 13220.0 12020.0 13620.0 18040.0 12020.0 13220.0 10020.0 14420.0 13220.0 11220.0 9620.0 8420.0 13220.0 14820.0 10020.0 14420.0 13620.0 12020.0 8420.0 18040.0 13620.0 10420.0 5620.0 11220.0 10020.0 14020.0 14420.0
0.0 8420.0 12820.0 10020.0 12020.0 9220.0 7220.0 11620.0 8420.0 10820.0 12420.0 13220.0 11620.0 14420.0 9620.0 8020.0 9220.0 12820.0 14020.0 11620.0 12420.0 14420.0 14820.0 10820.0 15220.0 14820.0 12420.0 15220.0 10820.0 13220.0 4020.0 7620.0 12420.0 11220.0 9620.0 7620.0 12020.0 12020.0 10020.0 5620.0 15220.0 14820.0 12020.0 10420.0 4820.0 6420.0 7220.0 12820.0 14020.0 15620.0 12820.0 16440.0 5220.0 6420.0 12820.0 11220.0 8020.0 10020.0 12420.0 10820.0 13620.0 0.0 5620.0 10820.0 10820.0 14020.0 14420.0 9620.0 8420.0 12020.0 10820.0 13220.0 12420.0 12020.0 10820.0 11620.0 7220.0 20840.0 11620.0 8820.0 12820.0 10020.0 12820.0 11620.0 9620.0 13620.0 15620.0 16440.0 12820.0 9220.0 10820.0 10020.0 14420.0 17640.0 8820.0 10420.0 8420.0 13620.0 9620.0 10420.0 10020.0
0.0 3220.0 13620.0 10420.0 6420.0 4420.0 10820.0 11620.0 2820.0 11620.0 6820.0 15220.0 12820.0 10420.0 10820.0 2420.0 10020.0 8020.0 8820.0 9220.0 6820.0 10420.0 11220.0 5220.0 15620.0 11620.0 13220.0 12020.0 10420.0 9620.0 5220.0 6820.0 6820.0 6820.0 12420.0 12420.0 6420.0 9620.0 8820.0 7620.0 11220.0 9220.0 12820.0 11220.0 8020.0 6820.0 7620.0 10820.0 12420.0 14020.0 12420.0 11620.0 7620.0 7620.0 14020.0 10020.0 11220.0 4820.0 8420.0 9220.0 8420.0 13220.0 0.0 10420.0 7620.0 12420.0 12020.0 12820.0 12820.0 6820.0 5220.0 11220.0 15620.0 12420.0 10420.0 9220.0 11620.0 21640.0 12820.0 10820.0 7620.0 13220.0 10420.0 7220.0 11220.0 10020.0 16020.0 12820.0 7620.0 13220.0 10820.0 10820.0 15620.0 18440.0 10020.0 12020.0 2820.0 8820.0 4020.0 11620.0 12020.0
0.0 2820.0 12820.0 4420.0 6820.0 4020.0 4820.0 10020.0 2420.0 5620.0 7220.0 12820.0 9620.0 10420.0 9620.0 7620.0 10820.0 2020.0 5620.0 3220.0 7220.0 6020.0 10420.0 5620.0 12820.0 7620.0 8820.0 11620.0 11220.0 9620.0 10420.0 7220.0 7220.0 820.0 11620.0 2420.0 7220.0 9220.0 4020.0 5620.0 11620.0 9220.0 4020.0 5220.0 4820.0 7620.0 7220.0 10820.0 13220.0 9620.0 7220.0 8020.0 5220.0 6420.0 12820.0 7620.0 5620.0 5220.0 4020.0 3220.0 8020.0 10420.0 5620.0 0.0 7220.0 8420.0 11620.0 7620.0 10420.0 2820.0 6020.0 11220.0 10020.0 9220.0 11220.0 3220.0 10820.0 17640.0 6820.0 6820.0 2820.0 12820.0 4420.0 2420.0 6420.0 5620.0 14820.0 12820.0 8020.0 12020.0 4820.0 10420.0 11620.0 13220.0 12020.0 7220.0 3620.0 2820.0 4420.0 10820.0 10020.0
0.0 12020.0 14020.0 13620.0 9620.0 12020.0 14020.0 16840.0 12020.0 12420.0 11620.0 11220.0 12820.0 10820.0 14420.0 8420.0 12020.0 11620.0 13620.0 10020.0 11620.0 10420.0 14420.0 10020.0 16440.0 11620.0 14020.0 15620.0 9620.0 2420.0 17240.0 12820.0 11620.0 10420.0 13620.0 11620.0 12820.0 10820.0 8420.0 7220.0 16020.0 8420.0 13620.0 12020.0 12820.0 9220.0 8420.0 15620.0 11220.0 14020.0 14020.0 14820.0 10020.0 14820.0 12020.0 15620.0 14420.0 10820.0 8420.0 10020.0 11620.0 13620.0 14020.0 10020.0 0.0 15220.0 13220.0 13620.0 14420.0 6820.0 10020.0 12420.0 8020.0 8820.0 12420.0 10020.0 14020.0 20040.0 12020.0 15620.0 12420.0 11620.0 11220.0 6820.0 7620.0 10020.0 15620.0 5620.0 7620.0 16020.0 11620.0 11620.0 16440.0 16020.0 9620.0 8420.0 8820.0 12420.0 8820.0 12020.0 8820.0
0.0 8020.0 18040.0 13220.0 12020.0 8820.0 10020.0 14020.0 7620.0 10820.0 12420.0 18040.0 14820.0 15620.0 12020.0 9220.0 8820.0 6820.0 10420.0 8420.0 12420.0 11220.0 12820.0 10820.0 12420.0 12420.0 12020.0 14820.0 9620.0 12020.0 6420.0 5620.0 12420.0 5620.0 11620.0 14820.0 5620.0 14020.0 9220.0 10820.0 16840.0 14020.0 12020.0 10420.0 9620.0 6020.0 6820.0 16020.0 12820.0 14420.0 12420.0 11620.0 10020.0 8420.0 17640.0 9220.0 10820.0 10420.0 9220.0 8420.0 13220.0 17240.0 10420.0 12420.0 12420.0 0.0 15220.0 12420.0 12820.0 7620.0 10820.0 7620.0 10020.0 10420.0 9620.0 8420.0 8420.0 10420.0 12020.0 16440.0 8020.0 12020.0 9620.0 7620.0 11620.0 10420.0 18840.0 14820.0 12420.0 14420.0 10020.0 9620.0 14820.0 18440.0 10020.0 12020.0 8820.0 8020.0 9620.0 15620.0 15220.0
0.0 12020.0 16840.0 11220.0 13220.0 12820.0 10020.0 6020.0 12020.0 13220.0 10420.0 18440.0 16020.0 9220.0 10820.0 6020.0 8020.0 11220.0 14820.0 12820.0 10020.0 12420.0 12820.0 8820.0 18040.0 12820.0 10020.0 12820.0 11220.0 14420.0 14820.0 5620.0 10020.0 10020.0 7220.0 12820.0 10020.0 15220.0 10820.0 11220.0 14820.0 9620.0 12020.0 8020.0 11620.0 10420.0 4820.0 14020.0 9620.0 14420.0 13620.0 12020.0 10820.0 12820.0 17640.0 9220.0 10820.0 8020.0 10420.0 12820.0 17240.0 10820.0 12420.0 10820.0 16840.0 14820.0 0.0 15620.0 11620.0 11220.0 8820.0 16020.0 11220.0 10820.0 9620.0 12820.0 12820.0 21640.0 2020.0 14420.0 10420.0 10020.0 14020.0 12020.0 12420.0 11620.0 17240.0 15620.0 5220.0 16840.0 11220.0 7620.0 4420.0 15620.0 9220.0 8020.0 6420.0 12020.0 12820.0 14820.0 15220.0
0.0 13220.0 14420.0 13620.0 16020.0 12420.0 14020.0 12820.0 13220.0 12820.0 15620.0 16840.0 17640.0 16440.0 8020.0 11220.0 9620.0 12420.0 14420.0 13620.0 15220.0 16440.0 19640.0 14020.0 21640.0 12420.0 17240.0 12820.0 12820.0 19640.0 19640.0 12820.0 11620.0 11220.0 10020.0 11620.0 13620.0 4820.0 14420.0 14820.0 20040.0 16440.0 18440.0 10820.0 15220.0 14020.0 11620.0 14420.0 12820.0 17240.0 14820.0 17640.0 13220.0 15220.0 20840.0 16020.0 14820.0 13220.0 14020.0 14020.0 18440.0 16020.0 16020.0 15620.0 17640.0 16020.0 7220.0 0.0 13220.0 12820.0 14020.0 13620.0 18440.0 12420.0 16440.0 14020.0 16020.0 21640.0 8820.0 19640.0 13220.0 16840.0 14820.0 12820.0 16440.0 15620.0 19240.0 21640.0 10420.0 20840.0 12820.0 4420.0 11220.0 20840.0 10820.0 14820.0 11620.0 13220.0 13220.0 12420.0 18440.0
0.0 10420.0 14420.0 8820.0 10020.0 4420.0 8820.0 10420.0 10020.0 6020.0 8820.0 13620.0 10020.0 10820.0 8420.0 8020.0 4420.0 10420.0 12420.0 3620.0 8020.0 6420.0 14420.0 10020.0 16440.0 7620.0 7620.0 10420.0 7620.0 13220.0 10820.0 9220.0 11620.0 9220.0 7220.0 11220.0 8820.0 12020.0 9620.0 9620.0 16020.0 10820.0 9220.0 5620.0 6420.0 1220.0 2020.0 14420.0 16840.0 9620.0 7620.0 8420.0 6820.0 9220.0 13620.0 11620.0 9220.0 7220.0 4420.0 3620.0 15220.0 12820.0 7220.0 8820.0 14820.0 8820.0 14420.0 11220.0 0.0 5620.0 7220.0 12020.0 14020.0 7220.0 8420.0 3620.0 6420.0 16020.0 11220.0 12020.0 8020.0 7620.0 4820.0 10820.0 11620.0 5620.0 14020.0 13220.0 9220.0 13620.0 5220.0 5220.0 10420.0 13620.0 5620.0 8020.0 8420.0 11220.0 7620.0 12020.0 14020.0
0.0 8820.0 16440.0 8020.0 4420.0 10020.0 8420.0 10020.0 8820.0 12020.0 10020.0 14820.0 8020.0 8420.0 9220.0 9220.0 16440.0 8020.0 6820.0 9620.0 5220.0 4020.0 12420.0 8420.0 14820.0 11620.0 14820.0 16440.0 14420.0 8020.0 12420.0 13220.0 10020.0 6820.0 11620.0 8420.0 13220.0 14820.0 6820.0 9220.0 14420.0 8420.0 10020.0 10420.0 6820.0 13620.0 9620.0 11620.0 14420.0 7220.0 10820.0 13220.0 7220.0 12420.0 13220.0 8820.0 9220.0 11220.0 1620.0 9620.0 12820.0 11620.0 7620.0 6420.0 11220.0 14420.0 16440.0 11220.0 14020.0 0.0 8420.0 9220.0 13620.0 10420.0 9620.0 9620.0 12820.0 21640.0 12820.0 9220.0 8820.0 14820.0 10820.0 5220.0 10820.0 3220.0 12420.0 11220.0 9620.0 16020.0 11220.0 11220.0 13620.0 18840.0 12420.0 11220.0 9620.0 8820.0 2020.0 14020.0 13220.0
0.0 9620.0 8420.0 12020.0 10020.0 10020.0 11220.0 12420.0 9220.0 6820.0 1620.0 15620.0 8420.0 11220.0 9220.0 3220.0 10420.0 8420.0 11220.0 9620.0 7220.0 10020.0 11620.0 6020.0 12020.0 12420.0 13220.0 13220.0 11220.0 13620.0 12020.0 7220.0 7220.0 7220.0 12820.0 10020.0 7220.0 8820.0 10820.0 2420.0 12020.0 11220.0 9220.0 11620.0 8820.0 7620.0 8020.0 11220.0 10820.0 16020.0 13620.0 14420.0 8020.0 12820.0 10020.0 10820.0 12020.0 5220.0 10420.0 9620.0 14820.0 8020.0 9620.0 8020.0 14020.0 12820.0 11220.0 13620.0 13220.0 9220.0 0.0 11220.0 16440.0 13220.0 10420.0 9620.0 12420.0 21640.0 8420.0 11620.0 8020.0 9620.0 10820.0 9220.0 10820.0 11620.0 13220.0 16840.0 2420.0 15220.0 11220.0 9220.0 14020.0 18440.0 11620.0 10820.0 3620.0 9620.0 10420.0 6420.0 6820.0
0.0 10820.0 12420.0 12420.0 10020.0 2020.0 10420.0 13620.0 10820.0 10820.0 10420.0 16020.0 12820.0 14020.0 5620.0 6020.0 7620.0 11220.0 7220.0 12820.0 6420.0 9620.0 14420.0 8820.0 16020.0 15220.0 13620.0 16440.0 10420.0 7220.0 9220.0 10020.0 10420.0 10020.0 13220.0 10420.0 10020.0 14020.0 4420.0 8020.0 14820.0 14020.0 14420.0 14020.0 7620.0 10420.0 8020.0 12420.0 16020.0 12820.0 10420.0 4420.0 8020.0 11620.0 15220.0 13620.0 10820.0 8020.0 7220.0 12820.0 13620.0 16020.0 8820.0 12020.0 15220.0 14020.0 16440.0 12420.0 11220.0 6020.0 8820.0 0.0 15220.0 10020.0 12820.0 12820.0 14020.0 21640.0 9220.0 10420.0 10820.0 13620.0 14020.0 10820.0 12820.0 8820.0 13620.0 10420.0 10820.0 16840.0 10820.0 2420.0 11620.0 18440.0 8420.0 10820.0 6420.0 12420.0 7620.0 10420.0 12420.0
0.0 9620.0 14020.0 8420.0 10420.0 4020.0 8820.0 11620.0 9620.0 10420.0 7220.0 10020.0 12420.0 14020.0 8020.0 7620.0 4020.0 8820.0 11620.0 7620.0 6820.0 5620.0 14420.0 6020.0 16440.0 5620.0 7220.0 10020.0 7220.0 12020.0 9620.0 7620.0 7220.0 7620.0 7220.0 10020.0 7620.0 12020.0 9220.0 8020.0 11620.0 12820.0 9220.0 7620.0 8420.0 1220.0 2020.0 11220.0 3220.0 11620.0 9620.0 12420.0 2020.0 11620.0 15220.0 11220.0 9620.0 5620.0 8420.0 8020.0 14420.0 11620.0 9220.0 8020.0 14020.0 10820.0 14420.0 11620.0 8020.0 8020.0 6020.0 10020.0 0.0 820.0 8020.0 8020.0 6020.0 15620.0 10820.0 10820.0 8420.0 7220.0 9220.0 9220.0 11220.0 4820.0 14020.0 12820.0 6820.0 13620.0 7620.0 4820.0 10020.0 14020.0 5220.0 10020.0 8020.0 9620.0 9620.0 12020.0 12020.0
0.0 9220.0 13620.0 8820.0 12820.0 4820.0 9220.0 11220.0 9220.0 9620.0 6820.0 9620.0 12820.0 14420.0 11220.0 8420.0 10420.0 8420.0 10820.0 7220.0 6420.0 4820.0 13620.0 5220.0 17240.0 11620.0 13620.0 16020.0 10820.0 11620.0 12020.0 7220.0 6820.0 7220.0 13220.0 9620.0 6820.0 11620.0 10420.0 7620.0 11220.0 14820.0 11220.0 9620.0 7620.0 7220.0 8020.0 10820.0 15620.0 13620.0 11220.0 12020.0 1620.0 12820.0 14420.0 10420.0 10020.0 5220.0 8020.0 7620.0 13620.0 13220.0 8820.0 7620.0 13620.0 12420.0 14020.0 12420.0 12820.0 8420.0 5620.0 9620.0 14420.0 0.0 10820.0 7620.0 12020.0 21640.0 13220.0 10420.0 8020.0 13620.0 8420.0 8820.0 11620.0 4420.0 16020.0 14020.0 7620.0 17640.0 9220.0 11220.0 15620.0 13220.0 11620.0 11620.0 8820.0 9220.0 10420.0 11620.0 12020.0
0.0 5620.0 13620.0 5620.0 6020.0 6820.0 6020.0 11220.0 5620.0 8820.0 10420.0 16020.0 9220.0 9620.0 10420.0 10420.0 12420.0 4820.0 8020.0 6020.0 6420.0 5220.0 12820.0 8820.0 13220.0 10420.0 11620.0 14820.0 13220.0 9220.0 13620.0 9220.0 8820.0 3620.0 12820.0 5220.0 9220.0 9220.0 1620.0 6820.0 14820.0 10020.0 6820.0 8420.0 7620.0 9220.0 9220.0 12820.0 11220.0 8420.0 10020.0 10820.0 8020.0 9220.0 10420.0 10420.0 6420.0 8420.0 3220.0 6420.0 10820.0 13220.0 8420.0 3220.0 10020.0 11220.0 11620.0 10420.0 12020.0 1620.0 8820.0 10420.0 10820.0 11620.0 0.0 6420.0 14020.0 20440.0 9620.0 9620.0 2820.0 10020.0 7620.0 5620.0 8420.0 4420.0 13620.0 12420.0 10820.0 14820.0 8020.0 12020.0 14420.0 16020.0 13620.0 8820.0 6420.0 5620.0 3220.0 11620.0 7220.0
0.0 7220.0 16020.0 10020.0 6420.0 9220.0 8420.0 6820.0 8020.0 11220.0 11620.0 10020.0 6420.0 10420.0 8420.0 8420.0 12020.0 7220.0 8820.0 8420.0 4420.0 2820.0 11220.0 10420.0 14020.0 10420.0 10020.0 12820.0 8820.0 9620.0 11220.0 10820.0 11620.0 6020.0 9620.0 7620.0 10820.0 10020.0 8820.0 9220.0 14820.0 10820.0 9220.0 2020.0 6020.0 10820.0 4420.0 10820.0 13620.0 6420.0 4020.0 13220.0 6420.0 6020.0 10020.0 8020.0 9220.0 9620.0 820.0 8820.0 11620.0 10420.0 6820.0 5620.0 12420.0 5220.0 12420.0 10420.0 13620.0 2420.0 10420.0 11220.0 13620.0 12820.0 8820.0 0.0 12020.0 15220.0 10420.0 8420.0 4820.0 10020.0 10020.0 7220.0 10820.0 2420.0 11620.0 12820.0 11620.0 10420.0 1620.0 7220.0 8420.0 10020.0 11620.0 4420.0 8020.0 8020.0 4020.0 14020.0 12420.0
0.0 12820.0 14020.0 16840.0 13620.0 13620.0 14020.0 16020.0 12820.0 12420.0 10820.0 19240.0 16440.0 17240.0 10420.0 12420.0 14020.0 12020.0 15620.0 10020.0 10820.0 12820.0 16840.0 9220.0 10420.0 14420.0 17240.0 17640.0 14820.0 13220.0 16440.0 9620.0 10820.0 10820.0 16840.0 14420.0 10820.0 15620.0 10820.0 11620.0 15220.0 17640.0 6420.0 12020.0 12420.0 10820.0 11620.0 12820.0 16440.0 8420.0 14020.0 14820.0 11620.0 16020.0 18040.0 13220.0 14820.0 8820.0 10820.0 10420.0 17240.0 16440.0 11620.0 12420.0 17240.0 15220.0 18040.0 16840.0 13620.0 9220.0 9620.0 14420.0 18440.0 16840.0 13620.0 10420.0 0.0 21640.0 16020.0 14820.0 11620.0 17240.0 11220.0 9220.0 16440.0 12420.0 18840.0 16440.0 11620.0 20440.0 12020.0 14820.0 16020.0 14420.0 15220.0 14420.0 6820.0 12820.0 11220.0 15620.0 16020.0
0.0 5220.0 19240.0 10820.0 13220.0 12020.0 11220.0 18040.0 16020.0 16840.0 14020.0 8020.0 18040.0 16840.0 18440.0 10420.0 16840.0 15220.0 11220.0 14420.0 13220.0 12020.0 17640.0 12420.0 10420.0 10020.0 14820.0 21640.0 18040.0 13220.0 18840.0 10820.0 14020.0 14020.0 18840.0 8820.0 14020.0 11620.0 14820.0 12020.0 18440.0 17240.0 18040.0 16020.0 14820.0 14420.0 14420.0 17640.0 16840.0 19240.0 18440.0 15220.0 8820.0 19640.0 19640.0 14020.0 12020.0 12020.0 14820.0 14420.0 20440.0 20440.0 15620.0 14420.0 19240.0 19640.0 14020.0 12820.0 13620.0 13220.0 12420.0 16440.0 16440.0 7220.0 14420.0 14420.0 19240.0 0.0 16020.0 17640.0 14820.0 19240.0 15620.0 13220.0 13620.0 11220.0 21640.0 16440.0 14420.0 21640.0 16020.0 17240.0 18040.0 20440.0 18040.0 14420.0 10820.0 16440.0 10420.0 16840.0 16440.0
0.0 13220.0 16020.0 13220.0 13620.0 13620.0 8420.0 16840.0 13220.0 11620.0 12020.0 18040.0 14420.0 15620.0 16440.0 7620.0 6420.0 12420.0 16020.0 13220.0 12020.0 12820.0 11220.0 10420.0 16440.0 14820.0 16840.0 19640.0 9620.0 17240.0 18840.0 4020.0 12020.0 11220.0 12420.0 12820.0 11620.0 14020.0 9220.0 9220.0 16440.0 15220.0 14420.0 12820.0 13220.0 10420.0 11220.0 16020.0 12820.0 16440.0 11620.0 18040.0 10420.0 16840.0 16840.0 7620.0 9220.0 10020.0 10820.0 12020.0 18440.0 14820.0 14420.0 10820.0 17640.0 12820.0 16440.0 13620.0 10020.0 9220.0 10420.0 14420.0 9620.0 9220.0 8020.0 13620.0 15620.0 21640.0 0.0 16020.0 10420.0 16440.0 14420.0 13220.0 10820.0 12420.0 21240.0 18440.0 12820.0 18040.0 9620.0 14420.0 17640.0 18040.0 7620.0 11620.0 8020.0 13220.0 10820.0 14020.0 13620.0
0.0 10420.0 14820.0 6820.0 14420.0 10820.0 7220.0 14420.0 10420.0 13220.0 8020.0 11620.0 14020.0 17640.0 13220.0 9620.0 14820.0 9620.0 13220.0 10820.0 8020.0 9220.0 15620.0 6420.0 15220.0 12820.0 16020.0 18440.0 8020.0 17240.0 9220.0 13220.0 8020.0 8420.0 12420.0 10020.0 13620.0 12820.0 11620.0 8020.0 12420.0 16840.0 11620.0 13220.0 9220.0 11620.0 10420.0 4420.0 6820.0 11220.0 14820.0 15620.0 10020.0 11620.0 15220.0 12020.0 8020.0 11620.0 11620.0 10820.0 15220.0 5620.0 10420.0 8020.0 14820.0 13620.0 8820.0 8020.0 13620.0 10420.0 6420.0 17640.0 12420.0 12820.0 14820.0 11220.0 10020.0 19640.0 10420.0 0.0 10420.0 15220.0 12020.0 10020.0 9620.0 13220.0 16020.0 20040.0 8820.0 14820.0 12820.0 12420.0 12820.0 18040.0 14420.0 10420.0 10020.0 10420.0 12020.0 12820.0 12420.0
0.0 10420.0 20040.0 14420.0 14420.0 11620.0 14820.0 15620.0 10420.0 13220.0 14820.0 18840.0 15220.0 12420.0 14020.0 12820.0 15620.0 9620.0 13220.0 10820.0 13220.0 11620.0 18040.0 13220.0 20840.0 15220.0 13220.0 16020.0 17640.0 15620.0 18040.0 14820.0 14820.0 8420.0 12820.0 16020.0 14820.0 10820.0 7220.0 15620.0 19240.0 12420.0 15220.0 10820.0 12420.0 15220.0 7620.0 16020.0 18440.0 15220.0 12820.0 15620.0 12820.0 14020.0 18840.0 16840.0 15620.0 13220.0 9620.0 10820.0 15620.0 17640.0 13220.0 13620.0 14820.0 14020.0 13220.0 15220.0 19240.0 10420.0 13620.0 18840.0 19640.0 16020.0 14020.0 8820.0 15220.0 21640.0 14420.0 12020.0 0.0 13220.0 12020.0 10020.0 6820.0 11220.0 20440.0 16440.0 15620.0 19240.0 10420.0 10820.0 16020.0 15220.0 16840.0 7620.0 11220.0 10420.0 12020.0 17640.0 20040.0
0.0 6420.0 12020.0 6020.0 6420.0 7620.0 6820.0 12020.0 6420.0 9220.0 10420.0 16840.0 10020.0 10420.0 11220.0 6020.0 13220.0 5620.0 8820.0 6820.0 7220.0 6020.0 9620.0 8820.0 13620.0 11220.0 12420.0 15620.0 14020.0 10020.0 13220.0 10020.0 9620.0 4420.0 10820.0 6020.0 10020.0 10020.0 2020.0 7620.0 14820.0 10820.0 2020.0 9220.0 8420.0 10020.0 10020.0 10020.0 12020.0 9220.0 10420.0 11620.0 8820.0 10020.0 11220.0 6020.0 7220.0 8420.0 4020.0 7220.0 11620.0 9220.0 9220.0 4020.0 10820.0 12020.0 12420.0 11220.0 12820.0 2420.0 9220.0 11220.0 11620.0 12020.0 820.0 7220.0 10420.0 21240.0 10420.0 10420.0 3620.0 0.0 8020.0 6020.0 9220.0 5220.0 14420.0 13220.0 11220.0 15620.0 8820.0 12820.0 12020.0 16840.0 14420.0 9620.0 6420.0 6420.0 4020.0 10020.0 8020.0
0.0 8820.0 17240.0 12020.0 7620.0 11220.0 12420.0 15220.0 10020.0 1220.0 11220.0 15220.0 12420.0 6020.0 14420.0 6820.0 8020.0 9220.0 9620.0 10820.0 10420.0 6820.0 12020.0 9620.0 15620.0 9620.0 14820.0 17640.0 11220.0 10820.0 16440.0 10820.0 11220.0 8020.0 13620.0 9620.0 10820.0 14020.0 10020.0 11620.0 15620.0 6420.0 11220.0 12820.0 12020.0 8820.0 9220.0 15220.0 16840.0 12420.0 13620.0 3620.0 11620.0 13620.0 16440.0 14420.0 9220.0 9220.0 7220.0 10820.0 15220.0 16440.0 12820.0 7620.0 14420.0 14820.0 16440.0 14820.0 7620.0 8020.0 9620.0 12020.0 16440.0 10020.0 12820.0 10820.0 13620.0 21640.0 6820.0 14420.0 10020.0 14820.0 0.0 8020.0 14020.0 8420.0 13220.0 14020.0 11620.0 12820.0 11620.0 12420.0 17240.0 19640.0 9220.0 14020.0 7220.0 10020.0 4820.0 14820.0 16020.0
0.0 9220.0 12020.0 8020.0 4820.0 7620.0 8820.0 10020.0 8820.0 8420.0 5220.0 13620.0 8020.0 8420.0 9220.0 6420.0 12820.0 8420.0 6820.0 9620.0 4820.0 4020.0 8020.0 3620.0 14820.0 10020.0 15220.0 16020.0 12820.0 8020.0 12420.0 9620.0 4820.0 6820.0 9220.0 8820.0 9620.0 10020.0 2020.0 6020.0 9620.0 8820.0 10020.0 10020.0 6420.0 10020.0 9620.0 8820.0 12820.0 7220.0 11220.0 13220.0 6820.0 8420.0 13220.0 9220.0 9220.0 8820.0 2020.0 9620.0 12420.0 11620.0 7220.0 6420.0 9620.0 10820.0 12420.0 11220.0 10820.0 420.0 3620.0 9220.0 9620.0 10020.0 10020.0 9620.0 12420.0 18840.0 10020.0 9220.0 9220.0 13220.0 10420.0 0.0 11220.0 3220.0 12420.0 11220.0 5620.0 14020.0 11220.0 11620.0 13620.0 16440.0 12820.0 11620.0 6820.0 9220.0 2020.0 9620.0 10420.0
0.0 12820.0 13220.0 7620.0 9220.0 11620.0 8020.0 10820.0 12420.0 11220.0 12820.0 12820.0 14820.0 13220.0 7220.0 10420.0 8820.0 12020.0 13620.0 13220.0 9620.0 12020.0 13620.0 13220.0 16020.0 11620.0 6420.0 9220.0 12020.0 9220.0 14820.0 12020.0 14420.0 10420.0 6020.0 10820.0 13220.0 4020.0 8420.0 8820.0 19240.0 13620.0 8420.0 6820.0 11220.0 13620.0 1220.0 13620.0 13620.0 10820.0 13620.0 14420.0 11620.0 11620.0 15220.0 12420.0 8820.0 12420.0 10020.0 11620.0 11220.0 13220.0 12020.0 10020.0 17240.0 15620.0 6420.0 9220.0 12820.0 8420.0 11220.0 12020.0 13220.0 11620.0 7220.0 13220.0 8420.0 20040.0 8420.0 13620.0 9220.0 6420.0 14420.0 10020.0 0.0 11620.0 18040.0 12020.0 9620.0 17240.0 12420.0 4020.0 9220.0 8420.0 10020.0 820.0 10820.0 11220.0 10420.0 11220.0 13220.0
0.0 6020.0 14020.0 7620.0 10020.0 7220.0 6420.0 7220.0 6020.0 8820.0 10420.0 12020.0 12820.0 13220.0 12820.0 6820.0 14020.0 5220.0 6820.0 6420.0 2420.0 820.0 13620.0 8820.0 14020.0 10820.0 12020.0 13620.0 11620.0 7620.0 9620.0 10820.0 10420.0 4020.0 14820.0 5620.0 10420.0 12420.0 7220.0 7220.0 14020.0 12420.0 7220.0 7620.0 3620.0 10820.0 9620.0 10420.0 11620.0 12820.0 10420.0 11220.0 4020.0 9620.0 11620.0 10820.0 6820.0 8820.0 7220.0 6420.0 9620.0 11620.0 4820.0 3620.0 10420.0 11620.0 14820.0 8420.0 11220.0 6020.0 9220.0 12020.0 11220.0 12020.0 6820.0 6420.0 9620.0 20840.0 10020.0 6420.0 6020.0 14420.0 7620.0 5620.0 8820.0 0.0 18040.0 10820.0 11220.0 15220.0 8020.0 12420.0 14820.0 16440.0 9620.0 9220.0 6820.0 6020.0 7620.0 12020.0 11220.0
0.0 6820.0 14820.0 8420.0 10820.0 8020.0 7220.0 8020.0 6820.0 9620.0 11220.0 12820.0 13620.0 14020.0 13620.0 7620.0 9620.0 6020.0 7620.0 7220.0 3220.0 1620.0 14420.0 10020.0 2820.0 11620.0 12820.0 14020.0 12020.0 5220.0 10420.0 11620.0 11220.0 4820.0 12420.0 6420.0 11220.0 13220.0 8020.0 8020.0 14820.0 13220.0 8020.0 8420.0 4420.0 6820.0 7620.0 11220.0 12420.0 13620.0 11220.0 7220.0 4820.0 10420.0 7220.0 11620.0 7620.0 9620.0 8020.0 7620.0 10020.0 12820.0 5620.0 4420.0 11220.0 12420.0 15620.0 9220.0 5620.0 6820.0 10020.0 12820.0 12020.0 12420.0 7620.0 7620.0 10420.0 21240.0 10820.0 7220.0 6820.0 12820.0 8420.0 6420.0 9620.0 1220.0 0.0 8420.0 10420.0 16020.0 9220.0 10420.0 14420.0 17240.0 10420.0 10020.0 7620.0 6820.0 8420.0 12820.0 11620.0
0.0 9220.0 12820.0 12820.0 4020.0 10020.0 11220.0 12420.0 9220.0 12020.0 7220.0 15620.0 12420.0 8020.0 9220.0 2820.0 10420.0 8420.0 11620.0 9620.0 7220.0 8420.0 11620.0 5620.0 16020.0 11220.0 13220.0 16020.0 4020.0 5220.0 12020.0 7220.0 7220.0 7220.0 12820.0 11620.0 7220.0 12420.0 6420.0 8420.0 11620.0 8020.0 12820.0 12020.0 8820.0 7220.0 7620.0 11220.0 12820.0 12020.0 13620.0 12820.0 8020.0 12820.0 13220.0 10820.0 12020.0 5220.0 6420.0 10020.0 14420.0 8020.0 9620.0 9220.0 13620.0 13220.0 14820.0 8420.0 8820.0 4820.0 6020.0 8420.0 14020.0 11620.0 11220.0 10020.0 12420.0 14420.0 12820.0 11220.0 8020.0 13220.0 11220.0 4820.0 12820.0 8020.0 16440.0 0.0 2020.0 15220.0 11620.0 10820.0 16020.0 18840.0 11620.0 13620.0 3220.0 9220.0 6820.0 12020.0 11620.0
0.0 7220.0 12420.0 12420.0 11620.0 8020.0 9220.0 10420.0 7220.0 10020.0 5220.0 14020.0 11220.0 9220.0 7220.0 1220.0 8420.0 6420.0 10020.0 8020.0 5220.0 8020.0 9620.0 4020.0 14020.0 10420.0 11220.0 14020.0 9220.0 11620.0 10020.0 5220.0 5220.0 5220.0 10820.0 11220.0 5220.0 10420.0 8820.0 6420.0 9620.0 9220.0 11620.0 10020.0 6820.0 5620.0 6020.0 9220.0 11220.0 14020.0 11620.0 12420.0 6020.0 10820.0 12820.0 8820.0 10020.0 3220.0 8820.0 8020.0 12420.0 6020.0 7620.0 9220.0 11620.0 11220.0 12820.0 11620.0 11220.0 7220.0 4020.0 14020.0 14420.0 11220.0 9220.0 8020.0 10420.0 20040.0 11220.0 9620.0 6020.0 11220.0 9220.0 7220.0 11220.0 10020.0 14420.0 14820.0 0.0 15220.0 9620.0 8820.0 14020.0 16840.0 9620.0 11620.0 1620.0 7220.0 8820.0 10020.0 10420.0
0.0 10020.0 13620.0 10020.0 10420.0 11220.0 10420.0 15220.0 10020.0 11620.0 14820.0 18840.0 13620.0 14020.0 6820.0 12020.0 8420.0 9220.0 12420.0 10420.0 11220.0 9620.0 15620.0 13220.0 17640.0 14420.0 14820.0 17640.0 11620.0 13620.0 18040.0 8420.0 13220.0 8020.0 14420.0 9620.0 8420.0 13620.0 820.0 11220.0 19240.0 14420.0 11220.0 10420.0 12020.0 8820.0 9620.0 10420.0 12020.0 12820.0 11220.0 15220.0 11220.0 13620.0 14820.0 12020.0 10820.0 12820.0 7620.0 10820.0 15220.0 16840.0 12820.0 7620.0 12420.0 15220.0 16020.0 14820.0 12020.0 6020.0 13220.0 14820.0 9220.0 9620.0 4820.0 10820.0 13620.0 21640.0 14020.0 14420.0 7220.0 14420.0 12020.0 10020.0 12820.0 8820.0 15620.0 16840.0 15220.0 0.0 11620.0 3620.0 16840.0 19240.0 9620.0 11620.0 10820.0 10020.0 7620.0 11220.0 11620.0
0.0 5620.0 15220.0 9620.0 11220.0 11620.0 8820.0 12420.0 10420.0 10020.0 10020.0 8420.0 4820.0 14820.0 8820.0 10820.0 10420.0 9620.0 14020.0 10820.0 10020.0 14020.0 9620.0 8820.0 12820.0 8820.0 8420.0 11220.0 7220.0 15220.0 9620.0 9220.0 10020.0 9220.0 8020.0 13220.0 9220.0 8420.0 9220.0 9620.0 14420.0 14820.0 10420.0 8820.0 11620.0 9220.0 2820.0 14020.0 16020.0 12820.0 2420.0 14420.0 10820.0 12020.0 8420.0 12820.0 9220.0 8020.0 11620.0 10820.0 10820.0 8820.0 12420.0 12020.0 14820.0 3620.0 10820.0 11620.0 14020.0 10420.0 8820.0 11220.0 13220.0 13220.0 9220.0 11220.0 10420.0 13620.0 8820.0 14020.0 10820.0 8420.0 12020.0 10020.0 11220.0 13220.0 19240.0 14020.0 10820.0 8820.0 0.0 5620.0 10820.0 8420.0 11620.0 2820.0 6420.0 11220.0 10420.0 12820.0 14020.0
0.0 11620.0 10020.0 14420.0 14420.0 8020.0 14020.0 15220.0 11620.0 8420.0 14420.0 16840.0 13220.0 13220.0 3620.0 11620.0 5220.0 10820.0 10020.0 11220.0 12020.0 12820.0 16440.0 13220.0 17240.0 15220.0 13220.0 16020.0 8420.0 15620.0 15220.0 9620.0 14420.0 9620.0 12020.0 15620.0 9220.0 12820.0 12820.0 14820.0 18440.0 13220.0 14020.0 12420.0 13620.0 9620.0 8020.0 10020.0 21640.0 17240.0 10420.0 16020.0 9220.0 15220.0 16440.0 12820.0 14420.0 12820.0 12020.0 11220.0 16840.0 13620.0 14420.0 13620.0 16020.0 11620.0 15220.0 12420.0 8820.0 11620.0 13220.0 13220.0 18840.0 8020.0 13220.0 11220.0 14420.0 21240.0 12020.0 16440.0 11620.0 13220.0 12420.0 11220.0 15220.0 12020.0 14820.0 17240.0 15220.0 16840.0 8420.0 0.0 13620.0 16840.0 6420.0 11220.0 12020.0 11620.0 12020.0 8020.0 18840.0
0.0 12420.0 12820.0 7220.0 9220.0 11620.0 7620.0 2020.0 12020.0 11220.0 12420.0 16440.0 14420.0 12020.0 6820.0 10020.0 8820.0 11620.0 12020.0 12820.0 9220.0 8420.0 15620.0 12420.0 15620.0 15220.0 6020.0 8820.0 11620.0 10420.0 14820.0 12820.0 14020.0 10020.0 3220.0 10420.0 12820.0 14020.0 8020.0 8420.0 16840.0 12420.0 8020.0 4020.0 10820.0 13220.0 820.0 13620.0 16020.0 10420.0 13220.0 8020.0 8820.0 8820.0 16020.0 12020.0 8420.0 12020.0 6420.0 11220.0 14820.0 10820.0 11620.0 9620.0 16840.0 15220.0 15220.0 15220.0 12420.0 7620.0 10820.0 13620.0 12820.0 11220.0 6820.0 12820.0 16440.0 21640.0 13220.0 13620.0 6420.0 6020.0 14020.0 9620.0 10020.0 7620.0 13220.0 11620.0 12820.0 14420.0 12020.0 3620.0 0.0 18440.0 9620.0 10820.0 10020.0 9220.0 9620.0 10820.0 12820.0
0.0 14020.0 18040.0 14020.0 12820.0 8020.0 14420.0 9220.0 13620.0 12820.0 12020.0 19640.0 14820.0 15620.0 10820.0 7620.0 14820.0 12820.0 14820.0 14420.0 11620.0 11620.0 12420.0 10420.0 18040.0 16840.0 12820.0 3220.0 12820.0 8420.0 12420.0 11620.0 12020.0 11620.0 10820.0 15620.0 11620.0 11220.0 13220.0 11220.0 16440.0 15620.0 15220.0 11220.0 13220.0 12020.0 8020.0 14420.0 17640.0 10020.0 16020.0 6020.0 12420.0 7620.0 18040.0 15220.0 13220.0 9620.0 9620.0 14420.0 2820.0 18440.0 13220.0 14020.0 18440.0 17640.0 9220.0 6820.0 17640.0 8420.0 10420.0 15620.0 19640.0 17640.0 14020.0 14420.0 16020.0 11620.0 11220.0 16020.0 12420.0 13220.0 15620.0 11620.0 12020.0 10820.0 15620.0 11620.0 12420.0 13220.0 16020.0 10820.0 7620.0 0.0 15220.0 12820.0 8020.0 14020.0 10020.0 16020.0 14820.0
0.0 13620.0 11220.0 12820.0 13620.0 14820.0 12020.0 11220.0 13620.0 10020.0 16440.0 18040.0 16840.0 14820.0 12020.0 13220.0 12020.0 12820.0 14420.0 14020.0 11220.0 10020.0 16840.0 15220.0 15620.0 13620.0 12020.0 14420.0 2020.0 16440.0 11220.0 9620.0 16440.0 12420.0 6020.0 12820.0 14420.0 6820.0 12820.0 12820.0 13620.0 10820.0 12420.0 6420.0 12020.0 13620.0 6420.0 10820.0 18440.0 12820.0 5620.0 18040.0 12020.0 11220.0 11220.0 13220.0 12820.0 14420.0 7620.0 14420.0 14420.0 7620.0 13220.0 12020.0 18040.0 18440.0 9220.0 6420.0 15620.0 9220.0 15220.0 16020.0 15220.0 14420.0 12420.0 14420.0 13620.0 15220.0 5620.0 13220.0 8820.0 11620.0 15620.0 13620.0 14420.0 9220.0 16020.0 16840.0 12420.0 12020.0 15220.0 8820.0 13220.0 14020.0 0.0 6020.0 12820.0 11620.0 10820.0 14020.0 15220.0
0.0 12020.0 12420.0 6820.0 8820.0 11220.0 7620.0 10420.0 12020.0 10820.0 12020.0 12020.0 14020.0 12420.0 6820.0 9620.0 8420.0 11220.0 13220.0 12420.0 11220.0 11620.0 12820.0 12420.0 15220.0 15220.0 6020.0 8420.0 11220.0 15620.0 14020.0 12420.0 14020.0 10020.0 5620.0 11620.0 12420.0 14020.0 7620.0 8420.0 18440.0 12820.0 7620.0 6020.0 12420.0 12820.0 420.0 13220.0 15620.0 10020.0 13220.0 14020.0 12420.0 10820.0 14420.0 11620.0 8020.0 11620.0 9220.0 10820.0 10420.0 12420.0 13220.0 9620.0 16440.0 14820.0 14820.0 14420.0 12020.0 8020.0 10420.0 13220.0 12420.0 11220.0 6420.0 12820.0 8020.0 19640.0 14020.0 15620.0 8820.0 5620.0 13620.0 9620.0 10020.0 10820.0 17240.0 11220.0 12820.0 16440.0 11620.0 3220.0 8420.0 8020.0 9620.0 0.0 10020.0 10420.0 9620.0 10420.0 12420.0
0.0 6020.0 11220.0 11620.0 10420.0 6820.0 8020.0 9220.0 6020.0 9220.0 4020.0 12420.0 10020.0 13620.0 11220.0 5620.0 7220.0 5220.0 8820.0 6420.0 4020.0 9620.0 10820.0 2820.0 14820.0 8820.0 10420.0 13220.0 8020.0 10020.0 11220.0 4020.0 4020.0 4020.0 10020.0 10020.0 4020.0 9220.0 7620.0 5220.0 8420.0 12420.0 10420.0 8820.0 5620.0 4020.0 4820.0 8020.0 9620.0 12820.0 10420.0 11220.0 4820.0 9620.0 11620.0 7620.0 8820.0 2020.0 7220.0 6820.0 11220.0 10820.0 6420.0 8020.0 10420.0 10020.0 11620.0 10020.0 10020.0 6020.0 2820.0 12420.0 13220.0 10020.0 8020.0 6820.0 9220.0 18840.0 10020.0 8020.0 4820.0 10420.0 8020.0 6020.0 9620.0 8820.0 13220.0 13220.0 4820.0 15220.0 8420.0 8020.0 13220.0 15620.0 8420.0 10420.0 0.0 6020.0 7620.0 8820.0 9220.0
0.0 6020.0 12020.0 11220.0 9220.0 7220.0 4820.0 10020.0 5620.0 10020.0 5220.0 10420.0 10820.0 11620.0 12020.0 5220.0 8020.0 6020.0 2820.0 7620.0 4820.0 10420.0 11620.0 3620.0 12420.0 10020.0 11220.0 14020.0 8820.0 11220.0 8020.0 4820.0 4820.0 4820.0 10820.0 10820.0 4820.0 10020.0 7620.0 5620.0 9620.0 12020.0 11220.0 9620.0 2020.0 5220.0 6020.0 8820.0 10820.0 13620.0 11220.0 12420.0 2420.0 10420.0 10020.0 8420.0 5220.0 2820.0 8420.0 7220.0 11220.0 11620.0 2820.0 9220.0 10420.0 10820.0 12420.0 6820.0 10820.0 6820.0 3620.0 10420.0 9620.0 10020.0 8820.0 7620.0 8420.0 19640.0 4420.0 9220.0 420.0 11220.0 8820.0 6820.0 6820.0 9620.0 14020.0 14420.0 5620.0 16020.0 9220.0 8820.0 14020.0 15220.0 9220.0 7620.0 1220.0 0.0 6820.0 9620.0 9620.0
0.0 10820.0 15220.0 11220.0 2820.0 9220.0 11620.0 13220.0 10420.0 11620.0 8420.0 14820.0 10820.0 6420.0 12020.0 7220.0 14420.0 9620.0 5220.0 11220.0 8020.0 6820.0 11220.0 6820.0 16020.0 10020.0 13620.0 19240.0 13220.0 6420.0 15620.0 11620.0 8420.0 8420.0 12420.0 10020.0 11620.0 13220.0 5220.0 9220.0 12820.0 6820.0 11620.0 13220.0 9620.0 11620.0 12420.0 12020.0 16020.0 10020.0 14020.0 11620.0 10020.0 11620.0 11620.0 12020.0 12020.0 9620.0 4820.0 11220.0 15620.0 12420.0 10420.0 8020.0 12820.0 14020.0 14820.0 14420.0 14020.0 3220.0 6820.0 7220.0 12820.0 8820.0 12820.0 11220.0 11220.0 21640.0 11620.0 12420.0 10820.0 15620.0 12420.0 3620.0 14020.0 6020.0 15220.0 9620.0 7620.0 14020.0 12820.0 9620.0 16440.0 18840.0 13220.0 14420.0 7620.0 10420.0 0.0 13220.0 12820.0
0.0 9220.0 2420.0 11220.0 6820.0 7220.0 8820.0 10020.0 9220.0 420.0 10420.0 13620.0 10020.0 5220.0 10820.0 6020.0 12420.0 8420.0 5220.0 3220.0 7620.0 6020.0 11220.0 8820.0 9620.0 7620.0 13220.0 16020.0 12020.0 10020.0 12020.0 10020.0 10420.0 7220.0 12420.0 8820.0 10020.0 6820.0 9220.0 9620.0 14820.0 5620.0 6420.0 5620.0 6420.0 10420.0 8020.0 14020.0 14820.0 9620.0 7220.0 8020.0 6820.0 9220.0 13220.0 11620.0 9620.0 8020.0 4020.0 3620.0 14420.0 13620.0 7220.0 6820.0 13220.0 8420.0 9220.0 10820.0 12020.0 5620.0 8820.0 5220.0 14020.0 9220.0 11220.0 3620.0 14820.0 15220.0 6020.0 11620.0 8020.0 13220.0 4420.0 7220.0 11220.0 5620.0 7220.0 13220.0 10820.0 12820.0 5220.0 7620.0 11620.0 13220.0 13620.0 7620.0 6420.0 9220.0 4020.0 0.0 14020.0
0.0 3220.0 13620.0 9220.0 9620.0 4820.0 9620.0 10420.0 3220.0 6420.0 9220.0 14020.0 12820.0 10820.0 14020.0 8420.0 12420.0 8420.0 11620.0 9620.0 8820.0 8420.0 5620.0 7620.0 7620.0 9620.0 14420.0 12420.0 15620.0 10020.0 11620.0 10020.0 9220.0 7220.0 6820.0 8820.0 12420.0 2020.0 5220.0 8020.0 13620.0 9620.0 4820.0 7620.0 10420.0 11620.0 8820.0 12820.0 4020.0 12020.0 12820.0 12020.0 10820.0 11220.0 3220.0 8820.0 5620.0 10820.0 6820.0 10020.0 8420.0 12020.0 8020.0 6820.0 7620.0 14820.0 4420.0 14020.0 10420.0 5220.0 7620.0 12420.0 14420.0 13220.0 3620.0 10020.0 7620.0 16840.0 6420.0 12820.0 6420.0 3220.0 11220.0 9220.0 12020.0 7620.0 17240.0 12820.0 7620.0 8820.0 11620.0 12020.0 8420.0 19640.0 13620.0 12020.0 8820.0 9220.0 6820.0 11620.0 0.0
