100 5
768 13676 17764 1 7
2079 3517 6887 5 1
1215 8986 12894 10 9
140 15558 19342 4 5
1200 6355 10067 7 1
1848 6638 10214 5 6
1860 15941 19915 9 6
1400 6273 11007 6 3
792 7559 10937 6 4
624 4218 8038 10 2
646 5471 8705 3 8
1400 11697 15159 9 8
1072 4960 8576 5 9
861 15570 19380 2 7
323 6493 10769 2 8
1224 3542 6890 5 9
912 4457 9071 6 3
1909 10201 13633 8 8
2500 8304 13074 4 4
480 13971 17379 5 4
1350 4008 8552 4 8
1275 11536 16018 5 6
960 12252 16518 10 5
20 12223 16253 4 10
2134 10095 13449 10 7
1219 6221 10939 7 2
1640 4799 8593 8 9
180 4659 9405 7 3
416 13774 17334 5 10
1166 5874 10208 2 10
1659 7399 12151 8 6
810 9459 14181 2 10
184 8501 11995 4 3
1700 10145 14559 5 6
323 10502 14658 7 4
1265 7871 11841 1 5
168 16503 20793 9 1
480 4163 7849 2 5
252 5256 8472 5 5
1280 9362 13780 4 1
1216 7177 11567 8 8
176 9418 13382 5 5
1458 9566 14018 8 3
68 13922 17428 10 5
850 11507 16213 8 2
1311 13581 18055 7 9
1740 15002 19318 2 7
1054 4757 8053 9 4
1360 12519 17121 10 7
1045 5259 8621 6 3
1675 12382 16598 9 10
1394 14259 18301 2 7
1564 7531 12029 10 5
240 16957 21393 10 2
1428 7585 10999 9 3
1850 8222 11746 2 9
1260 10507 14777 5 9
722 6122 10266 8 5
1302 7975 11545 10 9
1843 6016 10240 3 4
1824 8459 12673 2 9
1520 6678 11082 6 4
1155 11520 14880 8 6
2200 6251 10821 7 9
391 12154 16396 6 1
1800 4614 7898 5 9
798 9244 13064 6 9
1170 6525 10175 9 10
1071 11380 14668 8 4
575 15932 19442 7 9
1896 10464 15096 9 5
551 10705 14089 9 2
432 6494 11262 9 5
663 3268 8060 3 4
1080 7003 11301 8 6
777 11794 16566 8 1
459 5837 10041 9 1
1743 9091 12779 3 4
595 9691 12969 9 9
2100 4258 8270 8 7
1328 10998 14274 8 9
1800 4879 8189 4 10
1649 7251 10533 8 2
2475 12974 16186 1 3
1955 3510 7358 9 3
608 10778 14472 2 3
836 11260 15524 4 2
1248 5764 9500 4 9
968 5547 9729 1 4
459 12073 15481 2 8
460 14711 18189 5 3
759 5990 10390 9 1
25 11540 15676 6 1
1273 10620 14772 2 6
360 10847 14651 6 9
300 9067 13335 3 9
552 2415 6993 5 9
1548 7655 11455 3 6
1750 5977 9287 8 2
1638 12974 17526 8 10
SETUP
0 160 180 160 160 60 20 120 120 160 200 140 160 100 200 120 100 180 200 220 100 220 100 60 120 140 140 160 80 120 120 120 120 200 140 140 140 100 180 140 140 140 200 220 140 120 100 120 100 80 140 180 120 140 140 120 180 160 160 160 160 100 120 180 120 160 120 180 240 180 160 180 160 200 80 60 100 140 200 160 120 200 100 160 140 120 160 80 140 80 80 140 160 180 160 200 140 180 140 100 140
0 0 659 698 718 619 579 160 679 698 778 698 698 698 738 200 180 200 180 738 120 778 160 80 659 698 718 718 639 80 679 659 659 200 698 639 619 659 679 679 639 659 758 758 679 120 120 659 659 100 679 180 758 639 679 659 659 698 738 679 698 679 120 738 180 659 718 738 798 778 659 698 619 180 639 698 639 679 220 180 659 180 698 698 160 679 718 639 718 639 698 160 718 718 160 140 698 738 679 599 718
0 718 0 679 160 659 758 659 160 679 718 160 778 100 738 718 698 718 718 120 679 180 599 679 679 718 738 718 140 718 659 698 140 738 180 120 200 698 698 200 698 718 679 778 679 698 698 100 679 679 718 679 718 698 698 120 718 140 659 698 738 679 659 698 639 140 679 698 818 140 659 698 679 718 718 639 659 120 738 679 120 738 100 639 639 659 180 679 679 140 619 679 698 180 659 738 659 200 698 698 698
0 758 639 0 659 639 200 639 679 100 718 679 698 659 738 698 639 718 679 698 639 738 659 599 659 679 698 100 639 599 140 679 639 639 679 619 619 100 619 679 80 619 698 180 698 639 698 659 639 639 120 659 180 60 140 639 120 738 180 639 718 120 619 718 679 579 120 180 240 758 40 80 679 639 639 679 619 679 738 679 639 679 679 659 639 639 698 80 718 619 679 679 140 698 698 718 140 718 140 579 100
0 758 200 718 0 619 738 659 200 659 738 120 679 160 738 738 698 659 698 140 659 160 679 679 679 659 679 718 160 599 679 679 140 718 60 160 160 639 698 140 619 599 758 698 599 679 718 140 659 619 698 659 698 718 579 80 698 160 639 639 718 698 619 659 599 120 679 738 698 240 718 698 659 718 718 679 698 160 758 718 140 679 160 698 698 698 180 619 718 160 698 698 698 180 698 738 619 180 679 738 718
0 698 698 639 659 0 698 659 679 698 180 698 180 639 140 698 659 659 738 718 679 698 639 659 60 100 180 659 679 639 718 60 698 698 639 659 659 599 140 738 659 100 200 698 100 619 679 679 140 579 639 698 698 659 619 639 659 698 679 100 100 698 619 140 659 659 679 718 738 738 659 679 160 698 160 100 140 679 758 698 659 698 639 160 698 120 659 579 180 659 140 639 659 718 698 698 659 659 619 120 698
0 738 698 140 679 579 0 698 659 140 758 679 679 659 718 738 698 698 738 758 639 738 659 599 639 659 679 140 599 679 120 639 639 718 679 659 679 80 698 659 160 679 738 200 659 639 619 639 639 599 120 718 200 140 120 659 160 679 160 679 679 120 659 698 679 679 180 200 240 758 140 180 679 738 599 679 619 659 718 718 698 718 659 679 659 679 679 60 718 599 659 659 140 718 679 718 120 698 120 698 180
0 260 639 758 718 698 698 0 718 738 798 758 758 718 778 100 160 240 220 738 180 679 160 200 679 758 698 738 659 140 639 659 718 200 698 698 698 698 758 718 698 698 758 778 718 200 180 698 718 180 758 220 758 679 698 718 718 758 758 718 698 738 160 738 180 738 718 758 798 738 718 679 738 160 659 679 718 718 220 220 659 180 698 718 180 718 639 698 758 718 698 180 758 599 200 260 659 679 679 659 738
0 818 220 738 140 698 758 679 0 659 798 200 818 120 619 758 698 698 798 240 679 200 659 698 698 698 718 718 120 738 698 738 160 659 200 160 240 659 738 160 679 718 758 778 738 718 738 140 738 659 738 718 718 738 698 100 619 200 718 718 778 738 679 698 679 160 698 738 818 160 718 659 718 679 659 698 698 160 778 718 200 718 180 698 718 718 160 639 679 160 698 718 718 200 718 738 698 200 718 738 679
0 758 679 240 679 679 120 659 758 0 778 718 758 698 738 718 718 758 758 718 698 778 698 698 639 738 738 160 698 679 40 738 659 738 659 698 698 160 738 778 160 639 778 180 679 738 679 679 698 679 200 698 180 200 120 718 200 758 180 679 778 160 698 758 679 679 180 240 240 738 180 180 718 718 718 659 718 698 778 758 738 738 698 698 679 698 679 140 738 718 698 698 220 698 718 639 60 639 120 718 200
0 758 738 738 679 140 758 679 619 679 0 639 260 659 140 718 659 738 679 659 619 698 659 639 140 180 140 738 599 718 639 180 639 718 599 639 718 718 60 698 698 60 120 698 120 679 679 619 180 659 698 698 659 679 698 679 679 738 698 140 200 679 679 160 659 659 679 738 698 758 679 679 120 659 160 160 120 639 738 718 679 718 659 80 659 140 659 698 80 639 100 659 599 718 659 758 639 758 698 220 698
0 778 200 738 160 698 778 659 100 659 778 0 818 180 679 758 738 679 758 220 659 180 659 738 738 698 718 718 100 738 679 758 140 738 200 160 240 659 758 160 698 718 758 778 758 659 679 140 659 639 679 659 758 679 718 180 599 160 659 718 778 679 698 679 619 160 718 778 718 220 718 718 679 738 639 698 698 160 758 758 180 738 160 698 698 718 160 639 738 160 698 718 718 180 698 738 698 220 758 758 738
0 758 718 738 718 100 758 639 718 679 180 718 0 659 200 659 679 718 718 738 718 718 659 718 120 160 200 718 679 679 698 120 659 679 698 579 718 679 180 718 639 120 180 738 160 718 718 679 200 619 698 718 758 639 679 659 718 738 718 140 160 679 659 180 679 619 659 738 798 758 698 659 180 679 140 160 100 698 778 718 659 718 679 160 679 100 698 659 200 619 200 679 738 679 718 718 718 738 659 140 639
0 698 120 639 120 639 698 659 140 619 718 140 718 0 718 659 639 718 738 180 639 220 559 639 599 639 679 659 60 639 659 679 100 679 100 60 140 659 639 180 659 639 718 738 639 659 659 40 639 619 679 619 659 659 619 120 659 100 619 639 718 659 659 659 579 80 659 718 738 120 619 659 619 659 659 599 659 80 679 698 120 698 100 679 659 659 100 639 659 100 619 679 698 180 619 718 659 140 619 639 679
0 758 698 698 619 120 698 619 639 679 200 659 200 659 0 698 679 639 758 718 698 679 619 679 160 100 120 659 579 659 639 180 659 718 659 639 718 599 160 639 679 140 180 718 140 659 679 619 160 579 659 679 718 679 659 679 559 659 679 180 200 698 679 100 639 659 679 679 778 718 659 698 120 718 40 120 100 639 718 659 679 698 639 100 679 140 639 579 160 639 100 698 659 659 659 698 659 659 698 160 718
0 240 738 718 718 639 738 120 639 718 758 698 679 679 698 0 120 180 220 738 100 758 160 160 679 679 738 738 718 60 698 679 679 200 659 679 698 639 698 778 619 659 758 738 659 160 160 698 718 100 718 180 758 738 639 639 698 738 698 659 718 718 80 659 140 698 679 698 758 778 738 718 718 120 718 679 698 698 200 160 679 160 679 698 140 679 718 619 698 698 698 180 698 698 200 200 679 718 698 738 698
0 220 698 698 639 619 718 80 659 679 698 639 738 639 718 140 0 100 160 659 100 659 100 100 679 599 679 679 599 140 659 659 659 160 579 639 659 639 679 659 599 579 698 679 599 120 60 639 659 80 679 140 679 679 659 619 639 659 679 639 698 659 80 639 100 619 559 738 679 738 679 659 679 140 599 619 639 579 180 180 619 120 659 679 140 619 679 599 639 639 639 140 679 679 140 180 619 698 679 659 599
0 200 698 619 698 639 718 140 679 659 738 659 718 639 718 140 100 0 140 698 120 599 100 120 698 599 698 698 639 120 659 698 679 160 679 659 679 679 659 679 659 639 659 659 679 160 160 659 659 100 718 100 679 659 698 679 639 579 659 679 738 639 120 559 80 619 599 738 718 738 639 659 639 140 639 619 659 659 100 180 679 80 659 659 140 679 659 659 698 659 639 180 718 738 160 80 679 758 639 639 659
0 160 679 718 639 639 698 160 679 659 738 639 698 679 738 200 100 160 0 599 120 738 120 120 579 679 659 639 659 80 679 579 659 140 619 698 679 639 659 718 639 619 738 718 619 140 160 679 679 80 679 140 698 698 599 659 679 679 659 619 619 619 120 659 80 619 659 738 659 758 639 659 679 140 659 698 679 679 140 200 698 140 679 679 140 679 619 619 659 659 698 80 679 718 160 160 639 738 599 738 679
0 758 140 698 160 619 718 679 120 659 758 60 738 120 718 738 639 718 718 0 698 180 659 639 679 679 698 698 80 718 659 659 100 639 120 140 180 639 659 140 619 659 698 718 679 679 679 120 698 639 698 698 758 718 679 80 659 200 619 659 698 579 619 639 659 40 659 698 758 220 698 599 698 619 619 698 659 120 639 738 160 698 140 639 619 698 140 639 718 120 679 679 698 200 679 659 659 160 659 718 639
0 160 679 718 679 659 738 140 738 639 758 659 738 698 698 180 120 200 140 718 0 679 160 120 659 698 679 698 659 180 619 698 599 140 679 619 698 679 659 679 639 659 758 698 698 120 140 619 698 120 679 200 718 679 679 659 698 679 679 679 738 639 120 679 180 639 659 738 778 798 639 679 659 160 679 698 679 639 200 180 698 160 718 599 40 679 718 659 679 659 698 80 718 718 100 180 639 718 679 738 679
0 778 200 738 180 698 778 698 220 679 698 180 679 160 778 698 698 778 758 200 659 0 659 679 738 679 679 758 140 718 718 738 120 758 120 160 180 698 738 220 679 659 679 639 738 718 738 140 659 679 738 679 659 718 738 160 718 180 679 718 778 698 679 718 639 160 718 758 778 200 698 698 679 718 738 639 679 160 758 738 180 579 140 698 698 698 80 679 738 160 679 698 758 220 718 778 679 220 599 698 659
0 160 659 639 659 659 738 120 659 619 718 659 718 639 718 120 100 180 180 738 80 738 0 80 679 698 679 659 659 120 659 659 639 140 659 599 679 679 639 698 659 659 718 778 679 120 100 579 619 80 679 80 659 639 679 659 659 619 619 679 698 639 120 698 40 619 659 698 758 659 599 639 619 120 659 599 639 599 140 160 659 200 619 679 120 639 698 659 659 639 619 140 679 698 80 180 659 698 698 639 659
0 180 698 698 659 659 738 160 659 639 758 639 718 679 718 180 120 200 180 718 140 758 80 0 599 659 698 659 698 100 659 698 599 140 639 639 698 659 659 738 659 639 778 738 639 60 160 659 679 120 619 160 718 639 619 659 679 679 659 639 738 619 120 659 100 659 659 698 738 718 639 679 679 160 698 659 579 659 200 160 659 180 698 718 160 698 659 639 698 559 679 80 718 679 140 140 659 718 619 698 679
0 659 659 679 599 60 679 659 698 639 180 639 120 659 160 698 679 659 679 659 639 698 619 679 0 120 140 599 659 579 659 120 639 698 579 659 639 619 160 718 619 40 200 679 40 659 698 659 100 599 679 639 679 698 559 639 679 698 639 40 140 679 619 140 599 639 619 738 679 718 679 679 100 698 120 120 160 679 738 698 679 659 659 160 679 140 599 579 180 679 140 659 659 679 679 718 599 698 559 180 698
0 758 679 679 659 80 718 619 659 639 160 639 200 599 120 619 579 659 698 698 599 698 599 679 120 0 100 698 619 619 639 140 639 639 619 639 659 639 160 659 639 80 160 659 100 679 639 639 60 619 698 679 619 639 659 619 579 679 659 120 180 619 619 120 639 559 599 679 718 698 659 599 140 619 80 20 100 619 738 659 619 698 599 100 619 80 679 619 100 639 60 679 659 679 659 698 639 698 659 80 619
0 758 738 718 679 140 659 679 698 659 200 679 240 679 160 718 599 679 718 718 599 718 679 698 140 120 0 718 619 698 659 160 639 718 639 619 698 619 180 698 659 100 140 738 120 659 659 619 60 659 679 698 718 679 679 659 619 718 698 160 200 679 659 140 659 659 619 679 738 778 698 579 40 599 120 140 140 639 718 718 679 718 679 120 639 140 718 659 140 659 140 679 659 718 639 738 659 758 679 160 639
0 698 698 200 559 639 180 619 639 140 738 679 698 659 698 698 718 679 718 698 659 718 659 659 679 679 698 0 639 619 140 698 659 718 619 639 698 120 698 698 100 619 738 180 619 698 679 619 659 579 180 579 180 160 60 639 100 718 100 639 738 160 639 679 619 659 140 200 180 758 160 160 599 718 659 698 679 639 758 698 679 679 639 659 679 659 619 100 679 679 659 679 80 659 659 738 100 718 40 718 180
0 718 180 698 120 639 738 639 180 659 698 160 758 80 738 679 679 718 718 200 659 220 619 679 659 698 718 718 0 698 639 679 80 679 120 60 140 679 698 200 659 659 679 778 698 679 639 40 679 659 698 679 698 659 679 100 659 160 659 679 698 659 639 698 639 100 659 698 778 180 679 679 619 698 679 659 599 60 738 659 100 718 80 698 679 639 160 659 659 60 599 659 679 160 619 718 659 180 679 698 698
0 200 698 679 679 579 698 80 698 679 738 698 698 659 698 180 140 140 200 718 60 718 120 120 639 639 738 698 679 0 659 639 639 180 679 639 659 599 659 738 579 679 738 698 679 120 160 659 679 40 659 160 698 698 659 599 659 698 698 599 679 679 40 679 120 659 639 738 738 738 698 679 698 160 679 639 659 679 160 180 639 100 659 659 100 659 679 579 679 659 659 140 659 659 160 200 679 679 659 698 698
0 718 718 200 659 659 200 698 738 140 758 679 718 659 758 698 679 718 738 679 679 758 679 698 599 698 718 120 679 639 0 698 639 718 639 698 659 120 698 738 120 599 738 180 639 718 718 698 679 659 200 679 160 180 80 679 200 718 140 639 738 120 679 718 639 639 140 220 200 778 140 140 679 698 679 639 698 718 738 718 698 698 659 698 698 679 659 100 718 698 659 659 180 738 698 718 20 718 80 679 160
0 659 659 679 599 60 679 659 698 639 180 639 140 659 160 698 619 679 679 659 639 718 639 619 20 120 140 619 659 599 679 0 639 639 579 679 659 619 100 698 619 60 180 679 60 639 659 659 100 599 659 639 679 679 579 639 679 659 639 60 40 679 619 140 599 619 639 718 698 718 599 639 120 659 120 120 100 659 698 718 679 639 659 140 659 120 599 599 160 639 140 579 679 698 679 718 599 718 579 180 659
0 659 120 698 140 639 698 659 160 599 718 80 698 140 698 718 599 679 738 180 679 200 679 619 659 659 718 659 120 679 619 679 0 639 100 160 180 659 619 160 619 639 718 738 659 659 659 140 718 639 679 679 718 698 679 100 659 100 639 659 718 579 639 639 679 60 619 738 738 220 599 639 698 659 659 679 639 100 698 758 140 698 160 659 659 659 160 639 679 100 698 579 679 180 718 679 639 140 679 718 639
0 160 698 679 679 599 679 80 679 559 738 659 698 659 698 180 120 140 200 698 140 718 80 120 639 639 718 698 679 140 579 639 599 0 679 659 659 599 659 738 579 619 718 679 679 60 160 659 679 60 619 160 698 659 659 599 659 679 679 599 679 639 40 679 120 639 659 718 738 718 639 679 698 160 679 639 659 679 200 160 639 80 659 698 160 659 659 579 679 659 659 80 659 679 100 100 599 639 639 698 559
0 738 180 738 200 639 738 639 160 659 698 60 778 140 718 718 659 718 659 100 679 220 679 698 679 718 639 738 100 718 698 679 100 679 0 140 200 679 698 180 679 559 738 798 698 698 698 140 679 619 718 718 738 738 698 160 659 200 679 718 698 659 679 718 659 80 659 698 659 240 679 659 659 659 659 718 698 160 718 679 180 738 140 679 659 698 180 659 698 160 698 659 738 160 698 738 698 200 698 738 679
0 738 140 698 140 639 738 599 160 659 679 160 738 80 718 639 659 698 679 180 698 200 619 698 639 659 718 679 100 659 679 619 100 639 120 0 180 659 679 160 619 639 679 758 659 698 698 120 698 639 718 698 738 599 639 100 698 160 679 659 659 679 619 679 659 60 639 718 758 180 679 639 698 659 639 659 619 140 738 679 100 698 160 659 659 599 140 619 718 80 698 659 698 120 679 679 679 180 659 718 659
0 698 100 718 120 639 698 639 140 659 718 140 679 120 718 718 639 718 698 180 579 180 659 599 659 698 698 639 100 659 639 679 80 659 80 120 0 659 599 140 659 619 698 738 679 639 679 100 579 639 659 639 718 679 659 60 698 180 698 619 718 659 659 718 679 40 659 718 738 200 579 619 659 639 639 698 619 120 758 738 160 718 140 639 619 639 160 659 718 80 659 659 659 160 679 718 659 200 659 738 639
0 738 778 200 639 659 220 698 639 180 679 718 778 718 698 738 718 758 718 738 679 738 718 639 698 718 758 120 718 679 140 718 679 738 659 639 738 0 679 698 120 659 698 180 698 599 738 718 679 659 80 679 220 100 140 659 160 698 200 679 758 180 659 659 698 659 160 180 200 778 200 160 679 718 698 718 659 738 758 679 659 758 718 659 718 698 679 120 718 659 718 718 60 758 758 679 160 738 160 758 160
0 798 718 738 679 100 718 659 639 698 200 698 240 679 160 698 599 679 738 718 679 718 679 639 160 120 140 738 659 738 698 160 679 698 639 619 698 679 0 698 659 100 220 698 120 679 659 639 180 659 698 698 659 659 718 679 698 718 698 100 200 698 659 140 659 659 619 679 738 778 698 698 140 599 120 140 140 639 738 758 679 679 698 200 718 120 738 659 140 659 160 718 599 698 659 758 659 758 698 180 639
0 718 200 738 60 659 758 639 140 698 778 160 738 140 718 738 718 718 738 200 679 220 679 679 718 718 738 579 120 659 718 718 140 718 100 120 200 679 718 0 659 659 778 738 659 718 718 120 679 619 679 619 738 698 639 140 659 160 659 659 758 718 659 698 659 120 698 758 758 240 718 679 619 698 698 718 698 140 758 738 160 718 140 698 698 698 100 659 718 160 679 718 639 120 679 778 659 220 619 758 718
0 718 679 120 659 559 140 599 659 160 698 698 679 639 679 679 639 659 738 698 659 698 619 639 619 619 698 140 659 659 140 619 659 698 659 659 639 40 639 718 0 659 718 160 659 639 659 659 659 559 100 698 160 140 100 559 100 679 160 579 659 140 559 659 659 639 80 180 180 718 140 120 698 659 659 619 639 679 718 679 619 698 619 679 679 639 659 20 659 639 639 659 100 659 679 718 140 659 100 659 160
0 798 718 758 758 160 798 639 738 738 240 679 260 679 180 718 679 758 798 639 758 778 679 698 200 200 240 738 698 738 718 220 718 718 718 718 778 718 180 758 698 0 240 798 200 738 718 718 220 619 758 758 798 778 718 698 718 758 698 200 240 659 698 180 698 659 698 758 818 778 679 679 220 679 160 180 180 718 718 738 698 798 679 180 698 160 718 718 220 718 220 758 758 679 738 738 738 758 738 200 718
0 778 718 639 718 140 758 698 698 698 220 698 220 619 200 698 679 679 698 679 679 718 619 698 140 100 200 718 659 679 698 180 698 718 698 659 698 698 160 698 679 160 0 679 180 738 718 659 140 659 659 659 698 659 679 659 659 698 679 160 220 679 679 40 659 659 619 758 758 718 679 679 140 698 120 100 180 679 758 738 698 738 679 180 698 160 718 679 180 698 140 738 758 758 679 659 718 738 679 140 718
0 738 718 200 718 659 220 679 718 120 758 679 758 659 718 679 639 698 758 758 659 738 659 679 698 619 698 180 679 679 160 698 619 698 679 698 639 160 679 718 160 679 738 0 679 718 679 698 659 679 200 718 140 160 180 659 100 659 180 679 738 120 639 698 679 619 100 200 240 758 120 120 738 679 679 619 698 679 718 718 679 758 659 698 679 679 738 140 698 698 659 659 200 738 718 758 160 738 180 659 140
0 738 718 738 718 140 698 659 738 659 200 679 180 639 240 698 679 758 778 718 679 798 659 679 160 160 120 718 679 698 679 180 619 718 718 698 718 718 160 738 698 100 160 639 0 718 718 679 140 698 698 718 639 698 718 659 738 718 698 160 140 659 659 180 679 679 698 718 758 738 679 698 160 718 160 100 140 698 698 698 659 619 639 180 698 120 659 679 160 679 100 659 718 718 698 718 559 679 639 140 718
0 240 738 698 718 619 718 120 619 659 718 738 738 659 679 160 160 180 140 698 100 758 140 140 679 659 738 718 679 180 698 659 679 160 698 599 698 639 659 738 599 619 738 698 718 0 160 679 639 80 559 200 718 599 698 619 679 738 718 639 698 718 80 718 160 639 679 659 698 738 698 679 639 160 698 679 659 698 180 100 619 180 679 679 140 659 718 619 659 659 698 180 698 698 160 100 698 698 698 718 639
0 240 738 718 659 639 758 120 659 698 698 718 778 639 679 160 120 120 200 718 140 698 100 140 679 619 698 679 679 160 698 679 679 180 698 659 718 579 679 738 659 679 738 698 698 80 0 659 679 20 639 180 679 659 698 659 659 659 698 679 718 679 120 659 120 639 679 698 758 738 698 679 698 160 679 639 659 679 180 160 659 180 619 698 160 659 718 559 698 659 659 180 639 698 160 160 718 738 698 679 698
0 758 160 659 80 639 758 619 160 659 679 140 758 100 698 659 659 698 698 180 619 200 639 698 639 679 679 698 80 679 679 639 100 659 100 20 120 639 659 160 619 639 698 738 679 679 619 0 639 639 698 698 659 619 659 100 639 160 698 659 679 679 639 679 659 60 639 718 738 200 679 639 579 659 659 679 619 40 758 698 100 718 140 659 659 619 120 619 619 100 679 679 659 140 579 698 679 200 659 679 659
0 698 698 718 679 120 738 679 738 639 220 659 220 698 160 718 659 738 679 718 559 679 698 659 140 180 160 698 659 698 619 160 599 679 679 619 718 679 140 679 639 140 220 698 160 659 679 619 0 659 679 718 738 679 679 619 698 679 679 140 160 639 659 160 698 639 659 738 778 798 639 679 120 698 160 160 140 639 738 718 698 698 698 60 579 140 718 659 140 679 160 619 718 738 639 718 639 718 679 200 679
0 240 718 698 698 639 738 100 718 698 718 718 758 619 659 180 180 200 200 738 160 738 80 160 659 698 718 718 659 160 718 698 659 220 698 659 738 659 659 738 718 698 718 778 698 160 120 659 698 0 698 160 718 718 679 639 659 698 679 679 738 698 100 718 100 679 659 698 798 718 679 718 679 180 698 659 659 659 200 140 639 200 619 698 200 639 718 659 698 659 698 160 679 679 140 180 698 718 679 718 738
0 758 718 160 698 599 180 639 698 100 698 718 718 659 698 659 679 698 659 679 619 738 659 659 659 639 718 180 679 698 140 659 659 679 698 579 679 80 659 718 40 599 718 200 698 659 659 659 619 599 0 718 180 40 140 599 140 718 160 619 679 160 599 698 679 619 120 140 140 718 180 120 698 679 679 659 639 679 718 659 599 679 659 659 659 639 698 60 679 659 679 698 140 679 698 698 160 679 140 698 80
0 120 718 698 659 619 698 100 679 698 718 718 758 619 659 160 180 160 200 758 80 718 80 140 659 679 718 718 599 120 679 679 659 160 679 599 659 659 659 698 659 679 718 718 698 160 120 599 619 20 698 0 698 659 659 619 599 698 679 619 698 698 100 679 120 659 659 698 738 718 679 679 559 160 639 659 659 619 220 140 639 200 619 679 120 639 698 639 659 659 659 160 659 698 80 200 698 718 659 718 698
0 778 758 200 639 679 140 698 718 120 758 718 758 698 718 738 619 698 738 738 619 738 698 718 659 679 579 180 639 679 140 718 659 738 659 639 738 100 738 738 140 659 679 220 659 679 659 639 619 659 160 659 0 160 120 679 100 738 120 679 698 160 679 698 619 679 100 160 220 798 180 60 599 619 679 679 698 659 758 738 698 738 698 659 659 698 698 140 698 679 698 679 160 758 659 758 140 758 120 718 120
0 738 698 140 679 579 140 619 679 120 679 698 698 619 679 659 659 679 639 659 659 718 639 639 639 619 679 140 659 679 120 639 639 659 659 559 659 60 639 679 20 579 698 180 679 639 659 639 679 579 120 698 160 0 120 579 120 698 160 599 659 140 579 679 659 599 100 120 180 698 140 100 679 659 659 639 619 659 698 639 579 659 639 639 659 599 679 40 659 639 659 659 120 659 659 679 140 659 120 679 120
0 738 718 160 659 619 160 639 698 80 698 619 659 659 718 718 679 659 659 659 619 698 659 679 659 659 659 180 659 579 120 659 639 698 559 659 679 100 679 718 60 559 718 120 579 679 698 639 619 619 160 619 120 180 0 619 140 679 80 639 698 140 599 659 579 639 140 180 140 758 140 120 639 679 679 659 679 659 718 698 659 639 659 679 659 679 698 60 698 679 659 659 140 679 679 718 40 698 120 698 160
0 758 200 718 140 659 758 659 140 698 718 160 778 100 738 738 718 738 758 240 679 200 639 619 659 698 738 659 140 698 659 698 120 738 160 140 220 698 718 240 698 698 738 798 698 659 718 140 718 679 679 679 718 698 679 0 738 180 698 698 738 679 659 738 659 160 679 698 758 200 698 738 698 758 718 679 639 160 758 679 120 738 80 718 718 659 180 679 679 100 619 679 698 180 698 738 679 200 679 718 738
0 758 698 160 679 659 220 619 639 140 738 659 778 659 619 698 679 639 758 718 679 679 619 679 679 639 659 120 579 718 100 698 659 718 698 639 718 60 698 639 160 698 718 180 718 659 679 619 679 579 140 679 180 140 160 679 0 659 140 698 738 160 659 639 639 659 140 200 260 698 140 160 659 718 579 659 639 639 718 698 679 698 639 639 679 659 639 40 698 639 639 698 120 659 659 698 120 738 160 698 180
0 758 180 698 180 639 698 679 200 679 778 160 758 80 738 718 679 718 758 220 679 220 619 679 659 679 738 718 120 679 679 698 160 738 160 120 160 639 698 240 619 659 778 758 698 679 698 100 679 619 698 679 718 698 679 100 718 0 679 659 738 679 639 718 639 140 698 758 778 180 679 718 679 679 718 659 698 140 599 738 160 758 160 679 659 698 160 619 718 160 679 738 698 200 679 778 698 180 679 659 619
0 679 679 200 698 659 180 679 679 80 738 639 738 698 738 659 639 698 718 738 718 718 698 639 698 679 698 140 639 698 120 698 579 659 659 679 738 100 659 679 120 659 698 220 679 679 679 659 738 659 160 698 200 180 180 659 160 659 0 679 738 80 659 659 679 579 120 180 240 798 80 80 698 639 619 698 659 659 718 738 698 718 679 659 639 679 698 120 718 659 679 599 160 738 679 698 120 698 120 738 100
0 718 698 659 659 20 639 679 679 659 200 698 200 659 160 698 659 659 738 738 639 698 599 659 80 100 180 679 639 659 679 80 639 698 659 639 619 599 120 679 679 120 220 718 120 619 679 619 100 579 639 659 698 659 639 639 659 659 659 0 120 679 639 120 619 639 599 718 679 679 639 679 120 698 100 100 140 639 718 698 679 698 639 160 679 120 659 579 140 679 120 659 659 718 659 718 659 679 639 140 698
0 718 718 698 659 80 738 698 679 639 200 659 200 639 200 659 698 738 718 718 619 738 639 679 80 160 200 679 639 659 659 140 659 639 659 659 718 639 160 738 659 120 220 738 120 599 738 659 160 639 619 698 738 639 639 619 698 718 698 120 0 679 619 200 659 679 679 718 758 738 679 718 120 738 180 140 100 698 758 698 679 698 698 120 639 160 659 639 160 619 160 679 679 758 698 679 659 698 639 200 659
0 738 718 140 698 599 180 679 659 120 758 579 718 679 698 718 679 698 718 718 679 738 659 619 659 659 738 160 659 698 160 659 619 698 679 718 679 100 639 718 160 679 718 160 698 659 698 698 679 619 140 679 200 160 140 599 80 718 60 639 679 0 599 619 639 639 120 220 200 778 140 120 698 679 659 679 639 718 778 738 698 738 679 698 679 698 698 80 718 639 679 659 160 738 738 679 180 679 140 698 160
0 180 718 639 659 559 659 100 679 698 718 698 679 639 679 180 140 140 200 679 140 718 100 80 619 639 718 659 659 120 679 599 659 160 639 679 659 599 679 718 679 639 738 718 659 80 140 659 679 40 639 160 698 659 619 559 659 698 698 599 639 679 0 679 120 659 639 718 718 718 659 679 698 180 659 639 639 679 220 160 659 160 639 698 180 659 659 579 679 639 639 100 659 698 160 180 659 639 639 659 718
0 738 698 619 718 100 718 679 679 698 200 659 180 659 180 679 639 659 659 698 659 698 659 659 160 60 160 698 639 659 679 160 679 698 679 659 679 679 140 679 679 140 120 698 160 698 679 659 120 639 718 639 679 659 718 679 639 679 698 160 200 639 679 0 679 619 599 738 718 718 639 659 100 679 100 80 140 679 738 718 679 718 659 160 679 140 718 659 160 679 100 698 718 718 698 619 698 758 698 100 679
0 180 718 738 619 659 718 100 718 599 758 679 758 659 698 160 140 200 180 758 60 738 140 140 679 718 738 718 639 140 639 698 619 160 679 639 718 679 679 718 679 679 738 758 679 180 140 619 599 60 718 60 738 679 659 659 659 698 599 659 738 659 140 698 0 619 679 738 778 758 659 659 599 140 659 698 698 639 220 180 679 200 659 659 100 679 718 679 679 698 698 100 698 698 120 160 639 679 698 758 679
0 778 120 718 140 639 738 659 100 619 738 140 738 120 698 738 599 679 679 180 698 160 659 659 679 659 679 679 60 718 639 679 120 619 100 100 180 619 698 100 619 639 679 738 659 659 659 100 698 639 679 698 738 698 698 100 698 180 698 659 718 659 619 679 659 0 619 679 738 220 698 579 659 599 599 679 659 100 738 718 140 679 120 619 599 679 120 619 679 100 659 698 659 180 659 698 639 180 639 698 599
0 758 718 140 679 659 220 659 639 140 679 679 778 639 698 659 619 619 738 718 639 659 639 619 679 599 659 120 599 659 100 698 659 679 659 619 679 140 718 639 140 639 718 160 659 659 679 619 639 659 140 698 120 140 160 659 80 639 160 698 718 120 659 619 659 619 0 180 160 738 160 100 659 659 599 599 639 639 698 698 659 679 639 679 659 659 718 120 679 639 639 698 180 718 659 698 120 738 160 659 120
0 778 679 80 698 639 200 639 619 160 718 738 738 619 659 718 698 718 738 738 679 738 619 659 659 679 718 160 659 659 180 698 659 698 698 659 679 100 659 659 140 679 718 200 698 659 599 659 679 559 120 698 180 120 140 639 120 698 160 679 738 180 639 718 659 639 140 0 240 718 100 140 698 679 679 659 659 659 599 679 639 738 619 698 679 639 718 80 698 659 679 698 160 698 679 718 160 718 140 639 160
0 718 698 160 679 619 140 639 579 20 758 659 718 679 639 679 659 639 718 718 659 659 639 659 639 659 738 160 639 639 40 659 599 579 679 659 679 100 679 698 60 639 718 160 679 639 679 659 698 619 100 698 180 100 120 619 100 659 40 639 599 100 599 639 679 599 140 200 0 718 120 100 698 659 659 659 619 679 639 718 659 639 679 679 659 698 679 60 698 619 679 639 140 698 659 639 60 639 120 718 40
0 698 140 679 120 659 718 679 20 619 738 100 738 120 639 718 639 599 659 160 659 120 619 659 679 659 679 679 140 698 659 679 40 679 140 120 160 679 659 180 659 679 718 718 679 698 679 100 679 659 639 679 718 659 698 120 639 100 679 698 718 619 659 619 639 100 659 738 758 0 639 679 679 698 659 659 559 80 698 718 100 659 120 698 679 679 180 659 659 20 659 619 718 200 659 679 679 180 698 698 679
0 718 599 180 619 639 200 619 639 100 679 659 659 619 698 698 619 698 698 718 679 698 639 559 619 659 679 60 599 619 100 679 619 619 659 639 718 80 579 659 80 659 679 200 659 619 659 639 698 639 80 639 140 120 100 639 160 698 140 659 718 80 639 679 659 559 100 140 220 718 0 40 659 599 599 659 599 639 738 698 659 679 659 619 599 599 659 100 698 579 659 639 100 659 659 698 100 718 100 698 80
0 758 718 180 639 639 200 659 659 140 698 659 758 659 718 698 579 659 698 698 659 698 659 659 698 639 698 140 639 679 100 679 679 698 619 619 679 40 698 679 80 619 639 180 619 619 619 599 679 639 100 659 160 120 140 639 120 679 120 659 718 120 639 659 619 659 60 100 180 758 140 0 639 559 639 639 659 599 698 679 659 679 679 639 619 639 698 100 659 659 659 679 100 698 639 718 100 718 160 659 80
0 758 718 698 659 140 758 659 679 698 180 718 220 659 140 679 698 679 718 738 619 718 659 718 100 160 180 698 579 679 679 140 659 679 659 599 679 659 160 679 659 120 180 698 140 698 639 579 80 639 718 718 698 639 659 679 599 698 698 140 180 679 659 140 679 639 679 718 758 758 698 679 0 698 100 160 100 599 758 698 679 738 639 120 639 100 679 639 100 639 100 679 698 698 619 738 679 758 659 180 698
0 220 698 679 639 619 718 100 659 659 698 639 738 639 718 140 20 100 160 679 100 679 120 100 679 619 679 679 619 140 659 679 659 160 599 599 659 639 679 659 599 599 698 698 599 120 60 579 659 80 679 120 679 659 659 619 639 659 639 639 698 679 80 639 60 639 579 619 698 738 659 659 619 0 619 619 639 579 140 180 639 120 659 679 140 619 679 619 639 639 659 160 679 679 80 180 619 698 679 679 599
0 718 718 698 639 100 738 639 599 659 180 639 220 619 120 679 679 718 718 738 659 738 619 698 120 160 100 619 559 698 599 140 639 679 659 599 679 679 160 599 659 120 140 758 160 639 659 579 140 659 659 659 698 659 659 639 659 698 659 140 180 659 639 180 639 639 659 698 778 718 679 659 80 679 0 120 60 599 738 659 639 718 619 140 659 100 698 659 120 599 60 659 679 679 619 718 619 718 659 180 698
0 738 698 679 679 80 718 619 679 659 160 639 200 599 200 619 599 679 698 718 599 718 599 659 100 120 100 698 639 619 619 140 639 718 639 639 639 639 140 698 639 100 160 738 100 659 639 639 60 639 679 659 619 619 659 619 679 659 659 120 180 599 619 120 619 659 619 659 738 698 659 659 120 679 120 0 80 639 718 639 619 698 579 100 639 60 679 639 100 639 40 659 659 659 659 698 639 698 659 60 639
0 679 659 679 679 120 718 679 698 619 200 639 200 659 200 698 619 698 758 738 659 738 599 639 160 140 140 679 659 698 639 180 579 659 659 639 718 679 100 718 639 120 200 758 140 679 679 619 140 659 698 659 698 679 698 659 679 659 659 140 200 599 659 120 619 619 639 758 758 679 619 659 120 679 140 100 0 639 718 718 639 718 659 160 679 140 718 659 160 559 120 599 698 718 659 698 659 698 698 140 659
0 758 180 758 60 659 778 679 140 679 758 160 738 160 718 758 698 698 718 200 599 200 698 659 718 718 659 718 160 659 659 718 100 718 100 140 80 679 679 200 659 659 758 738 659 659 718 120 659 659 679 698 639 698 639 140 738 200 698 679 758 679 659 698 659 120 698 778 758 260 659 679 698 698 698 718 659 0 778 758 180 718 200 659 639 679 100 659 599 140 738 679 639 200 698 758 659 220 639 738 698
0 240 738 718 659 639 758 120 679 698 718 718 778 639 679 160 100 140 220 758 100 698 100 140 698 639 718 698 679 180 698 698 679 180 679 679 738 599 679 738 679 679 738 698 679 100 140 659 639 40 659 180 698 679 698 659 659 698 698 698 738 698 120 659 140 659 659 698 778 738 698 679 698 100 698 639 679 679 0 160 659 200 639 679 140 659 718 579 679 679 679 160 659 718 160 200 679 758 698 698 679
0 200 698 639 698 639 619 120 639 659 738 679 738 639 679 180 140 80 160 718 40 659 100 120 698 679 639 679 679 140 639 679 619 160 698 619 679 659 679 679 619 639 738 718 679 20 80 639 659 40 579 180 619 619 698 639 679 659 698 659 718 659 100 619 140 619 659 579 718 698 659 659 659 140 679 679 679 659 100 0 639 140 639 619 80 659 619 639 579 679 698 100 718 718 140 120 659 718 698 659 659
0 798 220 718 140 698 778 679 200 718 738 180 738 160 679 698 718 718 738 220 679 160 698 738 679 679 738 718 140 718 619 698 140 698 160 80 160 659 718 160 679 679 758 698 718 679 619 60 698 639 698 738 718 659 698 140 679 200 758 718 738 718 698 718 718 120 698 778 798 260 738 698 639 718 698 659 679 80 659 758 0 639 160 619 718 659 160 639 679 160 698 718 698 180 639 758 639 240 659 718 718
0 220 718 758 718 679 758 180 758 679 798 698 659 718 778 180 160 220 280 778 180 798 180 120 718 659 659 758 659 200 718 718 639 200 738 679 698 679 718 738 659 698 738 619 758 160 220 698 698 140 718 180 639 738 738 679 698 718 738 698 758 679 140 738 160 679 698 778 798 798 698 679 679 180 718 679 659 718 240 240 718 0 718 758 200 738 599 659 758 679 718 140 738 758 200 240 659 758 579 738 659
0 718 120 639 120 579 679 579 120 639 659 140 698 20 698 659 659 659 738 180 639 180 559 639 599 639 679 659 60 639 659 639 60 698 100 60 140 619 639 160 659 639 659 718 639 619 659 60 639 599 639 639 659 659 619 40 679 100 619 619 659 639 579 659 579 80 599 639 738 120 619 659 639 679 639 599 579 80 679 619 40 659 0 639 659 579 120 599 639 60 639 639 619 100 619 659 659 120 619 659 679
0 738 738 758 659 120 718 698 718 679 240 698 200 679 220 698 698 738 758 698 659 619 679 698 80 180 200 659 698 659 559 180 639 718 659 718 679 679 180 639 679 80 220 698 120 718 738 698 120 659 738 679 698 718 639 698 738 738 698 120 220 679 679 200 659 659 698 758 738 778 679 679 160 698 160 100 140 718 758 738 718 639 679 0 698 160 659 659 200 659 140 679 698 758 718 718 579 718 639 160 718
0 220 758 718 679 639 738 180 698 698 778 619 758 679 758 180 180 200 100 679 140 639 160 140 639 718 738 679 619 140 579 659 659 160 659 659 698 679 698 659 679 639 738 718 679 80 180 659 679 140 639 160 718 659 659 659 679 758 659 659 698 599 100 659 140 659 698 738 738 778 698 698 698 180 718 659 679 679 220 180 698 120 679 559 0 698 679 659 718 659 679 160 698 738 140 180 599 718 659 698 698
0 698 639 659 659 140 718 559 659 619 100 639 200 579 200 639 639 639 758 738 659 679 579 659 80 80 160 679 619 659 659 140 579 679 659 619 698 679 120 679 659 120 100 718 120 698 659 599 120 639 698 639 679 679 639 679 659 659 639 120 180 619 659 120 599 639 579 738 718 679 639 659 100 679 80 80 20 639 698 718 639 698 659 160 679 0 639 659 140 579 100 619 659 599 639 639 659 679 639 120 679
0 778 240 778 180 718 758 718 240 718 798 200 718 160 798 738 698 778 778 240 698 280 698 738 738 758 659 778 180 738 738 778 140 698 200 200 220 718 738 260 738 698 679 758 758 758 758 180 698 738 698 778 738 718 758 200 718 240 758 758 818 718 718 718 738 200 718 778 818 260 718 679 679 698 738 679 738 140 778 758 200 778 160 758 738 718 0 738 718 200 698 698 778 240 738 758 619 260 758 718 718
0 758 718 180 659 619 200 639 659 140 698 698 758 619 659 679 659 659 738 758 659 679 619 659 679 619 698 140 659 679 160 679 679 698 679 659 698 40 659 718 140 679 718 160 698 619 659 659 659 559 100 698 140 120 160 659 100 679 160 679 698 140 639 659 659 639 120 160 220 718 140 120 698 679 679 619 659 659 738 679 639 698 619 679 679 639 698 0 698 659 659 698 100 698 679 698 160 718 160 679 160
0 698 698 718 679 120 718 679 698 639 220 659 200 698 160 718 659 738 679 718 559 679 698 659 140 180 80 698 659 698 619 160 599 679 679 619 718 659 140 679 639 140 200 698 120 659 679 619 120 659 679 698 599 679 679 659 698 679 659 140 200 639 659 160 659 599 659 738 778 778 639 639 120 659 120 160 140 639 738 718 698 698 698 60 579 140 599 659 0 679 160 619 718 738 639 718 639 718 679 140 659
0 679 140 679 160 659 718 679 180 619 738 100 738 120 738 698 639 718 758 220 679 220 599 639 698 698 679 679 140 698 659 718 40 659 140 100 200 679 659 200 659 659 758 778 679 679 679 100 679 659 698 659 698 698 718 120 698 140 659 679 758 619 659 679 619 100 659 758 778 160 619 659 659 679 679 639 559 120 718 738 100 718 140 698 679 679 180 659 698 0 679 619 698 200 659 698 659 180 718 698 659
0 718 659 639 659 40 679 579 659 639 120 679 160 559 180 659 659 679 718 718 599 718 559 639 80 120 140 659 599 659 599 100 619 698 639 619 679 619 120 698 679 100 120 738 120 639 659 599 100 619 659 639 659 659 619 579 679 639 639 80 140 659 579 120 599 619 619 639 738 659 619 659 100 679 120 60 60 619 698 619 579 679 559 120 639 40 659 599 60 599 0 639 639 639 619 659 599 659 619 120 679
0 100 619 718 639 639 659 80 659 619 679 659 679 639 718 140 40 120 180 698 120 698 100 40 639 639 698 619 619 100 639 698 619 60 619 659 679 639 599 659 619 619 698 718 619 80 80 659 679 100 639 120 698 659 659 639 659 619 679 659 738 639 100 659 120 579 599 698 718 738 559 599 659 80 619 639 599 619 140 180 659 140 679 639 80 619 659 639 659 599 679 0 659 679 140 160 639 698 659 679 619
0 738 718 200 639 659 200 659 579 140 738 659 758 679 639 758 659 718 698 679 698 758 659 579 639 679 698 160 659 679 160 698 639 679 599 679 698 140 619 698 140 599 718 120 679 639 698 679 718 659 120 718 200 140 120 659 100 718 160 639 738 120 679 698 679 599 140 200 180 718 140 100 718 659 659 679 619 698 698 718 639 718 718 679 659 718 679 140 698 599 698 659 0 718 718 718 160 758 120 738 120
0 798 240 758 180 698 778 698 120 698 778 160 758 140 718 758 738 778 798 260 718 200 679 758 718 738 679 698 80 718 659 738 160 679 200 120 220 698 758 120 698 718 718 758 758 698 679 120 738 679 718 718 758 718 718 180 718 220 738 738 778 738 698 738 718 180 718 758 818 240 738 718 679 738 619 698 679 140 698 738 60 698 140 659 718 698 40 679 718 120 659 718 758 0 679 778 639 240 718 758 698
0 200 738 679 718 718 778 180 698 659 798 698 778 619 718 200 140 200 260 738 160 758 80 160 659 718 718 718 659 180 698 738 639 180 698 659 738 698 639 698 698 698 778 798 698 200 180 659 698 140 758 160 738 718 679 718 639 679 679 698 778 659 180 718 120 679 698 758 818 718 679 718 698 140 659 659 619 679 180 220 679 220 698 738 200 718 718 679 718 599 698 120 679 758 0 220 718 738 679 698 718
0 260 758 738 758 679 659 200 679 738 818 758 778 718 718 220 180 180 220 718 140 758 180 160 738 679 738 758 698 200 738 738 679 240 758 758 679 718 738 758 698 639 758 619 758 200 180 738 698 180 738 200 698 738 758 718 718 738 778 738 778 718 180 718 200 698 698 778 818 659 698 738 758 180 698 679 659 718 240 240 738 240 718 718 180 738 778 698 738 659 718 180 778 778 220 0 758 798 758 718 698
0 718 718 200 738 679 220 679 718 120 758 679 778 659 778 679 659 738 778 718 659 778 659 679 698 718 698 180 679 679 160 738 619 698 698 698 698 160 679 738 160 639 758 160 718 718 718 679 659 698 200 738 140 160 180 679 200 698 160 718 778 120 679 698 679 659 140 200 260 758 120 160 718 698 679 619 679 698 718 718 679 758 659 698 698 679 738 160 698 698 659 639 200 738 698 698 0 738 180 659 160
0 679 180 698 180 619 579 698 140 698 778 160 698 140 659 738 698 718 718 220 659 240 679 619 659 698 659 698 80 698 679 659 120 758 160 120 180 659 738 140 718 698 738 738 679 659 659 120 659 639 679 738 639 698 679 160 659 160 718 698 698 679 679 738 698 180 718 758 778 240 698 679 679 698 639 698 639 140 758 738 160 738 140 718 698 698 180 639 718 100 659 698 698 200 679 758 698 0 679 718 738
0 738 698 240 738 698 220 738 738 120 778 679 758 718 778 679 679 758 798 798 738 798 738 679 738 738 679 180 698 738 160 758 619 698 718 738 778 200 698 698 160 718 698 240 718 718 718 718 738 679 180 679 240 200 220 698 200 718 180 718 798 120 698 718 758 679 160 260 240 818 140 180 698 718 698 698 698 698 758 778 758 778 718 738 718 718 579 160 758 698 718 659 220 778 758 758 100 738 0 758 180
0 738 659 679 698 60 698 639 698 659 180 718 180 659 180 679 679 698 659 679 619 738 659 639 120 120 140 679 659 559 679 120 659 679 659 579 579 619 100 698 579 60 180 698 160 659 679 659 80 599 679 679 718 579 679 599 679 718 698 80 160 698 599 160 659 619 659 679 738 718 619 659 160 679 120 120 120 659 698 659 599 659 659 140 659 100 698 599 140 659 140 679 679 659 698 698 698 679 679 0 679
0 738 679 120 679 579 140 619 679 140 718 698 679 639 679 698 659 659 718 679 659 698 619 639 639 619 698 140 679 659 80 619 659 698 659 639 659 60 659 718 20 599 698 180 659 639 679 639 659 579 120 679 160 100 100 579 120 679 140 599 659 140 559 659 639 639 100 180 180 698 140 120 679 679 659 639 639 659 738 698 619 698 639 679 679 659 679 20 659 639 659 659 120 659 679 718 100 659 120 679 0
SETUP_COST
0.0 3200.0 3600.0 3200.0 3200.0 1200.0 400.0 2400.0 2400.0 3200.0 4000.0 2800.0 3200.0 2000.0 4000.0 2400.0 2000.0 3600.0 4000.0 4400.0 2000.0 4400.0 2000.0 1200.0 2400.0 2800.0 2800.0 3200.0 1600.0 2400.0 2400.0 2400.0 2400.0 4000.0 2800.0 2800.0 2800.0 2000.0 3600.0 2800.0 2800.0 2800.0 4000.0 4400.0 2800.0 2400.0 2000.0 2400.0 2000.0 1600.0 2800.0 3600.0 2400.0 2800.0 2800.0 2400.0 3600.0 3200.0 3200.0 3200.0 3200.0 2000.0 2400.0 3600.0 2400.0 3200.0 2400.0 3600.0 4800.0 3600.0 3200.0 3600.0 3200.0 4000.0 1600.0 1200.0 2000.0 2800.0 4000.0 3200.0 2400.0 4000.0 2000.0 3200.0 2800.0 2400.0 3200.0 1600.0 2800.0 1600.0 1600.0 2800.0 3200.0 3600.0 3200.0 4000.0 2800.0 3600.0 2800.0 2000.0 2800.0
0.0 0.0 13180.0 13960.0 14360.0 12380.0 11580.0 3200.0 13580.0 13960.0 15560.0 13960.0 13960.0 13960.0 14760.0 4000.0 3600.0 4000.0 3600.0 14760.0 2400.0 15560.0 3200.0 1600.0 13180.0 13960.0 14360.0 14360.0 12780.0 1600.0 13580.0 13180.0 13180.0 4000.0 13960.0 12780.0 12380.0 13180.0 13580.0 13580.0 12780.0 13180.0 15160.0 15160.0 13580.0 2400.0 2400.0 13180.0 13180.0 2000.0 13580.0 3600.0 15160.0 12780.0 13580.0 13180.0 13180.0 13960.0 14760.0 13580.0 13960.0 13580.0 2400.0 14760.0 3600.0 13180.0 14360.0 14760.0 15960.0 15560.0 13180.0 13960.0 12380.0 3600.0 12780.0 13960.0 12780.0 13580.0 4400.0 3600.0 13180.0 3600.0 13960.0 13960.0 3200.0 13580.0 14360.0 12780.0 14360.0 12780.0 13960.0 3200.0 14360.0 14360.0 3200.0 2800.0 13960.0 14760.0 13580.0 11980.0 14360.0
0.0 14360.0 0.0 13580.0 3200.0 13180.0 15160.0 13180.0 3200.0 13580.0 14360.0 3200.0 15560.0 2000.0 14760.0 14360.0 13960.0 14360.0 14360.0 2400.0 13580.0 3600.0 11980.0 13580.0 13580.0 14360.0 14760.0 14360.0 2800.0 14360.0 13180.0 13960.0 2800.0 14760.0 3600.0 2400.0 4000.0 13960.0 13960.0 4000.0 13960.0 14360.0 13580.0 15560.0 13580.0 13960.0 13960.0 2000.0 13580.0 13580.0 14360.0 13580.0 14360.0 13960.0 13960.0 2400.0 14360.0 2800.0 13180.0 13960.0 14760.0 13580.0 13180.0 13960.0 12780.0 2800.0 13580.0 13960.0 16360.0 2800.0 13180.0 13960.0 13580.0 14360.0 14360.0 12780.0 13180.0 2400.0 14760.0 13580.0 2400.0 14760.0 2000.0 12780.0 12780.0 13180.0 3600.0 13580.0 13580.0 2800.0 12380.0 13580.0 13960.0 3600.0 13180.0 14760.0 13180.0 4000.0 13960.0 13960.0 13960.0
0.0 15160.0 12780.0 0.0 13180.0 12780.0 4000.0 12780.0 13580.0 2000.0 14360.0 13580.0 13960.0 13180.0 14760.0 13960.0 12780.0 14360.0 13580.0 13960.0 12780.0 14760.0 13180.0 11980.0 13180.0 13580.0 13960.0 2000.0 12780.0 11980.0 2800.0 13580.0 12780.0 12780.0 13580.0 12380.0 12380.0 2000.0 12380.0 13580.0 1600.0 12380.0 13960.0 3600.0 13960.0 12780.0 13960.0 13180.0 12780.0 12780.0 2400.0 13180.0 3600.0 1200.0 2800.0 12780.0 2400.0 14760.0 3600.0 12780.0 14360.0 2400.0 12380.0 14360.0 13580.0 11580.0 2400.0 3600.0 4800.0 15160.0 800.0 1600.0 13580.0 12780.0 12780.0 13580.0 12380.0 13580.0 14760.0 13580.0 12780.0 13580.0 13580.0 13180.0 12780.0 12780.0 13960.0 1600.0 14360.0 12380.0 13580.0 13580.0 2800.0 13960.0 13960.0 14360.0 2800.0 14360.0 2800.0 11580.0 2000.0
0.0 15160.0 4000.0 14360.0 0.0 12380.0 14760.0 13180.0 4000.0 13180.0 14760.0 2400.0 13580.0 3200.0 14760.0 14760.0 13960.0 13180.0 13960.0 2800.0 13180.0 3200.0 13580.0 13580.0 13580.0 13180.0 13580.0 14360.0 3200.0 11980.0 13580.0 13580.0 2800.0 14360.0 1200.0 3200.0 3200.0 12780.0 13960.0 2800.0 12380.0 11980.0 15160.0 13960.0 11980.0 13580.0 14360.0 2800.0 13180.0 12380.0 13960.0 13180.0 13960.0 14360.0 11580.0 1600.0 13960.0 3200.0 12780.0 12780.0 14360.0 13960.0 12380.0 13180.0 11980.0 2400.0 13580.0 14760.0 13960.0 4800.0 14360.0 13960.0 13180.0 14360.0 14360.0 13580.0 13960.0 3200.0 15160.0 14360.0 2800.0 13580.0 3200.0 13960.0 13960.0 13960.0 3600.0 12380.0 14360.0 3200.0 13960.0 13960.0 13960.0 3600.0 13960.0 14760.0 12380.0 3600.0 13580.0 14760.0 14360.0
0.0 13960.0 13960.0 12780.0 13180.0 0.0 13960.0 13180.0 13580.0 13960.0 3600.0 13960.0 3600.0 12780.0 2800.0 13960.0 13180.0 13180.0 14760.0 14360.0 13580.0 13960.0 12780.0 13180.0 1200.0 2000.0 3600.0 13180.0 13580.0 12780.0 14360.0 1200.0 13960.0 13960.0 12780.0 13180.0 13180.0 11980.0 2800.0 14760.0 13180.0 2000.0 4000.0 13960.0 2000.0 12380.0 13580.0 13580.0 2800.0 11580.0 12780.0 13960.0 13960.0 13180.0 12380.0 12780.0 13180.0 13960.0 13580.0 2000.0 2000.0 13960.0 12380.0 2800.0 13180.0 13180.0 13580.0 14360.0 14760.0 14760.0 13180.0 13580.0 3200.0 13960.0 3200.0 2000.0 2800.0 13580.0 15160.0 13960.0 13180.0 13960.0 12780.0 3200.0 13960.0 2400.0 13180.0 11580.0 3600.0 13180.0 2800.0 12780.0 13180.0 14360.0 13960.0 13960.0 13180.0 13180.0 12380.0 2400.0 13960.0
0.0 14760.0 13960.0 2800.0 13580.0 11580.0 0.0 13960.0 13180.0 2800.0 15160.0 13580.0 13580.0 13180.0 14360.0 14760.0 13960.0 13960.0 14760.0 15160.0 12780.0 14760.0 13180.0 11980.0 12780.0 13180.0 13580.0 2800.0 11980.0 13580.0 2400.0 12780.0 12780.0 14360.0 13580.0 13180.0 13580.0 1600.0 13960.0 13180.0 3200.0 13580.0 14760.0 4000.0 13180.0 12780.0 12380.0 12780.0 12780.0 11980.0 2400.0 14360.0 4000.0 2800.0 2400.0 13180.0 3200.0 13580.0 3200.0 13580.0 13580.0 2400.0 13180.0 13960.0 13580.0 13580.0 3600.0 4000.0 4800.0 15160.0 2800.0 3600.0 13580.0 14760.0 11980.0 13580.0 12380.0 13180.0 14360.0 14360.0 13960.0 14360.0 13180.0 13580.0 13180.0 13580.0 13580.0 1200.0 14360.0 11980.0 13180.0 13180.0 2800.0 14360.0 13580.0 14360.0 2400.0 13960.0 2400.0 13960.0 3600.0
0.0 5200.0 12780.0 15160.0 14360.0 13960.0 13960.0 0.0 14360.0 14760.0 15960.0 15160.0 15160.0 14360.0 15560.0 2000.0 3200.0 4800.0 4400.0 14760.0 3600.0 13580.0 3200.0 4000.0 13580.0 15160.0 13960.0 14760.0 13180.0 2800.0 12780.0 13180.0 14360.0 4000.0 13960.0 13960.0 13960.0 13960.0 15160.0 14360.0 13960.0 13960.0 15160.0 15560.0 14360.0 4000.0 3600.0 13960.0 14360.0 3600.0 15160.0 4400.0 15160.0 13580.0 13960.0 14360.0 14360.0 15160.0 15160.0 14360.0 13960.0 14760.0 3200.0 14760.0 3600.0 14760.0 14360.0 15160.0 15960.0 14760.0 14360.0 13580.0 14760.0 3200.0 13180.0 13580.0 14360.0 14360.0 4400.0 4400.0 13180.0 3600.0 13960.0 14360.0 3600.0 14360.0 12780.0 13960.0 15160.0 14360.0 13960.0 3600.0 15160.0 11980.0 4000.0 5200.0 13180.0 13580.0 13580.0 13180.0 14760.0
0.0 16360.0 4400.0 14760.0 2800.0 13960.0 15160.0 13580.0 0.0 13180.0 15960.0 4000.0 16360.0 2400.0 12380.0 15160.0 13960.0 13960.0 15960.0 4800.0 13580.0 4000.0 13180.0 13960.0 13960.0 13960.0 14360.0 14360.0 2400.0 14760.0 13960.0 14760.0 3200.0 13180.0 4000.0 3200.0 4800.0 13180.0 14760.0 3200.0 13580.0 14360.0 15160.0 15560.0 14760.0 14360.0 14760.0 2800.0 14760.0 13180.0 14760.0 14360.0 14360.0 14760.0 13960.0 2000.0 12380.0 4000.0 14360.0 14360.0 15560.0 14760.0 13580.0 13960.0 13580.0 3200.0 13960.0 14760.0 16360.0 3200.0 14360.0 13180.0 14360.0 13580.0 13180.0 13960.0 13960.0 3200.0 15560.0 14360.0 4000.0 14360.0 3600.0 13960.0 14360.0 14360.0 3200.0 12780.0 13580.0 3200.0 13960.0 14360.0 14360.0 4000.0 14360.0 14760.0 13960.0 4000.0 14360.0 14760.0 13580.0
0.0 15160.0 13580.0 4800.0 13580.0 13580.0 2400.0 13180.0 15160.0 0.0 15560.0 14360.0 15160.0 13960.0 14760.0 14360.0 14360.0 15160.0 15160.0 14360.0 13960.0 15560.0 13960.0 13960.0 12780.0 14760.0 14760.0 3200.0 13960.0 13580.0 800.0 14760.0 13180.0 14760.0 13180.0 13960.0 13960.0 3200.0 14760.0 15560.0 3200.0 12780.0 15560.0 3600.0 13580.0 14760.0 13580.0 13580.0 13960.0 13580.0 4000.0 13960.0 3600.0 4000.0 2400.0 14360.0 4000.0 15160.0 3600.0 13580.0 15560.0 3200.0 13960.0 15160.0 13580.0 13580.0 3600.0 4800.0 4800.0 14760.0 3600.0 3600.0 14360.0 14360.0 14360.0 13180.0 14360.0 13960.0 15560.0 15160.0 14760.0 14760.0 13960.0 13960.0 13580.0 13960.0 13580.0 2800.0 14760.0 14360.0 13960.0 13960.0 4400.0 13960.0 14360.0 12780.0 1200.0 12780.0 2400.0 14360.0 4000.0
0.0 15160.0 14760.0 14760.0 13580.0 2800.0 15160.0 13580.0 12380.0 13580.0 0.0 12780.0 5200.0 13180.0 2800.0 14360.0 13180.0 14760.0 13580.0 13180.0 12380.0 13960.0 13180.0 12780.0 2800.0 3600.0 2800.0 14760.0 11980.0 14360.0 12780.0 3600.0 12780.0 14360.0 11980.0 12780.0 14360.0 14360.0 1200.0 13960.0 13960.0 1200.0 2400.0 13960.0 2400.0 13580.0 13580.0 12380.0 3600.0 13180.0 13960.0 13960.0 13180.0 13580.0 13960.0 13580.0 13580.0 14760.0 13960.0 2800.0 4000.0 13580.0 13580.0 3200.0 13180.0 13180.0 13580.0 14760.0 13960.0 15160.0 13580.0 13580.0 2400.0 13180.0 3200.0 3200.0 2400.0 12780.0 14760.0 14360.0 13580.0 14360.0 13180.0 1600.0 13180.0 2800.0 13180.0 13960.0 1600.0 12780.0 2000.0 13180.0 11980.0 14360.0 13180.0 15160.0 12780.0 15160.0 13960.0 4400.0 13960.0
0.0 15560.0 4000.0 14760.0 3200.0 13960.0 15560.0 13180.0 2000.0 13180.0 15560.0 0.0 16360.0 3600.0 13580.0 15160.0 14760.0 13580.0 15160.0 4400.0 13180.0 3600.0 13180.0 14760.0 14760.0 13960.0 14360.0 14360.0 2000.0 14760.0 13580.0 15160.0 2800.0 14760.0 4000.0 3200.0 4800.0 13180.0 15160.0 3200.0 13960.0 14360.0 15160.0 15560.0 15160.0 13180.0 13580.0 2800.0 13180.0 12780.0 13580.0 13180.0 15160.0 13580.0 14360.0 3600.0 11980.0 3200.0 13180.0 14360.0 15560.0 13580.0 13960.0 13580.0 12380.0 3200.0 14360.0 15560.0 14360.0 4400.0 14360.0 14360.0 13580.0 14760.0 12780.0 13960.0 13960.0 3200.0 15160.0 15160.0 3600.0 14760.0 3200.0 13960.0 13960.0 14360.0 3200.0 12780.0 14760.0 3200.0 13960.0 14360.0 14360.0 3600.0 13960.0 14760.0 13960.0 4400.0 15160.0 15160.0 14760.0
0.0 15160.0 14360.0 14760.0 14360.0 2000.0 15160.0 12780.0 14360.0 13580.0 3600.0 14360.0 0.0 13180.0 4000.0 13180.0 13580.0 14360.0 14360.0 14760.0 14360.0 14360.0 13180.0 14360.0 2400.0 3200.0 4000.0 14360.0 13580.0 13580.0 13960.0 2400.0 13180.0 13580.0 13960.0 11580.0 14360.0 13580.0 3600.0 14360.0 12780.0 2400.0 3600.0 14760.0 3200.0 14360.0 14360.0 13580.0 4000.0 12380.0 13960.0 14360.0 15160.0 12780.0 13580.0 13180.0 14360.0 14760.0 14360.0 2800.0 3200.0 13580.0 13180.0 3600.0 13580.0 12380.0 13180.0 14760.0 15960.0 15160.0 13960.0 13180.0 3600.0 13580.0 2800.0 3200.0 2000.0 13960.0 15560.0 14360.0 13180.0 14360.0 13580.0 3200.0 13580.0 2000.0 13960.0 13180.0 4000.0 12380.0 4000.0 13580.0 14760.0 13580.0 14360.0 14360.0 14360.0 14760.0 13180.0 2800.0 12780.0
0.0 13960.0 2400.0 12780.0 2400.0 12780.0 13960.0 13180.0 2800.0 12380.0 14360.0 2800.0 14360.0 0.0 14360.0 13180.0 12780.0 14360.0 14760.0 3600.0 12780.0 4400.0 11180.0 12780.0 11980.0 12780.0 13580.0 13180.0 1200.0 12780.0 13180.0 13580.0 2000.0 13580.0 2000.0 1200.0 2800.0 13180.0 12780.0 3600.0 13180.0 12780.0 14360.0 14760.0 12780.0 13180.0 13180.0 800.0 12780.0 12380.0 13580.0 12380.0 13180.0 13180.0 12380.0 2400.0 13180.0 2000.0 12380.0 12780.0 14360.0 13180.0 13180.0 13180.0 11580.0 1600.0 13180.0 14360.0 14760.0 2400.0 12380.0 13180.0 12380.0 13180.0 13180.0 11980.0 13180.0 1600.0 13580.0 13960.0 2400.0 13960.0 2000.0 13580.0 13180.0 13180.0 2000.0 12780.0 13180.0 2000.0 12380.0 13580.0 13960.0 3600.0 12380.0 14360.0 13180.0 2800.0 12380.0 12780.0 13580.0
0.0 15160.0 13960.0 13960.0 12380.0 2400.0 13960.0 12380.0 12780.0 13580.0 4000.0 13180.0 4000.0 13180.0 0.0 13960.0 13580.0 12780.0 15160.0 14360.0 13960.0 13580.0 12380.0 13580.0 3200.0 2000.0 2400.0 13180.0 11580.0 13180.0 12780.0 3600.0 13180.0 14360.0 13180.0 12780.0 14360.0 11980.0 3200.0 12780.0 13580.0 2800.0 3600.0 14360.0 2800.0 13180.0 13580.0 12380.0 3200.0 11580.0 13180.0 13580.0 14360.0 13580.0 13180.0 13580.0 11180.0 13180.0 13580.0 3600.0 4000.0 13960.0 13580.0 2000.0 12780.0 13180.0 13580.0 13580.0 15560.0 14360.0 13180.0 13960.0 2400.0 14360.0 800.0 2400.0 2000.0 12780.0 14360.0 13180.0 13580.0 13960.0 12780.0 2000.0 13580.0 2800.0 12780.0 11580.0 3200.0 12780.0 2000.0 13960.0 13180.0 13180.0 13180.0 13960.0 13180.0 13180.0 13960.0 3200.0 14360.0
0.0 4800.0 14760.0 14360.0 14360.0 12780.0 14760.0 2400.0 12780.0 14360.0 15160.0 13960.0 13580.0 13580.0 13960.0 0.0 2400.0 3600.0 4400.0 14760.0 2000.0 15160.0 3200.0 3200.0 13580.0 13580.0 14760.0 14760.0 14360.0 1200.0 13960.0 13580.0 13580.0 4000.0 13180.0 13580.0 13960.0 12780.0 13960.0 15560.0 12380.0 13180.0 15160.0 14760.0 13180.0 3200.0 3200.0 13960.0 14360.0 2000.0 14360.0 3600.0 15160.0 14760.0 12780.0 12780.0 13960.0 14760.0 13960.0 13180.0 14360.0 14360.0 1600.0 13180.0 2800.0 13960.0 13580.0 13960.0 15160.0 15560.0 14760.0 14360.0 14360.0 2400.0 14360.0 13580.0 13960.0 13960.0 4000.0 3200.0 13580.0 3200.0 13580.0 13960.0 2800.0 13580.0 14360.0 12380.0 13960.0 13960.0 13960.0 3600.0 13960.0 13960.0 4000.0 4000.0 13580.0 14360.0 13960.0 14760.0 13960.0
0.0 4400.0 13960.0 13960.0 12780.0 12380.0 14360.0 1600.0 13180.0 13580.0 13960.0 12780.0 14760.0 12780.0 14360.0 2800.0 0.0 2000.0 3200.0 13180.0 2000.0 13180.0 2000.0 2000.0 13580.0 11980.0 13580.0 13580.0 11980.0 2800.0 13180.0 13180.0 13180.0 3200.0 11580.0 12780.0 13180.0 12780.0 13580.0 13180.0 11980.0 11580.0 13960.0 13580.0 11980.0 2400.0 1200.0 12780.0 13180.0 1600.0 13580.0 2800.0 13580.0 13580.0 13180.0 12380.0 12780.0 13180.0 13580.0 12780.0 13960.0 13180.0 1600.0 12780.0 2000.0 12380.0 11180.0 14760.0 13580.0 14760.0 13580.0 13180.0 13580.0 2800.0 11980.0 12380.0 12780.0 11580.0 3600.0 3600.0 12380.0 2400.0 13180.0 13580.0 2800.0 12380.0 13580.0 11980.0 12780.0 12780.0 12780.0 2800.0 13580.0 13580.0 2800.0 3600.0 12380.0 13960.0 13580.0 13180.0 11980.0
0.0 4000.0 13960.0 12380.0 13960.0 12780.0 14360.0 2800.0 13580.0 13180.0 14760.0 13180.0 14360.0 12780.0 14360.0 2800.0 2000.0 0.0 2800.0 13960.0 2400.0 11980.0 2000.0 2400.0 13960.0 11980.0 13960.0 13960.0 12780.0 2400.0 13180.0 13960.0 13580.0 3200.0 13580.0 13180.0 13580.0 13580.0 13180.0 13580.0 13180.0 12780.0 13180.0 13180.0 13580.0 3200.0 3200.0 13180.0 13180.0 2000.0 14360.0 2000.0 13580.0 13180.0 13960.0 13580.0 12780.0 11580.0 13180.0 13580.0 14760.0 12780.0 2400.0 11180.0 1600.0 12380.0 11980.0 14760.0 14360.0 14760.0 12780.0 13180.0 12780.0 2800.0 12780.0 12380.0 13180.0 13180.0 2000.0 3600.0 13580.0 1600.0 13180.0 13180.0 2800.0 13580.0 13180.0 13180.0 13960.0 13180.0 12780.0 3600.0 14360.0 14760.0 3200.0 1600.0 13580.0 15160.0 12780.0 12780.0 13180.0
0.0 3200.0 13580.0 14360.0 12780.0 12780.0 13960.0 3200.0 13580.0 13180.0 14760.0 12780.0 13960.0 13580.0 14760.0 4000.0 2000.0 3200.0 0.0 11980.0 2400.0 14760.0 2400.0 2400.0 11580.0 13580.0 13180.0 12780.0 13180.0 1600.0 13580.0 11580.0 13180.0 2800.0 12380.0 13960.0 13580.0 12780.0 13180.0 14360.0 12780.0 12380.0 14760.0 14360.0 12380.0 2800.0 3200.0 13580.0 13580.0 1600.0 13580.0 2800.0 13960.0 13960.0 11980.0 13180.0 13580.0 13580.0 13180.0 12380.0 12380.0 12380.0 2400.0 13180.0 1600.0 12380.0 13180.0 14760.0 13180.0 15160.0 12780.0 13180.0 13580.0 2800.0 13180.0 13960.0 13580.0 13580.0 2800.0 4000.0 13960.0 2800.0 13580.0 13580.0 2800.0 13580.0 12380.0 12380.0 13180.0 13180.0 13960.0 1600.0 13580.0 14360.0 3200.0 3200.0 12780.0 14760.0 11980.0 14760.0 13580.0
0.0 15160.0 2800.0 13960.0 3200.0 12380.0 14360.0 13580.0 2400.0 13180.0 15160.0 1200.0 14760.0 2400.0 14360.0 14760.0 12780.0 14360.0 14360.0 0.0 13960.0 3600.0 13180.0 12780.0 13580.0 13580.0 13960.0 13960.0 1600.0 14360.0 13180.0 13180.0 2000.0 12780.0 2400.0 2800.0 3600.0 12780.0 13180.0 2800.0 12380.0 13180.0 13960.0 14360.0 13580.0 13580.0 13580.0 2400.0 13960.0 12780.0 13960.0 13960.0 15160.0 14360.0 13580.0 1600.0 13180.0 4000.0 12380.0 13180.0 13960.0 11580.0 12380.0 12780.0 13180.0 800.0 13180.0 13960.0 15160.0 4400.0 13960.0 11980.0 13960.0 12380.0 12380.0 13960.0 13180.0 2400.0 12780.0 14760.0 3200.0 13960.0 2800.0 12780.0 12380.0 13960.0 2800.0 12780.0 14360.0 2400.0 13580.0 13580.0 13960.0 4000.0 13580.0 13180.0 13180.0 3200.0 13180.0 14360.0 12780.0
0.0 3200.0 13580.0 14360.0 13580.0 13180.0 14760.0 2800.0 14760.0 12780.0 15160.0 13180.0 14760.0 13960.0 13960.0 3600.0 2400.0 4000.0 2800.0 14360.0 0.0 13580.0 3200.0 2400.0 13180.0 13960.0 13580.0 13960.0 13180.0 3600.0 12380.0 13960.0 11980.0 2800.0 13580.0 12380.0 13960.0 13580.0 13180.0 13580.0 12780.0 13180.0 15160.0 13960.0 13960.0 2400.0 2800.0 12380.0 13960.0 2400.0 13580.0 4000.0 14360.0 13580.0 13580.0 13180.0 13960.0 13580.0 13580.0 13580.0 14760.0 12780.0 2400.0 13580.0 3600.0 12780.0 13180.0 14760.0 15560.0 15960.0 12780.0 13580.0 13180.0 3200.0 13580.0 13960.0 13580.0 12780.0 4000.0 3600.0 13960.0 3200.0 14360.0 11980.0 800.0 13580.0 14360.0 13180.0 13580.0 13180.0 13960.0 1600.0 14360.0 14360.0 2000.0 3600.0 12780.0 14360.0 13580.0 14760.0 13580.0
0.0 15560.0 4000.0 14760.0 3600.0 13960.0 15560.0 13960.0 4400.0 13580.0 13960.0 3600.0 13580.0 3200.0 15560.0 13960.0 13960.0 15560.0 15160.0 4000.0 13180.0 0.0 13180.0 13580.0 14760.0 13580.0 13580.0 15160.0 2800.0 14360.0 14360.0 14760.0 2400.0 15160.0 2400.0 3200.0 3600.0 13960.0 14760.0 4400.0 13580.0 13180.0 13580.0 12780.0 14760.0 14360.0 14760.0 2800.0 13180.0 13580.0 14760.0 13580.0 13180.0 14360.0 14760.0 3200.0 14360.0 3600.0 13580.0 14360.0 15560.0 13960.0 13580.0 14360.0 12780.0 3200.0 14360.0 15160.0 15560.0 4000.0 13960.0 13960.0 13580.0 14360.0 14760.0 12780.0 13580.0 3200.0 15160.0 14760.0 3600.0 11580.0 2800.0 13960.0 13960.0 13960.0 1600.0 13580.0 14760.0 3200.0 13580.0 13960.0 15160.0 4400.0 14360.0 15560.0 13580.0 4400.0 11980.0 13960.0 13180.0
0.0 3200.0 13180.0 12780.0 13180.0 13180.0 14760.0 2400.0 13180.0 12380.0 14360.0 13180.0 14360.0 12780.0 14360.0 2400.0 2000.0 3600.0 3600.0 14760.0 1600.0 14760.0 0.0 1600.0 13580.0 13960.0 13580.0 13180.0 13180.0 2400.0 13180.0 13180.0 12780.0 2800.0 13180.0 11980.0 13580.0 13580.0 12780.0 13960.0 13180.0 13180.0 14360.0 15560.0 13580.0 2400.0 2000.0 11580.0 12380.0 1600.0 13580.0 1600.0 13180.0 12780.0 13580.0 13180.0 13180.0 12380.0 12380.0 13580.0 13960.0 12780.0 2400.0 13960.0 800.0 12380.0 13180.0 13960.0 15160.0 13180.0 11980.0 12780.0 12380.0 2400.0 13180.0 11980.0 12780.0 11980.0 2800.0 3200.0 13180.0 4000.0 12380.0 13580.0 2400.0 12780.0 13960.0 13180.0 13180.0 12780.0 12380.0 2800.0 13580.0 13960.0 1600.0 3600.0 13180.0 13960.0 13960.0 12780.0 13180.0
0.0 3600.0 13960.0 13960.0 13180.0 13180.0 14760.0 3200.0 13180.0 12780.0 15160.0 12780.0 14360.0 13580.0 14360.0 3600.0 2400.0 4000.0 3600.0 14360.0 2800.0 15160.0 1600.0 0.0 11980.0 13180.0 13960.0 13180.0 13960.0 2000.0 13180.0 13960.0 11980.0 2800.0 12780.0 12780.0 13960.0 13180.0 13180.0 14760.0 13180.0 12780.0 15560.0 14760.0 12780.0 1200.0 3200.0 13180.0 13580.0 2400.0 12380.0 3200.0 14360.0 12780.0 12380.0 13180.0 13580.0 13580.0 13180.0 12780.0 14760.0 12380.0 2400.0 13180.0 2000.0 13180.0 13180.0 13960.0 14760.0 14360.0 12780.0 13580.0 13580.0 3200.0 13960.0 13180.0 11580.0 13180.0 4000.0 3200.0 13180.0 3600.0 13960.0 14360.0 3200.0 13960.0 13180.0 12780.0 13960.0 11180.0 13580.0 1600.0 14360.0 13580.0 2800.0 2800.0 13180.0 14360.0 12380.0 13960.0 13580.0
0.0 13180.0 13180.0 13580.0 11980.0 1200.0 13580.0 13180.0 13960.0 12780.0 3600.0 12780.0 2400.0 13180.0 3200.0 13960.0 13580.0 13180.0 13580.0 13180.0 12780.0 13960.0 12380.0 13580.0 0.0 2400.0 2800.0 11980.0 13180.0 11580.0 13180.0 2400.0 12780.0 13960.0 11580.0 13180.0 12780.0 12380.0 3200.0 14360.0 12380.0 800.0 4000.0 13580.0 800.0 13180.0 13960.0 13180.0 2000.0 11980.0 13580.0 12780.0 13580.0 13960.0 11180.0 12780.0 13580.0 13960.0 12780.0 800.0 2800.0 13580.0 12380.0 2800.0 11980.0 12780.0 12380.0 14760.0 13580.0 14360.0 13580.0 13580.0 2000.0 13960.0 2400.0 2400.0 3200.0 13580.0 14760.0 13960.0 13580.0 13180.0 13180.0 3200.0 13580.0 2800.0 11980.0 11580.0 3600.0 13580.0 2800.0 13180.0 13180.0 13580.0 13580.0 14360.0 11980.0 13960.0 11180.0 3600.0 13960.0
0.0 15160.0 13580.0 13580.0 13180.0 1600.0 14360.0 12380.0 13180.0 12780.0 3200.0 12780.0 4000.0 11980.0 2400.0 12380.0 11580.0 13180.0 13960.0 13960.0 11980.0 13960.0 11980.0 13580.0 2400.0 0.0 2000.0 13960.0 12380.0 12380.0 12780.0 2800.0 12780.0 12780.0 12380.0 12780.0 13180.0 12780.0 3200.0 13180.0 12780.0 1600.0 3200.0 13180.0 2000.0 13580.0 12780.0 12780.0 1200.0 12380.0 13960.0 13580.0 12380.0 12780.0 13180.0 12380.0 11580.0 13580.0 13180.0 2400.0 3600.0 12380.0 12380.0 2400.0 12780.0 11180.0 11980.0 13580.0 14360.0 13960.0 13180.0 11980.0 2800.0 12380.0 1600.0 400.0 2000.0 12380.0 14760.0 13180.0 12380.0 13960.0 11980.0 2000.0 12380.0 1600.0 13580.0 12380.0 2000.0 12780.0 1200.0 13580.0 13180.0 13580.0 13180.0 13960.0 12780.0 13960.0 13180.0 1600.0 12380.0
0.0 15160.0 14760.0 14360.0 13580.0 2800.0 13180.0 13580.0 13960.0 13180.0 4000.0 13580.0 4800.0 13580.0 3200.0 14360.0 11980.0 13580.0 14360.0 14360.0 11980.0 14360.0 13580.0 13960.0 2800.0 2400.0 0.0 14360.0 12380.0 13960.0 13180.0 3200.0 12780.0 14360.0 12780.0 12380.0 13960.0 12380.0 3600.0 13960.0 13180.0 2000.0 2800.0 14760.0 2400.0 13180.0 13180.0 12380.0 1200.0 13180.0 13580.0 13960.0 14360.0 13580.0 13580.0 13180.0 12380.0 14360.0 13960.0 3200.0 4000.0 13580.0 13180.0 2800.0 13180.0 13180.0 12380.0 13580.0 14760.0 15560.0 13960.0 11580.0 800.0 11980.0 2400.0 2800.0 2800.0 12780.0 14360.0 14360.0 13580.0 14360.0 13580.0 2400.0 12780.0 2800.0 14360.0 13180.0 2800.0 13180.0 2800.0 13580.0 13180.0 14360.0 12780.0 14760.0 13180.0 15160.0 13580.0 3200.0 12780.0
0.0 13960.0 13960.0 4000.0 11180.0 12780.0 3600.0 12380.0 12780.0 2800.0 14760.0 13580.0 13960.0 13180.0 13960.0 13960.0 14360.0 13580.0 14360.0 13960.0 13180.0 14360.0 13180.0 13180.0 13580.0 13580.0 13960.0 0.0 12780.0 12380.0 2800.0 13960.0 13180.0 14360.0 12380.0 12780.0 13960.0 2400.0 13960.0 13960.0 2000.0 12380.0 14760.0 3600.0 12380.0 13960.0 13580.0 12380.0 13180.0 11580.0 3600.0 11580.0 3600.0 3200.0 1200.0 12780.0 2000.0 14360.0 2000.0 12780.0 14760.0 3200.0 12780.0 13580.0 12380.0 13180.0 2800.0 4000.0 3600.0 15160.0 3200.0 3200.0 11980.0 14360.0 13180.0 13960.0 13580.0 12780.0 15160.0 13960.0 13580.0 13580.0 12780.0 13180.0 13580.0 13180.0 12380.0 2000.0 13580.0 13580.0 13180.0 13580.0 1600.0 13180.0 13180.0 14760.0 2000.0 14360.0 800.0 14360.0 3600.0
0.0 14360.0 3600.0 13960.0 2400.0 12780.0 14760.0 12780.0 3600.0 13180.0 13960.0 3200.0 15160.0 1600.0 14760.0 13580.0 13580.0 14360.0 14360.0 4000.0 13180.0 4400.0 12380.0 13580.0 13180.0 13960.0 14360.0 14360.0 0.0 13960.0 12780.0 13580.0 1600.0 13580.0 2400.0 1200.0 2800.0 13580.0 13960.0 4000.0 13180.0 13180.0 13580.0 15560.0 13960.0 13580.0 12780.0 800.0 13580.0 13180.0 13960.0 13580.0 13960.0 13180.0 13580.0 2000.0 13180.0 3200.0 13180.0 13580.0 13960.0 13180.0 12780.0 13960.0 12780.0 2000.0 13180.0 13960.0 15560.0 3600.0 13580.0 13580.0 12380.0 13960.0 13580.0 13180.0 11980.0 1200.0 14760.0 13180.0 2000.0 14360.0 1600.0 13960.0 13580.0 12780.0 3200.0 13180.0 13180.0 1200.0 11980.0 13180.0 13580.0 3200.0 12380.0 14360.0 13180.0 3600.0 13580.0 13960.0 13960.0
0.0 4000.0 13960.0 13580.0 13580.0 11580.0 13960.0 1600.0 13960.0 13580.0 14760.0 13960.0 13960.0 13180.0 13960.0 3600.0 2800.0 2800.0 4000.0 14360.0 1200.0 14360.0 2400.0 2400.0 12780.0 12780.0 14760.0 13960.0 13580.0 0.0 13180.0 12780.0 12780.0 3600.0 13580.0 12780.0 13180.0 11980.0 13180.0 14760.0 11580.0 13580.0 14760.0 13960.0 13580.0 2400.0 3200.0 13180.0 13580.0 800.0 13180.0 3200.0 13960.0 13960.0 13180.0 11980.0 13180.0 13960.0 13960.0 11980.0 13580.0 13580.0 800.0 13580.0 2400.0 13180.0 12780.0 14760.0 14760.0 14760.0 13960.0 13580.0 13960.0 3200.0 13580.0 12780.0 13180.0 13580.0 3200.0 3600.0 12780.0 2000.0 13180.0 13180.0 2000.0 13180.0 13580.0 11580.0 13580.0 13180.0 13180.0 2800.0 13180.0 13180.0 3200.0 4000.0 13580.0 13580.0 13180.0 13960.0 13960.0
0.0 14360.0 14360.0 4000.0 13180.0 13180.0 4000.0 13960.0 14760.0 2800.0 15160.0 13580.0 14360.0 13180.0 15160.0 13960.0 13580.0 14360.0 14760.0 13580.0 13580.0 15160.0 13580.0 13960.0 11980.0 13960.0 14360.0 2400.0 13580.0 12780.0 0.0 13960.0 12780.0 14360.0 12780.0 13960.0 13180.0 2400.0 13960.0 14760.0 2400.0 11980.0 14760.0 3600.0 12780.0 14360.0 14360.0 13960.0 13580.0 13180.0 4000.0 13580.0 3200.0 3600.0 1600.0 13580.0 4000.0 14360.0 2800.0 12780.0 14760.0 2400.0 13580.0 14360.0 12780.0 12780.0 2800.0 4400.0 4000.0 15560.0 2800.0 2800.0 13580.0 13960.0 13580.0 12780.0 13960.0 14360.0 14760.0 14360.0 13960.0 13960.0 13180.0 13960.0 13960.0 13580.0 13180.0 2000.0 14360.0 13960.0 13180.0 13180.0 3600.0 14760.0 13960.0 14360.0 400.0 14360.0 1600.0 13580.0 3200.0
0.0 13180.0 13180.0 13580.0 11980.0 1200.0 13580.0 13180.0 13960.0 12780.0 3600.0 12780.0 2800.0 13180.0 3200.0 13960.0 12380.0 13580.0 13580.0 13180.0 12780.0 14360.0 12780.0 12380.0 400.0 2400.0 2800.0 12380.0 13180.0 11980.0 13580.0 0.0 12780.0 12780.0 11580.0 13580.0 13180.0 12380.0 2000.0 13960.0 12380.0 1200.0 3600.0 13580.0 1200.0 12780.0 13180.0 13180.0 2000.0 11980.0 13180.0 12780.0 13580.0 13580.0 11580.0 12780.0 13580.0 13180.0 12780.0 1200.0 800.0 13580.0 12380.0 2800.0 11980.0 12380.0 12780.0 14360.0 13960.0 14360.0 11980.0 12780.0 2400.0 13180.0 2400.0 2400.0 2000.0 13180.0 13960.0 14360.0 13580.0 12780.0 13180.0 2800.0 13180.0 2400.0 11980.0 11980.0 3200.0 12780.0 2800.0 11580.0 13580.0 13960.0 13580.0 14360.0 11980.0 14360.0 11580.0 3600.0 13180.0
0.0 13180.0 2400.0 13960.0 2800.0 12780.0 13960.0 13180.0 3200.0 11980.0 14360.0 1600.0 13960.0 2800.0 13960.0 14360.0 11980.0 13580.0 14760.0 3600.0 13580.0 4000.0 13580.0 12380.0 13180.0 13180.0 14360.0 13180.0 2400.0 13580.0 12380.0 13580.0 0.0 12780.0 2000.0 3200.0 3600.0 13180.0 12380.0 3200.0 12380.0 12780.0 14360.0 14760.0 13180.0 13180.0 13180.0 2800.0 14360.0 12780.0 13580.0 13580.0 14360.0 13960.0 13580.0 2000.0 13180.0 2000.0 12780.0 13180.0 14360.0 11580.0 12780.0 12780.0 13580.0 1200.0 12380.0 14760.0 14760.0 4400.0 11980.0 12780.0 13960.0 13180.0 13180.0 13580.0 12780.0 2000.0 13960.0 15160.0 2800.0 13960.0 3200.0 13180.0 13180.0 13180.0 3200.0 12780.0 13580.0 2000.0 13960.0 11580.0 13580.0 3600.0 14360.0 13580.0 12780.0 2800.0 13580.0 14360.0 12780.0
0.0 3200.0 13960.0 13580.0 13580.0 11980.0 13580.0 1600.0 13580.0 11180.0 14760.0 13180.0 13960.0 13180.0 13960.0 3600.0 2400.0 2800.0 4000.0 13960.0 2800.0 14360.0 1600.0 2400.0 12780.0 12780.0 14360.0 13960.0 13580.0 2800.0 11580.0 12780.0 11980.0 0.0 13580.0 13180.0 13180.0 11980.0 13180.0 14760.0 11580.0 12380.0 14360.0 13580.0 13580.0 1200.0 3200.0 13180.0 13580.0 1200.0 12380.0 3200.0 13960.0 13180.0 13180.0 11980.0 13180.0 13580.0 13580.0 11980.0 13580.0 12780.0 800.0 13580.0 2400.0 12780.0 13180.0 14360.0 14760.0 14360.0 12780.0 13580.0 13960.0 3200.0 13580.0 12780.0 13180.0 13580.0 4000.0 3200.0 12780.0 1600.0 13180.0 13960.0 3200.0 13180.0 13180.0 11580.0 13580.0 13180.0 13180.0 1600.0 13180.0 13580.0 2000.0 2000.0 11980.0 12780.0 12780.0 13960.0 11180.0
0.0 14760.0 3600.0 14760.0 4000.0 12780.0 14760.0 12780.0 3200.0 13180.0 13960.0 1200.0 15560.0 2800.0 14360.0 14360.0 13180.0 14360.0 13180.0 2000.0 13580.0 4400.0 13580.0 13960.0 13580.0 14360.0 12780.0 14760.0 2000.0 14360.0 13960.0 13580.0 2000.0 13580.0 0.0 2800.0 4000.0 13580.0 13960.0 3600.0 13580.0 11180.0 14760.0 15960.0 13960.0 13960.0 13960.0 2800.0 13580.0 12380.0 14360.0 14360.0 14760.0 14760.0 13960.0 3200.0 13180.0 4000.0 13580.0 14360.0 13960.0 13180.0 13580.0 14360.0 13180.0 1600.0 13180.0 13960.0 13180.0 4800.0 13580.0 13180.0 13180.0 13180.0 13180.0 14360.0 13960.0 3200.0 14360.0 13580.0 3600.0 14760.0 2800.0 13580.0 13180.0 13960.0 3600.0 13180.0 13960.0 3200.0 13960.0 13180.0 14760.0 3200.0 13960.0 14760.0 13960.0 4000.0 13960.0 14760.0 13580.0
0.0 14760.0 2800.0 13960.0 2800.0 12780.0 14760.0 11980.0 3200.0 13180.0 13580.0 3200.0 14760.0 1600.0 14360.0 12780.0 13180.0 13960.0 13580.0 3600.0 13960.0 4000.0 12380.0 13960.0 12780.0 13180.0 14360.0 13580.0 2000.0 13180.0 13580.0 12380.0 2000.0 12780.0 2400.0 0.0 3600.0 13180.0 13580.0 3200.0 12380.0 12780.0 13580.0 15160.0 13180.0 13960.0 13960.0 2400.0 13960.0 12780.0 14360.0 13960.0 14760.0 11980.0 12780.0 2000.0 13960.0 3200.0 13580.0 13180.0 13180.0 13580.0 12380.0 13580.0 13180.0 1200.0 12780.0 14360.0 15160.0 3600.0 13580.0 12780.0 13960.0 13180.0 12780.0 13180.0 12380.0 2800.0 14760.0 13580.0 2000.0 13960.0 3200.0 13180.0 13180.0 11980.0 2800.0 12380.0 14360.0 1600.0 13960.0 13180.0 13960.0 2400.0 13580.0 13580.0 13580.0 3600.0 13180.0 14360.0 13180.0
0.0 13960.0 2000.0 14360.0 2400.0 12780.0 13960.0 12780.0 2800.0 13180.0 14360.0 2800.0 13580.0 2400.0 14360.0 14360.0 12780.0 14360.0 13960.0 3600.0 11580.0 3600.0 13180.0 11980.0 13180.0 13960.0 13960.0 12780.0 2000.0 13180.0 12780.0 13580.0 1600.0 13180.0 1600.0 2400.0 0.0 13180.0 11980.0 2800.0 13180.0 12380.0 13960.0 14760.0 13580.0 12780.0 13580.0 2000.0 11580.0 12780.0 13180.0 12780.0 14360.0 13580.0 13180.0 1200.0 13960.0 3600.0 13960.0 12380.0 14360.0 13180.0 13180.0 14360.0 13580.0 800.0 13180.0 14360.0 14760.0 4000.0 11580.0 12380.0 13180.0 12780.0 12780.0 13960.0 12380.0 2400.0 15160.0 14760.0 3200.0 14360.0 2800.0 12780.0 12380.0 12780.0 3200.0 13180.0 14360.0 1600.0 13180.0 13180.0 13180.0 3200.0 13580.0 14360.0 13180.0 4000.0 13180.0 14760.0 12780.0
0.0 14760.0 15560.0 4000.0 12780.0 13180.0 4400.0 13960.0 12780.0 3600.0 13580.0 14360.0 15560.0 14360.0 13960.0 14760.0 14360.0 15160.0 14360.0 14760.0 13580.0 14760.0 14360.0 12780.0 13960.0 14360.0 15160.0 2400.0 14360.0 13580.0 2800.0 14360.0 13580.0 14760.0 13180.0 12780.0 14760.0 0.0 13580.0 13960.0 2400.0 13180.0 13960.0 3600.0 13960.0 11980.0 14760.0 14360.0 13580.0 13180.0 1600.0 13580.0 4400.0 2000.0 2800.0 13180.0 3200.0 13960.0 4000.0 13580.0 15160.0 3600.0 13180.0 13180.0 13960.0 13180.0 3200.0 3600.0 4000.0 15560.0 4000.0 3200.0 13580.0 14360.0 13960.0 14360.0 13180.0 14760.0 15160.0 13580.0 13180.0 15160.0 14360.0 13180.0 14360.0 13960.0 13580.0 2400.0 14360.0 13180.0 14360.0 14360.0 1200.0 15160.0 15160.0 13580.0 3200.0 14760.0 3200.0 15160.0 3200.0
0.0 15960.0 14360.0 14760.0 13580.0 2000.0 14360.0 13180.0 12780.0 13960.0 4000.0 13960.0 4800.0 13580.0 3200.0 13960.0 11980.0 13580.0 14760.0 14360.0 13580.0 14360.0 13580.0 12780.0 3200.0 2400.0 2800.0 14760.0 13180.0 14760.0 13960.0 3200.0 13580.0 13960.0 12780.0 12380.0 13960.0 13580.0 0.0 13960.0 13180.0 2000.0 4400.0 13960.0 2400.0 13580.0 13180.0 12780.0 3600.0 13180.0 13960.0 13960.0 13180.0 13180.0 14360.0 13580.0 13960.0 14360.0 13960.0 2000.0 4000.0 13960.0 13180.0 2800.0 13180.0 13180.0 12380.0 13580.0 14760.0 15560.0 13960.0 13960.0 2800.0 11980.0 2400.0 2800.0 2800.0 12780.0 14760.0 15160.0 13580.0 13580.0 13960.0 4000.0 14360.0 2400.0 14760.0 13180.0 2800.0 13180.0 3200.0 14360.0 11980.0 13960.0 13180.0 15160.0 13180.0 15160.0 13960.0 3600.0 12780.0
0.0 14360.0 4000.0 14760.0 1200.0 13180.0 15160.0 12780.0 2800.0 13960.0 15560.0 3200.0 14760.0 2800.0 14360.0 14760.0 14360.0 14360.0 14760.0 4000.0 13580.0 4400.0 13580.0 13580.0 14360.0 14360.0 14760.0 11580.0 2400.0 13180.0 14360.0 14360.0 2800.0 14360.0 2000.0 2400.0 4000.0 13580.0 14360.0 0.0 13180.0 13180.0 15560.0 14760.0 13180.0 14360.0 14360.0 2400.0 13580.0 12380.0 13580.0 12380.0 14760.0 13960.0 12780.0 2800.0 13180.0 3200.0 13180.0 13180.0 15160.0 14360.0 13180.0 13960.0 13180.0 2400.0 13960.0 15160.0 15160.0 4800.0 14360.0 13580.0 12380.0 13960.0 13960.0 14360.0 13960.0 2800.0 15160.0 14760.0 3200.0 14360.0 2800.0 13960.0 13960.0 13960.0 2000.0 13180.0 14360.0 3200.0 13580.0 14360.0 12780.0 2400.0 13580.0 15560.0 13180.0 4400.0 12380.0 15160.0 14360.0
0.0 14360.0 13580.0 2400.0 13180.0 11180.0 2800.0 11980.0 13180.0 3200.0 13960.0 13960.0 13580.0 12780.0 13580.0 13580.0 12780.0 13180.0 14760.0 13960.0 13180.0 13960.0 12380.0 12780.0 12380.0 12380.0 13960.0 2800.0 13180.0 13180.0 2800.0 12380.0 13180.0 13960.0 13180.0 13180.0 12780.0 800.0 12780.0 14360.0 0.0 13180.0 14360.0 3200.0 13180.0 12780.0 13180.0 13180.0 13180.0 11180.0 2000.0 13960.0 3200.0 2800.0 2000.0 11180.0 2000.0 13580.0 3200.0 11580.0 13180.0 2800.0 11180.0 13180.0 13180.0 12780.0 1600.0 3600.0 3600.0 14360.0 2800.0 2400.0 13960.0 13180.0 13180.0 12380.0 12780.0 13580.0 14360.0 13580.0 12380.0 13960.0 12380.0 13580.0 13580.0 12780.0 13180.0 400.0 13180.0 12780.0 12780.0 13180.0 2000.0 13180.0 13580.0 14360.0 2800.0 13180.0 2000.0 13180.0 3200.0
0.0 15960.0 14360.0 15160.0 15160.0 3200.0 15960.0 12780.0 14760.0 14760.0 4800.0 13580.0 5200.0 13580.0 3600.0 14360.0 13580.0 15160.0 15960.0 12780.0 15160.0 15560.0 13580.0 13960.0 4000.0 4000.0 4800.0 14760.0 13960.0 14760.0 14360.0 4400.0 14360.0 14360.0 14360.0 14360.0 15560.0 14360.0 3600.0 15160.0 13960.0 0.0 4800.0 15960.0 4000.0 14760.0 14360.0 14360.0 4400.0 12380.0 15160.0 15160.0 15960.0 15560.0 14360.0 13960.0 14360.0 15160.0 13960.0 4000.0 4800.0 13180.0 13960.0 3600.0 13960.0 13180.0 13960.0 15160.0 16360.0 15560.0 13580.0 13580.0 4400.0 13580.0 3200.0 3600.0 3600.0 14360.0 14360.0 14760.0 13960.0 15960.0 13580.0 3600.0 13960.0 3200.0 14360.0 14360.0 4400.0 14360.0 4400.0 15160.0 15160.0 13580.0 14760.0 14760.0 14760.0 15160.0 14760.0 4000.0 14360.0
0.0 15560.0 14360.0 12780.0 14360.0 2800.0 15160.0 13960.0 13960.0 13960.0 4400.0 13960.0 4400.0 12380.0 4000.0 13960.0 13580.0 13580.0 13960.0 13580.0 13580.0 14360.0 12380.0 13960.0 2800.0 2000.0 4000.0 14360.0 13180.0 13580.0 13960.0 3600.0 13960.0 14360.0 13960.0 13180.0 13960.0 13960.0 3200.0 13960.0 13580.0 3200.0 0.0 13580.0 3600.0 14760.0 14360.0 13180.0 2800.0 13180.0 13180.0 13180.0 13960.0 13180.0 13580.0 13180.0 13180.0 13960.0 13580.0 3200.0 4400.0 13580.0 13580.0 800.0 13180.0 13180.0 12380.0 15160.0 15160.0 14360.0 13580.0 13580.0 2800.0 13960.0 2400.0 2000.0 3600.0 13580.0 15160.0 14760.0 13960.0 14760.0 13580.0 3600.0 13960.0 3200.0 14360.0 13580.0 3600.0 13960.0 2800.0 14760.0 15160.0 15160.0 13580.0 13180.0 14360.0 14760.0 13580.0 2800.0 14360.0
0.0 14760.0 14360.0 4000.0 14360.0 13180.0 4400.0 13580.0 14360.0 2400.0 15160.0 13580.0 15160.0 13180.0 14360.0 13580.0 12780.0 13960.0 15160.0 15160.0 13180.0 14760.0 13180.0 13580.0 13960.0 12380.0 13960.0 3600.0 13580.0 13580.0 3200.0 13960.0 12380.0 13960.0 13580.0 13960.0 12780.0 3200.0 13580.0 14360.0 3200.0 13580.0 14760.0 0.0 13580.0 14360.0 13580.0 13960.0 13180.0 13580.0 4000.0 14360.0 2800.0 3200.0 3600.0 13180.0 2000.0 13180.0 3600.0 13580.0 14760.0 2400.0 12780.0 13960.0 13580.0 12380.0 2000.0 4000.0 4800.0 15160.0 2400.0 2400.0 14760.0 13580.0 13580.0 12380.0 13960.0 13580.0 14360.0 14360.0 13580.0 15160.0 13180.0 13960.0 13580.0 13580.0 14760.0 2800.0 13960.0 13960.0 13180.0 13180.0 4000.0 14760.0 14360.0 15160.0 3200.0 14760.0 3600.0 13180.0 2800.0
0.0 14760.0 14360.0 14760.0 14360.0 2800.0 13960.0 13180.0 14760.0 13180.0 4000.0 13580.0 3600.0 12780.0 4800.0 13960.0 13580.0 15160.0 15560.0 14360.0 13580.0 15960.0 13180.0 13580.0 3200.0 3200.0 2400.0 14360.0 13580.0 13960.0 13580.0 3600.0 12380.0 14360.0 14360.0 13960.0 14360.0 14360.0 3200.0 14760.0 13960.0 2000.0 3200.0 12780.0 0.0 14360.0 14360.0 13580.0 2800.0 13960.0 13960.0 14360.0 12780.0 13960.0 14360.0 13180.0 14760.0 14360.0 13960.0 3200.0 2800.0 13180.0 13180.0 3600.0 13580.0 13580.0 13960.0 14360.0 15160.0 14760.0 13580.0 13960.0 3200.0 14360.0 3200.0 2000.0 2800.0 13960.0 13960.0 13960.0 13180.0 12380.0 12780.0 3600.0 13960.0 2400.0 13180.0 13580.0 3200.0 13580.0 2000.0 13180.0 14360.0 14360.0 13960.0 14360.0 11180.0 13580.0 12780.0 2800.0 14360.0
0.0 4800.0 14760.0 13960.0 14360.0 12380.0 14360.0 2400.0 12380.0 13180.0 14360.0 14760.0 14760.0 13180.0 13580.0 3200.0 3200.0 3600.0 2800.0 13960.0 2000.0 15160.0 2800.0 2800.0 13580.0 13180.0 14760.0 14360.0 13580.0 3600.0 13960.0 13180.0 13580.0 3200.0 13960.0 11980.0 13960.0 12780.0 13180.0 14760.0 11980.0 12380.0 14760.0 13960.0 14360.0 0.0 3200.0 13580.0 12780.0 1600.0 11180.0 4000.0 14360.0 11980.0 13960.0 12380.0 13580.0 14760.0 14360.0 12780.0 13960.0 14360.0 1600.0 14360.0 3200.0 12780.0 13580.0 13180.0 13960.0 14760.0 13960.0 13580.0 12780.0 3200.0 13960.0 13580.0 13180.0 13960.0 3600.0 2000.0 12380.0 3600.0 13580.0 13580.0 2800.0 13180.0 14360.0 12380.0 13180.0 13180.0 13960.0 3600.0 13960.0 13960.0 3200.0 2000.0 13960.0 13960.0 13960.0 14360.0 12780.0
0.0 4800.0 14760.0 14360.0 13180.0 12780.0 15160.0 2400.0 13180.0 13960.0 13960.0 14360.0 15560.0 12780.0 13580.0 3200.0 2400.0 2400.0 4000.0 14360.0 2800.0 13960.0 2000.0 2800.0 13580.0 12380.0 13960.0 13580.0 13580.0 3200.0 13960.0 13580.0 13580.0 3600.0 13960.0 13180.0 14360.0 11580.0 13580.0 14760.0 13180.0 13580.0 14760.0 13960.0 13960.0 1600.0 0.0 13180.0 13580.0 400.0 12780.0 3600.0 13580.0 13180.0 13960.0 13180.0 13180.0 13180.0 13960.0 13580.0 14360.0 13580.0 2400.0 13180.0 2400.0 12780.0 13580.0 13960.0 15160.0 14760.0 13960.0 13580.0 13960.0 3200.0 13580.0 12780.0 13180.0 13580.0 3600.0 3200.0 13180.0 3600.0 12380.0 13960.0 3200.0 13180.0 14360.0 11180.0 13960.0 13180.0 13180.0 3600.0 12780.0 13960.0 3200.0 3200.0 14360.0 14760.0 13960.0 13580.0 13960.0
0.0 15160.0 3200.0 13180.0 1600.0 12780.0 15160.0 12380.0 3200.0 13180.0 13580.0 2800.0 15160.0 2000.0 13960.0 13180.0 13180.0 13960.0 13960.0 3600.0 12380.0 4000.0 12780.0 13960.0 12780.0 13580.0 13580.0 13960.0 1600.0 13580.0 13580.0 12780.0 2000.0 13180.0 2000.0 400.0 2400.0 12780.0 13180.0 3200.0 12380.0 12780.0 13960.0 14760.0 13580.0 13580.0 12380.0 0.0 12780.0 12780.0 13960.0 13960.0 13180.0 12380.0 13180.0 2000.0 12780.0 3200.0 13960.0 13180.0 13580.0 13580.0 12780.0 13580.0 13180.0 1200.0 12780.0 14360.0 14760.0 4000.0 13580.0 12780.0 11580.0 13180.0 13180.0 13580.0 12380.0 800.0 15160.0 13960.0 2000.0 14360.0 2800.0 13180.0 13180.0 12380.0 2400.0 12380.0 12380.0 2000.0 13580.0 13580.0 13180.0 2800.0 11580.0 13960.0 13580.0 4000.0 13180.0 13580.0 13180.0
0.0 13960.0 13960.0 14360.0 13580.0 2400.0 14760.0 13580.0 14760.0 12780.0 4400.0 13180.0 4400.0 13960.0 3200.0 14360.0 13180.0 14760.0 13580.0 14360.0 11180.0 13580.0 13960.0 13180.0 2800.0 3600.0 3200.0 13960.0 13180.0 13960.0 12380.0 3200.0 11980.0 13580.0 13580.0 12380.0 14360.0 13580.0 2800.0 13580.0 12780.0 2800.0 4400.0 13960.0 3200.0 13180.0 13580.0 12380.0 0.0 13180.0 13580.0 14360.0 14760.0 13580.0 13580.0 12380.0 13960.0 13580.0 13580.0 2800.0 3200.0 12780.0 13180.0 3200.0 13960.0 12780.0 13180.0 14760.0 15560.0 15960.0 12780.0 13580.0 2400.0 13960.0 3200.0 3200.0 2800.0 12780.0 14760.0 14360.0 13960.0 13960.0 13960.0 1200.0 11580.0 2800.0 14360.0 13180.0 2800.0 13580.0 3200.0 12380.0 14360.0 14760.0 12780.0 14360.0 12780.0 14360.0 13580.0 4000.0 13580.0
0.0 4800.0 14360.0 13960.0 13960.0 12780.0 14760.0 2000.0 14360.0 13960.0 14360.0 14360.0 15160.0 12380.0 13180.0 3600.0 3600.0 4000.0 4000.0 14760.0 3200.0 14760.0 1600.0 3200.0 13180.0 13960.0 14360.0 14360.0 13180.0 3200.0 14360.0 13960.0 13180.0 4400.0 13960.0 13180.0 14760.0 13180.0 13180.0 14760.0 14360.0 13960.0 14360.0 15560.0 13960.0 3200.0 2400.0 13180.0 13960.0 0.0 13960.0 3200.0 14360.0 14360.0 13580.0 12780.0 13180.0 13960.0 13580.0 13580.0 14760.0 13960.0 2000.0 14360.0 2000.0 13580.0 13180.0 13960.0 15960.0 14360.0 13580.0 14360.0 13580.0 3600.0 13960.0 13180.0 13180.0 13180.0 4000.0 2800.0 12780.0 4000.0 12380.0 13960.0 4000.0 12780.0 14360.0 13180.0 13960.0 13180.0 13960.0 3200.0 13580.0 13580.0 2800.0 3600.0 13960.0 14360.0 13580.0 14360.0 14760.0
0.0 15160.0 14360.0 3200.0 13960.0 11980.0 3600.0 12780.0 13960.0 2000.0 13960.0 14360.0 14360.0 13180.0 13960.0 13180.0 13580.0 13960.0 13180.0 13580.0 12380.0 14760.0 13180.0 13180.0 13180.0 12780.0 14360.0 3600.0 13580.0 13960.0 2800.0 13180.0 13180.0 13580.0 13960.0 11580.0 13580.0 1600.0 13180.0 14360.0 800.0 11980.0 14360.0 4000.0 13960.0 13180.0 13180.0 13180.0 12380.0 11980.0 0.0 14360.0 3600.0 800.0 2800.0 11980.0 2800.0 14360.0 3200.0 12380.0 13580.0 3200.0 11980.0 13960.0 13580.0 12380.0 2400.0 2800.0 2800.0 14360.0 3600.0 2400.0 13960.0 13580.0 13580.0 13180.0 12780.0 13580.0 14360.0 13180.0 11980.0 13580.0 13180.0 13180.0 13180.0 12780.0 13960.0 1200.0 13580.0 13180.0 13580.0 13960.0 2800.0 13580.0 13960.0 13960.0 3200.0 13580.0 2800.0 13960.0 1600.0
0.0 2400.0 14360.0 13960.0 13180.0 12380.0 13960.0 2000.0 13580.0 13960.0 14360.0 14360.0 15160.0 12380.0 13180.0 3200.0 3600.0 3200.0 4000.0 15160.0 1600.0 14360.0 1600.0 2800.0 13180.0 13580.0 14360.0 14360.0 11980.0 2400.0 13580.0 13580.0 13180.0 3200.0 13580.0 11980.0 13180.0 13180.0 13180.0 13960.0 13180.0 13580.0 14360.0 14360.0 13960.0 3200.0 2400.0 11980.0 12380.0 400.0 13960.0 0.0 13960.0 13180.0 13180.0 12380.0 11980.0 13960.0 13580.0 12380.0 13960.0 13960.0 2000.0 13580.0 2400.0 13180.0 13180.0 13960.0 14760.0 14360.0 13580.0 13580.0 11180.0 3200.0 12780.0 13180.0 13180.0 12380.0 4400.0 2800.0 12780.0 4000.0 12380.0 13580.0 2400.0 12780.0 13960.0 12780.0 13180.0 13180.0 13180.0 3200.0 13180.0 13960.0 1600.0 4000.0 13960.0 14360.0 13180.0 14360.0 13960.0
0.0 15560.0 15160.0 4000.0 12780.0 13580.0 2800.0 13960.0 14360.0 2400.0 15160.0 14360.0 15160.0 13960.0 14360.0 14760.0 12380.0 13960.0 14760.0 14760.0 12380.0 14760.0 13960.0 14360.0 13180.0 13580.0 11580.0 3600.0 12780.0 13580.0 2800.0 14360.0 13180.0 14760.0 13180.0 12780.0 14760.0 2000.0 14760.0 14760.0 2800.0 13180.0 13580.0 4400.0 13180.0 13580.0 13180.0 12780.0 12380.0 13180.0 3200.0 13180.0 0.0 3200.0 2400.0 13580.0 2000.0 14760.0 2400.0 13580.0 13960.0 3200.0 13580.0 13960.0 12380.0 13580.0 2000.0 3200.0 4400.0 15960.0 3600.0 1200.0 11980.0 12380.0 13580.0 13580.0 13960.0 13180.0 15160.0 14760.0 13960.0 14760.0 13960.0 13180.0 13180.0 13960.0 13960.0 2800.0 13960.0 13580.0 13960.0 13580.0 3200.0 15160.0 13180.0 15160.0 2800.0 15160.0 2400.0 14360.0 2400.0
0.0 14760.0 13960.0 2800.0 13580.0 11580.0 2800.0 12380.0 13580.0 2400.0 13580.0 13960.0 13960.0 12380.0 13580.0 13180.0 13180.0 13580.0 12780.0 13180.0 13180.0 14360.0 12780.0 12780.0 12780.0 12380.0 13580.0 2800.0 13180.0 13580.0 2400.0 12780.0 12780.0 13180.0 13180.0 11180.0 13180.0 1200.0 12780.0 13580.0 400.0 11580.0 13960.0 3600.0 13580.0 12780.0 13180.0 12780.0 13580.0 11580.0 2400.0 13960.0 3200.0 0.0 2400.0 11580.0 2400.0 13960.0 3200.0 11980.0 13180.0 2800.0 11580.0 13580.0 13180.0 11980.0 2000.0 2400.0 3600.0 13960.0 2800.0 2000.0 13580.0 13180.0 13180.0 12780.0 12380.0 13180.0 13960.0 12780.0 11580.0 13180.0 12780.0 12780.0 13180.0 11980.0 13580.0 800.0 13180.0 12780.0 13180.0 13180.0 2400.0 13180.0 13180.0 13580.0 2800.0 13180.0 2400.0 13580.0 2400.0
0.0 14760.0 14360.0 3200.0 13180.0 12380.0 3200.0 12780.0 13960.0 1600.0 13960.0 12380.0 13180.0 13180.0 14360.0 14360.0 13580.0 13180.0 13180.0 13180.0 12380.0 13960.0 13180.0 13580.0 13180.0 13180.0 13180.0 3600.0 13180.0 11580.0 2400.0 13180.0 12780.0 13960.0 11180.0 13180.0 13580.0 2000.0 13580.0 14360.0 1200.0 11180.0 14360.0 2400.0 11580.0 13580.0 13960.0 12780.0 12380.0 12380.0 3200.0 12380.0 2400.0 3600.0 0.0 12380.0 2800.0 13580.0 1600.0 12780.0 13960.0 2800.0 11980.0 13180.0 11580.0 12780.0 2800.0 3600.0 2800.0 15160.0 2800.0 2400.0 12780.0 13580.0 13580.0 13180.0 13580.0 13180.0 14360.0 13960.0 13180.0 12780.0 13180.0 13580.0 13180.0 13580.0 13960.0 1200.0 13960.0 13580.0 13180.0 13180.0 2800.0 13580.0 13580.0 14360.0 800.0 13960.0 2400.0 13960.0 3200.0
0.0 15160.0 4000.0 14360.0 2800.0 13180.0 15160.0 13180.0 2800.0 13960.0 14360.0 3200.0 15560.0 2000.0 14760.0 14760.0 14360.0 14760.0 15160.0 4800.0 13580.0 4000.0 12780.0 12380.0 13180.0 13960.0 14760.0 13180.0 2800.0 13960.0 13180.0 13960.0 2400.0 14760.0 3200.0 2800.0 4400.0 13960.0 14360.0 4800.0 13960.0 13960.0 14760.0 15960.0 13960.0 13180.0 14360.0 2800.0 14360.0 13580.0 13580.0 13580.0 14360.0 13960.0 13580.0 0.0 14760.0 3600.0 13960.0 13960.0 14760.0 13580.0 13180.0 14760.0 13180.0 3200.0 13580.0 13960.0 15160.0 4000.0 13960.0 14760.0 13960.0 15160.0 14360.0 13580.0 12780.0 3200.0 15160.0 13580.0 2400.0 14760.0 1600.0 14360.0 14360.0 13180.0 3600.0 13580.0 13580.0 2000.0 12380.0 13580.0 13960.0 3600.0 13960.0 14760.0 13580.0 4000.0 13580.0 14360.0 14760.0
0.0 15160.0 13960.0 3200.0 13580.0 13180.0 4400.0 12380.0 12780.0 2800.0 14760.0 13180.0 15560.0 13180.0 12380.0 13960.0 13580.0 12780.0 15160.0 14360.0 13580.0 13580.0 12380.0 13580.0 13580.0 12780.0 13180.0 2400.0 11580.0 14360.0 2000.0 13960.0 13180.0 14360.0 13960.0 12780.0 14360.0 1200.0 13960.0 12780.0 3200.0 13960.0 14360.0 3600.0 14360.0 13180.0 13580.0 12380.0 13580.0 11580.0 2800.0 13580.0 3600.0 2800.0 3200.0 13580.0 0.0 13180.0 2800.0 13960.0 14760.0 3200.0 13180.0 12780.0 12780.0 13180.0 2800.0 4000.0 5200.0 13960.0 2800.0 3200.0 13180.0 14360.0 11580.0 13180.0 12780.0 12780.0 14360.0 13960.0 13580.0 13960.0 12780.0 12780.0 13580.0 13180.0 12780.0 800.0 13960.0 12780.0 12780.0 13960.0 2400.0 13180.0 13180.0 13960.0 2400.0 14760.0 3200.0 13960.0 3600.0
0.0 15160.0 3600.0 13960.0 3600.0 12780.0 13960.0 13580.0 4000.0 13580.0 15560.0 3200.0 15160.0 1600.0 14760.0 14360.0 13580.0 14360.0 15160.0 4400.0 13580.0 4400.0 12380.0 13580.0 13180.0 13580.0 14760.0 14360.0 2400.0 13580.0 13580.0 13960.0 3200.0 14760.0 3200.0 2400.0 3200.0 12780.0 13960.0 4800.0 12380.0 13180.0 15560.0 15160.0 13960.0 13580.0 13960.0 2000.0 13580.0 12380.0 13960.0 13580.0 14360.0 13960.0 13580.0 2000.0 14360.0 0.0 13580.0 13180.0 14760.0 13580.0 12780.0 14360.0 12780.0 2800.0 13960.0 15160.0 15560.0 3600.0 13580.0 14360.0 13580.0 13580.0 14360.0 13180.0 13960.0 2800.0 11980.0 14760.0 3200.0 15160.0 3200.0 13580.0 13180.0 13960.0 3200.0 12380.0 14360.0 3200.0 13580.0 14760.0 13960.0 4000.0 13580.0 15560.0 13960.0 3600.0 13580.0 13180.0 12380.0
0.0 13580.0 13580.0 4000.0 13960.0 13180.0 3600.0 13580.0 13580.0 1600.0 14760.0 12780.0 14760.0 13960.0 14760.0 13180.0 12780.0 13960.0 14360.0 14760.0 14360.0 14360.0 13960.0 12780.0 13960.0 13580.0 13960.0 2800.0 12780.0 13960.0 2400.0 13960.0 11580.0 13180.0 13180.0 13580.0 14760.0 2000.0 13180.0 13580.0 2400.0 13180.0 13960.0 4400.0 13580.0 13580.0 13580.0 13180.0 14760.0 13180.0 3200.0 13960.0 4000.0 3600.0 3600.0 13180.0 3200.0 13180.0 0.0 13580.0 14760.0 1600.0 13180.0 13180.0 13580.0 11580.0 2400.0 3600.0 4800.0 15960.0 1600.0 1600.0 13960.0 12780.0 12380.0 13960.0 13180.0 13180.0 14360.0 14760.0 13960.0 14360.0 13580.0 13180.0 12780.0 13580.0 13960.0 2400.0 14360.0 13180.0 13580.0 11980.0 3200.0 14760.0 13580.0 13960.0 2400.0 13960.0 2400.0 14760.0 2000.0
0.0 14360.0 13960.0 13180.0 13180.0 400.0 12780.0 13580.0 13580.0 13180.0 4000.0 13960.0 4000.0 13180.0 3200.0 13960.0 13180.0 13180.0 14760.0 14760.0 12780.0 13960.0 11980.0 13180.0 1600.0 2000.0 3600.0 13580.0 12780.0 13180.0 13580.0 1600.0 12780.0 13960.0 13180.0 12780.0 12380.0 11980.0 2400.0 13580.0 13580.0 2400.0 4400.0 14360.0 2400.0 12380.0 13580.0 12380.0 2000.0 11580.0 12780.0 13180.0 13960.0 13180.0 12780.0 12780.0 13180.0 13180.0 13180.0 0.0 2400.0 13580.0 12780.0 2400.0 12380.0 12780.0 11980.0 14360.0 13580.0 13580.0 12780.0 13580.0 2400.0 13960.0 2000.0 2000.0 2800.0 12780.0 14360.0 13960.0 13580.0 13960.0 12780.0 3200.0 13580.0 2400.0 13180.0 11580.0 2800.0 13580.0 2400.0 13180.0 13180.0 14360.0 13180.0 14360.0 13180.0 13580.0 12780.0 2800.0 13960.0
0.0 14360.0 14360.0 13960.0 13180.0 1600.0 14760.0 13960.0 13580.0 12780.0 4000.0 13180.0 4000.0 12780.0 4000.0 13180.0 13960.0 14760.0 14360.0 14360.0 12380.0 14760.0 12780.0 13580.0 1600.0 3200.0 4000.0 13580.0 12780.0 13180.0 13180.0 2800.0 13180.0 12780.0 13180.0 13180.0 14360.0 12780.0 3200.0 14760.0 13180.0 2400.0 4400.0 14760.0 2400.0 11980.0 14760.0 13180.0 3200.0 12780.0 12380.0 13960.0 14760.0 12780.0 12780.0 12380.0 13960.0 14360.0 13960.0 2400.0 0.0 13580.0 12380.0 4000.0 13180.0 13580.0 13580.0 14360.0 15160.0 14760.0 13580.0 14360.0 2400.0 14760.0 3600.0 2800.0 2000.0 13960.0 15160.0 13960.0 13580.0 13960.0 13960.0 2400.0 12780.0 3200.0 13180.0 12780.0 3200.0 12380.0 3200.0 13580.0 13580.0 15160.0 13960.0 13580.0 13180.0 13960.0 12780.0 4000.0 13180.0
0.0 14760.0 14360.0 2800.0 13960.0 11980.0 3600.0 13580.0 13180.0 2400.0 15160.0 11580.0 14360.0 13580.0 13960.0 14360.0 13580.0 13960.0 14360.0 14360.0 13580.0 14760.0 13180.0 12380.0 13180.0 13180.0 14760.0 3200.0 13180.0 13960.0 3200.0 13180.0 12380.0 13960.0 13580.0 14360.0 13580.0 2000.0 12780.0 14360.0 3200.0 13580.0 14360.0 3200.0 13960.0 13180.0 13960.0 13960.0 13580.0 12380.0 2800.0 13580.0 4000.0 3200.0 2800.0 11980.0 1600.0 14360.0 1200.0 12780.0 13580.0 0.0 11980.0 12380.0 12780.0 12780.0 2400.0 4400.0 4000.0 15560.0 2800.0 2400.0 13960.0 13580.0 13180.0 13580.0 12780.0 14360.0 15560.0 14760.0 13960.0 14760.0 13580.0 13960.0 13580.0 13960.0 13960.0 1600.0 14360.0 12780.0 13580.0 13180.0 3200.0 14760.0 14760.0 13580.0 3600.0 13580.0 2800.0 13960.0 3200.0
0.0 3600.0 14360.0 12780.0 13180.0 11180.0 13180.0 2000.0 13580.0 13960.0 14360.0 13960.0 13580.0 12780.0 13580.0 3600.0 2800.0 2800.0 4000.0 13580.0 2800.0 14360.0 2000.0 1600.0 12380.0 12780.0 14360.0 13180.0 13180.0 2400.0 13580.0 11980.0 13180.0 3200.0 12780.0 13580.0 13180.0 11980.0 13580.0 14360.0 13580.0 12780.0 14760.0 14360.0 13180.0 1600.0 2800.0 13180.0 13580.0 800.0 12780.0 3200.0 13960.0 13180.0 12380.0 11180.0 13180.0 13960.0 13960.0 11980.0 12780.0 13580.0 0.0 13580.0 2400.0 13180.0 12780.0 14360.0 14360.0 14360.0 13180.0 13580.0 13960.0 3600.0 13180.0 12780.0 12780.0 13580.0 4400.0 3200.0 13180.0 3200.0 12780.0 13960.0 3600.0 13180.0 13180.0 11580.0 13580.0 12780.0 12780.0 2000.0 13180.0 13960.0 3200.0 3600.0 13180.0 12780.0 12780.0 13180.0 14360.0
0.0 14760.0 13960.0 12380.0 14360.0 2000.0 14360.0 13580.0 13580.0 13960.0 4000.0 13180.0 3600.0 13180.0 3600.0 13580.0 12780.0 13180.0 13180.0 13960.0 13180.0 13960.0 13180.0 13180.0 3200.0 1200.0 3200.0 13960.0 12780.0 13180.0 13580.0 3200.0 13580.0 13960.0 13580.0 13180.0 13580.0 13580.0 2800.0 13580.0 13580.0 2800.0 2400.0 13960.0 3200.0 13960.0 13580.0 13180.0 2400.0 12780.0 14360.0 12780.0 13580.0 13180.0 14360.0 13580.0 12780.0 13580.0 13960.0 3200.0 4000.0 12780.0 13580.0 0.0 13580.0 12380.0 11980.0 14760.0 14360.0 14360.0 12780.0 13180.0 2000.0 13580.0 2000.0 1600.0 2800.0 13580.0 14760.0 14360.0 13580.0 14360.0 13180.0 3200.0 13580.0 2800.0 14360.0 13180.0 3200.0 13580.0 2000.0 13960.0 14360.0 14360.0 13960.0 12380.0 13960.0 15160.0 13960.0 2000.0 13580.0
0.0 3600.0 14360.0 14760.0 12380.0 13180.0 14360.0 2000.0 14360.0 11980.0 15160.0 13580.0 15160.0 13180.0 13960.0 3200.0 2800.0 4000.0 3600.0 15160.0 1200.0 14760.0 2800.0 2800.0 13580.0 14360.0 14760.0 14360.0 12780.0 2800.0 12780.0 13960.0 12380.0 3200.0 13580.0 12780.0 14360.0 13580.0 13580.0 14360.0 13580.0 13580.0 14760.0 15160.0 13580.0 3600.0 2800.0 12380.0 11980.0 1200.0 14360.0 1200.0 14760.0 13580.0 13180.0 13180.0 13180.0 13960.0 11980.0 13180.0 14760.0 13180.0 2800.0 13960.0 0.0 12380.0 13580.0 14760.0 15560.0 15160.0 13180.0 13180.0 11980.0 2800.0 13180.0 13960.0 13960.0 12780.0 4400.0 3600.0 13580.0 4000.0 13180.0 13180.0 2000.0 13580.0 14360.0 13580.0 13580.0 13960.0 13960.0 2000.0 13960.0 13960.0 2400.0 3200.0 12780.0 13580.0 13960.0 15160.0 13580.0
0.0 15560.0 2400.0 14360.0 2800.0 12780.0 14760.0 13180.0 2000.0 12380.0 14760.0 2800.0 14760.0 2400.0 13960.0 14760.0 11980.0 13580.0 13580.0 3600.0 13960.0 3200.0 13180.0 13180.0 13580.0 13180.0 13580.0 13580.0 1200.0 14360.0 12780.0 13580.0 2400.0 12380.0 2000.0 2000.0 3600.0 12380.0 13960.0 2000.0 12380.0 12780.0 13580.0 14760.0 13180.0 13180.0 13180.0 2000.0 13960.0 12780.0 13580.0 13960.0 14760.0 13960.0 13960.0 2000.0 13960.0 3600.0 13960.0 13180.0 14360.0 13180.0 12380.0 13580.0 13180.0 0.0 12380.0 13580.0 14760.0 4400.0 13960.0 11580.0 13180.0 11980.0 11980.0 13580.0 13180.0 2000.0 14760.0 14360.0 2800.0 13580.0 2400.0 12380.0 11980.0 13580.0 2400.0 12380.0 13580.0 2000.0 13180.0 13960.0 13180.0 3600.0 13180.0 13960.0 12780.0 3600.0 12780.0 13960.0 11980.0
0.0 15160.0 14360.0 2800.0 13580.0 13180.0 4400.0 13180.0 12780.0 2800.0 13580.0 13580.0 15560.0 12780.0 13960.0 13180.0 12380.0 12380.0 14760.0 14360.0 12780.0 13180.0 12780.0 12380.0 13580.0 11980.0 13180.0 2400.0 11980.0 13180.0 2000.0 13960.0 13180.0 13580.0 13180.0 12380.0 13580.0 2800.0 14360.0 12780.0 2800.0 12780.0 14360.0 3200.0 13180.0 13180.0 13580.0 12380.0 12780.0 13180.0 2800.0 13960.0 2400.0 2800.0 3200.0 13180.0 1600.0 12780.0 3200.0 13960.0 14360.0 2400.0 13180.0 12380.0 13180.0 12380.0 0.0 3600.0 3200.0 14760.0 3200.0 2000.0 13180.0 13180.0 11980.0 11980.0 12780.0 12780.0 13960.0 13960.0 13180.0 13580.0 12780.0 13580.0 13180.0 13180.0 14360.0 2400.0 13580.0 12780.0 12780.0 13960.0 3600.0 14360.0 13180.0 13960.0 2400.0 14760.0 3200.0 13180.0 2400.0
0.0 15560.0 13580.0 1600.0 13960.0 12780.0 4000.0 12780.0 12380.0 3200.0 14360.0 14760.0 14760.0 12380.0 13180.0 14360.0 13960.0 14360.0 14760.0 14760.0 13580.0 14760.0 12380.0 13180.0 13180.0 13580.0 14360.0 3200.0 13180.0 13180.0 3600.0 13960.0 13180.0 13960.0 13960.0 13180.0 13580.0 2000.0 13180.0 13180.0 2800.0 13580.0 14360.0 4000.0 13960.0 13180.0 11980.0 13180.0 13580.0 11180.0 2400.0 13960.0 3600.0 2400.0 2800.0 12780.0 2400.0 13960.0 3200.0 13580.0 14760.0 3600.0 12780.0 14360.0 13180.0 12780.0 2800.0 0.0 4800.0 14360.0 2000.0 2800.0 13960.0 13580.0 13580.0 13180.0 13180.0 13180.0 11980.0 13580.0 12780.0 14760.0 12380.0 13960.0 13580.0 12780.0 14360.0 1600.0 13960.0 13180.0 13580.0 13960.0 3200.0 13960.0 13580.0 14360.0 3200.0 14360.0 2800.0 12780.0 3200.0
0.0 14360.0 13960.0 3200.0 13580.0 12380.0 2800.0 12780.0 11580.0 400.0 15160.0 13180.0 14360.0 13580.0 12780.0 13580.0 13180.0 12780.0 14360.0 14360.0 13180.0 13180.0 12780.0 13180.0 12780.0 13180.0 14760.0 3200.0 12780.0 12780.0 800.0 13180.0 11980.0 11580.0 13580.0 13180.0 13580.0 2000.0 13580.0 13960.0 1200.0 12780.0 14360.0 3200.0 13580.0 12780.0 13580.0 13180.0 13960.0 12380.0 2000.0 13960.0 3600.0 2000.0 2400.0 12380.0 2000.0 13180.0 800.0 12780.0 11980.0 2000.0 11980.0 12780.0 13580.0 11980.0 2800.0 4000.0 0.0 14360.0 2400.0 2000.0 13960.0 13180.0 13180.0 13180.0 12380.0 13580.0 12780.0 14360.0 13180.0 12780.0 13580.0 13580.0 13180.0 13960.0 13580.0 1200.0 13960.0 12380.0 13580.0 12780.0 2800.0 13960.0 13180.0 12780.0 1200.0 12780.0 2400.0 14360.0 800.0
0.0 13960.0 2800.0 13580.0 2400.0 13180.0 14360.0 13580.0 400.0 12380.0 14760.0 2000.0 14760.0 2400.0 12780.0 14360.0 12780.0 11980.0 13180.0 3200.0 13180.0 2400.0 12380.0 13180.0 13580.0 13180.0 13580.0 13580.0 2800.0 13960.0 13180.0 13580.0 800.0 13580.0 2800.0 2400.0 3200.0 13580.0 13180.0 3600.0 13180.0 13580.0 14360.0 14360.0 13580.0 13960.0 13580.0 2000.0 13580.0 13180.0 12780.0 13580.0 14360.0 13180.0 13960.0 2400.0 12780.0 2000.0 13580.0 13960.0 14360.0 12380.0 13180.0 12380.0 12780.0 2000.0 13180.0 14760.0 15160.0 0.0 12780.0 13580.0 13580.0 13960.0 13180.0 13180.0 11180.0 1600.0 13960.0 14360.0 2000.0 13180.0 2400.0 13960.0 13580.0 13580.0 3600.0 13180.0 13180.0 400.0 13180.0 12380.0 14360.0 4000.0 13180.0 13580.0 13580.0 3600.0 13960.0 13960.0 13580.0
0.0 14360.0 11980.0 3600.0 12380.0 12780.0 4000.0 12380.0 12780.0 2000.0 13580.0 13180.0 13180.0 12380.0 13960.0 13960.0 12380.0 13960.0 13960.0 14360.0 13580.0 13960.0 12780.0 11180.0 12380.0 13180.0 13580.0 1200.0 11980.0 12380.0 2000.0 13580.0 12380.0 12380.0 13180.0 12780.0 14360.0 1600.0 11580.0 13180.0 1600.0 13180.0 13580.0 4000.0 13180.0 12380.0 13180.0 12780.0 13960.0 12780.0 1600.0 12780.0 2800.0 2400.0 2000.0 12780.0 3200.0 13960.0 2800.0 13180.0 14360.0 1600.0 12780.0 13580.0 13180.0 11180.0 2000.0 2800.0 4400.0 14360.0 0.0 800.0 13180.0 11980.0 11980.0 13180.0 11980.0 12780.0 14760.0 13960.0 13180.0 13580.0 13180.0 12380.0 11980.0 11980.0 13180.0 2000.0 13960.0 11580.0 13180.0 12780.0 2000.0 13180.0 13180.0 13960.0 2000.0 14360.0 2000.0 13960.0 1600.0
0.0 15160.0 14360.0 3600.0 12780.0 12780.0 4000.0 13180.0 13180.0 2800.0 13960.0 13180.0 15160.0 13180.0 14360.0 13960.0 11580.0 13180.0 13960.0 13960.0 13180.0 13960.0 13180.0 13180.0 13960.0 12780.0 13960.0 2800.0 12780.0 13580.0 2000.0 13580.0 13580.0 13960.0 12380.0 12380.0 13580.0 800.0 13960.0 13580.0 1600.0 12380.0 12780.0 3600.0 12380.0 12380.0 12380.0 11980.0 13580.0 12780.0 2000.0 13180.0 3200.0 2400.0 2800.0 12780.0 2400.0 13580.0 2400.0 13180.0 14360.0 2400.0 12780.0 13180.0 12380.0 13180.0 1200.0 2000.0 3600.0 15160.0 2800.0 0.0 12780.0 11180.0 12780.0 12780.0 13180.0 11980.0 13960.0 13580.0 13180.0 13580.0 13580.0 12780.0 12380.0 12780.0 13960.0 2000.0 13180.0 13180.0 13180.0 13580.0 2000.0 13960.0 12780.0 14360.0 2000.0 14360.0 3200.0 13180.0 1600.0
0.0 15160.0 14360.0 13960.0 13180.0 2800.0 15160.0 13180.0 13580.0 13960.0 3600.0 14360.0 4400.0 13180.0 2800.0 13580.0 13960.0 13580.0 14360.0 14760.0 12380.0 14360.0 13180.0 14360.0 2000.0 3200.0 3600.0 13960.0 11580.0 13580.0 13580.0 2800.0 13180.0 13580.0 13180.0 11980.0 13580.0 13180.0 3200.0 13580.0 13180.0 2400.0 3600.0 13960.0 2800.0 13960.0 12780.0 11580.0 1600.0 12780.0 14360.0 14360.0 13960.0 12780.0 13180.0 13580.0 11980.0 13960.0 13960.0 2800.0 3600.0 13580.0 13180.0 2800.0 13580.0 12780.0 13580.0 14360.0 15160.0 15160.0 13960.0 13580.0 0.0 13960.0 2000.0 3200.0 2000.0 11980.0 15160.0 13960.0 13580.0 14760.0 12780.0 2400.0 12780.0 2000.0 13580.0 12780.0 2000.0 12780.0 2000.0 13580.0 13960.0 13960.0 12380.0 14760.0 13580.0 15160.0 13180.0 3600.0 13960.0
0.0 4400.0 13960.0 13580.0 12780.0 12380.0 14360.0 2000.0 13180.0 13180.0 13960.0 12780.0 14760.0 12780.0 14360.0 2800.0 400.0 2000.0 3200.0 13580.0 2000.0 13580.0 2400.0 2000.0 13580.0 12380.0 13580.0 13580.0 12380.0 2800.0 13180.0 13580.0 13180.0 3200.0 11980.0 11980.0 13180.0 12780.0 13580.0 13180.0 11980.0 11980.0 13960.0 13960.0 11980.0 2400.0 1200.0 11580.0 13180.0 1600.0 13580.0 2400.0 13580.0 13180.0 13180.0 12380.0 12780.0 13180.0 12780.0 12780.0 13960.0 13580.0 1600.0 12780.0 1200.0 12780.0 11580.0 12380.0 13960.0 14760.0 13180.0 13180.0 12380.0 0.0 12380.0 12380.0 12780.0 11580.0 2800.0 3600.0 12780.0 2400.0 13180.0 13580.0 2800.0 12380.0 13580.0 12380.0 12780.0 12780.0 13180.0 3200.0 13580.0 13580.0 1600.0 3600.0 12380.0 13960.0 13580.0 13580.0 11980.0
0.0 14360.0 14360.0 13960.0 12780.0 2000.0 14760.0 12780.0 11980.0 13180.0 3600.0 12780.0 4400.0 12380.0 2400.0 13580.0 13580.0 14360.0 14360.0 14760.0 13180.0 14760.0 12380.0 13960.0 2400.0 3200.0 2000.0 12380.0 11180.0 13960.0 11980.0 2800.0 12780.0 13580.0 13180.0 11980.0 13580.0 13580.0 3200.0 11980.0 13180.0 2400.0 2800.0 15160.0 3200.0 12780.0 13180.0 11580.0 2800.0 13180.0 13180.0 13180.0 13960.0 13180.0 13180.0 12780.0 13180.0 13960.0 13180.0 2800.0 3600.0 13180.0 12780.0 3600.0 12780.0 12780.0 13180.0 13960.0 15560.0 14360.0 13580.0 13180.0 1600.0 13580.0 0.0 2400.0 1200.0 11980.0 14760.0 13180.0 12780.0 14360.0 12380.0 2800.0 13180.0 2000.0 13960.0 13180.0 2400.0 11980.0 1200.0 13180.0 13580.0 13580.0 12380.0 14360.0 12380.0 14360.0 13180.0 3600.0 13960.0
0.0 14760.0 13960.0 13580.0 13580.0 1600.0 14360.0 12380.0 13580.0 13180.0 3200.0 12780.0 4000.0 11980.0 4000.0 12380.0 11980.0 13580.0 13960.0 14360.0 11980.0 14360.0 11980.0 13180.0 2000.0 2400.0 2000.0 13960.0 12780.0 12380.0 12380.0 2800.0 12780.0 14360.0 12780.0 12780.0 12780.0 12780.0 2800.0 13960.0 12780.0 2000.0 3200.0 14760.0 2000.0 13180.0 12780.0 12780.0 1200.0 12780.0 13580.0 13180.0 12380.0 12380.0 13180.0 12380.0 13580.0 13180.0 13180.0 2400.0 3600.0 11980.0 12380.0 2400.0 12380.0 13180.0 12380.0 13180.0 14760.0 13960.0 13180.0 13180.0 2400.0 13580.0 2400.0 0.0 1600.0 12780.0 14360.0 12780.0 12380.0 13960.0 11580.0 2000.0 12780.0 1200.0 13580.0 12780.0 2000.0 12780.0 800.0 13180.0 13180.0 13180.0 13180.0 13960.0 12780.0 13960.0 13180.0 1200.0 12780.0
0.0 13580.0 13180.0 13580.0 13580.0 2400.0 14360.0 13580.0 13960.0 12380.0 4000.0 12780.0 4000.0 13180.0 4000.0 13960.0 12380.0 13960.0 15160.0 14760.0 13180.0 14760.0 11980.0 12780.0 3200.0 2800.0 2800.0 13580.0 13180.0 13960.0 12780.0 3600.0 11580.0 13180.0 13180.0 12780.0 14360.0 13580.0 2000.0 14360.0 12780.0 2400.0 4000.0 15160.0 2800.0 13580.0 13580.0 12380.0 2800.0 13180.0 13960.0 13180.0 13960.0 13580.0 13960.0 13180.0 13580.0 13180.0 13180.0 2800.0 4000.0 11980.0 13180.0 2400.0 12380.0 12380.0 12780.0 15160.0 15160.0 13580.0 12380.0 13180.0 2400.0 13580.0 2800.0 2000.0 0.0 12780.0 14360.0 14360.0 12780.0 14360.0 13180.0 3200.0 13580.0 2800.0 14360.0 13180.0 3200.0 11180.0 2400.0 11980.0 13960.0 14360.0 13180.0 13960.0 13180.0 13960.0 13960.0 2800.0 13180.0
0.0 15160.0 3600.0 15160.0 1200.0 13180.0 15560.0 13580.0 2800.0 13580.0 15160.0 3200.0 14760.0 3200.0 14360.0 15160.0 13960.0 13960.0 14360.0 4000.0 11980.0 4000.0 13960.0 13180.0 14360.0 14360.0 13180.0 14360.0 3200.0 13180.0 13180.0 14360.0 2000.0 14360.0 2000.0 2800.0 1600.0 13580.0 13580.0 4000.0 13180.0 13180.0 15160.0 14760.0 13180.0 13180.0 14360.0 2400.0 13180.0 13180.0 13580.0 13960.0 12780.0 13960.0 12780.0 2800.0 14760.0 4000.0 13960.0 13580.0 15160.0 13580.0 13180.0 13960.0 13180.0 2400.0 13960.0 15560.0 15160.0 5200.0 13180.0 13580.0 13960.0 13960.0 13960.0 14360.0 13180.0 0.0 15560.0 15160.0 3600.0 14360.0 4000.0 13180.0 12780.0 13580.0 2000.0 13180.0 11980.0 2800.0 14760.0 13580.0 12780.0 4000.0 13960.0 15160.0 13180.0 4400.0 12780.0 14760.0 13960.0
0.0 4800.0 14760.0 14360.0 13180.0 12780.0 15160.0 2400.0 13580.0 13960.0 14360.0 14360.0 15560.0 12780.0 13580.0 3200.0 2000.0 2800.0 4400.0 15160.0 2000.0 13960.0 2000.0 2800.0 13960.0 12780.0 14360.0 13960.0 13580.0 3600.0 13960.0 13960.0 13580.0 3600.0 13580.0 13580.0 14760.0 11980.0 13580.0 14760.0 13580.0 13580.0 14760.0 13960.0 13580.0 2000.0 2800.0 13180.0 12780.0 800.0 13180.0 3600.0 13960.0 13580.0 13960.0 13180.0 13180.0 13960.0 13960.0 13960.0 14760.0 13960.0 2400.0 13180.0 2800.0 13180.0 13180.0 13960.0 15560.0 14760.0 13960.0 13580.0 13960.0 2000.0 13960.0 12780.0 13580.0 13580.0 0.0 3200.0 13180.0 4000.0 12780.0 13580.0 2800.0 13180.0 14360.0 11580.0 13580.0 13580.0 13580.0 3200.0 13180.0 14360.0 3200.0 4000.0 13580.0 15160.0 13960.0 13960.0 13580.0
0.0 4000.0 13960.0 12780.0 13960.0 12780.0 12380.0 2400.0 12780.0 13180.0 14760.0 13580.0 14760.0 12780.0 13580.0 3600.0 2800.0 1600.0 3200.0 14360.0 800.0 13180.0 2000.0 2400.0 13960.0 13580.0 12780.0 13580.0 13580.0 2800.0 12780.0 13580.0 12380.0 3200.0 13960.0 12380.0 13580.0 13180.0 13580.0 13580.0 12380.0 12780.0 14760.0 14360.0 13580.0 400.0 1600.0 12780.0 13180.0 800.0 11580.0 3600.0 12380.0 12380.0 13960.0 12780.0 13580.0 13180.0 13960.0 13180.0 14360.0 13180.0 2000.0 12380.0 2800.0 12380.0 13180.0 11580.0 14360.0 13960.0 13180.0 13180.0 13180.0 2800.0 13580.0 13580.0 13580.0 13180.0 2000.0 0.0 12780.0 2800.0 12780.0 12380.0 1600.0 13180.0 12380.0 12780.0 11580.0 13580.0 13960.0 2000.0 14360.0 14360.0 2800.0 2400.0 13180.0 14360.0 13960.0 13180.0 13180.0
0.0 15960.0 4400.0 14360.0 2800.0 13960.0 15560.0 13580.0 4000.0 14360.0 14760.0 3600.0 14760.0 3200.0 13580.0 13960.0 14360.0 14360.0 14760.0 4400.0 13580.0 3200.0 13960.0 14760.0 13580.0 13580.0 14760.0 14360.0 2800.0 14360.0 12380.0 13960.0 2800.0 13960.0 3200.0 1600.0 3200.0 13180.0 14360.0 3200.0 13580.0 13580.0 15160.0 13960.0 14360.0 13580.0 12380.0 1200.0 13960.0 12780.0 13960.0 14760.0 14360.0 13180.0 13960.0 2800.0 13580.0 4000.0 15160.0 14360.0 14760.0 14360.0 13960.0 14360.0 14360.0 2400.0 13960.0 15560.0 15960.0 5200.0 14760.0 13960.0 12780.0 14360.0 13960.0 13180.0 13580.0 1600.0 13180.0 15160.0 0.0 12780.0 3200.0 12380.0 14360.0 13180.0 3200.0 12780.0 13580.0 3200.0 13960.0 14360.0 13960.0 3600.0 12780.0 15160.0 12780.0 4800.0 13180.0 14360.0 14360.0
0.0 4400.0 14360.0 15160.0 14360.0 13580.0 15160.0 3600.0 15160.0 13580.0 15960.0 13960.0 13180.0 14360.0 15560.0 3600.0 3200.0 4400.0 5600.0 15560.0 3600.0 15960.0 3600.0 2400.0 14360.0 13180.0 13180.0 15160.0 13180.0 4000.0 14360.0 14360.0 12780.0 4000.0 14760.0 13580.0 13960.0 13580.0 14360.0 14760.0 13180.0 13960.0 14760.0 12380.0 15160.0 3200.0 4400.0 13960.0 13960.0 2800.0 14360.0 3600.0 12780.0 14760.0 14760.0 13580.0 13960.0 14360.0 14760.0 13960.0 15160.0 13580.0 2800.0 14760.0 3200.0 13580.0 13960.0 15560.0 15960.0 15960.0 13960.0 13580.0 13580.0 3600.0 14360.0 13580.0 13180.0 14360.0 4800.0 4800.0 14360.0 0.0 14360.0 15160.0 4000.0 14760.0 11980.0 13180.0 15160.0 13580.0 14360.0 2800.0 14760.0 15160.0 4000.0 4800.0 13180.0 15160.0 11580.0 14760.0 13180.0
0.0 14360.0 2400.0 12780.0 2400.0 11580.0 13580.0 11580.0 2400.0 12780.0 13180.0 2800.0 13960.0 400.0 13960.0 13180.0 13180.0 13180.0 14760.0 3600.0 12780.0 3600.0 11180.0 12780.0 11980.0 12780.0 13580.0 13180.0 1200.0 12780.0 13180.0 12780.0 1200.0 13960.0 2000.0 1200.0 2800.0 12380.0 12780.0 3200.0 13180.0 12780.0 13180.0 14360.0 12780.0 12380.0 13180.0 1200.0 12780.0 11980.0 12780.0 12780.0 13180.0 13180.0 12380.0 800.0 13580.0 2000.0 12380.0 12380.0 13180.0 12780.0 11580.0 13180.0 11580.0 1600.0 11980.0 12780.0 14760.0 2400.0 12380.0 13180.0 12780.0 13580.0 12780.0 11980.0 11580.0 1600.0 13580.0 12380.0 800.0 13180.0 0.0 12780.0 13180.0 11580.0 2400.0 11980.0 12780.0 1200.0 12780.0 12780.0 12380.0 2000.0 12380.0 13180.0 13180.0 2400.0 12380.0 13180.0 13580.0
0.0 14760.0 14760.0 15160.0 13180.0 2400.0 14360.0 13960.0 14360.0 13580.0 4800.0 13960.0 4000.0 13580.0 4400.0 13960.0 13960.0 14760.0 15160.0 13960.0 13180.0 12380.0 13580.0 13960.0 1600.0 3600.0 4000.0 13180.0 13960.0 13180.0 11180.0 3600.0 12780.0 14360.0 13180.0 14360.0 13580.0 13580.0 3600.0 12780.0 13580.0 1600.0 4400.0 13960.0 2400.0 14360.0 14760.0 13960.0 2400.0 13180.0 14760.0 13580.0 13960.0 14360.0 12780.0 13960.0 14760.0 14760.0 13960.0 2400.0 4400.0 13580.0 13580.0 4000.0 13180.0 13180.0 13960.0 15160.0 14760.0 15560.0 13580.0 13580.0 3200.0 13960.0 3200.0 2000.0 2800.0 14360.0 15160.0 14760.0 14360.0 12780.0 13580.0 0.0 13960.0 3200.0 13180.0 13180.0 4000.0 13180.0 2800.0 13580.0 13960.0 15160.0 14360.0 14360.0 11580.0 14360.0 12780.0 3200.0 14360.0
0.0 4400.0 15160.0 14360.0 13580.0 12780.0 14760.0 3600.0 13960.0 13960.0 15560.0 12380.0 15160.0 13580.0 15160.0 3600.0 3600.0 4000.0 2000.0 13580.0 2800.0 12780.0 3200.0 2800.0 12780.0 14360.0 14760.0 13580.0 12380.0 2800.0 11580.0 13180.0 13180.0 3200.0 13180.0 13180.0 13960.0 13580.0 13960.0 13180.0 13580.0 12780.0 14760.0 14360.0 13580.0 1600.0 3600.0 13180.0 13580.0 2800.0 12780.0 3200.0 14360.0 13180.0 13180.0 13180.0 13580.0 15160.0 13180.0 13180.0 13960.0 11980.0 2000.0 13180.0 2800.0 13180.0 13960.0 14760.0 14760.0 15560.0 13960.0 13960.0 13960.0 3600.0 14360.0 13180.0 13580.0 13580.0 4400.0 3600.0 13960.0 2400.0 13580.0 11180.0 0.0 13960.0 13580.0 13180.0 14360.0 13180.0 13580.0 3200.0 13960.0 14760.0 2800.0 3600.0 11980.0 14360.0 13180.0 13960.0 13960.0
0.0 13960.0 12780.0 13180.0 13180.0 2800.0 14360.0 11180.0 13180.0 12380.0 2000.0 12780.0 4000.0 11580.0 4000.0 12780.0 12780.0 12780.0 15160.0 14760.0 13180.0 13580.0 11580.0 13180.0 1600.0 1600.0 3200.0 13580.0 12380.0 13180.0 13180.0 2800.0 11580.0 13580.0 13180.0 12380.0 13960.0 13580.0 2400.0 13580.0 13180.0 2400.0 2000.0 14360.0 2400.0 13960.0 13180.0 11980.0 2400.0 12780.0 13960.0 12780.0 13580.0 13580.0 12780.0 13580.0 13180.0 13180.0 12780.0 2400.0 3600.0 12380.0 13180.0 2400.0 11980.0 12780.0 11580.0 14760.0 14360.0 13580.0 12780.0 13180.0 2000.0 13580.0 1600.0 1600.0 400.0 12780.0 13960.0 14360.0 12780.0 13960.0 13180.0 3200.0 13580.0 0.0 12780.0 13180.0 2800.0 11580.0 2000.0 12380.0 13180.0 11980.0 12780.0 12780.0 13180.0 13580.0 12780.0 2400.0 13580.0
0.0 15560.0 4800.0 15560.0 3600.0 14360.0 15160.0 14360.0 4800.0 14360.0 15960.0 4000.0 14360.0 3200.0 15960.0 14760.0 13960.0 15560.0 15560.0 4800.0 13960.0 5600.0 13960.0 14760.0 14760.0 15160.0 13180.0 15560.0 3600.0 14760.0 14760.0 15560.0 2800.0 13960.0 4000.0 4000.0 4400.0 14360.0 14760.0 5200.0 14760.0 13960.0 13580.0 15160.0 15160.0 15160.0 15160.0 3600.0 13960.0 14760.0 13960.0 15560.0 14760.0 14360.0 15160.0 4000.0 14360.0 4800.0 15160.0 15160.0 16360.0 14360.0 14360.0 14360.0 14760.0 4000.0 14360.0 15560.0 16360.0 5200.0 14360.0 13580.0 13580.0 13960.0 14760.0 13580.0 14760.0 2800.0 15560.0 15160.0 4000.0 15560.0 3200.0 15160.0 14760.0 14360.0 0.0 14760.0 14360.0 4000.0 13960.0 13960.0 15560.0 4800.0 14760.0 15160.0 12380.0 5200.0 15160.0 14360.0 14360.0
0.0 15160.0 14360.0 3600.0 13180.0 12380.0 4000.0 12780.0 13180.0 2800.0 13960.0 13960.0 15160.0 12380.0 13180.0 13580.0 13180.0 13180.0 14760.0 15160.0 13180.0 13580.0 12380.0 13180.0 13580.0 12380.0 13960.0 2800.0 13180.0 13580.0 3200.0 13580.0 13580.0 13960.0 13580.0 13180.0 13960.0 800.0 13180.0 14360.0 2800.0 13580.0 14360.0 3200.0 13960.0 12380.0 13180.0 13180.0 13180.0 11180.0 2000.0 13960.0 2800.0 2400.0 3200.0 13180.0 2000.0 13580.0 3200.0 13580.0 13960.0 2800.0 12780.0 13180.0 13180.0 12780.0 2400.0 3200.0 4400.0 14360.0 2800.0 2400.0 13960.0 13580.0 13580.0 12380.0 13180.0 13180.0 14760.0 13580.0 12780.0 13960.0 12380.0 13580.0 13580.0 12780.0 13960.0 0.0 13960.0 13180.0 13180.0 13960.0 2000.0 13960.0 13580.0 13960.0 3200.0 14360.0 3200.0 13580.0 3200.0
0.0 13960.0 13960.0 14360.0 13580.0 2400.0 14360.0 13580.0 13960.0 12780.0 4400.0 13180.0 4000.0 13960.0 3200.0 14360.0 13180.0 14760.0 13580.0 14360.0 11180.0 13580.0 13960.0 13180.0 2800.0 3600.0 1600.0 13960.0 13180.0 13960.0 12380.0 3200.0 11980.0 13580.0 13580.0 12380.0 14360.0 13180.0 2800.0 13580.0 12780.0 2800.0 4000.0 13960.0 2400.0 13180.0 13580.0 12380.0 2400.0 13180.0 13580.0 13960.0 11980.0 13580.0 13580.0 13180.0 13960.0 13580.0 13180.0 2800.0 4000.0 12780.0 13180.0 3200.0 13180.0 11980.0 13180.0 14760.0 15560.0 15560.0 12780.0 12780.0 2400.0 13180.0 2400.0 3200.0 2800.0 12780.0 14760.0 14360.0 13960.0 13960.0 13960.0 1200.0 11580.0 2800.0 11980.0 13180.0 0.0 13580.0 3200.0 12380.0 14360.0 14760.0 12780.0 14360.0 12780.0 14360.0 13580.0 2800.0 13180.0
0.0 13580.0 2800.0 13580.0 3200.0 13180.0 14360.0 13580.0 3600.0 12380.0 14760.0 2000.0 14760.0 2400.0 14760.0 13960.0 12780.0 14360.0 15160.0 4400.0 13580.0 4400.0 11980.0 12780.0 13960.0 13960.0 13580.0 13580.0 2800.0 13960.0 13180.0 14360.0 800.0 13180.0 2800.0 2000.0 4000.0 13580.0 13180.0 4000.0 13180.0 13180.0 15160.0 15560.0 13580.0 13580.0 13580.0 2000.0 13580.0 13180.0 13960.0 13180.0 13960.0 13960.0 14360.0 2400.0 13960.0 2800.0 13180.0 13580.0 15160.0 12380.0 13180.0 13580.0 12380.0 2000.0 13180.0 15160.0 15560.0 3200.0 12380.0 13180.0 13180.0 13580.0 13580.0 12780.0 11180.0 2400.0 14360.0 14760.0 2000.0 14360.0 2800.0 13960.0 13580.0 13580.0 3600.0 13180.0 13960.0 0.0 13580.0 12380.0 13960.0 4000.0 13180.0 13960.0 13180.0 3600.0 14360.0 13960.0 13180.0
0.0 14360.0 13180.0 12780.0 13180.0 800.0 13580.0 11580.0 13180.0 12780.0 2400.0 13580.0 3200.0 11180.0 3600.0 13180.0 13180.0 13580.0 14360.0 14360.0 11980.0 14360.0 11180.0 12780.0 1600.0 2400.0 2800.0 13180.0 11980.0 13180.0 11980.0 2000.0 12380.0 13960.0 12780.0 12380.0 13580.0 12380.0 2400.0 13960.0 13580.0 2000.0 2400.0 14760.0 2400.0 12780.0 13180.0 11980.0 2000.0 12380.0 13180.0 12780.0 13180.0 13180.0 12380.0 11580.0 13580.0 12780.0 12780.0 1600.0 2800.0 13180.0 11580.0 2400.0 11980.0 12380.0 12380.0 12780.0 14760.0 13180.0 12380.0 13180.0 2000.0 13580.0 2400.0 1200.0 1200.0 12380.0 13960.0 12380.0 11580.0 13580.0 11180.0 2400.0 12780.0 800.0 13180.0 11980.0 1200.0 11980.0 0.0 12780.0 12780.0 12780.0 12380.0 13180.0 11980.0 13180.0 12380.0 2400.0 13580.0
0.0 2000.0 12380.0 14360.0 12780.0 12780.0 13180.0 1600.0 13180.0 12380.0 13580.0 13180.0 13580.0 12780.0 14360.0 2800.0 800.0 2400.0 3600.0 13960.0 2400.0 13960.0 2000.0 800.0 12780.0 12780.0 13960.0 12380.0 12380.0 2000.0 12780.0 13960.0 12380.0 1200.0 12380.0 13180.0 13580.0 12780.0 11980.0 13180.0 12380.0 12380.0 13960.0 14360.0 12380.0 1600.0 1600.0 13180.0 13580.0 2000.0 12780.0 2400.0 13960.0 13180.0 13180.0 12780.0 13180.0 12380.0 13580.0 13180.0 14760.0 12780.0 2000.0 13180.0 2400.0 11580.0 11980.0 13960.0 14360.0 14760.0 11180.0 11980.0 13180.0 1600.0 12380.0 12780.0 11980.0 12380.0 2800.0 3600.0 13180.0 2800.0 13580.0 12780.0 1600.0 12380.0 13180.0 12780.0 13180.0 11980.0 13580.0 0.0 13180.0 13580.0 2800.0 3200.0 12780.0 13960.0 13180.0 13580.0 12380.0
0.0 14760.0 14360.0 4000.0 12780.0 13180.0 4000.0 13180.0 11580.0 2800.0 14760.0 13180.0 15160.0 13580.0 12780.0 15160.0 13180.0 14360.0 13960.0 13580.0 13960.0 15160.0 13180.0 11580.0 12780.0 13580.0 13960.0 3200.0 13180.0 13580.0 3200.0 13960.0 12780.0 13580.0 11980.0 13580.0 13960.0 2800.0 12380.0 13960.0 2800.0 11980.0 14360.0 2400.0 13580.0 12780.0 13960.0 13580.0 14360.0 13180.0 2400.0 14360.0 4000.0 2800.0 2400.0 13180.0 2000.0 14360.0 3200.0 12780.0 14760.0 2400.0 13580.0 13960.0 13580.0 11980.0 2800.0 4000.0 3600.0 14360.0 2800.0 2000.0 14360.0 13180.0 13180.0 13580.0 12380.0 13960.0 13960.0 14360.0 12780.0 14360.0 14360.0 13580.0 13180.0 14360.0 13580.0 2800.0 13960.0 11980.0 13960.0 13180.0 0.0 14360.0 14360.0 14360.0 3200.0 15160.0 2400.0 14760.0 2400.0
0.0 15960.0 4800.0 15160.0 3600.0 13960.0 15560.0 13960.0 2400.0 13960.0 15560.0 3200.0 15160.0 2800.0 14360.0 15160.0 14760.0 15560.0 15960.0 5200.0 14360.0 4000.0 13580.0 15160.0 14360.0 14760.0 13580.0 13960.0 1600.0 14360.0 13180.0 14760.0 3200.0 13580.0 4000.0 2400.0 4400.0 13960.0 15160.0 2400.0 13960.0 14360.0 14360.0 15160.0 15160.0 13960.0 13580.0 2400.0 14760.0 13580.0 14360.0 14360.0 15160.0 14360.0 14360.0 3600.0 14360.0 4400.0 14760.0 14760.0 15560.0 14760.0 13960.0 14760.0 14360.0 3600.0 14360.0 15160.0 16360.0 4800.0 14760.0 14360.0 13580.0 14760.0 12380.0 13960.0 13580.0 2800.0 13960.0 14760.0 1200.0 13960.0 2800.0 13180.0 14360.0 13960.0 800.0 13580.0 14360.0 2400.0 13180.0 14360.0 15160.0 0.0 13580.0 15560.0 12780.0 4800.0 14360.0 15160.0 13960.0
0.0 4000.0 14760.0 13580.0 14360.0 14360.0 15560.0 3600.0 13960.0 13180.0 15960.0 13960.0 15560.0 12380.0 14360.0 4000.0 2800.0 4000.0 5200.0 14760.0 3200.0 15160.0 1600.0 3200.0 13180.0 14360.0 14360.0 14360.0 13180.0 3600.0 13960.0 14760.0 12780.0 3600.0 13960.0 13180.0 14760.0 13960.0 12780.0 13960.0 13960.0 13960.0 15560.0 15960.0 13960.0 4000.0 3600.0 13180.0 13960.0 2800.0 15160.0 3200.0 14760.0 14360.0 13580.0 14360.0 12780.0 13580.0 13580.0 13960.0 15560.0 13180.0 3600.0 14360.0 2400.0 13580.0 13960.0 15160.0 16360.0 14360.0 13580.0 14360.0 13960.0 2800.0 13180.0 13180.0 12380.0 13580.0 3600.0 4400.0 13580.0 4400.0 13960.0 14760.0 4000.0 14360.0 14360.0 13580.0 14360.0 11980.0 13960.0 2400.0 13580.0 15160.0 0.0 4400.0 14360.0 14760.0 13580.0 13960.0 14360.0
0.0 5200.0 15160.0 14760.0 15160.0 13580.0 13180.0 4000.0 13580.0 14760.0 16360.0 15160.0 15560.0 14360.0 14360.0 4400.0 3600.0 3600.0 4400.0 14360.0 2800.0 15160.0 3600.0 3200.0 14760.0 13580.0 14760.0 15160.0 13960.0 4000.0 14760.0 14760.0 13580.0 4800.0 15160.0 15160.0 13580.0 14360.0 14760.0 15160.0 13960.0 12780.0 15160.0 12380.0 15160.0 4000.0 3600.0 14760.0 13960.0 3600.0 14760.0 4000.0 13960.0 14760.0 15160.0 14360.0 14360.0 14760.0 15560.0 14760.0 15560.0 14360.0 3600.0 14360.0 4000.0 13960.0 13960.0 15560.0 16360.0 13180.0 13960.0 14760.0 15160.0 3600.0 13960.0 13580.0 13180.0 14360.0 4800.0 4800.0 14760.0 4800.0 14360.0 14360.0 3600.0 14760.0 15560.0 13960.0 14760.0 13180.0 14360.0 3600.0 15560.0 15560.0 4400.0 0.0 15160.0 15960.0 15160.0 14360.0 13960.0
0.0 14360.0 14360.0 4000.0 14760.0 13580.0 4400.0 13580.0 14360.0 2400.0 15160.0 13580.0 15560.0 13180.0 15560.0 13580.0 13180.0 14760.0 15560.0 14360.0 13180.0 15560.0 13180.0 13580.0 13960.0 14360.0 13960.0 3600.0 13580.0 13580.0 3200.0 14760.0 12380.0 13960.0 13960.0 13960.0 13960.0 3200.0 13580.0 14760.0 3200.0 12780.0 15160.0 3200.0 14360.0 14360.0 14360.0 13580.0 13180.0 13960.0 4000.0 14760.0 2800.0 3200.0 3600.0 13580.0 4000.0 13960.0 3200.0 14360.0 15560.0 2400.0 13580.0 13960.0 13580.0 13180.0 2800.0 4000.0 5200.0 15160.0 2400.0 3200.0 14360.0 13960.0 13580.0 12380.0 13580.0 13960.0 14360.0 14360.0 13580.0 15160.0 13180.0 13960.0 13960.0 13580.0 14760.0 3200.0 13960.0 13960.0 13180.0 12780.0 4000.0 14760.0 13960.0 13960.0 0.0 14760.0 3600.0 13180.0 3200.0
0.0 13580.0 3600.0 13960.0 3600.0 12380.0 11580.0 13960.0 2800.0 13960.0 15560.0 3200.0 13960.0 2800.0 13180.0 14760.0 13960.0 14360.0 14360.0 4400.0 13180.0 4800.0 13580.0 12380.0 13180.0 13960.0 13180.0 13960.0 1600.0 13960.0 13580.0 13180.0 2400.0 15160.0 3200.0 2400.0 3600.0 13180.0 14760.0 2800.0 14360.0 13960.0 14760.0 14760.0 13580.0 13180.0 13180.0 2400.0 13180.0 12780.0 13580.0 14760.0 12780.0 13960.0 13580.0 3200.0 13180.0 3200.0 14360.0 13960.0 13960.0 13580.0 13580.0 14760.0 13960.0 3600.0 14360.0 15160.0 15560.0 4800.0 13960.0 13580.0 13580.0 13960.0 12780.0 13960.0 12780.0 2800.0 15160.0 14760.0 3200.0 14760.0 2800.0 14360.0 13960.0 13960.0 3600.0 12780.0 14360.0 2000.0 13180.0 13960.0 13960.0 4000.0 13580.0 15160.0 13960.0 0.0 13580.0 14360.0 14760.0
0.0 14760.0 13960.0 4800.0 14760.0 13960.0 4400.0 14760.0 14760.0 2400.0 15560.0 13580.0 15160.0 14360.0 15560.0 13580.0 13580.0 15160.0 15960.0 15960.0 14760.0 15960.0 14760.0 13580.0 14760.0 14760.0 13580.0 3600.0 13960.0 14760.0 3200.0 15160.0 12380.0 13960.0 14360.0 14760.0 15560.0 4000.0 13960.0 13960.0 3200.0 14360.0 13960.0 4800.0 14360.0 14360.0 14360.0 14360.0 14760.0 13580.0 3600.0 13580.0 4800.0 4000.0 4400.0 13960.0 4000.0 14360.0 3600.0 14360.0 15960.0 2400.0 13960.0 14360.0 15160.0 13580.0 3200.0 5200.0 4800.0 16360.0 2800.0 3600.0 13960.0 14360.0 13960.0 13960.0 13960.0 13960.0 15160.0 15560.0 15160.0 15560.0 14360.0 14760.0 14360.0 14360.0 11580.0 3200.0 15160.0 13960.0 14360.0 13180.0 4400.0 15560.0 15160.0 15160.0 2000.0 14760.0 0.0 15160.0 3600.0
0.0 14760.0 13180.0 13580.0 13960.0 1200.0 13960.0 12780.0 13960.0 13180.0 3600.0 14360.0 3600.0 13180.0 3600.0 13580.0 13580.0 13960.0 13180.0 13580.0 12380.0 14760.0 13180.0 12780.0 2400.0 2400.0 2800.0 13580.0 13180.0 11180.0 13580.0 2400.0 13180.0 13580.0 13180.0 11580.0 11580.0 12380.0 2000.0 13960.0 11580.0 1200.0 3600.0 13960.0 3200.0 13180.0 13580.0 13180.0 1600.0 11980.0 13580.0 13580.0 14360.0 11580.0 13580.0 11980.0 13580.0 14360.0 13960.0 1600.0 3200.0 13960.0 11980.0 3200.0 13180.0 12380.0 13180.0 13580.0 14760.0 14360.0 12380.0 13180.0 3200.0 13580.0 2400.0 2400.0 2400.0 13180.0 13960.0 13180.0 11980.0 13180.0 13180.0 2800.0 13180.0 2000.0 13960.0 11980.0 2800.0 13180.0 2800.0 13580.0 13580.0 13180.0 13960.0 13960.0 13960.0 13580.0 13580.0 0.0 13580.0
0.0 14760.0 13580.0 2400.0 13580.0 11580.0 2800.0 12380.0 13580.0 2800.0 14360.0 13960.0 13580.0 12780.0 13580.0 13960.0 13180.0 13180.0 14360.0 13580.0 13180.0 13960.0 12380.0 12780.0 12780.0 12380.0 13960.0 2800.0 13580.0 13180.0 1600.0 12380.0 13180.0 13960.0 13180.0 12780.0 13180.0 1200.0 13180.0 14360.0 400.0 11980.0 13960.0 3600.0 13180.0 12780.0 13580.0 12780.0 13180.0 11580.0 2400.0 13580.0 3200.0 2000.0 2000.0 11580.0 2400.0 13580.0 2800.0 11980.0 13180.0 2800.0 11180.0 13180.0 12780.0 12780.0 2000.0 3600.0 3600.0 13960.0 2800.0 2400.0 13580.0 13580.0 13180.0 12780.0 12780.0 13180.0 14760.0 13960.0 12380.0 13960.0 12780.0 13580.0 13580.0 13180.0 13580.0 400.0 13180.0 12780.0 13180.0 13180.0 2400.0 13180.0 13580.0 14360.0 2000.0 13180.0 2400.0 13580.0 0.0
