path	sha256
D:/ccx_work/考虑交付的机器调度/work1/instances/no_outsourcing/data/n020-set01/random/base/zero/m2.dat	ec8951460dbbaee67f6fcffb38b9c895a36c43ddddbc5df458b00784823176e0
D:/ccx_work/考虑交付的机器调度/work1/instances/no_outsourcing/data/n020-set01/random/base/zero/m3.dat	54b4c963c1b09f8d993fdd9ce222c2e5e0e2aa08cc7729a825935c35043b8a1d
D:/ccx_work/考虑交付的机器调度/work1/instances/no_outsourcing/data/n020-set01/random/base/zero/m4.dat	edbe2ed89d33c3f4b6a63c77451135657374604a21bcb5dd5f64c5a9e7474e00
D:/ccx_work/考虑交付的机器调度/work1/instances/no_outsourcing/data/n020-set01/random/base/narrow/m2.dat	ab6f49d8cbe3d98b6f631d4eae1f79c65a7d3b28347624c16f9d824b8013c23f
D:/ccx_work/考虑交付的机器调度/work1/instances/no_outsourcing/data/n020-set01/random/base/narrow/m3.dat	976b8c5b7c7f78cf6dbfeedd8c71c723dfbdb90bec7b90f23bf01e31410d4ed8
D:/ccx_work/考虑交付的机器调度/work1/instances/no_outsourcing/data/n020-set01/random/base/narrow/m4.dat	31831c48fd97b6d9cd7b96acbfb933e1b307395fbfcef771cdfe36927749f843
D:/ccx_work/考虑交付的机器调度/work1/instances/no_outsourcing/data/n020-set01/random/base/wide/m2.dat	85aae5bce061db1ac600d2ab33f47ba6866c0b6214ccd553846b8cc2cb0ec9d3
D:/ccx_work/考虑交付的机器调度/work1/instances/no_outsourcing/data/n020-set01/random/base/wide/m3.dat	daccf1686b27f505326b4156de57343a11644cc599de2db2e64eddd773cc1722
D:/ccx_work/考虑交付的机器调度/work1/instances/no_outsourcing/data/n020-set01/random/base/wide/m4.dat	5896011783a3be6dc3075a4ba683067e8b6940df7a33d8632e975ed551849bbd
D:/ccx_work/考虑交付的机器调度/work1/instances/no_outsourcing/data/n020-set01/random/medium-heterogeneous/zero/m2.dat	c382bf85acc2a7fd3fe891c8cb0c5542c0c8a68ef81e3919b62afebfe8aeb4e0
D:/ccx_work/考虑交付的机器调度/work1/instances/no_outsourcing/data/n020-set01/random/medium-heterogeneous/zero/m3.dat	be8384314d0eb93fed3ce9d6f63fcdad62a2a468521487af38dedbfeee511ce6
D:/ccx_work/考虑交付的机器调度/work1/instances/no_outsourcing/data/n020-set01/random/medium-heterogeneous/zero/m4.dat	30b553481a06760bdeaa2035c73f4232310e38a287b060161d1ec51da2b96685
D:/ccx_work/考虑交付的机器调度/work1/instances/no_outsourcing/data/n020-set01/random/medium-heterogeneous/narrow/m2.dat	87cc8ea1acdce1b85702f8dc1d0de1c5a00729785a9cdc3b499f212f0828c05d
D:/ccx_work/考虑交付的机器调度/work1/instances/no_outsourcing/data/n020-set01/random/medium-heterogeneous/narrow/m3.dat	af5d96d09e1736a798f0695fc5b55ff2c2486f887961f4719207d6c3e930337c
D:/ccx_work/考虑交付的机器调度/work1/instances/no_outsourcing/data/n020-set01/random/medium-heterogeneous/narrow/m4.dat	8bb1965bef3269f9f00d21b1b2163338f042b06811dc94a720e9cd6bb6114eb2
D:/ccx_work/考虑交付的机器调度/work1/instances/no_outsourcing/data/n020-set01/random/medium-heterogeneous/wide/m2.dat	129207a8dc93bee37a11a38bf2b81f8863b7b93f7ca9ad290e68c309cc003e31
D:/ccx_work/考虑交付的机器调度/work1/instances/no_outsourcing/data/n020-set01/random/medium-heterogeneous/wide/m3.dat	215bb4a3e8417914aed4dab4cd68bf16d49b20b828a54bc39207ed17af286bb3
D:/ccx_work/考虑交付的机器调度/work1/instances/no_outsourcing/data/n020-set01/random/medium-heterogeneous/wide/m4.dat	fe86423f6599b8bf8703d60ff5134355bf742b91b6c537f9fa32a10064e068f0
D:/ccx_work/考虑交付的机器调度/work1/instances/no_outsourcing/data/n020-set01/random/high-heterogeneous/zero/m2.dat	8db3c911f8a6feee77083fe3f8c61c0fdced8a82b67e4c3e97d05d318407a331
D:/ccx_work/考虑交付的机器调度/work1/instances/no_outsourcing/data/n020-set01/random/high-heterogeneous/zero/m3.dat	16f1cf905e6d567cc31d7787ae76d63e41cbe995d1c4a3565aefe533859502a9
D:/ccx_work/考虑交付的机器调度/work1/instances/no_outsourcing/data/n020-set01/random/high-heterogeneous/zero/m4.dat	2e5e98302f0b02bed2fd0a11f06fb28b3b58d7aa1ed86b81853ba28bd346f22d
D:/ccx_work/考虑交付的机器调度/work1/instances/no_outsourcing/data/n020-set01/random/high-heterogeneous/narrow/m2.dat	52721009f5007e7a1eaa4ae5b0bbe6c9f8682478d19d8057fa51e06cbaa6cede
D:/ccx_work/考虑交付的机器调度/work1/instances/no_outsourcing/data/n020-set01/random/high-heterogeneous/narrow/m3.dat	b3d53f7c93a82fc383f262e978ede454678e30c90648c796cfcb6dcd43812760
D:/ccx_work/考虑交付的机器调度/work1/instances/no_outsourcing/data/n020-set01/random/high-heterogeneous/narrow/m4.dat	5aceb20be7a82bbc8e73727f2ba287c95918ec913e8fce737fa3703bef11fd44
D:/ccx_work/考虑交付的机器调度/work1/instances/no_outsourcing/data/n020-set01/random/high-heterogeneous/wide/m2.dat	d8bdf664dfd1122a9993360fd83cdf01183a067f6f4746889aaf1344d595e3ce
D:/ccx_work/考虑交付的机器调度/work1/instances/no_outsourcing/data/n020-set01/random/high-heterogeneous/wide/m3.dat	4105143e91aa4e911cc3bbc4b3e79ff0381d6b554f4ed48d01c11bd83c9003d9
D:/ccx_work/考虑交付的机器调度/work1/instances/no_outsourcing/data/n020-set01/random/high-heterogeneous/wide/m4.dat	1c57cb60b06ca65ec0c2bbab78b3a04b8638c10b6b5f932ea50d624d02d803bf
D:/ccx_work/考虑交付的机器调度/work1/instances/no_outsourcing/data/n020-set01/family/base/zero/m2.dat	a4a5d74d3e186a411a12d7f2a9daa1bd8e56a2e373e21dd609f3887a0944337d
D:/ccx_work/考虑交付的机器调度/work1/instances/no_outsourcing/data/n020-set01/family/base/zero/m3.dat	752ab629c5bd8d54babbd882ef5a6b9dbace652099223200828f0f890e470194
D:/ccx_work/考虑交付的机器调度/work1/instances/no_outsourcing/data/n020-set01/family/base/zero/m4.dat	6abc043981a6992126daf6f588e95bd374d795dcfce12ea3cd4314a3ad6abb4f
D:/ccx_work/考虑交付的机器调度/work1/instances/no_outsourcing/data/n020-set01/family/base/narrow/m2.dat	f5bd36074c561309657667cd441f04a1840a49904bfebbf7a8ff1974cf9e678f
D:/ccx_work/考虑交付的机器调度/work1/instances/no_outsourcing/data/n020-set01/family/base/narrow/m3.dat	6708e9f5adaca0f7200f54ba8ac5e9e69a30d23e7dd8e23df239200cfc9ed998
D:/ccx_work/考虑交付的机器调度/work1/instances/no_outsourcing/data/n020-set01/family/base/narrow/m4.dat	ccfe83cb804762a7872591a16cef270ab05ad5cc6d7fd52e6a7c61085c8c4d64
D:/ccx_work/考虑交付的机器调度/work1/instances/no_outsourcing/data/n020-set01/family/base/wide/m2.dat	ade5d1139b0a1979c465a30139e31506ee5abe6c34353fc8fe981e18e276ecdf
D:/ccx_work/考虑交付的机器调度/work1/instances/no_outsourcing/data/n020-set01/family/base/wide/m3.dat	f3c4133d3fed3ce162e4641e1cd5487e9914b7607f4dc35df19f48e642d5a342
D:/ccx_work/考虑交付的机器调度/work1/instances/no_outsourcing/data/n020-set01/family/base/wide/m4.dat	3d61dd7ddd801756e60491310a25ce46f60f3f87cd26518d4285ee00d0bacdd1
D:/ccx_work/考虑交付的机器调度/work1/instances/no_outsourcing/data/n020-set01/family/medium-heterogeneous/zero/m2.dat	a5a4ab71ddbbfc9b404c4004e17cb73ae5f973fb78fda522382a24cdbba44ca3
D:/ccx_work/考虑交付的机器调度/work1/instances/no_outsourcing/data/n020-set01/family/medium-heterogeneous/zero/m3.dat	6fe1ea97db9ba67dba1b96a209785b38128283013024c1a6e2e2f93fbbeb85e8
D:/ccx_work/考虑交付的机器调度/work1/instances/no_outsourcing/data/n020-set01/family/medium-heterogeneous/zero/m4.dat	0d7074e7964616a336ebb02c226673570902c8017806174aab4c506f1b2dd2cc
D:/ccx_work/考虑交付的机器调度/work1/instances/no_outsourcing/data/n020-set01/family/medium-heterogeneous/narrow/m2.dat	698e11102a4eb9f296e789cdc00ef2f73c1efd2b2f38ba605c3931517e6014d1
D:/ccx_work/考虑交付的机器调度/work1/instances/no_outsourcing/data/n020-set01/family/medium-heterogeneous/narrow/m3.dat	6a3769ad01ee814714b3d897f5275f016126cdaa1497fcd1b901f376a8d7b306
D:/ccx_work/考虑交付的机器调度/work1/instances/no_outsourcing/data/n020-set01/family/medium-heterogeneous/narrow/m4.dat	93a058a12419c15622adeac9a554230839f2ecc484e47b491f298d4c44f5bc5b
D:/ccx_work/考虑交付的机器调度/work1/instances/no_outsourcing/data/n020-set01/family/medium-heterogeneous/wide/m2.dat	d22d9a6d23aa954b430336c6683cee9203c0e3f98f80f57cb6fda90a4d8aaed2
D:/ccx_work/考虑交付的机器调度/work1/instances/no_outsourcing/data/n020-set01/family/medium-heterogeneous/wide/m3.dat	bf809b99619134ca0bfc5d967ff3e53e72c83702babc72f40c3d6497c794fcaa
D:/ccx_work/考虑交付的机器调度/work1/instances/no_outsourcing/data/n020-set01/family/medium-heterogeneous/wide/m4.dat	1935de1b1c8bacc52effe4968953677ab115d99c8de118bba6e715a33df100e8
D:/ccx_work/考虑交付的机器调度/work1/instances/no_outsourcing/data/n020-set01/family/high-heterogeneous/zero/m2.dat	8c8c4a4dc668e9f72fcdad66dac519920a847ef72666cae37a65b6b2e11ba439
D:/ccx_work/考虑交付的机器调度/work1/instances/no_outsourcing/data/n020-set01/family/high-heterogeneous/zero/m3.dat	061cb13e2b4a77224c87632d9e91b17873d63fed88a349363c590bbabfe72b10
D:/ccx_work/考虑交付的机器调度/work1/instances/no_outsourcing/data/n020-set01/family/high-heterogeneous/zero/m4.dat	83e1b2f876bfcd02f58a50e80ed0f16bf1401a6cbc16625185b933cb8525a571
D:/ccx_work/考虑交付的机器调度/work1/instances/no_outsourcing/data/n020-set01/family/high-heterogeneous/narrow/m2.dat	ccc1a79044357333ebb3611cc1d4f982d593ad21352b90989dab7d139361b226
D:/ccx_work/考虑交付的机器调度/work1/instances/no_outsourcing/data/n020-set01/family/high-heterogeneous/narrow/m3.dat	971aeaa7fdb1d574a955715cd15c99874dcf225074e85c70bf268fdadbc1fc9c
D:/ccx_work/考虑交付的机器调度/work1/instances/no_outsourcing/data/n020-set01/family/high-heterogeneous/narrow/m4.dat	10431b4a111a9b0ece1e02f4e1b3e3b531933dcbb85d150043bbe3933290568e
D:/ccx_work/考虑交付的机器调度/work1/instances/no_outsourcing/data/n020-set01/family/high-heterogeneous/wide/m2.dat	81e9729f1afee59d13c15c67a62e5453175e1da92eee4d997a7590fec3ae319b
D:/ccx_work/考虑交付的机器调度/work1/instances/no_outsourcing/data/n020-set01/family/high-heterogeneous/wide/m3.dat	59981b74ba49b26d4ab0f8a4f792aa37bb628ad6747a6c3b36c6cc4996d0f737
D:/ccx_work/考虑交付的机器调度/work1/instances/no_outsourcing/data/n020-set01/family/high-heterogeneous/wide/m4.dat	49afe02aa1a4fbdb036a5fb89d859ceb4951655c2e45710ff14f76bf7a49f533
D:/ccx_work/考虑交付的机器调度/work1/instances/no_outsourcing/data/n020-set02/random/base/zero/m2.dat	78237ea3d786afb98ce4cd8af8b8a8f521f4e4286f89debd7636b08fa66cd777
D:/ccx_work/考虑交付的机器调度/work1/instances/no_outsourcing/data/n020-set02/random/base/zero/m3.dat	ef69ce188e19aab97ff88ca999f07ee6bdfb4eb4c50c337c3f694c33955d52b8
D:/ccx_work/考虑交付的机器调度/work1/instances/no_outsourcing/data/n020-set02/random/base/zero/m4.dat	6d4df07bcc5304cac0d2ff09f10b3659e0506f4f3cf15863ee904a738a79d415
D:/ccx_work/考虑交付的机器调度/work1/instances/no_outsourcing/data/n020-set02/random/base/narrow/m2.dat	ea9d247e71de60e9177190abeea81bbefdef877b7918d702635cd2cbaf0ac0ee
D:/ccx_work/考虑交付的机器调度/work1/instances/no_outsourcing/data/n020-set02/random/base/narrow/m3.dat	16aff2a722984fbfc3faa827f5f5b8ee4ca78f186e0ec4bd36c2b5375912b4f7
D:/ccx_work/考虑交付的机器调度/work1/instances/no_outsourcing/data/n020-set02/random/base/narrow/m4.dat	2745b25fa5aeb8bc3ef9b959c3c233d90383be389d1aa70d47aeb36004872567
D:/ccx_work/考虑交付的机器调度/work1/instances/no_outsourcing/data/n020-set02/random/base/wide/m2.dat	faabe3b707fe08a4259d4cd48c8e15293d3d38d97f7878dccacabef36de2247e
D:/ccx_work/考虑交付的机器调度/work1/instances/no_outsourcing/data/n020-set02/random/base/wide/m3.dat	c311f13e3fb00f6763cd7ab30966e634782e8b82c69e19fe6866514e0a885d59
D:/ccx_work/考虑交付的机器调度/work1/instances/no_outsourcing/data/n020-set02/random/base/wide/m4.dat	ea467d46e70f68ad0dca829c9d9388506bd5b901fa2d2aa449da7d15377a3a9e
D:/ccx_work/考虑交付的机器调度/work1/instances/no_outsourcing/data/n020-set02/random/medium-heterogeneous/zero/m2.dat	2c5beee4a5a27fca2b58064456d352efaf6dae7943ae764e62e95a0c568b6555
D:/ccx_work/考虑交付的机器调度/work1/instances/no_outsourcing/data/n020-set02/random/medium-heterogeneous/zero/m3.dat	171271650b64ec56157c35db6d14ca95b9ef9827dcc21c41779ea33d6f0f19c2
D:/ccx_work/考虑交付的机器调度/work1/instances/no_outsourcing/data/n020-set02/random/medium-heterogeneous/zero/m4.dat	21cc1dca15e2778de01e13baf89c16d32287a1b83bf8f4e56115ac66e6cf9501
D:/ccx_work/考虑交付的机器调度/work1/instances/no_outsourcing/data/n020-set02/random/medium-heterogeneous/narrow/m2.dat	bf77501700e171e298a0d88b01cbc22ade3292c6f47bd95364260418d20cec00
D:/ccx_work/考虑交付的机器调度/work1/instances/no_outsourcing/data/n020-set02/random/medium-heterogeneous/narrow/m3.dat	f3ce3288bf447dbf249d75f2ac6efcb4b22e1aa6e65616235ae6f3406a638ce6
D:/ccx_work/考虑交付的机器调度/work1/instances/no_outsourcing/data/n020-set02/random/medium-heterogeneous/narrow/m4.dat	c1cc0ae10a7f2c8896fe935eee5172b526df9ed2b68ece80223595d9f5702442
D:/ccx_work/考虑交付的机器调度/work1/instances/no_outsourcing/data/n020-set02/random/medium-heterogeneous/wide/m2.dat	25c41d6fa2851dcbd8bdf99953baa2b59341a4621e23df67c6ae7165c1844911
D:/ccx_work/考虑交付的机器调度/work1/instances/no_outsourcing/data/n020-set02/random/medium-heterogeneous/wide/m3.dat	e511725aaff4b31ec0d733496250442f9f349a353ece613efbb34fbe5b5ab9cb
D:/ccx_work/考虑交付的机器调度/work1/instances/no_outsourcing/data/n020-set02/random/medium-heterogeneous/wide/m4.dat	3faffed23f9ec647a79e83656b24b278b7aec4d40cc600597a46cecf42571432
D:/ccx_work/考虑交付的机器调度/work1/instances/no_outsourcing/data/n020-set02/random/high-heterogeneous/zero/m2.dat	cfd6b011e323ee0eae87f08fc112958c36e5fc588402857a15b4fe7e7af715c9
D:/ccx_work/考虑交付的机器调度/work1/instances/no_outsourcing/data/n020-set02/random/high-heterogeneous/zero/m3.dat	1cc405cdcf1cfc04c267a555aef4505b4985e817eecfc7dd2ff72e469d9edaef
D:/ccx_work/考虑交付的机器调度/work1/instances/no_outsourcing/data/n020-set02/random/high-heterogeneous/zero/m4.dat	d73960b67b2c5b2717fe0613c7f81e3433203b465cffded237a3e4a2349d8aa7
D:/ccx_work/考虑交付的机器调度/work1/instances/no_outsourcing/data/n020-set02/random/high-heterogeneous/narrow/m2.dat	f1a732eb279ef170d2b29db3fa191a67cbb48400cf935f9e35faef47b46cc8bc
D:/ccx_work/考虑交付的机器调度/work1/instances/no_outsourcing/data/n020-set02/random/high-heterogeneous/narrow/m3.dat	7f48e5579e4cfa9c7ab35709de68112fa4da034b94f980db588ac0e90779b0b7
D:/ccx_work/考虑交付的机器调度/work1/instances/no_outsourcing/data/n020-set02/random/high-heterogeneous/narrow/m4.dat	1dbcbf32ed543a14a1557dd65551a83c7d0cff865401f493f16441a46c4f5e79
D:/ccx_work/考虑交付的机器调度/work1/instances/no_outsourcing/data/n020-set02/random/high-heterogeneous/wide/m2.dat	ff37a789151821cd228dd969a9c32843dc46f0f7407b2ea7d8788b4b927408a9
D:/ccx_work/考虑交付的机器调度/work1/instances/no_outsourcing/data/n020-set02/random/high-heterogeneous/wide/m3.dat	d2660715055ba3c213cccd9941d757d8409f10d7fad7ae6d313adef05031df33
D:/ccx_work/考虑交付的机器调度/work1/instances/no_outsourcing/data/n020-set02/random/high-heterogeneous/wide/m4.dat	07fdca1afba288795085dfaf36c9283b1d62d2c6618dcf78d0320554435eba17
D:/ccx_work/考虑交付的机器调度/work1/instances/no_outsourcing/data/n020-set02/family/base/zero/m2.dat	75b52962fb4d053b44fde9bafeb668626745b34e034dd9681e93cff70a100eb1
D:/ccx_work/考虑交付的机器调度/work1/instances/no_outsourcing/data/n020-set02/family/base/zero/m3.dat	19fcff4c649bef457efd0fb746cc1f54be5a78313d0995355b03dc5f2d9154fe
D:/ccx_work/考虑交付的机器调度/work1/instances/no_outsourcing/data/n020-set02/family/base/zero/m4.dat	2fe57caf921142e8d3c6daa47a59a5b70baf9a825e360c83b34b26bbea47e136
D:/ccx_work/考虑交付的机器调度/work1/instances/no_outsourcing/data/n020-set02/family/base/narrow/m2.dat	b95e765e75a3af7ca750320a3d16e39d8342057e2bf4e5c25e88f61dc086e978
D:/ccx_work/考虑交付的机器调度/work1/instances/no_outsourcing/data/n020-set02/family/base/narrow/m3.dat	61a1538a57147a7ca33f0e6a639c091dcbd3e340c938cb610fa32408219111cc
D:/ccx_work/考虑交付的机器调度/work1/instances/no_outsourcing/data/n020-set02/family/base/narrow/m4.dat	296dd507e0be0a6949597f2301fee2788988e368811bd944fccfe1aa40a0fb17
D:/ccx_work/考虑交付的机器调度/work1/instances/no_outsourcing/data/n020-set02/family/base/wide/m2.dat	56d3bb3270a8f02e46bcdf2d502555dbc2067ddb6c656fdf387a2803320c81c9
D:/ccx_work/考虑交付的机器调度/work1/instances/no_outsourcing/data/n020-set02/family/base/wide/m3.dat	ab1eecdde2389866fcbd3379503564c48890cf12a7d116cb9d03d06d10bc58aa
D:/ccx_work/考虑交付的机器调度/work1/instances/no_outsourcing/data/n020-set02/family/base/wide/m4.dat	1d33b1c530a0dd9b1be72f33da1ff4740fa51584e40efb0b810359f8ac625a4e
D:/ccx_work/考虑交付的机器调度/work1/instances/no_outsourcing/data/n020-set02/family/medium-heterogeneous/zero/m2.dat	293bafcd6af23221adcf0750b0dc7733c2381abb5ed296f94b45ea1cbcf3feb3
D:/ccx_work/考虑交付的机器调度/work1/instances/no_outsourcing/data/n020-set02/family/medium-heterogeneous/zero/m3.dat	034bf91e4903a2280a814d069e5038d19ea56879a7220d92ecafcea23c608e0c
D:/ccx_work/考虑交付的机器调度/work1/instances/no_outsourcing/data/n020-set02/family/medium-heterogeneous/zero/m4.dat	c82e54c5812982eb5da7a5c12672abe633def628636d186efcfde90cbb952422
D:/ccx_work/考虑交付的机器调度/work1/instances/no_outsourcing/data/n020-set02/family/medium-heterogeneous/narrow/m2.dat	dae443b34d180fe9e8878b65f3b1d2bee39b7da39bfbd0a09b3125444334d5da
D:/ccx_work/考虑交付的机器调度/work1/instances/no_outsourcing/data/n020-set02/family/medium-heterogeneous/narrow/m3.dat	2b8351ff60d378969511858a91ed91aebfb2c5ef7d073d4e3e35732028d1f4bd
D:/ccx_work/考虑交付的机器调度/work1/instances/no_outsourcing/data/n020-set02/family/medium-heterogeneous/narrow/m4.dat	9d52307e00fd5d1834bb7aa537019cb6bc6348fb26c0ca2400411ece2f0c8b58
D:/ccx_work/考虑交付的机器调度/work1/instances/no_outsourcing/data/n020-set02/family/medium-heterogeneous/wide/m2.dat	564ea9e93ea8c2cccc8e46006cb2c67b37e059f05b8c216c4175b0a6891ffb26
D:/ccx_work/考虑交付的机器调度/work1/instances/no_outsourcing/data/n020-set02/family/medium-heterogeneous/wide/m3.dat	45da4b22586d3b2975e15c7e698f40c4e1eb9b14f97464e1073a5b7c87e17402
D:/ccx_work/考虑交付的机器调度/work1/instances/no_outsourcing/data/n020-set02/family/medium-heterogeneous/wide/m4.dat	775ce54a88237638b9377bc7230ca78a1738f9c79adb019a664757bb540d8edf
D:/ccx_work/考虑交付的机器调度/work1/instances/no_outsourcing/data/n020-set02/family/high-heterogeneous/zero/m2.dat	03b4882c3b39f0c497a4afd49ddd4c881adce271420fa5ef9aa62e57e63eb2f9
D:/ccx_work/考虑交付的机器调度/work1/instances/no_outsourcing/data/n020-set02/family/high-heterogeneous/zero/m3.dat	dac3a7bd467e5be4892edf993fea25ba6fb6ebdee126a01d7103c7da7e688d56
D:/ccx_work/考虑交付的机器调度/work1/instances/no_outsourcing/data/n020-set02/family/high-heterogeneous/zero/m4.dat	40089a01c4639cb4870fe899a239e53f5bf14695bc0371b28566ffd763acee06
D:/ccx_work/考虑交付的机器调度/work1/instances/no_outsourcing/data/n020-set02/family/high-heterogeneous/narrow/m2.dat	7dcd27d9a87abc70748f19ae189c78132b1465ad975e887e77e9809c6e7dceb5
D:/ccx_work/考虑交付的机器调度/work1/instances/no_outsourcing/data/n020-set02/family/high-heterogeneous/narrow/m3.dat	82332b84b6ed1a1123773c48e37e5ec02a4778bfe20f4348dbd56f9b7d2922b9
D:/ccx_work/考虑交付的机器调度/work1/instances/no_outsourcing/data/n020-set02/family/high-heterogeneous/narrow/m4.dat	3fdf24ea9610c78350f3e04bf8ca6b5a5d222f244657e06b3ca8a9d1840c86c3
D:/ccx_work/考虑交付的机器调度/work1/instances/no_outsourcing/data/n020-set02/family/high-heterogeneous/wide/m2.dat	9cdb94987bec9a39d3f7ca49b08d6880eb925402f5b9a90f51e0d8c4e8bd8373
D:/ccx_work/考虑交付的机器调度/work1/instances/no_outsourcing/data/n020-set02/family/high-heterogeneous/wide/m3.dat	b58434491fe61ee39d15eaaf07d06b18c0c47304fd8c02668d20c01a86d75671
D:/ccx_work/考虑交付的机器调度/work1/instances/no_outsourcing/data/n020-set02/family/high-heterogeneous/wide/m4.dat	dcb0ef839805e8319344014ba70e921d53ffd2643e87649feb8451e6b546c257
D:/ccx_work/考虑交付的机器调度/work1/instances/no_outsourcing/data/n020-set03/random/base/zero/m2.dat	0d70700e6e75fe8e3355737e22aee08937aee153c3e6e647d43adc36ea7a70e4
D:/ccx_work/考虑交付的机器调度/work1/instances/no_outsourcing/data/n020-set03/random/base/zero/m3.dat	eedea8d6804746f4d29390e94463da0afa8012fa8237d3d8441802e537daa556
D:/ccx_work/考虑交付的机器调度/work1/instances/no_outsourcing/data/n020-set03/random/base/zero/m4.dat	a8134ff225d40eda92acb584d06265b972b67a4764283a450f7e9a7fb4caafdf
D:/ccx_work/考虑交付的机器调度/work1/instances/no_outsourcing/data/n020-set03/random/base/narrow/m2.dat	4360d996550e37dd7f09b61463ca263b760b6151e1beffc33fe55027bd247d6e
D:/ccx_work/考虑交付的机器调度/work1/instances/no_outsourcing/data/n020-set03/random/base/narrow/m3.dat	ebe7e32bb168bf325b4c24036dbffc0eac262222560a63d2401de7439b5d621d
D:/ccx_work/考虑交付的机器调度/work1/instances/no_outsourcing/data/n020-set03/random/base/narrow/m4.dat	d48784f8ae2fb45122ba5ff03a6ea406dc43324eb39c8dea37ba76665c39265d
D:/ccx_work/考虑交付的机器调度/work1/instances/no_outsourcing/data/n020-set03/random/base/wide/m2.dat	b5c0da5420c844a8a88810f5b04907f7167ee4a00b8e57450d55ee0fb3af1b2f
D:/ccx_work/考虑交付的机器调度/work1/instances/no_outsourcing/data/n020-set03/random/base/wide/m3.dat	5a0b2c45c199de6f3cac1e3b43feb68d237f0de41f09ee211ee1caac4032bcd6
D:/ccx_work/考虑交付的机器调度/work1/instances/no_outsourcing/data/n020-set03/random/base/wide/m4.dat	d9634a86df2d053cf3d9439ab2f31eb7bb7eb75ca3dbe44c68f4e2a614ef5424
D:/ccx_work/考虑交付的机器调度/work1/instances/no_outsourcing/data/n020-set03/random/medium-heterogeneous/zero/m2.dat	707f15440b088507e9bd91d1c567c627af103262937e7dc759a20e39d38682f6
D:/ccx_work/考虑交付的机器调度/work1/instances/no_outsourcing/data/n020-set03/random/medium-heterogeneous/zero/m3.dat	8aa951fbe336c4c57256469b8c1b8b4d0f479b4347c92fb5f3841ae98370a988
D:/ccx_work/考虑交付的机器调度/work1/instances/no_outsourcing/data/n020-set03/random/medium-heterogeneous/zero/m4.dat	84829ee03ac792433a81d880e373dbc7e62cd1719d22b095d57122f07557c061
D:/ccx_work/考虑交付的机器调度/work1/instances/no_outsourcing/data/n020-set03/random/medium-heterogeneous/narrow/m2.dat	751e4d19873230b395ea1010d8b7e6a0ac57ac7800d449a78966d970a411e43c
D:/ccx_work/考虑交付的机器调度/work1/instances/no_outsourcing/data/n020-set03/random/medium-heterogeneous/narrow/m3.dat	ed05c226287b605164f991fe6b8422e73a37c82649f67934d011be9f8deaa7ed
D:/ccx_work/考虑交付的机器调度/work1/instances/no_outsourcing/data/n020-set03/random/medium-heterogeneous/narrow/m4.dat	a65b746b1d5c538ebb34ab0c885f5077a3bfe1df7bf9e6511554c6d0859200c9
D:/ccx_work/考虑交付的机器调度/work1/instances/no_outsourcing/data/n020-set03/random/medium-heterogeneous/wide/m2.dat	d282cef6ad4f0acd213443b50778144bb0e603379d6188680539c9d27662e6a6
D:/ccx_work/考虑交付的机器调度/work1/instances/no_outsourcing/data/n020-set03/random/medium-heterogeneous/wide/m3.dat	4905f7dc63d5115084eae395d16b8fcdc543b34e95545133fc3cef6bf2556ed0
D:/ccx_work/考虑交付的机器调度/work1/instances/no_outsourcing/data/n020-set03/random/medium-heterogeneous/wide/m4.dat	ea412f2c477fe9bb856732c64904d3eadc42379490428af21b057d570fca5f51
D:/ccx_work/考虑交付的机器调度/work1/instances/no_outsourcing/data/n020-set03/random/high-heterogeneous/zero/m2.dat	76d897c82965c6e7e606409b4927900376cbc2e1901deaf3377aa46ad4487e91
D:/ccx_work/考虑交付的机器调度/work1/instances/no_outsourcing/data/n020-set03/random/high-heterogeneous/zero/m3.dat	c977b530dc764440ce1470993f2633a9cb0550f7721b41fbd5f492e42f320ae9
D:/ccx_work/考虑交付的机器调度/work1/instances/no_outsourcing/data/n020-set03/random/high-heterogeneous/zero/m4.dat	5b1e2540231a802d1964f6c382e7f85baa96d3bc423ea2a8a5204594719d8276
D:/ccx_work/考虑交付的机器调度/work1/instances/no_outsourcing/data/n020-set03/random/high-heterogeneous/narrow/m2.dat	078a2b46ade0912c33a0c60ea802b671fbbc3c1267cff17d91e86c170fa17bcf
D:/ccx_work/考虑交付的机器调度/work1/instances/no_outsourcing/data/n020-set03/random/high-heterogeneous/narrow/m3.dat	70606ef70dbaa074842df5ac4ce3bb1c11120c75296d07af107f067f87b4a078
D:/ccx_work/考虑交付的机器调度/work1/instances/no_outsourcing/data/n020-set03/random/high-heterogeneous/narrow/m4.dat	50bbd3b8914d21194cf682d0c835a6362cfaf849c9079823185dd9b66707f188
D:/ccx_work/考虑交付的机器调度/work1/instances/no_outsourcing/data/n020-set03/random/high-heterogeneous/wide/m2.dat	41d5503edaf482578af7b144c0363e22c29de85f406eaa2c1faf2001624d1485
D:/ccx_work/考虑交付的机器调度/work1/instances/no_outsourcing/data/n020-set03/random/high-heterogeneous/wide/m3.dat	a4ffe9c6d78e5ce6d7d3c68efe035863820613f53a42a03d8f6245906e32fcab
D:/ccx_work/考虑交付的机器调度/work1/instances/no_outsourcing/data/n020-set03/random/high-heterogeneous/wide/m4.dat	8fa4e0a8573cda483a56edf79d140890353791f3fc2adbf52c9de333e7e5c43a
D:/ccx_work/考虑交付的机器调度/work1/instances/no_outsourcing/data/n020-set03/family/base/zero/m2.dat	c548e0ffeb7c107c5f0ed613c81635d9ea372d9670174bc59caf64b7f67462e2
D:/ccx_work/考虑交付的机器调度/work1/instances/no_outsourcing/data/n020-set03/family/base/zero/m3.dat	c1656009e93b3cca65d0ba2a8f58bd4864bc044037905271264574318fca8960
D:/ccx_work/考虑交付的机器调度/work1/instances/no_outsourcing/data/n020-set03/family/base/zero/m4.dat	cb48225bdcf1cfe5afc881549cdfc484b9078f324e9c16809e13dbbc2859caa5
D:/ccx_work/考虑交付的机器调度/work1/instances/no_outsourcing/data/n020-set03/family/base/narrow/m2.dat	fa843ebd7c27ef286dbaa2d1a3e1b09687ce7089e25409e7330fd6cbdec06b9d
D:/ccx_work/考虑交付的机器调度/work1/instances/no_outsourcing/data/n020-set03/family/base/narrow/m3.dat	4ed69c71ed33001c7b9e5cb8208eea82201635f7ef9fb35e9174b436e0845583
D:/ccx_work/考虑交付的机器调度/work1/instances/no_outsourcing/data/n020-set03/family/base/narrow/m4.dat	f12c00af3d144a37035b0a5a50ed365a37db1dc5fbf5828e0373ba8ca254bef1
D:/ccx_work/考虑交付的机器调度/work1/instances/no_outsourcing/data/n020-set03/family/base/wide/m2.dat	b3a44468f5daf6e4d73212474f13ebee2833e64fd44c5bbc56e5ded41236ad4a
D:/ccx_work/考虑交付的机器调度/work1/instances/no_outsourcing/data/n020-set03/family/base/wide/m3.dat	80e4691a05019a646721c6bf5f0af30f004d6991ad4d56a09e7c8e582cd364ad
D:/ccx_work/考虑交付的机器调度/work1/instances/no_outsourcing/data/n020-set03/family/base/wide/m4.dat	575365d518885270edc6f77d46f24ec5af097f2974c0757ffff743fc998aeac9
D:/ccx_work/考虑交付的机器调度/work1/instances/no_outsourcing/data/n020-set03/family/medium-heterogeneous/zero/m2.dat	4b11924487ef03d4816021da537cb9034b884cc352a83c78b06a39537f7ca8bb
D:/ccx_work/考虑交付的机器调度/work1/instances/no_outsourcing/data/n020-set03/family/medium-heterogeneous/zero/m3.dat	d9688af12de8bb9623f9aba587a6319c2822dc27606146f01b8ba7dd38ad0b7e
D:/ccx_work/考虑交付的机器调度/work1/instances/no_outsourcing/data/n020-set03/family/medium-heterogeneous/zero/m4.dat	ee0f964d78bb9ae9a526458e6939bf9f1efe3cb2e1276aa1bf39c276c7e1ce6d
D:/ccx_work/考虑交付的机器调度/work1/instances/no_outsourcing/data/n020-set03/family/medium-heterogeneous/narrow/m2.dat	be3e7b15ac0a54a17d2228c104facd71b34b77bf1f842644356693d50ef542fc
D:/ccx_work/考虑交付的机器调度/work1/instances/no_outsourcing/data/n020-set03/family/medium-heterogeneous/narrow/m3.dat	869448042cf680102b56769014c62fe2326f68ba6885c1ca6d44e26019b9075d
D:/ccx_work/考虑交付的机器调度/work1/instances/no_outsourcing/data/n020-set03/family/medium-heterogeneous/narrow/m4.dat	55ca9e7cf9bb857cd7502a5fbea81b9d5ff5df1c40e582718efced0552c871ea
D:/ccx_work/考虑交付的机器调度/work1/instances/no_outsourcing/data/n020-set03/family/medium-heterogeneous/wide/m2.dat	79cce3bdd18eb7be062c683fe5c2496462d519d84a40d58e4c4a40ac4c447eef
D:/ccx_work/考虑交付的机器调度/work1/instances/no_outsourcing/data/n020-set03/family/medium-heterogeneous/wide/m3.dat	89380f5b7551c29e8b68c8f06b13d288574d1120b238338bd715c69efcc64390
D:/ccx_work/考虑交付的机器调度/work1/instances/no_outsourcing/data/n020-set03/family/medium-heterogeneous/wide/m4.dat	749d9552e3bf5c30b45099f7053415af3b8a929d32a018fa96dfd449330d0660
D:/ccx_work/考虑交付的机器调度/work1/instances/no_outsourcing/data/n020-set03/family/high-heterogeneous/zero/m2.dat	610ba25de330070147ea57fe98a2498474382998371d7b58de6a8e839ff93655
D:/ccx_work/考虑交付的机器调度/work1/instances/no_outsourcing/data/n020-set03/family/high-heterogeneous/zero/m3.dat	69c235043e8b7cbf05c478d3e5210ed42bb625fbd99bfd9f9363e24afd4bf732
D:/ccx_work/考虑交付的机器调度/work1/instances/no_outsourcing/data/n020-set03/family/high-heterogeneous/zero/m4.dat	5169708aba2ac9f40664bbf51af7ac10171dccb55140029c13e441d67cd4b174
D:/ccx_work/考虑交付的机器调度/work1/instances/no_outsourcing/data/n020-set03/family/high-heterogeneous/narrow/m2.dat	05d3d5378f8af62989df35f58ae01061b2ea44afa88b3e974169a06271db9913
D:/ccx_work/考虑交付的机器调度/work1/instances/no_outsourcing/data/n020-set03/family/high-heterogeneous/narrow/m3.dat	5bf1fdb8b16a62a3090ed9beda688e34baaa28b8eb3779e976170adbcf631c32
D:/ccx_work/考虑交付的机器调度/work1/instances/no_outsourcing/data/n020-set03/family/high-heterogeneous/narrow/m4.dat	69e66a3bddedd15b8e392219788f59cce0ad1a7786fe31041b429fde69b3077f
D:/ccx_work/考虑交付的机器调度/work1/instances/no_outsourcing/data/n020-set03/family/high-heterogeneous/wide/m2.dat	121675fe0bb1cdc99b1f18ddbae9f66545c7f1a6add307421e5cb7855b2d552c
D:/ccx_work/考虑交付的机器调度/work1/instances/no_outsourcing/data/n020-set03/family/high-heterogeneous/wide/m3.dat	74c6768eaaa8b990767d98fcf44b03d835ed1ad1eb12397f05cc4f18307a14db
D:/ccx_work/考虑交付的机器调度/work1/instances/no_outsourcing/data/n020-set03/family/high-heterogeneous/wide/m4.dat	8a1f3abcc68075e5433e4607164da50e158824c6fcbdbc0a610e67cedb6d4014
D:/ccx_work/考虑交付的机器调度/work1/instances/no_outsourcing/data/n020-set04/random/base/zero/m2.dat	67e170b171bc5eeca07453f1c79e52032935d209b16e047dd83a1ba8ccf94972
D:/ccx_work/考虑交付的机器调度/work1/instances/no_outsourcing/data/n020-set04/random/base/zero/m3.dat	fabf45881b7f1134664aa9a4d20996847f95d47b922103603d3e5c9ee4ec4423
D:/ccx_work/考虑交付的机器调度/work1/instances/no_outsourcing/data/n020-set04/random/base/zero/m4.dat	b34f586cf7f70ca122c1d17569c91548aa33a0f6db782248a467d03ecaa80f2b
D:/ccx_work/考虑交付的机器调度/work1/instances/no_outsourcing/data/n020-set04/random/base/narrow/m2.dat	82cf0ef548440de84048a03a1675b51d631169b695f8ad53154991980a92702a
D:/ccx_work/考虑交付的机器调度/work1/instances/no_outsourcing/data/n020-set04/random/base/narrow/m3.dat	e510941ea01c475f5648781644750f3fff9e932e979753bf3fe2628fb525bbd0
D:/ccx_work/考虑交付的机器调度/work1/instances/no_outsourcing/data/n020-set04/random/base/narrow/m4.dat	9890f7a873002d4fd199b25bc9da475ae69ffd854111a5872ccec4cf276c6f30
D:/ccx_work/考虑交付的机器调度/work1/instances/no_outsourcing/data/n020-set04/random/base/wide/m2.dat	a9ddf94fd4a60abbab01829b35d919f277242d7e2c81e06aeabe3c8c2aacd3e8
D:/ccx_work/考虑交付的机器调度/work1/instances/no_outsourcing/data/n020-set04/random/base/wide/m3.dat	8a54666bb28895571e5c04317ed36a83eac1c479d8dc11a7e233b007dcf281aa
D:/ccx_work/考虑交付的机器调度/work1/instances/no_outsourcing/data/n020-set04/random/base/wide/m4.dat	79c140725620d9eacf3dd338e1a6a510d092f96e9d12060169c58d785c9e4f1a
D:/ccx_work/考虑交付的机器调度/work1/instances/no_outsourcing/data/n020-set04/random/medium-heterogeneous/zero/m2.dat	e0a3a4a4eb4983c5c8a1e12e61442fad13eb24e970c136b7528eb046e65f8497
D:/ccx_work/考虑交付的机器调度/work1/instances/no_outsourcing/data/n020-set04/random/medium-heterogeneous/zero/m3.dat	19f49c3a43cdb2b4641e14e6ab29c69005afb257df31f0284a54494e80ceaa50
D:/ccx_work/考虑交付的机器调度/work1/instances/no_outsourcing/data/n020-set04/random/medium-heterogeneous/zero/m4.dat	6f4f9dddb616a6ebbaf8e4d92c0be54957fedb813805c84fac342a219d3886a9
D:/ccx_work/考虑交付的机器调度/work1/instances/no_outsourcing/data/n020-set04/random/medium-heterogeneous/narrow/m2.dat	9809f3c3706c6638d684226731cbb2ca73e21dbbcfe7cf00d5211678c7b9d0de
D:/ccx_work/考虑交付的机器调度/work1/instances/no_outsourcing/data/n020-set04/random/medium-heterogeneous/narrow/m3.dat	405f352d8a4bf6615802d1a395528088e9b82fab06f5fb8a5bf83133900c8f96
D:/ccx_work/考虑交付的机器调度/work1/instances/no_outsourcing/data/n020-set04/random/medium-heterogeneous/narrow/m4.dat	e521104dcc468c4208d12bc1f3796c9f7e6f3448ce0564f4a8aae154b5af74f6
D:/ccx_work/考虑交付的机器调度/work1/instances/no_outsourcing/data/n020-set04/random/medium-heterogeneous/wide/m2.dat	368fc79d4f415c417317259cbf109ca52f1bddc959d35e90f9282cdce338f214
D:/ccx_work/考虑交付的机器调度/work1/instances/no_outsourcing/data/n020-set04/random/medium-heterogeneous/wide/m3.dat	e7402e7a82ddad2b400262c98b26bcd9616fba901101671c672b48e47a81338f
D:/ccx_work/考虑交付的机器调度/work1/instances/no_outsourcing/data/n020-set04/random/medium-heterogeneous/wide/m4.dat	b98950ccf4f04746ac05db562934fb539cf18b7d13614e3ccf771d9f76966fbf
D:/ccx_work/考虑交付的机器调度/work1/instances/no_outsourcing/data/n020-set04/random/high-heterogeneous/zero/m2.dat	22ca532dbfe41c822dc9a986dec0d08b34beec7164fec21eb8ca12db7001a340
D:/ccx_work/考虑交付的机器调度/work1/instances/no_outsourcing/data/n020-set04/random/high-heterogeneous/zero/m3.dat	587c6d7f41ae3429cf15e230293b7e8cdce6518ef8a8961ae68b76df371750ca
D:/ccx_work/考虑交付的机器调度/work1/instances/no_outsourcing/data/n020-set04/random/high-heterogeneous/zero/m4.dat	c7927d85600b298c4d5415d1e1649a658caf8df8463a6e10d450f7733514532d
D:/ccx_work/考虑交付的机器调度/work1/instances/no_outsourcing/data/n020-set04/random/high-heterogeneous/narrow/m2.dat	4ce8b597dafccb3fe968b67c352958a40fe2514e99f8033a31d8c59b834f34b4
D:/ccx_work/考虑交付的机器调度/work1/instances/no_outsourcing/data/n020-set04/random/high-heterogeneous/narrow/m3.dat	dbf29a21dcca9f5bcc9827896fb9f00564e86fe6d795f6566fe06f59208976e0
D:/ccx_work/考虑交付的机器调度/work1/instances/no_outsourcing/data/n020-set04/random/high-heterogeneous/narrow/m4.dat	b30a6db8aa2998f80b3675e1b74a6f67efc8877ec1718d25d30a5382fdf52231
D:/ccx_work/考虑交付的机器调度/work1/instances/no_outsourcing/data/n020-set04/random/high-heterogeneous/wide/m2.dat	e9c55dedcecddee33bb6aec8563e47f75a78ac2d06253aa8f760f81859f11e31
D:/ccx_work/考虑交付的机器调度/work1/instances/no_outsourcing/data/n020-set04/random/high-heterogeneous/wide/m3.dat	e322e7036a14d3da2a7ff17448ccc650e1947b278c19bb2471a00a5c6abc1b7b
D:/ccx_work/考虑交付的机器调度/work1/instances/no_outsourcing/data/n020-set04/random/high-heterogeneous/wide/m4.dat	66b481e3c9b2c89e34b0220a468f6d1358388538acad2e830f31210f3352cfa5
D:/ccx_work/考虑交付的机器调度/work1/instances/no_outsourcing/data/n020-set04/family/base/zero/m2.dat	e2e1b76eaa70badf81e0beebf7ac6db4d1b14c0df6187924cedb74523c7b7703
D:/ccx_work/考虑交付的机器调度/work1/instances/no_outsourcing/data/n020-set04/family/base/zero/m3.dat	60f003553dbab67f060efd6db49c1a632d92b609ee724bfb65707c9750a13c7e
D:/ccx_work/考虑交付的机器调度/work1/instances/no_outsourcing/data/n020-set04/family/base/zero/m4.dat	cce151b96060a72e9bcdc2f9a1214303f46bcc3c02100d8028aac765437921fd
D:/ccx_work/考虑交付的机器调度/work1/instances/no_outsourcing/data/n020-set04/family/base/narrow/m2.dat	4a61456230d16db6b0e3d1a526764814d03281cdfad0ea00e798ee7176293f45
D:/ccx_work/考虑交付的机器调度/work1/instances/no_outsourcing/data/n020-set04/family/base/narrow/m3.dat	8531158539aee150371951f168ebf2308d1e2472a8bddd034a26b6f04d96215c
D:/ccx_work/考虑交付的机器调度/work1/instances/no_outsourcing/data/n020-set04/family/base/narrow/m4.dat	9dda8184b0fc29b5ce23770a8f4509078b294efdb1f92ddf1f2b84cbca783328
D:/ccx_work/考虑交付的机器调度/work1/instances/no_outsourcing/data/n020-set04/family/base/wide/m2.dat	aef45491edf80508900593184dc50eb865dfd602e575753d0139b52fdb2c66de
D:/ccx_work/考虑交付的机器调度/work1/instances/no_outsourcing/data/n020-set04/family/base/wide/m3.dat	3a99ae28ae51349b01431256cae2f7aa7084eb38448b3e5f9fb8dad99552964d
D:/ccx_work/考虑交付的机器调度/work1/instances/no_outsourcing/data/n020-set04/family/base/wide/m4.dat	d5a52097d833c85cddaf9ec23027971ec252986e30d480daf00d1154ea696b2a
D:/ccx_work/考虑交付的机器调度/work1/instances/no_outsourcing/data/n020-set04/family/medium-heterogeneous/zero/m2.dat	d190c36f83d59e4a1687d72d9093f072f6e0f7c392eb8b7dc76d32dec23bd880
D:/ccx_work/考虑交付的机器调度/work1/instances/no_outsourcing/data/n020-set04/family/medium-heterogeneous/zero/m3.dat	9fe8dc906bec1895c99609d3179cad0f4ab821f0f3b0f75b623ac0330fe36a3e
D:/ccx_work/考虑交付的机器调度/work1/instances/no_outsourcing/data/n020-set04/family/medium-heterogeneous/zero/m4.dat	51dc2ba586b6fd40b91dae4e2e8af0098aca525165b8a42ac6770090d1836285
D:/ccx_work/考虑交付的机器调度/work1/instances/no_outsourcing/data/n020-set04/family/medium-heterogeneous/narrow/m2.dat	2653a88d13554df066f40da8b6815dc5ddc685f0b54974b3cc809e1ad7477efb
D:/ccx_work/考虑交付的机器调度/work1/instances/no_outsourcing/data/n020-set04/family/medium-heterogeneous/narrow/m3.dat	d1ebf7f2f094155fb22f44edce81400b5e0892e0712135c72204830aec8a4c54
D:/ccx_work/考虑交付的机器调度/work1/instances/no_outsourcing/data/n020-set04/family/medium-heterogeneous/narrow/m4.dat	4129653b2bb77b7a4cb614ae9aafd860515ea36006af87e11403cd1d6f3a9d1b
D:/ccx_work/考虑交付的机器调度/work1/instances/no_outsourcing/data/n020-set04/family/medium-heterogeneous/wide/m2.dat	04bbbb4860e5528095b03e67bbd3eef5cd5411b3f766d251268f549b30171034
D:/ccx_work/考虑交付的机器调度/work1/instances/no_outsourcing/data/n020-set04/family/medium-heterogeneous/wide/m3.dat	b7e375eb0fb0be9f853fe7abff51756dbe895b68182714493ff2e21103c042d7
D:/ccx_work/考虑交付的机器调度/work1/instances/no_outsourcing/data/n020-set04/family/medium-heterogeneous/wide/m4.dat	8b82c24c3219667b48322851c6ab98ab6edfcb4d35253e11a56389b660ae666e
D:/ccx_work/考虑交付的机器调度/work1/instances/no_outsourcing/data/n020-set04/family/high-heterogeneous/zero/m2.dat	d8687be68bab1e3bf471cc84ab8d0c0a815d786a5c48fc96344aa0978d8517c2
D:/ccx_work/考虑交付的机器调度/work1/instances/no_outsourcing/data/n020-set04/family/high-heterogeneous/zero/m3.dat	1375ed7bb81896f402861eadddda7c16f5dd9725da08bc650cc50251eb8c60e9
D:/ccx_work/考虑交付的机器调度/work1/instances/no_outsourcing/data/n020-set04/family/high-heterogeneous/zero/m4.dat	2e56859cead0375d62f8f7e70bd2112b3acbed8fc479c6444823eb00201070ea
D:/ccx_work/考虑交付的机器调度/work1/instances/no_outsourcing/data/n020-set04/family/high-heterogeneous/narrow/m2.dat	b32832025352c95eae9e19c646dcd38f8b552ddc0035446c109d0e9f022a8ee5
D:/ccx_work/考虑交付的机器调度/work1/instances/no_outsourcing/data/n020-set04/family/high-heterogeneous/narrow/m3.dat	10a6b1787833c3114268171f15ff1c6b7e22d467d3d7734ff159faca0d99226f
D:/ccx_work/考虑交付的机器调度/work1/instances/no_outsourcing/data/n020-set04/family/high-heterogeneous/narrow/m4.dat	bdc9f99c0db4ce3a072bc97cc90180ee1f5de987a6e908794634a1a6f186c731
D:/ccx_work/考虑交付的机器调度/work1/instances/no_outsourcing/data/n020-set04/family/high-heterogeneous/wide/m2.dat	76324d45d9ad7c3ab24ca4c69402ffbbc4f79bf8af09eecf095b72f3977edf40
D:/ccx_work/考虑交付的机器调度/work1/instances/no_outsourcing/data/n020-set04/family/high-heterogeneous/wide/m3.dat	63215ea884809e78a7b43cab930dbaed33773ff84bf1878755d1cf0a923714e0
D:/ccx_work/考虑交付的机器调度/work1/instances/no_outsourcing/data/n020-set04/family/high-heterogeneous/wide/m4.dat	cf63a8dacffba3d668f5721c5174b3b2a7ea1d060f75f63206b02744f2504c5b
D:/ccx_work/考虑交付的机器调度/work1/instances/no_outsourcing/data/n020-set05/random/base/zero/m2.dat	cea6090a6d2f58d5c76279f9a6049b8335301c2f17f543c66a1a303f098d475d
D:/ccx_work/考虑交付的机器调度/work1/instances/no_outsourcing/data/n020-set05/random/base/zero/m3.dat	7407a6ade0c77aa06438f03f0404346078bf345d5c6e0003ec5e9feb5337d52c
D:/ccx_work/考虑交付的机器调度/work1/instances/no_outsourcing/data/n020-set05/random/base/zero/m4.dat	ca76146dde8a3138e476e869c870e6104ed34855d0b0c54a5ad749808c647397
D:/ccx_work/考虑交付的机器调度/work1/instances/no_outsourcing/data/n020-set05/random/base/narrow/m2.dat	162674b5a490ac292629a3dac6ce3765a4a6f4ea7a533f4c26863d61d6f9349e
D:/ccx_work/考虑交付的机器调度/work1/instances/no_outsourcing/data/n020-set05/random/base/narrow/m3.dat	52f572ddec234c97d978186e76beb72d23062be09de2483bcb5c0deeb8e16990
D:/ccx_work/考虑交付的机器调度/work1/instances/no_outsourcing/data/n020-set05/random/base/narrow/m4.dat	59988a3931433127b4b320fa7796c982f900a4c66204f00ad9259b808a31e901
D:/ccx_work/考虑交付的机器调度/work1/instances/no_outsourcing/data/n020-set05/random/base/wide/m2.dat	9e3685b3c6925f7219a938df966a490c3b8191996edb468b9abd4f461e25230a
D:/ccx_work/考虑交付的机器调度/work1/instances/no_outsourcing/data/n020-set05/random/base/wide/m3.dat	6a823bb4cd264497906b345942ebc48754a78422f564465b02be8bdab7624ed6
D:/ccx_work/考虑交付的机器调度/work1/instances/no_outsourcing/data/n020-set05/random/base/wide/m4.dat	964b64d6105715447253afdd66c5f8df7dadf47fdda28337773125c6fbedc637
D:/ccx_work/考虑交付的机器调度/work1/instances/no_outsourcing/data/n020-set05/random/medium-heterogeneous/zero/m2.dat	43eb96ced460eb99bfc5ab0e9cffd595806ac681a196f1d4f1a7d6e88ac097ca
D:/ccx_work/考虑交付的机器调度/work1/instances/no_outsourcing/data/n020-set05/random/medium-heterogeneous/zero/m3.dat	a506e37401f1dfc6be8bc4aa6f2b881e616889691a7b8b489a3eea8bb29a9b8f
D:/ccx_work/考虑交付的机器调度/work1/instances/no_outsourcing/data/n020-set05/random/medium-heterogeneous/zero/m4.dat	db085dc87c5571b8c7f38dda523f090678009aaebb6bbf7734cc9feeab03dff0
D:/ccx_work/考虑交付的机器调度/work1/instances/no_outsourcing/data/n020-set05/random/medium-heterogeneous/narrow/m2.dat	9c6aaf530f406762dfcfbca9c9da932e1bbefca505786e62f1b6f572719af271
D:/ccx_work/考虑交付的机器调度/work1/instances/no_outsourcing/data/n020-set05/random/medium-heterogeneous/narrow/m3.dat	e591756f05ad212c54a82ede0e0e7de299923ce24dd4d97168719ae98387dc21
D:/ccx_work/考虑交付的机器调度/work1/instances/no_outsourcing/data/n020-set05/random/medium-heterogeneous/narrow/m4.dat	365075d2cf0339fc1a9abad6cd3390987047cf2f26156b49a789e6d333594b15
D:/ccx_work/考虑交付的机器调度/work1/instances/no_outsourcing/data/n020-set05/random/medium-heterogeneous/wide/m2.dat	cb6762aead48e8087e005249c9d4e79395afdceae7cc1949fea4e7f678719f4f
D:/ccx_work/考虑交付的机器调度/work1/instances/no_outsourcing/data/n020-set05/random/medium-heterogeneous/wide/m3.dat	ba7733a145410bedcdef7c0162077dc9c426108a0696096e725138aed8f5e8d8
D:/ccx_work/考虑交付的机器调度/work1/instances/no_outsourcing/data/n020-set05/random/medium-heterogeneous/wide/m4.dat	0daed494194c426f7e61faf00ace18814b3bd3dbca9e1729c75a115b8caf73ed
D:/ccx_work/考虑交付的机器调度/work1/instances/no_outsourcing/data/n020-set05/random/high-heterogeneous/zero/m2.dat	c542cbba54d2a3778a7c51e3404e2c5c25d32cdf79e230e45fb2aecc7b887295
D:/ccx_work/考虑交付的机器调度/work1/instances/no_outsourcing/data/n020-set05/random/high-heterogeneous/zero/m3.dat	01ed0b68c89662cfd94df354f8739a476dd4dd7e77331fac051a79553cd3d92e
D:/ccx_work/考虑交付的机器调度/work1/instances/no_outsourcing/data/n020-set05/random/high-heterogeneous/zero/m4.dat	17d582c28b817cbc5ceb951c0865b01da2b3eab8d724cbdc142ea482e9beb523
D:/ccx_work/考虑交付的机器调度/work1/instances/no_outsourcing/data/n020-set05/random/high-heterogeneous/narrow/m2.dat	2c0d849411f294c0748859fdfdd2f926be3bb8f23280015cfcb55650dc207f98
D:/ccx_work/考虑交付的机器调度/work1/instances/no_outsourcing/data/n020-set05/random/high-heterogeneous/narrow/m3.dat	2981beff7df9f374a85e86178bafa669fa6daac3f03e7f20920ce71c351da8f0
D:/ccx_work/考虑交付的机器调度/work1/instances/no_outsourcing/data/n020-set05/random/high-heterogeneous/narrow/m4.dat	e167d83d95fad9c52e83f80305ef37a84aef08c7ec25eae4a239a60bb623f139
D:/ccx_work/考虑交付的机器调度/work1/instances/no_outsourcing/data/n020-set05/random/high-heterogeneous/wide/m2.dat	4481b7a731693d767be9e53b06b5b7f0caa9be57fe81cbc350b2ff62118c4b41
D:/ccx_work/考虑交付的机器调度/work1/instances/no_outsourcing/data/n020-set05/random/high-heterogeneous/wide/m3.dat	55983560db7cb527d676f6532c6f88b1dcb5eab61ef852cc29bde22ce3fb2b7e
D:/ccx_work/考虑交付的机器调度/work1/instances/no_outsourcing/data/n020-set05/random/high-heterogeneous/wide/m4.dat	3316c1f12b778ae6837135290e87d50ba793fea3b754b5144a72185b47ae3b88
D:/ccx_work/考虑交付的机器调度/work1/instances/no_outsourcing/data/n020-set05/family/base/zero/m2.dat	360df8a2fed56de7bdffd6a0dd8622045a145422e73f072f45901c833e7859b5
D:/ccx_work/考虑交付的机器调度/work1/instances/no_outsourcing/data/n020-set05/family/base/zero/m3.dat	90917cb98f10e41622e56548f9cc9a09e6b4303740368ff790f1a33de3444251
D:/ccx_work/考虑交付的机器调度/work1/instances/no_outsourcing/data/n020-set05/family/base/zero/m4.dat	11dc3e9ae3029ebdbec7daa613c4583689232f0ec2d26728a195888f6e5864fd
D:/ccx_work/考虑交付的机器调度/work1/instances/no_outsourcing/data/n020-set05/family/base/narrow/m2.dat	b288432072d43988fab2e3204ab98abcc4fa1ba885b76d14d8b4d42e32ffca67
D:/ccx_work/考虑交付的机器调度/work1/instances/no_outsourcing/data/n020-set05/family/base/narrow/m3.dat	71f7a40d0489571dc0fd634f7959fb0b96b1f2ad218eb6b7831a45d66d75c58f
D:/ccx_work/考虑交付的机器调度/work1/instances/no_outsourcing/data/n020-set05/family/base/narrow/m4.dat	d0f0cfb12969cfc34321130f5bc64984ada1a6f0bdb4c50769ea4e874e78ac17
D:/ccx_work/考虑交付的机器调度/work1/instances/no_outsourcing/data/n020-set05/family/base/wide/m2.dat	81ff2d6d9082d921130c74e6de61bcfa362e618dc6889201aabb20a50006a590
D:/ccx_work/考虑交付的机器调度/work1/instances/no_outsourcing/data/n020-set05/family/base/wide/m3.dat	86bbbc048936425ed97bc852cbbf7e3e6d47c9f799db87c21a2a52b916745f9a
D:/ccx_work/考虑交付的机器调度/work1/instances/no_outsourcing/data/n020-set05/family/base/wide/m4.dat	1651cbb6d00c3c1731b57b68f917fb89c8570efc6dc52f44b276ab868c7c24c2
D:/ccx_work/考虑交付的机器调度/work1/instances/no_outsourcing/data/n020-set05/family/medium-heterogeneous/zero/m2.dat	68b70133d1b2989994aaf12d6ecb2602825c660f8cecc7e741e65e971cdc1dcf
D:/ccx_work/考虑交付的机器调度/work1/instances/no_outsourcing/data/n020-set05/family/medium-heterogeneous/zero/m3.dat	bcc83d6db935793a04aa3c09ec3910825a0756a01a28caa3e24205019594d46d
D:/ccx_work/考虑交付的机器调度/work1/instances/no_outsourcing/data/n020-set05/family/medium-heterogeneous/zero/m4.dat	5fac2ec286b209917f6f79250b1c5db91ba512d63e4ee6b515143eb7a7ddb2fd
D:/ccx_work/考虑交付的机器调度/work1/instances/no_outsourcing/data/n020-set05/family/medium-heterogeneous/narrow/m2.dat	d8300f8f48d99d571f807ae73fc8652f06f8b5a57d451e3ab8d47796e9eef545
D:/ccx_work/考虑交付的机器调度/work1/instances/no_outsourcing/data/n020-set05/family/medium-heterogeneous/narrow/m3.dat	d47d117fa44574f4d33e537ee05ac91a962d1dc9e8ebee24f417ccc923539882
D:/ccx_work/考虑交付的机器调度/work1/instances/no_outsourcing/data/n020-set05/family/medium-heterogeneous/narrow/m4.dat	d91cd5343c9cab1cac59f82c3f62973fd460676d35e39ba4b0dbbebf4eb8858f
D:/ccx_work/考虑交付的机器调度/work1/instances/no_outsourcing/data/n020-set05/family/medium-heterogeneous/wide/m2.dat	2811ff2a7179aa41d4d2bb44f5e135952a20ea732f85b963e00f4abdc8e936fe
D:/ccx_work/考虑交付的机器调度/work1/instances/no_outsourcing/data/n020-set05/family/medium-heterogeneous/wide/m3.dat	1d922d75efc19645199d965619670b7565902400a6f10e5251e80680371bc4f1
D:/ccx_work/考虑交付的机器调度/work1/instances/no_outsourcing/data/n020-set05/family/medium-heterogeneous/wide/m4.dat	ce9dfbb1d1564548447934d5c7a7d06d8c41d9f998137c13a049fa7bbbf6e4a6
D:/ccx_work/考虑交付的机器调度/work1/instances/no_outsourcing/data/n020-set05/family/high-heterogeneous/zero/m2.dat	21cbdc9ffc96c5ff6dbb34c19663ff8bf05d8e535d7c813b41d5d93fc64644cc
D:/ccx_work/考虑交付的机器调度/work1/instances/no_outsourcing/data/n020-set05/family/high-heterogeneous/zero/m3.dat	8baa8107d55dd9317d4cc4b1a004dda944c746702941dea717066b22109f8721
D:/ccx_work/考虑交付的机器调度/work1/instances/no_outsourcing/data/n020-set05/family/high-heterogeneous/zero/m4.dat	26a3c1c7d01fe37f4fffaf2cbb4c780ca56d912cff34cf3da8df843b50092934
D:/ccx_work/考虑交付的机器调度/work1/instances/no_outsourcing/data/n020-set05/family/high-heterogeneous/narrow/m2.dat	f97f48e6ff102c42539163fa38744597e76f43784d4b80ea929ecae6a541edfe
D:/ccx_work/考虑交付的机器调度/work1/instances/no_outsourcing/data/n020-set05/family/high-heterogeneous/narrow/m3.dat	7a722b8fd785175b10dfa37b34fe281e37dce254c2490f82c8444bdf75db8913
D:/ccx_work/考虑交付的机器调度/work1/instances/no_outsourcing/data/n020-set05/family/high-heterogeneous/narrow/m4.dat	f305c7184581d2719252d9f39c6da4c4915f18d4e027cdffe354919d63e9d6b0
D:/ccx_work/考虑交付的机器调度/work1/instances/no_outsourcing/data/n020-set05/family/high-heterogeneous/wide/m2.dat	158ee774239234b06e0355de486223454f3c4256eca39fc866ae082f82f8435f
D:/ccx_work/考虑交付的机器调度/work1/instances/no_outsourcing/data/n020-set05/family/high-heterogeneous/wide/m3.dat	afd5b07324f478d7ec97986ed39cf15e496ca1d23e74ce3eb075ec6b06ef4347
D:/ccx_work/考虑交付的机器调度/work1/instances/no_outsourcing/data/n020-set05/family/high-heterogeneous/wide/m4.dat	1b15d893156d0d41948f8fb9a4e32432ea83609456c99fe17c712b617f101629
D:/ccx_work/考虑交付的机器调度/work1/instances/no_outsourcing/data/n040-set01/random/base/zero/m2.dat	06a64295ec2fa47c345823cdaa080175266a0413c227b7f926fedd467b5f9075
D:/ccx_work/考虑交付的机器调度/work1/instances/no_outsourcing/data/n040-set01/random/base/zero/m3.dat	3e35b1bc13ab9b1e2e2675b6f061589c4a926958da931104045be14dd5cf7830
D:/ccx_work/考虑交付的机器调度/work1/instances/no_outsourcing/data/n040-set01/random/base/zero/m4.dat	a4dc7bfe492e6d8033db6ae916bfe9ba0337953610b7bf36823edaef4aeb4b14
D:/ccx_work/考虑交付的机器调度/work1/instances/no_outsourcing/data/n040-set01/random/base/narrow/m2.dat	0c636428b199fcbb2da6d7442ad9c4ff5068cd47e5256b9e4d673ad02030df47
D:/ccx_work/考虑交付的机器调度/work1/instances/no_outsourcing/data/n040-set01/random/base/narrow/m3.dat	39bebccf232eef4f17df0564e949eaf1ee676e931ee1df88b4fa9e7f9281755f
D:/ccx_work/考虑交付的机器调度/work1/instances/no_outsourcing/data/n040-set01/random/base/narrow/m4.dat	c3dd68c64838f7a3800863623494153adc4907cca73ef17eb78c05a07ddb9289
D:/ccx_work/考虑交付的机器调度/work1/instances/no_outsourcing/data/n040-set01/random/base/wide/m2.dat	08285f8424734e37ace02c61521bd90ce0eece8ade94169565b63cf6ca589ae6
D:/ccx_work/考虑交付的机器调度/work1/instances/no_outsourcing/data/n040-set01/random/base/wide/m3.dat	959e57e901f397e8c68e8ec92ca80b94edf3ebd5f94346a0223501178da6b17d
D:/ccx_work/考虑交付的机器调度/work1/instances/no_outsourcing/data/n040-set01/random/base/wide/m4.dat	047d3b87c3aae372346b5042ed2afe867c89d50b8a7d96aa05ee079490a67f14
D:/ccx_work/考虑交付的机器调度/work1/instances/no_outsourcing/data/n040-set01/random/medium-heterogeneous/zero/m2.dat	fd54c5f74c45dca8a62a999e01dae5b8f19aa3c8b9b55222aa5aec9b19259ac1
D:/ccx_work/考虑交付的机器调度/work1/instances/no_outsourcing/data/n040-set01/random/medium-heterogeneous/zero/m3.dat	6609e383db758e44d40a49b107067a677a0ed2c7ce8173a7bc8d3fe65bad3086
D:/ccx_work/考虑交付的机器调度/work1/instances/no_outsourcing/data/n040-set01/random/medium-heterogeneous/zero/m4.dat	129cd4bf101ecf5cbc402b20d93224ff15f0f37ccf46985f9ead0a5d29afda82
D:/ccx_work/考虑交付的机器调度/work1/instances/no_outsourcing/data/n040-set01/random/medium-heterogeneous/narrow/m2.dat	c0620405c8e2dce4201e47c1e037ff5c6a68bec1876ae5850f33d50253cd50bb
D:/ccx_work/考虑交付的机器调度/work1/instances/no_outsourcing/data/n040-set01/random/medium-heterogeneous/narrow/m3.dat	3c1afa9026f4ba6a996ed604f3b78038145e9f62817a0f33f80bc59f02c44e82
D:/ccx_work/考虑交付的机器调度/work1/instances/no_outsourcing/data/n040-set01/random/medium-heterogeneous/narrow/m4.dat	4af58fc1d70deb54750e686e55532ed70c60d01f57dce2e1ef08768d69fe1a8a
D:/ccx_work/考虑交付的机器调度/work1/instances/no_outsourcing/data/n040-set01/random/medium-heterogeneous/wide/m2.dat	2ae2e02a9f53bdeef5872ad46c0b9fa727163af367985186db02a0a6ecf2f11b
D:/ccx_work/考虑交付的机器调度/work1/instances/no_outsourcing/data/n040-set01/random/medium-heterogeneous/wide/m3.dat	7980221673faec06d9e49453ee767e8c959883d5f3250d18e31b4d9892053c14
D:/ccx_work/考虑交付的机器调度/work1/instances/no_outsourcing/data/n040-set01/random/medium-heterogeneous/wide/m4.dat	a2fda07bff8afeffc8a7c80962029c66ce7ee93d515213d3ee90b8206e852bcc
D:/ccx_work/考虑交付的机器调度/work1/instances/no_outsourcing/data/n040-set01/random/high-heterogeneous/zero/m2.dat	bfd05876a6450f0875e72fff5a8e8284a7e6e3da80740369fae9d1a929876371
D:/ccx_work/考虑交付的机器调度/work1/instances/no_outsourcing/data/n040-set01/random/high-heterogeneous/zero/m3.dat	4cbd68cd37b3aa57ba16f42b8103b6344fbbea47e8069c4d44aae3412375e43d
D:/ccx_work/考虑交付的机器调度/work1/instances/no_outsourcing/data/n040-set01/random/high-heterogeneous/zero/m4.dat	2b9453f0eb0313bea503086013e10dc3263635d0d4e079064b969370800ab326
D:/ccx_work/考虑交付的机器调度/work1/instances/no_outsourcing/data/n040-set01/random/high-heterogeneous/narrow/m2.dat	0f89e3e2c8bfc72da6fde6f3d20afb1ebe125b1330bc3d8efd112527d4af6edb
D:/ccx_work/考虑交付的机器调度/work1/instances/no_outsourcing/data/n040-set01/random/high-heterogeneous/narrow/m3.dat	ff39ea6854738540cda75c536fec435bb192e92befb5f7311c15c0c422fd6a44
D:/ccx_work/考虑交付的机器调度/work1/instances/no_outsourcing/data/n040-set01/random/high-heterogeneous/narrow/m4.dat	a58329b1defdffdd7a7af5d7ba9d258ad48a517152780c2934d02af65ccfe001
D:/ccx_work/考虑交付的机器调度/work1/instances/no_outsourcing/data/n040-set01/random/high-heterogeneous/wide/m2.dat	55b76e7e17d474d223474e8ce22ec6f2bace620005bec395e8d2bdcc15a3be80
D:/ccx_work/考虑交付的机器调度/work1/instances/no_outsourcing/data/n040-set01/random/high-heterogeneous/wide/m3.dat	5831314691cc8b4c514f95446e92dc458a8c0b74f985e598b040866095f0aa90
D:/ccx_work/考虑交付的机器调度/work1/instances/no_outsourcing/data/n040-set01/random/high-heterogeneous/wide/m4.dat	828faf0345b17b1069c8b4c2842545027ccc5fef899db1f96b30986e75d1e773
D:/ccx_work/考虑交付的机器调度/work1/instances/no_outsourcing/data/n040-set01/family/base/zero/m2.dat	604ba1f1c40d954b000680c32ca7af6b63d1d6ca1a756737fd8bd0287d9aa1ae
D:/ccx_work/考虑交付的机器调度/work1/instances/no_outsourcing/data/n040-set01/family/base/zero/m3.dat	fc5a7ff17a14726b76c450477d2e1c7c0ec3ddc4a19a155baff8659521238c87
D:/ccx_work/考虑交付的机器调度/work1/instances/no_outsourcing/data/n040-set01/family/base/zero/m4.dat	76c8349a81039749e3171836659dbfa26985d74d7584a0b76f3d32ee103bf258
D:/ccx_work/考虑交付的机器调度/work1/instances/no_outsourcing/data/n040-set01/family/base/narrow/m2.dat	3a43ff79548b8115bddcd7aebbccdcb377ec333d45dc37d6386b1e65dc9b6937
D:/ccx_work/考虑交付的机器调度/work1/instances/no_outsourcing/data/n040-set01/family/base/narrow/m3.dat	6205ac4810814649250e6ed79cbee41de3ed1bf398bda1a29630879318d8d47a
D:/ccx_work/考虑交付的机器调度/work1/instances/no_outsourcing/data/n040-set01/family/base/narrow/m4.dat	3168856b10adbaf3026371c00ce0eb704be36b3c43697eaf41b0af39b506df89
D:/ccx_work/考虑交付的机器调度/work1/instances/no_outsourcing/data/n040-set01/family/base/wide/m2.dat	5e7cf4086d78429ad3188be90a26ab9cb8fd2100a70123369b7b72d48528f5ee
D:/ccx_work/考虑交付的机器调度/work1/instances/no_outsourcing/data/n040-set01/family/base/wide/m3.dat	97c0765bc5dd579271bf501fffd0fc9d3f89b8126b9249a22e55b498fb4d2d07
D:/ccx_work/考虑交付的机器调度/work1/instances/no_outsourcing/data/n040-set01/family/base/wide/m4.dat	87d3bdb35c742635a4662d80ae05b251cc6689aaa169dbbfb70d192223508adc
D:/ccx_work/考虑交付的机器调度/work1/instances/no_outsourcing/data/n040-set01/family/medium-heterogeneous/zero/m2.dat	e21baf852b43ebba0f41a8d22b09f8e807a1b3262420187849da2ca508a1da28
D:/ccx_work/考虑交付的机器调度/work1/instances/no_outsourcing/data/n040-set01/family/medium-heterogeneous/zero/m3.dat	aeef0f779ad5119770d51c710b484a75c3455f25b0e019c19290b85f3b376b7f
D:/ccx_work/考虑交付的机器调度/work1/instances/no_outsourcing/data/n040-set01/family/medium-heterogeneous/zero/m4.dat	5193d64ab1dcbb3db48693ad763531786b2deb8c0c3ac70853e2aa0d67bda4a4
D:/ccx_work/考虑交付的机器调度/work1/instances/no_outsourcing/data/n040-set01/family/medium-heterogeneous/narrow/m2.dat	e5e139ef4264d3ba97334dbf322ab718c3a418e3e8f386abb57e5980081f6459
D:/ccx_work/考虑交付的机器调度/work1/instances/no_outsourcing/data/n040-set01/family/medium-heterogeneous/narrow/m3.dat	c02651601be9a2e14bfa169156f942e715ac8b619e51816242ca29fefc463ed9
D:/ccx_work/考虑交付的机器调度/work1/instances/no_outsourcing/data/n040-set01/family/medium-heterogeneous/narrow/m4.dat	75fb1ce9ce8e397b8749e85cc449e3f203fc086594e8405ae424b2c38dbd3830
D:/ccx_work/考虑交付的机器调度/work1/instances/no_outsourcing/data/n040-set01/family/medium-heterogeneous/wide/m2.dat	e3fb4ca9b352ac413be002b29ff6cb1e72ff9c63072c944af216baa521bc163f
D:/ccx_work/考虑交付的机器调度/work1/instances/no_outsourcing/data/n040-set01/family/medium-heterogeneous/wide/m3.dat	3c320a0017799aa0f37ee895594fcbd30f85ae35924add77801964a2a4a27c13
D:/ccx_work/考虑交付的机器调度/work1/instances/no_outsourcing/data/n040-set01/family/medium-heterogeneous/wide/m4.dat	1af426e62f9b05090694ffb7aadb967559548568a86b0f6da818cdebac4985fd
D:/ccx_work/考虑交付的机器调度/work1/instances/no_outsourcing/data/n040-set01/family/high-heterogeneous/zero/m2.dat	a54f303f45ac5aa23295c039325b34e35372aaacffdbba0aa59b1100d5d2a9c0
D:/ccx_work/考虑交付的机器调度/work1/instances/no_outsourcing/data/n040-set01/family/high-heterogeneous/zero/m3.dat	4f00f70cd791b30e8b05d8772a9c9aa135eba0cd9a9d1cf82f1d8b2c5aca168a
D:/ccx_work/考虑交付的机器调度/work1/instances/no_outsourcing/data/n040-set01/family/high-heterogeneous/zero/m4.dat	4ddfb3024ea2e2a85cc19f8b450d6600415513f7695432e5c05b571099fbb9f3
D:/ccx_work/考虑交付的机器调度/work1/instances/no_outsourcing/data/n040-set01/family/high-heterogeneous/narrow/m2.dat	423cf1097601c7507a6805ad17ae53b9cebcd38aa89f42174a70ea0f7129e817
D:/ccx_work/考虑交付的机器调度/work1/instances/no_outsourcing/data/n040-set01/family/high-heterogeneous/narrow/m3.dat	87fef46ecdadd85418f36cc0b9d953af788228a90beeb259e1fb7a9363d18eeb
D:/ccx_work/考虑交付的机器调度/work1/instances/no_outsourcing/data/n040-set01/family/high-heterogeneous/narrow/m4.dat	f5c9b694bf3faf7b70ab1233357ee86e26232dcd993b0154ad0d3a4139806755
D:/ccx_work/考虑交付的机器调度/work1/instances/no_outsourcing/data/n040-set01/family/high-heterogeneous/wide/m2.dat	ab8f311cf3db3f4d49a0666d12445cb1d4a04fa1e8e19c9a39b37a58dae17561
D:/ccx_work/考虑交付的机器调度/work1/instances/no_outsourcing/data/n040-set01/family/high-heterogeneous/wide/m3.dat	6a1bc2a6dc12e831703254eabffdfc624966967cbe59945f7e5b2d2c9582f2d5
D:/ccx_work/考虑交付的机器调度/work1/instances/no_outsourcing/data/n040-set01/family/high-heterogeneous/wide/m4.dat	f8f8962fdf61cc2da92df5e97c7ce127a37d24a8589c1522bd2a493bffd8d997
D:/ccx_work/考虑交付的机器调度/work1/instances/no_outsourcing/data/n040-set02/random/base/zero/m2.dat	8f308c58aca38f0c76130258556f37e6b4bfe6057c78c0b47e8ff78da6cd63d7
D:/ccx_work/考虑交付的机器调度/work1/instances/no_outsourcing/data/n040-set02/random/base/zero/m3.dat	58ea5fd5800a9a2d16f6bd610c878a6279b8792dbf2e8ae1ca14f172e9f95cba
D:/ccx_work/考虑交付的机器调度/work1/instances/no_outsourcing/data/n040-set02/random/base/zero/m4.dat	2c4f75bc35e9622a812612a600ccacb0b54706482877480c2b8af2d4ca2a7178
D:/ccx_work/考虑交付的机器调度/work1/instances/no_outsourcing/data/n040-set02/random/base/narrow/m2.dat	3140667fbc1c8feb436733fd428ea320b814425aaa942997584db7ffadd3c87c
D:/ccx_work/考虑交付的机器调度/work1/instances/no_outsourcing/data/n040-set02/random/base/narrow/m3.dat	cd82db1c8504fb97c49c4872bb896d6fad5dec6c3dac617e4812e7e739b47c43
D:/ccx_work/考虑交付的机器调度/work1/instances/no_outsourcing/data/n040-set02/random/base/narrow/m4.dat	3e0a41f4a62c9f70d84d3334b1b13ba4a764d9c40d28567cd5ff484a3369ea4d
D:/ccx_work/考虑交付的机器调度/work1/instances/no_outsourcing/data/n040-set02/random/base/wide/m2.dat	4953b2ca4e3c2aa00566524553e33e1b10d02aa9dfafa233d64c5092133c4331
D:/ccx_work/考虑交付的机器调度/work1/instances/no_outsourcing/data/n040-set02/random/base/wide/m3.dat	d612af1540a73e443b6da88200e50d0cb5e2b061f50ecc37fd1b142de741ea94
D:/ccx_work/考虑交付的机器调度/work1/instances/no_outsourcing/data/n040-set02/random/base/wide/m4.dat	fc0b35262f26845863c44cde256a65c2a2a6a041e83ffd99e91bc9393f15108b
D:/ccx_work/考虑交付的机器调度/work1/instances/no_outsourcing/data/n040-set02/random/medium-heterogeneous/zero/m2.dat	2f8ae4c7518e7cb2777f8a5c82add05191c08505fb00eef495f989ee93db73cc
D:/ccx_work/考虑交付的机器调度/work1/instances/no_outsourcing/data/n040-set02/random/medium-heterogeneous/zero/m3.dat	ce279e5cff4db8d914d5cb14752b1f340b8eb7abb6c81e8f6b37133f567a06e2
D:/ccx_work/考虑交付的机器调度/work1/instances/no_outsourcing/data/n040-set02/random/medium-heterogeneous/zero/m4.dat	ee33ff780885eea7e3cf8313b213120f7b683e6fb09a7a7b7b0223b563247b22
D:/ccx_work/考虑交付的机器调度/work1/instances/no_outsourcing/data/n040-set02/random/medium-heterogeneous/narrow/m2.dat	a7651f3e2714cdd3bd938eff7881a96bd98feb4394248760d79f537d54997f73
D:/ccx_work/考虑交付的机器调度/work1/instances/no_outsourcing/data/n040-set02/random/medium-heterogeneous/narrow/m3.dat	cc456363982040c715ff6fc06a48e17a8364390c264bc74e67148dc297fcab82
D:/ccx_work/考虑交付的机器调度/work1/instances/no_outsourcing/data/n040-set02/random/medium-heterogeneous/narrow/m4.dat	d77c4b409c7ee8ee64d78cc2484addb5a5d2731856cbe3525e9b4fa940773234
D:/ccx_work/考虑交付的机器调度/work1/instances/no_outsourcing/data/n040-set02/random/medium-heterogeneous/wide/m2.dat	2688a651d996c9a9357dc7a2eca355d11910677af8358bf1d33d984c9139ab93
D:/ccx_work/考虑交付的机器调度/work1/instances/no_outsourcing/data/n040-set02/random/medium-heterogeneous/wide/m3.dat	04e152fb07eeb8f7f3209d9ff05214e890197331f89428244231c122ac484d71
D:/ccx_work/考虑交付的机器调度/work1/instances/no_outsourcing/data/n040-set02/random/medium-heterogeneous/wide/m4.dat	026d3ff6bb9bb98d75c7599cc1424cfd8ed591784fcf1bd6b537a85120229bba
D:/ccx_work/考虑交付的机器调度/work1/instances/no_outsourcing/data/n040-set02/random/high-heterogeneous/zero/m2.dat	c4dea5adb66dc459b5f2fe4aa0aa258326a422895e8ff618e110a69da2339ffd
D:/ccx_work/考虑交付的机器调度/work1/instances/no_outsourcing/data/n040-set02/random/high-heterogeneous/zero/m3.dat	b25cc3deb43ed6136fb2c226402b2d276bd9a9982a638418852d25d00542bd2d
D:/ccx_work/考虑交付的机器调度/work1/instances/no_outsourcing/data/n040-set02/random/high-heterogeneous/zero/m4.dat	bc4751f0d2571bafa5b794558a0fef44d975e7165feaff5d75d83f3d53045bc2
D:/ccx_work/考虑交付的机器调度/work1/instances/no_outsourcing/data/n040-set02/random/high-heterogeneous/narrow/m2.dat	b1dc46924b0652c22f3e3bcef1dce6066bf7a29d24c82d9af257bdd42ff22879
D:/ccx_work/考虑交付的机器调度/work1/instances/no_outsourcing/data/n040-set02/random/high-heterogeneous/narrow/m3.dat	327f36b6cc08bf1383a5d17b5e4420585263ecd145d6ef9addef40208ffb2c9a
D:/ccx_work/考虑交付的机器调度/work1/instances/no_outsourcing/data/n040-set02/random/high-heterogeneous/narrow/m4.dat	b031742ab21ff95c228ad18db144f73462d9aff4f23a33716425ac22f81dec98
D:/ccx_work/考虑交付的机器调度/work1/instances/no_outsourcing/data/n040-set02/random/high-heterogeneous/wide/m2.dat	d46a4f2cd7f4d4579277f2945dfb839db341ceef7990d7f94d4304b859f7a6bd
D:/ccx_work/考虑交付的机器调度/work1/instances/no_outsourcing/data/n040-set02/random/high-heterogeneous/wide/m3.dat	f991cb8cfda0a55e0f1f8074c1341f3f95d4e7a55967f603680def63e51fd360
D:/ccx_work/考虑交付的机器调度/work1/instances/no_outsourcing/data/n040-set02/random/high-heterogeneous/wide/m4.dat	decc4335c25e7eb86ebbfe00b5a0a6a3757051916d1cfabe836f67b7c97f8c1c
D:/ccx_work/考虑交付的机器调度/work1/instances/no_outsourcing/data/n040-set02/family/base/zero/m2.dat	4031b97094102fe0c350920daa127850bc0c143d96531fffd1b00a1851560594
D:/ccx_work/考虑交付的机器调度/work1/instances/no_outsourcing/data/n040-set02/family/base/zero/m3.dat	a552ae3ca4752253c7f70426c5714e63dacf387a8aef7201e4425a80d07a8751
D:/ccx_work/考虑交付的机器调度/work1/instances/no_outsourcing/data/n040-set02/family/base/zero/m4.dat	f144eeee3034548c018f3d1a2648329d491e61d7400019f4ace5692a0e013350
D:/ccx_work/考虑交付的机器调度/work1/instances/no_outsourcing/data/n040-set02/family/base/narrow/m2.dat	a0871ac81e3a72f92c7a16917cc4bac95c2ccf95cdfa4a879541a65a885c0436
D:/ccx_work/考虑交付的机器调度/work1/instances/no_outsourcing/data/n040-set02/family/base/narrow/m3.dat	8bb871ef05ac03043c1ac8aeab01c3e6b830711e8790d10b5e42f4f434dbd2b4
D:/ccx_work/考虑交付的机器调度/work1/instances/no_outsourcing/data/n040-set02/family/base/narrow/m4.dat	6193a40bd743a3ef84cbff1538b92961fab117997472bbfd6e8179001e1253b9
D:/ccx_work/考虑交付的机器调度/work1/instances/no_outsourcing/data/n040-set02/family/base/wide/m2.dat	d9d791ea109d360888f426be1e35784be9f1f26de8ca87197ee54c03fb6a362d
D:/ccx_work/考虑交付的机器调度/work1/instances/no_outsourcing/data/n040-set02/family/base/wide/m3.dat	f79f5809500bfd9a983e266ab2f92a8858d97cb9d0c2d706294ae6cd72e9c3d0
D:/ccx_work/考虑交付的机器调度/work1/instances/no_outsourcing/data/n040-set02/family/base/wide/m4.dat	2f7143feaab16e019a87942991b3d1b0efcfcc7b2472ba8f57eb7e46401497d4
D:/ccx_work/考虑交付的机器调度/work1/instances/no_outsourcing/data/n040-set02/family/medium-heterogeneous/zero/m2.dat	acec5c5b1eb11752b5efb255a2f10139bd70320769e828bf3b816bb99b364232
D:/ccx_work/考虑交付的机器调度/work1/instances/no_outsourcing/data/n040-set02/family/medium-heterogeneous/zero/m3.dat	11ae93e7a33cb404f306b54e3ec90d8cb35aa916cc627048693654e3b9e39354
D:/ccx_work/考虑交付的机器调度/work1/instances/no_outsourcing/data/n040-set02/family/medium-heterogeneous/zero/m4.dat	b98ca590a252cf52ec3a4c23554dffeff9946241c8c12ae3f3586368fe66c73c
D:/ccx_work/考虑交付的机器调度/work1/instances/no_outsourcing/data/n040-set02/family/medium-heterogeneous/narrow/m2.dat	d31e13b47358eb39a3b817ec6a1f3afa141bc45f975869578d0744a170c44f8a
D:/ccx_work/考虑交付的机器调度/work1/instances/no_outsourcing/data/n040-set02/family/medium-heterogeneous/narrow/m3.dat	b0ea12c35d02165d6d7433d4d53f3c4e7efbb6b05789769b255db313d79ad8e4
D:/ccx_work/考虑交付的机器调度/work1/instances/no_outsourcing/data/n040-set02/family/medium-heterogeneous/narrow/m4.dat	cd70758e6d08cf42057da3673069220a42c09e2cba2993fe89e4fe0697e7018a
D:/ccx_work/考虑交付的机器调度/work1/instances/no_outsourcing/data/n040-set02/family/medium-heterogeneous/wide/m2.dat	770a7db193a90543dd75e3ff9753bb4985eb65de1216f28e228f6d99e9b8b3df
D:/ccx_work/考虑交付的机器调度/work1/instances/no_outsourcing/data/n040-set02/family/medium-heterogeneous/wide/m3.dat	24de1335aed5760915319c76a0fc325e8a8ae89e8a33b00afbdb43176b3dd555
D:/ccx_work/考虑交付的机器调度/work1/instances/no_outsourcing/data/n040-set02/family/medium-heterogeneous/wide/m4.dat	efd15f120db7f7b7e7c2e5cf59580582d844be6845c69214558d2f20965b1fca
D:/ccx_work/考虑交付的机器调度/work1/instances/no_outsourcing/data/n040-set02/family/high-heterogeneous/zero/m2.dat	a0c80c68ba2296d176b4f72564047f7359d38aee02b83d97599f7defcff913e4
D:/ccx_work/考虑交付的机器调度/work1/instances/no_outsourcing/data/n040-set02/family/high-heterogeneous/zero/m3.dat	f18e5bf67c51b9ad11d659ddf8a1729a657ebd8e34b2ee7385d599e1628c2140
D:/ccx_work/考虑交付的机器调度/work1/instances/no_outsourcing/data/n040-set02/family/high-heterogeneous/zero/m4.dat	9dadeca205d11c982eae591938b4b8e0af5ee211fc0f1c37e5fd2a7852fc4b0e
D:/ccx_work/考虑交付的机器调度/work1/instances/no_outsourcing/data/n040-set02/family/high-heterogeneous/narrow/m2.dat	327ded4119dadd6151c121187fa81749dbe67a948f672bac0a65c9cfa16d9c70
D:/ccx_work/考虑交付的机器调度/work1/instances/no_outsourcing/data/n040-set02/family/high-heterogeneous/narrow/m3.dat	f9f1348cc2f0b7dd4413f4e51b7bc0dc984553929cc2ec5ddddfb21023337fd3
D:/ccx_work/考虑交付的机器调度/work1/instances/no_outsourcing/data/n040-set02/family/high-heterogeneous/narrow/m4.dat	fcb970b27b4fe6c3690856951dd3c100f4863765ca61fb9f19bbef6edc1f15f8
D:/ccx_work/考虑交付的机器调度/work1/instances/no_outsourcing/data/n040-set02/family/high-heterogeneous/wide/m2.dat	206029aee9059974f41a857d60e4cf3d034aa8a9ea2ddc1f05058d21db784fec
D:/ccx_work/考虑交付的机器调度/work1/instances/no_outsourcing/data/n040-set02/family/high-heterogeneous/wide/m3.dat	28e7a6462d52fad6b5e05b37bfe6fe36e5f6dbee5b0f940355f3b423bf77f43c
D:/ccx_work/考虑交付的机器调度/work1/instances/no_outsourcing/data/n040-set02/family/high-heterogeneous/wide/m4.dat	0a1219e9c09f1d942b9fb90df5729d24519031a392aafe87cd891a3659dc2105
D:/ccx_work/考虑交付的机器调度/work1/instances/no_outsourcing/data/n040-set03/random/base/zero/m2.dat	45b8d88df0082c8ecf1745cf5d2920f10f46b303be61f4540b2d4d3f5a0f37cb
D:/ccx_work/考虑交付的机器调度/work1/instances/no_outsourcing/data/n040-set03/random/base/zero/m3.dat	d5bfc43e0f8150bd1e0e39c3f4c4e57090580715a4dcdd56d3c69b266d1ef883
D:/ccx_work/考虑交付的机器调度/work1/instances/no_outsourcing/data/n040-set03/random/base/zero/m4.dat	2997ee32c320cdea2f424b3ea2b358c1e8b02f67a30ad4ef8ae9de6df224da8b
D:/ccx_work/考虑交付的机器调度/work1/instances/no_outsourcing/data/n040-set03/random/base/narrow/m2.dat	8d80cc2031ad534e3f489416372e48fe9b94f58e0e81c5dd492a1ecd4f27aa6e
D:/ccx_work/考虑交付的机器调度/work1/instances/no_outsourcing/data/n040-set03/random/base/narrow/m3.dat	6e93f45d0e049b30ef49ce52ffa89918fdd3c31b6ba0b38351f095b48c23a6d1
D:/ccx_work/考虑交付的机器调度/work1/instances/no_outsourcing/data/n040-set03/random/base/narrow/m4.dat	43416b7c72b1ab19ae5851037e722b72a2515e2a821d22112b9c8299f1fd432d
D:/ccx_work/考虑交付的机器调度/work1/instances/no_outsourcing/data/n040-set03/random/base/wide/m2.dat	feeee2dd67ba269f6dcb76be93c5ea3b7188f1ad4358ace3b3aa2dcb7acdb04c
D:/ccx_work/考虑交付的机器调度/work1/instances/no_outsourcing/data/n040-set03/random/base/wide/m3.dat	fac9aad16e3c8716097649ea86326f7bddbdce5c497febca608887f19cae8e00
D:/ccx_work/考虑交付的机器调度/work1/instances/no_outsourcing/data/n040-set03/random/base/wide/m4.dat	9efaac4c0be83c4013851ff28ae75c5cc953a8a843f47f593f7aa289de57fa2b
D:/ccx_work/考虑交付的机器调度/work1/instances/no_outsourcing/data/n040-set03/random/medium-heterogeneous/zero/m2.dat	babc0762679b4b6bcb5592f0b2bc158117a843d584d14043736c5b559dbfe3c7
D:/ccx_work/考虑交付的机器调度/work1/instances/no_outsourcing/data/n040-set03/random/medium-heterogeneous/zero/m3.dat	b715a957715495e2962128b161eda3701e9d5809649ea6b0952c3bfbb5aa4b3f
D:/ccx_work/考虑交付的机器调度/work1/instances/no_outsourcing/data/n040-set03/random/medium-heterogeneous/zero/m4.dat	6c72b9bbbfff088835a16c1a1e4636189b796ed0dca640a5c88f169d8092fa5f
D:/ccx_work/考虑交付的机器调度/work1/instances/no_outsourcing/data/n040-set03/random/medium-heterogeneous/narrow/m2.dat	a77c4732d0dc4c658899ebaa96a5dd1e4016c353ce45151b40fa1e61774934f5
D:/ccx_work/考虑交付的机器调度/work1/instances/no_outsourcing/data/n040-set03/random/medium-heterogeneous/narrow/m3.dat	ee17108d838dd0621b2c1f69c8f59a688a98262bb6c2da038c1b5251b11a7ecf
D:/ccx_work/考虑交付的机器调度/work1/instances/no_outsourcing/data/n040-set03/random/medium-heterogeneous/narrow/m4.dat	bc5734f050c9946840bf667a4ddea80af22955d286f9a382d6ce224555e41d29
D:/ccx_work/考虑交付的机器调度/work1/instances/no_outsourcing/data/n040-set03/random/medium-heterogeneous/wide/m2.dat	d5d4b5b00cfc46385f9b7fca52d507f77a07528d756f6a844ccf41cb55a4210f
D:/ccx_work/考虑交付的机器调度/work1/instances/no_outsourcing/data/n040-set03/random/medium-heterogeneous/wide/m3.dat	046dd3a94471b2106b8be6e0fa641ce5a5e30f820fdd80df49f6aaa7e733326d
D:/ccx_work/考虑交付的机器调度/work1/instances/no_outsourcing/data/n040-set03/random/medium-heterogeneous/wide/m4.dat	50f16b790503b76bb1e936439ca115e884481a5d0e306b3eb1475909f8f3df04
D:/ccx_work/考虑交付的机器调度/work1/instances/no_outsourcing/data/n040-set03/random/high-heterogeneous/zero/m2.dat	b5a5e9629e75e160ed370ec5d503ee8c4a0b7555ef805a9f2d14de65b3a73cba
D:/ccx_work/考虑交付的机器调度/work1/instances/no_outsourcing/data/n040-set03/random/high-heterogeneous/zero/m3.dat	c177449bb90e7b491209eb9d5997d42fcbcfa6c87bbe612a2932eb0b46b6e885
D:/ccx_work/考虑交付的机器调度/work1/instances/no_outsourcing/data/n040-set03/random/high-heterogeneous/zero/m4.dat	946706b4eabb5e49eac0093d9df253202fd17aeefc97c0655085c8278be6ed08
D:/ccx_work/考虑交付的机器调度/work1/instances/no_outsourcing/data/n040-set03/random/high-heterogeneous/narrow/m2.dat	900178cc5d0f77a778c43f2007a5fdde75ef85d05f4c9eb1c4dac108c2b1459b
D:/ccx_work/考虑交付的机器调度/work1/instances/no_outsourcing/data/n040-set03/random/high-heterogeneous/narrow/m3.dat	2e0696251e767361a1c82a5929c7b323e458525cc7848691a9e6328421be9f95
D:/ccx_work/考虑交付的机器调度/work1/instances/no_outsourcing/data/n040-set03/random/high-heterogeneous/narrow/m4.dat	1806841a11fffa0ae8f6f397d4d45aea3a2934b1a0dc135505699780a600d6c5
D:/ccx_work/考虑交付的机器调度/work1/instances/no_outsourcing/data/n040-set03/random/high-heterogeneous/wide/m2.dat	aa2a20576d747c1069940332e8392be73a9f802d43066fc6249846a695e12f40
D:/ccx_work/考虑交付的机器调度/work1/instances/no_outsourcing/data/n040-set03/random/high-heterogeneous/wide/m3.dat	b2e04ea2cdce603dd4228104709b331abd8d4ad406dad4ed56c20b4e7b249089
D:/ccx_work/考虑交付的机器调度/work1/instances/no_outsourcing/data/n040-set03/random/high-heterogeneous/wide/m4.dat	9324853e94aeca1ef2f3d40c2f9b6de211dfe16171088f9ae17f8edd7bafc3f9
D:/ccx_work/考虑交付的机器调度/work1/instances/no_outsourcing/data/n040-set03/family/base/zero/m2.dat	2b892402fa778e314cd036a95a4b2fb5480e16ea73275275e95b7e15a367596b
D:/ccx_work/考虑交付的机器调度/work1/instances/no_outsourcing/data/n040-set03/family/base/zero/m3.dat	59adf4d7225672fb2e0713cac8bf2ee77c458777b22956e532f25d9f71e19807
D:/ccx_work/考虑交付的机器调度/work1/instances/no_outsourcing/data/n040-set03/family/base/zero/m4.dat	72ee557a37b42bfe1a0aa16c712bfc9ebb99a87e82025a853d7abffd2d42180b
D:/ccx_work/考虑交付的机器调度/work1/instances/no_outsourcing/data/n040-set03/family/base/narrow/m2.dat	2279bfccfb345889eb5bab9de1b40ce791defcd4e6e4ed077d17e92126f990a5
D:/ccx_work/考虑交付的机器调度/work1/instances/no_outsourcing/data/n040-set03/family/base/narrow/m3.dat	c23b5f497197f58ae13c67bd95adefc31bcf9c8fdc59d461b603ce04693a5e51
D:/ccx_work/考虑交付的机器调度/work1/instances/no_outsourcing/data/n040-set03/family/base/narrow/m4.dat	9378464ddbaf5df1213e2d4fd5e4ab1f70b586b650e5b2ebe2158d01f1cfb637
D:/ccx_work/考虑交付的机器调度/work1/instances/no_outsourcing/data/n040-set03/family/base/wide/m2.dat	bc1be87efc86fe0af91c350382d140e20e7eaae430910228aa39444f3e5d6dd9
D:/ccx_work/考虑交付的机器调度/work1/instances/no_outsourcing/data/n040-set03/family/base/wide/m3.dat	825f3d2c187cf4dd1a776e1dcab177d35e5a6a91ca9da9f30f6aab14d8453735
D:/ccx_work/考虑交付的机器调度/work1/instances/no_outsourcing/data/n040-set03/family/base/wide/m4.dat	d5dd5bbbcea73c904e927e159ef79e86ba55dfc4598babec85898c875bce5eb1
D:/ccx_work/考虑交付的机器调度/work1/instances/no_outsourcing/data/n040-set03/family/medium-heterogeneous/zero/m2.dat	dad023f1f22ff31bccb15e482f76396bdb94b12e9c3d03e8488ee3727d38ffda
D:/ccx_work/考虑交付的机器调度/work1/instances/no_outsourcing/data/n040-set03/family/medium-heterogeneous/zero/m3.dat	663872ef8a084e86d22c88a83c7dd5668c3b1636bdba87068a2232113f9aff65
D:/ccx_work/考虑交付的机器调度/work1/instances/no_outsourcing/data/n040-set03/family/medium-heterogeneous/zero/m4.dat	b0761a9aad8994e92fcb75bcf1945dbb6b2ef7ea5d220ca0e5a64b2660a01a96
D:/ccx_work/考虑交付的机器调度/work1/instances/no_outsourcing/data/n040-set03/family/medium-heterogeneous/narrow/m2.dat	eb7f3387b87aa828979b7cfa04a0a1ee942205175dc5c881d009dba78f76562d
D:/ccx_work/考虑交付的机器调度/work1/instances/no_outsourcing/data/n040-set03/family/medium-heterogeneous/narrow/m3.dat	0564f5e245fee3824f6e684c88ba9d2909dcc3918c130c974f2a234eded49feb
D:/ccx_work/考虑交付的机器调度/work1/instances/no_outsourcing/data/n040-set03/family/medium-heterogeneous/narrow/m4.dat	17f3b537b6b10d582835076cb483f98d7f7fa6f4af1591b98d3a7fbdf547efe9
D:/ccx_work/考虑交付的机器调度/work1/instances/no_outsourcing/data/n040-set03/family/medium-heterogeneous/wide/m2.dat	681d79c7de70156efb043105bddb9d6014e84ae72cee724e55726a764ddc50ed
D:/ccx_work/考虑交付的机器调度/work1/instances/no_outsourcing/data/n040-set03/family/medium-heterogeneous/wide/m3.dat	d75de6984e3e0df5bd13363973fef2e34de3c5f51bec7036adb3dc3322cf32b5
D:/ccx_work/考虑交付的机器调度/work1/instances/no_outsourcing/data/n040-set03/family/medium-heterogeneous/wide/m4.dat	ecd9213aebab3c40cbf1a64804d8748fbe972388028576fec2e18823443b2787
D:/ccx_work/考虑交付的机器调度/work1/instances/no_outsourcing/data/n040-set03/family/high-heterogeneous/zero/m2.dat	4d122898925552a45028457649d777d1d58a36994aa00b4c3688229d03965c6c
D:/ccx_work/考虑交付的机器调度/work1/instances/no_outsourcing/data/n040-set03/family/high-heterogeneous/zero/m3.dat	e7250e11393b6a9fbd6959f2c269e6300dea80ddcf601f3182b88bfa3fc650be
D:/ccx_work/考虑交付的机器调度/work1/instances/no_outsourcing/data/n040-set03/family/high-heterogeneous/zero/m4.dat	7593ab14ab5e99caa5a123730703e0661ce293233f3832747d27cf1540e6e85c
D:/ccx_work/考虑交付的机器调度/work1/instances/no_outsourcing/data/n040-set03/family/high-heterogeneous/narrow/m2.dat	2c7a1989143d240f9d22e1dd455910e53cfef74378d62209f253c3acc8e382b0
D:/ccx_work/考虑交付的机器调度/work1/instances/no_outsourcing/data/n040-set03/family/high-heterogeneous/narrow/m3.dat	29e29bc66e8cce13eb3955aff5470e16abd662c94fcf49677fc38b59f986fe2a
D:/ccx_work/考虑交付的机器调度/work1/instances/no_outsourcing/data/n040-set03/family/high-heterogeneous/narrow/m4.dat	86684ad52aab88a21c409dcc08f7e8b71adb21cd19a2c59c1ac644f96f08df40
D:/ccx_work/考虑交付的机器调度/work1/instances/no_outsourcing/data/n040-set03/family/high-heterogeneous/wide/m2.dat	9473e7d3224deacb61bca647a84c07d66731b2f07f2cbe19549960665bf182a1
D:/ccx_work/考虑交付的机器调度/work1/instances/no_outsourcing/data/n040-set03/family/high-heterogeneous/wide/m3.dat	6dba0d102d1f17e0e298cefd2c99ff909c69ec4b82fe487be709eeefbf16e3dd
D:/ccx_work/考虑交付的机器调度/work1/instances/no_outsourcing/data/n040-set03/family/high-heterogeneous/wide/m4.dat	6db136c87b8a239670c6c4c986056da7e7791e551c1d8e59cc69641eff3db51a
D:/ccx_work/考虑交付的机器调度/work1/instances/no_outsourcing/data/n040-set04/random/base/zero/m2.dat	7207cd59ad8477a3cc69cd762747e9325359781aa80c45295f190d76758861a7
D:/ccx_work/考虑交付的机器调度/work1/instances/no_outsourcing/data/n040-set04/random/base/zero/m3.dat	fc160da80582a14797c996e9d4e01b2c76013b9c4db17762ac4edd51a1c2ce73
D:/ccx_work/考虑交付的机器调度/work1/instances/no_outsourcing/data/n040-set04/random/base/zero/m4.dat	bd34e0aa5a658fc57a68c663e816c874e791df30c9d70fc11227ff19d4db4c81
D:/ccx_work/考虑交付的机器调度/work1/instances/no_outsourcing/data/n040-set04/random/base/narrow/m2.dat	dfb0e77032594ab1086f13d87ea499f5f705103c57cb131cfa2567d0fced79c1
D:/ccx_work/考虑交付的机器调度/work1/instances/no_outsourcing/data/n040-set04/random/base/narrow/m3.dat	ea2313a6cffefdc6f7fc022b3bb9f1ff813b6c5b3fd8745034d85cc2dd0da866
D:/ccx_work/考虑交付的机器调度/work1/instances/no_outsourcing/data/n040-set04/random/base/narrow/m4.dat	7c62b39f0b27442befb1a876653c1a1d450267789475d8dcdf6fcbb27ddc7391
D:/ccx_work/考虑交付的机器调度/work1/instances/no_outsourcing/data/n040-set04/random/base/wide/m2.dat	2335c94b44eb234ce1a8e1373f580f419181c15940fd3f72214b03148eb3fe02
D:/ccx_work/考虑交付的机器调度/work1/instances/no_outsourcing/data/n040-set04/random/base/wide/m3.dat	102f2542f176fd3dd8c14dd1c3d04b9e9fcac8193a64453d0e95b71cd4561f55
D:/ccx_work/考虑交付的机器调度/work1/instances/no_outsourcing/data/n040-set04/random/base/wide/m4.dat	b7306509cfae0ec40a1b57cd12ec8b48c51878853f42458f28446d3036c74275
D:/ccx_work/考虑交付的机器调度/work1/instances/no_outsourcing/data/n040-set04/random/medium-heterogeneous/zero/m2.dat	0258442d523f1b9d123850ba9b00ca8e4ba77452f557318ba87ff1331748be8b
D:/ccx_work/考虑交付的机器调度/work1/instances/no_outsourcing/data/n040-set04/random/medium-heterogeneous/zero/m3.dat	7384c2f07d8e1470800dd347fb827fb7df7a8c2a57f2a60e74ef20cbd3a9f674
D:/ccx_work/考虑交付的机器调度/work1/instances/no_outsourcing/data/n040-set04/random/medium-heterogeneous/zero/m4.dat	03798c0a9b6df2382b55dd667d4664d2cc0976b15ec508b8edb107e11c46f8dc
D:/ccx_work/考虑交付的机器调度/work1/instances/no_outsourcing/data/n040-set04/random/medium-heterogeneous/narrow/m2.dat	7c1ff96b94a8299b206648f5a17b5716674e1daf2f68a12c8d88831d65e7f499
D:/ccx_work/考虑交付的机器调度/work1/instances/no_outsourcing/data/n040-set04/random/medium-heterogeneous/narrow/m3.dat	568577314d98e9346d6bf354c7cf9dc33f1d89a6fd1fd0d2eebe36caabf7c960
D:/ccx_work/考虑交付的机器调度/work1/instances/no_outsourcing/data/n040-set04/random/medium-heterogeneous/narrow/m4.dat	c1028ff579234caffaa0da260c85a8628721b0dcf1ab746433f7b190751052b5
D:/ccx_work/考虑交付的机器调度/work1/instances/no_outsourcing/data/n040-set04/random/medium-heterogeneous/wide/m2.dat	38165cdae10a6583f7b6763455f2bd9a5d6fc8422cb97f819d74f49d94620a28
D:/ccx_work/考虑交付的机器调度/work1/instances/no_outsourcing/data/n040-set04/random/medium-heterogeneous/wide/m3.dat	010d03a4771141afb043bee77f4433f8438fced6428c3c22fcea1a5006c5c0a2
D:/ccx_work/考虑交付的机器调度/work1/instances/no_outsourcing/data/n040-set04/random/medium-heterogeneous/wide/m4.dat	f2bd8a1866d6931d67886a5a1a137f06ec385859d44db4afec33378dc09f9594
D:/ccx_work/考虑交付的机器调度/work1/instances/no_outsourcing/data/n040-set04/random/high-heterogeneous/zero/m2.dat	8cfc7098c3b5cd56cdcf53449f21c1c548af6472d6e0151a06ffb88a91695fb4
D:/ccx_work/考虑交付的机器调度/work1/instances/no_outsourcing/data/n040-set04/random/high-heterogeneous/zero/m3.dat	7e2734ed028e818e9c11166c7832f03ade7751e7e53935781903a867dc04a67c
D:/ccx_work/考虑交付的机器调度/work1/instances/no_outsourcing/data/n040-set04/random/high-heterogeneous/zero/m4.dat	ec67a1efb872370765672bf302bf775aa68e1ed0c23ebe47e8a7009de871fad5
D:/ccx_work/考虑交付的机器调度/work1/instances/no_outsourcing/data/n040-set04/random/high-heterogeneous/narrow/m2.dat	6fd4f47bee552aa42372d691c0369385fe2f401112d07284070b89d0a293e34c
D:/ccx_work/考虑交付的机器调度/work1/instances/no_outsourcing/data/n040-set04/random/high-heterogeneous/narrow/m3.dat	ef4fe4f837592eb3d5b927c88706f54d4e55ea8146258a88dda4fe0ac52e4fe9
D:/ccx_work/考虑交付的机器调度/work1/instances/no_outsourcing/data/n040-set04/random/high-heterogeneous/narrow/m4.dat	257cce7947cf4c4144def00c0d1eb38c3a4dd476d80a3ef58b25644e957e0d6b
D:/ccx_work/考虑交付的机器调度/work1/instances/no_outsourcing/data/n040-set04/random/high-heterogeneous/wide/m2.dat	8982e83413fb56fc8bffe2584ed63775a73d2a8d448cffd7f0ba4cea1a2636ba
D:/ccx_work/考虑交付的机器调度/work1/instances/no_outsourcing/data/n040-set04/random/high-heterogeneous/wide/m3.dat	35a7e9e0fbaab5f57f6585edfafa548b4b50878071c8d3b10041a77e45e487cf
D:/ccx_work/考虑交付的机器调度/work1/instances/no_outsourcing/data/n040-set04/random/high-heterogeneous/wide/m4.dat	91ae88fbf49af99edb2c8e04243925baa76af95acf293378b7bea25652068c30
D:/ccx_work/考虑交付的机器调度/work1/instances/no_outsourcing/data/n040-set04/family/base/zero/m2.dat	c5b150ca0bbdac9a84f996e2759a0cbd5658cfe8a8c19c3982febeebe16a1548
D:/ccx_work/考虑交付的机器调度/work1/instances/no_outsourcing/data/n040-set04/family/base/zero/m3.dat	94ef1eb653af677ee074996954ad830aceee5b97a58946467ef84409410fbd98
D:/ccx_work/考虑交付的机器调度/work1/instances/no_outsourcing/data/n040-set04/family/base/zero/m4.dat	283703b4176640e3280f561e5140d9ad6786cfd538b7bcfd63e9f91221c44b4a
D:/ccx_work/考虑交付的机器调度/work1/instances/no_outsourcing/data/n040-set04/family/base/narrow/m2.dat	f078c887f77c2a81c27c673e24ef7088d75c1e4b5c8c295596d90d11ea2ac65b
D:/ccx_work/考虑交付的机器调度/work1/instances/no_outsourcing/data/n040-set04/family/base/narrow/m3.dat	d230930d2999a12ccf857976b2868817a0a48d1ef3b6bf88b67a0d3843239801
D:/ccx_work/考虑交付的机器调度/work1/instances/no_outsourcing/data/n040-set04/family/base/narrow/m4.dat	17799ab6fe2edc2d2c41eb0a3899d1e465a1f9f0f938fb4f177045d2c2367ffc
D:/ccx_work/考虑交付的机器调度/work1/instances/no_outsourcing/data/n040-set04/family/base/wide/m2.dat	db1f804bdf0694f5d0260bbbc77a639e7641b0305d7e4684382b69994c33bdf1
D:/ccx_work/考虑交付的机器调度/work1/instances/no_outsourcing/data/n040-set04/family/base/wide/m3.dat	0dff89d8453d40e6f994e302049c84760382a80f2130ad1f1a1cf4bd0fe824ab
D:/ccx_work/考虑交付的机器调度/work1/instances/no_outsourcing/data/n040-set04/family/base/wide/m4.dat	b80a0dd6678e5d5c9501f85babe15ba2646cec68809674b2396ff9b127edd0c3
D:/ccx_work/考虑交付的机器调度/work1/instances/no_outsourcing/data/n040-set04/family/medium-heterogeneous/zero/m2.dat	c4b37d407656f1855995bc9c2c95322953053f8befbbb1c8eafef108da2b6a4e
D:/ccx_work/考虑交付的机器调度/work1/instances/no_outsourcing/data/n040-set04/family/medium-heterogeneous/zero/m3.dat	e2d78134650e3bb94285513682161c669dca50c47a1d10aac5ae753960505cb2
D:/ccx_work/考虑交付的机器调度/work1/instances/no_outsourcing/data/n040-set04/family/medium-heterogeneous/zero/m4.dat	02acf8f285e147a98c8a5fc030d70414b33c76f9965bc4bd323a9af86a403fcd
D:/ccx_work/考虑交付的机器调度/work1/instances/no_outsourcing/data/n040-set04/family/medium-heterogeneous/narrow/m2.dat	f534044f9d32321d1e11b6db0200ba430e9d7d28e4c5966e8ec6e74f02a40c60
D:/ccx_work/考虑交付的机器调度/work1/instances/no_outsourcing/data/n040-set04/family/medium-heterogeneous/narrow/m3.dat	4895cd0fbf41bbcf112c5f8f1bbd4a2a5cb92e60c897a9dcb3141550440dba00
D:/ccx_work/考虑交付的机器调度/work1/instances/no_outsourcing/data/n040-set04/family/medium-heterogeneous/narrow/m4.dat	6cb9fe8c9bdac5c1ecc5a54000dda169d249d91b32c90d2c217503a86b8b9376
D:/ccx_work/考虑交付的机器调度/work1/instances/no_outsourcing/data/n040-set04/family/medium-heterogeneous/wide/m2.dat	169865e52856700d2281b1e297580811e2d30836481261b4b9d83ae13579dbf6
D:/ccx_work/考虑交付的机器调度/work1/instances/no_outsourcing/data/n040-set04/family/medium-heterogeneous/wide/m3.dat	2ae3841010814b29d56330a35a872a25e3b4a16675658a2de9aef6af68ba261b
D:/ccx_work/考虑交付的机器调度/work1/instances/no_outsourcing/data/n040-set04/family/medium-heterogeneous/wide/m4.dat	a10d12a4dbc5c4c9a2f48b4dccde536eb338c157b375ffba160bf9c41ff225d4
D:/ccx_work/考虑交付的机器调度/work1/instances/no_outsourcing/data/n040-set04/family/high-heterogeneous/zero/m2.dat	6810154549c014b7ba8bba404973f620ec9f8073c25facdbf3ef6578ba437726
D:/ccx_work/考虑交付的机器调度/work1/instances/no_outsourcing/data/n040-set04/family/high-heterogeneous/zero/m3.dat	e0f930fb83498d90d40fb536b743f9ca30538f25362037b7ce12fd65ba92423a
D:/ccx_work/考虑交付的机器调度/work1/instances/no_outsourcing/data/n040-set04/family/high-heterogeneous/zero/m4.dat	0d777a0a36fb64b3b0d4b64d08837613b79d938adcdb571ab6de7a3c1a529129
D:/ccx_work/考虑交付的机器调度/work1/instances/no_outsourcing/data/n040-set04/family/high-heterogeneous/narrow/m2.dat	7ceda362893fefc80d674213d9613057237191eba4e98b46f45a57fea422065b
D:/ccx_work/考虑交付的机器调度/work1/instances/no_outsourcing/data/n040-set04/family/high-heterogeneous/narrow/m3.dat	5567282a62790be8e9d58fc57c040a4b043b7be014e422ff586a3a8225e6582a
D:/ccx_work/考虑交付的机器调度/work1/instances/no_outsourcing/data/n040-set04/family/high-heterogeneous/narrow/m4.dat	d3b1c0e8400ff5aa6835b41a16e90d406a3c65757b33ec330eb6467b4a2ca498
D:/ccx_work/考虑交付的机器调度/work1/instances/no_outsourcing/data/n040-set04/family/high-heterogeneous/wide/m2.dat	cd9ed72a15982f949b6ba0be727960a47c8915dffe90499c5193165764ac57ca
D:/ccx_work/考虑交付的机器调度/work1/instances/no_outsourcing/data/n040-set04/family/high-heterogeneous/wide/m3.dat	3a1816fb4e28b223bcec252b864b29cc23d51c9ebe45b22010a5e6bd50b960fd
D:/ccx_work/考虑交付的机器调度/work1/instances/no_outsourcing/data/n040-set04/family/high-heterogeneous/wide/m4.dat	312c4a869390c7e67d4f7b8db9a324466275f5ad9ddaa660181d503dc8e50934
D:/ccx_work/考虑交付的机器调度/work1/instances/no_outsourcing/data/n040-set05/random/base/zero/m2.dat	8fcd32fce2da02cbcef22076c2d559b0f74033ff841750b6b0c0c70948ccccc4
D:/ccx_work/考虑交付的机器调度/work1/instances/no_outsourcing/data/n040-set05/random/base/zero/m3.dat	39f509d9cd6b179531b1fcc7ed6a8caeb426e1a15a5b01265bc82df0f811f080
D:/ccx_work/考虑交付的机器调度/work1/instances/no_outsourcing/data/n040-set05/random/base/zero/m4.dat	4e2897c4db064cfdd8413f45483358dce194517c2c873ffcc8df8fee2628d40d
D:/ccx_work/考虑交付的机器调度/work1/instances/no_outsourcing/data/n040-set05/random/base/narrow/m2.dat	66cd9a2d8fd510158c2109cb08fabf5c84f37512ac949baec0c87a6f571308c9
D:/ccx_work/考虑交付的机器调度/work1/instances/no_outsourcing/data/n040-set05/random/base/narrow/m3.dat	efe6e32a344dba3806ccf1a89748c49077bd967978dbce56115938446af336e3
D:/ccx_work/考虑交付的机器调度/work1/instances/no_outsourcing/data/n040-set05/random/base/narrow/m4.dat	62c27f48ed0fbbf4fb414d63fdb8dcabae8ceb8aa3bee08e3f39d20913528dd3
D:/ccx_work/考虑交付的机器调度/work1/instances/no_outsourcing/data/n040-set05/random/base/wide/m2.dat	3ef811385e96ba8186dbf9d6767fd2bab7b60f190ca780de18d1d9ff85a582e0
D:/ccx_work/考虑交付的机器调度/work1/instances/no_outsourcing/data/n040-set05/random/base/wide/m3.dat	6033743a9d546b7bd7b3482ad504a8c020758713f7f94a09d9d92319011661d3
D:/ccx_work/考虑交付的机器调度/work1/instances/no_outsourcing/data/n040-set05/random/base/wide/m4.dat	d6bcaec13fbfcab1e201d3765698b6e588e368567651689ee77e55dcd137e565
D:/ccx_work/考虑交付的机器调度/work1/instances/no_outsourcing/data/n040-set05/random/medium-heterogeneous/zero/m2.dat	7a5acce873388c373b02c49f790cc3ef092d3ba79ee53189f4c61aa2c0b8cb0e
D:/ccx_work/考虑交付的机器调度/work1/instances/no_outsourcing/data/n040-set05/random/medium-heterogeneous/zero/m3.dat	94fcd4a91f1e2a5793642d7ad4300debe741401d02a01fa01db9c8e20d29dccf
D:/ccx_work/考虑交付的机器调度/work1/instances/no_outsourcing/data/n040-set05/random/medium-heterogeneous/zero/m4.dat	a4af284d150848db74cf94fb2e926583f06b92c52a851da500bf70efc03f7e71
D:/ccx_work/考虑交付的机器调度/work1/instances/no_outsourcing/data/n040-set05/random/medium-heterogeneous/narrow/m2.dat	4477c28cec620a0c47b5c13cab386f652be43b60edfbf0440a894bf05af0311a
D:/ccx_work/考虑交付的机器调度/work1/instances/no_outsourcing/data/n040-set05/random/medium-heterogeneous/narrow/m3.dat	1cab52fed4f4bbb8368dc4362883468c9bdd220db5f94803c2df6d4e983303b9
D:/ccx_work/考虑交付的机器调度/work1/instances/no_outsourcing/data/n040-set05/random/medium-heterogeneous/narrow/m4.dat	0b83422321165d69328c6f35368ba1cbc2ed42c7b34e9696ab2e669bbb6ebb2b
D:/ccx_work/考虑交付的机器调度/work1/instances/no_outsourcing/data/n040-set05/random/medium-heterogeneous/wide/m2.dat	f9f1310c767cefac84dd755915e77655d3c904e2c7b38035c16f1aaa61566e2a
D:/ccx_work/考虑交付的机器调度/work1/instances/no_outsourcing/data/n040-set05/random/medium-heterogeneous/wide/m3.dat	17d91c1475798f97ec16a8f6f771413fdf96bc69778e0b1b9c729d8f9048ea20
D:/ccx_work/考虑交付的机器调度/work1/instances/no_outsourcing/data/n040-set05/random/medium-heterogeneous/wide/m4.dat	3ab525171a167b0e59bf468afbdeebe96b20881a1eaefc715cbd80c12cee104b
D:/ccx_work/考虑交付的机器调度/work1/instances/no_outsourcing/data/n040-set05/random/high-heterogeneous/zero/m2.dat	ec960b094df440b78290f00e93abe927d63c6f76f88bfd9353c253efc609aa8f
D:/ccx_work/考虑交付的机器调度/work1/instances/no_outsourcing/data/n040-set05/random/high-heterogeneous/zero/m3.dat	13c9d06658c028fca9a466135220bb5c7ad2d9b7d13df52eccdea45b7e28f194
D:/ccx_work/考虑交付的机器调度/work1/instances/no_outsourcing/data/n040-set05/random/high-heterogeneous/zero/m4.dat	c3f393bd3fd9dfeadc66b2a0361e275553491b31e74c2ba3e3f1ea72a7d50517
D:/ccx_work/考虑交付的机器调度/work1/instances/no_outsourcing/data/n040-set05/random/high-heterogeneous/narrow/m2.dat	656f11f5f90106f6141c33f5167ac54356266d560987d0c311243a5438cfb2aa
D:/ccx_work/考虑交付的机器调度/work1/instances/no_outsourcing/data/n040-set05/random/high-heterogeneous/narrow/m3.dat	24a6f17f744dd551462445eab2457fb1a57d9c40e63225361c42599745a45c33
D:/ccx_work/考虑交付的机器调度/work1/instances/no_outsourcing/data/n040-set05/random/high-heterogeneous/narrow/m4.dat	9bda9ee2ea06e0d24aa3e4bca9f496656661cc87848d81052110da82f2a1bb48
D:/ccx_work/考虑交付的机器调度/work1/instances/no_outsourcing/data/n040-set05/random/high-heterogeneous/wide/m2.dat	69b0d88e2c1b217445480dc5f772fbf36f7a374f1c68894fdce899a41eac5c5b
D:/ccx_work/考虑交付的机器调度/work1/instances/no_outsourcing/data/n040-set05/random/high-heterogeneous/wide/m3.dat	fd2849f76aac2a27d8417b9f7a5d3353ae70f5a0c375aa60b88ab561952720a7
D:/ccx_work/考虑交付的机器调度/work1/instances/no_outsourcing/data/n040-set05/random/high-heterogeneous/wide/m4.dat	e0326f8db3853ae57d1ac561301d53c0cda1bffda3fe3edbb872e8ea66b9589d
D:/ccx_work/考虑交付的机器调度/work1/instances/no_outsourcing/data/n040-set05/family/base/zero/m2.dat	d196ffaabb55b4047e652c70baaddc0bf43c8beba595d0f53f8cbd1c87ef6a31
D:/ccx_work/考虑交付的机器调度/work1/instances/no_outsourcing/data/n040-set05/family/base/zero/m3.dat	973835aa5d94668c40e65f95188a25fa8c206a07a56ef5d2887f56ea93f61071
D:/ccx_work/考虑交付的机器调度/work1/instances/no_outsourcing/data/n040-set05/family/base/zero/m4.dat	bd15e652cca10989fe27e20a2159f8947516a054ac394465bee9eac01dab0972
D:/ccx_work/考虑交付的机器调度/work1/instances/no_outsourcing/data/n040-set05/family/base/narrow/m2.dat	c45f2435412894e4c18b1a0677ab85a3426ba1bd71fd4b3cb80d48680c54fe84
D:/ccx_work/考虑交付的机器调度/work1/instances/no_outsourcing/data/n040-set05/family/base/narrow/m3.dat	a04104918d7d26b66e1686f75b0bbbb02b60c104ad487d58f5d991420c9c0523
D:/ccx_work/考虑交付的机器调度/work1/instances/no_outsourcing/data/n040-set05/family/base/narrow/m4.dat	8e1e64a641dc6e11e1a7ccd554f53bf25c07e976e4f4247eb14843f95107e1c8
D:/ccx_work/考虑交付的机器调度/work1/instances/no_outsourcing/data/n040-set05/family/base/wide/m2.dat	6136767e16fd1b636c3d3394174e294a18595533825c283d0eb33957cd02d469
D:/ccx_work/考虑交付的机器调度/work1/instances/no_outsourcing/data/n040-set05/family/base/wide/m3.dat	80ef846457f827ed30b8b84e787c5457ad0addea91ff5e1d5decb922b99a9001
D:/ccx_work/考虑交付的机器调度/work1/instances/no_outsourcing/data/n040-set05/family/base/wide/m4.dat	aaf34274aa3fc1533903298523be9e31e3127b7a515515002dc93308107ff002
D:/ccx_work/考虑交付的机器调度/work1/instances/no_outsourcing/data/n040-set05/family/medium-heterogeneous/zero/m2.dat	8dd09b6280996e87b668a0866c564e9497ac25abd878de96e37b0b3869200415
D:/ccx_work/考虑交付的机器调度/work1/instances/no_outsourcing/data/n040-set05/family/medium-heterogeneous/zero/m3.dat	a40a7a607ea8c8dbc7ed48d2cb11d19cfbbc238372ed7c7d949e6e3955ad0fbb
D:/ccx_work/考虑交付的机器调度/work1/instances/no_outsourcing/data/n040-set05/family/medium-heterogeneous/zero/m4.dat	11fe011b940d4bb072d05adc7bed0c9cbdf63a8e464e3499faab56cbd4843d5c
D:/ccx_work/考虑交付的机器调度/work1/instances/no_outsourcing/data/n040-set05/family/medium-heterogeneous/narrow/m2.dat	2c10866e5eedd8a83455d496fa74e79c198f6609117cb37fc1eabb656683457c
D:/ccx_work/考虑交付的机器调度/work1/instances/no_outsourcing/data/n040-set05/family/medium-heterogeneous/narrow/m3.dat	87c05a0cd72a1586f7a551cd90948ab17ea6215885f5b1a99ce1b307fa4e5c7c
D:/ccx_work/考虑交付的机器调度/work1/instances/no_outsourcing/data/n040-set05/family/medium-heterogeneous/narrow/m4.dat	3476c78e0a679b1716350b56726cbb78dc3c09d19ae578aa6402a6d848fa47db
D:/ccx_work/考虑交付的机器调度/work1/instances/no_outsourcing/data/n040-set05/family/medium-heterogeneous/wide/m2.dat	fce358e01da2a7a77ed05d01b5218797513d91bf4ef0ecfb03b363ecaa8eeb74
D:/ccx_work/考虑交付的机器调度/work1/instances/no_outsourcing/data/n040-set05/family/medium-heterogeneous/wide/m3.dat	4d73fd5032c61b7ce25e8ff24f2bc92341b2c0f26eb03918170c559a8490d114
D:/ccx_work/考虑交付的机器调度/work1/instances/no_outsourcing/data/n040-set05/family/medium-heterogeneous/wide/m4.dat	8cd52441ee3a0b42eb621b0695563e19642556d91e562a69f1e6c26b3efa414c
D:/ccx_work/考虑交付的机器调度/work1/instances/no_outsourcing/data/n040-set05/family/high-heterogeneous/zero/m2.dat	ee4b28b10de05405c98309c90b2cb828a6bbd830f643e18d7eb93b6737970b77
D:/ccx_work/考虑交付的机器调度/work1/instances/no_outsourcing/data/n040-set05/family/high-heterogeneous/zero/m3.dat	827546c2fc74c2782d5812163ceeaf550f6c62f79f8f62cb073f5463dcd0dd11
D:/ccx_work/考虑交付的机器调度/work1/instances/no_outsourcing/data/n040-set05/family/high-heterogeneous/zero/m4.dat	557c921775ca3ba93bbcd81c87a9673bb6f0c3a382f09de781ac60c9a6d43ede
D:/ccx_work/考虑交付的机器调度/work1/instances/no_outsourcing/data/n040-set05/family/high-heterogeneous/narrow/m2.dat	6857ccb8b1df3cb47dc6019262e5e8e09547d474ad90b99faf03e7367df279d1
D:/ccx_work/考虑交付的机器调度/work1/instances/no_outsourcing/data/n040-set05/family/high-heterogeneous/narrow/m3.dat	a05f50a2c5e346a9f3fb0806ed0f7d0674c7a98eb308dacdd1c25588a9e94475
D:/ccx_work/考虑交付的机器调度/work1/instances/no_outsourcing/data/n040-set05/family/high-heterogeneous/narrow/m4.dat	0d0c51222ebb5d4d77f915a945b5b8e529a5f3ab8106b93cbf20691236d8fe41
D:/ccx_work/考虑交付的机器调度/work1/instances/no_outsourcing/data/n040-set05/family/high-heterogeneous/wide/m2.dat	01f261523a6c7054e1cd9fa0a13b0895601a493591012eecd3c64811469c9f81
D:/ccx_work/考虑交付的机器调度/work1/instances/no_outsourcing/data/n040-set05/family/high-heterogeneous/wide/m3.dat	be80837fc446fdf2b588c648502a9431eeaecd871da61f2b116d7ddb85f16e8b
D:/ccx_work/考虑交付的机器调度/work1/instances/no_outsourcing/data/n040-set05/family/high-heterogeneous/wide/m4.dat	eb7ada39a13ef3b25884ac901d6968996701d05e9268053042abf97c14f19490
D:/ccx_work/考虑交付的机器调度/work1/instances/no_outsourcing/data/n050-set01/random/base/zero/m2.dat	89fb2d2cb3521f1dfa882cc1ae424302bab5825fe16dc84c0a9fce61a80af7fb
D:/ccx_work/考虑交付的机器调度/work1/instances/no_outsourcing/data/n050-set01/random/base/zero/m3.dat	01a694967702ddf7bc38bdc756ddef91c553763e0581a6b758567677422fef90
D:/ccx_work/考虑交付的机器调度/work1/instances/no_outsourcing/data/n050-set01/random/base/zero/m4.dat	22b76bc6648e8e51f065aeb4cd7d0e7dcb9477dd2e6a17a1845b8c7caad75523
D:/ccx_work/考虑交付的机器调度/work1/instances/no_outsourcing/data/n050-set01/random/base/narrow/m2.dat	3fe468c9b3b6b5dd5d29b761cdb2e2505f43e83be8757efc6ef82a46b6a2b635
D:/ccx_work/考虑交付的机器调度/work1/instances/no_outsourcing/data/n050-set01/random/base/narrow/m3.dat	c634672977ee744a97d54fc4bc75fd81d5af5714c8f43a6e9cc98d6a4cf6404e
D:/ccx_work/考虑交付的机器调度/work1/instances/no_outsourcing/data/n050-set01/random/base/narrow/m4.dat	ce83a6682f2ccf2435305a0e3f2bb6b4eb361aa7a0284eac14880be31c6ad9c6
D:/ccx_work/考虑交付的机器调度/work1/instances/no_outsourcing/data/n050-set01/random/base/wide/m2.dat	06f369b554a128c77db9a12a721b989e4c5986843b96a9c3c866cd8e0709a5f3
D:/ccx_work/考虑交付的机器调度/work1/instances/no_outsourcing/data/n050-set01/random/base/wide/m3.dat	7a603a17e7725c312e6e0ffb10113d6bebbf41b3f868d59e5daf93d719668da2
D:/ccx_work/考虑交付的机器调度/work1/instances/no_outsourcing/data/n050-set01/random/base/wide/m4.dat	2a06d4a35e10c2989ff60970df184552d87e554a7140a5dbc643cb9442dcbd89
D:/ccx_work/考虑交付的机器调度/work1/instances/no_outsourcing/data/n050-set01/random/medium-heterogeneous/zero/m2.dat	e9935c96b4bbaf67a05170c0d60468e86a39c4e00ac796356298b55292fb5e31
D:/ccx_work/考虑交付的机器调度/work1/instances/no_outsourcing/data/n050-set01/random/medium-heterogeneous/zero/m3.dat	0233a50ed5f217d81921fe4190315c219473ea8d9046cb0a8c9288861fb947e7
D:/ccx_work/考虑交付的机器调度/work1/instances/no_outsourcing/data/n050-set01/random/medium-heterogeneous/zero/m4.dat	179c8e63c3a9cb49eaa8c8ca57d698a44ab35de2c5b616e9599a8d722506e50b
D:/ccx_work/考虑交付的机器调度/work1/instances/no_outsourcing/data/n050-set01/random/medium-heterogeneous/narrow/m2.dat	deefd459f4178393e201fa845ac5ffbb5be3eab444a72748e822a7e72aa13ecb
D:/ccx_work/考虑交付的机器调度/work1/instances/no_outsourcing/data/n050-set01/random/medium-heterogeneous/narrow/m3.dat	4861ee03dc4dabbcca710a9ba6a4209a30141c24b8820de21d206af321ae977b
D:/ccx_work/考虑交付的机器调度/work1/instances/no_outsourcing/data/n050-set01/random/medium-heterogeneous/narrow/m4.dat	5e002b0053cd9b380ace09f05cec7b5863f3f2f4695cb92d8a386012295012f8
D:/ccx_work/考虑交付的机器调度/work1/instances/no_outsourcing/data/n050-set01/random/medium-heterogeneous/wide/m2.dat	116ef57b4feb9cfdb7aac78f1ca5571f889860bb02c2bec2b949b7fbbb31a166
D:/ccx_work/考虑交付的机器调度/work1/instances/no_outsourcing/data/n050-set01/random/medium-heterogeneous/wide/m3.dat	0a0277417fca5bb882eec8fb305880624bdfe8ddb346aa12ad3b384b0459c06c
D:/ccx_work/考虑交付的机器调度/work1/instances/no_outsourcing/data/n050-set01/random/medium-heterogeneous/wide/m4.dat	beaf70498e8eb57760c85b43b504e848811f52c0ee45609051185c6d260b349c
D:/ccx_work/考虑交付的机器调度/work1/instances/no_outsourcing/data/n050-set01/random/high-heterogeneous/zero/m2.dat	36a16061d89019c7ce3c7c50da8b74f2c846e5bdbe61e2cea543ef32f3629084
D:/ccx_work/考虑交付的机器调度/work1/instances/no_outsourcing/data/n050-set01/random/high-heterogeneous/zero/m3.dat	7c247bede39479ec472eb0ba5a04a67c344715c3b5073897a45c3ed1d24cd75d
D:/ccx_work/考虑交付的机器调度/work1/instances/no_outsourcing/data/n050-set01/random/high-heterogeneous/zero/m4.dat	6ce9749c1ac7b74e8f4030f379a7292391861870c41b52bbfcf871b98bc9fdea
D:/ccx_work/考虑交付的机器调度/work1/instances/no_outsourcing/data/n050-set01/random/high-heterogeneous/narrow/m2.dat	73c36507ea6dd93a777d597f12cba674e159ac1a2af0eb4072eedd4564ff7ec6
D:/ccx_work/考虑交付的机器调度/work1/instances/no_outsourcing/data/n050-set01/random/high-heterogeneous/narrow/m3.dat	bf0a0a64b9db74584c4ffae2a95f7d62d8cf2ac2545e52c85e3e934c93048046
D:/ccx_work/考虑交付的机器调度/work1/instances/no_outsourcing/data/n050-set01/random/high-heterogeneous/narrow/m4.dat	53dc6df99e492d9d0561b57e26c1063dac65f5881b446240986fef0c7d8223ad
D:/ccx_work/考虑交付的机器调度/work1/instances/no_outsourcing/data/n050-set01/random/high-heterogeneous/wide/m2.dat	187ed2e5772234e192720f33b278c1317507eef3e889d4a9c5337fae2f6c85da
D:/ccx_work/考虑交付的机器调度/work1/instances/no_outsourcing/data/n050-set01/random/high-heterogeneous/wide/m3.dat	75bbb998f015614cdce901cc44cf61819173d093b005c5ca6124d620af6ea383
D:/ccx_work/考虑交付的机器调度/work1/instances/no_outsourcing/data/n050-set01/random/high-heterogeneous/wide/m4.dat	367f720dd7b83fac28bf5c510d6bcd454c3531d99c1a87911da415d7816ebd28
D:/ccx_work/考虑交付的机器调度/work1/instances/no_outsourcing/data/n050-set01/family/base/zero/m2.dat	3009774673ab76989a99642e486ce7279a8a0b21b78681bb6b77d2376190a6fd
D:/ccx_work/考虑交付的机器调度/work1/instances/no_outsourcing/data/n050-set01/family/base/zero/m3.dat	521270dd04f077cfce4b5e15d1eba808e05ac04c31b3d388295036c7e9241d4f
D:/ccx_work/考虑交付的机器调度/work1/instances/no_outsourcing/data/n050-set01/family/base/zero/m4.dat	e89b5203f3e19f8e10288b5a9a079beaadcedbcd75cbc4d8aec3f32ab7873f40
D:/ccx_work/考虑交付的机器调度/work1/instances/no_outsourcing/data/n050-set01/family/base/narrow/m2.dat	c13a822de0820dc033a0e996288007d70b74c74a44c36c91ee493d675bd02080
D:/ccx_work/考虑交付的机器调度/work1/instances/no_outsourcing/data/n050-set01/family/base/narrow/m3.dat	35dc822e95a0009740e5158cb4aa4aa7e5d84264f7dffe7e5714eeb1d9bfa48a
D:/ccx_work/考虑交付的机器调度/work1/instances/no_outsourcing/data/n050-set01/family/base/narrow/m4.dat	7f46e2cd57b6308763846d9208faf303518d050ea0340eaea8538ab6adb9bc0d
D:/ccx_work/考虑交付的机器调度/work1/instances/no_outsourcing/data/n050-set01/family/base/wide/m2.dat	3d62532411627c985edef59ea9bf9470e0fed2c28dbcbb3c7044806c518fa791
D:/ccx_work/考虑交付的机器调度/work1/instances/no_outsourcing/data/n050-set01/family/base/wide/m3.dat	4e9a7cf61548c9e08d9e8833c2a79cffd5151e5df711851ef3d4f2ebf4634a53
D:/ccx_work/考虑交付的机器调度/work1/instances/no_outsourcing/data/n050-set01/family/base/wide/m4.dat	ee91a4d3871c1dcdcd2fdb1b45660cda102e800d2851357643f8c5078c8993f7
D:/ccx_work/考虑交付的机器调度/work1/instances/no_outsourcing/data/n050-set01/family/medium-heterogeneous/zero/m2.dat	f338d63b7f85da458fa97546f33b867194cccda08c5c512d272117340eec06f6
D:/ccx_work/考虑交付的机器调度/work1/instances/no_outsourcing/data/n050-set01/family/medium-heterogeneous/zero/m3.dat	65854ac0fa9b0f1830acba37ac09bb08c01e9af9ecb0bcb12a87024937abe86d
D:/ccx_work/考虑交付的机器调度/work1/instances/no_outsourcing/data/n050-set01/family/medium-heterogeneous/zero/m4.dat	1d91406f2103bc2565d9963a51673dbbdc0a3a9af28dc3a0fb6d264b90f54848
D:/ccx_work/考虑交付的机器调度/work1/instances/no_outsourcing/data/n050-set01/family/medium-heterogeneous/narrow/m2.dat	44ed50a6e2e98972696e387a94ac4217105acf01b0e0b8a094e875f3f79a0539
D:/ccx_work/考虑交付的机器调度/work1/instances/no_outsourcing/data/n050-set01/family/medium-heterogeneous/narrow/m3.dat	8715d7b8543f47c1926f2128c212264e867d08460a9284cee2a1f44e9c390bbe
D:/ccx_work/考虑交付的机器调度/work1/instances/no_outsourcing/data/n050-set01/family/medium-heterogeneous/narrow/m4.dat	76577fb5e661ee23030695a491fd83229aec692b93d8360396d00d0a8a094f24
D:/ccx_work/考虑交付的机器调度/work1/instances/no_outsourcing/data/n050-set01/family/medium-heterogeneous/wide/m2.dat	1f4fea3b757cf625536a3619e3e5d66eb52f0baa377f5ad5772be4da82b75bed
D:/ccx_work/考虑交付的机器调度/work1/instances/no_outsourcing/data/n050-set01/family/medium-heterogeneous/wide/m3.dat	024dc1742be53f5d1a13e7df231e76b4c006737645838046c31df0306a3178ad
D:/ccx_work/考虑交付的机器调度/work1/instances/no_outsourcing/data/n050-set01/family/medium-heterogeneous/wide/m4.dat	28b5355e9c0fbff15549e39759ddf6bde2e221772875d54efe5b524198a9c0fd
D:/ccx_work/考虑交付的机器调度/work1/instances/no_outsourcing/data/n050-set01/family/high-heterogeneous/zero/m2.dat	1ef3d896c0763d37da647c42fa5b0c9e7ce2e4d1e9dcbb6b6a6a198ae45bed9a
D:/ccx_work/考虑交付的机器调度/work1/instances/no_outsourcing/data/n050-set01/family/high-heterogeneous/zero/m3.dat	7a0b2c2acfa8483247ccf9c2b98581a47b45a9fd8cab8d304b7d25f2ad805cc4
D:/ccx_work/考虑交付的机器调度/work1/instances/no_outsourcing/data/n050-set01/family/high-heterogeneous/zero/m4.dat	8ece5bb5b17bbe084e11f0ab3d01975730ff705a391ceb32a4f20bf48f684688
D:/ccx_work/考虑交付的机器调度/work1/instances/no_outsourcing/data/n050-set01/family/high-heterogeneous/narrow/m2.dat	87d17f872f36ec486e87170a17d13a53dc872e953eb8d1661047f15780a996d0
D:/ccx_work/考虑交付的机器调度/work1/instances/no_outsourcing/data/n050-set01/family/high-heterogeneous/narrow/m3.dat	dc5302046cb9ce93407611697a516901f267cf200391f66629a1d861fc89ba7d
D:/ccx_work/考虑交付的机器调度/work1/instances/no_outsourcing/data/n050-set01/family/high-heterogeneous/narrow/m4.dat	f9031d6e5939aefa741e3faefb86d63611afe024c071a52a7429623b616afda9
D:/ccx_work/考虑交付的机器调度/work1/instances/no_outsourcing/data/n050-set01/family/high-heterogeneous/wide/m2.dat	412e9c4a9a1e62f2d25005a02ba7531a2f58f7749636c6c447c58172421de957
D:/ccx_work/考虑交付的机器调度/work1/instances/no_outsourcing/data/n050-set01/family/high-heterogeneous/wide/m3.dat	13786fda612b9c11623966aae3368da15e021901a445454ec746f5c6d059d06b
D:/ccx_work/考虑交付的机器调度/work1/instances/no_outsourcing/data/n050-set01/family/high-heterogeneous/wide/m4.dat	7d7c9fdee33d39af3c261f20be2e674e51f46936f45d641642766a87803ebcc9
D:/ccx_work/考虑交付的机器调度/work1/instances/no_outsourcing/data/n050-set02/random/base/zero/m2.dat	d9376ba620c47bdf9b55118d4da0586fd561323f4b1c911b88c28953f54a4e0a
D:/ccx_work/考虑交付的机器调度/work1/instances/no_outsourcing/data/n050-set02/random/base/zero/m3.dat	4c8d7c95c39429b4ff27c3944a908349507e990351e61cfdfbea9438cba3cf57
D:/ccx_work/考虑交付的机器调度/work1/instances/no_outsourcing/data/n050-set02/random/base/zero/m4.dat	6612c7635d58d65ffbe3ba0d3815babe41f97f95c5f726fd1c3ad26a73aad6f3
D:/ccx_work/考虑交付的机器调度/work1/instances/no_outsourcing/data/n050-set02/random/base/narrow/m2.dat	00b7eaf6c3621baf8859c298b914054003ce4304c47ce64a819904523b7f5e4f
D:/ccx_work/考虑交付的机器调度/work1/instances/no_outsourcing/data/n050-set02/random/base/narrow/m3.dat	89a6bef35d52c10a7bf6157688aedf5fbdce3a3614c53eda31b3de689e14b35d
D:/ccx_work/考虑交付的机器调度/work1/instances/no_outsourcing/data/n050-set02/random/base/narrow/m4.dat	50742a3c44d053b18b8e192063de5bcabf65776bdab6422878ae8931eb9ffe98
D:/ccx_work/考虑交付的机器调度/work1/instances/no_outsourcing/data/n050-set02/random/base/wide/m2.dat	878aa1c18cd24de5214598516f48e07b7da43e387424ef5def2cae4f4d3ca57b
D:/ccx_work/考虑交付的机器调度/work1/instances/no_outsourcing/data/n050-set02/random/base/wide/m3.dat	7feb741c66773f2d5eb26d20944fa2ca86b719e8f834820e9f2e5e61ecca83b5
D:/ccx_work/考虑交付的机器调度/work1/instances/no_outsourcing/data/n050-set02/random/base/wide/m4.dat	58567e374cfe6711969ee1834bea6d0e5fd910d7e1ce70ef6eede27e8d9f3560
D:/ccx_work/考虑交付的机器调度/work1/instances/no_outsourcing/data/n050-set02/random/medium-heterogeneous/zero/m2.dat	91af2e0fd6a9681ab63f92ed51a89c002f08e1e999f583a0291103f8db357636
D:/ccx_work/考虑交付的机器调度/work1/instances/no_outsourcing/data/n050-set02/random/medium-heterogeneous/zero/m3.dat	818e0e5b0688ee9370b8b4e06be0c956d7db686f465d1d1461435a0b49cd2756
D:/ccx_work/考虑交付的机器调度/work1/instances/no_outsourcing/data/n050-set02/random/medium-heterogeneous/zero/m4.dat	f6c7905a7a148ab7d7c28b80c55b942ce4570c59d3ae3ecfa4aef60c48fc5de9
D:/ccx_work/考虑交付的机器调度/work1/instances/no_outsourcing/data/n050-set02/random/medium-heterogeneous/narrow/m2.dat	acb7c49b1ab2669a03960117074ba2a409f7699a0491d95a51555b6f521db40e
D:/ccx_work/考虑交付的机器调度/work1/instances/no_outsourcing/data/n050-set02/random/medium-heterogeneous/narrow/m3.dat	741e202084410ed6ce3a4c37bbe15cb76bf1edc81b727ad8fa2053466cb541a0
D:/ccx_work/考虑交付的机器调度/work1/instances/no_outsourcing/data/n050-set02/random/medium-heterogeneous/narrow/m4.dat	f221bb865c667e8fa6f3baf511bfba45c85cc377605bd66633abb5d826be4abd
D:/ccx_work/考虑交付的机器调度/work1/instances/no_outsourcing/data/n050-set02/random/medium-heterogeneous/wide/m2.dat	9aa7f7e1690e8cff458389dd67b4ad6775e46279ed79587445d2f7c6339600c9
D:/ccx_work/考虑交付的机器调度/work1/instances/no_outsourcing/data/n050-set02/random/medium-heterogeneous/wide/m3.dat	54ea5b29c90e0c6eb49cd7c3f3a4818f7b74f5fede80a2e60c1dbc44ac8e679e
D:/ccx_work/考虑交付的机器调度/work1/instances/no_outsourcing/data/n050-set02/random/medium-heterogeneous/wide/m4.dat	2665063692cd78a4dffd77cad3bf1d20142bf929aeb7c205c21843e4e7389f32
D:/ccx_work/考虑交付的机器调度/work1/instances/no_outsourcing/data/n050-set02/random/high-heterogeneous/zero/m2.dat	4d08cc56ec7f96610798d8edd25cd12ff34ea46de307a4d13bfbcab33a88d1dc
D:/ccx_work/考虑交付的机器调度/work1/instances/no_outsourcing/data/n050-set02/random/high-heterogeneous/zero/m3.dat	f260218c6fe10f807d6f212879e6d6d8b4c8316844b0d8df3f41506659c0dbfa
D:/ccx_work/考虑交付的机器调度/work1/instances/no_outsourcing/data/n050-set02/random/high-heterogeneous/zero/m4.dat	028306fc6f97d4694d5da4d6c1e7b5edb65c6fe129446da8d3941e1ae280fa24
D:/ccx_work/考虑交付的机器调度/work1/instances/no_outsourcing/data/n050-set02/random/high-heterogeneous/narrow/m2.dat	e65f1650a3e245b44df13412032382419b9ee2552e6576457d93fe31f2d3a7c1
D:/ccx_work/考虑交付的机器调度/work1/instances/no_outsourcing/data/n050-set02/random/high-heterogeneous/narrow/m3.dat	e5c8635425cbd1513ff58f27ebdc3b9c8132ed3c6e95dc32d9b746ea23ba2a1d
D:/ccx_work/考虑交付的机器调度/work1/instances/no_outsourcing/data/n050-set02/random/high-heterogeneous/narrow/m4.dat	ee4a3fb3d140a5993c61a382a76268f2be86e5bf27bbea9d1346489a53d16296
D:/ccx_work/考虑交付的机器调度/work1/instances/no_outsourcing/data/n050-set02/random/high-heterogeneous/wide/m2.dat	dd58ab8d90a980798d8f43042fb7ebb1e8762f955a47c0917d3754805754df18
D:/ccx_work/考虑交付的机器调度/work1/instances/no_outsourcing/data/n050-set02/random/high-heterogeneous/wide/m3.dat	04b16520f61d0ed2ad79588796acb3aa9e4c64ded57a107c27310642d90ceed1
D:/ccx_work/考虑交付的机器调度/work1/instances/no_outsourcing/data/n050-set02/random/high-heterogeneous/wide/m4.dat	430e80640f15c7b450ef52f7880c119d87ed9ee24ccb058ed6da4a7e50699610
D:/ccx_work/考虑交付的机器调度/work1/instances/no_outsourcing/data/n050-set02/family/base/zero/m2.dat	4df0182f1dc5b9e5a18613646eeb16565aad0d6048318f4b84110678f5d30a24
D:/ccx_work/考虑交付的机器调度/work1/instances/no_outsourcing/data/n050-set02/family/base/zero/m3.dat	2f70a71ddfa43386dd617b3b0ab9cbce4d40d4da7012e616565d95279ec3f016
D:/ccx_work/考虑交付的机器调度/work1/instances/no_outsourcing/data/n050-set02/family/base/zero/m4.dat	3b2c899677d1a56ef82725ac7ce8bb9663e25dfb1072e127a7463cb6282e2a72
D:/ccx_work/考虑交付的机器调度/work1/instances/no_outsourcing/data/n050-set02/family/base/narrow/m2.dat	23940dd53f95d1fcfebe801762ae4f35a9a48956a6172831a4969ff139e323ed
D:/ccx_work/考虑交付的机器调度/work1/instances/no_outsourcing/data/n050-set02/family/base/narrow/m3.dat	b61308919ef117aece0e18f8525126988f92514c0a6616a089932d8847037a5d
D:/ccx_work/考虑交付的机器调度/work1/instances/no_outsourcing/data/n050-set02/family/base/narrow/m4.dat	79e8460cbf25b3664dfc41f01404b0a2040cd14937332b06c3a03e01ded15ae3
D:/ccx_work/考虑交付的机器调度/work1/instances/no_outsourcing/data/n050-set02/family/base/wide/m2.dat	3ae5fa8a4b89e140dc91f5fcd1cb64e9f3d938f4e96af9c3e12a6c275e486868
D:/ccx_work/考虑交付的机器调度/work1/instances/no_outsourcing/data/n050-set02/family/base/wide/m3.dat	d4f5835fd9c1ee616168180780650b23707a9e36190a2acae74f6f48908d8cfa
D:/ccx_work/考虑交付的机器调度/work1/instances/no_outsourcing/data/n050-set02/family/base/wide/m4.dat	e9d0bbbcff5d2a3da9ee6ebe1041a7e56038ad19aa977cde45b2f403ef1f96c2
D:/ccx_work/考虑交付的机器调度/work1/instances/no_outsourcing/data/n050-set02/family/medium-heterogeneous/zero/m2.dat	a0e536da38df769c8f1a349ec7880074ef34663d3c4ebcdcbab855150e3e3814
D:/ccx_work/考虑交付的机器调度/work1/instances/no_outsourcing/data/n050-set02/family/medium-heterogeneous/zero/m3.dat	af230446c06c4420e5ea8a7688b7cd81a4920c0c8bab2bf8aebf23966da88dab
D:/ccx_work/考虑交付的机器调度/work1/instances/no_outsourcing/data/n050-set02/family/medium-heterogeneous/zero/m4.dat	bce06e29d7c3d4e2cd0179af4de63296a35311362185b3b7e8a2dd3225e439ba
D:/ccx_work/考虑交付的机器调度/work1/instances/no_outsourcing/data/n050-set02/family/medium-heterogeneous/narrow/m2.dat	60ef2c62658e2610ed55d62b884d0ace0522af083e99663b270665fff500b5b1
D:/ccx_work/考虑交付的机器调度/work1/instances/no_outsourcing/data/n050-set02/family/medium-heterogeneous/narrow/m3.dat	2f4d5e2f02b77ba7b0e01f6a63099c8e785370f353fc32ae1e2759e6aa3aa571
D:/ccx_work/考虑交付的机器调度/work1/instances/no_outsourcing/data/n050-set02/family/medium-heterogeneous/narrow/m4.dat	cfe4399cfd40c5435883a3c1ea76cede698422719453d4a9f3b1f58e66856de6
D:/ccx_work/考虑交付的机器调度/work1/instances/no_outsourcing/data/n050-set02/family/medium-heterogeneous/wide/m2.dat	06d8b2e1d2179dc3e349f38e3f173fc11b41dc1085bc14e01934eb5ababeda43
D:/ccx_work/考虑交付的机器调度/work1/instances/no_outsourcing/data/n050-set02/family/medium-heterogeneous/wide/m3.dat	f1d800dbaccc838313c431f8d6f83da790d401c7b23456fe3c6682ebe2fda1f9
D:/ccx_work/考虑交付的机器调度/work1/instances/no_outsourcing/data/n050-set02/family/medium-heterogeneous/wide/m4.dat	0f30d5a85c8905aa55537c60682e82864464b723cd8c6a7ec5c889e5dbf85a28
D:/ccx_work/考虑交付的机器调度/work1/instances/no_outsourcing/data/n050-set02/family/high-heterogeneous/zero/m2.dat	43548575d2916b37d708374c943294a606c976f76b646558793598966bf11601
D:/ccx_work/考虑交付的机器调度/work1/instances/no_outsourcing/data/n050-set02/family/high-heterogeneous/zero/m3.dat	06caebcddac01e81beb8d7c51269ba2373c60c4b9a1c25b7a192a3421ca0b06f
D:/ccx_work/考虑交付的机器调度/work1/instances/no_outsourcing/data/n050-set02/family/high-heterogeneous/zero/m4.dat	31175abf12ed95b0b64a7cb8e278abd5e179ffc28c181e581a47dd7017b6842b
D:/ccx_work/考虑交付的机器调度/work1/instances/no_outsourcing/data/n050-set02/family/high-heterogeneous/narrow/m2.dat	7890cedbf8487b9c823672b5875c264bbe2132d6eb9056ea15746f10c5a1255e
D:/ccx_work/考虑交付的机器调度/work1/instances/no_outsourcing/data/n050-set02/family/high-heterogeneous/narrow/m3.dat	de420cec8f531600c1b8f0ec259825785da6ee204e98cdd9f475327a58398274
D:/ccx_work/考虑交付的机器调度/work1/instances/no_outsourcing/data/n050-set02/family/high-heterogeneous/narrow/m4.dat	1cfadea19419483434992cdafb4c0fddaa55220be39ac9afdd3fdc263d206998
D:/ccx_work/考虑交付的机器调度/work1/instances/no_outsourcing/data/n050-set02/family/high-heterogeneous/wide/m2.dat	13715088a73323c6a3e83ec06aaee8e4fcb91540cc03ea4a589c0920c3ac8a6a
D:/ccx_work/考虑交付的机器调度/work1/instances/no_outsourcing/data/n050-set02/family/high-heterogeneous/wide/m3.dat	c28f5c0bd3928bb07b182bff3d77b384c76b94e2fc5faef381e8a89a44f3b69a
D:/ccx_work/考虑交付的机器调度/work1/instances/no_outsourcing/data/n050-set02/family/high-heterogeneous/wide/m4.dat	dafdaa866fa4097520a69f850029443baed4e8f8dbd4e28c70ba7dc18963084c
D:/ccx_work/考虑交付的机器调度/work1/instances/no_outsourcing/data/n050-set03/random/base/zero/m2.dat	93508ea046a8312ba56abc43440d519ead19bba2b3fab3f394e8e5df46e3b9ec
D:/ccx_work/考虑交付的机器调度/work1/instances/no_outsourcing/data/n050-set03/random/base/zero/m3.dat	4e97eadddb8db671ebbae41fbf48b79e35f872fc1d264ec68b3a63280fbf8b5d
D:/ccx_work/考虑交付的机器调度/work1/instances/no_outsourcing/data/n050-set03/random/base/zero/m4.dat	d66b81712ff14018f04877d5bc16aeeffc5395a35fe1b252b74701480bba7e09
D:/ccx_work/考虑交付的机器调度/work1/instances/no_outsourcing/data/n050-set03/random/base/narrow/m2.dat	833bb60b3ff2b0c1d5a4d0312ca3a33bc92bfde1b518928adc1b887cbcc666d4
D:/ccx_work/考虑交付的机器调度/work1/instances/no_outsourcing/data/n050-set03/random/base/narrow/m3.dat	b4bd81928783916242173c9c0d6f71ae0d345af36e9c48aa8bf9ecaa5037f5d0
D:/ccx_work/考虑交付的机器调度/work1/instances/no_outsourcing/data/n050-set03/random/base/narrow/m4.dat	32b467b9c8d9e74293c2928b191c8691fb93da545cf4f46f0008432559b56436
D:/ccx_work/考虑交付的机器调度/work1/instances/no_outsourcing/data/n050-set03/random/base/wide/m2.dat	d57c18556b446ea7891c21b056d58622bd3ae42875573c8ab4ef2cdf895fa37d
D:/ccx_work/考虑交付的机器调度/work1/instances/no_outsourcing/data/n050-set03/random/base/wide/m3.dat	fcdbc287ea529098666fb4ffe73b3b0fb97afc1d61f70da7f8d0a4e1056d6f9a
D:/ccx_work/考虑交付的机器调度/work1/instances/no_outsourcing/data/n050-set03/random/base/wide/m4.dat	c12f80cb5bea0b3f4aa3d58fd03b2f947b8407a34f7f5f61b6db11cd86784cc3
D:/ccx_work/考虑交付的机器调度/work1/instances/no_outsourcing/data/n050-set03/random/medium-heterogeneous/zero/m2.dat	0d6959cf3c0a1ac786ca357cd4dcb2f62c4070030967dd561214ef61eff08471
D:/ccx_work/考虑交付的机器调度/work1/instances/no_outsourcing/data/n050-set03/random/medium-heterogeneous/zero/m3.dat	bd20db26bffa3ad066ceeb53a8b776b5697982d220f9eb9263620f2970c080bb
D:/ccx_work/考虑交付的机器调度/work1/instances/no_outsourcing/data/n050-set03/random/medium-heterogeneous/zero/m4.dat	7137c3aed844392eabab68d6c7c8a38b78d8c89b1bffb27c8954b048e0092f72
D:/ccx_work/考虑交付的机器调度/work1/instances/no_outsourcing/data/n050-set03/random/medium-heterogeneous/narrow/m2.dat	6b6255575776c671e1da1fea21742422c43ea3a077e2ae49e5307331c6cbab83
D:/ccx_work/考虑交付的机器调度/work1/instances/no_outsourcing/data/n050-set03/random/medium-heterogeneous/narrow/m3.dat	4d2bd4106f6b7c0231c1fb294777541b92804a16b852054be466a674286dbd8f
D:/ccx_work/考虑交付的机器调度/work1/instances/no_outsourcing/data/n050-set03/random/medium-heterogeneous/narrow/m4.dat	5a3a5b76ed9a505b15a112ff35d98b91de89f4be8a4f15b6bfb8fa742ac27f9d
D:/ccx_work/考虑交付的机器调度/work1/instances/no_outsourcing/data/n050-set03/random/medium-heterogeneous/wide/m2.dat	51cdba5c95f95d0ca8ce87bed680e65dc8ce5908e864bdce7e2afc24713f43e9
D:/ccx_work/考虑交付的机器调度/work1/instances/no_outsourcing/data/n050-set03/random/medium-heterogeneous/wide/m3.dat	63d0835dde93acadcb171d2787135a7fb1f4bb081cd83fbe732ea54037b0c457
D:/ccx_work/考虑交付的机器调度/work1/instances/no_outsourcing/data/n050-set03/random/medium-heterogeneous/wide/m4.dat	b9e304eb2974cfb99cf7888f7492eca967621b2b138d0bb35a066b7eb61e222c
D:/ccx_work/考虑交付的机器调度/work1/instances/no_outsourcing/data/n050-set03/random/high-heterogeneous/zero/m2.dat	4fe4edbd2de6d879f7ca432bfad1c4ec449a156ff7e302950a2a474f3ff16485
D:/ccx_work/考虑交付的机器调度/work1/instances/no_outsourcing/data/n050-set03/random/high-heterogeneous/zero/m3.dat	5abd85895cf89c3fbc95a8de8841ddac3e3b1ee402f7e3e71bfe77a6155d32ab
D:/ccx_work/考虑交付的机器调度/work1/instances/no_outsourcing/data/n050-set03/random/high-heterogeneous/zero/m4.dat	71a4c5e9ca9bcec98592f0d75ae413fc200ad2b6f28020e1c0b13d26a77d7147
D:/ccx_work/考虑交付的机器调度/work1/instances/no_outsourcing/data/n050-set03/random/high-heterogeneous/narrow/m2.dat	4d91660d2215a43c329a733609926f8886e545f2d4761101d0ff4b93b27c5654
D:/ccx_work/考虑交付的机器调度/work1/instances/no_outsourcing/data/n050-set03/random/high-heterogeneous/narrow/m3.dat	1055e2c2e4b9944053e4f98b44276fc7549527fef3d5ec86b00d4ba8768d4f24
D:/ccx_work/考虑交付的机器调度/work1/instances/no_outsourcing/data/n050-set03/random/high-heterogeneous/narrow/m4.dat	0bb7623bea4a20b6b4e1bd076bab2a0894990cdf1edbb5e30cab1660ecb18843
D:/ccx_work/考虑交付的机器调度/work1/instances/no_outsourcing/data/n050-set03/random/high-heterogeneous/wide/m2.dat	b97b0de9706f914fabdd94320cda4a5f7ef38731db673a59516be2a22c5d7bec
D:/ccx_work/考虑交付的机器调度/work1/instances/no_outsourcing/data/n050-set03/random/high-heterogeneous/wide/m3.dat	e13a6c48e912541c7595b159938d2542475d9053a736ca84319ecc3b30755611
D:/ccx_work/考虑交付的机器调度/work1/instances/no_outsourcing/data/n050-set03/random/high-heterogeneous/wide/m4.dat	9e7ff68bd83cc0bcf357a160b7e6be1892c5796a8e146d8e443c4bac314a070b
D:/ccx_work/考虑交付的机器调度/work1/instances/no_outsourcing/data/n050-set03/family/base/zero/m2.dat	5e83880fd0b1d4c9b15436af5151d37ab435205cad4ed07305c744623e20cd86
D:/ccx_work/考虑交付的机器调度/work1/instances/no_outsourcing/data/n050-set03/family/base/zero/m3.dat	cef925e919bd72c6a49e7443132b7c49d10d2bb1e73646b296fa38ee338a043a
D:/ccx_work/考虑交付的机器调度/work1/instances/no_outsourcing/data/n050-set03/family/base/zero/m4.dat	94362559fff6bf50b93dbf2c3a7ab02ec68657999c85366b36a4a61533659b83
D:/ccx_work/考虑交付的机器调度/work1/instances/no_outsourcing/data/n050-set03/family/base/narrow/m2.dat	11221911b54b92e18c8f8a4e2417afe6cd9ead86a9477876dcecbe5c7b9a13ac
D:/ccx_work/考虑交付的机器调度/work1/instances/no_outsourcing/data/n050-set03/family/base/narrow/m3.dat	289438818fcf549005ecaea16fceb244dd16a678474d8d03410384471889b85f
D:/ccx_work/考虑交付的机器调度/work1/instances/no_outsourcing/data/n050-set03/family/base/narrow/m4.dat	60ce599e083e7007c19308e2609dee65adf2d2b309f26c7dd0a103588ac4928e
D:/ccx_work/考虑交付的机器调度/work1/instances/no_outsourcing/data/n050-set03/family/base/wide/m2.dat	af838ab7d267ad7668f7a311d7d11da93b411da793b4a683c52b977ee106c167
D:/ccx_work/考虑交付的机器调度/work1/instances/no_outsourcing/data/n050-set03/family/base/wide/m3.dat	135f32b984502a9c349acb6009034e96ae31c86a1cee9fa97f75d1a603885069
D:/ccx_work/考虑交付的机器调度/work1/instances/no_outsourcing/data/n050-set03/family/base/wide/m4.dat	3ba4a148dbbda0ea390643a077e969d86cfc7eb270b75f476bd50c1defa152fb
D:/ccx_work/考虑交付的机器调度/work1/instances/no_outsourcing/data/n050-set03/family/medium-heterogeneous/zero/m2.dat	054ffd9e7ec329e967e7c9adc9a5c8ec5a9a9f657e7c04e46b7f8c2358ee6109
D:/ccx_work/考虑交付的机器调度/work1/instances/no_outsourcing/data/n050-set03/family/medium-heterogeneous/zero/m3.dat	fb7382b8dab4a04a003668a5af657d1d4988d44a12ade97d0f7f022f6eb8da15
D:/ccx_work/考虑交付的机器调度/work1/instances/no_outsourcing/data/n050-set03/family/medium-heterogeneous/zero/m4.dat	fe1e393060a8a5472db3158bde0fc190e56a75389cbf70479049c6c6c5731e34
D:/ccx_work/考虑交付的机器调度/work1/instances/no_outsourcing/data/n050-set03/family/medium-heterogeneous/narrow/m2.dat	bc734c881e7bd92ca77cc0688ae31d5d4c54a7894bf026c1c09a9cab0cf156a2
D:/ccx_work/考虑交付的机器调度/work1/instances/no_outsourcing/data/n050-set03/family/medium-heterogeneous/narrow/m3.dat	d8ef7f6439ff984a2a4bc999cad19059c5d323d6d2fdac02642fe24a7c2418ae
D:/ccx_work/考虑交付的机器调度/work1/instances/no_outsourcing/data/n050-set03/family/medium-heterogeneous/narrow/m4.dat	216eeb92667ea785fd1f45c3ad517a429701ed44beaf91fa32b223673b761631
D:/ccx_work/考虑交付的机器调度/work1/instances/no_outsourcing/data/n050-set03/family/medium-heterogeneous/wide/m2.dat	a8d1a1b27942bd91776ab036fa88f42a2fd1ac13615f42b674e040580c8c6d77
D:/ccx_work/考虑交付的机器调度/work1/instances/no_outsourcing/data/n050-set03/family/medium-heterogeneous/wide/m3.dat	a0088eb29f589c3394e3cc2f1b49086c72093b17b221623aca1d5e022c68921c
D:/ccx_work/考虑交付的机器调度/work1/instances/no_outsourcing/data/n050-set03/family/medium-heterogeneous/wide/m4.dat	a0b464e00d2ffed38e86996f4e1561f251058a9b57250ed131f8746ec49cea20
D:/ccx_work/考虑交付的机器调度/work1/instances/no_outsourcing/data/n050-set03/family/high-heterogeneous/zero/m2.dat	30045f87289abb1492475fb58f6b266e1d89db216ebdd55f0d779cc76297f221
D:/ccx_work/考虑交付的机器调度/work1/instances/no_outsourcing/data/n050-set03/family/high-heterogeneous/zero/m3.dat	605090c33e9e54a4d0f11d59846c51831c14a54e52cc508194a147733940f6db
D:/ccx_work/考虑交付的机器调度/work1/instances/no_outsourcing/data/n050-set03/family/high-heterogeneous/zero/m4.dat	fae422db2042871b9d481f28606c2cc65efb30f87364bbcca40ff6890209e6fc
D:/ccx_work/考虑交付的机器调度/work1/instances/no_outsourcing/data/n050-set03/family/high-heterogeneous/narrow/m2.dat	c7b9097f86652ef2587843f7100cc7286c7ed837f669599c9b9f5fd005c5412d
D:/ccx_work/考虑交付的机器调度/work1/instances/no_outsourcing/data/n050-set03/family/high-heterogeneous/narrow/m3.dat	95452ccd8715bbb9080833eb310e2b776d773fee05d550384b03ccfd70d1e372
D:/ccx_work/考虑交付的机器调度/work1/instances/no_outsourcing/data/n050-set03/family/high-heterogeneous/narrow/m4.dat	137cbef476681ac5872db13e349161f935f51c762f313d33f26d19e6767ba3f9
D:/ccx_work/考虑交付的机器调度/work1/instances/no_outsourcing/data/n050-set03/family/high-heterogeneous/wide/m2.dat	0bef2e8b0a8230b8b3e2fb6f1a2a13f40046adce629599f73834805d6f7c37c6
D:/ccx_work/考虑交付的机器调度/work1/instances/no_outsourcing/data/n050-set03/family/high-heterogeneous/wide/m3.dat	f4c816d1747b0d5df7cc305c29fb58f415daa9edbc3ed9d48af93a368e3f2472
D:/ccx_work/考虑交付的机器调度/work1/instances/no_outsourcing/data/n050-set03/family/high-heterogeneous/wide/m4.dat	6ec4e5ef345321bd4ee81ab2cbbbc070f7b95cca73b40f72244bffdf0ca54949
D:/ccx_work/考虑交付的机器调度/work1/instances/no_outsourcing/data/n050-set04/random/base/zero/m2.dat	8b8622b96d0d5f57479e71c5e7721504632d123296b4c0da494e9f8382754f65
D:/ccx_work/考虑交付的机器调度/work1/instances/no_outsourcing/data/n050-set04/random/base/zero/m3.dat	b8e6acf979bc255cd0036e5adbee7635754f9302e8287a2671ca0573133747c9
D:/ccx_work/考虑交付的机器调度/work1/instances/no_outsourcing/data/n050-set04/random/base/zero/m4.dat	5fc7f383cbb083b0552c48194394348b124cca2bb02627e0d47c22f6b0c4ff02
D:/ccx_work/考虑交付的机器调度/work1/instances/no_outsourcing/data/n050-set04/random/base/narrow/m2.dat	5485eb4f3e875ce1f0b1ccc9ae9b925e9de89f051b46fd9ef68c679629cc79ba
D:/ccx_work/考虑交付的机器调度/work1/instances/no_outsourcing/data/n050-set04/random/base/narrow/m3.dat	c8909760eea0b9a77668f08c12a32396c68f66fdd99f177b4a403973e8ba85c5
D:/ccx_work/考虑交付的机器调度/work1/instances/no_outsourcing/data/n050-set04/random/base/narrow/m4.dat	30c232d948d9a364faec72a0d3bd3cf523f3d4e93e1123e77328d9af999bbe0d
D:/ccx_work/考虑交付的机器调度/work1/instances/no_outsourcing/data/n050-set04/random/base/wide/m2.dat	6f554df14faf219eaf88778063f7d1db0b8669a15e989ff3f2a655ac3f0fa12f
D:/ccx_work/考虑交付的机器调度/work1/instances/no_outsourcing/data/n050-set04/random/base/wide/m3.dat	14fb9db4f7466e4599d3adb01088d60e3e1447bc23dd12f5fd821d40d18e0f6c
D:/ccx_work/考虑交付的机器调度/work1/instances/no_outsourcing/data/n050-set04/random/base/wide/m4.dat	8a505a7e4f7c211b6d0be501c590ea922c6815e8439b5118080bad008932b21a
D:/ccx_work/考虑交付的机器调度/work1/instances/no_outsourcing/data/n050-set04/random/medium-heterogeneous/zero/m2.dat	b14eedf56d095ba0fd91deea06ee912f35503e1c9ccd4c9395f341adb09db768
D:/ccx_work/考虑交付的机器调度/work1/instances/no_outsourcing/data/n050-set04/random/medium-heterogeneous/zero/m3.dat	507860a90a42a8b3894eb94f2cc34fbbd984bc4db576b3499d8572e6f7f15ef4
D:/ccx_work/考虑交付的机器调度/work1/instances/no_outsourcing/data/n050-set04/random/medium-heterogeneous/zero/m4.dat	c39991feed1cc5687c2fbfedb04e47340156a06f06e36dcc99bfd3c6c6638c92
D:/ccx_work/考虑交付的机器调度/work1/instances/no_outsourcing/data/n050-set04/random/medium-heterogeneous/narrow/m2.dat	5c198dcd71831c8f6f30f033fa20ae379b4d4b965ac2305fc816426a9c2dee45
D:/ccx_work/考虑交付的机器调度/work1/instances/no_outsourcing/data/n050-set04/random/medium-heterogeneous/narrow/m3.dat	743a0bc61e9b7581413f8f5107cf02700778c8f3fd7ad3ca8508d72d91b2004a
D:/ccx_work/考虑交付的机器调度/work1/instances/no_outsourcing/data/n050-set04/random/medium-heterogeneous/narrow/m4.dat	c51f23c2904af1c3f953e6fbf33fed975251cc9e7ec04b5f1fbda236288d8615
D:/ccx_work/考虑交付的机器调度/work1/instances/no_outsourcing/data/n050-set04/random/medium-heterogeneous/wide/m2.dat	50a37ece97120f182410fbf45bbc80128f3900e19967750e8d8bf641ed2ff0aa
D:/ccx_work/考虑交付的机器调度/work1/instances/no_outsourcing/data/n050-set04/random/medium-heterogeneous/wide/m3.dat	d17f22cb05ab63e7a4cae5abe6026f2ee8a52e877d2903f605995089d1563e80
D:/ccx_work/考虑交付的机器调度/work1/instances/no_outsourcing/data/n050-set04/random/medium-heterogeneous/wide/m4.dat	fcbc0954396f4d83bde34fcd6ba74b4bde97c98af24e29cf393acc8600ec37e4
D:/ccx_work/考虑交付的机器调度/work1/instances/no_outsourcing/data/n050-set04/random/high-heterogeneous/zero/m2.dat	843b7a1e96f57aeb6dcba95f08561d12cebdd5d6cd499f812a83a1e0131cdc62
D:/ccx_work/考虑交付的机器调度/work1/instances/no_outsourcing/data/n050-set04/random/high-heterogeneous/zero/m3.dat	529619da8eb6b02d94a1e11c299af99684728601a8e56d73a6eca2d714e67716
D:/ccx_work/考虑交付的机器调度/work1/instances/no_outsourcing/data/n050-set04/random/high-heterogeneous/zero/m4.dat	1c155f75cb77286a28dfbeb760289f34c94be00243db83c0d2fe72c98134fc84
D:/ccx_work/考虑交付的机器调度/work1/instances/no_outsourcing/data/n050-set04/random/high-heterogeneous/narrow/m2.dat	c5555ecef3a69dd8bc5d711f1595f1dbffce19df97173530e2d047405ccb10da
D:/ccx_work/考虑交付的机器调度/work1/instances/no_outsourcing/data/n050-set04/random/high-heterogeneous/narrow/m3.dat	ba87a21cfa5fbccaeaa8075a86e92f25d14332263c886079f7f9d6c0f277e98d
D:/ccx_work/考虑交付的机器调度/work1/instances/no_outsourcing/data/n050-set04/random/high-heterogeneous/narrow/m4.dat	f46afe9ff35cf52043de6ccf90f38bdd1947c2e0b95885d8c92d97ae2c330aef
D:/ccx_work/考虑交付的机器调度/work1/instances/no_outsourcing/data/n050-set04/random/high-heterogeneous/wide/m2.dat	174ecdadab6ca22b9e5b9818518683c8ae3484458b20714e4e85683ee95b8c76
D:/ccx_work/考虑交付的机器调度/work1/instances/no_outsourcing/data/n050-set04/random/high-heterogeneous/wide/m3.dat	5eb82502d6bf48d4f18016a7f952f02f1440d3bacba0212d399b4ee188885174
D:/ccx_work/考虑交付的机器调度/work1/instances/no_outsourcing/data/n050-set04/random/high-heterogeneous/wide/m4.dat	7e5b064062ed749f0facc98bc09eccba2e1c66a5ce031072892fb1d9165a7fa8
D:/ccx_work/考虑交付的机器调度/work1/instances/no_outsourcing/data/n050-set04/family/base/zero/m2.dat	80accd449332eccd5607d63967d8ec871cb4a671ed5ffe0f161dcc938807d5aa
D:/ccx_work/考虑交付的机器调度/work1/instances/no_outsourcing/data/n050-set04/family/base/zero/m3.dat	e7c2bb977615d8873cd55ffd0ef314b0602be019ccde3f68cc32d4045727674c
D:/ccx_work/考虑交付的机器调度/work1/instances/no_outsourcing/data/n050-set04/family/base/zero/m4.dat	5306eb4300a71dec994dd4c6849d837967349c0903dfe5d545d46597454ea29e
D:/ccx_work/考虑交付的机器调度/work1/instances/no_outsourcing/data/n050-set04/family/base/narrow/m2.dat	d798050bc9dc9ec069d84f601d9d323fb6f2999e20c4777dfa2025c5955e1c63
D:/ccx_work/考虑交付的机器调度/work1/instances/no_outsourcing/data/n050-set04/family/base/narrow/m3.dat	775c4233db52de7720dde1abfa716367a4b7b8c344cf50fe1e795002a5ec8878
D:/ccx_work/考虑交付的机器调度/work1/instances/no_outsourcing/data/n050-set04/family/base/narrow/m4.dat	7b63f9be333abf312d6d38ff6b766cb81fa6e49f944b08f3ee4396ec8ff5f864
D:/ccx_work/考虑交付的机器调度/work1/instances/no_outsourcing/data/n050-set04/family/base/wide/m2.dat	75b84247de172d3b4a9872d5c137e46a390c049968c92d9055d2b34b33f835e6
D:/ccx_work/考虑交付的机器调度/work1/instances/no_outsourcing/data/n050-set04/family/base/wide/m3.dat	c7e8561747ac91074378d65834b686d6fba79664ae196d23babc379e17b6bc20
D:/ccx_work/考虑交付的机器调度/work1/instances/no_outsourcing/data/n050-set04/family/base/wide/m4.dat	6b60c6af7c40cc218a60d074dcd4f0be4a354db282dfa741eb70295ef4a16f7c
D:/ccx_work/考虑交付的机器调度/work1/instances/no_outsourcing/data/n050-set04/family/medium-heterogeneous/zero/m2.dat	18015033a33d1dca9fe999e38c04cd2d8f18dfe2f419f18dfab8073def8d4dca
D:/ccx_work/考虑交付的机器调度/work1/instances/no_outsourcing/data/n050-set04/family/medium-heterogeneous/zero/m3.dat	de800f51a3c1aa07e6d4980c061eead6d689dde75ce0c12f8c855f6cd827a765
D:/ccx_work/考虑交付的机器调度/work1/instances/no_outsourcing/data/n050-set04/family/medium-heterogeneous/zero/m4.dat	e6b8eccf29d858826dda573cc90a5774498439eb9f27fd8ef1b9b688b63186f9
D:/ccx_work/考虑交付的机器调度/work1/instances/no_outsourcing/data/n050-set04/family/medium-heterogeneous/narrow/m2.dat	0161727ed0fee5841547acacf6c07d4ccb41f9fb280f3a967fb9e13a8defd0b7
D:/ccx_work/考虑交付的机器调度/work1/instances/no_outsourcing/data/n050-set04/family/medium-heterogeneous/narrow/m3.dat	eadbecdb7bc9b57fa883bcd29475ff2627dc098b593af32462b4187398cf0f7a
D:/ccx_work/考虑交付的机器调度/work1/instances/no_outsourcing/data/n050-set04/family/medium-heterogeneous/narrow/m4.dat	e5f6e88a25acf2e247fc673069a75eebeeb8af2af45abdd0c2d7003b818e2838
D:/ccx_work/考虑交付的机器调度/work1/instances/no_outsourcing/data/n050-set04/family/medium-heterogeneous/wide/m2.dat	7d5fb53b9c5c9b0da1255c7216d36b623979448406fc93410a571f78c5eacaa6
D:/ccx_work/考虑交付的机器调度/work1/instances/no_outsourcing/data/n050-set04/family/medium-heterogeneous/wide/m3.dat	05acf2e48248da5e51df5f669b65fe005398fadb8cb5ef0ca400e434f4058360
D:/ccx_work/考虑交付的机器调度/work1/instances/no_outsourcing/data/n050-set04/family/medium-heterogeneous/wide/m4.dat	7254af2e68da76112f4255cac629f8b2df02be911261cbc44cd10164aeed0e3d
D:/ccx_work/考虑交付的机器调度/work1/instances/no_outsourcing/data/n050-set04/family/high-heterogeneous/zero/m2.dat	1c4f8cb3079273f61c84c38d06d448213c3d100ab1ca6f81b0621427ad31393e
D:/ccx_work/考虑交付的机器调度/work1/instances/no_outsourcing/data/n050-set04/family/high-heterogeneous/zero/m3.dat	743ad6ed296cf88fe5711700d17be7161f5c45f2fda41962e673179bb1ec92a5
D:/ccx_work/考虑交付的机器调度/work1/instances/no_outsourcing/data/n050-set04/family/high-heterogeneous/zero/m4.dat	656fbb94e9f159a819f22d0221bb9ad16e58e62247c2b34a3b97c7d9d6058b54
D:/ccx_work/考虑交付的机器调度/work1/instances/no_outsourcing/data/n050-set04/family/high-heterogeneous/narrow/m2.dat	56553ec0c151027c17d90a123d3b1be6aaf38944f4b2c06c27cd6d0afa3dbffc
D:/ccx_work/考虑交付的机器调度/work1/instances/no_outsourcing/data/n050-set04/family/high-heterogeneous/narrow/m3.dat	6287e414709ccc781c4ae0896a2970c376272aa78cabd77a9e5fd1d9b185bb22
D:/ccx_work/考虑交付的机器调度/work1/instances/no_outsourcing/data/n050-set04/family/high-heterogeneous/narrow/m4.dat	f2d092fcefd923f16e3cdf409aaa870b2998cb34e39a1d026238479c8fbf8d77
D:/ccx_work/考虑交付的机器调度/work1/instances/no_outsourcing/data/n050-set04/family/high-heterogeneous/wide/m2.dat	c3a0927b29793e42edb80e167d35c71467ef4c2faa9a4337dac346c82fda1bdb
D:/ccx_work/考虑交付的机器调度/work1/instances/no_outsourcing/data/n050-set04/family/high-heterogeneous/wide/m3.dat	78aa9bf306cfaa9b44a9324c8d9af197f4cb9d27d3d445fa6abe2c3dbd5f493d
D:/ccx_work/考虑交付的机器调度/work1/instances/no_outsourcing/data/n050-set04/family/high-heterogeneous/wide/m4.dat	47ed2a67661736d3071e9f788af82554cadd1a4cda63caeee8364a5259cdaf03
D:/ccx_work/考虑交付的机器调度/work1/instances/no_outsourcing/data/n050-set05/random/base/zero/m2.dat	6d1a0ac1d259e5fb7861eeeb80204837611e302d545df6014665509e6a6b1512
D:/ccx_work/考虑交付的机器调度/work1/instances/no_outsourcing/data/n050-set05/random/base/zero/m3.dat	a6c50a3c2bce17edb46062a40f7ee8544731d9c02eba6fb5ceb378f11f069bdd
D:/ccx_work/考虑交付的机器调度/work1/instances/no_outsourcing/data/n050-set05/random/base/zero/m4.dat	432365b1b86a2231d9392006c1cc19cc2055d406edf75b6d56818efa3025b2c5
D:/ccx_work/考虑交付的机器调度/work1/instances/no_outsourcing/data/n050-set05/random/base/narrow/m2.dat	1dca842ebf94fbe95cc6f51d4bf106aae93939ac0ff8d8c1f83683359009704f
D:/ccx_work/考虑交付的机器调度/work1/instances/no_outsourcing/data/n050-set05/random/base/narrow/m3.dat	97990a936875dbe5b5af16b08930e5c06c926d83a711c038cf9cc831a4f1b656
D:/ccx_work/考虑交付的机器调度/work1/instances/no_outsourcing/data/n050-set05/random/base/narrow/m4.dat	9ec21b03d0e2330358dc1a9564254c1cf857a868c60f7b0aa4872b6a2ef5f8e4
D:/ccx_work/考虑交付的机器调度/work1/instances/no_outsourcing/data/n050-set05/random/base/wide/m2.dat	797e25b7f2e1fe9e9aa766bd0d1ea60af3382446e9d01c966ff7e603a1d0dc41
D:/ccx_work/考虑交付的机器调度/work1/instances/no_outsourcing/data/n050-set05/random/base/wide/m3.dat	b993465d2de36b8b25b7eb95662a6a5e3e4c62710d1fc658ce9c67965787a5cf
D:/ccx_work/考虑交付的机器调度/work1/instances/no_outsourcing/data/n050-set05/random/base/wide/m4.dat	39605d2e1a38553f6f0b4bc6fd8978122a0f79bc72291204f7a2fe3f7e30ab41
D:/ccx_work/考虑交付的机器调度/work1/instances/no_outsourcing/data/n050-set05/random/medium-heterogeneous/zero/m2.dat	7d3a60cc3855c2bdbd3b0e1f8056db1e768e1424bd97eadf2958059ee6a93823
D:/ccx_work/考虑交付的机器调度/work1/instances/no_outsourcing/data/n050-set05/random/medium-heterogeneous/zero/m3.dat	8508fb1c58f44c743063cc651294139f96dfb05cfc3b3d4a18db6638bb9dce77
D:/ccx_work/考虑交付的机器调度/work1/instances/no_outsourcing/data/n050-set05/random/medium-heterogeneous/zero/m4.dat	01a06301ddf45b370c6d875ca00222e60e20165f0a9905157e3466f4a9d1d1a1
D:/ccx_work/考虑交付的机器调度/work1/instances/no_outsourcing/data/n050-set05/random/medium-heterogeneous/narrow/m2.dat	d3b813c6227daad1df6819c44f5f55366b974b8d9f1f09944704afdc03dcd9b6
D:/ccx_work/考虑交付的机器调度/work1/instances/no_outsourcing/data/n050-set05/random/medium-heterogeneous/narrow/m3.dat	93a78a91959b677907415a1f9996828de3af7fb3372863c10bca8b5b650cd4b9
D:/ccx_work/考虑交付的机器调度/work1/instances/no_outsourcing/data/n050-set05/random/medium-heterogeneous/narrow/m4.dat	de602ee69af8dad7c8f6b01363ac56b986cd9162d678159dcbd8d5a37265f693
D:/ccx_work/考虑交付的机器调度/work1/instances/no_outsourcing/data/n050-set05/random/medium-heterogeneous/wide/m2.dat	fddf7a947c71d3b63ab31f013524790578067322dc7a7f3c05617612eba05e48
D:/ccx_work/考虑交付的机器调度/work1/instances/no_outsourcing/data/n050-set05/random/medium-heterogeneous/wide/m3.dat	4854c0c3ba08c47daaf25378379b8d456181a5b5dbb0d2a7db0e363e89da3cbb
D:/ccx_work/考虑交付的机器调度/work1/instances/no_outsourcing/data/n050-set05/random/medium-heterogeneous/wide/m4.dat	bac14f0ca6b14578cd248f5cf81073e855a884c746eadd52c67fdd902d9e885a
D:/ccx_work/考虑交付的机器调度/work1/instances/no_outsourcing/data/n050-set05/random/high-heterogeneous/zero/m2.dat	4ca1b4b1443c944c65ceae88cacd33beaaa6e1b64fa86ea40afdd8d5a70a32d4
D:/ccx_work/考虑交付的机器调度/work1/instances/no_outsourcing/data/n050-set05/random/high-heterogeneous/zero/m3.dat	e7a5f311cd58bf25cdc585d9d0654872c2a0fe659090754e2131165423830199
D:/ccx_work/考虑交付的机器调度/work1/instances/no_outsourcing/data/n050-set05/random/high-heterogeneous/zero/m4.dat	f6959e8162af6335a55b833b1b577f4c555b3b446276f0cfb6033fd543abc010
D:/ccx_work/考虑交付的机器调度/work1/instances/no_outsourcing/data/n050-set05/random/high-heterogeneous/narrow/m2.dat	3a095eddb804384526c4fddf961d4efc1128dead083fc9b0e06d20b32024ecb1
D:/ccx_work/考虑交付的机器调度/work1/instances/no_outsourcing/data/n050-set05/random/high-heterogeneous/narrow/m3.dat	92e2609f4f9304fe55f648e18a8ccabb709acdebe7cf65e5a5a944c7cd29505a
D:/ccx_work/考虑交付的机器调度/work1/instances/no_outsourcing/data/n050-set05/random/high-heterogeneous/narrow/m4.dat	34337c5e76f3353fe7ba2d3e09b68ee2653de58b324569b20c9e82638b5779d2
D:/ccx_work/考虑交付的机器调度/work1/instances/no_outsourcing/data/n050-set05/random/high-heterogeneous/wide/m2.dat	1efcb50cc48f1a299bae92b9134bdcf5a1aa403bbb26fba2d801ccf6d993d627
D:/ccx_work/考虑交付的机器调度/work1/instances/no_outsourcing/data/n050-set05/random/high-heterogeneous/wide/m3.dat	5c02547f69c6103dc864ac4606c68ed7d179c74be54a12ad855385228ae60c6c
D:/ccx_work/考虑交付的机器调度/work1/instances/no_outsourcing/data/n050-set05/random/high-heterogeneous/wide/m4.dat	74a8263c0e18ff2e6cf33e0069b3496368925b4dbd935b5d889f4c2086502536
D:/ccx_work/考虑交付的机器调度/work1/instances/no_outsourcing/data/n050-set05/family/base/zero/m2.dat	2470465fc8a782a862c71085c546d36528a31221e4de5967dc294d419180fdec
D:/ccx_work/考虑交付的机器调度/work1/instances/no_outsourcing/data/n050-set05/family/base/zero/m3.dat	b745df8fd0953105c78c092bc6ff313517a501fe03abeeb9e155bd8cb0f36f91
D:/ccx_work/考虑交付的机器调度/work1/instances/no_outsourcing/data/n050-set05/family/base/zero/m4.dat	86a01d2e6bc22cd5b89d08476973b31b05fc012e96f3564283e4f6404840e467
D:/ccx_work/考虑交付的机器调度/work1/instances/no_outsourcing/data/n050-set05/family/base/narrow/m2.dat	32940f97e332a78e990e318d7601de54b298d418e88fc01f642bc7d5e5508608
D:/ccx_work/考虑交付的机器调度/work1/instances/no_outsourcing/data/n050-set05/family/base/narrow/m3.dat	3a7e4b59d39e09e271ef34f138639000274b8532b520a23a14a51760edd62b07
D:/ccx_work/考虑交付的机器调度/work1/instances/no_outsourcing/data/n050-set05/family/base/narrow/m4.dat	be5e4e29cb0cb9ad1e94d6bc2ee682ee631ab2713fb226f6b132a67c338d1ae7
D:/ccx_work/考虑交付的机器调度/work1/instances/no_outsourcing/data/n050-set05/family/base/wide/m2.dat	454e9f815dcbf06124dcc55a3a1359edb609fde0800ce60ae5393e7e3246864f
D:/ccx_work/考虑交付的机器调度/work1/instances/no_outsourcing/data/n050-set05/family/base/wide/m3.dat	77472acc0bfecc5f75af44e1fb202bd123838e06d7ac207dcaf57c740f6dbd63
D:/ccx_work/考虑交付的机器调度/work1/instances/no_outsourcing/data/n050-set05/family/base/wide/m4.dat	a68e3f9251f9316479453f1cfdd5865f6b75ee54a5fe47190155098a10b939c7
D:/ccx_work/考虑交付的机器调度/work1/instances/no_outsourcing/data/n050-set05/family/medium-heterogeneous/zero/m2.dat	7a2e2ba4972a408a237e835e0dc563db752dec72d5cf6a3cacb91d3c52952666
D:/ccx_work/考虑交付的机器调度/work1/instances/no_outsourcing/data/n050-set05/family/medium-heterogeneous/zero/m3.dat	907613b58cccf808efb68aebd4ec6bfc06f7a6712160c50d4fa567ac51f59ebe
D:/ccx_work/考虑交付的机器调度/work1/instances/no_outsourcing/data/n050-set05/family/medium-heterogeneous/zero/m4.dat	bcd932f28deb1fe82a9b7b7d665a2cc6df2c8b7e5b80e6bf70c27aaedc57ebf7
D:/ccx_work/考虑交付的机器调度/work1/instances/no_outsourcing/data/n050-set05/family/medium-heterogeneous/narrow/m2.dat	c73767b6c32b9012e4cbba92ae022423dbdcd6f04123a3cc64a6c9029c154321
D:/ccx_work/考虑交付的机器调度/work1/instances/no_outsourcing/data/n050-set05/family/medium-heterogeneous/narrow/m3.dat	52c2b98e7d2b8bddb2fdffbda70557d4c823a31e1b593337bfb8cbdd81f2e918
D:/ccx_work/考虑交付的机器调度/work1/instances/no_outsourcing/data/n050-set05/family/medium-heterogeneous/narrow/m4.dat	9a7297e21368a23821a112f529ed8c5739db1aaec4379a506d307652ff9b02f3
D:/ccx_work/考虑交付的机器调度/work1/instances/no_outsourcing/data/n050-set05/family/medium-heterogeneous/wide/m2.dat	a6ca0acfcb63e527eb0e7b6769dfa07e2d4d46250f34acc4e8b0e4e5ee8f72f1
D:/ccx_work/考虑交付的机器调度/work1/instances/no_outsourcing/data/n050-set05/family/medium-heterogeneous/wide/m3.dat	b16f9846b9b1a3f6307f06562e2f5c5d70d3c73679f91f400cfab3e41d4743f4
D:/ccx_work/考虑交付的机器调度/work1/instances/no_outsourcing/data/n050-set05/family/medium-heterogeneous/wide/m4.dat	49ac7fe37cf8ce3d34a5e9c9d183e857544f6f6aba1d974362bde614412e0e23
D:/ccx_work/考虑交付的机器调度/work1/instances/no_outsourcing/data/n050-set05/family/high-heterogeneous/zero/m2.dat	7b98777cbae5e76d835abd0ba466764681d9d1881a657664f77074203cd7a8ed
D:/ccx_work/考虑交付的机器调度/work1/instances/no_outsourcing/data/n050-set05/family/high-heterogeneous/zero/m3.dat	9ca681e1b977be99674c3c31114bbfce05d85bc9ff37b951971eef8bc7a80e31
D:/ccx_work/考虑交付的机器调度/work1/instances/no_outsourcing/data/n050-set05/family/high-heterogeneous/zero/m4.dat	31c595427657853e36685f5933a33a78895312ae1ede1419753391b99e0ebbbb
D:/ccx_work/考虑交付的机器调度/work1/instances/no_outsourcing/data/n050-set05/family/high-heterogeneous/narrow/m2.dat	8081fac97f55697e63db4951a70393aa36525fe12872819f42bed36108c743fc
D:/ccx_work/考虑交付的机器调度/work1/instances/no_outsourcing/data/n050-set05/family/high-heterogeneous/narrow/m3.dat	d1bd6325a76be18fc735b0080a3fa3ef8793d3ee1c67a7b65bb30d8462d0abd2
D:/ccx_work/考虑交付的机器调度/work1/instances/no_outsourcing/data/n050-set05/family/high-heterogeneous/narrow/m4.dat	2b07ccae1acd88f7eb5633d26eb1e55dfd1693e5cb8bb64e57ecfe55f709736b
D:/ccx_work/考虑交付的机器调度/work1/instances/no_outsourcing/data/n050-set05/family/high-heterogeneous/wide/m2.dat	64fdb5a250b9bbe14534d6137db4992fc72bcee31bf0e0b58b6f7122c98042b8
D:/ccx_work/考虑交付的机器调度/work1/instances/no_outsourcing/data/n050-set05/family/high-heterogeneous/wide/m3.dat	6cd352abc684d19bfc3ad9e854598e6d9516d2d985a09990f933cc75d12fb9b9
D:/ccx_work/考虑交付的机器调度/work1/instances/no_outsourcing/data/n050-set05/family/high-heterogeneous/wide/m4.dat	c31ab61bc173af0baac5f467fdf41df8afac449b500aef682acf7aad87854332
D:/ccx_work/考虑交付的机器调度/work1/instances/no_outsourcing/data/n060-set01/random/base/zero/m2.dat	a2dde77b981099cdcc976cbcf63bc734dbf908a4d7012c768bf7bec396f8e891
D:/ccx_work/考虑交付的机器调度/work1/instances/no_outsourcing/data/n060-set01/random/base/zero/m3.dat	a14eee8b29e4f3ca5b4c552a8dccb793b7de5626508ac65d96674c0f19ddd89a
D:/ccx_work/考虑交付的机器调度/work1/instances/no_outsourcing/data/n060-set01/random/base/zero/m4.dat	5fc5e844f6576db41016aa6f66ada00ff01e716ea86284e4fdb74f5c273f1893
D:/ccx_work/考虑交付的机器调度/work1/instances/no_outsourcing/data/n060-set01/random/base/narrow/m2.dat	614129c3a410b35b1432646ea790a7b064af82afd65ac5364bbe04a7cef85ec7
D:/ccx_work/考虑交付的机器调度/work1/instances/no_outsourcing/data/n060-set01/random/base/narrow/m3.dat	18f9ea7dc2e36e51ef0d4dd21e472f7845fddab11431bac6e7a08444e282cfb8
D:/ccx_work/考虑交付的机器调度/work1/instances/no_outsourcing/data/n060-set01/random/base/narrow/m4.dat	8e3eeb11e5c6dcc7395fb1316b23a9759095c741f77f96f7c2c8171c4e9fa12e
D:/ccx_work/考虑交付的机器调度/work1/instances/no_outsourcing/data/n060-set01/random/base/wide/m2.dat	bef6cab303524e47015297e5f636cb1e7bc9d6f2c554a1716c5778f12c775c2e
D:/ccx_work/考虑交付的机器调度/work1/instances/no_outsourcing/data/n060-set01/random/base/wide/m3.dat	36a8bcd8df9cb5b7ccf54346d25d428e5bac4ee5ba0905c76b2ec0372d03c6cd
D:/ccx_work/考虑交付的机器调度/work1/instances/no_outsourcing/data/n060-set01/random/base/wide/m4.dat	ff75b9576ed3b7421f9a7a1cc479470c3819114d78de2aff8526c838516cb6e1
D:/ccx_work/考虑交付的机器调度/work1/instances/no_outsourcing/data/n060-set01/random/medium-heterogeneous/zero/m2.dat	dce97ce1670dec4fafb850ef0d1a17f07103c68b1c08465f188b7ad79d56ec1a
D:/ccx_work/考虑交付的机器调度/work1/instances/no_outsourcing/data/n060-set01/random/medium-heterogeneous/zero/m3.dat	210dbe9b9b7d3054a4c4133a43919b8cf008541b40d33a963b305ac4bd819129
D:/ccx_work/考虑交付的机器调度/work1/instances/no_outsourcing/data/n060-set01/random/medium-heterogeneous/zero/m4.dat	435387c43579c88aaba44204d5976b9099cce7f193aaf000a2b75dc36d07a0ba
D:/ccx_work/考虑交付的机器调度/work1/instances/no_outsourcing/data/n060-set01/random/medium-heterogeneous/narrow/m2.dat	f994e1e29d8e7d18d75cfca71758de42623b76a3c07edbe3be498d61de1d06c1
D:/ccx_work/考虑交付的机器调度/work1/instances/no_outsourcing/data/n060-set01/random/medium-heterogeneous/narrow/m3.dat	35ed662f4885a867fc372bffde33102fb650c160f71e846d02a915330e6fc536
D:/ccx_work/考虑交付的机器调度/work1/instances/no_outsourcing/data/n060-set01/random/medium-heterogeneous/narrow/m4.dat	66341173c897c82c2b3c3cf3a9811c0f49a2e82272721298966877957dfb73d1
D:/ccx_work/考虑交付的机器调度/work1/instances/no_outsourcing/data/n060-set01/random/medium-heterogeneous/wide/m2.dat	60dccff0ca58c01949a678651077d9d8930c93d3786190dda608f96458fb6969
D:/ccx_work/考虑交付的机器调度/work1/instances/no_outsourcing/data/n060-set01/random/medium-heterogeneous/wide/m3.dat	9e82529053239f1d8f1f1516cdac6fc62a80de245326719934586bd38926eff2
D:/ccx_work/考虑交付的机器调度/work1/instances/no_outsourcing/data/n060-set01/random/medium-heterogeneous/wide/m4.dat	b1748c93ba4e95b259c0e5eee63c1cb1de456ed0e61e8859aff5c51a1b4bb16f
D:/ccx_work/考虑交付的机器调度/work1/instances/no_outsourcing/data/n060-set01/random/high-heterogeneous/zero/m2.dat	501aa630a6000c506b36c9481a8e4b81d3b85927c0e655ff29d885a266365ca0
D:/ccx_work/考虑交付的机器调度/work1/instances/no_outsourcing/data/n060-set01/random/high-heterogeneous/zero/m3.dat	bbda53fd102b4ab221653601bf49fd499eecb023fc1d5000dc9e0c7d2f5696e6
D:/ccx_work/考虑交付的机器调度/work1/instances/no_outsourcing/data/n060-set01/random/high-heterogeneous/zero/m4.dat	0bff173707d9c2cce25601d7c4252cd00bb9add8bdf883cb4d76d7f4f0cc0250
D:/ccx_work/考虑交付的机器调度/work1/instances/no_outsourcing/data/n060-set01/random/high-heterogeneous/narrow/m2.dat	044cb73e524f9bc73ae36dfc9484bea5d08b32b7d13b8ff68deabbdac5329ddf
D:/ccx_work/考虑交付的机器调度/work1/instances/no_outsourcing/data/n060-set01/random/high-heterogeneous/narrow/m3.dat	ea7f5c09934ea1ae3fa00063705126f3abb876560d138ac447094b4d822ac992
D:/ccx_work/考虑交付的机器调度/work1/instances/no_outsourcing/data/n060-set01/random/high-heterogeneous/narrow/m4.dat	21ad34b2fb8447ea88151fadc920ace7816841b8a9e7b8caf8cd39a40ee04e02
D:/ccx_work/考虑交付的机器调度/work1/instances/no_outsourcing/data/n060-set01/random/high-heterogeneous/wide/m2.dat	306aa39f522357d3f249e352a00265721dc456e490f694ca5b1fa4c2949627c1
D:/ccx_work/考虑交付的机器调度/work1/instances/no_outsourcing/data/n060-set01/random/high-heterogeneous/wide/m3.dat	cada52611b7957a8e6536143f44072b868a721c9509fededac640a799eb9e268
D:/ccx_work/考虑交付的机器调度/work1/instances/no_outsourcing/data/n060-set01/random/high-heterogeneous/wide/m4.dat	0eeeb8f261433b0e27cc09a4e212f2fd8e04bca0048f5619ae639952df34de3f
D:/ccx_work/考虑交付的机器调度/work1/instances/no_outsourcing/data/n060-set01/family/base/zero/m2.dat	8e91743561e19cad6d92f9d82c65171e9ad62d936cbe431a856ca4e2f5c43b24
D:/ccx_work/考虑交付的机器调度/work1/instances/no_outsourcing/data/n060-set01/family/base/zero/m3.dat	305a6dc084246a2e0b7aa8716309a890f60ef514ae6b41bc4565c3a2bc4af81c
D:/ccx_work/考虑交付的机器调度/work1/instances/no_outsourcing/data/n060-set01/family/base/zero/m4.dat	93101a3908f5915939cdde1a07f1befcf1400f0d36f2860f6dab857bcfcf2336
D:/ccx_work/考虑交付的机器调度/work1/instances/no_outsourcing/data/n060-set01/family/base/narrow/m2.dat	d5abeebd426b97c5407634f1849064f230a1eb35c9ab322fabd75d3813c3e37f
D:/ccx_work/考虑交付的机器调度/work1/instances/no_outsourcing/data/n060-set01/family/base/narrow/m3.dat	1358852613ae155b20771d93d8b06b363cd4cee13b3b35f3093556880198aa63
D:/ccx_work/考虑交付的机器调度/work1/instances/no_outsourcing/data/n060-set01/family/base/narrow/m4.dat	4612fe467dc66a80757e8f1b476626530506c385442d4f72acd2ef0c8d34f615
D:/ccx_work/考虑交付的机器调度/work1/instances/no_outsourcing/data/n060-set01/family/base/wide/m2.dat	ec27258a05f831e1d773d4ee8d4da745aca7982bd70f4c0b2eda49b7bdff6d1d
D:/ccx_work/考虑交付的机器调度/work1/instances/no_outsourcing/data/n060-set01/family/base/wide/m3.dat	43d2620b515896b9c96c1dd5047b9091596a46abd513df41cf2a0201c35ac411
D:/ccx_work/考虑交付的机器调度/work1/instances/no_outsourcing/data/n060-set01/family/base/wide/m4.dat	ca25eb3890d2cf2a3d1448daae7fb98090ae3f0e1e219f28119c57e9d0d9a611
D:/ccx_work/考虑交付的机器调度/work1/instances/no_outsourcing/data/n060-set01/family/medium-heterogeneous/zero/m2.dat	394ee199976588dbafe52920852fe64bcc83bd4bcb154f1b0d06359ca0620166
D:/ccx_work/考虑交付的机器调度/work1/instances/no_outsourcing/data/n060-set01/family/medium-heterogeneous/zero/m3.dat	56b055f4913833c980cec58914c4845faa83be0bb95077c8406be4fd6124989a
D:/ccx_work/考虑交付的机器调度/work1/instances/no_outsourcing/data/n060-set01/family/medium-heterogeneous/zero/m4.dat	43aec399bff33ada0ad31e261f61c57460a2eec0a36d06068a3056fd355dc61b
D:/ccx_work/考虑交付的机器调度/work1/instances/no_outsourcing/data/n060-set01/family/medium-heterogeneous/narrow/m2.dat	7a376961279267b8b2ee6535ff0e6bce87e32548e7c788d0c9ce53018ef59d6d
D:/ccx_work/考虑交付的机器调度/work1/instances/no_outsourcing/data/n060-set01/family/medium-heterogeneous/narrow/m3.dat	598cb70250df28bd1b22707bd0c2dc414f1410fa6ebfddf235a44462d70ac325
D:/ccx_work/考虑交付的机器调度/work1/instances/no_outsourcing/data/n060-set01/family/medium-heterogeneous/narrow/m4.dat	b3814ce90e40e4cb4caeb7efe5a56a4da6eb191b0116915425eb19b9af371752
D:/ccx_work/考虑交付的机器调度/work1/instances/no_outsourcing/data/n060-set01/family/medium-heterogeneous/wide/m2.dat	8017a69e707b3f128e9a119b85dec9c013c393a80d4d08dae02d5cb2f0c41ee7
D:/ccx_work/考虑交付的机器调度/work1/instances/no_outsourcing/data/n060-set01/family/medium-heterogeneous/wide/m3.dat	d04f92672758bb0e8eeb6906a26e077931858a2238f4a17b14b754f9df61c6c2
D:/ccx_work/考虑交付的机器调度/work1/instances/no_outsourcing/data/n060-set01/family/medium-heterogeneous/wide/m4.dat	82f007d0546c7aa832f1d5bfdcb7f6218fc028871ad79127313202ed0cec2c78
D:/ccx_work/考虑交付的机器调度/work1/instances/no_outsourcing/data/n060-set01/family/high-heterogeneous/zero/m2.dat	4c44d7c30d4cc0e813dcfdb360140ac15122b813b2fd8fe817cd1891769b746d
D:/ccx_work/考虑交付的机器调度/work1/instances/no_outsourcing/data/n060-set01/family/high-heterogeneous/zero/m3.dat	23fe76e05d300b5deb0b8965497930f5347fc4679090cbea94b44319ff675377
D:/ccx_work/考虑交付的机器调度/work1/instances/no_outsourcing/data/n060-set01/family/high-heterogeneous/zero/m4.dat	06d45dc4c0a6bba990d544c64663982a4dc25fb734af9d7948acc04008957ffc
D:/ccx_work/考虑交付的机器调度/work1/instances/no_outsourcing/data/n060-set01/family/high-heterogeneous/narrow/m2.dat	1dab7b533edfaebaafa1c66c12f8d4dcfda02ca0970f8981017e0b326e3d5399
D:/ccx_work/考虑交付的机器调度/work1/instances/no_outsourcing/data/n060-set01/family/high-heterogeneous/narrow/m3.dat	6e315a802a87fb1d2b75357d2dc852aeae8a613104b572dbdac8f12d843f1520
D:/ccx_work/考虑交付的机器调度/work1/instances/no_outsourcing/data/n060-set01/family/high-heterogeneous/narrow/m4.dat	c775d688c5734bcab72f31cfbdce8ff734467f08846b2a99a06753b14482e2e8
D:/ccx_work/考虑交付的机器调度/work1/instances/no_outsourcing/data/n060-set01/family/high-heterogeneous/wide/m2.dat	817bb8f61e50c37410848add397f3bf75fd6ad3cb52f6935198bb651ce2b6e5e
D:/ccx_work/考虑交付的机器调度/work1/instances/no_outsourcing/data/n060-set01/family/high-heterogeneous/wide/m3.dat	0124bac9077c5ea3ecb7685b459b81af56f3791e015a8b738038d5b7acd0827d
D:/ccx_work/考虑交付的机器调度/work1/instances/no_outsourcing/data/n060-set01/family/high-heterogeneous/wide/m4.dat	d2a1c1dc7e95bd3c7ada680b9e67e47f603a42c526a16d8f4e1845d0065841d5
D:/ccx_work/考虑交付的机器调度/work1/instances/no_outsourcing/data/n060-set02/random/base/zero/m2.dat	02caf8bc8c0bdc998d3fa6ebe4754f9e7e8cdf2363c14e7e8bc21eb2ba75f185
D:/ccx_work/考虑交付的机器调度/work1/instances/no_outsourcing/data/n060-set02/random/base/zero/m3.dat	3b3748f6e12c5487ff67178e65d51a080a1ea70d77087d240a471fb220fcf422
D:/ccx_work/考虑交付的机器调度/work1/instances/no_outsourcing/data/n060-set02/random/base/zero/m4.dat	b4deeb9d3bfa5704c234d7e84d98ae1e879f85a3073093cc50e04e246aa6bed3
D:/ccx_work/考虑交付的机器调度/work1/instances/no_outsourcing/data/n060-set02/random/base/narrow/m2.dat	fcf837b5e0286790311b4aaa784fb21ae85bbd19c40c194b2ac3b9731fb77125
D:/ccx_work/考虑交付的机器调度/work1/instances/no_outsourcing/data/n060-set02/random/base/narrow/m3.dat	ddebede343466949d076045fcafe08fcd10aad87bf79198e5c510e805d76d05a
D:/ccx_work/考虑交付的机器调度/work1/instances/no_outsourcing/data/n060-set02/random/base/narrow/m4.dat	5c7766e0243222c5a1cb0c05bcf4523a0f276326eb5494bb93b676a21a0db7df
D:/ccx_work/考虑交付的机器调度/work1/instances/no_outsourcing/data/n060-set02/random/base/wide/m2.dat	fabc18c66eee1622aefe0c8c2ae887a8edb82e424a24a7d06765287a99fc4152
D:/ccx_work/考虑交付的机器调度/work1/instances/no_outsourcing/data/n060-set02/random/base/wide/m3.dat	7e117da5925afe756f1aa929337a0317339f5b8648932cd7048048d1f0ff4e3b
D:/ccx_work/考虑交付的机器调度/work1/instances/no_outsourcing/data/n060-set02/random/base/wide/m4.dat	939b75898ac78bbfc761a26c7195e6aacd2aeb36b98a987e8501360f6e27d136
D:/ccx_work/考虑交付的机器调度/work1/instances/no_outsourcing/data/n060-set02/random/medium-heterogeneous/zero/m2.dat	a5ceb0c004ad5c25878da89739216613c04b0b80436de049e16e5ccba9728581
D:/ccx_work/考虑交付的机器调度/work1/instances/no_outsourcing/data/n060-set02/random/medium-heterogeneous/zero/m3.dat	759987bd287d1db38b1ad690cd66a02bee507677402aa9471d6d81ba8fac596d
D:/ccx_work/考虑交付的机器调度/work1/instances/no_outsourcing/data/n060-set02/random/medium-heterogeneous/zero/m4.dat	2ca2b6173e783d02c1cf4356c692ecd79328fa75f97acb0ddc76c2b6bfe83512
D:/ccx_work/考虑交付的机器调度/work1/instances/no_outsourcing/data/n060-set02/random/medium-heterogeneous/narrow/m2.dat	5c568fec2f5daf1ed39b73713a87e5b0057aaf985ecf23899acd244b6ca60d30
D:/ccx_work/考虑交付的机器调度/work1/instances/no_outsourcing/data/n060-set02/random/medium-heterogeneous/narrow/m3.dat	9bbf2e23502a8fafbdead5579d14e34e088e6b97e14c144266540b1718936fe9
D:/ccx_work/考虑交付的机器调度/work1/instances/no_outsourcing/data/n060-set02/random/medium-heterogeneous/narrow/m4.dat	fe8034cdccc73d05f1d53755358924abf8a5d36aa1d0c3d06afd77025c38a4e6
D:/ccx_work/考虑交付的机器调度/work1/instances/no_outsourcing/data/n060-set02/random/medium-heterogeneous/wide/m2.dat	5b4927c93f96f437517d134b81f678a74ed966de227876336e5cfa11892a8de0
D:/ccx_work/考虑交付的机器调度/work1/instances/no_outsourcing/data/n060-set02/random/medium-heterogeneous/wide/m3.dat	04c4c879efda56d38f6d7cf4b8a5b970c399361ec2762cf5ec1d5de7bb8e3ac7
D:/ccx_work/考虑交付的机器调度/work1/instances/no_outsourcing/data/n060-set02/random/medium-heterogeneous/wide/m4.dat	2593c2adcb30f68151c2000a435222a6fe7dcbfbdc379277732e33e78b71f3c7
D:/ccx_work/考虑交付的机器调度/work1/instances/no_outsourcing/data/n060-set02/random/high-heterogeneous/zero/m2.dat	993c830c449f76b662f1ddd49533ab50efe67ff115788c90d732e29d0a948c1c
D:/ccx_work/考虑交付的机器调度/work1/instances/no_outsourcing/data/n060-set02/random/high-heterogeneous/zero/m3.dat	9052d1d128b7992c9ada671189c777120ed7899c7ef2d845acf8222d26da4193
D:/ccx_work/考虑交付的机器调度/work1/instances/no_outsourcing/data/n060-set02/random/high-heterogeneous/zero/m4.dat	a280fbd95ea3db7f5aaed2f4e6bc86181b255936c2b13133c434858c0072bffd
D:/ccx_work/考虑交付的机器调度/work1/instances/no_outsourcing/data/n060-set02/random/high-heterogeneous/narrow/m2.dat	6a98dc2436870471e78a71e7c5cb5825af7924ee6e8654e23423bf130d643c43
D:/ccx_work/考虑交付的机器调度/work1/instances/no_outsourcing/data/n060-set02/random/high-heterogeneous/narrow/m3.dat	9cda24d82877932b9be8500ad782bb0a3be12c151d04547d527876394351685c
D:/ccx_work/考虑交付的机器调度/work1/instances/no_outsourcing/data/n060-set02/random/high-heterogeneous/narrow/m4.dat	bec43ee34fec7eb47ef76771d9a6d9f93403c376c78fcdfc26a81ec4d1305e42
D:/ccx_work/考虑交付的机器调度/work1/instances/no_outsourcing/data/n060-set02/random/high-heterogeneous/wide/m2.dat	16495548e837fd3ad4f7a2115f835e78e07d8fb913b112a60fee178c8678a92b
D:/ccx_work/考虑交付的机器调度/work1/instances/no_outsourcing/data/n060-set02/random/high-heterogeneous/wide/m3.dat	267eea979f7f8af26df334c1329cf79574d0bceaed048d4b7da7b502c7d28992
D:/ccx_work/考虑交付的机器调度/work1/instances/no_outsourcing/data/n060-set02/random/high-heterogeneous/wide/m4.dat	a6996820ca419b1f3971e5035508e46a2d1e857e75c17aed23e918f99819e5e2
D:/ccx_work/考虑交付的机器调度/work1/instances/no_outsourcing/data/n060-set02/family/base/zero/m2.dat	84acb422c111447b1e3badda7b577bb36188b9a2297781cb40a4732b6f160e71
D:/ccx_work/考虑交付的机器调度/work1/instances/no_outsourcing/data/n060-set02/family/base/zero/m3.dat	72d6fadb54874e115732d4063871279c7529f3ad2d35ed18c1d2f01051fccc4a
D:/ccx_work/考虑交付的机器调度/work1/instances/no_outsourcing/data/n060-set02/family/base/zero/m4.dat	20bf6876ea3b83f3d3c8339226e57858988d56b00e0da864bf3a01af93d1ffe7
D:/ccx_work/考虑交付的机器调度/work1/instances/no_outsourcing/data/n060-set02/family/base/narrow/m2.dat	d8abce35472740f45c48024403c213afea0c398c898e5302c622e2375e60ff6d
D:/ccx_work/考虑交付的机器调度/work1/instances/no_outsourcing/data/n060-set02/family/base/narrow/m3.dat	907054cca9f34212aeb26e1eff81cde10590097fda93a613e551d3b5afea9e29
D:/ccx_work/考虑交付的机器调度/work1/instances/no_outsourcing/data/n060-set02/family/base/narrow/m4.dat	93426ce8e6c4e13a35303918c3a7a5f26e416e46e9c80dbeebd3be16098c8ab9
D:/ccx_work/考虑交付的机器调度/work1/instances/no_outsourcing/data/n060-set02/family/base/wide/m2.dat	0aeabdb9140ebe15f08af03d175255bc427dcacbba435d70536b088d278cb50a
D:/ccx_work/考虑交付的机器调度/work1/instances/no_outsourcing/data/n060-set02/family/base/wide/m3.dat	fcd93b6a17d75c35267f0c56aadd65b7e713dd17f41ee2d824a7efbf4f58ded7
D:/ccx_work/考虑交付的机器调度/work1/instances/no_outsourcing/data/n060-set02/family/base/wide/m4.dat	5f54a499e33ceff710ad20fcfc6a9cd47b8a6f4515d1543f842fc82dc6c56ec6
D:/ccx_work/考虑交付的机器调度/work1/instances/no_outsourcing/data/n060-set02/family/medium-heterogeneous/zero/m2.dat	c59bb9b14ed457185a8991ad100a0da04eb681ba565702b053a32adef05f5147
D:/ccx_work/考虑交付的机器调度/work1/instances/no_outsourcing/data/n060-set02/family/medium-heterogeneous/zero/m3.dat	dcb8f5cac9946bc9633e152e0f7509ec1f38e197a5733457911d938701509f1c
D:/ccx_work/考虑交付的机器调度/work1/instances/no_outsourcing/data/n060-set02/family/medium-heterogeneous/zero/m4.dat	24ef67d7a813833e140ad6853bf9fa8cdb3843880991129a86c2f483b95544ce
D:/ccx_work/考虑交付的机器调度/work1/instances/no_outsourcing/data/n060-set02/family/medium-heterogeneous/narrow/m2.dat	cdfe3922841cf4f0a58e16a48d2d8b1db3c89a9d15e5156c65b2fed5b89ecdd4
D:/ccx_work/考虑交付的机器调度/work1/instances/no_outsourcing/data/n060-set02/family/medium-heterogeneous/narrow/m3.dat	1dd01b09d79d25143da64fb64a99adf8df8df64d7dc4cb854b894015d68c2d19
D:/ccx_work/考虑交付的机器调度/work1/instances/no_outsourcing/data/n060-set02/family/medium-heterogeneous/narrow/m4.dat	d61c75dfc84ddaa794626c6d41e7ee5000dc1268b8821946015b8ddcce78b125
D:/ccx_work/考虑交付的机器调度/work1/instances/no_outsourcing/data/n060-set02/family/medium-heterogeneous/wide/m2.dat	33d490d70729f722809496b1e8a20a58f6de25bbc063c1a7baf9e1e7df0d2dc5
D:/ccx_work/考虑交付的机器调度/work1/instances/no_outsourcing/data/n060-set02/family/medium-heterogeneous/wide/m3.dat	85b2c5eb0cd38f1c97c2ac9762705be50245ad522d9c23aa067d0297e2d316da
D:/ccx_work/考虑交付的机器调度/work1/instances/no_outsourcing/data/n060-set02/family/medium-heterogeneous/wide/m4.dat	9f171e27c25ffd64796d76c3da4f58e20b5ad40e9edfbb33d96096c720ad06ed
D:/ccx_work/考虑交付的机器调度/work1/instances/no_outsourcing/data/n060-set02/family/high-heterogeneous/zero/m2.dat	1c92675bc74b1eb34b9a7f0ed87ed6bb5ad7cb9a0e1699ac947ccad7d541fda8
D:/ccx_work/考虑交付的机器调度/work1/instances/no_outsourcing/data/n060-set02/family/high-heterogeneous/zero/m3.dat	0164609296572fc3202489dc2381e162a874701320e3679d60c242c786fc2234
D:/ccx_work/考虑交付的机器调度/work1/instances/no_outsourcing/data/n060-set02/family/high-heterogeneous/zero/m4.dat	7bab46f38366997c7c3a5beb7dca4ac3c9385909b5b87f5d304dd9f957cadcc9
D:/ccx_work/考虑交付的机器调度/work1/instances/no_outsourcing/data/n060-set02/family/high-heterogeneous/narrow/m2.dat	cb7dae54cafea90013c816b3734ab1cec787a177ee55281dfbe03dc47fee40ef
D:/ccx_work/考虑交付的机器调度/work1/instances/no_outsourcing/data/n060-set02/family/high-heterogeneous/narrow/m3.dat	5c3aedf89522dede4a215429c79faff6050040fea2ce0d4258db016d35a180db
D:/ccx_work/考虑交付的机器调度/work1/instances/no_outsourcing/data/n060-set02/family/high-heterogeneous/narrow/m4.dat	a175e61bb8db7e22a1ea2aa87b347365053c410bd541c3121e0d9035c4c31407
D:/ccx_work/考虑交付的机器调度/work1/instances/no_outsourcing/data/n060-set02/family/high-heterogeneous/wide/m2.dat	4deb1c09d80a5b107f3184ee1813b3d3fd4215cef7e52b23f1949260426fa46b
D:/ccx_work/考虑交付的机器调度/work1/instances/no_outsourcing/data/n060-set02/family/high-heterogeneous/wide/m3.dat	625968fa862ba64f6a8bcd1040a394141d28cd9342816284dffe202898df1edb
D:/ccx_work/考虑交付的机器调度/work1/instances/no_outsourcing/data/n060-set02/family/high-heterogeneous/wide/m4.dat	61e573e5d0421015be81d7a11cfffb0f94d1c4d66bff807bb640f6e8ee67a80b
D:/ccx_work/考虑交付的机器调度/work1/instances/no_outsourcing/data/n060-set03/random/base/zero/m2.dat	2aacd9f7df3bd526fa959dc8f3710b6589338e54729a7d64f037224e6ecc19bc
D:/ccx_work/考虑交付的机器调度/work1/instances/no_outsourcing/data/n060-set03/random/base/zero/m3.dat	40165dfe1085bf7f0d0b818adc5611e6760ffc56c9e652c845fb1da3a31fa1eb
D:/ccx_work/考虑交付的机器调度/work1/instances/no_outsourcing/data/n060-set03/random/base/zero/m4.dat	1013d1cf338d052c24400b120e87ee4a74e184279ce02607977522db45ebc5fb
D:/ccx_work/考虑交付的机器调度/work1/instances/no_outsourcing/data/n060-set03/random/base/narrow/m2.dat	663177e6147b0593d2b8e496ffee9e4f576e2566c5b3a138067da5fbba754dc6
D:/ccx_work/考虑交付的机器调度/work1/instances/no_outsourcing/data/n060-set03/random/base/narrow/m3.dat	0b2ca66266d8e9c645caf6346b24a73fb7620dae2392ea393de43965605dae8b
D:/ccx_work/考虑交付的机器调度/work1/instances/no_outsourcing/data/n060-set03/random/base/narrow/m4.dat	3a86d88f5b648d2a6908cfaad1aecef0a93bd2b2efb5253cf3be41a163118669
D:/ccx_work/考虑交付的机器调度/work1/instances/no_outsourcing/data/n060-set03/random/base/wide/m2.dat	967ef999eb2b0d0467f0550e39ea933c2a22661bd42b610b182ea4b5188424d7
D:/ccx_work/考虑交付的机器调度/work1/instances/no_outsourcing/data/n060-set03/random/base/wide/m3.dat	bb1295e44be0c222ba578572f923348229f03d4a10d2be9081d15e811dc6eeeb
D:/ccx_work/考虑交付的机器调度/work1/instances/no_outsourcing/data/n060-set03/random/base/wide/m4.dat	675fea356be825a683aafa243efb85dda922631952a4b2f2a0e62c5d612b8971
D:/ccx_work/考虑交付的机器调度/work1/instances/no_outsourcing/data/n060-set03/random/medium-heterogeneous/zero/m2.dat	3b5311c937c05423aade8c8e6b99509a14491d1a6594b71abfa977f75e0c984b
D:/ccx_work/考虑交付的机器调度/work1/instances/no_outsourcing/data/n060-set03/random/medium-heterogeneous/zero/m3.dat	d0d40d6e1971771b2885202b7a4109e06e6e8bf7866efa2ed0d4a3b33ed24cbf
D:/ccx_work/考虑交付的机器调度/work1/instances/no_outsourcing/data/n060-set03/random/medium-heterogeneous/zero/m4.dat	fc8b395c1985c7a93d711be8a7c726e12b1b7ddfee1cc420d84f5e3763dcf581
D:/ccx_work/考虑交付的机器调度/work1/instances/no_outsourcing/data/n060-set03/random/medium-heterogeneous/narrow/m2.dat	d4607c58d1d9935dd8af518f3c3e296a98d53d91efc690dd61d4ee8eed0a25de
D:/ccx_work/考虑交付的机器调度/work1/instances/no_outsourcing/data/n060-set03/random/medium-heterogeneous/narrow/m3.dat	5aae10dfac27125dce463493c86ac0dc916550b1a87b38eb385447426aacaa31
D:/ccx_work/考虑交付的机器调度/work1/instances/no_outsourcing/data/n060-set03/random/medium-heterogeneous/narrow/m4.dat	01a36a6068cf98c50ebcb85d05bfa600d86021eb5db4063a3c1b207a7e567826
D:/ccx_work/考虑交付的机器调度/work1/instances/no_outsourcing/data/n060-set03/random/medium-heterogeneous/wide/m2.dat	a909b2f00a674ed36aebcced972c7671d99673568d34a03e5d2fda549b5a0d97
D:/ccx_work/考虑交付的机器调度/work1/instances/no_outsourcing/data/n060-set03/random/medium-heterogeneous/wide/m3.dat	2eb55ce4e2073b86a98aec0963cf33711dd742d29a99f57116e4f1c303074553
D:/ccx_work/考虑交付的机器调度/work1/instances/no_outsourcing/data/n060-set03/random/medium-heterogeneous/wide/m4.dat	b2302981b074483489ec948e60bf8b3cbcdd6ee3fb93aa136136e14fb1e15f81
D:/ccx_work/考虑交付的机器调度/work1/instances/no_outsourcing/data/n060-set03/random/high-heterogeneous/zero/m2.dat	c42845c52aa1c1afbde6565e4c36109eabc54f17257e4e42fc54b9b9d5ab0cdf
D:/ccx_work/考虑交付的机器调度/work1/instances/no_outsourcing/data/n060-set03/random/high-heterogeneous/zero/m3.dat	0b9cda295c468a59af1ce7b72d706a79e24177efbfda67f607cc21eb390670ea
D:/ccx_work/考虑交付的机器调度/work1/instances/no_outsourcing/data/n060-set03/random/high-heterogeneous/zero/m4.dat	872fdc5664ebdc35a4e38bf43a1181b364967f32dc52b6e2fe9138b21409473a
D:/ccx_work/考虑交付的机器调度/work1/instances/no_outsourcing/data/n060-set03/random/high-heterogeneous/narrow/m2.dat	1fc4d045098db827fa800966e029d6ee95e1f57380f7f05ad42765043ac35d50
D:/ccx_work/考虑交付的机器调度/work1/instances/no_outsourcing/data/n060-set03/random/high-heterogeneous/narrow/m3.dat	3734270ffb86817650942908084f4618e62493cb8213263f3e5530c9376d1e35
D:/ccx_work/考虑交付的机器调度/work1/instances/no_outsourcing/data/n060-set03/random/high-heterogeneous/narrow/m4.dat	e15bc22a44f66c8de374f70a1ab27d5e78d2b18df9fbaf2f349719daad01218f
D:/ccx_work/考虑交付的机器调度/work1/instances/no_outsourcing/data/n060-set03/random/high-heterogeneous/wide/m2.dat	3b5e4cea08e7dc617c2229fc4c870c5bd5c52a43096c5b304c9643a297f93886
D:/ccx_work/考虑交付的机器调度/work1/instances/no_outsourcing/data/n060-set03/random/high-heterogeneous/wide/m3.dat	098bb57929137284ade66aeb0912da3647aaf5345916aacb46ac9a1400f96699
D:/ccx_work/考虑交付的机器调度/work1/instances/no_outsourcing/data/n060-set03/random/high-heterogeneous/wide/m4.dat	7a6b1588d1fb023f6360312ecbac55640b05414680a1207e851656c480491581
D:/ccx_work/考虑交付的机器调度/work1/instances/no_outsourcing/data/n060-set03/family/base/zero/m2.dat	a092746bc1d6cc7f1f8af0bcf6e01b15cb26b2ce845b01e9d0f307d59ee3591b
D:/ccx_work/考虑交付的机器调度/work1/instances/no_outsourcing/data/n060-set03/family/base/zero/m3.dat	83f499f3330d3b2b941a2f3dfa03de307bc9da23869cebc9fe70b15612bf4852
D:/ccx_work/考虑交付的机器调度/work1/instances/no_outsourcing/data/n060-set03/family/base/zero/m4.dat	a750fec1012c54f6e549ad782744342bab432f6be4ff8a2b2fc3e0c2b151cd30
D:/ccx_work/考虑交付的机器调度/work1/instances/no_outsourcing/data/n060-set03/family/base/narrow/m2.dat	10fbe022202e745771fd6766eb158e5cbf1a766f4240b2b695cd7c69dd1091c4
D:/ccx_work/考虑交付的机器调度/work1/instances/no_outsourcing/data/n060-set03/family/base/narrow/m3.dat	d6b8d82f5836302c2a740a2ffe32059ce8638b3552f26e6f1b590f2230bdf57a
D:/ccx_work/考虑交付的机器调度/work1/instances/no_outsourcing/data/n060-set03/family/base/narrow/m4.dat	46d385b6a191b705101b745e3080df50479e234d6565b863e0323020ffad9793
D:/ccx_work/考虑交付的机器调度/work1/instances/no_outsourcing/data/n060-set03/family/base/wide/m2.dat	cd48f34e496c4da9d9a0f9490b5855df7a69871b8f7f0f5db79c45e53489390b
D:/ccx_work/考虑交付的机器调度/work1/instances/no_outsourcing/data/n060-set03/family/base/wide/m3.dat	3d454b489d2cdc6c82344f88e3f09b8dd9e06170735833704796f48fe311fd7a
D:/ccx_work/考虑交付的机器调度/work1/instances/no_outsourcing/data/n060-set03/family/base/wide/m4.dat	a25a3e766ee1e83330392f5a418dd1368f148243c16830bd699653fb173faaf5
D:/ccx_work/考虑交付的机器调度/work1/instances/no_outsourcing/data/n060-set03/family/medium-heterogeneous/zero/m2.dat	122c4ca9c95ca7ab9f68a47592f4257e0fd64b158283ef61ea37b12cf3473abc
D:/ccx_work/考虑交付的机器调度/work1/instances/no_outsourcing/data/n060-set03/family/medium-heterogeneous/zero/m3.dat	2b0f616bfc807d53b56f7db8d536155200c5c480a2e30677abc21395aa716e23
D:/ccx_work/考虑交付的机器调度/work1/instances/no_outsourcing/data/n060-set03/family/medium-heterogeneous/zero/m4.dat	0bcabbcce49bca867e5f34548dfe92095bc09f8bef9fb69d1cb5adcc6a11fcf0
D:/ccx_work/考虑交付的机器调度/work1/instances/no_outsourcing/data/n060-set03/family/medium-heterogeneous/narrow/m2.dat	9e3a955091292f96cb2346899a789f804c9844a4835f71ad591ace779c168ec1
D:/ccx_work/考虑交付的机器调度/work1/instances/no_outsourcing/data/n060-set03/family/medium-heterogeneous/narrow/m3.dat	581a46aa944491209c26ff669d9e78b972ee06996f4e52bc802aeeb99673835e
D:/ccx_work/考虑交付的机器调度/work1/instances/no_outsourcing/data/n060-set03/family/medium-heterogeneous/narrow/m4.dat	a504422db43da2a1cde88fc0f88678f9a2d45fdc9f39d2666236847396c58ad3
D:/ccx_work/考虑交付的机器调度/work1/instances/no_outsourcing/data/n060-set03/family/medium-heterogeneous/wide/m2.dat	fce57b1157c66704459be6866c8c3849caf8596f0fe0a18a2fca59a5b21bd1ec
D:/ccx_work/考虑交付的机器调度/work1/instances/no_outsourcing/data/n060-set03/family/medium-heterogeneous/wide/m3.dat	17a57ddbd38977ac542a5b890800a445a4d0e75df97dcd70615015a9d72916c6
D:/ccx_work/考虑交付的机器调度/work1/instances/no_outsourcing/data/n060-set03/family/medium-heterogeneous/wide/m4.dat	cb73719ff697964dfb708b3f571cc7ca16f2699c9871640b59728b6cb911170b
D:/ccx_work/考虑交付的机器调度/work1/instances/no_outsourcing/data/n060-set03/family/high-heterogeneous/zero/m2.dat	4da7409ee50f54091de1096d52cf3dc8872cdc8510150aead0c8c35b08888208
D:/ccx_work/考虑交付的机器调度/work1/instances/no_outsourcing/data/n060-set03/family/high-heterogeneous/zero/m3.dat	1c5bd1fd06bf40747ff90442bd1be4b05b13938f11dc6dc9d40232eadf9b17f8
D:/ccx_work/考虑交付的机器调度/work1/instances/no_outsourcing/data/n060-set03/family/high-heterogeneous/zero/m4.dat	ebef486ef77cead098e81d460f53426fdbb01b3a3c328f8bd98775443a299a27
D:/ccx_work/考虑交付的机器调度/work1/instances/no_outsourcing/data/n060-set03/family/high-heterogeneous/narrow/m2.dat	da767a98bb40a91f9de34abffc1634884a405148d8a8e7fb0bb91a362f37000e
D:/ccx_work/考虑交付的机器调度/work1/instances/no_outsourcing/data/n060-set03/family/high-heterogeneous/narrow/m3.dat	061d05a082cfa46ad110b87966c0c40a49b024340a6ae3e76e359c5169eb8df2
D:/ccx_work/考虑交付的机器调度/work1/instances/no_outsourcing/data/n060-set03/family/high-heterogeneous/narrow/m4.dat	ae9440839e7b3bd2e5d273324632ecb525634a49af2cc9c54a921a3e83683acb
D:/ccx_work/考虑交付的机器调度/work1/instances/no_outsourcing/data/n060-set03/family/high-heterogeneous/wide/m2.dat	ec6e1972d95b522231a97c12b341a5faa1f564730da9b8d68378984566c27239
D:/ccx_work/考虑交付的机器调度/work1/instances/no_outsourcing/data/n060-set03/family/high-heterogeneous/wide/m3.dat	c22528c7eb4d0aa27fb1167d4d3dd31897e5ad4b630a1b448e4d2bc070180851
D:/ccx_work/考虑交付的机器调度/work1/instances/no_outsourcing/data/n060-set03/family/high-heterogeneous/wide/m4.dat	8c36653a1747c93e03463cb30c1565c79331bf9ea8b18cc0bc797caa4446ade2
D:/ccx_work/考虑交付的机器调度/work1/instances/no_outsourcing/data/n060-set04/random/base/zero/m2.dat	2dc6e9a27a6cabd191d7db09108b24ab79389b524ca38624bf83bf30620c1cf5
D:/ccx_work/考虑交付的机器调度/work1/instances/no_outsourcing/data/n060-set04/random/base/zero/m3.dat	b3f928690b78391a20f748881fe4c3f0f4b9fd187d10d8c4656d6e246fa85104
D:/ccx_work/考虑交付的机器调度/work1/instances/no_outsourcing/data/n060-set04/random/base/zero/m4.dat	dd41b6ef5932e20f88a596dbe9fcf22316bf64468c3491c12870367033c11649
D:/ccx_work/考虑交付的机器调度/work1/instances/no_outsourcing/data/n060-set04/random/base/narrow/m2.dat	f94d2ab7237f443e552c7cd145ad45d914f782d4ff396c3a9da8362257fecd1a
D:/ccx_work/考虑交付的机器调度/work1/instances/no_outsourcing/data/n060-set04/random/base/narrow/m3.dat	1e869152db0dcc545aee9dc1d1f02cc590896c0c0fddcbe93d8493442e4d70dc
D:/ccx_work/考虑交付的机器调度/work1/instances/no_outsourcing/data/n060-set04/random/base/narrow/m4.dat	ada9b336726431abeeea4b47478ecdf08a881ad2f1a655629ed0718d4c6b288b
D:/ccx_work/考虑交付的机器调度/work1/instances/no_outsourcing/data/n060-set04/random/base/wide/m2.dat	20e32b5d3dd39cc96f967630371c31c28685f88ec52b11c0887ae091ea54a545
D:/ccx_work/考虑交付的机器调度/work1/instances/no_outsourcing/data/n060-set04/random/base/wide/m3.dat	93b3e8dde59dacb7dfb1c766051d4af897a597b5a6e975bb9d4eda5848036db1
D:/ccx_work/考虑交付的机器调度/work1/instances/no_outsourcing/data/n060-set04/random/base/wide/m4.dat	4a7fe6a14a6b1e4d3f4358954be5cea7af690656c993707a95984af4f7cece78
D:/ccx_work/考虑交付的机器调度/work1/instances/no_outsourcing/data/n060-set04/random/medium-heterogeneous/zero/m2.dat	c80cb52e91090ad270dd9a7a11d3878cbd4857d7d0a8abcf806493b929c0a616
D:/ccx_work/考虑交付的机器调度/work1/instances/no_outsourcing/data/n060-set04/random/medium-heterogeneous/zero/m3.dat	576fdffa973375b508b9814b576d2e90a719943030a9827f618f2da5b4456357
D:/ccx_work/考虑交付的机器调度/work1/instances/no_outsourcing/data/n060-set04/random/medium-heterogeneous/zero/m4.dat	0b35f890d29671249c4d772f1f5995a291da587fdbc5742ac4303b6fd6c65d19
D:/ccx_work/考虑交付的机器调度/work1/instances/no_outsourcing/data/n060-set04/random/medium-heterogeneous/narrow/m2.dat	7b629e4e46a922dd0bd7e4c94b1e7ed4a93ac5bc3786d92072095b3e2cb02143
D:/ccx_work/考虑交付的机器调度/work1/instances/no_outsourcing/data/n060-set04/random/medium-heterogeneous/narrow/m3.dat	67be1cfc8810eb0869acfc4908f056a5523a859c56e9e292b0f746b8cf0e8d35
D:/ccx_work/考虑交付的机器调度/work1/instances/no_outsourcing/data/n060-set04/random/medium-heterogeneous/narrow/m4.dat	3373d181ad77c07dac8fc5143e755544608251cffbc65279b6b9819dcb766ae2
D:/ccx_work/考虑交付的机器调度/work1/instances/no_outsourcing/data/n060-set04/random/medium-heterogeneous/wide/m2.dat	bf94c57f86636eccb1fc3dc1e16004ccde77930ce89b533960d30d791335a88e
D:/ccx_work/考虑交付的机器调度/work1/instances/no_outsourcing/data/n060-set04/random/medium-heterogeneous/wide/m3.dat	adca3cfeec9d7a843c09589799fccd95624eb115ef18c92cbffa0ce42de9201e
D:/ccx_work/考虑交付的机器调度/work1/instances/no_outsourcing/data/n060-set04/random/medium-heterogeneous/wide/m4.dat	047916f6095ad9c3ab5308231c0a87a9b99c3057b6d494553c28712de8852c84
D:/ccx_work/考虑交付的机器调度/work1/instances/no_outsourcing/data/n060-set04/random/high-heterogeneous/zero/m2.dat	34e6a07e2e0b0469691238e6c992592ec3e92ba83939cd13b84aa6548c1f2fe1
D:/ccx_work/考虑交付的机器调度/work1/instances/no_outsourcing/data/n060-set04/random/high-heterogeneous/zero/m3.dat	0f27489530f32c5cff81ff70ae5512b82d7d0ae3e58c5b6e9e5034332054434d
D:/ccx_work/考虑交付的机器调度/work1/instances/no_outsourcing/data/n060-set04/random/high-heterogeneous/zero/m4.dat	26924083647f85814592b82e9cc3e65edcbc6a03122835bb99b53fb587d086ec
D:/ccx_work/考虑交付的机器调度/work1/instances/no_outsourcing/data/n060-set04/random/high-heterogeneous/narrow/m2.dat	4f6ca82a805b7ca327fc6534f35ac625a77314ce34de25300069f882805bfdec
D:/ccx_work/考虑交付的机器调度/work1/instances/no_outsourcing/data/n060-set04/random/high-heterogeneous/narrow/m3.dat	793a6522f738e2ceb9b11360bfd105dafd1aee6edeabb52b0db289746b0a6bc4
D:/ccx_work/考虑交付的机器调度/work1/instances/no_outsourcing/data/n060-set04/random/high-heterogeneous/narrow/m4.dat	280f555e8b92152e642968fe6543c841810e6045279dad3ca1980fdaa02cc58f
D:/ccx_work/考虑交付的机器调度/work1/instances/no_outsourcing/data/n060-set04/random/high-heterogeneous/wide/m2.dat	ea05533e64b4741394b517bf826d02f033041458462749ddf8f523c7114545bb
D:/ccx_work/考虑交付的机器调度/work1/instances/no_outsourcing/data/n060-set04/random/high-heterogeneous/wide/m3.dat	f9d3bea2ea19cb4e4c742d5bdd2fef05bf510c9ad632918baeb1fac87b83943e
D:/ccx_work/考虑交付的机器调度/work1/instances/no_outsourcing/data/n060-set04/random/high-heterogeneous/wide/m4.dat	2ce20afe6122e4b210588598b3b1b5edb8224c9d1d93c45a61370fd12bf6066e
D:/ccx_work/考虑交付的机器调度/work1/instances/no_outsourcing/data/n060-set04/family/base/zero/m2.dat	feca4c04a315d0dc33832339feb50d9863c92fd412f4f2b18b40fc016a5c3115
D:/ccx_work/考虑交付的机器调度/work1/instances/no_outsourcing/data/n060-set04/family/base/zero/m3.dat	46dbf96880df0d9d14892267f47bba4f6ad95c7f60c7c316afe3254c6e330acd
D:/ccx_work/考虑交付的机器调度/work1/instances/no_outsourcing/data/n060-set04/family/base/zero/m4.dat	0b1d9611af6bb11dcdd96132f89fe32ed253282c8c113f98559a784a495c344b
D:/ccx_work/考虑交付的机器调度/work1/instances/no_outsourcing/data/n060-set04/family/base/narrow/m2.dat	247aaf79b389a7511cca112733b1bfb05a2f647d6c970f9580a5607168f87357
D:/ccx_work/考虑交付的机器调度/work1/instances/no_outsourcing/data/n060-set04/family/base/narrow/m3.dat	8a85108b4bf7da08ca326f6fddc7c653b9b4463200c7283997c2bda1b5288afa
D:/ccx_work/考虑交付的机器调度/work1/instances/no_outsourcing/data/n060-set04/family/base/narrow/m4.dat	53e88e0edc0454a7817e8873a3298ddbb3330ee40ee85234ec41947590251daa
D:/ccx_work/考虑交付的机器调度/work1/instances/no_outsourcing/data/n060-set04/family/base/wide/m2.dat	230049260de3696c89a6dba961994b85f41d064107f8759dd94df7a1847ea500
D:/ccx_work/考虑交付的机器调度/work1/instances/no_outsourcing/data/n060-set04/family/base/wide/m3.dat	21ed2de626cea892cbe9b2981e1bce6414b72490a61331cb4c9f306f21ef7ef6
D:/ccx_work/考虑交付的机器调度/work1/instances/no_outsourcing/data/n060-set04/family/base/wide/m4.dat	5d9c61dba8761ce1d772110dea5d10ae4ad091f6a812ae54967576638ae63f70
D:/ccx_work/考虑交付的机器调度/work1/instances/no_outsourcing/data/n060-set04/family/medium-heterogeneous/zero/m2.dat	b78a5dbfe6e6fba75795422c07c902bc690e6cd21e48bbefe4e8d6a28bf6b2bf
D:/ccx_work/考虑交付的机器调度/work1/instances/no_outsourcing/data/n060-set04/family/medium-heterogeneous/zero/m3.dat	4c878f64a2dde98d65048db4839f70b3a6d82d1e76205f1f25b080179ec45313
D:/ccx_work/考虑交付的机器调度/work1/instances/no_outsourcing/data/n060-set04/family/medium-heterogeneous/zero/m4.dat	acc9c6c9b71a460eda5253bf15bed47ce5d6bf4a83a346e7c04c1902cd219114
D:/ccx_work/考虑交付的机器调度/work1/instances/no_outsourcing/data/n060-set04/family/medium-heterogeneous/narrow/m2.dat	eb7c092ca21f44d8e509917a1dd2436c68d2b39b975f9009407ac0a46c1aeb12
D:/ccx_work/考虑交付的机器调度/work1/instances/no_outsourcing/data/n060-set04/family/medium-heterogeneous/narrow/m3.dat	0cda7880a955d26a0845fb5f0d511d7cbfd9f7a504103470ff9690eeb36f988a
D:/ccx_work/考虑交付的机器调度/work1/instances/no_outsourcing/data/n060-set04/family/medium-heterogeneous/narrow/m4.dat	3fff0080089f5bfed2d0a9fec12a0e2bb17b1737aeec305a4f7abe66b61cbe54
D:/ccx_work/考虑交付的机器调度/work1/instances/no_outsourcing/data/n060-set04/family/medium-heterogeneous/wide/m2.dat	5d441e2c7616acff151222b855a6bc12c5d0b2aa2403c672ff6cba5c136a8698
D:/ccx_work/考虑交付的机器调度/work1/instances/no_outsourcing/data/n060-set04/family/medium-heterogeneous/wide/m3.dat	08d6cb6de4112e1e81ad95cb376f807181a11476b576a5862e69c399ed7f70b1
D:/ccx_work/考虑交付的机器调度/work1/instances/no_outsourcing/data/n060-set04/family/medium-heterogeneous/wide/m4.dat	ddca72a3259e12bf574db1451856fdb30fddd664a3518fbaefffb2c032e7b74e
D:/ccx_work/考虑交付的机器调度/work1/instances/no_outsourcing/data/n060-set04/family/high-heterogeneous/zero/m2.dat	907b741debd040e097fe15c9c992e424f4d9432cafd949668853245637661557
D:/ccx_work/考虑交付的机器调度/work1/instances/no_outsourcing/data/n060-set04/family/high-heterogeneous/zero/m3.dat	896565f668d3f87e2f86ccfd9f0534042abce43e1f55b4f7b6cabe79a6da7d2e
D:/ccx_work/考虑交付的机器调度/work1/instances/no_outsourcing/data/n060-set04/family/high-heterogeneous/zero/m4.dat	dbb56ccaafa9fc752ba311804935b2bcba539ddb9f9bad00f7b23fbe7177e6ef
D:/ccx_work/考虑交付的机器调度/work1/instances/no_outsourcing/data/n060-set04/family/high-heterogeneous/narrow/m2.dat	5b6b278633cefee083c14fc29e8cb357fd577d60da7f76de9a96f27957998471
D:/ccx_work/考虑交付的机器调度/work1/instances/no_outsourcing/data/n060-set04/family/high-heterogeneous/narrow/m3.dat	fff6a37aac5f13adb9fb04e910074f51e9229f71aa5639e42139c0687b4365d6
D:/ccx_work/考虑交付的机器调度/work1/instances/no_outsourcing/data/n060-set04/family/high-heterogeneous/narrow/m4.dat	26c0263a81f34cdf1dc53ca9d873a31c44456f19ca70dd9d043f19a5be32da48
D:/ccx_work/考虑交付的机器调度/work1/instances/no_outsourcing/data/n060-set04/family/high-heterogeneous/wide/m2.dat	b38123d132c9a925fc057206be064319ce1b96ec0303e70f2c86a8330b903b62
D:/ccx_work/考虑交付的机器调度/work1/instances/no_outsourcing/data/n060-set04/family/high-heterogeneous/wide/m3.dat	233f2180197e478ac8498b04b1562ec21744b082734854d88eafc57eeb4918ad
D:/ccx_work/考虑交付的机器调度/work1/instances/no_outsourcing/data/n060-set04/family/high-heterogeneous/wide/m4.dat	a4faeed3c056ac036448641ff2ae6ddbc97afa9a712cab5ab71bfda2e31af039
D:/ccx_work/考虑交付的机器调度/work1/instances/no_outsourcing/data/n060-set05/random/base/zero/m2.dat	3e5f586dd7da5cba92cc9fbed1da2f67c1b531cf64ff38988ce708690a1c895d
D:/ccx_work/考虑交付的机器调度/work1/instances/no_outsourcing/data/n060-set05/random/base/zero/m3.dat	bfd3ebfb765a710a9c1099d842bf8f0130e0f2041472fd5b7d8ebc8be446b453
D:/ccx_work/考虑交付的机器调度/work1/instances/no_outsourcing/data/n060-set05/random/base/zero/m4.dat	539ffec7f1619bc55270a6a78687d83400e5f2b481cb5cfaed3965ca1443b19d
D:/ccx_work/考虑交付的机器调度/work1/instances/no_outsourcing/data/n060-set05/random/base/narrow/m2.dat	1d84279c8de93f743de578f507102acb35a38dc10ee526008a5554981a58e0d9
D:/ccx_work/考虑交付的机器调度/work1/instances/no_outsourcing/data/n060-set05/random/base/narrow/m3.dat	c5988e62420d453269abdff65d01e99e006af7abe44cd8eb3fe64542d89e7dcc
D:/ccx_work/考虑交付的机器调度/work1/instances/no_outsourcing/data/n060-set05/random/base/narrow/m4.dat	7ec2c3af26daa2ebbee88a5224c986cb28d32e534f141d652f4231264153a296
D:/ccx_work/考虑交付的机器调度/work1/instances/no_outsourcing/data/n060-set05/random/base/wide/m2.dat	3b02633f08fbaeb50466b994a102b99a669954de09f82d48dd4eb4c532a24e06
D:/ccx_work/考虑交付的机器调度/work1/instances/no_outsourcing/data/n060-set05/random/base/wide/m3.dat	10f379bf21ba444fe1d12b3fbf3b99fe679cd9be3a3434b5845ef19153cc65fb
D:/ccx_work/考虑交付的机器调度/work1/instances/no_outsourcing/data/n060-set05/random/base/wide/m4.dat	8e5b39e5e32edc693b3a735798c141fe49531cd2bc3eada198b5149485af831d
D:/ccx_work/考虑交付的机器调度/work1/instances/no_outsourcing/data/n060-set05/random/medium-heterogeneous/zero/m2.dat	00c9930976418f78480f9fa2b1a4ea7cea65da47bb628466e516f445085f38f8
D:/ccx_work/考虑交付的机器调度/work1/instances/no_outsourcing/data/n060-set05/random/medium-heterogeneous/zero/m3.dat	03a1ca99514dbe1b3c34e8956c4ab633996f4c7866358f768113db586cf57842
D:/ccx_work/考虑交付的机器调度/work1/instances/no_outsourcing/data/n060-set05/random/medium-heterogeneous/zero/m4.dat	b53589971e2cbdcdf358d2ff58b69a7c904e46bb6b3a3b586a563238e140949e
D:/ccx_work/考虑交付的机器调度/work1/instances/no_outsourcing/data/n060-set05/random/medium-heterogeneous/narrow/m2.dat	cdbcc1b20daa0c62705d24a5e1dacd75c881b70b84ed459311e1e14f7bd4f0df
D:/ccx_work/考虑交付的机器调度/work1/instances/no_outsourcing/data/n060-set05/random/medium-heterogeneous/narrow/m3.dat	c2ee237b67d711477ede1fa39069679a1e5ffc815d905a91c5d0455da871859b
D:/ccx_work/考虑交付的机器调度/work1/instances/no_outsourcing/data/n060-set05/random/medium-heterogeneous/narrow/m4.dat	1ec7e2028f598d2dd76f4f52dcb4339dbf8c93346ab2ae3455d3f2fd27c0f77f
D:/ccx_work/考虑交付的机器调度/work1/instances/no_outsourcing/data/n060-set05/random/medium-heterogeneous/wide/m2.dat	88e11d0d1dec57ba458f1328cc837bc68982e470aa1698db59ef490350560710
D:/ccx_work/考虑交付的机器调度/work1/instances/no_outsourcing/data/n060-set05/random/medium-heterogeneous/wide/m3.dat	5f0f4b9aa2e45736484e9eae310c90440cc8ce72ea198f838ac3ccc04674639b
D:/ccx_work/考虑交付的机器调度/work1/instances/no_outsourcing/data/n060-set05/random/medium-heterogeneous/wide/m4.dat	c31f5feccd07da251cf0d80a8454c7a4afd6f1c10dc13f135f3d77e212c95eab
D:/ccx_work/考虑交付的机器调度/work1/instances/no_outsourcing/data/n060-set05/random/high-heterogeneous/zero/m2.dat	0f144b10d0bb769b392508623053010c0282329e45520b9d4d1e7bfa500eed20
D:/ccx_work/考虑交付的机器调度/work1/instances/no_outsourcing/data/n060-set05/random/high-heterogeneous/zero/m3.dat	d1706a99cf27064c7fc460c1eda7f9fbc8a333f56220cd803b75891464f95e40
D:/ccx_work/考虑交付的机器调度/work1/instances/no_outsourcing/data/n060-set05/random/high-heterogeneous/zero/m4.dat	77c00be4e498144f8f9f744a8c4d1e238ffabf1cd18e783977c2420934af4d8a
D:/ccx_work/考虑交付的机器调度/work1/instances/no_outsourcing/data/n060-set05/random/high-heterogeneous/narrow/m2.dat	04da7484df074250494695de8d36d0f86fb16c056af55967c88c33f63b583339
D:/ccx_work/考虑交付的机器调度/work1/instances/no_outsourcing/data/n060-set05/random/high-heterogeneous/narrow/m3.dat	8c66b9fc629c7e4061e5ebdaa7bf512836de77c014b9bd8949f213bbd50f9f10
D:/ccx_work/考虑交付的机器调度/work1/instances/no_outsourcing/data/n060-set05/random/high-heterogeneous/narrow/m4.dat	8e1c530a8cbee3bc630c4110ec66bcb996583fcfd978b6cf9a03352a88af5e0f
D:/ccx_work/考虑交付的机器调度/work1/instances/no_outsourcing/data/n060-set05/random/high-heterogeneous/wide/m2.dat	1da513b344f961731749a187d7e4e40f12c51a1dc4cca33db8983e39ef121685
D:/ccx_work/考虑交付的机器调度/work1/instances/no_outsourcing/data/n060-set05/random/high-heterogeneous/wide/m3.dat	b3a173c68cdf8543a836ad6a3da9dd27cfc90759ae38156441e7ab8ffebf1714
D:/ccx_work/考虑交付的机器调度/work1/instances/no_outsourcing/data/n060-set05/random/high-heterogeneous/wide/m4.dat	f98e5087ef7d967da010721ebd8741d94afec6b57b0b7398f7425a74b12008c7
D:/ccx_work/考虑交付的机器调度/work1/instances/no_outsourcing/data/n060-set05/family/base/zero/m2.dat	6c5cd78df73f1ac8b135130d9ae93e0019fba55242302361b3324d09f29980c4
D:/ccx_work/考虑交付的机器调度/work1/instances/no_outsourcing/data/n060-set05/family/base/zero/m3.dat	4c4e08cefe05bf4b739b4cf9c02c930e6f72bd44247059ba7f6bce99433f4922
D:/ccx_work/考虑交付的机器调度/work1/instances/no_outsourcing/data/n060-set05/family/base/zero/m4.dat	ccf46ba590416a092de909e27a48b55c1d0282661cc7e2b7a522326294457db1
D:/ccx_work/考虑交付的机器调度/work1/instances/no_outsourcing/data/n060-set05/family/base/narrow/m2.dat	fc462edc2d45636ebd4d7c1f08860026e13d4da30ec232350b9c67dc88475fd2
D:/ccx_work/考虑交付的机器调度/work1/instances/no_outsourcing/data/n060-set05/family/base/narrow/m3.dat	b63222854d280a0a50bf91528a05c0f3b84363a76b1f344bce6921e6108a9aad
D:/ccx_work/考虑交付的机器调度/work1/instances/no_outsourcing/data/n060-set05/family/base/narrow/m4.dat	c85b3d09e3bad066da319b5230fee2b66737429d7d8b822f6dfd6c1ef835d4e8
D:/ccx_work/考虑交付的机器调度/work1/instances/no_outsourcing/data/n060-set05/family/base/wide/m2.dat	39f9185bf96343fb9c0ef0dbe1a7f1d55f691b8d866ac5ee24869857d78abad2
D:/ccx_work/考虑交付的机器调度/work1/instances/no_outsourcing/data/n060-set05/family/base/wide/m3.dat	c4fd998f727ac7601e35e690a2287c64958483ca2055cd4e90899fae474bc765
D:/ccx_work/考虑交付的机器调度/work1/instances/no_outsourcing/data/n060-set05/family/base/wide/m4.dat	dfcb3734c0c360f92c6ab4d09f483f1cae46dba44415558a645bb4bde63ece36
D:/ccx_work/考虑交付的机器调度/work1/instances/no_outsourcing/data/n060-set05/family/medium-heterogeneous/zero/m2.dat	58f9744bdbf39e1cd8fafdacbecbabaeaed47bf261fd6a3a9bce4fe93e3f45fa
D:/ccx_work/考虑交付的机器调度/work1/instances/no_outsourcing/data/n060-set05/family/medium-heterogeneous/zero/m3.dat	5a152ac095333d7a66ead0183111391b34e699903e3890de414640c7a2f569f2
D:/ccx_work/考虑交付的机器调度/work1/instances/no_outsourcing/data/n060-set05/family/medium-heterogeneous/zero/m4.dat	0bab18efa34700f317da71538d6fcbcd6514569d141000eeb89bdba11cccd555
D:/ccx_work/考虑交付的机器调度/work1/instances/no_outsourcing/data/n060-set05/family/medium-heterogeneous/narrow/m2.dat	1856f1230a72195b1afc1bbc005312a4873de403396895b39dde0a1590e331ad
D:/ccx_work/考虑交付的机器调度/work1/instances/no_outsourcing/data/n060-set05/family/medium-heterogeneous/narrow/m3.dat	467371a7fe578edc096efe1a914cff5ff682e6f45c1e20bec3210f34db742f50
D:/ccx_work/考虑交付的机器调度/work1/instances/no_outsourcing/data/n060-set05/family/medium-heterogeneous/narrow/m4.dat	7efb89e4d7a2912845e41f5ad9b316c7a6e1dda4e38e0496b42c77cd3ec1f1bd
D:/ccx_work/考虑交付的机器调度/work1/instances/no_outsourcing/data/n060-set05/family/medium-heterogeneous/wide/m2.dat	86b244ca602aa2beeaed4a4b169346d7ffa9b35185638eea939bfea661f0d82c
D:/ccx_work/考虑交付的机器调度/work1/instances/no_outsourcing/data/n060-set05/family/medium-heterogeneous/wide/m3.dat	e3122d5e909195e351513b7af646831390fd5a651127cc2773bba897fff5c886
D:/ccx_work/考虑交付的机器调度/work1/instances/no_outsourcing/data/n060-set05/family/medium-heterogeneous/wide/m4.dat	3cc2952a2e5ddc37a6759eea2f012d4ef1f698ae6c4bb572eca355e7e4dfd164
D:/ccx_work/考虑交付的机器调度/work1/instances/no_outsourcing/data/n060-set05/family/high-heterogeneous/zero/m2.dat	8af37fdc36ef09f2fb5f852e3821130f214869c056519fa8c90982a38dc1565a
D:/ccx_work/考虑交付的机器调度/work1/instances/no_outsourcing/data/n060-set05/family/high-heterogeneous/zero/m3.dat	6834128f0ec75c7077d84a4d6be08b07053ed0891417d68aeb1490f889808fe2
D:/ccx_work/考虑交付的机器调度/work1/instances/no_outsourcing/data/n060-set05/family/high-heterogeneous/zero/m4.dat	d134a3c9c74fcd633b3448e3b2fa7e5fa11ac854b41619eec6bb76b99d788170
D:/ccx_work/考虑交付的机器调度/work1/instances/no_outsourcing/data/n060-set05/family/high-heterogeneous/narrow/m2.dat	7ea9a83e933d94170cfae73c094da8489e633145e67efc2c9b3c720f8a446506
D:/ccx_work/考虑交付的机器调度/work1/instances/no_outsourcing/data/n060-set05/family/high-heterogeneous/narrow/m3.dat	85ebafba69746e40e9407a9e61097a41b6ff3bb35070d4763ab33f34fe9c205b
D:/ccx_work/考虑交付的机器调度/work1/instances/no_outsourcing/data/n060-set05/family/high-heterogeneous/narrow/m4.dat	16c1c27f2bfc66bc340cfdeec941abdd3d305c821cf715c8bbfac7bfe9b17e42
D:/ccx_work/考虑交付的机器调度/work1/instances/no_outsourcing/data/n060-set05/family/high-heterogeneous/wide/m2.dat	6803da5951a4a46e48b369d4b075612de52679b478b1a2a787521d1cf98e9c39
D:/ccx_work/考虑交付的机器调度/work1/instances/no_outsourcing/data/n060-set05/family/high-heterogeneous/wide/m3.dat	7e62a11c8f89ccfd53b511837554d62a82ca3de1ba9887f5173d3ae7f101a77a
D:/ccx_work/考虑交付的机器调度/work1/instances/no_outsourcing/data/n060-set05/family/high-heterogeneous/wide/m4.dat	849cb8533546105defbbae21309cc35ce516efa09efa5885b5a3591f6d064a08
