100 5
1440 2096 13968 9 9
540 4759 16673 8 6
480 9448 21800 1 3
1357 4190 15532 2 7
1552 1641 13591 1 8
696 3622 14990 2 1
1104 3207 14733 2 4
21 5255 18013 8 5
18 2668 14732 2 5
1480 5222 17338 8 5
1150 5279 17161 6 5
1560 6851 19021 2 8
2024 6668 18826 1 6
1872 2811 15309 10 9
320 7422 18690 1 5
495 1438 12738 5 3
1364 1344 13412 6 10
820 1796 13708 2 6
805 3699 16077 10 1
567 6529 17943 8 2
2328 5561 18127 8 7
552 4449 16413 2 10
1140 4793 16123 5 10
200 9043 20669 3 2
1088 1589 13861 9 9
1840 4383 16631 7 4
1580 2637 15243 10 6
1470 3192 14408 8 10
1035 8560 20190 3 9
660 2175 14535 7 4
697 4641 16107 3 6
1404 2559 14679 2 2
119 7365 19431 4 5
504 5567 17689 1 5
2304 4338 16334 9 3
36 3653 15489 6 6
1495 4694 16928 4 3
276 156 12384 2 7
2208 1790 13726 8 9
840 1551 13035 10 2
1365 4914 16542 4 5
880 5592 17822 7 6
475 2448 14448 1 2
1900 340 11720 3 5
576 3501 14853 5 9
800 3172 14648 2 1
690 4192 15464 4 4
1596 3937 16271 4 9
1932 8578 20402 7 8
152 2454 14190 3 10
1311 4646 16652 6 4
2064 5777 17533 9 5
45 6687 17925 1 9
315 4799 16775 10 9
1634 4337 15739 1 6
2208 648 13362 6 5
570 8182 19514 3 6
2160 4028 16012 3 10
682 4671 17123 4 8
1092 3371 15429 10 7
1562 4330 16982 7 3
1235 2736 15504 5 5
2175 2066 14388 2 8
1679 3249 15075 8 7
1805 4927 17723 10 8
1416 7295 19431 2 5
1525 5096 17172 2 9
620 2792 15288 10 4
90 4454 16762 10 2
496 5576 16780 2 4
688 6534 19066 5 9
2160 2905 14987 8 3
741 3453 15507 10 3
1800 3106 15164 7 4
1340 7561 19277 8 7
1155 1552 13420 10 8
940 4100 16232 7 9
1224 2429 14651 5 10
190 6401 18079 1 9
120 3082 15082 7 2
323 4638 15920 9 4
1800 3800 16000 3 7
38 718 13426 7 3
440 8445 20121 10 3
1344 5713 17087 4 5
989 3138 15372 8 5
1458 2732 14278 1 10
1377 5939 17389 2 3
864 930 13542 8 3
330 1328 13328 10 8
684 4102 16454 4 2
1140 2956 15434 9 6
225 4251 16581 10 7
21 3982 16388 8 6
1722 690 12300 3 10
1404 2785 14775 7 9
1767 5384 17066 1 5
640 1441 14111 7 9
2024 8574 20728 2 3
1168 5661 17475 8 4
SETUP
0 387 550 306 245 509 123 184 468 428 123 814 102 651 346 306 204 306 285 123 529 448 245 204 306 631 326 224 367 407 448 550 367 143 285 306 184 306 224 123 387 285 204 265 326 346 245 123 509 529 468 62 509 468 265 265 550 570 448 407 550 509 306 326 448 306 428 712 468 285 570 550 428 387 163 448 570 468 448 489 326 489 224 387 407 224 611 428 387 407 590 326 387 570 204 224 62 306 468 631 224
0 0 387 448 306 550 550 285 448 163 265 509 245 550 448 367 346 529 428 550 570 590 367 631 326 692 509 428 509 489 184 672 387 285 326 550 306 367 631 387 428 326 509 468 428 428 387 265 428 692 529 509 590 611 367 245 285 672 529 489 672 611 448 468 489 407 570 855 468 468 509 590 631 123 448 570 672 794 346 590 509 570 204 733 489 306 672 753 448 651 428 367 631 651 346 428 509 489 407 631 489
0 611 0 550 509 611 550 428 448 428 468 672 428 773 448 367 550 529 529 570 550 611 509 631 82 753 448 326 611 509 570 448 143 489 509 448 448 468 631 346 489 509 631 489 428 306 590 387 306 448 509 509 550 733 529 529 570 692 407 448 550 773 590 326 306 428 733 875 428 407 672 326 529 651 468 407 550 590 712 326 550 753 489 468 387 570 712 570 245 509 733 367 529 753 550 448 712 631 712 590 407
0 102 489 0 143 489 489 367 448 245 326 590 306 631 326 387 407 550 489 550 611 651 143 570 407 631 509 509 448 489 285 672 468 367 163 387 224 245 611 204 367 163 570 346 509 285 448 326 285 733 631 448 651 611 448 346 367 672 407 570 448 651 448 529 570 428 651 428 489 468 590 672 631 204 468 489 550 550 204 672 407 611 285 753 367 407 611 814 326 489 509 224 489 489 428 428 509 407 489 672 428
0 672 529 590 0 570 346 428 346 306 407 672 387 692 387 265 489 428 570 407 489 529 163 428 448 590 529 468 468 367 346 712 387 428 41 265 102 265 468 82 448 41 448 224 570 306 529 407 387 672 672 306 733 529 509 529 428 773 407 611 550 712 529 611 631 509 712 712 387 489 529 570 590 468 448 367 550 712 306 712 285 712 468 611 367 570 570 672 326 346 468 306 346 367 489 529 651 285 550 590 631
0 692 692 611 407 0 590 326 306 672 509 631 611 956 407 407 590 570 448 346 611 733 387 672 529 489 631 448 651 285 224 712 611 672 428 550 346 489 489 468 468 428 550 611 550 570 570 428 550 753 570 550 631 509 407 285 794 712 672 509 631 163 672 570 529 448 692 956 346 590 529 651 672 163 387 590 814 875 489 631 367 631 245 794 631 814 712 895 570 733 468 529 651 285 570 712 672 529 428 672 529
0 651 814 611 428 529 0 428 529 712 611 855 590 977 407 367 611 509 489 509 590 773 428 651 590 692 672 285 651 468 346 814 651 651 448 387 448 509 123 489 407 448 651 631 387 448 631 428 672 895 692 529 712 387 529 245 834 814 550 631 692 692 794 387 346 570 733 1017 570 611 753 814 326 265 529 651 692 814 712 733 692 733 367 733 509 855 672 855 590 712 570 631 489 550 692 794 855 509 550 773 550
0 590 387 529 82 631 285 0 428 367 346 753 448 773 468 326 448 489 428 489 529 590 82 367 448 651 448 468 387 428 407 387 448 509 102 326 21 184 387 143 509 102 367 285 570 367 367 367 448 631 590 224 794 468 102 489 509 387 489 529 611 773 550 326 285 143 570 773 306 407 407 529 590 529 407 285 489 631 367 306 346 733 428 489 448 489 631 590 265 428 428 367 428 428 550 590 529 204 611 529 550
0 428 529 346 489 367 489 550 0 367 590 346 570 753 489 346 387 509 550 550 529 509 489 550 590 468 631 367 733 489 489 916 672 448 509 468 550 509 204 448 245 509 570 570 468 631 712 184 611 468 611 428 550 712 631 326 509 936 733 712 692 367 712 326 387 672 672 753 41 570 245 367 550 428 529 794 631 834 550 468 631 773 509 489 672 550 611 794 590 712 712 570 550 468 672 428 367 407 692 712 509
0 773 245 692 163 529 509 570 509 0 550 834 529 407 550 407 224 570 712 570 631 672 306 590 306 733 346 570 529 509 489 692 367 590 184 407 245 407 631 224 407 184 590 367 651 448 448 509 529 672 489 468 651 611 651 346 143 916 550 428 692 590 468 489 529 651 631 855 529 306 692 570 733 631 529 509 570 631 448 570 428 794 631 712 428 529 712 611 489 509 631 448 489 509 407 672 367 428 692 753 651
0 285 489 184 326 407 367 428 428 428 0 773 285 814 306 326 102 489 163 509 570 346 326 448 550 672 570 550 550 448 468 794 611 346 346 570 407 367 489 387 285 346 448 529 651 407 448 21 407 773 590 326 570 346 509 224 550 651 529 550 550 570 204 367 712 529 407 611 468 590 611 672 611 387 489 611 489 712 326 692 367 692 468 631 489 570 651 672 448 672 692 204 651 672 407 489 672 306 672 611 611
0 529 489 448 326 509 529 265 407 611 428 0 468 895 387 326 529 489 387 489 529 651 326 611 468 651 570 265 631 448 163 631 529 529 346 387 265 428 285 407 387 346 468 550 367 509 550 407 509 489 509 468 570 550 346 224 753 631 631 448 753 448 387 326 407 387 631 855 448 529 245 367 570 82 204 529 753 794 631 550 590 509 184 509 590 550 631 834 509 611 387 407 468 570 509 326 387 448 367 590 448
0 306 509 224 346 428 387 448 468 428 41 794 0 773 326 265 123 428 204 529 448 367 346 468 468 631 590 346 285 468 489 611 550 62 367 468 428 387 509 407 306 367 468 550 448 326 163 41 428 733 611 346 590 387 550 184 570 611 448 570 570 590 224 245 651 367 346 631 489 611 509 631 570 407 285 631 509 692 346 712 387 712 489 651 407 611 590 672 468 651 712 245 529 692 123 204 631 326 387 631 611
0 428 651 346 489 550 529 590 590 489 163 936 184 0 468 448 265 611 326 448 407 509 489 611 651 590 733 529 468 387 611 672 712 245 509 387 570 489 651 550 428 509 367 692 631 509 346 184 570 794 753 489 733 509 468 346 631 794 611 712 590 712 367 407 834 550 529 631 631 712 672 814 733 550 468 773 651 367 489 672 529 753 529 651 590 733 570 834 570 265 651 367 468 834 306 387 712 448 570 773 753
0 306 509 204 346 489 611 550 143 448 448 468 428 834 0 468 245 631 509 550 651 367 346 692 570 550 590 326 245 509 489 692 631 489 367 428 428 428 326 407 387 367 489 550 428 489 570 41 489 590 733 570 672 773 651 367 570 875 611 672 570 489 631 448 529 611 651 631 184 672 367 489 692 407 265 692 509 733 407 590 509 407 489 631 529 590 733 916 509 692 712 428 529 611 529 550 509 529 692 855 611
0 753 834 712 489 468 712 631 428 611 651 672 631 997 509 0 753 163 590 611 936 875 489 794 489 834 773 387 753 570 692 997 550 692 529 509 590 489 611 570 590 529 794 712 489 733 773 529 773 550 651 651 529 692 712 672 733 997 834 855 692 631 550 733 712 753 834 1058 387 733 651 733 631 631 651 814 590 936 733 855 773 672 611 387 407 651 855 1017 570 834 611 550 590 753 733 834 773 712 895 997 814
0 814 672 733 428 306 489 550 590 712 631 875 753 895 631 245 0 407 631 407 489 794 428 570 712 570 712 509 733 367 529 936 773 712 448 631 509 529 611 489 184 448 590 631 611 570 773 631 570 692 834 448 489 814 570 123 855 936 651 794 814 468 733 285 814 692 692 956 611 672 834 590 509 448 448 692 570 834 712 611 285 895 509 631 631 875 550 814 611 590 753 672 712 570 753 712 956 712 611 936 651
0 590 753 550 529 346 611 468 265 631 550 590 529 956 346 590 590 0 428 448 773 712 529 692 712 672 753 224 590 407 550 834 773 590 550 346 468 468 448 611 428 550 712 753 326 570 672 367 611 387 489 570 733 834 550 570 753 834 672 834 814 509 733 570 651 590 672 956 306 712 489 611 468 489 489 733 814 773 712 692 692 509 550 224 651 489 855 936 550 834 631 672 428 611 651 672 631 550 773 855 753
0 773 651 692 346 733 204 265 570 631 529 895 611 794 611 550 631 712 0 448 489 570 346 285 509 794 468 489 651 651 550 651 570 672 367 570 285 346 326 407 611 367 285 550 590 367 631 509 672 611 428 163 834 590 367 448 773 489 407 550 611 834 712 550 550 407 265 1038 570 590 468 590 509 468 489 550 611 550 590 570 611 631 448 468 428 733 773 529 428 692 692 550 651 651 733 814 611 143 753 448 733
0 407 712 326 407 448 509 346 367 550 367 692 346 834 224 265 468 428 306 0 570 590 407 590 590 611 509 123 468 285 509 529 529 407 428 224 346 509 550 224 326 448 590 367 224 448 509 245 509 712 631 448 509 651 428 163 692 733 550 590 692 387 509 570 611 468 550 733 387 448 489 611 550 428 41 611 692 672 529 651 428 489 102 651 509 712 590 814 590 489 509 265 306 489 468 468 631 428 651 529 387
0 834 753 733 448 387 651 387 529 753 570 875 672 997 550 468 651 631 509 733 0 895 448 733 590 407 672 529 773 672 285 753 651 712 468 631 387 550 733 529 265 489 611 672 631 651 672 570 631 773 631 611 570 834 468 346 875 773 753 570 895 550 672 611 590 509 611 1058 570 651 753 672 733 224 550 651 651 916 753 692 733 468 306 814 712 875 773 956 631 794 509 590 712 672 631 773 895 570 489 733 590
0 509 631 407 529 407 489 489 306 631 245 448 204 550 224 468 326 631 407 712 651 0 550 570 245 387 224 489 468 672 611 794 306 143 529 489 489 265 489 590 285 550 570 733 590 346 367 245 570 529 367 448 570 529 387 367 509 794 468 306 204 570 367 448 468 550 285 834 346 489 509 428 529 529 428 570 143 692 509 570 590 611 489 550 163 570 367 814 346 611 773 143 570 468 326 407 631 428 468 733 570
0 550 550 468 21 550 367 428 346 306 285 692 367 692 387 265 367 428 448 407 489 529 0 448 448 590 387 387 326 367 346 651 387 428 41 265 102 102 468 82 428 41 448 224 489 306 529 285 387 692 529 306 733 550 509 489 428 773 407 468 550 712 468 611 631 509 672 712 387 346 529 570 590 468 326 367 428 712 306 712 285 712 468 631 367 570 570 672 184 346 468 306 346 367 489 529 651 285 550 611 631
0 733 651 651 123 672 468 529 448 407 509 794 489 794 489 367 590 489 651 509 590 631 265 0 550 631 631 570 570 468 448 834 489 550 143 367 204 367 570 184 550 143 550 326 550 407 631 509 489 346 489 407 834 651 611 631 529 875 509 712 651 814 631 712 733 611 834 814 489 590 631 550 428 570 550 468 651 814 407 672 387 468 570 184 468 448 672 773 448 448 570 407 448 468 590 631 753 387 651 712 733
0 733 712 651 529 692 489 550 672 692 611 733 672 773 590 306 672 468 489 631 468 794 529 570 0 834 468 489 631 570 753 814 82 733 448 590 509 631 570 611 570 448 570 753 590 529 773 468 692 387 448 448 468 712 631 468 834 855 631 387 773 855 590 265 245 611 672 936 367 407 855 265 468 692 407 346 712 692 712 651 814 672 407 407 529 509 895 794 692 875 875 611 672 692 733 814 631 631 651 529 346
0 631 814 834 529 753 712 448 529 794 651 855 712 936 651 550 753 712 814 692 529 997 529 794 468 0 631 794 794 651 794 834 529 773 550 712 468 489 712 590 631 550 814 733 834 326 794 672 794 672 753 672 794 895 529 448 916 814 428 712 570 875 855 509 590 590 224 1058 570 712 428 550 753 733 733 611 570 1017 733 753 570 773 407 692 387 733 733 1038 570 733 875 631 631 875 753 895 570 651 895 692 692
0 509 407 428 428 773 468 346 428 631 489 753 509 326 550 550 590 712 570 692 631 834 428 550 367 651 0 672 733 651 590 570 428 570 367 611 367 387 570 489 651 367 672 509 753 224 672 489 692 733 143 529 834 407 428 590 773 590 326 102 468 794 692 631 590 326 672 834 468 550 651 631 773 611 590 448 468 468 611 346 570 916 550 692 285 651 631 855 387 590 773 509 590 773 631 712 733 509 814 590 712
0 367 611 326 306 611 407 245 265 529 326 590 306 733 123 489 367 651 204 245 672 489 306 489 550 672 672 0 367 184 407 611 611 367 326 123 245 407 448 387 509 346 489 529 123 407 448 143 407 712 631 346 712 672 326 387 651 631 509 692 651 611 509 529 509 367 448 733 285 631 489 611 712 326 265 509 611 570 529 550 590 509 326 672 468 672 814 712 489 651 407 489 204 448 428 509 590 326 570 651 611
0 387 692 285 387 245 367 306 326 529 346 672 326 814 204 346 428 509 265 306 529 550 387 448 611 631 611 82 0 265 468 489 672 367 407 184 326 489 489 428 387 407 448 570 184 468 468 224 468 468 611 326 672 529 407 448 651 692 590 692 712 407 468 326 387 448 529 712 367 570 224 367 529 407 21 590 692 631 489 611 611 590 407 489 550 529 611 692 550 712 468 245 285 529 428 448 367 285 631 611 509
0 468 773 367 468 509 550 387 407 611 428 753 407 875 285 326 509 489 346 62 611 631 468 631 631 651 550 163 529 0 550 570 570 448 489 265 407 570 611 265 387 489 631 407 265 489 550 306 550 773 692 509 550 590 489 204 733 773 611 631 692 428 550 631 672 529 611 672 448 509 529 672 590 489 102 672 733 631 570 692 468 529 163 692 570 753 631 611 631 550 550 326 367 550 509 529 672 489 692 570 448
0 631 611 550 428 570 428 346 489 712 407 814 387 814 407 367 509 529 245 550 387 753 428 509 550 733 489 326 651 509 0 733 611 448 448 448 367 509 550 489 448 448 529 631 428 428 387 407 712 834 346 387 631 611 428 285 834 712 529 306 672 733 529 346 306 468 489 956 529 590 692 814 672 590 265 631 651 773 712 550 692 611 245 692 489 834 712 753 590 753 245 306 529 773 367 590 834 367 224 672 529
0 346 570 265 407 468 448 509 509 509 82 529 367 895 387 367 184 529 245 529 590 428 407 529 550 692 651 631 631 468 529 0 489 428 407 367 489 448 570 184 346 407 529 326 733 407 529 102 489 794 590 407 651 428 590 306 631 733 509 631 631 631 285 448 773 611 468 672 550 672 651 692 692 468 570 692 570 794 407 773 387 773 529 712 489 651 672 753 529 468 529 285 448 631 489 570 753 367 753 692 672
0 794 733 712 509 875 611 651 651 631 794 753 773 875 509 753 753 631 428 672 509 875 509 529 672 773 773 550 753 611 773 875 0 834 387 672 448 611 733 590 753 387 712 733 550 529 712 529 733 306 448 570 407 895 590 814 753 895 631 855 773 855 895 794 895 631 672 1058 692 733 875 204 407 712 712 712 773 956 651 651 773 611 753 346 611 448 936 936 692 855 956 692 753 631 672 875 936 550 956 468 733
0 773 834 672 529 692 550 468 651 834 489 977 468 1058 509 733 590 895 346 794 834 834 529 631 855 1058 814 733 753 895 855 834 895 0 550 794 468 631 672 611 570 570 631 753 834 712 631 509 895 956 773 509 855 814 550 631 956 834 753 895 956 855 651 712 733 590 590 1058 692 855 814 936 855 814 753 733 936 895 814 773 794 916 794 814 773 936 1058 855 712 773 875 428 875 875 590 672 956 468 326 794 997
0 672 509 590 143 590 326 407 326 285 407 651 407 672 428 387 489 550 570 550 611 509 143 407 509 712 509 529 448 489 468 733 509 468 0 387 82 245 448 204 468 21 428 346 631 367 529 428 367 753 651 285 753 509 489 570 407 753 468 590 611 692 550 611 672 489 733 834 367 468 550 672 651 590 448 346 550 692 285 692 407 692 611 590 428 550 692 651 306 489 611 326 468 489 529 509 631 265 672 570 611
0 489 692 407 468 611 570 387 509 631 224 651 204 916 509 448 306 611 387 611 611 570 468 631 448 611 590 529 468 672 306 672 509 265 489 0 407 448 692 529 489 489 590 590 631 306 346 224 285 712 631 529 590 570 468 346 733 672 407 590 550 590 407 428 590 428 550 814 529 651 692 692 733 224 468 672 550 855 550 692 570 672 306 570 367 794 712 814 529 794 285 428 102 712 306 407 814 509 468 672 570
0 611 611 529 82 611 265 326 407 367 346 753 428 753 448 326 428 489 509 468 550 590 62 346 509 651 448 448 387 428 407 712 448 489 102 326 0 163 387 143 489 102 346 285 550 367 590 346 448 672 590 224 794 448 428 509 489 712 468 529 611 773 529 631 611 468 692 773 285 407 590 631 570 529 387 265 489 611 367 631 346 733 529 529 428 489 631 590 245 407 529 367 407 428 550 590 570 204 611 509 529
0 448 672 367 509 468 550 468 428 611 184 692 285 611 285 509 285 672 346 529 489 529 509 631 428 773 285 529 448 468 529 712 489 346 529 224 468 0 611 570 346 529 631 489 448 346 428 204 326 794 428 489 631 529 550 387 733 712 448 367 590 631 387 509 651 468 590 712 468 245 651 692 773 448 468 712 529 753 265 631 550 651 529 794 367 753 753 855 82 367 509 204 326 733 387 468 794 468 651 570 773
0 529 773 489 468 428 570 407 428 611 489 753 468 895 285 245 509 407 367 407 672 651 468 651 712 570 794 163 529 346 428 773 773 529 346 285 407 570 0 529 306 346 651 672 285 570 611 306 550 773 733 509 590 753 489 123 733 794 672 712 814 590 672 692 672 529 611 895 448 753 651 712 509 367 428 672 672 692 611 712 733 672 448 631 631 834 550 875 590 590 570 651 367 611 590 672 753 489 611 814 733
0 590 733 509 367 489 550 367 428 509 326 753 306 855 326 184 428 346 489 346 428 672 367 631 367 529 529 448 570 285 489 651 306 367 224 184 306 387 631 0 367 245 651 143 550 224 468 346 468 611 672 509 672 611 448 468 631 733 346 611 468 651 468 529 590 489 651 631 468 611 468 509 692 407 387 570 468 895 509 651 204 712 448 570 306 733 509 875 468 285 468 224 285 712 428 509 590 489 651 611 712
0 814 814 733 529 123 712 448 428 631 631 692 692 733 529 529 529 692 570 468 733 855 509 794 651 611 753 570 773 407 346 814 672 550 550 672 448 611 611 590 0 550 672 733 672 611 611 550 672 529 672 672 306 631 529 407 753 834 712 631 753 285 794 550 651 570 794 1058 468 712 651 407 611 285 509 712 387 997 611 753 489 733 367 550 672 814 834 1017 692 855 570 651 773 407 570 834 794 651 550 794 651
0 672 672 590 143 590 326 387 326 428 407 651 407 814 428 387 509 550 570 550 611 489 143 407 509 712 509 529 448 489 468 733 509 468 163 387 82 224 448 204 468 0 428 346 631 367 529 407 346 733 651 285 753 509 489 570 550 733 468 590 611 672 550 611 672 489 733 834 346 468 550 672 651 570 448 346 550 672 285 692 407 672 611 590 428 550 692 651 306 468 590 326 468 489 509 489 631 265 672 570 590
0 570 733 489 428 570 285 346 529 651 306 814 387 712 407 611 387 773 468 529 509 631 428 367 550 550 387 570 570 570 611 733 611 448 448 346 367 123 407 489 448 448 0 590 550 448 550 306 448 651 529 245 753 651 428 509 794 733 346 489 692 733 489 611 631 489 712 814 570 346 753 794 590 550 570 631 651 468 367 651 651 387 631 550 468 794 794 611 204 448 631 306 428 733 509 590 814 224 773 468 834
0 448 672 367 224 346 489 489 306 509 184 651 163 834 184 41 285 204 346 204 611 529 224 570 509 651 509 306 428 143 550 509 163 224 245 407 306 306 509 285 224 245 570 0 407 367 326 204 346 468 611 448 529 468 570 326 651 611 468 590 611 509 326 387 692 489 509 794 346 468 550 367 550 509 245 570 611 773 509 773 62 570 306 428 428 590 753 753 387 570 651 82 509 570 285 367 672 468 550 611 590
0 306 509 224 367 509 306 367 163 468 468 489 428 631 21 387 265 550 102 143 570 387 346 367 529 570 570 245 265 82 489 651 590 489 387 346 367 448 346 346 387 387 387 489 0 387 529 41 367 611 509 245 631 672 448 285 590 590 489 651 570 509 631 468 529 489 346 631 184 590 387 509 611 428 163 631 509 651 428 611 529 407 224 550 448 611 712 611 529 611 631 387 428 611 489 509 489 224 692 529 509
0 611 509 529 204 570 407 143 224 509 346 550 448 631 448 448 448 611 509 611 428 692 204 489 163 448 306 489 529 570 550 509 224 489 224 387 143 163 407 285 448 245 489 428 590 0 489 346 489 529 448 367 611 590 224 529 631 509 123 387 265 570 529 407 387 265 651 875 245 407 448 407 590 611 468 407 265 753 407 448 489 814 550 550 82 631 428 712 245 529 550 367 387 570 448 631 570 326 753 387 489
0 550 428 489 346 570 306 306 387 651 428 712 611 794 611 123 529 285 489 692 285 651 346 387 326 611 489 489 631 631 550 692 387 672 387 570 326 346 428 428 550 387 387 570 590 184 0 448 509 651 611 265 631 692 387 448 773 611 285 570 428 733 631 82 550 448 204 895 428 529 407 550 611 489 651 590 428 550 590 611 550 753 387 509 245 712 590 509 428 692 712 529 387 712 611 651 550 509 468 550 468
0 265 489 184 326 509 672 550 631 428 428 773 407 814 489 448 224 611 590 631 692 346 326 753 550 733 570 550 631 570 448 834 611 448 346 570 407 407 773 387 387 346 753 529 651 468 550 0 468 875 712 611 692 773 631 346 550 855 570 651 529 672 611 489 753 590 631 590 651 651 773 753 733 387 489 672 489 712 387 794 489 794 468 834 509 570 712 977 489 651 672 407 651 672 509 590 672 590 651 834 590
0 590 509 529 224 570 407 143 224 509 367 387 448 631 448 367 448 529 489 509 428 692 224 367 163 448 326 489 529 468 529 387 224 509 245 407 163 184 407 285 468 245 509 326 590 21 489 367 0 529 448 367 631 590 224 529 651 407 123 407 265 570 550 428 387 143 651 895 265 407 448 428 590 468 489 428 265 753 428 448 387 814 550 550 82 631 428 733 265 529 570 367 387 570 448 163 570 346 733 387 489
0 631 428 692 428 692 468 367 346 712 570 448 590 834 550 550 651 712 631 651 631 773 428 712 367 672 529 692 733 590 529 570 428 651 448 611 367 387 529 489 590 448 692 509 753 224 570 509 570 0 143 570 834 753 285 509 631 590 346 611 468 550 590 631 590 326 753 753 387 550 570 631 102 529 651 631 468 834 529 346 509 834 448 692 306 794 651 855 387 672 773 509 590 326 672 712 631 550 672 611 590
0 489 285 570 285 631 326 224 285 570 428 631 448 712 407 407 509 570 509 570 489 712 285 570 224 529 387 550 590 509 468 428 285 509 306 468 224 245 448 346 509 306 570 367 611 82 550 387 570 590 0 428 692 672 306 448 712 448 204 468 326 651 590 489 448 184 733 875 326 407 509 489 631 529 550 489 326 733 489 204 428 773 407 550 163 692 509 712 265 529 631 367 468 631 529 651 651 407 672 468 570
0 692 489 611 204 590 62 123 529 489 428 834 529 651 448 407 529 570 529 570 631 407 204 143 550 672 326 326 509 509 387 509 570 550 224 448 143 265 184 265 468 224 143 407 448 489 489 448 570 468 468 0 753 448 204 285 611 509 468 407 611 753 631 428 407 245 672 895 407 489 509 651 367 326 509 387 550 407 489 428 468 529 407 326 550 570 712 367 326 529 550 448 529 509 631 712 651 326 590 611 590
0 834 611 753 651 672 611 611 672 936 733 1017 916 916 875 407 387 570 794 692 590 916 651 672 631 712 773 794 936 733 855 977 387 956 672 855 611 631 712 733 550 672 692 855 895 468 306 590 794 692 814 550 0 977 692 489 1058 895 590 855 509 834 916 387 692 733 509 1058 712 834 590 570 773 773 733 875 733 834 875 875 651 977 692 712 550 814 692 814 712 977 956 834 631 773 265 936 712 570 773 834 753
0 570 570 489 41 590 184 265 367 326 306 712 387 631 407 285 407 448 184 428 468 550 41 265 407 611 306 428 346 387 367 631 407 448 62 285 123 123 306 102 468 62 285 245 529 265 448 306 407 590 448 143 753 0 346 428 448 631 367 387 509 733 489 529 529 387 428 733 285 265 550 590 509 448 346 265 448 529 326 550 306 651 509 448 326 468 590 509 204 367 489 326 367 387 509 550 550 123 570 428 651
0 509 306 550 631 692 550 590 346 651 367 672 631 997 651 387 448 550 346 448 570 692 631 611 367 794 672 550 895 712 489 550 428 651 651 651 590 550 529 631 590 651 631 773 651 468 285 367 590 712 631 489 814 712 0 468 794 834 570 733 712 692 550 367 590 672 489 956 387 692 570 631 814 550 468 692 529 814 672 224 712 794 428 570 529 814 875 794 529 794 712 570 651 814 753 733 712 468 692 773 692
0 855 753 773 611 306 712 631 529 712 692 773 672 895 631 123 692 285 529 489 611 692 611 794 590 468 895 509 814 448 529 895 651 712 631 590 631 611 733 672 184 631 814 814 611 692 733 651 855 651 773 672 468 773 468 0 855 997 794 814 814 468 611 733 814 753 570 834 509 834 753 590 407 448 529 733 570 956 773 672 651 773 550 509 529 753 428 916 692 489 733 590 672 570 733 875 895 651 509 956 814
0 692 428 611 21 590 367 448 367 326 428 692 407 672 407 285 509 448 590 428 509 550 184 448 468 611 346 489 489 387 367 733 407 448 62 285 123 285 489 102 468 62 468 245 590 326 306 428 407 692 489 326 753 550 529 550 0 794 428 428 570 448 550 387 651 529 489 733 407 509 550 590 611 489 468 387 570 509 326 692 306 733 489 631 387 590 570 468 346 367 489 326 367 387 265 550 672 306 570 611 651
0 489 692 407 428 367 285 367 468 631 224 733 306 651 326 285 326 448 102 529 468 570 428 367 468 814 326 570 489 509 550 712 529 367 448 265 367 41 407 509 387 448 387 529 489 367 468 224 367 712 468 245 672 570 448 428 773 0 489 407 631 428 407 265 631 489 346 753 489 285 550 631 611 489 489 631 367 631 285 651 570 692 529 550 407 773 794 611 123 387 550 245 346 550 428 509 692 224 651 529 631
0 733 855 651 550 631 692 529 590 855 468 590 448 956 468 590 550 753 489 753 814 814 550 753 550 834 631 529 712 692 733 773 611 509 570 570 550 346 367 631 509 529 773 550 631 407 590 468 387 916 590 631 794 753 611 489 977 407 0 529 651 794 590 651 773 529 733 1058 631 590 814 814 855 672 712 672 651 1038 326 794 611 712 753 936 468 875 814 997 428 712 855 367 672 895 570 550 956 611 651 773 875
0 550 326 611 346 692 387 265 346 550 489 672 509 753 468 468 570 631 489 611 550 773 346 590 285 570 448 611 651 570 509 489 346 550 285 529 285 306 489 407 570 285 590 428 672 143 611 448 631 651 62 448 753 326 346 509 692 509 245 0 387 692 651 550 509 245 590 936 387 468 570 550 692 590 611 367 387 794 550 265 489 834 468 611 204 570 550 773 306 590 692 428 509 692 570 692 651 428 712 509 611
0 590 489 509 428 712 306 367 529 733 550 875 529 895 407 590 651 753 489 529 570 651 428 387 509 204 570 285 651 468 631 712 590 590 448 407 367 489 407 509 590 468 387 651 407 509 489 428 692 529 672 245 895 692 204 529 855 753 611 651 0 794 692 550 631 489 407 916 489 733 611 753 346 550 224 468 712 651 712 428 712 651 590 387 590 631 184 611 570 773 692 448 489 570 651 651 753 224 733 550 834
0 529 672 448 387 489 509 509 143 509 468 468 448 895 245 448 468 611 468 184 651 570 387 611 550 590 631 285 489 123 631 692 611 509 407 387 468 346 326 387 387 407 611 529 387 407 407 265 387 611 611 489 672 346 611 326 631 773 509 712 651 0 590 448 529 529 611 794 184 590 367 489 692 550 224 448 651 753 326 590 306 631 285 631 468 651 753 733 428 672 611 367 489 123 570 550 509 468 814 692 570
0 387 590 306 184 285 184 245 245 489 123 570 102 773 123 346 204 509 285 590 529 468 184 265 550 672 448 428 367 550 509 611 550 163 204 448 245 285 285 265 163 224 265 407 529 407 245 123 529 590 428 123 448 163 326 265 611 631 529 367 651 448 0 326 509 367 448 712 285 428 468 570 489 428 367 428 550 529 448 550 448 509 509 448 489 631 672 489 367 529 651 21 529 550 224 306 611 265 489 590 712
0 631 672 550 285 509 224 285 448 570 367 692 570 814 529 41 448 204 407 651 224 590 285 306 509 611 489 428 590 590 489 672 570 611 306 529 306 367 346 346 468 306 306 489 529 428 651 367 428 570 631 184 570 611 387 468 712 672 550 570 672 672 550 0 570 428 651 956 407 448 672 773 529 428 590 570 611 570 570 590 550 672 509 428 428 672 834 550 448 611 631 489 611 631 672 570 814 489 387 773 387
0 550 692 468 306 529 265 326 489 611 387 509 489 855 367 82 489 224 448 489 245 611 306 346 550 631 529 245 611 428 529 672 611 550 326 367 326 407 367 387 509 346 346 529 367 468 651 387 448 611 672 204 590 651 407 489 733 712 570 611 712 692 590 41 0 448 692 712 448 489 631 753 570 448 184 590 651 611 611 631 590 712 550 448 468 712 855 570 489 651 651 407 448 672 611 611 753 529 428 814 428
0 611 814 509 407 529 550 611 489 692 346 773 346 895 367 224 428 387 346 387 733 672 407 631 672 834 570 489 611 326 733 265 346 407 428 529 489 306 672 448 407 428 631 184 590 529 509 346 529 651 712 509 712 651 692 509 814 265 651 651 794 692 509 509 773 0 590 936 529 529 712 550 733 672 428 753 611 895 550 916 245 753 489 590 611 773 936 855 387 651 773 265 611 753 468 550 855 468 733 794 753
0 712 611 631 326 550 509 245 326 611 448 651 509 733 448 346 550 509 611 489 509 794 326 590 265 550 407 590 631 448 651 631 326 570 346 509 265 285 509 387 428 346 611 529 631 123 590 468 590 468 550 468 590 692 326 245 733 611 224 489 367 672 651 306 387 367 0 895 346 509 224 346 550 692 529 407 367 814 529 550 367 570 204 489 184 529 529 834 367 529 672 428 489 672 550 712 367 448 692 489 489
0 346 509 265 265 468 306 387 428 448 82 773 62 814 306 306 163 326 245 265 489 428 265 387 509 224 570 184 326 204 529 590 448 123 285 285 265 367 428 163 346 306 407 306 285 367 204 82 407 550 651 265 631 428 224 224 590 672 489 631 21 570 265 285 651 407 387 0 468 529 550 651 367 448 123 489 550 651 407 428 123 509 346 407 448 265 184 631 448 428 570 285 387 590 163 265 82 245 428 550 631
0 916 875 875 590 346 448 509 631 834 814 712 855 936 672 733 733 895 733 672 733 794 570 529 733 550 712 550 895 631 550 875 794 753 611 651 509 631 550 651 224 611 529 794 651 590 814 692 570 733 855 387 509 834 590 611 977 895 692 794 834 509 997 753 773 631 753 1058 0 875 855 631 753 489 712 773 590 794 814 814 692 916 570 651 651 895 997 753 712 712 794 834 753 611 773 733 997 367 773 692 855
0 550 468 468 468 468 509 407 265 631 407 590 489 387 407 448 489 611 489 529 672 733 468 611 204 611 62 306 224 468 651 611 265 550 407 407 407 224 448 529 509 407 672 407 407 265 631 407 529 570 204 529 489 448 489 570 753 631 387 143 428 611 590 468 428 367 712 875 306 0 448 468 651 611 224 489 306 529 468 387 468 794 590 590 123 692 590 895 306 570 692 407 489 631 611 651 570 509 834 651 529
0 712 651 611 367 590 306 387 529 509 448 672 448 712 448 123 529 285 489 550 306 672 367 387 509 407 407 407 570 489 590 753 509 509 387 387 326 468 428 204 570 387 407 346 428 428 550 448 509 245 387 265 651 692 407 550 631 753 550 489 631 631 631 102 163 509 611 733 509 346 0 143 326 509 346 590 651 631 651 590 407 550 590 265 468 306 387 631 529 489 672 428 489 550 529 529 143 387 468 712 285
0 611 529 509 489 814 428 468 448 590 672 570 672 672 326 651 550 814 590 631 753 672 468 509 468 570 631 631 570 590 651 692 550 733 468 651 407 489 529 550 692 468 509 611 509 326 672 346 651 123 265 367 936 814 407 611 733 692 448 712 590 651 692 733 712 448 773 855 489 651 672 0 204 651 570 672 590 773 590 468 611 428 570 143 407 407 753 733 509 773 875 590 712 428 773 794 733 611 753 712 712
0 672 773 590 570 611 550 611 265 611 590 590 570 1017 570 529 631 692 611 550 773 692 570 631 672 712 753 611 814 509 733 509 733 611 590 692 611 468 448 651 509 590 631 672 712 529 712 428 509 712 855 489 753 814 692 407 753 895 631 834 773 468 712 570 631 651 855 977 285 692 489 611 0 672 590 550 773 753 448 712 428 733 367 753 590 773 834 855 550 814 977 489 773 245 672 651 611 468 590 794 651
0 631 550 529 245 428 448 184 326 550 346 672 448 814 346 265 448 407 306 550 448 692 245 529 387 590 489 326 550 489 82 550 448 509 265 428 184 346 529 326 306 265 407 468 428 428 468 367 428 753 428 387 489 631 265 143 672 570 550 367 692 590 550 407 387 306 550 956 367 448 550 651 529 0 346 448 672 712 550 468 509 468 102 631 509 651 570 753 428 590 306 387 509 590 428 570 692 367 285 509 367
0 367 672 285 387 489 468 306 326 529 326 651 306 814 204 570 428 712 265 306 733 550 387 550 611 733 733 82 428 245 468 489 672 367 407 184 326 468 509 448 367 407 550 590 184 468 468 224 468 692 692 428 672 611 387 448 651 692 570 753 712 651 468 529 590 428 509 692 367 712 448 570 509 407 0 590 692 631 489 611 651 590 407 712 529 672 834 773 550 712 468 245 265 509 428 428 590 387 631 712 672
0 631 590 550 306 346 468 529 468 407 570 733 590 753 346 468 570 550 407 448 692 692 306 448 651 570 672 550 590 407 570 489 590 651 326 468 245 387 570 285 245 326 550 428 326 509 712 367 590 753 814 407 529 672 611 590 550 529 611 753 733 509 733 672 651 265 672 712 21 631 692 631 773 509 489 0 611 814 590 529 489 468 550 631 570 224 773 773 468 550 753 509 550 631 692 468 306 387 489 712 753
0 651 590 570 428 326 611 346 346 611 570 692 651 834 509 651 651 814 529 631 631 773 428 590 367 651 529 692 733 570 550 733 428 712 448 611 367 387 550 489 590 448 712 631 509 224 590 509 611 387 529 570 834 794 306 611 753 733 326 611 468 489 753 631 590 489 773 977 387 611 590 285 489 489 672 631 0 956 529 529 509 692 570 428 285 428 631 936 468 733 773 570 590 326 651 753 712 550 753 590 692
0 651 794 570 489 773 387 407 489 773 387 814 631 895 631 550 489 712 184 631 672 733 489 468 428 611 590 672 651 651 712 306 489 672 509 550 428 448 509 367 651 509 468 509 773 285 753 407 773 794 611 346 895 651 489 590 916 672 387 672 529 834 590 692 651 509 428 977 529 672 651 692 692 651 672 692 529 0 692 712 570 448 631 651 346 773 692 712 529 651 814 550 651 834 712 814 590 326 916 631 753
0 428 590 346 285 326 448 224 285 570 163 448 143 651 143 285 245 448 326 428 509 489 285 428 245 529 326 468 387 387 550 468 306 184 306 265 224 41 468 367 204 326 550 245 489 102 285 163 82 611 448 407 489 448 306 306 672 468 204 407 346 489 285 367 468 224 468 753 326 265 509 489 550 468 407 489 346 794 0 529 306 407 529 611 163 712 509 773 123 387 550 62 346 590 245 224 631 407 509 468 570
0 285 82 468 570 489 590 489 123 448 509 468 509 773 468 367 509 529 489 631 611 631 570 672 143 590 468 407 672 570 265 529 204 550 590 509 509 326 326 428 367 590 692 570 509 367 651 285 367 509 570 550 590 814 590 245 570 712 489 529 631 489 651 407 367 468 733 875 163 468 346 407 590 326 509 468 631 672 570 0 611 570 204 346 448 590 672 631 306 590 489 428 590 590 611 509 489 529 468 631 489
0 550 692 468 163 590 509 428 489 448 428 672 489 773 367 407 529 570 448 143 631 672 163 590 448 590 448 245 468 102 489 672 509 550 184 367 245 265 631 224 468 184 590 367 346 306 631 387 285 611 590 468 631 672 509 285 590 672 407 529 550 529 631 712 672 428 692 753 529 407 631 712 672 570 184 509 550 712 448 733 0 611 245 468 367 712 712 692 346 509 631 407 448 509 611 448 753 428 692 672 529
0 692 956 611 651 570 672 611 631 834 529 977 631 916 509 651 611 814 590 611 672 875 672 753 631 163 590 387 326 570 794 712 692 692 672 509 611 631 794 712 692 672 773 855 489 489 773 529 773 753 733 631 956 834 692 611 977 977 590 672 733 733 712 631 692 733 367 1017 529 834 550 672 794 712 326 773 733 712 814 895 712 0 570 814 550 855 895 997 712 895 794 550 590 834 753 753 672 611 956 855 814
0 550 753 468 387 346 611 672 387 672 651 733 631 733 265 163 509 326 570 529 468 631 407 692 509 509 407 529 509 489 570 936 570 692 407 631 346 509 590 448 224 407 692 590 631 611 692 285 733 712 550 550 407 692 509 62 794 753 733 489 773 509 550 631 692 692 631 875 428 367 550 631 448 509 509 611 611 631 672 733 489 387 0 550 489 814 489 916 590 529 773 550 712 611 672 814 672 529 550 428 285
0 672 570 590 346 733 529 509 489 448 570 611 550 855 387 590 631 753 468 489 794 753 346 611 509 448 672 590 590 448 672 733 590 590 326 590 285 428 651 407 611 326 611 550 367 367 692 407 672 163 306 489 895 712 428 651 590 733 489 753 631 692 692 773 733 468 651 895 529 672 712 550 245 692 529 550 631 875 611 489 611 285 590 0 448 265 794 855 509 692 794 468 672 468 651 733 773 468 814 753 753
0 550 672 468 590 509 550 529 143 509 285 468 367 692 387 367 367 529 448 611 550 611 590 631 82 489 367 489 550 570 611 733 143 428 509 326 529 102 326 570 387 529 651 570 529 387 509 285 428 448 509 509 550 631 489 448 631 814 509 448 306 509 468 346 306 550 692 814 184 326 367 346 529 529 489 407 184 753 346 590 631 753 489 489 0 570 468 875 184 448 611 285 407 509 489 550 509 509 712 590 428
0 428 448 326 82 611 285 346 265 204 367 590 448 590 143 346 367 509 204 245 570 489 82 367 509 428 468 346 387 184 428 733 448 509 102 346 21 184 407 163 509 123 367 306 123 387 611 163 448 570 590 245 733 468 428 387 326 692 489 550 631 611 550 570 631 489 448 753 306 407 489 468 590 529 285 285 509 631 387 651 367 265 346 550 448 0 631 590 265 428 550 367 428 448 570 611 570 204 631 529 550
0 529 326 570 550 651 570 468 367 672 387 712 672 956 590 428 468 590 367 468 550 611 550 651 387 41 651 570 794 651 509 570 448 672 529 672 489 509 570 570 529 550 651 712 590 346 306 387 611 367 509 509 814 733 41 468 794 814 448 733 590 733 570 387 611 550 245 977 326 712 448 570 448 570 509 306 550 855 712 245 590 489 428 224 407 468 0 814 550 753 550 590 651 672 672 753 590 489 570 712 712
0 509 814 428 367 387 428 448 468 611 428 794 448 936 326 468 509 631 224 346 651 692 367 509 468 631 611 204 143 306 611 346 529 509 387 326 448 448 529 407 509 387 509 550 306 326 590 346 489 590 651 367 794 651 529 489 733 712 428 692 570 550 590 448 509 550 468 834 489 611 367 489 651 529 143 712 570 41 631 753 204 468 448 631 387 672 733 0 529 672 611 367 407 651 570 570 489 346 773 672 631
0 407 611 326 448 387 509 550 346 550 224 672 204 529 224 448 306 611 387 448 407 468 448 590 346 753 204 448 367 407 590 773 428 265 468 387 529 367 529 509 265 468 611 550 367 428 346 143 590 712 346 468 550 509 631 367 692 773 529 285 570 550 346 428 570 529 550 631 387 163 570 611 753 509 387 651 448 672 509 550 570 611 550 753 285 712 733 834 0 285 672 123 468 651 306 407 712 509 570 794 692
0 387 773 306 428 529 672 489 529 529 326 773 306 916 407 428 407 590 468 184 143 672 428 753 550 529 672 285 570 123 407 692 611 367 448 123 509 529 712 387 407 448 692 529 387 407 448 326 387 814 753 631 672 672 570 326 672 773 509 692 387 489 509 529 692 529 651 367 570 631 651 773 712 326 224 773 651 753 489 794 489 590 285 672 468 611 550 712 611 0 407 448 204 590 428 509 448 590 570 692 550
0 550 570 468 387 367 448 468 407 672 590 733 631 733 265 184 509 346 570 326 428 631 407 529 468 509 407 428 509 489 570 834 550 692 407 529 346 489 570 448 245 407 550 590 529 326 163 285 651 712 550 407 407 712 509 62 814 753 448 489 590 529 550 245 692 590 346 875 428 367 550 631 448 509 367 611 590 631 672 733 489 387 21 570 407 712 489 611 570 529 0 570 529 631 123 794 672 529 550 428 306
0 387 590 285 428 265 407 468 224 509 102 570 82 855 102 346 204 509 265 611 529 448 428 489 550 651 672 428 346 550 489 692 611 143 448 529 489 468 428 489 143 448 489 611 529 407 245 123 509 672 651 367 448 387 550 245 651 692 509 590 651 428 245 306 611 448 428 712 265 651 468 550 631 428 346 651 529 753 428 692 468 489 509 672 489 672 672 712 550 712 712 0 611 550 204 285 590 387 468 712 692
0 712 672 631 570 733 590 509 509 875 570 855 550 1058 570 773 651 936 387 692 509 916 570 672 733 509 855 753 794 631 794 875 733 611 590 834 509 611 712 651 611 611 509 794 570 753 672 570 895 977 814 550 895 855 387 712 997 875 794 936 997 509 692 753 773 631 651 1038 550 855 733 875 834 733 712 773 895 936 814 611 794 733 773 855 814 977 1058 916 692 916 916 468 0 611 651 753 875 529 367 834 1017
0 448 550 367 346 387 509 428 21 387 367 367 326 773 346 367 407 529 407 326 550 448 346 570 428 489 529 387 590 285 509 672 509 387 367 468 428 245 224 407 265 367 590 448 489 285 489 204 285 489 631 448 570 651 509 346 529 672 407 611 550 387 489 346 407 428 651 753 62 468 265 387 570 448 367 326 550 834 204 489 184 611 387 509 367 529 631 814 326 590 733 265 550 0 448 428 387 428 712 672 529
0 590 468 529 387 611 346 346 428 692 468 753 651 651 651 143 570 306 529 712 326 692 387 428 367 651 509 529 672 672 590 712 428 692 407 590 346 367 448 468 590 407 428 611 631 224 41 468 529 672 651 285 672 712 428 468 814 631 326 590 468 773 651 123 590 468 245 936 448 570 448 570 651 509 672 611 468 570 611 651 590 773 428 529 285 590 631 550 448 733 753 570 407 733 0 672 550 529 509 590 489
0 590 814 509 570 712 692 753 753 733 326 794 306 814 631 570 428 733 489 570 753 672 570 773 773 916 489 651 570 509 773 916 834 367 590 753 672 672 814 651 590 611 753 794 753 631 468 346 712 631 611 651 712 672 834 468 875 916 733 570 855 875 529 529 956 651 651 916 794 814 794 916 712 712 590 916 814 753 651 814 428 1017 651 794 692 895 895 956 753 916 1017 529 834 936 428 0 936 611 692 936 916
0 590 611 509 265 570 326 407 428 367 407 773 387 773 306 265 489 245 387 407 489 672 265 407 448 590 590 468 550 367 489 712 387 428 285 265 204 346 448 82 448 285 428 224 285 306 428 326 529 611 733 285 733 631 489 550 509 773 407 672 489 509 529 509 672 529 611 712 468 590 529 570 651 468 448 468 550 672 550 692 285 448 509 468 367 184 570 651 428 346 550 306 346 611 387 570 0 265 692 570 712
0 651 509 570 224 611 82 143 550 509 468 855 550 672 468 428 550 590 550 326 367 448 224 163 590 712 346 367 529 529 407 529 590 570 245 468 163 285 204 285 489 245 163 428 468 509 509 387 590 489 489 41 794 468 224 326 651 529 509 428 631 692 651 448 428 285 692 916 448 509 550 672 387 346 367 428 570 428 509 448 489 550 428 346 570 590 733 407 367 570 570 468 550 529 631 733 672 0 611 326 631
0 468 509 387 224 367 224 143 326 509 204 651 184 814 204 428 285 590 41 468 509 550 204 306 529 753 489 407 448 570 550 529 590 245 245 468 163 306 346 285 245 245 326 428 509 387 326 204 590 631 448 184 529 489 224 346 631 509 448 570 631 529 326 407 428 265 285 794 367 550 489 611 550 489 448 407 631 570 509 448 489 590 468 489 448 631 773 550 387 550 570 102 550 570 306 387 631 163 0 468 672
0 468 712 428 407 428 489 346 346 611 428 692 407 834 224 509 448 672 306 326 41 590 407 570 611 428 712 102 468 285 326 712 550 468 428 204 346 509 550 468 306 428 590 611 204 509 550 245 489 387 529 448 611 773 428 387 753 611 611 611 753 590 611 631 611 468 550 834 387 692 570 712 489 265 367 611 692 651 631 631 672 509 346 753 550 773 814 814 590 753 489 590 306 550 509 611 672 428 529 0 631
0 611 529 529 529 529 570 468 326 692 468 672 550 448 346 468 550 631 529 590 692 712 529 672 224 672 123 367 285 550 712 651 285 611 489 468 468 285 529 285 570 489 733 428 468 346 712 367 611 590 265 611 570 529 550 611 834 692 448 204 489 672 651 489 448 448 773 916 367 82 509 489 224 692 306 550 367 346 529 468 489 733 570 631 204 712 651 956 367 570 753 468 550 448 672 733 651 570 794 712 0
SETUP_COST
0.0 7740.0 11000.0 6120.0 4900.0 10180.0 2460.0 3680.0 9360.0 8560.0 2460.0 16280.0 2040.0 13020.0 6920.0 6120.0 4080.0 6120.0 5700.0 2460.0 10580.0 8960.0 4900.0 4080.0 6120.0 12620.0 6520.0 4480.0 7340.0 8140.0 8960.0 11000.0 7340.0 2860.0 5700.0 6120.0 3680.0 6120.0 4480.0 2460.0 7740.0 5700.0 4080.0 5300.0 6520.0 6920.0 4900.0 2460.0 10180.0 10580.0 9360.0 1240.0 10180.0 9360.0 5300.0 5300.0 11000.0 11400.0 8960.0 8140.0 11000.0 10180.0 6120.0 6520.0 8960.0 6120.0 8560.0 14240.0 9360.0 5700.0 11400.0 11000.0 8560.0 7740.0 3260.0 8960.0 11400.0 9360.0 8960.0 9780.0 6520.0 9780.0 4480.0 7740.0 8140.0 4480.0 12220.0 8560.0 7740.0 8140.0 11800.0 6520.0 7740.0 11400.0 4080.0 4480.0 1240.0 6120.0 9360.0 12620.0 4480.0
0.0 0.0 7740.0 8960.0 6120.0 11000.0 11000.0 5700.0 8960.0 3260.0 5300.0 10180.0 4900.0 11000.0 8960.0 7340.0 6920.0 10580.0 8560.0 11000.0 11400.0 11800.0 7340.0 12620.0 6520.0 13840.0 10180.0 8560.0 10180.0 9780.0 3680.0 13440.0 7740.0 5700.0 6520.0 11000.0 6120.0 7340.0 12620.0 7740.0 8560.0 6520.0 10180.0 9360.0 8560.0 8560.0 7740.0 5300.0 8560.0 13840.0 10580.0 10180.0 11800.0 12220.0 7340.0 4900.0 5700.0 13440.0 10580.0 9780.0 13440.0 12220.0 8960.0 9360.0 9780.0 8140.0 11400.0 17100.0 9360.0 9360.0 10180.0 11800.0 12620.0 2460.0 8960.0 11400.0 13440.0 15880.0 6920.0 11800.0 10180.0 11400.0 4080.0 14660.0 9780.0 6120.0 13440.0 15060.0 8960.0 13020.0 8560.0 7340.0 12620.0 13020.0 6920.0 8560.0 10180.0 9780.0 8140.0 12620.0 9780.0
0.0 12220.0 0.0 11000.0 10180.0 12220.0 11000.0 8560.0 8960.0 8560.0 9360.0 13440.0 8560.0 15460.0 8960.0 7340.0 11000.0 10580.0 10580.0 11400.0 11000.0 12220.0 10180.0 12620.0 1640.0 15060.0 8960.0 6520.0 12220.0 10180.0 11400.0 8960.0 2860.0 9780.0 10180.0 8960.0 8960.0 9360.0 12620.0 6920.0 9780.0 10180.0 12620.0 9780.0 8560.0 6120.0 11800.0 7740.0 6120.0 8960.0 10180.0 10180.0 11000.0 14660.0 10580.0 10580.0 11400.0 13840.0 8140.0 8960.0 11000.0 15460.0 11800.0 6520.0 6120.0 8560.0 14660.0 17500.0 8560.0 8140.0 13440.0 6520.0 10580.0 13020.0 9360.0 8140.0 11000.0 11800.0 14240.0 6520.0 11000.0 15060.0 9780.0 9360.0 7740.0 11400.0 14240.0 11400.0 4900.0 10180.0 14660.0 7340.0 10580.0 15060.0 11000.0 8960.0 14240.0 12620.0 14240.0 11800.0 8140.0
0.0 2040.0 9780.0 0.0 2860.0 9780.0 9780.0 7340.0 8960.0 4900.0 6520.0 11800.0 6120.0 12620.0 6520.0 7740.0 8140.0 11000.0 9780.0 11000.0 12220.0 13020.0 2860.0 11400.0 8140.0 12620.0 10180.0 10180.0 8960.0 9780.0 5700.0 13440.0 9360.0 7340.0 3260.0 7740.0 4480.0 4900.0 12220.0 4080.0 7340.0 3260.0 11400.0 6920.0 10180.0 5700.0 8960.0 6520.0 5700.0 14660.0 12620.0 8960.0 13020.0 12220.0 8960.0 6920.0 7340.0 13440.0 8140.0 11400.0 8960.0 13020.0 8960.0 10580.0 11400.0 8560.0 13020.0 8560.0 9780.0 9360.0 11800.0 13440.0 12620.0 4080.0 9360.0 9780.0 11000.0 11000.0 4080.0 13440.0 8140.0 12220.0 5700.0 15060.0 7340.0 8140.0 12220.0 16280.0 6520.0 9780.0 10180.0 4480.0 9780.0 9780.0 8560.0 8560.0 10180.0 8140.0 9780.0 13440.0 8560.0
0.0 13440.0 10580.0 11800.0 0.0 11400.0 6920.0 8560.0 6920.0 6120.0 8140.0 13440.0 7740.0 13840.0 7740.0 5300.0 9780.0 8560.0 11400.0 8140.0 9780.0 10580.0 3260.0 8560.0 8960.0 11800.0 10580.0 9360.0 9360.0 7340.0 6920.0 14240.0 7740.0 8560.0 820.0 5300.0 2040.0 5300.0 9360.0 1640.0 8960.0 820.0 8960.0 4480.0 11400.0 6120.0 10580.0 8140.0 7740.0 13440.0 13440.0 6120.0 14660.0 10580.0 10180.0 10580.0 8560.0 15460.0 8140.0 12220.0 11000.0 14240.0 10580.0 12220.0 12620.0 10180.0 14240.0 14240.0 7740.0 9780.0 10580.0 11400.0 11800.0 9360.0 8960.0 7340.0 11000.0 14240.0 6120.0 14240.0 5700.0 14240.0 9360.0 12220.0 7340.0 11400.0 11400.0 13440.0 6520.0 6920.0 9360.0 6120.0 6920.0 7340.0 9780.0 10580.0 13020.0 5700.0 11000.0 11800.0 12620.0
0.0 13840.0 13840.0 12220.0 8140.0 0.0 11800.0 6520.0 6120.0 13440.0 10180.0 12620.0 12220.0 19120.0 8140.0 8140.0 11800.0 11400.0 8960.0 6920.0 12220.0 14660.0 7740.0 13440.0 10580.0 9780.0 12620.0 8960.0 13020.0 5700.0 4480.0 14240.0 12220.0 13440.0 8560.0 11000.0 6920.0 9780.0 9780.0 9360.0 9360.0 8560.0 11000.0 12220.0 11000.0 11400.0 11400.0 8560.0 11000.0 15060.0 11400.0 11000.0 12620.0 10180.0 8140.0 5700.0 15880.0 14240.0 13440.0 10180.0 12620.0 3260.0 13440.0 11400.0 10580.0 8960.0 13840.0 19120.0 6920.0 11800.0 10580.0 13020.0 13440.0 3260.0 7740.0 11800.0 16280.0 17500.0 9780.0 12620.0 7340.0 12620.0 4900.0 15880.0 12620.0 16280.0 14240.0 17900.0 11400.0 14660.0 9360.0 10580.0 13020.0 5700.0 11400.0 14240.0 13440.0 10580.0 8560.0 13440.0 10580.0
0.0 13020.0 16280.0 12220.0 8560.0 10580.0 0.0 8560.0 10580.0 14240.0 12220.0 17100.0 11800.0 19540.0 8140.0 7340.0 12220.0 10180.0 9780.0 10180.0 11800.0 15460.0 8560.0 13020.0 11800.0 13840.0 13440.0 5700.0 13020.0 9360.0 6920.0 16280.0 13020.0 13020.0 8960.0 7740.0 8960.0 10180.0 2460.0 9780.0 8140.0 8960.0 13020.0 12620.0 7740.0 8960.0 12620.0 8560.0 13440.0 17900.0 13840.0 10580.0 14240.0 7740.0 10580.0 4900.0 16680.0 16280.0 11000.0 12620.0 13840.0 13840.0 15880.0 7740.0 6920.0 11400.0 14660.0 20340.0 11400.0 12220.0 15060.0 16280.0 6520.0 5300.0 10580.0 13020.0 13840.0 16280.0 14240.0 14660.0 13840.0 14660.0 7340.0 14660.0 10180.0 17100.0 13440.0 17100.0 11800.0 14240.0 11400.0 12620.0 9780.0 11000.0 13840.0 15880.0 17100.0 10180.0 11000.0 15460.0 11000.0
0.0 11800.0 7740.0 10580.0 1640.0 12620.0 5700.0 0.0 8560.0 7340.0 6920.0 15060.0 8960.0 15460.0 9360.0 6520.0 8960.0 9780.0 8560.0 9780.0 10580.0 11800.0 1640.0 7340.0 8960.0 13020.0 8960.0 9360.0 7740.0 8560.0 8140.0 7740.0 8960.0 10180.0 2040.0 6520.0 420.0 3680.0 7740.0 2860.0 10180.0 2040.0 7340.0 5700.0 11400.0 7340.0 7340.0 7340.0 8960.0 12620.0 11800.0 4480.0 15880.0 9360.0 2040.0 9780.0 10180.0 7740.0 9780.0 10580.0 12220.0 15460.0 11000.0 6520.0 5700.0 2860.0 11400.0 15460.0 6120.0 8140.0 8140.0 10580.0 11800.0 10580.0 8140.0 5700.0 9780.0 12620.0 7340.0 6120.0 6920.0 14660.0 8560.0 9780.0 8960.0 9780.0 12620.0 11800.0 5300.0 8560.0 8560.0 7340.0 8560.0 8560.0 11000.0 11800.0 10580.0 4080.0 12220.0 10580.0 11000.0
0.0 8560.0 10580.0 6920.0 9780.0 7340.0 9780.0 11000.0 0.0 7340.0 11800.0 6920.0 11400.0 15060.0 9780.0 6920.0 7740.0 10180.0 11000.0 11000.0 10580.0 10180.0 9780.0 11000.0 11800.0 9360.0 12620.0 7340.0 14660.0 9780.0 9780.0 18320.0 13440.0 8960.0 10180.0 9360.0 11000.0 10180.0 4080.0 8960.0 4900.0 10180.0 11400.0 11400.0 9360.0 12620.0 14240.0 3680.0 12220.0 9360.0 12220.0 8560.0 11000.0 14240.0 12620.0 6520.0 10180.0 18720.0 14660.0 14240.0 13840.0 7340.0 14240.0 6520.0 7740.0 13440.0 13440.0 15060.0 820.0 11400.0 4900.0 7340.0 11000.0 8560.0 10580.0 15880.0 12620.0 16680.0 11000.0 9360.0 12620.0 15460.0 10180.0 9780.0 13440.0 11000.0 12220.0 15880.0 11800.0 14240.0 14240.0 11400.0 11000.0 9360.0 13440.0 8560.0 7340.0 8140.0 13840.0 14240.0 10180.0
0.0 15460.0 4900.0 13840.0 3260.0 10580.0 10180.0 11400.0 10180.0 0.0 11000.0 16680.0 10580.0 8140.0 11000.0 8140.0 4480.0 11400.0 14240.0 11400.0 12620.0 13440.0 6120.0 11800.0 6120.0 14660.0 6920.0 11400.0 10580.0 10180.0 9780.0 13840.0 7340.0 11800.0 3680.0 8140.0 4900.0 8140.0 12620.0 4480.0 8140.0 3680.0 11800.0 7340.0 13020.0 8960.0 8960.0 10180.0 10580.0 13440.0 9780.0 9360.0 13020.0 12220.0 13020.0 6920.0 2860.0 18320.0 11000.0 8560.0 13840.0 11800.0 9360.0 9780.0 10580.0 13020.0 12620.0 17100.0 10580.0 6120.0 13840.0 11400.0 14660.0 12620.0 10580.0 10180.0 11400.0 12620.0 8960.0 11400.0 8560.0 15880.0 12620.0 14240.0 8560.0 10580.0 14240.0 12220.0 9780.0 10180.0 12620.0 8960.0 9780.0 10180.0 8140.0 13440.0 7340.0 8560.0 13840.0 15060.0 13020.0
0.0 5700.0 9780.0 3680.0 6520.0 8140.0 7340.0 8560.0 8560.0 8560.0 0.0 15460.0 5700.0 16280.0 6120.0 6520.0 2040.0 9780.0 3260.0 10180.0 11400.0 6920.0 6520.0 8960.0 11000.0 13440.0 11400.0 11000.0 11000.0 8960.0 9360.0 15880.0 12220.0 6920.0 6920.0 11400.0 8140.0 7340.0 9780.0 7740.0 5700.0 6920.0 8960.0 10580.0 13020.0 8140.0 8960.0 420.0 8140.0 15460.0 11800.0 6520.0 11400.0 6920.0 10180.0 4480.0 11000.0 13020.0 10580.0 11000.0 11000.0 11400.0 4080.0 7340.0 14240.0 10580.0 8140.0 12220.0 9360.0 11800.0 12220.0 13440.0 12220.0 7740.0 9780.0 12220.0 9780.0 14240.0 6520.0 13840.0 7340.0 13840.0 9360.0 12620.0 9780.0 11400.0 13020.0 13440.0 8960.0 13440.0 13840.0 4080.0 13020.0 13440.0 8140.0 9780.0 13440.0 6120.0 13440.0 12220.0 12220.0
0.0 10580.0 9780.0 8960.0 6520.0 10180.0 10580.0 5300.0 8140.0 12220.0 8560.0 0.0 9360.0 17900.0 7740.0 6520.0 10580.0 9780.0 7740.0 9780.0 10580.0 13020.0 6520.0 12220.0 9360.0 13020.0 11400.0 5300.0 12620.0 8960.0 3260.0 12620.0 10580.0 10580.0 6920.0 7740.0 5300.0 8560.0 5700.0 8140.0 7740.0 6920.0 9360.0 11000.0 7340.0 10180.0 11000.0 8140.0 10180.0 9780.0 10180.0 9360.0 11400.0 11000.0 6920.0 4480.0 15060.0 12620.0 12620.0 8960.0 15060.0 8960.0 7740.0 6520.0 8140.0 7740.0 12620.0 17100.0 8960.0 10580.0 4900.0 7340.0 11400.0 1640.0 4080.0 10580.0 15060.0 15880.0 12620.0 11000.0 11800.0 10180.0 3680.0 10180.0 11800.0 11000.0 12620.0 16680.0 10180.0 12220.0 7740.0 8140.0 9360.0 11400.0 10180.0 6520.0 7740.0 8960.0 7340.0 11800.0 8960.0
0.0 6120.0 10180.0 4480.0 6920.0 8560.0 7740.0 8960.0 9360.0 8560.0 820.0 15880.0 0.0 15460.0 6520.0 5300.0 2460.0 8560.0 4080.0 10580.0 8960.0 7340.0 6920.0 9360.0 9360.0 12620.0 11800.0 6920.0 5700.0 9360.0 9780.0 12220.0 11000.0 1240.0 7340.0 9360.0 8560.0 7740.0 10180.0 8140.0 6120.0 7340.0 9360.0 11000.0 8960.0 6520.0 3260.0 820.0 8560.0 14660.0 12220.0 6920.0 11800.0 7740.0 11000.0 3680.0 11400.0 12220.0 8960.0 11400.0 11400.0 11800.0 4480.0 4900.0 13020.0 7340.0 6920.0 12620.0 9780.0 12220.0 10180.0 12620.0 11400.0 8140.0 5700.0 12620.0 10180.0 13840.0 6920.0 14240.0 7740.0 14240.0 9780.0 13020.0 8140.0 12220.0 11800.0 13440.0 9360.0 13020.0 14240.0 4900.0 10580.0 13840.0 2460.0 4080.0 12620.0 6520.0 7740.0 12620.0 12220.0
0.0 8560.0 13020.0 6920.0 9780.0 11000.0 10580.0 11800.0 11800.0 9780.0 3260.0 18720.0 3680.0 0.0 9360.0 8960.0 5300.0 12220.0 6520.0 8960.0 8140.0 10180.0 9780.0 12220.0 13020.0 11800.0 14660.0 10580.0 9360.0 7740.0 12220.0 13440.0 14240.0 4900.0 10180.0 7740.0 11400.0 9780.0 13020.0 11000.0 8560.0 10180.0 7340.0 13840.0 12620.0 10180.0 6920.0 3680.0 11400.0 15880.0 15060.0 9780.0 14660.0 10180.0 9360.0 6920.0 12620.0 15880.0 12220.0 14240.0 11800.0 14240.0 7340.0 8140.0 16680.0 11000.0 10580.0 12620.0 12620.0 14240.0 13440.0 16280.0 14660.0 11000.0 9360.0 15460.0 13020.0 7340.0 9780.0 13440.0 10580.0 15060.0 10580.0 13020.0 11800.0 14660.0 11400.0 16680.0 11400.0 5300.0 13020.0 7340.0 9360.0 16680.0 6120.0 7740.0 14240.0 8960.0 11400.0 15460.0 15060.0
0.0 6120.0 10180.0 4080.0 6920.0 9780.0 12220.0 11000.0 2860.0 8960.0 8960.0 9360.0 8560.0 16680.0 0.0 9360.0 4900.0 12620.0 10180.0 11000.0 13020.0 7340.0 6920.0 13840.0 11400.0 11000.0 11800.0 6520.0 4900.0 10180.0 9780.0 13840.0 12620.0 9780.0 7340.0 8560.0 8560.0 8560.0 6520.0 8140.0 7740.0 7340.0 9780.0 11000.0 8560.0 9780.0 11400.0 820.0 9780.0 11800.0 14660.0 11400.0 13440.0 15460.0 13020.0 7340.0 11400.0 17500.0 12220.0 13440.0 11400.0 9780.0 12620.0 8960.0 10580.0 12220.0 13020.0 12620.0 3680.0 13440.0 7340.0 9780.0 13840.0 8140.0 5300.0 13840.0 10180.0 14660.0 8140.0 11800.0 10180.0 8140.0 9780.0 12620.0 10580.0 11800.0 14660.0 18320.0 10180.0 13840.0 14240.0 8560.0 10580.0 12220.0 10580.0 11000.0 10180.0 10580.0 13840.0 17100.0 12220.0
0.0 15060.0 16680.0 14240.0 9780.0 9360.0 14240.0 12620.0 8560.0 12220.0 13020.0 13440.0 12620.0 19940.0 10180.0 0.0 15060.0 3260.0 11800.0 12220.0 18720.0 17500.0 9780.0 15880.0 9780.0 16680.0 15460.0 7740.0 15060.0 11400.0 13840.0 19940.0 11000.0 13840.0 10580.0 10180.0 11800.0 9780.0 12220.0 11400.0 11800.0 10580.0 15880.0 14240.0 9780.0 14660.0 15460.0 10580.0 15460.0 11000.0 13020.0 13020.0 10580.0 13840.0 14240.0 13440.0 14660.0 19940.0 16680.0 17100.0 13840.0 12620.0 11000.0 14660.0 14240.0 15060.0 16680.0 21160.0 7740.0 14660.0 13020.0 14660.0 12620.0 12620.0 13020.0 16280.0 11800.0 18720.0 14660.0 17100.0 15460.0 13440.0 12220.0 7740.0 8140.0 13020.0 17100.0 20340.0 11400.0 16680.0 12220.0 11000.0 11800.0 15060.0 14660.0 16680.0 15460.0 14240.0 17900.0 19940.0 16280.0
0.0 16280.0 13440.0 14660.0 8560.0 6120.0 9780.0 11000.0 11800.0 14240.0 12620.0 17500.0 15060.0 17900.0 12620.0 4900.0 0.0 8140.0 12620.0 8140.0 9780.0 15880.0 8560.0 11400.0 14240.0 11400.0 14240.0 10180.0 14660.0 7340.0 10580.0 18720.0 15460.0 14240.0 8960.0 12620.0 10180.0 10580.0 12220.0 9780.0 3680.0 8960.0 11800.0 12620.0 12220.0 11400.0 15460.0 12620.0 11400.0 13840.0 16680.0 8960.0 9780.0 16280.0 11400.0 2460.0 17100.0 18720.0 13020.0 15880.0 16280.0 9360.0 14660.0 5700.0 16280.0 13840.0 13840.0 19120.0 12220.0 13440.0 16680.0 11800.0 10180.0 8960.0 8960.0 13840.0 11400.0 16680.0 14240.0 12220.0 5700.0 17900.0 10180.0 12620.0 12620.0 17500.0 11000.0 16280.0 12220.0 11800.0 15060.0 13440.0 14240.0 11400.0 15060.0 14240.0 19120.0 14240.0 12220.0 18720.0 13020.0
0.0 11800.0 15060.0 11000.0 10580.0 6920.0 12220.0 9360.0 5300.0 12620.0 11000.0 11800.0 10580.0 19120.0 6920.0 11800.0 11800.0 0.0 8560.0 8960.0 15460.0 14240.0 10580.0 13840.0 14240.0 13440.0 15060.0 4480.0 11800.0 8140.0 11000.0 16680.0 15460.0 11800.0 11000.0 6920.0 9360.0 9360.0 8960.0 12220.0 8560.0 11000.0 14240.0 15060.0 6520.0 11400.0 13440.0 7340.0 12220.0 7740.0 9780.0 11400.0 14660.0 16680.0 11000.0 11400.0 15060.0 16680.0 13440.0 16680.0 16280.0 10180.0 14660.0 11400.0 13020.0 11800.0 13440.0 19120.0 6120.0 14240.0 9780.0 12220.0 9360.0 9780.0 9780.0 14660.0 16280.0 15460.0 14240.0 13840.0 13840.0 10180.0 11000.0 4480.0 13020.0 9780.0 17100.0 18720.0 11000.0 16680.0 12620.0 13440.0 8560.0 12220.0 13020.0 13440.0 12620.0 11000.0 15460.0 17100.0 15060.0
0.0 15460.0 13020.0 13840.0 6920.0 14660.0 4080.0 5300.0 11400.0 12620.0 10580.0 17900.0 12220.0 15880.0 12220.0 11000.0 12620.0 14240.0 0.0 8960.0 9780.0 11400.0 6920.0 5700.0 10180.0 15880.0 9360.0 9780.0 13020.0 13020.0 11000.0 13020.0 11400.0 13440.0 7340.0 11400.0 5700.0 6920.0 6520.0 8140.0 12220.0 7340.0 5700.0 11000.0 11800.0 7340.0 12620.0 10180.0 13440.0 12220.0 8560.0 3260.0 16680.0 11800.0 7340.0 8960.0 15460.0 9780.0 8140.0 11000.0 12220.0 16680.0 14240.0 11000.0 11000.0 8140.0 5300.0 20760.0 11400.0 11800.0 9360.0 11800.0 10180.0 9360.0 9780.0 11000.0 12220.0 11000.0 11800.0 11400.0 12220.0 12620.0 8960.0 9360.0 8560.0 14660.0 15460.0 10580.0 8560.0 13840.0 13840.0 11000.0 13020.0 13020.0 14660.0 16280.0 12220.0 2860.0 15060.0 8960.0 14660.0
0.0 8140.0 14240.0 6520.0 8140.0 8960.0 10180.0 6920.0 7340.0 11000.0 7340.0 13840.0 6920.0 16680.0 4480.0 5300.0 9360.0 8560.0 6120.0 0.0 11400.0 11800.0 8140.0 11800.0 11800.0 12220.0 10180.0 2460.0 9360.0 5700.0 10180.0 10580.0 10580.0 8140.0 8560.0 4480.0 6920.0 10180.0 11000.0 4480.0 6520.0 8960.0 11800.0 7340.0 4480.0 8960.0 10180.0 4900.0 10180.0 14240.0 12620.0 8960.0 10180.0 13020.0 8560.0 3260.0 13840.0 14660.0 11000.0 11800.0 13840.0 7740.0 10180.0 11400.0 12220.0 9360.0 11000.0 14660.0 7740.0 8960.0 9780.0 12220.0 11000.0 8560.0 820.0 12220.0 13840.0 13440.0 10580.0 13020.0 8560.0 9780.0 2040.0 13020.0 10180.0 14240.0 11800.0 16280.0 11800.0 9780.0 10180.0 5300.0 6120.0 9780.0 9360.0 9360.0 12620.0 8560.0 13020.0 10580.0 7740.0
0.0 16680.0 15060.0 14660.0 8960.0 7740.0 13020.0 7740.0 10580.0 15060.0 11400.0 17500.0 13440.0 19940.0 11000.0 9360.0 13020.0 12620.0 10180.0 14660.0 0.0 17900.0 8960.0 14660.0 11800.0 8140.0 13440.0 10580.0 15460.0 13440.0 5700.0 15060.0 13020.0 14240.0 9360.0 12620.0 7740.0 11000.0 14660.0 10580.0 5300.0 9780.0 12220.0 13440.0 12620.0 13020.0 13440.0 11400.0 12620.0 15460.0 12620.0 12220.0 11400.0 16680.0 9360.0 6920.0 17500.0 15460.0 15060.0 11400.0 17900.0 11000.0 13440.0 12220.0 11800.0 10180.0 12220.0 21160.0 11400.0 13020.0 15060.0 13440.0 14660.0 4480.0 11000.0 13020.0 13020.0 18320.0 15060.0 13840.0 14660.0 9360.0 6120.0 16280.0 14240.0 17500.0 15460.0 19120.0 12620.0 15880.0 10180.0 11800.0 14240.0 13440.0 12620.0 15460.0 17900.0 11400.0 9780.0 14660.0 11800.0
0.0 10180.0 12620.0 8140.0 10580.0 8140.0 9780.0 9780.0 6120.0 12620.0 4900.0 8960.0 4080.0 11000.0 4480.0 9360.0 6520.0 12620.0 8140.0 14240.0 13020.0 0.0 11000.0 11400.0 4900.0 7740.0 4480.0 9780.0 9360.0 13440.0 12220.0 15880.0 6120.0 2860.0 10580.0 9780.0 9780.0 5300.0 9780.0 11800.0 5700.0 11000.0 11400.0 14660.0 11800.0 6920.0 7340.0 4900.0 11400.0 10580.0 7340.0 8960.0 11400.0 10580.0 7740.0 7340.0 10180.0 15880.0 9360.0 6120.0 4080.0 11400.0 7340.0 8960.0 9360.0 11000.0 5700.0 16680.0 6920.0 9780.0 10180.0 8560.0 10580.0 10580.0 8560.0 11400.0 2860.0 13840.0 10180.0 11400.0 11800.0 12220.0 9780.0 11000.0 3260.0 11400.0 7340.0 16280.0 6920.0 12220.0 15460.0 2860.0 11400.0 9360.0 6520.0 8140.0 12620.0 8560.0 9360.0 14660.0 11400.0
0.0 11000.0 11000.0 9360.0 420.0 11000.0 7340.0 8560.0 6920.0 6120.0 5700.0 13840.0 7340.0 13840.0 7740.0 5300.0 7340.0 8560.0 8960.0 8140.0 9780.0 10580.0 0.0 8960.0 8960.0 11800.0 7740.0 7740.0 6520.0 7340.0 6920.0 13020.0 7740.0 8560.0 820.0 5300.0 2040.0 2040.0 9360.0 1640.0 8560.0 820.0 8960.0 4480.0 9780.0 6120.0 10580.0 5700.0 7740.0 13840.0 10580.0 6120.0 14660.0 11000.0 10180.0 9780.0 8560.0 15460.0 8140.0 9360.0 11000.0 14240.0 9360.0 12220.0 12620.0 10180.0 13440.0 14240.0 7740.0 6920.0 10580.0 11400.0 11800.0 9360.0 6520.0 7340.0 8560.0 14240.0 6120.0 14240.0 5700.0 14240.0 9360.0 12620.0 7340.0 11400.0 11400.0 13440.0 3680.0 6920.0 9360.0 6120.0 6920.0 7340.0 9780.0 10580.0 13020.0 5700.0 11000.0 12220.0 12620.0
0.0 14660.0 13020.0 13020.0 2460.0 13440.0 9360.0 10580.0 8960.0 8140.0 10180.0 15880.0 9780.0 15880.0 9780.0 7340.0 11800.0 9780.0 13020.0 10180.0 11800.0 12620.0 5300.0 0.0 11000.0 12620.0 12620.0 11400.0 11400.0 9360.0 8960.0 16680.0 9780.0 11000.0 2860.0 7340.0 4080.0 7340.0 11400.0 3680.0 11000.0 2860.0 11000.0 6520.0 11000.0 8140.0 12620.0 10180.0 9780.0 6920.0 9780.0 8140.0 16680.0 13020.0 12220.0 12620.0 10580.0 17500.0 10180.0 14240.0 13020.0 16280.0 12620.0 14240.0 14660.0 12220.0 16680.0 16280.0 9780.0 11800.0 12620.0 11000.0 8560.0 11400.0 11000.0 9360.0 13020.0 16280.0 8140.0 13440.0 7740.0 9360.0 11400.0 3680.0 9360.0 8960.0 13440.0 15460.0 8960.0 8960.0 11400.0 8140.0 8960.0 9360.0 11800.0 12620.0 15060.0 7740.0 13020.0 14240.0 14660.0
0.0 14660.0 14240.0 13020.0 10580.0 13840.0 9780.0 11000.0 13440.0 13840.0 12220.0 14660.0 13440.0 15460.0 11800.0 6120.0 13440.0 9360.0 9780.0 12620.0 9360.0 15880.0 10580.0 11400.0 0.0 16680.0 9360.0 9780.0 12620.0 11400.0 15060.0 16280.0 1640.0 14660.0 8960.0 11800.0 10180.0 12620.0 11400.0 12220.0 11400.0 8960.0 11400.0 15060.0 11800.0 10580.0 15460.0 9360.0 13840.0 7740.0 8960.0 8960.0 9360.0 14240.0 12620.0 9360.0 16680.0 17100.0 12620.0 7740.0 15460.0 17100.0 11800.0 5300.0 4900.0 12220.0 13440.0 18720.0 7340.0 8140.0 17100.0 5300.0 9360.0 13840.0 8140.0 6920.0 14240.0 13840.0 14240.0 13020.0 16280.0 13440.0 8140.0 8140.0 10580.0 10180.0 17900.0 15880.0 13840.0 17500.0 17500.0 12220.0 13440.0 13840.0 14660.0 16280.0 12620.0 12620.0 13020.0 10580.0 6920.0
0.0 12620.0 16280.0 16680.0 10580.0 15060.0 14240.0 8960.0 10580.0 15880.0 13020.0 17100.0 14240.0 18720.0 13020.0 11000.0 15060.0 14240.0 16280.0 13840.0 10580.0 19940.0 10580.0 15880.0 9360.0 0.0 12620.0 15880.0 15880.0 13020.0 15880.0 16680.0 10580.0 15460.0 11000.0 14240.0 9360.0 9780.0 14240.0 11800.0 12620.0 11000.0 16280.0 14660.0 16680.0 6520.0 15880.0 13440.0 15880.0 13440.0 15060.0 13440.0 15880.0 17900.0 10580.0 8960.0 18320.0 16280.0 8560.0 14240.0 11400.0 17500.0 17100.0 10180.0 11800.0 11800.0 4480.0 21160.0 11400.0 14240.0 8560.0 11000.0 15060.0 14660.0 14660.0 12220.0 11400.0 20340.0 14660.0 15060.0 11400.0 15460.0 8140.0 13840.0 7740.0 14660.0 14660.0 20760.0 11400.0 14660.0 17500.0 12620.0 12620.0 17500.0 15060.0 17900.0 11400.0 13020.0 17900.0 13840.0 13840.0
0.0 10180.0 8140.0 8560.0 8560.0 15460.0 9360.0 6920.0 8560.0 12620.0 9780.0 15060.0 10180.0 6520.0 11000.0 11000.0 11800.0 14240.0 11400.0 13840.0 12620.0 16680.0 8560.0 11000.0 7340.0 13020.0 0.0 13440.0 14660.0 13020.0 11800.0 11400.0 8560.0 11400.0 7340.0 12220.0 7340.0 7740.0 11400.0 9780.0 13020.0 7340.0 13440.0 10180.0 15060.0 4480.0 13440.0 9780.0 13840.0 14660.0 2860.0 10580.0 16680.0 8140.0 8560.0 11800.0 15460.0 11800.0 6520.0 2040.0 9360.0 15880.0 13840.0 12620.0 11800.0 6520.0 13440.0 16680.0 9360.0 11000.0 13020.0 12620.0 15460.0 12220.0 11800.0 8960.0 9360.0 9360.0 12220.0 6920.0 11400.0 18320.0 11000.0 13840.0 5700.0 13020.0 12620.0 17100.0 7740.0 11800.0 15460.0 10180.0 11800.0 15460.0 12620.0 14240.0 14660.0 10180.0 16280.0 11800.0 14240.0
0.0 7340.0 12220.0 6520.0 6120.0 12220.0 8140.0 4900.0 5300.0 10580.0 6520.0 11800.0 6120.0 14660.0 2460.0 9780.0 7340.0 13020.0 4080.0 4900.0 13440.0 9780.0 6120.0 9780.0 11000.0 13440.0 13440.0 0.0 7340.0 3680.0 8140.0 12220.0 12220.0 7340.0 6520.0 2460.0 4900.0 8140.0 8960.0 7740.0 10180.0 6920.0 9780.0 10580.0 2460.0 8140.0 8960.0 2860.0 8140.0 14240.0 12620.0 6920.0 14240.0 13440.0 6520.0 7740.0 13020.0 12620.0 10180.0 13840.0 13020.0 12220.0 10180.0 10580.0 10180.0 7340.0 8960.0 14660.0 5700.0 12620.0 9780.0 12220.0 14240.0 6520.0 5300.0 10180.0 12220.0 11400.0 10580.0 11000.0 11800.0 10180.0 6520.0 13440.0 9360.0 13440.0 16280.0 14240.0 9780.0 13020.0 8140.0 9780.0 4080.0 8960.0 8560.0 10180.0 11800.0 6520.0 11400.0 13020.0 12220.0
0.0 7740.0 13840.0 5700.0 7740.0 4900.0 7340.0 6120.0 6520.0 10580.0 6920.0 13440.0 6520.0 16280.0 4080.0 6920.0 8560.0 10180.0 5300.0 6120.0 10580.0 11000.0 7740.0 8960.0 12220.0 12620.0 12220.0 1640.0 0.0 5300.0 9360.0 9780.0 13440.0 7340.0 8140.0 3680.0 6520.0 9780.0 9780.0 8560.0 7740.0 8140.0 8960.0 11400.0 3680.0 9360.0 9360.0 4480.0 9360.0 9360.0 12220.0 6520.0 13440.0 10580.0 8140.0 8960.0 13020.0 13840.0 11800.0 13840.0 14240.0 8140.0 9360.0 6520.0 7740.0 8960.0 10580.0 14240.0 7340.0 11400.0 4480.0 7340.0 10580.0 8140.0 420.0 11800.0 13840.0 12620.0 9780.0 12220.0 12220.0 11800.0 8140.0 9780.0 11000.0 10580.0 12220.0 13840.0 11000.0 14240.0 9360.0 4900.0 5700.0 10580.0 8560.0 8960.0 7340.0 5700.0 12620.0 12220.0 10180.0
0.0 9360.0 15460.0 7340.0 9360.0 10180.0 11000.0 7740.0 8140.0 12220.0 8560.0 15060.0 8140.0 17500.0 5700.0 6520.0 10180.0 9780.0 6920.0 1240.0 12220.0 12620.0 9360.0 12620.0 12620.0 13020.0 11000.0 3260.0 10580.0 0.0 11000.0 11400.0 11400.0 8960.0 9780.0 5300.0 8140.0 11400.0 12220.0 5300.0 7740.0 9780.0 12620.0 8140.0 5300.0 9780.0 11000.0 6120.0 11000.0 15460.0 13840.0 10180.0 11000.0 11800.0 9780.0 4080.0 14660.0 15460.0 12220.0 12620.0 13840.0 8560.0 11000.0 12620.0 13440.0 10580.0 12220.0 13440.0 8960.0 10180.0 10580.0 13440.0 11800.0 9780.0 2040.0 13440.0 14660.0 12620.0 11400.0 13840.0 9360.0 10580.0 3260.0 13840.0 11400.0 15060.0 12620.0 12220.0 12620.0 11000.0 11000.0 6520.0 7340.0 11000.0 10180.0 10580.0 13440.0 9780.0 13840.0 11400.0 8960.0
0.0 12620.0 12220.0 11000.0 8560.0 11400.0 8560.0 6920.0 9780.0 14240.0 8140.0 16280.0 7740.0 16280.0 8140.0 7340.0 10180.0 10580.0 4900.0 11000.0 7740.0 15060.0 8560.0 10180.0 11000.0 14660.0 9780.0 6520.0 13020.0 10180.0 0.0 14660.0 12220.0 8960.0 8960.0 8960.0 7340.0 10180.0 11000.0 9780.0 8960.0 8960.0 10580.0 12620.0 8560.0 8560.0 7740.0 8140.0 14240.0 16680.0 6920.0 7740.0 12620.0 12220.0 8560.0 5700.0 16680.0 14240.0 10580.0 6120.0 13440.0 14660.0 10580.0 6920.0 6120.0 9360.0 9780.0 19120.0 10580.0 11800.0 13840.0 16280.0 13440.0 11800.0 5300.0 12620.0 13020.0 15460.0 14240.0 11000.0 13840.0 12220.0 4900.0 13840.0 9780.0 16680.0 14240.0 15060.0 11800.0 15060.0 4900.0 6120.0 10580.0 15460.0 7340.0 11800.0 16680.0 7340.0 4480.0 13440.0 10580.0
0.0 6920.0 11400.0 5300.0 8140.0 9360.0 8960.0 10180.0 10180.0 10180.0 1640.0 10580.0 7340.0 17900.0 7740.0 7340.0 3680.0 10580.0 4900.0 10580.0 11800.0 8560.0 8140.0 10580.0 11000.0 13840.0 13020.0 12620.0 12620.0 9360.0 10580.0 0.0 9780.0 8560.0 8140.0 7340.0 9780.0 8960.0 11400.0 3680.0 6920.0 8140.0 10580.0 6520.0 14660.0 8140.0 10580.0 2040.0 9780.0 15880.0 11800.0 8140.0 13020.0 8560.0 11800.0 6120.0 12620.0 14660.0 10180.0 12620.0 12620.0 12620.0 5700.0 8960.0 15460.0 12220.0 9360.0 13440.0 11000.0 13440.0 13020.0 13840.0 13840.0 9360.0 11400.0 13840.0 11400.0 15880.0 8140.0 15460.0 7740.0 15460.0 10580.0 14240.0 9780.0 13020.0 13440.0 15060.0 10580.0 9360.0 10580.0 5700.0 8960.0 12620.0 9780.0 11400.0 15060.0 7340.0 15060.0 13840.0 13440.0
0.0 15880.0 14660.0 14240.0 10180.0 17500.0 12220.0 13020.0 13020.0 12620.0 15880.0 15060.0 15460.0 17500.0 10180.0 15060.0 15060.0 12620.0 8560.0 13440.0 10180.0 17500.0 10180.0 10580.0 13440.0 15460.0 15460.0 11000.0 15060.0 12220.0 15460.0 17500.0 0.0 16680.0 7740.0 13440.0 8960.0 12220.0 14660.0 11800.0 15060.0 7740.0 14240.0 14660.0 11000.0 10580.0 14240.0 10580.0 14660.0 6120.0 8960.0 11400.0 8140.0 17900.0 11800.0 16280.0 15060.0 17900.0 12620.0 17100.0 15460.0 17100.0 17900.0 15880.0 17900.0 12620.0 13440.0 21160.0 13840.0 14660.0 17500.0 4080.0 8140.0 14240.0 14240.0 14240.0 15460.0 19120.0 13020.0 13020.0 15460.0 12220.0 15060.0 6920.0 12220.0 8960.0 18720.0 18720.0 13840.0 17100.0 19120.0 13840.0 15060.0 12620.0 13440.0 17500.0 18720.0 11000.0 19120.0 9360.0 14660.0
0.0 15460.0 16680.0 13440.0 10580.0 13840.0 11000.0 9360.0 13020.0 16680.0 9780.0 19540.0 9360.0 21160.0 10180.0 14660.0 11800.0 17900.0 6920.0 15880.0 16680.0 16680.0 10580.0 12620.0 17100.0 21160.0 16280.0 14660.0 15060.0 17900.0 17100.0 16680.0 17900.0 0.0 11000.0 15880.0 9360.0 12620.0 13440.0 12220.0 11400.0 11400.0 12620.0 15060.0 16680.0 14240.0 12620.0 10180.0 17900.0 19120.0 15460.0 10180.0 17100.0 16280.0 11000.0 12620.0 19120.0 16680.0 15060.0 17900.0 19120.0 17100.0 13020.0 14240.0 14660.0 11800.0 11800.0 21160.0 13840.0 17100.0 16280.0 18720.0 17100.0 16280.0 15060.0 14660.0 18720.0 17900.0 16280.0 15460.0 15880.0 18320.0 15880.0 16280.0 15460.0 18720.0 21160.0 17100.0 14240.0 15460.0 17500.0 8560.0 17500.0 17500.0 11800.0 13440.0 19120.0 9360.0 6520.0 15880.0 19940.0
0.0 13440.0 10180.0 11800.0 2860.0 11800.0 6520.0 8140.0 6520.0 5700.0 8140.0 13020.0 8140.0 13440.0 8560.0 7740.0 9780.0 11000.0 11400.0 11000.0 12220.0 10180.0 2860.0 8140.0 10180.0 14240.0 10180.0 10580.0 8960.0 9780.0 9360.0 14660.0 10180.0 9360.0 0.0 7740.0 1640.0 4900.0 8960.0 4080.0 9360.0 420.0 8560.0 6920.0 12620.0 7340.0 10580.0 8560.0 7340.0 15060.0 13020.0 5700.0 15060.0 10180.0 9780.0 11400.0 8140.0 15060.0 9360.0 11800.0 12220.0 13840.0 11000.0 12220.0 13440.0 9780.0 14660.0 16680.0 7340.0 9360.0 11000.0 13440.0 13020.0 11800.0 8960.0 6920.0 11000.0 13840.0 5700.0 13840.0 8140.0 13840.0 12220.0 11800.0 8560.0 11000.0 13840.0 13020.0 6120.0 9780.0 12220.0 6520.0 9360.0 9780.0 10580.0 10180.0 12620.0 5300.0 13440.0 11400.0 12220.0
0.0 9780.0 13840.0 8140.0 9360.0 12220.0 11400.0 7740.0 10180.0 12620.0 4480.0 13020.0 4080.0 18320.0 10180.0 8960.0 6120.0 12220.0 7740.0 12220.0 12220.0 11400.0 9360.0 12620.0 8960.0 12220.0 11800.0 10580.0 9360.0 13440.0 6120.0 13440.0 10180.0 5300.0 9780.0 0.0 8140.0 8960.0 13840.0 10580.0 9780.0 9780.0 11800.0 11800.0 12620.0 6120.0 6920.0 4480.0 5700.0 14240.0 12620.0 10580.0 11800.0 11400.0 9360.0 6920.0 14660.0 13440.0 8140.0 11800.0 11000.0 11800.0 8140.0 8560.0 11800.0 8560.0 11000.0 16280.0 10580.0 13020.0 13840.0 13840.0 14660.0 4480.0 9360.0 13440.0 11000.0 17100.0 11000.0 13840.0 11400.0 13440.0 6120.0 11400.0 7340.0 15880.0 14240.0 16280.0 10580.0 15880.0 5700.0 8560.0 2040.0 14240.0 6120.0 8140.0 16280.0 10180.0 9360.0 13440.0 11400.0
0.0 12220.0 12220.0 10580.0 1640.0 12220.0 5300.0 6520.0 8140.0 7340.0 6920.0 15060.0 8560.0 15060.0 8960.0 6520.0 8560.0 9780.0 10180.0 9360.0 11000.0 11800.0 1240.0 6920.0 10180.0 13020.0 8960.0 8960.0 7740.0 8560.0 8140.0 14240.0 8960.0 9780.0 2040.0 6520.0 0.0 3260.0 7740.0 2860.0 9780.0 2040.0 6920.0 5700.0 11000.0 7340.0 11800.0 6920.0 8960.0 13440.0 11800.0 4480.0 15880.0 8960.0 8560.0 10180.0 9780.0 14240.0 9360.0 10580.0 12220.0 15460.0 10580.0 12620.0 12220.0 9360.0 13840.0 15460.0 5700.0 8140.0 11800.0 12620.0 11400.0 10580.0 7740.0 5300.0 9780.0 12220.0 7340.0 12620.0 6920.0 14660.0 10580.0 10580.0 8560.0 9780.0 12620.0 11800.0 4900.0 8140.0 10580.0 7340.0 8140.0 8560.0 11000.0 11800.0 11400.0 4080.0 12220.0 10180.0 10580.0
0.0 8960.0 13440.0 7340.0 10180.0 9360.0 11000.0 9360.0 8560.0 12220.0 3680.0 13840.0 5700.0 12220.0 5700.0 10180.0 5700.0 13440.0 6920.0 10580.0 9780.0 10580.0 10180.0 12620.0 8560.0 15460.0 5700.0 10580.0 8960.0 9360.0 10580.0 14240.0 9780.0 6920.0 10580.0 4480.0 9360.0 0.0 12220.0 11400.0 6920.0 10580.0 12620.0 9780.0 8960.0 6920.0 8560.0 4080.0 6520.0 15880.0 8560.0 9780.0 12620.0 10580.0 11000.0 7740.0 14660.0 14240.0 8960.0 7340.0 11800.0 12620.0 7740.0 10180.0 13020.0 9360.0 11800.0 14240.0 9360.0 4900.0 13020.0 13840.0 15460.0 8960.0 9360.0 14240.0 10580.0 15060.0 5300.0 12620.0 11000.0 13020.0 10580.0 15880.0 7340.0 15060.0 15060.0 17100.0 1640.0 7340.0 10180.0 4080.0 6520.0 14660.0 7740.0 9360.0 15880.0 9360.0 13020.0 11400.0 15460.0
0.0 10580.0 15460.0 9780.0 9360.0 8560.0 11400.0 8140.0 8560.0 12220.0 9780.0 15060.0 9360.0 17900.0 5700.0 4900.0 10180.0 8140.0 7340.0 8140.0 13440.0 13020.0 9360.0 13020.0 14240.0 11400.0 15880.0 3260.0 10580.0 6920.0 8560.0 15460.0 15460.0 10580.0 6920.0 5700.0 8140.0 11400.0 0.0 10580.0 6120.0 6920.0 13020.0 13440.0 5700.0 11400.0 12220.0 6120.0 11000.0 15460.0 14660.0 10180.0 11800.0 15060.0 9780.0 2460.0 14660.0 15880.0 13440.0 14240.0 16280.0 11800.0 13440.0 13840.0 13440.0 10580.0 12220.0 17900.0 8960.0 15060.0 13020.0 14240.0 10180.0 7340.0 8560.0 13440.0 13440.0 13840.0 12220.0 14240.0 14660.0 13440.0 8960.0 12620.0 12620.0 16680.0 11000.0 17500.0 11800.0 11800.0 11400.0 13020.0 7340.0 12220.0 11800.0 13440.0 15060.0 9780.0 12220.0 16280.0 14660.0
0.0 11800.0 14660.0 10180.0 7340.0 9780.0 11000.0 7340.0 8560.0 10180.0 6520.0 15060.0 6120.0 17100.0 6520.0 3680.0 8560.0 6920.0 9780.0 6920.0 8560.0 13440.0 7340.0 12620.0 7340.0 10580.0 10580.0 8960.0 11400.0 5700.0 9780.0 13020.0 6120.0 7340.0 4480.0 3680.0 6120.0 7740.0 12620.0 0.0 7340.0 4900.0 13020.0 2860.0 11000.0 4480.0 9360.0 6920.0 9360.0 12220.0 13440.0 10180.0 13440.0 12220.0 8960.0 9360.0 12620.0 14660.0 6920.0 12220.0 9360.0 13020.0 9360.0 10580.0 11800.0 9780.0 13020.0 12620.0 9360.0 12220.0 9360.0 10180.0 13840.0 8140.0 7740.0 11400.0 9360.0 17900.0 10180.0 13020.0 4080.0 14240.0 8960.0 11400.0 6120.0 14660.0 10180.0 17500.0 9360.0 5700.0 9360.0 4480.0 5700.0 14240.0 8560.0 10180.0 11800.0 9780.0 13020.0 12220.0 14240.0
0.0 16280.0 16280.0 14660.0 10580.0 2460.0 14240.0 8960.0 8560.0 12620.0 12620.0 13840.0 13840.0 14660.0 10580.0 10580.0 10580.0 13840.0 11400.0 9360.0 14660.0 17100.0 10180.0 15880.0 13020.0 12220.0 15060.0 11400.0 15460.0 8140.0 6920.0 16280.0 13440.0 11000.0 11000.0 13440.0 8960.0 12220.0 12220.0 11800.0 0.0 11000.0 13440.0 14660.0 13440.0 12220.0 12220.0 11000.0 13440.0 10580.0 13440.0 13440.0 6120.0 12620.0 10580.0 8140.0 15060.0 16680.0 14240.0 12620.0 15060.0 5700.0 15880.0 11000.0 13020.0 11400.0 15880.0 21160.0 9360.0 14240.0 13020.0 8140.0 12220.0 5700.0 10180.0 14240.0 7740.0 19940.0 12220.0 15060.0 9780.0 14660.0 7340.0 11000.0 13440.0 16280.0 16680.0 20340.0 13840.0 17100.0 11400.0 13020.0 15460.0 8140.0 11400.0 16680.0 15880.0 13020.0 11000.0 15880.0 13020.0
0.0 13440.0 13440.0 11800.0 2860.0 11800.0 6520.0 7740.0 6520.0 8560.0 8140.0 13020.0 8140.0 16280.0 8560.0 7740.0 10180.0 11000.0 11400.0 11000.0 12220.0 9780.0 2860.0 8140.0 10180.0 14240.0 10180.0 10580.0 8960.0 9780.0 9360.0 14660.0 10180.0 9360.0 3260.0 7740.0 1640.0 4480.0 8960.0 4080.0 9360.0 0.0 8560.0 6920.0 12620.0 7340.0 10580.0 8140.0 6920.0 14660.0 13020.0 5700.0 15060.0 10180.0 9780.0 11400.0 11000.0 14660.0 9360.0 11800.0 12220.0 13440.0 11000.0 12220.0 13440.0 9780.0 14660.0 16680.0 6920.0 9360.0 11000.0 13440.0 13020.0 11400.0 8960.0 6920.0 11000.0 13440.0 5700.0 13840.0 8140.0 13440.0 12220.0 11800.0 8560.0 11000.0 13840.0 13020.0 6120.0 9360.0 11800.0 6520.0 9360.0 9780.0 10180.0 9780.0 12620.0 5300.0 13440.0 11400.0 11800.0
0.0 11400.0 14660.0 9780.0 8560.0 11400.0 5700.0 6920.0 10580.0 13020.0 6120.0 16280.0 7740.0 14240.0 8140.0 12220.0 7740.0 15460.0 9360.0 10580.0 10180.0 12620.0 8560.0 7340.0 11000.0 11000.0 7740.0 11400.0 11400.0 11400.0 12220.0 14660.0 12220.0 8960.0 8960.0 6920.0 7340.0 2460.0 8140.0 9780.0 8960.0 8960.0 0.0 11800.0 11000.0 8960.0 11000.0 6120.0 8960.0 13020.0 10580.0 4900.0 15060.0 13020.0 8560.0 10180.0 15880.0 14660.0 6920.0 9780.0 13840.0 14660.0 9780.0 12220.0 12620.0 9780.0 14240.0 16280.0 11400.0 6920.0 15060.0 15880.0 11800.0 11000.0 11400.0 12620.0 13020.0 9360.0 7340.0 13020.0 13020.0 7740.0 12620.0 11000.0 9360.0 15880.0 15880.0 12220.0 4080.0 8960.0 12620.0 6120.0 8560.0 14660.0 10180.0 11800.0 16280.0 4480.0 15460.0 9360.0 16680.0
0.0 8960.0 13440.0 7340.0 4480.0 6920.0 9780.0 9780.0 6120.0 10180.0 3680.0 13020.0 3260.0 16680.0 3680.0 820.0 5700.0 4080.0 6920.0 4080.0 12220.0 10580.0 4480.0 11400.0 10180.0 13020.0 10180.0 6120.0 8560.0 2860.0 11000.0 10180.0 3260.0 4480.0 4900.0 8140.0 6120.0 6120.0 10180.0 5700.0 4480.0 4900.0 11400.0 0.0 8140.0 7340.0 6520.0 4080.0 6920.0 9360.0 12220.0 8960.0 10580.0 9360.0 11400.0 6520.0 13020.0 12220.0 9360.0 11800.0 12220.0 10180.0 6520.0 7740.0 13840.0 9780.0 10180.0 15880.0 6920.0 9360.0 11000.0 7340.0 11000.0 10180.0 4900.0 11400.0 12220.0 15460.0 10180.0 15460.0 1240.0 11400.0 6120.0 8560.0 8560.0 11800.0 15060.0 15060.0 7740.0 11400.0 13020.0 1640.0 10180.0 11400.0 5700.0 7340.0 13440.0 9360.0 11000.0 12220.0 11800.0
0.0 6120.0 10180.0 4480.0 7340.0 10180.0 6120.0 7340.0 3260.0 9360.0 9360.0 9780.0 8560.0 12620.0 420.0 7740.0 5300.0 11000.0 2040.0 2860.0 11400.0 7740.0 6920.0 7340.0 10580.0 11400.0 11400.0 4900.0 5300.0 1640.0 9780.0 13020.0 11800.0 9780.0 7740.0 6920.0 7340.0 8960.0 6920.0 6920.0 7740.0 7740.0 7740.0 9780.0 0.0 7740.0 10580.0 820.0 7340.0 12220.0 10180.0 4900.0 12620.0 13440.0 8960.0 5700.0 11800.0 11800.0 9780.0 13020.0 11400.0 10180.0 12620.0 9360.0 10580.0 9780.0 6920.0 12620.0 3680.0 11800.0 7740.0 10180.0 12220.0 8560.0 3260.0 12620.0 10180.0 13020.0 8560.0 12220.0 10580.0 8140.0 4480.0 11000.0 8960.0 12220.0 14240.0 12220.0 10580.0 12220.0 12620.0 7740.0 8560.0 12220.0 9780.0 10180.0 9780.0 4480.0 13840.0 10580.0 10180.0
0.0 12220.0 10180.0 10580.0 4080.0 11400.0 8140.0 2860.0 4480.0 10180.0 6920.0 11000.0 8960.0 12620.0 8960.0 8960.0 8960.0 12220.0 10180.0 12220.0 8560.0 13840.0 4080.0 9780.0 3260.0 8960.0 6120.0 9780.0 10580.0 11400.0 11000.0 10180.0 4480.0 9780.0 4480.0 7740.0 2860.0 3260.0 8140.0 5700.0 8960.0 4900.0 9780.0 8560.0 11800.0 0.0 9780.0 6920.0 9780.0 10580.0 8960.0 7340.0 12220.0 11800.0 4480.0 10580.0 12620.0 10180.0 2460.0 7740.0 5300.0 11400.0 10580.0 8140.0 7740.0 5300.0 13020.0 17500.0 4900.0 8140.0 8960.0 8140.0 11800.0 12220.0 9360.0 8140.0 5300.0 15060.0 8140.0 8960.0 9780.0 16280.0 11000.0 11000.0 1640.0 12620.0 8560.0 14240.0 4900.0 10580.0 11000.0 7340.0 7740.0 11400.0 8960.0 12620.0 11400.0 6520.0 15060.0 7740.0 9780.0
0.0 11000.0 8560.0 9780.0 6920.0 11400.0 6120.0 6120.0 7740.0 13020.0 8560.0 14240.0 12220.0 15880.0 12220.0 2460.0 10580.0 5700.0 9780.0 13840.0 5700.0 13020.0 6920.0 7740.0 6520.0 12220.0 9780.0 9780.0 12620.0 12620.0 11000.0 13840.0 7740.0 13440.0 7740.0 11400.0 6520.0 6920.0 8560.0 8560.0 11000.0 7740.0 7740.0 11400.0 11800.0 3680.0 0.0 8960.0 10180.0 13020.0 12220.0 5300.0 12620.0 13840.0 7740.0 8960.0 15460.0 12220.0 5700.0 11400.0 8560.0 14660.0 12620.0 1640.0 11000.0 8960.0 4080.0 17900.0 8560.0 10580.0 8140.0 11000.0 12220.0 9780.0 13020.0 11800.0 8560.0 11000.0 11800.0 12220.0 11000.0 15060.0 7740.0 10180.0 4900.0 14240.0 11800.0 10180.0 8560.0 13840.0 14240.0 10580.0 7740.0 14240.0 12220.0 13020.0 11000.0 10180.0 9360.0 11000.0 9360.0
0.0 5300.0 9780.0 3680.0 6520.0 10180.0 13440.0 11000.0 12620.0 8560.0 8560.0 15460.0 8140.0 16280.0 9780.0 8960.0 4480.0 12220.0 11800.0 12620.0 13840.0 6920.0 6520.0 15060.0 11000.0 14660.0 11400.0 11000.0 12620.0 11400.0 8960.0 16680.0 12220.0 8960.0 6920.0 11400.0 8140.0 8140.0 15460.0 7740.0 7740.0 6920.0 15060.0 10580.0 13020.0 9360.0 11000.0 0.0 9360.0 17500.0 14240.0 12220.0 13840.0 15460.0 12620.0 6920.0 11000.0 17100.0 11400.0 13020.0 10580.0 13440.0 12220.0 9780.0 15060.0 11800.0 12620.0 11800.0 13020.0 13020.0 15460.0 15060.0 14660.0 7740.0 9780.0 13440.0 9780.0 14240.0 7740.0 15880.0 9780.0 15880.0 9360.0 16680.0 10180.0 11400.0 14240.0 19540.0 9780.0 13020.0 13440.0 8140.0 13020.0 13440.0 10180.0 11800.0 13440.0 11800.0 13020.0 16680.0 11800.0
0.0 11800.0 10180.0 10580.0 4480.0 11400.0 8140.0 2860.0 4480.0 10180.0 7340.0 7740.0 8960.0 12620.0 8960.0 7340.0 8960.0 10580.0 9780.0 10180.0 8560.0 13840.0 4480.0 7340.0 3260.0 8960.0 6520.0 9780.0 10580.0 9360.0 10580.0 7740.0 4480.0 10180.0 4900.0 8140.0 3260.0 3680.0 8140.0 5700.0 9360.0 4900.0 10180.0 6520.0 11800.0 420.0 9780.0 7340.0 0.0 10580.0 8960.0 7340.0 12620.0 11800.0 4480.0 10580.0 13020.0 8140.0 2460.0 8140.0 5300.0 11400.0 11000.0 8560.0 7740.0 2860.0 13020.0 17900.0 5300.0 8140.0 8960.0 8560.0 11800.0 9360.0 9780.0 8560.0 5300.0 15060.0 8560.0 8960.0 7740.0 16280.0 11000.0 11000.0 1640.0 12620.0 8560.0 14660.0 5300.0 10580.0 11400.0 7340.0 7740.0 11400.0 8960.0 3260.0 11400.0 6920.0 14660.0 7740.0 9780.0
0.0 12620.0 8560.0 13840.0 8560.0 13840.0 9360.0 7340.0 6920.0 14240.0 11400.0 8960.0 11800.0 16680.0 11000.0 11000.0 13020.0 14240.0 12620.0 13020.0 12620.0 15460.0 8560.0 14240.0 7340.0 13440.0 10580.0 13840.0 14660.0 11800.0 10580.0 11400.0 8560.0 13020.0 8960.0 12220.0 7340.0 7740.0 10580.0 9780.0 11800.0 8960.0 13840.0 10180.0 15060.0 4480.0 11400.0 10180.0 11400.0 0.0 2860.0 11400.0 16680.0 15060.0 5700.0 10180.0 12620.0 11800.0 6920.0 12220.0 9360.0 11000.0 11800.0 12620.0 11800.0 6520.0 15060.0 15060.0 7740.0 11000.0 11400.0 12620.0 2040.0 10580.0 13020.0 12620.0 9360.0 16680.0 10580.0 6920.0 10180.0 16680.0 8960.0 13840.0 6120.0 15880.0 13020.0 17100.0 7740.0 13440.0 15460.0 10180.0 11800.0 6520.0 13440.0 14240.0 12620.0 11000.0 13440.0 12220.0 11800.0
0.0 9780.0 5700.0 11400.0 5700.0 12620.0 6520.0 4480.0 5700.0 11400.0 8560.0 12620.0 8960.0 14240.0 8140.0 8140.0 10180.0 11400.0 10180.0 11400.0 9780.0 14240.0 5700.0 11400.0 4480.0 10580.0 7740.0 11000.0 11800.0 10180.0 9360.0 8560.0 5700.0 10180.0 6120.0 9360.0 4480.0 4900.0 8960.0 6920.0 10180.0 6120.0 11400.0 7340.0 12220.0 1640.0 11000.0 7740.0 11400.0 11800.0 0.0 8560.0 13840.0 13440.0 6120.0 8960.0 14240.0 8960.0 4080.0 9360.0 6520.0 13020.0 11800.0 9780.0 8960.0 3680.0 14660.0 17500.0 6520.0 8140.0 10180.0 9780.0 12620.0 10580.0 11000.0 9780.0 6520.0 14660.0 9780.0 4080.0 8560.0 15460.0 8140.0 11000.0 3260.0 13840.0 10180.0 14240.0 5300.0 10580.0 12620.0 7340.0 9360.0 12620.0 10580.0 13020.0 13020.0 8140.0 13440.0 9360.0 11400.0
0.0 13840.0 9780.0 12220.0 4080.0 11800.0 1240.0 2460.0 10580.0 9780.0 8560.0 16680.0 10580.0 13020.0 8960.0 8140.0 10580.0 11400.0 10580.0 11400.0 12620.0 8140.0 4080.0 2860.0 11000.0 13440.0 6520.0 6520.0 10180.0 10180.0 7740.0 10180.0 11400.0 11000.0 4480.0 8960.0 2860.0 5300.0 3680.0 5300.0 9360.0 4480.0 2860.0 8140.0 8960.0 9780.0 9780.0 8960.0 11400.0 9360.0 9360.0 0.0 15060.0 8960.0 4080.0 5700.0 12220.0 10180.0 9360.0 8140.0 12220.0 15060.0 12620.0 8560.0 8140.0 4900.0 13440.0 17900.0 8140.0 9780.0 10180.0 13020.0 7340.0 6520.0 10180.0 7740.0 11000.0 8140.0 9780.0 8560.0 9360.0 10580.0 8140.0 6520.0 11000.0 11400.0 14240.0 7340.0 6520.0 10580.0 11000.0 8960.0 10580.0 10180.0 12620.0 14240.0 13020.0 6520.0 11800.0 12220.0 11800.0
0.0 16680.0 12220.0 15060.0 13020.0 13440.0 12220.0 12220.0 13440.0 18720.0 14660.0 20340.0 18320.0 18320.0 17500.0 8140.0 7740.0 11400.0 15880.0 13840.0 11800.0 18320.0 13020.0 13440.0 12620.0 14240.0 15460.0 15880.0 18720.0 14660.0 17100.0 19540.0 7740.0 19120.0 13440.0 17100.0 12220.0 12620.0 14240.0 14660.0 11000.0 13440.0 13840.0 17100.0 17900.0 9360.0 6120.0 11800.0 15880.0 13840.0 16280.0 11000.0 0.0 19540.0 13840.0 9780.0 21160.0 17900.0 11800.0 17100.0 10180.0 16680.0 18320.0 7740.0 13840.0 14660.0 10180.0 21160.0 14240.0 16680.0 11800.0 11400.0 15460.0 15460.0 14660.0 17500.0 14660.0 16680.0 17500.0 17500.0 13020.0 19540.0 13840.0 14240.0 11000.0 16280.0 13840.0 16280.0 14240.0 19540.0 19120.0 16680.0 12620.0 15460.0 5300.0 18720.0 14240.0 11400.0 15460.0 16680.0 15060.0
0.0 11400.0 11400.0 9780.0 820.0 11800.0 3680.0 5300.0 7340.0 6520.0 6120.0 14240.0 7740.0 12620.0 8140.0 5700.0 8140.0 8960.0 3680.0 8560.0 9360.0 11000.0 820.0 5300.0 8140.0 12220.0 6120.0 8560.0 6920.0 7740.0 7340.0 12620.0 8140.0 8960.0 1240.0 5700.0 2460.0 2460.0 6120.0 2040.0 9360.0 1240.0 5700.0 4900.0 10580.0 5300.0 8960.0 6120.0 8140.0 11800.0 8960.0 2860.0 15060.0 0.0 6920.0 8560.0 8960.0 12620.0 7340.0 7740.0 10180.0 14660.0 9780.0 10580.0 10580.0 7740.0 8560.0 14660.0 5700.0 5300.0 11000.0 11800.0 10180.0 8960.0 6920.0 5300.0 8960.0 10580.0 6520.0 11000.0 6120.0 13020.0 10180.0 8960.0 6520.0 9360.0 11800.0 10180.0 4080.0 7340.0 9780.0 6520.0 7340.0 7740.0 10180.0 11000.0 11000.0 2460.0 11400.0 8560.0 13020.0
0.0 10180.0 6120.0 11000.0 12620.0 13840.0 11000.0 11800.0 6920.0 13020.0 7340.0 13440.0 12620.0 19940.0 13020.0 7740.0 8960.0 11000.0 6920.0 8960.0 11400.0 13840.0 12620.0 12220.0 7340.0 15880.0 13440.0 11000.0 17900.0 14240.0 9780.0 11000.0 8560.0 13020.0 13020.0 13020.0 11800.0 11000.0 10580.0 12620.0 11800.0 13020.0 12620.0 15460.0 13020.0 9360.0 5700.0 7340.0 11800.0 14240.0 12620.0 9780.0 16280.0 14240.0 0.0 9360.0 15880.0 16680.0 11400.0 14660.0 14240.0 13840.0 11000.0 7340.0 11800.0 13440.0 9780.0 19120.0 7740.0 13840.0 11400.0 12620.0 16280.0 11000.0 9360.0 13840.0 10580.0 16280.0 13440.0 4480.0 14240.0 15880.0 8560.0 11400.0 10580.0 16280.0 17500.0 15880.0 10580.0 15880.0 14240.0 11400.0 13020.0 16280.0 15060.0 14660.0 14240.0 9360.0 13840.0 15460.0 13840.0
0.0 17100.0 15060.0 15460.0 12220.0 6120.0 14240.0 12620.0 10580.0 14240.0 13840.0 15460.0 13440.0 17900.0 12620.0 2460.0 13840.0 5700.0 10580.0 9780.0 12220.0 13840.0 12220.0 15880.0 11800.0 9360.0 17900.0 10180.0 16280.0 8960.0 10580.0 17900.0 13020.0 14240.0 12620.0 11800.0 12620.0 12220.0 14660.0 13440.0 3680.0 12620.0 16280.0 16280.0 12220.0 13840.0 14660.0 13020.0 17100.0 13020.0 15460.0 13440.0 9360.0 15460.0 9360.0 0.0 17100.0 19940.0 15880.0 16280.0 16280.0 9360.0 12220.0 14660.0 16280.0 15060.0 11400.0 16680.0 10180.0 16680.0 15060.0 11800.0 8140.0 8960.0 10580.0 14660.0 11400.0 19120.0 15460.0 13440.0 13020.0 15460.0 11000.0 10180.0 10580.0 15060.0 8560.0 18320.0 13840.0 9780.0 14660.0 11800.0 13440.0 11400.0 14660.0 17500.0 17900.0 13020.0 10180.0 19120.0 16280.0
0.0 13840.0 8560.0 12220.0 420.0 11800.0 7340.0 8960.0 7340.0 6520.0 8560.0 13840.0 8140.0 13440.0 8140.0 5700.0 10180.0 8960.0 11800.0 8560.0 10180.0 11000.0 3680.0 8960.0 9360.0 12220.0 6920.0 9780.0 9780.0 7740.0 7340.0 14660.0 8140.0 8960.0 1240.0 5700.0 2460.0 5700.0 9780.0 2040.0 9360.0 1240.0 9360.0 4900.0 11800.0 6520.0 6120.0 8560.0 8140.0 13840.0 9780.0 6520.0 15060.0 11000.0 10580.0 11000.0 0.0 15880.0 8560.0 8560.0 11400.0 8960.0 11000.0 7740.0 13020.0 10580.0 9780.0 14660.0 8140.0 10180.0 11000.0 11800.0 12220.0 9780.0 9360.0 7740.0 11400.0 10180.0 6520.0 13840.0 6120.0 14660.0 9780.0 12620.0 7740.0 11800.0 11400.0 9360.0 6920.0 7340.0 9780.0 6520.0 7340.0 7740.0 5300.0 11000.0 13440.0 6120.0 11400.0 12220.0 13020.0
0.0 9780.0 13840.0 8140.0 8560.0 7340.0 5700.0 7340.0 9360.0 12620.0 4480.0 14660.0 6120.0 13020.0 6520.0 5700.0 6520.0 8960.0 2040.0 10580.0 9360.0 11400.0 8560.0 7340.0 9360.0 16280.0 6520.0 11400.0 9780.0 10180.0 11000.0 14240.0 10580.0 7340.0 8960.0 5300.0 7340.0 820.0 8140.0 10180.0 7740.0 8960.0 7740.0 10580.0 9780.0 7340.0 9360.0 4480.0 7340.0 14240.0 9360.0 4900.0 13440.0 11400.0 8960.0 8560.0 15460.0 0.0 9780.0 8140.0 12620.0 8560.0 8140.0 5300.0 12620.0 9780.0 6920.0 15060.0 9780.0 5700.0 11000.0 12620.0 12220.0 9780.0 9780.0 12620.0 7340.0 12620.0 5700.0 13020.0 11400.0 13840.0 10580.0 11000.0 8140.0 15460.0 15880.0 12220.0 2460.0 7740.0 11000.0 4900.0 6920.0 11000.0 8560.0 10180.0 13840.0 4480.0 13020.0 10580.0 12620.0
0.0 14660.0 17100.0 13020.0 11000.0 12620.0 13840.0 10580.0 11800.0 17100.0 9360.0 11800.0 8960.0 19120.0 9360.0 11800.0 11000.0 15060.0 9780.0 15060.0 16280.0 16280.0 11000.0 15060.0 11000.0 16680.0 12620.0 10580.0 14240.0 13840.0 14660.0 15460.0 12220.0 10180.0 11400.0 11400.0 11000.0 6920.0 7340.0 12620.0 10180.0 10580.0 15460.0 11000.0 12620.0 8140.0 11800.0 9360.0 7740.0 18320.0 11800.0 12620.0 15880.0 15060.0 12220.0 9780.0 19540.0 8140.0 0.0 10580.0 13020.0 15880.0 11800.0 13020.0 15460.0 10580.0 14660.0 21160.0 12620.0 11800.0 16280.0 16280.0 17100.0 13440.0 14240.0 13440.0 13020.0 20760.0 6520.0 15880.0 12220.0 14240.0 15060.0 18720.0 9360.0 17500.0 16280.0 19940.0 8560.0 14240.0 17100.0 7340.0 13440.0 17900.0 11400.0 11000.0 19120.0 12220.0 13020.0 15460.0 17500.0
0.0 11000.0 6520.0 12220.0 6920.0 13840.0 7740.0 5300.0 6920.0 11000.0 9780.0 13440.0 10180.0 15060.0 9360.0 9360.0 11400.0 12620.0 9780.0 12220.0 11000.0 15460.0 6920.0 11800.0 5700.0 11400.0 8960.0 12220.0 13020.0 11400.0 10180.0 9780.0 6920.0 11000.0 5700.0 10580.0 5700.0 6120.0 9780.0 8140.0 11400.0 5700.0 11800.0 8560.0 13440.0 2860.0 12220.0 8960.0 12620.0 13020.0 1240.0 8960.0 15060.0 6520.0 6920.0 10180.0 13840.0 10180.0 4900.0 0.0 7740.0 13840.0 13020.0 11000.0 10180.0 4900.0 11800.0 18720.0 7740.0 9360.0 11400.0 11000.0 13840.0 11800.0 12220.0 7340.0 7740.0 15880.0 11000.0 5300.0 9780.0 16680.0 9360.0 12220.0 4080.0 11400.0 11000.0 15460.0 6120.0 11800.0 13840.0 8560.0 10180.0 13840.0 11400.0 13840.0 13020.0 8560.0 14240.0 10180.0 12220.0
0.0 11800.0 9780.0 10180.0 8560.0 14240.0 6120.0 7340.0 10580.0 14660.0 11000.0 17500.0 10580.0 17900.0 8140.0 11800.0 13020.0 15060.0 9780.0 10580.0 11400.0 13020.0 8560.0 7740.0 10180.0 4080.0 11400.0 5700.0 13020.0 9360.0 12620.0 14240.0 11800.0 11800.0 8960.0 8140.0 7340.0 9780.0 8140.0 10180.0 11800.0 9360.0 7740.0 13020.0 8140.0 10180.0 9780.0 8560.0 13840.0 10580.0 13440.0 4900.0 17900.0 13840.0 4080.0 10580.0 17100.0 15060.0 12220.0 13020.0 0.0 15880.0 13840.0 11000.0 12620.0 9780.0 8140.0 18320.0 9780.0 14660.0 12220.0 15060.0 6920.0 11000.0 4480.0 9360.0 14240.0 13020.0 14240.0 8560.0 14240.0 13020.0 11800.0 7740.0 11800.0 12620.0 3680.0 12220.0 11400.0 15460.0 13840.0 8960.0 9780.0 11400.0 13020.0 13020.0 15060.0 4480.0 14660.0 11000.0 16680.0
0.0 10580.0 13440.0 8960.0 7740.0 9780.0 10180.0 10180.0 2860.0 10180.0 9360.0 9360.0 8960.0 17900.0 4900.0 8960.0 9360.0 12220.0 9360.0 3680.0 13020.0 11400.0 7740.0 12220.0 11000.0 11800.0 12620.0 5700.0 9780.0 2460.0 12620.0 13840.0 12220.0 10180.0 8140.0 7740.0 9360.0 6920.0 6520.0 7740.0 7740.0 8140.0 12220.0 10580.0 7740.0 8140.0 8140.0 5300.0 7740.0 12220.0 12220.0 9780.0 13440.0 6920.0 12220.0 6520.0 12620.0 15460.0 10180.0 14240.0 13020.0 0.0 11800.0 8960.0 10580.0 10580.0 12220.0 15880.0 3680.0 11800.0 7340.0 9780.0 13840.0 11000.0 4480.0 8960.0 13020.0 15060.0 6520.0 11800.0 6120.0 12620.0 5700.0 12620.0 9360.0 13020.0 15060.0 14660.0 8560.0 13440.0 12220.0 7340.0 9780.0 2460.0 11400.0 11000.0 10180.0 9360.0 16280.0 13840.0 11400.0
0.0 7740.0 11800.0 6120.0 3680.0 5700.0 3680.0 4900.0 4900.0 9780.0 2460.0 11400.0 2040.0 15460.0 2460.0 6920.0 4080.0 10180.0 5700.0 11800.0 10580.0 9360.0 3680.0 5300.0 11000.0 13440.0 8960.0 8560.0 7340.0 11000.0 10180.0 12220.0 11000.0 3260.0 4080.0 8960.0 4900.0 5700.0 5700.0 5300.0 3260.0 4480.0 5300.0 8140.0 10580.0 8140.0 4900.0 2460.0 10580.0 11800.0 8560.0 2460.0 8960.0 3260.0 6520.0 5300.0 12220.0 12620.0 10580.0 7340.0 13020.0 8960.0 0.0 6520.0 10180.0 7340.0 8960.0 14240.0 5700.0 8560.0 9360.0 11400.0 9780.0 8560.0 7340.0 8560.0 11000.0 10580.0 8960.0 11000.0 8960.0 10180.0 10180.0 8960.0 9780.0 12620.0 13440.0 9780.0 7340.0 10580.0 13020.0 420.0 10580.0 11000.0 4480.0 6120.0 12220.0 5300.0 9780.0 11800.0 14240.0
0.0 12620.0 13440.0 11000.0 5700.0 10180.0 4480.0 5700.0 8960.0 11400.0 7340.0 13840.0 11400.0 16280.0 10580.0 820.0 8960.0 4080.0 8140.0 13020.0 4480.0 11800.0 5700.0 6120.0 10180.0 12220.0 9780.0 8560.0 11800.0 11800.0 9780.0 13440.0 11400.0 12220.0 6120.0 10580.0 6120.0 7340.0 6920.0 6920.0 9360.0 6120.0 6120.0 9780.0 10580.0 8560.0 13020.0 7340.0 8560.0 11400.0 12620.0 3680.0 11400.0 12220.0 7740.0 9360.0 14240.0 13440.0 11000.0 11400.0 13440.0 13440.0 11000.0 0.0 11400.0 8560.0 13020.0 19120.0 8140.0 8960.0 13440.0 15460.0 10580.0 8560.0 11800.0 11400.0 12220.0 11400.0 11400.0 11800.0 11000.0 13440.0 10180.0 8560.0 8560.0 13440.0 16680.0 11000.0 8960.0 12220.0 12620.0 9780.0 12220.0 12620.0 13440.0 11400.0 16280.0 9780.0 7740.0 15460.0 7740.0
0.0 11000.0 13840.0 9360.0 6120.0 10580.0 5300.0 6520.0 9780.0 12220.0 7740.0 10180.0 9780.0 17100.0 7340.0 1640.0 9780.0 4480.0 8960.0 9780.0 4900.0 12220.0 6120.0 6920.0 11000.0 12620.0 10580.0 4900.0 12220.0 8560.0 10580.0 13440.0 12220.0 11000.0 6520.0 7340.0 6520.0 8140.0 7340.0 7740.0 10180.0 6920.0 6920.0 10580.0 7340.0 9360.0 13020.0 7740.0 8960.0 12220.0 13440.0 4080.0 11800.0 13020.0 8140.0 9780.0 14660.0 14240.0 11400.0 12220.0 14240.0 13840.0 11800.0 820.0 0.0 8960.0 13840.0 14240.0 8960.0 9780.0 12620.0 15060.0 11400.0 8960.0 3680.0 11800.0 13020.0 12220.0 12220.0 12620.0 11800.0 14240.0 11000.0 8960.0 9360.0 14240.0 17100.0 11400.0 9780.0 13020.0 13020.0 8140.0 8960.0 13440.0 12220.0 12220.0 15060.0 10580.0 8560.0 16280.0 8560.0
0.0 12220.0 16280.0 10180.0 8140.0 10580.0 11000.0 12220.0 9780.0 13840.0 6920.0 15460.0 6920.0 17900.0 7340.0 4480.0 8560.0 7740.0 6920.0 7740.0 14660.0 13440.0 8140.0 12620.0 13440.0 16680.0 11400.0 9780.0 12220.0 6520.0 14660.0 5300.0 6920.0 8140.0 8560.0 10580.0 9780.0 6120.0 13440.0 8960.0 8140.0 8560.0 12620.0 3680.0 11800.0 10580.0 10180.0 6920.0 10580.0 13020.0 14240.0 10180.0 14240.0 13020.0 13840.0 10180.0 16280.0 5300.0 13020.0 13020.0 15880.0 13840.0 10180.0 10180.0 15460.0 0.0 11800.0 18720.0 10580.0 10580.0 14240.0 11000.0 14660.0 13440.0 8560.0 15060.0 12220.0 17900.0 11000.0 18320.0 4900.0 15060.0 9780.0 11800.0 12220.0 15460.0 18720.0 17100.0 7740.0 13020.0 15460.0 5300.0 12220.0 15060.0 9360.0 11000.0 17100.0 9360.0 14660.0 15880.0 15060.0
0.0 14240.0 12220.0 12620.0 6520.0 11000.0 10180.0 4900.0 6520.0 12220.0 8960.0 13020.0 10180.0 14660.0 8960.0 6920.0 11000.0 10180.0 12220.0 9780.0 10180.0 15880.0 6520.0 11800.0 5300.0 11000.0 8140.0 11800.0 12620.0 8960.0 13020.0 12620.0 6520.0 11400.0 6920.0 10180.0 5300.0 5700.0 10180.0 7740.0 8560.0 6920.0 12220.0 10580.0 12620.0 2460.0 11800.0 9360.0 11800.0 9360.0 11000.0 9360.0 11800.0 13840.0 6520.0 4900.0 14660.0 12220.0 4480.0 9780.0 7340.0 13440.0 13020.0 6120.0 7740.0 7340.0 0.0 17900.0 6920.0 10180.0 4480.0 6920.0 11000.0 13840.0 10580.0 8140.0 7340.0 16280.0 10580.0 11000.0 7340.0 11400.0 4080.0 9780.0 3680.0 10580.0 10580.0 16680.0 7340.0 10580.0 13440.0 8560.0 9780.0 13440.0 11000.0 14240.0 7340.0 8960.0 13840.0 9780.0 9780.0
0.0 6920.0 10180.0 5300.0 5300.0 9360.0 6120.0 7740.0 8560.0 8960.0 1640.0 15460.0 1240.0 16280.0 6120.0 6120.0 3260.0 6520.0 4900.0 5300.0 9780.0 8560.0 5300.0 7740.0 10180.0 4480.0 11400.0 3680.0 6520.0 4080.0 10580.0 11800.0 8960.0 2460.0 5700.0 5700.0 5300.0 7340.0 8560.0 3260.0 6920.0 6120.0 8140.0 6120.0 5700.0 7340.0 4080.0 1640.0 8140.0 11000.0 13020.0 5300.0 12620.0 8560.0 4480.0 4480.0 11800.0 13440.0 9780.0 12620.0 420.0 11400.0 5300.0 5700.0 13020.0 8140.0 7740.0 0.0 9360.0 10580.0 11000.0 13020.0 7340.0 8960.0 2460.0 9780.0 11000.0 13020.0 8140.0 8560.0 2460.0 10180.0 6920.0 8140.0 8960.0 5300.0 3680.0 12620.0 8960.0 8560.0 11400.0 5700.0 7740.0 11800.0 3260.0 5300.0 1640.0 4900.0 8560.0 11000.0 12620.0
0.0 18320.0 17500.0 17500.0 11800.0 6920.0 8960.0 10180.0 12620.0 16680.0 16280.0 14240.0 17100.0 18720.0 13440.0 14660.0 14660.0 17900.0 14660.0 13440.0 14660.0 15880.0 11400.0 10580.0 14660.0 11000.0 14240.0 11000.0 17900.0 12620.0 11000.0 17500.0 15880.0 15060.0 12220.0 13020.0 10180.0 12620.0 11000.0 13020.0 4480.0 12220.0 10580.0 15880.0 13020.0 11800.0 16280.0 13840.0 11400.0 14660.0 17100.0 7740.0 10180.0 16680.0 11800.0 12220.0 19540.0 17900.0 13840.0 15880.0 16680.0 10180.0 19940.0 15060.0 15460.0 12620.0 15060.0 21160.0 0.0 17500.0 17100.0 12620.0 15060.0 9780.0 14240.0 15460.0 11800.0 15880.0 16280.0 16280.0 13840.0 18320.0 11400.0 13020.0 13020.0 17900.0 19940.0 15060.0 14240.0 14240.0 15880.0 16680.0 15060.0 12220.0 15460.0 14660.0 19940.0 7340.0 15460.0 13840.0 17100.0
0.0 11000.0 9360.0 9360.0 9360.0 9360.0 10180.0 8140.0 5300.0 12620.0 8140.0 11800.0 9780.0 7740.0 8140.0 8960.0 9780.0 12220.0 9780.0 10580.0 13440.0 14660.0 9360.0 12220.0 4080.0 12220.0 1240.0 6120.0 4480.0 9360.0 13020.0 12220.0 5300.0 11000.0 8140.0 8140.0 8140.0 4480.0 8960.0 10580.0 10180.0 8140.0 13440.0 8140.0 8140.0 5300.0 12620.0 8140.0 10580.0 11400.0 4080.0 10580.0 9780.0 8960.0 9780.0 11400.0 15060.0 12620.0 7740.0 2860.0 8560.0 12220.0 11800.0 9360.0 8560.0 7340.0 14240.0 17500.0 6120.0 0.0 8960.0 9360.0 13020.0 12220.0 4480.0 9780.0 6120.0 10580.0 9360.0 7740.0 9360.0 15880.0 11800.0 11800.0 2460.0 13840.0 11800.0 17900.0 6120.0 11400.0 13840.0 8140.0 9780.0 12620.0 12220.0 13020.0 11400.0 10180.0 16680.0 13020.0 10580.0
0.0 14240.0 13020.0 12220.0 7340.0 11800.0 6120.0 7740.0 10580.0 10180.0 8960.0 13440.0 8960.0 14240.0 8960.0 2460.0 10580.0 5700.0 9780.0 11000.0 6120.0 13440.0 7340.0 7740.0 10180.0 8140.0 8140.0 8140.0 11400.0 9780.0 11800.0 15060.0 10180.0 10180.0 7740.0 7740.0 6520.0 9360.0 8560.0 4080.0 11400.0 7740.0 8140.0 6920.0 8560.0 8560.0 11000.0 8960.0 10180.0 4900.0 7740.0 5300.0 13020.0 13840.0 8140.0 11000.0 12620.0 15060.0 11000.0 9780.0 12620.0 12620.0 12620.0 2040.0 3260.0 10180.0 12220.0 14660.0 10180.0 6920.0 0.0 2860.0 6520.0 10180.0 6920.0 11800.0 13020.0 12620.0 13020.0 11800.0 8140.0 11000.0 11800.0 5300.0 9360.0 6120.0 7740.0 12620.0 10580.0 9780.0 13440.0 8560.0 9780.0 11000.0 10580.0 10580.0 2860.0 7740.0 9360.0 14240.0 5700.0
0.0 12220.0 10580.0 10180.0 9780.0 16280.0 8560.0 9360.0 8960.0 11800.0 13440.0 11400.0 13440.0 13440.0 6520.0 13020.0 11000.0 16280.0 11800.0 12620.0 15060.0 13440.0 9360.0 10180.0 9360.0 11400.0 12620.0 12620.0 11400.0 11800.0 13020.0 13840.0 11000.0 14660.0 9360.0 13020.0 8140.0 9780.0 10580.0 11000.0 13840.0 9360.0 10180.0 12220.0 10180.0 6520.0 13440.0 6920.0 13020.0 2460.0 5300.0 7340.0 18720.0 16280.0 8140.0 12220.0 14660.0 13840.0 8960.0 14240.0 11800.0 13020.0 13840.0 14660.0 14240.0 8960.0 15460.0 17100.0 9780.0 13020.0 13440.0 0.0 4080.0 13020.0 11400.0 13440.0 11800.0 15460.0 11800.0 9360.0 12220.0 8560.0 11400.0 2860.0 8140.0 8140.0 15060.0 14660.0 10180.0 15460.0 17500.0 11800.0 14240.0 8560.0 15460.0 15880.0 14660.0 12220.0 15060.0 14240.0 14240.0
0.0 13440.0 15460.0 11800.0 11400.0 12220.0 11000.0 12220.0 5300.0 12220.0 11800.0 11800.0 11400.0 20340.0 11400.0 10580.0 12620.0 13840.0 12220.0 11000.0 15460.0 13840.0 11400.0 12620.0 13440.0 14240.0 15060.0 12220.0 16280.0 10180.0 14660.0 10180.0 14660.0 12220.0 11800.0 13840.0 12220.0 9360.0 8960.0 13020.0 10180.0 11800.0 12620.0 13440.0 14240.0 10580.0 14240.0 8560.0 10180.0 14240.0 17100.0 9780.0 15060.0 16280.0 13840.0 8140.0 15060.0 17900.0 12620.0 16680.0 15460.0 9360.0 14240.0 11400.0 12620.0 13020.0 17100.0 19540.0 5700.0 13840.0 9780.0 12220.0 0.0 13440.0 11800.0 11000.0 15460.0 15060.0 8960.0 14240.0 8560.0 14660.0 7340.0 15060.0 11800.0 15460.0 16680.0 17100.0 11000.0 16280.0 19540.0 9780.0 15460.0 4900.0 13440.0 13020.0 12220.0 9360.0 11800.0 15880.0 13020.0
0.0 12620.0 11000.0 10580.0 4900.0 8560.0 8960.0 3680.0 6520.0 11000.0 6920.0 13440.0 8960.0 16280.0 6920.0 5300.0 8960.0 8140.0 6120.0 11000.0 8960.0 13840.0 4900.0 10580.0 7740.0 11800.0 9780.0 6520.0 11000.0 9780.0 1640.0 11000.0 8960.0 10180.0 5300.0 8560.0 3680.0 6920.0 10580.0 6520.0 6120.0 5300.0 8140.0 9360.0 8560.0 8560.0 9360.0 7340.0 8560.0 15060.0 8560.0 7740.0 9780.0 12620.0 5300.0 2860.0 13440.0 11400.0 11000.0 7340.0 13840.0 11800.0 11000.0 8140.0 7740.0 6120.0 11000.0 19120.0 7340.0 8960.0 11000.0 13020.0 10580.0 0.0 6920.0 8960.0 13440.0 14240.0 11000.0 9360.0 10180.0 9360.0 2040.0 12620.0 10180.0 13020.0 11400.0 15060.0 8560.0 11800.0 6120.0 7740.0 10180.0 11800.0 8560.0 11400.0 13840.0 7340.0 5700.0 10180.0 7340.0
0.0 7340.0 13440.0 5700.0 7740.0 9780.0 9360.0 6120.0 6520.0 10580.0 6520.0 13020.0 6120.0 16280.0 4080.0 11400.0 8560.0 14240.0 5300.0 6120.0 14660.0 11000.0 7740.0 11000.0 12220.0 14660.0 14660.0 1640.0 8560.0 4900.0 9360.0 9780.0 13440.0 7340.0 8140.0 3680.0 6520.0 9360.0 10180.0 8960.0 7340.0 8140.0 11000.0 11800.0 3680.0 9360.0 9360.0 4480.0 9360.0 13840.0 13840.0 8560.0 13440.0 12220.0 7740.0 8960.0 13020.0 13840.0 11400.0 15060.0 14240.0 13020.0 9360.0 10580.0 11800.0 8560.0 10180.0 13840.0 7340.0 14240.0 8960.0 11400.0 10180.0 8140.0 0.0 11800.0 13840.0 12620.0 9780.0 12220.0 13020.0 11800.0 8140.0 14240.0 10580.0 13440.0 16680.0 15460.0 11000.0 14240.0 9360.0 4900.0 5300.0 10180.0 8560.0 8560.0 11800.0 7740.0 12620.0 14240.0 13440.0
0.0 12620.0 11800.0 11000.0 6120.0 6920.0 9360.0 10580.0 9360.0 8140.0 11400.0 14660.0 11800.0 15060.0 6920.0 9360.0 11400.0 11000.0 8140.0 8960.0 13840.0 13840.0 6120.0 8960.0 13020.0 11400.0 13440.0 11000.0 11800.0 8140.0 11400.0 9780.0 11800.0 13020.0 6520.0 9360.0 4900.0 7740.0 11400.0 5700.0 4900.0 6520.0 11000.0 8560.0 6520.0 10180.0 14240.0 7340.0 11800.0 15060.0 16280.0 8140.0 10580.0 13440.0 12220.0 11800.0 11000.0 10580.0 12220.0 15060.0 14660.0 10180.0 14660.0 13440.0 13020.0 5300.0 13440.0 14240.0 420.0 12620.0 13840.0 12620.0 15460.0 10180.0 9780.0 0.0 12220.0 16280.0 11800.0 10580.0 9780.0 9360.0 11000.0 12620.0 11400.0 4480.0 15460.0 15460.0 9360.0 11000.0 15060.0 10180.0 11000.0 12620.0 13840.0 9360.0 6120.0 7740.0 9780.0 14240.0 15060.0
0.0 13020.0 11800.0 11400.0 8560.0 6520.0 12220.0 6920.0 6920.0 12220.0 11400.0 13840.0 13020.0 16680.0 10180.0 13020.0 13020.0 16280.0 10580.0 12620.0 12620.0 15460.0 8560.0 11800.0 7340.0 13020.0 10580.0 13840.0 14660.0 11400.0 11000.0 14660.0 8560.0 14240.0 8960.0 12220.0 7340.0 7740.0 11000.0 9780.0 11800.0 8960.0 14240.0 12620.0 10180.0 4480.0 11800.0 10180.0 12220.0 7740.0 10580.0 11400.0 16680.0 15880.0 6120.0 12220.0 15060.0 14660.0 6520.0 12220.0 9360.0 9780.0 15060.0 12620.0 11800.0 9780.0 15460.0 19540.0 7740.0 12220.0 11800.0 5700.0 9780.0 9780.0 13440.0 12620.0 0.0 19120.0 10580.0 10580.0 10180.0 13840.0 11400.0 8560.0 5700.0 8560.0 12620.0 18720.0 9360.0 14660.0 15460.0 11400.0 11800.0 6520.0 13020.0 15060.0 14240.0 11000.0 15060.0 11800.0 13840.0
0.0 13020.0 15880.0 11400.0 9780.0 15460.0 7740.0 8140.0 9780.0 15460.0 7740.0 16280.0 12620.0 17900.0 12620.0 11000.0 9780.0 14240.0 3680.0 12620.0 13440.0 14660.0 9780.0 9360.0 8560.0 12220.0 11800.0 13440.0 13020.0 13020.0 14240.0 6120.0 9780.0 13440.0 10180.0 11000.0 8560.0 8960.0 10180.0 7340.0 13020.0 10180.0 9360.0 10180.0 15460.0 5700.0 15060.0 8140.0 15460.0 15880.0 12220.0 6920.0 17900.0 13020.0 9780.0 11800.0 18320.0 13440.0 7740.0 13440.0 10580.0 16680.0 11800.0 13840.0 13020.0 10180.0 8560.0 19540.0 10580.0 13440.0 13020.0 13840.0 13840.0 13020.0 13440.0 13840.0 10580.0 0.0 13840.0 14240.0 11400.0 8960.0 12620.0 13020.0 6920.0 15460.0 13840.0 14240.0 10580.0 13020.0 16280.0 11000.0 13020.0 16680.0 14240.0 16280.0 11800.0 6520.0 18320.0 12620.0 15060.0
0.0 8560.0 11800.0 6920.0 5700.0 6520.0 8960.0 4480.0 5700.0 11400.0 3260.0 8960.0 2860.0 13020.0 2860.0 5700.0 4900.0 8960.0 6520.0 8560.0 10180.0 9780.0 5700.0 8560.0 4900.0 10580.0 6520.0 9360.0 7740.0 7740.0 11000.0 9360.0 6120.0 3680.0 6120.0 5300.0 4480.0 820.0 9360.0 7340.0 4080.0 6520.0 11000.0 4900.0 9780.0 2040.0 5700.0 3260.0 1640.0 12220.0 8960.0 8140.0 9780.0 8960.0 6120.0 6120.0 13440.0 9360.0 4080.0 8140.0 6920.0 9780.0 5700.0 7340.0 9360.0 4480.0 9360.0 15060.0 6520.0 5300.0 10180.0 9780.0 11000.0 9360.0 8140.0 9780.0 6920.0 15880.0 0.0 10580.0 6120.0 8140.0 10580.0 12220.0 3260.0 14240.0 10180.0 15460.0 2460.0 7740.0 11000.0 1240.0 6920.0 11800.0 4900.0 4480.0 12620.0 8140.0 10180.0 9360.0 11400.0
0.0 5700.0 1640.0 9360.0 11400.0 9780.0 11800.0 9780.0 2460.0 8960.0 10180.0 9360.0 10180.0 15460.0 9360.0 7340.0 10180.0 10580.0 9780.0 12620.0 12220.0 12620.0 11400.0 13440.0 2860.0 11800.0 9360.0 8140.0 13440.0 11400.0 5300.0 10580.0 4080.0 11000.0 11800.0 10180.0 10180.0 6520.0 6520.0 8560.0 7340.0 11800.0 13840.0 11400.0 10180.0 7340.0 13020.0 5700.0 7340.0 10180.0 11400.0 11000.0 11800.0 16280.0 11800.0 4900.0 11400.0 14240.0 9780.0 10580.0 12620.0 9780.0 13020.0 8140.0 7340.0 9360.0 14660.0 17500.0 3260.0 9360.0 6920.0 8140.0 11800.0 6520.0 10180.0 9360.0 12620.0 13440.0 11400.0 0.0 12220.0 11400.0 4080.0 6920.0 8960.0 11800.0 13440.0 12620.0 6120.0 11800.0 9780.0 8560.0 11800.0 11800.0 12220.0 10180.0 9780.0 10580.0 9360.0 12620.0 9780.0
0.0 11000.0 13840.0 9360.0 3260.0 11800.0 10180.0 8560.0 9780.0 8960.0 8560.0 13440.0 9780.0 15460.0 7340.0 8140.0 10580.0 11400.0 8960.0 2860.0 12620.0 13440.0 3260.0 11800.0 8960.0 11800.0 8960.0 4900.0 9360.0 2040.0 9780.0 13440.0 10180.0 11000.0 3680.0 7340.0 4900.0 5300.0 12620.0 4480.0 9360.0 3680.0 11800.0 7340.0 6920.0 6120.0 12620.0 7740.0 5700.0 12220.0 11800.0 9360.0 12620.0 13440.0 10180.0 5700.0 11800.0 13440.0 8140.0 10580.0 11000.0 10580.0 12620.0 14240.0 13440.0 8560.0 13840.0 15060.0 10580.0 8140.0 12620.0 14240.0 13440.0 11400.0 3680.0 10180.0 11000.0 14240.0 8960.0 14660.0 0.0 12220.0 4900.0 9360.0 7340.0 14240.0 14240.0 13840.0 6920.0 10180.0 12620.0 8140.0 8960.0 10180.0 12220.0 8960.0 15060.0 8560.0 13840.0 13440.0 10580.0
0.0 13840.0 19120.0 12220.0 13020.0 11400.0 13440.0 12220.0 12620.0 16680.0 10580.0 19540.0 12620.0 18320.0 10180.0 13020.0 12220.0 16280.0 11800.0 12220.0 13440.0 17500.0 13440.0 15060.0 12620.0 3260.0 11800.0 7740.0 6520.0 11400.0 15880.0 14240.0 13840.0 13840.0 13440.0 10180.0 12220.0 12620.0 15880.0 14240.0 13840.0 13440.0 15460.0 17100.0 9780.0 9780.0 15460.0 10580.0 15460.0 15060.0 14660.0 12620.0 19120.0 16680.0 13840.0 12220.0 19540.0 19540.0 11800.0 13440.0 14660.0 14660.0 14240.0 12620.0 13840.0 14660.0 7340.0 20340.0 10580.0 16680.0 11000.0 13440.0 15880.0 14240.0 6520.0 15460.0 14660.0 14240.0 16280.0 17900.0 14240.0 0.0 11400.0 16280.0 11000.0 17100.0 17900.0 19940.0 14240.0 17900.0 15880.0 11000.0 11800.0 16680.0 15060.0 15060.0 13440.0 12220.0 19120.0 17100.0 16280.0
0.0 11000.0 15060.0 9360.0 7740.0 6920.0 12220.0 13440.0 7740.0 13440.0 13020.0 14660.0 12620.0 14660.0 5300.0 3260.0 10180.0 6520.0 11400.0 10580.0 9360.0 12620.0 8140.0 13840.0 10180.0 10180.0 8140.0 10580.0 10180.0 9780.0 11400.0 18720.0 11400.0 13840.0 8140.0 12620.0 6920.0 10180.0 11800.0 8960.0 4480.0 8140.0 13840.0 11800.0 12620.0 12220.0 13840.0 5700.0 14660.0 14240.0 11000.0 11000.0 8140.0 13840.0 10180.0 1240.0 15880.0 15060.0 14660.0 9780.0 15460.0 10180.0 11000.0 12620.0 13840.0 13840.0 12620.0 17500.0 8560.0 7340.0 11000.0 12620.0 8960.0 10180.0 10180.0 12220.0 12220.0 12620.0 13440.0 14660.0 9780.0 7740.0 0.0 11000.0 9780.0 16280.0 9780.0 18320.0 11800.0 10580.0 15460.0 11000.0 14240.0 12220.0 13440.0 16280.0 13440.0 10580.0 11000.0 8560.0 5700.0
0.0 13440.0 11400.0 11800.0 6920.0 14660.0 10580.0 10180.0 9780.0 8960.0 11400.0 12220.0 11000.0 17100.0 7740.0 11800.0 12620.0 15060.0 9360.0 9780.0 15880.0 15060.0 6920.0 12220.0 10180.0 8960.0 13440.0 11800.0 11800.0 8960.0 13440.0 14660.0 11800.0 11800.0 6520.0 11800.0 5700.0 8560.0 13020.0 8140.0 12220.0 6520.0 12220.0 11000.0 7340.0 7340.0 13840.0 8140.0 13440.0 3260.0 6120.0 9780.0 17900.0 14240.0 8560.0 13020.0 11800.0 14660.0 9780.0 15060.0 12620.0 13840.0 13840.0 15460.0 14660.0 9360.0 13020.0 17900.0 10580.0 13440.0 14240.0 11000.0 4900.0 13840.0 10580.0 11000.0 12620.0 17500.0 12220.0 9780.0 12220.0 5700.0 11800.0 0.0 8960.0 5300.0 15880.0 17100.0 10180.0 13840.0 15880.0 9360.0 13440.0 9360.0 13020.0 14660.0 15460.0 9360.0 16280.0 15060.0 15060.0
0.0 11000.0 13440.0 9360.0 11800.0 10180.0 11000.0 10580.0 2860.0 10180.0 5700.0 9360.0 7340.0 13840.0 7740.0 7340.0 7340.0 10580.0 8960.0 12220.0 11000.0 12220.0 11800.0 12620.0 1640.0 9780.0 7340.0 9780.0 11000.0 11400.0 12220.0 14660.0 2860.0 8560.0 10180.0 6520.0 10580.0 2040.0 6520.0 11400.0 7740.0 10580.0 13020.0 11400.0 10580.0 7740.0 10180.0 5700.0 8560.0 8960.0 10180.0 10180.0 11000.0 12620.0 9780.0 8960.0 12620.0 16280.0 10180.0 8960.0 6120.0 10180.0 9360.0 6920.0 6120.0 11000.0 13840.0 16280.0 3680.0 6520.0 7340.0 6920.0 10580.0 10580.0 9780.0 8140.0 3680.0 15060.0 6920.0 11800.0 12620.0 15060.0 9780.0 9780.0 0.0 11400.0 9360.0 17500.0 3680.0 8960.0 12220.0 5700.0 8140.0 10180.0 9780.0 11000.0 10180.0 10180.0 14240.0 11800.0 8560.0
0.0 8560.0 8960.0 6520.0 1640.0 12220.0 5700.0 6920.0 5300.0 4080.0 7340.0 11800.0 8960.0 11800.0 2860.0 6920.0 7340.0 10180.0 4080.0 4900.0 11400.0 9780.0 1640.0 7340.0 10180.0 8560.0 9360.0 6920.0 7740.0 3680.0 8560.0 14660.0 8960.0 10180.0 2040.0 6920.0 420.0 3680.0 8140.0 3260.0 10180.0 2460.0 7340.0 6120.0 2460.0 7740.0 12220.0 3260.0 8960.0 11400.0 11800.0 4900.0 14660.0 9360.0 8560.0 7740.0 6520.0 13840.0 9780.0 11000.0 12620.0 12220.0 11000.0 11400.0 12620.0 9780.0 8960.0 15060.0 6120.0 8140.0 9780.0 9360.0 11800.0 10580.0 5700.0 5700.0 10180.0 12620.0 7740.0 13020.0 7340.0 5300.0 6920.0 11000.0 8960.0 0.0 12620.0 11800.0 5300.0 8560.0 11000.0 7340.0 8560.0 8960.0 11400.0 12220.0 11400.0 4080.0 12620.0 10580.0 11000.0
0.0 10580.0 6520.0 11400.0 11000.0 13020.0 11400.0 9360.0 7340.0 13440.0 7740.0 14240.0 13440.0 19120.0 11800.0 8560.0 9360.0 11800.0 7340.0 9360.0 11000.0 12220.0 11000.0 13020.0 7740.0 820.0 13020.0 11400.0 15880.0 13020.0 10180.0 11400.0 8960.0 13440.0 10580.0 13440.0 9780.0 10180.0 11400.0 11400.0 10580.0 11000.0 13020.0 14240.0 11800.0 6920.0 6120.0 7740.0 12220.0 7340.0 10180.0 10180.0 16280.0 14660.0 820.0 9360.0 15880.0 16280.0 8960.0 14660.0 11800.0 14660.0 11400.0 7740.0 12220.0 11000.0 4900.0 19540.0 6520.0 14240.0 8960.0 11400.0 8960.0 11400.0 10180.0 6120.0 11000.0 17100.0 14240.0 4900.0 11800.0 9780.0 8560.0 4480.0 8140.0 9360.0 0.0 16280.0 11000.0 15060.0 11000.0 11800.0 13020.0 13440.0 13440.0 15060.0 11800.0 9780.0 11400.0 14240.0 14240.0
0.0 10180.0 16280.0 8560.0 7340.0 7740.0 8560.0 8960.0 9360.0 12220.0 8560.0 15880.0 8960.0 18720.0 6520.0 9360.0 10180.0 12620.0 4480.0 6920.0 13020.0 13840.0 7340.0 10180.0 9360.0 12620.0 12220.0 4080.0 2860.0 6120.0 12220.0 6920.0 10580.0 10180.0 7740.0 6520.0 8960.0 8960.0 10580.0 8140.0 10180.0 7740.0 10180.0 11000.0 6120.0 6520.0 11800.0 6920.0 9780.0 11800.0 13020.0 7340.0 15880.0 13020.0 10580.0 9780.0 14660.0 14240.0 8560.0 13840.0 11400.0 11000.0 11800.0 8960.0 10180.0 11000.0 9360.0 16680.0 9780.0 12220.0 7340.0 9780.0 13020.0 10580.0 2860.0 14240.0 11400.0 820.0 12620.0 15060.0 4080.0 9360.0 8960.0 12620.0 7740.0 13440.0 14660.0 0.0 10580.0 13440.0 12220.0 7340.0 8140.0 13020.0 11400.0 11400.0 9780.0 6920.0 15460.0 13440.0 12620.0
0.0 8140.0 12220.0 6520.0 8960.0 7740.0 10180.0 11000.0 6920.0 11000.0 4480.0 13440.0 4080.0 10580.0 4480.0 8960.0 6120.0 12220.0 7740.0 8960.0 8140.0 9360.0 8960.0 11800.0 6920.0 15060.0 4080.0 8960.0 7340.0 8140.0 11800.0 15460.0 8560.0 5300.0 9360.0 7740.0 10580.0 7340.0 10580.0 10180.0 5300.0 9360.0 12220.0 11000.0 7340.0 8560.0 6920.0 2860.0 11800.0 14240.0 6920.0 9360.0 11000.0 10180.0 12620.0 7340.0 13840.0 15460.0 10580.0 5700.0 11400.0 11000.0 6920.0 8560.0 11400.0 10580.0 11000.0 12620.0 7740.0 3260.0 11400.0 12220.0 15060.0 10180.0 7740.0 13020.0 8960.0 13440.0 10180.0 11000.0 11400.0 12220.0 11000.0 15060.0 5700.0 14240.0 14660.0 16680.0 0.0 5700.0 13440.0 2460.0 9360.0 13020.0 6120.0 8140.0 14240.0 10180.0 11400.0 15880.0 13840.0
0.0 7740.0 15460.0 6120.0 8560.0 10580.0 13440.0 9780.0 10580.0 10580.0 6520.0 15460.0 6120.0 18320.0 8140.0 8560.0 8140.0 11800.0 9360.0 3680.0 2860.0 13440.0 8560.0 15060.0 11000.0 10580.0 13440.0 5700.0 11400.0 2460.0 8140.0 13840.0 12220.0 7340.0 8960.0 2460.0 10180.0 10580.0 14240.0 7740.0 8140.0 8960.0 13840.0 10580.0 7740.0 8140.0 8960.0 6520.0 7740.0 16280.0 15060.0 12620.0 13440.0 13440.0 11400.0 6520.0 13440.0 15460.0 10180.0 13840.0 7740.0 9780.0 10180.0 10580.0 13840.0 10580.0 13020.0 7340.0 11400.0 12620.0 13020.0 15460.0 14240.0 6520.0 4480.0 15460.0 13020.0 15060.0 9780.0 15880.0 9780.0 11800.0 5700.0 13440.0 9360.0 12220.0 11000.0 14240.0 12220.0 0.0 8140.0 8960.0 4080.0 11800.0 8560.0 10180.0 8960.0 11800.0 11400.0 13840.0 11000.0
0.0 11000.0 11400.0 9360.0 7740.0 7340.0 8960.0 9360.0 8140.0 13440.0 11800.0 14660.0 12620.0 14660.0 5300.0 3680.0 10180.0 6920.0 11400.0 6520.0 8560.0 12620.0 8140.0 10580.0 9360.0 10180.0 8140.0 8560.0 10180.0 9780.0 11400.0 16680.0 11000.0 13840.0 8140.0 10580.0 6920.0 9780.0 11400.0 8960.0 4900.0 8140.0 11000.0 11800.0 10580.0 6520.0 3260.0 5700.0 13020.0 14240.0 11000.0 8140.0 8140.0 14240.0 10180.0 1240.0 16280.0 15060.0 8960.0 9780.0 11800.0 10580.0 11000.0 4900.0 13840.0 11800.0 6920.0 17500.0 8560.0 7340.0 11000.0 12620.0 8960.0 10180.0 7340.0 12220.0 11800.0 12620.0 13440.0 14660.0 9780.0 7740.0 420.0 11400.0 8140.0 14240.0 9780.0 12220.0 11400.0 10580.0 0.0 11400.0 10580.0 12620.0 2460.0 15880.0 13440.0 10580.0 11000.0 8560.0 6120.0
0.0 7740.0 11800.0 5700.0 8560.0 5300.0 8140.0 9360.0 4480.0 10180.0 2040.0 11400.0 1640.0 17100.0 2040.0 6920.0 4080.0 10180.0 5300.0 12220.0 10580.0 8960.0 8560.0 9780.0 11000.0 13020.0 13440.0 8560.0 6920.0 11000.0 9780.0 13840.0 12220.0 2860.0 8960.0 10580.0 9780.0 9360.0 8560.0 9780.0 2860.0 8960.0 9780.0 12220.0 10580.0 8140.0 4900.0 2460.0 10180.0 13440.0 13020.0 7340.0 8960.0 7740.0 11000.0 4900.0 13020.0 13840.0 10180.0 11800.0 13020.0 8560.0 4900.0 6120.0 12220.0 8960.0 8560.0 14240.0 5300.0 13020.0 9360.0 11000.0 12620.0 8560.0 6920.0 13020.0 10580.0 15060.0 8560.0 13840.0 9360.0 9780.0 10180.0 13440.0 9780.0 13440.0 13440.0 14240.0 11000.0 14240.0 14240.0 0.0 12220.0 11000.0 4080.0 5700.0 11800.0 7740.0 9360.0 14240.0 13840.0
0.0 14240.0 13440.0 12620.0 11400.0 14660.0 11800.0 10180.0 10180.0 17500.0 11400.0 17100.0 11000.0 21160.0 11400.0 15460.0 13020.0 18720.0 7740.0 13840.0 10180.0 18320.0 11400.0 13440.0 14660.0 10180.0 17100.0 15060.0 15880.0 12620.0 15880.0 17500.0 14660.0 12220.0 11800.0 16680.0 10180.0 12220.0 14240.0 13020.0 12220.0 12220.0 10180.0 15880.0 11400.0 15060.0 13440.0 11400.0 17900.0 19540.0 16280.0 11000.0 17900.0 17100.0 7740.0 14240.0 19940.0 17500.0 15880.0 18720.0 19940.0 10180.0 13840.0 15060.0 15460.0 12620.0 13020.0 20760.0 11000.0 17100.0 14660.0 17500.0 16680.0 14660.0 14240.0 15460.0 17900.0 18720.0 16280.0 12220.0 15880.0 14660.0 15460.0 17100.0 16280.0 19540.0 21160.0 18320.0 13840.0 18320.0 18320.0 9360.0 0.0 12220.0 13020.0 15060.0 17500.0 10580.0 7340.0 16680.0 20340.0
0.0 8960.0 11000.0 7340.0 6920.0 7740.0 10180.0 8560.0 420.0 7740.0 7340.0 7340.0 6520.0 15460.0 6920.0 7340.0 8140.0 10580.0 8140.0 6520.0 11000.0 8960.0 6920.0 11400.0 8560.0 9780.0 10580.0 7740.0 11800.0 5700.0 10180.0 13440.0 10180.0 7740.0 7340.0 9360.0 8560.0 4900.0 4480.0 8140.0 5300.0 7340.0 11800.0 8960.0 9780.0 5700.0 9780.0 4080.0 5700.0 9780.0 12620.0 8960.0 11400.0 13020.0 10180.0 6920.0 10580.0 13440.0 8140.0 12220.0 11000.0 7740.0 9780.0 6920.0 8140.0 8560.0 13020.0 15060.0 1240.0 9360.0 5300.0 7740.0 11400.0 8960.0 7340.0 6520.0 11000.0 16680.0 4080.0 9780.0 3680.0 12220.0 7740.0 10180.0 7340.0 10580.0 12620.0 16280.0 6520.0 11800.0 14660.0 5300.0 11000.0 0.0 8960.0 8560.0 7740.0 8560.0 14240.0 13440.0 10580.0
0.0 11800.0 9360.0 10580.0 7740.0 12220.0 6920.0 6920.0 8560.0 13840.0 9360.0 15060.0 13020.0 13020.0 13020.0 2860.0 11400.0 6120.0 10580.0 14240.0 6520.0 13840.0 7740.0 8560.0 7340.0 13020.0 10180.0 10580.0 13440.0 13440.0 11800.0 14240.0 8560.0 13840.0 8140.0 11800.0 6920.0 7340.0 8960.0 9360.0 11800.0 8140.0 8560.0 12220.0 12620.0 4480.0 820.0 9360.0 10580.0 13440.0 13020.0 5700.0 13440.0 14240.0 8560.0 9360.0 16280.0 12620.0 6520.0 11800.0 9360.0 15460.0 13020.0 2460.0 11800.0 9360.0 4900.0 18720.0 8960.0 11400.0 8960.0 11400.0 13020.0 10180.0 13440.0 12220.0 9360.0 11400.0 12220.0 13020.0 11800.0 15460.0 8560.0 10580.0 5700.0 11800.0 12620.0 11000.0 8960.0 14660.0 15060.0 11400.0 8140.0 14660.0 0.0 13440.0 11000.0 10580.0 10180.0 11800.0 9780.0
0.0 11800.0 16280.0 10180.0 11400.0 14240.0 13840.0 15060.0 15060.0 14660.0 6520.0 15880.0 6120.0 16280.0 12620.0 11400.0 8560.0 14660.0 9780.0 11400.0 15060.0 13440.0 11400.0 15460.0 15460.0 18320.0 9780.0 13020.0 11400.0 10180.0 15460.0 18320.0 16680.0 7340.0 11800.0 15060.0 13440.0 13440.0 16280.0 13020.0 11800.0 12220.0 15060.0 15880.0 15060.0 12620.0 9360.0 6920.0 14240.0 12620.0 12220.0 13020.0 14240.0 13440.0 16680.0 9360.0 17500.0 18320.0 14660.0 11400.0 17100.0 17500.0 10580.0 10580.0 19120.0 13020.0 13020.0 18320.0 15880.0 16280.0 15880.0 18320.0 14240.0 14240.0 11800.0 18320.0 16280.0 15060.0 13020.0 16280.0 8560.0 20340.0 13020.0 15880.0 13840.0 17900.0 17900.0 19120.0 15060.0 18320.0 20340.0 10580.0 16680.0 18720.0 8560.0 0.0 18720.0 12220.0 13840.0 18720.0 18320.0
0.0 11800.0 12220.0 10180.0 5300.0 11400.0 6520.0 8140.0 8560.0 7340.0 8140.0 15460.0 7740.0 15460.0 6120.0 5300.0 9780.0 4900.0 7740.0 8140.0 9780.0 13440.0 5300.0 8140.0 8960.0 11800.0 11800.0 9360.0 11000.0 7340.0 9780.0 14240.0 7740.0 8560.0 5700.0 5300.0 4080.0 6920.0 8960.0 1640.0 8960.0 5700.0 8560.0 4480.0 5700.0 6120.0 8560.0 6520.0 10580.0 12220.0 14660.0 5700.0 14660.0 12620.0 9780.0 11000.0 10180.0 15460.0 8140.0 13440.0 9780.0 10180.0 10580.0 10180.0 13440.0 10580.0 12220.0 14240.0 9360.0 11800.0 10580.0 11400.0 13020.0 9360.0 8960.0 9360.0 11000.0 13440.0 11000.0 13840.0 5700.0 8960.0 10180.0 9360.0 7340.0 3680.0 11400.0 13020.0 8560.0 6920.0 11000.0 6120.0 6920.0 12220.0 7740.0 11400.0 0.0 5300.0 13840.0 11400.0 14240.0
0.0 13020.0 10180.0 11400.0 4480.0 12220.0 1640.0 2860.0 11000.0 10180.0 9360.0 17100.0 11000.0 13440.0 9360.0 8560.0 11000.0 11800.0 11000.0 6520.0 7340.0 8960.0 4480.0 3260.0 11800.0 14240.0 6920.0 7340.0 10580.0 10580.0 8140.0 10580.0 11800.0 11400.0 4900.0 9360.0 3260.0 5700.0 4080.0 5700.0 9780.0 4900.0 3260.0 8560.0 9360.0 10180.0 10180.0 7740.0 11800.0 9780.0 9780.0 820.0 15880.0 9360.0 4480.0 6520.0 13020.0 10580.0 10180.0 8560.0 12620.0 13840.0 13020.0 8960.0 8560.0 5700.0 13840.0 18320.0 8960.0 10180.0 11000.0 13440.0 7740.0 6920.0 7340.0 8560.0 11400.0 8560.0 10180.0 8960.0 9780.0 11000.0 8560.0 6920.0 11400.0 11800.0 14660.0 8140.0 7340.0 11400.0 11400.0 9360.0 11000.0 10580.0 12620.0 14660.0 13440.0 0.0 12220.0 6520.0 12620.0
0.0 9360.0 10180.0 7740.0 4480.0 7340.0 4480.0 2860.0 6520.0 10180.0 4080.0 13020.0 3680.0 16280.0 4080.0 8560.0 5700.0 11800.0 820.0 9360.0 10180.0 11000.0 4080.0 6120.0 10580.0 15060.0 9780.0 8140.0 8960.0 11400.0 11000.0 10580.0 11800.0 4900.0 4900.0 9360.0 3260.0 6120.0 6920.0 5700.0 4900.0 4900.0 6520.0 8560.0 10180.0 7740.0 6520.0 4080.0 11800.0 12620.0 8960.0 3680.0 10580.0 9780.0 4480.0 6920.0 12620.0 10180.0 8960.0 11400.0 12620.0 10580.0 6520.0 8140.0 8560.0 5300.0 5700.0 15880.0 7340.0 11000.0 9780.0 12220.0 11000.0 9780.0 8960.0 8140.0 12620.0 11400.0 10180.0 8960.0 9780.0 11800.0 9360.0 9780.0 8960.0 12620.0 15460.0 11000.0 7740.0 11000.0 11400.0 2040.0 11000.0 11400.0 6120.0 7740.0 12620.0 3260.0 0.0 9360.0 13440.0
0.0 9360.0 14240.0 8560.0 8140.0 8560.0 9780.0 6920.0 6920.0 12220.0 8560.0 13840.0 8140.0 16680.0 4480.0 10180.0 8960.0 13440.0 6120.0 6520.0 820.0 11800.0 8140.0 11400.0 12220.0 8560.0 14240.0 2040.0 9360.0 5700.0 6520.0 14240.0 11000.0 9360.0 8560.0 4080.0 6920.0 10180.0 11000.0 9360.0 6120.0 8560.0 11800.0 12220.0 4080.0 10180.0 11000.0 4900.0 9780.0 7740.0 10580.0 8960.0 12220.0 15460.0 8560.0 7740.0 15060.0 12220.0 12220.0 12220.0 15060.0 11800.0 12220.0 12620.0 12220.0 9360.0 11000.0 16680.0 7740.0 13840.0 11400.0 14240.0 9780.0 5300.0 7340.0 12220.0 13840.0 13020.0 12620.0 12620.0 13440.0 10180.0 6920.0 15060.0 11000.0 15460.0 16280.0 16280.0 11800.0 15060.0 9780.0 11800.0 6120.0 11000.0 10180.0 12220.0 13440.0 8560.0 10580.0 0.0 12620.0
0.0 12220.0 10580.0 10580.0 10580.0 10580.0 11400.0 9360.0 6520.0 13840.0 9360.0 13440.0 11000.0 8960.0 6920.0 9360.0 11000.0 12620.0 10580.0 11800.0 13840.0 14240.0 10580.0 13440.0 4480.0 13440.0 2460.0 7340.0 5700.0 11000.0 14240.0 13020.0 5700.0 12220.0 9780.0 9360.0 9360.0 5700.0 10580.0 5700.0 11400.0 9780.0 14660.0 8560.0 9360.0 6920.0 14240.0 7340.0 12220.0 11800.0 5300.0 12220.0 11400.0 10580.0 11000.0 12220.0 16680.0 13840.0 8960.0 4080.0 9780.0 13440.0 13020.0 9780.0 8960.0 8960.0 15460.0 18320.0 7340.0 1640.0 10180.0 9780.0 4480.0 13840.0 6120.0 11000.0 7340.0 6920.0 10580.0 9360.0 9780.0 14660.0 11400.0 12620.0 4080.0 14240.0 13020.0 19120.0 7340.0 11400.0 15060.0 9360.0 11000.0 8960.0 13440.0 14660.0 13020.0 11400.0 15880.0 14240.0 0.0
