100 4
192 1098 6762 1 7
1485 102 6018 5 1
486 1967 7879 10 9
63 4751 10605 4 5
840 2749 8843 7 1
1008 2822 8668 5 6
465 2412 8046 9 6
448 367 6545 6 3
396 2054 8350 6 4
338 617 6277 10 2
190 631 6457 3 8
840 6716 12680 9 8
938 1101 7171 5 9
328 6984 12588 2 7
221 0 5640 2 8
1020 2035 7745 5 9
684 0 5393 6 3
747 5559 11265 8 8
700 4278 9974 4 4
312 5134 11366 5 4
432 1296 7496 4 8
1275 3551 9627 5 6
780 4601 10469 10 5
12 2290 8558 4 10
970 6723 12897 10 7
795 3275 9595 7 2
1148 2159 8257 8 9
126 0 5264 7 3
208 5361 11607 5 10
636 0 5997 2 10
790 2011 8189 8 6
378 5844 11886 2 10
104 550 6282 4 3
748 6959 13113 5 6
119 7990 14210 7 4
385 2526 8226 1 5
84 5702 11392 9 1
416 518 6918 2 5
84 1211 7369 5 5
1040 4243 10083 4 1
532 0 5001 8 8
154 942 6658 5 5
567 3485 9379 8 3
52 3208 9332 10 5
340 8530 14570 8 2
759 5460 11796 7 9
435 6239 12481 2 7
682 799 7131 9 4
1275 8106 13734 10 7
275 0 4945 6 3
469 7158 13542 9 10
738 5295 10985 2 7
552 2334 8424 10 5
90 6402 12006 10 2
612 794 6478 9 3
1110 0 5372 2 9
900 178 5842 5 9
570 902 6810 8 5
310 1790 7970 10 9
1358 2266 7894 3 4
1140 2965 8775 2 9
570 1148 7140 6 4
1155 2291 8509 8 6
704 229 5979 7 9
187 266 6586 6 1
900 0 4693 5 9
456 3444 9738 6 9
1170 530 6150 9 10
630 5314 10966 8 4
125 8658 14412 7 9
474 6060 11832 9 5
290 2286 8494 9 2
198 0 5299 9 5
195 0 5999 3 4
600 667 6821 8 6
333 6243 12191 8 1
405 3601 9475 9 1
664 2163 8043 3 4
210 2045 8255 9 9
1300 474 6486 8 7
747 6112 12140 8 9
1080 0 5510 4 10
1455 1819 8061 8 2
792 8125 13745 1 3
425 0 5745 9 3
224 1160 6920 2 3
570 3655 9737 4 2
416 0 5169 4 9
308 0 5845 1 4
324 6105 11865 2 8
240 5399 11709 5 3
297 2018 8122 9 1
11 417 6063 6 1
536 1280 7552 2 6
120 5868 11578 6 9
240 0 5344 3 9
207 0 4819 5 9
688 3291 9449 3 6
560 3310 9092 8 2
546 5489 11591 8 10
SETUP
0 81 91 81 81 31 11 61 61 81 101 71 81 51 101 61 51 91 101 111 51 111 51 31 61 71 71 81 41 61 61 61 61 101 71 71 71 51 91 71 71 71 101 111 71 61 51 61 51 41 71 91 61 71 71 61 91 81 81 81 81 51 61 91 61 81 61 91 121 91 81 91 81 101 41 31 51 71 101 81 61 101 51 81 71 61 81 41 71 41 41 71 81 91 81 101 71 91 71 51 71
0 0 332 352 362 312 292 81 342 352 393 352 352 352 373 101 91 101 91 373 61 393 81 41 332 352 362 362 322 41 342 332 332 101 352 322 312 332 342 342 322 332 383 383 342 61 61 332 332 51 342 91 383 322 342 332 332 352 373 342 352 342 61 373 91 332 362 373 403 393 332 352 312 91 322 352 322 342 111 91 332 91 352 352 81 342 362 322 362 322 352 81 362 362 81 71 352 373 342 302 362
0 362 0 342 81 332 383 332 81 342 362 81 393 51 373 362 352 362 362 61 342 91 302 342 342 362 373 362 71 362 332 352 71 373 91 61 101 352 352 101 352 362 342 393 342 352 352 51 342 342 362 342 362 352 352 61 362 71 332 352 373 342 332 352 322 71 342 352 413 71 332 352 342 362 362 322 332 61 373 342 61 373 51 322 322 332 91 342 342 71 312 342 352 91 332 373 332 101 352 352 352
0 383 322 0 332 322 101 322 342 51 362 342 352 332 373 352 322 362 342 352 322 373 332 302 332 342 352 51 322 302 71 342 322 322 342 312 312 51 312 342 41 312 352 91 352 322 352 332 322 322 61 332 91 31 71 322 61 373 91 322 362 61 312 362 342 292 61 91 121 383 21 41 342 322 322 342 312 342 373 342 322 342 342 332 322 322 352 41 362 312 342 342 71 352 352 362 71 362 71 292 51
0 383 101 362 0 312 373 332 101 332 373 61 342 81 373 373 352 332 352 71 332 81 342 342 342 332 342 362 81 302 342 342 71 362 31 81 81 322 352 71 312 302 383 352 302 342 362 71 332 312 352 332 352 362 292 41 352 81 322 322 362 352 312 332 302 61 342 373 352 121 362 352 332 362 362 342 352 81 383 362 71 342 81 352 352 352 91 312 362 81 352 352 352 91 352 373 312 91 342 373 362
0 352 352 322 332 0 352 332 342 352 91 352 91 322 71 352 332 332 373 362 342 352 322 332 31 51 91 332 342 322 362 31 352 352 322 332 332 302 71 373 332 51 101 352 51 312 342 342 71 292 322 352 352 332 312 322 332 352 342 51 51 352 312 71 332 332 342 362 373 373 332 342 81 352 81 51 71 342 383 352 332 352 322 81 352 61 332 292 91 332 71 322 332 362 352 352 332 332 312 61 352
0 373 352 71 342 292 0 352 332 71 383 342 342 332 362 373 352 352 373 383 322 373 332 302 322 332 342 71 302 342 61 322 322 362 342 332 342 41 352 332 81 342 373 101 332 322 312 322 322 302 61 362 101 71 61 332 81 342 81 342 342 61 332 352 342 342 91 101 121 383 71 91 342 373 302 342 312 332 362 362 352 362 332 342 332 342 342 31 362 302 332 332 71 362 342 362 61 352 61 352 91
0 131 322 383 362 352 352 0 362 373 403 383 383 362 393 51 81 121 111 373 91 342 81 101 342 383 352 373 332 71 322 332 362 101 352 352 352 352 383 362 352 352 383 393 362 101 91 352 362 91 383 111 383 342 352 362 362 383 383 362 352 373 81 373 91 373 362 383 403 373 362 342 373 81 332 342 362 362 111 111 332 91 352 362 91 362 322 352 383 362 352 91 383 302 101 131 332 342 342 332 373
0 413 111 373 71 352 383 342 0 332 403 101 413 61 312 383 352 352 403 121 342 101 332 352 352 352 362 362 61 373 352 373 81 332 101 81 121 332 373 81 342 362 383 393 373 362 373 71 373 332 373 362 362 373 352 51 312 101 362 362 393 373 342 352 342 81 352 373 413 81 362 332 362 342 332 352 352 81 393 362 101 362 91 352 362 362 81 322 342 81 352 362 362 101 362 373 352 101 362 373 342
0 383 342 121 342 342 61 332 383 0 393 362 383 352 373 362 362 383 383 362 352 393 352 352 322 373 373 81 352 342 21 373 332 373 332 352 352 81 373 393 81 322 393 91 342 373 342 342 352 342 101 352 91 101 61 362 101 383 91 342 393 81 352 383 342 342 91 121 121 373 91 91 362 362 362 332 362 352 393 383 373 373 352 352 342 352 342 71 373 362 352 352 111 352 362 322 31 322 61 362 101
0 383 373 373 342 71 383 342 312 342 0 322 131 332 71 362 332 373 342 332 312 352 332 322 71 91 71 373 302 362 322 91 322 362 302 322 362 362 31 352 352 31 61 352 61 342 342 312 91 332 352 352 332 342 352 342 342 373 352 71 101 342 342 81 332 332 342 373 352 383 342 342 61 332 81 81 61 322 373 362 342 362 332 41 332 71 332 352 41 322 51 332 302 362 332 383 322 383 352 111 352
0 393 101 373 81 352 393 332 51 332 393 0 413 91 342 383 373 342 383 111 332 91 332 373 373 352 362 362 51 373 342 383 71 373 101 81 121 332 383 81 352 362 383 393 383 332 342 71 332 322 342 332 383 342 362 91 302 81 332 362 393 342 352 342 312 81 362 393 362 111 362 362 342 373 322 352 352 81 383 383 91 373 81 352 352 362 81 322 373 81 352 362 362 91 352 373 352 111 383 383 373
0 383 362 373 362 51 383 322 362 342 91 362 0 332 101 332 342 362 362 373 362 362 332 362 61 81 101 362 342 342 352 61 332 342 352 292 362 342 91 362 322 61 91 373 81 362 362 342 101 312 352 362 383 322 342 332 362 373 362 71 81 342 332 91 342 312 332 373 403 383 352 332 91 342 71 81 51 352 393 362 332 362 342 81 342 51 352 332 101 312 101 342 373 342 362 362 362 373 332 71 322
0 352 61 322 61 322 352 332 71 312 362 71 362 0 362 332 322 362 373 91 322 111 282 322 302 322 342 332 31 322 332 342 51 342 51 31 71 332 322 91 332 322 362 373 322 332 332 21 322 312 342 312 332 332 312 61 332 51 312 322 362 332 332 332 292 41 332 362 373 61 312 332 312 332 332 302 332 41 342 352 61 352 51 342 332 332 51 322 332 51 312 342 352 91 312 362 332 71 312 322 342
0 383 352 352 312 61 352 312 322 342 101 332 101 332 0 352 342 322 383 362 352 342 312 342 81 51 61 332 292 332 322 91 332 362 332 322 362 302 81 322 342 71 91 362 71 332 342 312 81 292 332 342 362 342 332 342 282 332 342 91 101 352 342 51 322 332 342 342 393 362 332 352 61 362 21 61 51 322 362 332 342 352 322 51 342 71 322 292 81 322 51 352 332 332 332 352 332 332 352 81 362
0 121 373 362 362 322 373 61 322 362 383 352 342 342 352 0 61 91 111 373 51 383 81 81 342 342 373 373 362 31 352 342 342 101 332 342 352 322 352 393 312 332 383 373 332 81 81 352 362 51 362 91 383 373 322 322 352 373 352 332 362 362 41 332 71 352 342 352 383 393 373 362 362 61 362 342 352 352 101 81 342 81 342 352 71 342 362 312 352 352 352 91 352 352 101 101 342 362 352 373 352
0 111 352 352 322 312 362 41 332 342 352 322 373 322 362 71 0 51 81 332 51 332 51 51 342 302 342 342 302 71 332 332 332 81 292 322 332 322 342 332 302 292 352 342 302 61 31 322 332 41 342 71 342 342 332 312 322 332 342 322 352 332 41 322 51 312 282 373 342 373 342 332 342 71 302 312 322 292 91 91 312 61 332 342 71 312 342 302 322 322 322 71 342 342 71 91 312 352 342 332 302
0 101 352 312 352 322 362 71 342 332 373 332 362 322 362 71 51 0 71 352 61 302 51 61 352 302 352 352 322 61 332 352 342 81 342 332 342 342 332 342 332 322 332 332 342 81 81 332 332 51 362 51 342 332 352 342 322 292 332 342 373 322 61 282 41 312 302 373 362 373 322 332 322 71 322 312 332 332 51 91 342 41 332 332 71 342 332 332 352 332 322 91 362 373 81 41 342 383 322 322 332
0 81 342 362 322 322 352 81 342 332 373 322 352 342 373 101 51 81 0 302 61 373 61 61 292 342 332 322 332 41 342 292 332 71 312 352 342 322 332 362 322 312 373 362 312 71 81 342 342 41 342 71 352 352 302 332 342 342 332 312 312 312 61 332 41 312 332 373 332 383 322 332 342 71 332 352 342 342 71 101 352 71 342 342 71 342 312 312 332 332 352 41 342 362 81 81 322 373 302 373 342
0 383 71 352 81 312 362 342 61 332 383 31 373 61 362 373 322 362 362 0 352 91 332 322 342 342 352 352 41 362 332 332 51 322 61 71 91 322 332 71 312 332 352 362 342 342 342 61 352 322 352 352 383 362 342 41 332 101 312 332 352 292 312 322 332 21 332 352 383 111 352 302 352 312 312 352 332 61 322 373 81 352 71 322 312 352 71 322 362 61 342 342 352 101 342 332 332 81 332 362 322
0 81 342 362 342 332 373 71 373 322 383 332 373 352 352 91 61 101 71 362 0 342 81 61 332 352 342 352 332 91 312 352 302 71 342 312 352 342 332 342 322 332 383 352 352 61 71 312 352 61 342 101 362 342 342 332 352 342 342 342 373 322 61 342 91 322 332 373 393 403 322 342 332 81 342 352 342 322 101 91 352 81 362 302 21 342 362 332 342 332 352 41 362 362 51 91 322 362 342 373 342
0 393 101 373 91 352 393 352 111 342 352 91 342 81 393 352 352 393 383 101 332 0 332 342 373 342 342 383 71 362 362 373 61 383 61 81 91 352 373 111 342 332 342 322 373 362 373 71 332 342 373 342 332 362 373 81 362 91 342 362 393 352 342 362 322 81 362 383 393 101 352 352 342 362 373 322 342 81 383 373 91 292 71 352 352 352 41 342 373 81 342 352 383 111 362 393 342 111 302 352 332
0 81 332 322 332 332 373 61 332 312 362 332 362 322 362 61 51 91 91 373 41 373 0 41 342 352 342 332 332 61 332 332 322 71 332 302 342 342 322 352 332 332 362 393 342 61 51 292 312 41 342 41 332 322 342 332 332 312 312 342 352 322 61 352 21 312 332 352 383 332 302 322 312 61 332 302 322 302 71 81 332 101 312 342 61 322 352 332 332 322 312 71 342 352 41 91 332 352 352 322 332
0 91 352 352 332 332 373 81 332 322 383 322 362 342 362 91 61 101 91 362 71 383 41 0 302 332 352 332 352 51 332 352 302 71 322 322 352 332 332 373 332 322 393 373 322 31 81 332 342 61 312 81 362 322 312 332 342 342 332 322 373 312 61 332 51 332 332 352 373 362 322 342 342 81 352 332 292 332 101 81 332 91 352 362 81 352 332 322 352 282 342 41 362 342 71 71 332 362 312 352 342
0 332 332 342 302 31 342 332 352 322 91 322 61 332 81 352 342 332 342 332 322 352 312 342 0 61 71 302 332 292 332 61 322 352 292 332 322 312 81 362 312 21 101 342 21 332 352 332 51 302 342 322 342 352 282 322 342 352 322 21 71 342 312 71 302 322 312 373 342 362 342 342 51 352 61 61 81 342 373 352 342 332 332 81 342 71 302 292 91 342 71 332 332 342 342 362 302 352 282 91 352
0 383 342 342 332 41 362 312 332 322 81 322 101 302 61 312 292 332 352 352 302 352 302 342 61 0 51 352 312 312 322 71 322 322 312 322 332 322 81 332 322 41 81 332 51 342 322 322 31 312 352 342 312 322 332 312 292 342 332 61 91 312 312 61 322 282 302 342 362 352 332 302 71 312 41 11 51 312 373 332 312 352 302 51 312 41 342 312 51 322 31 342 332 342 332 352 322 352 332 41 312
0 383 373 362 342 71 332 342 352 332 101 342 121 342 81 362 302 342 362 362 302 362 342 352 71 61 0 362 312 352 332 81 322 362 322 312 352 312 91 352 332 51 71 373 61 332 332 312 31 332 342 352 362 342 342 332 312 362 352 81 101 342 332 71 332 332 312 342 373 393 352 292 21 302 61 71 71 322 362 362 342 362 342 61 322 71 362 332 71 332 71 342 332 362 322 373 332 383 342 81 322
0 352 352 101 282 322 91 312 322 71 373 342 352 332 352 352 362 342 362 352 332 362 332 332 342 342 352 0 322 312 71 352 332 362 312 322 352 61 352 352 51 312 373 91 312 352 342 312 332 292 91 292 91 81 31 322 51 362 51 322 373 81 322 342 312 332 71 101 91 383 81 81 302 362 332 352 342 322 383 352 342 342 322 332 342 332 312 51 342 342 332 342 41 332 332 373 51 362 21 362 91
0 362 91 352 61 322 373 322 91 332 352 81 383 41 373 342 342 362 362 101 332 111 312 342 332 352 362 362 0 352 322 342 41 342 61 31 71 342 352 101 332 332 342 393 352 342 322 21 342 332 352 342 352 332 342 51 332 81 332 342 352 332 322 352 322 51 332 352 393 91 342 342 312 352 342 332 302 31 373 332 51 362 41 352 342 322 81 332 332 31 302 332 342 81 312 362 332 91 342 352 352
0 101 352 342 342 292 352 41 352 342 373 352 352 332 352 91 71 71 101 362 31 362 61 61 322 322 373 352 342 0 332 322 322 91 342 322 332 302 332 373 292 342 373 352 342 61 81 332 342 21 332 81 352 352 332 302 332 352 352 302 342 342 21 342 61 332 322 373 373 373 352 342 352 81 342 322 332 342 81 91 322 51 332 332 51 332 342 292 342 332 332 71 332 332 81 101 342 342 332 352 352
0 362 362 101 332 332 101 352 373 71 383 342 362 332 383 352 342 362 373 342 342 383 342 352 302 352 362 61 342 322 0 352 322 362 322 352 332 61 352 373 61 302 373 91 322 362 362 352 342 332 101 342 81 91 41 342 101 362 71 322 373 61 342 362 322 322 71 111 101 393 71 71 342 352 342 322 352 362 373 362 352 352 332 352 352 342 332 51 362 352 332 332 91 373 352 362 11 362 41 342 81
0 332 332 342 302 31 342 332 352 322 91 322 71 332 81 352 312 342 342 332 322 362 322 312 11 61 71 312 332 302 342 0 322 322 292 342 332 312 51 352 312 31 91 342 31 322 332 332 51 302 332 322 342 342 292 322 342 332 322 31 21 342 312 71 302 312 322 362 352 362 302 322 61 332 61 61 51 332 352 362 342 322 332 71 332 61 302 302 81 322 71 292 342 352 342 362 302 362 292 91 332
0 332 61 352 71 322 352 332 81 302 362 41 352 71 352 362 302 342 373 91 342 101 342 312 332 332 362 332 61 342 312 342 0 322 51 81 91 332 312 81 312 322 362 373 332 332 332 71 362 322 342 342 362 352 342 51 332 51 322 332 362 292 322 322 342 31 312 373 373 111 302 322 352 332 332 342 322 51 352 383 71 352 81 332 332 332 81 322 342 51 352 292 342 91 362 342 322 71 342 362 322
0 81 352 342 342 302 342 41 342 282 373 332 352 332 352 91 61 71 101 352 71 362 41 61 322 322 362 352 342 71 292 322 302 0 342 332 332 302 332 373 292 312 362 342 342 31 81 332 342 31 312 81 352 332 332 302 332 342 342 302 342 322 21 342 61 322 332 362 373 362 322 342 352 81 342 322 332 342 101 81 322 41 332 352 81 332 332 292 342 332 332 41 332 342 51 51 302 322 322 352 282
0 373 91 373 101 322 373 322 81 332 352 31 393 71 362 362 332 362 332 51 342 111 342 352 342 362 322 373 51 362 352 342 51 342 0 71 101 342 352 91 342 282 373 403 352 352 352 71 342 312 362 362 373 373 352 81 332 101 342 362 352 332 342 362 332 41 332 352 332 121 342 332 332 332 332 362 352 81 362 342 91 373 71 342 332 352 91 332 352 81 352 332 373 81 352 373 352 101 352 373 342
0 373 71 352 71 322 373 302 81 332 342 81 373 41 362 322 332 352 342 91 352 101 312 352 322 332 362 342 51 332 342 312 51 322 61 0 91 332 342 81 312 322 342 383 332 352 352 61 352 322 362 352 373 302 322 51 352 81 342 332 332 342 312 342 332 31 322 362 383 91 342 322 352 332 322 332 312 71 373 342 51 352 81 332 332 302 71 312 362 41 352 332 352 61 342 342 342 91 332 362 332
0 352 51 362 61 322 352 322 71 332 362 71 342 61 362 362 322 362 352 91 292 91 332 302 332 352 352 322 51 332 322 342 41 332 41 61 0 332 302 71 332 312 352 373 342 322 342 51 292 322 332 322 362 342 332 31 352 91 352 312 362 332 332 362 342 21 332 362 373 101 292 312 332 322 322 352 312 61 383 373 81 362 71 322 312 322 81 332 362 41 332 332 332 81 342 362 332 101 332 373 322
0 373 393 101 322 332 111 352 322 91 342 362 393 362 352 373 362 383 362 373 342 373 362 322 352 362 383 61 362 342 71 362 342 373 332 322 373 0 342 352 61 332 352 91 352 302 373 362 342 332 41 342 111 51 71 332 81 352 101 342 383 91 332 332 352 332 81 91 101 393 101 81 342 362 352 362 332 373 383 342 332 383 362 332 362 352 342 61 362 332 362 362 31 383 383 342 81 373 81 383 81
0 403 362 373 342 51 362 332 322 352 101 352 121 342 81 352 302 342 373 362 342 362 342 322 81 61 71 373 332 373 352 81 342 352 322 312 352 342 0 352 332 51 111 352 61 342 332 322 91 332 352 352 332 332 362 342 352 362 352 51 101 352 332 71 332 332 312 342 373 393 352 352 71 302 61 71 71 322 373 383 342 342 352 101 362 61 373 332 71 332 81 362 302 352 332 383 332 383 352 91 322
0 362 101 373 31 332 383 322 71 352 393 81 373 71 362 373 362 362 373 101 342 111 342 342 362 362 373 292 61 332 362 362 71 362 51 61 101 342 362 0 332 332 393 373 332 362 362 61 342 312 342 312 373 352 322 71 332 81 332 332 383 362 332 352 332 61 352 383 383 121 362 342 312 352 352 362 352 71 383 373 81 362 71 352 352 352 51 332 362 81 342 362 322 61 342 393 332 111 312 383 362
0 362 342 61 332 282 71 302 332 81 352 352 342 322 342 342 322 332 373 352 332 352 312 322 312 312 352 71 332 332 71 312 332 352 332 332 322 21 322 362 0 332 362 81 332 322 332 332 332 282 51 352 81 71 51 282 51 342 81 292 332 71 282 332 332 322 41 91 91 362 71 61 352 332 332 312 322 342 362 342 312 352 312 342 342 322 332 11 332 322 322 332 51 332 342 362 71 332 51 332 81
0 403 362 383 383 81 403 322 373 373 121 342 131 342 91 362 342 383 403 322 383 393 342 352 101 101 121 373 352 373 362 111 362 362 362 362 393 362 91 383 352 0 121 403 101 373 362 362 111 312 383 383 403 393 362 352 362 383 352 101 121 332 352 91 352 332 352 383 413 393 342 342 111 342 81 91 91 362 362 373 352 403 342 91 352 81 362 362 111 362 111 383 383 342 373 373 373 383 373 101 362
0 393 362 322 362 71 383 352 352 352 111 352 111 312 101 352 342 342 352 342 342 362 312 352 71 51 101 362 332 342 352 91 352 362 352 332 352 352 81 352 342 81 0 342 91 373 362 332 71 332 332 332 352 332 342 332 332 352 342 81 111 342 342 21 332 332 312 383 383 362 342 342 71 352 61 51 91 342 383 373 352 373 342 91 352 81 362 342 91 352 71 373 383 383 342 332 362 373 342 71 362
0 373 362 101 362 332 111 342 362 61 383 342 383 332 362 342 322 352 383 383 332 373 332 342 352 312 352 91 342 342 81 352 312 352 342 352 322 81 342 362 81 342 373 0 342 362 342 352 332 342 101 362 71 81 91 332 51 332 91 342 373 61 322 352 342 312 51 101 121 383 61 61 373 342 342 312 352 342 362 362 342 383 332 352 342 342 373 71 352 352 332 332 101 373 362 383 81 373 91 332 71
0 373 362 373 362 71 352 332 373 332 101 342 91 322 121 352 342 383 393 362 342 403 332 342 81 81 61 362 342 352 342 91 312 362 362 352 362 362 81 373 352 51 81 322 0 362 362 342 71 352 352 362 322 352 362 332 373 362 352 81 71 332 332 91 342 342 352 362 383 373 342 352 81 362 81 51 71 352 352 352 332 312 322 91 352 61 332 342 81 342 51 332 362 362 352 362 282 342 322 71 362
0 121 373 352 362 312 362 61 312 332 362 373 373 332 342 81 81 91 71 352 51 383 71 71 342 332 373 362 342 91 352 332 342 81 352 302 352 322 332 373 302 312 373 352 362 0 81 342 322 41 282 101 362 302 352 312 342 373 362 322 352 362 41 362 81 322 342 332 352 373 352 342 322 81 352 342 332 352 91 51 312 91 342 342 71 332 362 312 332 332 352 91 352 352 81 51 352 352 352 362 322
0 121 373 362 332 322 383 61 332 352 352 362 393 322 342 81 61 61 101 362 71 352 51 71 342 312 352 342 342 81 352 342 342 91 352 332 362 292 342 373 332 342 373 352 352 41 0 332 342 11 322 91 342 332 352 332 332 332 352 342 362 342 61 332 61 322 342 352 383 373 352 342 352 81 342 322 332 342 91 81 332 91 312 352 81 332 362 282 352 332 332 91 322 352 81 81 362 373 352 342 352
0 383 81 332 41 322 383 312 81 332 342 71 383 51 352 332 332 352 352 91 312 101 322 352 322 342 342 352 41 342 342 322 51 332 51 11 61 322 332 81 312 322 352 373 342 342 312 0 322 322 352 352 332 312 332 51 322 81 352 332 342 342 322 342 332 31 322 362 373 101 342 322 292 332 332 342 312 21 383 352 51 362 71 332 332 312 61 312 312 51 342 342 332 71 292 352 342 101 332 342 332
0 352 352 362 342 61 373 342 373 322 111 332 111 352 81 362 332 373 342 362 282 342 352 332 71 91 81 352 332 352 312 81 302 342 342 312 362 342 71 342 322 71 111 352 81 332 342 312 0 332 342 362 373 342 342 312 352 342 342 71 81 322 332 81 352 322 332 373 393 403 322 342 61 352 81 81 71 322 373 362 352 352 352 31 292 71 362 332 71 342 81 312 362 373 322 362 322 362 342 101 342
0 121 362 352 352 322 373 51 362 352 362 362 383 312 332 91 91 101 101 373 81 373 41 81 332 352 362 362 332 81 362 352 332 111 352 332 373 332 332 373 362 352 362 393 352 81 61 332 352 0 352 81 362 362 342 322 332 352 342 342 373 352 51 362 51 342 332 352 403 362 342 362 342 91 352 332 332 332 101 71 322 101 312 352 101 322 362 332 352 332 352 81 342 342 71 91 352 362 342 362 373
0 383 362 81 352 302 91 322 352 51 352 362 362 332 352 332 342 352 332 342 312 373 332 332 332 322 362 91 342 352 71 332 332 342 352 292 342 41 332 362 21 302 362 101 352 332 332 332 312 302 0 362 91 21 71 302 71 362 81 312 342 81 302 352 342 312 61 71 71 362 91 61 352 342 342 332 322 342 362 332 302 342 332 332 332 322 352 31 342 332 342 352 71 342 352 352 81 342 71 352 41
0 61 362 352 332 312 352 51 342 352 362 362 383 312 332 81 91 81 101 383 41 362 41 71 332 342 362 362 302 61 342 342 332 81 342 302 332 332 332 352 332 342 362 362 352 81 61 302 312 11 352 0 352 332 332 312 302 352 342 312 352 352 51 342 61 332 332 352 373 362 342 342 282 81 322 332 332 312 111 71 322 101 312 342 61 322 352 322 332 332 332 81 332 352 41 101 352 362 332 362 352
0 393 383 101 322 342 71 352 362 61 383 362 383 352 362 373 312 352 373 373 312 373 352 362 332 342 292 91 322 342 71 362 332 373 332 322 373 51 373 373 71 332 342 111 332 342 332 322 312 332 81 332 0 81 61 342 51 373 61 342 352 81 342 352 312 342 51 81 111 403 91 31 302 312 342 342 352 332 383 373 352 373 352 332 332 352 352 71 352 342 352 342 81 383 332 383 71 383 61 362 61
0 373 352 71 342 292 71 312 342 61 342 352 352 312 342 332 332 342 322 332 332 362 322 322 322 312 342 71 332 342 61 322 322 332 332 282 332 31 322 342 11 292 352 91 342 322 332 322 342 292 61 352 81 0 61 292 61 352 81 302 332 71 292 342 332 302 51 61 91 352 71 51 342 332 332 322 312 332 352 322 292 332 322 322 332 302 342 21 332 322 332 332 61 332 332 342 71 332 61 342 61
0 373 362 81 332 312 81 322 352 41 352 312 332 332 362 362 342 332 332 332 312 352 332 342 332 332 332 91 332 292 61 332 322 352 282 332 342 51 342 362 31 282 362 61 292 342 352 322 312 312 81 312 61 91 0 312 71 342 41 322 352 71 302 332 292 322 71 91 71 383 71 61 322 342 342 332 342 332 362 352 332 322 332 342 332 342 352 31 352 342 332 332 71 342 342 362 21 352 61 352 81
0 383 101 362 71 332 383 332 71 352 362 81 393 51 373 373 362 373 383 121 342 101 322 312 332 352 373 332 71 352 332 352 61 373 81 71 111 352 362 121 352 352 373 403 352 332 362 71 362 342 342 342 362 352 342 0 373 91 352 352 373 342 332 373 332 81 342 352 383 101 352 373 352 383 362 342 322 81 383 342 61 373 41 362 362 332 91 342 342 51 312 342 352 91 352 373 342 101 342 362 373
0 383 352 81 342 332 111 312 322 71 373 332 393 332 312 352 342 322 383 362 342 342 312 342 342 322 332 61 292 362 51 352 332 362 352 322 362 31 352 322 81 352 362 91 362 332 342 312 342 292 71 342 91 71 81 342 0 332 71 352 373 81 332 322 322 332 71 101 131 352 71 81 332 362 292 332 322 322 362 352 342 352 322 322 342 332 322 21 352 322 322 352 61 332 332 352 61 373 81 352 91
0 383 91 352 91 322 352 342 101 342 393 81 383 41 373 362 342 362 383 111 342 111 312 342 332 342 373 362 61 342 342 352 81 373 81 61 81 322 352 121 312 332 393 383 352 342 352 51 342 312 352 342 362 352 342 51 362 0 342 332 373 342 322 362 322 71 352 383 393 91 342 362 342 342 362 332 352 71 302 373 81 383 81 342 332 352 81 312 362 81 342 373 352 101 342 393 352 91 342 332 312
0 342 342 101 352 332 91 342 342 41 373 322 373 352 373 332 322 352 362 373 362 362 352 322 352 342 352 71 322 352 61 352 292 332 332 342 373 51 332 342 61 332 352 111 342 342 342 332 373 332 81 352 101 91 91 332 81 332 0 342 373 41 332 332 342 292 61 91 121 403 41 41 352 322 312 352 332 332 362 373 352 362 342 332 322 342 352 61 362 332 342 302 81 373 342 352 61 352 61 373 51
0 362 352 332 332 11 322 342 342 332 101 352 101 332 81 352 332 332 373 373 322 352 302 332 41 51 91 342 322 332 342 41 322 352 332 322 312 302 61 342 342 61 111 362 61 312 342 312 51 292 322 332 352 332 322 322 332 332 332 0 61 342 322 61 312 322 302 362 342 342 322 342 61 352 51 51 71 322 362 352 342 352 322 81 342 61 332 292 71 342 61 332 332 362 332 362 332 342 322 71 352
0 362 362 352 332 41 373 352 342 322 101 332 101 322 101 332 352 373 362 362 312 373 322 342 41 81 101 342 322 332 332 71 332 322 332 332 362 322 81 373 332 61 111 373 61 302 373 332 81 322 312 352 373 322 322 312 352 362 352 61 0 342 312 101 332 342 342 362 383 373 342 362 61 373 91 71 51 352 383 352 342 352 352 61 322 81 332 322 81 312 81 342 342 383 352 342 332 352 322 101 332
0 373 362 71 352 302 91 342 332 61 383 292 362 342 352 362 342 352 362 362 342 373 332 312 332 332 373 81 332 352 81 332 312 352 342 362 342 51 322 362 81 342 362 81 352 332 352 352 342 312 71 342 101 81 71 302 41 362 31 322 342 0 302 312 322 322 61 111 101 393 71 61 352 342 332 342 322 362 393 373 352 373 342 352 342 352 352 41 362 322 342 332 81 373 373 342 91 342 71 352 81
0 91 362 322 332 282 332 51 342 352 362 352 342 322 342 91 71 71 101 342 71 362 51 41 312 322 362 332 332 61 342 302 332 81 322 342 332 302 342 362 342 322 373 362 332 41 71 332 342 21 322 81 352 332 312 282 332 352 352 302 322 342 0 342 61 332 322 362 362 362 332 342 352 91 332 322 322 342 111 81 332 81 322 352 91 332 332 292 342 322 322 51 332 352 81 91 332 322 322 332 362
0 373 352 312 362 51 362 342 342 352 101 332 91 332 91 342 322 332 332 352 332 352 332 332 81 31 81 352 322 332 342 81 342 352 342 332 342 342 71 342 342 71 61 352 81 352 342 332 61 322 362 322 342 332 362 342 322 342 352 81 101 322 342 0 342 312 302 373 362 362 322 332 51 342 51 41 71 342 373 362 342 362 332 81 342 71 362 332 81 342 51 352 362 362 352 312 352 383 352 51 342
0 91 362 373 312 332 362 51 362 302 383 342 383 332 352 81 71 101 91 383 31 373 71 71 342 362 373 362 322 71 322 352 312 81 342 322 362 342 342 362 342 342 373 383 342 91 71 312 302 31 362 31 373 342 332 332 332 352 302 332 373 332 71 352 0 312 342 373 393 383 332 332 302 71 332 352 352 322 111 91 342 101 332 332 51 342 362 342 342 352 352 51 352 352 61 81 322 342 352 383 342
0 393 61 362 71 322 373 332 51 312 373 71 373 61 352 373 302 342 342 91 352 81 332 332 342 332 342 342 31 362 322 342 61 312 51 51 91 312 352 51 312 322 342 373 332 332 332 51 352 322 342 352 373 352 352 51 352 91 352 332 362 332 312 342 332 0 312 342 373 111 352 292 332 302 302 342 332 51 373 362 71 342 61 312 302 342 61 312 342 51 332 352 332 91 332 352 322 91 322 352 302
0 383 362 71 342 332 111 332 322 71 342 342 393 322 352 332 312 312 373 362 322 332 322 312 342 302 332 61 302 332 51 352 332 342 332 312 342 71 362 322 71 322 362 81 332 332 342 312 322 332 71 352 61 71 81 332 41 322 81 352 362 61 332 312 332 312 0 91 81 373 81 51 332 332 302 302 322 322 352 352 332 342 322 342 332 332 362 61 342 322 322 352 91 362 332 352 61 373 81 332 61
0 393 342 41 352 322 101 322 312 81 362 373 373 312 332 362 352 362 373 373 342 373 312 332 332 342 362 81 332 332 91 352 332 352 352 332 342 51 332 332 71 342 362 101 352 332 302 332 342 282 61 352 91 61 71 322 61 352 81 342 373 91 322 362 332 322 71 0 121 362 51 71 352 342 342 332 332 332 302 342 322 373 312 352 342 322 362 41 352 332 342 352 81 352 342 362 81 362 71 322 81
0 362 352 81 342 312 71 322 292 11 383 332 362 342 322 342 332 322 362 362 332 332 322 332 322 332 373 81 322 322 21 332 302 292 342 332 342 51 342 352 31 322 362 81 342 322 342 332 352 312 51 352 91 51 61 312 51 332 21 322 302 51 302 322 342 302 71 101 0 362 61 51 352 332 332 332 312 342 322 362 332 322 342 342 332 352 342 31 352 312 342 322 71 352 332 322 31 322 61 362 21
0 352 71 342 61 332 362 342 11 312 373 51 373 61 322 362 322 302 332 81 332 61 312 332 342 332 342 342 71 352 332 342 21 342 71 61 81 342 332 91 332 342 362 362 342 352 342 51 342 332 322 342 362 332 352 61 322 51 342 352 362 312 332 312 322 51 332 373 383 0 322 342 342 352 332 332 282 41 352 362 51 332 61 352 342 342 91 332 332 11 332 312 362 101 332 342 342 91 352 352 342
0 362 302 91 312 322 101 312 322 51 342 332 332 312 352 352 312 352 352 362 342 352 322 282 312 332 342 31 302 312 51 342 312 312 332 322 362 41 292 332 41 332 342 101 332 312 332 322 352 322 41 322 71 61 51 322 81 352 71 332 362 41 322 342 332 282 51 71 111 362 0 21 332 302 302 332 302 322 373 352 332 342 332 312 302 302 332 51 352 292 332 322 51 332 332 352 51 362 51 352 41
0 383 362 91 322 322 101 332 332 71 352 332 383 332 362 352 292 332 352 352 332 352 332 332 352 322 352 71 322 342 51 342 342 352 312 312 342 21 352 342 41 312 322 91 312 312 312 302 342 322 51 332 81 61 71 322 61 342 61 332 362 61 322 332 312 332 31 51 91 383 71 0 322 282 322 322 332 302 352 342 332 342 342 322 312 322 352 51 332 332 332 342 51 352 322 362 51 362 81 332 41
0 383 362 352 332 71 383 332 342 352 91 362 111 332 71 342 352 342 362 373 312 362 332 362 51 81 91 352 292 342 342 71 332 342 332 302 342 332 81 342 332 61 91 352 71 352 322 292 41 322 362 362 352 322 332 342 302 352 352 71 91 342 332 71 342 322 342 362 383 383 352 342 0 352 51 81 51 302 383 352 342 373 322 61 322 51 342 322 51 322 51 342 352 352 312 373 342 383 332 91 352
0 111 352 342 322 312 362 51 332 332 352 322 373 322 362 71 11 51 81 342 51 342 61 51 342 312 342 342 312 71 332 342 332 81 302 302 332 322 342 332 302 302 352 352 302 61 31 292 332 41 342 61 342 332 332 312 322 332 322 322 352 342 41 322 31 322 292 312 352 373 332 332 312 0 312 312 322 292 71 91 322 61 332 342 71 312 342 312 322 322 332 81 342 342 41 91 312 352 342 342 302
0 362 362 352 322 51 373 322 302 332 91 322 111 312 61 342 342 362 362 373 332 373 312 352 61 81 51 312 282 352 302 71 322 342 332 302 342 342 81 302 332 61 71 383 81 322 332 292 71 332 332 332 352 332 332 322 332 352 332 71 91 332 322 91 322 322 332 352 393 362 342 332 41 342 0 61 31 302 373 332 322 362 312 71 332 51 352 332 61 302 31 332 342 342 312 362 312 362 332 91 352
0 373 352 342 342 41 362 312 342 332 81 322 101 302 101 312 302 342 352 362 302 362 302 332 51 61 51 352 322 312 312 71 322 362 322 322 322 322 71 352 322 51 81 373 51 332 322 322 31 322 342 332 312 312 332 312 342 332 332 61 91 302 312 61 312 332 312 332 373 352 332 332 61 342 61 0 41 322 362 322 312 352 292 51 322 31 342 322 51 322 21 332 332 332 332 352 322 352 332 31 322
0 342 332 342 342 61 362 342 352 312 101 322 101 332 101 352 312 352 383 373 332 373 302 322 81 71 71 342 332 352 322 91 292 332 332 322 362 342 51 362 322 61 101 383 71 342 342 312 71 332 352 332 352 342 352 332 342 332 332 71 101 302 332 61 312 312 322 383 383 342 312 332 61 342 71 51 0 322 362 362 322 362 332 81 342 71 362 332 81 282 61 302 352 362 332 352 332 352 352 71 332
0 383 91 383 31 332 393 342 71 342 383 81 373 81 362 383 352 352 362 101 302 101 352 332 362 362 332 362 81 332 332 362 51 362 51 71 41 342 342 101 332 332 383 373 332 332 362 61 332 332 342 352 322 352 322 71 373 101 352 342 383 342 332 352 332 61 352 393 383 131 332 342 352 352 352 362 332 0 393 383 91 362 101 332 322 342 51 332 302 71 373 342 322 101 352 383 332 111 322 373 352
0 121 373 362 332 322 383 61 342 352 362 362 393 322 342 81 51 71 111 383 51 352 51 71 352 322 362 352 342 91 352 352 342 91 342 342 373 302 342 373 342 342 373 352 342 51 71 332 322 21 332 91 352 342 352 332 332 352 352 352 373 352 61 332 71 332 332 352 393 373 352 342 352 51 352 322 342 342 0 81 332 101 322 342 71 332 362 292 342 342 342 81 332 362 81 101 342 383 352 352 342
0 101 352 322 352 322 312 61 322 332 373 342 373 322 342 91 71 41 81 362 21 332 51 61 352 342 322 342 342 71 322 342 312 81 352 312 342 332 342 342 312 322 373 362 342 11 41 322 332 21 292 91 312 312 352 322 342 332 352 332 362 332 51 312 71 312 332 292 362 352 332 332 332 71 342 342 342 332 51 0 322 71 322 312 41 332 312 322 292 342 352 51 362 362 71 61 332 362 352 332 332
0 403 111 362 71 352 393 342 101 362 373 91 373 81 342 352 362 362 373 111 342 81 352 373 342 342 373 362 71 362 312 352 71 352 81 41 81 332 362 81 342 342 383 352 362 342 312 31 352 322 352 373 362 332 352 71 342 101 383 362 373 362 352 362 362 61 352 393 403 131 373 352 322 362 352 332 342 41 332 383 0 322 81 312 362 332 81 322 342 81 352 362 352 91 322 383 322 121 332 362 362
0 111 362 383 362 342 383 91 383 342 403 352 332 362 393 91 81 111 141 393 91 403 91 61 362 332 332 383 332 101 362 362 322 101 373 342 352 342 362 373 332 352 373 312 383 81 111 352 352 71 362 91 322 373 373 342 352 362 373 352 383 342 71 373 81 342 352 393 403 403 352 342 342 91 362 342 332 362 121 121 362 0 362 383 101 373 302 332 383 342 362 71 373 383 101 121 332 383 292 373 332
0 362 61 322 61 292 342 292 61 322 332 71 352 11 352 332 332 332 373 91 322 91 282 322 302 322 342 332 31 322 332 322 31 352 51 31 71 312 322 81 332 322 332 362 322 312 332 31 322 302 322 322 332 332 312 21 342 51 312 312 332 322 292 332 292 41 302 322 373 61 312 332 322 342 322 302 292 41 342 312 21 332 0 322 332 292 61 302 322 31 322 322 312 51 312 332 332 61 312 332 342
0 373 373 383 332 61 362 352 362 342 121 352 101 342 111 352 352 373 383 352 332 312 342 352 41 91 101 332 352 332 282 91 322 362 332 362 342 342 91 322 342 41 111 352 61 362 373 352 61 332 373 342 352 362 322 352 373 373 352 61 111 342 342 101 332 332 352 383 373 393 342 342 81 352 81 51 71 362 383 373 362 322 342 0 352 81 332 332 101 332 71 342 352 383 362 362 292 362 322 81 362
0 111 383 362 342 322 373 91 352 352 393 312 383 342 383 91 91 101 51 342 71 322 81 71 322 362 373 342 312 71 292 332 332 81 332 332 352 342 352 332 342 322 373 362 342 41 91 332 342 71 322 81 362 332 332 332 342 383 332 332 352 302 51 332 71 332 352 373 373 393 352 352 352 91 362 332 342 342 111 91 352 61 342 282 0 352 342 332 362 332 342 81 352 373 71 91 302 362 332 352 352
0 352 322 332 332 71 362 282 332 312 51 322 101 292 101 322 322 322 383 373 332 342 292 332 41 41 81 342 312 332 332 71 292 342 332 312 352 342 61 342 332 61 51 362 61 352 332 302 61 322 352 322 342 342 322 342 332 332 322 61 91 312 332 61 302 322 292 373 362 342 322 332 51 342 41 41 11 322 352 362 322 352 332 81 342 0 322 332 71 292 51 312 332 302 322 322 332 342 322 61 342
0 393 121 393 91 362 383 362 121 362 403 101 362 81 403 373 352 393 393 121 352 141 352 373 373 383 332 393 91 373 373 393 71 352 101 101 111 362 373 131 373 352 342 383 383 383 383 91 352 373 352 393 373 362 383 101 362 121 383 383 413 362 362 362 373 101 362 393 413 131 362 342 342 352 373 342 373 71 393 383 101 393 81 383 373 362 0 373 362 101 352 352 393 121 373 383 312 131 383 362 362
0 383 362 91 332 312 101 322 332 71 352 352 383 312 332 342 332 332 373 383 332 342 312 332 342 312 352 71 332 342 81 342 342 352 342 332 352 21 332 362 71 342 362 81 352 312 332 332 332 282 51 352 71 61 81 332 51 342 81 342 352 71 322 332 332 322 61 81 111 362 71 61 352 342 342 312 332 332 373 342 322 352 312 342 342 322 352 0 352 332 332 352 51 352 342 352 81 362 81 342 81
0 352 352 362 342 61 362 342 352 322 111 332 101 352 81 362 332 373 342 362 282 342 352 332 71 91 41 352 332 352 312 81 302 342 342 312 362 332 71 342 322 71 101 352 61 332 342 312 61 332 342 352 302 342 342 332 352 342 332 71 101 322 332 81 332 302 332 373 393 393 322 322 61 332 61 81 71 322 373 362 352 352 352 31 292 71 302 332 0 342 81 312 362 373 322 362 322 362 342 71 332
0 342 71 342 81 332 362 342 91 312 373 51 373 61 373 352 322 362 383 111 342 111 302 322 352 352 342 342 71 352 332 362 21 332 71 51 101 342 332 101 332 332 383 393 342 342 342 51 342 332 352 332 352 352 362 61 352 71 332 342 383 312 332 342 312 51 332 383 393 81 312 332 332 342 342 322 282 61 362 373 51 362 71 352 342 342 91 332 352 0 342 312 352 101 332 352 332 91 362 352 332
0 362 332 322 332 21 342 292 332 322 61 342 81 282 91 332 332 342 362 362 302 362 282 322 41 61 71 332 302 332 302 51 312 352 322 312 342 312 61 352 342 51 61 373 61 322 332 302 51 312 332 322 332 332 312 292 342 322 322 41 71 332 292 61 302 312 312 322 373 332 312 332 51 342 61 31 31 312 352 312 292 342 282 61 322 21 332 302 31 302 0 322 322 322 312 332 302 332 312 61 342
0 51 312 362 322 322 332 41 332 312 342 332 342 322 362 71 21 61 91 352 61 352 51 21 322 322 352 312 312 51 322 352 312 31 312 332 342 322 302 332 312 312 352 362 312 41 41 332 342 51 322 61 352 332 332 322 332 312 342 332 373 322 51 332 61 292 302 352 362 373 282 302 332 41 312 322 302 312 71 91 332 71 342 322 41 312 332 322 332 302 342 0 332 342 71 81 322 352 332 342 312
0 373 362 101 322 332 101 332 292 71 373 332 383 342 322 383 332 362 352 342 352 383 332 292 322 342 352 81 332 342 81 352 322 342 302 342 352 71 312 352 71 302 362 61 342 322 352 342 362 332 61 362 101 71 61 332 51 362 81 322 373 61 342 352 342 302 71 101 91 362 71 51 362 332 332 342 312 352 352 362 322 362 362 342 332 362 342 71 352 302 352 332 0 362 362 362 81 383 61 373 61
0 403 121 383 91 352 393 352 61 352 393 81 383 71 362 383 373 393 403 131 362 101 342 383 362 373 342 352 41 362 332 373 81 342 101 61 111 352 383 61 352 362 362 383 383 352 342 61 373 342 362 362 383 362 362 91 362 111 373 373 393 373 352 373 362 91 362 383 413 121 373 362 342 373 312 352 342 71 352 373 31 352 71 332 362 352 21 342 362 61 332 362 383 0 342 393 322 121 362 383 352
0 101 373 342 362 362 393 91 352 332 403 352 393 312 362 101 71 101 131 373 81 383 41 81 332 362 362 362 332 91 352 373 322 91 352 332 373 352 322 352 352 352 393 403 352 101 91 332 352 71 383 81 373 362 342 362 322 342 342 352 393 332 91 362 61 342 352 383 413 362 342 362 352 71 332 332 312 342 91 111 342 111 352 373 101 362 362 342 362 302 352 61 342 383 0 111 362 373 342 352 362
0 131 383 373 383 342 332 101 342 373 413 383 393 362 362 111 91 91 111 362 71 383 91 81 373 342 373 383 352 101 373 373 342 121 383 383 342 362 373 383 352 322 383 312 383 101 91 373 352 91 373 101 352 373 383 362 362 373 393 373 393 362 91 362 101 352 352 393 413 332 352 373 383 91 352 342 332 362 121 121 373 121 362 362 91 373 393 352 373 332 362 91 393 393 111 0 383 403 383 362 352
0 362 362 101 373 342 111 342 362 61 383 342 393 332 393 342 332 373 393 362 332 393 332 342 352 362 352 91 342 342 81 373 312 352 352 352 352 81 342 373 81 322 383 81 362 362 362 342 332 352 101 373 71 81 91 342 101 352 81 362 393 61 342 352 342 332 71 101 131 383 61 81 362 352 342 312 342 352 362 362 342 383 332 352 352 342 373 81 352 352 332 322 101 373 352 352 0 373 91 332 81
0 342 91 352 91 312 292 352 71 352 393 81 352 71 332 373 352 362 362 111 332 121 342 312 332 352 332 352 41 352 342 332 61 383 81 61 91 332 373 71 362 352 373 373 342 332 332 61 332 322 342 373 322 352 342 81 332 81 362 352 352 342 342 373 352 91 362 383 393 121 352 342 342 352 322 352 322 71 383 373 81 373 71 362 352 352 91 322 362 51 332 352 352 101 342 383 352 0 342 362 373
0 373 352 121 373 352 111 373 373 61 393 342 383 362 393 342 342 383 403 403 373 403 373 342 373 373 342 91 352 373 81 383 312 352 362 373 393 101 352 352 81 362 352 121 362 362 362 362 373 342 91 342 121 101 111 352 101 362 91 362 403 61 352 362 383 342 81 131 121 413 71 91 352 362 352 352 352 352 383 393 383 393 362 373 362 362 292 81 383 352 362 332 111 393 383 383 51 373 0 383 91
0 373 332 342 352 31 352 322 352 332 91 362 91 332 91 342 342 352 332 342 312 373 332 322 61 61 71 342 332 282 342 61 332 342 332 292 292 312 51 352 292 31 91 352 81 332 342 332 41 302 342 342 362 292 342 302 342 362 352 41 81 352 302 81 332 312 332 342 373 362 312 332 81 342 61 61 61 332 352 332 302 332 332 71 332 51 352 302 71 332 71 342 342 332 352 352 352 342 342 0 342
0 373 342 61 342 292 71 312 342 71 362 352 342 322 342 352 332 332 362 342 332 352 312 322 322 312 352 71 342 332 41 312 332 352 332 322 332 31 332 362 11 302 352 91 332 322 342 322 332 292 61 342 81 51 51 292 61 342 71 302 332 71 282 332 322 322 51 91 91 352 71 61 342 342 332 322 322 332 373 352 312 352 322 342 342 332 342 11 332 322 332 332 61 332 342 362 51 332 61 342 0
SETUP_COST
0.0 1620.0 1820.0 1620.0 1620.0 620.0 220.0 1220.0 1220.0 1620.0 2020.0 1420.0 1620.0 1020.0 2020.0 1220.0 1020.0 1820.0 2020.0 2220.0 1020.0 2220.0 1020.0 620.0 1220.0 1420.0 1420.0 1620.0 820.0 1220.0 1220.0 1220.0 1220.0 2020.0 1420.0 1420.0 1420.0 1020.0 1820.0 1420.0 1420.0 1420.0 2020.0 2220.0 1420.0 1220.0 1020.0 1220.0 1020.0 820.0 1420.0 1820.0 1220.0 1420.0 1420.0 1220.0 1820.0 1620.0 1620.0 1620.0 1620.0 1020.0 1220.0 1820.0 1220.0 1620.0 1220.0 1820.0 2420.0 1820.0 1620.0 1820.0 1620.0 2020.0 820.0 620.0 1020.0 1420.0 2020.0 1620.0 1220.0 2020.0 1020.0 1620.0 1420.0 1220.0 1620.0 820.0 1420.0 820.0 820.0 1420.0 1620.0 1820.0 1620.0 2020.0 1420.0 1820.0 1420.0 1020.0 1420.0
0.0 0.0 6640.0 7040.0 7240.0 6240.0 5840.0 1620.0 6840.0 7040.0 7860.0 7040.0 7040.0 7040.0 7460.0 2020.0 1820.0 2020.0 1820.0 7460.0 1220.0 7860.0 1620.0 820.0 6640.0 7040.0 7240.0 7240.0 6440.0 820.0 6840.0 6640.0 6640.0 2020.0 7040.0 6440.0 6240.0 6640.0 6840.0 6840.0 6440.0 6640.0 7660.0 7660.0 6840.0 1220.0 1220.0 6640.0 6640.0 1020.0 6840.0 1820.0 7660.0 6440.0 6840.0 6640.0 6640.0 7040.0 7460.0 6840.0 7040.0 6840.0 1220.0 7460.0 1820.0 6640.0 7240.0 7460.0 8060.0 7860.0 6640.0 7040.0 6240.0 1820.0 6440.0 7040.0 6440.0 6840.0 2220.0 1820.0 6640.0 1820.0 7040.0 7040.0 1620.0 6840.0 7240.0 6440.0 7240.0 6440.0 7040.0 1620.0 7240.0 7240.0 1620.0 1420.0 7040.0 7460.0 6840.0 6040.0 7240.0
0.0 7240.0 0.0 6840.0 1620.0 6640.0 7660.0 6640.0 1620.0 6840.0 7240.0 1620.0 7860.0 1020.0 7460.0 7240.0 7040.0 7240.0 7240.0 1220.0 6840.0 1820.0 6040.0 6840.0 6840.0 7240.0 7460.0 7240.0 1420.0 7240.0 6640.0 7040.0 1420.0 7460.0 1820.0 1220.0 2020.0 7040.0 7040.0 2020.0 7040.0 7240.0 6840.0 7860.0 6840.0 7040.0 7040.0 1020.0 6840.0 6840.0 7240.0 6840.0 7240.0 7040.0 7040.0 1220.0 7240.0 1420.0 6640.0 7040.0 7460.0 6840.0 6640.0 7040.0 6440.0 1420.0 6840.0 7040.0 8260.0 1420.0 6640.0 7040.0 6840.0 7240.0 7240.0 6440.0 6640.0 1220.0 7460.0 6840.0 1220.0 7460.0 1020.0 6440.0 6440.0 6640.0 1820.0 6840.0 6840.0 1420.0 6240.0 6840.0 7040.0 1820.0 6640.0 7460.0 6640.0 2020.0 7040.0 7040.0 7040.0
0.0 7660.0 6440.0 0.0 6640.0 6440.0 2020.0 6440.0 6840.0 1020.0 7240.0 6840.0 7040.0 6640.0 7460.0 7040.0 6440.0 7240.0 6840.0 7040.0 6440.0 7460.0 6640.0 6040.0 6640.0 6840.0 7040.0 1020.0 6440.0 6040.0 1420.0 6840.0 6440.0 6440.0 6840.0 6240.0 6240.0 1020.0 6240.0 6840.0 820.0 6240.0 7040.0 1820.0 7040.0 6440.0 7040.0 6640.0 6440.0 6440.0 1220.0 6640.0 1820.0 620.0 1420.0 6440.0 1220.0 7460.0 1820.0 6440.0 7240.0 1220.0 6240.0 7240.0 6840.0 5840.0 1220.0 1820.0 2420.0 7660.0 420.0 820.0 6840.0 6440.0 6440.0 6840.0 6240.0 6840.0 7460.0 6840.0 6440.0 6840.0 6840.0 6640.0 6440.0 6440.0 7040.0 820.0 7240.0 6240.0 6840.0 6840.0 1420.0 7040.0 7040.0 7240.0 1420.0 7240.0 1420.0 5840.0 1020.0
0.0 7660.0 2020.0 7240.0 0.0 6240.0 7460.0 6640.0 2020.0 6640.0 7460.0 1220.0 6840.0 1620.0 7460.0 7460.0 7040.0 6640.0 7040.0 1420.0 6640.0 1620.0 6840.0 6840.0 6840.0 6640.0 6840.0 7240.0 1620.0 6040.0 6840.0 6840.0 1420.0 7240.0 620.0 1620.0 1620.0 6440.0 7040.0 1420.0 6240.0 6040.0 7660.0 7040.0 6040.0 6840.0 7240.0 1420.0 6640.0 6240.0 7040.0 6640.0 7040.0 7240.0 5840.0 820.0 7040.0 1620.0 6440.0 6440.0 7240.0 7040.0 6240.0 6640.0 6040.0 1220.0 6840.0 7460.0 7040.0 2420.0 7240.0 7040.0 6640.0 7240.0 7240.0 6840.0 7040.0 1620.0 7660.0 7240.0 1420.0 6840.0 1620.0 7040.0 7040.0 7040.0 1820.0 6240.0 7240.0 1620.0 7040.0 7040.0 7040.0 1820.0 7040.0 7460.0 6240.0 1820.0 6840.0 7460.0 7240.0
0.0 7040.0 7040.0 6440.0 6640.0 0.0 7040.0 6640.0 6840.0 7040.0 1820.0 7040.0 1820.0 6440.0 1420.0 7040.0 6640.0 6640.0 7460.0 7240.0 6840.0 7040.0 6440.0 6640.0 620.0 1020.0 1820.0 6640.0 6840.0 6440.0 7240.0 620.0 7040.0 7040.0 6440.0 6640.0 6640.0 6040.0 1420.0 7460.0 6640.0 1020.0 2020.0 7040.0 1020.0 6240.0 6840.0 6840.0 1420.0 5840.0 6440.0 7040.0 7040.0 6640.0 6240.0 6440.0 6640.0 7040.0 6840.0 1020.0 1020.0 7040.0 6240.0 1420.0 6640.0 6640.0 6840.0 7240.0 7460.0 7460.0 6640.0 6840.0 1620.0 7040.0 1620.0 1020.0 1420.0 6840.0 7660.0 7040.0 6640.0 7040.0 6440.0 1620.0 7040.0 1220.0 6640.0 5840.0 1820.0 6640.0 1420.0 6440.0 6640.0 7240.0 7040.0 7040.0 6640.0 6640.0 6240.0 1220.0 7040.0
0.0 7460.0 7040.0 1420.0 6840.0 5840.0 0.0 7040.0 6640.0 1420.0 7660.0 6840.0 6840.0 6640.0 7240.0 7460.0 7040.0 7040.0 7460.0 7660.0 6440.0 7460.0 6640.0 6040.0 6440.0 6640.0 6840.0 1420.0 6040.0 6840.0 1220.0 6440.0 6440.0 7240.0 6840.0 6640.0 6840.0 820.0 7040.0 6640.0 1620.0 6840.0 7460.0 2020.0 6640.0 6440.0 6240.0 6440.0 6440.0 6040.0 1220.0 7240.0 2020.0 1420.0 1220.0 6640.0 1620.0 6840.0 1620.0 6840.0 6840.0 1220.0 6640.0 7040.0 6840.0 6840.0 1820.0 2020.0 2420.0 7660.0 1420.0 1820.0 6840.0 7460.0 6040.0 6840.0 6240.0 6640.0 7240.0 7240.0 7040.0 7240.0 6640.0 6840.0 6640.0 6840.0 6840.0 620.0 7240.0 6040.0 6640.0 6640.0 1420.0 7240.0 6840.0 7240.0 1220.0 7040.0 1220.0 7040.0 1820.0
0.0 2620.0 6440.0 7660.0 7240.0 7040.0 7040.0 0.0 7240.0 7460.0 8060.0 7660.0 7660.0 7240.0 7860.0 1020.0 1620.0 2420.0 2220.0 7460.0 1820.0 6840.0 1620.0 2020.0 6840.0 7660.0 7040.0 7460.0 6640.0 1420.0 6440.0 6640.0 7240.0 2020.0 7040.0 7040.0 7040.0 7040.0 7660.0 7240.0 7040.0 7040.0 7660.0 7860.0 7240.0 2020.0 1820.0 7040.0 7240.0 1820.0 7660.0 2220.0 7660.0 6840.0 7040.0 7240.0 7240.0 7660.0 7660.0 7240.0 7040.0 7460.0 1620.0 7460.0 1820.0 7460.0 7240.0 7660.0 8060.0 7460.0 7240.0 6840.0 7460.0 1620.0 6640.0 6840.0 7240.0 7240.0 2220.0 2220.0 6640.0 1820.0 7040.0 7240.0 1820.0 7240.0 6440.0 7040.0 7660.0 7240.0 7040.0 1820.0 7660.0 6040.0 2020.0 2620.0 6640.0 6840.0 6840.0 6640.0 7460.0
0.0 8260.0 2220.0 7460.0 1420.0 7040.0 7660.0 6840.0 0.0 6640.0 8060.0 2020.0 8260.0 1220.0 6240.0 7660.0 7040.0 7040.0 8060.0 2420.0 6840.0 2020.0 6640.0 7040.0 7040.0 7040.0 7240.0 7240.0 1220.0 7460.0 7040.0 7460.0 1620.0 6640.0 2020.0 1620.0 2420.0 6640.0 7460.0 1620.0 6840.0 7240.0 7660.0 7860.0 7460.0 7240.0 7460.0 1420.0 7460.0 6640.0 7460.0 7240.0 7240.0 7460.0 7040.0 1020.0 6240.0 2020.0 7240.0 7240.0 7860.0 7460.0 6840.0 7040.0 6840.0 1620.0 7040.0 7460.0 8260.0 1620.0 7240.0 6640.0 7240.0 6840.0 6640.0 7040.0 7040.0 1620.0 7860.0 7240.0 2020.0 7240.0 1820.0 7040.0 7240.0 7240.0 1620.0 6440.0 6840.0 1620.0 7040.0 7240.0 7240.0 2020.0 7240.0 7460.0 7040.0 2020.0 7240.0 7460.0 6840.0
0.0 7660.0 6840.0 2420.0 6840.0 6840.0 1220.0 6640.0 7660.0 0.0 7860.0 7240.0 7660.0 7040.0 7460.0 7240.0 7240.0 7660.0 7660.0 7240.0 7040.0 7860.0 7040.0 7040.0 6440.0 7460.0 7460.0 1620.0 7040.0 6840.0 420.0 7460.0 6640.0 7460.0 6640.0 7040.0 7040.0 1620.0 7460.0 7860.0 1620.0 6440.0 7860.0 1820.0 6840.0 7460.0 6840.0 6840.0 7040.0 6840.0 2020.0 7040.0 1820.0 2020.0 1220.0 7240.0 2020.0 7660.0 1820.0 6840.0 7860.0 1620.0 7040.0 7660.0 6840.0 6840.0 1820.0 2420.0 2420.0 7460.0 1820.0 1820.0 7240.0 7240.0 7240.0 6640.0 7240.0 7040.0 7860.0 7660.0 7460.0 7460.0 7040.0 7040.0 6840.0 7040.0 6840.0 1420.0 7460.0 7240.0 7040.0 7040.0 2220.0 7040.0 7240.0 6440.0 620.0 6440.0 1220.0 7240.0 2020.0
0.0 7660.0 7460.0 7460.0 6840.0 1420.0 7660.0 6840.0 6240.0 6840.0 0.0 6440.0 2620.0 6640.0 1420.0 7240.0 6640.0 7460.0 6840.0 6640.0 6240.0 7040.0 6640.0 6440.0 1420.0 1820.0 1420.0 7460.0 6040.0 7240.0 6440.0 1820.0 6440.0 7240.0 6040.0 6440.0 7240.0 7240.0 620.0 7040.0 7040.0 620.0 1220.0 7040.0 1220.0 6840.0 6840.0 6240.0 1820.0 6640.0 7040.0 7040.0 6640.0 6840.0 7040.0 6840.0 6840.0 7460.0 7040.0 1420.0 2020.0 6840.0 6840.0 1620.0 6640.0 6640.0 6840.0 7460.0 7040.0 7660.0 6840.0 6840.0 1220.0 6640.0 1620.0 1620.0 1220.0 6440.0 7460.0 7240.0 6840.0 7240.0 6640.0 820.0 6640.0 1420.0 6640.0 7040.0 820.0 6440.0 1020.0 6640.0 6040.0 7240.0 6640.0 7660.0 6440.0 7660.0 7040.0 2220.0 7040.0
0.0 7860.0 2020.0 7460.0 1620.0 7040.0 7860.0 6640.0 1020.0 6640.0 7860.0 0.0 8260.0 1820.0 6840.0 7660.0 7460.0 6840.0 7660.0 2220.0 6640.0 1820.0 6640.0 7460.0 7460.0 7040.0 7240.0 7240.0 1020.0 7460.0 6840.0 7660.0 1420.0 7460.0 2020.0 1620.0 2420.0 6640.0 7660.0 1620.0 7040.0 7240.0 7660.0 7860.0 7660.0 6640.0 6840.0 1420.0 6640.0 6440.0 6840.0 6640.0 7660.0 6840.0 7240.0 1820.0 6040.0 1620.0 6640.0 7240.0 7860.0 6840.0 7040.0 6840.0 6240.0 1620.0 7240.0 7860.0 7240.0 2220.0 7240.0 7240.0 6840.0 7460.0 6440.0 7040.0 7040.0 1620.0 7660.0 7660.0 1820.0 7460.0 1620.0 7040.0 7040.0 7240.0 1620.0 6440.0 7460.0 1620.0 7040.0 7240.0 7240.0 1820.0 7040.0 7460.0 7040.0 2220.0 7660.0 7660.0 7460.0
0.0 7660.0 7240.0 7460.0 7240.0 1020.0 7660.0 6440.0 7240.0 6840.0 1820.0 7240.0 0.0 6640.0 2020.0 6640.0 6840.0 7240.0 7240.0 7460.0 7240.0 7240.0 6640.0 7240.0 1220.0 1620.0 2020.0 7240.0 6840.0 6840.0 7040.0 1220.0 6640.0 6840.0 7040.0 5840.0 7240.0 6840.0 1820.0 7240.0 6440.0 1220.0 1820.0 7460.0 1620.0 7240.0 7240.0 6840.0 2020.0 6240.0 7040.0 7240.0 7660.0 6440.0 6840.0 6640.0 7240.0 7460.0 7240.0 1420.0 1620.0 6840.0 6640.0 1820.0 6840.0 6240.0 6640.0 7460.0 8060.0 7660.0 7040.0 6640.0 1820.0 6840.0 1420.0 1620.0 1020.0 7040.0 7860.0 7240.0 6640.0 7240.0 6840.0 1620.0 6840.0 1020.0 7040.0 6640.0 2020.0 6240.0 2020.0 6840.0 7460.0 6840.0 7240.0 7240.0 7240.0 7460.0 6640.0 1420.0 6440.0
0.0 7040.0 1220.0 6440.0 1220.0 6440.0 7040.0 6640.0 1420.0 6240.0 7240.0 1420.0 7240.0 0.0 7240.0 6640.0 6440.0 7240.0 7460.0 1820.0 6440.0 2220.0 5640.0 6440.0 6040.0 6440.0 6840.0 6640.0 620.0 6440.0 6640.0 6840.0 1020.0 6840.0 1020.0 620.0 1420.0 6640.0 6440.0 1820.0 6640.0 6440.0 7240.0 7460.0 6440.0 6640.0 6640.0 420.0 6440.0 6240.0 6840.0 6240.0 6640.0 6640.0 6240.0 1220.0 6640.0 1020.0 6240.0 6440.0 7240.0 6640.0 6640.0 6640.0 5840.0 820.0 6640.0 7240.0 7460.0 1220.0 6240.0 6640.0 6240.0 6640.0 6640.0 6040.0 6640.0 820.0 6840.0 7040.0 1220.0 7040.0 1020.0 6840.0 6640.0 6640.0 1020.0 6440.0 6640.0 1020.0 6240.0 6840.0 7040.0 1820.0 6240.0 7240.0 6640.0 1420.0 6240.0 6440.0 6840.0
0.0 7660.0 7040.0 7040.0 6240.0 1220.0 7040.0 6240.0 6440.0 6840.0 2020.0 6640.0 2020.0 6640.0 0.0 7040.0 6840.0 6440.0 7660.0 7240.0 7040.0 6840.0 6240.0 6840.0 1620.0 1020.0 1220.0 6640.0 5840.0 6640.0 6440.0 1820.0 6640.0 7240.0 6640.0 6440.0 7240.0 6040.0 1620.0 6440.0 6840.0 1420.0 1820.0 7240.0 1420.0 6640.0 6840.0 6240.0 1620.0 5840.0 6640.0 6840.0 7240.0 6840.0 6640.0 6840.0 5640.0 6640.0 6840.0 1820.0 2020.0 7040.0 6840.0 1020.0 6440.0 6640.0 6840.0 6840.0 7860.0 7240.0 6640.0 7040.0 1220.0 7240.0 420.0 1220.0 1020.0 6440.0 7240.0 6640.0 6840.0 7040.0 6440.0 1020.0 6840.0 1420.0 6440.0 5840.0 1620.0 6440.0 1020.0 7040.0 6640.0 6640.0 6640.0 7040.0 6640.0 6640.0 7040.0 1620.0 7240.0
0.0 2420.0 7460.0 7240.0 7240.0 6440.0 7460.0 1220.0 6440.0 7240.0 7660.0 7040.0 6840.0 6840.0 7040.0 0.0 1220.0 1820.0 2220.0 7460.0 1020.0 7660.0 1620.0 1620.0 6840.0 6840.0 7460.0 7460.0 7240.0 620.0 7040.0 6840.0 6840.0 2020.0 6640.0 6840.0 7040.0 6440.0 7040.0 7860.0 6240.0 6640.0 7660.0 7460.0 6640.0 1620.0 1620.0 7040.0 7240.0 1020.0 7240.0 1820.0 7660.0 7460.0 6440.0 6440.0 7040.0 7460.0 7040.0 6640.0 7240.0 7240.0 820.0 6640.0 1420.0 7040.0 6840.0 7040.0 7660.0 7860.0 7460.0 7240.0 7240.0 1220.0 7240.0 6840.0 7040.0 7040.0 2020.0 1620.0 6840.0 1620.0 6840.0 7040.0 1420.0 6840.0 7240.0 6240.0 7040.0 7040.0 7040.0 1820.0 7040.0 7040.0 2020.0 2020.0 6840.0 7240.0 7040.0 7460.0 7040.0
0.0 2220.0 7040.0 7040.0 6440.0 6240.0 7240.0 820.0 6640.0 6840.0 7040.0 6440.0 7460.0 6440.0 7240.0 1420.0 0.0 1020.0 1620.0 6640.0 1020.0 6640.0 1020.0 1020.0 6840.0 6040.0 6840.0 6840.0 6040.0 1420.0 6640.0 6640.0 6640.0 1620.0 5840.0 6440.0 6640.0 6440.0 6840.0 6640.0 6040.0 5840.0 7040.0 6840.0 6040.0 1220.0 620.0 6440.0 6640.0 820.0 6840.0 1420.0 6840.0 6840.0 6640.0 6240.0 6440.0 6640.0 6840.0 6440.0 7040.0 6640.0 820.0 6440.0 1020.0 6240.0 5640.0 7460.0 6840.0 7460.0 6840.0 6640.0 6840.0 1420.0 6040.0 6240.0 6440.0 5840.0 1820.0 1820.0 6240.0 1220.0 6640.0 6840.0 1420.0 6240.0 6840.0 6040.0 6440.0 6440.0 6440.0 1420.0 6840.0 6840.0 1420.0 1820.0 6240.0 7040.0 6840.0 6640.0 6040.0
0.0 2020.0 7040.0 6240.0 7040.0 6440.0 7240.0 1420.0 6840.0 6640.0 7460.0 6640.0 7240.0 6440.0 7240.0 1420.0 1020.0 0.0 1420.0 7040.0 1220.0 6040.0 1020.0 1220.0 7040.0 6040.0 7040.0 7040.0 6440.0 1220.0 6640.0 7040.0 6840.0 1620.0 6840.0 6640.0 6840.0 6840.0 6640.0 6840.0 6640.0 6440.0 6640.0 6640.0 6840.0 1620.0 1620.0 6640.0 6640.0 1020.0 7240.0 1020.0 6840.0 6640.0 7040.0 6840.0 6440.0 5840.0 6640.0 6840.0 7460.0 6440.0 1220.0 5640.0 820.0 6240.0 6040.0 7460.0 7240.0 7460.0 6440.0 6640.0 6440.0 1420.0 6440.0 6240.0 6640.0 6640.0 1020.0 1820.0 6840.0 820.0 6640.0 6640.0 1420.0 6840.0 6640.0 6640.0 7040.0 6640.0 6440.0 1820.0 7240.0 7460.0 1620.0 820.0 6840.0 7660.0 6440.0 6440.0 6640.0
0.0 1620.0 6840.0 7240.0 6440.0 6440.0 7040.0 1620.0 6840.0 6640.0 7460.0 6440.0 7040.0 6840.0 7460.0 2020.0 1020.0 1620.0 0.0 6040.0 1220.0 7460.0 1220.0 1220.0 5840.0 6840.0 6640.0 6440.0 6640.0 820.0 6840.0 5840.0 6640.0 1420.0 6240.0 7040.0 6840.0 6440.0 6640.0 7240.0 6440.0 6240.0 7460.0 7240.0 6240.0 1420.0 1620.0 6840.0 6840.0 820.0 6840.0 1420.0 7040.0 7040.0 6040.0 6640.0 6840.0 6840.0 6640.0 6240.0 6240.0 6240.0 1220.0 6640.0 820.0 6240.0 6640.0 7460.0 6640.0 7660.0 6440.0 6640.0 6840.0 1420.0 6640.0 7040.0 6840.0 6840.0 1420.0 2020.0 7040.0 1420.0 6840.0 6840.0 1420.0 6840.0 6240.0 6240.0 6640.0 6640.0 7040.0 820.0 6840.0 7240.0 1620.0 1620.0 6440.0 7460.0 6040.0 7460.0 6840.0
0.0 7660.0 1420.0 7040.0 1620.0 6240.0 7240.0 6840.0 1220.0 6640.0 7660.0 620.0 7460.0 1220.0 7240.0 7460.0 6440.0 7240.0 7240.0 0.0 7040.0 1820.0 6640.0 6440.0 6840.0 6840.0 7040.0 7040.0 820.0 7240.0 6640.0 6640.0 1020.0 6440.0 1220.0 1420.0 1820.0 6440.0 6640.0 1420.0 6240.0 6640.0 7040.0 7240.0 6840.0 6840.0 6840.0 1220.0 7040.0 6440.0 7040.0 7040.0 7660.0 7240.0 6840.0 820.0 6640.0 2020.0 6240.0 6640.0 7040.0 5840.0 6240.0 6440.0 6640.0 420.0 6640.0 7040.0 7660.0 2220.0 7040.0 6040.0 7040.0 6240.0 6240.0 7040.0 6640.0 1220.0 6440.0 7460.0 1620.0 7040.0 1420.0 6440.0 6240.0 7040.0 1420.0 6440.0 7240.0 1220.0 6840.0 6840.0 7040.0 2020.0 6840.0 6640.0 6640.0 1620.0 6640.0 7240.0 6440.0
0.0 1620.0 6840.0 7240.0 6840.0 6640.0 7460.0 1420.0 7460.0 6440.0 7660.0 6640.0 7460.0 7040.0 7040.0 1820.0 1220.0 2020.0 1420.0 7240.0 0.0 6840.0 1620.0 1220.0 6640.0 7040.0 6840.0 7040.0 6640.0 1820.0 6240.0 7040.0 6040.0 1420.0 6840.0 6240.0 7040.0 6840.0 6640.0 6840.0 6440.0 6640.0 7660.0 7040.0 7040.0 1220.0 1420.0 6240.0 7040.0 1220.0 6840.0 2020.0 7240.0 6840.0 6840.0 6640.0 7040.0 6840.0 6840.0 6840.0 7460.0 6440.0 1220.0 6840.0 1820.0 6440.0 6640.0 7460.0 7860.0 8060.0 6440.0 6840.0 6640.0 1620.0 6840.0 7040.0 6840.0 6440.0 2020.0 1820.0 7040.0 1620.0 7240.0 6040.0 420.0 6840.0 7240.0 6640.0 6840.0 6640.0 7040.0 820.0 7240.0 7240.0 1020.0 1820.0 6440.0 7240.0 6840.0 7460.0 6840.0
0.0 7860.0 2020.0 7460.0 1820.0 7040.0 7860.0 7040.0 2220.0 6840.0 7040.0 1820.0 6840.0 1620.0 7860.0 7040.0 7040.0 7860.0 7660.0 2020.0 6640.0 0.0 6640.0 6840.0 7460.0 6840.0 6840.0 7660.0 1420.0 7240.0 7240.0 7460.0 1220.0 7660.0 1220.0 1620.0 1820.0 7040.0 7460.0 2220.0 6840.0 6640.0 6840.0 6440.0 7460.0 7240.0 7460.0 1420.0 6640.0 6840.0 7460.0 6840.0 6640.0 7240.0 7460.0 1620.0 7240.0 1820.0 6840.0 7240.0 7860.0 7040.0 6840.0 7240.0 6440.0 1620.0 7240.0 7660.0 7860.0 2020.0 7040.0 7040.0 6840.0 7240.0 7460.0 6440.0 6840.0 1620.0 7660.0 7460.0 1820.0 5840.0 1420.0 7040.0 7040.0 7040.0 820.0 6840.0 7460.0 1620.0 6840.0 7040.0 7660.0 2220.0 7240.0 7860.0 6840.0 2220.0 6040.0 7040.0 6640.0
0.0 1620.0 6640.0 6440.0 6640.0 6640.0 7460.0 1220.0 6640.0 6240.0 7240.0 6640.0 7240.0 6440.0 7240.0 1220.0 1020.0 1820.0 1820.0 7460.0 820.0 7460.0 0.0 820.0 6840.0 7040.0 6840.0 6640.0 6640.0 1220.0 6640.0 6640.0 6440.0 1420.0 6640.0 6040.0 6840.0 6840.0 6440.0 7040.0 6640.0 6640.0 7240.0 7860.0 6840.0 1220.0 1020.0 5840.0 6240.0 820.0 6840.0 820.0 6640.0 6440.0 6840.0 6640.0 6640.0 6240.0 6240.0 6840.0 7040.0 6440.0 1220.0 7040.0 420.0 6240.0 6640.0 7040.0 7660.0 6640.0 6040.0 6440.0 6240.0 1220.0 6640.0 6040.0 6440.0 6040.0 1420.0 1620.0 6640.0 2020.0 6240.0 6840.0 1220.0 6440.0 7040.0 6640.0 6640.0 6440.0 6240.0 1420.0 6840.0 7040.0 820.0 1820.0 6640.0 7040.0 7040.0 6440.0 6640.0
0.0 1820.0 7040.0 7040.0 6640.0 6640.0 7460.0 1620.0 6640.0 6440.0 7660.0 6440.0 7240.0 6840.0 7240.0 1820.0 1220.0 2020.0 1820.0 7240.0 1420.0 7660.0 820.0 0.0 6040.0 6640.0 7040.0 6640.0 7040.0 1020.0 6640.0 7040.0 6040.0 1420.0 6440.0 6440.0 7040.0 6640.0 6640.0 7460.0 6640.0 6440.0 7860.0 7460.0 6440.0 620.0 1620.0 6640.0 6840.0 1220.0 6240.0 1620.0 7240.0 6440.0 6240.0 6640.0 6840.0 6840.0 6640.0 6440.0 7460.0 6240.0 1220.0 6640.0 1020.0 6640.0 6640.0 7040.0 7460.0 7240.0 6440.0 6840.0 6840.0 1620.0 7040.0 6640.0 5840.0 6640.0 2020.0 1620.0 6640.0 1820.0 7040.0 7240.0 1620.0 7040.0 6640.0 6440.0 7040.0 5640.0 6840.0 820.0 7240.0 6840.0 1420.0 1420.0 6640.0 7240.0 6240.0 7040.0 6840.0
0.0 6640.0 6640.0 6840.0 6040.0 620.0 6840.0 6640.0 7040.0 6440.0 1820.0 6440.0 1220.0 6640.0 1620.0 7040.0 6840.0 6640.0 6840.0 6640.0 6440.0 7040.0 6240.0 6840.0 0.0 1220.0 1420.0 6040.0 6640.0 5840.0 6640.0 1220.0 6440.0 7040.0 5840.0 6640.0 6440.0 6240.0 1620.0 7240.0 6240.0 420.0 2020.0 6840.0 420.0 6640.0 7040.0 6640.0 1020.0 6040.0 6840.0 6440.0 6840.0 7040.0 5640.0 6440.0 6840.0 7040.0 6440.0 420.0 1420.0 6840.0 6240.0 1420.0 6040.0 6440.0 6240.0 7460.0 6840.0 7240.0 6840.0 6840.0 1020.0 7040.0 1220.0 1220.0 1620.0 6840.0 7460.0 7040.0 6840.0 6640.0 6640.0 1620.0 6840.0 1420.0 6040.0 5840.0 1820.0 6840.0 1420.0 6640.0 6640.0 6840.0 6840.0 7240.0 6040.0 7040.0 5640.0 1820.0 7040.0
0.0 7660.0 6840.0 6840.0 6640.0 820.0 7240.0 6240.0 6640.0 6440.0 1620.0 6440.0 2020.0 6040.0 1220.0 6240.0 5840.0 6640.0 7040.0 7040.0 6040.0 7040.0 6040.0 6840.0 1220.0 0.0 1020.0 7040.0 6240.0 6240.0 6440.0 1420.0 6440.0 6440.0 6240.0 6440.0 6640.0 6440.0 1620.0 6640.0 6440.0 820.0 1620.0 6640.0 1020.0 6840.0 6440.0 6440.0 620.0 6240.0 7040.0 6840.0 6240.0 6440.0 6640.0 6240.0 5840.0 6840.0 6640.0 1220.0 1820.0 6240.0 6240.0 1220.0 6440.0 5640.0 6040.0 6840.0 7240.0 7040.0 6640.0 6040.0 1420.0 6240.0 820.0 220.0 1020.0 6240.0 7460.0 6640.0 6240.0 7040.0 6040.0 1020.0 6240.0 820.0 6840.0 6240.0 1020.0 6440.0 620.0 6840.0 6640.0 6840.0 6640.0 7040.0 6440.0 7040.0 6640.0 820.0 6240.0
0.0 7660.0 7460.0 7240.0 6840.0 1420.0 6640.0 6840.0 7040.0 6640.0 2020.0 6840.0 2420.0 6840.0 1620.0 7240.0 6040.0 6840.0 7240.0 7240.0 6040.0 7240.0 6840.0 7040.0 1420.0 1220.0 0.0 7240.0 6240.0 7040.0 6640.0 1620.0 6440.0 7240.0 6440.0 6240.0 7040.0 6240.0 1820.0 7040.0 6640.0 1020.0 1420.0 7460.0 1220.0 6640.0 6640.0 6240.0 620.0 6640.0 6840.0 7040.0 7240.0 6840.0 6840.0 6640.0 6240.0 7240.0 7040.0 1620.0 2020.0 6840.0 6640.0 1420.0 6640.0 6640.0 6240.0 6840.0 7460.0 7860.0 7040.0 5840.0 420.0 6040.0 1220.0 1420.0 1420.0 6440.0 7240.0 7240.0 6840.0 7240.0 6840.0 1220.0 6440.0 1420.0 7240.0 6640.0 1420.0 6640.0 1420.0 6840.0 6640.0 7240.0 6440.0 7460.0 6640.0 7660.0 6840.0 1620.0 6440.0
0.0 7040.0 7040.0 2020.0 5640.0 6440.0 1820.0 6240.0 6440.0 1420.0 7460.0 6840.0 7040.0 6640.0 7040.0 7040.0 7240.0 6840.0 7240.0 7040.0 6640.0 7240.0 6640.0 6640.0 6840.0 6840.0 7040.0 0.0 6440.0 6240.0 1420.0 7040.0 6640.0 7240.0 6240.0 6440.0 7040.0 1220.0 7040.0 7040.0 1020.0 6240.0 7460.0 1820.0 6240.0 7040.0 6840.0 6240.0 6640.0 5840.0 1820.0 5840.0 1820.0 1620.0 620.0 6440.0 1020.0 7240.0 1020.0 6440.0 7460.0 1620.0 6440.0 6840.0 6240.0 6640.0 1420.0 2020.0 1820.0 7660.0 1620.0 1620.0 6040.0 7240.0 6640.0 7040.0 6840.0 6440.0 7660.0 7040.0 6840.0 6840.0 6440.0 6640.0 6840.0 6640.0 6240.0 1020.0 6840.0 6840.0 6640.0 6840.0 820.0 6640.0 6640.0 7460.0 1020.0 7240.0 420.0 7240.0 1820.0
0.0 7240.0 1820.0 7040.0 1220.0 6440.0 7460.0 6440.0 1820.0 6640.0 7040.0 1620.0 7660.0 820.0 7460.0 6840.0 6840.0 7240.0 7240.0 2020.0 6640.0 2220.0 6240.0 6840.0 6640.0 7040.0 7240.0 7240.0 0.0 7040.0 6440.0 6840.0 820.0 6840.0 1220.0 620.0 1420.0 6840.0 7040.0 2020.0 6640.0 6640.0 6840.0 7860.0 7040.0 6840.0 6440.0 420.0 6840.0 6640.0 7040.0 6840.0 7040.0 6640.0 6840.0 1020.0 6640.0 1620.0 6640.0 6840.0 7040.0 6640.0 6440.0 7040.0 6440.0 1020.0 6640.0 7040.0 7860.0 1820.0 6840.0 6840.0 6240.0 7040.0 6840.0 6640.0 6040.0 620.0 7460.0 6640.0 1020.0 7240.0 820.0 7040.0 6840.0 6440.0 1620.0 6640.0 6640.0 620.0 6040.0 6640.0 6840.0 1620.0 6240.0 7240.0 6640.0 1820.0 6840.0 7040.0 7040.0
0.0 2020.0 7040.0 6840.0 6840.0 5840.0 7040.0 820.0 7040.0 6840.0 7460.0 7040.0 7040.0 6640.0 7040.0 1820.0 1420.0 1420.0 2020.0 7240.0 620.0 7240.0 1220.0 1220.0 6440.0 6440.0 7460.0 7040.0 6840.0 0.0 6640.0 6440.0 6440.0 1820.0 6840.0 6440.0 6640.0 6040.0 6640.0 7460.0 5840.0 6840.0 7460.0 7040.0 6840.0 1220.0 1620.0 6640.0 6840.0 420.0 6640.0 1620.0 7040.0 7040.0 6640.0 6040.0 6640.0 7040.0 7040.0 6040.0 6840.0 6840.0 420.0 6840.0 1220.0 6640.0 6440.0 7460.0 7460.0 7460.0 7040.0 6840.0 7040.0 1620.0 6840.0 6440.0 6640.0 6840.0 1620.0 1820.0 6440.0 1020.0 6640.0 6640.0 1020.0 6640.0 6840.0 5840.0 6840.0 6640.0 6640.0 1420.0 6640.0 6640.0 1620.0 2020.0 6840.0 6840.0 6640.0 7040.0 7040.0
0.0 7240.0 7240.0 2020.0 6640.0 6640.0 2020.0 7040.0 7460.0 1420.0 7660.0 6840.0 7240.0 6640.0 7660.0 7040.0 6840.0 7240.0 7460.0 6840.0 6840.0 7660.0 6840.0 7040.0 6040.0 7040.0 7240.0 1220.0 6840.0 6440.0 0.0 7040.0 6440.0 7240.0 6440.0 7040.0 6640.0 1220.0 7040.0 7460.0 1220.0 6040.0 7460.0 1820.0 6440.0 7240.0 7240.0 7040.0 6840.0 6640.0 2020.0 6840.0 1620.0 1820.0 820.0 6840.0 2020.0 7240.0 1420.0 6440.0 7460.0 1220.0 6840.0 7240.0 6440.0 6440.0 1420.0 2220.0 2020.0 7860.0 1420.0 1420.0 6840.0 7040.0 6840.0 6440.0 7040.0 7240.0 7460.0 7240.0 7040.0 7040.0 6640.0 7040.0 7040.0 6840.0 6640.0 1020.0 7240.0 7040.0 6640.0 6640.0 1820.0 7460.0 7040.0 7240.0 220.0 7240.0 820.0 6840.0 1620.0
0.0 6640.0 6640.0 6840.0 6040.0 620.0 6840.0 6640.0 7040.0 6440.0 1820.0 6440.0 1420.0 6640.0 1620.0 7040.0 6240.0 6840.0 6840.0 6640.0 6440.0 7240.0 6440.0 6240.0 220.0 1220.0 1420.0 6240.0 6640.0 6040.0 6840.0 0.0 6440.0 6440.0 5840.0 6840.0 6640.0 6240.0 1020.0 7040.0 6240.0 620.0 1820.0 6840.0 620.0 6440.0 6640.0 6640.0 1020.0 6040.0 6640.0 6440.0 6840.0 6840.0 5840.0 6440.0 6840.0 6640.0 6440.0 620.0 420.0 6840.0 6240.0 1420.0 6040.0 6240.0 6440.0 7240.0 7040.0 7240.0 6040.0 6440.0 1220.0 6640.0 1220.0 1220.0 1020.0 6640.0 7040.0 7240.0 6840.0 6440.0 6640.0 1420.0 6640.0 1220.0 6040.0 6040.0 1620.0 6440.0 1420.0 5840.0 6840.0 7040.0 6840.0 7240.0 6040.0 7240.0 5840.0 1820.0 6640.0
0.0 6640.0 1220.0 7040.0 1420.0 6440.0 7040.0 6640.0 1620.0 6040.0 7240.0 820.0 7040.0 1420.0 7040.0 7240.0 6040.0 6840.0 7460.0 1820.0 6840.0 2020.0 6840.0 6240.0 6640.0 6640.0 7240.0 6640.0 1220.0 6840.0 6240.0 6840.0 0.0 6440.0 1020.0 1620.0 1820.0 6640.0 6240.0 1620.0 6240.0 6440.0 7240.0 7460.0 6640.0 6640.0 6640.0 1420.0 7240.0 6440.0 6840.0 6840.0 7240.0 7040.0 6840.0 1020.0 6640.0 1020.0 6440.0 6640.0 7240.0 5840.0 6440.0 6440.0 6840.0 620.0 6240.0 7460.0 7460.0 2220.0 6040.0 6440.0 7040.0 6640.0 6640.0 6840.0 6440.0 1020.0 7040.0 7660.0 1420.0 7040.0 1620.0 6640.0 6640.0 6640.0 1620.0 6440.0 6840.0 1020.0 7040.0 5840.0 6840.0 1820.0 7240.0 6840.0 6440.0 1420.0 6840.0 7240.0 6440.0
0.0 1620.0 7040.0 6840.0 6840.0 6040.0 6840.0 820.0 6840.0 5640.0 7460.0 6640.0 7040.0 6640.0 7040.0 1820.0 1220.0 1420.0 2020.0 7040.0 1420.0 7240.0 820.0 1220.0 6440.0 6440.0 7240.0 7040.0 6840.0 1420.0 5840.0 6440.0 6040.0 0.0 6840.0 6640.0 6640.0 6040.0 6640.0 7460.0 5840.0 6240.0 7240.0 6840.0 6840.0 620.0 1620.0 6640.0 6840.0 620.0 6240.0 1620.0 7040.0 6640.0 6640.0 6040.0 6640.0 6840.0 6840.0 6040.0 6840.0 6440.0 420.0 6840.0 1220.0 6440.0 6640.0 7240.0 7460.0 7240.0 6440.0 6840.0 7040.0 1620.0 6840.0 6440.0 6640.0 6840.0 2020.0 1620.0 6440.0 820.0 6640.0 7040.0 1620.0 6640.0 6640.0 5840.0 6840.0 6640.0 6640.0 820.0 6640.0 6840.0 1020.0 1020.0 6040.0 6440.0 6440.0 7040.0 5640.0
0.0 7460.0 1820.0 7460.0 2020.0 6440.0 7460.0 6440.0 1620.0 6640.0 7040.0 620.0 7860.0 1420.0 7240.0 7240.0 6640.0 7240.0 6640.0 1020.0 6840.0 2220.0 6840.0 7040.0 6840.0 7240.0 6440.0 7460.0 1020.0 7240.0 7040.0 6840.0 1020.0 6840.0 0.0 1420.0 2020.0 6840.0 7040.0 1820.0 6840.0 5640.0 7460.0 8060.0 7040.0 7040.0 7040.0 1420.0 6840.0 6240.0 7240.0 7240.0 7460.0 7460.0 7040.0 1620.0 6640.0 2020.0 6840.0 7240.0 7040.0 6640.0 6840.0 7240.0 6640.0 820.0 6640.0 7040.0 6640.0 2420.0 6840.0 6640.0 6640.0 6640.0 6640.0 7240.0 7040.0 1620.0 7240.0 6840.0 1820.0 7460.0 1420.0 6840.0 6640.0 7040.0 1820.0 6640.0 7040.0 1620.0 7040.0 6640.0 7460.0 1620.0 7040.0 7460.0 7040.0 2020.0 7040.0 7460.0 6840.0
0.0 7460.0 1420.0 7040.0 1420.0 6440.0 7460.0 6040.0 1620.0 6640.0 6840.0 1620.0 7460.0 820.0 7240.0 6440.0 6640.0 7040.0 6840.0 1820.0 7040.0 2020.0 6240.0 7040.0 6440.0 6640.0 7240.0 6840.0 1020.0 6640.0 6840.0 6240.0 1020.0 6440.0 1220.0 0.0 1820.0 6640.0 6840.0 1620.0 6240.0 6440.0 6840.0 7660.0 6640.0 7040.0 7040.0 1220.0 7040.0 6440.0 7240.0 7040.0 7460.0 6040.0 6440.0 1020.0 7040.0 1620.0 6840.0 6640.0 6640.0 6840.0 6240.0 6840.0 6640.0 620.0 6440.0 7240.0 7660.0 1820.0 6840.0 6440.0 7040.0 6640.0 6440.0 6640.0 6240.0 1420.0 7460.0 6840.0 1020.0 7040.0 1620.0 6640.0 6640.0 6040.0 1420.0 6240.0 7240.0 820.0 7040.0 6640.0 7040.0 1220.0 6840.0 6840.0 6840.0 1820.0 6640.0 7240.0 6640.0
0.0 7040.0 1020.0 7240.0 1220.0 6440.0 7040.0 6440.0 1420.0 6640.0 7240.0 1420.0 6840.0 1220.0 7240.0 7240.0 6440.0 7240.0 7040.0 1820.0 5840.0 1820.0 6640.0 6040.0 6640.0 7040.0 7040.0 6440.0 1020.0 6640.0 6440.0 6840.0 820.0 6640.0 820.0 1220.0 0.0 6640.0 6040.0 1420.0 6640.0 6240.0 7040.0 7460.0 6840.0 6440.0 6840.0 1020.0 5840.0 6440.0 6640.0 6440.0 7240.0 6840.0 6640.0 620.0 7040.0 1820.0 7040.0 6240.0 7240.0 6640.0 6640.0 7240.0 6840.0 420.0 6640.0 7240.0 7460.0 2020.0 5840.0 6240.0 6640.0 6440.0 6440.0 7040.0 6240.0 1220.0 7660.0 7460.0 1620.0 7240.0 1420.0 6440.0 6240.0 6440.0 1620.0 6640.0 7240.0 820.0 6640.0 6640.0 6640.0 1620.0 6840.0 7240.0 6640.0 2020.0 6640.0 7460.0 6440.0
0.0 7460.0 7860.0 2020.0 6440.0 6640.0 2220.0 7040.0 6440.0 1820.0 6840.0 7240.0 7860.0 7240.0 7040.0 7460.0 7240.0 7660.0 7240.0 7460.0 6840.0 7460.0 7240.0 6440.0 7040.0 7240.0 7660.0 1220.0 7240.0 6840.0 1420.0 7240.0 6840.0 7460.0 6640.0 6440.0 7460.0 0.0 6840.0 7040.0 1220.0 6640.0 7040.0 1820.0 7040.0 6040.0 7460.0 7240.0 6840.0 6640.0 820.0 6840.0 2220.0 1020.0 1420.0 6640.0 1620.0 7040.0 2020.0 6840.0 7660.0 1820.0 6640.0 6640.0 7040.0 6640.0 1620.0 1820.0 2020.0 7860.0 2020.0 1620.0 6840.0 7240.0 7040.0 7240.0 6640.0 7460.0 7660.0 6840.0 6640.0 7660.0 7240.0 6640.0 7240.0 7040.0 6840.0 1220.0 7240.0 6640.0 7240.0 7240.0 620.0 7660.0 7660.0 6840.0 1620.0 7460.0 1620.0 7660.0 1620.0
0.0 8060.0 7240.0 7460.0 6840.0 1020.0 7240.0 6640.0 6440.0 7040.0 2020.0 7040.0 2420.0 6840.0 1620.0 7040.0 6040.0 6840.0 7460.0 7240.0 6840.0 7240.0 6840.0 6440.0 1620.0 1220.0 1420.0 7460.0 6640.0 7460.0 7040.0 1620.0 6840.0 7040.0 6440.0 6240.0 7040.0 6840.0 0.0 7040.0 6640.0 1020.0 2220.0 7040.0 1220.0 6840.0 6640.0 6440.0 1820.0 6640.0 7040.0 7040.0 6640.0 6640.0 7240.0 6840.0 7040.0 7240.0 7040.0 1020.0 2020.0 7040.0 6640.0 1420.0 6640.0 6640.0 6240.0 6840.0 7460.0 7860.0 7040.0 7040.0 1420.0 6040.0 1220.0 1420.0 1420.0 6440.0 7460.0 7660.0 6840.0 6840.0 7040.0 2020.0 7240.0 1220.0 7460.0 6640.0 1420.0 6640.0 1620.0 7240.0 6040.0 7040.0 6640.0 7660.0 6640.0 7660.0 7040.0 1820.0 6440.0
0.0 7240.0 2020.0 7460.0 620.0 6640.0 7660.0 6440.0 1420.0 7040.0 7860.0 1620.0 7460.0 1420.0 7240.0 7460.0 7240.0 7240.0 7460.0 2020.0 6840.0 2220.0 6840.0 6840.0 7240.0 7240.0 7460.0 5840.0 1220.0 6640.0 7240.0 7240.0 1420.0 7240.0 1020.0 1220.0 2020.0 6840.0 7240.0 0.0 6640.0 6640.0 7860.0 7460.0 6640.0 7240.0 7240.0 1220.0 6840.0 6240.0 6840.0 6240.0 7460.0 7040.0 6440.0 1420.0 6640.0 1620.0 6640.0 6640.0 7660.0 7240.0 6640.0 7040.0 6640.0 1220.0 7040.0 7660.0 7660.0 2420.0 7240.0 6840.0 6240.0 7040.0 7040.0 7240.0 7040.0 1420.0 7660.0 7460.0 1620.0 7240.0 1420.0 7040.0 7040.0 7040.0 1020.0 6640.0 7240.0 1620.0 6840.0 7240.0 6440.0 1220.0 6840.0 7860.0 6640.0 2220.0 6240.0 7660.0 7240.0
0.0 7240.0 6840.0 1220.0 6640.0 5640.0 1420.0 6040.0 6640.0 1620.0 7040.0 7040.0 6840.0 6440.0 6840.0 6840.0 6440.0 6640.0 7460.0 7040.0 6640.0 7040.0 6240.0 6440.0 6240.0 6240.0 7040.0 1420.0 6640.0 6640.0 1420.0 6240.0 6640.0 7040.0 6640.0 6640.0 6440.0 420.0 6440.0 7240.0 0.0 6640.0 7240.0 1620.0 6640.0 6440.0 6640.0 6640.0 6640.0 5640.0 1020.0 7040.0 1620.0 1420.0 1020.0 5640.0 1020.0 6840.0 1620.0 5840.0 6640.0 1420.0 5640.0 6640.0 6640.0 6440.0 820.0 1820.0 1820.0 7240.0 1420.0 1220.0 7040.0 6640.0 6640.0 6240.0 6440.0 6840.0 7240.0 6840.0 6240.0 7040.0 6240.0 6840.0 6840.0 6440.0 6640.0 220.0 6640.0 6440.0 6440.0 6640.0 1020.0 6640.0 6840.0 7240.0 1420.0 6640.0 1020.0 6640.0 1620.0
0.0 8060.0 7240.0 7660.0 7660.0 1620.0 8060.0 6440.0 7460.0 7460.0 2420.0 6840.0 2620.0 6840.0 1820.0 7240.0 6840.0 7660.0 8060.0 6440.0 7660.0 7860.0 6840.0 7040.0 2020.0 2020.0 2420.0 7460.0 7040.0 7460.0 7240.0 2220.0 7240.0 7240.0 7240.0 7240.0 7860.0 7240.0 1820.0 7660.0 7040.0 0.0 2420.0 8060.0 2020.0 7460.0 7240.0 7240.0 2220.0 6240.0 7660.0 7660.0 8060.0 7860.0 7240.0 7040.0 7240.0 7660.0 7040.0 2020.0 2420.0 6640.0 7040.0 1820.0 7040.0 6640.0 7040.0 7660.0 8260.0 7860.0 6840.0 6840.0 2220.0 6840.0 1620.0 1820.0 1820.0 7240.0 7240.0 7460.0 7040.0 8060.0 6840.0 1820.0 7040.0 1620.0 7240.0 7240.0 2220.0 7240.0 2220.0 7660.0 7660.0 6840.0 7460.0 7460.0 7460.0 7660.0 7460.0 2020.0 7240.0
0.0 7860.0 7240.0 6440.0 7240.0 1420.0 7660.0 7040.0 7040.0 7040.0 2220.0 7040.0 2220.0 6240.0 2020.0 7040.0 6840.0 6840.0 7040.0 6840.0 6840.0 7240.0 6240.0 7040.0 1420.0 1020.0 2020.0 7240.0 6640.0 6840.0 7040.0 1820.0 7040.0 7240.0 7040.0 6640.0 7040.0 7040.0 1620.0 7040.0 6840.0 1620.0 0.0 6840.0 1820.0 7460.0 7240.0 6640.0 1420.0 6640.0 6640.0 6640.0 7040.0 6640.0 6840.0 6640.0 6640.0 7040.0 6840.0 1620.0 2220.0 6840.0 6840.0 420.0 6640.0 6640.0 6240.0 7660.0 7660.0 7240.0 6840.0 6840.0 1420.0 7040.0 1220.0 1020.0 1820.0 6840.0 7660.0 7460.0 7040.0 7460.0 6840.0 1820.0 7040.0 1620.0 7240.0 6840.0 1820.0 7040.0 1420.0 7460.0 7660.0 7660.0 6840.0 6640.0 7240.0 7460.0 6840.0 1420.0 7240.0
0.0 7460.0 7240.0 2020.0 7240.0 6640.0 2220.0 6840.0 7240.0 1220.0 7660.0 6840.0 7660.0 6640.0 7240.0 6840.0 6440.0 7040.0 7660.0 7660.0 6640.0 7460.0 6640.0 6840.0 7040.0 6240.0 7040.0 1820.0 6840.0 6840.0 1620.0 7040.0 6240.0 7040.0 6840.0 7040.0 6440.0 1620.0 6840.0 7240.0 1620.0 6840.0 7460.0 0.0 6840.0 7240.0 6840.0 7040.0 6640.0 6840.0 2020.0 7240.0 1420.0 1620.0 1820.0 6640.0 1020.0 6640.0 1820.0 6840.0 7460.0 1220.0 6440.0 7040.0 6840.0 6240.0 1020.0 2020.0 2420.0 7660.0 1220.0 1220.0 7460.0 6840.0 6840.0 6240.0 7040.0 6840.0 7240.0 7240.0 6840.0 7660.0 6640.0 7040.0 6840.0 6840.0 7460.0 1420.0 7040.0 7040.0 6640.0 6640.0 2020.0 7460.0 7240.0 7660.0 1620.0 7460.0 1820.0 6640.0 1420.0
0.0 7460.0 7240.0 7460.0 7240.0 1420.0 7040.0 6640.0 7460.0 6640.0 2020.0 6840.0 1820.0 6440.0 2420.0 7040.0 6840.0 7660.0 7860.0 7240.0 6840.0 8060.0 6640.0 6840.0 1620.0 1620.0 1220.0 7240.0 6840.0 7040.0 6840.0 1820.0 6240.0 7240.0 7240.0 7040.0 7240.0 7240.0 1620.0 7460.0 7040.0 1020.0 1620.0 6440.0 0.0 7240.0 7240.0 6840.0 1420.0 7040.0 7040.0 7240.0 6440.0 7040.0 7240.0 6640.0 7460.0 7240.0 7040.0 1620.0 1420.0 6640.0 6640.0 1820.0 6840.0 6840.0 7040.0 7240.0 7660.0 7460.0 6840.0 7040.0 1620.0 7240.0 1620.0 1020.0 1420.0 7040.0 7040.0 7040.0 6640.0 6240.0 6440.0 1820.0 7040.0 1220.0 6640.0 6840.0 1620.0 6840.0 1020.0 6640.0 7240.0 7240.0 7040.0 7240.0 5640.0 6840.0 6440.0 1420.0 7240.0
0.0 2420.0 7460.0 7040.0 7240.0 6240.0 7240.0 1220.0 6240.0 6640.0 7240.0 7460.0 7460.0 6640.0 6840.0 1620.0 1620.0 1820.0 1420.0 7040.0 1020.0 7660.0 1420.0 1420.0 6840.0 6640.0 7460.0 7240.0 6840.0 1820.0 7040.0 6640.0 6840.0 1620.0 7040.0 6040.0 7040.0 6440.0 6640.0 7460.0 6040.0 6240.0 7460.0 7040.0 7240.0 0.0 1620.0 6840.0 6440.0 820.0 5640.0 2020.0 7240.0 6040.0 7040.0 6240.0 6840.0 7460.0 7240.0 6440.0 7040.0 7240.0 820.0 7240.0 1620.0 6440.0 6840.0 6640.0 7040.0 7460.0 7040.0 6840.0 6440.0 1620.0 7040.0 6840.0 6640.0 7040.0 1820.0 1020.0 6240.0 1820.0 6840.0 6840.0 1420.0 6640.0 7240.0 6240.0 6640.0 6640.0 7040.0 1820.0 7040.0 7040.0 1620.0 1020.0 7040.0 7040.0 7040.0 7240.0 6440.0
0.0 2420.0 7460.0 7240.0 6640.0 6440.0 7660.0 1220.0 6640.0 7040.0 7040.0 7240.0 7860.0 6440.0 6840.0 1620.0 1220.0 1220.0 2020.0 7240.0 1420.0 7040.0 1020.0 1420.0 6840.0 6240.0 7040.0 6840.0 6840.0 1620.0 7040.0 6840.0 6840.0 1820.0 7040.0 6640.0 7240.0 5840.0 6840.0 7460.0 6640.0 6840.0 7460.0 7040.0 7040.0 820.0 0.0 6640.0 6840.0 220.0 6440.0 1820.0 6840.0 6640.0 7040.0 6640.0 6640.0 6640.0 7040.0 6840.0 7240.0 6840.0 1220.0 6640.0 1220.0 6440.0 6840.0 7040.0 7660.0 7460.0 7040.0 6840.0 7040.0 1620.0 6840.0 6440.0 6640.0 6840.0 1820.0 1620.0 6640.0 1820.0 6240.0 7040.0 1620.0 6640.0 7240.0 5640.0 7040.0 6640.0 6640.0 1820.0 6440.0 7040.0 1620.0 1620.0 7240.0 7460.0 7040.0 6840.0 7040.0
0.0 7660.0 1620.0 6640.0 820.0 6440.0 7660.0 6240.0 1620.0 6640.0 6840.0 1420.0 7660.0 1020.0 7040.0 6640.0 6640.0 7040.0 7040.0 1820.0 6240.0 2020.0 6440.0 7040.0 6440.0 6840.0 6840.0 7040.0 820.0 6840.0 6840.0 6440.0 1020.0 6640.0 1020.0 220.0 1220.0 6440.0 6640.0 1620.0 6240.0 6440.0 7040.0 7460.0 6840.0 6840.0 6240.0 0.0 6440.0 6440.0 7040.0 7040.0 6640.0 6240.0 6640.0 1020.0 6440.0 1620.0 7040.0 6640.0 6840.0 6840.0 6440.0 6840.0 6640.0 620.0 6440.0 7240.0 7460.0 2020.0 6840.0 6440.0 5840.0 6640.0 6640.0 6840.0 6240.0 420.0 7660.0 7040.0 1020.0 7240.0 1420.0 6640.0 6640.0 6240.0 1220.0 6240.0 6240.0 1020.0 6840.0 6840.0 6640.0 1420.0 5840.0 7040.0 6840.0 2020.0 6640.0 6840.0 6640.0
0.0 7040.0 7040.0 7240.0 6840.0 1220.0 7460.0 6840.0 7460.0 6440.0 2220.0 6640.0 2220.0 7040.0 1620.0 7240.0 6640.0 7460.0 6840.0 7240.0 5640.0 6840.0 7040.0 6640.0 1420.0 1820.0 1620.0 7040.0 6640.0 7040.0 6240.0 1620.0 6040.0 6840.0 6840.0 6240.0 7240.0 6840.0 1420.0 6840.0 6440.0 1420.0 2220.0 7040.0 1620.0 6640.0 6840.0 6240.0 0.0 6640.0 6840.0 7240.0 7460.0 6840.0 6840.0 6240.0 7040.0 6840.0 6840.0 1420.0 1620.0 6440.0 6640.0 1620.0 7040.0 6440.0 6640.0 7460.0 7860.0 8060.0 6440.0 6840.0 1220.0 7040.0 1620.0 1620.0 1420.0 6440.0 7460.0 7240.0 7040.0 7040.0 7040.0 620.0 5840.0 1420.0 7240.0 6640.0 1420.0 6840.0 1620.0 6240.0 7240.0 7460.0 6440.0 7240.0 6440.0 7240.0 6840.0 2020.0 6840.0
0.0 2420.0 7240.0 7040.0 7040.0 6440.0 7460.0 1020.0 7240.0 7040.0 7240.0 7240.0 7660.0 6240.0 6640.0 1820.0 1820.0 2020.0 2020.0 7460.0 1620.0 7460.0 820.0 1620.0 6640.0 7040.0 7240.0 7240.0 6640.0 1620.0 7240.0 7040.0 6640.0 2220.0 7040.0 6640.0 7460.0 6640.0 6640.0 7460.0 7240.0 7040.0 7240.0 7860.0 7040.0 1620.0 1220.0 6640.0 7040.0 0.0 7040.0 1620.0 7240.0 7240.0 6840.0 6440.0 6640.0 7040.0 6840.0 6840.0 7460.0 7040.0 1020.0 7240.0 1020.0 6840.0 6640.0 7040.0 8060.0 7240.0 6840.0 7240.0 6840.0 1820.0 7040.0 6640.0 6640.0 6640.0 2020.0 1420.0 6440.0 2020.0 6240.0 7040.0 2020.0 6440.0 7240.0 6640.0 7040.0 6640.0 7040.0 1620.0 6840.0 6840.0 1420.0 1820.0 7040.0 7240.0 6840.0 7240.0 7460.0
0.0 7660.0 7240.0 1620.0 7040.0 6040.0 1820.0 6440.0 7040.0 1020.0 7040.0 7240.0 7240.0 6640.0 7040.0 6640.0 6840.0 7040.0 6640.0 6840.0 6240.0 7460.0 6640.0 6640.0 6640.0 6440.0 7240.0 1820.0 6840.0 7040.0 1420.0 6640.0 6640.0 6840.0 7040.0 5840.0 6840.0 820.0 6640.0 7240.0 420.0 6040.0 7240.0 2020.0 7040.0 6640.0 6640.0 6640.0 6240.0 6040.0 0.0 7240.0 1820.0 420.0 1420.0 6040.0 1420.0 7240.0 1620.0 6240.0 6840.0 1620.0 6040.0 7040.0 6840.0 6240.0 1220.0 1420.0 1420.0 7240.0 1820.0 1220.0 7040.0 6840.0 6840.0 6640.0 6440.0 6840.0 7240.0 6640.0 6040.0 6840.0 6640.0 6640.0 6640.0 6440.0 7040.0 620.0 6840.0 6640.0 6840.0 7040.0 1420.0 6840.0 7040.0 7040.0 1620.0 6840.0 1420.0 7040.0 820.0
0.0 1220.0 7240.0 7040.0 6640.0 6240.0 7040.0 1020.0 6840.0 7040.0 7240.0 7240.0 7660.0 6240.0 6640.0 1620.0 1820.0 1620.0 2020.0 7660.0 820.0 7240.0 820.0 1420.0 6640.0 6840.0 7240.0 7240.0 6040.0 1220.0 6840.0 6840.0 6640.0 1620.0 6840.0 6040.0 6640.0 6640.0 6640.0 7040.0 6640.0 6840.0 7240.0 7240.0 7040.0 1620.0 1220.0 6040.0 6240.0 220.0 7040.0 0.0 7040.0 6640.0 6640.0 6240.0 6040.0 7040.0 6840.0 6240.0 7040.0 7040.0 1020.0 6840.0 1220.0 6640.0 6640.0 7040.0 7460.0 7240.0 6840.0 6840.0 5640.0 1620.0 6440.0 6640.0 6640.0 6240.0 2220.0 1420.0 6440.0 2020.0 6240.0 6840.0 1220.0 6440.0 7040.0 6440.0 6640.0 6640.0 6640.0 1620.0 6640.0 7040.0 820.0 2020.0 7040.0 7240.0 6640.0 7240.0 7040.0
0.0 7860.0 7660.0 2020.0 6440.0 6840.0 1420.0 7040.0 7240.0 1220.0 7660.0 7240.0 7660.0 7040.0 7240.0 7460.0 6240.0 7040.0 7460.0 7460.0 6240.0 7460.0 7040.0 7240.0 6640.0 6840.0 5840.0 1820.0 6440.0 6840.0 1420.0 7240.0 6640.0 7460.0 6640.0 6440.0 7460.0 1020.0 7460.0 7460.0 1420.0 6640.0 6840.0 2220.0 6640.0 6840.0 6640.0 6440.0 6240.0 6640.0 1620.0 6640.0 0.0 1620.0 1220.0 6840.0 1020.0 7460.0 1220.0 6840.0 7040.0 1620.0 6840.0 7040.0 6240.0 6840.0 1020.0 1620.0 2220.0 8060.0 1820.0 620.0 6040.0 6240.0 6840.0 6840.0 7040.0 6640.0 7660.0 7460.0 7040.0 7460.0 7040.0 6640.0 6640.0 7040.0 7040.0 1420.0 7040.0 6840.0 7040.0 6840.0 1620.0 7660.0 6640.0 7660.0 1420.0 7660.0 1220.0 7240.0 1220.0
0.0 7460.0 7040.0 1420.0 6840.0 5840.0 1420.0 6240.0 6840.0 1220.0 6840.0 7040.0 7040.0 6240.0 6840.0 6640.0 6640.0 6840.0 6440.0 6640.0 6640.0 7240.0 6440.0 6440.0 6440.0 6240.0 6840.0 1420.0 6640.0 6840.0 1220.0 6440.0 6440.0 6640.0 6640.0 5640.0 6640.0 620.0 6440.0 6840.0 220.0 5840.0 7040.0 1820.0 6840.0 6440.0 6640.0 6440.0 6840.0 5840.0 1220.0 7040.0 1620.0 0.0 1220.0 5840.0 1220.0 7040.0 1620.0 6040.0 6640.0 1420.0 5840.0 6840.0 6640.0 6040.0 1020.0 1220.0 1820.0 7040.0 1420.0 1020.0 6840.0 6640.0 6640.0 6440.0 6240.0 6640.0 7040.0 6440.0 5840.0 6640.0 6440.0 6440.0 6640.0 6040.0 6840.0 420.0 6640.0 6440.0 6640.0 6640.0 1220.0 6640.0 6640.0 6840.0 1420.0 6640.0 1220.0 6840.0 1220.0
0.0 7460.0 7240.0 1620.0 6640.0 6240.0 1620.0 6440.0 7040.0 820.0 7040.0 6240.0 6640.0 6640.0 7240.0 7240.0 6840.0 6640.0 6640.0 6640.0 6240.0 7040.0 6640.0 6840.0 6640.0 6640.0 6640.0 1820.0 6640.0 5840.0 1220.0 6640.0 6440.0 7040.0 5640.0 6640.0 6840.0 1020.0 6840.0 7240.0 620.0 5640.0 7240.0 1220.0 5840.0 6840.0 7040.0 6440.0 6240.0 6240.0 1620.0 6240.0 1220.0 1820.0 0.0 6240.0 1420.0 6840.0 820.0 6440.0 7040.0 1420.0 6040.0 6640.0 5840.0 6440.0 1420.0 1820.0 1420.0 7660.0 1420.0 1220.0 6440.0 6840.0 6840.0 6640.0 6840.0 6640.0 7240.0 7040.0 6640.0 6440.0 6640.0 6840.0 6640.0 6840.0 7040.0 620.0 7040.0 6840.0 6640.0 6640.0 1420.0 6840.0 6840.0 7240.0 420.0 7040.0 1220.0 7040.0 1620.0
0.0 7660.0 2020.0 7240.0 1420.0 6640.0 7660.0 6640.0 1420.0 7040.0 7240.0 1620.0 7860.0 1020.0 7460.0 7460.0 7240.0 7460.0 7660.0 2420.0 6840.0 2020.0 6440.0 6240.0 6640.0 7040.0 7460.0 6640.0 1420.0 7040.0 6640.0 7040.0 1220.0 7460.0 1620.0 1420.0 2220.0 7040.0 7240.0 2420.0 7040.0 7040.0 7460.0 8060.0 7040.0 6640.0 7240.0 1420.0 7240.0 6840.0 6840.0 6840.0 7240.0 7040.0 6840.0 0.0 7460.0 1820.0 7040.0 7040.0 7460.0 6840.0 6640.0 7460.0 6640.0 1620.0 6840.0 7040.0 7660.0 2020.0 7040.0 7460.0 7040.0 7660.0 7240.0 6840.0 6440.0 1620.0 7660.0 6840.0 1220.0 7460.0 820.0 7240.0 7240.0 6640.0 1820.0 6840.0 6840.0 1020.0 6240.0 6840.0 7040.0 1820.0 7040.0 7460.0 6840.0 2020.0 6840.0 7240.0 7460.0
0.0 7660.0 7040.0 1620.0 6840.0 6640.0 2220.0 6240.0 6440.0 1420.0 7460.0 6640.0 7860.0 6640.0 6240.0 7040.0 6840.0 6440.0 7660.0 7240.0 6840.0 6840.0 6240.0 6840.0 6840.0 6440.0 6640.0 1220.0 5840.0 7240.0 1020.0 7040.0 6640.0 7240.0 7040.0 6440.0 7240.0 620.0 7040.0 6440.0 1620.0 7040.0 7240.0 1820.0 7240.0 6640.0 6840.0 6240.0 6840.0 5840.0 1420.0 6840.0 1820.0 1420.0 1620.0 6840.0 0.0 6640.0 1420.0 7040.0 7460.0 1620.0 6640.0 6440.0 6440.0 6640.0 1420.0 2020.0 2620.0 7040.0 1420.0 1620.0 6640.0 7240.0 5840.0 6640.0 6440.0 6440.0 7240.0 7040.0 6840.0 7040.0 6440.0 6440.0 6840.0 6640.0 6440.0 420.0 7040.0 6440.0 6440.0 7040.0 1220.0 6640.0 6640.0 7040.0 1220.0 7460.0 1620.0 7040.0 1820.0
0.0 7660.0 1820.0 7040.0 1820.0 6440.0 7040.0 6840.0 2020.0 6840.0 7860.0 1620.0 7660.0 820.0 7460.0 7240.0 6840.0 7240.0 7660.0 2220.0 6840.0 2220.0 6240.0 6840.0 6640.0 6840.0 7460.0 7240.0 1220.0 6840.0 6840.0 7040.0 1620.0 7460.0 1620.0 1220.0 1620.0 6440.0 7040.0 2420.0 6240.0 6640.0 7860.0 7660.0 7040.0 6840.0 7040.0 1020.0 6840.0 6240.0 7040.0 6840.0 7240.0 7040.0 6840.0 1020.0 7240.0 0.0 6840.0 6640.0 7460.0 6840.0 6440.0 7240.0 6440.0 1420.0 7040.0 7660.0 7860.0 1820.0 6840.0 7240.0 6840.0 6840.0 7240.0 6640.0 7040.0 1420.0 6040.0 7460.0 1620.0 7660.0 1620.0 6840.0 6640.0 7040.0 1620.0 6240.0 7240.0 1620.0 6840.0 7460.0 7040.0 2020.0 6840.0 7860.0 7040.0 1820.0 6840.0 6640.0 6240.0
0.0 6840.0 6840.0 2020.0 7040.0 6640.0 1820.0 6840.0 6840.0 820.0 7460.0 6440.0 7460.0 7040.0 7460.0 6640.0 6440.0 7040.0 7240.0 7460.0 7240.0 7240.0 7040.0 6440.0 7040.0 6840.0 7040.0 1420.0 6440.0 7040.0 1220.0 7040.0 5840.0 6640.0 6640.0 6840.0 7460.0 1020.0 6640.0 6840.0 1220.0 6640.0 7040.0 2220.0 6840.0 6840.0 6840.0 6640.0 7460.0 6640.0 1620.0 7040.0 2020.0 1820.0 1820.0 6640.0 1620.0 6640.0 0.0 6840.0 7460.0 820.0 6640.0 6640.0 6840.0 5840.0 1220.0 1820.0 2420.0 8060.0 820.0 820.0 7040.0 6440.0 6240.0 7040.0 6640.0 6640.0 7240.0 7460.0 7040.0 7240.0 6840.0 6640.0 6440.0 6840.0 7040.0 1220.0 7240.0 6640.0 6840.0 6040.0 1620.0 7460.0 6840.0 7040.0 1220.0 7040.0 1220.0 7460.0 1020.0
0.0 7240.0 7040.0 6640.0 6640.0 220.0 6440.0 6840.0 6840.0 6640.0 2020.0 7040.0 2020.0 6640.0 1620.0 7040.0 6640.0 6640.0 7460.0 7460.0 6440.0 7040.0 6040.0 6640.0 820.0 1020.0 1820.0 6840.0 6440.0 6640.0 6840.0 820.0 6440.0 7040.0 6640.0 6440.0 6240.0 6040.0 1220.0 6840.0 6840.0 1220.0 2220.0 7240.0 1220.0 6240.0 6840.0 6240.0 1020.0 5840.0 6440.0 6640.0 7040.0 6640.0 6440.0 6440.0 6640.0 6640.0 6640.0 0.0 1220.0 6840.0 6440.0 1220.0 6240.0 6440.0 6040.0 7240.0 6840.0 6840.0 6440.0 6840.0 1220.0 7040.0 1020.0 1020.0 1420.0 6440.0 7240.0 7040.0 6840.0 7040.0 6440.0 1620.0 6840.0 1220.0 6640.0 5840.0 1420.0 6840.0 1220.0 6640.0 6640.0 7240.0 6640.0 7240.0 6640.0 6840.0 6440.0 1420.0 7040.0
0.0 7240.0 7240.0 7040.0 6640.0 820.0 7460.0 7040.0 6840.0 6440.0 2020.0 6640.0 2020.0 6440.0 2020.0 6640.0 7040.0 7460.0 7240.0 7240.0 6240.0 7460.0 6440.0 6840.0 820.0 1620.0 2020.0 6840.0 6440.0 6640.0 6640.0 1420.0 6640.0 6440.0 6640.0 6640.0 7240.0 6440.0 1620.0 7460.0 6640.0 1220.0 2220.0 7460.0 1220.0 6040.0 7460.0 6640.0 1620.0 6440.0 6240.0 7040.0 7460.0 6440.0 6440.0 6240.0 7040.0 7240.0 7040.0 1220.0 0.0 6840.0 6240.0 2020.0 6640.0 6840.0 6840.0 7240.0 7660.0 7460.0 6840.0 7240.0 1220.0 7460.0 1820.0 1420.0 1020.0 7040.0 7660.0 7040.0 6840.0 7040.0 7040.0 1220.0 6440.0 1620.0 6640.0 6440.0 1620.0 6240.0 1620.0 6840.0 6840.0 7660.0 7040.0 6840.0 6640.0 7040.0 6440.0 2020.0 6640.0
0.0 7460.0 7240.0 1420.0 7040.0 6040.0 1820.0 6840.0 6640.0 1220.0 7660.0 5840.0 7240.0 6840.0 7040.0 7240.0 6840.0 7040.0 7240.0 7240.0 6840.0 7460.0 6640.0 6240.0 6640.0 6640.0 7460.0 1620.0 6640.0 7040.0 1620.0 6640.0 6240.0 7040.0 6840.0 7240.0 6840.0 1020.0 6440.0 7240.0 1620.0 6840.0 7240.0 1620.0 7040.0 6640.0 7040.0 7040.0 6840.0 6240.0 1420.0 6840.0 2020.0 1620.0 1420.0 6040.0 820.0 7240.0 620.0 6440.0 6840.0 0.0 6040.0 6240.0 6440.0 6440.0 1220.0 2220.0 2020.0 7860.0 1420.0 1220.0 7040.0 6840.0 6640.0 6840.0 6440.0 7240.0 7860.0 7460.0 7040.0 7460.0 6840.0 7040.0 6840.0 7040.0 7040.0 820.0 7240.0 6440.0 6840.0 6640.0 1620.0 7460.0 7460.0 6840.0 1820.0 6840.0 1420.0 7040.0 1620.0
0.0 1820.0 7240.0 6440.0 6640.0 5640.0 6640.0 1020.0 6840.0 7040.0 7240.0 7040.0 6840.0 6440.0 6840.0 1820.0 1420.0 1420.0 2020.0 6840.0 1420.0 7240.0 1020.0 820.0 6240.0 6440.0 7240.0 6640.0 6640.0 1220.0 6840.0 6040.0 6640.0 1620.0 6440.0 6840.0 6640.0 6040.0 6840.0 7240.0 6840.0 6440.0 7460.0 7240.0 6640.0 820.0 1420.0 6640.0 6840.0 420.0 6440.0 1620.0 7040.0 6640.0 6240.0 5640.0 6640.0 7040.0 7040.0 6040.0 6440.0 6840.0 0.0 6840.0 1220.0 6640.0 6440.0 7240.0 7240.0 7240.0 6640.0 6840.0 7040.0 1820.0 6640.0 6440.0 6440.0 6840.0 2220.0 1620.0 6640.0 1620.0 6440.0 7040.0 1820.0 6640.0 6640.0 5840.0 6840.0 6440.0 6440.0 1020.0 6640.0 7040.0 1620.0 1820.0 6640.0 6440.0 6440.0 6640.0 7240.0
0.0 7460.0 7040.0 6240.0 7240.0 1020.0 7240.0 6840.0 6840.0 7040.0 2020.0 6640.0 1820.0 6640.0 1820.0 6840.0 6440.0 6640.0 6640.0 7040.0 6640.0 7040.0 6640.0 6640.0 1620.0 620.0 1620.0 7040.0 6440.0 6640.0 6840.0 1620.0 6840.0 7040.0 6840.0 6640.0 6840.0 6840.0 1420.0 6840.0 6840.0 1420.0 1220.0 7040.0 1620.0 7040.0 6840.0 6640.0 1220.0 6440.0 7240.0 6440.0 6840.0 6640.0 7240.0 6840.0 6440.0 6840.0 7040.0 1620.0 2020.0 6440.0 6840.0 0.0 6840.0 6240.0 6040.0 7460.0 7240.0 7240.0 6440.0 6640.0 1020.0 6840.0 1020.0 820.0 1420.0 6840.0 7460.0 7240.0 6840.0 7240.0 6640.0 1620.0 6840.0 1420.0 7240.0 6640.0 1620.0 6840.0 1020.0 7040.0 7240.0 7240.0 7040.0 6240.0 7040.0 7660.0 7040.0 1020.0 6840.0
0.0 1820.0 7240.0 7460.0 6240.0 6640.0 7240.0 1020.0 7240.0 6040.0 7660.0 6840.0 7660.0 6640.0 7040.0 1620.0 1420.0 2020.0 1820.0 7660.0 620.0 7460.0 1420.0 1420.0 6840.0 7240.0 7460.0 7240.0 6440.0 1420.0 6440.0 7040.0 6240.0 1620.0 6840.0 6440.0 7240.0 6840.0 6840.0 7240.0 6840.0 6840.0 7460.0 7660.0 6840.0 1820.0 1420.0 6240.0 6040.0 620.0 7240.0 620.0 7460.0 6840.0 6640.0 6640.0 6640.0 7040.0 6040.0 6640.0 7460.0 6640.0 1420.0 7040.0 0.0 6240.0 6840.0 7460.0 7860.0 7660.0 6640.0 6640.0 6040.0 1420.0 6640.0 7040.0 7040.0 6440.0 2220.0 1820.0 6840.0 2020.0 6640.0 6640.0 1020.0 6840.0 7240.0 6840.0 6840.0 7040.0 7040.0 1020.0 7040.0 7040.0 1220.0 1620.0 6440.0 6840.0 7040.0 7660.0 6840.0
0.0 7860.0 1220.0 7240.0 1420.0 6440.0 7460.0 6640.0 1020.0 6240.0 7460.0 1420.0 7460.0 1220.0 7040.0 7460.0 6040.0 6840.0 6840.0 1820.0 7040.0 1620.0 6640.0 6640.0 6840.0 6640.0 6840.0 6840.0 620.0 7240.0 6440.0 6840.0 1220.0 6240.0 1020.0 1020.0 1820.0 6240.0 7040.0 1020.0 6240.0 6440.0 6840.0 7460.0 6640.0 6640.0 6640.0 1020.0 7040.0 6440.0 6840.0 7040.0 7460.0 7040.0 7040.0 1020.0 7040.0 1820.0 7040.0 6640.0 7240.0 6640.0 6240.0 6840.0 6640.0 0.0 6240.0 6840.0 7460.0 2220.0 7040.0 5840.0 6640.0 6040.0 6040.0 6840.0 6640.0 1020.0 7460.0 7240.0 1420.0 6840.0 1220.0 6240.0 6040.0 6840.0 1220.0 6240.0 6840.0 1020.0 6640.0 7040.0 6640.0 1820.0 6640.0 7040.0 6440.0 1820.0 6440.0 7040.0 6040.0
0.0 7660.0 7240.0 1420.0 6840.0 6640.0 2220.0 6640.0 6440.0 1420.0 6840.0 6840.0 7860.0 6440.0 7040.0 6640.0 6240.0 6240.0 7460.0 7240.0 6440.0 6640.0 6440.0 6240.0 6840.0 6040.0 6640.0 1220.0 6040.0 6640.0 1020.0 7040.0 6640.0 6840.0 6640.0 6240.0 6840.0 1420.0 7240.0 6440.0 1420.0 6440.0 7240.0 1620.0 6640.0 6640.0 6840.0 6240.0 6440.0 6640.0 1420.0 7040.0 1220.0 1420.0 1620.0 6640.0 820.0 6440.0 1620.0 7040.0 7240.0 1220.0 6640.0 6240.0 6640.0 6240.0 0.0 1820.0 1620.0 7460.0 1620.0 1020.0 6640.0 6640.0 6040.0 6040.0 6440.0 6440.0 7040.0 7040.0 6640.0 6840.0 6440.0 6840.0 6640.0 6640.0 7240.0 1220.0 6840.0 6440.0 6440.0 7040.0 1820.0 7240.0 6640.0 7040.0 1220.0 7460.0 1620.0 6640.0 1220.0
0.0 7860.0 6840.0 820.0 7040.0 6440.0 2020.0 6440.0 6240.0 1620.0 7240.0 7460.0 7460.0 6240.0 6640.0 7240.0 7040.0 7240.0 7460.0 7460.0 6840.0 7460.0 6240.0 6640.0 6640.0 6840.0 7240.0 1620.0 6640.0 6640.0 1820.0 7040.0 6640.0 7040.0 7040.0 6640.0 6840.0 1020.0 6640.0 6640.0 1420.0 6840.0 7240.0 2020.0 7040.0 6640.0 6040.0 6640.0 6840.0 5640.0 1220.0 7040.0 1820.0 1220.0 1420.0 6440.0 1220.0 7040.0 1620.0 6840.0 7460.0 1820.0 6440.0 7240.0 6640.0 6440.0 1420.0 0.0 2420.0 7240.0 1020.0 1420.0 7040.0 6840.0 6840.0 6640.0 6640.0 6640.0 6040.0 6840.0 6440.0 7460.0 6240.0 7040.0 6840.0 6440.0 7240.0 820.0 7040.0 6640.0 6840.0 7040.0 1620.0 7040.0 6840.0 7240.0 1620.0 7240.0 1420.0 6440.0 1620.0
0.0 7240.0 7040.0 1620.0 6840.0 6240.0 1420.0 6440.0 5840.0 220.0 7660.0 6640.0 7240.0 6840.0 6440.0 6840.0 6640.0 6440.0 7240.0 7240.0 6640.0 6640.0 6440.0 6640.0 6440.0 6640.0 7460.0 1620.0 6440.0 6440.0 420.0 6640.0 6040.0 5840.0 6840.0 6640.0 6840.0 1020.0 6840.0 7040.0 620.0 6440.0 7240.0 1620.0 6840.0 6440.0 6840.0 6640.0 7040.0 6240.0 1020.0 7040.0 1820.0 1020.0 1220.0 6240.0 1020.0 6640.0 420.0 6440.0 6040.0 1020.0 6040.0 6440.0 6840.0 6040.0 1420.0 2020.0 0.0 7240.0 1220.0 1020.0 7040.0 6640.0 6640.0 6640.0 6240.0 6840.0 6440.0 7240.0 6640.0 6440.0 6840.0 6840.0 6640.0 7040.0 6840.0 620.0 7040.0 6240.0 6840.0 6440.0 1420.0 7040.0 6640.0 6440.0 620.0 6440.0 1220.0 7240.0 420.0
0.0 7040.0 1420.0 6840.0 1220.0 6640.0 7240.0 6840.0 220.0 6240.0 7460.0 1020.0 7460.0 1220.0 6440.0 7240.0 6440.0 6040.0 6640.0 1620.0 6640.0 1220.0 6240.0 6640.0 6840.0 6640.0 6840.0 6840.0 1420.0 7040.0 6640.0 6840.0 420.0 6840.0 1420.0 1220.0 1620.0 6840.0 6640.0 1820.0 6640.0 6840.0 7240.0 7240.0 6840.0 7040.0 6840.0 1020.0 6840.0 6640.0 6440.0 6840.0 7240.0 6640.0 7040.0 1220.0 6440.0 1020.0 6840.0 7040.0 7240.0 6240.0 6640.0 6240.0 6440.0 1020.0 6640.0 7460.0 7660.0 0.0 6440.0 6840.0 6840.0 7040.0 6640.0 6640.0 5640.0 820.0 7040.0 7240.0 1020.0 6640.0 1220.0 7040.0 6840.0 6840.0 1820.0 6640.0 6640.0 220.0 6640.0 6240.0 7240.0 2020.0 6640.0 6840.0 6840.0 1820.0 7040.0 7040.0 6840.0
0.0 7240.0 6040.0 1820.0 6240.0 6440.0 2020.0 6240.0 6440.0 1020.0 6840.0 6640.0 6640.0 6240.0 7040.0 7040.0 6240.0 7040.0 7040.0 7240.0 6840.0 7040.0 6440.0 5640.0 6240.0 6640.0 6840.0 620.0 6040.0 6240.0 1020.0 6840.0 6240.0 6240.0 6640.0 6440.0 7240.0 820.0 5840.0 6640.0 820.0 6640.0 6840.0 2020.0 6640.0 6240.0 6640.0 6440.0 7040.0 6440.0 820.0 6440.0 1420.0 1220.0 1020.0 6440.0 1620.0 7040.0 1420.0 6640.0 7240.0 820.0 6440.0 6840.0 6640.0 5640.0 1020.0 1420.0 2220.0 7240.0 0.0 420.0 6640.0 6040.0 6040.0 6640.0 6040.0 6440.0 7460.0 7040.0 6640.0 6840.0 6640.0 6240.0 6040.0 6040.0 6640.0 1020.0 7040.0 5840.0 6640.0 6440.0 1020.0 6640.0 6640.0 7040.0 1020.0 7240.0 1020.0 7040.0 820.0
0.0 7660.0 7240.0 1820.0 6440.0 6440.0 2020.0 6640.0 6640.0 1420.0 7040.0 6640.0 7660.0 6640.0 7240.0 7040.0 5840.0 6640.0 7040.0 7040.0 6640.0 7040.0 6640.0 6640.0 7040.0 6440.0 7040.0 1420.0 6440.0 6840.0 1020.0 6840.0 6840.0 7040.0 6240.0 6240.0 6840.0 420.0 7040.0 6840.0 820.0 6240.0 6440.0 1820.0 6240.0 6240.0 6240.0 6040.0 6840.0 6440.0 1020.0 6640.0 1620.0 1220.0 1420.0 6440.0 1220.0 6840.0 1220.0 6640.0 7240.0 1220.0 6440.0 6640.0 6240.0 6640.0 620.0 1020.0 1820.0 7660.0 1420.0 0.0 6440.0 5640.0 6440.0 6440.0 6640.0 6040.0 7040.0 6840.0 6640.0 6840.0 6840.0 6440.0 6240.0 6440.0 7040.0 1020.0 6640.0 6640.0 6640.0 6840.0 1020.0 7040.0 6440.0 7240.0 1020.0 7240.0 1620.0 6640.0 820.0
0.0 7660.0 7240.0 7040.0 6640.0 1420.0 7660.0 6640.0 6840.0 7040.0 1820.0 7240.0 2220.0 6640.0 1420.0 6840.0 7040.0 6840.0 7240.0 7460.0 6240.0 7240.0 6640.0 7240.0 1020.0 1620.0 1820.0 7040.0 5840.0 6840.0 6840.0 1420.0 6640.0 6840.0 6640.0 6040.0 6840.0 6640.0 1620.0 6840.0 6640.0 1220.0 1820.0 7040.0 1420.0 7040.0 6440.0 5840.0 820.0 6440.0 7240.0 7240.0 7040.0 6440.0 6640.0 6840.0 6040.0 7040.0 7040.0 1420.0 1820.0 6840.0 6640.0 1420.0 6840.0 6440.0 6840.0 7240.0 7660.0 7660.0 7040.0 6840.0 0.0 7040.0 1020.0 1620.0 1020.0 6040.0 7660.0 7040.0 6840.0 7460.0 6440.0 1220.0 6440.0 1020.0 6840.0 6440.0 1020.0 6440.0 1020.0 6840.0 7040.0 7040.0 6240.0 7460.0 6840.0 7660.0 6640.0 1820.0 7040.0
0.0 2220.0 7040.0 6840.0 6440.0 6240.0 7240.0 1020.0 6640.0 6640.0 7040.0 6440.0 7460.0 6440.0 7240.0 1420.0 220.0 1020.0 1620.0 6840.0 1020.0 6840.0 1220.0 1020.0 6840.0 6240.0 6840.0 6840.0 6240.0 1420.0 6640.0 6840.0 6640.0 1620.0 6040.0 6040.0 6640.0 6440.0 6840.0 6640.0 6040.0 6040.0 7040.0 7040.0 6040.0 1220.0 620.0 5840.0 6640.0 820.0 6840.0 1220.0 6840.0 6640.0 6640.0 6240.0 6440.0 6640.0 6440.0 6440.0 7040.0 6840.0 820.0 6440.0 620.0 6440.0 5840.0 6240.0 7040.0 7460.0 6640.0 6640.0 6240.0 0.0 6240.0 6240.0 6440.0 5840.0 1420.0 1820.0 6440.0 1220.0 6640.0 6840.0 1420.0 6240.0 6840.0 6240.0 6440.0 6440.0 6640.0 1620.0 6840.0 6840.0 820.0 1820.0 6240.0 7040.0 6840.0 6840.0 6040.0
0.0 7240.0 7240.0 7040.0 6440.0 1020.0 7460.0 6440.0 6040.0 6640.0 1820.0 6440.0 2220.0 6240.0 1220.0 6840.0 6840.0 7240.0 7240.0 7460.0 6640.0 7460.0 6240.0 7040.0 1220.0 1620.0 1020.0 6240.0 5640.0 7040.0 6040.0 1420.0 6440.0 6840.0 6640.0 6040.0 6840.0 6840.0 1620.0 6040.0 6640.0 1220.0 1420.0 7660.0 1620.0 6440.0 6640.0 5840.0 1420.0 6640.0 6640.0 6640.0 7040.0 6640.0 6640.0 6440.0 6640.0 7040.0 6640.0 1420.0 1820.0 6640.0 6440.0 1820.0 6440.0 6440.0 6640.0 7040.0 7860.0 7240.0 6840.0 6640.0 820.0 6840.0 0.0 1220.0 620.0 6040.0 7460.0 6640.0 6440.0 7240.0 6240.0 1420.0 6640.0 1020.0 7040.0 6640.0 1220.0 6040.0 620.0 6640.0 6840.0 6840.0 6240.0 7240.0 6240.0 7240.0 6640.0 1820.0 7040.0
0.0 7460.0 7040.0 6840.0 6840.0 820.0 7240.0 6240.0 6840.0 6640.0 1620.0 6440.0 2020.0 6040.0 2020.0 6240.0 6040.0 6840.0 7040.0 7240.0 6040.0 7240.0 6040.0 6640.0 1020.0 1220.0 1020.0 7040.0 6440.0 6240.0 6240.0 1420.0 6440.0 7240.0 6440.0 6440.0 6440.0 6440.0 1420.0 7040.0 6440.0 1020.0 1620.0 7460.0 1020.0 6640.0 6440.0 6440.0 620.0 6440.0 6840.0 6640.0 6240.0 6240.0 6640.0 6240.0 6840.0 6640.0 6640.0 1220.0 1820.0 6040.0 6240.0 1220.0 6240.0 6640.0 6240.0 6640.0 7460.0 7040.0 6640.0 6640.0 1220.0 6840.0 1220.0 0.0 820.0 6440.0 7240.0 6440.0 6240.0 7040.0 5840.0 1020.0 6440.0 620.0 6840.0 6440.0 1020.0 6440.0 420.0 6640.0 6640.0 6640.0 6640.0 7040.0 6440.0 7040.0 6640.0 620.0 6440.0
0.0 6840.0 6640.0 6840.0 6840.0 1220.0 7240.0 6840.0 7040.0 6240.0 2020.0 6440.0 2020.0 6640.0 2020.0 7040.0 6240.0 7040.0 7660.0 7460.0 6640.0 7460.0 6040.0 6440.0 1620.0 1420.0 1420.0 6840.0 6640.0 7040.0 6440.0 1820.0 5840.0 6640.0 6640.0 6440.0 7240.0 6840.0 1020.0 7240.0 6440.0 1220.0 2020.0 7660.0 1420.0 6840.0 6840.0 6240.0 1420.0 6640.0 7040.0 6640.0 7040.0 6840.0 7040.0 6640.0 6840.0 6640.0 6640.0 1420.0 2020.0 6040.0 6640.0 1220.0 6240.0 6240.0 6440.0 7660.0 7660.0 6840.0 6240.0 6640.0 1220.0 6840.0 1420.0 1020.0 0.0 6440.0 7240.0 7240.0 6440.0 7240.0 6640.0 1620.0 6840.0 1420.0 7240.0 6640.0 1620.0 5640.0 1220.0 6040.0 7040.0 7240.0 6640.0 7040.0 6640.0 7040.0 7040.0 1420.0 6640.0
0.0 7660.0 1820.0 7660.0 620.0 6640.0 7860.0 6840.0 1420.0 6840.0 7660.0 1620.0 7460.0 1620.0 7240.0 7660.0 7040.0 7040.0 7240.0 2020.0 6040.0 2020.0 7040.0 6640.0 7240.0 7240.0 6640.0 7240.0 1620.0 6640.0 6640.0 7240.0 1020.0 7240.0 1020.0 1420.0 820.0 6840.0 6840.0 2020.0 6640.0 6640.0 7660.0 7460.0 6640.0 6640.0 7240.0 1220.0 6640.0 6640.0 6840.0 7040.0 6440.0 7040.0 6440.0 1420.0 7460.0 2020.0 7040.0 6840.0 7660.0 6840.0 6640.0 7040.0 6640.0 1220.0 7040.0 7860.0 7660.0 2620.0 6640.0 6840.0 7040.0 7040.0 7040.0 7240.0 6640.0 0.0 7860.0 7660.0 1820.0 7240.0 2020.0 6640.0 6440.0 6840.0 1020.0 6640.0 6040.0 1420.0 7460.0 6840.0 6440.0 2020.0 7040.0 7660.0 6640.0 2220.0 6440.0 7460.0 7040.0
0.0 2420.0 7460.0 7240.0 6640.0 6440.0 7660.0 1220.0 6840.0 7040.0 7240.0 7240.0 7860.0 6440.0 6840.0 1620.0 1020.0 1420.0 2220.0 7660.0 1020.0 7040.0 1020.0 1420.0 7040.0 6440.0 7240.0 7040.0 6840.0 1820.0 7040.0 7040.0 6840.0 1820.0 6840.0 6840.0 7460.0 6040.0 6840.0 7460.0 6840.0 6840.0 7460.0 7040.0 6840.0 1020.0 1420.0 6640.0 6440.0 420.0 6640.0 1820.0 7040.0 6840.0 7040.0 6640.0 6640.0 7040.0 7040.0 7040.0 7460.0 7040.0 1220.0 6640.0 1420.0 6640.0 6640.0 7040.0 7860.0 7460.0 7040.0 6840.0 7040.0 1020.0 7040.0 6440.0 6840.0 6840.0 0.0 1620.0 6640.0 2020.0 6440.0 6840.0 1420.0 6640.0 7240.0 5840.0 6840.0 6840.0 6840.0 1620.0 6640.0 7240.0 1620.0 2020.0 6840.0 7660.0 7040.0 7040.0 6840.0
0.0 2020.0 7040.0 6440.0 7040.0 6440.0 6240.0 1220.0 6440.0 6640.0 7460.0 6840.0 7460.0 6440.0 6840.0 1820.0 1420.0 820.0 1620.0 7240.0 420.0 6640.0 1020.0 1220.0 7040.0 6840.0 6440.0 6840.0 6840.0 1420.0 6440.0 6840.0 6240.0 1620.0 7040.0 6240.0 6840.0 6640.0 6840.0 6840.0 6240.0 6440.0 7460.0 7240.0 6840.0 220.0 820.0 6440.0 6640.0 420.0 5840.0 1820.0 6240.0 6240.0 7040.0 6440.0 6840.0 6640.0 7040.0 6640.0 7240.0 6640.0 1020.0 6240.0 1420.0 6240.0 6640.0 5840.0 7240.0 7040.0 6640.0 6640.0 6640.0 1420.0 6840.0 6840.0 6840.0 6640.0 1020.0 0.0 6440.0 1420.0 6440.0 6240.0 820.0 6640.0 6240.0 6440.0 5840.0 6840.0 7040.0 1020.0 7240.0 7240.0 1420.0 1220.0 6640.0 7240.0 7040.0 6640.0 6640.0
0.0 8060.0 2220.0 7240.0 1420.0 7040.0 7860.0 6840.0 2020.0 7240.0 7460.0 1820.0 7460.0 1620.0 6840.0 7040.0 7240.0 7240.0 7460.0 2220.0 6840.0 1620.0 7040.0 7460.0 6840.0 6840.0 7460.0 7240.0 1420.0 7240.0 6240.0 7040.0 1420.0 7040.0 1620.0 820.0 1620.0 6640.0 7240.0 1620.0 6840.0 6840.0 7660.0 7040.0 7240.0 6840.0 6240.0 620.0 7040.0 6440.0 7040.0 7460.0 7240.0 6640.0 7040.0 1420.0 6840.0 2020.0 7660.0 7240.0 7460.0 7240.0 7040.0 7240.0 7240.0 1220.0 7040.0 7860.0 8060.0 2620.0 7460.0 7040.0 6440.0 7240.0 7040.0 6640.0 6840.0 820.0 6640.0 7660.0 0.0 6440.0 1620.0 6240.0 7240.0 6640.0 1620.0 6440.0 6840.0 1620.0 7040.0 7240.0 7040.0 1820.0 6440.0 7660.0 6440.0 2420.0 6640.0 7240.0 7240.0
0.0 2220.0 7240.0 7660.0 7240.0 6840.0 7660.0 1820.0 7660.0 6840.0 8060.0 7040.0 6640.0 7240.0 7860.0 1820.0 1620.0 2220.0 2820.0 7860.0 1820.0 8060.0 1820.0 1220.0 7240.0 6640.0 6640.0 7660.0 6640.0 2020.0 7240.0 7240.0 6440.0 2020.0 7460.0 6840.0 7040.0 6840.0 7240.0 7460.0 6640.0 7040.0 7460.0 6240.0 7660.0 1620.0 2220.0 7040.0 7040.0 1420.0 7240.0 1820.0 6440.0 7460.0 7460.0 6840.0 7040.0 7240.0 7460.0 7040.0 7660.0 6840.0 1420.0 7460.0 1620.0 6840.0 7040.0 7860.0 8060.0 8060.0 7040.0 6840.0 6840.0 1820.0 7240.0 6840.0 6640.0 7240.0 2420.0 2420.0 7240.0 0.0 7240.0 7660.0 2020.0 7460.0 6040.0 6640.0 7660.0 6840.0 7240.0 1420.0 7460.0 7660.0 2020.0 2420.0 6640.0 7660.0 5840.0 7460.0 6640.0
0.0 7240.0 1220.0 6440.0 1220.0 5840.0 6840.0 5840.0 1220.0 6440.0 6640.0 1420.0 7040.0 220.0 7040.0 6640.0 6640.0 6640.0 7460.0 1820.0 6440.0 1820.0 5640.0 6440.0 6040.0 6440.0 6840.0 6640.0 620.0 6440.0 6640.0 6440.0 620.0 7040.0 1020.0 620.0 1420.0 6240.0 6440.0 1620.0 6640.0 6440.0 6640.0 7240.0 6440.0 6240.0 6640.0 620.0 6440.0 6040.0 6440.0 6440.0 6640.0 6640.0 6240.0 420.0 6840.0 1020.0 6240.0 6240.0 6640.0 6440.0 5840.0 6640.0 5840.0 820.0 6040.0 6440.0 7460.0 1220.0 6240.0 6640.0 6440.0 6840.0 6440.0 6040.0 5840.0 820.0 6840.0 6240.0 420.0 6640.0 0.0 6440.0 6640.0 5840.0 1220.0 6040.0 6440.0 620.0 6440.0 6440.0 6240.0 1020.0 6240.0 6640.0 6640.0 1220.0 6240.0 6640.0 6840.0
0.0 7460.0 7460.0 7660.0 6640.0 1220.0 7240.0 7040.0 7240.0 6840.0 2420.0 7040.0 2020.0 6840.0 2220.0 7040.0 7040.0 7460.0 7660.0 7040.0 6640.0 6240.0 6840.0 7040.0 820.0 1820.0 2020.0 6640.0 7040.0 6640.0 5640.0 1820.0 6440.0 7240.0 6640.0 7240.0 6840.0 6840.0 1820.0 6440.0 6840.0 820.0 2220.0 7040.0 1220.0 7240.0 7460.0 7040.0 1220.0 6640.0 7460.0 6840.0 7040.0 7240.0 6440.0 7040.0 7460.0 7460.0 7040.0 1220.0 2220.0 6840.0 6840.0 2020.0 6640.0 6640.0 7040.0 7660.0 7460.0 7860.0 6840.0 6840.0 1620.0 7040.0 1620.0 1020.0 1420.0 7240.0 7660.0 7460.0 7240.0 6440.0 6840.0 0.0 7040.0 1620.0 6640.0 6640.0 2020.0 6640.0 1420.0 6840.0 7040.0 7660.0 7240.0 7240.0 5840.0 7240.0 6440.0 1620.0 7240.0
0.0 2220.0 7660.0 7240.0 6840.0 6440.0 7460.0 1820.0 7040.0 7040.0 7860.0 6240.0 7660.0 6840.0 7660.0 1820.0 1820.0 2020.0 1020.0 6840.0 1420.0 6440.0 1620.0 1420.0 6440.0 7240.0 7460.0 6840.0 6240.0 1420.0 5840.0 6640.0 6640.0 1620.0 6640.0 6640.0 7040.0 6840.0 7040.0 6640.0 6840.0 6440.0 7460.0 7240.0 6840.0 820.0 1820.0 6640.0 6840.0 1420.0 6440.0 1620.0 7240.0 6640.0 6640.0 6640.0 6840.0 7660.0 6640.0 6640.0 7040.0 6040.0 1020.0 6640.0 1420.0 6640.0 7040.0 7460.0 7460.0 7860.0 7040.0 7040.0 7040.0 1820.0 7240.0 6640.0 6840.0 6840.0 2220.0 1820.0 7040.0 1220.0 6840.0 5640.0 0.0 7040.0 6840.0 6640.0 7240.0 6640.0 6840.0 1620.0 7040.0 7460.0 1420.0 1820.0 6040.0 7240.0 6640.0 7040.0 7040.0
0.0 7040.0 6440.0 6640.0 6640.0 1420.0 7240.0 5640.0 6640.0 6240.0 1020.0 6440.0 2020.0 5840.0 2020.0 6440.0 6440.0 6440.0 7660.0 7460.0 6640.0 6840.0 5840.0 6640.0 820.0 820.0 1620.0 6840.0 6240.0 6640.0 6640.0 1420.0 5840.0 6840.0 6640.0 6240.0 7040.0 6840.0 1220.0 6840.0 6640.0 1220.0 1020.0 7240.0 1220.0 7040.0 6640.0 6040.0 1220.0 6440.0 7040.0 6440.0 6840.0 6840.0 6440.0 6840.0 6640.0 6640.0 6440.0 1220.0 1820.0 6240.0 6640.0 1220.0 6040.0 6440.0 5840.0 7460.0 7240.0 6840.0 6440.0 6640.0 1020.0 6840.0 820.0 820.0 220.0 6440.0 7040.0 7240.0 6440.0 7040.0 6640.0 1620.0 6840.0 0.0 6440.0 6640.0 1420.0 5840.0 1020.0 6240.0 6640.0 6040.0 6440.0 6440.0 6640.0 6840.0 6440.0 1220.0 6840.0
0.0 7860.0 2420.0 7860.0 1820.0 7240.0 7660.0 7240.0 2420.0 7240.0 8060.0 2020.0 7240.0 1620.0 8060.0 7460.0 7040.0 7860.0 7860.0 2420.0 7040.0 2820.0 7040.0 7460.0 7460.0 7660.0 6640.0 7860.0 1820.0 7460.0 7460.0 7860.0 1420.0 7040.0 2020.0 2020.0 2220.0 7240.0 7460.0 2620.0 7460.0 7040.0 6840.0 7660.0 7660.0 7660.0 7660.0 1820.0 7040.0 7460.0 7040.0 7860.0 7460.0 7240.0 7660.0 2020.0 7240.0 2420.0 7660.0 7660.0 8260.0 7240.0 7240.0 7240.0 7460.0 2020.0 7240.0 7860.0 8260.0 2620.0 7240.0 6840.0 6840.0 7040.0 7460.0 6840.0 7460.0 1420.0 7860.0 7660.0 2020.0 7860.0 1620.0 7660.0 7460.0 7240.0 0.0 7460.0 7240.0 2020.0 7040.0 7040.0 7860.0 2420.0 7460.0 7660.0 6240.0 2620.0 7660.0 7240.0 7240.0
0.0 7660.0 7240.0 1820.0 6640.0 6240.0 2020.0 6440.0 6640.0 1420.0 7040.0 7040.0 7660.0 6240.0 6640.0 6840.0 6640.0 6640.0 7460.0 7660.0 6640.0 6840.0 6240.0 6640.0 6840.0 6240.0 7040.0 1420.0 6640.0 6840.0 1620.0 6840.0 6840.0 7040.0 6840.0 6640.0 7040.0 420.0 6640.0 7240.0 1420.0 6840.0 7240.0 1620.0 7040.0 6240.0 6640.0 6640.0 6640.0 5640.0 1020.0 7040.0 1420.0 1220.0 1620.0 6640.0 1020.0 6840.0 1620.0 6840.0 7040.0 1420.0 6440.0 6640.0 6640.0 6440.0 1220.0 1620.0 2220.0 7240.0 1420.0 1220.0 7040.0 6840.0 6840.0 6240.0 6640.0 6640.0 7460.0 6840.0 6440.0 7040.0 6240.0 6840.0 6840.0 6440.0 7040.0 0.0 7040.0 6640.0 6640.0 7040.0 1020.0 7040.0 6840.0 7040.0 1620.0 7240.0 1620.0 6840.0 1620.0
0.0 7040.0 7040.0 7240.0 6840.0 1220.0 7240.0 6840.0 7040.0 6440.0 2220.0 6640.0 2020.0 7040.0 1620.0 7240.0 6640.0 7460.0 6840.0 7240.0 5640.0 6840.0 7040.0 6640.0 1420.0 1820.0 820.0 7040.0 6640.0 7040.0 6240.0 1620.0 6040.0 6840.0 6840.0 6240.0 7240.0 6640.0 1420.0 6840.0 6440.0 1420.0 2020.0 7040.0 1220.0 6640.0 6840.0 6240.0 1220.0 6640.0 6840.0 7040.0 6040.0 6840.0 6840.0 6640.0 7040.0 6840.0 6640.0 1420.0 2020.0 6440.0 6640.0 1620.0 6640.0 6040.0 6640.0 7460.0 7860.0 7860.0 6440.0 6440.0 1220.0 6640.0 1220.0 1620.0 1420.0 6440.0 7460.0 7240.0 7040.0 7040.0 7040.0 620.0 5840.0 1420.0 6040.0 6640.0 0.0 6840.0 1620.0 6240.0 7240.0 7460.0 6440.0 7240.0 6440.0 7240.0 6840.0 1420.0 6640.0
0.0 6840.0 1420.0 6840.0 1620.0 6640.0 7240.0 6840.0 1820.0 6240.0 7460.0 1020.0 7460.0 1220.0 7460.0 7040.0 6440.0 7240.0 7660.0 2220.0 6840.0 2220.0 6040.0 6440.0 7040.0 7040.0 6840.0 6840.0 1420.0 7040.0 6640.0 7240.0 420.0 6640.0 1420.0 1020.0 2020.0 6840.0 6640.0 2020.0 6640.0 6640.0 7660.0 7860.0 6840.0 6840.0 6840.0 1020.0 6840.0 6640.0 7040.0 6640.0 7040.0 7040.0 7240.0 1220.0 7040.0 1420.0 6640.0 6840.0 7660.0 6240.0 6640.0 6840.0 6240.0 1020.0 6640.0 7660.0 7860.0 1620.0 6240.0 6640.0 6640.0 6840.0 6840.0 6440.0 5640.0 1220.0 7240.0 7460.0 1020.0 7240.0 1420.0 7040.0 6840.0 6840.0 1820.0 6640.0 7040.0 0.0 6840.0 6240.0 7040.0 2020.0 6640.0 7040.0 6640.0 1820.0 7240.0 7040.0 6640.0
0.0 7240.0 6640.0 6440.0 6640.0 420.0 6840.0 5840.0 6640.0 6440.0 1220.0 6840.0 1620.0 5640.0 1820.0 6640.0 6640.0 6840.0 7240.0 7240.0 6040.0 7240.0 5640.0 6440.0 820.0 1220.0 1420.0 6640.0 6040.0 6640.0 6040.0 1020.0 6240.0 7040.0 6440.0 6240.0 6840.0 6240.0 1220.0 7040.0 6840.0 1020.0 1220.0 7460.0 1220.0 6440.0 6640.0 6040.0 1020.0 6240.0 6640.0 6440.0 6640.0 6640.0 6240.0 5840.0 6840.0 6440.0 6440.0 820.0 1420.0 6640.0 5840.0 1220.0 6040.0 6240.0 6240.0 6440.0 7460.0 6640.0 6240.0 6640.0 1020.0 6840.0 1220.0 620.0 620.0 6240.0 7040.0 6240.0 5840.0 6840.0 5640.0 1220.0 6440.0 420.0 6640.0 6040.0 620.0 6040.0 0.0 6440.0 6440.0 6440.0 6240.0 6640.0 6040.0 6640.0 6240.0 1220.0 6840.0
0.0 1020.0 6240.0 7240.0 6440.0 6440.0 6640.0 820.0 6640.0 6240.0 6840.0 6640.0 6840.0 6440.0 7240.0 1420.0 420.0 1220.0 1820.0 7040.0 1220.0 7040.0 1020.0 420.0 6440.0 6440.0 7040.0 6240.0 6240.0 1020.0 6440.0 7040.0 6240.0 620.0 6240.0 6640.0 6840.0 6440.0 6040.0 6640.0 6240.0 6240.0 7040.0 7240.0 6240.0 820.0 820.0 6640.0 6840.0 1020.0 6440.0 1220.0 7040.0 6640.0 6640.0 6440.0 6640.0 6240.0 6840.0 6640.0 7460.0 6440.0 1020.0 6640.0 1220.0 5840.0 6040.0 7040.0 7240.0 7460.0 5640.0 6040.0 6640.0 820.0 6240.0 6440.0 6040.0 6240.0 1420.0 1820.0 6640.0 1420.0 6840.0 6440.0 820.0 6240.0 6640.0 6440.0 6640.0 6040.0 6840.0 0.0 6640.0 6840.0 1420.0 1620.0 6440.0 7040.0 6640.0 6840.0 6240.0
0.0 7460.0 7240.0 2020.0 6440.0 6640.0 2020.0 6640.0 5840.0 1420.0 7460.0 6640.0 7660.0 6840.0 6440.0 7660.0 6640.0 7240.0 7040.0 6840.0 7040.0 7660.0 6640.0 5840.0 6440.0 6840.0 7040.0 1620.0 6640.0 6840.0 1620.0 7040.0 6440.0 6840.0 6040.0 6840.0 7040.0 1420.0 6240.0 7040.0 1420.0 6040.0 7240.0 1220.0 6840.0 6440.0 7040.0 6840.0 7240.0 6640.0 1220.0 7240.0 2020.0 1420.0 1220.0 6640.0 1020.0 7240.0 1620.0 6440.0 7460.0 1220.0 6840.0 7040.0 6840.0 6040.0 1420.0 2020.0 1820.0 7240.0 1420.0 1020.0 7240.0 6640.0 6640.0 6840.0 6240.0 7040.0 7040.0 7240.0 6440.0 7240.0 7240.0 6840.0 6640.0 7240.0 6840.0 1420.0 7040.0 6040.0 7040.0 6640.0 0.0 7240.0 7240.0 7240.0 1620.0 7660.0 1220.0 7460.0 1220.0
0.0 8060.0 2420.0 7660.0 1820.0 7040.0 7860.0 7040.0 1220.0 7040.0 7860.0 1620.0 7660.0 1420.0 7240.0 7660.0 7460.0 7860.0 8060.0 2620.0 7240.0 2020.0 6840.0 7660.0 7240.0 7460.0 6840.0 7040.0 820.0 7240.0 6640.0 7460.0 1620.0 6840.0 2020.0 1220.0 2220.0 7040.0 7660.0 1220.0 7040.0 7240.0 7240.0 7660.0 7660.0 7040.0 6840.0 1220.0 7460.0 6840.0 7240.0 7240.0 7660.0 7240.0 7240.0 1820.0 7240.0 2220.0 7460.0 7460.0 7860.0 7460.0 7040.0 7460.0 7240.0 1820.0 7240.0 7660.0 8260.0 2420.0 7460.0 7240.0 6840.0 7460.0 6240.0 7040.0 6840.0 1420.0 7040.0 7460.0 620.0 7040.0 1420.0 6640.0 7240.0 7040.0 420.0 6840.0 7240.0 1220.0 6640.0 7240.0 7660.0 0.0 6840.0 7860.0 6440.0 2420.0 7240.0 7660.0 7040.0
0.0 2020.0 7460.0 6840.0 7240.0 7240.0 7860.0 1820.0 7040.0 6640.0 8060.0 7040.0 7860.0 6240.0 7240.0 2020.0 1420.0 2020.0 2620.0 7460.0 1620.0 7660.0 820.0 1620.0 6640.0 7240.0 7240.0 7240.0 6640.0 1820.0 7040.0 7460.0 6440.0 1820.0 7040.0 6640.0 7460.0 7040.0 6440.0 7040.0 7040.0 7040.0 7860.0 8060.0 7040.0 2020.0 1820.0 6640.0 7040.0 1420.0 7660.0 1620.0 7460.0 7240.0 6840.0 7240.0 6440.0 6840.0 6840.0 7040.0 7860.0 6640.0 1820.0 7240.0 1220.0 6840.0 7040.0 7660.0 8260.0 7240.0 6840.0 7240.0 7040.0 1420.0 6640.0 6640.0 6240.0 6840.0 1820.0 2220.0 6840.0 2220.0 7040.0 7460.0 2020.0 7240.0 7240.0 6840.0 7240.0 6040.0 7040.0 1220.0 6840.0 7660.0 0.0 2220.0 7240.0 7460.0 6840.0 7040.0 7240.0
0.0 2620.0 7660.0 7460.0 7660.0 6840.0 6640.0 2020.0 6840.0 7460.0 8260.0 7660.0 7860.0 7240.0 7240.0 2220.0 1820.0 1820.0 2220.0 7240.0 1420.0 7660.0 1820.0 1620.0 7460.0 6840.0 7460.0 7660.0 7040.0 2020.0 7460.0 7460.0 6840.0 2420.0 7660.0 7660.0 6840.0 7240.0 7460.0 7660.0 7040.0 6440.0 7660.0 6240.0 7660.0 2020.0 1820.0 7460.0 7040.0 1820.0 7460.0 2020.0 7040.0 7460.0 7660.0 7240.0 7240.0 7460.0 7860.0 7460.0 7860.0 7240.0 1820.0 7240.0 2020.0 7040.0 7040.0 7860.0 8260.0 6640.0 7040.0 7460.0 7660.0 1820.0 7040.0 6840.0 6640.0 7240.0 2420.0 2420.0 7460.0 2420.0 7240.0 7240.0 1820.0 7460.0 7860.0 7040.0 7460.0 6640.0 7240.0 1820.0 7860.0 7860.0 2220.0 0.0 7660.0 8060.0 7660.0 7240.0 7040.0
0.0 7240.0 7240.0 2020.0 7460.0 6840.0 2220.0 6840.0 7240.0 1220.0 7660.0 6840.0 7860.0 6640.0 7860.0 6840.0 6640.0 7460.0 7860.0 7240.0 6640.0 7860.0 6640.0 6840.0 7040.0 7240.0 7040.0 1820.0 6840.0 6840.0 1620.0 7460.0 6240.0 7040.0 7040.0 7040.0 7040.0 1620.0 6840.0 7460.0 1620.0 6440.0 7660.0 1620.0 7240.0 7240.0 7240.0 6840.0 6640.0 7040.0 2020.0 7460.0 1420.0 1620.0 1820.0 6840.0 2020.0 7040.0 1620.0 7240.0 7860.0 1220.0 6840.0 7040.0 6840.0 6640.0 1420.0 2020.0 2620.0 7660.0 1220.0 1620.0 7240.0 7040.0 6840.0 6240.0 6840.0 7040.0 7240.0 7240.0 6840.0 7660.0 6640.0 7040.0 7040.0 6840.0 7460.0 1620.0 7040.0 7040.0 6640.0 6440.0 2020.0 7460.0 7040.0 7040.0 0.0 7460.0 1820.0 6640.0 1620.0
0.0 6840.0 1820.0 7040.0 1820.0 6240.0 5840.0 7040.0 1420.0 7040.0 7860.0 1620.0 7040.0 1420.0 6640.0 7460.0 7040.0 7240.0 7240.0 2220.0 6640.0 2420.0 6840.0 6240.0 6640.0 7040.0 6640.0 7040.0 820.0 7040.0 6840.0 6640.0 1220.0 7660.0 1620.0 1220.0 1820.0 6640.0 7460.0 1420.0 7240.0 7040.0 7460.0 7460.0 6840.0 6640.0 6640.0 1220.0 6640.0 6440.0 6840.0 7460.0 6440.0 7040.0 6840.0 1620.0 6640.0 1620.0 7240.0 7040.0 7040.0 6840.0 6840.0 7460.0 7040.0 1820.0 7240.0 7660.0 7860.0 2420.0 7040.0 6840.0 6840.0 7040.0 6440.0 7040.0 6440.0 1420.0 7660.0 7460.0 1620.0 7460.0 1420.0 7240.0 7040.0 7040.0 1820.0 6440.0 7240.0 1020.0 6640.0 7040.0 7040.0 2020.0 6840.0 7660.0 7040.0 0.0 6840.0 7240.0 7460.0
0.0 7460.0 7040.0 2420.0 7460.0 7040.0 2220.0 7460.0 7460.0 1220.0 7860.0 6840.0 7660.0 7240.0 7860.0 6840.0 6840.0 7660.0 8060.0 8060.0 7460.0 8060.0 7460.0 6840.0 7460.0 7460.0 6840.0 1820.0 7040.0 7460.0 1620.0 7660.0 6240.0 7040.0 7240.0 7460.0 7860.0 2020.0 7040.0 7040.0 1620.0 7240.0 7040.0 2420.0 7240.0 7240.0 7240.0 7240.0 7460.0 6840.0 1820.0 6840.0 2420.0 2020.0 2220.0 7040.0 2020.0 7240.0 1820.0 7240.0 8060.0 1220.0 7040.0 7240.0 7660.0 6840.0 1620.0 2620.0 2420.0 8260.0 1420.0 1820.0 7040.0 7240.0 7040.0 7040.0 7040.0 7040.0 7660.0 7860.0 7660.0 7860.0 7240.0 7460.0 7240.0 7240.0 5840.0 1620.0 7660.0 7040.0 7240.0 6640.0 2220.0 7860.0 7660.0 7660.0 1020.0 7460.0 0.0 7660.0 1820.0
0.0 7460.0 6640.0 6840.0 7040.0 620.0 7040.0 6440.0 7040.0 6640.0 1820.0 7240.0 1820.0 6640.0 1820.0 6840.0 6840.0 7040.0 6640.0 6840.0 6240.0 7460.0 6640.0 6440.0 1220.0 1220.0 1420.0 6840.0 6640.0 5640.0 6840.0 1220.0 6640.0 6840.0 6640.0 5840.0 5840.0 6240.0 1020.0 7040.0 5840.0 620.0 1820.0 7040.0 1620.0 6640.0 6840.0 6640.0 820.0 6040.0 6840.0 6840.0 7240.0 5840.0 6840.0 6040.0 6840.0 7240.0 7040.0 820.0 1620.0 7040.0 6040.0 1620.0 6640.0 6240.0 6640.0 6840.0 7460.0 7240.0 6240.0 6640.0 1620.0 6840.0 1220.0 1220.0 1220.0 6640.0 7040.0 6640.0 6040.0 6640.0 6640.0 1420.0 6640.0 1020.0 7040.0 6040.0 1420.0 6640.0 1420.0 6840.0 6840.0 6640.0 7040.0 7040.0 7040.0 6840.0 6840.0 0.0 6840.0
0.0 7460.0 6840.0 1220.0 6840.0 5840.0 1420.0 6240.0 6840.0 1420.0 7240.0 7040.0 6840.0 6440.0 6840.0 7040.0 6640.0 6640.0 7240.0 6840.0 6640.0 7040.0 6240.0 6440.0 6440.0 6240.0 7040.0 1420.0 6840.0 6640.0 820.0 6240.0 6640.0 7040.0 6640.0 6440.0 6640.0 620.0 6640.0 7240.0 220.0 6040.0 7040.0 1820.0 6640.0 6440.0 6840.0 6440.0 6640.0 5840.0 1220.0 6840.0 1620.0 1020.0 1020.0 5840.0 1220.0 6840.0 1420.0 6040.0 6640.0 1420.0 5640.0 6640.0 6440.0 6440.0 1020.0 1820.0 1820.0 7040.0 1420.0 1220.0 6840.0 6840.0 6640.0 6440.0 6440.0 6640.0 7460.0 7040.0 6240.0 7040.0 6440.0 6840.0 6840.0 6640.0 6840.0 220.0 6640.0 6440.0 6640.0 6640.0 1220.0 6640.0 6840.0 7240.0 1020.0 6640.0 1220.0 6840.0 0.0
