100 3
192 2832 5028 1 7
1485 2052 4068 5 1
486 3739 6107 10 9
63 6633 8723 4 5
840 4931 6661 7 1
1008 4793 6697 5 6
465 4101 6357 9 6
448 2483 4429 6 3
396 4190 6214 6 4
338 2427 4467 10 2
190 2567 4521 3 8
840 8703 10693 9 8
938 3216 5056 5 9
328 8587 10985 2 7
221 1434 3498 2 8
1020 3950 5830 5 9
684 1681 3303 6 3
747 7212 9612 8 8
700 6214 8038 4 4
312 7408 9092 5 4
432 3407 5385 4 8
1275 5745 7433 5 6
780 6663 8407 10 5
12 4345 6503 4 10
970 8855 10765 10 7
795 5558 7312 7 2
1148 4260 6156 8 9
126 1358 3330 7 3
208 7527 9441 5 10
636 1801 3875 2 10
790 4147 6053 8 6
378 7698 10032 2 10
104 2458 4374 4 3
748 9053 11019 5 6
119 9918 12282 7 4
385 4492 6260 1 5
84 7637 9457 9 1
416 2645 4791 2 5
84 3404 5176 5 5
1040 6360 7966 4 1
532 1199 3061 8 8
154 2609 4991 5 5
567 5542 7322 8 3
52 5271 7269 10 5
340 10687 12413 8 2
759 7482 9774 7 9
435 8520 10200 2 7
682 2833 5097 9 4
1275 9726 12114 10 7
275 1058 3106 6 3
469 9402 11298 9 10
738 7042 9238 2 7
552 4370 6388 10 5
90 8027 10381 10 2
612 2648 4624 9 3
1110 1321 3671 2 9
900 2164 3856 5 9
570 2946 4766 8 5
310 3745 6015 10 9
1358 4068 6092 3 4
1140 4871 6869 2 9
570 3275 5013 6 4
1155 4410 6390 8 6
704 2080 4128 7 9
187 2257 4595 6 1
900 933 2747 5 9
456 5695 7487 6 9
1170 2382 4298 9 10
630 7026 9254 8 4
125 10472 12598 7 9
474 7999 9893 9 5
290 4294 6486 9 2
198 1125 3507 9 5
195 1718 3946 3 4
600 2553 4935 8 6
333 8206 10228 8 1
405 5386 7690 9 1
664 4102 6104 3 4
210 4250 6050 9 9
1300 2285 4675 8 7
747 8249 10003 8 9
1080 1507 3245 4 10
1455 3744 6136 8 2
792 9748 12122 1 3
425 1867 3853 9 3
224 3180 4900 2 3
570 5724 7668 4 2
416 1114 3126 4 9
308 1828 3800 1 4
324 8104 9866 2 8
240 7381 9727 5 3
297 4155 5985 9 1
11 2337 4143 6 1
536 3417 5415 2 6
120 7546 9900 6 9
240 1604 3266 3 9
207 944 2584 5 9
688 5174 7566 3 6
560 5231 7171 8 2
546 7580 9500 8 10
SETUP
0 71 81 71 81 31 11 51 61 71 91 61 71 51 91 51 51 81 101 101 51 101 51 31 51 71 71 71 41 61 61 51 51 91 71 61 71 51 91 61 71 71 91 101 61 51 51 51 51 41 61 81 61 61 61 61 81 71 71 71 71 51 51 81 61 71 61 81 111 81 71 81 71 91 41 31 41 61 91 71 61 91 41 71 61 51 71 41 71 41 41 71 71 81 71 91 71 81 61 51 71
0 0 302 332 332 282 272 322 312 332 362 332 81 322 91 91 332 342 332 342 302 362 71 292 312 322 81 332 302 292 322 61 312 342 332 302 292 302 322 322 302 302 352 352 322 312 51 302 302 292 322 81 352 292 322 312 312 332 342 312 332 322 302 91 81 302 332 342 373 362 302 322 41 332 292 332 302 312 101 91 312 332 322 332 322 71 332 292 81 292 322 322 332 332 322 322 322 342 322 282 332
0 342 0 71 332 302 352 302 322 312 342 71 362 292 352 332 322 342 332 312 312 332 282 312 322 332 342 332 71 332 51 332 322 342 81 302 91 322 322 91 71 332 312 362 322 322 332 302 322 312 332 312 332 332 71 302 332 322 61 322 352 61 302 332 292 312 322 332 383 312 312 332 312 332 332 302 312 302 342 322 61 342 292 302 292 302 332 312 312 61 292 322 81 332 312 342 312 342 71 322 322
0 352 51 0 302 292 342 302 312 302 332 71 322 302 342 322 302 332 312 332 302 342 312 282 302 312 322 302 51 272 61 312 302 292 71 282 41 302 282 71 41 292 332 332 322 302 322 312 302 292 302 312 332 282 61 292 312 342 81 302 332 61 292 332 322 272 312 332 362 352 272 292 312 302 292 322 292 312 342 322 41 322 322 302 302 292 322 292 332 41 322 312 61 322 322 332 312 332 61 272 302
0 352 342 332 0 292 342 302 91 302 342 302 322 71 342 342 332 312 332 322 302 332 322 322 322 312 322 332 322 282 322 312 312 342 282 322 332 302 322 322 282 282 352 71 282 322 332 312 302 292 332 302 71 91 272 292 81 71 302 302 332 332 292 312 282 61 322 101 332 111 81 71 312 332 332 312 322 71 352 342 312 312 71 332 322 332 332 292 332 322 322 332 322 332 332 342 292 81 322 342 91
0 332 332 302 302 0 322 61 312 322 81 322 332 302 312 332 61 61 342 332 71 332 302 302 282 41 332 312 322 51 332 282 322 71 302 312 302 272 322 352 312 302 91 332 51 282 312 312 322 262 292 322 322 302 292 292 312 322 322 302 51 322 292 312 302 302 322 332 352 342 302 322 332 332 322 302 61 312 352 322 312 322 292 332 81 302 302 262 332 312 61 302 302 332 81 81 302 312 292 312 332
0 342 322 312 322 272 0 322 302 61 352 312 312 312 332 342 322 332 342 101 292 91 302 272 302 312 322 71 282 312 302 292 51 332 312 51 322 41 332 302 322 312 342 342 302 292 292 51 292 282 51 332 342 312 302 61 322 312 332 312 312 302 302 332 312 322 81 352 111 352 322 332 312 342 282 312 282 312 342 342 322 332 312 322 312 322 71 31 332 282 302 312 322 81 312 332 61 332 302 322 332
0 373 292 352 332 81 332 0 332 342 121 352 352 332 362 292 71 111 352 342 91 322 322 342 312 101 332 342 312 61 302 312 332 91 332 322 322 332 352 332 322 322 101 362 81 352 332 332 332 332 352 352 352 322 322 332 332 352 352 332 81 342 332 342 332 342 332 352 373 352 342 312 342 322 312 322 91 332 352 352 302 332 332 332 81 342 292 332 352 332 81 332 352 282 91 121 302 312 322 302 342
0 373 352 342 61 322 352 312 0 312 373 342 373 51 282 352 322 322 373 362 312 342 302 332 332 332 342 332 302 342 322 352 322 302 342 322 362 312 342 322 312 342 352 111 342 332 342 322 342 302 342 332 91 101 332 302 31 91 332 332 362 342 322 322 312 71 332 101 383 71 81 61 332 322 302 322 332 81 362 342 342 332 81 332 332 342 332 302 312 322 332 342 342 342 332 342 332 91 332 352 61
0 352 322 362 322 322 61 302 352 0 362 332 352 332 342 342 332 352 352 91 332 111 332 332 302 342 342 71 332 312 272 342 61 352 312 71 322 71 342 362 322 302 362 332 312 342 322 71 332 312 91 332 332 342 302 81 342 352 332 312 362 322 332 352 312 312 81 362 111 352 332 332 332 342 332 312 332 332 362 352 342 342 322 322 322 332 71 71 352 332 322 322 352 81 332 302 31 302 302 332 342
0 352 342 342 322 71 352 71 292 312 0 302 373 302 312 342 61 91 322 312 41 322 302 292 322 81 312 342 272 91 292 332 302 81 272 302 332 332 282 332 332 272 61 322 51 312 322 292 332 302 322 332 312 322 322 322 312 342 332 312 91 312 312 322 312 302 312 342 322 352 322 322 312 302 322 322 51 302 352 332 312 332 302 282 61 312 312 322 292 302 51 312 272 342 51 101 302 352 322 352 332
0 362 101 91 322 332 362 312 292 312 362 0 383 332 312 352 342 312 352 352 302 332 312 342 352 332 332 332 51 352 71 352 312 342 91 322 111 302 352 71 71 332 352 362 352 302 322 312 302 302 312 312 352 322 91 332 282 332 51 332 362 61 332 312 282 322 332 362 332 352 342 332 312 342 302 332 322 322 352 352 81 342 332 322 322 332 322 302 352 71 322 332 81 332 332 352 332 352 101 352 352
0 101 332 342 332 302 352 292 332 312 332 332 0 302 91 61 322 342 332 342 332 332 51 332 312 332 101 332 312 322 332 61 302 312 322 272 332 312 332 332 302 302 332 342 332 332 91 322 342 292 322 91 352 292 312 312 342 342 332 312 322 322 302 81 71 292 312 342 373 352 322 302 91 312 312 322 292 332 111 91 312 332 322 322 312 41 322 302 91 292 342 322 342 322 332 332 332 352 312 312 292
0 332 312 292 51 302 332 302 61 292 342 312 332 0 332 302 302 332 342 332 292 352 262 292 282 302 322 302 282 302 302 312 302 322 292 282 322 312 302 332 312 292 332 91 302 312 302 272 292 282 322 292 61 51 282 312 61 41 292 292 332 302 302 302 272 41 302 81 342 51 31 51 292 312 312 282 302 31 322 322 312 332 41 322 312 302 302 302 302 302 292 312 322 332 292 332 302 71 282 302 61
0 101 322 322 282 302 322 282 292 322 342 312 101 302 0 71 322 292 352 332 322 312 41 322 322 302 61 312 272 312 292 81 312 342 312 292 332 282 322 292 312 312 332 332 312 302 71 292 322 272 312 71 332 322 302 312 262 312 312 332 352 332 312 51 51 312 312 322 362 332 312 322 61 332 272 302 302 302 81 61 312 322 302 302 322 61 302 272 71 292 302 322 312 312 302 332 302 312 332 332 332
0 121 342 332 332 292 342 312 302 332 352 332 61 322 71 0 312 332 352 342 302 352 71 322 322 312 91 342 332 272 332 71 322 342 302 322 332 302 332 362 282 302 352 352 312 322 81 322 332 292 332 81 352 342 302 292 322 352 332 302 332 332 292 61 61 322 322 332 352 362 342 332 91 302 332 322 322 322 91 71 312 322 312 322 312 71 342 292 81 322 332 332 332 322 342 342 312 332 332 342 332
0 352 332 322 292 41 332 41 302 322 71 302 342 292 332 312 0 41 322 312 51 312 302 302 312 31 312 322 282 71 302 312 302 71 272 292 302 292 322 302 282 272 81 322 31 302 282 302 302 282 312 312 312 312 312 282 302 302 312 292 81 312 282 292 292 292 262 342 322 342 322 302 312 312 282 282 51 272 332 332 292 302 302 322 61 282 312 282 292 302 51 322 312 312 61 81 282 322 312 312 272
0 342 322 282 322 51 342 71 312 312 91 312 332 302 332 312 51 0 312 332 61 272 302 302 322 31 332 332 292 51 312 322 312 71 312 302 312 312 312 312 302 292 61 312 71 332 322 312 302 292 332 292 322 312 332 312 302 272 312 322 91 302 312 262 292 292 272 342 342 342 302 302 302 312 292 282 61 312 292 332 322 282 302 302 71 312 312 302 322 302 51 332 342 342 71 41 312 352 292 302 302
0 322 322 332 292 292 332 322 322 302 352 292 322 322 342 342 302 322 0 272 302 342 302 51 21 322 312 302 312 292 322 272 312 312 282 332 312 302 61 332 302 41 342 332 292 61 322 322 61 41 322 312 332 332 282 302 322 312 302 41 282 282 51 312 292 282 302 342 302 352 292 302 312 61 61 71 312 312 312 342 332 61 312 71 312 322 292 292 302 312 332 41 312 332 322 322 292 342 282 91 312
0 352 322 322 332 282 91 312 312 51 352 272 342 302 332 342 292 332 332 0 322 81 312 302 312 322 322 71 292 332 302 312 51 302 312 61 332 51 312 312 292 312 322 332 312 322 312 51 322 302 81 332 352 332 322 41 302 342 292 302 332 262 282 292 302 262 51 332 111 352 322 282 322 292 292 322 312 312 292 342 322 332 312 302 292 322 71 51 332 302 312 312 322 91 322 302 61 332 302 332 292
0 332 322 342 312 61 342 71 342 292 101 302 352 322 322 332 51 91 312 332 0 312 322 302 312 81 322 322 302 81 282 322 272 71 322 292 332 312 312 322 302 312 101 332 71 302 312 282 332 302 312 342 342 312 322 312 322 322 312 312 91 292 302 322 332 302 312 342 362 373 302 312 302 322 322 322 71 292 342 332 332 322 332 282 21 312 332 302 322 312 81 292 332 342 51 91 292 332 322 352 312
0 362 342 342 332 322 121 332 352 71 332 332 312 322 362 332 322 362 352 101 302 0 302 312 342 322 312 101 322 332 332 342 61 352 312 71 332 71 342 352 312 312 322 292 342 332 342 71 302 312 91 312 302 332 342 71 332 332 312 332 362 332 322 332 292 332 81 352 111 352 332 332 322 342 342 302 322 332 352 342 332 262 322 332 322 332 41 71 342 322 312 322 352 101 332 362 71 352 282 322 312
0 81 302 292 302 302 342 302 312 292 332 312 81 292 91 51 302 332 332 342 292 352 0 292 312 322 71 312 302 302 302 61 302 322 302 282 312 312 292 332 302 312 342 362 322 312 51 272 292 292 322 41 302 302 312 302 312 292 282 312 332 302 302 81 21 282 302 332 352 302 282 302 41 312 302 272 302 282 61 71 302 342 292 312 312 51 322 302 51 302 292 312 322 322 282 332 312 332 322 302 312
0 332 322 322 302 302 342 322 312 292 352 292 332 312 342 332 302 342 81 332 322 352 282 0 31 302 322 312 322 302 312 332 282 322 302 302 332 312 61 342 302 51 362 342 302 31 322 302 71 51 282 322 332 292 292 302 312 322 302 51 342 282 51 312 302 302 312 332 342 332 302 312 322 71 71 51 272 312 342 322 302 81 322 81 322 322 302 302 332 262 322 41 342 312 312 322 302 332 292 81 322
0 312 312 322 282 282 312 302 322 292 332 292 312 302 322 332 322 312 71 312 302 332 292 71 0 302 312 282 312 272 312 302 302 332 272 312 302 282 71 332 282 21 342 312 272 51 322 302 51 31 312 292 312 322 262 292 322 322 292 21 322 312 41 312 272 302 292 342 322 332 312 312 302 71 61 61 322 312 342 332 312 51 302 71 312 312 282 272 332 322 312 61 312 322 322 342 282 332 262 81 332
0 352 312 322 312 41 342 41 302 302 71 292 342 282 302 292 21 61 332 332 31 322 282 312 302 0 302 322 282 41 292 312 302 51 292 302 302 292 322 312 292 292 71 302 41 312 292 292 282 292 322 312 292 292 312 292 272 312 312 302 81 282 292 312 292 262 282 312 342 332 312 282 312 292 282 262 41 292 342 302 292 322 282 292 41 282 312 282 302 302 31 312 312 312 61 81 302 332 302 282 292
0 101 342 342 312 312 302 312 322 312 342 322 111 312 71 81 282 322 332 332 282 332 71 322 312 302 0 332 282 332 312 71 302 332 302 292 332 282 332 332 302 302 312 342 302 302 51 282 282 302 312 71 332 312 322 312 292 332 322 322 342 322 312 71 51 312 292 312 342 362 322 272 21 282 302 312 312 292 91 81 312 332 312 302 302 61 332 302 61 312 312 312 312 342 302 342 302 352 322 322 302
0 322 322 342 262 302 91 292 302 61 352 312 332 302 322 332 332 322 332 81 302 91 302 302 322 322 332 0 292 292 322 322 51 342 292 51 332 61 322 332 292 292 352 332 292 322 322 41 302 272 81 272 332 322 282 51 292 332 292 302 342 322 302 312 292 302 71 342 91 352 332 322 272 332 312 322 312 302 352 332 312 322 302 312 322 312 41 51 322 312 302 322 282 61 302 352 51 342 272 342 332
0 332 81 71 302 302 342 292 332 312 332 71 352 282 342 322 322 342 342 352 302 352 292 322 312 332 332 332 0 332 51 312 292 322 61 282 71 312 322 91 61 312 312 362 332 322 302 272 312 312 332 322 322 302 71 302 312 322 61 312 332 61 292 332 302 302 312 322 362 332 312 312 292 322 322 302 282 282 352 312 51 342 282 332 322 292 322 302 302 31 282 302 71 322 282 332 302 332 71 332 322
0 352 332 312 312 21 322 41 322 322 91 332 332 302 322 332 61 71 342 332 31 332 302 302 302 51 342 322 322 0 312 302 302 91 312 302 312 282 312 342 262 312 91 332 71 302 322 312 322 272 312 332 332 322 302 272 312 332 322 282 71 322 272 312 302 302 302 342 342 352 322 312 332 322 322 302 61 322 322 332 292 302 302 302 51 312 322 272 322 302 61 312 312 302 71 91 322 312 302 322 332
0 342 91 91 302 302 342 322 342 312 352 71 332 312 352 322 312 332 342 322 312 352 312 322 282 332 332 312 71 302 0 332 292 332 51 332 61 312 332 91 61 282 352 332 302 332 342 322 312 302 342 312 322 332 41 322 342 332 71 302 342 61 312 332 302 302 312 352 342 362 312 312 322 322 322 292 332 332 342 342 71 332 312 332 322 322 302 302 332 81 312 302 91 352 332 332 262 342 41 322 322
0 61 302 322 282 282 312 312 332 302 332 302 61 302 81 81 282 312 322 312 302 332 41 292 262 302 61 282 302 272 312 0 302 302 272 312 302 282 292 332 282 272 332 322 282 302 61 312 302 282 302 51 322 322 262 292 322 302 292 272 272 312 292 61 31 282 292 342 322 342 282 292 51 302 302 312 302 302 81 81 312 302 302 312 312 61 282 282 71 302 312 272 312 322 312 342 282 332 262 332 302
0 302 302 332 312 292 71 302 322 31 332 282 332 312 332 332 282 322 342 91 322 91 312 282 312 312 342 51 302 312 292 322 0 302 302 71 332 61 292 322 292 302 332 342 302 302 302 71 332 302 61 322 342 322 322 51 312 302 292 302 332 272 292 302 312 282 41 342 101 352 282 292 322 302 302 312 292 302 322 352 322 332 332 312 302 302 71 51 322 292 332 272 322 81 332 322 51 312 322 332 302
0 332 322 312 322 31 312 41 312 262 91 302 332 302 322 332 51 71 342 332 71 332 292 302 302 51 332 322 322 71 272 302 272 0 312 302 312 282 312 342 262 292 91 312 71 282 322 302 322 272 292 322 332 302 302 272 312 322 312 282 71 292 272 322 302 302 302 332 342 332 302 312 322 322 322 302 61 312 342 322 302 282 302 322 71 312 312 272 322 302 61 292 312 312 51 51 282 302 302 322 262
0 342 81 91 342 302 342 292 322 302 322 31 362 312 332 332 302 332 302 292 322 352 322 322 322 332 292 342 51 332 71 312 292 312 0 322 101 312 332 81 71 262 342 373 322 322 332 312 322 282 332 332 352 342 71 322 302 342 71 332 332 51 322 332 312 282 312 322 302 362 312 302 312 312 302 332 322 322 332 312 81 342 312 312 312 322 332 312 322 71 322 302 91 322 332 342 332 352 71 352 312
0 352 322 332 312 292 91 282 322 51 312 322 352 292 332 302 302 322 312 81 332 91 292 322 292 312 332 71 302 312 312 292 51 302 312 0 332 51 312 322 282 292 322 352 312 322 322 51 322 292 81 322 342 282 302 41 332 322 322 302 312 312 292 312 302 282 41 332 101 332 322 292 322 302 302 312 282 312 352 322 292 332 322 312 302 282 61 41 332 292 322 312 332 51 322 322 71 332 302 332 302
0 332 41 81 302 292 332 302 312 302 332 71 322 302 332 332 302 332 322 332 272 332 302 282 302 322 332 292 41 302 51 322 292 302 41 302 0 302 282 71 51 292 332 342 322 302 322 302 272 302 302 302 332 312 61 282 322 332 81 292 332 51 302 332 322 272 302 332 342 352 272 292 302 292 292 322 292 312 352 342 71 332 312 292 282 292 322 302 332 31 312 302 61 322 312 332 302 352 61 342 302
0 342 362 342 292 312 101 322 292 81 312 332 362 332 322 342 332 352 332 91 322 91 332 302 332 332 352 51 332 322 312 332 71 342 312 51 342 0 322 332 302 312 332 332 322 282 342 81 322 312 41 322 352 292 312 61 322 332 342 322 352 332 302 312 322 312 81 332 91 362 342 322 322 332 332 332 312 342 352 322 312 352 342 312 332 322 71 61 332 312 332 332 282 101 352 322 71 342 322 352 322
0 373 342 342 322 302 332 302 292 332 352 322 362 322 322 332 282 322 91 332 322 332 312 51 71 302 312 342 302 342 332 322 322 332 302 292 322 322 0 332 302 51 352 332 302 71 302 292 81 61 332 322 302 312 332 312 322 332 322 51 342 332 61 322 302 312 292 312 342 362 332 322 312 31 61 61 312 302 342 352 312 71 332 91 332 312 342 312 322 312 332 91 282 322 302 352 312 352 332 91 302
0 332 91 91 282 312 352 302 312 322 362 71 342 312 332 342 332 332 352 342 312 352 322 322 332 332 342 272 61 302 81 332 312 342 51 312 91 322 332 0 51 302 362 342 302 342 332 302 312 282 312 282 342 332 41 312 302 322 51 312 352 81 312 322 302 302 332 352 352 362 342 322 292 332 322 332 332 312 352 342 81 332 312 322 332 322 302 312 332 71 322 332 51 312 322 362 312 352 41 352 332
0 332 71 51 312 262 312 282 312 322 332 71 322 292 312 322 302 302 352 322 302 322 292 292 292 282 332 312 61 302 71 282 302 322 51 312 51 272 302 81 0 302 332 322 302 292 312 302 302 262 302 322 322 312 51 262 302 322 71 272 302 61 262 302 302 292 292 332 332 332 312 302 322 312 312 292 292 312 332 322 41 322 292 312 312 302 312 262 302 41 302 302 51 302 322 332 312 302 51 312 322
0 373 332 352 352 322 373 292 352 342 362 312 373 312 332 332 322 352 121 292 352 362 322 71 91 342 362 342 332 342 342 352 332 332 332 342 362 332 81 352 332 0 362 373 342 91 332 332 101 31 352 352 373 362 332 322 332 352 322 91 362 302 71 332 332 302 322 352 383 362 322 322 352 71 71 91 332 332 332 342 332 121 312 91 332 322 332 332 352 332 352 101 352 322 352 342 342 352 342 91 332
0 362 342 302 332 71 352 81 332 322 101 322 352 282 342 332 61 71 322 312 71 332 292 322 312 51 342 342 312 71 332 332 332 91 332 312 332 332 332 332 312 322 0 322 81 342 332 302 322 312 302 302 332 302 322 312 312 322 322 332 101 312 322 272 302 302 292 352 352 332 312 322 312 332 302 302 81 312 352 342 322 342 312 332 81 332 332 322 332 332 61 342 352 352 71 61 332 352 322 312 332
0 342 332 342 91 302 352 322 81 312 352 322 352 61 332 312 302 332 352 352 302 342 312 312 332 282 332 332 312 322 322 322 292 322 312 332 292 322 322 332 322 312 352 0 322 332 322 322 302 312 342 342 71 71 332 302 51 61 332 322 342 302 302 332 322 41 302 91 362 101 61 61 342 312 312 282 322 71 332 332 322 352 51 322 312 312 342 312 332 322 302 302 342 342 342 352 332 91 332 312 71
0 342 342 342 342 61 332 61 342 312 91 322 332 302 362 322 71 101 362 342 61 373 302 322 322 71 312 342 322 71 312 332 292 81 332 322 332 332 332 352 332 302 71 302 0 332 332 322 312 322 322 332 302 332 332 312 342 332 322 332 61 312 312 332 312 312 322 332 352 352 312 322 322 332 322 292 71 332 332 322 312 282 302 332 81 302 312 322 322 322 51 302 332 332 81 81 262 312 302 312 332
0 362 342 332 332 292 332 302 292 312 342 342 342 312 322 322 322 332 61 322 302 352 312 71 71 312 342 332 312 332 322 312 312 322 332 282 322 292 61 342 282 41 342 322 332 0 322 312 51 41 262 342 332 272 322 292 322 342 332 51 332 332 41 332 322 302 312 312 322 342 322 312 302 71 71 61 312 322 332 302 292 81 312 71 312 302 332 282 312 312 322 81 322 332 332 302 332 332 322 91 302
0 111 342 332 312 292 352 302 312 322 332 332 111 292 61 71 302 302 342 332 312 322 51 312 322 292 81 322 312 322 332 71 322 332 322 302 332 272 312 342 312 312 342 322 332 282 0 312 312 262 292 81 312 302 322 302 302 312 332 322 332 322 302 61 61 302 312 332 352 342 322 312 71 322 322 292 312 312 81 71 302 332 292 322 322 51 332 262 81 312 312 332 302 332 322 322 332 342 322 322 322
0 352 322 312 282 302 101 282 322 61 322 322 352 292 332 302 312 332 322 81 292 101 292 322 302 322 322 81 292 312 322 302 51 302 292 11 302 51 302 332 292 292 322 342 312 312 282 0 302 292 71 332 312 282 302 51 292 332 322 302 312 322 292 322 302 282 51 332 91 342 312 302 272 302 302 312 292 262 352 332 302 332 322 312 302 282 61 41 292 292 312 312 312 61 272 332 71 342 302 322 312
0 332 322 342 312 302 342 322 342 292 352 302 352 322 322 332 302 342 61 332 262 312 332 51 61 332 322 322 302 332 282 322 272 312 322 292 332 312 61 322 302 61 352 332 322 61 312 282 0 61 312 342 342 312 322 292 322 322 312 71 322 292 51 322 332 302 312 342 362 373 302 312 302 71 71 71 312 292 342 332 332 71 332 31 272 312 332 302 322 312 322 41 332 342 302 342 292 332 322 101 322
0 362 332 332 332 302 342 302 332 322 332 342 352 282 302 332 332 342 101 352 322 342 292 71 61 332 332 332 302 332 332 322 312 352 322 312 342 302 61 342 342 81 332 362 332 71 302 302 71 0 332 322 342 332 322 302 302 322 322 61 342 332 51 332 302 322 312 322 373 332 312 332 322 81 71 61 302 302 352 312 302 91 282 81 342 292 332 302 322 302 322 71 322 322 322 332 322 332 322 81 342
0 352 332 322 322 282 81 292 332 51 332 332 332 302 332 312 322 322 302 71 292 91 302 312 302 302 332 81 312 322 312 302 61 312 322 21 312 41 302 332 272 282 332 342 322 312 312 61 282 282 0 342 332 262 312 31 312 332 332 292 322 322 282 322 312 292 61 322 71 342 332 302 322 312 312 302 302 322 332 302 282 322 312 312 302 292 81 31 322 302 312 322 312 71 322 332 71 322 312 332 292
0 61 332 332 302 292 322 302 322 322 332 332 101 292 61 71 332 322 342 352 292 342 41 312 302 322 81 332 282 312 322 61 312 322 312 282 312 302 312 322 312 312 332 332 322 322 51 282 292 262 332 0 332 302 312 292 282 322 322 282 332 332 302 71 51 302 302 322 342 332 322 322 11 332 302 312 302 282 101 61 302 342 282 312 302 51 322 302 51 302 302 322 302 322 292 342 322 342 312 332 332
0 362 352 352 51 322 312 322 81 312 352 332 352 81 332 342 292 332 342 342 282 342 332 332 302 322 262 332 302 322 322 332 302 342 302 302 342 292 342 342 312 302 322 101 312 312 312 292 282 312 322 302 0 71 312 322 51 91 302 322 332 322 322 332 282 71 302 71 352 121 81 31 282 292 312 322 322 51 352 342 322 342 71 312 302 322 322 312 322 322 322 322 322 352 312 352 322 101 312 332 61
0 342 322 312 71 272 322 282 71 302 322 322 322 41 322 302 302 312 292 302 302 332 292 302 292 292 322 322 302 312 302 292 302 302 312 262 302 282 292 322 262 272 322 81 312 302 302 302 312 272 302 332 71 0 302 272 51 71 322 282 312 312 262 312 302 31 292 61 332 81 71 51 312 302 302 292 292 61 322 292 272 312 51 302 302 282 312 262 302 292 302 312 302 312 312 312 312 61 302 322 61
0 342 91 71 302 282 322 302 332 292 332 41 302 312 332 332 312 302 312 302 292 322 312 312 312 302 302 332 61 262 51 312 302 322 11 302 71 292 322 91 31 262 332 312 262 312 322 302 292 282 322 292 312 332 0 282 312 322 41 292 322 61 282 302 272 292 312 332 312 352 322 312 292 322 312 302 322 312 332 322 61 302 312 312 312 322 322 282 332 61 302 312 71 312 312 332 272 322 61 332 322
0 352 342 332 312 302 101 302 312 71 332 322 362 292 342 342 332 352 352 121 312 101 302 282 312 332 352 51 312 332 312 332 51 342 332 71 352 71 332 362 332 332 342 373 332 302 342 61 332 312 61 322 332 322 322 0 342 332 332 322 352 312 302 342 312 322 71 332 101 342 322 342 322 352 332 312 292 322 352 322 302 352 292 332 332 302 81 71 312 292 292 322 332 81 322 342 71 342 322 342 352
0 352 322 322 71 302 352 282 41 322 342 312 362 51 292 322 322 292 352 332 322 312 282 322 322 302 312 312 272 332 292 332 312 342 332 292 332 282 322 292 322 322 332 91 342 302 322 292 322 272 312 322 81 71 332 312 0 61 312 332 342 332 312 292 292 61 312 91 373 81 61 71 302 332 272 302 302 51 332 332 312 322 51 302 322 312 302 272 322 292 302 322 312 312 302 332 302 91 322 332 91
0 352 332 322 81 302 322 312 91 322 362 322 352 31 342 332 322 332 352 352 322 352 282 322 302 322 342 332 302 322 322 322 332 352 322 302 332 302 322 362 292 312 362 101 322 322 332 302 322 292 332 322 91 71 312 302 81 0 312 302 342 312 292 332 302 71 322 101 362 81 61 81 322 322 332 302 332 61 282 352 322 352 71 322 312 332 332 292 332 332 322 342 332 342 312 362 322 91 312 312 41
0 322 61 91 322 302 332 322 312 282 342 51 342 322 342 312 292 332 332 352 332 332 322 292 322 322 332 312 41 322 51 332 272 302 61 312 91 302 302 71 51 312 332 352 312 312 312 312 342 312 322 332 342 332 81 302 322 312 0 322 342 31 302 312 322 272 302 332 362 373 292 282 322 292 292 322 302 312 332 352 81 332 322 302 292 312 322 302 332 51 322 282 81 342 322 332 302 332 61 342 302
0 332 322 302 312 262 302 312 312 312 342 322 342 302 322 322 312 302 101 342 302 322 272 51 41 292 332 312 292 302 312 282 292 322 302 292 282 282 61 312 312 51 352 332 302 41 322 292 51 21 302 302 322 312 292 302 302 312 302 0 302 312 51 302 282 302 272 342 312 322 302 312 302 71 41 41 312 302 332 332 312 81 302 71 312 312 302 272 312 312 312 51 302 332 302 332 312 312 292 61 332
0 342 342 332 312 41 342 81 312 302 91 312 342 292 342 312 81 91 332 342 31 342 302 322 282 81 342 312 302 51 312 312 302 41 302 302 332 292 322 352 302 302 111 352 51 282 342 312 322 302 292 322 352 302 292 292 322 332 322 302 0 322 282 342 302 312 322 332 352 342 312 332 302 342 332 312 41 322 352 322 312 322 322 302 51 332 302 302 332 292 71 312 322 352 81 71 312 332 292 342 302
0 342 91 61 332 282 332 322 302 312 352 21 332 322 332 332 312 322 332 342 312 342 312 292 302 312 342 332 61 322 71 302 292 322 71 332 71 302 302 81 71 322 332 332 322 312 332 322 312 292 322 322 342 332 61 282 292 332 31 292 322 0 272 282 302 292 302 352 352 362 312 312 322 322 312 312 302 332 362 342 81 342 312 322 322 322 322 282 332 51 312 302 71 342 342 322 332 312 61 322 322
0 332 332 302 302 262 312 302 312 322 332 322 312 302 322 332 312 312 91 322 312 332 292 41 31 292 332 302 312 302 312 282 312 322 302 312 302 282 71 332 312 51 342 332 302 41 312 312 71 21 302 322 332 312 292 262 312 332 322 31 302 312 0 312 302 302 292 332 332 342 312 322 322 81 61 51 302 322 352 322 312 81 292 81 332 302 302 272 322 292 292 51 302 322 322 332 312 302 292 61 332
0 91 322 282 332 302 332 312 312 322 342 312 91 302 81 71 302 302 312 332 302 322 61 302 322 282 81 322 292 302 312 71 312 322 312 302 312 322 312 312 312 312 302 322 322 332 71 312 302 292 332 41 312 312 332 322 292 322 322 322 342 302 312 0 71 292 272 342 342 342 302 302 51 312 292 282 322 312 91 81 322 332 302 322 312 61 342 312 71 312 302 332 342 342 322 292 322 352 332 302 322
0 81 332 342 292 312 332 302 332 282 352 312 101 312 81 81 312 342 332 352 282 342 61 312 322 332 91 332 302 312 292 81 282 322 312 292 332 322 322 332 322 312 342 352 322 332 61 282 282 282 342 31 342 312 302 312 302 332 272 302 342 302 322 81 0 292 322 342 362 352 302 302 31 312 312 332 322 302 101 81 322 352 302 302 302 71 332 312 71 322 322 302 332 322 302 322 302 322 322 352 312
0 362 302 332 71 292 342 312 51 292 342 312 352 61 332 342 282 322 322 332 322 322 312 302 322 312 312 312 282 332 292 322 312 292 302 302 332 282 332 302 282 302 312 101 302 302 302 292 332 292 312 332 91 71 322 292 71 81 322 302 332 302 292 322 302 0 292 71 352 101 81 21 312 282 282 312 302 51 342 332 312 322 51 282 282 312 302 292 322 302 302 322 312 332 312 332 302 81 292 332 31
0 352 332 312 322 312 111 312 292 71 322 312 362 302 322 312 292 282 342 91 302 51 302 292 322 272 312 61 272 312 302 322 61 312 302 41 322 61 342 302 312 302 332 322 312 312 312 41 302 302 71 322 312 312 322 61 292 302 332 322 342 302 302 282 312 282 0 332 71 342 332 302 302 302 272 282 302 302 322 322 312 312 292 312 302 302 81 51 322 302 292 322 332 81 302 322 51 352 322 302 312
0 362 322 282 81 302 342 302 41 322 332 342 342 41 302 332 322 332 342 352 322 352 292 302 312 312 332 322 312 302 332 322 312 322 332 312 312 292 302 312 312 322 332 101 332 302 282 302 322 262 302 322 81 61 322 302 61 71 322 312 342 332 302 332 302 51 312 0 362 91 51 61 322 322 322 302 302 61 282 312 302 342 41 332 322 292 332 282 322 302 322 332 322 322 322 342 322 91 322 302 71
0 332 322 322 322 282 61 302 272 11 352 302 342 312 302 322 302 292 332 91 302 61 302 312 302 302 342 71 292 292 272 312 31 262 312 51 322 41 312 332 282 302 342 322 322 292 322 61 332 282 51 332 332 302 302 31 302 312 272 292 282 292 282 292 312 282 61 342 0 342 302 302 322 302 302 312 282 322 292 332 302 292 312 312 302 322 71 31 332 282 322 292 322 71 312 302 31 302 302 332 272
0 322 322 312 61 312 342 312 11 292 352 302 342 61 292 332 302 282 302 322 312 302 282 302 322 312 322 322 312 332 302 312 272 312 312 302 322 322 302 332 312 312 332 91 312 322 322 302 322 312 292 312 81 61 322 312 41 51 312 322 332 292 312 282 292 51 302 91 352 0 51 61 312 322 312 302 262 41 322 332 302 312 51 332 322 312 332 312 312 262 302 282 332 342 312 322 312 81 322 322 61
0 332 282 332 41 292 342 282 51 292 322 302 302 41 332 322 282 322 322 332 312 322 292 262 292 312 312 282 282 292 292 322 282 292 302 302 332 292 272 302 292 302 312 91 302 282 302 292 322 292 292 292 71 51 302 302 71 81 312 302 342 292 292 322 302 11 292 71 352 81 0 21 302 282 282 312 272 51 342 332 312 322 61 292 282 282 312 292 322 272 302 302 292 302 312 322 302 91 292 332 31
0 352 332 332 51 302 352 302 61 312 332 302 352 61 342 332 262 302 322 322 302 322 312 312 322 292 322 322 292 322 302 322 312 332 282 292 322 272 322 312 292 282 302 81 292 292 292 282 312 292 302 312 81 61 312 302 61 71 312 302 342 312 292 302 292 51 272 51 332 111 61 0 302 262 292 302 302 31 322 322 302 322 61 292 282 302 332 292 302 312 312 312 292 322 292 332 292 91 332 312 41
0 101 342 322 302 312 352 302 312 322 332 332 101 302 61 71 322 312 342 352 282 332 51 332 302 322 81 322 272 312 312 61 302 322 312 282 312 302 322 312 302 312 332 332 312 322 51 272 282 292 332 91 322 302 302 312 282 332 332 312 332 322 312 71 71 302 312 342 352 352 322 312 0 322 292 322 302 282 101 81 312 342 302 312 302 51 322 292 51 292 302 322 322 332 282 342 322 352 302 332 322
0 352 332 322 292 292 342 292 302 302 332 302 342 302 332 322 262 292 71 312 302 312 302 51 71 282 312 322 282 322 302 312 302 322 272 282 312 292 71 302 282 31 332 322 282 61 282 272 61 41 312 302 322 302 312 292 302 312 302 51 332 312 41 292 282 292 262 292 322 352 302 312 292 0 31 41 302 272 322 332 292 61 302 71 312 292 322 282 292 302 302 71 312 312 292 332 282 332 322 61 282
0 332 332 322 302 302 342 302 282 312 332 292 352 282 302 322 312 342 91 342 302 352 292 71 51 332 292 292 262 322 282 312 292 322 312 282 322 322 71 282 312 51 312 352 322 51 302 272 71 61 302 302 322 302 312 302 302 322 312 61 332 312 51 332 302 302 312 322 362 332 312 302 292 61 0 61 282 282 352 312 302 91 282 61 302 292 322 302 302 282 282 61 322 322 282 332 282 332 312 81 332
0 352 322 312 312 282 332 282 322 312 322 292 342 272 342 282 282 312 81 332 272 332 282 61 51 302 302 332 292 282 292 312 292 332 292 292 302 302 71 332 302 51 322 342 302 61 302 292 31 51 322 312 282 292 302 292 322 312 302 51 332 282 31 312 292 302 282 312 342 322 302 312 312 71 51 0 292 292 332 302 282 81 272 51 292 282 312 292 292 292 272 61 312 312 302 322 292 322 302 31 302
0 322 312 312 322 51 332 71 332 282 91 292 342 312 342 322 41 81 352 342 61 352 272 292 322 71 312 312 312 71 302 332 262 61 312 292 332 312 302 332 302 312 101 352 61 312 312 292 312 312 322 312 322 322 332 302 322 312 302 312 91 282 302 312 282 292 302 352 352 322 292 302 302 312 312 292 0 302 332 342 292 332 312 322 61 312 332 302 322 262 61 282 332 342 51 81 302 322 332 322 302
0 352 332 352 31 312 362 312 61 322 352 322 342 71 342 352 322 322 332 342 282 342 322 312 332 332 312 332 322 302 312 332 302 332 302 312 292 322 322 342 302 302 352 91 302 312 342 312 302 312 312 322 51 81 292 312 91 91 322 322 352 312 312 322 302 51 332 111 352 121 51 71 322 322 322 332 312 0 362 352 332 332 91 302 292 312 302 312 282 312 342 312 302 342 322 352 312 101 302 342 81
0 121 342 342 312 302 352 312 312 332 332 332 111 302 71 81 302 312 352 352 292 332 51 312 322 292 81 322 322 332 322 71 312 332 312 322 342 272 322 342 322 312 342 332 322 302 61 312 292 272 302 81 322 312 322 312 312 332 332 322 342 322 302 61 61 302 302 332 362 342 332 322 81 292 322 302 312 312 0 71 312 342 292 322 312 51 332 262 61 312 312 332 302 332 332 342 312 352 332 322 312
0 91 332 292 322 292 292 312 302 302 342 312 91 302 71 81 312 292 322 332 272 312 51 302 322 322 51 312 312 312 302 71 282 322 332 282 322 302 322 322 292 292 342 332 312 262 41 292 302 272 272 81 292 282 332 302 322 302 322 302 342 302 292 41 61 292 312 262 332 322 302 302 61 312 312 312 312 302 41 0 302 322 292 292 282 51 282 292 21 312 332 302 332 332 312 302 302 332 332 302 302
0 373 101 91 312 322 362 312 342 332 352 81 342 322 322 332 332 342 352 352 312 322 322 342 322 322 342 342 71 332 41 322 322 332 71 292 81 302 332 71 71 322 352 322 332 312 282 282 332 292 322 352 332 312 71 312 322 342 101 332 342 91 322 342 332 312 322 362 373 373 342 322 302 332 332 312 322 292 302 352 0 292 322 282 332 312 322 292 312 71 322 332 81 332 292 352 302 362 61 332 332
0 352 332 352 342 312 352 332 352 322 373 332 302 332 362 332 332 352 131 362 332 373 332 61 81 312 302 352 312 342 332 332 302 342 342 322 322 312 91 342 302 81 342 282 352 81 352 322 81 61 332 332 302 342 342 312 332 332 342 71 352 322 61 342 332 322 322 362 373 373 322 322 322 81 81 71 312 332 362 362 332 0 332 101 342 342 282 312 352 312 332 71 342 352 342 362 312 352 272 91 302
0 332 302 302 51 272 312 272 51 292 302 312 322 11 332 302 302 312 342 332 292 332 262 292 282 302 322 312 282 302 302 292 282 322 302 282 312 292 302 322 312 302 302 91 302 292 302 272 292 282 302 292 61 51 292 272 61 51 292 282 312 302 272 302 272 41 282 41 342 61 41 51 292 312 302 282 272 31 322 282 272 312 0 302 312 262 302 282 292 272 292 302 292 292 292 312 302 61 292 302 71
0 342 342 352 312 312 332 332 332 322 362 332 342 322 352 332 322 342 101 332 302 292 322 81 41 332 342 312 332 302 262 332 302 342 302 332 312 312 81 292 312 41 352 332 302 91 342 332 61 61 342 322 332 332 292 322 342 342 322 51 352 312 71 342 302 302 322 352 342 362 322 322 322 81 81 51 312 342 352 342 332 51 312 0 322 332 312 302 342 312 312 61 322 352 332 342 272 332 292 71 332
0 352 352 332 322 51 342 81 322 322 111 292 352 322 352 332 81 91 292 312 61 302 322 312 292 81 342 312 292 61 272 312 302 71 312 312 322 322 322 302 312 292 101 332 61 292 332 302 312 312 302 332 332 312 302 302 312 352 302 312 71 282 302 302 312 312 322 342 342 362 332 332 322 332 332 302 71 312 352 332 322 302 312 262 0 322 312 312 332 312 61 322 332 352 71 81 272 342 302 332 332
0 71 292 302 312 312 332 262 312 292 292 302 91 262 91 51 302 302 352 342 302 322 21 302 292 292 71 312 282 302 302 71 272 312 302 292 332 322 302 312 312 302 292 332 302 322 51 282 302 292 332 51 322 312 292 312 302 302 302 302 332 292 312 51 31 302 272 342 332 312 292 312 51 322 292 282 262 292 81 81 302 332 302 322 322 0 302 302 71 262 302 282 312 282 302 302 312 322 302 312 312
0 362 362 362 332 342 101 332 362 81 373 342 342 332 373 342 332 362 362 111 332 131 332 342 342 352 302 111 332 342 342 362 61 332 342 91 352 81 352 373 342 322 312 352 352 352 352 81 332 352 71 362 342 332 352 91 342 362 352 352 383 332 332 332 342 342 91 362 131 373 332 322 322 322 342 312 342 312 362 352 342 362 322 352 342 332 0 91 342 342 322 332 362 111 352 352 31 373 352 342 342
0 352 332 332 302 292 101 302 302 71 322 322 352 292 302 322 302 302 342 101 312 71 292 312 312 282 322 71 312 322 322 312 61 322 322 61 332 21 312 342 312 322 332 322 322 282 302 61 312 262 51 322 312 302 322 51 302 312 322 312 332 312 302 302 302 292 61 322 111 332 322 312 322 322 312 292 302 302 342 312 302 332 282 322 322 292 81 0 322 302 302 332 292 71 322 332 81 342 322 312 322
0 81 322 342 312 302 332 322 322 292 352 302 91 322 71 81 302 342 312 332 262 312 81 302 312 332 41 322 302 322 282 71 272 312 322 292 332 312 312 322 302 312 342 332 302 302 71 282 312 302 312 81 282 312 322 312 322 322 312 312 342 292 302 71 61 282 312 342 362 362 302 292 51 302 302 322 312 292 91 81 332 322 332 282 272 61 282 302 0 312 332 292 332 342 302 342 292 332 322 322 302
0 322 71 71 322 312 332 322 332 292 342 51 342 312 342 332 292 332 352 352 312 352 282 302 322 322 312 312 71 322 51 332 272 312 61 302 91 322 302 91 51 312 352 362 312 322 312 292 312 312 332 312 332 322 81 312 322 312 61 322 352 41 302 312 292 292 302 352 362 322 292 312 312 322 312 302 262 302 342 342 51 332 312 322 322 312 332 312 332 0 312 282 81 342 312 332 312 332 81 322 312
0 332 302 302 302 21 322 21 302 292 51 312 332 262 332 312 51 61 342 332 31 332 262 302 282 51 312 312 282 51 272 292 282 71 302 282 312 292 302 322 312 302 61 342 51 292 302 282 302 282 302 292 302 302 292 272 312 302 292 292 61 302 272 312 272 292 282 302 342 312 292 302 292 312 302 282 31 292 322 282 272 312 262 302 51 272 302 282 282 282 0 302 292 292 41 61 282 312 292 302 322
0 292 292 332 302 302 302 292 312 282 322 312 312 302 332 322 272 302 81 322 302 322 302 21 51 292 322 292 292 302 302 322 292 282 282 302 322 292 31 312 292 31 322 332 292 41 292 302 71 51 302 302 322 312 302 302 312 282 322 61 342 302 51 302 312 262 272 322 332 342 262 282 312 41 41 51 282 282 312 332 302 61 312 51 292 292 312 292 302 282 312 0 302 312 322 322 292 332 302 71 282
0 342 81 91 302 302 342 312 272 312 352 61 352 312 302 352 312 332 332 322 322 352 302 272 302 322 322 332 51 322 71 322 292 312 31 322 71 312 292 81 61 282 342 302 322 292 332 322 332 312 302 332 342 312 61 312 302 342 71 302 342 51 322 332 312 282 312 342 332 332 312 302 332 302 302 322 282 322 332 332 51 332 332 312 302 342 322 312 332 31 332 312 0 332 332 332 322 352 61 342 312
0 373 362 352 332 332 121 332 302 71 362 322 352 312 332 352 342 362 373 121 332 91 322 352 332 352 322 71 292 342 312 342 71 322 342 61 352 81 352 312 332 332 332 352 352 332 312 51 342 322 91 342 352 332 342 81 332 352 342 342 362 342 322 342 332 332 91 352 131 362 342 332 322 342 282 332 312 312 332 342 282 322 312 312 332 322 21 71 332 312 312 332 352 0 322 362 51 362 332 352 332
0 342 342 312 332 81 362 81 322 312 121 322 362 292 332 342 71 91 373 342 81 352 292 322 312 81 342 342 302 81 322 352 292 81 332 312 342 322 292 322 332 332 111 373 81 342 332 302 332 312 352 322 342 332 322 332 302 312 322 332 111 312 332 332 302 322 332 352 373 332 312 332 322 312 302 312 31 312 332 352 322 352 332 342 91 332 332 312 342 282 71 302 322 352 0 101 332 352 322 332 332
0 373 352 342 352 71 302 91 312 342 131 352 362 342 342 352 81 81 352 342 61 352 332 322 342 71 342 352 332 91 342 342 322 111 352 352 312 332 342 352 332 302 101 292 101 342 332 342 332 332 342 352 332 342 352 332 332 342 362 342 111 342 332 332 342 322 332 362 383 302 332 342 352 332 332 322 61 332 362 362 352 362 332 342 81 342 362 332 342 302 81 332 362 362 111 0 352 373 352 332 322
0 342 332 342 342 322 101 312 342 51 352 312 362 302 362 312 312 352 362 81 302 111 312 312 332 332 332 81 322 322 322 342 41 332 322 71 332 81 322 342 322 292 352 322 332 332 332 71 302 322 91 342 322 322 332 71 342 332 322 332 362 302 312 332 322 312 71 342 121 352 312 322 332 332 322 282 322 322 342 332 322 352 302 332 322 312 101 81 322 322 302 302 342 91 322 322 0 342 332 312 332
0 322 332 322 81 282 272 322 71 332 362 332 322 71 302 352 332 342 332 352 312 362 322 282 312 322 302 332 282 332 322 312 312 352 332 302 332 302 342 322 332 332 342 91 312 302 302 302 302 292 312 342 41 81 322 322 51 81 342 332 322 312 322 342 322 81 332 101 362 111 81 71 322 332 292 332 302 61 352 342 332 342 61 332 322 322 332 292 332 292 312 322 332 342 312 352 322 0 322 342 101
0 342 71 111 342 332 352 342 342 302 362 71 352 342 362 322 312 352 373 373 342 373 342 322 342 342 312 332 71 342 71 352 292 332 81 342 111 342 322 81 71 332 332 362 332 342 342 342 342 322 332 322 362 352 101 332 342 332 81 342 373 61 332 332 352 312 322 373 362 383 312 332 322 342 322 332 332 332 352 362 101 362 332 342 342 332 272 332 352 81 332 302 101 362 352 352 292 352 0 352 332
0 352 312 322 322 282 332 302 322 302 332 332 332 302 332 312 312 322 51 322 282 342 302 41 61 302 312 312 302 262 312 302 302 312 312 272 272 292 51 332 272 31 332 322 322 61 312 312 41 31 322 312 332 272 312 282 312 332 322 41 322 322 31 322 302 292 302 322 352 342 282 302 322 61 51 51 302 302 332 312 282 61 312 61 302 292 322 282 322 302 312 71 312 312 322 332 322 322 312 0 312
0 342 322 312 61 262 322 282 71 322 332 332 322 51 312 322 302 312 332 322 312 332 282 302 292 292 332 312 312 312 282 292 312 332 312 302 302 272 302 332 262 282 332 81 312 292 312 302 312 262 302 312 71 51 302 272 51 71 312 272 312 322 262 312 292 51 292 81 332 81 61 61 312 312 312 292 302 61 342 322 292 332 51 322 322 302 312 262 312 302 302 312 302 302 312 332 292 61 302 312 0
SETUP_COST
0.0 1420.0 1620.0 1420.0 1620.0 620.0 220.0 1020.0 1220.0 1420.0 1820.0 1220.0 1420.0 1020.0 1820.0 1020.0 1020.0 1620.0 2020.0 2020.0 1020.0 2020.0 1020.0 620.0 1020.0 1420.0 1420.0 1420.0 820.0 1220.0 1220.0 1020.0 1020.0 1820.0 1420.0 1220.0 1420.0 1020.0 1820.0 1220.0 1420.0 1420.0 1820.0 2020.0 1220.0 1020.0 1020.0 1020.0 1020.0 820.0 1220.0 1620.0 1220.0 1220.0 1220.0 1220.0 1620.0 1420.0 1420.0 1420.0 1420.0 1020.0 1020.0 1620.0 1220.0 1420.0 1220.0 1620.0 2220.0 1620.0 1420.0 1620.0 1420.0 1820.0 820.0 620.0 820.0 1220.0 1820.0 1420.0 1220.0 1820.0 820.0 1420.0 1220.0 1020.0 1420.0 820.0 1420.0 820.0 820.0 1420.0 1420.0 1620.0 1420.0 1820.0 1420.0 1620.0 1220.0 1020.0 1420.0
0.0 0.0 6040.0 6640.0 6640.0 5640.0 5440.0 6440.0 6240.0 6640.0 7240.0 6640.0 1620.0 6440.0 1820.0 1820.0 6640.0 6840.0 6640.0 6840.0 6040.0 7240.0 1420.0 5840.0 6240.0 6440.0 1620.0 6640.0 6040.0 5840.0 6440.0 1220.0 6240.0 6840.0 6640.0 6040.0 5840.0 6040.0 6440.0 6440.0 6040.0 6040.0 7040.0 7040.0 6440.0 6240.0 1020.0 6040.0 6040.0 5840.0 6440.0 1620.0 7040.0 5840.0 6440.0 6240.0 6240.0 6640.0 6840.0 6240.0 6640.0 6440.0 6040.0 1820.0 1620.0 6040.0 6640.0 6840.0 7460.0 7240.0 6040.0 6440.0 820.0 6640.0 5840.0 6640.0 6040.0 6240.0 2020.0 1820.0 6240.0 6640.0 6440.0 6640.0 6440.0 1420.0 6640.0 5840.0 1620.0 5840.0 6440.0 6440.0 6640.0 6640.0 6440.0 6440.0 6440.0 6840.0 6440.0 5640.0 6640.0
0.0 6840.0 0.0 1420.0 6640.0 6040.0 7040.0 6040.0 6440.0 6240.0 6840.0 1420.0 7240.0 5840.0 7040.0 6640.0 6440.0 6840.0 6640.0 6240.0 6240.0 6640.0 5640.0 6240.0 6440.0 6640.0 6840.0 6640.0 1420.0 6640.0 1020.0 6640.0 6440.0 6840.0 1620.0 6040.0 1820.0 6440.0 6440.0 1820.0 1420.0 6640.0 6240.0 7240.0 6440.0 6440.0 6640.0 6040.0 6440.0 6240.0 6640.0 6240.0 6640.0 6640.0 1420.0 6040.0 6640.0 6440.0 1220.0 6440.0 7040.0 1220.0 6040.0 6640.0 5840.0 6240.0 6440.0 6640.0 7660.0 6240.0 6240.0 6640.0 6240.0 6640.0 6640.0 6040.0 6240.0 6040.0 6840.0 6440.0 1220.0 6840.0 5840.0 6040.0 5840.0 6040.0 6640.0 6240.0 6240.0 1220.0 5840.0 6440.0 1620.0 6640.0 6240.0 6840.0 6240.0 6840.0 1420.0 6440.0 6440.0
0.0 7040.0 1020.0 0.0 6040.0 5840.0 6840.0 6040.0 6240.0 6040.0 6640.0 1420.0 6440.0 6040.0 6840.0 6440.0 6040.0 6640.0 6240.0 6640.0 6040.0 6840.0 6240.0 5640.0 6040.0 6240.0 6440.0 6040.0 1020.0 5440.0 1220.0 6240.0 6040.0 5840.0 1420.0 5640.0 820.0 6040.0 5640.0 1420.0 820.0 5840.0 6640.0 6640.0 6440.0 6040.0 6440.0 6240.0 6040.0 5840.0 6040.0 6240.0 6640.0 5640.0 1220.0 5840.0 6240.0 6840.0 1620.0 6040.0 6640.0 1220.0 5840.0 6640.0 6440.0 5440.0 6240.0 6640.0 7240.0 7040.0 5440.0 5840.0 6240.0 6040.0 5840.0 6440.0 5840.0 6240.0 6840.0 6440.0 820.0 6440.0 6440.0 6040.0 6040.0 5840.0 6440.0 5840.0 6640.0 820.0 6440.0 6240.0 1220.0 6440.0 6440.0 6640.0 6240.0 6640.0 1220.0 5440.0 6040.0
0.0 7040.0 6840.0 6640.0 0.0 5840.0 6840.0 6040.0 1820.0 6040.0 6840.0 6040.0 6440.0 1420.0 6840.0 6840.0 6640.0 6240.0 6640.0 6440.0 6040.0 6640.0 6440.0 6440.0 6440.0 6240.0 6440.0 6640.0 6440.0 5640.0 6440.0 6240.0 6240.0 6840.0 5640.0 6440.0 6640.0 6040.0 6440.0 6440.0 5640.0 5640.0 7040.0 1420.0 5640.0 6440.0 6640.0 6240.0 6040.0 5840.0 6640.0 6040.0 1420.0 1820.0 5440.0 5840.0 1620.0 1420.0 6040.0 6040.0 6640.0 6640.0 5840.0 6240.0 5640.0 1220.0 6440.0 2020.0 6640.0 2220.0 1620.0 1420.0 6240.0 6640.0 6640.0 6240.0 6440.0 1420.0 7040.0 6840.0 6240.0 6240.0 1420.0 6640.0 6440.0 6640.0 6640.0 5840.0 6640.0 6440.0 6440.0 6640.0 6440.0 6640.0 6640.0 6840.0 5840.0 1620.0 6440.0 6840.0 1820.0
0.0 6640.0 6640.0 6040.0 6040.0 0.0 6440.0 1220.0 6240.0 6440.0 1620.0 6440.0 6640.0 6040.0 6240.0 6640.0 1220.0 1220.0 6840.0 6640.0 1420.0 6640.0 6040.0 6040.0 5640.0 820.0 6640.0 6240.0 6440.0 1020.0 6640.0 5640.0 6440.0 1420.0 6040.0 6240.0 6040.0 5440.0 6440.0 7040.0 6240.0 6040.0 1820.0 6640.0 1020.0 5640.0 6240.0 6240.0 6440.0 5240.0 5840.0 6440.0 6440.0 6040.0 5840.0 5840.0 6240.0 6440.0 6440.0 6040.0 1020.0 6440.0 5840.0 6240.0 6040.0 6040.0 6440.0 6640.0 7040.0 6840.0 6040.0 6440.0 6640.0 6640.0 6440.0 6040.0 1220.0 6240.0 7040.0 6440.0 6240.0 6440.0 5840.0 6640.0 1620.0 6040.0 6040.0 5240.0 6640.0 6240.0 1220.0 6040.0 6040.0 6640.0 1620.0 1620.0 6040.0 6240.0 5840.0 6240.0 6640.0
0.0 6840.0 6440.0 6240.0 6440.0 5440.0 0.0 6440.0 6040.0 1220.0 7040.0 6240.0 6240.0 6240.0 6640.0 6840.0 6440.0 6640.0 6840.0 2020.0 5840.0 1820.0 6040.0 5440.0 6040.0 6240.0 6440.0 1420.0 5640.0 6240.0 6040.0 5840.0 1020.0 6640.0 6240.0 1020.0 6440.0 820.0 6640.0 6040.0 6440.0 6240.0 6840.0 6840.0 6040.0 5840.0 5840.0 1020.0 5840.0 5640.0 1020.0 6640.0 6840.0 6240.0 6040.0 1220.0 6440.0 6240.0 6640.0 6240.0 6240.0 6040.0 6040.0 6640.0 6240.0 6440.0 1620.0 7040.0 2220.0 7040.0 6440.0 6640.0 6240.0 6840.0 5640.0 6240.0 5640.0 6240.0 6840.0 6840.0 6440.0 6640.0 6240.0 6440.0 6240.0 6440.0 1420.0 620.0 6640.0 5640.0 6040.0 6240.0 6440.0 1620.0 6240.0 6640.0 1220.0 6640.0 6040.0 6440.0 6640.0
0.0 7460.0 5840.0 7040.0 6640.0 1620.0 6640.0 0.0 6640.0 6840.0 2420.0 7040.0 7040.0 6640.0 7240.0 5840.0 1420.0 2220.0 7040.0 6840.0 1820.0 6440.0 6440.0 6840.0 6240.0 2020.0 6640.0 6840.0 6240.0 1220.0 6040.0 6240.0 6640.0 1820.0 6640.0 6440.0 6440.0 6640.0 7040.0 6640.0 6440.0 6440.0 2020.0 7240.0 1620.0 7040.0 6640.0 6640.0 6640.0 6640.0 7040.0 7040.0 7040.0 6440.0 6440.0 6640.0 6640.0 7040.0 7040.0 6640.0 1620.0 6840.0 6640.0 6840.0 6640.0 6840.0 6640.0 7040.0 7460.0 7040.0 6840.0 6240.0 6840.0 6440.0 6240.0 6440.0 1820.0 6640.0 7040.0 7040.0 6040.0 6640.0 6640.0 6640.0 1620.0 6840.0 5840.0 6640.0 7040.0 6640.0 1620.0 6640.0 7040.0 5640.0 1820.0 2420.0 6040.0 6240.0 6440.0 6040.0 6840.0
0.0 7460.0 7040.0 6840.0 1220.0 6440.0 7040.0 6240.0 0.0 6240.0 7460.0 6840.0 7460.0 1020.0 5640.0 7040.0 6440.0 6440.0 7460.0 7240.0 6240.0 6840.0 6040.0 6640.0 6640.0 6640.0 6840.0 6640.0 6040.0 6840.0 6440.0 7040.0 6440.0 6040.0 6840.0 6440.0 7240.0 6240.0 6840.0 6440.0 6240.0 6840.0 7040.0 2220.0 6840.0 6640.0 6840.0 6440.0 6840.0 6040.0 6840.0 6640.0 1820.0 2020.0 6640.0 6040.0 620.0 1820.0 6640.0 6640.0 7240.0 6840.0 6440.0 6440.0 6240.0 1420.0 6640.0 2020.0 7660.0 1420.0 1620.0 1220.0 6640.0 6440.0 6040.0 6440.0 6640.0 1620.0 7240.0 6840.0 6840.0 6640.0 1620.0 6640.0 6640.0 6840.0 6640.0 6040.0 6240.0 6440.0 6640.0 6840.0 6840.0 6840.0 6640.0 6840.0 6640.0 1820.0 6640.0 7040.0 1220.0
0.0 7040.0 6440.0 7240.0 6440.0 6440.0 1220.0 6040.0 7040.0 0.0 7240.0 6640.0 7040.0 6640.0 6840.0 6840.0 6640.0 7040.0 7040.0 1820.0 6640.0 2220.0 6640.0 6640.0 6040.0 6840.0 6840.0 1420.0 6640.0 6240.0 5440.0 6840.0 1220.0 7040.0 6240.0 1420.0 6440.0 1420.0 6840.0 7240.0 6440.0 6040.0 7240.0 6640.0 6240.0 6840.0 6440.0 1420.0 6640.0 6240.0 1820.0 6640.0 6640.0 6840.0 6040.0 1620.0 6840.0 7040.0 6640.0 6240.0 7240.0 6440.0 6640.0 7040.0 6240.0 6240.0 1620.0 7240.0 2220.0 7040.0 6640.0 6640.0 6640.0 6840.0 6640.0 6240.0 6640.0 6640.0 7240.0 7040.0 6840.0 6840.0 6440.0 6440.0 6440.0 6640.0 1420.0 1420.0 7040.0 6640.0 6440.0 6440.0 7040.0 1620.0 6640.0 6040.0 620.0 6040.0 6040.0 6640.0 6840.0
0.0 7040.0 6840.0 6840.0 6440.0 1420.0 7040.0 1420.0 5840.0 6240.0 0.0 6040.0 7460.0 6040.0 6240.0 6840.0 1220.0 1820.0 6440.0 6240.0 820.0 6440.0 6040.0 5840.0 6440.0 1620.0 6240.0 6840.0 5440.0 1820.0 5840.0 6640.0 6040.0 1620.0 5440.0 6040.0 6640.0 6640.0 5640.0 6640.0 6640.0 5440.0 1220.0 6440.0 1020.0 6240.0 6440.0 5840.0 6640.0 6040.0 6440.0 6640.0 6240.0 6440.0 6440.0 6440.0 6240.0 6840.0 6640.0 6240.0 1820.0 6240.0 6240.0 6440.0 6240.0 6040.0 6240.0 6840.0 6440.0 7040.0 6440.0 6440.0 6240.0 6040.0 6440.0 6440.0 1020.0 6040.0 7040.0 6640.0 6240.0 6640.0 6040.0 5640.0 1220.0 6240.0 6240.0 6440.0 5840.0 6040.0 1020.0 6240.0 5440.0 6840.0 1020.0 2020.0 6040.0 7040.0 6440.0 7040.0 6640.0
0.0 7240.0 2020.0 1820.0 6440.0 6640.0 7240.0 6240.0 5840.0 6240.0 7240.0 0.0 7660.0 6640.0 6240.0 7040.0 6840.0 6240.0 7040.0 7040.0 6040.0 6640.0 6240.0 6840.0 7040.0 6640.0 6640.0 6640.0 1020.0 7040.0 1420.0 7040.0 6240.0 6840.0 1820.0 6440.0 2220.0 6040.0 7040.0 1420.0 1420.0 6640.0 7040.0 7240.0 7040.0 6040.0 6440.0 6240.0 6040.0 6040.0 6240.0 6240.0 7040.0 6440.0 1820.0 6640.0 5640.0 6640.0 1020.0 6640.0 7240.0 1220.0 6640.0 6240.0 5640.0 6440.0 6640.0 7240.0 6640.0 7040.0 6840.0 6640.0 6240.0 6840.0 6040.0 6640.0 6440.0 6440.0 7040.0 7040.0 1620.0 6840.0 6640.0 6440.0 6440.0 6640.0 6440.0 6040.0 7040.0 1420.0 6440.0 6640.0 1620.0 6640.0 6640.0 7040.0 6640.0 7040.0 2020.0 7040.0 7040.0
0.0 2020.0 6640.0 6840.0 6640.0 6040.0 7040.0 5840.0 6640.0 6240.0 6640.0 6640.0 0.0 6040.0 1820.0 1220.0 6440.0 6840.0 6640.0 6840.0 6640.0 6640.0 1020.0 6640.0 6240.0 6640.0 2020.0 6640.0 6240.0 6440.0 6640.0 1220.0 6040.0 6240.0 6440.0 5440.0 6640.0 6240.0 6640.0 6640.0 6040.0 6040.0 6640.0 6840.0 6640.0 6640.0 1820.0 6440.0 6840.0 5840.0 6440.0 1820.0 7040.0 5840.0 6240.0 6240.0 6840.0 6840.0 6640.0 6240.0 6440.0 6440.0 6040.0 1620.0 1420.0 5840.0 6240.0 6840.0 7460.0 7040.0 6440.0 6040.0 1820.0 6240.0 6240.0 6440.0 5840.0 6640.0 2220.0 1820.0 6240.0 6640.0 6440.0 6440.0 6240.0 820.0 6440.0 6040.0 1820.0 5840.0 6840.0 6440.0 6840.0 6440.0 6640.0 6640.0 6640.0 7040.0 6240.0 6240.0 5840.0
0.0 6640.0 6240.0 5840.0 1020.0 6040.0 6640.0 6040.0 1220.0 5840.0 6840.0 6240.0 6640.0 0.0 6640.0 6040.0 6040.0 6640.0 6840.0 6640.0 5840.0 7040.0 5240.0 5840.0 5640.0 6040.0 6440.0 6040.0 5640.0 6040.0 6040.0 6240.0 6040.0 6440.0 5840.0 5640.0 6440.0 6240.0 6040.0 6640.0 6240.0 5840.0 6640.0 1820.0 6040.0 6240.0 6040.0 5440.0 5840.0 5640.0 6440.0 5840.0 1220.0 1020.0 5640.0 6240.0 1220.0 820.0 5840.0 5840.0 6640.0 6040.0 6040.0 6040.0 5440.0 820.0 6040.0 1620.0 6840.0 1020.0 620.0 1020.0 5840.0 6240.0 6240.0 5640.0 6040.0 620.0 6440.0 6440.0 6240.0 6640.0 820.0 6440.0 6240.0 6040.0 6040.0 6040.0 6040.0 6040.0 5840.0 6240.0 6440.0 6640.0 5840.0 6640.0 6040.0 1420.0 5640.0 6040.0 1220.0
0.0 2020.0 6440.0 6440.0 5640.0 6040.0 6440.0 5640.0 5840.0 6440.0 6840.0 6240.0 2020.0 6040.0 0.0 1420.0 6440.0 5840.0 7040.0 6640.0 6440.0 6240.0 820.0 6440.0 6440.0 6040.0 1220.0 6240.0 5440.0 6240.0 5840.0 1620.0 6240.0 6840.0 6240.0 5840.0 6640.0 5640.0 6440.0 5840.0 6240.0 6240.0 6640.0 6640.0 6240.0 6040.0 1420.0 5840.0 6440.0 5440.0 6240.0 1420.0 6640.0 6440.0 6040.0 6240.0 5240.0 6240.0 6240.0 6640.0 7040.0 6640.0 6240.0 1020.0 1020.0 6240.0 6240.0 6440.0 7240.0 6640.0 6240.0 6440.0 1220.0 6640.0 5440.0 6040.0 6040.0 6040.0 1620.0 1220.0 6240.0 6440.0 6040.0 6040.0 6440.0 1220.0 6040.0 5440.0 1420.0 5840.0 6040.0 6440.0 6240.0 6240.0 6040.0 6640.0 6040.0 6240.0 6640.0 6640.0 6640.0
0.0 2420.0 6840.0 6640.0 6640.0 5840.0 6840.0 6240.0 6040.0 6640.0 7040.0 6640.0 1220.0 6440.0 1420.0 0.0 6240.0 6640.0 7040.0 6840.0 6040.0 7040.0 1420.0 6440.0 6440.0 6240.0 1820.0 6840.0 6640.0 5440.0 6640.0 1420.0 6440.0 6840.0 6040.0 6440.0 6640.0 6040.0 6640.0 7240.0 5640.0 6040.0 7040.0 7040.0 6240.0 6440.0 1620.0 6440.0 6640.0 5840.0 6640.0 1620.0 7040.0 6840.0 6040.0 5840.0 6440.0 7040.0 6640.0 6040.0 6640.0 6640.0 5840.0 1220.0 1220.0 6440.0 6440.0 6640.0 7040.0 7240.0 6840.0 6640.0 1820.0 6040.0 6640.0 6440.0 6440.0 6440.0 1820.0 1420.0 6240.0 6440.0 6240.0 6440.0 6240.0 1420.0 6840.0 5840.0 1620.0 6440.0 6640.0 6640.0 6640.0 6440.0 6840.0 6840.0 6240.0 6640.0 6640.0 6840.0 6640.0
0.0 7040.0 6640.0 6440.0 5840.0 820.0 6640.0 820.0 6040.0 6440.0 1420.0 6040.0 6840.0 5840.0 6640.0 6240.0 0.0 820.0 6440.0 6240.0 1020.0 6240.0 6040.0 6040.0 6240.0 620.0 6240.0 6440.0 5640.0 1420.0 6040.0 6240.0 6040.0 1420.0 5440.0 5840.0 6040.0 5840.0 6440.0 6040.0 5640.0 5440.0 1620.0 6440.0 620.0 6040.0 5640.0 6040.0 6040.0 5640.0 6240.0 6240.0 6240.0 6240.0 6240.0 5640.0 6040.0 6040.0 6240.0 5840.0 1620.0 6240.0 5640.0 5840.0 5840.0 5840.0 5240.0 6840.0 6440.0 6840.0 6440.0 6040.0 6240.0 6240.0 5640.0 5640.0 1020.0 5440.0 6640.0 6640.0 5840.0 6040.0 6040.0 6440.0 1220.0 5640.0 6240.0 5640.0 5840.0 6040.0 1020.0 6440.0 6240.0 6240.0 1220.0 1620.0 5640.0 6440.0 6240.0 6240.0 5440.0
0.0 6840.0 6440.0 5640.0 6440.0 1020.0 6840.0 1420.0 6240.0 6240.0 1820.0 6240.0 6640.0 6040.0 6640.0 6240.0 1020.0 0.0 6240.0 6640.0 1220.0 5440.0 6040.0 6040.0 6440.0 620.0 6640.0 6640.0 5840.0 1020.0 6240.0 6440.0 6240.0 1420.0 6240.0 6040.0 6240.0 6240.0 6240.0 6240.0 6040.0 5840.0 1220.0 6240.0 1420.0 6640.0 6440.0 6240.0 6040.0 5840.0 6640.0 5840.0 6440.0 6240.0 6640.0 6240.0 6040.0 5440.0 6240.0 6440.0 1820.0 6040.0 6240.0 5240.0 5840.0 5840.0 5440.0 6840.0 6840.0 6840.0 6040.0 6040.0 6040.0 6240.0 5840.0 5640.0 1220.0 6240.0 5840.0 6640.0 6440.0 5640.0 6040.0 6040.0 1420.0 6240.0 6240.0 6040.0 6440.0 6040.0 1020.0 6640.0 6840.0 6840.0 1420.0 820.0 6240.0 7040.0 5840.0 6040.0 6040.0
0.0 6440.0 6440.0 6640.0 5840.0 5840.0 6640.0 6440.0 6440.0 6040.0 7040.0 5840.0 6440.0 6440.0 6840.0 6840.0 6040.0 6440.0 0.0 5440.0 6040.0 6840.0 6040.0 1020.0 420.0 6440.0 6240.0 6040.0 6240.0 5840.0 6440.0 5440.0 6240.0 6240.0 5640.0 6640.0 6240.0 6040.0 1220.0 6640.0 6040.0 820.0 6840.0 6640.0 5840.0 1220.0 6440.0 6440.0 1220.0 820.0 6440.0 6240.0 6640.0 6640.0 5640.0 6040.0 6440.0 6240.0 6040.0 820.0 5640.0 5640.0 1020.0 6240.0 5840.0 5640.0 6040.0 6840.0 6040.0 7040.0 5840.0 6040.0 6240.0 1220.0 1220.0 1420.0 6240.0 6240.0 6240.0 6840.0 6640.0 1220.0 6240.0 1420.0 6240.0 6440.0 5840.0 5840.0 6040.0 6240.0 6640.0 820.0 6240.0 6640.0 6440.0 6440.0 5840.0 6840.0 5640.0 1820.0 6240.0
0.0 7040.0 6440.0 6440.0 6640.0 5640.0 1820.0 6240.0 6240.0 1020.0 7040.0 5440.0 6840.0 6040.0 6640.0 6840.0 5840.0 6640.0 6640.0 0.0 6440.0 1620.0 6240.0 6040.0 6240.0 6440.0 6440.0 1420.0 5840.0 6640.0 6040.0 6240.0 1020.0 6040.0 6240.0 1220.0 6640.0 1020.0 6240.0 6240.0 5840.0 6240.0 6440.0 6640.0 6240.0 6440.0 6240.0 1020.0 6440.0 6040.0 1620.0 6640.0 7040.0 6640.0 6440.0 820.0 6040.0 6840.0 5840.0 6040.0 6640.0 5240.0 5640.0 5840.0 6040.0 5240.0 1020.0 6640.0 2220.0 7040.0 6440.0 5640.0 6440.0 5840.0 5840.0 6440.0 6240.0 6240.0 5840.0 6840.0 6440.0 6640.0 6240.0 6040.0 5840.0 6440.0 1420.0 1020.0 6640.0 6040.0 6240.0 6240.0 6440.0 1820.0 6440.0 6040.0 1220.0 6640.0 6040.0 6640.0 5840.0
0.0 6640.0 6440.0 6840.0 6240.0 1220.0 6840.0 1420.0 6840.0 5840.0 2020.0 6040.0 7040.0 6440.0 6440.0 6640.0 1020.0 1820.0 6240.0 6640.0 0.0 6240.0 6440.0 6040.0 6240.0 1620.0 6440.0 6440.0 6040.0 1620.0 5640.0 6440.0 5440.0 1420.0 6440.0 5840.0 6640.0 6240.0 6240.0 6440.0 6040.0 6240.0 2020.0 6640.0 1420.0 6040.0 6240.0 5640.0 6640.0 6040.0 6240.0 6840.0 6840.0 6240.0 6440.0 6240.0 6440.0 6440.0 6240.0 6240.0 1820.0 5840.0 6040.0 6440.0 6640.0 6040.0 6240.0 6840.0 7240.0 7460.0 6040.0 6240.0 6040.0 6440.0 6440.0 6440.0 1420.0 5840.0 6840.0 6640.0 6640.0 6440.0 6640.0 5640.0 420.0 6240.0 6640.0 6040.0 6440.0 6240.0 1620.0 5840.0 6640.0 6840.0 1020.0 1820.0 5840.0 6640.0 6440.0 7040.0 6240.0
0.0 7240.0 6840.0 6840.0 6640.0 6440.0 2420.0 6640.0 7040.0 1420.0 6640.0 6640.0 6240.0 6440.0 7240.0 6640.0 6440.0 7240.0 7040.0 2020.0 6040.0 0.0 6040.0 6240.0 6840.0 6440.0 6240.0 2020.0 6440.0 6640.0 6640.0 6840.0 1220.0 7040.0 6240.0 1420.0 6640.0 1420.0 6840.0 7040.0 6240.0 6240.0 6440.0 5840.0 6840.0 6640.0 6840.0 1420.0 6040.0 6240.0 1820.0 6240.0 6040.0 6640.0 6840.0 1420.0 6640.0 6640.0 6240.0 6640.0 7240.0 6640.0 6440.0 6640.0 5840.0 6640.0 1620.0 7040.0 2220.0 7040.0 6640.0 6640.0 6440.0 6840.0 6840.0 6040.0 6440.0 6640.0 7040.0 6840.0 6640.0 5240.0 6440.0 6640.0 6440.0 6640.0 820.0 1420.0 6840.0 6440.0 6240.0 6440.0 7040.0 2020.0 6640.0 7240.0 1420.0 7040.0 5640.0 6440.0 6240.0
0.0 1620.0 6040.0 5840.0 6040.0 6040.0 6840.0 6040.0 6240.0 5840.0 6640.0 6240.0 1620.0 5840.0 1820.0 1020.0 6040.0 6640.0 6640.0 6840.0 5840.0 7040.0 0.0 5840.0 6240.0 6440.0 1420.0 6240.0 6040.0 6040.0 6040.0 1220.0 6040.0 6440.0 6040.0 5640.0 6240.0 6240.0 5840.0 6640.0 6040.0 6240.0 6840.0 7240.0 6440.0 6240.0 1020.0 5440.0 5840.0 5840.0 6440.0 820.0 6040.0 6040.0 6240.0 6040.0 6240.0 5840.0 5640.0 6240.0 6640.0 6040.0 6040.0 1620.0 420.0 5640.0 6040.0 6640.0 7040.0 6040.0 5640.0 6040.0 820.0 6240.0 6040.0 5440.0 6040.0 5640.0 1220.0 1420.0 6040.0 6840.0 5840.0 6240.0 6240.0 1020.0 6440.0 6040.0 1020.0 6040.0 5840.0 6240.0 6440.0 6440.0 5640.0 6640.0 6240.0 6640.0 6440.0 6040.0 6240.0
0.0 6640.0 6440.0 6440.0 6040.0 6040.0 6840.0 6440.0 6240.0 5840.0 7040.0 5840.0 6640.0 6240.0 6840.0 6640.0 6040.0 6840.0 1620.0 6640.0 6440.0 7040.0 5640.0 0.0 620.0 6040.0 6440.0 6240.0 6440.0 6040.0 6240.0 6640.0 5640.0 6440.0 6040.0 6040.0 6640.0 6240.0 1220.0 6840.0 6040.0 1020.0 7240.0 6840.0 6040.0 620.0 6440.0 6040.0 1420.0 1020.0 5640.0 6440.0 6640.0 5840.0 5840.0 6040.0 6240.0 6440.0 6040.0 1020.0 6840.0 5640.0 1020.0 6240.0 6040.0 6040.0 6240.0 6640.0 6840.0 6640.0 6040.0 6240.0 6440.0 1420.0 1420.0 1020.0 5440.0 6240.0 6840.0 6440.0 6040.0 1620.0 6440.0 1620.0 6440.0 6440.0 6040.0 6040.0 6640.0 5240.0 6440.0 820.0 6840.0 6240.0 6240.0 6440.0 6040.0 6640.0 5840.0 1620.0 6440.0
0.0 6240.0 6240.0 6440.0 5640.0 5640.0 6240.0 6040.0 6440.0 5840.0 6640.0 5840.0 6240.0 6040.0 6440.0 6640.0 6440.0 6240.0 1420.0 6240.0 6040.0 6640.0 5840.0 1420.0 0.0 6040.0 6240.0 5640.0 6240.0 5440.0 6240.0 6040.0 6040.0 6640.0 5440.0 6240.0 6040.0 5640.0 1420.0 6640.0 5640.0 420.0 6840.0 6240.0 5440.0 1020.0 6440.0 6040.0 1020.0 620.0 6240.0 5840.0 6240.0 6440.0 5240.0 5840.0 6440.0 6440.0 5840.0 420.0 6440.0 6240.0 820.0 6240.0 5440.0 6040.0 5840.0 6840.0 6440.0 6640.0 6240.0 6240.0 6040.0 1420.0 1220.0 1220.0 6440.0 6240.0 6840.0 6640.0 6240.0 1020.0 6040.0 1420.0 6240.0 6240.0 5640.0 5440.0 6640.0 6440.0 6240.0 1220.0 6240.0 6440.0 6440.0 6840.0 5640.0 6640.0 5240.0 1620.0 6640.0
0.0 7040.0 6240.0 6440.0 6240.0 820.0 6840.0 820.0 6040.0 6040.0 1420.0 5840.0 6840.0 5640.0 6040.0 5840.0 420.0 1220.0 6640.0 6640.0 620.0 6440.0 5640.0 6240.0 6040.0 0.0 6040.0 6440.0 5640.0 820.0 5840.0 6240.0 6040.0 1020.0 5840.0 6040.0 6040.0 5840.0 6440.0 6240.0 5840.0 5840.0 1420.0 6040.0 820.0 6240.0 5840.0 5840.0 5640.0 5840.0 6440.0 6240.0 5840.0 5840.0 6240.0 5840.0 5440.0 6240.0 6240.0 6040.0 1620.0 5640.0 5840.0 6240.0 5840.0 5240.0 5640.0 6240.0 6840.0 6640.0 6240.0 5640.0 6240.0 5840.0 5640.0 5240.0 820.0 5840.0 6840.0 6040.0 5840.0 6440.0 5640.0 5840.0 820.0 5640.0 6240.0 5640.0 6040.0 6040.0 620.0 6240.0 6240.0 6240.0 1220.0 1620.0 6040.0 6640.0 6040.0 5640.0 5840.0
0.0 2020.0 6840.0 6840.0 6240.0 6240.0 6040.0 6240.0 6440.0 6240.0 6840.0 6440.0 2220.0 6240.0 1420.0 1620.0 5640.0 6440.0 6640.0 6640.0 5640.0 6640.0 1420.0 6440.0 6240.0 6040.0 0.0 6640.0 5640.0 6640.0 6240.0 1420.0 6040.0 6640.0 6040.0 5840.0 6640.0 5640.0 6640.0 6640.0 6040.0 6040.0 6240.0 6840.0 6040.0 6040.0 1020.0 5640.0 5640.0 6040.0 6240.0 1420.0 6640.0 6240.0 6440.0 6240.0 5840.0 6640.0 6440.0 6440.0 6840.0 6440.0 6240.0 1420.0 1020.0 6240.0 5840.0 6240.0 6840.0 7240.0 6440.0 5440.0 420.0 5640.0 6040.0 6240.0 6240.0 5840.0 1820.0 1620.0 6240.0 6640.0 6240.0 6040.0 6040.0 1220.0 6640.0 6040.0 1220.0 6240.0 6240.0 6240.0 6240.0 6840.0 6040.0 6840.0 6040.0 7040.0 6440.0 6440.0 6040.0
0.0 6440.0 6440.0 6840.0 5240.0 6040.0 1820.0 5840.0 6040.0 1220.0 7040.0 6240.0 6640.0 6040.0 6440.0 6640.0 6640.0 6440.0 6640.0 1620.0 6040.0 1820.0 6040.0 6040.0 6440.0 6440.0 6640.0 0.0 5840.0 5840.0 6440.0 6440.0 1020.0 6840.0 5840.0 1020.0 6640.0 1220.0 6440.0 6640.0 5840.0 5840.0 7040.0 6640.0 5840.0 6440.0 6440.0 820.0 6040.0 5440.0 1620.0 5440.0 6640.0 6440.0 5640.0 1020.0 5840.0 6640.0 5840.0 6040.0 6840.0 6440.0 6040.0 6240.0 5840.0 6040.0 1420.0 6840.0 1820.0 7040.0 6640.0 6440.0 5440.0 6640.0 6240.0 6440.0 6240.0 6040.0 7040.0 6640.0 6240.0 6440.0 6040.0 6240.0 6440.0 6240.0 820.0 1020.0 6440.0 6240.0 6040.0 6440.0 5640.0 1220.0 6040.0 7040.0 1020.0 6840.0 5440.0 6840.0 6640.0
0.0 6640.0 1620.0 1420.0 6040.0 6040.0 6840.0 5840.0 6640.0 6240.0 6640.0 1420.0 7040.0 5640.0 6840.0 6440.0 6440.0 6840.0 6840.0 7040.0 6040.0 7040.0 5840.0 6440.0 6240.0 6640.0 6640.0 6640.0 0.0 6640.0 1020.0 6240.0 5840.0 6440.0 1220.0 5640.0 1420.0 6240.0 6440.0 1820.0 1220.0 6240.0 6240.0 7240.0 6640.0 6440.0 6040.0 5440.0 6240.0 6240.0 6640.0 6440.0 6440.0 6040.0 1420.0 6040.0 6240.0 6440.0 1220.0 6240.0 6640.0 1220.0 5840.0 6640.0 6040.0 6040.0 6240.0 6440.0 7240.0 6640.0 6240.0 6240.0 5840.0 6440.0 6440.0 6040.0 5640.0 5640.0 7040.0 6240.0 1020.0 6840.0 5640.0 6640.0 6440.0 5840.0 6440.0 6040.0 6040.0 620.0 5640.0 6040.0 1420.0 6440.0 5640.0 6640.0 6040.0 6640.0 1420.0 6640.0 6440.0
0.0 7040.0 6640.0 6240.0 6240.0 420.0 6440.0 820.0 6440.0 6440.0 1820.0 6640.0 6640.0 6040.0 6440.0 6640.0 1220.0 1420.0 6840.0 6640.0 620.0 6640.0 6040.0 6040.0 6040.0 1020.0 6840.0 6440.0 6440.0 0.0 6240.0 6040.0 6040.0 1820.0 6240.0 6040.0 6240.0 5640.0 6240.0 6840.0 5240.0 6240.0 1820.0 6640.0 1420.0 6040.0 6440.0 6240.0 6440.0 5440.0 6240.0 6640.0 6640.0 6440.0 6040.0 5440.0 6240.0 6640.0 6440.0 5640.0 1420.0 6440.0 5440.0 6240.0 6040.0 6040.0 6040.0 6840.0 6840.0 7040.0 6440.0 6240.0 6640.0 6440.0 6440.0 6040.0 1220.0 6440.0 6440.0 6640.0 5840.0 6040.0 6040.0 6040.0 1020.0 6240.0 6440.0 5440.0 6440.0 6040.0 1220.0 6240.0 6240.0 6040.0 1420.0 1820.0 6440.0 6240.0 6040.0 6440.0 6640.0
0.0 6840.0 1820.0 1820.0 6040.0 6040.0 6840.0 6440.0 6840.0 6240.0 7040.0 1420.0 6640.0 6240.0 7040.0 6440.0 6240.0 6640.0 6840.0 6440.0 6240.0 7040.0 6240.0 6440.0 5640.0 6640.0 6640.0 6240.0 1420.0 6040.0 0.0 6640.0 5840.0 6640.0 1020.0 6640.0 1220.0 6240.0 6640.0 1820.0 1220.0 5640.0 7040.0 6640.0 6040.0 6640.0 6840.0 6440.0 6240.0 6040.0 6840.0 6240.0 6440.0 6640.0 820.0 6440.0 6840.0 6640.0 1420.0 6040.0 6840.0 1220.0 6240.0 6640.0 6040.0 6040.0 6240.0 7040.0 6840.0 7240.0 6240.0 6240.0 6440.0 6440.0 6440.0 5840.0 6640.0 6640.0 6840.0 6840.0 1420.0 6640.0 6240.0 6640.0 6440.0 6440.0 6040.0 6040.0 6640.0 1620.0 6240.0 6040.0 1820.0 7040.0 6640.0 6640.0 5240.0 6840.0 820.0 6440.0 6440.0
0.0 1220.0 6040.0 6440.0 5640.0 5640.0 6240.0 6240.0 6640.0 6040.0 6640.0 6040.0 1220.0 6040.0 1620.0 1620.0 5640.0 6240.0 6440.0 6240.0 6040.0 6640.0 820.0 5840.0 5240.0 6040.0 1220.0 5640.0 6040.0 5440.0 6240.0 0.0 6040.0 6040.0 5440.0 6240.0 6040.0 5640.0 5840.0 6640.0 5640.0 5440.0 6640.0 6440.0 5640.0 6040.0 1220.0 6240.0 6040.0 5640.0 6040.0 1020.0 6440.0 6440.0 5240.0 5840.0 6440.0 6040.0 5840.0 5440.0 5440.0 6240.0 5840.0 1220.0 620.0 5640.0 5840.0 6840.0 6440.0 6840.0 5640.0 5840.0 1020.0 6040.0 6040.0 6240.0 6040.0 6040.0 1620.0 1620.0 6240.0 6040.0 6040.0 6240.0 6240.0 1220.0 5640.0 5640.0 1420.0 6040.0 6240.0 5440.0 6240.0 6440.0 6240.0 6840.0 5640.0 6640.0 5240.0 6640.0 6040.0
0.0 6040.0 6040.0 6640.0 6240.0 5840.0 1420.0 6040.0 6440.0 620.0 6640.0 5640.0 6640.0 6240.0 6640.0 6640.0 5640.0 6440.0 6840.0 1820.0 6440.0 1820.0 6240.0 5640.0 6240.0 6240.0 6840.0 1020.0 6040.0 6240.0 5840.0 6440.0 0.0 6040.0 6040.0 1420.0 6640.0 1220.0 5840.0 6440.0 5840.0 6040.0 6640.0 6840.0 6040.0 6040.0 6040.0 1420.0 6640.0 6040.0 1220.0 6440.0 6840.0 6440.0 6440.0 1020.0 6240.0 6040.0 5840.0 6040.0 6640.0 5440.0 5840.0 6040.0 6240.0 5640.0 820.0 6840.0 2020.0 7040.0 5640.0 5840.0 6440.0 6040.0 6040.0 6240.0 5840.0 6040.0 6440.0 7040.0 6440.0 6640.0 6640.0 6240.0 6040.0 6040.0 1420.0 1020.0 6440.0 5840.0 6640.0 5440.0 6440.0 1620.0 6640.0 6440.0 1020.0 6240.0 6440.0 6640.0 6040.0
0.0 6640.0 6440.0 6240.0 6440.0 620.0 6240.0 820.0 6240.0 5240.0 1820.0 6040.0 6640.0 6040.0 6440.0 6640.0 1020.0 1420.0 6840.0 6640.0 1420.0 6640.0 5840.0 6040.0 6040.0 1020.0 6640.0 6440.0 6440.0 1420.0 5440.0 6040.0 5440.0 0.0 6240.0 6040.0 6240.0 5640.0 6240.0 6840.0 5240.0 5840.0 1820.0 6240.0 1420.0 5640.0 6440.0 6040.0 6440.0 5440.0 5840.0 6440.0 6640.0 6040.0 6040.0 5440.0 6240.0 6440.0 6240.0 5640.0 1420.0 5840.0 5440.0 6440.0 6040.0 6040.0 6040.0 6640.0 6840.0 6640.0 6040.0 6240.0 6440.0 6440.0 6440.0 6040.0 1220.0 6240.0 6840.0 6440.0 6040.0 5640.0 6040.0 6440.0 1420.0 6240.0 6240.0 5440.0 6440.0 6040.0 1220.0 5840.0 6240.0 6240.0 1020.0 1020.0 5640.0 6040.0 6040.0 6440.0 5240.0
0.0 6840.0 1620.0 1820.0 6840.0 6040.0 6840.0 5840.0 6440.0 6040.0 6440.0 620.0 7240.0 6240.0 6640.0 6640.0 6040.0 6640.0 6040.0 5840.0 6440.0 7040.0 6440.0 6440.0 6440.0 6640.0 5840.0 6840.0 1020.0 6640.0 1420.0 6240.0 5840.0 6240.0 0.0 6440.0 2020.0 6240.0 6640.0 1620.0 1420.0 5240.0 6840.0 7460.0 6440.0 6440.0 6640.0 6240.0 6440.0 5640.0 6640.0 6640.0 7040.0 6840.0 1420.0 6440.0 6040.0 6840.0 1420.0 6640.0 6640.0 1020.0 6440.0 6640.0 6240.0 5640.0 6240.0 6440.0 6040.0 7240.0 6240.0 6040.0 6240.0 6240.0 6040.0 6640.0 6440.0 6440.0 6640.0 6240.0 1620.0 6840.0 6240.0 6240.0 6240.0 6440.0 6640.0 6240.0 6440.0 1420.0 6440.0 6040.0 1820.0 6440.0 6640.0 6840.0 6640.0 7040.0 1420.0 7040.0 6240.0
0.0 7040.0 6440.0 6640.0 6240.0 5840.0 1820.0 5640.0 6440.0 1020.0 6240.0 6440.0 7040.0 5840.0 6640.0 6040.0 6040.0 6440.0 6240.0 1620.0 6640.0 1820.0 5840.0 6440.0 5840.0 6240.0 6640.0 1420.0 6040.0 6240.0 6240.0 5840.0 1020.0 6040.0 6240.0 0.0 6640.0 1020.0 6240.0 6440.0 5640.0 5840.0 6440.0 7040.0 6240.0 6440.0 6440.0 1020.0 6440.0 5840.0 1620.0 6440.0 6840.0 5640.0 6040.0 820.0 6640.0 6440.0 6440.0 6040.0 6240.0 6240.0 5840.0 6240.0 6040.0 5640.0 820.0 6640.0 2020.0 6640.0 6440.0 5840.0 6440.0 6040.0 6040.0 6240.0 5640.0 6240.0 7040.0 6440.0 5840.0 6640.0 6440.0 6240.0 6040.0 5640.0 1220.0 820.0 6640.0 5840.0 6440.0 6240.0 6640.0 1020.0 6440.0 6440.0 1420.0 6640.0 6040.0 6640.0 6040.0
0.0 6640.0 820.0 1620.0 6040.0 5840.0 6640.0 6040.0 6240.0 6040.0 6640.0 1420.0 6440.0 6040.0 6640.0 6640.0 6040.0 6640.0 6440.0 6640.0 5440.0 6640.0 6040.0 5640.0 6040.0 6440.0 6640.0 5840.0 820.0 6040.0 1020.0 6440.0 5840.0 6040.0 820.0 6040.0 0.0 6040.0 5640.0 1420.0 1020.0 5840.0 6640.0 6840.0 6440.0 6040.0 6440.0 6040.0 5440.0 6040.0 6040.0 6040.0 6640.0 6240.0 1220.0 5640.0 6440.0 6640.0 1620.0 5840.0 6640.0 1020.0 6040.0 6640.0 6440.0 5440.0 6040.0 6640.0 6840.0 7040.0 5440.0 5840.0 6040.0 5840.0 5840.0 6440.0 5840.0 6240.0 7040.0 6840.0 1420.0 6640.0 6240.0 5840.0 5640.0 5840.0 6440.0 6040.0 6640.0 620.0 6240.0 6040.0 1220.0 6440.0 6240.0 6640.0 6040.0 7040.0 1220.0 6840.0 6040.0
0.0 6840.0 7240.0 6840.0 5840.0 6240.0 2020.0 6440.0 5840.0 1620.0 6240.0 6640.0 7240.0 6640.0 6440.0 6840.0 6640.0 7040.0 6640.0 1820.0 6440.0 1820.0 6640.0 6040.0 6640.0 6640.0 7040.0 1020.0 6640.0 6440.0 6240.0 6640.0 1420.0 6840.0 6240.0 1020.0 6840.0 0.0 6440.0 6640.0 6040.0 6240.0 6640.0 6640.0 6440.0 5640.0 6840.0 1620.0 6440.0 6240.0 820.0 6440.0 7040.0 5840.0 6240.0 1220.0 6440.0 6640.0 6840.0 6440.0 7040.0 6640.0 6040.0 6240.0 6440.0 6240.0 1620.0 6640.0 1820.0 7240.0 6840.0 6440.0 6440.0 6640.0 6640.0 6640.0 6240.0 6840.0 7040.0 6440.0 6240.0 7040.0 6840.0 6240.0 6640.0 6440.0 1420.0 1220.0 6640.0 6240.0 6640.0 6640.0 5640.0 2020.0 7040.0 6440.0 1420.0 6840.0 6440.0 7040.0 6440.0
0.0 7460.0 6840.0 6840.0 6440.0 6040.0 6640.0 6040.0 5840.0 6640.0 7040.0 6440.0 7240.0 6440.0 6440.0 6640.0 5640.0 6440.0 1820.0 6640.0 6440.0 6640.0 6240.0 1020.0 1420.0 6040.0 6240.0 6840.0 6040.0 6840.0 6640.0 6440.0 6440.0 6640.0 6040.0 5840.0 6440.0 6440.0 0.0 6640.0 6040.0 1020.0 7040.0 6640.0 6040.0 1420.0 6040.0 5840.0 1620.0 1220.0 6640.0 6440.0 6040.0 6240.0 6640.0 6240.0 6440.0 6640.0 6440.0 1020.0 6840.0 6640.0 1220.0 6440.0 6040.0 6240.0 5840.0 6240.0 6840.0 7240.0 6640.0 6440.0 6240.0 620.0 1220.0 1220.0 6240.0 6040.0 6840.0 7040.0 6240.0 1420.0 6640.0 1820.0 6640.0 6240.0 6840.0 6240.0 6440.0 6240.0 6640.0 1820.0 5640.0 6440.0 6040.0 7040.0 6240.0 7040.0 6640.0 1820.0 6040.0
0.0 6640.0 1820.0 1820.0 5640.0 6240.0 7040.0 6040.0 6240.0 6440.0 7240.0 1420.0 6840.0 6240.0 6640.0 6840.0 6640.0 6640.0 7040.0 6840.0 6240.0 7040.0 6440.0 6440.0 6640.0 6640.0 6840.0 5440.0 1220.0 6040.0 1620.0 6640.0 6240.0 6840.0 1020.0 6240.0 1820.0 6440.0 6640.0 0.0 1020.0 6040.0 7240.0 6840.0 6040.0 6840.0 6640.0 6040.0 6240.0 5640.0 6240.0 5640.0 6840.0 6640.0 820.0 6240.0 6040.0 6440.0 1020.0 6240.0 7040.0 1620.0 6240.0 6440.0 6040.0 6040.0 6640.0 7040.0 7040.0 7240.0 6840.0 6440.0 5840.0 6640.0 6440.0 6640.0 6640.0 6240.0 7040.0 6840.0 1620.0 6640.0 6240.0 6440.0 6640.0 6440.0 6040.0 6240.0 6640.0 1420.0 6440.0 6640.0 1020.0 6240.0 6440.0 7240.0 6240.0 7040.0 820.0 7040.0 6640.0
0.0 6640.0 1420.0 1020.0 6240.0 5240.0 6240.0 5640.0 6240.0 6440.0 6640.0 1420.0 6440.0 5840.0 6240.0 6440.0 6040.0 6040.0 7040.0 6440.0 6040.0 6440.0 5840.0 5840.0 5840.0 5640.0 6640.0 6240.0 1220.0 6040.0 1420.0 5640.0 6040.0 6440.0 1020.0 6240.0 1020.0 5440.0 6040.0 1620.0 0.0 6040.0 6640.0 6440.0 6040.0 5840.0 6240.0 6040.0 6040.0 5240.0 6040.0 6440.0 6440.0 6240.0 1020.0 5240.0 6040.0 6440.0 1420.0 5440.0 6040.0 1220.0 5240.0 6040.0 6040.0 5840.0 5840.0 6640.0 6640.0 6640.0 6240.0 6040.0 6440.0 6240.0 6240.0 5840.0 5840.0 6240.0 6640.0 6440.0 820.0 6440.0 5840.0 6240.0 6240.0 6040.0 6240.0 5240.0 6040.0 820.0 6040.0 6040.0 1020.0 6040.0 6440.0 6640.0 6240.0 6040.0 1020.0 6240.0 6440.0
0.0 7460.0 6640.0 7040.0 7040.0 6440.0 7460.0 5840.0 7040.0 6840.0 7240.0 6240.0 7460.0 6240.0 6640.0 6640.0 6440.0 7040.0 2420.0 5840.0 7040.0 7240.0 6440.0 1420.0 1820.0 6840.0 7240.0 6840.0 6640.0 6840.0 6840.0 7040.0 6640.0 6640.0 6640.0 6840.0 7240.0 6640.0 1620.0 7040.0 6640.0 0.0 7240.0 7460.0 6840.0 1820.0 6640.0 6640.0 2020.0 620.0 7040.0 7040.0 7460.0 7240.0 6640.0 6440.0 6640.0 7040.0 6440.0 1820.0 7240.0 6040.0 1420.0 6640.0 6640.0 6040.0 6440.0 7040.0 7660.0 7240.0 6440.0 6440.0 7040.0 1420.0 1420.0 1820.0 6640.0 6640.0 6640.0 6840.0 6640.0 2420.0 6240.0 1820.0 6640.0 6440.0 6640.0 6640.0 7040.0 6640.0 7040.0 2020.0 7040.0 6440.0 7040.0 6840.0 6840.0 7040.0 6840.0 1820.0 6640.0
0.0 7240.0 6840.0 6040.0 6640.0 1420.0 7040.0 1620.0 6640.0 6440.0 2020.0 6440.0 7040.0 5640.0 6840.0 6640.0 1220.0 1420.0 6440.0 6240.0 1420.0 6640.0 5840.0 6440.0 6240.0 1020.0 6840.0 6840.0 6240.0 1420.0 6640.0 6640.0 6640.0 1820.0 6640.0 6240.0 6640.0 6640.0 6640.0 6640.0 6240.0 6440.0 0.0 6440.0 1620.0 6840.0 6640.0 6040.0 6440.0 6240.0 6040.0 6040.0 6640.0 6040.0 6440.0 6240.0 6240.0 6440.0 6440.0 6640.0 2020.0 6240.0 6440.0 5440.0 6040.0 6040.0 5840.0 7040.0 7040.0 6640.0 6240.0 6440.0 6240.0 6640.0 6040.0 6040.0 1620.0 6240.0 7040.0 6840.0 6440.0 6840.0 6240.0 6640.0 1620.0 6640.0 6640.0 6440.0 6640.0 6640.0 1220.0 6840.0 7040.0 7040.0 1420.0 1220.0 6640.0 7040.0 6440.0 6240.0 6640.0
0.0 6840.0 6640.0 6840.0 1820.0 6040.0 7040.0 6440.0 1620.0 6240.0 7040.0 6440.0 7040.0 1220.0 6640.0 6240.0 6040.0 6640.0 7040.0 7040.0 6040.0 6840.0 6240.0 6240.0 6640.0 5640.0 6640.0 6640.0 6240.0 6440.0 6440.0 6440.0 5840.0 6440.0 6240.0 6640.0 5840.0 6440.0 6440.0 6640.0 6440.0 6240.0 7040.0 0.0 6440.0 6640.0 6440.0 6440.0 6040.0 6240.0 6840.0 6840.0 1420.0 1420.0 6640.0 6040.0 1020.0 1220.0 6640.0 6440.0 6840.0 6040.0 6040.0 6640.0 6440.0 820.0 6040.0 1820.0 7240.0 2020.0 1220.0 1220.0 6840.0 6240.0 6240.0 5640.0 6440.0 1420.0 6640.0 6640.0 6440.0 7040.0 1020.0 6440.0 6240.0 6240.0 6840.0 6240.0 6640.0 6440.0 6040.0 6040.0 6840.0 6840.0 6840.0 7040.0 6640.0 1820.0 6640.0 6240.0 1420.0
0.0 6840.0 6840.0 6840.0 6840.0 1220.0 6640.0 1220.0 6840.0 6240.0 1820.0 6440.0 6640.0 6040.0 7240.0 6440.0 1420.0 2020.0 7240.0 6840.0 1220.0 7460.0 6040.0 6440.0 6440.0 1420.0 6240.0 6840.0 6440.0 1420.0 6240.0 6640.0 5840.0 1620.0 6640.0 6440.0 6640.0 6640.0 6640.0 7040.0 6640.0 6040.0 1420.0 6040.0 0.0 6640.0 6640.0 6440.0 6240.0 6440.0 6440.0 6640.0 6040.0 6640.0 6640.0 6240.0 6840.0 6640.0 6440.0 6640.0 1220.0 6240.0 6240.0 6640.0 6240.0 6240.0 6440.0 6640.0 7040.0 7040.0 6240.0 6440.0 6440.0 6640.0 6440.0 5840.0 1420.0 6640.0 6640.0 6440.0 6240.0 5640.0 6040.0 6640.0 1620.0 6040.0 6240.0 6440.0 6440.0 6440.0 1020.0 6040.0 6640.0 6640.0 1620.0 1620.0 5240.0 6240.0 6040.0 6240.0 6640.0
0.0 7240.0 6840.0 6640.0 6640.0 5840.0 6640.0 6040.0 5840.0 6240.0 6840.0 6840.0 6840.0 6240.0 6440.0 6440.0 6440.0 6640.0 1220.0 6440.0 6040.0 7040.0 6240.0 1420.0 1420.0 6240.0 6840.0 6640.0 6240.0 6640.0 6440.0 6240.0 6240.0 6440.0 6640.0 5640.0 6440.0 5840.0 1220.0 6840.0 5640.0 820.0 6840.0 6440.0 6640.0 0.0 6440.0 6240.0 1020.0 820.0 5240.0 6840.0 6640.0 5440.0 6440.0 5840.0 6440.0 6840.0 6640.0 1020.0 6640.0 6640.0 820.0 6640.0 6440.0 6040.0 6240.0 6240.0 6440.0 6840.0 6440.0 6240.0 6040.0 1420.0 1420.0 1220.0 6240.0 6440.0 6640.0 6040.0 5840.0 1620.0 6240.0 1420.0 6240.0 6040.0 6640.0 5640.0 6240.0 6240.0 6440.0 1620.0 6440.0 6640.0 6640.0 6040.0 6640.0 6640.0 6440.0 1820.0 6040.0
0.0 2220.0 6840.0 6640.0 6240.0 5840.0 7040.0 6040.0 6240.0 6440.0 6640.0 6640.0 2220.0 5840.0 1220.0 1420.0 6040.0 6040.0 6840.0 6640.0 6240.0 6440.0 1020.0 6240.0 6440.0 5840.0 1620.0 6440.0 6240.0 6440.0 6640.0 1420.0 6440.0 6640.0 6440.0 6040.0 6640.0 5440.0 6240.0 6840.0 6240.0 6240.0 6840.0 6440.0 6640.0 5640.0 0.0 6240.0 6240.0 5240.0 5840.0 1620.0 6240.0 6040.0 6440.0 6040.0 6040.0 6240.0 6640.0 6440.0 6640.0 6440.0 6040.0 1220.0 1220.0 6040.0 6240.0 6640.0 7040.0 6840.0 6440.0 6240.0 1420.0 6440.0 6440.0 5840.0 6240.0 6240.0 1620.0 1420.0 6040.0 6640.0 5840.0 6440.0 6440.0 1020.0 6640.0 5240.0 1620.0 6240.0 6240.0 6640.0 6040.0 6640.0 6440.0 6440.0 6640.0 6840.0 6440.0 6440.0 6440.0
0.0 7040.0 6440.0 6240.0 5640.0 6040.0 2020.0 5640.0 6440.0 1220.0 6440.0 6440.0 7040.0 5840.0 6640.0 6040.0 6240.0 6640.0 6440.0 1620.0 5840.0 2020.0 5840.0 6440.0 6040.0 6440.0 6440.0 1620.0 5840.0 6240.0 6440.0 6040.0 1020.0 6040.0 5840.0 220.0 6040.0 1020.0 6040.0 6640.0 5840.0 5840.0 6440.0 6840.0 6240.0 6240.0 5640.0 0.0 6040.0 5840.0 1420.0 6640.0 6240.0 5640.0 6040.0 1020.0 5840.0 6640.0 6440.0 6040.0 6240.0 6440.0 5840.0 6440.0 6040.0 5640.0 1020.0 6640.0 1820.0 6840.0 6240.0 6040.0 5440.0 6040.0 6040.0 6240.0 5840.0 5240.0 7040.0 6640.0 6040.0 6640.0 6440.0 6240.0 6040.0 5640.0 1220.0 820.0 5840.0 5840.0 6240.0 6240.0 6240.0 1220.0 5440.0 6640.0 1420.0 6840.0 6040.0 6440.0 6240.0
0.0 6640.0 6440.0 6840.0 6240.0 6040.0 6840.0 6440.0 6840.0 5840.0 7040.0 6040.0 7040.0 6440.0 6440.0 6640.0 6040.0 6840.0 1220.0 6640.0 5240.0 6240.0 6640.0 1020.0 1220.0 6640.0 6440.0 6440.0 6040.0 6640.0 5640.0 6440.0 5440.0 6240.0 6440.0 5840.0 6640.0 6240.0 1220.0 6440.0 6040.0 1220.0 7040.0 6640.0 6440.0 1220.0 6240.0 5640.0 0.0 1220.0 6240.0 6840.0 6840.0 6240.0 6440.0 5840.0 6440.0 6440.0 6240.0 1420.0 6440.0 5840.0 1020.0 6440.0 6640.0 6040.0 6240.0 6840.0 7240.0 7460.0 6040.0 6240.0 6040.0 1420.0 1420.0 1420.0 6240.0 5840.0 6840.0 6640.0 6640.0 1420.0 6640.0 620.0 5440.0 6240.0 6640.0 6040.0 6440.0 6240.0 6440.0 820.0 6640.0 6840.0 6040.0 6840.0 5840.0 6640.0 6440.0 2020.0 6440.0
0.0 7240.0 6640.0 6640.0 6640.0 6040.0 6840.0 6040.0 6640.0 6440.0 6640.0 6840.0 7040.0 5640.0 6040.0 6640.0 6640.0 6840.0 2020.0 7040.0 6440.0 6840.0 5840.0 1420.0 1220.0 6640.0 6640.0 6640.0 6040.0 6640.0 6640.0 6440.0 6240.0 7040.0 6440.0 6240.0 6840.0 6040.0 1220.0 6840.0 6840.0 1620.0 6640.0 7240.0 6640.0 1420.0 6040.0 6040.0 1420.0 0.0 6640.0 6440.0 6840.0 6640.0 6440.0 6040.0 6040.0 6440.0 6440.0 1220.0 6840.0 6640.0 1020.0 6640.0 6040.0 6440.0 6240.0 6440.0 7460.0 6640.0 6240.0 6640.0 6440.0 1620.0 1420.0 1220.0 6040.0 6040.0 7040.0 6240.0 6040.0 1820.0 5640.0 1620.0 6840.0 5840.0 6640.0 6040.0 6440.0 6040.0 6440.0 1420.0 6440.0 6440.0 6440.0 6640.0 6440.0 6640.0 6440.0 1620.0 6840.0
0.0 7040.0 6640.0 6440.0 6440.0 5640.0 1620.0 5840.0 6640.0 1020.0 6640.0 6640.0 6640.0 6040.0 6640.0 6240.0 6440.0 6440.0 6040.0 1420.0 5840.0 1820.0 6040.0 6240.0 6040.0 6040.0 6640.0 1620.0 6240.0 6440.0 6240.0 6040.0 1220.0 6240.0 6440.0 420.0 6240.0 820.0 6040.0 6640.0 5440.0 5640.0 6640.0 6840.0 6440.0 6240.0 6240.0 1220.0 5640.0 5640.0 0.0 6840.0 6640.0 5240.0 6240.0 620.0 6240.0 6640.0 6640.0 5840.0 6440.0 6440.0 5640.0 6440.0 6240.0 5840.0 1220.0 6440.0 1420.0 6840.0 6640.0 6040.0 6440.0 6240.0 6240.0 6040.0 6040.0 6440.0 6640.0 6040.0 5640.0 6440.0 6240.0 6240.0 6040.0 5840.0 1620.0 620.0 6440.0 6040.0 6240.0 6440.0 6240.0 1420.0 6440.0 6640.0 1420.0 6440.0 6240.0 6640.0 5840.0
0.0 1220.0 6640.0 6640.0 6040.0 5840.0 6440.0 6040.0 6440.0 6440.0 6640.0 6640.0 2020.0 5840.0 1220.0 1420.0 6640.0 6440.0 6840.0 7040.0 5840.0 6840.0 820.0 6240.0 6040.0 6440.0 1620.0 6640.0 5640.0 6240.0 6440.0 1220.0 6240.0 6440.0 6240.0 5640.0 6240.0 6040.0 6240.0 6440.0 6240.0 6240.0 6640.0 6640.0 6440.0 6440.0 1020.0 5640.0 5840.0 5240.0 6640.0 0.0 6640.0 6040.0 6240.0 5840.0 5640.0 6440.0 6440.0 5640.0 6640.0 6640.0 6040.0 1420.0 1020.0 6040.0 6040.0 6440.0 6840.0 6640.0 6440.0 6440.0 220.0 6640.0 6040.0 6240.0 6040.0 5640.0 2020.0 1220.0 6040.0 6840.0 5640.0 6240.0 6040.0 1020.0 6440.0 6040.0 1020.0 6040.0 6040.0 6440.0 6040.0 6440.0 5840.0 6840.0 6440.0 6840.0 6240.0 6640.0 6640.0
0.0 7240.0 7040.0 7040.0 1020.0 6440.0 6240.0 6440.0 1620.0 6240.0 7040.0 6640.0 7040.0 1620.0 6640.0 6840.0 5840.0 6640.0 6840.0 6840.0 5640.0 6840.0 6640.0 6640.0 6040.0 6440.0 5240.0 6640.0 6040.0 6440.0 6440.0 6640.0 6040.0 6840.0 6040.0 6040.0 6840.0 5840.0 6840.0 6840.0 6240.0 6040.0 6440.0 2020.0 6240.0 6240.0 6240.0 5840.0 5640.0 6240.0 6440.0 6040.0 0.0 1420.0 6240.0 6440.0 1020.0 1820.0 6040.0 6440.0 6640.0 6440.0 6440.0 6640.0 5640.0 1420.0 6040.0 1420.0 7040.0 2420.0 1620.0 620.0 5640.0 5840.0 6240.0 6440.0 6440.0 1020.0 7040.0 6840.0 6440.0 6840.0 1420.0 6240.0 6040.0 6440.0 6440.0 6240.0 6440.0 6440.0 6440.0 6440.0 6440.0 7040.0 6240.0 7040.0 6440.0 2020.0 6240.0 6640.0 1220.0
0.0 6840.0 6440.0 6240.0 1420.0 5440.0 6440.0 5640.0 1420.0 6040.0 6440.0 6440.0 6440.0 820.0 6440.0 6040.0 6040.0 6240.0 5840.0 6040.0 6040.0 6640.0 5840.0 6040.0 5840.0 5840.0 6440.0 6440.0 6040.0 6240.0 6040.0 5840.0 6040.0 6040.0 6240.0 5240.0 6040.0 5640.0 5840.0 6440.0 5240.0 5440.0 6440.0 1620.0 6240.0 6040.0 6040.0 6040.0 6240.0 5440.0 6040.0 6640.0 1420.0 0.0 6040.0 5440.0 1020.0 1420.0 6440.0 5640.0 6240.0 6240.0 5240.0 6240.0 6040.0 620.0 5840.0 1220.0 6640.0 1620.0 1420.0 1020.0 6240.0 6040.0 6040.0 5840.0 5840.0 1220.0 6440.0 5840.0 5440.0 6240.0 1020.0 6040.0 6040.0 5640.0 6240.0 5240.0 6040.0 5840.0 6040.0 6240.0 6040.0 6240.0 6240.0 6240.0 6240.0 1220.0 6040.0 6440.0 1220.0
0.0 6840.0 1820.0 1420.0 6040.0 5640.0 6440.0 6040.0 6640.0 5840.0 6640.0 820.0 6040.0 6240.0 6640.0 6640.0 6240.0 6040.0 6240.0 6040.0 5840.0 6440.0 6240.0 6240.0 6240.0 6040.0 6040.0 6640.0 1220.0 5240.0 1020.0 6240.0 6040.0 6440.0 220.0 6040.0 1420.0 5840.0 6440.0 1820.0 620.0 5240.0 6640.0 6240.0 5240.0 6240.0 6440.0 6040.0 5840.0 5640.0 6440.0 5840.0 6240.0 6640.0 0.0 5640.0 6240.0 6440.0 820.0 5840.0 6440.0 1220.0 5640.0 6040.0 5440.0 5840.0 6240.0 6640.0 6240.0 7040.0 6440.0 6240.0 5840.0 6440.0 6240.0 6040.0 6440.0 6240.0 6640.0 6440.0 1220.0 6040.0 6240.0 6240.0 6240.0 6440.0 6440.0 5640.0 6640.0 1220.0 6040.0 6240.0 1420.0 6240.0 6240.0 6640.0 5440.0 6440.0 1220.0 6640.0 6440.0
0.0 7040.0 6840.0 6640.0 6240.0 6040.0 2020.0 6040.0 6240.0 1420.0 6640.0 6440.0 7240.0 5840.0 6840.0 6840.0 6640.0 7040.0 7040.0 2420.0 6240.0 2020.0 6040.0 5640.0 6240.0 6640.0 7040.0 1020.0 6240.0 6640.0 6240.0 6640.0 1020.0 6840.0 6640.0 1420.0 7040.0 1420.0 6640.0 7240.0 6640.0 6640.0 6840.0 7460.0 6640.0 6040.0 6840.0 1220.0 6640.0 6240.0 1220.0 6440.0 6640.0 6440.0 6440.0 0.0 6840.0 6640.0 6640.0 6440.0 7040.0 6240.0 6040.0 6840.0 6240.0 6440.0 1420.0 6640.0 2020.0 6840.0 6440.0 6840.0 6440.0 7040.0 6640.0 6240.0 5840.0 6440.0 7040.0 6440.0 6040.0 7040.0 5840.0 6640.0 6640.0 6040.0 1620.0 1420.0 6240.0 5840.0 5840.0 6440.0 6640.0 1620.0 6440.0 6840.0 1420.0 6840.0 6440.0 6840.0 7040.0
0.0 7040.0 6440.0 6440.0 1420.0 6040.0 7040.0 5640.0 820.0 6440.0 6840.0 6240.0 7240.0 1020.0 5840.0 6440.0 6440.0 5840.0 7040.0 6640.0 6440.0 6240.0 5640.0 6440.0 6440.0 6040.0 6240.0 6240.0 5440.0 6640.0 5840.0 6640.0 6240.0 6840.0 6640.0 5840.0 6640.0 5640.0 6440.0 5840.0 6440.0 6440.0 6640.0 1820.0 6840.0 6040.0 6440.0 5840.0 6440.0 5440.0 6240.0 6440.0 1620.0 1420.0 6640.0 6240.0 0.0 1220.0 6240.0 6640.0 6840.0 6640.0 6240.0 5840.0 5840.0 1220.0 6240.0 1820.0 7460.0 1620.0 1220.0 1420.0 6040.0 6640.0 5440.0 6040.0 6040.0 1020.0 6640.0 6640.0 6240.0 6440.0 1020.0 6040.0 6440.0 6240.0 6040.0 5440.0 6440.0 5840.0 6040.0 6440.0 6240.0 6240.0 6040.0 6640.0 6040.0 1820.0 6440.0 6640.0 1820.0
0.0 7040.0 6640.0 6440.0 1620.0 6040.0 6440.0 6240.0 1820.0 6440.0 7240.0 6440.0 7040.0 620.0 6840.0 6640.0 6440.0 6640.0 7040.0 7040.0 6440.0 7040.0 5640.0 6440.0 6040.0 6440.0 6840.0 6640.0 6040.0 6440.0 6440.0 6440.0 6640.0 7040.0 6440.0 6040.0 6640.0 6040.0 6440.0 7240.0 5840.0 6240.0 7240.0 2020.0 6440.0 6440.0 6640.0 6040.0 6440.0 5840.0 6640.0 6440.0 1820.0 1420.0 6240.0 6040.0 1620.0 0.0 6240.0 6040.0 6840.0 6240.0 5840.0 6640.0 6040.0 1420.0 6440.0 2020.0 7240.0 1620.0 1220.0 1620.0 6440.0 6440.0 6640.0 6040.0 6640.0 1220.0 5640.0 7040.0 6440.0 7040.0 1420.0 6440.0 6240.0 6640.0 6640.0 5840.0 6640.0 6640.0 6440.0 6840.0 6640.0 6840.0 6240.0 7240.0 6440.0 1820.0 6240.0 6240.0 820.0
0.0 6440.0 1220.0 1820.0 6440.0 6040.0 6640.0 6440.0 6240.0 5640.0 6840.0 1020.0 6840.0 6440.0 6840.0 6240.0 5840.0 6640.0 6640.0 7040.0 6640.0 6640.0 6440.0 5840.0 6440.0 6440.0 6640.0 6240.0 820.0 6440.0 1020.0 6640.0 5440.0 6040.0 1220.0 6240.0 1820.0 6040.0 6040.0 1420.0 1020.0 6240.0 6640.0 7040.0 6240.0 6240.0 6240.0 6240.0 6840.0 6240.0 6440.0 6640.0 6840.0 6640.0 1620.0 6040.0 6440.0 6240.0 0.0 6440.0 6840.0 620.0 6040.0 6240.0 6440.0 5440.0 6040.0 6640.0 7240.0 7460.0 5840.0 5640.0 6440.0 5840.0 5840.0 6440.0 6040.0 6240.0 6640.0 7040.0 1620.0 6640.0 6440.0 6040.0 5840.0 6240.0 6440.0 6040.0 6640.0 1020.0 6440.0 5640.0 1620.0 6840.0 6440.0 6640.0 6040.0 6640.0 1220.0 6840.0 6040.0
0.0 6640.0 6440.0 6040.0 6240.0 5240.0 6040.0 6240.0 6240.0 6240.0 6840.0 6440.0 6840.0 6040.0 6440.0 6440.0 6240.0 6040.0 2020.0 6840.0 6040.0 6440.0 5440.0 1020.0 820.0 5840.0 6640.0 6240.0 5840.0 6040.0 6240.0 5640.0 5840.0 6440.0 6040.0 5840.0 5640.0 5640.0 1220.0 6240.0 6240.0 1020.0 7040.0 6640.0 6040.0 820.0 6440.0 5840.0 1020.0 420.0 6040.0 6040.0 6440.0 6240.0 5840.0 6040.0 6040.0 6240.0 6040.0 0.0 6040.0 6240.0 1020.0 6040.0 5640.0 6040.0 5440.0 6840.0 6240.0 6440.0 6040.0 6240.0 6040.0 1420.0 820.0 820.0 6240.0 6040.0 6640.0 6640.0 6240.0 1620.0 6040.0 1420.0 6240.0 6240.0 6040.0 5440.0 6240.0 6240.0 6240.0 1020.0 6040.0 6640.0 6040.0 6640.0 6240.0 6240.0 5840.0 1220.0 6640.0
0.0 6840.0 6840.0 6640.0 6240.0 820.0 6840.0 1620.0 6240.0 6040.0 1820.0 6240.0 6840.0 5840.0 6840.0 6240.0 1620.0 1820.0 6640.0 6840.0 620.0 6840.0 6040.0 6440.0 5640.0 1620.0 6840.0 6240.0 6040.0 1020.0 6240.0 6240.0 6040.0 820.0 6040.0 6040.0 6640.0 5840.0 6440.0 7040.0 6040.0 6040.0 2220.0 7040.0 1020.0 5640.0 6840.0 6240.0 6440.0 6040.0 5840.0 6440.0 7040.0 6040.0 5840.0 5840.0 6440.0 6640.0 6440.0 6040.0 0.0 6440.0 5640.0 6840.0 6040.0 6240.0 6440.0 6640.0 7040.0 6840.0 6240.0 6640.0 6040.0 6840.0 6640.0 6240.0 820.0 6440.0 7040.0 6440.0 6240.0 6440.0 6440.0 6040.0 1020.0 6640.0 6040.0 6040.0 6640.0 5840.0 1420.0 6240.0 6440.0 7040.0 1620.0 1420.0 6240.0 6640.0 5840.0 6840.0 6040.0
0.0 6840.0 1820.0 1220.0 6640.0 5640.0 6640.0 6440.0 6040.0 6240.0 7040.0 420.0 6640.0 6440.0 6640.0 6640.0 6240.0 6440.0 6640.0 6840.0 6240.0 6840.0 6240.0 5840.0 6040.0 6240.0 6840.0 6640.0 1220.0 6440.0 1420.0 6040.0 5840.0 6440.0 1420.0 6640.0 1420.0 6040.0 6040.0 1620.0 1420.0 6440.0 6640.0 6640.0 6440.0 6240.0 6640.0 6440.0 6240.0 5840.0 6440.0 6440.0 6840.0 6640.0 1220.0 5640.0 5840.0 6640.0 620.0 5840.0 6440.0 0.0 5440.0 5640.0 6040.0 5840.0 6040.0 7040.0 7040.0 7240.0 6240.0 6240.0 6440.0 6440.0 6240.0 6240.0 6040.0 6640.0 7240.0 6840.0 1620.0 6840.0 6240.0 6440.0 6440.0 6440.0 6440.0 5640.0 6640.0 1020.0 6240.0 6040.0 1420.0 6840.0 6840.0 6440.0 6640.0 6240.0 1220.0 6440.0 6440.0
0.0 6640.0 6640.0 6040.0 6040.0 5240.0 6240.0 6040.0 6240.0 6440.0 6640.0 6440.0 6240.0 6040.0 6440.0 6640.0 6240.0 6240.0 1820.0 6440.0 6240.0 6640.0 5840.0 820.0 620.0 5840.0 6640.0 6040.0 6240.0 6040.0 6240.0 5640.0 6240.0 6440.0 6040.0 6240.0 6040.0 5640.0 1420.0 6640.0 6240.0 1020.0 6840.0 6640.0 6040.0 820.0 6240.0 6240.0 1420.0 420.0 6040.0 6440.0 6640.0 6240.0 5840.0 5240.0 6240.0 6640.0 6440.0 620.0 6040.0 6240.0 0.0 6240.0 6040.0 6040.0 5840.0 6640.0 6640.0 6840.0 6240.0 6440.0 6440.0 1620.0 1220.0 1020.0 6040.0 6440.0 7040.0 6440.0 6240.0 1620.0 5840.0 1620.0 6640.0 6040.0 6040.0 5440.0 6440.0 5840.0 5840.0 1020.0 6040.0 6440.0 6440.0 6640.0 6240.0 6040.0 5840.0 1220.0 6640.0
0.0 1820.0 6440.0 5640.0 6640.0 6040.0 6640.0 6240.0 6240.0 6440.0 6840.0 6240.0 1820.0 6040.0 1620.0 1420.0 6040.0 6040.0 6240.0 6640.0 6040.0 6440.0 1220.0 6040.0 6440.0 5640.0 1620.0 6440.0 5840.0 6040.0 6240.0 1420.0 6240.0 6440.0 6240.0 6040.0 6240.0 6440.0 6240.0 6240.0 6240.0 6240.0 6040.0 6440.0 6440.0 6640.0 1420.0 6240.0 6040.0 5840.0 6640.0 820.0 6240.0 6240.0 6640.0 6440.0 5840.0 6440.0 6440.0 6440.0 6840.0 6040.0 6240.0 0.0 1420.0 5840.0 5440.0 6840.0 6840.0 6840.0 6040.0 6040.0 1020.0 6240.0 5840.0 5640.0 6440.0 6240.0 1820.0 1620.0 6440.0 6640.0 6040.0 6440.0 6240.0 1220.0 6840.0 6240.0 1420.0 6240.0 6040.0 6640.0 6840.0 6840.0 6440.0 5840.0 6440.0 7040.0 6640.0 6040.0 6440.0
0.0 1620.0 6640.0 6840.0 5840.0 6240.0 6640.0 6040.0 6640.0 5640.0 7040.0 6240.0 2020.0 6240.0 1620.0 1620.0 6240.0 6840.0 6640.0 7040.0 5640.0 6840.0 1220.0 6240.0 6440.0 6640.0 1820.0 6640.0 6040.0 6240.0 5840.0 1620.0 5640.0 6440.0 6240.0 5840.0 6640.0 6440.0 6440.0 6640.0 6440.0 6240.0 6840.0 7040.0 6440.0 6640.0 1220.0 5640.0 5640.0 5640.0 6840.0 620.0 6840.0 6240.0 6040.0 6240.0 6040.0 6640.0 5440.0 6040.0 6840.0 6040.0 6440.0 1620.0 0.0 5840.0 6440.0 6840.0 7240.0 7040.0 6040.0 6040.0 620.0 6240.0 6240.0 6640.0 6440.0 6040.0 2020.0 1620.0 6440.0 7040.0 6040.0 6040.0 6040.0 1420.0 6640.0 6240.0 1420.0 6440.0 6440.0 6040.0 6640.0 6440.0 6040.0 6440.0 6040.0 6440.0 6440.0 7040.0 6240.0
0.0 7240.0 6040.0 6640.0 1420.0 5840.0 6840.0 6240.0 1020.0 5840.0 6840.0 6240.0 7040.0 1220.0 6640.0 6840.0 5640.0 6440.0 6440.0 6640.0 6440.0 6440.0 6240.0 6040.0 6440.0 6240.0 6240.0 6240.0 5640.0 6640.0 5840.0 6440.0 6240.0 5840.0 6040.0 6040.0 6640.0 5640.0 6640.0 6040.0 5640.0 6040.0 6240.0 2020.0 6040.0 6040.0 6040.0 5840.0 6640.0 5840.0 6240.0 6640.0 1820.0 1420.0 6440.0 5840.0 1420.0 1620.0 6440.0 6040.0 6640.0 6040.0 5840.0 6440.0 6040.0 0.0 5840.0 1420.0 7040.0 2020.0 1620.0 420.0 6240.0 5640.0 5640.0 6240.0 6040.0 1020.0 6840.0 6640.0 6240.0 6440.0 1020.0 5640.0 5640.0 6240.0 6040.0 5840.0 6440.0 6040.0 6040.0 6440.0 6240.0 6640.0 6240.0 6640.0 6040.0 1620.0 5840.0 6640.0 620.0
0.0 7040.0 6640.0 6240.0 6440.0 6240.0 2220.0 6240.0 5840.0 1420.0 6440.0 6240.0 7240.0 6040.0 6440.0 6240.0 5840.0 5640.0 6840.0 1820.0 6040.0 1020.0 6040.0 5840.0 6440.0 5440.0 6240.0 1220.0 5440.0 6240.0 6040.0 6440.0 1220.0 6240.0 6040.0 820.0 6440.0 1220.0 6840.0 6040.0 6240.0 6040.0 6640.0 6440.0 6240.0 6240.0 6240.0 820.0 6040.0 6040.0 1420.0 6440.0 6240.0 6240.0 6440.0 1220.0 5840.0 6040.0 6640.0 6440.0 6840.0 6040.0 6040.0 5640.0 6240.0 5640.0 0.0 6640.0 1420.0 6840.0 6640.0 6040.0 6040.0 6040.0 5440.0 5640.0 6040.0 6040.0 6440.0 6440.0 6240.0 6240.0 5840.0 6240.0 6040.0 6040.0 1620.0 1020.0 6440.0 6040.0 5840.0 6440.0 6640.0 1620.0 6040.0 6440.0 1020.0 7040.0 6440.0 6040.0 6240.0
0.0 7240.0 6440.0 5640.0 1620.0 6040.0 6840.0 6040.0 820.0 6440.0 6640.0 6840.0 6840.0 820.0 6040.0 6640.0 6440.0 6640.0 6840.0 7040.0 6440.0 7040.0 5840.0 6040.0 6240.0 6240.0 6640.0 6440.0 6240.0 6040.0 6640.0 6440.0 6240.0 6440.0 6640.0 6240.0 6240.0 5840.0 6040.0 6240.0 6240.0 6440.0 6640.0 2020.0 6640.0 6040.0 5640.0 6040.0 6440.0 5240.0 6040.0 6440.0 1620.0 1220.0 6440.0 6040.0 1220.0 1420.0 6440.0 6240.0 6840.0 6640.0 6040.0 6640.0 6040.0 1020.0 6240.0 0.0 7240.0 1820.0 1020.0 1220.0 6440.0 6440.0 6440.0 6040.0 6040.0 1220.0 5640.0 6240.0 6040.0 6840.0 820.0 6640.0 6440.0 5840.0 6640.0 5640.0 6440.0 6040.0 6440.0 6640.0 6440.0 6440.0 6440.0 6840.0 6440.0 1820.0 6440.0 6040.0 1420.0
0.0 6640.0 6440.0 6440.0 6440.0 5640.0 1220.0 6040.0 5440.0 220.0 7040.0 6040.0 6840.0 6240.0 6040.0 6440.0 6040.0 5840.0 6640.0 1820.0 6040.0 1220.0 6040.0 6240.0 6040.0 6040.0 6840.0 1420.0 5840.0 5840.0 5440.0 6240.0 620.0 5240.0 6240.0 1020.0 6440.0 820.0 6240.0 6640.0 5640.0 6040.0 6840.0 6440.0 6440.0 5840.0 6440.0 1220.0 6640.0 5640.0 1020.0 6640.0 6640.0 6040.0 6040.0 620.0 6040.0 6240.0 5440.0 5840.0 5640.0 5840.0 5640.0 5840.0 6240.0 5640.0 1220.0 6840.0 0.0 6840.0 6040.0 6040.0 6440.0 6040.0 6040.0 6240.0 5640.0 6440.0 5840.0 6640.0 6040.0 5840.0 6240.0 6240.0 6040.0 6440.0 1420.0 620.0 6640.0 5640.0 6440.0 5840.0 6440.0 1420.0 6240.0 6040.0 620.0 6040.0 6040.0 6640.0 5440.0
0.0 6440.0 6440.0 6240.0 1220.0 6240.0 6840.0 6240.0 220.0 5840.0 7040.0 6040.0 6840.0 1220.0 5840.0 6640.0 6040.0 5640.0 6040.0 6440.0 6240.0 6040.0 5640.0 6040.0 6440.0 6240.0 6440.0 6440.0 6240.0 6640.0 6040.0 6240.0 5440.0 6240.0 6240.0 6040.0 6440.0 6440.0 6040.0 6640.0 6240.0 6240.0 6640.0 1820.0 6240.0 6440.0 6440.0 6040.0 6440.0 6240.0 5840.0 6240.0 1620.0 1220.0 6440.0 6240.0 820.0 1020.0 6240.0 6440.0 6640.0 5840.0 6240.0 5640.0 5840.0 1020.0 6040.0 1820.0 7040.0 0.0 1020.0 1220.0 6240.0 6440.0 6240.0 6040.0 5240.0 820.0 6440.0 6640.0 6040.0 6240.0 1020.0 6640.0 6440.0 6240.0 6640.0 6240.0 6240.0 5240.0 6040.0 5640.0 6640.0 6840.0 6240.0 6440.0 6240.0 1620.0 6440.0 6440.0 1220.0
0.0 6640.0 5640.0 6640.0 820.0 5840.0 6840.0 5640.0 1020.0 5840.0 6440.0 6040.0 6040.0 820.0 6640.0 6440.0 5640.0 6440.0 6440.0 6640.0 6240.0 6440.0 5840.0 5240.0 5840.0 6240.0 6240.0 5640.0 5640.0 5840.0 5840.0 6440.0 5640.0 5840.0 6040.0 6040.0 6640.0 5840.0 5440.0 6040.0 5840.0 6040.0 6240.0 1820.0 6040.0 5640.0 6040.0 5840.0 6440.0 5840.0 5840.0 5840.0 1420.0 1020.0 6040.0 6040.0 1420.0 1620.0 6240.0 6040.0 6840.0 5840.0 5840.0 6440.0 6040.0 220.0 5840.0 1420.0 7040.0 1620.0 0.0 420.0 6040.0 5640.0 5640.0 6240.0 5440.0 1020.0 6840.0 6640.0 6240.0 6440.0 1220.0 5840.0 5640.0 5640.0 6240.0 5840.0 6440.0 5440.0 6040.0 6040.0 5840.0 6040.0 6240.0 6440.0 6040.0 1820.0 5840.0 6640.0 620.0
0.0 7040.0 6640.0 6640.0 1020.0 6040.0 7040.0 6040.0 1220.0 6240.0 6640.0 6040.0 7040.0 1220.0 6840.0 6640.0 5240.0 6040.0 6440.0 6440.0 6040.0 6440.0 6240.0 6240.0 6440.0 5840.0 6440.0 6440.0 5840.0 6440.0 6040.0 6440.0 6240.0 6640.0 5640.0 5840.0 6440.0 5440.0 6440.0 6240.0 5840.0 5640.0 6040.0 1620.0 5840.0 5840.0 5840.0 5640.0 6240.0 5840.0 6040.0 6240.0 1620.0 1220.0 6240.0 6040.0 1220.0 1420.0 6240.0 6040.0 6840.0 6240.0 5840.0 6040.0 5840.0 1020.0 5440.0 1020.0 6640.0 2220.0 1220.0 0.0 6040.0 5240.0 5840.0 6040.0 6040.0 620.0 6440.0 6440.0 6040.0 6440.0 1220.0 5840.0 5640.0 6040.0 6640.0 5840.0 6040.0 6240.0 6240.0 6240.0 5840.0 6440.0 5840.0 6640.0 5840.0 1820.0 6640.0 6240.0 820.0
0.0 2020.0 6840.0 6440.0 6040.0 6240.0 7040.0 6040.0 6240.0 6440.0 6640.0 6640.0 2020.0 6040.0 1220.0 1420.0 6440.0 6240.0 6840.0 7040.0 5640.0 6640.0 1020.0 6640.0 6040.0 6440.0 1620.0 6440.0 5440.0 6240.0 6240.0 1220.0 6040.0 6440.0 6240.0 5640.0 6240.0 6040.0 6440.0 6240.0 6040.0 6240.0 6640.0 6640.0 6240.0 6440.0 1020.0 5440.0 5640.0 5840.0 6640.0 1820.0 6440.0 6040.0 6040.0 6240.0 5640.0 6640.0 6640.0 6240.0 6640.0 6440.0 6240.0 1420.0 1420.0 6040.0 6240.0 6840.0 7040.0 7040.0 6440.0 6240.0 0.0 6440.0 5840.0 6440.0 6040.0 5640.0 2020.0 1620.0 6240.0 6840.0 6040.0 6240.0 6040.0 1020.0 6440.0 5840.0 1020.0 5840.0 6040.0 6440.0 6440.0 6640.0 5640.0 6840.0 6440.0 7040.0 6040.0 6640.0 6440.0
0.0 7040.0 6640.0 6440.0 5840.0 5840.0 6840.0 5840.0 6040.0 6040.0 6640.0 6040.0 6840.0 6040.0 6640.0 6440.0 5240.0 5840.0 1420.0 6240.0 6040.0 6240.0 6040.0 1020.0 1420.0 5640.0 6240.0 6440.0 5640.0 6440.0 6040.0 6240.0 6040.0 6440.0 5440.0 5640.0 6240.0 5840.0 1420.0 6040.0 5640.0 620.0 6640.0 6440.0 5640.0 1220.0 5640.0 5440.0 1220.0 820.0 6240.0 6040.0 6440.0 6040.0 6240.0 5840.0 6040.0 6240.0 6040.0 1020.0 6640.0 6240.0 820.0 5840.0 5640.0 5840.0 5240.0 5840.0 6440.0 7040.0 6040.0 6240.0 5840.0 0.0 620.0 820.0 6040.0 5440.0 6440.0 6640.0 5840.0 1220.0 6040.0 1420.0 6240.0 5840.0 6440.0 5640.0 5840.0 6040.0 6040.0 1420.0 6240.0 6240.0 5840.0 6640.0 5640.0 6640.0 6440.0 1220.0 5640.0
0.0 6640.0 6640.0 6440.0 6040.0 6040.0 6840.0 6040.0 5640.0 6240.0 6640.0 5840.0 7040.0 5640.0 6040.0 6440.0 6240.0 6840.0 1820.0 6840.0 6040.0 7040.0 5840.0 1420.0 1020.0 6640.0 5840.0 5840.0 5240.0 6440.0 5640.0 6240.0 5840.0 6440.0 6240.0 5640.0 6440.0 6440.0 1420.0 5640.0 6240.0 1020.0 6240.0 7040.0 6440.0 1020.0 6040.0 5440.0 1420.0 1220.0 6040.0 6040.0 6440.0 6040.0 6240.0 6040.0 6040.0 6440.0 6240.0 1220.0 6640.0 6240.0 1020.0 6640.0 6040.0 6040.0 6240.0 6440.0 7240.0 6640.0 6240.0 6040.0 5840.0 1220.0 0.0 1220.0 5640.0 5640.0 7040.0 6240.0 6040.0 1820.0 5640.0 1220.0 6040.0 5840.0 6440.0 6040.0 6040.0 5640.0 5640.0 1220.0 6440.0 6440.0 5640.0 6640.0 5640.0 6640.0 6240.0 1620.0 6640.0
0.0 7040.0 6440.0 6240.0 6240.0 5640.0 6640.0 5640.0 6440.0 6240.0 6440.0 5840.0 6840.0 5440.0 6840.0 5640.0 5640.0 6240.0 1620.0 6640.0 5440.0 6640.0 5640.0 1220.0 1020.0 6040.0 6040.0 6640.0 5840.0 5640.0 5840.0 6240.0 5840.0 6640.0 5840.0 5840.0 6040.0 6040.0 1420.0 6640.0 6040.0 1020.0 6440.0 6840.0 6040.0 1220.0 6040.0 5840.0 620.0 1020.0 6440.0 6240.0 5640.0 5840.0 6040.0 5840.0 6440.0 6240.0 6040.0 1020.0 6640.0 5640.0 620.0 6240.0 5840.0 6040.0 5640.0 6240.0 6840.0 6440.0 6040.0 6240.0 6240.0 1420.0 1020.0 0.0 5840.0 5840.0 6640.0 6040.0 5640.0 1620.0 5440.0 1020.0 5840.0 5640.0 6240.0 5840.0 5840.0 5840.0 5440.0 1220.0 6240.0 6240.0 6040.0 6440.0 5840.0 6440.0 6040.0 620.0 6040.0
0.0 6440.0 6240.0 6240.0 6440.0 1020.0 6640.0 1420.0 6640.0 5640.0 1820.0 5840.0 6840.0 6240.0 6840.0 6440.0 820.0 1620.0 7040.0 6840.0 1220.0 7040.0 5440.0 5840.0 6440.0 1420.0 6240.0 6240.0 6240.0 1420.0 6040.0 6640.0 5240.0 1220.0 6240.0 5840.0 6640.0 6240.0 6040.0 6640.0 6040.0 6240.0 2020.0 7040.0 1220.0 6240.0 6240.0 5840.0 6240.0 6240.0 6440.0 6240.0 6440.0 6440.0 6640.0 6040.0 6440.0 6240.0 6040.0 6240.0 1820.0 5640.0 6040.0 6240.0 5640.0 5840.0 6040.0 7040.0 7040.0 6440.0 5840.0 6040.0 6040.0 6240.0 6240.0 5840.0 0.0 6040.0 6640.0 6840.0 5840.0 6640.0 6240.0 6440.0 1220.0 6240.0 6640.0 6040.0 6440.0 5240.0 1220.0 5640.0 6640.0 6840.0 1020.0 1620.0 6040.0 6440.0 6640.0 6440.0 6040.0
0.0 7040.0 6640.0 7040.0 620.0 6240.0 7240.0 6240.0 1220.0 6440.0 7040.0 6440.0 6840.0 1420.0 6840.0 7040.0 6440.0 6440.0 6640.0 6840.0 5640.0 6840.0 6440.0 6240.0 6640.0 6640.0 6240.0 6640.0 6440.0 6040.0 6240.0 6640.0 6040.0 6640.0 6040.0 6240.0 5840.0 6440.0 6440.0 6840.0 6040.0 6040.0 7040.0 1820.0 6040.0 6240.0 6840.0 6240.0 6040.0 6240.0 6240.0 6440.0 1020.0 1620.0 5840.0 6240.0 1820.0 1820.0 6440.0 6440.0 7040.0 6240.0 6240.0 6440.0 6040.0 1020.0 6640.0 2220.0 7040.0 2420.0 1020.0 1420.0 6440.0 6440.0 6440.0 6640.0 6240.0 0.0 7240.0 7040.0 6640.0 6640.0 1820.0 6040.0 5840.0 6240.0 6040.0 6240.0 5640.0 6240.0 6840.0 6240.0 6040.0 6840.0 6440.0 7040.0 6240.0 2020.0 6040.0 6840.0 1620.0
0.0 2420.0 6840.0 6840.0 6240.0 6040.0 7040.0 6240.0 6240.0 6640.0 6640.0 6640.0 2220.0 6040.0 1420.0 1620.0 6040.0 6240.0 7040.0 7040.0 5840.0 6640.0 1020.0 6240.0 6440.0 5840.0 1620.0 6440.0 6440.0 6640.0 6440.0 1420.0 6240.0 6640.0 6240.0 6440.0 6840.0 5440.0 6440.0 6840.0 6440.0 6240.0 6840.0 6640.0 6440.0 6040.0 1220.0 6240.0 5840.0 5440.0 6040.0 1620.0 6440.0 6240.0 6440.0 6240.0 6240.0 6640.0 6640.0 6440.0 6840.0 6440.0 6040.0 1220.0 1220.0 6040.0 6040.0 6640.0 7240.0 6840.0 6640.0 6440.0 1620.0 5840.0 6440.0 6040.0 6240.0 6240.0 0.0 1420.0 6240.0 6840.0 5840.0 6440.0 6240.0 1020.0 6640.0 5240.0 1220.0 6240.0 6240.0 6640.0 6040.0 6640.0 6640.0 6840.0 6240.0 7040.0 6640.0 6440.0 6240.0
0.0 1820.0 6640.0 5840.0 6440.0 5840.0 5840.0 6240.0 6040.0 6040.0 6840.0 6240.0 1820.0 6040.0 1420.0 1620.0 6240.0 5840.0 6440.0 6640.0 5440.0 6240.0 1020.0 6040.0 6440.0 6440.0 1020.0 6240.0 6240.0 6240.0 6040.0 1420.0 5640.0 6440.0 6640.0 5640.0 6440.0 6040.0 6440.0 6440.0 5840.0 5840.0 6840.0 6640.0 6240.0 5240.0 820.0 5840.0 6040.0 5440.0 5440.0 1620.0 5840.0 5640.0 6640.0 6040.0 6440.0 6040.0 6440.0 6040.0 6840.0 6040.0 5840.0 820.0 1220.0 5840.0 6240.0 5240.0 6640.0 6440.0 6040.0 6040.0 1220.0 6240.0 6240.0 6240.0 6240.0 6040.0 820.0 0.0 6040.0 6440.0 5840.0 5840.0 5640.0 1020.0 5640.0 5840.0 420.0 6240.0 6640.0 6040.0 6640.0 6640.0 6240.0 6040.0 6040.0 6640.0 6640.0 6040.0 6040.0
0.0 7460.0 2020.0 1820.0 6240.0 6440.0 7240.0 6240.0 6840.0 6640.0 7040.0 1620.0 6840.0 6440.0 6440.0 6640.0 6640.0 6840.0 7040.0 7040.0 6240.0 6440.0 6440.0 6840.0 6440.0 6440.0 6840.0 6840.0 1420.0 6640.0 820.0 6440.0 6440.0 6640.0 1420.0 5840.0 1620.0 6040.0 6640.0 1420.0 1420.0 6440.0 7040.0 6440.0 6640.0 6240.0 5640.0 5640.0 6640.0 5840.0 6440.0 7040.0 6640.0 6240.0 1420.0 6240.0 6440.0 6840.0 2020.0 6640.0 6840.0 1820.0 6440.0 6840.0 6640.0 6240.0 6440.0 7240.0 7460.0 7460.0 6840.0 6440.0 6040.0 6640.0 6640.0 6240.0 6440.0 5840.0 6040.0 7040.0 0.0 5840.0 6440.0 5640.0 6640.0 6240.0 6440.0 5840.0 6240.0 1420.0 6440.0 6640.0 1620.0 6640.0 5840.0 7040.0 6040.0 7240.0 1220.0 6640.0 6640.0
0.0 7040.0 6640.0 7040.0 6840.0 6240.0 7040.0 6640.0 7040.0 6440.0 7460.0 6640.0 6040.0 6640.0 7240.0 6640.0 6640.0 7040.0 2620.0 7240.0 6640.0 7460.0 6640.0 1220.0 1620.0 6240.0 6040.0 7040.0 6240.0 6840.0 6640.0 6640.0 6040.0 6840.0 6840.0 6440.0 6440.0 6240.0 1820.0 6840.0 6040.0 1620.0 6840.0 5640.0 7040.0 1620.0 7040.0 6440.0 1620.0 1220.0 6640.0 6640.0 6040.0 6840.0 6840.0 6240.0 6640.0 6640.0 6840.0 1420.0 7040.0 6440.0 1220.0 6840.0 6640.0 6440.0 6440.0 7240.0 7460.0 7460.0 6440.0 6440.0 6440.0 1620.0 1620.0 1420.0 6240.0 6640.0 7240.0 7240.0 6640.0 0.0 6640.0 2020.0 6840.0 6840.0 5640.0 6240.0 7040.0 6240.0 6640.0 1420.0 6840.0 7040.0 6840.0 7240.0 6240.0 7040.0 5440.0 1820.0 6040.0
0.0 6640.0 6040.0 6040.0 1020.0 5440.0 6240.0 5440.0 1020.0 5840.0 6040.0 6240.0 6440.0 220.0 6640.0 6040.0 6040.0 6240.0 6840.0 6640.0 5840.0 6640.0 5240.0 5840.0 5640.0 6040.0 6440.0 6240.0 5640.0 6040.0 6040.0 5840.0 5640.0 6440.0 6040.0 5640.0 6240.0 5840.0 6040.0 6440.0 6240.0 6040.0 6040.0 1820.0 6040.0 5840.0 6040.0 5440.0 5840.0 5640.0 6040.0 5840.0 1220.0 1020.0 5840.0 5440.0 1220.0 1020.0 5840.0 5640.0 6240.0 6040.0 5440.0 6040.0 5440.0 820.0 5640.0 820.0 6840.0 1220.0 820.0 1020.0 5840.0 6240.0 6040.0 5640.0 5440.0 620.0 6440.0 5640.0 5440.0 6240.0 0.0 6040.0 6240.0 5240.0 6040.0 5640.0 5840.0 5440.0 5840.0 6040.0 5840.0 5840.0 5840.0 6240.0 6040.0 1220.0 5840.0 6040.0 1420.0
0.0 6840.0 6840.0 7040.0 6240.0 6240.0 6640.0 6640.0 6640.0 6440.0 7240.0 6640.0 6840.0 6440.0 7040.0 6640.0 6440.0 6840.0 2020.0 6640.0 6040.0 5840.0 6440.0 1620.0 820.0 6640.0 6840.0 6240.0 6640.0 6040.0 5240.0 6640.0 6040.0 6840.0 6040.0 6640.0 6240.0 6240.0 1620.0 5840.0 6240.0 820.0 7040.0 6640.0 6040.0 1820.0 6840.0 6640.0 1220.0 1220.0 6840.0 6440.0 6640.0 6640.0 5840.0 6440.0 6840.0 6840.0 6440.0 1020.0 7040.0 6240.0 1420.0 6840.0 6040.0 6040.0 6440.0 7040.0 6840.0 7240.0 6440.0 6440.0 6440.0 1620.0 1620.0 1020.0 6240.0 6840.0 7040.0 6840.0 6640.0 1020.0 6240.0 0.0 6440.0 6640.0 6240.0 6040.0 6840.0 6240.0 6240.0 1220.0 6440.0 7040.0 6640.0 6840.0 5440.0 6640.0 5840.0 1420.0 6640.0
0.0 7040.0 7040.0 6640.0 6440.0 1020.0 6840.0 1620.0 6440.0 6440.0 2220.0 5840.0 7040.0 6440.0 7040.0 6640.0 1620.0 1820.0 5840.0 6240.0 1220.0 6040.0 6440.0 6240.0 5840.0 1620.0 6840.0 6240.0 5840.0 1220.0 5440.0 6240.0 6040.0 1420.0 6240.0 6240.0 6440.0 6440.0 6440.0 6040.0 6240.0 5840.0 2020.0 6640.0 1220.0 5840.0 6640.0 6040.0 6240.0 6240.0 6040.0 6640.0 6640.0 6240.0 6040.0 6040.0 6240.0 7040.0 6040.0 6240.0 1420.0 5640.0 6040.0 6040.0 6240.0 6240.0 6440.0 6840.0 6840.0 7240.0 6640.0 6640.0 6440.0 6640.0 6640.0 6040.0 1420.0 6240.0 7040.0 6640.0 6440.0 6040.0 6240.0 5240.0 0.0 6440.0 6240.0 6240.0 6640.0 6240.0 1220.0 6440.0 6640.0 7040.0 1420.0 1620.0 5440.0 6840.0 6040.0 6640.0 6640.0
0.0 1420.0 5840.0 6040.0 6240.0 6240.0 6640.0 5240.0 6240.0 5840.0 5840.0 6040.0 1820.0 5240.0 1820.0 1020.0 6040.0 6040.0 7040.0 6840.0 6040.0 6440.0 420.0 6040.0 5840.0 5840.0 1420.0 6240.0 5640.0 6040.0 6040.0 1420.0 5440.0 6240.0 6040.0 5840.0 6640.0 6440.0 6040.0 6240.0 6240.0 6040.0 5840.0 6640.0 6040.0 6440.0 1020.0 5640.0 6040.0 5840.0 6640.0 1020.0 6440.0 6240.0 5840.0 6240.0 6040.0 6040.0 6040.0 6040.0 6640.0 5840.0 6240.0 1020.0 620.0 6040.0 5440.0 6840.0 6640.0 6240.0 5840.0 6240.0 1020.0 6440.0 5840.0 5640.0 5240.0 5840.0 1620.0 1620.0 6040.0 6640.0 6040.0 6440.0 6440.0 0.0 6040.0 6040.0 1420.0 5240.0 6040.0 5640.0 6240.0 5640.0 6040.0 6040.0 6240.0 6440.0 6040.0 6240.0 6240.0
0.0 7240.0 7240.0 7240.0 6640.0 6840.0 2020.0 6640.0 7240.0 1620.0 7460.0 6840.0 6840.0 6640.0 7460.0 6840.0 6640.0 7240.0 7240.0 2220.0 6640.0 2620.0 6640.0 6840.0 6840.0 7040.0 6040.0 2220.0 6640.0 6840.0 6840.0 7240.0 1220.0 6640.0 6840.0 1820.0 7040.0 1620.0 7040.0 7460.0 6840.0 6440.0 6240.0 7040.0 7040.0 7040.0 7040.0 1620.0 6640.0 7040.0 1420.0 7240.0 6840.0 6640.0 7040.0 1820.0 6840.0 7240.0 7040.0 7040.0 7660.0 6640.0 6640.0 6640.0 6840.0 6840.0 1820.0 7240.0 2620.0 7460.0 6640.0 6440.0 6440.0 6440.0 6840.0 6240.0 6840.0 6240.0 7240.0 7040.0 6840.0 7240.0 6440.0 7040.0 6840.0 6640.0 0.0 1820.0 6840.0 6840.0 6440.0 6640.0 7240.0 2220.0 7040.0 7040.0 620.0 7460.0 7040.0 6840.0 6840.0
0.0 7040.0 6640.0 6640.0 6040.0 5840.0 2020.0 6040.0 6040.0 1420.0 6440.0 6440.0 7040.0 5840.0 6040.0 6440.0 6040.0 6040.0 6840.0 2020.0 6240.0 1420.0 5840.0 6240.0 6240.0 5640.0 6440.0 1420.0 6240.0 6440.0 6440.0 6240.0 1220.0 6440.0 6440.0 1220.0 6640.0 420.0 6240.0 6840.0 6240.0 6440.0 6640.0 6440.0 6440.0 5640.0 6040.0 1220.0 6240.0 5240.0 1020.0 6440.0 6240.0 6040.0 6440.0 1020.0 6040.0 6240.0 6440.0 6240.0 6640.0 6240.0 6040.0 6040.0 6040.0 5840.0 1220.0 6440.0 2220.0 6640.0 6440.0 6240.0 6440.0 6440.0 6240.0 5840.0 6040.0 6040.0 6840.0 6240.0 6040.0 6640.0 5640.0 6440.0 6440.0 5840.0 1620.0 0.0 6440.0 6040.0 6040.0 6640.0 5840.0 1420.0 6440.0 6640.0 1620.0 6840.0 6440.0 6240.0 6440.0
0.0 1620.0 6440.0 6840.0 6240.0 6040.0 6640.0 6440.0 6440.0 5840.0 7040.0 6040.0 1820.0 6440.0 1420.0 1620.0 6040.0 6840.0 6240.0 6640.0 5240.0 6240.0 1620.0 6040.0 6240.0 6640.0 820.0 6440.0 6040.0 6440.0 5640.0 1420.0 5440.0 6240.0 6440.0 5840.0 6640.0 6240.0 6240.0 6440.0 6040.0 6240.0 6840.0 6640.0 6040.0 6040.0 1420.0 5640.0 6240.0 6040.0 6240.0 1620.0 5640.0 6240.0 6440.0 6240.0 6440.0 6440.0 6240.0 6240.0 6840.0 5840.0 6040.0 1420.0 1220.0 5640.0 6240.0 6840.0 7240.0 7240.0 6040.0 5840.0 1020.0 6040.0 6040.0 6440.0 6240.0 5840.0 1820.0 1620.0 6640.0 6440.0 6640.0 5640.0 5440.0 1220.0 5640.0 6040.0 0.0 6240.0 6640.0 5840.0 6640.0 6840.0 6040.0 6840.0 5840.0 6640.0 6440.0 6440.0 6040.0
0.0 6440.0 1420.0 1420.0 6440.0 6240.0 6640.0 6440.0 6640.0 5840.0 6840.0 1020.0 6840.0 6240.0 6840.0 6640.0 5840.0 6640.0 7040.0 7040.0 6240.0 7040.0 5640.0 6040.0 6440.0 6440.0 6240.0 6240.0 1420.0 6440.0 1020.0 6640.0 5440.0 6240.0 1220.0 6040.0 1820.0 6440.0 6040.0 1820.0 1020.0 6240.0 7040.0 7240.0 6240.0 6440.0 6240.0 5840.0 6240.0 6240.0 6640.0 6240.0 6640.0 6440.0 1620.0 6240.0 6440.0 6240.0 1220.0 6440.0 7040.0 820.0 6040.0 6240.0 5840.0 5840.0 6040.0 7040.0 7240.0 6440.0 5840.0 6240.0 6240.0 6440.0 6240.0 6040.0 5240.0 6040.0 6840.0 6840.0 1020.0 6640.0 6240.0 6440.0 6440.0 6240.0 6640.0 6240.0 6640.0 0.0 6240.0 5640.0 1620.0 6840.0 6240.0 6640.0 6240.0 6640.0 1620.0 6440.0 6240.0
0.0 6640.0 6040.0 6040.0 6040.0 420.0 6440.0 420.0 6040.0 5840.0 1020.0 6240.0 6640.0 5240.0 6640.0 6240.0 1020.0 1220.0 6840.0 6640.0 620.0 6640.0 5240.0 6040.0 5640.0 1020.0 6240.0 6240.0 5640.0 1020.0 5440.0 5840.0 5640.0 1420.0 6040.0 5640.0 6240.0 5840.0 6040.0 6440.0 6240.0 6040.0 1220.0 6840.0 1020.0 5840.0 6040.0 5640.0 6040.0 5640.0 6040.0 5840.0 6040.0 6040.0 5840.0 5440.0 6240.0 6040.0 5840.0 5840.0 1220.0 6040.0 5440.0 6240.0 5440.0 5840.0 5640.0 6040.0 6840.0 6240.0 5840.0 6040.0 5840.0 6240.0 6040.0 5640.0 620.0 5840.0 6440.0 5640.0 5440.0 6240.0 5240.0 6040.0 1020.0 5440.0 6040.0 5640.0 5640.0 5640.0 0.0 6040.0 5840.0 5840.0 820.0 1220.0 5640.0 6240.0 5840.0 6040.0 6440.0
0.0 5840.0 5840.0 6640.0 6040.0 6040.0 6040.0 5840.0 6240.0 5640.0 6440.0 6240.0 6240.0 6040.0 6640.0 6440.0 5440.0 6040.0 1620.0 6440.0 6040.0 6440.0 6040.0 420.0 1020.0 5840.0 6440.0 5840.0 5840.0 6040.0 6040.0 6440.0 5840.0 5640.0 5640.0 6040.0 6440.0 5840.0 620.0 6240.0 5840.0 620.0 6440.0 6640.0 5840.0 820.0 5840.0 6040.0 1420.0 1020.0 6040.0 6040.0 6440.0 6240.0 6040.0 6040.0 6240.0 5640.0 6440.0 1220.0 6840.0 6040.0 1020.0 6040.0 6240.0 5240.0 5440.0 6440.0 6640.0 6840.0 5240.0 5640.0 6240.0 820.0 820.0 1020.0 5640.0 5640.0 6240.0 6640.0 6040.0 1220.0 6240.0 1020.0 5840.0 5840.0 6240.0 5840.0 6040.0 5640.0 6240.0 0.0 6040.0 6240.0 6440.0 6440.0 5840.0 6640.0 6040.0 1420.0 5640.0
0.0 6840.0 1620.0 1820.0 6040.0 6040.0 6840.0 6240.0 5440.0 6240.0 7040.0 1220.0 7040.0 6240.0 6040.0 7040.0 6240.0 6640.0 6640.0 6440.0 6440.0 7040.0 6040.0 5440.0 6040.0 6440.0 6440.0 6640.0 1020.0 6440.0 1420.0 6440.0 5840.0 6240.0 620.0 6440.0 1420.0 6240.0 5840.0 1620.0 1220.0 5640.0 6840.0 6040.0 6440.0 5840.0 6640.0 6440.0 6640.0 6240.0 6040.0 6640.0 6840.0 6240.0 1220.0 6240.0 6040.0 6840.0 1420.0 6040.0 6840.0 1020.0 6440.0 6640.0 6240.0 5640.0 6240.0 6840.0 6640.0 6640.0 6240.0 6040.0 6640.0 6040.0 6040.0 6440.0 5640.0 6440.0 6640.0 6640.0 1020.0 6640.0 6640.0 6240.0 6040.0 6840.0 6440.0 6240.0 6640.0 620.0 6640.0 6240.0 0.0 6640.0 6640.0 6640.0 6440.0 7040.0 1220.0 6840.0 6240.0
0.0 7460.0 7240.0 7040.0 6640.0 6640.0 2420.0 6640.0 6040.0 1420.0 7240.0 6440.0 7040.0 6240.0 6640.0 7040.0 6840.0 7240.0 7460.0 2420.0 6640.0 1820.0 6440.0 7040.0 6640.0 7040.0 6440.0 1420.0 5840.0 6840.0 6240.0 6840.0 1420.0 6440.0 6840.0 1220.0 7040.0 1620.0 7040.0 6240.0 6640.0 6640.0 6640.0 7040.0 7040.0 6640.0 6240.0 1020.0 6840.0 6440.0 1820.0 6840.0 7040.0 6640.0 6840.0 1620.0 6640.0 7040.0 6840.0 6840.0 7240.0 6840.0 6440.0 6840.0 6640.0 6640.0 1820.0 7040.0 2620.0 7240.0 6840.0 6640.0 6440.0 6840.0 5640.0 6640.0 6240.0 6240.0 6640.0 6840.0 5640.0 6440.0 6240.0 6240.0 6640.0 6440.0 420.0 1420.0 6640.0 6240.0 6240.0 6640.0 7040.0 0.0 6440.0 7240.0 1020.0 7240.0 6640.0 7040.0 6640.0
0.0 6840.0 6840.0 6240.0 6640.0 1620.0 7240.0 1620.0 6440.0 6240.0 2420.0 6440.0 7240.0 5840.0 6640.0 6840.0 1420.0 1820.0 7460.0 6840.0 1620.0 7040.0 5840.0 6440.0 6240.0 1620.0 6840.0 6840.0 6040.0 1620.0 6440.0 7040.0 5840.0 1620.0 6640.0 6240.0 6840.0 6440.0 5840.0 6440.0 6640.0 6640.0 2220.0 7460.0 1620.0 6840.0 6640.0 6040.0 6640.0 6240.0 7040.0 6440.0 6840.0 6640.0 6440.0 6640.0 6040.0 6240.0 6440.0 6640.0 2220.0 6240.0 6640.0 6640.0 6040.0 6440.0 6640.0 7040.0 7460.0 6640.0 6240.0 6640.0 6440.0 6240.0 6040.0 6240.0 620.0 6240.0 6640.0 7040.0 6440.0 7040.0 6640.0 6840.0 1820.0 6640.0 6640.0 6240.0 6840.0 5640.0 1420.0 6040.0 6440.0 7040.0 0.0 2020.0 6640.0 7040.0 6440.0 6640.0 6640.0
0.0 7460.0 7040.0 6840.0 7040.0 1420.0 6040.0 1820.0 6240.0 6840.0 2620.0 7040.0 7240.0 6840.0 6840.0 7040.0 1620.0 1620.0 7040.0 6840.0 1220.0 7040.0 6640.0 6440.0 6840.0 1420.0 6840.0 7040.0 6640.0 1820.0 6840.0 6840.0 6440.0 2220.0 7040.0 7040.0 6240.0 6640.0 6840.0 7040.0 6640.0 6040.0 2020.0 5840.0 2020.0 6840.0 6640.0 6840.0 6640.0 6640.0 6840.0 7040.0 6640.0 6840.0 7040.0 6640.0 6640.0 6840.0 7240.0 6840.0 2220.0 6840.0 6640.0 6640.0 6840.0 6440.0 6640.0 7240.0 7660.0 6040.0 6640.0 6840.0 7040.0 6640.0 6640.0 6440.0 1220.0 6640.0 7240.0 7240.0 7040.0 7240.0 6640.0 6840.0 1620.0 6840.0 7240.0 6640.0 6840.0 6040.0 1620.0 6640.0 7240.0 7240.0 2220.0 0.0 7040.0 7460.0 7040.0 6640.0 6440.0
0.0 6840.0 6640.0 6840.0 6840.0 6440.0 2020.0 6240.0 6840.0 1020.0 7040.0 6240.0 7240.0 6040.0 7240.0 6240.0 6240.0 7040.0 7240.0 1620.0 6040.0 2220.0 6240.0 6240.0 6640.0 6640.0 6640.0 1620.0 6440.0 6440.0 6440.0 6840.0 820.0 6640.0 6440.0 1420.0 6640.0 1620.0 6440.0 6840.0 6440.0 5840.0 7040.0 6440.0 6640.0 6640.0 6640.0 1420.0 6040.0 6440.0 1820.0 6840.0 6440.0 6440.0 6640.0 1420.0 6840.0 6640.0 6440.0 6640.0 7240.0 6040.0 6240.0 6640.0 6440.0 6240.0 1420.0 6840.0 2420.0 7040.0 6240.0 6440.0 6640.0 6640.0 6440.0 5640.0 6440.0 6440.0 6840.0 6640.0 6440.0 7040.0 6040.0 6640.0 6440.0 6240.0 2020.0 1620.0 6440.0 6440.0 6040.0 6040.0 6840.0 1820.0 6440.0 6440.0 0.0 6840.0 6640.0 6240.0 6640.0
0.0 6440.0 6640.0 6440.0 1620.0 5640.0 5440.0 6440.0 1420.0 6640.0 7240.0 6640.0 6440.0 1420.0 6040.0 7040.0 6640.0 6840.0 6640.0 7040.0 6240.0 7240.0 6440.0 5640.0 6240.0 6440.0 6040.0 6640.0 5640.0 6640.0 6440.0 6240.0 6240.0 7040.0 6640.0 6040.0 6640.0 6040.0 6840.0 6440.0 6640.0 6640.0 6840.0 1820.0 6240.0 6040.0 6040.0 6040.0 6040.0 5840.0 6240.0 6840.0 820.0 1620.0 6440.0 6440.0 1020.0 1620.0 6840.0 6640.0 6440.0 6240.0 6440.0 6840.0 6440.0 1620.0 6640.0 2020.0 7240.0 2220.0 1620.0 1420.0 6440.0 6640.0 5840.0 6640.0 6040.0 1220.0 7040.0 6840.0 6640.0 6840.0 1220.0 6640.0 6440.0 6440.0 6640.0 5840.0 6640.0 5840.0 6240.0 6440.0 6640.0 6840.0 6240.0 7040.0 6440.0 0.0 6440.0 6840.0 2020.0
0.0 6840.0 1420.0 2220.0 6840.0 6640.0 7040.0 6840.0 6840.0 6040.0 7240.0 1420.0 7040.0 6840.0 7240.0 6440.0 6240.0 7040.0 7460.0 7460.0 6840.0 7460.0 6840.0 6440.0 6840.0 6840.0 6240.0 6640.0 1420.0 6840.0 1420.0 7040.0 5840.0 6640.0 1620.0 6840.0 2220.0 6840.0 6440.0 1620.0 1420.0 6640.0 6640.0 7240.0 6640.0 6840.0 6840.0 6840.0 6840.0 6440.0 6640.0 6440.0 7240.0 7040.0 2020.0 6640.0 6840.0 6640.0 1620.0 6840.0 7460.0 1220.0 6640.0 6640.0 7040.0 6240.0 6440.0 7460.0 7240.0 7660.0 6240.0 6640.0 6440.0 6840.0 6440.0 6640.0 6640.0 6640.0 7040.0 7240.0 2020.0 7240.0 6640.0 6840.0 6840.0 6640.0 5440.0 6640.0 7040.0 1620.0 6640.0 6040.0 2020.0 7240.0 7040.0 7040.0 5840.0 7040.0 0.0 7040.0 6640.0
0.0 7040.0 6240.0 6440.0 6440.0 5640.0 6640.0 6040.0 6440.0 6040.0 6640.0 6640.0 6640.0 6040.0 6640.0 6240.0 6240.0 6440.0 1020.0 6440.0 5640.0 6840.0 6040.0 820.0 1220.0 6040.0 6240.0 6240.0 6040.0 5240.0 6240.0 6040.0 6040.0 6240.0 6240.0 5440.0 5440.0 5840.0 1020.0 6640.0 5440.0 620.0 6640.0 6440.0 6440.0 1220.0 6240.0 6240.0 820.0 620.0 6440.0 6240.0 6640.0 5440.0 6240.0 5640.0 6240.0 6640.0 6440.0 820.0 6440.0 6440.0 620.0 6440.0 6040.0 5840.0 6040.0 6440.0 7040.0 6840.0 5640.0 6040.0 6440.0 1220.0 1020.0 1020.0 6040.0 6040.0 6640.0 6240.0 5640.0 1220.0 6240.0 1220.0 6040.0 5840.0 6440.0 5640.0 6440.0 6040.0 6240.0 1420.0 6240.0 6240.0 6440.0 6640.0 6440.0 6440.0 6240.0 0.0 6240.0
0.0 6840.0 6440.0 6240.0 1220.0 5240.0 6440.0 5640.0 1420.0 6440.0 6640.0 6640.0 6440.0 1020.0 6240.0 6440.0 6040.0 6240.0 6640.0 6440.0 6240.0 6640.0 5640.0 6040.0 5840.0 5840.0 6640.0 6240.0 6240.0 6240.0 5640.0 5840.0 6240.0 6640.0 6240.0 6040.0 6040.0 5440.0 6040.0 6640.0 5240.0 5640.0 6640.0 1620.0 6240.0 5840.0 6240.0 6040.0 6240.0 5240.0 6040.0 6240.0 1420.0 1020.0 6040.0 5440.0 1020.0 1420.0 6240.0 5440.0 6240.0 6440.0 5240.0 6240.0 5840.0 1020.0 5840.0 1620.0 6640.0 1620.0 1220.0 1220.0 6240.0 6240.0 6240.0 5840.0 6040.0 1220.0 6840.0 6440.0 5840.0 6640.0 1020.0 6440.0 6440.0 6040.0 6240.0 5240.0 6240.0 6040.0 6040.0 6240.0 6040.0 6040.0 6240.0 6640.0 5840.0 1220.0 6040.0 6240.0 0.0
