taskSetId	size	machines	setupType	windowLevel	rate	discountStrength	breakpoint1	breakpoint2	quotationTotal	experimentType	sourceInstance	instance
n020-set01	20	2	random	zero	0.500000	0.150000	4000.000000000	8000.000000000	3499.000000000	default-discount	data/n020-set01/random/base/zero/m2.dat	outsourcing-data/default-discount/rate-0.5/n020-set01/random/base/zero/m2.dat
n020-set01	20	2	random	zero	1.000000	0.150000	4000.000000000	8000.000000000	6998.000000000	default-discount	data/n020-set01/random/base/zero/m2.dat	outsourcing-data/default-discount/rate-1/n020-set01/random/base/zero/m2.dat
n020-set01	20	2	random	zero	2.000000	0.150000	4000.000000000	8000.000000000	13996.000000000	default-discount	data/n020-set01/random/base/zero/m2.dat	outsourcing-data/default-discount/rate-2/n020-set01/random/base/zero/m2.dat
n020-set01	20	3	random	zero	0.500000	0.150000	4000.000000000	8000.000000000	3499.000000000	default-discount	data/n020-set01/random/base/zero/m3.dat	outsourcing-data/default-discount/rate-0.5/n020-set01/random/base/zero/m3.dat
n020-set01	20	3	random	zero	1.000000	0.150000	4000.000000000	8000.000000000	6998.000000000	default-discount	data/n020-set01/random/base/zero/m3.dat	outsourcing-data/default-discount/rate-1/n020-set01/random/base/zero/m3.dat
n020-set01	20	3	random	zero	2.000000	0.150000	4000.000000000	8000.000000000	13996.000000000	default-discount	data/n020-set01/random/base/zero/m3.dat	outsourcing-data/default-discount/rate-2/n020-set01/random/base/zero/m3.dat
n020-set01	20	4	random	zero	0.500000	0.150000	4000.000000000	8000.000000000	3499.000000000	default-discount	data/n020-set01/random/base/zero/m4.dat	outsourcing-data/default-discount/rate-0.5/n020-set01/random/base/zero/m4.dat
n020-set01	20	4	random	zero	1.000000	0.150000	4000.000000000	8000.000000000	6998.000000000	default-discount	data/n020-set01/random/base/zero/m4.dat	outsourcing-data/default-discount/rate-1/n020-set01/random/base/zero/m4.dat
n020-set01	20	4	random	zero	2.000000	0.150000	4000.000000000	8000.000000000	13996.000000000	default-discount	data/n020-set01/random/base/zero/m4.dat	outsourcing-data/default-discount/rate-2/n020-set01/random/base/zero/m4.dat
n020-set01	20	2	random	narrow	0.500000	0.150000	4000.000000000	8000.000000000	3499.000000000	default-discount	data/n020-set01/random/base/narrow/m2.dat	outsourcing-data/default-discount/rate-0.5/n020-set01/random/base/narrow/m2.dat
n020-set01	20	2	random	narrow	1.000000	0.150000	4000.000000000	8000.000000000	6998.000000000	default-discount	data/n020-set01/random/base/narrow/m2.dat	outsourcing-data/default-discount/rate-1/n020-set01/random/base/narrow/m2.dat
n020-set01	20	2	random	narrow	2.000000	0.150000	4000.000000000	8000.000000000	13996.000000000	default-discount	data/n020-set01/random/base/narrow/m2.dat	outsourcing-data/default-discount/rate-2/n020-set01/random/base/narrow/m2.dat
n020-set01	20	3	random	narrow	0.500000	0.150000	4000.000000000	8000.000000000	3499.000000000	default-discount	data/n020-set01/random/base/narrow/m3.dat	outsourcing-data/default-discount/rate-0.5/n020-set01/random/base/narrow/m3.dat
n020-set01	20	3	random	narrow	1.000000	0.150000	4000.000000000	8000.000000000	6998.000000000	default-discount	data/n020-set01/random/base/narrow/m3.dat	outsourcing-data/default-discount/rate-1/n020-set01/random/base/narrow/m3.dat
n020-set01	20	3	random	narrow	2.000000	0.150000	4000.000000000	8000.000000000	13996.000000000	default-discount	data/n020-set01/random/base/narrow/m3.dat	outsourcing-data/default-discount/rate-2/n020-set01/random/base/narrow/m3.dat
n020-set01	20	4	random	narrow	0.500000	0.150000	4000.000000000	8000.000000000	3499.000000000	default-discount	data/n020-set01/random/base/narrow/m4.dat	outsourcing-data/default-discount/rate-0.5/n020-set01/random/base/narrow/m4.dat
n020-set01	20	4	random	narrow	1.000000	0.150000	4000.000000000	8000.000000000	6998.000000000	default-discount	data/n020-set01/random/base/narrow/m4.dat	outsourcing-data/default-discount/rate-1/n020-set01/random/base/narrow/m4.dat
n020-set01	20	4	random	narrow	2.000000	0.150000	4000.000000000	8000.000000000	13996.000000000	default-discount	data/n020-set01/random/base/narrow/m4.dat	outsourcing-data/default-discount/rate-2/n020-set01/random/base/narrow/m4.dat
n020-set01	20	2	random	wide	0.500000	0.150000	4000.000000000	8000.000000000	3499.000000000	default-discount	data/n020-set01/random/base/wide/m2.dat	outsourcing-data/default-discount/rate-0.5/n020-set01/random/base/wide/m2.dat
n020-set01	20	2	random	wide	1.000000	0.150000	4000.000000000	8000.000000000	6998.000000000	default-discount	data/n020-set01/random/base/wide/m2.dat	outsourcing-data/default-discount/rate-1/n020-set01/random/base/wide/m2.dat
n020-set01	20	2	random	wide	2.000000	0.150000	4000.000000000	8000.000000000	13996.000000000	default-discount	data/n020-set01/random/base/wide/m2.dat	outsourcing-data/default-discount/rate-2/n020-set01/random/base/wide/m2.dat
n020-set01	20	3	random	wide	0.500000	0.150000	4000.000000000	8000.000000000	3499.000000000	default-discount	data/n020-set01/random/base/wide/m3.dat	outsourcing-data/default-discount/rate-0.5/n020-set01/random/base/wide/m3.dat
n020-set01	20	3	random	wide	1.000000	0.150000	4000.000000000	8000.000000000	6998.000000000	default-discount	data/n020-set01/random/base/wide/m3.dat	outsourcing-data/default-discount/rate-1/n020-set01/random/base/wide/m3.dat
n020-set01	20	3	random	wide	2.000000	0.150000	4000.000000000	8000.000000000	13996.000000000	default-discount	data/n020-set01/random/base/wide/m3.dat	outsourcing-data/default-discount/rate-2/n020-set01/random/base/wide/m3.dat
n020-set01	20	4	random	wide	0.500000	0.150000	4000.000000000	8000.000000000	3499.000000000	default-discount	data/n020-set01/random/base/wide/m4.dat	outsourcing-data/default-discount/rate-0.5/n020-set01/random/base/wide/m4.dat
n020-set01	20	4	random	wide	1.000000	0.150000	4000.000000000	8000.000000000	6998.000000000	default-discount	data/n020-set01/random/base/wide/m4.dat	outsourcing-data/default-discount/rate-1/n020-set01/random/base/wide/m4.dat
n020-set01	20	4	random	wide	2.000000	0.150000	4000.000000000	8000.000000000	13996.000000000	default-discount	data/n020-set01/random/base/wide/m4.dat	outsourcing-data/default-discount/rate-2/n020-set01/random/base/wide/m4.dat
n020-set01	20	2	family	zero	0.500000	0.150000	4000.000000000	8000.000000000	3499.000000000	default-discount	data/n020-set01/family/base/zero/m2.dat	outsourcing-data/default-discount/rate-0.5/n020-set01/family/base/zero/m2.dat
n020-set01	20	2	family	zero	1.000000	0.150000	4000.000000000	8000.000000000	6998.000000000	default-discount	data/n020-set01/family/base/zero/m2.dat	outsourcing-data/default-discount/rate-1/n020-set01/family/base/zero/m2.dat
n020-set01	20	2	family	zero	2.000000	0.150000	4000.000000000	8000.000000000	13996.000000000	default-discount	data/n020-set01/family/base/zero/m2.dat	outsourcing-data/default-discount/rate-2/n020-set01/family/base/zero/m2.dat
n020-set01	20	3	family	zero	0.500000	0.150000	4000.000000000	8000.000000000	3499.000000000	default-discount	data/n020-set01/family/base/zero/m3.dat	outsourcing-data/default-discount/rate-0.5/n020-set01/family/base/zero/m3.dat
n020-set01	20	3	family	zero	1.000000	0.150000	4000.000000000	8000.000000000	6998.000000000	default-discount	data/n020-set01/family/base/zero/m3.dat	outsourcing-data/default-discount/rate-1/n020-set01/family/base/zero/m3.dat
n020-set01	20	3	family	zero	2.000000	0.150000	4000.000000000	8000.000000000	13996.000000000	default-discount	data/n020-set01/family/base/zero/m3.dat	outsourcing-data/default-discount/rate-2/n020-set01/family/base/zero/m3.dat
n020-set01	20	4	family	zero	0.500000	0.150000	4000.000000000	8000.000000000	3499.000000000	default-discount	data/n020-set01/family/base/zero/m4.dat	outsourcing-data/default-discount/rate-0.5/n020-set01/family/base/zero/m4.dat
n020-set01	20	4	family	zero	1.000000	0.150000	4000.000000000	8000.000000000	6998.000000000	default-discount	data/n020-set01/family/base/zero/m4.dat	outsourcing-data/default-discount/rate-1/n020-set01/family/base/zero/m4.dat
n020-set01	20	4	family	zero	2.000000	0.150000	4000.000000000	8000.000000000	13996.000000000	default-discount	data/n020-set01/family/base/zero/m4.dat	outsourcing-data/default-discount/rate-2/n020-set01/family/base/zero/m4.dat
n020-set01	20	2	family	narrow	0.500000	0.150000	4000.000000000	8000.000000000	3499.000000000	default-discount	data/n020-set01/family/base/narrow/m2.dat	outsourcing-data/default-discount/rate-0.5/n020-set01/family/base/narrow/m2.dat
n020-set01	20	2	family	narrow	1.000000	0.150000	4000.000000000	8000.000000000	6998.000000000	default-discount	data/n020-set01/family/base/narrow/m2.dat	outsourcing-data/default-discount/rate-1/n020-set01/family/base/narrow/m2.dat
n020-set01	20	2	family	narrow	2.000000	0.150000	4000.000000000	8000.000000000	13996.000000000	default-discount	data/n020-set01/family/base/narrow/m2.dat	outsourcing-data/default-discount/rate-2/n020-set01/family/base/narrow/m2.dat
n020-set01	20	3	family	narrow	0.500000	0.150000	4000.000000000	8000.000000000	3499.000000000	default-discount	data/n020-set01/family/base/narrow/m3.dat	outsourcing-data/default-discount/rate-0.5/n020-set01/family/base/narrow/m3.dat
n020-set01	20	3	family	narrow	1.000000	0.150000	4000.000000000	8000.000000000	6998.000000000	default-discount	data/n020-set01/family/base/narrow/m3.dat	outsourcing-data/default-discount/rate-1/n020-set01/family/base/narrow/m3.dat
n020-set01	20	3	family	narrow	2.000000	0.150000	4000.000000000	8000.000000000	13996.000000000	default-discount	data/n020-set01/family/base/narrow/m3.dat	outsourcing-data/default-discount/rate-2/n020-set01/family/base/narrow/m3.dat
n020-set01	20	4	family	narrow	0.500000	0.150000	4000.000000000	8000.000000000	3499.000000000	default-discount	data/n020-set01/family/base/narrow/m4.dat	outsourcing-data/default-discount/rate-0.5/n020-set01/family/base/narrow/m4.dat
n020-set01	20	4	family	narrow	1.000000	0.150000	4000.000000000	8000.000000000	6998.000000000	default-discount	data/n020-set01/family/base/narrow/m4.dat	outsourcing-data/default-discount/rate-1/n020-set01/family/base/narrow/m4.dat
n020-set01	20	4	family	narrow	2.000000	0.150000	4000.000000000	8000.000000000	13996.000000000	default-discount	data/n020-set01/family/base/narrow/m4.dat	outsourcing-data/default-discount/rate-2/n020-set01/family/base/narrow/m4.dat
n020-set01	20	2	family	wide	0.500000	0.150000	4000.000000000	8000.000000000	3499.000000000	default-discount	data/n020-set01/family/base/wide/m2.dat	outsourcing-data/default-discount/rate-0.5/n020-set01/family/base/wide/m2.dat
n020-set01	20	2	family	wide	1.000000	0.150000	4000.000000000	8000.000000000	6998.000000000	default-discount	data/n020-set01/family/base/wide/m2.dat	outsourcing-data/default-discount/rate-1/n020-set01/family/base/wide/m2.dat
n020-set01	20	2	family	wide	2.000000	0.150000	4000.000000000	8000.000000000	13996.000000000	default-discount	data/n020-set01/family/base/wide/m2.dat	outsourcing-data/default-discount/rate-2/n020-set01/family/base/wide/m2.dat
n020-set01	20	3	family	wide	0.500000	0.150000	4000.000000000	8000.000000000	3499.000000000	default-discount	data/n020-set01/family/base/wide/m3.dat	outsourcing-data/default-discount/rate-0.5/n020-set01/family/base/wide/m3.dat
n020-set01	20	3	family	wide	1.000000	0.150000	4000.000000000	8000.000000000	6998.000000000	default-discount	data/n020-set01/family/base/wide/m3.dat	outsourcing-data/default-discount/rate-1/n020-set01/family/base/wide/m3.dat
n020-set01	20	3	family	wide	2.000000	0.150000	4000.000000000	8000.000000000	13996.000000000	default-discount	data/n020-set01/family/base/wide/m3.dat	outsourcing-data/default-discount/rate-2/n020-set01/family/base/wide/m3.dat
n020-set01	20	4	family	wide	0.500000	0.150000	4000.000000000	8000.000000000	3499.000000000	default-discount	data/n020-set01/family/base/wide/m4.dat	outsourcing-data/default-discount/rate-0.5/n020-set01/family/base/wide/m4.dat
n020-set01	20	4	family	wide	1.000000	0.150000	4000.000000000	8000.000000000	6998.000000000	default-discount	data/n020-set01/family/base/wide/m4.dat	outsourcing-data/default-discount/rate-1/n020-set01/family/base/wide/m4.dat
n020-set01	20	4	family	wide	2.000000	0.150000	4000.000000000	8000.000000000	13996.000000000	default-discount	data/n020-set01/family/base/wide/m4.dat	outsourcing-data/default-discount/rate-2/n020-set01/family/base/wide/m4.dat
n020-set02	20	2	random	zero	0.500000	0.150000	4000.000000000	8000.000000000	4114.000000000	default-discount	data/n020-set02/random/base/zero/m2.dat	outsourcing-data/default-discount/rate-0.5/n020-set02/random/base/zero/m2.dat
n020-set02	20	2	random	zero	1.000000	0.150000	4000.000000000	8000.000000000	8228.000000000	default-discount	data/n020-set02/random/base/zero/m2.dat	outsourcing-data/default-discount/rate-1/n020-set02/random/base/zero/m2.dat
n020-set02	20	2	random	zero	2.000000	0.150000	4000.000000000	8000.000000000	16456.000000000	default-discount	data/n020-set02/random/base/zero/m2.dat	outsourcing-data/default-discount/rate-2/n020-set02/random/base/zero/m2.dat
n020-set02	20	3	random	zero	0.500000	0.150000	4000.000000000	8000.000000000	4114.000000000	default-discount	data/n020-set02/random/base/zero/m3.dat	outsourcing-data/default-discount/rate-0.5/n020-set02/random/base/zero/m3.dat
n020-set02	20	3	random	zero	1.000000	0.150000	4000.000000000	8000.000000000	8228.000000000	default-discount	data/n020-set02/random/base/zero/m3.dat	outsourcing-data/default-discount/rate-1/n020-set02/random/base/zero/m3.dat
n020-set02	20	3	random	zero	2.000000	0.150000	4000.000000000	8000.000000000	16456.000000000	default-discount	data/n020-set02/random/base/zero/m3.dat	outsourcing-data/default-discount/rate-2/n020-set02/random/base/zero/m3.dat
n020-set02	20	4	random	zero	0.500000	0.150000	4000.000000000	8000.000000000	4114.000000000	default-discount	data/n020-set02/random/base/zero/m4.dat	outsourcing-data/default-discount/rate-0.5/n020-set02/random/base/zero/m4.dat
n020-set02	20	4	random	zero	1.000000	0.150000	4000.000000000	8000.000000000	8228.000000000	default-discount	data/n020-set02/random/base/zero/m4.dat	outsourcing-data/default-discount/rate-1/n020-set02/random/base/zero/m4.dat
n020-set02	20	4	random	zero	2.000000	0.150000	4000.000000000	8000.000000000	16456.000000000	default-discount	data/n020-set02/random/base/zero/m4.dat	outsourcing-data/default-discount/rate-2/n020-set02/random/base/zero/m4.dat
n020-set02	20	2	random	narrow	0.500000	0.150000	4000.000000000	8000.000000000	4114.000000000	default-discount	data/n020-set02/random/base/narrow/m2.dat	outsourcing-data/default-discount/rate-0.5/n020-set02/random/base/narrow/m2.dat
n020-set02	20	2	random	narrow	1.000000	0.150000	4000.000000000	8000.000000000	8228.000000000	default-discount	data/n020-set02/random/base/narrow/m2.dat	outsourcing-data/default-discount/rate-1/n020-set02/random/base/narrow/m2.dat
n020-set02	20	2	random	narrow	2.000000	0.150000	4000.000000000	8000.000000000	16456.000000000	default-discount	data/n020-set02/random/base/narrow/m2.dat	outsourcing-data/default-discount/rate-2/n020-set02/random/base/narrow/m2.dat
n020-set02	20	3	random	narrow	0.500000	0.150000	4000.000000000	8000.000000000	4114.000000000	default-discount	data/n020-set02/random/base/narrow/m3.dat	outsourcing-data/default-discount/rate-0.5/n020-set02/random/base/narrow/m3.dat
n020-set02	20	3	random	narrow	1.000000	0.150000	4000.000000000	8000.000000000	8228.000000000	default-discount	data/n020-set02/random/base/narrow/m3.dat	outsourcing-data/default-discount/rate-1/n020-set02/random/base/narrow/m3.dat
n020-set02	20	3	random	narrow	2.000000	0.150000	4000.000000000	8000.000000000	16456.000000000	default-discount	data/n020-set02/random/base/narrow/m3.dat	outsourcing-data/default-discount/rate-2/n020-set02/random/base/narrow/m3.dat
n020-set02	20	4	random	narrow	0.500000	0.150000	4000.000000000	8000.000000000	4114.000000000	default-discount	data/n020-set02/random/base/narrow/m4.dat	outsourcing-data/default-discount/rate-0.5/n020-set02/random/base/narrow/m4.dat
n020-set02	20	4	random	narrow	1.000000	0.150000	4000.000000000	8000.000000000	8228.000000000	default-discount	data/n020-set02/random/base/narrow/m4.dat	outsourcing-data/default-discount/rate-1/n020-set02/random/base/narrow/m4.dat
n020-set02	20	4	random	narrow	2.000000	0.150000	4000.000000000	8000.000000000	16456.000000000	default-discount	data/n020-set02/random/base/narrow/m4.dat	outsourcing-data/default-discount/rate-2/n020-set02/random/base/narrow/m4.dat
n020-set02	20	2	random	wide	0.500000	0.150000	4000.000000000	8000.000000000	4114.000000000	default-discount	data/n020-set02/random/base/wide/m2.dat	outsourcing-data/default-discount/rate-0.5/n020-set02/random/base/wide/m2.dat
n020-set02	20	2	random	wide	1.000000	0.150000	4000.000000000	8000.000000000	8228.000000000	default-discount	data/n020-set02/random/base/wide/m2.dat	outsourcing-data/default-discount/rate-1/n020-set02/random/base/wide/m2.dat
n020-set02	20	2	random	wide	2.000000	0.150000	4000.000000000	8000.000000000	16456.000000000	default-discount	data/n020-set02/random/base/wide/m2.dat	outsourcing-data/default-discount/rate-2/n020-set02/random/base/wide/m2.dat
n020-set02	20	3	random	wide	0.500000	0.150000	4000.000000000	8000.000000000	4114.000000000	default-discount	data/n020-set02/random/base/wide/m3.dat	outsourcing-data/default-discount/rate-0.5/n020-set02/random/base/wide/m3.dat
n020-set02	20	3	random	wide	1.000000	0.150000	4000.000000000	8000.000000000	8228.000000000	default-discount	data/n020-set02/random/base/wide/m3.dat	outsourcing-data/default-discount/rate-1/n020-set02/random/base/wide/m3.dat
n020-set02	20	3	random	wide	2.000000	0.150000	4000.000000000	8000.000000000	16456.000000000	default-discount	data/n020-set02/random/base/wide/m3.dat	outsourcing-data/default-discount/rate-2/n020-set02/random/base/wide/m3.dat
n020-set02	20	4	random	wide	0.500000	0.150000	4000.000000000	8000.000000000	4114.000000000	default-discount	data/n020-set02/random/base/wide/m4.dat	outsourcing-data/default-discount/rate-0.5/n020-set02/random/base/wide/m4.dat
n020-set02	20	4	random	wide	1.000000	0.150000	4000.000000000	8000.000000000	8228.000000000	default-discount	data/n020-set02/random/base/wide/m4.dat	outsourcing-data/default-discount/rate-1/n020-set02/random/base/wide/m4.dat
n020-set02	20	4	random	wide	2.000000	0.150000	4000.000000000	8000.000000000	16456.000000000	default-discount	data/n020-set02/random/base/wide/m4.dat	outsourcing-data/default-discount/rate-2/n020-set02/random/base/wide/m4.dat
n020-set02	20	2	family	zero	0.500000	0.150000	4000.000000000	8000.000000000	4114.000000000	default-discount	data/n020-set02/family/base/zero/m2.dat	outsourcing-data/default-discount/rate-0.5/n020-set02/family/base/zero/m2.dat
n020-set02	20	2	family	zero	1.000000	0.150000	4000.000000000	8000.000000000	8228.000000000	default-discount	data/n020-set02/family/base/zero/m2.dat	outsourcing-data/default-discount/rate-1/n020-set02/family/base/zero/m2.dat
n020-set02	20	2	family	zero	2.000000	0.150000	4000.000000000	8000.000000000	16456.000000000	default-discount	data/n020-set02/family/base/zero/m2.dat	outsourcing-data/default-discount/rate-2/n020-set02/family/base/zero/m2.dat
n020-set02	20	3	family	zero	0.500000	0.150000	4000.000000000	8000.000000000	4114.000000000	default-discount	data/n020-set02/family/base/zero/m3.dat	outsourcing-data/default-discount/rate-0.5/n020-set02/family/base/zero/m3.dat
n020-set02	20	3	family	zero	1.000000	0.150000	4000.000000000	8000.000000000	8228.000000000	default-discount	data/n020-set02/family/base/zero/m3.dat	outsourcing-data/default-discount/rate-1/n020-set02/family/base/zero/m3.dat
n020-set02	20	3	family	zero	2.000000	0.150000	4000.000000000	8000.000000000	16456.000000000	default-discount	data/n020-set02/family/base/zero/m3.dat	outsourcing-data/default-discount/rate-2/n020-set02/family/base/zero/m3.dat
n020-set02	20	4	family	zero	0.500000	0.150000	4000.000000000	8000.000000000	4114.000000000	default-discount	data/n020-set02/family/base/zero/m4.dat	outsourcing-data/default-discount/rate-0.5/n020-set02/family/base/zero/m4.dat
n020-set02	20	4	family	zero	1.000000	0.150000	4000.000000000	8000.000000000	8228.000000000	default-discount	data/n020-set02/family/base/zero/m4.dat	outsourcing-data/default-discount/rate-1/n020-set02/family/base/zero/m4.dat
n020-set02	20	4	family	zero	2.000000	0.150000	4000.000000000	8000.000000000	16456.000000000	default-discount	data/n020-set02/family/base/zero/m4.dat	outsourcing-data/default-discount/rate-2/n020-set02/family/base/zero/m4.dat
n020-set02	20	2	family	narrow	0.500000	0.150000	4000.000000000	8000.000000000	4114.000000000	default-discount	data/n020-set02/family/base/narrow/m2.dat	outsourcing-data/default-discount/rate-0.5/n020-set02/family/base/narrow/m2.dat
n020-set02	20	2	family	narrow	1.000000	0.150000	4000.000000000	8000.000000000	8228.000000000	default-discount	data/n020-set02/family/base/narrow/m2.dat	outsourcing-data/default-discount/rate-1/n020-set02/family/base/narrow/m2.dat
n020-set02	20	2	family	narrow	2.000000	0.150000	4000.000000000	8000.000000000	16456.000000000	default-discount	data/n020-set02/family/base/narrow/m2.dat	outsourcing-data/default-discount/rate-2/n020-set02/family/base/narrow/m2.dat
n020-set02	20	3	family	narrow	0.500000	0.150000	4000.000000000	8000.000000000	4114.000000000	default-discount	data/n020-set02/family/base/narrow/m3.dat	outsourcing-data/default-discount/rate-0.5/n020-set02/family/base/narrow/m3.dat
n020-set02	20	3	family	narrow	1.000000	0.150000	4000.000000000	8000.000000000	8228.000000000	default-discount	data/n020-set02/family/base/narrow/m3.dat	outsourcing-data/default-discount/rate-1/n020-set02/family/base/narrow/m3.dat
n020-set02	20	3	family	narrow	2.000000	0.150000	4000.000000000	8000.000000000	16456.000000000	default-discount	data/n020-set02/family/base/narrow/m3.dat	outsourcing-data/default-discount/rate-2/n020-set02/family/base/narrow/m3.dat
n020-set02	20	4	family	narrow	0.500000	0.150000	4000.000000000	8000.000000000	4114.000000000	default-discount	data/n020-set02/family/base/narrow/m4.dat	outsourcing-data/default-discount/rate-0.5/n020-set02/family/base/narrow/m4.dat
n020-set02	20	4	family	narrow	1.000000	0.150000	4000.000000000	8000.000000000	8228.000000000	default-discount	data/n020-set02/family/base/narrow/m4.dat	outsourcing-data/default-discount/rate-1/n020-set02/family/base/narrow/m4.dat
n020-set02	20	4	family	narrow	2.000000	0.150000	4000.000000000	8000.000000000	16456.000000000	default-discount	data/n020-set02/family/base/narrow/m4.dat	outsourcing-data/default-discount/rate-2/n020-set02/family/base/narrow/m4.dat
n020-set02	20	2	family	wide	0.500000	0.150000	4000.000000000	8000.000000000	4114.000000000	default-discount	data/n020-set02/family/base/wide/m2.dat	outsourcing-data/default-discount/rate-0.5/n020-set02/family/base/wide/m2.dat
n020-set02	20	2	family	wide	1.000000	0.150000	4000.000000000	8000.000000000	8228.000000000	default-discount	data/n020-set02/family/base/wide/m2.dat	outsourcing-data/default-discount/rate-1/n020-set02/family/base/wide/m2.dat
n020-set02	20	2	family	wide	2.000000	0.150000	4000.000000000	8000.000000000	16456.000000000	default-discount	data/n020-set02/family/base/wide/m2.dat	outsourcing-data/default-discount/rate-2/n020-set02/family/base/wide/m2.dat
n020-set02	20	3	family	wide	0.500000	0.150000	4000.000000000	8000.000000000	4114.000000000	default-discount	data/n020-set02/family/base/wide/m3.dat	outsourcing-data/default-discount/rate-0.5/n020-set02/family/base/wide/m3.dat
n020-set02	20	3	family	wide	1.000000	0.150000	4000.000000000	8000.000000000	8228.000000000	default-discount	data/n020-set02/family/base/wide/m3.dat	outsourcing-data/default-discount/rate-1/n020-set02/family/base/wide/m3.dat
n020-set02	20	3	family	wide	2.000000	0.150000	4000.000000000	8000.000000000	16456.000000000	default-discount	data/n020-set02/family/base/wide/m3.dat	outsourcing-data/default-discount/rate-2/n020-set02/family/base/wide/m3.dat
n020-set02	20	4	family	wide	0.500000	0.150000	4000.000000000	8000.000000000	4114.000000000	default-discount	data/n020-set02/family/base/wide/m4.dat	outsourcing-data/default-discount/rate-0.5/n020-set02/family/base/wide/m4.dat
n020-set02	20	4	family	wide	1.000000	0.150000	4000.000000000	8000.000000000	8228.000000000	default-discount	data/n020-set02/family/base/wide/m4.dat	outsourcing-data/default-discount/rate-1/n020-set02/family/base/wide/m4.dat
n020-set02	20	4	family	wide	2.000000	0.150000	4000.000000000	8000.000000000	16456.000000000	default-discount	data/n020-set02/family/base/wide/m4.dat	outsourcing-data/default-discount/rate-2/n020-set02/family/base/wide/m4.dat
n020-set03	20	2	random	zero	0.500000	0.150000	4000.000000000	8000.000000000	4101.000000000	default-discount	data/n020-set03/random/base/zero/m2.dat	outsourcing-data/default-discount/rate-0.5/n020-set03/random/base/zero/m2.dat
n020-set03	20	2	random	zero	1.000000	0.150000	4000.000000000	8000.000000000	8202.000000000	default-discount	data/n020-set03/random/base/zero/m2.dat	outsourcing-data/default-discount/rate-1/n020-set03/random/base/zero/m2.dat
n020-set03	20	2	random	zero	2.000000	0.150000	4000.000000000	8000.000000000	16404.000000000	default-discount	data/n020-set03/random/base/zero/m2.dat	outsourcing-data/default-discount/rate-2/n020-set03/random/base/zero/m2.dat
n020-set03	20	3	random	zero	0.500000	0.150000	4000.000000000	8000.000000000	4101.000000000	default-discount	data/n020-set03/random/base/zero/m3.dat	outsourcing-data/default-discount/rate-0.5/n020-set03/random/base/zero/m3.dat
n020-set03	20	3	random	zero	1.000000	0.150000	4000.000000000	8000.000000000	8202.000000000	default-discount	data/n020-set03/random/base/zero/m3.dat	outsourcing-data/default-discount/rate-1/n020-set03/random/base/zero/m3.dat
n020-set03	20	3	random	zero	2.000000	0.150000	4000.000000000	8000.000000000	16404.000000000	default-discount	data/n020-set03/random/base/zero/m3.dat	outsourcing-data/default-discount/rate-2/n020-set03/random/base/zero/m3.dat
n020-set03	20	4	random	zero	0.500000	0.150000	4000.000000000	8000.000000000	4101.000000000	default-discount	data/n020-set03/random/base/zero/m4.dat	outsourcing-data/default-discount/rate-0.5/n020-set03/random/base/zero/m4.dat
n020-set03	20	4	random	zero	1.000000	0.150000	4000.000000000	8000.000000000	8202.000000000	default-discount	data/n020-set03/random/base/zero/m4.dat	outsourcing-data/default-discount/rate-1/n020-set03/random/base/zero/m4.dat
n020-set03	20	4	random	zero	2.000000	0.150000	4000.000000000	8000.000000000	16404.000000000	default-discount	data/n020-set03/random/base/zero/m4.dat	outsourcing-data/default-discount/rate-2/n020-set03/random/base/zero/m4.dat
n020-set03	20	2	random	narrow	0.500000	0.150000	4000.000000000	8000.000000000	4101.000000000	default-discount	data/n020-set03/random/base/narrow/m2.dat	outsourcing-data/default-discount/rate-0.5/n020-set03/random/base/narrow/m2.dat
n020-set03	20	2	random	narrow	1.000000	0.150000	4000.000000000	8000.000000000	8202.000000000	default-discount	data/n020-set03/random/base/narrow/m2.dat	outsourcing-data/default-discount/rate-1/n020-set03/random/base/narrow/m2.dat
n020-set03	20	2	random	narrow	2.000000	0.150000	4000.000000000	8000.000000000	16404.000000000	default-discount	data/n020-set03/random/base/narrow/m2.dat	outsourcing-data/default-discount/rate-2/n020-set03/random/base/narrow/m2.dat
n020-set03	20	3	random	narrow	0.500000	0.150000	4000.000000000	8000.000000000	4101.000000000	default-discount	data/n020-set03/random/base/narrow/m3.dat	outsourcing-data/default-discount/rate-0.5/n020-set03/random/base/narrow/m3.dat
n020-set03	20	3	random	narrow	1.000000	0.150000	4000.000000000	8000.000000000	8202.000000000	default-discount	data/n020-set03/random/base/narrow/m3.dat	outsourcing-data/default-discount/rate-1/n020-set03/random/base/narrow/m3.dat
n020-set03	20	3	random	narrow	2.000000	0.150000	4000.000000000	8000.000000000	16404.000000000	default-discount	data/n020-set03/random/base/narrow/m3.dat	outsourcing-data/default-discount/rate-2/n020-set03/random/base/narrow/m3.dat
n020-set03	20	4	random	narrow	0.500000	0.150000	4000.000000000	8000.000000000	4101.000000000	default-discount	data/n020-set03/random/base/narrow/m4.dat	outsourcing-data/default-discount/rate-0.5/n020-set03/random/base/narrow/m4.dat
n020-set03	20	4	random	narrow	1.000000	0.150000	4000.000000000	8000.000000000	8202.000000000	default-discount	data/n020-set03/random/base/narrow/m4.dat	outsourcing-data/default-discount/rate-1/n020-set03/random/base/narrow/m4.dat
n020-set03	20	4	random	narrow	2.000000	0.150000	4000.000000000	8000.000000000	16404.000000000	default-discount	data/n020-set03/random/base/narrow/m4.dat	outsourcing-data/default-discount/rate-2/n020-set03/random/base/narrow/m4.dat
n020-set03	20	2	random	wide	0.500000	0.150000	4000.000000000	8000.000000000	4101.000000000	default-discount	data/n020-set03/random/base/wide/m2.dat	outsourcing-data/default-discount/rate-0.5/n020-set03/random/base/wide/m2.dat
n020-set03	20	2	random	wide	1.000000	0.150000	4000.000000000	8000.000000000	8202.000000000	default-discount	data/n020-set03/random/base/wide/m2.dat	outsourcing-data/default-discount/rate-1/n020-set03/random/base/wide/m2.dat
n020-set03	20	2	random	wide	2.000000	0.150000	4000.000000000	8000.000000000	16404.000000000	default-discount	data/n020-set03/random/base/wide/m2.dat	outsourcing-data/default-discount/rate-2/n020-set03/random/base/wide/m2.dat
n020-set03	20	3	random	wide	0.500000	0.150000	4000.000000000	8000.000000000	4101.000000000	default-discount	data/n020-set03/random/base/wide/m3.dat	outsourcing-data/default-discount/rate-0.5/n020-set03/random/base/wide/m3.dat
n020-set03	20	3	random	wide	1.000000	0.150000	4000.000000000	8000.000000000	8202.000000000	default-discount	data/n020-set03/random/base/wide/m3.dat	outsourcing-data/default-discount/rate-1/n020-set03/random/base/wide/m3.dat
n020-set03	20	3	random	wide	2.000000	0.150000	4000.000000000	8000.000000000	16404.000000000	default-discount	data/n020-set03/random/base/wide/m3.dat	outsourcing-data/default-discount/rate-2/n020-set03/random/base/wide/m3.dat
n020-set03	20	4	random	wide	0.500000	0.150000	4000.000000000	8000.000000000	4101.000000000	default-discount	data/n020-set03/random/base/wide/m4.dat	outsourcing-data/default-discount/rate-0.5/n020-set03/random/base/wide/m4.dat
n020-set03	20	4	random	wide	1.000000	0.150000	4000.000000000	8000.000000000	8202.000000000	default-discount	data/n020-set03/random/base/wide/m4.dat	outsourcing-data/default-discount/rate-1/n020-set03/random/base/wide/m4.dat
n020-set03	20	4	random	wide	2.000000	0.150000	4000.000000000	8000.000000000	16404.000000000	default-discount	data/n020-set03/random/base/wide/m4.dat	outsourcing-data/default-discount/rate-2/n020-set03/random/base/wide/m4.dat
n020-set03	20	2	family	zero	0.500000	0.150000	4000.000000000	8000.000000000	4101.000000000	default-discount	data/n020-set03/family/base/zero/m2.dat	outsourcing-data/default-discount/rate-0.5/n020-set03/family/base/zero/m2.dat
n020-set03	20	2	family	zero	1.000000	0.150000	4000.000000000	8000.000000000	8202.000000000	default-discount	data/n020-set03/family/base/zero/m2.dat	outsourcing-data/default-discount/rate-1/n020-set03/family/base/zero/m2.dat
n020-set03	20	2	family	zero	2.000000	0.150000	4000.000000000	8000.000000000	16404.000000000	default-discount	data/n020-set03/family/base/zero/m2.dat	outsourcing-data/default-discount/rate-2/n020-set03/family/base/zero/m2.dat
n020-set03	20	3	family	zero	0.500000	0.150000	4000.000000000	8000.000000000	4101.000000000	default-discount	data/n020-set03/family/base/zero/m3.dat	outsourcing-data/default-discount/rate-0.5/n020-set03/family/base/zero/m3.dat
n020-set03	20	3	family	zero	1.000000	0.150000	4000.000000000	8000.000000000	8202.000000000	default-discount	data/n020-set03/family/base/zero/m3.dat	outsourcing-data/default-discount/rate-1/n020-set03/family/base/zero/m3.dat
n020-set03	20	3	family	zero	2.000000	0.150000	4000.000000000	8000.000000000	16404.000000000	default-discount	data/n020-set03/family/base/zero/m3.dat	outsourcing-data/default-discount/rate-2/n020-set03/family/base/zero/m3.dat
n020-set03	20	4	family	zero	0.500000	0.150000	4000.000000000	8000.000000000	4101.000000000	default-discount	data/n020-set03/family/base/zero/m4.dat	outsourcing-data/default-discount/rate-0.5/n020-set03/family/base/zero/m4.dat
n020-set03	20	4	family	zero	1.000000	0.150000	4000.000000000	8000.000000000	8202.000000000	default-discount	data/n020-set03/family/base/zero/m4.dat	outsourcing-data/default-discount/rate-1/n020-set03/family/base/zero/m4.dat
n020-set03	20	4	family	zero	2.000000	0.150000	4000.000000000	8000.000000000	16404.000000000	default-discount	data/n020-set03/family/base/zero/m4.dat	outsourcing-data/default-discount/rate-2/n020-set03/family/base/zero/m4.dat
n020-set03	20	2	family	narrow	0.500000	0.150000	4000.000000000	8000.000000000	4101.000000000	default-discount	data/n020-set03/family/base/narrow/m2.dat	outsourcing-data/default-discount/rate-0.5/n020-set03/family/base/narrow/m2.dat
n020-set03	20	2	family	narrow	1.000000	0.150000	4000.000000000	8000.000000000	8202.000000000	default-discount	data/n020-set03/family/base/narrow/m2.dat	outsourcing-data/default-discount/rate-1/n020-set03/family/base/narrow/m2.dat
n020-set03	20	2	family	narrow	2.000000	0.150000	4000.000000000	8000.000000000	16404.000000000	default-discount	data/n020-set03/family/base/narrow/m2.dat	outsourcing-data/default-discount/rate-2/n020-set03/family/base/narrow/m2.dat
n020-set03	20	3	family	narrow	0.500000	0.150000	4000.000000000	8000.000000000	4101.000000000	default-discount	data/n020-set03/family/base/narrow/m3.dat	outsourcing-data/default-discount/rate-0.5/n020-set03/family/base/narrow/m3.dat
n020-set03	20	3	family	narrow	1.000000	0.150000	4000.000000000	8000.000000000	8202.000000000	default-discount	data/n020-set03/family/base/narrow/m3.dat	outsourcing-data/default-discount/rate-1/n020-set03/family/base/narrow/m3.dat
n020-set03	20	3	family	narrow	2.000000	0.150000	4000.000000000	8000.000000000	16404.000000000	default-discount	data/n020-set03/family/base/narrow/m3.dat	outsourcing-data/default-discount/rate-2/n020-set03/family/base/narrow/m3.dat
n020-set03	20	4	family	narrow	0.500000	0.150000	4000.000000000	8000.000000000	4101.000000000	default-discount	data/n020-set03/family/base/narrow/m4.dat	outsourcing-data/default-discount/rate-0.5/n020-set03/family/base/narrow/m4.dat
n020-set03	20	4	family	narrow	1.000000	0.150000	4000.000000000	8000.000000000	8202.000000000	default-discount	data/n020-set03/family/base/narrow/m4.dat	outsourcing-data/default-discount/rate-1/n020-set03/family/base/narrow/m4.dat
n020-set03	20	4	family	narrow	2.000000	0.150000	4000.000000000	8000.000000000	16404.000000000	default-discount	data/n020-set03/family/base/narrow/m4.dat	outsourcing-data/default-discount/rate-2/n020-set03/family/base/narrow/m4.dat
n020-set03	20	2	family	wide	0.500000	0.150000	4000.000000000	8000.000000000	4101.000000000	default-discount	data/n020-set03/family/base/wide/m2.dat	outsourcing-data/default-discount/rate-0.5/n020-set03/family/base/wide/m2.dat
n020-set03	20	2	family	wide	1.000000	0.150000	4000.000000000	8000.000000000	8202.000000000	default-discount	data/n020-set03/family/base/wide/m2.dat	outsourcing-data/default-discount/rate-1/n020-set03/family/base/wide/m2.dat
n020-set03	20	2	family	wide	2.000000	0.150000	4000.000000000	8000.000000000	16404.000000000	default-discount	data/n020-set03/family/base/wide/m2.dat	outsourcing-data/default-discount/rate-2/n020-set03/family/base/wide/m2.dat
n020-set03	20	3	family	wide	0.500000	0.150000	4000.000000000	8000.000000000	4101.000000000	default-discount	data/n020-set03/family/base/wide/m3.dat	outsourcing-data/default-discount/rate-0.5/n020-set03/family/base/wide/m3.dat
n020-set03	20	3	family	wide	1.000000	0.150000	4000.000000000	8000.000000000	8202.000000000	default-discount	data/n020-set03/family/base/wide/m3.dat	outsourcing-data/default-discount/rate-1/n020-set03/family/base/wide/m3.dat
n020-set03	20	3	family	wide	2.000000	0.150000	4000.000000000	8000.000000000	16404.000000000	default-discount	data/n020-set03/family/base/wide/m3.dat	outsourcing-data/default-discount/rate-2/n020-set03/family/base/wide/m3.dat
n020-set03	20	4	family	wide	0.500000	0.150000	4000.000000000	8000.000000000	4101.000000000	default-discount	data/n020-set03/family/base/wide/m4.dat	outsourcing-data/default-discount/rate-0.5/n020-set03/family/base/wide/m4.dat
n020-set03	20	4	family	wide	1.000000	0.150000	4000.000000000	8000.000000000	8202.000000000	default-discount	data/n020-set03/family/base/wide/m4.dat	outsourcing-data/default-discount/rate-1/n020-set03/family/base/wide/m4.dat
n020-set03	20	4	family	wide	2.000000	0.150000	4000.000000000	8000.000000000	16404.000000000	default-discount	data/n020-set03/family/base/wide/m4.dat	outsourcing-data/default-discount/rate-2/n020-set03/family/base/wide/m4.dat
n020-set04	20	2	random	zero	0.500000	0.150000	4000.000000000	8000.000000000	3016.000000000	default-discount	data/n020-set04/random/base/zero/m2.dat	outsourcing-data/default-discount/rate-0.5/n020-set04/random/base/zero/m2.dat
n020-set04	20	2	random	zero	1.000000	0.150000	4000.000000000	8000.000000000	6032.000000000	default-discount	data/n020-set04/random/base/zero/m2.dat	outsourcing-data/default-discount/rate-1/n020-set04/random/base/zero/m2.dat
n020-set04	20	2	random	zero	2.000000	0.150000	4000.000000000	8000.000000000	12064.000000000	default-discount	data/n020-set04/random/base/zero/m2.dat	outsourcing-data/default-discount/rate-2/n020-set04/random/base/zero/m2.dat
n020-set04	20	3	random	zero	0.500000	0.150000	4000.000000000	8000.000000000	3016.000000000	default-discount	data/n020-set04/random/base/zero/m3.dat	outsourcing-data/default-discount/rate-0.5/n020-set04/random/base/zero/m3.dat
n020-set04	20	3	random	zero	1.000000	0.150000	4000.000000000	8000.000000000	6032.000000000	default-discount	data/n020-set04/random/base/zero/m3.dat	outsourcing-data/default-discount/rate-1/n020-set04/random/base/zero/m3.dat
n020-set04	20	3	random	zero	2.000000	0.150000	4000.000000000	8000.000000000	12064.000000000	default-discount	data/n020-set04/random/base/zero/m3.dat	outsourcing-data/default-discount/rate-2/n020-set04/random/base/zero/m3.dat
n020-set04	20	4	random	zero	0.500000	0.150000	4000.000000000	8000.000000000	3016.000000000	default-discount	data/n020-set04/random/base/zero/m4.dat	outsourcing-data/default-discount/rate-0.5/n020-set04/random/base/zero/m4.dat
n020-set04	20	4	random	zero	1.000000	0.150000	4000.000000000	8000.000000000	6032.000000000	default-discount	data/n020-set04/random/base/zero/m4.dat	outsourcing-data/default-discount/rate-1/n020-set04/random/base/zero/m4.dat
n020-set04	20	4	random	zero	2.000000	0.150000	4000.000000000	8000.000000000	12064.000000000	default-discount	data/n020-set04/random/base/zero/m4.dat	outsourcing-data/default-discount/rate-2/n020-set04/random/base/zero/m4.dat
n020-set04	20	2	random	narrow	0.500000	0.150000	4000.000000000	8000.000000000	3016.000000000	default-discount	data/n020-set04/random/base/narrow/m2.dat	outsourcing-data/default-discount/rate-0.5/n020-set04/random/base/narrow/m2.dat
n020-set04	20	2	random	narrow	1.000000	0.150000	4000.000000000	8000.000000000	6032.000000000	default-discount	data/n020-set04/random/base/narrow/m2.dat	outsourcing-data/default-discount/rate-1/n020-set04/random/base/narrow/m2.dat
n020-set04	20	2	random	narrow	2.000000	0.150000	4000.000000000	8000.000000000	12064.000000000	default-discount	data/n020-set04/random/base/narrow/m2.dat	outsourcing-data/default-discount/rate-2/n020-set04/random/base/narrow/m2.dat
n020-set04	20	3	random	narrow	0.500000	0.150000	4000.000000000	8000.000000000	3016.000000000	default-discount	data/n020-set04/random/base/narrow/m3.dat	outsourcing-data/default-discount/rate-0.5/n020-set04/random/base/narrow/m3.dat
n020-set04	20	3	random	narrow	1.000000	0.150000	4000.000000000	8000.000000000	6032.000000000	default-discount	data/n020-set04/random/base/narrow/m3.dat	outsourcing-data/default-discount/rate-1/n020-set04/random/base/narrow/m3.dat
n020-set04	20	3	random	narrow	2.000000	0.150000	4000.000000000	8000.000000000	12064.000000000	default-discount	data/n020-set04/random/base/narrow/m3.dat	outsourcing-data/default-discount/rate-2/n020-set04/random/base/narrow/m3.dat
n020-set04	20	4	random	narrow	0.500000	0.150000	4000.000000000	8000.000000000	3016.000000000	default-discount	data/n020-set04/random/base/narrow/m4.dat	outsourcing-data/default-discount/rate-0.5/n020-set04/random/base/narrow/m4.dat
n020-set04	20	4	random	narrow	1.000000	0.150000	4000.000000000	8000.000000000	6032.000000000	default-discount	data/n020-set04/random/base/narrow/m4.dat	outsourcing-data/default-discount/rate-1/n020-set04/random/base/narrow/m4.dat
n020-set04	20	4	random	narrow	2.000000	0.150000	4000.000000000	8000.000000000	12064.000000000	default-discount	data/n020-set04/random/base/narrow/m4.dat	outsourcing-data/default-discount/rate-2/n020-set04/random/base/narrow/m4.dat
n020-set04	20	2	random	wide	0.500000	0.150000	4000.000000000	8000.000000000	3016.000000000	default-discount	data/n020-set04/random/base/wide/m2.dat	outsourcing-data/default-discount/rate-0.5/n020-set04/random/base/wide/m2.dat
n020-set04	20	2	random	wide	1.000000	0.150000	4000.000000000	8000.000000000	6032.000000000	default-discount	data/n020-set04/random/base/wide/m2.dat	outsourcing-data/default-discount/rate-1/n020-set04/random/base/wide/m2.dat
n020-set04	20	2	random	wide	2.000000	0.150000	4000.000000000	8000.000000000	12064.000000000	default-discount	data/n020-set04/random/base/wide/m2.dat	outsourcing-data/default-discount/rate-2/n020-set04/random/base/wide/m2.dat
n020-set04	20	3	random	wide	0.500000	0.150000	4000.000000000	8000.000000000	3016.000000000	default-discount	data/n020-set04/random/base/wide/m3.dat	outsourcing-data/default-discount/rate-0.5/n020-set04/random/base/wide/m3.dat
n020-set04	20	3	random	wide	1.000000	0.150000	4000.000000000	8000.000000000	6032.000000000	default-discount	data/n020-set04/random/base/wide/m3.dat	outsourcing-data/default-discount/rate-1/n020-set04/random/base/wide/m3.dat
n020-set04	20	3	random	wide	2.000000	0.150000	4000.000000000	8000.000000000	12064.000000000	default-discount	data/n020-set04/random/base/wide/m3.dat	outsourcing-data/default-discount/rate-2/n020-set04/random/base/wide/m3.dat
n020-set04	20	4	random	wide	0.500000	0.150000	4000.000000000	8000.000000000	3016.000000000	default-discount	data/n020-set04/random/base/wide/m4.dat	outsourcing-data/default-discount/rate-0.5/n020-set04/random/base/wide/m4.dat
n020-set04	20	4	random	wide	1.000000	0.150000	4000.000000000	8000.000000000	6032.000000000	default-discount	data/n020-set04/random/base/wide/m4.dat	outsourcing-data/default-discount/rate-1/n020-set04/random/base/wide/m4.dat
n020-set04	20	4	random	wide	2.000000	0.150000	4000.000000000	8000.000000000	12064.000000000	default-discount	data/n020-set04/random/base/wide/m4.dat	outsourcing-data/default-discount/rate-2/n020-set04/random/base/wide/m4.dat
n020-set04	20	2	family	zero	0.500000	0.150000	4000.000000000	8000.000000000	3016.000000000	default-discount	data/n020-set04/family/base/zero/m2.dat	outsourcing-data/default-discount/rate-0.5/n020-set04/family/base/zero/m2.dat
n020-set04	20	2	family	zero	1.000000	0.150000	4000.000000000	8000.000000000	6032.000000000	default-discount	data/n020-set04/family/base/zero/m2.dat	outsourcing-data/default-discount/rate-1/n020-set04/family/base/zero/m2.dat
n020-set04	20	2	family	zero	2.000000	0.150000	4000.000000000	8000.000000000	12064.000000000	default-discount	data/n020-set04/family/base/zero/m2.dat	outsourcing-data/default-discount/rate-2/n020-set04/family/base/zero/m2.dat
n020-set04	20	3	family	zero	0.500000	0.150000	4000.000000000	8000.000000000	3016.000000000	default-discount	data/n020-set04/family/base/zero/m3.dat	outsourcing-data/default-discount/rate-0.5/n020-set04/family/base/zero/m3.dat
n020-set04	20	3	family	zero	1.000000	0.150000	4000.000000000	8000.000000000	6032.000000000	default-discount	data/n020-set04/family/base/zero/m3.dat	outsourcing-data/default-discount/rate-1/n020-set04/family/base/zero/m3.dat
n020-set04	20	3	family	zero	2.000000	0.150000	4000.000000000	8000.000000000	12064.000000000	default-discount	data/n020-set04/family/base/zero/m3.dat	outsourcing-data/default-discount/rate-2/n020-set04/family/base/zero/m3.dat
n020-set04	20	4	family	zero	0.500000	0.150000	4000.000000000	8000.000000000	3016.000000000	default-discount	data/n020-set04/family/base/zero/m4.dat	outsourcing-data/default-discount/rate-0.5/n020-set04/family/base/zero/m4.dat
n020-set04	20	4	family	zero	1.000000	0.150000	4000.000000000	8000.000000000	6032.000000000	default-discount	data/n020-set04/family/base/zero/m4.dat	outsourcing-data/default-discount/rate-1/n020-set04/family/base/zero/m4.dat
n020-set04	20	4	family	zero	2.000000	0.150000	4000.000000000	8000.000000000	12064.000000000	default-discount	data/n020-set04/family/base/zero/m4.dat	outsourcing-data/default-discount/rate-2/n020-set04/family/base/zero/m4.dat
n020-set04	20	2	family	narrow	0.500000	0.150000	4000.000000000	8000.000000000	3016.000000000	default-discount	data/n020-set04/family/base/narrow/m2.dat	outsourcing-data/default-discount/rate-0.5/n020-set04/family/base/narrow/m2.dat
n020-set04	20	2	family	narrow	1.000000	0.150000	4000.000000000	8000.000000000	6032.000000000	default-discount	data/n020-set04/family/base/narrow/m2.dat	outsourcing-data/default-discount/rate-1/n020-set04/family/base/narrow/m2.dat
n020-set04	20	2	family	narrow	2.000000	0.150000	4000.000000000	8000.000000000	12064.000000000	default-discount	data/n020-set04/family/base/narrow/m2.dat	outsourcing-data/default-discount/rate-2/n020-set04/family/base/narrow/m2.dat
n020-set04	20	3	family	narrow	0.500000	0.150000	4000.000000000	8000.000000000	3016.000000000	default-discount	data/n020-set04/family/base/narrow/m3.dat	outsourcing-data/default-discount/rate-0.5/n020-set04/family/base/narrow/m3.dat
n020-set04	20	3	family	narrow	1.000000	0.150000	4000.000000000	8000.000000000	6032.000000000	default-discount	data/n020-set04/family/base/narrow/m3.dat	outsourcing-data/default-discount/rate-1/n020-set04/family/base/narrow/m3.dat
n020-set04	20	3	family	narrow	2.000000	0.150000	4000.000000000	8000.000000000	12064.000000000	default-discount	data/n020-set04/family/base/narrow/m3.dat	outsourcing-data/default-discount/rate-2/n020-set04/family/base/narrow/m3.dat
n020-set04	20	4	family	narrow	0.500000	0.150000	4000.000000000	8000.000000000	3016.000000000	default-discount	data/n020-set04/family/base/narrow/m4.dat	outsourcing-data/default-discount/rate-0.5/n020-set04/family/base/narrow/m4.dat
n020-set04	20	4	family	narrow	1.000000	0.150000	4000.000000000	8000.000000000	6032.000000000	default-discount	data/n020-set04/family/base/narrow/m4.dat	outsourcing-data/default-discount/rate-1/n020-set04/family/base/narrow/m4.dat
n020-set04	20	4	family	narrow	2.000000	0.150000	4000.000000000	8000.000000000	12064.000000000	default-discount	data/n020-set04/family/base/narrow/m4.dat	outsourcing-data/default-discount/rate-2/n020-set04/family/base/narrow/m4.dat
n020-set04	20	2	family	wide	0.500000	0.150000	4000.000000000	8000.000000000	3016.000000000	default-discount	data/n020-set04/family/base/wide/m2.dat	outsourcing-data/default-discount/rate-0.5/n020-set04/family/base/wide/m2.dat
n020-set04	20	2	family	wide	1.000000	0.150000	4000.000000000	8000.000000000	6032.000000000	default-discount	data/n020-set04/family/base/wide/m2.dat	outsourcing-data/default-discount/rate-1/n020-set04/family/base/wide/m2.dat
n020-set04	20	2	family	wide	2.000000	0.150000	4000.000000000	8000.000000000	12064.000000000	default-discount	data/n020-set04/family/base/wide/m2.dat	outsourcing-data/default-discount/rate-2/n020-set04/family/base/wide/m2.dat
n020-set04	20	3	family	wide	0.500000	0.150000	4000.000000000	8000.000000000	3016.000000000	default-discount	data/n020-set04/family/base/wide/m3.dat	outsourcing-data/default-discount/rate-0.5/n020-set04/family/base/wide/m3.dat
n020-set04	20	3	family	wide	1.000000	0.150000	4000.000000000	8000.000000000	6032.000000000	default-discount	data/n020-set04/family/base/wide/m3.dat	outsourcing-data/default-discount/rate-1/n020-set04/family/base/wide/m3.dat
n020-set04	20	3	family	wide	2.000000	0.150000	4000.000000000	8000.000000000	12064.000000000	default-discount	data/n020-set04/family/base/wide/m3.dat	outsourcing-data/default-discount/rate-2/n020-set04/family/base/wide/m3.dat
n020-set04	20	4	family	wide	0.500000	0.150000	4000.000000000	8000.000000000	3016.000000000	default-discount	data/n020-set04/family/base/wide/m4.dat	outsourcing-data/default-discount/rate-0.5/n020-set04/family/base/wide/m4.dat
n020-set04	20	4	family	wide	1.000000	0.150000	4000.000000000	8000.000000000	6032.000000000	default-discount	data/n020-set04/family/base/wide/m4.dat	outsourcing-data/default-discount/rate-1/n020-set04/family/base/wide/m4.dat
n020-set04	20	4	family	wide	2.000000	0.150000	4000.000000000	8000.000000000	12064.000000000	default-discount	data/n020-set04/family/base/wide/m4.dat	outsourcing-data/default-discount/rate-2/n020-set04/family/base/wide/m4.dat
n020-set05	20	2	random	zero	0.500000	0.150000	4000.000000000	8000.000000000	3811.500000000	default-discount	data/n020-set05/random/base/zero/m2.dat	outsourcing-data/default-discount/rate-0.5/n020-set05/random/base/zero/m2.dat
n020-set05	20	2	random	zero	1.000000	0.150000	4000.000000000	8000.000000000	7623.000000000	default-discount	data/n020-set05/random/base/zero/m2.dat	outsourcing-data/default-discount/rate-1/n020-set05/random/base/zero/m2.dat
n020-set05	20	2	random	zero	2.000000	0.150000	4000.000000000	8000.000000000	15246.000000000	default-discount	data/n020-set05/random/base/zero/m2.dat	outsourcing-data/default-discount/rate-2/n020-set05/random/base/zero/m2.dat
n020-set05	20	3	random	zero	0.500000	0.150000	4000.000000000	8000.000000000	3811.500000000	default-discount	data/n020-set05/random/base/zero/m3.dat	outsourcing-data/default-discount/rate-0.5/n020-set05/random/base/zero/m3.dat
n020-set05	20	3	random	zero	1.000000	0.150000	4000.000000000	8000.000000000	7623.000000000	default-discount	data/n020-set05/random/base/zero/m3.dat	outsourcing-data/default-discount/rate-1/n020-set05/random/base/zero/m3.dat
n020-set05	20	3	random	zero	2.000000	0.150000	4000.000000000	8000.000000000	15246.000000000	default-discount	data/n020-set05/random/base/zero/m3.dat	outsourcing-data/default-discount/rate-2/n020-set05/random/base/zero/m3.dat
n020-set05	20	4	random	zero	0.500000	0.150000	4000.000000000	8000.000000000	3811.500000000	default-discount	data/n020-set05/random/base/zero/m4.dat	outsourcing-data/default-discount/rate-0.5/n020-set05/random/base/zero/m4.dat
n020-set05	20	4	random	zero	1.000000	0.150000	4000.000000000	8000.000000000	7623.000000000	default-discount	data/n020-set05/random/base/zero/m4.dat	outsourcing-data/default-discount/rate-1/n020-set05/random/base/zero/m4.dat
n020-set05	20	4	random	zero	2.000000	0.150000	4000.000000000	8000.000000000	15246.000000000	default-discount	data/n020-set05/random/base/zero/m4.dat	outsourcing-data/default-discount/rate-2/n020-set05/random/base/zero/m4.dat
n020-set05	20	2	random	narrow	0.500000	0.150000	4000.000000000	8000.000000000	3811.500000000	default-discount	data/n020-set05/random/base/narrow/m2.dat	outsourcing-data/default-discount/rate-0.5/n020-set05/random/base/narrow/m2.dat
n020-set05	20	2	random	narrow	1.000000	0.150000	4000.000000000	8000.000000000	7623.000000000	default-discount	data/n020-set05/random/base/narrow/m2.dat	outsourcing-data/default-discount/rate-1/n020-set05/random/base/narrow/m2.dat
n020-set05	20	2	random	narrow	2.000000	0.150000	4000.000000000	8000.000000000	15246.000000000	default-discount	data/n020-set05/random/base/narrow/m2.dat	outsourcing-data/default-discount/rate-2/n020-set05/random/base/narrow/m2.dat
n020-set05	20	3	random	narrow	0.500000	0.150000	4000.000000000	8000.000000000	3811.500000000	default-discount	data/n020-set05/random/base/narrow/m3.dat	outsourcing-data/default-discount/rate-0.5/n020-set05/random/base/narrow/m3.dat
n020-set05	20	3	random	narrow	1.000000	0.150000	4000.000000000	8000.000000000	7623.000000000	default-discount	data/n020-set05/random/base/narrow/m3.dat	outsourcing-data/default-discount/rate-1/n020-set05/random/base/narrow/m3.dat
n020-set05	20	3	random	narrow	2.000000	0.150000	4000.000000000	8000.000000000	15246.000000000	default-discount	data/n020-set05/random/base/narrow/m3.dat	outsourcing-data/default-discount/rate-2/n020-set05/random/base/narrow/m3.dat
n020-set05	20	4	random	narrow	0.500000	0.150000	4000.000000000	8000.000000000	3811.500000000	default-discount	data/n020-set05/random/base/narrow/m4.dat	outsourcing-data/default-discount/rate-0.5/n020-set05/random/base/narrow/m4.dat
n020-set05	20	4	random	narrow	1.000000	0.150000	4000.000000000	8000.000000000	7623.000000000	default-discount	data/n020-set05/random/base/narrow/m4.dat	outsourcing-data/default-discount/rate-1/n020-set05/random/base/narrow/m4.dat
n020-set05	20	4	random	narrow	2.000000	0.150000	4000.000000000	8000.000000000	15246.000000000	default-discount	data/n020-set05/random/base/narrow/m4.dat	outsourcing-data/default-discount/rate-2/n020-set05/random/base/narrow/m4.dat
n020-set05	20	2	random	wide	0.500000	0.150000	4000.000000000	8000.000000000	3811.500000000	default-discount	data/n020-set05/random/base/wide/m2.dat	outsourcing-data/default-discount/rate-0.5/n020-set05/random/base/wide/m2.dat
n020-set05	20	2	random	wide	1.000000	0.150000	4000.000000000	8000.000000000	7623.000000000	default-discount	data/n020-set05/random/base/wide/m2.dat	outsourcing-data/default-discount/rate-1/n020-set05/random/base/wide/m2.dat
n020-set05	20	2	random	wide	2.000000	0.150000	4000.000000000	8000.000000000	15246.000000000	default-discount	data/n020-set05/random/base/wide/m2.dat	outsourcing-data/default-discount/rate-2/n020-set05/random/base/wide/m2.dat
n020-set05	20	3	random	wide	0.500000	0.150000	4000.000000000	8000.000000000	3811.500000000	default-discount	data/n020-set05/random/base/wide/m3.dat	outsourcing-data/default-discount/rate-0.5/n020-set05/random/base/wide/m3.dat
n020-set05	20	3	random	wide	1.000000	0.150000	4000.000000000	8000.000000000	7623.000000000	default-discount	data/n020-set05/random/base/wide/m3.dat	outsourcing-data/default-discount/rate-1/n020-set05/random/base/wide/m3.dat
n020-set05	20	3	random	wide	2.000000	0.150000	4000.000000000	8000.000000000	15246.000000000	default-discount	data/n020-set05/random/base/wide/m3.dat	outsourcing-data/default-discount/rate-2/n020-set05/random/base/wide/m3.dat
n020-set05	20	4	random	wide	0.500000	0.150000	4000.000000000	8000.000000000	3811.500000000	default-discount	data/n020-set05/random/base/wide/m4.dat	outsourcing-data/default-discount/rate-0.5/n020-set05/random/base/wide/m4.dat
n020-set05	20	4	random	wide	1.000000	0.150000	4000.000000000	8000.000000000	7623.000000000	default-discount	data/n020-set05/random/base/wide/m4.dat	outsourcing-data/default-discount/rate-1/n020-set05/random/base/wide/m4.dat
n020-set05	20	4	random	wide	2.000000	0.150000	4000.000000000	8000.000000000	15246.000000000	default-discount	data/n020-set05/random/base/wide/m4.dat	outsourcing-data/default-discount/rate-2/n020-set05/random/base/wide/m4.dat
n020-set05	20	2	family	zero	0.500000	0.150000	4000.000000000	8000.000000000	3811.500000000	default-discount	data/n020-set05/family/base/zero/m2.dat	outsourcing-data/default-discount/rate-0.5/n020-set05/family/base/zero/m2.dat
n020-set05	20	2	family	zero	1.000000	0.150000	4000.000000000	8000.000000000	7623.000000000	default-discount	data/n020-set05/family/base/zero/m2.dat	outsourcing-data/default-discount/rate-1/n020-set05/family/base/zero/m2.dat
n020-set05	20	2	family	zero	2.000000	0.150000	4000.000000000	8000.000000000	15246.000000000	default-discount	data/n020-set05/family/base/zero/m2.dat	outsourcing-data/default-discount/rate-2/n020-set05/family/base/zero/m2.dat
n020-set05	20	3	family	zero	0.500000	0.150000	4000.000000000	8000.000000000	3811.500000000	default-discount	data/n020-set05/family/base/zero/m3.dat	outsourcing-data/default-discount/rate-0.5/n020-set05/family/base/zero/m3.dat
n020-set05	20	3	family	zero	1.000000	0.150000	4000.000000000	8000.000000000	7623.000000000	default-discount	data/n020-set05/family/base/zero/m3.dat	outsourcing-data/default-discount/rate-1/n020-set05/family/base/zero/m3.dat
n020-set05	20	3	family	zero	2.000000	0.150000	4000.000000000	8000.000000000	15246.000000000	default-discount	data/n020-set05/family/base/zero/m3.dat	outsourcing-data/default-discount/rate-2/n020-set05/family/base/zero/m3.dat
n020-set05	20	4	family	zero	0.500000	0.150000	4000.000000000	8000.000000000	3811.500000000	default-discount	data/n020-set05/family/base/zero/m4.dat	outsourcing-data/default-discount/rate-0.5/n020-set05/family/base/zero/m4.dat
n020-set05	20	4	family	zero	1.000000	0.150000	4000.000000000	8000.000000000	7623.000000000	default-discount	data/n020-set05/family/base/zero/m4.dat	outsourcing-data/default-discount/rate-1/n020-set05/family/base/zero/m4.dat
n020-set05	20	4	family	zero	2.000000	0.150000	4000.000000000	8000.000000000	15246.000000000	default-discount	data/n020-set05/family/base/zero/m4.dat	outsourcing-data/default-discount/rate-2/n020-set05/family/base/zero/m4.dat
n020-set05	20	2	family	narrow	0.500000	0.150000	4000.000000000	8000.000000000	3811.500000000	default-discount	data/n020-set05/family/base/narrow/m2.dat	outsourcing-data/default-discount/rate-0.5/n020-set05/family/base/narrow/m2.dat
n020-set05	20	2	family	narrow	1.000000	0.150000	4000.000000000	8000.000000000	7623.000000000	default-discount	data/n020-set05/family/base/narrow/m2.dat	outsourcing-data/default-discount/rate-1/n020-set05/family/base/narrow/m2.dat
n020-set05	20	2	family	narrow	2.000000	0.150000	4000.000000000	8000.000000000	15246.000000000	default-discount	data/n020-set05/family/base/narrow/m2.dat	outsourcing-data/default-discount/rate-2/n020-set05/family/base/narrow/m2.dat
n020-set05	20	3	family	narrow	0.500000	0.150000	4000.000000000	8000.000000000	3811.500000000	default-discount	data/n020-set05/family/base/narrow/m3.dat	outsourcing-data/default-discount/rate-0.5/n020-set05/family/base/narrow/m3.dat
n020-set05	20	3	family	narrow	1.000000	0.150000	4000.000000000	8000.000000000	7623.000000000	default-discount	data/n020-set05/family/base/narrow/m3.dat	outsourcing-data/default-discount/rate-1/n020-set05/family/base/narrow/m3.dat
n020-set05	20	3	family	narrow	2.000000	0.150000	4000.000000000	8000.000000000	15246.000000000	default-discount	data/n020-set05/family/base/narrow/m3.dat	outsourcing-data/default-discount/rate-2/n020-set05/family/base/narrow/m3.dat
n020-set05	20	4	family	narrow	0.500000	0.150000	4000.000000000	8000.000000000	3811.500000000	default-discount	data/n020-set05/family/base/narrow/m4.dat	outsourcing-data/default-discount/rate-0.5/n020-set05/family/base/narrow/m4.dat
n020-set05	20	4	family	narrow	1.000000	0.150000	4000.000000000	8000.000000000	7623.000000000	default-discount	data/n020-set05/family/base/narrow/m4.dat	outsourcing-data/default-discount/rate-1/n020-set05/family/base/narrow/m4.dat
n020-set05	20	4	family	narrow	2.000000	0.150000	4000.000000000	8000.000000000	15246.000000000	default-discount	data/n020-set05/family/base/narrow/m4.dat	outsourcing-data/default-discount/rate-2/n020-set05/family/base/narrow/m4.dat
n020-set05	20	2	family	wide	0.500000	0.150000	4000.000000000	8000.000000000	3811.500000000	default-discount	data/n020-set05/family/base/wide/m2.dat	outsourcing-data/default-discount/rate-0.5/n020-set05/family/base/wide/m2.dat
n020-set05	20	2	family	wide	1.000000	0.150000	4000.000000000	8000.000000000	7623.000000000	default-discount	data/n020-set05/family/base/wide/m2.dat	outsourcing-data/default-discount/rate-1/n020-set05/family/base/wide/m2.dat
n020-set05	20	2	family	wide	2.000000	0.150000	4000.000000000	8000.000000000	15246.000000000	default-discount	data/n020-set05/family/base/wide/m2.dat	outsourcing-data/default-discount/rate-2/n020-set05/family/base/wide/m2.dat
n020-set05	20	3	family	wide	0.500000	0.150000	4000.000000000	8000.000000000	3811.500000000	default-discount	data/n020-set05/family/base/wide/m3.dat	outsourcing-data/default-discount/rate-0.5/n020-set05/family/base/wide/m3.dat
n020-set05	20	3	family	wide	1.000000	0.150000	4000.000000000	8000.000000000	7623.000000000	default-discount	data/n020-set05/family/base/wide/m3.dat	outsourcing-data/default-discount/rate-1/n020-set05/family/base/wide/m3.dat
n020-set05	20	3	family	wide	2.000000	0.150000	4000.000000000	8000.000000000	15246.000000000	default-discount	data/n020-set05/family/base/wide/m3.dat	outsourcing-data/default-discount/rate-2/n020-set05/family/base/wide/m3.dat
n020-set05	20	4	family	wide	0.500000	0.150000	4000.000000000	8000.000000000	3811.500000000	default-discount	data/n020-set05/family/base/wide/m4.dat	outsourcing-data/default-discount/rate-0.5/n020-set05/family/base/wide/m4.dat
n020-set05	20	4	family	wide	1.000000	0.150000	4000.000000000	8000.000000000	7623.000000000	default-discount	data/n020-set05/family/base/wide/m4.dat	outsourcing-data/default-discount/rate-1/n020-set05/family/base/wide/m4.dat
n020-set05	20	4	family	wide	2.000000	0.150000	4000.000000000	8000.000000000	15246.000000000	default-discount	data/n020-set05/family/base/wide/m4.dat	outsourcing-data/default-discount/rate-2/n020-set05/family/base/wide/m4.dat
n040-set01	40	2	random	zero	0.500000	0.150000	4000.000000000	8000.000000000	6944.000000000	default-discount	data/n040-set01/random/base/zero/m2.dat	outsourcing-data/default-discount/rate-0.5/n040-set01/random/base/zero/m2.dat
n040-set01	40	2	random	zero	1.000000	0.150000	4000.000000000	8000.000000000	13888.000000000	default-discount	data/n040-set01/random/base/zero/m2.dat	outsourcing-data/default-discount/rate-1/n040-set01/random/base/zero/m2.dat
n040-set01	40	2	random	zero	2.000000	0.150000	4000.000000000	8000.000000000	27776.000000000	default-discount	data/n040-set01/random/base/zero/m2.dat	outsourcing-data/default-discount/rate-2/n040-set01/random/base/zero/m2.dat
n040-set01	40	3	random	zero	0.500000	0.150000	4000.000000000	8000.000000000	6944.000000000	default-discount	data/n040-set01/random/base/zero/m3.dat	outsourcing-data/default-discount/rate-0.5/n040-set01/random/base/zero/m3.dat
n040-set01	40	3	random	zero	1.000000	0.150000	4000.000000000	8000.000000000	13888.000000000	default-discount	data/n040-set01/random/base/zero/m3.dat	outsourcing-data/default-discount/rate-1/n040-set01/random/base/zero/m3.dat
n040-set01	40	3	random	zero	2.000000	0.150000	4000.000000000	8000.000000000	27776.000000000	default-discount	data/n040-set01/random/base/zero/m3.dat	outsourcing-data/default-discount/rate-2/n040-set01/random/base/zero/m3.dat
n040-set01	40	4	random	zero	0.500000	0.150000	4000.000000000	8000.000000000	6944.000000000	default-discount	data/n040-set01/random/base/zero/m4.dat	outsourcing-data/default-discount/rate-0.5/n040-set01/random/base/zero/m4.dat
n040-set01	40	4	random	zero	1.000000	0.150000	4000.000000000	8000.000000000	13888.000000000	default-discount	data/n040-set01/random/base/zero/m4.dat	outsourcing-data/default-discount/rate-1/n040-set01/random/base/zero/m4.dat
n040-set01	40	4	random	zero	2.000000	0.150000	4000.000000000	8000.000000000	27776.000000000	default-discount	data/n040-set01/random/base/zero/m4.dat	outsourcing-data/default-discount/rate-2/n040-set01/random/base/zero/m4.dat
n040-set01	40	2	random	narrow	0.500000	0.150000	4000.000000000	8000.000000000	6944.000000000	default-discount	data/n040-set01/random/base/narrow/m2.dat	outsourcing-data/default-discount/rate-0.5/n040-set01/random/base/narrow/m2.dat
n040-set01	40	2	random	narrow	1.000000	0.150000	4000.000000000	8000.000000000	13888.000000000	default-discount	data/n040-set01/random/base/narrow/m2.dat	outsourcing-data/default-discount/rate-1/n040-set01/random/base/narrow/m2.dat
n040-set01	40	2	random	narrow	2.000000	0.150000	4000.000000000	8000.000000000	27776.000000000	default-discount	data/n040-set01/random/base/narrow/m2.dat	outsourcing-data/default-discount/rate-2/n040-set01/random/base/narrow/m2.dat
n040-set01	40	3	random	narrow	0.500000	0.150000	4000.000000000	8000.000000000	6944.000000000	default-discount	data/n040-set01/random/base/narrow/m3.dat	outsourcing-data/default-discount/rate-0.5/n040-set01/random/base/narrow/m3.dat
n040-set01	40	3	random	narrow	1.000000	0.150000	4000.000000000	8000.000000000	13888.000000000	default-discount	data/n040-set01/random/base/narrow/m3.dat	outsourcing-data/default-discount/rate-1/n040-set01/random/base/narrow/m3.dat
n040-set01	40	3	random	narrow	2.000000	0.150000	4000.000000000	8000.000000000	27776.000000000	default-discount	data/n040-set01/random/base/narrow/m3.dat	outsourcing-data/default-discount/rate-2/n040-set01/random/base/narrow/m3.dat
n040-set01	40	4	random	narrow	0.500000	0.150000	4000.000000000	8000.000000000	6944.000000000	default-discount	data/n040-set01/random/base/narrow/m4.dat	outsourcing-data/default-discount/rate-0.5/n040-set01/random/base/narrow/m4.dat
n040-set01	40	4	random	narrow	1.000000	0.150000	4000.000000000	8000.000000000	13888.000000000	default-discount	data/n040-set01/random/base/narrow/m4.dat	outsourcing-data/default-discount/rate-1/n040-set01/random/base/narrow/m4.dat
n040-set01	40	4	random	narrow	2.000000	0.150000	4000.000000000	8000.000000000	27776.000000000	default-discount	data/n040-set01/random/base/narrow/m4.dat	outsourcing-data/default-discount/rate-2/n040-set01/random/base/narrow/m4.dat
n040-set01	40	2	random	wide	0.500000	0.150000	4000.000000000	8000.000000000	6944.000000000	default-discount	data/n040-set01/random/base/wide/m2.dat	outsourcing-data/default-discount/rate-0.5/n040-set01/random/base/wide/m2.dat
n040-set01	40	2	random	wide	1.000000	0.150000	4000.000000000	8000.000000000	13888.000000000	default-discount	data/n040-set01/random/base/wide/m2.dat	outsourcing-data/default-discount/rate-1/n040-set01/random/base/wide/m2.dat
n040-set01	40	2	random	wide	2.000000	0.150000	4000.000000000	8000.000000000	27776.000000000	default-discount	data/n040-set01/random/base/wide/m2.dat	outsourcing-data/default-discount/rate-2/n040-set01/random/base/wide/m2.dat
n040-set01	40	3	random	wide	0.500000	0.150000	4000.000000000	8000.000000000	6944.000000000	default-discount	data/n040-set01/random/base/wide/m3.dat	outsourcing-data/default-discount/rate-0.5/n040-set01/random/base/wide/m3.dat
n040-set01	40	3	random	wide	1.000000	0.150000	4000.000000000	8000.000000000	13888.000000000	default-discount	data/n040-set01/random/base/wide/m3.dat	outsourcing-data/default-discount/rate-1/n040-set01/random/base/wide/m3.dat
n040-set01	40	3	random	wide	2.000000	0.150000	4000.000000000	8000.000000000	27776.000000000	default-discount	data/n040-set01/random/base/wide/m3.dat	outsourcing-data/default-discount/rate-2/n040-set01/random/base/wide/m3.dat
n040-set01	40	4	random	wide	0.500000	0.150000	4000.000000000	8000.000000000	6944.000000000	default-discount	data/n040-set01/random/base/wide/m4.dat	outsourcing-data/default-discount/rate-0.5/n040-set01/random/base/wide/m4.dat
n040-set01	40	4	random	wide	1.000000	0.150000	4000.000000000	8000.000000000	13888.000000000	default-discount	data/n040-set01/random/base/wide/m4.dat	outsourcing-data/default-discount/rate-1/n040-set01/random/base/wide/m4.dat
n040-set01	40	4	random	wide	2.000000	0.150000	4000.000000000	8000.000000000	27776.000000000	default-discount	data/n040-set01/random/base/wide/m4.dat	outsourcing-data/default-discount/rate-2/n040-set01/random/base/wide/m4.dat
n040-set01	40	2	family	zero	0.500000	0.150000	4000.000000000	8000.000000000	6944.000000000	default-discount	data/n040-set01/family/base/zero/m2.dat	outsourcing-data/default-discount/rate-0.5/n040-set01/family/base/zero/m2.dat
n040-set01	40	2	family	zero	1.000000	0.150000	4000.000000000	8000.000000000	13888.000000000	default-discount	data/n040-set01/family/base/zero/m2.dat	outsourcing-data/default-discount/rate-1/n040-set01/family/base/zero/m2.dat
n040-set01	40	2	family	zero	2.000000	0.150000	4000.000000000	8000.000000000	27776.000000000	default-discount	data/n040-set01/family/base/zero/m2.dat	outsourcing-data/default-discount/rate-2/n040-set01/family/base/zero/m2.dat
n040-set01	40	3	family	zero	0.500000	0.150000	4000.000000000	8000.000000000	6944.000000000	default-discount	data/n040-set01/family/base/zero/m3.dat	outsourcing-data/default-discount/rate-0.5/n040-set01/family/base/zero/m3.dat
n040-set01	40	3	family	zero	1.000000	0.150000	4000.000000000	8000.000000000	13888.000000000	default-discount	data/n040-set01/family/base/zero/m3.dat	outsourcing-data/default-discount/rate-1/n040-set01/family/base/zero/m3.dat
n040-set01	40	3	family	zero	2.000000	0.150000	4000.000000000	8000.000000000	27776.000000000	default-discount	data/n040-set01/family/base/zero/m3.dat	outsourcing-data/default-discount/rate-2/n040-set01/family/base/zero/m3.dat
n040-set01	40	4	family	zero	0.500000	0.150000	4000.000000000	8000.000000000	6944.000000000	default-discount	data/n040-set01/family/base/zero/m4.dat	outsourcing-data/default-discount/rate-0.5/n040-set01/family/base/zero/m4.dat
n040-set01	40	4	family	zero	1.000000	0.150000	4000.000000000	8000.000000000	13888.000000000	default-discount	data/n040-set01/family/base/zero/m4.dat	outsourcing-data/default-discount/rate-1/n040-set01/family/base/zero/m4.dat
n040-set01	40	4	family	zero	2.000000	0.150000	4000.000000000	8000.000000000	27776.000000000	default-discount	data/n040-set01/family/base/zero/m4.dat	outsourcing-data/default-discount/rate-2/n040-set01/family/base/zero/m4.dat
n040-set01	40	2	family	narrow	0.500000	0.150000	4000.000000000	8000.000000000	6944.000000000	default-discount	data/n040-set01/family/base/narrow/m2.dat	outsourcing-data/default-discount/rate-0.5/n040-set01/family/base/narrow/m2.dat
n040-set01	40	2	family	narrow	1.000000	0.150000	4000.000000000	8000.000000000	13888.000000000	default-discount	data/n040-set01/family/base/narrow/m2.dat	outsourcing-data/default-discount/rate-1/n040-set01/family/base/narrow/m2.dat
n040-set01	40	2	family	narrow	2.000000	0.150000	4000.000000000	8000.000000000	27776.000000000	default-discount	data/n040-set01/family/base/narrow/m2.dat	outsourcing-data/default-discount/rate-2/n040-set01/family/base/narrow/m2.dat
n040-set01	40	3	family	narrow	0.500000	0.150000	4000.000000000	8000.000000000	6944.000000000	default-discount	data/n040-set01/family/base/narrow/m3.dat	outsourcing-data/default-discount/rate-0.5/n040-set01/family/base/narrow/m3.dat
n040-set01	40	3	family	narrow	1.000000	0.150000	4000.000000000	8000.000000000	13888.000000000	default-discount	data/n040-set01/family/base/narrow/m3.dat	outsourcing-data/default-discount/rate-1/n040-set01/family/base/narrow/m3.dat
n040-set01	40	3	family	narrow	2.000000	0.150000	4000.000000000	8000.000000000	27776.000000000	default-discount	data/n040-set01/family/base/narrow/m3.dat	outsourcing-data/default-discount/rate-2/n040-set01/family/base/narrow/m3.dat
n040-set01	40	4	family	narrow	0.500000	0.150000	4000.000000000	8000.000000000	6944.000000000	default-discount	data/n040-set01/family/base/narrow/m4.dat	outsourcing-data/default-discount/rate-0.5/n040-set01/family/base/narrow/m4.dat
n040-set01	40	4	family	narrow	1.000000	0.150000	4000.000000000	8000.000000000	13888.000000000	default-discount	data/n040-set01/family/base/narrow/m4.dat	outsourcing-data/default-discount/rate-1/n040-set01/family/base/narrow/m4.dat
n040-set01	40	4	family	narrow	2.000000	0.150000	4000.000000000	8000.000000000	27776.000000000	default-discount	data/n040-set01/family/base/narrow/m4.dat	outsourcing-data/default-discount/rate-2/n040-set01/family/base/narrow/m4.dat
n040-set01	40	2	family	wide	0.500000	0.150000	4000.000000000	8000.000000000	6944.000000000	default-discount	data/n040-set01/family/base/wide/m2.dat	outsourcing-data/default-discount/rate-0.5/n040-set01/family/base/wide/m2.dat
n040-set01	40	2	family	wide	1.000000	0.150000	4000.000000000	8000.000000000	13888.000000000	default-discount	data/n040-set01/family/base/wide/m2.dat	outsourcing-data/default-discount/rate-1/n040-set01/family/base/wide/m2.dat
n040-set01	40	2	family	wide	2.000000	0.150000	4000.000000000	8000.000000000	27776.000000000	default-discount	data/n040-set01/family/base/wide/m2.dat	outsourcing-data/default-discount/rate-2/n040-set01/family/base/wide/m2.dat
n040-set01	40	3	family	wide	0.500000	0.150000	4000.000000000	8000.000000000	6944.000000000	default-discount	data/n040-set01/family/base/wide/m3.dat	outsourcing-data/default-discount/rate-0.5/n040-set01/family/base/wide/m3.dat
n040-set01	40	3	family	wide	1.000000	0.150000	4000.000000000	8000.000000000	13888.000000000	default-discount	data/n040-set01/family/base/wide/m3.dat	outsourcing-data/default-discount/rate-1/n040-set01/family/base/wide/m3.dat
n040-set01	40	3	family	wide	2.000000	0.150000	4000.000000000	8000.000000000	27776.000000000	default-discount	data/n040-set01/family/base/wide/m3.dat	outsourcing-data/default-discount/rate-2/n040-set01/family/base/wide/m3.dat
n040-set01	40	4	family	wide	0.500000	0.150000	4000.000000000	8000.000000000	6944.000000000	default-discount	data/n040-set01/family/base/wide/m4.dat	outsourcing-data/default-discount/rate-0.5/n040-set01/family/base/wide/m4.dat
n040-set01	40	4	family	wide	1.000000	0.150000	4000.000000000	8000.000000000	13888.000000000	default-discount	data/n040-set01/family/base/wide/m4.dat	outsourcing-data/default-discount/rate-1/n040-set01/family/base/wide/m4.dat
n040-set01	40	4	family	wide	2.000000	0.150000	4000.000000000	8000.000000000	27776.000000000	default-discount	data/n040-set01/family/base/wide/m4.dat	outsourcing-data/default-discount/rate-2/n040-set01/family/base/wide/m4.dat
n040-set02	40	2	random	zero	0.500000	0.150000	4000.000000000	8000.000000000	7901.500000000	default-discount	data/n040-set02/random/base/zero/m2.dat	outsourcing-data/default-discount/rate-0.5/n040-set02/random/base/zero/m2.dat
n040-set02	40	2	random	zero	1.000000	0.150000	4000.000000000	8000.000000000	15803.000000000	default-discount	data/n040-set02/random/base/zero/m2.dat	outsourcing-data/default-discount/rate-1/n040-set02/random/base/zero/m2.dat
n040-set02	40	2	random	zero	2.000000	0.150000	4000.000000000	8000.000000000	31606.000000000	default-discount	data/n040-set02/random/base/zero/m2.dat	outsourcing-data/default-discount/rate-2/n040-set02/random/base/zero/m2.dat
n040-set02	40	3	random	zero	0.500000	0.150000	4000.000000000	8000.000000000	7901.500000000	default-discount	data/n040-set02/random/base/zero/m3.dat	outsourcing-data/default-discount/rate-0.5/n040-set02/random/base/zero/m3.dat
n040-set02	40	3	random	zero	1.000000	0.150000	4000.000000000	8000.000000000	15803.000000000	default-discount	data/n040-set02/random/base/zero/m3.dat	outsourcing-data/default-discount/rate-1/n040-set02/random/base/zero/m3.dat
n040-set02	40	3	random	zero	2.000000	0.150000	4000.000000000	8000.000000000	31606.000000000	default-discount	data/n040-set02/random/base/zero/m3.dat	outsourcing-data/default-discount/rate-2/n040-set02/random/base/zero/m3.dat
n040-set02	40	4	random	zero	0.500000	0.150000	4000.000000000	8000.000000000	7901.500000000	default-discount	data/n040-set02/random/base/zero/m4.dat	outsourcing-data/default-discount/rate-0.5/n040-set02/random/base/zero/m4.dat
n040-set02	40	4	random	zero	1.000000	0.150000	4000.000000000	8000.000000000	15803.000000000	default-discount	data/n040-set02/random/base/zero/m4.dat	outsourcing-data/default-discount/rate-1/n040-set02/random/base/zero/m4.dat
n040-set02	40	4	random	zero	2.000000	0.150000	4000.000000000	8000.000000000	31606.000000000	default-discount	data/n040-set02/random/base/zero/m4.dat	outsourcing-data/default-discount/rate-2/n040-set02/random/base/zero/m4.dat
n040-set02	40	2	random	narrow	0.500000	0.150000	4000.000000000	8000.000000000	7901.500000000	default-discount	data/n040-set02/random/base/narrow/m2.dat	outsourcing-data/default-discount/rate-0.5/n040-set02/random/base/narrow/m2.dat
n040-set02	40	2	random	narrow	1.000000	0.150000	4000.000000000	8000.000000000	15803.000000000	default-discount	data/n040-set02/random/base/narrow/m2.dat	outsourcing-data/default-discount/rate-1/n040-set02/random/base/narrow/m2.dat
n040-set02	40	2	random	narrow	2.000000	0.150000	4000.000000000	8000.000000000	31606.000000000	default-discount	data/n040-set02/random/base/narrow/m2.dat	outsourcing-data/default-discount/rate-2/n040-set02/random/base/narrow/m2.dat
n040-set02	40	3	random	narrow	0.500000	0.150000	4000.000000000	8000.000000000	7901.500000000	default-discount	data/n040-set02/random/base/narrow/m3.dat	outsourcing-data/default-discount/rate-0.5/n040-set02/random/base/narrow/m3.dat
n040-set02	40	3	random	narrow	1.000000	0.150000	4000.000000000	8000.000000000	15803.000000000	default-discount	data/n040-set02/random/base/narrow/m3.dat	outsourcing-data/default-discount/rate-1/n040-set02/random/base/narrow/m3.dat
n040-set02	40	3	random	narrow	2.000000	0.150000	4000.000000000	8000.000000000	31606.000000000	default-discount	data/n040-set02/random/base/narrow/m3.dat	outsourcing-data/default-discount/rate-2/n040-set02/random/base/narrow/m3.dat
n040-set02	40	4	random	narrow	0.500000	0.150000	4000.000000000	8000.000000000	7901.500000000	default-discount	data/n040-set02/random/base/narrow/m4.dat	outsourcing-data/default-discount/rate-0.5/n040-set02/random/base/narrow/m4.dat
n040-set02	40	4	random	narrow	1.000000	0.150000	4000.000000000	8000.000000000	15803.000000000	default-discount	data/n040-set02/random/base/narrow/m4.dat	outsourcing-data/default-discount/rate-1/n040-set02/random/base/narrow/m4.dat
n040-set02	40	4	random	narrow	2.000000	0.150000	4000.000000000	8000.000000000	31606.000000000	default-discount	data/n040-set02/random/base/narrow/m4.dat	outsourcing-data/default-discount/rate-2/n040-set02/random/base/narrow/m4.dat
n040-set02	40	2	random	wide	0.500000	0.150000	4000.000000000	8000.000000000	7901.500000000	default-discount	data/n040-set02/random/base/wide/m2.dat	outsourcing-data/default-discount/rate-0.5/n040-set02/random/base/wide/m2.dat
n040-set02	40	2	random	wide	1.000000	0.150000	4000.000000000	8000.000000000	15803.000000000	default-discount	data/n040-set02/random/base/wide/m2.dat	outsourcing-data/default-discount/rate-1/n040-set02/random/base/wide/m2.dat
n040-set02	40	2	random	wide	2.000000	0.150000	4000.000000000	8000.000000000	31606.000000000	default-discount	data/n040-set02/random/base/wide/m2.dat	outsourcing-data/default-discount/rate-2/n040-set02/random/base/wide/m2.dat
n040-set02	40	3	random	wide	0.500000	0.150000	4000.000000000	8000.000000000	7901.500000000	default-discount	data/n040-set02/random/base/wide/m3.dat	outsourcing-data/default-discount/rate-0.5/n040-set02/random/base/wide/m3.dat
n040-set02	40	3	random	wide	1.000000	0.150000	4000.000000000	8000.000000000	15803.000000000	default-discount	data/n040-set02/random/base/wide/m3.dat	outsourcing-data/default-discount/rate-1/n040-set02/random/base/wide/m3.dat
n040-set02	40	3	random	wide	2.000000	0.150000	4000.000000000	8000.000000000	31606.000000000	default-discount	data/n040-set02/random/base/wide/m3.dat	outsourcing-data/default-discount/rate-2/n040-set02/random/base/wide/m3.dat
n040-set02	40	4	random	wide	0.500000	0.150000	4000.000000000	8000.000000000	7901.500000000	default-discount	data/n040-set02/random/base/wide/m4.dat	outsourcing-data/default-discount/rate-0.5/n040-set02/random/base/wide/m4.dat
n040-set02	40	4	random	wide	1.000000	0.150000	4000.000000000	8000.000000000	15803.000000000	default-discount	data/n040-set02/random/base/wide/m4.dat	outsourcing-data/default-discount/rate-1/n040-set02/random/base/wide/m4.dat
n040-set02	40	4	random	wide	2.000000	0.150000	4000.000000000	8000.000000000	31606.000000000	default-discount	data/n040-set02/random/base/wide/m4.dat	outsourcing-data/default-discount/rate-2/n040-set02/random/base/wide/m4.dat
n040-set02	40	2	family	zero	0.500000	0.150000	4000.000000000	8000.000000000	7901.500000000	default-discount	data/n040-set02/family/base/zero/m2.dat	outsourcing-data/default-discount/rate-0.5/n040-set02/family/base/zero/m2.dat
n040-set02	40	2	family	zero	1.000000	0.150000	4000.000000000	8000.000000000	15803.000000000	default-discount	data/n040-set02/family/base/zero/m2.dat	outsourcing-data/default-discount/rate-1/n040-set02/family/base/zero/m2.dat
n040-set02	40	2	family	zero	2.000000	0.150000	4000.000000000	8000.000000000	31606.000000000	default-discount	data/n040-set02/family/base/zero/m2.dat	outsourcing-data/default-discount/rate-2/n040-set02/family/base/zero/m2.dat
n040-set02	40	3	family	zero	0.500000	0.150000	4000.000000000	8000.000000000	7901.500000000	default-discount	data/n040-set02/family/base/zero/m3.dat	outsourcing-data/default-discount/rate-0.5/n040-set02/family/base/zero/m3.dat
n040-set02	40	3	family	zero	1.000000	0.150000	4000.000000000	8000.000000000	15803.000000000	default-discount	data/n040-set02/family/base/zero/m3.dat	outsourcing-data/default-discount/rate-1/n040-set02/family/base/zero/m3.dat
n040-set02	40	3	family	zero	2.000000	0.150000	4000.000000000	8000.000000000	31606.000000000	default-discount	data/n040-set02/family/base/zero/m3.dat	outsourcing-data/default-discount/rate-2/n040-set02/family/base/zero/m3.dat
n040-set02	40	4	family	zero	0.500000	0.150000	4000.000000000	8000.000000000	7901.500000000	default-discount	data/n040-set02/family/base/zero/m4.dat	outsourcing-data/default-discount/rate-0.5/n040-set02/family/base/zero/m4.dat
n040-set02	40	4	family	zero	1.000000	0.150000	4000.000000000	8000.000000000	15803.000000000	default-discount	data/n040-set02/family/base/zero/m4.dat	outsourcing-data/default-discount/rate-1/n040-set02/family/base/zero/m4.dat
n040-set02	40	4	family	zero	2.000000	0.150000	4000.000000000	8000.000000000	31606.000000000	default-discount	data/n040-set02/family/base/zero/m4.dat	outsourcing-data/default-discount/rate-2/n040-set02/family/base/zero/m4.dat
n040-set02	40	2	family	narrow	0.500000	0.150000	4000.000000000	8000.000000000	7901.500000000	default-discount	data/n040-set02/family/base/narrow/m2.dat	outsourcing-data/default-discount/rate-0.5/n040-set02/family/base/narrow/m2.dat
n040-set02	40	2	family	narrow	1.000000	0.150000	4000.000000000	8000.000000000	15803.000000000	default-discount	data/n040-set02/family/base/narrow/m2.dat	outsourcing-data/default-discount/rate-1/n040-set02/family/base/narrow/m2.dat
n040-set02	40	2	family	narrow	2.000000	0.150000	4000.000000000	8000.000000000	31606.000000000	default-discount	data/n040-set02/family/base/narrow/m2.dat	outsourcing-data/default-discount/rate-2/n040-set02/family/base/narrow/m2.dat
n040-set02	40	3	family	narrow	0.500000	0.150000	4000.000000000	8000.000000000	7901.500000000	default-discount	data/n040-set02/family/base/narrow/m3.dat	outsourcing-data/default-discount/rate-0.5/n040-set02/family/base/narrow/m3.dat
n040-set02	40	3	family	narrow	1.000000	0.150000	4000.000000000	8000.000000000	15803.000000000	default-discount	data/n040-set02/family/base/narrow/m3.dat	outsourcing-data/default-discount/rate-1/n040-set02/family/base/narrow/m3.dat
n040-set02	40	3	family	narrow	2.000000	0.150000	4000.000000000	8000.000000000	31606.000000000	default-discount	data/n040-set02/family/base/narrow/m3.dat	outsourcing-data/default-discount/rate-2/n040-set02/family/base/narrow/m3.dat
n040-set02	40	4	family	narrow	0.500000	0.150000	4000.000000000	8000.000000000	7901.500000000	default-discount	data/n040-set02/family/base/narrow/m4.dat	outsourcing-data/default-discount/rate-0.5/n040-set02/family/base/narrow/m4.dat
n040-set02	40	4	family	narrow	1.000000	0.150000	4000.000000000	8000.000000000	15803.000000000	default-discount	data/n040-set02/family/base/narrow/m4.dat	outsourcing-data/default-discount/rate-1/n040-set02/family/base/narrow/m4.dat
n040-set02	40	4	family	narrow	2.000000	0.150000	4000.000000000	8000.000000000	31606.000000000	default-discount	data/n040-set02/family/base/narrow/m4.dat	outsourcing-data/default-discount/rate-2/n040-set02/family/base/narrow/m4.dat
n040-set02	40	2	family	wide	0.500000	0.150000	4000.000000000	8000.000000000	7901.500000000	default-discount	data/n040-set02/family/base/wide/m2.dat	outsourcing-data/default-discount/rate-0.5/n040-set02/family/base/wide/m2.dat
n040-set02	40	2	family	wide	1.000000	0.150000	4000.000000000	8000.000000000	15803.000000000	default-discount	data/n040-set02/family/base/wide/m2.dat	outsourcing-data/default-discount/rate-1/n040-set02/family/base/wide/m2.dat
n040-set02	40	2	family	wide	2.000000	0.150000	4000.000000000	8000.000000000	31606.000000000	default-discount	data/n040-set02/family/base/wide/m2.dat	outsourcing-data/default-discount/rate-2/n040-set02/family/base/wide/m2.dat
n040-set02	40	3	family	wide	0.500000	0.150000	4000.000000000	8000.000000000	7901.500000000	default-discount	data/n040-set02/family/base/wide/m3.dat	outsourcing-data/default-discount/rate-0.5/n040-set02/family/base/wide/m3.dat
n040-set02	40	3	family	wide	1.000000	0.150000	4000.000000000	8000.000000000	15803.000000000	default-discount	data/n040-set02/family/base/wide/m3.dat	outsourcing-data/default-discount/rate-1/n040-set02/family/base/wide/m3.dat
n040-set02	40	3	family	wide	2.000000	0.150000	4000.000000000	8000.000000000	31606.000000000	default-discount	data/n040-set02/family/base/wide/m3.dat	outsourcing-data/default-discount/rate-2/n040-set02/family/base/wide/m3.dat
n040-set02	40	4	family	wide	0.500000	0.150000	4000.000000000	8000.000000000	7901.500000000	default-discount	data/n040-set02/family/base/wide/m4.dat	outsourcing-data/default-discount/rate-0.5/n040-set02/family/base/wide/m4.dat
n040-set02	40	4	family	wide	1.000000	0.150000	4000.000000000	8000.000000000	15803.000000000	default-discount	data/n040-set02/family/base/wide/m4.dat	outsourcing-data/default-discount/rate-1/n040-set02/family/base/wide/m4.dat
n040-set02	40	4	family	wide	2.000000	0.150000	4000.000000000	8000.000000000	31606.000000000	default-discount	data/n040-set02/family/base/wide/m4.dat	outsourcing-data/default-discount/rate-2/n040-set02/family/base/wide/m4.dat
n040-set03	40	2	random	zero	0.500000	0.150000	4000.000000000	8000.000000000	7729.500000000	default-discount	data/n040-set03/random/base/zero/m2.dat	outsourcing-data/default-discount/rate-0.5/n040-set03/random/base/zero/m2.dat
n040-set03	40	2	random	zero	1.000000	0.150000	4000.000000000	8000.000000000	15459.000000000	default-discount	data/n040-set03/random/base/zero/m2.dat	outsourcing-data/default-discount/rate-1/n040-set03/random/base/zero/m2.dat
n040-set03	40	2	random	zero	2.000000	0.150000	4000.000000000	8000.000000000	30918.000000000	default-discount	data/n040-set03/random/base/zero/m2.dat	outsourcing-data/default-discount/rate-2/n040-set03/random/base/zero/m2.dat
n040-set03	40	3	random	zero	0.500000	0.150000	4000.000000000	8000.000000000	7729.500000000	default-discount	data/n040-set03/random/base/zero/m3.dat	outsourcing-data/default-discount/rate-0.5/n040-set03/random/base/zero/m3.dat
n040-set03	40	3	random	zero	1.000000	0.150000	4000.000000000	8000.000000000	15459.000000000	default-discount	data/n040-set03/random/base/zero/m3.dat	outsourcing-data/default-discount/rate-1/n040-set03/random/base/zero/m3.dat
n040-set03	40	3	random	zero	2.000000	0.150000	4000.000000000	8000.000000000	30918.000000000	default-discount	data/n040-set03/random/base/zero/m3.dat	outsourcing-data/default-discount/rate-2/n040-set03/random/base/zero/m3.dat
n040-set03	40	4	random	zero	0.500000	0.150000	4000.000000000	8000.000000000	7729.500000000	default-discount	data/n040-set03/random/base/zero/m4.dat	outsourcing-data/default-discount/rate-0.5/n040-set03/random/base/zero/m4.dat
n040-set03	40	4	random	zero	1.000000	0.150000	4000.000000000	8000.000000000	15459.000000000	default-discount	data/n040-set03/random/base/zero/m4.dat	outsourcing-data/default-discount/rate-1/n040-set03/random/base/zero/m4.dat
n040-set03	40	4	random	zero	2.000000	0.150000	4000.000000000	8000.000000000	30918.000000000	default-discount	data/n040-set03/random/base/zero/m4.dat	outsourcing-data/default-discount/rate-2/n040-set03/random/base/zero/m4.dat
n040-set03	40	2	random	narrow	0.500000	0.150000	4000.000000000	8000.000000000	7729.500000000	default-discount	data/n040-set03/random/base/narrow/m2.dat	outsourcing-data/default-discount/rate-0.5/n040-set03/random/base/narrow/m2.dat
n040-set03	40	2	random	narrow	1.000000	0.150000	4000.000000000	8000.000000000	15459.000000000	default-discount	data/n040-set03/random/base/narrow/m2.dat	outsourcing-data/default-discount/rate-1/n040-set03/random/base/narrow/m2.dat
n040-set03	40	2	random	narrow	2.000000	0.150000	4000.000000000	8000.000000000	30918.000000000	default-discount	data/n040-set03/random/base/narrow/m2.dat	outsourcing-data/default-discount/rate-2/n040-set03/random/base/narrow/m2.dat
n040-set03	40	3	random	narrow	0.500000	0.150000	4000.000000000	8000.000000000	7729.500000000	default-discount	data/n040-set03/random/base/narrow/m3.dat	outsourcing-data/default-discount/rate-0.5/n040-set03/random/base/narrow/m3.dat
n040-set03	40	3	random	narrow	1.000000	0.150000	4000.000000000	8000.000000000	15459.000000000	default-discount	data/n040-set03/random/base/narrow/m3.dat	outsourcing-data/default-discount/rate-1/n040-set03/random/base/narrow/m3.dat
n040-set03	40	3	random	narrow	2.000000	0.150000	4000.000000000	8000.000000000	30918.000000000	default-discount	data/n040-set03/random/base/narrow/m3.dat	outsourcing-data/default-discount/rate-2/n040-set03/random/base/narrow/m3.dat
n040-set03	40	4	random	narrow	0.500000	0.150000	4000.000000000	8000.000000000	7729.500000000	default-discount	data/n040-set03/random/base/narrow/m4.dat	outsourcing-data/default-discount/rate-0.5/n040-set03/random/base/narrow/m4.dat
n040-set03	40	4	random	narrow	1.000000	0.150000	4000.000000000	8000.000000000	15459.000000000	default-discount	data/n040-set03/random/base/narrow/m4.dat	outsourcing-data/default-discount/rate-1/n040-set03/random/base/narrow/m4.dat
n040-set03	40	4	random	narrow	2.000000	0.150000	4000.000000000	8000.000000000	30918.000000000	default-discount	data/n040-set03/random/base/narrow/m4.dat	outsourcing-data/default-discount/rate-2/n040-set03/random/base/narrow/m4.dat
n040-set03	40	2	random	wide	0.500000	0.150000	4000.000000000	8000.000000000	7729.500000000	default-discount	data/n040-set03/random/base/wide/m2.dat	outsourcing-data/default-discount/rate-0.5/n040-set03/random/base/wide/m2.dat
n040-set03	40	2	random	wide	1.000000	0.150000	4000.000000000	8000.000000000	15459.000000000	default-discount	data/n040-set03/random/base/wide/m2.dat	outsourcing-data/default-discount/rate-1/n040-set03/random/base/wide/m2.dat
n040-set03	40	2	random	wide	2.000000	0.150000	4000.000000000	8000.000000000	30918.000000000	default-discount	data/n040-set03/random/base/wide/m2.dat	outsourcing-data/default-discount/rate-2/n040-set03/random/base/wide/m2.dat
n040-set03	40	3	random	wide	0.500000	0.150000	4000.000000000	8000.000000000	7729.500000000	default-discount	data/n040-set03/random/base/wide/m3.dat	outsourcing-data/default-discount/rate-0.5/n040-set03/random/base/wide/m3.dat
n040-set03	40	3	random	wide	1.000000	0.150000	4000.000000000	8000.000000000	15459.000000000	default-discount	data/n040-set03/random/base/wide/m3.dat	outsourcing-data/default-discount/rate-1/n040-set03/random/base/wide/m3.dat
n040-set03	40	3	random	wide	2.000000	0.150000	4000.000000000	8000.000000000	30918.000000000	default-discount	data/n040-set03/random/base/wide/m3.dat	outsourcing-data/default-discount/rate-2/n040-set03/random/base/wide/m3.dat
n040-set03	40	4	random	wide	0.500000	0.150000	4000.000000000	8000.000000000	7729.500000000	default-discount	data/n040-set03/random/base/wide/m4.dat	outsourcing-data/default-discount/rate-0.5/n040-set03/random/base/wide/m4.dat
n040-set03	40	4	random	wide	1.000000	0.150000	4000.000000000	8000.000000000	15459.000000000	default-discount	data/n040-set03/random/base/wide/m4.dat	outsourcing-data/default-discount/rate-1/n040-set03/random/base/wide/m4.dat
n040-set03	40	4	random	wide	2.000000	0.150000	4000.000000000	8000.000000000	30918.000000000	default-discount	data/n040-set03/random/base/wide/m4.dat	outsourcing-data/default-discount/rate-2/n040-set03/random/base/wide/m4.dat
n040-set03	40	2	family	zero	0.500000	0.150000	4000.000000000	8000.000000000	7729.500000000	default-discount	data/n040-set03/family/base/zero/m2.dat	outsourcing-data/default-discount/rate-0.5/n040-set03/family/base/zero/m2.dat
n040-set03	40	2	family	zero	1.000000	0.150000	4000.000000000	8000.000000000	15459.000000000	default-discount	data/n040-set03/family/base/zero/m2.dat	outsourcing-data/default-discount/rate-1/n040-set03/family/base/zero/m2.dat
n040-set03	40	2	family	zero	2.000000	0.150000	4000.000000000	8000.000000000	30918.000000000	default-discount	data/n040-set03/family/base/zero/m2.dat	outsourcing-data/default-discount/rate-2/n040-set03/family/base/zero/m2.dat
n040-set03	40	3	family	zero	0.500000	0.150000	4000.000000000	8000.000000000	7729.500000000	default-discount	data/n040-set03/family/base/zero/m3.dat	outsourcing-data/default-discount/rate-0.5/n040-set03/family/base/zero/m3.dat
n040-set03	40	3	family	zero	1.000000	0.150000	4000.000000000	8000.000000000	15459.000000000	default-discount	data/n040-set03/family/base/zero/m3.dat	outsourcing-data/default-discount/rate-1/n040-set03/family/base/zero/m3.dat
n040-set03	40	3	family	zero	2.000000	0.150000	4000.000000000	8000.000000000	30918.000000000	default-discount	data/n040-set03/family/base/zero/m3.dat	outsourcing-data/default-discount/rate-2/n040-set03/family/base/zero/m3.dat
n040-set03	40	4	family	zero	0.500000	0.150000	4000.000000000	8000.000000000	7729.500000000	default-discount	data/n040-set03/family/base/zero/m4.dat	outsourcing-data/default-discount/rate-0.5/n040-set03/family/base/zero/m4.dat
n040-set03	40	4	family	zero	1.000000	0.150000	4000.000000000	8000.000000000	15459.000000000	default-discount	data/n040-set03/family/base/zero/m4.dat	outsourcing-data/default-discount/rate-1/n040-set03/family/base/zero/m4.dat
n040-set03	40	4	family	zero	2.000000	0.150000	4000.000000000	8000.000000000	30918.000000000	default-discount	data/n040-set03/family/base/zero/m4.dat	outsourcing-data/default-discount/rate-2/n040-set03/family/base/zero/m4.dat
n040-set03	40	2	family	narrow	0.500000	0.150000	4000.000000000	8000.000000000	7729.500000000	default-discount	data/n040-set03/family/base/narrow/m2.dat	outsourcing-data/default-discount/rate-0.5/n040-set03/family/base/narrow/m2.dat
n040-set03	40	2	family	narrow	1.000000	0.150000	4000.000000000	8000.000000000	15459.000000000	default-discount	data/n040-set03/family/base/narrow/m2.dat	outsourcing-data/default-discount/rate-1/n040-set03/family/base/narrow/m2.dat
n040-set03	40	2	family	narrow	2.000000	0.150000	4000.000000000	8000.000000000	30918.000000000	default-discount	data/n040-set03/family/base/narrow/m2.dat	outsourcing-data/default-discount/rate-2/n040-set03/family/base/narrow/m2.dat
n040-set03	40	3	family	narrow	0.500000	0.150000	4000.000000000	8000.000000000	7729.500000000	default-discount	data/n040-set03/family/base/narrow/m3.dat	outsourcing-data/default-discount/rate-0.5/n040-set03/family/base/narrow/m3.dat
n040-set03	40	3	family	narrow	1.000000	0.150000	4000.000000000	8000.000000000	15459.000000000	default-discount	data/n040-set03/family/base/narrow/m3.dat	outsourcing-data/default-discount/rate-1/n040-set03/family/base/narrow/m3.dat
n040-set03	40	3	family	narrow	2.000000	0.150000	4000.000000000	8000.000000000	30918.000000000	default-discount	data/n040-set03/family/base/narrow/m3.dat	outsourcing-data/default-discount/rate-2/n040-set03/family/base/narrow/m3.dat
n040-set03	40	4	family	narrow	0.500000	0.150000	4000.000000000	8000.000000000	7729.500000000	default-discount	data/n040-set03/family/base/narrow/m4.dat	outsourcing-data/default-discount/rate-0.5/n040-set03/family/base/narrow/m4.dat
n040-set03	40	4	family	narrow	1.000000	0.150000	4000.000000000	8000.000000000	15459.000000000	default-discount	data/n040-set03/family/base/narrow/m4.dat	outsourcing-data/default-discount/rate-1/n040-set03/family/base/narrow/m4.dat
n040-set03	40	4	family	narrow	2.000000	0.150000	4000.000000000	8000.000000000	30918.000000000	default-discount	data/n040-set03/family/base/narrow/m4.dat	outsourcing-data/default-discount/rate-2/n040-set03/family/base/narrow/m4.dat
n040-set03	40	2	family	wide	0.500000	0.150000	4000.000000000	8000.000000000	7729.500000000	default-discount	data/n040-set03/family/base/wide/m2.dat	outsourcing-data/default-discount/rate-0.5/n040-set03/family/base/wide/m2.dat
n040-set03	40	2	family	wide	1.000000	0.150000	4000.000000000	8000.000000000	15459.000000000	default-discount	data/n040-set03/family/base/wide/m2.dat	outsourcing-data/default-discount/rate-1/n040-set03/family/base/wide/m2.dat
n040-set03	40	2	family	wide	2.000000	0.150000	4000.000000000	8000.000000000	30918.000000000	default-discount	data/n040-set03/family/base/wide/m2.dat	outsourcing-data/default-discount/rate-2/n040-set03/family/base/wide/m2.dat
n040-set03	40	3	family	wide	0.500000	0.150000	4000.000000000	8000.000000000	7729.500000000	default-discount	data/n040-set03/family/base/wide/m3.dat	outsourcing-data/default-discount/rate-0.5/n040-set03/family/base/wide/m3.dat
n040-set03	40	3	family	wide	1.000000	0.150000	4000.000000000	8000.000000000	15459.000000000	default-discount	data/n040-set03/family/base/wide/m3.dat	outsourcing-data/default-discount/rate-1/n040-set03/family/base/wide/m3.dat
n040-set03	40	3	family	wide	2.000000	0.150000	4000.000000000	8000.000000000	30918.000000000	default-discount	data/n040-set03/family/base/wide/m3.dat	outsourcing-data/default-discount/rate-2/n040-set03/family/base/wide/m3.dat
n040-set03	40	4	family	wide	0.500000	0.150000	4000.000000000	8000.000000000	7729.500000000	default-discount	data/n040-set03/family/base/wide/m4.dat	outsourcing-data/default-discount/rate-0.5/n040-set03/family/base/wide/m4.dat
n040-set03	40	4	family	wide	1.000000	0.150000	4000.000000000	8000.000000000	15459.000000000	default-discount	data/n040-set03/family/base/wide/m4.dat	outsourcing-data/default-discount/rate-1/n040-set03/family/base/wide/m4.dat
n040-set03	40	4	family	wide	2.000000	0.150000	4000.000000000	8000.000000000	30918.000000000	default-discount	data/n040-set03/family/base/wide/m4.dat	outsourcing-data/default-discount/rate-2/n040-set03/family/base/wide/m4.dat
n040-set04	40	2	random	zero	0.500000	0.150000	4000.000000000	8000.000000000	6606.000000000	default-discount	data/n040-set04/random/base/zero/m2.dat	outsourcing-data/default-discount/rate-0.5/n040-set04/random/base/zero/m2.dat
n040-set04	40	2	random	zero	1.000000	0.150000	4000.000000000	8000.000000000	13212.000000000	default-discount	data/n040-set04/random/base/zero/m2.dat	outsourcing-data/default-discount/rate-1/n040-set04/random/base/zero/m2.dat
n040-set04	40	2	random	zero	2.000000	0.150000	4000.000000000	8000.000000000	26424.000000000	default-discount	data/n040-set04/random/base/zero/m2.dat	outsourcing-data/default-discount/rate-2/n040-set04/random/base/zero/m2.dat
n040-set04	40	3	random	zero	0.500000	0.150000	4000.000000000	8000.000000000	6606.000000000	default-discount	data/n040-set04/random/base/zero/m3.dat	outsourcing-data/default-discount/rate-0.5/n040-set04/random/base/zero/m3.dat
n040-set04	40	3	random	zero	1.000000	0.150000	4000.000000000	8000.000000000	13212.000000000	default-discount	data/n040-set04/random/base/zero/m3.dat	outsourcing-data/default-discount/rate-1/n040-set04/random/base/zero/m3.dat
n040-set04	40	3	random	zero	2.000000	0.150000	4000.000000000	8000.000000000	26424.000000000	default-discount	data/n040-set04/random/base/zero/m3.dat	outsourcing-data/default-discount/rate-2/n040-set04/random/base/zero/m3.dat
n040-set04	40	4	random	zero	0.500000	0.150000	4000.000000000	8000.000000000	6606.000000000	default-discount	data/n040-set04/random/base/zero/m4.dat	outsourcing-data/default-discount/rate-0.5/n040-set04/random/base/zero/m4.dat
n040-set04	40	4	random	zero	1.000000	0.150000	4000.000000000	8000.000000000	13212.000000000	default-discount	data/n040-set04/random/base/zero/m4.dat	outsourcing-data/default-discount/rate-1/n040-set04/random/base/zero/m4.dat
n040-set04	40	4	random	zero	2.000000	0.150000	4000.000000000	8000.000000000	26424.000000000	default-discount	data/n040-set04/random/base/zero/m4.dat	outsourcing-data/default-discount/rate-2/n040-set04/random/base/zero/m4.dat
n040-set04	40	2	random	narrow	0.500000	0.150000	4000.000000000	8000.000000000	6606.000000000	default-discount	data/n040-set04/random/base/narrow/m2.dat	outsourcing-data/default-discount/rate-0.5/n040-set04/random/base/narrow/m2.dat
n040-set04	40	2	random	narrow	1.000000	0.150000	4000.000000000	8000.000000000	13212.000000000	default-discount	data/n040-set04/random/base/narrow/m2.dat	outsourcing-data/default-discount/rate-1/n040-set04/random/base/narrow/m2.dat
n040-set04	40	2	random	narrow	2.000000	0.150000	4000.000000000	8000.000000000	26424.000000000	default-discount	data/n040-set04/random/base/narrow/m2.dat	outsourcing-data/default-discount/rate-2/n040-set04/random/base/narrow/m2.dat
n040-set04	40	3	random	narrow	0.500000	0.150000	4000.000000000	8000.000000000	6606.000000000	default-discount	data/n040-set04/random/base/narrow/m3.dat	outsourcing-data/default-discount/rate-0.5/n040-set04/random/base/narrow/m3.dat
n040-set04	40	3	random	narrow	1.000000	0.150000	4000.000000000	8000.000000000	13212.000000000	default-discount	data/n040-set04/random/base/narrow/m3.dat	outsourcing-data/default-discount/rate-1/n040-set04/random/base/narrow/m3.dat
n040-set04	40	3	random	narrow	2.000000	0.150000	4000.000000000	8000.000000000	26424.000000000	default-discount	data/n040-set04/random/base/narrow/m3.dat	outsourcing-data/default-discount/rate-2/n040-set04/random/base/narrow/m3.dat
n040-set04	40	4	random	narrow	0.500000	0.150000	4000.000000000	8000.000000000	6606.000000000	default-discount	data/n040-set04/random/base/narrow/m4.dat	outsourcing-data/default-discount/rate-0.5/n040-set04/random/base/narrow/m4.dat
n040-set04	40	4	random	narrow	1.000000	0.150000	4000.000000000	8000.000000000	13212.000000000	default-discount	data/n040-set04/random/base/narrow/m4.dat	outsourcing-data/default-discount/rate-1/n040-set04/random/base/narrow/m4.dat
n040-set04	40	4	random	narrow	2.000000	0.150000	4000.000000000	8000.000000000	26424.000000000	default-discount	data/n040-set04/random/base/narrow/m4.dat	outsourcing-data/default-discount/rate-2/n040-set04/random/base/narrow/m4.dat
n040-set04	40	2	random	wide	0.500000	0.150000	4000.000000000	8000.000000000	6606.000000000	default-discount	data/n040-set04/random/base/wide/m2.dat	outsourcing-data/default-discount/rate-0.5/n040-set04/random/base/wide/m2.dat
n040-set04	40	2	random	wide	1.000000	0.150000	4000.000000000	8000.000000000	13212.000000000	default-discount	data/n040-set04/random/base/wide/m2.dat	outsourcing-data/default-discount/rate-1/n040-set04/random/base/wide/m2.dat
n040-set04	40	2	random	wide	2.000000	0.150000	4000.000000000	8000.000000000	26424.000000000	default-discount	data/n040-set04/random/base/wide/m2.dat	outsourcing-data/default-discount/rate-2/n040-set04/random/base/wide/m2.dat
n040-set04	40	3	random	wide	0.500000	0.150000	4000.000000000	8000.000000000	6606.000000000	default-discount	data/n040-set04/random/base/wide/m3.dat	outsourcing-data/default-discount/rate-0.5/n040-set04/random/base/wide/m3.dat
n040-set04	40	3	random	wide	1.000000	0.150000	4000.000000000	8000.000000000	13212.000000000	default-discount	data/n040-set04/random/base/wide/m3.dat	outsourcing-data/default-discount/rate-1/n040-set04/random/base/wide/m3.dat
n040-set04	40	3	random	wide	2.000000	0.150000	4000.000000000	8000.000000000	26424.000000000	default-discount	data/n040-set04/random/base/wide/m3.dat	outsourcing-data/default-discount/rate-2/n040-set04/random/base/wide/m3.dat
n040-set04	40	4	random	wide	0.500000	0.150000	4000.000000000	8000.000000000	6606.000000000	default-discount	data/n040-set04/random/base/wide/m4.dat	outsourcing-data/default-discount/rate-0.5/n040-set04/random/base/wide/m4.dat
n040-set04	40	4	random	wide	1.000000	0.150000	4000.000000000	8000.000000000	13212.000000000	default-discount	data/n040-set04/random/base/wide/m4.dat	outsourcing-data/default-discount/rate-1/n040-set04/random/base/wide/m4.dat
n040-set04	40	4	random	wide	2.000000	0.150000	4000.000000000	8000.000000000	26424.000000000	default-discount	data/n040-set04/random/base/wide/m4.dat	outsourcing-data/default-discount/rate-2/n040-set04/random/base/wide/m4.dat
n040-set04	40	2	family	zero	0.500000	0.150000	4000.000000000	8000.000000000	6606.000000000	default-discount	data/n040-set04/family/base/zero/m2.dat	outsourcing-data/default-discount/rate-0.5/n040-set04/family/base/zero/m2.dat
n040-set04	40	2	family	zero	1.000000	0.150000	4000.000000000	8000.000000000	13212.000000000	default-discount	data/n040-set04/family/base/zero/m2.dat	outsourcing-data/default-discount/rate-1/n040-set04/family/base/zero/m2.dat
n040-set04	40	2	family	zero	2.000000	0.150000	4000.000000000	8000.000000000	26424.000000000	default-discount	data/n040-set04/family/base/zero/m2.dat	outsourcing-data/default-discount/rate-2/n040-set04/family/base/zero/m2.dat
n040-set04	40	3	family	zero	0.500000	0.150000	4000.000000000	8000.000000000	6606.000000000	default-discount	data/n040-set04/family/base/zero/m3.dat	outsourcing-data/default-discount/rate-0.5/n040-set04/family/base/zero/m3.dat
n040-set04	40	3	family	zero	1.000000	0.150000	4000.000000000	8000.000000000	13212.000000000	default-discount	data/n040-set04/family/base/zero/m3.dat	outsourcing-data/default-discount/rate-1/n040-set04/family/base/zero/m3.dat
n040-set04	40	3	family	zero	2.000000	0.150000	4000.000000000	8000.000000000	26424.000000000	default-discount	data/n040-set04/family/base/zero/m3.dat	outsourcing-data/default-discount/rate-2/n040-set04/family/base/zero/m3.dat
n040-set04	40	4	family	zero	0.500000	0.150000	4000.000000000	8000.000000000	6606.000000000	default-discount	data/n040-set04/family/base/zero/m4.dat	outsourcing-data/default-discount/rate-0.5/n040-set04/family/base/zero/m4.dat
n040-set04	40	4	family	zero	1.000000	0.150000	4000.000000000	8000.000000000	13212.000000000	default-discount	data/n040-set04/family/base/zero/m4.dat	outsourcing-data/default-discount/rate-1/n040-set04/family/base/zero/m4.dat
n040-set04	40	4	family	zero	2.000000	0.150000	4000.000000000	8000.000000000	26424.000000000	default-discount	data/n040-set04/family/base/zero/m4.dat	outsourcing-data/default-discount/rate-2/n040-set04/family/base/zero/m4.dat
n040-set04	40	2	family	narrow	0.500000	0.150000	4000.000000000	8000.000000000	6606.000000000	default-discount	data/n040-set04/family/base/narrow/m2.dat	outsourcing-data/default-discount/rate-0.5/n040-set04/family/base/narrow/m2.dat
n040-set04	40	2	family	narrow	1.000000	0.150000	4000.000000000	8000.000000000	13212.000000000	default-discount	data/n040-set04/family/base/narrow/m2.dat	outsourcing-data/default-discount/rate-1/n040-set04/family/base/narrow/m2.dat
n040-set04	40	2	family	narrow	2.000000	0.150000	4000.000000000	8000.000000000	26424.000000000	default-discount	data/n040-set04/family/base/narrow/m2.dat	outsourcing-data/default-discount/rate-2/n040-set04/family/base/narrow/m2.dat
n040-set04	40	3	family	narrow	0.500000	0.150000	4000.000000000	8000.000000000	6606.000000000	default-discount	data/n040-set04/family/base/narrow/m3.dat	outsourcing-data/default-discount/rate-0.5/n040-set04/family/base/narrow/m3.dat
n040-set04	40	3	family	narrow	1.000000	0.150000	4000.000000000	8000.000000000	13212.000000000	default-discount	data/n040-set04/family/base/narrow/m3.dat	outsourcing-data/default-discount/rate-1/n040-set04/family/base/narrow/m3.dat
n040-set04	40	3	family	narrow	2.000000	0.150000	4000.000000000	8000.000000000	26424.000000000	default-discount	data/n040-set04/family/base/narrow/m3.dat	outsourcing-data/default-discount/rate-2/n040-set04/family/base/narrow/m3.dat
n040-set04	40	4	family	narrow	0.500000	0.150000	4000.000000000	8000.000000000	6606.000000000	default-discount	data/n040-set04/family/base/narrow/m4.dat	outsourcing-data/default-discount/rate-0.5/n040-set04/family/base/narrow/m4.dat
n040-set04	40	4	family	narrow	1.000000	0.150000	4000.000000000	8000.000000000	13212.000000000	default-discount	data/n040-set04/family/base/narrow/m4.dat	outsourcing-data/default-discount/rate-1/n040-set04/family/base/narrow/m4.dat
n040-set04	40	4	family	narrow	2.000000	0.150000	4000.000000000	8000.000000000	26424.000000000	default-discount	data/n040-set04/family/base/narrow/m4.dat	outsourcing-data/default-discount/rate-2/n040-set04/family/base/narrow/m4.dat
n040-set04	40	2	family	wide	0.500000	0.150000	4000.000000000	8000.000000000	6606.000000000	default-discount	data/n040-set04/family/base/wide/m2.dat	outsourcing-data/default-discount/rate-0.5/n040-set04/family/base/wide/m2.dat
n040-set04	40	2	family	wide	1.000000	0.150000	4000.000000000	8000.000000000	13212.000000000	default-discount	data/n040-set04/family/base/wide/m2.dat	outsourcing-data/default-discount/rate-1/n040-set04/family/base/wide/m2.dat
n040-set04	40	2	family	wide	2.000000	0.150000	4000.000000000	8000.000000000	26424.000000000	default-discount	data/n040-set04/family/base/wide/m2.dat	outsourcing-data/default-discount/rate-2/n040-set04/family/base/wide/m2.dat
n040-set04	40	3	family	wide	0.500000	0.150000	4000.000000000	8000.000000000	6606.000000000	default-discount	data/n040-set04/family/base/wide/m3.dat	outsourcing-data/default-discount/rate-0.5/n040-set04/family/base/wide/m3.dat
n040-set04	40	3	family	wide	1.000000	0.150000	4000.000000000	8000.000000000	13212.000000000	default-discount	data/n040-set04/family/base/wide/m3.dat	outsourcing-data/default-discount/rate-1/n040-set04/family/base/wide/m3.dat
n040-set04	40	3	family	wide	2.000000	0.150000	4000.000000000	8000.000000000	26424.000000000	default-discount	data/n040-set04/family/base/wide/m3.dat	outsourcing-data/default-discount/rate-2/n040-set04/family/base/wide/m3.dat
n040-set04	40	4	family	wide	0.500000	0.150000	4000.000000000	8000.000000000	6606.000000000	default-discount	data/n040-set04/family/base/wide/m4.dat	outsourcing-data/default-discount/rate-0.5/n040-set04/family/base/wide/m4.dat
n040-set04	40	4	family	wide	1.000000	0.150000	4000.000000000	8000.000000000	13212.000000000	default-discount	data/n040-set04/family/base/wide/m4.dat	outsourcing-data/default-discount/rate-1/n040-set04/family/base/wide/m4.dat
n040-set04	40	4	family	wide	2.000000	0.150000	4000.000000000	8000.000000000	26424.000000000	default-discount	data/n040-set04/family/base/wide/m4.dat	outsourcing-data/default-discount/rate-2/n040-set04/family/base/wide/m4.dat
n040-set05	40	2	random	zero	0.500000	0.150000	4000.000000000	8000.000000000	7264.500000000	default-discount	data/n040-set05/random/base/zero/m2.dat	outsourcing-data/default-discount/rate-0.5/n040-set05/random/base/zero/m2.dat
n040-set05	40	2	random	zero	1.000000	0.150000	4000.000000000	8000.000000000	14529.000000000	default-discount	data/n040-set05/random/base/zero/m2.dat	outsourcing-data/default-discount/rate-1/n040-set05/random/base/zero/m2.dat
n040-set05	40	2	random	zero	2.000000	0.150000	4000.000000000	8000.000000000	29058.000000000	default-discount	data/n040-set05/random/base/zero/m2.dat	outsourcing-data/default-discount/rate-2/n040-set05/random/base/zero/m2.dat
n040-set05	40	3	random	zero	0.500000	0.150000	4000.000000000	8000.000000000	7264.500000000	default-discount	data/n040-set05/random/base/zero/m3.dat	outsourcing-data/default-discount/rate-0.5/n040-set05/random/base/zero/m3.dat
n040-set05	40	3	random	zero	1.000000	0.150000	4000.000000000	8000.000000000	14529.000000000	default-discount	data/n040-set05/random/base/zero/m3.dat	outsourcing-data/default-discount/rate-1/n040-set05/random/base/zero/m3.dat
n040-set05	40	3	random	zero	2.000000	0.150000	4000.000000000	8000.000000000	29058.000000000	default-discount	data/n040-set05/random/base/zero/m3.dat	outsourcing-data/default-discount/rate-2/n040-set05/random/base/zero/m3.dat
n040-set05	40	4	random	zero	0.500000	0.150000	4000.000000000	8000.000000000	7264.500000000	default-discount	data/n040-set05/random/base/zero/m4.dat	outsourcing-data/default-discount/rate-0.5/n040-set05/random/base/zero/m4.dat
n040-set05	40	4	random	zero	1.000000	0.150000	4000.000000000	8000.000000000	14529.000000000	default-discount	data/n040-set05/random/base/zero/m4.dat	outsourcing-data/default-discount/rate-1/n040-set05/random/base/zero/m4.dat
n040-set05	40	4	random	zero	2.000000	0.150000	4000.000000000	8000.000000000	29058.000000000	default-discount	data/n040-set05/random/base/zero/m4.dat	outsourcing-data/default-discount/rate-2/n040-set05/random/base/zero/m4.dat
n040-set05	40	2	random	narrow	0.500000	0.150000	4000.000000000	8000.000000000	7264.500000000	default-discount	data/n040-set05/random/base/narrow/m2.dat	outsourcing-data/default-discount/rate-0.5/n040-set05/random/base/narrow/m2.dat
n040-set05	40	2	random	narrow	1.000000	0.150000	4000.000000000	8000.000000000	14529.000000000	default-discount	data/n040-set05/random/base/narrow/m2.dat	outsourcing-data/default-discount/rate-1/n040-set05/random/base/narrow/m2.dat
n040-set05	40	2	random	narrow	2.000000	0.150000	4000.000000000	8000.000000000	29058.000000000	default-discount	data/n040-set05/random/base/narrow/m2.dat	outsourcing-data/default-discount/rate-2/n040-set05/random/base/narrow/m2.dat
n040-set05	40	3	random	narrow	0.500000	0.150000	4000.000000000	8000.000000000	7264.500000000	default-discount	data/n040-set05/random/base/narrow/m3.dat	outsourcing-data/default-discount/rate-0.5/n040-set05/random/base/narrow/m3.dat
n040-set05	40	3	random	narrow	1.000000	0.150000	4000.000000000	8000.000000000	14529.000000000	default-discount	data/n040-set05/random/base/narrow/m3.dat	outsourcing-data/default-discount/rate-1/n040-set05/random/base/narrow/m3.dat
n040-set05	40	3	random	narrow	2.000000	0.150000	4000.000000000	8000.000000000	29058.000000000	default-discount	data/n040-set05/random/base/narrow/m3.dat	outsourcing-data/default-discount/rate-2/n040-set05/random/base/narrow/m3.dat
n040-set05	40	4	random	narrow	0.500000	0.150000	4000.000000000	8000.000000000	7264.500000000	default-discount	data/n040-set05/random/base/narrow/m4.dat	outsourcing-data/default-discount/rate-0.5/n040-set05/random/base/narrow/m4.dat
n040-set05	40	4	random	narrow	1.000000	0.150000	4000.000000000	8000.000000000	14529.000000000	default-discount	data/n040-set05/random/base/narrow/m4.dat	outsourcing-data/default-discount/rate-1/n040-set05/random/base/narrow/m4.dat
n040-set05	40	4	random	narrow	2.000000	0.150000	4000.000000000	8000.000000000	29058.000000000	default-discount	data/n040-set05/random/base/narrow/m4.dat	outsourcing-data/default-discount/rate-2/n040-set05/random/base/narrow/m4.dat
n040-set05	40	2	random	wide	0.500000	0.150000	4000.000000000	8000.000000000	7264.500000000	default-discount	data/n040-set05/random/base/wide/m2.dat	outsourcing-data/default-discount/rate-0.5/n040-set05/random/base/wide/m2.dat
n040-set05	40	2	random	wide	1.000000	0.150000	4000.000000000	8000.000000000	14529.000000000	default-discount	data/n040-set05/random/base/wide/m2.dat	outsourcing-data/default-discount/rate-1/n040-set05/random/base/wide/m2.dat
n040-set05	40	2	random	wide	2.000000	0.150000	4000.000000000	8000.000000000	29058.000000000	default-discount	data/n040-set05/random/base/wide/m2.dat	outsourcing-data/default-discount/rate-2/n040-set05/random/base/wide/m2.dat
n040-set05	40	3	random	wide	0.500000	0.150000	4000.000000000	8000.000000000	7264.500000000	default-discount	data/n040-set05/random/base/wide/m3.dat	outsourcing-data/default-discount/rate-0.5/n040-set05/random/base/wide/m3.dat
n040-set05	40	3	random	wide	1.000000	0.150000	4000.000000000	8000.000000000	14529.000000000	default-discount	data/n040-set05/random/base/wide/m3.dat	outsourcing-data/default-discount/rate-1/n040-set05/random/base/wide/m3.dat
n040-set05	40	3	random	wide	2.000000	0.150000	4000.000000000	8000.000000000	29058.000000000	default-discount	data/n040-set05/random/base/wide/m3.dat	outsourcing-data/default-discount/rate-2/n040-set05/random/base/wide/m3.dat
n040-set05	40	4	random	wide	0.500000	0.150000	4000.000000000	8000.000000000	7264.500000000	default-discount	data/n040-set05/random/base/wide/m4.dat	outsourcing-data/default-discount/rate-0.5/n040-set05/random/base/wide/m4.dat
n040-set05	40	4	random	wide	1.000000	0.150000	4000.000000000	8000.000000000	14529.000000000	default-discount	data/n040-set05/random/base/wide/m4.dat	outsourcing-data/default-discount/rate-1/n040-set05/random/base/wide/m4.dat
n040-set05	40	4	random	wide	2.000000	0.150000	4000.000000000	8000.000000000	29058.000000000	default-discount	data/n040-set05/random/base/wide/m4.dat	outsourcing-data/default-discount/rate-2/n040-set05/random/base/wide/m4.dat
n040-set05	40	2	family	zero	0.500000	0.150000	4000.000000000	8000.000000000	7264.500000000	default-discount	data/n040-set05/family/base/zero/m2.dat	outsourcing-data/default-discount/rate-0.5/n040-set05/family/base/zero/m2.dat
n040-set05	40	2	family	zero	1.000000	0.150000	4000.000000000	8000.000000000	14529.000000000	default-discount	data/n040-set05/family/base/zero/m2.dat	outsourcing-data/default-discount/rate-1/n040-set05/family/base/zero/m2.dat
n040-set05	40	2	family	zero	2.000000	0.150000	4000.000000000	8000.000000000	29058.000000000	default-discount	data/n040-set05/family/base/zero/m2.dat	outsourcing-data/default-discount/rate-2/n040-set05/family/base/zero/m2.dat
n040-set05	40	3	family	zero	0.500000	0.150000	4000.000000000	8000.000000000	7264.500000000	default-discount	data/n040-set05/family/base/zero/m3.dat	outsourcing-data/default-discount/rate-0.5/n040-set05/family/base/zero/m3.dat
n040-set05	40	3	family	zero	1.000000	0.150000	4000.000000000	8000.000000000	14529.000000000	default-discount	data/n040-set05/family/base/zero/m3.dat	outsourcing-data/default-discount/rate-1/n040-set05/family/base/zero/m3.dat
n040-set05	40	3	family	zero	2.000000	0.150000	4000.000000000	8000.000000000	29058.000000000	default-discount	data/n040-set05/family/base/zero/m3.dat	outsourcing-data/default-discount/rate-2/n040-set05/family/base/zero/m3.dat
n040-set05	40	4	family	zero	0.500000	0.150000	4000.000000000	8000.000000000	7264.500000000	default-discount	data/n040-set05/family/base/zero/m4.dat	outsourcing-data/default-discount/rate-0.5/n040-set05/family/base/zero/m4.dat
n040-set05	40	4	family	zero	1.000000	0.150000	4000.000000000	8000.000000000	14529.000000000	default-discount	data/n040-set05/family/base/zero/m4.dat	outsourcing-data/default-discount/rate-1/n040-set05/family/base/zero/m4.dat
n040-set05	40	4	family	zero	2.000000	0.150000	4000.000000000	8000.000000000	29058.000000000	default-discount	data/n040-set05/family/base/zero/m4.dat	outsourcing-data/default-discount/rate-2/n040-set05/family/base/zero/m4.dat
n040-set05	40	2	family	narrow	0.500000	0.150000	4000.000000000	8000.000000000	7264.500000000	default-discount	data/n040-set05/family/base/narrow/m2.dat	outsourcing-data/default-discount/rate-0.5/n040-set05/family/base/narrow/m2.dat
n040-set05	40	2	family	narrow	1.000000	0.150000	4000.000000000	8000.000000000	14529.000000000	default-discount	data/n040-set05/family/base/narrow/m2.dat	outsourcing-data/default-discount/rate-1/n040-set05/family/base/narrow/m2.dat
n040-set05	40	2	family	narrow	2.000000	0.150000	4000.000000000	8000.000000000	29058.000000000	default-discount	data/n040-set05/family/base/narrow/m2.dat	outsourcing-data/default-discount/rate-2/n040-set05/family/base/narrow/m2.dat
n040-set05	40	3	family	narrow	0.500000	0.150000	4000.000000000	8000.000000000	7264.500000000	default-discount	data/n040-set05/family/base/narrow/m3.dat	outsourcing-data/default-discount/rate-0.5/n040-set05/family/base/narrow/m3.dat
n040-set05	40	3	family	narrow	1.000000	0.150000	4000.000000000	8000.000000000	14529.000000000	default-discount	data/n040-set05/family/base/narrow/m3.dat	outsourcing-data/default-discount/rate-1/n040-set05/family/base/narrow/m3.dat
n040-set05	40	3	family	narrow	2.000000	0.150000	4000.000000000	8000.000000000	29058.000000000	default-discount	data/n040-set05/family/base/narrow/m3.dat	outsourcing-data/default-discount/rate-2/n040-set05/family/base/narrow/m3.dat
n040-set05	40	4	family	narrow	0.500000	0.150000	4000.000000000	8000.000000000	7264.500000000	default-discount	data/n040-set05/family/base/narrow/m4.dat	outsourcing-data/default-discount/rate-0.5/n040-set05/family/base/narrow/m4.dat
n040-set05	40	4	family	narrow	1.000000	0.150000	4000.000000000	8000.000000000	14529.000000000	default-discount	data/n040-set05/family/base/narrow/m4.dat	outsourcing-data/default-discount/rate-1/n040-set05/family/base/narrow/m4.dat
n040-set05	40	4	family	narrow	2.000000	0.150000	4000.000000000	8000.000000000	29058.000000000	default-discount	data/n040-set05/family/base/narrow/m4.dat	outsourcing-data/default-discount/rate-2/n040-set05/family/base/narrow/m4.dat
n040-set05	40	2	family	wide	0.500000	0.150000	4000.000000000	8000.000000000	7264.500000000	default-discount	data/n040-set05/family/base/wide/m2.dat	outsourcing-data/default-discount/rate-0.5/n040-set05/family/base/wide/m2.dat
n040-set05	40	2	family	wide	1.000000	0.150000	4000.000000000	8000.000000000	14529.000000000	default-discount	data/n040-set05/family/base/wide/m2.dat	outsourcing-data/default-discount/rate-1/n040-set05/family/base/wide/m2.dat
n040-set05	40	2	family	wide	2.000000	0.150000	4000.000000000	8000.000000000	29058.000000000	default-discount	data/n040-set05/family/base/wide/m2.dat	outsourcing-data/default-discount/rate-2/n040-set05/family/base/wide/m2.dat
n040-set05	40	3	family	wide	0.500000	0.150000	4000.000000000	8000.000000000	7264.500000000	default-discount	data/n040-set05/family/base/wide/m3.dat	outsourcing-data/default-discount/rate-0.5/n040-set05/family/base/wide/m3.dat
n040-set05	40	3	family	wide	1.000000	0.150000	4000.000000000	8000.000000000	14529.000000000	default-discount	data/n040-set05/family/base/wide/m3.dat	outsourcing-data/default-discount/rate-1/n040-set05/family/base/wide/m3.dat
n040-set05	40	3	family	wide	2.000000	0.150000	4000.000000000	8000.000000000	29058.000000000	default-discount	data/n040-set05/family/base/wide/m3.dat	outsourcing-data/default-discount/rate-2/n040-set05/family/base/wide/m3.dat
n040-set05	40	4	family	wide	0.500000	0.150000	4000.000000000	8000.000000000	7264.500000000	default-discount	data/n040-set05/family/base/wide/m4.dat	outsourcing-data/default-discount/rate-0.5/n040-set05/family/base/wide/m4.dat
n040-set05	40	4	family	wide	1.000000	0.150000	4000.000000000	8000.000000000	14529.000000000	default-discount	data/n040-set05/family/base/wide/m4.dat	outsourcing-data/default-discount/rate-1/n040-set05/family/base/wide/m4.dat
n040-set05	40	4	family	wide	2.000000	0.150000	4000.000000000	8000.000000000	29058.000000000	default-discount	data/n040-set05/family/base/wide/m4.dat	outsourcing-data/default-discount/rate-2/n040-set05/family/base/wide/m4.dat
n050-set01	50	2	random	zero	0.500000	0.150000	4000.000000000	8000.000000000	9616.500000000	default-discount	data/n050-set01/random/base/zero/m2.dat	outsourcing-data/default-discount/rate-0.5/n050-set01/random/base/zero/m2.dat
n050-set01	50	2	random	zero	1.000000	0.150000	4000.000000000	8000.000000000	19233.000000000	default-discount	data/n050-set01/random/base/zero/m2.dat	outsourcing-data/default-discount/rate-1/n050-set01/random/base/zero/m2.dat
n050-set01	50	2	random	zero	2.000000	0.150000	4000.000000000	8000.000000000	38466.000000000	default-discount	data/n050-set01/random/base/zero/m2.dat	outsourcing-data/default-discount/rate-2/n050-set01/random/base/zero/m2.dat
n050-set01	50	2	random	zero	1.000000	0.000000	4000.000000000	8000.000000000	19233.000000000	no-discount	data/n050-set01/random/base/zero/m2.dat	outsourcing-data/no-discount/rate-1/n050-set01/random/base/zero/m2.dat
n050-set01	50	3	random	zero	0.500000	0.150000	4000.000000000	8000.000000000	9616.500000000	default-discount	data/n050-set01/random/base/zero/m3.dat	outsourcing-data/default-discount/rate-0.5/n050-set01/random/base/zero/m3.dat
n050-set01	50	3	random	zero	1.000000	0.150000	4000.000000000	8000.000000000	19233.000000000	default-discount	data/n050-set01/random/base/zero/m3.dat	outsourcing-data/default-discount/rate-1/n050-set01/random/base/zero/m3.dat
n050-set01	50	3	random	zero	2.000000	0.150000	4000.000000000	8000.000000000	38466.000000000	default-discount	data/n050-set01/random/base/zero/m3.dat	outsourcing-data/default-discount/rate-2/n050-set01/random/base/zero/m3.dat
n050-set01	50	3	random	zero	1.000000	0.000000	4000.000000000	8000.000000000	19233.000000000	no-discount	data/n050-set01/random/base/zero/m3.dat	outsourcing-data/no-discount/rate-1/n050-set01/random/base/zero/m3.dat
n050-set01	50	4	random	zero	0.500000	0.150000	4000.000000000	8000.000000000	9616.500000000	default-discount	data/n050-set01/random/base/zero/m4.dat	outsourcing-data/default-discount/rate-0.5/n050-set01/random/base/zero/m4.dat
n050-set01	50	4	random	zero	1.000000	0.150000	4000.000000000	8000.000000000	19233.000000000	default-discount	data/n050-set01/random/base/zero/m4.dat	outsourcing-data/default-discount/rate-1/n050-set01/random/base/zero/m4.dat
n050-set01	50	4	random	zero	2.000000	0.150000	4000.000000000	8000.000000000	38466.000000000	default-discount	data/n050-set01/random/base/zero/m4.dat	outsourcing-data/default-discount/rate-2/n050-set01/random/base/zero/m4.dat
n050-set01	50	4	random	zero	1.000000	0.000000	4000.000000000	8000.000000000	19233.000000000	no-discount	data/n050-set01/random/base/zero/m4.dat	outsourcing-data/no-discount/rate-1/n050-set01/random/base/zero/m4.dat
n050-set01	50	2	random	narrow	0.500000	0.150000	4000.000000000	8000.000000000	9616.500000000	default-discount	data/n050-set01/random/base/narrow/m2.dat	outsourcing-data/default-discount/rate-0.5/n050-set01/random/base/narrow/m2.dat
n050-set01	50	2	random	narrow	1.000000	0.150000	4000.000000000	8000.000000000	19233.000000000	default-discount	data/n050-set01/random/base/narrow/m2.dat	outsourcing-data/default-discount/rate-1/n050-set01/random/base/narrow/m2.dat
n050-set01	50	2	random	narrow	2.000000	0.150000	4000.000000000	8000.000000000	38466.000000000	default-discount	data/n050-set01/random/base/narrow/m2.dat	outsourcing-data/default-discount/rate-2/n050-set01/random/base/narrow/m2.dat
n050-set01	50	2	random	narrow	1.000000	0.000000	4000.000000000	8000.000000000	19233.000000000	no-discount	data/n050-set01/random/base/narrow/m2.dat	outsourcing-data/no-discount/rate-1/n050-set01/random/base/narrow/m2.dat
n050-set01	50	3	random	narrow	0.500000	0.150000	4000.000000000	8000.000000000	9616.500000000	default-discount	data/n050-set01/random/base/narrow/m3.dat	outsourcing-data/default-discount/rate-0.5/n050-set01/random/base/narrow/m3.dat
n050-set01	50	3	random	narrow	1.000000	0.150000	4000.000000000	8000.000000000	19233.000000000	default-discount	data/n050-set01/random/base/narrow/m3.dat	outsourcing-data/default-discount/rate-1/n050-set01/random/base/narrow/m3.dat
n050-set01	50	3	random	narrow	2.000000	0.150000	4000.000000000	8000.000000000	38466.000000000	default-discount	data/n050-set01/random/base/narrow/m3.dat	outsourcing-data/default-discount/rate-2/n050-set01/random/base/narrow/m3.dat
n050-set01	50	3	random	narrow	1.000000	0.000000	4000.000000000	8000.000000000	19233.000000000	no-discount	data/n050-set01/random/base/narrow/m3.dat	outsourcing-data/no-discount/rate-1/n050-set01/random/base/narrow/m3.dat
n050-set01	50	4	random	narrow	0.500000	0.150000	4000.000000000	8000.000000000	9616.500000000	default-discount	data/n050-set01/random/base/narrow/m4.dat	outsourcing-data/default-discount/rate-0.5/n050-set01/random/base/narrow/m4.dat
n050-set01	50	4	random	narrow	1.000000	0.150000	4000.000000000	8000.000000000	19233.000000000	default-discount	data/n050-set01/random/base/narrow/m4.dat	outsourcing-data/default-discount/rate-1/n050-set01/random/base/narrow/m4.dat
n050-set01	50	4	random	narrow	2.000000	0.150000	4000.000000000	8000.000000000	38466.000000000	default-discount	data/n050-set01/random/base/narrow/m4.dat	outsourcing-data/default-discount/rate-2/n050-set01/random/base/narrow/m4.dat
n050-set01	50	4	random	narrow	1.000000	0.000000	4000.000000000	8000.000000000	19233.000000000	no-discount	data/n050-set01/random/base/narrow/m4.dat	outsourcing-data/no-discount/rate-1/n050-set01/random/base/narrow/m4.dat
n050-set01	50	2	random	wide	0.500000	0.150000	4000.000000000	8000.000000000	9616.500000000	default-discount	data/n050-set01/random/base/wide/m2.dat	outsourcing-data/default-discount/rate-0.5/n050-set01/random/base/wide/m2.dat
n050-set01	50	2	random	wide	1.000000	0.150000	4000.000000000	8000.000000000	19233.000000000	default-discount	data/n050-set01/random/base/wide/m2.dat	outsourcing-data/default-discount/rate-1/n050-set01/random/base/wide/m2.dat
n050-set01	50	2	random	wide	2.000000	0.150000	4000.000000000	8000.000000000	38466.000000000	default-discount	data/n050-set01/random/base/wide/m2.dat	outsourcing-data/default-discount/rate-2/n050-set01/random/base/wide/m2.dat
n050-set01	50	2	random	wide	1.000000	0.000000	4000.000000000	8000.000000000	19233.000000000	no-discount	data/n050-set01/random/base/wide/m2.dat	outsourcing-data/no-discount/rate-1/n050-set01/random/base/wide/m2.dat
n050-set01	50	3	random	wide	0.500000	0.150000	4000.000000000	8000.000000000	9616.500000000	default-discount	data/n050-set01/random/base/wide/m3.dat	outsourcing-data/default-discount/rate-0.5/n050-set01/random/base/wide/m3.dat
n050-set01	50	3	random	wide	1.000000	0.150000	4000.000000000	8000.000000000	19233.000000000	default-discount	data/n050-set01/random/base/wide/m3.dat	outsourcing-data/default-discount/rate-1/n050-set01/random/base/wide/m3.dat
n050-set01	50	3	random	wide	2.000000	0.150000	4000.000000000	8000.000000000	38466.000000000	default-discount	data/n050-set01/random/base/wide/m3.dat	outsourcing-data/default-discount/rate-2/n050-set01/random/base/wide/m3.dat
n050-set01	50	3	random	wide	1.000000	0.000000	4000.000000000	8000.000000000	19233.000000000	no-discount	data/n050-set01/random/base/wide/m3.dat	outsourcing-data/no-discount/rate-1/n050-set01/random/base/wide/m3.dat
n050-set01	50	4	random	wide	0.500000	0.150000	4000.000000000	8000.000000000	9616.500000000	default-discount	data/n050-set01/random/base/wide/m4.dat	outsourcing-data/default-discount/rate-0.5/n050-set01/random/base/wide/m4.dat
n050-set01	50	4	random	wide	1.000000	0.150000	4000.000000000	8000.000000000	19233.000000000	default-discount	data/n050-set01/random/base/wide/m4.dat	outsourcing-data/default-discount/rate-1/n050-set01/random/base/wide/m4.dat
n050-set01	50	4	random	wide	2.000000	0.150000	4000.000000000	8000.000000000	38466.000000000	default-discount	data/n050-set01/random/base/wide/m4.dat	outsourcing-data/default-discount/rate-2/n050-set01/random/base/wide/m4.dat
n050-set01	50	4	random	wide	1.000000	0.000000	4000.000000000	8000.000000000	19233.000000000	no-discount	data/n050-set01/random/base/wide/m4.dat	outsourcing-data/no-discount/rate-1/n050-set01/random/base/wide/m4.dat
n050-set01	50	2	family	zero	0.500000	0.150000	4000.000000000	8000.000000000	9616.500000000	default-discount	data/n050-set01/family/base/zero/m2.dat	outsourcing-data/default-discount/rate-0.5/n050-set01/family/base/zero/m2.dat
n050-set01	50	2	family	zero	1.000000	0.150000	4000.000000000	8000.000000000	19233.000000000	default-discount	data/n050-set01/family/base/zero/m2.dat	outsourcing-data/default-discount/rate-1/n050-set01/family/base/zero/m2.dat
n050-set01	50	2	family	zero	2.000000	0.150000	4000.000000000	8000.000000000	38466.000000000	default-discount	data/n050-set01/family/base/zero/m2.dat	outsourcing-data/default-discount/rate-2/n050-set01/family/base/zero/m2.dat
n050-set01	50	2	family	zero	1.000000	0.000000	4000.000000000	8000.000000000	19233.000000000	no-discount	data/n050-set01/family/base/zero/m2.dat	outsourcing-data/no-discount/rate-1/n050-set01/family/base/zero/m2.dat
n050-set01	50	3	family	zero	0.500000	0.150000	4000.000000000	8000.000000000	9616.500000000	default-discount	data/n050-set01/family/base/zero/m3.dat	outsourcing-data/default-discount/rate-0.5/n050-set01/family/base/zero/m3.dat
n050-set01	50	3	family	zero	1.000000	0.150000	4000.000000000	8000.000000000	19233.000000000	default-discount	data/n050-set01/family/base/zero/m3.dat	outsourcing-data/default-discount/rate-1/n050-set01/family/base/zero/m3.dat
n050-set01	50	3	family	zero	2.000000	0.150000	4000.000000000	8000.000000000	38466.000000000	default-discount	data/n050-set01/family/base/zero/m3.dat	outsourcing-data/default-discount/rate-2/n050-set01/family/base/zero/m3.dat
n050-set01	50	3	family	zero	1.000000	0.000000	4000.000000000	8000.000000000	19233.000000000	no-discount	data/n050-set01/family/base/zero/m3.dat	outsourcing-data/no-discount/rate-1/n050-set01/family/base/zero/m3.dat
n050-set01	50	4	family	zero	0.500000	0.150000	4000.000000000	8000.000000000	9616.500000000	default-discount	data/n050-set01/family/base/zero/m4.dat	outsourcing-data/default-discount/rate-0.5/n050-set01/family/base/zero/m4.dat
n050-set01	50	4	family	zero	1.000000	0.150000	4000.000000000	8000.000000000	19233.000000000	default-discount	data/n050-set01/family/base/zero/m4.dat	outsourcing-data/default-discount/rate-1/n050-set01/family/base/zero/m4.dat
n050-set01	50	4	family	zero	2.000000	0.150000	4000.000000000	8000.000000000	38466.000000000	default-discount	data/n050-set01/family/base/zero/m4.dat	outsourcing-data/default-discount/rate-2/n050-set01/family/base/zero/m4.dat
n050-set01	50	4	family	zero	1.000000	0.000000	4000.000000000	8000.000000000	19233.000000000	no-discount	data/n050-set01/family/base/zero/m4.dat	outsourcing-data/no-discount/rate-1/n050-set01/family/base/zero/m4.dat
n050-set01	50	2	family	narrow	0.500000	0.150000	4000.000000000	8000.000000000	9616.500000000	default-discount	data/n050-set01/family/base/narrow/m2.dat	outsourcing-data/default-discount/rate-0.5/n050-set01/family/base/narrow/m2.dat
n050-set01	50	2	family	narrow	1.000000	0.150000	4000.000000000	8000.000000000	19233.000000000	default-discount	data/n050-set01/family/base/narrow/m2.dat	outsourcing-data/default-discount/rate-1/n050-set01/family/base/narrow/m2.dat
n050-set01	50	2	family	narrow	2.000000	0.150000	4000.000000000	8000.000000000	38466.000000000	default-discount	data/n050-set01/family/base/narrow/m2.dat	outsourcing-data/default-discount/rate-2/n050-set01/family/base/narrow/m2.dat
n050-set01	50	2	family	narrow	1.000000	0.000000	4000.000000000	8000.000000000	19233.000000000	no-discount	data/n050-set01/family/base/narrow/m2.dat	outsourcing-data/no-discount/rate-1/n050-set01/family/base/narrow/m2.dat
n050-set01	50	3	family	narrow	0.500000	0.150000	4000.000000000	8000.000000000	9616.500000000	default-discount	data/n050-set01/family/base/narrow/m3.dat	outsourcing-data/default-discount/rate-0.5/n050-set01/family/base/narrow/m3.dat
n050-set01	50	3	family	narrow	1.000000	0.150000	4000.000000000	8000.000000000	19233.000000000	default-discount	data/n050-set01/family/base/narrow/m3.dat	outsourcing-data/default-discount/rate-1/n050-set01/family/base/narrow/m3.dat
n050-set01	50	3	family	narrow	2.000000	0.150000	4000.000000000	8000.000000000	38466.000000000	default-discount	data/n050-set01/family/base/narrow/m3.dat	outsourcing-data/default-discount/rate-2/n050-set01/family/base/narrow/m3.dat
n050-set01	50	3	family	narrow	1.000000	0.000000	4000.000000000	8000.000000000	19233.000000000	no-discount	data/n050-set01/family/base/narrow/m3.dat	outsourcing-data/no-discount/rate-1/n050-set01/family/base/narrow/m3.dat
n050-set01	50	4	family	narrow	0.500000	0.150000	4000.000000000	8000.000000000	9616.500000000	default-discount	data/n050-set01/family/base/narrow/m4.dat	outsourcing-data/default-discount/rate-0.5/n050-set01/family/base/narrow/m4.dat
n050-set01	50	4	family	narrow	1.000000	0.150000	4000.000000000	8000.000000000	19233.000000000	default-discount	data/n050-set01/family/base/narrow/m4.dat	outsourcing-data/default-discount/rate-1/n050-set01/family/base/narrow/m4.dat
n050-set01	50	4	family	narrow	2.000000	0.150000	4000.000000000	8000.000000000	38466.000000000	default-discount	data/n050-set01/family/base/narrow/m4.dat	outsourcing-data/default-discount/rate-2/n050-set01/family/base/narrow/m4.dat
n050-set01	50	4	family	narrow	1.000000	0.000000	4000.000000000	8000.000000000	19233.000000000	no-discount	data/n050-set01/family/base/narrow/m4.dat	outsourcing-data/no-discount/rate-1/n050-set01/family/base/narrow/m4.dat
n050-set01	50	2	family	wide	0.500000	0.150000	4000.000000000	8000.000000000	9616.500000000	default-discount	data/n050-set01/family/base/wide/m2.dat	outsourcing-data/default-discount/rate-0.5/n050-set01/family/base/wide/m2.dat
n050-set01	50	2	family	wide	1.000000	0.150000	4000.000000000	8000.000000000	19233.000000000	default-discount	data/n050-set01/family/base/wide/m2.dat	outsourcing-data/default-discount/rate-1/n050-set01/family/base/wide/m2.dat
n050-set01	50	2	family	wide	2.000000	0.150000	4000.000000000	8000.000000000	38466.000000000	default-discount	data/n050-set01/family/base/wide/m2.dat	outsourcing-data/default-discount/rate-2/n050-set01/family/base/wide/m2.dat
n050-set01	50	2	family	wide	1.000000	0.000000	4000.000000000	8000.000000000	19233.000000000	no-discount	data/n050-set01/family/base/wide/m2.dat	outsourcing-data/no-discount/rate-1/n050-set01/family/base/wide/m2.dat
n050-set01	50	3	family	wide	0.500000	0.150000	4000.000000000	8000.000000000	9616.500000000	default-discount	data/n050-set01/family/base/wide/m3.dat	outsourcing-data/default-discount/rate-0.5/n050-set01/family/base/wide/m3.dat
n050-set01	50	3	family	wide	1.000000	0.150000	4000.000000000	8000.000000000	19233.000000000	default-discount	data/n050-set01/family/base/wide/m3.dat	outsourcing-data/default-discount/rate-1/n050-set01/family/base/wide/m3.dat
n050-set01	50	3	family	wide	2.000000	0.150000	4000.000000000	8000.000000000	38466.000000000	default-discount	data/n050-set01/family/base/wide/m3.dat	outsourcing-data/default-discount/rate-2/n050-set01/family/base/wide/m3.dat
n050-set01	50	3	family	wide	1.000000	0.000000	4000.000000000	8000.000000000	19233.000000000	no-discount	data/n050-set01/family/base/wide/m3.dat	outsourcing-data/no-discount/rate-1/n050-set01/family/base/wide/m3.dat
n050-set01	50	4	family	wide	0.500000	0.150000	4000.000000000	8000.000000000	9616.500000000	default-discount	data/n050-set01/family/base/wide/m4.dat	outsourcing-data/default-discount/rate-0.5/n050-set01/family/base/wide/m4.dat
n050-set01	50	4	family	wide	1.000000	0.150000	4000.000000000	8000.000000000	19233.000000000	default-discount	data/n050-set01/family/base/wide/m4.dat	outsourcing-data/default-discount/rate-1/n050-set01/family/base/wide/m4.dat
n050-set01	50	4	family	wide	2.000000	0.150000	4000.000000000	8000.000000000	38466.000000000	default-discount	data/n050-set01/family/base/wide/m4.dat	outsourcing-data/default-discount/rate-2/n050-set01/family/base/wide/m4.dat
n050-set01	50	4	family	wide	1.000000	0.000000	4000.000000000	8000.000000000	19233.000000000	no-discount	data/n050-set01/family/base/wide/m4.dat	outsourcing-data/no-discount/rate-1/n050-set01/family/base/wide/m4.dat
n050-set02	50	2	random	zero	0.500000	0.150000	4000.000000000	8000.000000000	8567.500000000	default-discount	data/n050-set02/random/base/zero/m2.dat	outsourcing-data/default-discount/rate-0.5/n050-set02/random/base/zero/m2.dat
n050-set02	50	2	random	zero	1.000000	0.150000	4000.000000000	8000.000000000	17135.000000000	default-discount	data/n050-set02/random/base/zero/m2.dat	outsourcing-data/default-discount/rate-1/n050-set02/random/base/zero/m2.dat
n050-set02	50	2	random	zero	2.000000	0.150000	4000.000000000	8000.000000000	34270.000000000	default-discount	data/n050-set02/random/base/zero/m2.dat	outsourcing-data/default-discount/rate-2/n050-set02/random/base/zero/m2.dat
n050-set02	50	2	random	zero	1.000000	0.000000	4000.000000000	8000.000000000	17135.000000000	no-discount	data/n050-set02/random/base/zero/m2.dat	outsourcing-data/no-discount/rate-1/n050-set02/random/base/zero/m2.dat
n050-set02	50	3	random	zero	0.500000	0.150000	4000.000000000	8000.000000000	8567.500000000	default-discount	data/n050-set02/random/base/zero/m3.dat	outsourcing-data/default-discount/rate-0.5/n050-set02/random/base/zero/m3.dat
n050-set02	50	3	random	zero	1.000000	0.150000	4000.000000000	8000.000000000	17135.000000000	default-discount	data/n050-set02/random/base/zero/m3.dat	outsourcing-data/default-discount/rate-1/n050-set02/random/base/zero/m3.dat
n050-set02	50	3	random	zero	2.000000	0.150000	4000.000000000	8000.000000000	34270.000000000	default-discount	data/n050-set02/random/base/zero/m3.dat	outsourcing-data/default-discount/rate-2/n050-set02/random/base/zero/m3.dat
n050-set02	50	3	random	zero	1.000000	0.000000	4000.000000000	8000.000000000	17135.000000000	no-discount	data/n050-set02/random/base/zero/m3.dat	outsourcing-data/no-discount/rate-1/n050-set02/random/base/zero/m3.dat
n050-set02	50	4	random	zero	0.500000	0.150000	4000.000000000	8000.000000000	8567.500000000	default-discount	data/n050-set02/random/base/zero/m4.dat	outsourcing-data/default-discount/rate-0.5/n050-set02/random/base/zero/m4.dat
n050-set02	50	4	random	zero	1.000000	0.150000	4000.000000000	8000.000000000	17135.000000000	default-discount	data/n050-set02/random/base/zero/m4.dat	outsourcing-data/default-discount/rate-1/n050-set02/random/base/zero/m4.dat
n050-set02	50	4	random	zero	2.000000	0.150000	4000.000000000	8000.000000000	34270.000000000	default-discount	data/n050-set02/random/base/zero/m4.dat	outsourcing-data/default-discount/rate-2/n050-set02/random/base/zero/m4.dat
n050-set02	50	4	random	zero	1.000000	0.000000	4000.000000000	8000.000000000	17135.000000000	no-discount	data/n050-set02/random/base/zero/m4.dat	outsourcing-data/no-discount/rate-1/n050-set02/random/base/zero/m4.dat
n050-set02	50	2	random	narrow	0.500000	0.150000	4000.000000000	8000.000000000	8567.500000000	default-discount	data/n050-set02/random/base/narrow/m2.dat	outsourcing-data/default-discount/rate-0.5/n050-set02/random/base/narrow/m2.dat
n050-set02	50	2	random	narrow	1.000000	0.150000	4000.000000000	8000.000000000	17135.000000000	default-discount	data/n050-set02/random/base/narrow/m2.dat	outsourcing-data/default-discount/rate-1/n050-set02/random/base/narrow/m2.dat
n050-set02	50	2	random	narrow	2.000000	0.150000	4000.000000000	8000.000000000	34270.000000000	default-discount	data/n050-set02/random/base/narrow/m2.dat	outsourcing-data/default-discount/rate-2/n050-set02/random/base/narrow/m2.dat
n050-set02	50	2	random	narrow	1.000000	0.000000	4000.000000000	8000.000000000	17135.000000000	no-discount	data/n050-set02/random/base/narrow/m2.dat	outsourcing-data/no-discount/rate-1/n050-set02/random/base/narrow/m2.dat
n050-set02	50	3	random	narrow	0.500000	0.150000	4000.000000000	8000.000000000	8567.500000000	default-discount	data/n050-set02/random/base/narrow/m3.dat	outsourcing-data/default-discount/rate-0.5/n050-set02/random/base/narrow/m3.dat
n050-set02	50	3	random	narrow	1.000000	0.150000	4000.000000000	8000.000000000	17135.000000000	default-discount	data/n050-set02/random/base/narrow/m3.dat	outsourcing-data/default-discount/rate-1/n050-set02/random/base/narrow/m3.dat
n050-set02	50	3	random	narrow	2.000000	0.150000	4000.000000000	8000.000000000	34270.000000000	default-discount	data/n050-set02/random/base/narrow/m3.dat	outsourcing-data/default-discount/rate-2/n050-set02/random/base/narrow/m3.dat
n050-set02	50	3	random	narrow	1.000000	0.000000	4000.000000000	8000.000000000	17135.000000000	no-discount	data/n050-set02/random/base/narrow/m3.dat	outsourcing-data/no-discount/rate-1/n050-set02/random/base/narrow/m3.dat
n050-set02	50	4	random	narrow	0.500000	0.150000	4000.000000000	8000.000000000	8567.500000000	default-discount	data/n050-set02/random/base/narrow/m4.dat	outsourcing-data/default-discount/rate-0.5/n050-set02/random/base/narrow/m4.dat
n050-set02	50	4	random	narrow	1.000000	0.150000	4000.000000000	8000.000000000	17135.000000000	default-discount	data/n050-set02/random/base/narrow/m4.dat	outsourcing-data/default-discount/rate-1/n050-set02/random/base/narrow/m4.dat
n050-set02	50	4	random	narrow	2.000000	0.150000	4000.000000000	8000.000000000	34270.000000000	default-discount	data/n050-set02/random/base/narrow/m4.dat	outsourcing-data/default-discount/rate-2/n050-set02/random/base/narrow/m4.dat
n050-set02	50	4	random	narrow	1.000000	0.000000	4000.000000000	8000.000000000	17135.000000000	no-discount	data/n050-set02/random/base/narrow/m4.dat	outsourcing-data/no-discount/rate-1/n050-set02/random/base/narrow/m4.dat
n050-set02	50	2	random	wide	0.500000	0.150000	4000.000000000	8000.000000000	8567.500000000	default-discount	data/n050-set02/random/base/wide/m2.dat	outsourcing-data/default-discount/rate-0.5/n050-set02/random/base/wide/m2.dat
n050-set02	50	2	random	wide	1.000000	0.150000	4000.000000000	8000.000000000	17135.000000000	default-discount	data/n050-set02/random/base/wide/m2.dat	outsourcing-data/default-discount/rate-1/n050-set02/random/base/wide/m2.dat
n050-set02	50	2	random	wide	2.000000	0.150000	4000.000000000	8000.000000000	34270.000000000	default-discount	data/n050-set02/random/base/wide/m2.dat	outsourcing-data/default-discount/rate-2/n050-set02/random/base/wide/m2.dat
n050-set02	50	2	random	wide	1.000000	0.000000	4000.000000000	8000.000000000	17135.000000000	no-discount	data/n050-set02/random/base/wide/m2.dat	outsourcing-data/no-discount/rate-1/n050-set02/random/base/wide/m2.dat
n050-set02	50	3	random	wide	0.500000	0.150000	4000.000000000	8000.000000000	8567.500000000	default-discount	data/n050-set02/random/base/wide/m3.dat	outsourcing-data/default-discount/rate-0.5/n050-set02/random/base/wide/m3.dat
n050-set02	50	3	random	wide	1.000000	0.150000	4000.000000000	8000.000000000	17135.000000000	default-discount	data/n050-set02/random/base/wide/m3.dat	outsourcing-data/default-discount/rate-1/n050-set02/random/base/wide/m3.dat
n050-set02	50	3	random	wide	2.000000	0.150000	4000.000000000	8000.000000000	34270.000000000	default-discount	data/n050-set02/random/base/wide/m3.dat	outsourcing-data/default-discount/rate-2/n050-set02/random/base/wide/m3.dat
n050-set02	50	3	random	wide	1.000000	0.000000	4000.000000000	8000.000000000	17135.000000000	no-discount	data/n050-set02/random/base/wide/m3.dat	outsourcing-data/no-discount/rate-1/n050-set02/random/base/wide/m3.dat
n050-set02	50	4	random	wide	0.500000	0.150000	4000.000000000	8000.000000000	8567.500000000	default-discount	data/n050-set02/random/base/wide/m4.dat	outsourcing-data/default-discount/rate-0.5/n050-set02/random/base/wide/m4.dat
n050-set02	50	4	random	wide	1.000000	0.150000	4000.000000000	8000.000000000	17135.000000000	default-discount	data/n050-set02/random/base/wide/m4.dat	outsourcing-data/default-discount/rate-1/n050-set02/random/base/wide/m4.dat
n050-set02	50	4	random	wide	2.000000	0.150000	4000.000000000	8000.000000000	34270.000000000	default-discount	data/n050-set02/random/base/wide/m4.dat	outsourcing-data/default-discount/rate-2/n050-set02/random/base/wide/m4.dat
n050-set02	50	4	random	wide	1.000000	0.000000	4000.000000000	8000.000000000	17135.000000000	no-discount	data/n050-set02/random/base/wide/m4.dat	outsourcing-data/no-discount/rate-1/n050-set02/random/base/wide/m4.dat
n050-set02	50	2	family	zero	0.500000	0.150000	4000.000000000	8000.000000000	8567.500000000	default-discount	data/n050-set02/family/base/zero/m2.dat	outsourcing-data/default-discount/rate-0.5/n050-set02/family/base/zero/m2.dat
n050-set02	50	2	family	zero	1.000000	0.150000	4000.000000000	8000.000000000	17135.000000000	default-discount	data/n050-set02/family/base/zero/m2.dat	outsourcing-data/default-discount/rate-1/n050-set02/family/base/zero/m2.dat
n050-set02	50	2	family	zero	2.000000	0.150000	4000.000000000	8000.000000000	34270.000000000	default-discount	data/n050-set02/family/base/zero/m2.dat	outsourcing-data/default-discount/rate-2/n050-set02/family/base/zero/m2.dat
n050-set02	50	2	family	zero	1.000000	0.000000	4000.000000000	8000.000000000	17135.000000000	no-discount	data/n050-set02/family/base/zero/m2.dat	outsourcing-data/no-discount/rate-1/n050-set02/family/base/zero/m2.dat
n050-set02	50	3	family	zero	0.500000	0.150000	4000.000000000	8000.000000000	8567.500000000	default-discount	data/n050-set02/family/base/zero/m3.dat	outsourcing-data/default-discount/rate-0.5/n050-set02/family/base/zero/m3.dat
n050-set02	50	3	family	zero	1.000000	0.150000	4000.000000000	8000.000000000	17135.000000000	default-discount	data/n050-set02/family/base/zero/m3.dat	outsourcing-data/default-discount/rate-1/n050-set02/family/base/zero/m3.dat
n050-set02	50	3	family	zero	2.000000	0.150000	4000.000000000	8000.000000000	34270.000000000	default-discount	data/n050-set02/family/base/zero/m3.dat	outsourcing-data/default-discount/rate-2/n050-set02/family/base/zero/m3.dat
n050-set02	50	3	family	zero	1.000000	0.000000	4000.000000000	8000.000000000	17135.000000000	no-discount	data/n050-set02/family/base/zero/m3.dat	outsourcing-data/no-discount/rate-1/n050-set02/family/base/zero/m3.dat
n050-set02	50	4	family	zero	0.500000	0.150000	4000.000000000	8000.000000000	8567.500000000	default-discount	data/n050-set02/family/base/zero/m4.dat	outsourcing-data/default-discount/rate-0.5/n050-set02/family/base/zero/m4.dat
n050-set02	50	4	family	zero	1.000000	0.150000	4000.000000000	8000.000000000	17135.000000000	default-discount	data/n050-set02/family/base/zero/m4.dat	outsourcing-data/default-discount/rate-1/n050-set02/family/base/zero/m4.dat
n050-set02	50	4	family	zero	2.000000	0.150000	4000.000000000	8000.000000000	34270.000000000	default-discount	data/n050-set02/family/base/zero/m4.dat	outsourcing-data/default-discount/rate-2/n050-set02/family/base/zero/m4.dat
n050-set02	50	4	family	zero	1.000000	0.000000	4000.000000000	8000.000000000	17135.000000000	no-discount	data/n050-set02/family/base/zero/m4.dat	outsourcing-data/no-discount/rate-1/n050-set02/family/base/zero/m4.dat
n050-set02	50	2	family	narrow	0.500000	0.150000	4000.000000000	8000.000000000	8567.500000000	default-discount	data/n050-set02/family/base/narrow/m2.dat	outsourcing-data/default-discount/rate-0.5/n050-set02/family/base/narrow/m2.dat
n050-set02	50	2	family	narrow	1.000000	0.150000	4000.000000000	8000.000000000	17135.000000000	default-discount	data/n050-set02/family/base/narrow/m2.dat	outsourcing-data/default-discount/rate-1/n050-set02/family/base/narrow/m2.dat
n050-set02	50	2	family	narrow	2.000000	0.150000	4000.000000000	8000.000000000	34270.000000000	default-discount	data/n050-set02/family/base/narrow/m2.dat	outsourcing-data/default-discount/rate-2/n050-set02/family/base/narrow/m2.dat
n050-set02	50	2	family	narrow	1.000000	0.000000	4000.000000000	8000.000000000	17135.000000000	no-discount	data/n050-set02/family/base/narrow/m2.dat	outsourcing-data/no-discount/rate-1/n050-set02/family/base/narrow/m2.dat
n050-set02	50	3	family	narrow	0.500000	0.150000	4000.000000000	8000.000000000	8567.500000000	default-discount	data/n050-set02/family/base/narrow/m3.dat	outsourcing-data/default-discount/rate-0.5/n050-set02/family/base/narrow/m3.dat
n050-set02	50	3	family	narrow	1.000000	0.150000	4000.000000000	8000.000000000	17135.000000000	default-discount	data/n050-set02/family/base/narrow/m3.dat	outsourcing-data/default-discount/rate-1/n050-set02/family/base/narrow/m3.dat
n050-set02	50	3	family	narrow	2.000000	0.150000	4000.000000000	8000.000000000	34270.000000000	default-discount	data/n050-set02/family/base/narrow/m3.dat	outsourcing-data/default-discount/rate-2/n050-set02/family/base/narrow/m3.dat
n050-set02	50	3	family	narrow	1.000000	0.000000	4000.000000000	8000.000000000	17135.000000000	no-discount	data/n050-set02/family/base/narrow/m3.dat	outsourcing-data/no-discount/rate-1/n050-set02/family/base/narrow/m3.dat
n050-set02	50	4	family	narrow	0.500000	0.150000	4000.000000000	8000.000000000	8567.500000000	default-discount	data/n050-set02/family/base/narrow/m4.dat	outsourcing-data/default-discount/rate-0.5/n050-set02/family/base/narrow/m4.dat
n050-set02	50	4	family	narrow	1.000000	0.150000	4000.000000000	8000.000000000	17135.000000000	default-discount	data/n050-set02/family/base/narrow/m4.dat	outsourcing-data/default-discount/rate-1/n050-set02/family/base/narrow/m4.dat
n050-set02	50	4	family	narrow	2.000000	0.150000	4000.000000000	8000.000000000	34270.000000000	default-discount	data/n050-set02/family/base/narrow/m4.dat	outsourcing-data/default-discount/rate-2/n050-set02/family/base/narrow/m4.dat
n050-set02	50	4	family	narrow	1.000000	0.000000	4000.000000000	8000.000000000	17135.000000000	no-discount	data/n050-set02/family/base/narrow/m4.dat	outsourcing-data/no-discount/rate-1/n050-set02/family/base/narrow/m4.dat
n050-set02	50	2	family	wide	0.500000	0.150000	4000.000000000	8000.000000000	8567.500000000	default-discount	data/n050-set02/family/base/wide/m2.dat	outsourcing-data/default-discount/rate-0.5/n050-set02/family/base/wide/m2.dat
n050-set02	50	2	family	wide	1.000000	0.150000	4000.000000000	8000.000000000	17135.000000000	default-discount	data/n050-set02/family/base/wide/m2.dat	outsourcing-data/default-discount/rate-1/n050-set02/family/base/wide/m2.dat
n050-set02	50	2	family	wide	2.000000	0.150000	4000.000000000	8000.000000000	34270.000000000	default-discount	data/n050-set02/family/base/wide/m2.dat	outsourcing-data/default-discount/rate-2/n050-set02/family/base/wide/m2.dat
n050-set02	50	2	family	wide	1.000000	0.000000	4000.000000000	8000.000000000	17135.000000000	no-discount	data/n050-set02/family/base/wide/m2.dat	outsourcing-data/no-discount/rate-1/n050-set02/family/base/wide/m2.dat
n050-set02	50	3	family	wide	0.500000	0.150000	4000.000000000	8000.000000000	8567.500000000	default-discount	data/n050-set02/family/base/wide/m3.dat	outsourcing-data/default-discount/rate-0.5/n050-set02/family/base/wide/m3.dat
n050-set02	50	3	family	wide	1.000000	0.150000	4000.000000000	8000.000000000	17135.000000000	default-discount	data/n050-set02/family/base/wide/m3.dat	outsourcing-data/default-discount/rate-1/n050-set02/family/base/wide/m3.dat
n050-set02	50	3	family	wide	2.000000	0.150000	4000.000000000	8000.000000000	34270.000000000	default-discount	data/n050-set02/family/base/wide/m3.dat	outsourcing-data/default-discount/rate-2/n050-set02/family/base/wide/m3.dat
n050-set02	50	3	family	wide	1.000000	0.000000	4000.000000000	8000.000000000	17135.000000000	no-discount	data/n050-set02/family/base/wide/m3.dat	outsourcing-data/no-discount/rate-1/n050-set02/family/base/wide/m3.dat
n050-set02	50	4	family	wide	0.500000	0.150000	4000.000000000	8000.000000000	8567.500000000	default-discount	data/n050-set02/family/base/wide/m4.dat	outsourcing-data/default-discount/rate-0.5/n050-set02/family/base/wide/m4.dat
n050-set02	50	4	family	wide	1.000000	0.150000	4000.000000000	8000.000000000	17135.000000000	default-discount	data/n050-set02/family/base/wide/m4.dat	outsourcing-data/default-discount/rate-1/n050-set02/family/base/wide/m4.dat
n050-set02	50	4	family	wide	2.000000	0.150000	4000.000000000	8000.000000000	34270.000000000	default-discount	data/n050-set02/family/base/wide/m4.dat	outsourcing-data/default-discount/rate-2/n050-set02/family/base/wide/m4.dat
n050-set02	50	4	family	wide	1.000000	0.000000	4000.000000000	8000.000000000	17135.000000000	no-discount	data/n050-set02/family/base/wide/m4.dat	outsourcing-data/no-discount/rate-1/n050-set02/family/base/wide/m4.dat
n050-set03	50	2	random	zero	0.500000	0.150000	4000.000000000	8000.000000000	8941.000000000	default-discount	data/n050-set03/random/base/zero/m2.dat	outsourcing-data/default-discount/rate-0.5/n050-set03/random/base/zero/m2.dat
n050-set03	50	2	random	zero	1.000000	0.150000	4000.000000000	8000.000000000	17882.000000000	default-discount	data/n050-set03/random/base/zero/m2.dat	outsourcing-data/default-discount/rate-1/n050-set03/random/base/zero/m2.dat
n050-set03	50	2	random	zero	2.000000	0.150000	4000.000000000	8000.000000000	35764.000000000	default-discount	data/n050-set03/random/base/zero/m2.dat	outsourcing-data/default-discount/rate-2/n050-set03/random/base/zero/m2.dat
n050-set03	50	2	random	zero	1.000000	0.000000	4000.000000000	8000.000000000	17882.000000000	no-discount	data/n050-set03/random/base/zero/m2.dat	outsourcing-data/no-discount/rate-1/n050-set03/random/base/zero/m2.dat
n050-set03	50	3	random	zero	0.500000	0.150000	4000.000000000	8000.000000000	8941.000000000	default-discount	data/n050-set03/random/base/zero/m3.dat	outsourcing-data/default-discount/rate-0.5/n050-set03/random/base/zero/m3.dat
n050-set03	50	3	random	zero	1.000000	0.150000	4000.000000000	8000.000000000	17882.000000000	default-discount	data/n050-set03/random/base/zero/m3.dat	outsourcing-data/default-discount/rate-1/n050-set03/random/base/zero/m3.dat
n050-set03	50	3	random	zero	2.000000	0.150000	4000.000000000	8000.000000000	35764.000000000	default-discount	data/n050-set03/random/base/zero/m3.dat	outsourcing-data/default-discount/rate-2/n050-set03/random/base/zero/m3.dat
n050-set03	50	3	random	zero	1.000000	0.000000	4000.000000000	8000.000000000	17882.000000000	no-discount	data/n050-set03/random/base/zero/m3.dat	outsourcing-data/no-discount/rate-1/n050-set03/random/base/zero/m3.dat
n050-set03	50	4	random	zero	0.500000	0.150000	4000.000000000	8000.000000000	8941.000000000	default-discount	data/n050-set03/random/base/zero/m4.dat	outsourcing-data/default-discount/rate-0.5/n050-set03/random/base/zero/m4.dat
n050-set03	50	4	random	zero	1.000000	0.150000	4000.000000000	8000.000000000	17882.000000000	default-discount	data/n050-set03/random/base/zero/m4.dat	outsourcing-data/default-discount/rate-1/n050-set03/random/base/zero/m4.dat
n050-set03	50	4	random	zero	2.000000	0.150000	4000.000000000	8000.000000000	35764.000000000	default-discount	data/n050-set03/random/base/zero/m4.dat	outsourcing-data/default-discount/rate-2/n050-set03/random/base/zero/m4.dat
n050-set03	50	4	random	zero	1.000000	0.000000	4000.000000000	8000.000000000	17882.000000000	no-discount	data/n050-set03/random/base/zero/m4.dat	outsourcing-data/no-discount/rate-1/n050-set03/random/base/zero/m4.dat
n050-set03	50	2	random	narrow	0.500000	0.150000	4000.000000000	8000.000000000	8941.000000000	default-discount	data/n050-set03/random/base/narrow/m2.dat	outsourcing-data/default-discount/rate-0.5/n050-set03/random/base/narrow/m2.dat
n050-set03	50	2	random	narrow	1.000000	0.150000	4000.000000000	8000.000000000	17882.000000000	default-discount	data/n050-set03/random/base/narrow/m2.dat	outsourcing-data/default-discount/rate-1/n050-set03/random/base/narrow/m2.dat
n050-set03	50	2	random	narrow	2.000000	0.150000	4000.000000000	8000.000000000	35764.000000000	default-discount	data/n050-set03/random/base/narrow/m2.dat	outsourcing-data/default-discount/rate-2/n050-set03/random/base/narrow/m2.dat
n050-set03	50	2	random	narrow	1.000000	0.000000	4000.000000000	8000.000000000	17882.000000000	no-discount	data/n050-set03/random/base/narrow/m2.dat	outsourcing-data/no-discount/rate-1/n050-set03/random/base/narrow/m2.dat
n050-set03	50	3	random	narrow	0.500000	0.150000	4000.000000000	8000.000000000	8941.000000000	default-discount	data/n050-set03/random/base/narrow/m3.dat	outsourcing-data/default-discount/rate-0.5/n050-set03/random/base/narrow/m3.dat
n050-set03	50	3	random	narrow	1.000000	0.150000	4000.000000000	8000.000000000	17882.000000000	default-discount	data/n050-set03/random/base/narrow/m3.dat	outsourcing-data/default-discount/rate-1/n050-set03/random/base/narrow/m3.dat
n050-set03	50	3	random	narrow	2.000000	0.150000	4000.000000000	8000.000000000	35764.000000000	default-discount	data/n050-set03/random/base/narrow/m3.dat	outsourcing-data/default-discount/rate-2/n050-set03/random/base/narrow/m3.dat
n050-set03	50	3	random	narrow	1.000000	0.000000	4000.000000000	8000.000000000	17882.000000000	no-discount	data/n050-set03/random/base/narrow/m3.dat	outsourcing-data/no-discount/rate-1/n050-set03/random/base/narrow/m3.dat
n050-set03	50	4	random	narrow	0.500000	0.150000	4000.000000000	8000.000000000	8941.000000000	default-discount	data/n050-set03/random/base/narrow/m4.dat	outsourcing-data/default-discount/rate-0.5/n050-set03/random/base/narrow/m4.dat
n050-set03	50	4	random	narrow	1.000000	0.150000	4000.000000000	8000.000000000	17882.000000000	default-discount	data/n050-set03/random/base/narrow/m4.dat	outsourcing-data/default-discount/rate-1/n050-set03/random/base/narrow/m4.dat
n050-set03	50	4	random	narrow	2.000000	0.150000	4000.000000000	8000.000000000	35764.000000000	default-discount	data/n050-set03/random/base/narrow/m4.dat	outsourcing-data/default-discount/rate-2/n050-set03/random/base/narrow/m4.dat
n050-set03	50	4	random	narrow	1.000000	0.000000	4000.000000000	8000.000000000	17882.000000000	no-discount	data/n050-set03/random/base/narrow/m4.dat	outsourcing-data/no-discount/rate-1/n050-set03/random/base/narrow/m4.dat
n050-set03	50	2	random	wide	0.500000	0.150000	4000.000000000	8000.000000000	8941.000000000	default-discount	data/n050-set03/random/base/wide/m2.dat	outsourcing-data/default-discount/rate-0.5/n050-set03/random/base/wide/m2.dat
n050-set03	50	2	random	wide	1.000000	0.150000	4000.000000000	8000.000000000	17882.000000000	default-discount	data/n050-set03/random/base/wide/m2.dat	outsourcing-data/default-discount/rate-1/n050-set03/random/base/wide/m2.dat
n050-set03	50	2	random	wide	2.000000	0.150000	4000.000000000	8000.000000000	35764.000000000	default-discount	data/n050-set03/random/base/wide/m2.dat	outsourcing-data/default-discount/rate-2/n050-set03/random/base/wide/m2.dat
n050-set03	50	2	random	wide	1.000000	0.000000	4000.000000000	8000.000000000	17882.000000000	no-discount	data/n050-set03/random/base/wide/m2.dat	outsourcing-data/no-discount/rate-1/n050-set03/random/base/wide/m2.dat
n050-set03	50	3	random	wide	0.500000	0.150000	4000.000000000	8000.000000000	8941.000000000	default-discount	data/n050-set03/random/base/wide/m3.dat	outsourcing-data/default-discount/rate-0.5/n050-set03/random/base/wide/m3.dat
n050-set03	50	3	random	wide	1.000000	0.150000	4000.000000000	8000.000000000	17882.000000000	default-discount	data/n050-set03/random/base/wide/m3.dat	outsourcing-data/default-discount/rate-1/n050-set03/random/base/wide/m3.dat
n050-set03	50	3	random	wide	2.000000	0.150000	4000.000000000	8000.000000000	35764.000000000	default-discount	data/n050-set03/random/base/wide/m3.dat	outsourcing-data/default-discount/rate-2/n050-set03/random/base/wide/m3.dat
n050-set03	50	3	random	wide	1.000000	0.000000	4000.000000000	8000.000000000	17882.000000000	no-discount	data/n050-set03/random/base/wide/m3.dat	outsourcing-data/no-discount/rate-1/n050-set03/random/base/wide/m3.dat
n050-set03	50	4	random	wide	0.500000	0.150000	4000.000000000	8000.000000000	8941.000000000	default-discount	data/n050-set03/random/base/wide/m4.dat	outsourcing-data/default-discount/rate-0.5/n050-set03/random/base/wide/m4.dat
n050-set03	50	4	random	wide	1.000000	0.150000	4000.000000000	8000.000000000	17882.000000000	default-discount	data/n050-set03/random/base/wide/m4.dat	outsourcing-data/default-discount/rate-1/n050-set03/random/base/wide/m4.dat
n050-set03	50	4	random	wide	2.000000	0.150000	4000.000000000	8000.000000000	35764.000000000	default-discount	data/n050-set03/random/base/wide/m4.dat	outsourcing-data/default-discount/rate-2/n050-set03/random/base/wide/m4.dat
n050-set03	50	4	random	wide	1.000000	0.000000	4000.000000000	8000.000000000	17882.000000000	no-discount	data/n050-set03/random/base/wide/m4.dat	outsourcing-data/no-discount/rate-1/n050-set03/random/base/wide/m4.dat
n050-set03	50	2	family	zero	0.500000	0.150000	4000.000000000	8000.000000000	8941.000000000	default-discount	data/n050-set03/family/base/zero/m2.dat	outsourcing-data/default-discount/rate-0.5/n050-set03/family/base/zero/m2.dat
n050-set03	50	2	family	zero	1.000000	0.150000	4000.000000000	8000.000000000	17882.000000000	default-discount	data/n050-set03/family/base/zero/m2.dat	outsourcing-data/default-discount/rate-1/n050-set03/family/base/zero/m2.dat
n050-set03	50	2	family	zero	2.000000	0.150000	4000.000000000	8000.000000000	35764.000000000	default-discount	data/n050-set03/family/base/zero/m2.dat	outsourcing-data/default-discount/rate-2/n050-set03/family/base/zero/m2.dat
n050-set03	50	2	family	zero	1.000000	0.000000	4000.000000000	8000.000000000	17882.000000000	no-discount	data/n050-set03/family/base/zero/m2.dat	outsourcing-data/no-discount/rate-1/n050-set03/family/base/zero/m2.dat
n050-set03	50	3	family	zero	0.500000	0.150000	4000.000000000	8000.000000000	8941.000000000	default-discount	data/n050-set03/family/base/zero/m3.dat	outsourcing-data/default-discount/rate-0.5/n050-set03/family/base/zero/m3.dat
n050-set03	50	3	family	zero	1.000000	0.150000	4000.000000000	8000.000000000	17882.000000000	default-discount	data/n050-set03/family/base/zero/m3.dat	outsourcing-data/default-discount/rate-1/n050-set03/family/base/zero/m3.dat
n050-set03	50	3	family	zero	2.000000	0.150000	4000.000000000	8000.000000000	35764.000000000	default-discount	data/n050-set03/family/base/zero/m3.dat	outsourcing-data/default-discount/rate-2/n050-set03/family/base/zero/m3.dat
n050-set03	50	3	family	zero	1.000000	0.000000	4000.000000000	8000.000000000	17882.000000000	no-discount	data/n050-set03/family/base/zero/m3.dat	outsourcing-data/no-discount/rate-1/n050-set03/family/base/zero/m3.dat
n050-set03	50	4	family	zero	0.500000	0.150000	4000.000000000	8000.000000000	8941.000000000	default-discount	data/n050-set03/family/base/zero/m4.dat	outsourcing-data/default-discount/rate-0.5/n050-set03/family/base/zero/m4.dat
n050-set03	50	4	family	zero	1.000000	0.150000	4000.000000000	8000.000000000	17882.000000000	default-discount	data/n050-set03/family/base/zero/m4.dat	outsourcing-data/default-discount/rate-1/n050-set03/family/base/zero/m4.dat
n050-set03	50	4	family	zero	2.000000	0.150000	4000.000000000	8000.000000000	35764.000000000	default-discount	data/n050-set03/family/base/zero/m4.dat	outsourcing-data/default-discount/rate-2/n050-set03/family/base/zero/m4.dat
n050-set03	50	4	family	zero	1.000000	0.000000	4000.000000000	8000.000000000	17882.000000000	no-discount	data/n050-set03/family/base/zero/m4.dat	outsourcing-data/no-discount/rate-1/n050-set03/family/base/zero/m4.dat
n050-set03	50	2	family	narrow	0.500000	0.150000	4000.000000000	8000.000000000	8941.000000000	default-discount	data/n050-set03/family/base/narrow/m2.dat	outsourcing-data/default-discount/rate-0.5/n050-set03/family/base/narrow/m2.dat
n050-set03	50	2	family	narrow	1.000000	0.150000	4000.000000000	8000.000000000	17882.000000000	default-discount	data/n050-set03/family/base/narrow/m2.dat	outsourcing-data/default-discount/rate-1/n050-set03/family/base/narrow/m2.dat
n050-set03	50	2	family	narrow	2.000000	0.150000	4000.000000000	8000.000000000	35764.000000000	default-discount	data/n050-set03/family/base/narrow/m2.dat	outsourcing-data/default-discount/rate-2/n050-set03/family/base/narrow/m2.dat
n050-set03	50	2	family	narrow	1.000000	0.000000	4000.000000000	8000.000000000	17882.000000000	no-discount	data/n050-set03/family/base/narrow/m2.dat	outsourcing-data/no-discount/rate-1/n050-set03/family/base/narrow/m2.dat
n050-set03	50	3	family	narrow	0.500000	0.150000	4000.000000000	8000.000000000	8941.000000000	default-discount	data/n050-set03/family/base/narrow/m3.dat	outsourcing-data/default-discount/rate-0.5/n050-set03/family/base/narrow/m3.dat
n050-set03	50	3	family	narrow	1.000000	0.150000	4000.000000000	8000.000000000	17882.000000000	default-discount	data/n050-set03/family/base/narrow/m3.dat	outsourcing-data/default-discount/rate-1/n050-set03/family/base/narrow/m3.dat
n050-set03	50	3	family	narrow	2.000000	0.150000	4000.000000000	8000.000000000	35764.000000000	default-discount	data/n050-set03/family/base/narrow/m3.dat	outsourcing-data/default-discount/rate-2/n050-set03/family/base/narrow/m3.dat
n050-set03	50	3	family	narrow	1.000000	0.000000	4000.000000000	8000.000000000	17882.000000000	no-discount	data/n050-set03/family/base/narrow/m3.dat	outsourcing-data/no-discount/rate-1/n050-set03/family/base/narrow/m3.dat
n050-set03	50	4	family	narrow	0.500000	0.150000	4000.000000000	8000.000000000	8941.000000000	default-discount	data/n050-set03/family/base/narrow/m4.dat	outsourcing-data/default-discount/rate-0.5/n050-set03/family/base/narrow/m4.dat
n050-set03	50	4	family	narrow	1.000000	0.150000	4000.000000000	8000.000000000	17882.000000000	default-discount	data/n050-set03/family/base/narrow/m4.dat	outsourcing-data/default-discount/rate-1/n050-set03/family/base/narrow/m4.dat
n050-set03	50	4	family	narrow	2.000000	0.150000	4000.000000000	8000.000000000	35764.000000000	default-discount	data/n050-set03/family/base/narrow/m4.dat	outsourcing-data/default-discount/rate-2/n050-set03/family/base/narrow/m4.dat
n050-set03	50	4	family	narrow	1.000000	0.000000	4000.000000000	8000.000000000	17882.000000000	no-discount	data/n050-set03/family/base/narrow/m4.dat	outsourcing-data/no-discount/rate-1/n050-set03/family/base/narrow/m4.dat
n050-set03	50	2	family	wide	0.500000	0.150000	4000.000000000	8000.000000000	8941.000000000	default-discount	data/n050-set03/family/base/wide/m2.dat	outsourcing-data/default-discount/rate-0.5/n050-set03/family/base/wide/m2.dat
n050-set03	50	2	family	wide	1.000000	0.150000	4000.000000000	8000.000000000	17882.000000000	default-discount	data/n050-set03/family/base/wide/m2.dat	outsourcing-data/default-discount/rate-1/n050-set03/family/base/wide/m2.dat
n050-set03	50	2	family	wide	2.000000	0.150000	4000.000000000	8000.000000000	35764.000000000	default-discount	data/n050-set03/family/base/wide/m2.dat	outsourcing-data/default-discount/rate-2/n050-set03/family/base/wide/m2.dat
n050-set03	50	2	family	wide	1.000000	0.000000	4000.000000000	8000.000000000	17882.000000000	no-discount	data/n050-set03/family/base/wide/m2.dat	outsourcing-data/no-discount/rate-1/n050-set03/family/base/wide/m2.dat
n050-set03	50	3	family	wide	0.500000	0.150000	4000.000000000	8000.000000000	8941.000000000	default-discount	data/n050-set03/family/base/wide/m3.dat	outsourcing-data/default-discount/rate-0.5/n050-set03/family/base/wide/m3.dat
n050-set03	50	3	family	wide	1.000000	0.150000	4000.000000000	8000.000000000	17882.000000000	default-discount	data/n050-set03/family/base/wide/m3.dat	outsourcing-data/default-discount/rate-1/n050-set03/family/base/wide/m3.dat
n050-set03	50	3	family	wide	2.000000	0.150000	4000.000000000	8000.000000000	35764.000000000	default-discount	data/n050-set03/family/base/wide/m3.dat	outsourcing-data/default-discount/rate-2/n050-set03/family/base/wide/m3.dat
n050-set03	50	3	family	wide	1.000000	0.000000	4000.000000000	8000.000000000	17882.000000000	no-discount	data/n050-set03/family/base/wide/m3.dat	outsourcing-data/no-discount/rate-1/n050-set03/family/base/wide/m3.dat
n050-set03	50	4	family	wide	0.500000	0.150000	4000.000000000	8000.000000000	8941.000000000	default-discount	data/n050-set03/family/base/wide/m4.dat	outsourcing-data/default-discount/rate-0.5/n050-set03/family/base/wide/m4.dat
n050-set03	50	4	family	wide	1.000000	0.150000	4000.000000000	8000.000000000	17882.000000000	default-discount	data/n050-set03/family/base/wide/m4.dat	outsourcing-data/default-discount/rate-1/n050-set03/family/base/wide/m4.dat
n050-set03	50	4	family	wide	2.000000	0.150000	4000.000000000	8000.000000000	35764.000000000	default-discount	data/n050-set03/family/base/wide/m4.dat	outsourcing-data/default-discount/rate-2/n050-set03/family/base/wide/m4.dat
n050-set03	50	4	family	wide	1.000000	0.000000	4000.000000000	8000.000000000	17882.000000000	no-discount	data/n050-set03/family/base/wide/m4.dat	outsourcing-data/no-discount/rate-1/n050-set03/family/base/wide/m4.dat
n050-set04	50	2	random	zero	0.500000	0.150000	4000.000000000	8000.000000000	7500.000000000	default-discount	data/n050-set04/random/base/zero/m2.dat	outsourcing-data/default-discount/rate-0.5/n050-set04/random/base/zero/m2.dat
n050-set04	50	2	random	zero	1.000000	0.150000	4000.000000000	8000.000000000	15000.000000000	default-discount	data/n050-set04/random/base/zero/m2.dat	outsourcing-data/default-discount/rate-1/n050-set04/random/base/zero/m2.dat
n050-set04	50	2	random	zero	2.000000	0.150000	4000.000000000	8000.000000000	30000.000000000	default-discount	data/n050-set04/random/base/zero/m2.dat	outsourcing-data/default-discount/rate-2/n050-set04/random/base/zero/m2.dat
n050-set04	50	2	random	zero	1.000000	0.000000	4000.000000000	8000.000000000	15000.000000000	no-discount	data/n050-set04/random/base/zero/m2.dat	outsourcing-data/no-discount/rate-1/n050-set04/random/base/zero/m2.dat
n050-set04	50	3	random	zero	0.500000	0.150000	4000.000000000	8000.000000000	7500.000000000	default-discount	data/n050-set04/random/base/zero/m3.dat	outsourcing-data/default-discount/rate-0.5/n050-set04/random/base/zero/m3.dat
n050-set04	50	3	random	zero	1.000000	0.150000	4000.000000000	8000.000000000	15000.000000000	default-discount	data/n050-set04/random/base/zero/m3.dat	outsourcing-data/default-discount/rate-1/n050-set04/random/base/zero/m3.dat
n050-set04	50	3	random	zero	2.000000	0.150000	4000.000000000	8000.000000000	30000.000000000	default-discount	data/n050-set04/random/base/zero/m3.dat	outsourcing-data/default-discount/rate-2/n050-set04/random/base/zero/m3.dat
n050-set04	50	3	random	zero	1.000000	0.000000	4000.000000000	8000.000000000	15000.000000000	no-discount	data/n050-set04/random/base/zero/m3.dat	outsourcing-data/no-discount/rate-1/n050-set04/random/base/zero/m3.dat
n050-set04	50	4	random	zero	0.500000	0.150000	4000.000000000	8000.000000000	7500.000000000	default-discount	data/n050-set04/random/base/zero/m4.dat	outsourcing-data/default-discount/rate-0.5/n050-set04/random/base/zero/m4.dat
n050-set04	50	4	random	zero	1.000000	0.150000	4000.000000000	8000.000000000	15000.000000000	default-discount	data/n050-set04/random/base/zero/m4.dat	outsourcing-data/default-discount/rate-1/n050-set04/random/base/zero/m4.dat
n050-set04	50	4	random	zero	2.000000	0.150000	4000.000000000	8000.000000000	30000.000000000	default-discount	data/n050-set04/random/base/zero/m4.dat	outsourcing-data/default-discount/rate-2/n050-set04/random/base/zero/m4.dat
n050-set04	50	4	random	zero	1.000000	0.000000	4000.000000000	8000.000000000	15000.000000000	no-discount	data/n050-set04/random/base/zero/m4.dat	outsourcing-data/no-discount/rate-1/n050-set04/random/base/zero/m4.dat
n050-set04	50	2	random	narrow	0.500000	0.150000	4000.000000000	8000.000000000	7500.000000000	default-discount	data/n050-set04/random/base/narrow/m2.dat	outsourcing-data/default-discount/rate-0.5/n050-set04/random/base/narrow/m2.dat
n050-set04	50	2	random	narrow	1.000000	0.150000	4000.000000000	8000.000000000	15000.000000000	default-discount	data/n050-set04/random/base/narrow/m2.dat	outsourcing-data/default-discount/rate-1/n050-set04/random/base/narrow/m2.dat
n050-set04	50	2	random	narrow	2.000000	0.150000	4000.000000000	8000.000000000	30000.000000000	default-discount	data/n050-set04/random/base/narrow/m2.dat	outsourcing-data/default-discount/rate-2/n050-set04/random/base/narrow/m2.dat
n050-set04	50	2	random	narrow	1.000000	0.000000	4000.000000000	8000.000000000	15000.000000000	no-discount	data/n050-set04/random/base/narrow/m2.dat	outsourcing-data/no-discount/rate-1/n050-set04/random/base/narrow/m2.dat
n050-set04	50	3	random	narrow	0.500000	0.150000	4000.000000000	8000.000000000	7500.000000000	default-discount	data/n050-set04/random/base/narrow/m3.dat	outsourcing-data/default-discount/rate-0.5/n050-set04/random/base/narrow/m3.dat
n050-set04	50	3	random	narrow	1.000000	0.150000	4000.000000000	8000.000000000	15000.000000000	default-discount	data/n050-set04/random/base/narrow/m3.dat	outsourcing-data/default-discount/rate-1/n050-set04/random/base/narrow/m3.dat
n050-set04	50	3	random	narrow	2.000000	0.150000	4000.000000000	8000.000000000	30000.000000000	default-discount	data/n050-set04/random/base/narrow/m3.dat	outsourcing-data/default-discount/rate-2/n050-set04/random/base/narrow/m3.dat
n050-set04	50	3	random	narrow	1.000000	0.000000	4000.000000000	8000.000000000	15000.000000000	no-discount	data/n050-set04/random/base/narrow/m3.dat	outsourcing-data/no-discount/rate-1/n050-set04/random/base/narrow/m3.dat
n050-set04	50	4	random	narrow	0.500000	0.150000	4000.000000000	8000.000000000	7500.000000000	default-discount	data/n050-set04/random/base/narrow/m4.dat	outsourcing-data/default-discount/rate-0.5/n050-set04/random/base/narrow/m4.dat
n050-set04	50	4	random	narrow	1.000000	0.150000	4000.000000000	8000.000000000	15000.000000000	default-discount	data/n050-set04/random/base/narrow/m4.dat	outsourcing-data/default-discount/rate-1/n050-set04/random/base/narrow/m4.dat
n050-set04	50	4	random	narrow	2.000000	0.150000	4000.000000000	8000.000000000	30000.000000000	default-discount	data/n050-set04/random/base/narrow/m4.dat	outsourcing-data/default-discount/rate-2/n050-set04/random/base/narrow/m4.dat
n050-set04	50	4	random	narrow	1.000000	0.000000	4000.000000000	8000.000000000	15000.000000000	no-discount	data/n050-set04/random/base/narrow/m4.dat	outsourcing-data/no-discount/rate-1/n050-set04/random/base/narrow/m4.dat
n050-set04	50	2	random	wide	0.500000	0.150000	4000.000000000	8000.000000000	7500.000000000	default-discount	data/n050-set04/random/base/wide/m2.dat	outsourcing-data/default-discount/rate-0.5/n050-set04/random/base/wide/m2.dat
n050-set04	50	2	random	wide	1.000000	0.150000	4000.000000000	8000.000000000	15000.000000000	default-discount	data/n050-set04/random/base/wide/m2.dat	outsourcing-data/default-discount/rate-1/n050-set04/random/base/wide/m2.dat
n050-set04	50	2	random	wide	2.000000	0.150000	4000.000000000	8000.000000000	30000.000000000	default-discount	data/n050-set04/random/base/wide/m2.dat	outsourcing-data/default-discount/rate-2/n050-set04/random/base/wide/m2.dat
n050-set04	50	2	random	wide	1.000000	0.000000	4000.000000000	8000.000000000	15000.000000000	no-discount	data/n050-set04/random/base/wide/m2.dat	outsourcing-data/no-discount/rate-1/n050-set04/random/base/wide/m2.dat
n050-set04	50	3	random	wide	0.500000	0.150000	4000.000000000	8000.000000000	7500.000000000	default-discount	data/n050-set04/random/base/wide/m3.dat	outsourcing-data/default-discount/rate-0.5/n050-set04/random/base/wide/m3.dat
n050-set04	50	3	random	wide	1.000000	0.150000	4000.000000000	8000.000000000	15000.000000000	default-discount	data/n050-set04/random/base/wide/m3.dat	outsourcing-data/default-discount/rate-1/n050-set04/random/base/wide/m3.dat
n050-set04	50	3	random	wide	2.000000	0.150000	4000.000000000	8000.000000000	30000.000000000	default-discount	data/n050-set04/random/base/wide/m3.dat	outsourcing-data/default-discount/rate-2/n050-set04/random/base/wide/m3.dat
n050-set04	50	3	random	wide	1.000000	0.000000	4000.000000000	8000.000000000	15000.000000000	no-discount	data/n050-set04/random/base/wide/m3.dat	outsourcing-data/no-discount/rate-1/n050-set04/random/base/wide/m3.dat
n050-set04	50	4	random	wide	0.500000	0.150000	4000.000000000	8000.000000000	7500.000000000	default-discount	data/n050-set04/random/base/wide/m4.dat	outsourcing-data/default-discount/rate-0.5/n050-set04/random/base/wide/m4.dat
n050-set04	50	4	random	wide	1.000000	0.150000	4000.000000000	8000.000000000	15000.000000000	default-discount	data/n050-set04/random/base/wide/m4.dat	outsourcing-data/default-discount/rate-1/n050-set04/random/base/wide/m4.dat
n050-set04	50	4	random	wide	2.000000	0.150000	4000.000000000	8000.000000000	30000.000000000	default-discount	data/n050-set04/random/base/wide/m4.dat	outsourcing-data/default-discount/rate-2/n050-set04/random/base/wide/m4.dat
n050-set04	50	4	random	wide	1.000000	0.000000	4000.000000000	8000.000000000	15000.000000000	no-discount	data/n050-set04/random/base/wide/m4.dat	outsourcing-data/no-discount/rate-1/n050-set04/random/base/wide/m4.dat
n050-set04	50	2	family	zero	0.500000	0.150000	4000.000000000	8000.000000000	7500.000000000	default-discount	data/n050-set04/family/base/zero/m2.dat	outsourcing-data/default-discount/rate-0.5/n050-set04/family/base/zero/m2.dat
n050-set04	50	2	family	zero	1.000000	0.150000	4000.000000000	8000.000000000	15000.000000000	default-discount	data/n050-set04/family/base/zero/m2.dat	outsourcing-data/default-discount/rate-1/n050-set04/family/base/zero/m2.dat
n050-set04	50	2	family	zero	2.000000	0.150000	4000.000000000	8000.000000000	30000.000000000	default-discount	data/n050-set04/family/base/zero/m2.dat	outsourcing-data/default-discount/rate-2/n050-set04/family/base/zero/m2.dat
n050-set04	50	2	family	zero	1.000000	0.000000	4000.000000000	8000.000000000	15000.000000000	no-discount	data/n050-set04/family/base/zero/m2.dat	outsourcing-data/no-discount/rate-1/n050-set04/family/base/zero/m2.dat
n050-set04	50	3	family	zero	0.500000	0.150000	4000.000000000	8000.000000000	7500.000000000	default-discount	data/n050-set04/family/base/zero/m3.dat	outsourcing-data/default-discount/rate-0.5/n050-set04/family/base/zero/m3.dat
n050-set04	50	3	family	zero	1.000000	0.150000	4000.000000000	8000.000000000	15000.000000000	default-discount	data/n050-set04/family/base/zero/m3.dat	outsourcing-data/default-discount/rate-1/n050-set04/family/base/zero/m3.dat
n050-set04	50	3	family	zero	2.000000	0.150000	4000.000000000	8000.000000000	30000.000000000	default-discount	data/n050-set04/family/base/zero/m3.dat	outsourcing-data/default-discount/rate-2/n050-set04/family/base/zero/m3.dat
n050-set04	50	3	family	zero	1.000000	0.000000	4000.000000000	8000.000000000	15000.000000000	no-discount	data/n050-set04/family/base/zero/m3.dat	outsourcing-data/no-discount/rate-1/n050-set04/family/base/zero/m3.dat
n050-set04	50	4	family	zero	0.500000	0.150000	4000.000000000	8000.000000000	7500.000000000	default-discount	data/n050-set04/family/base/zero/m4.dat	outsourcing-data/default-discount/rate-0.5/n050-set04/family/base/zero/m4.dat
n050-set04	50	4	family	zero	1.000000	0.150000	4000.000000000	8000.000000000	15000.000000000	default-discount	data/n050-set04/family/base/zero/m4.dat	outsourcing-data/default-discount/rate-1/n050-set04/family/base/zero/m4.dat
n050-set04	50	4	family	zero	2.000000	0.150000	4000.000000000	8000.000000000	30000.000000000	default-discount	data/n050-set04/family/base/zero/m4.dat	outsourcing-data/default-discount/rate-2/n050-set04/family/base/zero/m4.dat
n050-set04	50	4	family	zero	1.000000	0.000000	4000.000000000	8000.000000000	15000.000000000	no-discount	data/n050-set04/family/base/zero/m4.dat	outsourcing-data/no-discount/rate-1/n050-set04/family/base/zero/m4.dat
n050-set04	50	2	family	narrow	0.500000	0.150000	4000.000000000	8000.000000000	7500.000000000	default-discount	data/n050-set04/family/base/narrow/m2.dat	outsourcing-data/default-discount/rate-0.5/n050-set04/family/base/narrow/m2.dat
n050-set04	50	2	family	narrow	1.000000	0.150000	4000.000000000	8000.000000000	15000.000000000	default-discount	data/n050-set04/family/base/narrow/m2.dat	outsourcing-data/default-discount/rate-1/n050-set04/family/base/narrow/m2.dat
n050-set04	50	2	family	narrow	2.000000	0.150000	4000.000000000	8000.000000000	30000.000000000	default-discount	data/n050-set04/family/base/narrow/m2.dat	outsourcing-data/default-discount/rate-2/n050-set04/family/base/narrow/m2.dat
n050-set04	50	2	family	narrow	1.000000	0.000000	4000.000000000	8000.000000000	15000.000000000	no-discount	data/n050-set04/family/base/narrow/m2.dat	outsourcing-data/no-discount/rate-1/n050-set04/family/base/narrow/m2.dat
n050-set04	50	3	family	narrow	0.500000	0.150000	4000.000000000	8000.000000000	7500.000000000	default-discount	data/n050-set04/family/base/narrow/m3.dat	outsourcing-data/default-discount/rate-0.5/n050-set04/family/base/narrow/m3.dat
n050-set04	50	3	family	narrow	1.000000	0.150000	4000.000000000	8000.000000000	15000.000000000	default-discount	data/n050-set04/family/base/narrow/m3.dat	outsourcing-data/default-discount/rate-1/n050-set04/family/base/narrow/m3.dat
n050-set04	50	3	family	narrow	2.000000	0.150000	4000.000000000	8000.000000000	30000.000000000	default-discount	data/n050-set04/family/base/narrow/m3.dat	outsourcing-data/default-discount/rate-2/n050-set04/family/base/narrow/m3.dat
n050-set04	50	3	family	narrow	1.000000	0.000000	4000.000000000	8000.000000000	15000.000000000	no-discount	data/n050-set04/family/base/narrow/m3.dat	outsourcing-data/no-discount/rate-1/n050-set04/family/base/narrow/m3.dat
n050-set04	50	4	family	narrow	0.500000	0.150000	4000.000000000	8000.000000000	7500.000000000	default-discount	data/n050-set04/family/base/narrow/m4.dat	outsourcing-data/default-discount/rate-0.5/n050-set04/family/base/narrow/m4.dat
n050-set04	50	4	family	narrow	1.000000	0.150000	4000.000000000	8000.000000000	15000.000000000	default-discount	data/n050-set04/family/base/narrow/m4.dat	outsourcing-data/default-discount/rate-1/n050-set04/family/base/narrow/m4.dat
n050-set04	50	4	family	narrow	2.000000	0.150000	4000.000000000	8000.000000000	30000.000000000	default-discount	data/n050-set04/family/base/narrow/m4.dat	outsourcing-data/default-discount/rate-2/n050-set04/family/base/narrow/m4.dat
n050-set04	50	4	family	narrow	1.000000	0.000000	4000.000000000	8000.000000000	15000.000000000	no-discount	data/n050-set04/family/base/narrow/m4.dat	outsourcing-data/no-discount/rate-1/n050-set04/family/base/narrow/m4.dat
n050-set04	50	2	family	wide	0.500000	0.150000	4000.000000000	8000.000000000	7500.000000000	default-discount	data/n050-set04/family/base/wide/m2.dat	outsourcing-data/default-discount/rate-0.5/n050-set04/family/base/wide/m2.dat
n050-set04	50	2	family	wide	1.000000	0.150000	4000.000000000	8000.000000000	15000.000000000	default-discount	data/n050-set04/family/base/wide/m2.dat	outsourcing-data/default-discount/rate-1/n050-set04/family/base/wide/m2.dat
n050-set04	50	2	family	wide	2.000000	0.150000	4000.000000000	8000.000000000	30000.000000000	default-discount	data/n050-set04/family/base/wide/m2.dat	outsourcing-data/default-discount/rate-2/n050-set04/family/base/wide/m2.dat
n050-set04	50	2	family	wide	1.000000	0.000000	4000.000000000	8000.000000000	15000.000000000	no-discount	data/n050-set04/family/base/wide/m2.dat	outsourcing-data/no-discount/rate-1/n050-set04/family/base/wide/m2.dat
n050-set04	50	3	family	wide	0.500000	0.150000	4000.000000000	8000.000000000	7500.000000000	default-discount	data/n050-set04/family/base/wide/m3.dat	outsourcing-data/default-discount/rate-0.5/n050-set04/family/base/wide/m3.dat
n050-set04	50	3	family	wide	1.000000	0.150000	4000.000000000	8000.000000000	15000.000000000	default-discount	data/n050-set04/family/base/wide/m3.dat	outsourcing-data/default-discount/rate-1/n050-set04/family/base/wide/m3.dat
n050-set04	50	3	family	wide	2.000000	0.150000	4000.000000000	8000.000000000	30000.000000000	default-discount	data/n050-set04/family/base/wide/m3.dat	outsourcing-data/default-discount/rate-2/n050-set04/family/base/wide/m3.dat
n050-set04	50	3	family	wide	1.000000	0.000000	4000.000000000	8000.000000000	15000.000000000	no-discount	data/n050-set04/family/base/wide/m3.dat	outsourcing-data/no-discount/rate-1/n050-set04/family/base/wide/m3.dat
n050-set04	50	4	family	wide	0.500000	0.150000	4000.000000000	8000.000000000	7500.000000000	default-discount	data/n050-set04/family/base/wide/m4.dat	outsourcing-data/default-discount/rate-0.5/n050-set04/family/base/wide/m4.dat
n050-set04	50	4	family	wide	1.000000	0.150000	4000.000000000	8000.000000000	15000.000000000	default-discount	data/n050-set04/family/base/wide/m4.dat	outsourcing-data/default-discount/rate-1/n050-set04/family/base/wide/m4.dat
n050-set04	50	4	family	wide	2.000000	0.150000	4000.000000000	8000.000000000	30000.000000000	default-discount	data/n050-set04/family/base/wide/m4.dat	outsourcing-data/default-discount/rate-2/n050-set04/family/base/wide/m4.dat
n050-set04	50	4	family	wide	1.000000	0.000000	4000.000000000	8000.000000000	15000.000000000	no-discount	data/n050-set04/family/base/wide/m4.dat	outsourcing-data/no-discount/rate-1/n050-set04/family/base/wide/m4.dat
n050-set05	50	2	random	zero	0.500000	0.150000	4000.000000000	8000.000000000	8330.500000000	default-discount	data/n050-set05/random/base/zero/m2.dat	outsourcing-data/default-discount/rate-0.5/n050-set05/random/base/zero/m2.dat
n050-set05	50	2	random	zero	1.000000	0.150000	4000.000000000	8000.000000000	16661.000000000	default-discount	data/n050-set05/random/base/zero/m2.dat	outsourcing-data/default-discount/rate-1/n050-set05/random/base/zero/m2.dat
n050-set05	50	2	random	zero	2.000000	0.150000	4000.000000000	8000.000000000	33322.000000000	default-discount	data/n050-set05/random/base/zero/m2.dat	outsourcing-data/default-discount/rate-2/n050-set05/random/base/zero/m2.dat
n050-set05	50	2	random	zero	1.000000	0.000000	4000.000000000	8000.000000000	16661.000000000	no-discount	data/n050-set05/random/base/zero/m2.dat	outsourcing-data/no-discount/rate-1/n050-set05/random/base/zero/m2.dat
n050-set05	50	3	random	zero	0.500000	0.150000	4000.000000000	8000.000000000	8330.500000000	default-discount	data/n050-set05/random/base/zero/m3.dat	outsourcing-data/default-discount/rate-0.5/n050-set05/random/base/zero/m3.dat
n050-set05	50	3	random	zero	1.000000	0.150000	4000.000000000	8000.000000000	16661.000000000	default-discount	data/n050-set05/random/base/zero/m3.dat	outsourcing-data/default-discount/rate-1/n050-set05/random/base/zero/m3.dat
n050-set05	50	3	random	zero	2.000000	0.150000	4000.000000000	8000.000000000	33322.000000000	default-discount	data/n050-set05/random/base/zero/m3.dat	outsourcing-data/default-discount/rate-2/n050-set05/random/base/zero/m3.dat
n050-set05	50	3	random	zero	1.000000	0.000000	4000.000000000	8000.000000000	16661.000000000	no-discount	data/n050-set05/random/base/zero/m3.dat	outsourcing-data/no-discount/rate-1/n050-set05/random/base/zero/m3.dat
n050-set05	50	4	random	zero	0.500000	0.150000	4000.000000000	8000.000000000	8330.500000000	default-discount	data/n050-set05/random/base/zero/m4.dat	outsourcing-data/default-discount/rate-0.5/n050-set05/random/base/zero/m4.dat
n050-set05	50	4	random	zero	1.000000	0.150000	4000.000000000	8000.000000000	16661.000000000	default-discount	data/n050-set05/random/base/zero/m4.dat	outsourcing-data/default-discount/rate-1/n050-set05/random/base/zero/m4.dat
n050-set05	50	4	random	zero	2.000000	0.150000	4000.000000000	8000.000000000	33322.000000000	default-discount	data/n050-set05/random/base/zero/m4.dat	outsourcing-data/default-discount/rate-2/n050-set05/random/base/zero/m4.dat
n050-set05	50	4	random	zero	1.000000	0.000000	4000.000000000	8000.000000000	16661.000000000	no-discount	data/n050-set05/random/base/zero/m4.dat	outsourcing-data/no-discount/rate-1/n050-set05/random/base/zero/m4.dat
n050-set05	50	2	random	narrow	0.500000	0.150000	4000.000000000	8000.000000000	8330.500000000	default-discount	data/n050-set05/random/base/narrow/m2.dat	outsourcing-data/default-discount/rate-0.5/n050-set05/random/base/narrow/m2.dat
n050-set05	50	2	random	narrow	1.000000	0.150000	4000.000000000	8000.000000000	16661.000000000	default-discount	data/n050-set05/random/base/narrow/m2.dat	outsourcing-data/default-discount/rate-1/n050-set05/random/base/narrow/m2.dat
n050-set05	50	2	random	narrow	2.000000	0.150000	4000.000000000	8000.000000000	33322.000000000	default-discount	data/n050-set05/random/base/narrow/m2.dat	outsourcing-data/default-discount/rate-2/n050-set05/random/base/narrow/m2.dat
n050-set05	50	2	random	narrow	1.000000	0.000000	4000.000000000	8000.000000000	16661.000000000	no-discount	data/n050-set05/random/base/narrow/m2.dat	outsourcing-data/no-discount/rate-1/n050-set05/random/base/narrow/m2.dat
n050-set05	50	3	random	narrow	0.500000	0.150000	4000.000000000	8000.000000000	8330.500000000	default-discount	data/n050-set05/random/base/narrow/m3.dat	outsourcing-data/default-discount/rate-0.5/n050-set05/random/base/narrow/m3.dat
n050-set05	50	3	random	narrow	1.000000	0.150000	4000.000000000	8000.000000000	16661.000000000	default-discount	data/n050-set05/random/base/narrow/m3.dat	outsourcing-data/default-discount/rate-1/n050-set05/random/base/narrow/m3.dat
n050-set05	50	3	random	narrow	2.000000	0.150000	4000.000000000	8000.000000000	33322.000000000	default-discount	data/n050-set05/random/base/narrow/m3.dat	outsourcing-data/default-discount/rate-2/n050-set05/random/base/narrow/m3.dat
n050-set05	50	3	random	narrow	1.000000	0.000000	4000.000000000	8000.000000000	16661.000000000	no-discount	data/n050-set05/random/base/narrow/m3.dat	outsourcing-data/no-discount/rate-1/n050-set05/random/base/narrow/m3.dat
n050-set05	50	4	random	narrow	0.500000	0.150000	4000.000000000	8000.000000000	8330.500000000	default-discount	data/n050-set05/random/base/narrow/m4.dat	outsourcing-data/default-discount/rate-0.5/n050-set05/random/base/narrow/m4.dat
n050-set05	50	4	random	narrow	1.000000	0.150000	4000.000000000	8000.000000000	16661.000000000	default-discount	data/n050-set05/random/base/narrow/m4.dat	outsourcing-data/default-discount/rate-1/n050-set05/random/base/narrow/m4.dat
n050-set05	50	4	random	narrow	2.000000	0.150000	4000.000000000	8000.000000000	33322.000000000	default-discount	data/n050-set05/random/base/narrow/m4.dat	outsourcing-data/default-discount/rate-2/n050-set05/random/base/narrow/m4.dat
n050-set05	50	4	random	narrow	1.000000	0.000000	4000.000000000	8000.000000000	16661.000000000	no-discount	data/n050-set05/random/base/narrow/m4.dat	outsourcing-data/no-discount/rate-1/n050-set05/random/base/narrow/m4.dat
n050-set05	50	2	random	wide	0.500000	0.150000	4000.000000000	8000.000000000	8330.500000000	default-discount	data/n050-set05/random/base/wide/m2.dat	outsourcing-data/default-discount/rate-0.5/n050-set05/random/base/wide/m2.dat
n050-set05	50	2	random	wide	1.000000	0.150000	4000.000000000	8000.000000000	16661.000000000	default-discount	data/n050-set05/random/base/wide/m2.dat	outsourcing-data/default-discount/rate-1/n050-set05/random/base/wide/m2.dat
n050-set05	50	2	random	wide	2.000000	0.150000	4000.000000000	8000.000000000	33322.000000000	default-discount	data/n050-set05/random/base/wide/m2.dat	outsourcing-data/default-discount/rate-2/n050-set05/random/base/wide/m2.dat
n050-set05	50	2	random	wide	1.000000	0.000000	4000.000000000	8000.000000000	16661.000000000	no-discount	data/n050-set05/random/base/wide/m2.dat	outsourcing-data/no-discount/rate-1/n050-set05/random/base/wide/m2.dat
n050-set05	50	3	random	wide	0.500000	0.150000	4000.000000000	8000.000000000	8330.500000000	default-discount	data/n050-set05/random/base/wide/m3.dat	outsourcing-data/default-discount/rate-0.5/n050-set05/random/base/wide/m3.dat
n050-set05	50	3	random	wide	1.000000	0.150000	4000.000000000	8000.000000000	16661.000000000	default-discount	data/n050-set05/random/base/wide/m3.dat	outsourcing-data/default-discount/rate-1/n050-set05/random/base/wide/m3.dat
n050-set05	50	3	random	wide	2.000000	0.150000	4000.000000000	8000.000000000	33322.000000000	default-discount	data/n050-set05/random/base/wide/m3.dat	outsourcing-data/default-discount/rate-2/n050-set05/random/base/wide/m3.dat
n050-set05	50	3	random	wide	1.000000	0.000000	4000.000000000	8000.000000000	16661.000000000	no-discount	data/n050-set05/random/base/wide/m3.dat	outsourcing-data/no-discount/rate-1/n050-set05/random/base/wide/m3.dat
n050-set05	50	4	random	wide	0.500000	0.150000	4000.000000000	8000.000000000	8330.500000000	default-discount	data/n050-set05/random/base/wide/m4.dat	outsourcing-data/default-discount/rate-0.5/n050-set05/random/base/wide/m4.dat
n050-set05	50	4	random	wide	1.000000	0.150000	4000.000000000	8000.000000000	16661.000000000	default-discount	data/n050-set05/random/base/wide/m4.dat	outsourcing-data/default-discount/rate-1/n050-set05/random/base/wide/m4.dat
n050-set05	50	4	random	wide	2.000000	0.150000	4000.000000000	8000.000000000	33322.000000000	default-discount	data/n050-set05/random/base/wide/m4.dat	outsourcing-data/default-discount/rate-2/n050-set05/random/base/wide/m4.dat
n050-set05	50	4	random	wide	1.000000	0.000000	4000.000000000	8000.000000000	16661.000000000	no-discount	data/n050-set05/random/base/wide/m4.dat	outsourcing-data/no-discount/rate-1/n050-set05/random/base/wide/m4.dat
n050-set05	50	2	family	zero	0.500000	0.150000	4000.000000000	8000.000000000	8330.500000000	default-discount	data/n050-set05/family/base/zero/m2.dat	outsourcing-data/default-discount/rate-0.5/n050-set05/family/base/zero/m2.dat
n050-set05	50	2	family	zero	1.000000	0.150000	4000.000000000	8000.000000000	16661.000000000	default-discount	data/n050-set05/family/base/zero/m2.dat	outsourcing-data/default-discount/rate-1/n050-set05/family/base/zero/m2.dat
n050-set05	50	2	family	zero	2.000000	0.150000	4000.000000000	8000.000000000	33322.000000000	default-discount	data/n050-set05/family/base/zero/m2.dat	outsourcing-data/default-discount/rate-2/n050-set05/family/base/zero/m2.dat
n050-set05	50	2	family	zero	1.000000	0.000000	4000.000000000	8000.000000000	16661.000000000	no-discount	data/n050-set05/family/base/zero/m2.dat	outsourcing-data/no-discount/rate-1/n050-set05/family/base/zero/m2.dat
n050-set05	50	3	family	zero	0.500000	0.150000	4000.000000000	8000.000000000	8330.500000000	default-discount	data/n050-set05/family/base/zero/m3.dat	outsourcing-data/default-discount/rate-0.5/n050-set05/family/base/zero/m3.dat
n050-set05	50	3	family	zero	1.000000	0.150000	4000.000000000	8000.000000000	16661.000000000	default-discount	data/n050-set05/family/base/zero/m3.dat	outsourcing-data/default-discount/rate-1/n050-set05/family/base/zero/m3.dat
n050-set05	50	3	family	zero	2.000000	0.150000	4000.000000000	8000.000000000	33322.000000000	default-discount	data/n050-set05/family/base/zero/m3.dat	outsourcing-data/default-discount/rate-2/n050-set05/family/base/zero/m3.dat
n050-set05	50	3	family	zero	1.000000	0.000000	4000.000000000	8000.000000000	16661.000000000	no-discount	data/n050-set05/family/base/zero/m3.dat	outsourcing-data/no-discount/rate-1/n050-set05/family/base/zero/m3.dat
n050-set05	50	4	family	zero	0.500000	0.150000	4000.000000000	8000.000000000	8330.500000000	default-discount	data/n050-set05/family/base/zero/m4.dat	outsourcing-data/default-discount/rate-0.5/n050-set05/family/base/zero/m4.dat
n050-set05	50	4	family	zero	1.000000	0.150000	4000.000000000	8000.000000000	16661.000000000	default-discount	data/n050-set05/family/base/zero/m4.dat	outsourcing-data/default-discount/rate-1/n050-set05/family/base/zero/m4.dat
n050-set05	50	4	family	zero	2.000000	0.150000	4000.000000000	8000.000000000	33322.000000000	default-discount	data/n050-set05/family/base/zero/m4.dat	outsourcing-data/default-discount/rate-2/n050-set05/family/base/zero/m4.dat
n050-set05	50	4	family	zero	1.000000	0.000000	4000.000000000	8000.000000000	16661.000000000	no-discount	data/n050-set05/family/base/zero/m4.dat	outsourcing-data/no-discount/rate-1/n050-set05/family/base/zero/m4.dat
n050-set05	50	2	family	narrow	0.500000	0.150000	4000.000000000	8000.000000000	8330.500000000	default-discount	data/n050-set05/family/base/narrow/m2.dat	outsourcing-data/default-discount/rate-0.5/n050-set05/family/base/narrow/m2.dat
n050-set05	50	2	family	narrow	1.000000	0.150000	4000.000000000	8000.000000000	16661.000000000	default-discount	data/n050-set05/family/base/narrow/m2.dat	outsourcing-data/default-discount/rate-1/n050-set05/family/base/narrow/m2.dat
n050-set05	50	2	family	narrow	2.000000	0.150000	4000.000000000	8000.000000000	33322.000000000	default-discount	data/n050-set05/family/base/narrow/m2.dat	outsourcing-data/default-discount/rate-2/n050-set05/family/base/narrow/m2.dat
n050-set05	50	2	family	narrow	1.000000	0.000000	4000.000000000	8000.000000000	16661.000000000	no-discount	data/n050-set05/family/base/narrow/m2.dat	outsourcing-data/no-discount/rate-1/n050-set05/family/base/narrow/m2.dat
n050-set05	50	3	family	narrow	0.500000	0.150000	4000.000000000	8000.000000000	8330.500000000	default-discount	data/n050-set05/family/base/narrow/m3.dat	outsourcing-data/default-discount/rate-0.5/n050-set05/family/base/narrow/m3.dat
n050-set05	50	3	family	narrow	1.000000	0.150000	4000.000000000	8000.000000000	16661.000000000	default-discount	data/n050-set05/family/base/narrow/m3.dat	outsourcing-data/default-discount/rate-1/n050-set05/family/base/narrow/m3.dat
n050-set05	50	3	family	narrow	2.000000	0.150000	4000.000000000	8000.000000000	33322.000000000	default-discount	data/n050-set05/family/base/narrow/m3.dat	outsourcing-data/default-discount/rate-2/n050-set05/family/base/narrow/m3.dat
n050-set05	50	3	family	narrow	1.000000	0.000000	4000.000000000	8000.000000000	16661.000000000	no-discount	data/n050-set05/family/base/narrow/m3.dat	outsourcing-data/no-discount/rate-1/n050-set05/family/base/narrow/m3.dat
n050-set05	50	4	family	narrow	0.500000	0.150000	4000.000000000	8000.000000000	8330.500000000	default-discount	data/n050-set05/family/base/narrow/m4.dat	outsourcing-data/default-discount/rate-0.5/n050-set05/family/base/narrow/m4.dat
n050-set05	50	4	family	narrow	1.000000	0.150000	4000.000000000	8000.000000000	16661.000000000	default-discount	data/n050-set05/family/base/narrow/m4.dat	outsourcing-data/default-discount/rate-1/n050-set05/family/base/narrow/m4.dat
n050-set05	50	4	family	narrow	2.000000	0.150000	4000.000000000	8000.000000000	33322.000000000	default-discount	data/n050-set05/family/base/narrow/m4.dat	outsourcing-data/default-discount/rate-2/n050-set05/family/base/narrow/m4.dat
n050-set05	50	4	family	narrow	1.000000	0.000000	4000.000000000	8000.000000000	16661.000000000	no-discount	data/n050-set05/family/base/narrow/m4.dat	outsourcing-data/no-discount/rate-1/n050-set05/family/base/narrow/m4.dat
n050-set05	50	2	family	wide	0.500000	0.150000	4000.000000000	8000.000000000	8330.500000000	default-discount	data/n050-set05/family/base/wide/m2.dat	outsourcing-data/default-discount/rate-0.5/n050-set05/family/base/wide/m2.dat
n050-set05	50	2	family	wide	1.000000	0.150000	4000.000000000	8000.000000000	16661.000000000	default-discount	data/n050-set05/family/base/wide/m2.dat	outsourcing-data/default-discount/rate-1/n050-set05/family/base/wide/m2.dat
n050-set05	50	2	family	wide	2.000000	0.150000	4000.000000000	8000.000000000	33322.000000000	default-discount	data/n050-set05/family/base/wide/m2.dat	outsourcing-data/default-discount/rate-2/n050-set05/family/base/wide/m2.dat
n050-set05	50	2	family	wide	1.000000	0.000000	4000.000000000	8000.000000000	16661.000000000	no-discount	data/n050-set05/family/base/wide/m2.dat	outsourcing-data/no-discount/rate-1/n050-set05/family/base/wide/m2.dat
n050-set05	50	3	family	wide	0.500000	0.150000	4000.000000000	8000.000000000	8330.500000000	default-discount	data/n050-set05/family/base/wide/m3.dat	outsourcing-data/default-discount/rate-0.5/n050-set05/family/base/wide/m3.dat
n050-set05	50	3	family	wide	1.000000	0.150000	4000.000000000	8000.000000000	16661.000000000	default-discount	data/n050-set05/family/base/wide/m3.dat	outsourcing-data/default-discount/rate-1/n050-set05/family/base/wide/m3.dat
n050-set05	50	3	family	wide	2.000000	0.150000	4000.000000000	8000.000000000	33322.000000000	default-discount	data/n050-set05/family/base/wide/m3.dat	outsourcing-data/default-discount/rate-2/n050-set05/family/base/wide/m3.dat
n050-set05	50	3	family	wide	1.000000	0.000000	4000.000000000	8000.000000000	16661.000000000	no-discount	data/n050-set05/family/base/wide/m3.dat	outsourcing-data/no-discount/rate-1/n050-set05/family/base/wide/m3.dat
n050-set05	50	4	family	wide	0.500000	0.150000	4000.000000000	8000.000000000	8330.500000000	default-discount	data/n050-set05/family/base/wide/m4.dat	outsourcing-data/default-discount/rate-0.5/n050-set05/family/base/wide/m4.dat
n050-set05	50	4	family	wide	1.000000	0.150000	4000.000000000	8000.000000000	16661.000000000	default-discount	data/n050-set05/family/base/wide/m4.dat	outsourcing-data/default-discount/rate-1/n050-set05/family/base/wide/m4.dat
n050-set05	50	4	family	wide	2.000000	0.150000	4000.000000000	8000.000000000	33322.000000000	default-discount	data/n050-set05/family/base/wide/m4.dat	outsourcing-data/default-discount/rate-2/n050-set05/family/base/wide/m4.dat
n050-set05	50	4	family	wide	1.000000	0.000000	4000.000000000	8000.000000000	16661.000000000	no-discount	data/n050-set05/family/base/wide/m4.dat	outsourcing-data/no-discount/rate-1/n050-set05/family/base/wide/m4.dat
n060-set01	60	2	random	zero	0.500000	0.150000	4000.000000000	8000.000000000	12642.500000000	default-discount	data/n060-set01/random/base/zero/m2.dat	outsourcing-data/default-discount/rate-0.5/n060-set01/random/base/zero/m2.dat
n060-set01	60	2	random	zero	1.000000	0.150000	4000.000000000	8000.000000000	25285.000000000	default-discount	data/n060-set01/random/base/zero/m2.dat	outsourcing-data/default-discount/rate-1/n060-set01/random/base/zero/m2.dat
n060-set01	60	2	random	zero	2.000000	0.150000	4000.000000000	8000.000000000	50570.000000000	default-discount	data/n060-set01/random/base/zero/m2.dat	outsourcing-data/default-discount/rate-2/n060-set01/random/base/zero/m2.dat
n060-set01	60	3	random	zero	0.500000	0.150000	4000.000000000	8000.000000000	12642.500000000	default-discount	data/n060-set01/random/base/zero/m3.dat	outsourcing-data/default-discount/rate-0.5/n060-set01/random/base/zero/m3.dat
n060-set01	60	3	random	zero	1.000000	0.150000	4000.000000000	8000.000000000	25285.000000000	default-discount	data/n060-set01/random/base/zero/m3.dat	outsourcing-data/default-discount/rate-1/n060-set01/random/base/zero/m3.dat
n060-set01	60	3	random	zero	2.000000	0.150000	4000.000000000	8000.000000000	50570.000000000	default-discount	data/n060-set01/random/base/zero/m3.dat	outsourcing-data/default-discount/rate-2/n060-set01/random/base/zero/m3.dat
n060-set01	60	4	random	zero	0.500000	0.150000	4000.000000000	8000.000000000	12642.500000000	default-discount	data/n060-set01/random/base/zero/m4.dat	outsourcing-data/default-discount/rate-0.5/n060-set01/random/base/zero/m4.dat
n060-set01	60	4	random	zero	1.000000	0.150000	4000.000000000	8000.000000000	25285.000000000	default-discount	data/n060-set01/random/base/zero/m4.dat	outsourcing-data/default-discount/rate-1/n060-set01/random/base/zero/m4.dat
n060-set01	60	4	random	zero	2.000000	0.150000	4000.000000000	8000.000000000	50570.000000000	default-discount	data/n060-set01/random/base/zero/m4.dat	outsourcing-data/default-discount/rate-2/n060-set01/random/base/zero/m4.dat
n060-set01	60	2	random	narrow	0.500000	0.150000	4000.000000000	8000.000000000	12642.500000000	default-discount	data/n060-set01/random/base/narrow/m2.dat	outsourcing-data/default-discount/rate-0.5/n060-set01/random/base/narrow/m2.dat
n060-set01	60	2	random	narrow	1.000000	0.150000	4000.000000000	8000.000000000	25285.000000000	default-discount	data/n060-set01/random/base/narrow/m2.dat	outsourcing-data/default-discount/rate-1/n060-set01/random/base/narrow/m2.dat
n060-set01	60	2	random	narrow	2.000000	0.150000	4000.000000000	8000.000000000	50570.000000000	default-discount	data/n060-set01/random/base/narrow/m2.dat	outsourcing-data/default-discount/rate-2/n060-set01/random/base/narrow/m2.dat
n060-set01	60	3	random	narrow	0.500000	0.150000	4000.000000000	8000.000000000	12642.500000000	default-discount	data/n060-set01/random/base/narrow/m3.dat	outsourcing-data/default-discount/rate-0.5/n060-set01/random/base/narrow/m3.dat
n060-set01	60	3	random	narrow	1.000000	0.150000	4000.000000000	8000.000000000	25285.000000000	default-discount	data/n060-set01/random/base/narrow/m3.dat	outsourcing-data/default-discount/rate-1/n060-set01/random/base/narrow/m3.dat
n060-set01	60	3	random	narrow	2.000000	0.150000	4000.000000000	8000.000000000	50570.000000000	default-discount	data/n060-set01/random/base/narrow/m3.dat	outsourcing-data/default-discount/rate-2/n060-set01/random/base/narrow/m3.dat
n060-set01	60	4	random	narrow	0.500000	0.150000	4000.000000000	8000.000000000	12642.500000000	default-discount	data/n060-set01/random/base/narrow/m4.dat	outsourcing-data/default-discount/rate-0.5/n060-set01/random/base/narrow/m4.dat
n060-set01	60	4	random	narrow	1.000000	0.150000	4000.000000000	8000.000000000	25285.000000000	default-discount	data/n060-set01/random/base/narrow/m4.dat	outsourcing-data/default-discount/rate-1/n060-set01/random/base/narrow/m4.dat
n060-set01	60	4	random	narrow	2.000000	0.150000	4000.000000000	8000.000000000	50570.000000000	default-discount	data/n060-set01/random/base/narrow/m4.dat	outsourcing-data/default-discount/rate-2/n060-set01/random/base/narrow/m4.dat
n060-set01	60	2	random	wide	0.500000	0.150000	4000.000000000	8000.000000000	12642.500000000	default-discount	data/n060-set01/random/base/wide/m2.dat	outsourcing-data/default-discount/rate-0.5/n060-set01/random/base/wide/m2.dat
n060-set01	60	2	random	wide	1.000000	0.150000	4000.000000000	8000.000000000	25285.000000000	default-discount	data/n060-set01/random/base/wide/m2.dat	outsourcing-data/default-discount/rate-1/n060-set01/random/base/wide/m2.dat
n060-set01	60	2	random	wide	2.000000	0.150000	4000.000000000	8000.000000000	50570.000000000	default-discount	data/n060-set01/random/base/wide/m2.dat	outsourcing-data/default-discount/rate-2/n060-set01/random/base/wide/m2.dat
n060-set01	60	3	random	wide	0.500000	0.150000	4000.000000000	8000.000000000	12642.500000000	default-discount	data/n060-set01/random/base/wide/m3.dat	outsourcing-data/default-discount/rate-0.5/n060-set01/random/base/wide/m3.dat
n060-set01	60	3	random	wide	1.000000	0.150000	4000.000000000	8000.000000000	25285.000000000	default-discount	data/n060-set01/random/base/wide/m3.dat	outsourcing-data/default-discount/rate-1/n060-set01/random/base/wide/m3.dat
n060-set01	60	3	random	wide	2.000000	0.150000	4000.000000000	8000.000000000	50570.000000000	default-discount	data/n060-set01/random/base/wide/m3.dat	outsourcing-data/default-discount/rate-2/n060-set01/random/base/wide/m3.dat
n060-set01	60	4	random	wide	0.500000	0.150000	4000.000000000	8000.000000000	12642.500000000	default-discount	data/n060-set01/random/base/wide/m4.dat	outsourcing-data/default-discount/rate-0.5/n060-set01/random/base/wide/m4.dat
n060-set01	60	4	random	wide	1.000000	0.150000	4000.000000000	8000.000000000	25285.000000000	default-discount	data/n060-set01/random/base/wide/m4.dat	outsourcing-data/default-discount/rate-1/n060-set01/random/base/wide/m4.dat
n060-set01	60	4	random	wide	2.000000	0.150000	4000.000000000	8000.000000000	50570.000000000	default-discount	data/n060-set01/random/base/wide/m4.dat	outsourcing-data/default-discount/rate-2/n060-set01/random/base/wide/m4.dat
n060-set01	60	2	family	zero	0.500000	0.150000	4000.000000000	8000.000000000	12642.500000000	default-discount	data/n060-set01/family/base/zero/m2.dat	outsourcing-data/default-discount/rate-0.5/n060-set01/family/base/zero/m2.dat
n060-set01	60	2	family	zero	1.000000	0.150000	4000.000000000	8000.000000000	25285.000000000	default-discount	data/n060-set01/family/base/zero/m2.dat	outsourcing-data/default-discount/rate-1/n060-set01/family/base/zero/m2.dat
n060-set01	60	2	family	zero	2.000000	0.150000	4000.000000000	8000.000000000	50570.000000000	default-discount	data/n060-set01/family/base/zero/m2.dat	outsourcing-data/default-discount/rate-2/n060-set01/family/base/zero/m2.dat
n060-set01	60	3	family	zero	0.500000	0.150000	4000.000000000	8000.000000000	12642.500000000	default-discount	data/n060-set01/family/base/zero/m3.dat	outsourcing-data/default-discount/rate-0.5/n060-set01/family/base/zero/m3.dat
n060-set01	60	3	family	zero	1.000000	0.150000	4000.000000000	8000.000000000	25285.000000000	default-discount	data/n060-set01/family/base/zero/m3.dat	outsourcing-data/default-discount/rate-1/n060-set01/family/base/zero/m3.dat
n060-set01	60	3	family	zero	2.000000	0.150000	4000.000000000	8000.000000000	50570.000000000	default-discount	data/n060-set01/family/base/zero/m3.dat	outsourcing-data/default-discount/rate-2/n060-set01/family/base/zero/m3.dat
n060-set01	60	4	family	zero	0.500000	0.150000	4000.000000000	8000.000000000	12642.500000000	default-discount	data/n060-set01/family/base/zero/m4.dat	outsourcing-data/default-discount/rate-0.5/n060-set01/family/base/zero/m4.dat
n060-set01	60	4	family	zero	1.000000	0.150000	4000.000000000	8000.000000000	25285.000000000	default-discount	data/n060-set01/family/base/zero/m4.dat	outsourcing-data/default-discount/rate-1/n060-set01/family/base/zero/m4.dat
n060-set01	60	4	family	zero	2.000000	0.150000	4000.000000000	8000.000000000	50570.000000000	default-discount	data/n060-set01/family/base/zero/m4.dat	outsourcing-data/default-discount/rate-2/n060-set01/family/base/zero/m4.dat
n060-set01	60	2	family	narrow	0.500000	0.150000	4000.000000000	8000.000000000	12642.500000000	default-discount	data/n060-set01/family/base/narrow/m2.dat	outsourcing-data/default-discount/rate-0.5/n060-set01/family/base/narrow/m2.dat
n060-set01	60	2	family	narrow	1.000000	0.150000	4000.000000000	8000.000000000	25285.000000000	default-discount	data/n060-set01/family/base/narrow/m2.dat	outsourcing-data/default-discount/rate-1/n060-set01/family/base/narrow/m2.dat
n060-set01	60	2	family	narrow	2.000000	0.150000	4000.000000000	8000.000000000	50570.000000000	default-discount	data/n060-set01/family/base/narrow/m2.dat	outsourcing-data/default-discount/rate-2/n060-set01/family/base/narrow/m2.dat
n060-set01	60	3	family	narrow	0.500000	0.150000	4000.000000000	8000.000000000	12642.500000000	default-discount	data/n060-set01/family/base/narrow/m3.dat	outsourcing-data/default-discount/rate-0.5/n060-set01/family/base/narrow/m3.dat
n060-set01	60	3	family	narrow	1.000000	0.150000	4000.000000000	8000.000000000	25285.000000000	default-discount	data/n060-set01/family/base/narrow/m3.dat	outsourcing-data/default-discount/rate-1/n060-set01/family/base/narrow/m3.dat
n060-set01	60	3	family	narrow	2.000000	0.150000	4000.000000000	8000.000000000	50570.000000000	default-discount	data/n060-set01/family/base/narrow/m3.dat	outsourcing-data/default-discount/rate-2/n060-set01/family/base/narrow/m3.dat
n060-set01	60	4	family	narrow	0.500000	0.150000	4000.000000000	8000.000000000	12642.500000000	default-discount	data/n060-set01/family/base/narrow/m4.dat	outsourcing-data/default-discount/rate-0.5/n060-set01/family/base/narrow/m4.dat
n060-set01	60	4	family	narrow	1.000000	0.150000	4000.000000000	8000.000000000	25285.000000000	default-discount	data/n060-set01/family/base/narrow/m4.dat	outsourcing-data/default-discount/rate-1/n060-set01/family/base/narrow/m4.dat
n060-set01	60	4	family	narrow	2.000000	0.150000	4000.000000000	8000.000000000	50570.000000000	default-discount	data/n060-set01/family/base/narrow/m4.dat	outsourcing-data/default-discount/rate-2/n060-set01/family/base/narrow/m4.dat
n060-set01	60	2	family	wide	0.500000	0.150000	4000.000000000	8000.000000000	12642.500000000	default-discount	data/n060-set01/family/base/wide/m2.dat	outsourcing-data/default-discount/rate-0.5/n060-set01/family/base/wide/m2.dat
n060-set01	60	2	family	wide	1.000000	0.150000	4000.000000000	8000.000000000	25285.000000000	default-discount	data/n060-set01/family/base/wide/m2.dat	outsourcing-data/default-discount/rate-1/n060-set01/family/base/wide/m2.dat
n060-set01	60	2	family	wide	2.000000	0.150000	4000.000000000	8000.000000000	50570.000000000	default-discount	data/n060-set01/family/base/wide/m2.dat	outsourcing-data/default-discount/rate-2/n060-set01/family/base/wide/m2.dat
n060-set01	60	3	family	wide	0.500000	0.150000	4000.000000000	8000.000000000	12642.500000000	default-discount	data/n060-set01/family/base/wide/m3.dat	outsourcing-data/default-discount/rate-0.5/n060-set01/family/base/wide/m3.dat
n060-set01	60	3	family	wide	1.000000	0.150000	4000.000000000	8000.000000000	25285.000000000	default-discount	data/n060-set01/family/base/wide/m3.dat	outsourcing-data/default-discount/rate-1/n060-set01/family/base/wide/m3.dat
n060-set01	60	3	family	wide	2.000000	0.150000	4000.000000000	8000.000000000	50570.000000000	default-discount	data/n060-set01/family/base/wide/m3.dat	outsourcing-data/default-discount/rate-2/n060-set01/family/base/wide/m3.dat
n060-set01	60	4	family	wide	0.500000	0.150000	4000.000000000	8000.000000000	12642.500000000	default-discount	data/n060-set01/family/base/wide/m4.dat	outsourcing-data/default-discount/rate-0.5/n060-set01/family/base/wide/m4.dat
n060-set01	60	4	family	wide	1.000000	0.150000	4000.000000000	8000.000000000	25285.000000000	default-discount	data/n060-set01/family/base/wide/m4.dat	outsourcing-data/default-discount/rate-1/n060-set01/family/base/wide/m4.dat
n060-set01	60	4	family	wide	2.000000	0.150000	4000.000000000	8000.000000000	50570.000000000	default-discount	data/n060-set01/family/base/wide/m4.dat	outsourcing-data/default-discount/rate-2/n060-set01/family/base/wide/m4.dat
n060-set02	60	2	random	zero	0.500000	0.150000	4000.000000000	8000.000000000	11399.500000000	default-discount	data/n060-set02/random/base/zero/m2.dat	outsourcing-data/default-discount/rate-0.5/n060-set02/random/base/zero/m2.dat
n060-set02	60	2	random	zero	1.000000	0.150000	4000.000000000	8000.000000000	22799.000000000	default-discount	data/n060-set02/random/base/zero/m2.dat	outsourcing-data/default-discount/rate-1/n060-set02/random/base/zero/m2.dat
n060-set02	60	2	random	zero	2.000000	0.150000	4000.000000000	8000.000000000	45598.000000000	default-discount	data/n060-set02/random/base/zero/m2.dat	outsourcing-data/default-discount/rate-2/n060-set02/random/base/zero/m2.dat
n060-set02	60	3	random	zero	0.500000	0.150000	4000.000000000	8000.000000000	11399.500000000	default-discount	data/n060-set02/random/base/zero/m3.dat	outsourcing-data/default-discount/rate-0.5/n060-set02/random/base/zero/m3.dat
n060-set02	60	3	random	zero	1.000000	0.150000	4000.000000000	8000.000000000	22799.000000000	default-discount	data/n060-set02/random/base/zero/m3.dat	outsourcing-data/default-discount/rate-1/n060-set02/random/base/zero/m3.dat
n060-set02	60	3	random	zero	2.000000	0.150000	4000.000000000	8000.000000000	45598.000000000	default-discount	data/n060-set02/random/base/zero/m3.dat	outsourcing-data/default-discount/rate-2/n060-set02/random/base/zero/m3.dat
n060-set02	60	4	random	zero	0.500000	0.150000	4000.000000000	8000.000000000	11399.500000000	default-discount	data/n060-set02/random/base/zero/m4.dat	outsourcing-data/default-discount/rate-0.5/n060-set02/random/base/zero/m4.dat
n060-set02	60	4	random	zero	1.000000	0.150000	4000.000000000	8000.000000000	22799.000000000	default-discount	data/n060-set02/random/base/zero/m4.dat	outsourcing-data/default-discount/rate-1/n060-set02/random/base/zero/m4.dat
n060-set02	60	4	random	zero	2.000000	0.150000	4000.000000000	8000.000000000	45598.000000000	default-discount	data/n060-set02/random/base/zero/m4.dat	outsourcing-data/default-discount/rate-2/n060-set02/random/base/zero/m4.dat
n060-set02	60	2	random	narrow	0.500000	0.150000	4000.000000000	8000.000000000	11399.500000000	default-discount	data/n060-set02/random/base/narrow/m2.dat	outsourcing-data/default-discount/rate-0.5/n060-set02/random/base/narrow/m2.dat
n060-set02	60	2	random	narrow	1.000000	0.150000	4000.000000000	8000.000000000	22799.000000000	default-discount	data/n060-set02/random/base/narrow/m2.dat	outsourcing-data/default-discount/rate-1/n060-set02/random/base/narrow/m2.dat
n060-set02	60	2	random	narrow	2.000000	0.150000	4000.000000000	8000.000000000	45598.000000000	default-discount	data/n060-set02/random/base/narrow/m2.dat	outsourcing-data/default-discount/rate-2/n060-set02/random/base/narrow/m2.dat
n060-set02	60	3	random	narrow	0.500000	0.150000	4000.000000000	8000.000000000	11399.500000000	default-discount	data/n060-set02/random/base/narrow/m3.dat	outsourcing-data/default-discount/rate-0.5/n060-set02/random/base/narrow/m3.dat
n060-set02	60	3	random	narrow	1.000000	0.150000	4000.000000000	8000.000000000	22799.000000000	default-discount	data/n060-set02/random/base/narrow/m3.dat	outsourcing-data/default-discount/rate-1/n060-set02/random/base/narrow/m3.dat
n060-set02	60	3	random	narrow	2.000000	0.150000	4000.000000000	8000.000000000	45598.000000000	default-discount	data/n060-set02/random/base/narrow/m3.dat	outsourcing-data/default-discount/rate-2/n060-set02/random/base/narrow/m3.dat
n060-set02	60	4	random	narrow	0.500000	0.150000	4000.000000000	8000.000000000	11399.500000000	default-discount	data/n060-set02/random/base/narrow/m4.dat	outsourcing-data/default-discount/rate-0.5/n060-set02/random/base/narrow/m4.dat
n060-set02	60	4	random	narrow	1.000000	0.150000	4000.000000000	8000.000000000	22799.000000000	default-discount	data/n060-set02/random/base/narrow/m4.dat	outsourcing-data/default-discount/rate-1/n060-set02/random/base/narrow/m4.dat
n060-set02	60	4	random	narrow	2.000000	0.150000	4000.000000000	8000.000000000	45598.000000000	default-discount	data/n060-set02/random/base/narrow/m4.dat	outsourcing-data/default-discount/rate-2/n060-set02/random/base/narrow/m4.dat
n060-set02	60	2	random	wide	0.500000	0.150000	4000.000000000	8000.000000000	11399.500000000	default-discount	data/n060-set02/random/base/wide/m2.dat	outsourcing-data/default-discount/rate-0.5/n060-set02/random/base/wide/m2.dat
n060-set02	60	2	random	wide	1.000000	0.150000	4000.000000000	8000.000000000	22799.000000000	default-discount	data/n060-set02/random/base/wide/m2.dat	outsourcing-data/default-discount/rate-1/n060-set02/random/base/wide/m2.dat
n060-set02	60	2	random	wide	2.000000	0.150000	4000.000000000	8000.000000000	45598.000000000	default-discount	data/n060-set02/random/base/wide/m2.dat	outsourcing-data/default-discount/rate-2/n060-set02/random/base/wide/m2.dat
n060-set02	60	3	random	wide	0.500000	0.150000	4000.000000000	8000.000000000	11399.500000000	default-discount	data/n060-set02/random/base/wide/m3.dat	outsourcing-data/default-discount/rate-0.5/n060-set02/random/base/wide/m3.dat
n060-set02	60	3	random	wide	1.000000	0.150000	4000.000000000	8000.000000000	22799.000000000	default-discount	data/n060-set02/random/base/wide/m3.dat	outsourcing-data/default-discount/rate-1/n060-set02/random/base/wide/m3.dat
n060-set02	60	3	random	wide	2.000000	0.150000	4000.000000000	8000.000000000	45598.000000000	default-discount	data/n060-set02/random/base/wide/m3.dat	outsourcing-data/default-discount/rate-2/n060-set02/random/base/wide/m3.dat
n060-set02	60	4	random	wide	0.500000	0.150000	4000.000000000	8000.000000000	11399.500000000	default-discount	data/n060-set02/random/base/wide/m4.dat	outsourcing-data/default-discount/rate-0.5/n060-set02/random/base/wide/m4.dat
n060-set02	60	4	random	wide	1.000000	0.150000	4000.000000000	8000.000000000	22799.000000000	default-discount	data/n060-set02/random/base/wide/m4.dat	outsourcing-data/default-discount/rate-1/n060-set02/random/base/wide/m4.dat
n060-set02	60	4	random	wide	2.000000	0.150000	4000.000000000	8000.000000000	45598.000000000	default-discount	data/n060-set02/random/base/wide/m4.dat	outsourcing-data/default-discount/rate-2/n060-set02/random/base/wide/m4.dat
n060-set02	60	2	family	zero	0.500000	0.150000	4000.000000000	8000.000000000	11399.500000000	default-discount	data/n060-set02/family/base/zero/m2.dat	outsourcing-data/default-discount/rate-0.5/n060-set02/family/base/zero/m2.dat
n060-set02	60	2	family	zero	1.000000	0.150000	4000.000000000	8000.000000000	22799.000000000	default-discount	data/n060-set02/family/base/zero/m2.dat	outsourcing-data/default-discount/rate-1/n060-set02/family/base/zero/m2.dat
n060-set02	60	2	family	zero	2.000000	0.150000	4000.000000000	8000.000000000	45598.000000000	default-discount	data/n060-set02/family/base/zero/m2.dat	outsourcing-data/default-discount/rate-2/n060-set02/family/base/zero/m2.dat
n060-set02	60	3	family	zero	0.500000	0.150000	4000.000000000	8000.000000000	11399.500000000	default-discount	data/n060-set02/family/base/zero/m3.dat	outsourcing-data/default-discount/rate-0.5/n060-set02/family/base/zero/m3.dat
n060-set02	60	3	family	zero	1.000000	0.150000	4000.000000000	8000.000000000	22799.000000000	default-discount	data/n060-set02/family/base/zero/m3.dat	outsourcing-data/default-discount/rate-1/n060-set02/family/base/zero/m3.dat
n060-set02	60	3	family	zero	2.000000	0.150000	4000.000000000	8000.000000000	45598.000000000	default-discount	data/n060-set02/family/base/zero/m3.dat	outsourcing-data/default-discount/rate-2/n060-set02/family/base/zero/m3.dat
n060-set02	60	4	family	zero	0.500000	0.150000	4000.000000000	8000.000000000	11399.500000000	default-discount	data/n060-set02/family/base/zero/m4.dat	outsourcing-data/default-discount/rate-0.5/n060-set02/family/base/zero/m4.dat
n060-set02	60	4	family	zero	1.000000	0.150000	4000.000000000	8000.000000000	22799.000000000	default-discount	data/n060-set02/family/base/zero/m4.dat	outsourcing-data/default-discount/rate-1/n060-set02/family/base/zero/m4.dat
n060-set02	60	4	family	zero	2.000000	0.150000	4000.000000000	8000.000000000	45598.000000000	default-discount	data/n060-set02/family/base/zero/m4.dat	outsourcing-data/default-discount/rate-2/n060-set02/family/base/zero/m4.dat
n060-set02	60	2	family	narrow	0.500000	0.150000	4000.000000000	8000.000000000	11399.500000000	default-discount	data/n060-set02/family/base/narrow/m2.dat	outsourcing-data/default-discount/rate-0.5/n060-set02/family/base/narrow/m2.dat
n060-set02	60	2	family	narrow	1.000000	0.150000	4000.000000000	8000.000000000	22799.000000000	default-discount	data/n060-set02/family/base/narrow/m2.dat	outsourcing-data/default-discount/rate-1/n060-set02/family/base/narrow/m2.dat
n060-set02	60	2	family	narrow	2.000000	0.150000	4000.000000000	8000.000000000	45598.000000000	default-discount	data/n060-set02/family/base/narrow/m2.dat	outsourcing-data/default-discount/rate-2/n060-set02/family/base/narrow/m2.dat
n060-set02	60	3	family	narrow	0.500000	0.150000	4000.000000000	8000.000000000	11399.500000000	default-discount	data/n060-set02/family/base/narrow/m3.dat	outsourcing-data/default-discount/rate-0.5/n060-set02/family/base/narrow/m3.dat
n060-set02	60	3	family	narrow	1.000000	0.150000	4000.000000000	8000.000000000	22799.000000000	default-discount	data/n060-set02/family/base/narrow/m3.dat	outsourcing-data/default-discount/rate-1/n060-set02/family/base/narrow/m3.dat
n060-set02	60	3	family	narrow	2.000000	0.150000	4000.000000000	8000.000000000	45598.000000000	default-discount	data/n060-set02/family/base/narrow/m3.dat	outsourcing-data/default-discount/rate-2/n060-set02/family/base/narrow/m3.dat
n060-set02	60	4	family	narrow	0.500000	0.150000	4000.000000000	8000.000000000	11399.500000000	default-discount	data/n060-set02/family/base/narrow/m4.dat	outsourcing-data/default-discount/rate-0.5/n060-set02/family/base/narrow/m4.dat
n060-set02	60	4	family	narrow	1.000000	0.150000	4000.000000000	8000.000000000	22799.000000000	default-discount	data/n060-set02/family/base/narrow/m4.dat	outsourcing-data/default-discount/rate-1/n060-set02/family/base/narrow/m4.dat
n060-set02	60	4	family	narrow	2.000000	0.150000	4000.000000000	8000.000000000	45598.000000000	default-discount	data/n060-set02/family/base/narrow/m4.dat	outsourcing-data/default-discount/rate-2/n060-set02/family/base/narrow/m4.dat
n060-set02	60	2	family	wide	0.500000	0.150000	4000.000000000	8000.000000000	11399.500000000	default-discount	data/n060-set02/family/base/wide/m2.dat	outsourcing-data/default-discount/rate-0.5/n060-set02/family/base/wide/m2.dat
n060-set02	60	2	family	wide	1.000000	0.150000	4000.000000000	8000.000000000	22799.000000000	default-discount	data/n060-set02/family/base/wide/m2.dat	outsourcing-data/default-discount/rate-1/n060-set02/family/base/wide/m2.dat
n060-set02	60	2	family	wide	2.000000	0.150000	4000.000000000	8000.000000000	45598.000000000	default-discount	data/n060-set02/family/base/wide/m2.dat	outsourcing-data/default-discount/rate-2/n060-set02/family/base/wide/m2.dat
n060-set02	60	3	family	wide	0.500000	0.150000	4000.000000000	8000.000000000	11399.500000000	default-discount	data/n060-set02/family/base/wide/m3.dat	outsourcing-data/default-discount/rate-0.5/n060-set02/family/base/wide/m3.dat
n060-set02	60	3	family	wide	1.000000	0.150000	4000.000000000	8000.000000000	22799.000000000	default-discount	data/n060-set02/family/base/wide/m3.dat	outsourcing-data/default-discount/rate-1/n060-set02/family/base/wide/m3.dat
n060-set02	60	3	family	wide	2.000000	0.150000	4000.000000000	8000.000000000	45598.000000000	default-discount	data/n060-set02/family/base/wide/m3.dat	outsourcing-data/default-discount/rate-2/n060-set02/family/base/wide/m3.dat
n060-set02	60	4	family	wide	0.500000	0.150000	4000.000000000	8000.000000000	11399.500000000	default-discount	data/n060-set02/family/base/wide/m4.dat	outsourcing-data/default-discount/rate-0.5/n060-set02/family/base/wide/m4.dat
n060-set02	60	4	family	wide	1.000000	0.150000	4000.000000000	8000.000000000	22799.000000000	default-discount	data/n060-set02/family/base/wide/m4.dat	outsourcing-data/default-discount/rate-1/n060-set02/family/base/wide/m4.dat
n060-set02	60	4	family	wide	2.000000	0.150000	4000.000000000	8000.000000000	45598.000000000	default-discount	data/n060-set02/family/base/wide/m4.dat	outsourcing-data/default-discount/rate-2/n060-set02/family/base/wide/m4.dat
n060-set03	60	2	random	zero	0.500000	0.150000	4000.000000000	8000.000000000	10713.000000000	default-discount	data/n060-set03/random/base/zero/m2.dat	outsourcing-data/default-discount/rate-0.5/n060-set03/random/base/zero/m2.dat
n060-set03	60	2	random	zero	1.000000	0.150000	4000.000000000	8000.000000000	21426.000000000	default-discount	data/n060-set03/random/base/zero/m2.dat	outsourcing-data/default-discount/rate-1/n060-set03/random/base/zero/m2.dat
n060-set03	60	2	random	zero	2.000000	0.150000	4000.000000000	8000.000000000	42852.000000000	default-discount	data/n060-set03/random/base/zero/m2.dat	outsourcing-data/default-discount/rate-2/n060-set03/random/base/zero/m2.dat
n060-set03	60	3	random	zero	0.500000	0.150000	4000.000000000	8000.000000000	10713.000000000	default-discount	data/n060-set03/random/base/zero/m3.dat	outsourcing-data/default-discount/rate-0.5/n060-set03/random/base/zero/m3.dat
n060-set03	60	3	random	zero	1.000000	0.150000	4000.000000000	8000.000000000	21426.000000000	default-discount	data/n060-set03/random/base/zero/m3.dat	outsourcing-data/default-discount/rate-1/n060-set03/random/base/zero/m3.dat
n060-set03	60	3	random	zero	2.000000	0.150000	4000.000000000	8000.000000000	42852.000000000	default-discount	data/n060-set03/random/base/zero/m3.dat	outsourcing-data/default-discount/rate-2/n060-set03/random/base/zero/m3.dat
n060-set03	60	4	random	zero	0.500000	0.150000	4000.000000000	8000.000000000	10713.000000000	default-discount	data/n060-set03/random/base/zero/m4.dat	outsourcing-data/default-discount/rate-0.5/n060-set03/random/base/zero/m4.dat
n060-set03	60	4	random	zero	1.000000	0.150000	4000.000000000	8000.000000000	21426.000000000	default-discount	data/n060-set03/random/base/zero/m4.dat	outsourcing-data/default-discount/rate-1/n060-set03/random/base/zero/m4.dat
n060-set03	60	4	random	zero	2.000000	0.150000	4000.000000000	8000.000000000	42852.000000000	default-discount	data/n060-set03/random/base/zero/m4.dat	outsourcing-data/default-discount/rate-2/n060-set03/random/base/zero/m4.dat
n060-set03	60	2	random	narrow	0.500000	0.150000	4000.000000000	8000.000000000	10713.000000000	default-discount	data/n060-set03/random/base/narrow/m2.dat	outsourcing-data/default-discount/rate-0.5/n060-set03/random/base/narrow/m2.dat
n060-set03	60	2	random	narrow	1.000000	0.150000	4000.000000000	8000.000000000	21426.000000000	default-discount	data/n060-set03/random/base/narrow/m2.dat	outsourcing-data/default-discount/rate-1/n060-set03/random/base/narrow/m2.dat
n060-set03	60	2	random	narrow	2.000000	0.150000	4000.000000000	8000.000000000	42852.000000000	default-discount	data/n060-set03/random/base/narrow/m2.dat	outsourcing-data/default-discount/rate-2/n060-set03/random/base/narrow/m2.dat
n060-set03	60	3	random	narrow	0.500000	0.150000	4000.000000000	8000.000000000	10713.000000000	default-discount	data/n060-set03/random/base/narrow/m3.dat	outsourcing-data/default-discount/rate-0.5/n060-set03/random/base/narrow/m3.dat
n060-set03	60	3	random	narrow	1.000000	0.150000	4000.000000000	8000.000000000	21426.000000000	default-discount	data/n060-set03/random/base/narrow/m3.dat	outsourcing-data/default-discount/rate-1/n060-set03/random/base/narrow/m3.dat
n060-set03	60	3	random	narrow	2.000000	0.150000	4000.000000000	8000.000000000	42852.000000000	default-discount	data/n060-set03/random/base/narrow/m3.dat	outsourcing-data/default-discount/rate-2/n060-set03/random/base/narrow/m3.dat
n060-set03	60	4	random	narrow	0.500000	0.150000	4000.000000000	8000.000000000	10713.000000000	default-discount	data/n060-set03/random/base/narrow/m4.dat	outsourcing-data/default-discount/rate-0.5/n060-set03/random/base/narrow/m4.dat
n060-set03	60	4	random	narrow	1.000000	0.150000	4000.000000000	8000.000000000	21426.000000000	default-discount	data/n060-set03/random/base/narrow/m4.dat	outsourcing-data/default-discount/rate-1/n060-set03/random/base/narrow/m4.dat
n060-set03	60	4	random	narrow	2.000000	0.150000	4000.000000000	8000.000000000	42852.000000000	default-discount	data/n060-set03/random/base/narrow/m4.dat	outsourcing-data/default-discount/rate-2/n060-set03/random/base/narrow/m4.dat
n060-set03	60	2	random	wide	0.500000	0.150000	4000.000000000	8000.000000000	10713.000000000	default-discount	data/n060-set03/random/base/wide/m2.dat	outsourcing-data/default-discount/rate-0.5/n060-set03/random/base/wide/m2.dat
n060-set03	60	2	random	wide	1.000000	0.150000	4000.000000000	8000.000000000	21426.000000000	default-discount	data/n060-set03/random/base/wide/m2.dat	outsourcing-data/default-discount/rate-1/n060-set03/random/base/wide/m2.dat
n060-set03	60	2	random	wide	2.000000	0.150000	4000.000000000	8000.000000000	42852.000000000	default-discount	data/n060-set03/random/base/wide/m2.dat	outsourcing-data/default-discount/rate-2/n060-set03/random/base/wide/m2.dat
n060-set03	60	3	random	wide	0.500000	0.150000	4000.000000000	8000.000000000	10713.000000000	default-discount	data/n060-set03/random/base/wide/m3.dat	outsourcing-data/default-discount/rate-0.5/n060-set03/random/base/wide/m3.dat
n060-set03	60	3	random	wide	1.000000	0.150000	4000.000000000	8000.000000000	21426.000000000	default-discount	data/n060-set03/random/base/wide/m3.dat	outsourcing-data/default-discount/rate-1/n060-set03/random/base/wide/m3.dat
n060-set03	60	3	random	wide	2.000000	0.150000	4000.000000000	8000.000000000	42852.000000000	default-discount	data/n060-set03/random/base/wide/m3.dat	outsourcing-data/default-discount/rate-2/n060-set03/random/base/wide/m3.dat
n060-set03	60	4	random	wide	0.500000	0.150000	4000.000000000	8000.000000000	10713.000000000	default-discount	data/n060-set03/random/base/wide/m4.dat	outsourcing-data/default-discount/rate-0.5/n060-set03/random/base/wide/m4.dat
n060-set03	60	4	random	wide	1.000000	0.150000	4000.000000000	8000.000000000	21426.000000000	default-discount	data/n060-set03/random/base/wide/m4.dat	outsourcing-data/default-discount/rate-1/n060-set03/random/base/wide/m4.dat
n060-set03	60	4	random	wide	2.000000	0.150000	4000.000000000	8000.000000000	42852.000000000	default-discount	data/n060-set03/random/base/wide/m4.dat	outsourcing-data/default-discount/rate-2/n060-set03/random/base/wide/m4.dat
n060-set03	60	2	family	zero	0.500000	0.150000	4000.000000000	8000.000000000	10713.000000000	default-discount	data/n060-set03/family/base/zero/m2.dat	outsourcing-data/default-discount/rate-0.5/n060-set03/family/base/zero/m2.dat
n060-set03	60	2	family	zero	1.000000	0.150000	4000.000000000	8000.000000000	21426.000000000	default-discount	data/n060-set03/family/base/zero/m2.dat	outsourcing-data/default-discount/rate-1/n060-set03/family/base/zero/m2.dat
n060-set03	60	2	family	zero	2.000000	0.150000	4000.000000000	8000.000000000	42852.000000000	default-discount	data/n060-set03/family/base/zero/m2.dat	outsourcing-data/default-discount/rate-2/n060-set03/family/base/zero/m2.dat
n060-set03	60	3	family	zero	0.500000	0.150000	4000.000000000	8000.000000000	10713.000000000	default-discount	data/n060-set03/family/base/zero/m3.dat	outsourcing-data/default-discount/rate-0.5/n060-set03/family/base/zero/m3.dat
n060-set03	60	3	family	zero	1.000000	0.150000	4000.000000000	8000.000000000	21426.000000000	default-discount	data/n060-set03/family/base/zero/m3.dat	outsourcing-data/default-discount/rate-1/n060-set03/family/base/zero/m3.dat
n060-set03	60	3	family	zero	2.000000	0.150000	4000.000000000	8000.000000000	42852.000000000	default-discount	data/n060-set03/family/base/zero/m3.dat	outsourcing-data/default-discount/rate-2/n060-set03/family/base/zero/m3.dat
n060-set03	60	4	family	zero	0.500000	0.150000	4000.000000000	8000.000000000	10713.000000000	default-discount	data/n060-set03/family/base/zero/m4.dat	outsourcing-data/default-discount/rate-0.5/n060-set03/family/base/zero/m4.dat
n060-set03	60	4	family	zero	1.000000	0.150000	4000.000000000	8000.000000000	21426.000000000	default-discount	data/n060-set03/family/base/zero/m4.dat	outsourcing-data/default-discount/rate-1/n060-set03/family/base/zero/m4.dat
n060-set03	60	4	family	zero	2.000000	0.150000	4000.000000000	8000.000000000	42852.000000000	default-discount	data/n060-set03/family/base/zero/m4.dat	outsourcing-data/default-discount/rate-2/n060-set03/family/base/zero/m4.dat
n060-set03	60	2	family	narrow	0.500000	0.150000	4000.000000000	8000.000000000	10713.000000000	default-discount	data/n060-set03/family/base/narrow/m2.dat	outsourcing-data/default-discount/rate-0.5/n060-set03/family/base/narrow/m2.dat
n060-set03	60	2	family	narrow	1.000000	0.150000	4000.000000000	8000.000000000	21426.000000000	default-discount	data/n060-set03/family/base/narrow/m2.dat	outsourcing-data/default-discount/rate-1/n060-set03/family/base/narrow/m2.dat
n060-set03	60	2	family	narrow	2.000000	0.150000	4000.000000000	8000.000000000	42852.000000000	default-discount	data/n060-set03/family/base/narrow/m2.dat	outsourcing-data/default-discount/rate-2/n060-set03/family/base/narrow/m2.dat
n060-set03	60	3	family	narrow	0.500000	0.150000	4000.000000000	8000.000000000	10713.000000000	default-discount	data/n060-set03/family/base/narrow/m3.dat	outsourcing-data/default-discount/rate-0.5/n060-set03/family/base/narrow/m3.dat
n060-set03	60	3	family	narrow	1.000000	0.150000	4000.000000000	8000.000000000	21426.000000000	default-discount	data/n060-set03/family/base/narrow/m3.dat	outsourcing-data/default-discount/rate-1/n060-set03/family/base/narrow/m3.dat
n060-set03	60	3	family	narrow	2.000000	0.150000	4000.000000000	8000.000000000	42852.000000000	default-discount	data/n060-set03/family/base/narrow/m3.dat	outsourcing-data/default-discount/rate-2/n060-set03/family/base/narrow/m3.dat
n060-set03	60	4	family	narrow	0.500000	0.150000	4000.000000000	8000.000000000	10713.000000000	default-discount	data/n060-set03/family/base/narrow/m4.dat	outsourcing-data/default-discount/rate-0.5/n060-set03/family/base/narrow/m4.dat
n060-set03	60	4	family	narrow	1.000000	0.150000	4000.000000000	8000.000000000	21426.000000000	default-discount	data/n060-set03/family/base/narrow/m4.dat	outsourcing-data/default-discount/rate-1/n060-set03/family/base/narrow/m4.dat
n060-set03	60	4	family	narrow	2.000000	0.150000	4000.000000000	8000.000000000	42852.000000000	default-discount	data/n060-set03/family/base/narrow/m4.dat	outsourcing-data/default-discount/rate-2/n060-set03/family/base/narrow/m4.dat
n060-set03	60	2	family	wide	0.500000	0.150000	4000.000000000	8000.000000000	10713.000000000	default-discount	data/n060-set03/family/base/wide/m2.dat	outsourcing-data/default-discount/rate-0.5/n060-set03/family/base/wide/m2.dat
n060-set03	60	2	family	wide	1.000000	0.150000	4000.000000000	8000.000000000	21426.000000000	default-discount	data/n060-set03/family/base/wide/m2.dat	outsourcing-data/default-discount/rate-1/n060-set03/family/base/wide/m2.dat
n060-set03	60	2	family	wide	2.000000	0.150000	4000.000000000	8000.000000000	42852.000000000	default-discount	data/n060-set03/family/base/wide/m2.dat	outsourcing-data/default-discount/rate-2/n060-set03/family/base/wide/m2.dat
n060-set03	60	3	family	wide	0.500000	0.150000	4000.000000000	8000.000000000	10713.000000000	default-discount	data/n060-set03/family/base/wide/m3.dat	outsourcing-data/default-discount/rate-0.5/n060-set03/family/base/wide/m3.dat
n060-set03	60	3	family	wide	1.000000	0.150000	4000.000000000	8000.000000000	21426.000000000	default-discount	data/n060-set03/family/base/wide/m3.dat	outsourcing-data/default-discount/rate-1/n060-set03/family/base/wide/m3.dat
n060-set03	60	3	family	wide	2.000000	0.150000	4000.000000000	8000.000000000	42852.000000000	default-discount	data/n060-set03/family/base/wide/m3.dat	outsourcing-data/default-discount/rate-2/n060-set03/family/base/wide/m3.dat
n060-set03	60	4	family	wide	0.500000	0.150000	4000.000000000	8000.000000000	10713.000000000	default-discount	data/n060-set03/family/base/wide/m4.dat	outsourcing-data/default-discount/rate-0.5/n060-set03/family/base/wide/m4.dat
n060-set03	60	4	family	wide	1.000000	0.150000	4000.000000000	8000.000000000	21426.000000000	default-discount	data/n060-set03/family/base/wide/m4.dat	outsourcing-data/default-discount/rate-1/n060-set03/family/base/wide/m4.dat
n060-set03	60	4	family	wide	2.000000	0.150000	4000.000000000	8000.000000000	42852.000000000	default-discount	data/n060-set03/family/base/wide/m4.dat	outsourcing-data/default-discount/rate-2/n060-set03/family/base/wide/m4.dat
n060-set04	60	2	random	zero	0.500000	0.150000	4000.000000000	8000.000000000	12252.000000000	default-discount	data/n060-set04/random/base/zero/m2.dat	outsourcing-data/default-discount/rate-0.5/n060-set04/random/base/zero/m2.dat
n060-set04	60	2	random	zero	1.000000	0.150000	4000.000000000	8000.000000000	24504.000000000	default-discount	data/n060-set04/random/base/zero/m2.dat	outsourcing-data/default-discount/rate-1/n060-set04/random/base/zero/m2.dat
n060-set04	60	2	random	zero	2.000000	0.150000	4000.000000000	8000.000000000	49008.000000000	default-discount	data/n060-set04/random/base/zero/m2.dat	outsourcing-data/default-discount/rate-2/n060-set04/random/base/zero/m2.dat
n060-set04	60	3	random	zero	0.500000	0.150000	4000.000000000	8000.000000000	12252.000000000	default-discount	data/n060-set04/random/base/zero/m3.dat	outsourcing-data/default-discount/rate-0.5/n060-set04/random/base/zero/m3.dat
n060-set04	60	3	random	zero	1.000000	0.150000	4000.000000000	8000.000000000	24504.000000000	default-discount	data/n060-set04/random/base/zero/m3.dat	outsourcing-data/default-discount/rate-1/n060-set04/random/base/zero/m3.dat
n060-set04	60	3	random	zero	2.000000	0.150000	4000.000000000	8000.000000000	49008.000000000	default-discount	data/n060-set04/random/base/zero/m3.dat	outsourcing-data/default-discount/rate-2/n060-set04/random/base/zero/m3.dat
n060-set04	60	4	random	zero	0.500000	0.150000	4000.000000000	8000.000000000	12252.000000000	default-discount	data/n060-set04/random/base/zero/m4.dat	outsourcing-data/default-discount/rate-0.5/n060-set04/random/base/zero/m4.dat
n060-set04	60	4	random	zero	1.000000	0.150000	4000.000000000	8000.000000000	24504.000000000	default-discount	data/n060-set04/random/base/zero/m4.dat	outsourcing-data/default-discount/rate-1/n060-set04/random/base/zero/m4.dat
n060-set04	60	4	random	zero	2.000000	0.150000	4000.000000000	8000.000000000	49008.000000000	default-discount	data/n060-set04/random/base/zero/m4.dat	outsourcing-data/default-discount/rate-2/n060-set04/random/base/zero/m4.dat
n060-set04	60	2	random	narrow	0.500000	0.150000	4000.000000000	8000.000000000	12252.000000000	default-discount	data/n060-set04/random/base/narrow/m2.dat	outsourcing-data/default-discount/rate-0.5/n060-set04/random/base/narrow/m2.dat
n060-set04	60	2	random	narrow	1.000000	0.150000	4000.000000000	8000.000000000	24504.000000000	default-discount	data/n060-set04/random/base/narrow/m2.dat	outsourcing-data/default-discount/rate-1/n060-set04/random/base/narrow/m2.dat
n060-set04	60	2	random	narrow	2.000000	0.150000	4000.000000000	8000.000000000	49008.000000000	default-discount	data/n060-set04/random/base/narrow/m2.dat	outsourcing-data/default-discount/rate-2/n060-set04/random/base/narrow/m2.dat
n060-set04	60	3	random	narrow	0.500000	0.150000	4000.000000000	8000.000000000	12252.000000000	default-discount	data/n060-set04/random/base/narrow/m3.dat	outsourcing-data/default-discount/rate-0.5/n060-set04/random/base/narrow/m3.dat
n060-set04	60	3	random	narrow	1.000000	0.150000	4000.000000000	8000.000000000	24504.000000000	default-discount	data/n060-set04/random/base/narrow/m3.dat	outsourcing-data/default-discount/rate-1/n060-set04/random/base/narrow/m3.dat
n060-set04	60	3	random	narrow	2.000000	0.150000	4000.000000000	8000.000000000	49008.000000000	default-discount	data/n060-set04/random/base/narrow/m3.dat	outsourcing-data/default-discount/rate-2/n060-set04/random/base/narrow/m3.dat
n060-set04	60	4	random	narrow	0.500000	0.150000	4000.000000000	8000.000000000	12252.000000000	default-discount	data/n060-set04/random/base/narrow/m4.dat	outsourcing-data/default-discount/rate-0.5/n060-set04/random/base/narrow/m4.dat
n060-set04	60	4	random	narrow	1.000000	0.150000	4000.000000000	8000.000000000	24504.000000000	default-discount	data/n060-set04/random/base/narrow/m4.dat	outsourcing-data/default-discount/rate-1/n060-set04/random/base/narrow/m4.dat
n060-set04	60	4	random	narrow	2.000000	0.150000	4000.000000000	8000.000000000	49008.000000000	default-discount	data/n060-set04/random/base/narrow/m4.dat	outsourcing-data/default-discount/rate-2/n060-set04/random/base/narrow/m4.dat
n060-set04	60	2	random	wide	0.500000	0.150000	4000.000000000	8000.000000000	12252.000000000	default-discount	data/n060-set04/random/base/wide/m2.dat	outsourcing-data/default-discount/rate-0.5/n060-set04/random/base/wide/m2.dat
n060-set04	60	2	random	wide	1.000000	0.150000	4000.000000000	8000.000000000	24504.000000000	default-discount	data/n060-set04/random/base/wide/m2.dat	outsourcing-data/default-discount/rate-1/n060-set04/random/base/wide/m2.dat
n060-set04	60	2	random	wide	2.000000	0.150000	4000.000000000	8000.000000000	49008.000000000	default-discount	data/n060-set04/random/base/wide/m2.dat	outsourcing-data/default-discount/rate-2/n060-set04/random/base/wide/m2.dat
n060-set04	60	3	random	wide	0.500000	0.150000	4000.000000000	8000.000000000	12252.000000000	default-discount	data/n060-set04/random/base/wide/m3.dat	outsourcing-data/default-discount/rate-0.5/n060-set04/random/base/wide/m3.dat
n060-set04	60	3	random	wide	1.000000	0.150000	4000.000000000	8000.000000000	24504.000000000	default-discount	data/n060-set04/random/base/wide/m3.dat	outsourcing-data/default-discount/rate-1/n060-set04/random/base/wide/m3.dat
n060-set04	60	3	random	wide	2.000000	0.150000	4000.000000000	8000.000000000	49008.000000000	default-discount	data/n060-set04/random/base/wide/m3.dat	outsourcing-data/default-discount/rate-2/n060-set04/random/base/wide/m3.dat
n060-set04	60	4	random	wide	0.500000	0.150000	4000.000000000	8000.000000000	12252.000000000	default-discount	data/n060-set04/random/base/wide/m4.dat	outsourcing-data/default-discount/rate-0.5/n060-set04/random/base/wide/m4.dat
n060-set04	60	4	random	wide	1.000000	0.150000	4000.000000000	8000.000000000	24504.000000000	default-discount	data/n060-set04/random/base/wide/m4.dat	outsourcing-data/default-discount/rate-1/n060-set04/random/base/wide/m4.dat
n060-set04	60	4	random	wide	2.000000	0.150000	4000.000000000	8000.000000000	49008.000000000	default-discount	data/n060-set04/random/base/wide/m4.dat	outsourcing-data/default-discount/rate-2/n060-set04/random/base/wide/m4.dat
n060-set04	60	2	family	zero	0.500000	0.150000	4000.000000000	8000.000000000	12252.000000000	default-discount	data/n060-set04/family/base/zero/m2.dat	outsourcing-data/default-discount/rate-0.5/n060-set04/family/base/zero/m2.dat
n060-set04	60	2	family	zero	1.000000	0.150000	4000.000000000	8000.000000000	24504.000000000	default-discount	data/n060-set04/family/base/zero/m2.dat	outsourcing-data/default-discount/rate-1/n060-set04/family/base/zero/m2.dat
n060-set04	60	2	family	zero	2.000000	0.150000	4000.000000000	8000.000000000	49008.000000000	default-discount	data/n060-set04/family/base/zero/m2.dat	outsourcing-data/default-discount/rate-2/n060-set04/family/base/zero/m2.dat
n060-set04	60	3	family	zero	0.500000	0.150000	4000.000000000	8000.000000000	12252.000000000	default-discount	data/n060-set04/family/base/zero/m3.dat	outsourcing-data/default-discount/rate-0.5/n060-set04/family/base/zero/m3.dat
n060-set04	60	3	family	zero	1.000000	0.150000	4000.000000000	8000.000000000	24504.000000000	default-discount	data/n060-set04/family/base/zero/m3.dat	outsourcing-data/default-discount/rate-1/n060-set04/family/base/zero/m3.dat
n060-set04	60	3	family	zero	2.000000	0.150000	4000.000000000	8000.000000000	49008.000000000	default-discount	data/n060-set04/family/base/zero/m3.dat	outsourcing-data/default-discount/rate-2/n060-set04/family/base/zero/m3.dat
n060-set04	60	4	family	zero	0.500000	0.150000	4000.000000000	8000.000000000	12252.000000000	default-discount	data/n060-set04/family/base/zero/m4.dat	outsourcing-data/default-discount/rate-0.5/n060-set04/family/base/zero/m4.dat
n060-set04	60	4	family	zero	1.000000	0.150000	4000.000000000	8000.000000000	24504.000000000	default-discount	data/n060-set04/family/base/zero/m4.dat	outsourcing-data/default-discount/rate-1/n060-set04/family/base/zero/m4.dat
n060-set04	60	4	family	zero	2.000000	0.150000	4000.000000000	8000.000000000	49008.000000000	default-discount	data/n060-set04/family/base/zero/m4.dat	outsourcing-data/default-discount/rate-2/n060-set04/family/base/zero/m4.dat
n060-set04	60	2	family	narrow	0.500000	0.150000	4000.000000000	8000.000000000	12252.000000000	default-discount	data/n060-set04/family/base/narrow/m2.dat	outsourcing-data/default-discount/rate-0.5/n060-set04/family/base/narrow/m2.dat
n060-set04	60	2	family	narrow	1.000000	0.150000	4000.000000000	8000.000000000	24504.000000000	default-discount	data/n060-set04/family/base/narrow/m2.dat	outsourcing-data/default-discount/rate-1/n060-set04/family/base/narrow/m2.dat
n060-set04	60	2	family	narrow	2.000000	0.150000	4000.000000000	8000.000000000	49008.000000000	default-discount	data/n060-set04/family/base/narrow/m2.dat	outsourcing-data/default-discount/rate-2/n060-set04/family/base/narrow/m2.dat
n060-set04	60	3	family	narrow	0.500000	0.150000	4000.000000000	8000.000000000	12252.000000000	default-discount	data/n060-set04/family/base/narrow/m3.dat	outsourcing-data/default-discount/rate-0.5/n060-set04/family/base/narrow/m3.dat
n060-set04	60	3	family	narrow	1.000000	0.150000	4000.000000000	8000.000000000	24504.000000000	default-discount	data/n060-set04/family/base/narrow/m3.dat	outsourcing-data/default-discount/rate-1/n060-set04/family/base/narrow/m3.dat
n060-set04	60	3	family	narrow	2.000000	0.150000	4000.000000000	8000.000000000	49008.000000000	default-discount	data/n060-set04/family/base/narrow/m3.dat	outsourcing-data/default-discount/rate-2/n060-set04/family/base/narrow/m3.dat
n060-set04	60	4	family	narrow	0.500000	0.150000	4000.000000000	8000.000000000	12252.000000000	default-discount	data/n060-set04/family/base/narrow/m4.dat	outsourcing-data/default-discount/rate-0.5/n060-set04/family/base/narrow/m4.dat
n060-set04	60	4	family	narrow	1.000000	0.150000	4000.000000000	8000.000000000	24504.000000000	default-discount	data/n060-set04/family/base/narrow/m4.dat	outsourcing-data/default-discount/rate-1/n060-set04/family/base/narrow/m4.dat
n060-set04	60	4	family	narrow	2.000000	0.150000	4000.000000000	8000.000000000	49008.000000000	default-discount	data/n060-set04/family/base/narrow/m4.dat	outsourcing-data/default-discount/rate-2/n060-set04/family/base/narrow/m4.dat
n060-set04	60	2	family	wide	0.500000	0.150000	4000.000000000	8000.000000000	12252.000000000	default-discount	data/n060-set04/family/base/wide/m2.dat	outsourcing-data/default-discount/rate-0.5/n060-set04/family/base/wide/m2.dat
n060-set04	60	2	family	wide	1.000000	0.150000	4000.000000000	8000.000000000	24504.000000000	default-discount	data/n060-set04/family/base/wide/m2.dat	outsourcing-data/default-discount/rate-1/n060-set04/family/base/wide/m2.dat
n060-set04	60	2	family	wide	2.000000	0.150000	4000.000000000	8000.000000000	49008.000000000	default-discount	data/n060-set04/family/base/wide/m2.dat	outsourcing-data/default-discount/rate-2/n060-set04/family/base/wide/m2.dat
n060-set04	60	3	family	wide	0.500000	0.150000	4000.000000000	8000.000000000	12252.000000000	default-discount	data/n060-set04/family/base/wide/m3.dat	outsourcing-data/default-discount/rate-0.5/n060-set04/family/base/wide/m3.dat
n060-set04	60	3	family	wide	1.000000	0.150000	4000.000000000	8000.000000000	24504.000000000	default-discount	data/n060-set04/family/base/wide/m3.dat	outsourcing-data/default-discount/rate-1/n060-set04/family/base/wide/m3.dat
n060-set04	60	3	family	wide	2.000000	0.150000	4000.000000000	8000.000000000	49008.000000000	default-discount	data/n060-set04/family/base/wide/m3.dat	outsourcing-data/default-discount/rate-2/n060-set04/family/base/wide/m3.dat
n060-set04	60	4	family	wide	0.500000	0.150000	4000.000000000	8000.000000000	12252.000000000	default-discount	data/n060-set04/family/base/wide/m4.dat	outsourcing-data/default-discount/rate-0.5/n060-set04/family/base/wide/m4.dat
n060-set04	60	4	family	wide	1.000000	0.150000	4000.000000000	8000.000000000	24504.000000000	default-discount	data/n060-set04/family/base/wide/m4.dat	outsourcing-data/default-discount/rate-1/n060-set04/family/base/wide/m4.dat
n060-set04	60	4	family	wide	2.000000	0.150000	4000.000000000	8000.000000000	49008.000000000	default-discount	data/n060-set04/family/base/wide/m4.dat	outsourcing-data/default-discount/rate-2/n060-set04/family/base/wide/m4.dat
n060-set05	60	2	random	zero	0.500000	0.150000	4000.000000000	8000.000000000	12512.500000000	default-discount	data/n060-set05/random/base/zero/m2.dat	outsourcing-data/default-discount/rate-0.5/n060-set05/random/base/zero/m2.dat
n060-set05	60	2	random	zero	1.000000	0.150000	4000.000000000	8000.000000000	25025.000000000	default-discount	data/n060-set05/random/base/zero/m2.dat	outsourcing-data/default-discount/rate-1/n060-set05/random/base/zero/m2.dat
n060-set05	60	2	random	zero	2.000000	0.150000	4000.000000000	8000.000000000	50050.000000000	default-discount	data/n060-set05/random/base/zero/m2.dat	outsourcing-data/default-discount/rate-2/n060-set05/random/base/zero/m2.dat
n060-set05	60	3	random	zero	0.500000	0.150000	4000.000000000	8000.000000000	12512.500000000	default-discount	data/n060-set05/random/base/zero/m3.dat	outsourcing-data/default-discount/rate-0.5/n060-set05/random/base/zero/m3.dat
n060-set05	60	3	random	zero	1.000000	0.150000	4000.000000000	8000.000000000	25025.000000000	default-discount	data/n060-set05/random/base/zero/m3.dat	outsourcing-data/default-discount/rate-1/n060-set05/random/base/zero/m3.dat
n060-set05	60	3	random	zero	2.000000	0.150000	4000.000000000	8000.000000000	50050.000000000	default-discount	data/n060-set05/random/base/zero/m3.dat	outsourcing-data/default-discount/rate-2/n060-set05/random/base/zero/m3.dat
n060-set05	60	4	random	zero	0.500000	0.150000	4000.000000000	8000.000000000	12512.500000000	default-discount	data/n060-set05/random/base/zero/m4.dat	outsourcing-data/default-discount/rate-0.5/n060-set05/random/base/zero/m4.dat
n060-set05	60	4	random	zero	1.000000	0.150000	4000.000000000	8000.000000000	25025.000000000	default-discount	data/n060-set05/random/base/zero/m4.dat	outsourcing-data/default-discount/rate-1/n060-set05/random/base/zero/m4.dat
n060-set05	60	4	random	zero	2.000000	0.150000	4000.000000000	8000.000000000	50050.000000000	default-discount	data/n060-set05/random/base/zero/m4.dat	outsourcing-data/default-discount/rate-2/n060-set05/random/base/zero/m4.dat
n060-set05	60	2	random	narrow	0.500000	0.150000	4000.000000000	8000.000000000	12512.500000000	default-discount	data/n060-set05/random/base/narrow/m2.dat	outsourcing-data/default-discount/rate-0.5/n060-set05/random/base/narrow/m2.dat
n060-set05	60	2	random	narrow	1.000000	0.150000	4000.000000000	8000.000000000	25025.000000000	default-discount	data/n060-set05/random/base/narrow/m2.dat	outsourcing-data/default-discount/rate-1/n060-set05/random/base/narrow/m2.dat
n060-set05	60	2	random	narrow	2.000000	0.150000	4000.000000000	8000.000000000	50050.000000000	default-discount	data/n060-set05/random/base/narrow/m2.dat	outsourcing-data/default-discount/rate-2/n060-set05/random/base/narrow/m2.dat
n060-set05	60	3	random	narrow	0.500000	0.150000	4000.000000000	8000.000000000	12512.500000000	default-discount	data/n060-set05/random/base/narrow/m3.dat	outsourcing-data/default-discount/rate-0.5/n060-set05/random/base/narrow/m3.dat
n060-set05	60	3	random	narrow	1.000000	0.150000	4000.000000000	8000.000000000	25025.000000000	default-discount	data/n060-set05/random/base/narrow/m3.dat	outsourcing-data/default-discount/rate-1/n060-set05/random/base/narrow/m3.dat
n060-set05	60	3	random	narrow	2.000000	0.150000	4000.000000000	8000.000000000	50050.000000000	default-discount	data/n060-set05/random/base/narrow/m3.dat	outsourcing-data/default-discount/rate-2/n060-set05/random/base/narrow/m3.dat
n060-set05	60	4	random	narrow	0.500000	0.150000	4000.000000000	8000.000000000	12512.500000000	default-discount	data/n060-set05/random/base/narrow/m4.dat	outsourcing-data/default-discount/rate-0.5/n060-set05/random/base/narrow/m4.dat
n060-set05	60	4	random	narrow	1.000000	0.150000	4000.000000000	8000.000000000	25025.000000000	default-discount	data/n060-set05/random/base/narrow/m4.dat	outsourcing-data/default-discount/rate-1/n060-set05/random/base/narrow/m4.dat
n060-set05	60	4	random	narrow	2.000000	0.150000	4000.000000000	8000.000000000	50050.000000000	default-discount	data/n060-set05/random/base/narrow/m4.dat	outsourcing-data/default-discount/rate-2/n060-set05/random/base/narrow/m4.dat
n060-set05	60	2	random	wide	0.500000	0.150000	4000.000000000	8000.000000000	12512.500000000	default-discount	data/n060-set05/random/base/wide/m2.dat	outsourcing-data/default-discount/rate-0.5/n060-set05/random/base/wide/m2.dat
n060-set05	60	2	random	wide	1.000000	0.150000	4000.000000000	8000.000000000	25025.000000000	default-discount	data/n060-set05/random/base/wide/m2.dat	outsourcing-data/default-discount/rate-1/n060-set05/random/base/wide/m2.dat
n060-set05	60	2	random	wide	2.000000	0.150000	4000.000000000	8000.000000000	50050.000000000	default-discount	data/n060-set05/random/base/wide/m2.dat	outsourcing-data/default-discount/rate-2/n060-set05/random/base/wide/m2.dat
n060-set05	60	3	random	wide	0.500000	0.150000	4000.000000000	8000.000000000	12512.500000000	default-discount	data/n060-set05/random/base/wide/m3.dat	outsourcing-data/default-discount/rate-0.5/n060-set05/random/base/wide/m3.dat
n060-set05	60	3	random	wide	1.000000	0.150000	4000.000000000	8000.000000000	25025.000000000	default-discount	data/n060-set05/random/base/wide/m3.dat	outsourcing-data/default-discount/rate-1/n060-set05/random/base/wide/m3.dat
n060-set05	60	3	random	wide	2.000000	0.150000	4000.000000000	8000.000000000	50050.000000000	default-discount	data/n060-set05/random/base/wide/m3.dat	outsourcing-data/default-discount/rate-2/n060-set05/random/base/wide/m3.dat
n060-set05	60	4	random	wide	0.500000	0.150000	4000.000000000	8000.000000000	12512.500000000	default-discount	data/n060-set05/random/base/wide/m4.dat	outsourcing-data/default-discount/rate-0.5/n060-set05/random/base/wide/m4.dat
n060-set05	60	4	random	wide	1.000000	0.150000	4000.000000000	8000.000000000	25025.000000000	default-discount	data/n060-set05/random/base/wide/m4.dat	outsourcing-data/default-discount/rate-1/n060-set05/random/base/wide/m4.dat
n060-set05	60	4	random	wide	2.000000	0.150000	4000.000000000	8000.000000000	50050.000000000	default-discount	data/n060-set05/random/base/wide/m4.dat	outsourcing-data/default-discount/rate-2/n060-set05/random/base/wide/m4.dat
n060-set05	60	2	family	zero	0.500000	0.150000	4000.000000000	8000.000000000	12512.500000000	default-discount	data/n060-set05/family/base/zero/m2.dat	outsourcing-data/default-discount/rate-0.5/n060-set05/family/base/zero/m2.dat
n060-set05	60	2	family	zero	1.000000	0.150000	4000.000000000	8000.000000000	25025.000000000	default-discount	data/n060-set05/family/base/zero/m2.dat	outsourcing-data/default-discount/rate-1/n060-set05/family/base/zero/m2.dat
n060-set05	60	2	family	zero	2.000000	0.150000	4000.000000000	8000.000000000	50050.000000000	default-discount	data/n060-set05/family/base/zero/m2.dat	outsourcing-data/default-discount/rate-2/n060-set05/family/base/zero/m2.dat
n060-set05	60	3	family	zero	0.500000	0.150000	4000.000000000	8000.000000000	12512.500000000	default-discount	data/n060-set05/family/base/zero/m3.dat	outsourcing-data/default-discount/rate-0.5/n060-set05/family/base/zero/m3.dat
n060-set05	60	3	family	zero	1.000000	0.150000	4000.000000000	8000.000000000	25025.000000000	default-discount	data/n060-set05/family/base/zero/m3.dat	outsourcing-data/default-discount/rate-1/n060-set05/family/base/zero/m3.dat
n060-set05	60	3	family	zero	2.000000	0.150000	4000.000000000	8000.000000000	50050.000000000	default-discount	data/n060-set05/family/base/zero/m3.dat	outsourcing-data/default-discount/rate-2/n060-set05/family/base/zero/m3.dat
n060-set05	60	4	family	zero	0.500000	0.150000	4000.000000000	8000.000000000	12512.500000000	default-discount	data/n060-set05/family/base/zero/m4.dat	outsourcing-data/default-discount/rate-0.5/n060-set05/family/base/zero/m4.dat
n060-set05	60	4	family	zero	1.000000	0.150000	4000.000000000	8000.000000000	25025.000000000	default-discount	data/n060-set05/family/base/zero/m4.dat	outsourcing-data/default-discount/rate-1/n060-set05/family/base/zero/m4.dat
n060-set05	60	4	family	zero	2.000000	0.150000	4000.000000000	8000.000000000	50050.000000000	default-discount	data/n060-set05/family/base/zero/m4.dat	outsourcing-data/default-discount/rate-2/n060-set05/family/base/zero/m4.dat
n060-set05	60	2	family	narrow	0.500000	0.150000	4000.000000000	8000.000000000	12512.500000000	default-discount	data/n060-set05/family/base/narrow/m2.dat	outsourcing-data/default-discount/rate-0.5/n060-set05/family/base/narrow/m2.dat
n060-set05	60	2	family	narrow	1.000000	0.150000	4000.000000000	8000.000000000	25025.000000000	default-discount	data/n060-set05/family/base/narrow/m2.dat	outsourcing-data/default-discount/rate-1/n060-set05/family/base/narrow/m2.dat
n060-set05	60	2	family	narrow	2.000000	0.150000	4000.000000000	8000.000000000	50050.000000000	default-discount	data/n060-set05/family/base/narrow/m2.dat	outsourcing-data/default-discount/rate-2/n060-set05/family/base/narrow/m2.dat
n060-set05	60	3	family	narrow	0.500000	0.150000	4000.000000000	8000.000000000	12512.500000000	default-discount	data/n060-set05/family/base/narrow/m3.dat	outsourcing-data/default-discount/rate-0.5/n060-set05/family/base/narrow/m3.dat
n060-set05	60	3	family	narrow	1.000000	0.150000	4000.000000000	8000.000000000	25025.000000000	default-discount	data/n060-set05/family/base/narrow/m3.dat	outsourcing-data/default-discount/rate-1/n060-set05/family/base/narrow/m3.dat
n060-set05	60	3	family	narrow	2.000000	0.150000	4000.000000000	8000.000000000	50050.000000000	default-discount	data/n060-set05/family/base/narrow/m3.dat	outsourcing-data/default-discount/rate-2/n060-set05/family/base/narrow/m3.dat
n060-set05	60	4	family	narrow	0.500000	0.150000	4000.000000000	8000.000000000	12512.500000000	default-discount	data/n060-set05/family/base/narrow/m4.dat	outsourcing-data/default-discount/rate-0.5/n060-set05/family/base/narrow/m4.dat
n060-set05	60	4	family	narrow	1.000000	0.150000	4000.000000000	8000.000000000	25025.000000000	default-discount	data/n060-set05/family/base/narrow/m4.dat	outsourcing-data/default-discount/rate-1/n060-set05/family/base/narrow/m4.dat
n060-set05	60	4	family	narrow	2.000000	0.150000	4000.000000000	8000.000000000	50050.000000000	default-discount	data/n060-set05/family/base/narrow/m4.dat	outsourcing-data/default-discount/rate-2/n060-set05/family/base/narrow/m4.dat
n060-set05	60	2	family	wide	0.500000	0.150000	4000.000000000	8000.000000000	12512.500000000	default-discount	data/n060-set05/family/base/wide/m2.dat	outsourcing-data/default-discount/rate-0.5/n060-set05/family/base/wide/m2.dat
n060-set05	60	2	family	wide	1.000000	0.150000	4000.000000000	8000.000000000	25025.000000000	default-discount	data/n060-set05/family/base/wide/m2.dat	outsourcing-data/default-discount/rate-1/n060-set05/family/base/wide/m2.dat
n060-set05	60	2	family	wide	2.000000	0.150000	4000.000000000	8000.000000000	50050.000000000	default-discount	data/n060-set05/family/base/wide/m2.dat	outsourcing-data/default-discount/rate-2/n060-set05/family/base/wide/m2.dat
n060-set05	60	3	family	wide	0.500000	0.150000	4000.000000000	8000.000000000	12512.500000000	default-discount	data/n060-set05/family/base/wide/m3.dat	outsourcing-data/default-discount/rate-0.5/n060-set05/family/base/wide/m3.dat
n060-set05	60	3	family	wide	1.000000	0.150000	4000.000000000	8000.000000000	25025.000000000	default-discount	data/n060-set05/family/base/wide/m3.dat	outsourcing-data/default-discount/rate-1/n060-set05/family/base/wide/m3.dat
n060-set05	60	3	family	wide	2.000000	0.150000	4000.000000000	8000.000000000	50050.000000000	default-discount	data/n060-set05/family/base/wide/m3.dat	outsourcing-data/default-discount/rate-2/n060-set05/family/base/wide/m3.dat
n060-set05	60	4	family	wide	0.500000	0.150000	4000.000000000	8000.000000000	12512.500000000	default-discount	data/n060-set05/family/base/wide/m4.dat	outsourcing-data/default-discount/rate-0.5/n060-set05/family/base/wide/m4.dat
n060-set05	60	4	family	wide	1.000000	0.150000	4000.000000000	8000.000000000	25025.000000000	default-discount	data/n060-set05/family/base/wide/m4.dat	outsourcing-data/default-discount/rate-1/n060-set05/family/base/wide/m4.dat
n060-set05	60	4	family	wide	2.000000	0.150000	4000.000000000	8000.000000000	50050.000000000	default-discount	data/n060-set05/family/base/wide/m4.dat	outsourcing-data/default-discount/rate-2/n060-set05/family/base/wide/m4.dat
n080-set01	80	3	random	zero	0.500000	0.150000	4000.000000000	8000.000000000	17233.000000000	default-discount	data/n080-set01/random/base/zero/m3.dat	outsourcing-data/default-discount/rate-0.5/n080-set01/random/base/zero/m3.dat
n080-set01	80	3	random	zero	1.000000	0.150000	4000.000000000	8000.000000000	34466.000000000	default-discount	data/n080-set01/random/base/zero/m3.dat	outsourcing-data/default-discount/rate-1/n080-set01/random/base/zero/m3.dat
n080-set01	80	3	random	zero	2.000000	0.150000	4000.000000000	8000.000000000	68932.000000000	default-discount	data/n080-set01/random/base/zero/m3.dat	outsourcing-data/default-discount/rate-2/n080-set01/random/base/zero/m3.dat
n080-set01	80	4	random	zero	0.500000	0.150000	4000.000000000	8000.000000000	17233.000000000	default-discount	data/n080-set01/random/base/zero/m4.dat	outsourcing-data/default-discount/rate-0.5/n080-set01/random/base/zero/m4.dat
n080-set01	80	4	random	zero	1.000000	0.150000	4000.000000000	8000.000000000	34466.000000000	default-discount	data/n080-set01/random/base/zero/m4.dat	outsourcing-data/default-discount/rate-1/n080-set01/random/base/zero/m4.dat
n080-set01	80	4	random	zero	2.000000	0.150000	4000.000000000	8000.000000000	68932.000000000	default-discount	data/n080-set01/random/base/zero/m4.dat	outsourcing-data/default-discount/rate-2/n080-set01/random/base/zero/m4.dat
n080-set01	80	5	random	zero	0.500000	0.150000	4000.000000000	8000.000000000	17233.000000000	default-discount	data/n080-set01/random/base/zero/m5.dat	outsourcing-data/default-discount/rate-0.5/n080-set01/random/base/zero/m5.dat
n080-set01	80	5	random	zero	1.000000	0.150000	4000.000000000	8000.000000000	34466.000000000	default-discount	data/n080-set01/random/base/zero/m5.dat	outsourcing-data/default-discount/rate-1/n080-set01/random/base/zero/m5.dat
n080-set01	80	5	random	zero	2.000000	0.150000	4000.000000000	8000.000000000	68932.000000000	default-discount	data/n080-set01/random/base/zero/m5.dat	outsourcing-data/default-discount/rate-2/n080-set01/random/base/zero/m5.dat
n080-set01	80	3	random	narrow	0.500000	0.150000	4000.000000000	8000.000000000	17233.000000000	default-discount	data/n080-set01/random/base/narrow/m3.dat	outsourcing-data/default-discount/rate-0.5/n080-set01/random/base/narrow/m3.dat
n080-set01	80	3	random	narrow	1.000000	0.150000	4000.000000000	8000.000000000	34466.000000000	default-discount	data/n080-set01/random/base/narrow/m3.dat	outsourcing-data/default-discount/rate-1/n080-set01/random/base/narrow/m3.dat
n080-set01	80	3	random	narrow	2.000000	0.150000	4000.000000000	8000.000000000	68932.000000000	default-discount	data/n080-set01/random/base/narrow/m3.dat	outsourcing-data/default-discount/rate-2/n080-set01/random/base/narrow/m3.dat
n080-set01	80	4	random	narrow	0.500000	0.150000	4000.000000000	8000.000000000	17233.000000000	default-discount	data/n080-set01/random/base/narrow/m4.dat	outsourcing-data/default-discount/rate-0.5/n080-set01/random/base/narrow/m4.dat
n080-set01	80	4	random	narrow	1.000000	0.150000	4000.000000000	8000.000000000	34466.000000000	default-discount	data/n080-set01/random/base/narrow/m4.dat	outsourcing-data/default-discount/rate-1/n080-set01/random/base/narrow/m4.dat
n080-set01	80	4	random	narrow	2.000000	0.150000	4000.000000000	8000.000000000	68932.000000000	default-discount	data/n080-set01/random/base/narrow/m4.dat	outsourcing-data/default-discount/rate-2/n080-set01/random/base/narrow/m4.dat
n080-set01	80	5	random	narrow	0.500000	0.150000	4000.000000000	8000.000000000	17233.000000000	default-discount	data/n080-set01/random/base/narrow/m5.dat	outsourcing-data/default-discount/rate-0.5/n080-set01/random/base/narrow/m5.dat
n080-set01	80	5	random	narrow	1.000000	0.150000	4000.000000000	8000.000000000	34466.000000000	default-discount	data/n080-set01/random/base/narrow/m5.dat	outsourcing-data/default-discount/rate-1/n080-set01/random/base/narrow/m5.dat
n080-set01	80	5	random	narrow	2.000000	0.150000	4000.000000000	8000.000000000	68932.000000000	default-discount	data/n080-set01/random/base/narrow/m5.dat	outsourcing-data/default-discount/rate-2/n080-set01/random/base/narrow/m5.dat
n080-set01	80	3	random	wide	0.500000	0.150000	4000.000000000	8000.000000000	17233.000000000	default-discount	data/n080-set01/random/base/wide/m3.dat	outsourcing-data/default-discount/rate-0.5/n080-set01/random/base/wide/m3.dat
n080-set01	80	3	random	wide	1.000000	0.150000	4000.000000000	8000.000000000	34466.000000000	default-discount	data/n080-set01/random/base/wide/m3.dat	outsourcing-data/default-discount/rate-1/n080-set01/random/base/wide/m3.dat
n080-set01	80	3	random	wide	2.000000	0.150000	4000.000000000	8000.000000000	68932.000000000	default-discount	data/n080-set01/random/base/wide/m3.dat	outsourcing-data/default-discount/rate-2/n080-set01/random/base/wide/m3.dat
n080-set01	80	4	random	wide	0.500000	0.150000	4000.000000000	8000.000000000	17233.000000000	default-discount	data/n080-set01/random/base/wide/m4.dat	outsourcing-data/default-discount/rate-0.5/n080-set01/random/base/wide/m4.dat
n080-set01	80	4	random	wide	1.000000	0.150000	4000.000000000	8000.000000000	34466.000000000	default-discount	data/n080-set01/random/base/wide/m4.dat	outsourcing-data/default-discount/rate-1/n080-set01/random/base/wide/m4.dat
n080-set01	80	4	random	wide	2.000000	0.150000	4000.000000000	8000.000000000	68932.000000000	default-discount	data/n080-set01/random/base/wide/m4.dat	outsourcing-data/default-discount/rate-2/n080-set01/random/base/wide/m4.dat
n080-set01	80	5	random	wide	0.500000	0.150000	4000.000000000	8000.000000000	17233.000000000	default-discount	data/n080-set01/random/base/wide/m5.dat	outsourcing-data/default-discount/rate-0.5/n080-set01/random/base/wide/m5.dat
n080-set01	80	5	random	wide	1.000000	0.150000	4000.000000000	8000.000000000	34466.000000000	default-discount	data/n080-set01/random/base/wide/m5.dat	outsourcing-data/default-discount/rate-1/n080-set01/random/base/wide/m5.dat
n080-set01	80	5	random	wide	2.000000	0.150000	4000.000000000	8000.000000000	68932.000000000	default-discount	data/n080-set01/random/base/wide/m5.dat	outsourcing-data/default-discount/rate-2/n080-set01/random/base/wide/m5.dat
n080-set01	80	3	family	zero	0.500000	0.150000	4000.000000000	8000.000000000	17233.000000000	default-discount	data/n080-set01/family/base/zero/m3.dat	outsourcing-data/default-discount/rate-0.5/n080-set01/family/base/zero/m3.dat
n080-set01	80	3	family	zero	1.000000	0.150000	4000.000000000	8000.000000000	34466.000000000	default-discount	data/n080-set01/family/base/zero/m3.dat	outsourcing-data/default-discount/rate-1/n080-set01/family/base/zero/m3.dat
n080-set01	80	3	family	zero	2.000000	0.150000	4000.000000000	8000.000000000	68932.000000000	default-discount	data/n080-set01/family/base/zero/m3.dat	outsourcing-data/default-discount/rate-2/n080-set01/family/base/zero/m3.dat
n080-set01	80	4	family	zero	0.500000	0.150000	4000.000000000	8000.000000000	17233.000000000	default-discount	data/n080-set01/family/base/zero/m4.dat	outsourcing-data/default-discount/rate-0.5/n080-set01/family/base/zero/m4.dat
n080-set01	80	4	family	zero	1.000000	0.150000	4000.000000000	8000.000000000	34466.000000000	default-discount	data/n080-set01/family/base/zero/m4.dat	outsourcing-data/default-discount/rate-1/n080-set01/family/base/zero/m4.dat
n080-set01	80	4	family	zero	2.000000	0.150000	4000.000000000	8000.000000000	68932.000000000	default-discount	data/n080-set01/family/base/zero/m4.dat	outsourcing-data/default-discount/rate-2/n080-set01/family/base/zero/m4.dat
n080-set01	80	5	family	zero	0.500000	0.150000	4000.000000000	8000.000000000	17233.000000000	default-discount	data/n080-set01/family/base/zero/m5.dat	outsourcing-data/default-discount/rate-0.5/n080-set01/family/base/zero/m5.dat
n080-set01	80	5	family	zero	1.000000	0.150000	4000.000000000	8000.000000000	34466.000000000	default-discount	data/n080-set01/family/base/zero/m5.dat	outsourcing-data/default-discount/rate-1/n080-set01/family/base/zero/m5.dat
n080-set01	80	5	family	zero	2.000000	0.150000	4000.000000000	8000.000000000	68932.000000000	default-discount	data/n080-set01/family/base/zero/m5.dat	outsourcing-data/default-discount/rate-2/n080-set01/family/base/zero/m5.dat
n080-set01	80	3	family	narrow	0.500000	0.150000	4000.000000000	8000.000000000	17233.000000000	default-discount	data/n080-set01/family/base/narrow/m3.dat	outsourcing-data/default-discount/rate-0.5/n080-set01/family/base/narrow/m3.dat
n080-set01	80	3	family	narrow	1.000000	0.150000	4000.000000000	8000.000000000	34466.000000000	default-discount	data/n080-set01/family/base/narrow/m3.dat	outsourcing-data/default-discount/rate-1/n080-set01/family/base/narrow/m3.dat
n080-set01	80	3	family	narrow	2.000000	0.150000	4000.000000000	8000.000000000	68932.000000000	default-discount	data/n080-set01/family/base/narrow/m3.dat	outsourcing-data/default-discount/rate-2/n080-set01/family/base/narrow/m3.dat
n080-set01	80	4	family	narrow	0.500000	0.150000	4000.000000000	8000.000000000	17233.000000000	default-discount	data/n080-set01/family/base/narrow/m4.dat	outsourcing-data/default-discount/rate-0.5/n080-set01/family/base/narrow/m4.dat
n080-set01	80	4	family	narrow	1.000000	0.150000	4000.000000000	8000.000000000	34466.000000000	default-discount	data/n080-set01/family/base/narrow/m4.dat	outsourcing-data/default-discount/rate-1/n080-set01/family/base/narrow/m4.dat
n080-set01	80	4	family	narrow	2.000000	0.150000	4000.000000000	8000.000000000	68932.000000000	default-discount	data/n080-set01/family/base/narrow/m4.dat	outsourcing-data/default-discount/rate-2/n080-set01/family/base/narrow/m4.dat
n080-set01	80	5	family	narrow	0.500000	0.150000	4000.000000000	8000.000000000	17233.000000000	default-discount	data/n080-set01/family/base/narrow/m5.dat	outsourcing-data/default-discount/rate-0.5/n080-set01/family/base/narrow/m5.dat
n080-set01	80	5	family	narrow	1.000000	0.150000	4000.000000000	8000.000000000	34466.000000000	default-discount	data/n080-set01/family/base/narrow/m5.dat	outsourcing-data/default-discount/rate-1/n080-set01/family/base/narrow/m5.dat
n080-set01	80	5	family	narrow	2.000000	0.150000	4000.000000000	8000.000000000	68932.000000000	default-discount	data/n080-set01/family/base/narrow/m5.dat	outsourcing-data/default-discount/rate-2/n080-set01/family/base/narrow/m5.dat
n080-set01	80	3	family	wide	0.500000	0.150000	4000.000000000	8000.000000000	17233.000000000	default-discount	data/n080-set01/family/base/wide/m3.dat	outsourcing-data/default-discount/rate-0.5/n080-set01/family/base/wide/m3.dat
n080-set01	80	3	family	wide	1.000000	0.150000	4000.000000000	8000.000000000	34466.000000000	default-discount	data/n080-set01/family/base/wide/m3.dat	outsourcing-data/default-discount/rate-1/n080-set01/family/base/wide/m3.dat
n080-set01	80	3	family	wide	2.000000	0.150000	4000.000000000	8000.000000000	68932.000000000	default-discount	data/n080-set01/family/base/wide/m3.dat	outsourcing-data/default-discount/rate-2/n080-set01/family/base/wide/m3.dat
n080-set01	80	4	family	wide	0.500000	0.150000	4000.000000000	8000.000000000	17233.000000000	default-discount	data/n080-set01/family/base/wide/m4.dat	outsourcing-data/default-discount/rate-0.5/n080-set01/family/base/wide/m4.dat
n080-set01	80	4	family	wide	1.000000	0.150000	4000.000000000	8000.000000000	34466.000000000	default-discount	data/n080-set01/family/base/wide/m4.dat	outsourcing-data/default-discount/rate-1/n080-set01/family/base/wide/m4.dat
n080-set01	80	4	family	wide	2.000000	0.150000	4000.000000000	8000.000000000	68932.000000000	default-discount	data/n080-set01/family/base/wide/m4.dat	outsourcing-data/default-discount/rate-2/n080-set01/family/base/wide/m4.dat
n080-set01	80	5	family	wide	0.500000	0.150000	4000.000000000	8000.000000000	17233.000000000	default-discount	data/n080-set01/family/base/wide/m5.dat	outsourcing-data/default-discount/rate-0.5/n080-set01/family/base/wide/m5.dat
n080-set01	80	5	family	wide	1.000000	0.150000	4000.000000000	8000.000000000	34466.000000000	default-discount	data/n080-set01/family/base/wide/m5.dat	outsourcing-data/default-discount/rate-1/n080-set01/family/base/wide/m5.dat
n080-set01	80	5	family	wide	2.000000	0.150000	4000.000000000	8000.000000000	68932.000000000	default-discount	data/n080-set01/family/base/wide/m5.dat	outsourcing-data/default-discount/rate-2/n080-set01/family/base/wide/m5.dat
n080-set02	80	3	random	zero	0.500000	0.150000	4000.000000000	8000.000000000	15860.500000000	default-discount	data/n080-set02/random/base/zero/m3.dat	outsourcing-data/default-discount/rate-0.5/n080-set02/random/base/zero/m3.dat
n080-set02	80	3	random	zero	1.000000	0.150000	4000.000000000	8000.000000000	31721.000000000	default-discount	data/n080-set02/random/base/zero/m3.dat	outsourcing-data/default-discount/rate-1/n080-set02/random/base/zero/m3.dat
n080-set02	80	3	random	zero	2.000000	0.150000	4000.000000000	8000.000000000	63442.000000000	default-discount	data/n080-set02/random/base/zero/m3.dat	outsourcing-data/default-discount/rate-2/n080-set02/random/base/zero/m3.dat
n080-set02	80	4	random	zero	0.500000	0.150000	4000.000000000	8000.000000000	15860.500000000	default-discount	data/n080-set02/random/base/zero/m4.dat	outsourcing-data/default-discount/rate-0.5/n080-set02/random/base/zero/m4.dat
n080-set02	80	4	random	zero	1.000000	0.150000	4000.000000000	8000.000000000	31721.000000000	default-discount	data/n080-set02/random/base/zero/m4.dat	outsourcing-data/default-discount/rate-1/n080-set02/random/base/zero/m4.dat
n080-set02	80	4	random	zero	2.000000	0.150000	4000.000000000	8000.000000000	63442.000000000	default-discount	data/n080-set02/random/base/zero/m4.dat	outsourcing-data/default-discount/rate-2/n080-set02/random/base/zero/m4.dat
n080-set02	80	5	random	zero	0.500000	0.150000	4000.000000000	8000.000000000	15860.500000000	default-discount	data/n080-set02/random/base/zero/m5.dat	outsourcing-data/default-discount/rate-0.5/n080-set02/random/base/zero/m5.dat
n080-set02	80	5	random	zero	1.000000	0.150000	4000.000000000	8000.000000000	31721.000000000	default-discount	data/n080-set02/random/base/zero/m5.dat	outsourcing-data/default-discount/rate-1/n080-set02/random/base/zero/m5.dat
n080-set02	80	5	random	zero	2.000000	0.150000	4000.000000000	8000.000000000	63442.000000000	default-discount	data/n080-set02/random/base/zero/m5.dat	outsourcing-data/default-discount/rate-2/n080-set02/random/base/zero/m5.dat
n080-set02	80	3	random	narrow	0.500000	0.150000	4000.000000000	8000.000000000	15860.500000000	default-discount	data/n080-set02/random/base/narrow/m3.dat	outsourcing-data/default-discount/rate-0.5/n080-set02/random/base/narrow/m3.dat
n080-set02	80	3	random	narrow	1.000000	0.150000	4000.000000000	8000.000000000	31721.000000000	default-discount	data/n080-set02/random/base/narrow/m3.dat	outsourcing-data/default-discount/rate-1/n080-set02/random/base/narrow/m3.dat
n080-set02	80	3	random	narrow	2.000000	0.150000	4000.000000000	8000.000000000	63442.000000000	default-discount	data/n080-set02/random/base/narrow/m3.dat	outsourcing-data/default-discount/rate-2/n080-set02/random/base/narrow/m3.dat
n080-set02	80	4	random	narrow	0.500000	0.150000	4000.000000000	8000.000000000	15860.500000000	default-discount	data/n080-set02/random/base/narrow/m4.dat	outsourcing-data/default-discount/rate-0.5/n080-set02/random/base/narrow/m4.dat
n080-set02	80	4	random	narrow	1.000000	0.150000	4000.000000000	8000.000000000	31721.000000000	default-discount	data/n080-set02/random/base/narrow/m4.dat	outsourcing-data/default-discount/rate-1/n080-set02/random/base/narrow/m4.dat
n080-set02	80	4	random	narrow	2.000000	0.150000	4000.000000000	8000.000000000	63442.000000000	default-discount	data/n080-set02/random/base/narrow/m4.dat	outsourcing-data/default-discount/rate-2/n080-set02/random/base/narrow/m4.dat
n080-set02	80	5	random	narrow	0.500000	0.150000	4000.000000000	8000.000000000	15860.500000000	default-discount	data/n080-set02/random/base/narrow/m5.dat	outsourcing-data/default-discount/rate-0.5/n080-set02/random/base/narrow/m5.dat
n080-set02	80	5	random	narrow	1.000000	0.150000	4000.000000000	8000.000000000	31721.000000000	default-discount	data/n080-set02/random/base/narrow/m5.dat	outsourcing-data/default-discount/rate-1/n080-set02/random/base/narrow/m5.dat
n080-set02	80	5	random	narrow	2.000000	0.150000	4000.000000000	8000.000000000	63442.000000000	default-discount	data/n080-set02/random/base/narrow/m5.dat	outsourcing-data/default-discount/rate-2/n080-set02/random/base/narrow/m5.dat
n080-set02	80	3	random	wide	0.500000	0.150000	4000.000000000	8000.000000000	15860.500000000	default-discount	data/n080-set02/random/base/wide/m3.dat	outsourcing-data/default-discount/rate-0.5/n080-set02/random/base/wide/m3.dat
n080-set02	80	3	random	wide	1.000000	0.150000	4000.000000000	8000.000000000	31721.000000000	default-discount	data/n080-set02/random/base/wide/m3.dat	outsourcing-data/default-discount/rate-1/n080-set02/random/base/wide/m3.dat
n080-set02	80	3	random	wide	2.000000	0.150000	4000.000000000	8000.000000000	63442.000000000	default-discount	data/n080-set02/random/base/wide/m3.dat	outsourcing-data/default-discount/rate-2/n080-set02/random/base/wide/m3.dat
n080-set02	80	4	random	wide	0.500000	0.150000	4000.000000000	8000.000000000	15860.500000000	default-discount	data/n080-set02/random/base/wide/m4.dat	outsourcing-data/default-discount/rate-0.5/n080-set02/random/base/wide/m4.dat
n080-set02	80	4	random	wide	1.000000	0.150000	4000.000000000	8000.000000000	31721.000000000	default-discount	data/n080-set02/random/base/wide/m4.dat	outsourcing-data/default-discount/rate-1/n080-set02/random/base/wide/m4.dat
n080-set02	80	4	random	wide	2.000000	0.150000	4000.000000000	8000.000000000	63442.000000000	default-discount	data/n080-set02/random/base/wide/m4.dat	outsourcing-data/default-discount/rate-2/n080-set02/random/base/wide/m4.dat
n080-set02	80	5	random	wide	0.500000	0.150000	4000.000000000	8000.000000000	15860.500000000	default-discount	data/n080-set02/random/base/wide/m5.dat	outsourcing-data/default-discount/rate-0.5/n080-set02/random/base/wide/m5.dat
n080-set02	80	5	random	wide	1.000000	0.150000	4000.000000000	8000.000000000	31721.000000000	default-discount	data/n080-set02/random/base/wide/m5.dat	outsourcing-data/default-discount/rate-1/n080-set02/random/base/wide/m5.dat
n080-set02	80	5	random	wide	2.000000	0.150000	4000.000000000	8000.000000000	63442.000000000	default-discount	data/n080-set02/random/base/wide/m5.dat	outsourcing-data/default-discount/rate-2/n080-set02/random/base/wide/m5.dat
n080-set02	80	3	family	zero	0.500000	0.150000	4000.000000000	8000.000000000	15860.500000000	default-discount	data/n080-set02/family/base/zero/m3.dat	outsourcing-data/default-discount/rate-0.5/n080-set02/family/base/zero/m3.dat
n080-set02	80	3	family	zero	1.000000	0.150000	4000.000000000	8000.000000000	31721.000000000	default-discount	data/n080-set02/family/base/zero/m3.dat	outsourcing-data/default-discount/rate-1/n080-set02/family/base/zero/m3.dat
n080-set02	80	3	family	zero	2.000000	0.150000	4000.000000000	8000.000000000	63442.000000000	default-discount	data/n080-set02/family/base/zero/m3.dat	outsourcing-data/default-discount/rate-2/n080-set02/family/base/zero/m3.dat
n080-set02	80	4	family	zero	0.500000	0.150000	4000.000000000	8000.000000000	15860.500000000	default-discount	data/n080-set02/family/base/zero/m4.dat	outsourcing-data/default-discount/rate-0.5/n080-set02/family/base/zero/m4.dat
n080-set02	80	4	family	zero	1.000000	0.150000	4000.000000000	8000.000000000	31721.000000000	default-discount	data/n080-set02/family/base/zero/m4.dat	outsourcing-data/default-discount/rate-1/n080-set02/family/base/zero/m4.dat
n080-set02	80	4	family	zero	2.000000	0.150000	4000.000000000	8000.000000000	63442.000000000	default-discount	data/n080-set02/family/base/zero/m4.dat	outsourcing-data/default-discount/rate-2/n080-set02/family/base/zero/m4.dat
n080-set02	80	5	family	zero	0.500000	0.150000	4000.000000000	8000.000000000	15860.500000000	default-discount	data/n080-set02/family/base/zero/m5.dat	outsourcing-data/default-discount/rate-0.5/n080-set02/family/base/zero/m5.dat
n080-set02	80	5	family	zero	1.000000	0.150000	4000.000000000	8000.000000000	31721.000000000	default-discount	data/n080-set02/family/base/zero/m5.dat	outsourcing-data/default-discount/rate-1/n080-set02/family/base/zero/m5.dat
n080-set02	80	5	family	zero	2.000000	0.150000	4000.000000000	8000.000000000	63442.000000000	default-discount	data/n080-set02/family/base/zero/m5.dat	outsourcing-data/default-discount/rate-2/n080-set02/family/base/zero/m5.dat
n080-set02	80	3	family	narrow	0.500000	0.150000	4000.000000000	8000.000000000	15860.500000000	default-discount	data/n080-set02/family/base/narrow/m3.dat	outsourcing-data/default-discount/rate-0.5/n080-set02/family/base/narrow/m3.dat
n080-set02	80	3	family	narrow	1.000000	0.150000	4000.000000000	8000.000000000	31721.000000000	default-discount	data/n080-set02/family/base/narrow/m3.dat	outsourcing-data/default-discount/rate-1/n080-set02/family/base/narrow/m3.dat
n080-set02	80	3	family	narrow	2.000000	0.150000	4000.000000000	8000.000000000	63442.000000000	default-discount	data/n080-set02/family/base/narrow/m3.dat	outsourcing-data/default-discount/rate-2/n080-set02/family/base/narrow/m3.dat
n080-set02	80	4	family	narrow	0.500000	0.150000	4000.000000000	8000.000000000	15860.500000000	default-discount	data/n080-set02/family/base/narrow/m4.dat	outsourcing-data/default-discount/rate-0.5/n080-set02/family/base/narrow/m4.dat
n080-set02	80	4	family	narrow	1.000000	0.150000	4000.000000000	8000.000000000	31721.000000000	default-discount	data/n080-set02/family/base/narrow/m4.dat	outsourcing-data/default-discount/rate-1/n080-set02/family/base/narrow/m4.dat
n080-set02	80	4	family	narrow	2.000000	0.150000	4000.000000000	8000.000000000	63442.000000000	default-discount	data/n080-set02/family/base/narrow/m4.dat	outsourcing-data/default-discount/rate-2/n080-set02/family/base/narrow/m4.dat
n080-set02	80	5	family	narrow	0.500000	0.150000	4000.000000000	8000.000000000	15860.500000000	default-discount	data/n080-set02/family/base/narrow/m5.dat	outsourcing-data/default-discount/rate-0.5/n080-set02/family/base/narrow/m5.dat
n080-set02	80	5	family	narrow	1.000000	0.150000	4000.000000000	8000.000000000	31721.000000000	default-discount	data/n080-set02/family/base/narrow/m5.dat	outsourcing-data/default-discount/rate-1/n080-set02/family/base/narrow/m5.dat
n080-set02	80	5	family	narrow	2.000000	0.150000	4000.000000000	8000.000000000	63442.000000000	default-discount	data/n080-set02/family/base/narrow/m5.dat	outsourcing-data/default-discount/rate-2/n080-set02/family/base/narrow/m5.dat
n080-set02	80	3	family	wide	0.500000	0.150000	4000.000000000	8000.000000000	15860.500000000	default-discount	data/n080-set02/family/base/wide/m3.dat	outsourcing-data/default-discount/rate-0.5/n080-set02/family/base/wide/m3.dat
n080-set02	80	3	family	wide	1.000000	0.150000	4000.000000000	8000.000000000	31721.000000000	default-discount	data/n080-set02/family/base/wide/m3.dat	outsourcing-data/default-discount/rate-1/n080-set02/family/base/wide/m3.dat
n080-set02	80	3	family	wide	2.000000	0.150000	4000.000000000	8000.000000000	63442.000000000	default-discount	data/n080-set02/family/base/wide/m3.dat	outsourcing-data/default-discount/rate-2/n080-set02/family/base/wide/m3.dat
n080-set02	80	4	family	wide	0.500000	0.150000	4000.000000000	8000.000000000	15860.500000000	default-discount	data/n080-set02/family/base/wide/m4.dat	outsourcing-data/default-discount/rate-0.5/n080-set02/family/base/wide/m4.dat
n080-set02	80	4	family	wide	1.000000	0.150000	4000.000000000	8000.000000000	31721.000000000	default-discount	data/n080-set02/family/base/wide/m4.dat	outsourcing-data/default-discount/rate-1/n080-set02/family/base/wide/m4.dat
n080-set02	80	4	family	wide	2.000000	0.150000	4000.000000000	8000.000000000	63442.000000000	default-discount	data/n080-set02/family/base/wide/m4.dat	outsourcing-data/default-discount/rate-2/n080-set02/family/base/wide/m4.dat
n080-set02	80	5	family	wide	0.500000	0.150000	4000.000000000	8000.000000000	15860.500000000	default-discount	data/n080-set02/family/base/wide/m5.dat	outsourcing-data/default-discount/rate-0.5/n080-set02/family/base/wide/m5.dat
n080-set02	80	5	family	wide	1.000000	0.150000	4000.000000000	8000.000000000	31721.000000000	default-discount	data/n080-set02/family/base/wide/m5.dat	outsourcing-data/default-discount/rate-1/n080-set02/family/base/wide/m5.dat
n080-set02	80	5	family	wide	2.000000	0.150000	4000.000000000	8000.000000000	63442.000000000	default-discount	data/n080-set02/family/base/wide/m5.dat	outsourcing-data/default-discount/rate-2/n080-set02/family/base/wide/m5.dat
n080-set03	80	3	random	zero	0.500000	0.150000	4000.000000000	8000.000000000	15190.000000000	default-discount	data/n080-set03/random/base/zero/m3.dat	outsourcing-data/default-discount/rate-0.5/n080-set03/random/base/zero/m3.dat
n080-set03	80	3	random	zero	1.000000	0.150000	4000.000000000	8000.000000000	30380.000000000	default-discount	data/n080-set03/random/base/zero/m3.dat	outsourcing-data/default-discount/rate-1/n080-set03/random/base/zero/m3.dat
n080-set03	80	3	random	zero	2.000000	0.150000	4000.000000000	8000.000000000	60760.000000000	default-discount	data/n080-set03/random/base/zero/m3.dat	outsourcing-data/default-discount/rate-2/n080-set03/random/base/zero/m3.dat
n080-set03	80	4	random	zero	0.500000	0.150000	4000.000000000	8000.000000000	15190.000000000	default-discount	data/n080-set03/random/base/zero/m4.dat	outsourcing-data/default-discount/rate-0.5/n080-set03/random/base/zero/m4.dat
n080-set03	80	4	random	zero	1.000000	0.150000	4000.000000000	8000.000000000	30380.000000000	default-discount	data/n080-set03/random/base/zero/m4.dat	outsourcing-data/default-discount/rate-1/n080-set03/random/base/zero/m4.dat
n080-set03	80	4	random	zero	2.000000	0.150000	4000.000000000	8000.000000000	60760.000000000	default-discount	data/n080-set03/random/base/zero/m4.dat	outsourcing-data/default-discount/rate-2/n080-set03/random/base/zero/m4.dat
n080-set03	80	5	random	zero	0.500000	0.150000	4000.000000000	8000.000000000	15190.000000000	default-discount	data/n080-set03/random/base/zero/m5.dat	outsourcing-data/default-discount/rate-0.5/n080-set03/random/base/zero/m5.dat
n080-set03	80	5	random	zero	1.000000	0.150000	4000.000000000	8000.000000000	30380.000000000	default-discount	data/n080-set03/random/base/zero/m5.dat	outsourcing-data/default-discount/rate-1/n080-set03/random/base/zero/m5.dat
n080-set03	80	5	random	zero	2.000000	0.150000	4000.000000000	8000.000000000	60760.000000000	default-discount	data/n080-set03/random/base/zero/m5.dat	outsourcing-data/default-discount/rate-2/n080-set03/random/base/zero/m5.dat
n080-set03	80	3	random	narrow	0.500000	0.150000	4000.000000000	8000.000000000	15190.000000000	default-discount	data/n080-set03/random/base/narrow/m3.dat	outsourcing-data/default-discount/rate-0.5/n080-set03/random/base/narrow/m3.dat
n080-set03	80	3	random	narrow	1.000000	0.150000	4000.000000000	8000.000000000	30380.000000000	default-discount	data/n080-set03/random/base/narrow/m3.dat	outsourcing-data/default-discount/rate-1/n080-set03/random/base/narrow/m3.dat
n080-set03	80	3	random	narrow	2.000000	0.150000	4000.000000000	8000.000000000	60760.000000000	default-discount	data/n080-set03/random/base/narrow/m3.dat	outsourcing-data/default-discount/rate-2/n080-set03/random/base/narrow/m3.dat
n080-set03	80	4	random	narrow	0.500000	0.150000	4000.000000000	8000.000000000	15190.000000000	default-discount	data/n080-set03/random/base/narrow/m4.dat	outsourcing-data/default-discount/rate-0.5/n080-set03/random/base/narrow/m4.dat
n080-set03	80	4	random	narrow	1.000000	0.150000	4000.000000000	8000.000000000	30380.000000000	default-discount	data/n080-set03/random/base/narrow/m4.dat	outsourcing-data/default-discount/rate-1/n080-set03/random/base/narrow/m4.dat
n080-set03	80	4	random	narrow	2.000000	0.150000	4000.000000000	8000.000000000	60760.000000000	default-discount	data/n080-set03/random/base/narrow/m4.dat	outsourcing-data/default-discount/rate-2/n080-set03/random/base/narrow/m4.dat
n080-set03	80	5	random	narrow	0.500000	0.150000	4000.000000000	8000.000000000	15190.000000000	default-discount	data/n080-set03/random/base/narrow/m5.dat	outsourcing-data/default-discount/rate-0.5/n080-set03/random/base/narrow/m5.dat
n080-set03	80	5	random	narrow	1.000000	0.150000	4000.000000000	8000.000000000	30380.000000000	default-discount	data/n080-set03/random/base/narrow/m5.dat	outsourcing-data/default-discount/rate-1/n080-set03/random/base/narrow/m5.dat
n080-set03	80	5	random	narrow	2.000000	0.150000	4000.000000000	8000.000000000	60760.000000000	default-discount	data/n080-set03/random/base/narrow/m5.dat	outsourcing-data/default-discount/rate-2/n080-set03/random/base/narrow/m5.dat
n080-set03	80	3	random	wide	0.500000	0.150000	4000.000000000	8000.000000000	15190.000000000	default-discount	data/n080-set03/random/base/wide/m3.dat	outsourcing-data/default-discount/rate-0.5/n080-set03/random/base/wide/m3.dat
n080-set03	80	3	random	wide	1.000000	0.150000	4000.000000000	8000.000000000	30380.000000000	default-discount	data/n080-set03/random/base/wide/m3.dat	outsourcing-data/default-discount/rate-1/n080-set03/random/base/wide/m3.dat
n080-set03	80	3	random	wide	2.000000	0.150000	4000.000000000	8000.000000000	60760.000000000	default-discount	data/n080-set03/random/base/wide/m3.dat	outsourcing-data/default-discount/rate-2/n080-set03/random/base/wide/m3.dat
n080-set03	80	4	random	wide	0.500000	0.150000	4000.000000000	8000.000000000	15190.000000000	default-discount	data/n080-set03/random/base/wide/m4.dat	outsourcing-data/default-discount/rate-0.5/n080-set03/random/base/wide/m4.dat
n080-set03	80	4	random	wide	1.000000	0.150000	4000.000000000	8000.000000000	30380.000000000	default-discount	data/n080-set03/random/base/wide/m4.dat	outsourcing-data/default-discount/rate-1/n080-set03/random/base/wide/m4.dat
n080-set03	80	4	random	wide	2.000000	0.150000	4000.000000000	8000.000000000	60760.000000000	default-discount	data/n080-set03/random/base/wide/m4.dat	outsourcing-data/default-discount/rate-2/n080-set03/random/base/wide/m4.dat
n080-set03	80	5	random	wide	0.500000	0.150000	4000.000000000	8000.000000000	15190.000000000	default-discount	data/n080-set03/random/base/wide/m5.dat	outsourcing-data/default-discount/rate-0.5/n080-set03/random/base/wide/m5.dat
n080-set03	80	5	random	wide	1.000000	0.150000	4000.000000000	8000.000000000	30380.000000000	default-discount	data/n080-set03/random/base/wide/m5.dat	outsourcing-data/default-discount/rate-1/n080-set03/random/base/wide/m5.dat
n080-set03	80	5	random	wide	2.000000	0.150000	4000.000000000	8000.000000000	60760.000000000	default-discount	data/n080-set03/random/base/wide/m5.dat	outsourcing-data/default-discount/rate-2/n080-set03/random/base/wide/m5.dat
n080-set03	80	3	family	zero	0.500000	0.150000	4000.000000000	8000.000000000	15190.000000000	default-discount	data/n080-set03/family/base/zero/m3.dat	outsourcing-data/default-discount/rate-0.5/n080-set03/family/base/zero/m3.dat
n080-set03	80	3	family	zero	1.000000	0.150000	4000.000000000	8000.000000000	30380.000000000	default-discount	data/n080-set03/family/base/zero/m3.dat	outsourcing-data/default-discount/rate-1/n080-set03/family/base/zero/m3.dat
n080-set03	80	3	family	zero	2.000000	0.150000	4000.000000000	8000.000000000	60760.000000000	default-discount	data/n080-set03/family/base/zero/m3.dat	outsourcing-data/default-discount/rate-2/n080-set03/family/base/zero/m3.dat
n080-set03	80	4	family	zero	0.500000	0.150000	4000.000000000	8000.000000000	15190.000000000	default-discount	data/n080-set03/family/base/zero/m4.dat	outsourcing-data/default-discount/rate-0.5/n080-set03/family/base/zero/m4.dat
n080-set03	80	4	family	zero	1.000000	0.150000	4000.000000000	8000.000000000	30380.000000000	default-discount	data/n080-set03/family/base/zero/m4.dat	outsourcing-data/default-discount/rate-1/n080-set03/family/base/zero/m4.dat
n080-set03	80	4	family	zero	2.000000	0.150000	4000.000000000	8000.000000000	60760.000000000	default-discount	data/n080-set03/family/base/zero/m4.dat	outsourcing-data/default-discount/rate-2/n080-set03/family/base/zero/m4.dat
n080-set03	80	5	family	zero	0.500000	0.150000	4000.000000000	8000.000000000	15190.000000000	default-discount	data/n080-set03/family/base/zero/m5.dat	outsourcing-data/default-discount/rate-0.5/n080-set03/family/base/zero/m5.dat
n080-set03	80	5	family	zero	1.000000	0.150000	4000.000000000	8000.000000000	30380.000000000	default-discount	data/n080-set03/family/base/zero/m5.dat	outsourcing-data/default-discount/rate-1/n080-set03/family/base/zero/m5.dat
n080-set03	80	5	family	zero	2.000000	0.150000	4000.000000000	8000.000000000	60760.000000000	default-discount	data/n080-set03/family/base/zero/m5.dat	outsourcing-data/default-discount/rate-2/n080-set03/family/base/zero/m5.dat
n080-set03	80	3	family	narrow	0.500000	0.150000	4000.000000000	8000.000000000	15190.000000000	default-discount	data/n080-set03/family/base/narrow/m3.dat	outsourcing-data/default-discount/rate-0.5/n080-set03/family/base/narrow/m3.dat
n080-set03	80	3	family	narrow	1.000000	0.150000	4000.000000000	8000.000000000	30380.000000000	default-discount	data/n080-set03/family/base/narrow/m3.dat	outsourcing-data/default-discount/rate-1/n080-set03/family/base/narrow/m3.dat
n080-set03	80	3	family	narrow	2.000000	0.150000	4000.000000000	8000.000000000	60760.000000000	default-discount	data/n080-set03/family/base/narrow/m3.dat	outsourcing-data/default-discount/rate-2/n080-set03/family/base/narrow/m3.dat
n080-set03	80	4	family	narrow	0.500000	0.150000	4000.000000000	8000.000000000	15190.000000000	default-discount	data/n080-set03/family/base/narrow/m4.dat	outsourcing-data/default-discount/rate-0.5/n080-set03/family/base/narrow/m4.dat
n080-set03	80	4	family	narrow	1.000000	0.150000	4000.000000000	8000.000000000	30380.000000000	default-discount	data/n080-set03/family/base/narrow/m4.dat	outsourcing-data/default-discount/rate-1/n080-set03/family/base/narrow/m4.dat
n080-set03	80	4	family	narrow	2.000000	0.150000	4000.000000000	8000.000000000	60760.000000000	default-discount	data/n080-set03/family/base/narrow/m4.dat	outsourcing-data/default-discount/rate-2/n080-set03/family/base/narrow/m4.dat
n080-set03	80	5	family	narrow	0.500000	0.150000	4000.000000000	8000.000000000	15190.000000000	default-discount	data/n080-set03/family/base/narrow/m5.dat	outsourcing-data/default-discount/rate-0.5/n080-set03/family/base/narrow/m5.dat
n080-set03	80	5	family	narrow	1.000000	0.150000	4000.000000000	8000.000000000	30380.000000000	default-discount	data/n080-set03/family/base/narrow/m5.dat	outsourcing-data/default-discount/rate-1/n080-set03/family/base/narrow/m5.dat
n080-set03	80	5	family	narrow	2.000000	0.150000	4000.000000000	8000.000000000	60760.000000000	default-discount	data/n080-set03/family/base/narrow/m5.dat	outsourcing-data/default-discount/rate-2/n080-set03/family/base/narrow/m5.dat
n080-set03	80	3	family	wide	0.500000	0.150000	4000.000000000	8000.000000000	15190.000000000	default-discount	data/n080-set03/family/base/wide/m3.dat	outsourcing-data/default-discount/rate-0.5/n080-set03/family/base/wide/m3.dat
n080-set03	80	3	family	wide	1.000000	0.150000	4000.000000000	8000.000000000	30380.000000000	default-discount	data/n080-set03/family/base/wide/m3.dat	outsourcing-data/default-discount/rate-1/n080-set03/family/base/wide/m3.dat
n080-set03	80	3	family	wide	2.000000	0.150000	4000.000000000	8000.000000000	60760.000000000	default-discount	data/n080-set03/family/base/wide/m3.dat	outsourcing-data/default-discount/rate-2/n080-set03/family/base/wide/m3.dat
n080-set03	80	4	family	wide	0.500000	0.150000	4000.000000000	8000.000000000	15190.000000000	default-discount	data/n080-set03/family/base/wide/m4.dat	outsourcing-data/default-discount/rate-0.5/n080-set03/family/base/wide/m4.dat
n080-set03	80	4	family	wide	1.000000	0.150000	4000.000000000	8000.000000000	30380.000000000	default-discount	data/n080-set03/family/base/wide/m4.dat	outsourcing-data/default-discount/rate-1/n080-set03/family/base/wide/m4.dat
n080-set03	80	4	family	wide	2.000000	0.150000	4000.000000000	8000.000000000	60760.000000000	default-discount	data/n080-set03/family/base/wide/m4.dat	outsourcing-data/default-discount/rate-2/n080-set03/family/base/wide/m4.dat
n080-set03	80	5	family	wide	0.500000	0.150000	4000.000000000	8000.000000000	15190.000000000	default-discount	data/n080-set03/family/base/wide/m5.dat	outsourcing-data/default-discount/rate-0.5/n080-set03/family/base/wide/m5.dat
n080-set03	80	5	family	wide	1.000000	0.150000	4000.000000000	8000.000000000	30380.000000000	default-discount	data/n080-set03/family/base/wide/m5.dat	outsourcing-data/default-discount/rate-1/n080-set03/family/base/wide/m5.dat
n080-set03	80	5	family	wide	2.000000	0.150000	4000.000000000	8000.000000000	60760.000000000	default-discount	data/n080-set03/family/base/wide/m5.dat	outsourcing-data/default-discount/rate-2/n080-set03/family/base/wide/m5.dat
n080-set04	80	3	random	zero	0.500000	0.150000	4000.000000000	8000.000000000	15958.500000000	default-discount	data/n080-set04/random/base/zero/m3.dat	outsourcing-data/default-discount/rate-0.5/n080-set04/random/base/zero/m3.dat
n080-set04	80	3	random	zero	1.000000	0.150000	4000.000000000	8000.000000000	31917.000000000	default-discount	data/n080-set04/random/base/zero/m3.dat	outsourcing-data/default-discount/rate-1/n080-set04/random/base/zero/m3.dat
n080-set04	80	3	random	zero	2.000000	0.150000	4000.000000000	8000.000000000	63834.000000000	default-discount	data/n080-set04/random/base/zero/m3.dat	outsourcing-data/default-discount/rate-2/n080-set04/random/base/zero/m3.dat
n080-set04	80	4	random	zero	0.500000	0.150000	4000.000000000	8000.000000000	15958.500000000	default-discount	data/n080-set04/random/base/zero/m4.dat	outsourcing-data/default-discount/rate-0.5/n080-set04/random/base/zero/m4.dat
n080-set04	80	4	random	zero	1.000000	0.150000	4000.000000000	8000.000000000	31917.000000000	default-discount	data/n080-set04/random/base/zero/m4.dat	outsourcing-data/default-discount/rate-1/n080-set04/random/base/zero/m4.dat
n080-set04	80	4	random	zero	2.000000	0.150000	4000.000000000	8000.000000000	63834.000000000	default-discount	data/n080-set04/random/base/zero/m4.dat	outsourcing-data/default-discount/rate-2/n080-set04/random/base/zero/m4.dat
n080-set04	80	5	random	zero	0.500000	0.150000	4000.000000000	8000.000000000	15958.500000000	default-discount	data/n080-set04/random/base/zero/m5.dat	outsourcing-data/default-discount/rate-0.5/n080-set04/random/base/zero/m5.dat
n080-set04	80	5	random	zero	1.000000	0.150000	4000.000000000	8000.000000000	31917.000000000	default-discount	data/n080-set04/random/base/zero/m5.dat	outsourcing-data/default-discount/rate-1/n080-set04/random/base/zero/m5.dat
n080-set04	80	5	random	zero	2.000000	0.150000	4000.000000000	8000.000000000	63834.000000000	default-discount	data/n080-set04/random/base/zero/m5.dat	outsourcing-data/default-discount/rate-2/n080-set04/random/base/zero/m5.dat
n080-set04	80	3	random	narrow	0.500000	0.150000	4000.000000000	8000.000000000	15958.500000000	default-discount	data/n080-set04/random/base/narrow/m3.dat	outsourcing-data/default-discount/rate-0.5/n080-set04/random/base/narrow/m3.dat
n080-set04	80	3	random	narrow	1.000000	0.150000	4000.000000000	8000.000000000	31917.000000000	default-discount	data/n080-set04/random/base/narrow/m3.dat	outsourcing-data/default-discount/rate-1/n080-set04/random/base/narrow/m3.dat
n080-set04	80	3	random	narrow	2.000000	0.150000	4000.000000000	8000.000000000	63834.000000000	default-discount	data/n080-set04/random/base/narrow/m3.dat	outsourcing-data/default-discount/rate-2/n080-set04/random/base/narrow/m3.dat
n080-set04	80	4	random	narrow	0.500000	0.150000	4000.000000000	8000.000000000	15958.500000000	default-discount	data/n080-set04/random/base/narrow/m4.dat	outsourcing-data/default-discount/rate-0.5/n080-set04/random/base/narrow/m4.dat
n080-set04	80	4	random	narrow	1.000000	0.150000	4000.000000000	8000.000000000	31917.000000000	default-discount	data/n080-set04/random/base/narrow/m4.dat	outsourcing-data/default-discount/rate-1/n080-set04/random/base/narrow/m4.dat
n080-set04	80	4	random	narrow	2.000000	0.150000	4000.000000000	8000.000000000	63834.000000000	default-discount	data/n080-set04/random/base/narrow/m4.dat	outsourcing-data/default-discount/rate-2/n080-set04/random/base/narrow/m4.dat
n080-set04	80	5	random	narrow	0.500000	0.150000	4000.000000000	8000.000000000	15958.500000000	default-discount	data/n080-set04/random/base/narrow/m5.dat	outsourcing-data/default-discount/rate-0.5/n080-set04/random/base/narrow/m5.dat
n080-set04	80	5	random	narrow	1.000000	0.150000	4000.000000000	8000.000000000	31917.000000000	default-discount	data/n080-set04/random/base/narrow/m5.dat	outsourcing-data/default-discount/rate-1/n080-set04/random/base/narrow/m5.dat
n080-set04	80	5	random	narrow	2.000000	0.150000	4000.000000000	8000.000000000	63834.000000000	default-discount	data/n080-set04/random/base/narrow/m5.dat	outsourcing-data/default-discount/rate-2/n080-set04/random/base/narrow/m5.dat
n080-set04	80	3	random	wide	0.500000	0.150000	4000.000000000	8000.000000000	15958.500000000	default-discount	data/n080-set04/random/base/wide/m3.dat	outsourcing-data/default-discount/rate-0.5/n080-set04/random/base/wide/m3.dat
n080-set04	80	3	random	wide	1.000000	0.150000	4000.000000000	8000.000000000	31917.000000000	default-discount	data/n080-set04/random/base/wide/m3.dat	outsourcing-data/default-discount/rate-1/n080-set04/random/base/wide/m3.dat
n080-set04	80	3	random	wide	2.000000	0.150000	4000.000000000	8000.000000000	63834.000000000	default-discount	data/n080-set04/random/base/wide/m3.dat	outsourcing-data/default-discount/rate-2/n080-set04/random/base/wide/m3.dat
n080-set04	80	4	random	wide	0.500000	0.150000	4000.000000000	8000.000000000	15958.500000000	default-discount	data/n080-set04/random/base/wide/m4.dat	outsourcing-data/default-discount/rate-0.5/n080-set04/random/base/wide/m4.dat
n080-set04	80	4	random	wide	1.000000	0.150000	4000.000000000	8000.000000000	31917.000000000	default-discount	data/n080-set04/random/base/wide/m4.dat	outsourcing-data/default-discount/rate-1/n080-set04/random/base/wide/m4.dat
n080-set04	80	4	random	wide	2.000000	0.150000	4000.000000000	8000.000000000	63834.000000000	default-discount	data/n080-set04/random/base/wide/m4.dat	outsourcing-data/default-discount/rate-2/n080-set04/random/base/wide/m4.dat
n080-set04	80	5	random	wide	0.500000	0.150000	4000.000000000	8000.000000000	15958.500000000	default-discount	data/n080-set04/random/base/wide/m5.dat	outsourcing-data/default-discount/rate-0.5/n080-set04/random/base/wide/m5.dat
n080-set04	80	5	random	wide	1.000000	0.150000	4000.000000000	8000.000000000	31917.000000000	default-discount	data/n080-set04/random/base/wide/m5.dat	outsourcing-data/default-discount/rate-1/n080-set04/random/base/wide/m5.dat
n080-set04	80	5	random	wide	2.000000	0.150000	4000.000000000	8000.000000000	63834.000000000	default-discount	data/n080-set04/random/base/wide/m5.dat	outsourcing-data/default-discount/rate-2/n080-set04/random/base/wide/m5.dat
n080-set04	80	3	family	zero	0.500000	0.150000	4000.000000000	8000.000000000	15958.500000000	default-discount	data/n080-set04/family/base/zero/m3.dat	outsourcing-data/default-discount/rate-0.5/n080-set04/family/base/zero/m3.dat
n080-set04	80	3	family	zero	1.000000	0.150000	4000.000000000	8000.000000000	31917.000000000	default-discount	data/n080-set04/family/base/zero/m3.dat	outsourcing-data/default-discount/rate-1/n080-set04/family/base/zero/m3.dat
n080-set04	80	3	family	zero	2.000000	0.150000	4000.000000000	8000.000000000	63834.000000000	default-discount	data/n080-set04/family/base/zero/m3.dat	outsourcing-data/default-discount/rate-2/n080-set04/family/base/zero/m3.dat
n080-set04	80	4	family	zero	0.500000	0.150000	4000.000000000	8000.000000000	15958.500000000	default-discount	data/n080-set04/family/base/zero/m4.dat	outsourcing-data/default-discount/rate-0.5/n080-set04/family/base/zero/m4.dat
n080-set04	80	4	family	zero	1.000000	0.150000	4000.000000000	8000.000000000	31917.000000000	default-discount	data/n080-set04/family/base/zero/m4.dat	outsourcing-data/default-discount/rate-1/n080-set04/family/base/zero/m4.dat
n080-set04	80	4	family	zero	2.000000	0.150000	4000.000000000	8000.000000000	63834.000000000	default-discount	data/n080-set04/family/base/zero/m4.dat	outsourcing-data/default-discount/rate-2/n080-set04/family/base/zero/m4.dat
n080-set04	80	5	family	zero	0.500000	0.150000	4000.000000000	8000.000000000	15958.500000000	default-discount	data/n080-set04/family/base/zero/m5.dat	outsourcing-data/default-discount/rate-0.5/n080-set04/family/base/zero/m5.dat
n080-set04	80	5	family	zero	1.000000	0.150000	4000.000000000	8000.000000000	31917.000000000	default-discount	data/n080-set04/family/base/zero/m5.dat	outsourcing-data/default-discount/rate-1/n080-set04/family/base/zero/m5.dat
n080-set04	80	5	family	zero	2.000000	0.150000	4000.000000000	8000.000000000	63834.000000000	default-discount	data/n080-set04/family/base/zero/m5.dat	outsourcing-data/default-discount/rate-2/n080-set04/family/base/zero/m5.dat
n080-set04	80	3	family	narrow	0.500000	0.150000	4000.000000000	8000.000000000	15958.500000000	default-discount	data/n080-set04/family/base/narrow/m3.dat	outsourcing-data/default-discount/rate-0.5/n080-set04/family/base/narrow/m3.dat
n080-set04	80	3	family	narrow	1.000000	0.150000	4000.000000000	8000.000000000	31917.000000000	default-discount	data/n080-set04/family/base/narrow/m3.dat	outsourcing-data/default-discount/rate-1/n080-set04/family/base/narrow/m3.dat
n080-set04	80	3	family	narrow	2.000000	0.150000	4000.000000000	8000.000000000	63834.000000000	default-discount	data/n080-set04/family/base/narrow/m3.dat	outsourcing-data/default-discount/rate-2/n080-set04/family/base/narrow/m3.dat
n080-set04	80	4	family	narrow	0.500000	0.150000	4000.000000000	8000.000000000	15958.500000000	default-discount	data/n080-set04/family/base/narrow/m4.dat	outsourcing-data/default-discount/rate-0.5/n080-set04/family/base/narrow/m4.dat
n080-set04	80	4	family	narrow	1.000000	0.150000	4000.000000000	8000.000000000	31917.000000000	default-discount	data/n080-set04/family/base/narrow/m4.dat	outsourcing-data/default-discount/rate-1/n080-set04/family/base/narrow/m4.dat
n080-set04	80	4	family	narrow	2.000000	0.150000	4000.000000000	8000.000000000	63834.000000000	default-discount	data/n080-set04/family/base/narrow/m4.dat	outsourcing-data/default-discount/rate-2/n080-set04/family/base/narrow/m4.dat
n080-set04	80	5	family	narrow	0.500000	0.150000	4000.000000000	8000.000000000	15958.500000000	default-discount	data/n080-set04/family/base/narrow/m5.dat	outsourcing-data/default-discount/rate-0.5/n080-set04/family/base/narrow/m5.dat
n080-set04	80	5	family	narrow	1.000000	0.150000	4000.000000000	8000.000000000	31917.000000000	default-discount	data/n080-set04/family/base/narrow/m5.dat	outsourcing-data/default-discount/rate-1/n080-set04/family/base/narrow/m5.dat
n080-set04	80	5	family	narrow	2.000000	0.150000	4000.000000000	8000.000000000	63834.000000000	default-discount	data/n080-set04/family/base/narrow/m5.dat	outsourcing-data/default-discount/rate-2/n080-set04/family/base/narrow/m5.dat
n080-set04	80	3	family	wide	0.500000	0.150000	4000.000000000	8000.000000000	15958.500000000	default-discount	data/n080-set04/family/base/wide/m3.dat	outsourcing-data/default-discount/rate-0.5/n080-set04/family/base/wide/m3.dat
n080-set04	80	3	family	wide	1.000000	0.150000	4000.000000000	8000.000000000	31917.000000000	default-discount	data/n080-set04/family/base/wide/m3.dat	outsourcing-data/default-discount/rate-1/n080-set04/family/base/wide/m3.dat
n080-set04	80	3	family	wide	2.000000	0.150000	4000.000000000	8000.000000000	63834.000000000	default-discount	data/n080-set04/family/base/wide/m3.dat	outsourcing-data/default-discount/rate-2/n080-set04/family/base/wide/m3.dat
n080-set04	80	4	family	wide	0.500000	0.150000	4000.000000000	8000.000000000	15958.500000000	default-discount	data/n080-set04/family/base/wide/m4.dat	outsourcing-data/default-discount/rate-0.5/n080-set04/family/base/wide/m4.dat
n080-set04	80	4	family	wide	1.000000	0.150000	4000.000000000	8000.000000000	31917.000000000	default-discount	data/n080-set04/family/base/wide/m4.dat	outsourcing-data/default-discount/rate-1/n080-set04/family/base/wide/m4.dat
n080-set04	80	4	family	wide	2.000000	0.150000	4000.000000000	8000.000000000	63834.000000000	default-discount	data/n080-set04/family/base/wide/m4.dat	outsourcing-data/default-discount/rate-2/n080-set04/family/base/wide/m4.dat
n080-set04	80	5	family	wide	0.500000	0.150000	4000.000000000	8000.000000000	15958.500000000	default-discount	data/n080-set04/family/base/wide/m5.dat	outsourcing-data/default-discount/rate-0.5/n080-set04/family/base/wide/m5.dat
n080-set04	80	5	family	wide	1.000000	0.150000	4000.000000000	8000.000000000	31917.000000000	default-discount	data/n080-set04/family/base/wide/m5.dat	outsourcing-data/default-discount/rate-1/n080-set04/family/base/wide/m5.dat
n080-set04	80	5	family	wide	2.000000	0.150000	4000.000000000	8000.000000000	63834.000000000	default-discount	data/n080-set04/family/base/wide/m5.dat	outsourcing-data/default-discount/rate-2/n080-set04/family/base/wide/m5.dat
n080-set05	80	3	random	zero	0.500000	0.150000	4000.000000000	8000.000000000	15389.500000000	default-discount	data/n080-set05/random/base/zero/m3.dat	outsourcing-data/default-discount/rate-0.5/n080-set05/random/base/zero/m3.dat
n080-set05	80	3	random	zero	1.000000	0.150000	4000.000000000	8000.000000000	30779.000000000	default-discount	data/n080-set05/random/base/zero/m3.dat	outsourcing-data/default-discount/rate-1/n080-set05/random/base/zero/m3.dat
n080-set05	80	3	random	zero	2.000000	0.150000	4000.000000000	8000.000000000	61558.000000000	default-discount	data/n080-set05/random/base/zero/m3.dat	outsourcing-data/default-discount/rate-2/n080-set05/random/base/zero/m3.dat
n080-set05	80	4	random	zero	0.500000	0.150000	4000.000000000	8000.000000000	15389.500000000	default-discount	data/n080-set05/random/base/zero/m4.dat	outsourcing-data/default-discount/rate-0.5/n080-set05/random/base/zero/m4.dat
n080-set05	80	4	random	zero	1.000000	0.150000	4000.000000000	8000.000000000	30779.000000000	default-discount	data/n080-set05/random/base/zero/m4.dat	outsourcing-data/default-discount/rate-1/n080-set05/random/base/zero/m4.dat
n080-set05	80	4	random	zero	2.000000	0.150000	4000.000000000	8000.000000000	61558.000000000	default-discount	data/n080-set05/random/base/zero/m4.dat	outsourcing-data/default-discount/rate-2/n080-set05/random/base/zero/m4.dat
n080-set05	80	5	random	zero	0.500000	0.150000	4000.000000000	8000.000000000	15389.500000000	default-discount	data/n080-set05/random/base/zero/m5.dat	outsourcing-data/default-discount/rate-0.5/n080-set05/random/base/zero/m5.dat
n080-set05	80	5	random	zero	1.000000	0.150000	4000.000000000	8000.000000000	30779.000000000	default-discount	data/n080-set05/random/base/zero/m5.dat	outsourcing-data/default-discount/rate-1/n080-set05/random/base/zero/m5.dat
n080-set05	80	5	random	zero	2.000000	0.150000	4000.000000000	8000.000000000	61558.000000000	default-discount	data/n080-set05/random/base/zero/m5.dat	outsourcing-data/default-discount/rate-2/n080-set05/random/base/zero/m5.dat
n080-set05	80	3	random	narrow	0.500000	0.150000	4000.000000000	8000.000000000	15389.500000000	default-discount	data/n080-set05/random/base/narrow/m3.dat	outsourcing-data/default-discount/rate-0.5/n080-set05/random/base/narrow/m3.dat
n080-set05	80	3	random	narrow	1.000000	0.150000	4000.000000000	8000.000000000	30779.000000000	default-discount	data/n080-set05/random/base/narrow/m3.dat	outsourcing-data/default-discount/rate-1/n080-set05/random/base/narrow/m3.dat
n080-set05	80	3	random	narrow	2.000000	0.150000	4000.000000000	8000.000000000	61558.000000000	default-discount	data/n080-set05/random/base/narrow/m3.dat	outsourcing-data/default-discount/rate-2/n080-set05/random/base/narrow/m3.dat
n080-set05	80	4	random	narrow	0.500000	0.150000	4000.000000000	8000.000000000	15389.500000000	default-discount	data/n080-set05/random/base/narrow/m4.dat	outsourcing-data/default-discount/rate-0.5/n080-set05/random/base/narrow/m4.dat
n080-set05	80	4	random	narrow	1.000000	0.150000	4000.000000000	8000.000000000	30779.000000000	default-discount	data/n080-set05/random/base/narrow/m4.dat	outsourcing-data/default-discount/rate-1/n080-set05/random/base/narrow/m4.dat
n080-set05	80	4	random	narrow	2.000000	0.150000	4000.000000000	8000.000000000	61558.000000000	default-discount	data/n080-set05/random/base/narrow/m4.dat	outsourcing-data/default-discount/rate-2/n080-set05/random/base/narrow/m4.dat
n080-set05	80	5	random	narrow	0.500000	0.150000	4000.000000000	8000.000000000	15389.500000000	default-discount	data/n080-set05/random/base/narrow/m5.dat	outsourcing-data/default-discount/rate-0.5/n080-set05/random/base/narrow/m5.dat
n080-set05	80	5	random	narrow	1.000000	0.150000	4000.000000000	8000.000000000	30779.000000000	default-discount	data/n080-set05/random/base/narrow/m5.dat	outsourcing-data/default-discount/rate-1/n080-set05/random/base/narrow/m5.dat
n080-set05	80	5	random	narrow	2.000000	0.150000	4000.000000000	8000.000000000	61558.000000000	default-discount	data/n080-set05/random/base/narrow/m5.dat	outsourcing-data/default-discount/rate-2/n080-set05/random/base/narrow/m5.dat
n080-set05	80	3	random	wide	0.500000	0.150000	4000.000000000	8000.000000000	15389.500000000	default-discount	data/n080-set05/random/base/wide/m3.dat	outsourcing-data/default-discount/rate-0.5/n080-set05/random/base/wide/m3.dat
n080-set05	80	3	random	wide	1.000000	0.150000	4000.000000000	8000.000000000	30779.000000000	default-discount	data/n080-set05/random/base/wide/m3.dat	outsourcing-data/default-discount/rate-1/n080-set05/random/base/wide/m3.dat
n080-set05	80	3	random	wide	2.000000	0.150000	4000.000000000	8000.000000000	61558.000000000	default-discount	data/n080-set05/random/base/wide/m3.dat	outsourcing-data/default-discount/rate-2/n080-set05/random/base/wide/m3.dat
n080-set05	80	4	random	wide	0.500000	0.150000	4000.000000000	8000.000000000	15389.500000000	default-discount	data/n080-set05/random/base/wide/m4.dat	outsourcing-data/default-discount/rate-0.5/n080-set05/random/base/wide/m4.dat
n080-set05	80	4	random	wide	1.000000	0.150000	4000.000000000	8000.000000000	30779.000000000	default-discount	data/n080-set05/random/base/wide/m4.dat	outsourcing-data/default-discount/rate-1/n080-set05/random/base/wide/m4.dat
n080-set05	80	4	random	wide	2.000000	0.150000	4000.000000000	8000.000000000	61558.000000000	default-discount	data/n080-set05/random/base/wide/m4.dat	outsourcing-data/default-discount/rate-2/n080-set05/random/base/wide/m4.dat
n080-set05	80	5	random	wide	0.500000	0.150000	4000.000000000	8000.000000000	15389.500000000	default-discount	data/n080-set05/random/base/wide/m5.dat	outsourcing-data/default-discount/rate-0.5/n080-set05/random/base/wide/m5.dat
n080-set05	80	5	random	wide	1.000000	0.150000	4000.000000000	8000.000000000	30779.000000000	default-discount	data/n080-set05/random/base/wide/m5.dat	outsourcing-data/default-discount/rate-1/n080-set05/random/base/wide/m5.dat
n080-set05	80	5	random	wide	2.000000	0.150000	4000.000000000	8000.000000000	61558.000000000	default-discount	data/n080-set05/random/base/wide/m5.dat	outsourcing-data/default-discount/rate-2/n080-set05/random/base/wide/m5.dat
n080-set05	80	3	family	zero	0.500000	0.150000	4000.000000000	8000.000000000	15389.500000000	default-discount	data/n080-set05/family/base/zero/m3.dat	outsourcing-data/default-discount/rate-0.5/n080-set05/family/base/zero/m3.dat
n080-set05	80	3	family	zero	1.000000	0.150000	4000.000000000	8000.000000000	30779.000000000	default-discount	data/n080-set05/family/base/zero/m3.dat	outsourcing-data/default-discount/rate-1/n080-set05/family/base/zero/m3.dat
n080-set05	80	3	family	zero	2.000000	0.150000	4000.000000000	8000.000000000	61558.000000000	default-discount	data/n080-set05/family/base/zero/m3.dat	outsourcing-data/default-discount/rate-2/n080-set05/family/base/zero/m3.dat
n080-set05	80	4	family	zero	0.500000	0.150000	4000.000000000	8000.000000000	15389.500000000	default-discount	data/n080-set05/family/base/zero/m4.dat	outsourcing-data/default-discount/rate-0.5/n080-set05/family/base/zero/m4.dat
n080-set05	80	4	family	zero	1.000000	0.150000	4000.000000000	8000.000000000	30779.000000000	default-discount	data/n080-set05/family/base/zero/m4.dat	outsourcing-data/default-discount/rate-1/n080-set05/family/base/zero/m4.dat
n080-set05	80	4	family	zero	2.000000	0.150000	4000.000000000	8000.000000000	61558.000000000	default-discount	data/n080-set05/family/base/zero/m4.dat	outsourcing-data/default-discount/rate-2/n080-set05/family/base/zero/m4.dat
n080-set05	80	5	family	zero	0.500000	0.150000	4000.000000000	8000.000000000	15389.500000000	default-discount	data/n080-set05/family/base/zero/m5.dat	outsourcing-data/default-discount/rate-0.5/n080-set05/family/base/zero/m5.dat
n080-set05	80	5	family	zero	1.000000	0.150000	4000.000000000	8000.000000000	30779.000000000	default-discount	data/n080-set05/family/base/zero/m5.dat	outsourcing-data/default-discount/rate-1/n080-set05/family/base/zero/m5.dat
n080-set05	80	5	family	zero	2.000000	0.150000	4000.000000000	8000.000000000	61558.000000000	default-discount	data/n080-set05/family/base/zero/m5.dat	outsourcing-data/default-discount/rate-2/n080-set05/family/base/zero/m5.dat
n080-set05	80	3	family	narrow	0.500000	0.150000	4000.000000000	8000.000000000	15389.500000000	default-discount	data/n080-set05/family/base/narrow/m3.dat	outsourcing-data/default-discount/rate-0.5/n080-set05/family/base/narrow/m3.dat
n080-set05	80	3	family	narrow	1.000000	0.150000	4000.000000000	8000.000000000	30779.000000000	default-discount	data/n080-set05/family/base/narrow/m3.dat	outsourcing-data/default-discount/rate-1/n080-set05/family/base/narrow/m3.dat
n080-set05	80	3	family	narrow	2.000000	0.150000	4000.000000000	8000.000000000	61558.000000000	default-discount	data/n080-set05/family/base/narrow/m3.dat	outsourcing-data/default-discount/rate-2/n080-set05/family/base/narrow/m3.dat
n080-set05	80	4	family	narrow	0.500000	0.150000	4000.000000000	8000.000000000	15389.500000000	default-discount	data/n080-set05/family/base/narrow/m4.dat	outsourcing-data/default-discount/rate-0.5/n080-set05/family/base/narrow/m4.dat
n080-set05	80	4	family	narrow	1.000000	0.150000	4000.000000000	8000.000000000	30779.000000000	default-discount	data/n080-set05/family/base/narrow/m4.dat	outsourcing-data/default-discount/rate-1/n080-set05/family/base/narrow/m4.dat
n080-set05	80	4	family	narrow	2.000000	0.150000	4000.000000000	8000.000000000	61558.000000000	default-discount	data/n080-set05/family/base/narrow/m4.dat	outsourcing-data/default-discount/rate-2/n080-set05/family/base/narrow/m4.dat
n080-set05	80	5	family	narrow	0.500000	0.150000	4000.000000000	8000.000000000	15389.500000000	default-discount	data/n080-set05/family/base/narrow/m5.dat	outsourcing-data/default-discount/rate-0.5/n080-set05/family/base/narrow/m5.dat
n080-set05	80	5	family	narrow	1.000000	0.150000	4000.000000000	8000.000000000	30779.000000000	default-discount	data/n080-set05/family/base/narrow/m5.dat	outsourcing-data/default-discount/rate-1/n080-set05/family/base/narrow/m5.dat
n080-set05	80	5	family	narrow	2.000000	0.150000	4000.000000000	8000.000000000	61558.000000000	default-discount	data/n080-set05/family/base/narrow/m5.dat	outsourcing-data/default-discount/rate-2/n080-set05/family/base/narrow/m5.dat
n080-set05	80	3	family	wide	0.500000	0.150000	4000.000000000	8000.000000000	15389.500000000	default-discount	data/n080-set05/family/base/wide/m3.dat	outsourcing-data/default-discount/rate-0.5/n080-set05/family/base/wide/m3.dat
n080-set05	80	3	family	wide	1.000000	0.150000	4000.000000000	8000.000000000	30779.000000000	default-discount	data/n080-set05/family/base/wide/m3.dat	outsourcing-data/default-discount/rate-1/n080-set05/family/base/wide/m3.dat
n080-set05	80	3	family	wide	2.000000	0.150000	4000.000000000	8000.000000000	61558.000000000	default-discount	data/n080-set05/family/base/wide/m3.dat	outsourcing-data/default-discount/rate-2/n080-set05/family/base/wide/m3.dat
n080-set05	80	4	family	wide	0.500000	0.150000	4000.000000000	8000.000000000	15389.500000000	default-discount	data/n080-set05/family/base/wide/m4.dat	outsourcing-data/default-discount/rate-0.5/n080-set05/family/base/wide/m4.dat
n080-set05	80	4	family	wide	1.000000	0.150000	4000.000000000	8000.000000000	30779.000000000	default-discount	data/n080-set05/family/base/wide/m4.dat	outsourcing-data/default-discount/rate-1/n080-set05/family/base/wide/m4.dat
n080-set05	80	4	family	wide	2.000000	0.150000	4000.000000000	8000.000000000	61558.000000000	default-discount	data/n080-set05/family/base/wide/m4.dat	outsourcing-data/default-discount/rate-2/n080-set05/family/base/wide/m4.dat
n080-set05	80	5	family	wide	0.500000	0.150000	4000.000000000	8000.000000000	15389.500000000	default-discount	data/n080-set05/family/base/wide/m5.dat	outsourcing-data/default-discount/rate-0.5/n080-set05/family/base/wide/m5.dat
n080-set05	80	5	family	wide	1.000000	0.150000	4000.000000000	8000.000000000	30779.000000000	default-discount	data/n080-set05/family/base/wide/m5.dat	outsourcing-data/default-discount/rate-1/n080-set05/family/base/wide/m5.dat
n080-set05	80	5	family	wide	2.000000	0.150000	4000.000000000	8000.000000000	61558.000000000	default-discount	data/n080-set05/family/base/wide/m5.dat	outsourcing-data/default-discount/rate-2/n080-set05/family/base/wide/m5.dat
n100-set01	100	3	random	zero	0.500000	0.150000	4000.000000000	8000.000000000	21226.500000000	default-discount	data/n100-set01/random/base/zero/m3.dat	outsourcing-data/default-discount/rate-0.5/n100-set01/random/base/zero/m3.dat
n100-set01	100	3	random	zero	1.000000	0.150000	4000.000000000	8000.000000000	42453.000000000	default-discount	data/n100-set01/random/base/zero/m3.dat	outsourcing-data/default-discount/rate-1/n100-set01/random/base/zero/m3.dat
n100-set01	100	3	random	zero	2.000000	0.150000	4000.000000000	8000.000000000	84906.000000000	default-discount	data/n100-set01/random/base/zero/m3.dat	outsourcing-data/default-discount/rate-2/n100-set01/random/base/zero/m3.dat
n100-set01	100	4	random	zero	0.500000	0.150000	4000.000000000	8000.000000000	21226.500000000	default-discount	data/n100-set01/random/base/zero/m4.dat	outsourcing-data/default-discount/rate-0.5/n100-set01/random/base/zero/m4.dat
n100-set01	100	4	random	zero	1.000000	0.150000	4000.000000000	8000.000000000	42453.000000000	default-discount	data/n100-set01/random/base/zero/m4.dat	outsourcing-data/default-discount/rate-1/n100-set01/random/base/zero/m4.dat
n100-set01	100	4	random	zero	2.000000	0.150000	4000.000000000	8000.000000000	84906.000000000	default-discount	data/n100-set01/random/base/zero/m4.dat	outsourcing-data/default-discount/rate-2/n100-set01/random/base/zero/m4.dat
n100-set01	100	5	random	zero	0.500000	0.150000	4000.000000000	8000.000000000	21226.500000000	default-discount	data/n100-set01/random/base/zero/m5.dat	outsourcing-data/default-discount/rate-0.5/n100-set01/random/base/zero/m5.dat
n100-set01	100	5	random	zero	1.000000	0.150000	4000.000000000	8000.000000000	42453.000000000	default-discount	data/n100-set01/random/base/zero/m5.dat	outsourcing-data/default-discount/rate-1/n100-set01/random/base/zero/m5.dat
n100-set01	100	5	random	zero	2.000000	0.150000	4000.000000000	8000.000000000	84906.000000000	default-discount	data/n100-set01/random/base/zero/m5.dat	outsourcing-data/default-discount/rate-2/n100-set01/random/base/zero/m5.dat
n100-set01	100	3	random	narrow	0.500000	0.150000	4000.000000000	8000.000000000	21226.500000000	default-discount	data/n100-set01/random/base/narrow/m3.dat	outsourcing-data/default-discount/rate-0.5/n100-set01/random/base/narrow/m3.dat
n100-set01	100	3	random	narrow	1.000000	0.150000	4000.000000000	8000.000000000	42453.000000000	default-discount	data/n100-set01/random/base/narrow/m3.dat	outsourcing-data/default-discount/rate-1/n100-set01/random/base/narrow/m3.dat
n100-set01	100	3	random	narrow	2.000000	0.150000	4000.000000000	8000.000000000	84906.000000000	default-discount	data/n100-set01/random/base/narrow/m3.dat	outsourcing-data/default-discount/rate-2/n100-set01/random/base/narrow/m3.dat
n100-set01	100	4	random	narrow	0.500000	0.150000	4000.000000000	8000.000000000	21226.500000000	default-discount	data/n100-set01/random/base/narrow/m4.dat	outsourcing-data/default-discount/rate-0.5/n100-set01/random/base/narrow/m4.dat
n100-set01	100	4	random	narrow	1.000000	0.150000	4000.000000000	8000.000000000	42453.000000000	default-discount	data/n100-set01/random/base/narrow/m4.dat	outsourcing-data/default-discount/rate-1/n100-set01/random/base/narrow/m4.dat
n100-set01	100	4	random	narrow	2.000000	0.150000	4000.000000000	8000.000000000	84906.000000000	default-discount	data/n100-set01/random/base/narrow/m4.dat	outsourcing-data/default-discount/rate-2/n100-set01/random/base/narrow/m4.dat
n100-set01	100	5	random	narrow	0.500000	0.150000	4000.000000000	8000.000000000	21226.500000000	default-discount	data/n100-set01/random/base/narrow/m5.dat	outsourcing-data/default-discount/rate-0.5/n100-set01/random/base/narrow/m5.dat
n100-set01	100	5	random	narrow	1.000000	0.150000	4000.000000000	8000.000000000	42453.000000000	default-discount	data/n100-set01/random/base/narrow/m5.dat	outsourcing-data/default-discount/rate-1/n100-set01/random/base/narrow/m5.dat
n100-set01	100	5	random	narrow	2.000000	0.150000	4000.000000000	8000.000000000	84906.000000000	default-discount	data/n100-set01/random/base/narrow/m5.dat	outsourcing-data/default-discount/rate-2/n100-set01/random/base/narrow/m5.dat
n100-set01	100	3	random	wide	0.500000	0.150000	4000.000000000	8000.000000000	21226.500000000	default-discount	data/n100-set01/random/base/wide/m3.dat	outsourcing-data/default-discount/rate-0.5/n100-set01/random/base/wide/m3.dat
n100-set01	100	3	random	wide	1.000000	0.150000	4000.000000000	8000.000000000	42453.000000000	default-discount	data/n100-set01/random/base/wide/m3.dat	outsourcing-data/default-discount/rate-1/n100-set01/random/base/wide/m3.dat
n100-set01	100	3	random	wide	2.000000	0.150000	4000.000000000	8000.000000000	84906.000000000	default-discount	data/n100-set01/random/base/wide/m3.dat	outsourcing-data/default-discount/rate-2/n100-set01/random/base/wide/m3.dat
n100-set01	100	4	random	wide	0.500000	0.150000	4000.000000000	8000.000000000	21226.500000000	default-discount	data/n100-set01/random/base/wide/m4.dat	outsourcing-data/default-discount/rate-0.5/n100-set01/random/base/wide/m4.dat
n100-set01	100	4	random	wide	1.000000	0.150000	4000.000000000	8000.000000000	42453.000000000	default-discount	data/n100-set01/random/base/wide/m4.dat	outsourcing-data/default-discount/rate-1/n100-set01/random/base/wide/m4.dat
n100-set01	100	4	random	wide	2.000000	0.150000	4000.000000000	8000.000000000	84906.000000000	default-discount	data/n100-set01/random/base/wide/m4.dat	outsourcing-data/default-discount/rate-2/n100-set01/random/base/wide/m4.dat
n100-set01	100	5	random	wide	0.500000	0.150000	4000.000000000	8000.000000000	21226.500000000	default-discount	data/n100-set01/random/base/wide/m5.dat	outsourcing-data/default-discount/rate-0.5/n100-set01/random/base/wide/m5.dat
n100-set01	100	5	random	wide	1.000000	0.150000	4000.000000000	8000.000000000	42453.000000000	default-discount	data/n100-set01/random/base/wide/m5.dat	outsourcing-data/default-discount/rate-1/n100-set01/random/base/wide/m5.dat
n100-set01	100	5	random	wide	2.000000	0.150000	4000.000000000	8000.000000000	84906.000000000	default-discount	data/n100-set01/random/base/wide/m5.dat	outsourcing-data/default-discount/rate-2/n100-set01/random/base/wide/m5.dat
n100-set01	100	3	family	zero	0.500000	0.150000	4000.000000000	8000.000000000	21226.500000000	default-discount	data/n100-set01/family/base/zero/m3.dat	outsourcing-data/default-discount/rate-0.5/n100-set01/family/base/zero/m3.dat
n100-set01	100	3	family	zero	1.000000	0.150000	4000.000000000	8000.000000000	42453.000000000	default-discount	data/n100-set01/family/base/zero/m3.dat	outsourcing-data/default-discount/rate-1/n100-set01/family/base/zero/m3.dat
n100-set01	100	3	family	zero	2.000000	0.150000	4000.000000000	8000.000000000	84906.000000000	default-discount	data/n100-set01/family/base/zero/m3.dat	outsourcing-data/default-discount/rate-2/n100-set01/family/base/zero/m3.dat
n100-set01	100	4	family	zero	0.500000	0.150000	4000.000000000	8000.000000000	21226.500000000	default-discount	data/n100-set01/family/base/zero/m4.dat	outsourcing-data/default-discount/rate-0.5/n100-set01/family/base/zero/m4.dat
n100-set01	100	4	family	zero	1.000000	0.150000	4000.000000000	8000.000000000	42453.000000000	default-discount	data/n100-set01/family/base/zero/m4.dat	outsourcing-data/default-discount/rate-1/n100-set01/family/base/zero/m4.dat
n100-set01	100	4	family	zero	2.000000	0.150000	4000.000000000	8000.000000000	84906.000000000	default-discount	data/n100-set01/family/base/zero/m4.dat	outsourcing-data/default-discount/rate-2/n100-set01/family/base/zero/m4.dat
n100-set01	100	5	family	zero	0.500000	0.150000	4000.000000000	8000.000000000	21226.500000000	default-discount	data/n100-set01/family/base/zero/m5.dat	outsourcing-data/default-discount/rate-0.5/n100-set01/family/base/zero/m5.dat
n100-set01	100	5	family	zero	1.000000	0.150000	4000.000000000	8000.000000000	42453.000000000	default-discount	data/n100-set01/family/base/zero/m5.dat	outsourcing-data/default-discount/rate-1/n100-set01/family/base/zero/m5.dat
n100-set01	100	5	family	zero	2.000000	0.150000	4000.000000000	8000.000000000	84906.000000000	default-discount	data/n100-set01/family/base/zero/m5.dat	outsourcing-data/default-discount/rate-2/n100-set01/family/base/zero/m5.dat
n100-set01	100	3	family	narrow	0.500000	0.150000	4000.000000000	8000.000000000	21226.500000000	default-discount	data/n100-set01/family/base/narrow/m3.dat	outsourcing-data/default-discount/rate-0.5/n100-set01/family/base/narrow/m3.dat
n100-set01	100	3	family	narrow	1.000000	0.150000	4000.000000000	8000.000000000	42453.000000000	default-discount	data/n100-set01/family/base/narrow/m3.dat	outsourcing-data/default-discount/rate-1/n100-set01/family/base/narrow/m3.dat
n100-set01	100	3	family	narrow	2.000000	0.150000	4000.000000000	8000.000000000	84906.000000000	default-discount	data/n100-set01/family/base/narrow/m3.dat	outsourcing-data/default-discount/rate-2/n100-set01/family/base/narrow/m3.dat
n100-set01	100	4	family	narrow	0.500000	0.150000	4000.000000000	8000.000000000	21226.500000000	default-discount	data/n100-set01/family/base/narrow/m4.dat	outsourcing-data/default-discount/rate-0.5/n100-set01/family/base/narrow/m4.dat
n100-set01	100	4	family	narrow	1.000000	0.150000	4000.000000000	8000.000000000	42453.000000000	default-discount	data/n100-set01/family/base/narrow/m4.dat	outsourcing-data/default-discount/rate-1/n100-set01/family/base/narrow/m4.dat
n100-set01	100	4	family	narrow	2.000000	0.150000	4000.000000000	8000.000000000	84906.000000000	default-discount	data/n100-set01/family/base/narrow/m4.dat	outsourcing-data/default-discount/rate-2/n100-set01/family/base/narrow/m4.dat
n100-set01	100	5	family	narrow	0.500000	0.150000	4000.000000000	8000.000000000	21226.500000000	default-discount	data/n100-set01/family/base/narrow/m5.dat	outsourcing-data/default-discount/rate-0.5/n100-set01/family/base/narrow/m5.dat
n100-set01	100	5	family	narrow	1.000000	0.150000	4000.000000000	8000.000000000	42453.000000000	default-discount	data/n100-set01/family/base/narrow/m5.dat	outsourcing-data/default-discount/rate-1/n100-set01/family/base/narrow/m5.dat
n100-set01	100	5	family	narrow	2.000000	0.150000	4000.000000000	8000.000000000	84906.000000000	default-discount	data/n100-set01/family/base/narrow/m5.dat	outsourcing-data/default-discount/rate-2/n100-set01/family/base/narrow/m5.dat
n100-set01	100	3	family	wide	0.500000	0.150000	4000.000000000	8000.000000000	21226.500000000	default-discount	data/n100-set01/family/base/wide/m3.dat	outsourcing-data/default-discount/rate-0.5/n100-set01/family/base/wide/m3.dat
n100-set01	100	3	family	wide	1.000000	0.150000	4000.000000000	8000.000000000	42453.000000000	default-discount	data/n100-set01/family/base/wide/m3.dat	outsourcing-data/default-discount/rate-1/n100-set01/family/base/wide/m3.dat
n100-set01	100	3	family	wide	2.000000	0.150000	4000.000000000	8000.000000000	84906.000000000	default-discount	data/n100-set01/family/base/wide/m3.dat	outsourcing-data/default-discount/rate-2/n100-set01/family/base/wide/m3.dat
n100-set01	100	4	family	wide	0.500000	0.150000	4000.000000000	8000.000000000	21226.500000000	default-discount	data/n100-set01/family/base/wide/m4.dat	outsourcing-data/default-discount/rate-0.5/n100-set01/family/base/wide/m4.dat
n100-set01	100	4	family	wide	1.000000	0.150000	4000.000000000	8000.000000000	42453.000000000	default-discount	data/n100-set01/family/base/wide/m4.dat	outsourcing-data/default-discount/rate-1/n100-set01/family/base/wide/m4.dat
n100-set01	100	4	family	wide	2.000000	0.150000	4000.000000000	8000.000000000	84906.000000000	default-discount	data/n100-set01/family/base/wide/m4.dat	outsourcing-data/default-discount/rate-2/n100-set01/family/base/wide/m4.dat
n100-set01	100	5	family	wide	0.500000	0.150000	4000.000000000	8000.000000000	21226.500000000	default-discount	data/n100-set01/family/base/wide/m5.dat	outsourcing-data/default-discount/rate-0.5/n100-set01/family/base/wide/m5.dat
n100-set01	100	5	family	wide	1.000000	0.150000	4000.000000000	8000.000000000	42453.000000000	default-discount	data/n100-set01/family/base/wide/m5.dat	outsourcing-data/default-discount/rate-1/n100-set01/family/base/wide/m5.dat
n100-set01	100	5	family	wide	2.000000	0.150000	4000.000000000	8000.000000000	84906.000000000	default-discount	data/n100-set01/family/base/wide/m5.dat	outsourcing-data/default-discount/rate-2/n100-set01/family/base/wide/m5.dat
n100-set02	100	3	random	zero	0.500000	0.150000	4000.000000000	8000.000000000	19513.000000000	default-discount	data/n100-set02/random/base/zero/m3.dat	outsourcing-data/default-discount/rate-0.5/n100-set02/random/base/zero/m3.dat
n100-set02	100	3	random	zero	1.000000	0.150000	4000.000000000	8000.000000000	39026.000000000	default-discount	data/n100-set02/random/base/zero/m3.dat	outsourcing-data/default-discount/rate-1/n100-set02/random/base/zero/m3.dat
n100-set02	100	3	random	zero	2.000000	0.150000	4000.000000000	8000.000000000	78052.000000000	default-discount	data/n100-set02/random/base/zero/m3.dat	outsourcing-data/default-discount/rate-2/n100-set02/random/base/zero/m3.dat
n100-set02	100	4	random	zero	0.500000	0.150000	4000.000000000	8000.000000000	19513.000000000	default-discount	data/n100-set02/random/base/zero/m4.dat	outsourcing-data/default-discount/rate-0.5/n100-set02/random/base/zero/m4.dat
n100-set02	100	4	random	zero	1.000000	0.150000	4000.000000000	8000.000000000	39026.000000000	default-discount	data/n100-set02/random/base/zero/m4.dat	outsourcing-data/default-discount/rate-1/n100-set02/random/base/zero/m4.dat
n100-set02	100	4	random	zero	2.000000	0.150000	4000.000000000	8000.000000000	78052.000000000	default-discount	data/n100-set02/random/base/zero/m4.dat	outsourcing-data/default-discount/rate-2/n100-set02/random/base/zero/m4.dat
n100-set02	100	5	random	zero	0.500000	0.150000	4000.000000000	8000.000000000	19513.000000000	default-discount	data/n100-set02/random/base/zero/m5.dat	outsourcing-data/default-discount/rate-0.5/n100-set02/random/base/zero/m5.dat
n100-set02	100	5	random	zero	1.000000	0.150000	4000.000000000	8000.000000000	39026.000000000	default-discount	data/n100-set02/random/base/zero/m5.dat	outsourcing-data/default-discount/rate-1/n100-set02/random/base/zero/m5.dat
n100-set02	100	5	random	zero	2.000000	0.150000	4000.000000000	8000.000000000	78052.000000000	default-discount	data/n100-set02/random/base/zero/m5.dat	outsourcing-data/default-discount/rate-2/n100-set02/random/base/zero/m5.dat
n100-set02	100	3	random	narrow	0.500000	0.150000	4000.000000000	8000.000000000	19513.000000000	default-discount	data/n100-set02/random/base/narrow/m3.dat	outsourcing-data/default-discount/rate-0.5/n100-set02/random/base/narrow/m3.dat
n100-set02	100	3	random	narrow	1.000000	0.150000	4000.000000000	8000.000000000	39026.000000000	default-discount	data/n100-set02/random/base/narrow/m3.dat	outsourcing-data/default-discount/rate-1/n100-set02/random/base/narrow/m3.dat
n100-set02	100	3	random	narrow	2.000000	0.150000	4000.000000000	8000.000000000	78052.000000000	default-discount	data/n100-set02/random/base/narrow/m3.dat	outsourcing-data/default-discount/rate-2/n100-set02/random/base/narrow/m3.dat
n100-set02	100	4	random	narrow	0.500000	0.150000	4000.000000000	8000.000000000	19513.000000000	default-discount	data/n100-set02/random/base/narrow/m4.dat	outsourcing-data/default-discount/rate-0.5/n100-set02/random/base/narrow/m4.dat
n100-set02	100	4	random	narrow	1.000000	0.150000	4000.000000000	8000.000000000	39026.000000000	default-discount	data/n100-set02/random/base/narrow/m4.dat	outsourcing-data/default-discount/rate-1/n100-set02/random/base/narrow/m4.dat
n100-set02	100	4	random	narrow	2.000000	0.150000	4000.000000000	8000.000000000	78052.000000000	default-discount	data/n100-set02/random/base/narrow/m4.dat	outsourcing-data/default-discount/rate-2/n100-set02/random/base/narrow/m4.dat
n100-set02	100	5	random	narrow	0.500000	0.150000	4000.000000000	8000.000000000	19513.000000000	default-discount	data/n100-set02/random/base/narrow/m5.dat	outsourcing-data/default-discount/rate-0.5/n100-set02/random/base/narrow/m5.dat
n100-set02	100	5	random	narrow	1.000000	0.150000	4000.000000000	8000.000000000	39026.000000000	default-discount	data/n100-set02/random/base/narrow/m5.dat	outsourcing-data/default-discount/rate-1/n100-set02/random/base/narrow/m5.dat
n100-set02	100	5	random	narrow	2.000000	0.150000	4000.000000000	8000.000000000	78052.000000000	default-discount	data/n100-set02/random/base/narrow/m5.dat	outsourcing-data/default-discount/rate-2/n100-set02/random/base/narrow/m5.dat
n100-set02	100	3	random	wide	0.500000	0.150000	4000.000000000	8000.000000000	19513.000000000	default-discount	data/n100-set02/random/base/wide/m3.dat	outsourcing-data/default-discount/rate-0.5/n100-set02/random/base/wide/m3.dat
n100-set02	100	3	random	wide	1.000000	0.150000	4000.000000000	8000.000000000	39026.000000000	default-discount	data/n100-set02/random/base/wide/m3.dat	outsourcing-data/default-discount/rate-1/n100-set02/random/base/wide/m3.dat
n100-set02	100	3	random	wide	2.000000	0.150000	4000.000000000	8000.000000000	78052.000000000	default-discount	data/n100-set02/random/base/wide/m3.dat	outsourcing-data/default-discount/rate-2/n100-set02/random/base/wide/m3.dat
n100-set02	100	4	random	wide	0.500000	0.150000	4000.000000000	8000.000000000	19513.000000000	default-discount	data/n100-set02/random/base/wide/m4.dat	outsourcing-data/default-discount/rate-0.5/n100-set02/random/base/wide/m4.dat
n100-set02	100	4	random	wide	1.000000	0.150000	4000.000000000	8000.000000000	39026.000000000	default-discount	data/n100-set02/random/base/wide/m4.dat	outsourcing-data/default-discount/rate-1/n100-set02/random/base/wide/m4.dat
n100-set02	100	4	random	wide	2.000000	0.150000	4000.000000000	8000.000000000	78052.000000000	default-discount	data/n100-set02/random/base/wide/m4.dat	outsourcing-data/default-discount/rate-2/n100-set02/random/base/wide/m4.dat
n100-set02	100	5	random	wide	0.500000	0.150000	4000.000000000	8000.000000000	19513.000000000	default-discount	data/n100-set02/random/base/wide/m5.dat	outsourcing-data/default-discount/rate-0.5/n100-set02/random/base/wide/m5.dat
n100-set02	100	5	random	wide	1.000000	0.150000	4000.000000000	8000.000000000	39026.000000000	default-discount	data/n100-set02/random/base/wide/m5.dat	outsourcing-data/default-discount/rate-1/n100-set02/random/base/wide/m5.dat
n100-set02	100	5	random	wide	2.000000	0.150000	4000.000000000	8000.000000000	78052.000000000	default-discount	data/n100-set02/random/base/wide/m5.dat	outsourcing-data/default-discount/rate-2/n100-set02/random/base/wide/m5.dat
n100-set02	100	3	family	zero	0.500000	0.150000	4000.000000000	8000.000000000	19513.000000000	default-discount	data/n100-set02/family/base/zero/m3.dat	outsourcing-data/default-discount/rate-0.5/n100-set02/family/base/zero/m3.dat
n100-set02	100	3	family	zero	1.000000	0.150000	4000.000000000	8000.000000000	39026.000000000	default-discount	data/n100-set02/family/base/zero/m3.dat	outsourcing-data/default-discount/rate-1/n100-set02/family/base/zero/m3.dat
n100-set02	100	3	family	zero	2.000000	0.150000	4000.000000000	8000.000000000	78052.000000000	default-discount	data/n100-set02/family/base/zero/m3.dat	outsourcing-data/default-discount/rate-2/n100-set02/family/base/zero/m3.dat
n100-set02	100	4	family	zero	0.500000	0.150000	4000.000000000	8000.000000000	19513.000000000	default-discount	data/n100-set02/family/base/zero/m4.dat	outsourcing-data/default-discount/rate-0.5/n100-set02/family/base/zero/m4.dat
n100-set02	100	4	family	zero	1.000000	0.150000	4000.000000000	8000.000000000	39026.000000000	default-discount	data/n100-set02/family/base/zero/m4.dat	outsourcing-data/default-discount/rate-1/n100-set02/family/base/zero/m4.dat
n100-set02	100	4	family	zero	2.000000	0.150000	4000.000000000	8000.000000000	78052.000000000	default-discount	data/n100-set02/family/base/zero/m4.dat	outsourcing-data/default-discount/rate-2/n100-set02/family/base/zero/m4.dat
n100-set02	100	5	family	zero	0.500000	0.150000	4000.000000000	8000.000000000	19513.000000000	default-discount	data/n100-set02/family/base/zero/m5.dat	outsourcing-data/default-discount/rate-0.5/n100-set02/family/base/zero/m5.dat
n100-set02	100	5	family	zero	1.000000	0.150000	4000.000000000	8000.000000000	39026.000000000	default-discount	data/n100-set02/family/base/zero/m5.dat	outsourcing-data/default-discount/rate-1/n100-set02/family/base/zero/m5.dat
n100-set02	100	5	family	zero	2.000000	0.150000	4000.000000000	8000.000000000	78052.000000000	default-discount	data/n100-set02/family/base/zero/m5.dat	outsourcing-data/default-discount/rate-2/n100-set02/family/base/zero/m5.dat
n100-set02	100	3	family	narrow	0.500000	0.150000	4000.000000000	8000.000000000	19513.000000000	default-discount	data/n100-set02/family/base/narrow/m3.dat	outsourcing-data/default-discount/rate-0.5/n100-set02/family/base/narrow/m3.dat
n100-set02	100	3	family	narrow	1.000000	0.150000	4000.000000000	8000.000000000	39026.000000000	default-discount	data/n100-set02/family/base/narrow/m3.dat	outsourcing-data/default-discount/rate-1/n100-set02/family/base/narrow/m3.dat
n100-set02	100	3	family	narrow	2.000000	0.150000	4000.000000000	8000.000000000	78052.000000000	default-discount	data/n100-set02/family/base/narrow/m3.dat	outsourcing-data/default-discount/rate-2/n100-set02/family/base/narrow/m3.dat
n100-set02	100	4	family	narrow	0.500000	0.150000	4000.000000000	8000.000000000	19513.000000000	default-discount	data/n100-set02/family/base/narrow/m4.dat	outsourcing-data/default-discount/rate-0.5/n100-set02/family/base/narrow/m4.dat
n100-set02	100	4	family	narrow	1.000000	0.150000	4000.000000000	8000.000000000	39026.000000000	default-discount	data/n100-set02/family/base/narrow/m4.dat	outsourcing-data/default-discount/rate-1/n100-set02/family/base/narrow/m4.dat
n100-set02	100	4	family	narrow	2.000000	0.150000	4000.000000000	8000.000000000	78052.000000000	default-discount	data/n100-set02/family/base/narrow/m4.dat	outsourcing-data/default-discount/rate-2/n100-set02/family/base/narrow/m4.dat
n100-set02	100	5	family	narrow	0.500000	0.150000	4000.000000000	8000.000000000	19513.000000000	default-discount	data/n100-set02/family/base/narrow/m5.dat	outsourcing-data/default-discount/rate-0.5/n100-set02/family/base/narrow/m5.dat
n100-set02	100	5	family	narrow	1.000000	0.150000	4000.000000000	8000.000000000	39026.000000000	default-discount	data/n100-set02/family/base/narrow/m5.dat	outsourcing-data/default-discount/rate-1/n100-set02/family/base/narrow/m5.dat
n100-set02	100	5	family	narrow	2.000000	0.150000	4000.000000000	8000.000000000	78052.000000000	default-discount	data/n100-set02/family/base/narrow/m5.dat	outsourcing-data/default-discount/rate-2/n100-set02/family/base/narrow/m5.dat
n100-set02	100	3	family	wide	0.500000	0.150000	4000.000000000	8000.000000000	19513.000000000	default-discount	data/n100-set02/family/base/wide/m3.dat	outsourcing-data/default-discount/rate-0.5/n100-set02/family/base/wide/m3.dat
n100-set02	100	3	family	wide	1.000000	0.150000	4000.000000000	8000.000000000	39026.000000000	default-discount	data/n100-set02/family/base/wide/m3.dat	outsourcing-data/default-discount/rate-1/n100-set02/family/base/wide/m3.dat
n100-set02	100	3	family	wide	2.000000	0.150000	4000.000000000	8000.000000000	78052.000000000	default-discount	data/n100-set02/family/base/wide/m3.dat	outsourcing-data/default-discount/rate-2/n100-set02/family/base/wide/m3.dat
n100-set02	100	4	family	wide	0.500000	0.150000	4000.000000000	8000.000000000	19513.000000000	default-discount	data/n100-set02/family/base/wide/m4.dat	outsourcing-data/default-discount/rate-0.5/n100-set02/family/base/wide/m4.dat
n100-set02	100	4	family	wide	1.000000	0.150000	4000.000000000	8000.000000000	39026.000000000	default-discount	data/n100-set02/family/base/wide/m4.dat	outsourcing-data/default-discount/rate-1/n100-set02/family/base/wide/m4.dat
n100-set02	100	4	family	wide	2.000000	0.150000	4000.000000000	8000.000000000	78052.000000000	default-discount	data/n100-set02/family/base/wide/m4.dat	outsourcing-data/default-discount/rate-2/n100-set02/family/base/wide/m4.dat
n100-set02	100	5	family	wide	0.500000	0.150000	4000.000000000	8000.000000000	19513.000000000	default-discount	data/n100-set02/family/base/wide/m5.dat	outsourcing-data/default-discount/rate-0.5/n100-set02/family/base/wide/m5.dat
n100-set02	100	5	family	wide	1.000000	0.150000	4000.000000000	8000.000000000	39026.000000000	default-discount	data/n100-set02/family/base/wide/m5.dat	outsourcing-data/default-discount/rate-1/n100-set02/family/base/wide/m5.dat
n100-set02	100	5	family	wide	2.000000	0.150000	4000.000000000	8000.000000000	78052.000000000	default-discount	data/n100-set02/family/base/wide/m5.dat	outsourcing-data/default-discount/rate-2/n100-set02/family/base/wide/m5.dat
n100-set03	100	3	random	zero	0.500000	0.150000	4000.000000000	8000.000000000	18314.500000000	default-discount	data/n100-set03/random/base/zero/m3.dat	outsourcing-data/default-discount/rate-0.5/n100-set03/random/base/zero/m3.dat
n100-set03	100	3	random	zero	1.000000	0.150000	4000.000000000	8000.000000000	36629.000000000	default-discount	data/n100-set03/random/base/zero/m3.dat	outsourcing-data/default-discount/rate-1/n100-set03/random/base/zero/m3.dat
n100-set03	100	3	random	zero	2.000000	0.150000	4000.000000000	8000.000000000	73258.000000000	default-discount	data/n100-set03/random/base/zero/m3.dat	outsourcing-data/default-discount/rate-2/n100-set03/random/base/zero/m3.dat
n100-set03	100	4	random	zero	0.500000	0.150000	4000.000000000	8000.000000000	18314.500000000	default-discount	data/n100-set03/random/base/zero/m4.dat	outsourcing-data/default-discount/rate-0.5/n100-set03/random/base/zero/m4.dat
n100-set03	100	4	random	zero	1.000000	0.150000	4000.000000000	8000.000000000	36629.000000000	default-discount	data/n100-set03/random/base/zero/m4.dat	outsourcing-data/default-discount/rate-1/n100-set03/random/base/zero/m4.dat
n100-set03	100	4	random	zero	2.000000	0.150000	4000.000000000	8000.000000000	73258.000000000	default-discount	data/n100-set03/random/base/zero/m4.dat	outsourcing-data/default-discount/rate-2/n100-set03/random/base/zero/m4.dat
n100-set03	100	5	random	zero	0.500000	0.150000	4000.000000000	8000.000000000	18314.500000000	default-discount	data/n100-set03/random/base/zero/m5.dat	outsourcing-data/default-discount/rate-0.5/n100-set03/random/base/zero/m5.dat
n100-set03	100	5	random	zero	1.000000	0.150000	4000.000000000	8000.000000000	36629.000000000	default-discount	data/n100-set03/random/base/zero/m5.dat	outsourcing-data/default-discount/rate-1/n100-set03/random/base/zero/m5.dat
n100-set03	100	5	random	zero	2.000000	0.150000	4000.000000000	8000.000000000	73258.000000000	default-discount	data/n100-set03/random/base/zero/m5.dat	outsourcing-data/default-discount/rate-2/n100-set03/random/base/zero/m5.dat
n100-set03	100	3	random	narrow	0.500000	0.150000	4000.000000000	8000.000000000	18314.500000000	default-discount	data/n100-set03/random/base/narrow/m3.dat	outsourcing-data/default-discount/rate-0.5/n100-set03/random/base/narrow/m3.dat
n100-set03	100	3	random	narrow	1.000000	0.150000	4000.000000000	8000.000000000	36629.000000000	default-discount	data/n100-set03/random/base/narrow/m3.dat	outsourcing-data/default-discount/rate-1/n100-set03/random/base/narrow/m3.dat
n100-set03	100	3	random	narrow	2.000000	0.150000	4000.000000000	8000.000000000	73258.000000000	default-discount	data/n100-set03/random/base/narrow/m3.dat	outsourcing-data/default-discount/rate-2/n100-set03/random/base/narrow/m3.dat
n100-set03	100	4	random	narrow	0.500000	0.150000	4000.000000000	8000.000000000	18314.500000000	default-discount	data/n100-set03/random/base/narrow/m4.dat	outsourcing-data/default-discount/rate-0.5/n100-set03/random/base/narrow/m4.dat
n100-set03	100	4	random	narrow	1.000000	0.150000	4000.000000000	8000.000000000	36629.000000000	default-discount	data/n100-set03/random/base/narrow/m4.dat	outsourcing-data/default-discount/rate-1/n100-set03/random/base/narrow/m4.dat
n100-set03	100	4	random	narrow	2.000000	0.150000	4000.000000000	8000.000000000	73258.000000000	default-discount	data/n100-set03/random/base/narrow/m4.dat	outsourcing-data/default-discount/rate-2/n100-set03/random/base/narrow/m4.dat
n100-set03	100	5	random	narrow	0.500000	0.150000	4000.000000000	8000.000000000	18314.500000000	default-discount	data/n100-set03/random/base/narrow/m5.dat	outsourcing-data/default-discount/rate-0.5/n100-set03/random/base/narrow/m5.dat
n100-set03	100	5	random	narrow	1.000000	0.150000	4000.000000000	8000.000000000	36629.000000000	default-discount	data/n100-set03/random/base/narrow/m5.dat	outsourcing-data/default-discount/rate-1/n100-set03/random/base/narrow/m5.dat
n100-set03	100	5	random	narrow	2.000000	0.150000	4000.000000000	8000.000000000	73258.000000000	default-discount	data/n100-set03/random/base/narrow/m5.dat	outsourcing-data/default-discount/rate-2/n100-set03/random/base/narrow/m5.dat
n100-set03	100	3	random	wide	0.500000	0.150000	4000.000000000	8000.000000000	18314.500000000	default-discount	data/n100-set03/random/base/wide/m3.dat	outsourcing-data/default-discount/rate-0.5/n100-set03/random/base/wide/m3.dat
n100-set03	100	3	random	wide	1.000000	0.150000	4000.000000000	8000.000000000	36629.000000000	default-discount	data/n100-set03/random/base/wide/m3.dat	outsourcing-data/default-discount/rate-1/n100-set03/random/base/wide/m3.dat
n100-set03	100	3	random	wide	2.000000	0.150000	4000.000000000	8000.000000000	73258.000000000	default-discount	data/n100-set03/random/base/wide/m3.dat	outsourcing-data/default-discount/rate-2/n100-set03/random/base/wide/m3.dat
n100-set03	100	4	random	wide	0.500000	0.150000	4000.000000000	8000.000000000	18314.500000000	default-discount	data/n100-set03/random/base/wide/m4.dat	outsourcing-data/default-discount/rate-0.5/n100-set03/random/base/wide/m4.dat
n100-set03	100	4	random	wide	1.000000	0.150000	4000.000000000	8000.000000000	36629.000000000	default-discount	data/n100-set03/random/base/wide/m4.dat	outsourcing-data/default-discount/rate-1/n100-set03/random/base/wide/m4.dat
n100-set03	100	4	random	wide	2.000000	0.150000	4000.000000000	8000.000000000	73258.000000000	default-discount	data/n100-set03/random/base/wide/m4.dat	outsourcing-data/default-discount/rate-2/n100-set03/random/base/wide/m4.dat
n100-set03	100	5	random	wide	0.500000	0.150000	4000.000000000	8000.000000000	18314.500000000	default-discount	data/n100-set03/random/base/wide/m5.dat	outsourcing-data/default-discount/rate-0.5/n100-set03/random/base/wide/m5.dat
n100-set03	100	5	random	wide	1.000000	0.150000	4000.000000000	8000.000000000	36629.000000000	default-discount	data/n100-set03/random/base/wide/m5.dat	outsourcing-data/default-discount/rate-1/n100-set03/random/base/wide/m5.dat
n100-set03	100	5	random	wide	2.000000	0.150000	4000.000000000	8000.000000000	73258.000000000	default-discount	data/n100-set03/random/base/wide/m5.dat	outsourcing-data/default-discount/rate-2/n100-set03/random/base/wide/m5.dat
n100-set03	100	3	family	zero	0.500000	0.150000	4000.000000000	8000.000000000	18314.500000000	default-discount	data/n100-set03/family/base/zero/m3.dat	outsourcing-data/default-discount/rate-0.5/n100-set03/family/base/zero/m3.dat
n100-set03	100	3	family	zero	1.000000	0.150000	4000.000000000	8000.000000000	36629.000000000	default-discount	data/n100-set03/family/base/zero/m3.dat	outsourcing-data/default-discount/rate-1/n100-set03/family/base/zero/m3.dat
n100-set03	100	3	family	zero	2.000000	0.150000	4000.000000000	8000.000000000	73258.000000000	default-discount	data/n100-set03/family/base/zero/m3.dat	outsourcing-data/default-discount/rate-2/n100-set03/family/base/zero/m3.dat
n100-set03	100	4	family	zero	0.500000	0.150000	4000.000000000	8000.000000000	18314.500000000	default-discount	data/n100-set03/family/base/zero/m4.dat	outsourcing-data/default-discount/rate-0.5/n100-set03/family/base/zero/m4.dat
n100-set03	100	4	family	zero	1.000000	0.150000	4000.000000000	8000.000000000	36629.000000000	default-discount	data/n100-set03/family/base/zero/m4.dat	outsourcing-data/default-discount/rate-1/n100-set03/family/base/zero/m4.dat
n100-set03	100	4	family	zero	2.000000	0.150000	4000.000000000	8000.000000000	73258.000000000	default-discount	data/n100-set03/family/base/zero/m4.dat	outsourcing-data/default-discount/rate-2/n100-set03/family/base/zero/m4.dat
n100-set03	100	5	family	zero	0.500000	0.150000	4000.000000000	8000.000000000	18314.500000000	default-discount	data/n100-set03/family/base/zero/m5.dat	outsourcing-data/default-discount/rate-0.5/n100-set03/family/base/zero/m5.dat
n100-set03	100	5	family	zero	1.000000	0.150000	4000.000000000	8000.000000000	36629.000000000	default-discount	data/n100-set03/family/base/zero/m5.dat	outsourcing-data/default-discount/rate-1/n100-set03/family/base/zero/m5.dat
n100-set03	100	5	family	zero	2.000000	0.150000	4000.000000000	8000.000000000	73258.000000000	default-discount	data/n100-set03/family/base/zero/m5.dat	outsourcing-data/default-discount/rate-2/n100-set03/family/base/zero/m5.dat
n100-set03	100	3	family	narrow	0.500000	0.150000	4000.000000000	8000.000000000	18314.500000000	default-discount	data/n100-set03/family/base/narrow/m3.dat	outsourcing-data/default-discount/rate-0.5/n100-set03/family/base/narrow/m3.dat
n100-set03	100	3	family	narrow	1.000000	0.150000	4000.000000000	8000.000000000	36629.000000000	default-discount	data/n100-set03/family/base/narrow/m3.dat	outsourcing-data/default-discount/rate-1/n100-set03/family/base/narrow/m3.dat
n100-set03	100	3	family	narrow	2.000000	0.150000	4000.000000000	8000.000000000	73258.000000000	default-discount	data/n100-set03/family/base/narrow/m3.dat	outsourcing-data/default-discount/rate-2/n100-set03/family/base/narrow/m3.dat
n100-set03	100	4	family	narrow	0.500000	0.150000	4000.000000000	8000.000000000	18314.500000000	default-discount	data/n100-set03/family/base/narrow/m4.dat	outsourcing-data/default-discount/rate-0.5/n100-set03/family/base/narrow/m4.dat
n100-set03	100	4	family	narrow	1.000000	0.150000	4000.000000000	8000.000000000	36629.000000000	default-discount	data/n100-set03/family/base/narrow/m4.dat	outsourcing-data/default-discount/rate-1/n100-set03/family/base/narrow/m4.dat
n100-set03	100	4	family	narrow	2.000000	0.150000	4000.000000000	8000.000000000	73258.000000000	default-discount	data/n100-set03/family/base/narrow/m4.dat	outsourcing-data/default-discount/rate-2/n100-set03/family/base/narrow/m4.dat
n100-set03	100	5	family	narrow	0.500000	0.150000	4000.000000000	8000.000000000	18314.500000000	default-discount	data/n100-set03/family/base/narrow/m5.dat	outsourcing-data/default-discount/rate-0.5/n100-set03/family/base/narrow/m5.dat
n100-set03	100	5	family	narrow	1.000000	0.150000	4000.000000000	8000.000000000	36629.000000000	default-discount	data/n100-set03/family/base/narrow/m5.dat	outsourcing-data/default-discount/rate-1/n100-set03/family/base/narrow/m5.dat
n100-set03	100	5	family	narrow	2.000000	0.150000	4000.000000000	8000.000000000	73258.000000000	default-discount	data/n100-set03/family/base/narrow/m5.dat	outsourcing-data/default-discount/rate-2/n100-set03/family/base/narrow/m5.dat
n100-set03	100	3	family	wide	0.500000	0.150000	4000.000000000	8000.000000000	18314.500000000	default-discount	data/n100-set03/family/base/wide/m3.dat	outsourcing-data/default-discount/rate-0.5/n100-set03/family/base/wide/m3.dat
n100-set03	100	3	family	wide	1.000000	0.150000	4000.000000000	8000.000000000	36629.000000000	default-discount	data/n100-set03/family/base/wide/m3.dat	outsourcing-data/default-discount/rate-1/n100-set03/family/base/wide/m3.dat
n100-set03	100	3	family	wide	2.000000	0.150000	4000.000000000	8000.000000000	73258.000000000	default-discount	data/n100-set03/family/base/wide/m3.dat	outsourcing-data/default-discount/rate-2/n100-set03/family/base/wide/m3.dat
n100-set03	100	4	family	wide	0.500000	0.150000	4000.000000000	8000.000000000	18314.500000000	default-discount	data/n100-set03/family/base/wide/m4.dat	outsourcing-data/default-discount/rate-0.5/n100-set03/family/base/wide/m4.dat
n100-set03	100	4	family	wide	1.000000	0.150000	4000.000000000	8000.000000000	36629.000000000	default-discount	data/n100-set03/family/base/wide/m4.dat	outsourcing-data/default-discount/rate-1/n100-set03/family/base/wide/m4.dat
n100-set03	100	4	family	wide	2.000000	0.150000	4000.000000000	8000.000000000	73258.000000000	default-discount	data/n100-set03/family/base/wide/m4.dat	outsourcing-data/default-discount/rate-2/n100-set03/family/base/wide/m4.dat
n100-set03	100	5	family	wide	0.500000	0.150000	4000.000000000	8000.000000000	18314.500000000	default-discount	data/n100-set03/family/base/wide/m5.dat	outsourcing-data/default-discount/rate-0.5/n100-set03/family/base/wide/m5.dat
n100-set03	100	5	family	wide	1.000000	0.150000	4000.000000000	8000.000000000	36629.000000000	default-discount	data/n100-set03/family/base/wide/m5.dat	outsourcing-data/default-discount/rate-1/n100-set03/family/base/wide/m5.dat
n100-set03	100	5	family	wide	2.000000	0.150000	4000.000000000	8000.000000000	73258.000000000	default-discount	data/n100-set03/family/base/wide/m5.dat	outsourcing-data/default-discount/rate-2/n100-set03/family/base/wide/m5.dat
n100-set04	100	3	random	zero	0.500000	0.150000	4000.000000000	8000.000000000	19931.500000000	default-discount	data/n100-set04/random/base/zero/m3.dat	outsourcing-data/default-discount/rate-0.5/n100-set04/random/base/zero/m3.dat
n100-set04	100	3	random	zero	1.000000	0.150000	4000.000000000	8000.000000000	39863.000000000	default-discount	data/n100-set04/random/base/zero/m3.dat	outsourcing-data/default-discount/rate-1/n100-set04/random/base/zero/m3.dat
n100-set04	100	3	random	zero	2.000000	0.150000	4000.000000000	8000.000000000	79726.000000000	default-discount	data/n100-set04/random/base/zero/m3.dat	outsourcing-data/default-discount/rate-2/n100-set04/random/base/zero/m3.dat
n100-set04	100	4	random	zero	0.500000	0.150000	4000.000000000	8000.000000000	19931.500000000	default-discount	data/n100-set04/random/base/zero/m4.dat	outsourcing-data/default-discount/rate-0.5/n100-set04/random/base/zero/m4.dat
n100-set04	100	4	random	zero	1.000000	0.150000	4000.000000000	8000.000000000	39863.000000000	default-discount	data/n100-set04/random/base/zero/m4.dat	outsourcing-data/default-discount/rate-1/n100-set04/random/base/zero/m4.dat
n100-set04	100	4	random	zero	2.000000	0.150000	4000.000000000	8000.000000000	79726.000000000	default-discount	data/n100-set04/random/base/zero/m4.dat	outsourcing-data/default-discount/rate-2/n100-set04/random/base/zero/m4.dat
n100-set04	100	5	random	zero	0.500000	0.150000	4000.000000000	8000.000000000	19931.500000000	default-discount	data/n100-set04/random/base/zero/m5.dat	outsourcing-data/default-discount/rate-0.5/n100-set04/random/base/zero/m5.dat
n100-set04	100	5	random	zero	1.000000	0.150000	4000.000000000	8000.000000000	39863.000000000	default-discount	data/n100-set04/random/base/zero/m5.dat	outsourcing-data/default-discount/rate-1/n100-set04/random/base/zero/m5.dat
n100-set04	100	5	random	zero	2.000000	0.150000	4000.000000000	8000.000000000	79726.000000000	default-discount	data/n100-set04/random/base/zero/m5.dat	outsourcing-data/default-discount/rate-2/n100-set04/random/base/zero/m5.dat
n100-set04	100	3	random	narrow	0.500000	0.150000	4000.000000000	8000.000000000	19931.500000000	default-discount	data/n100-set04/random/base/narrow/m3.dat	outsourcing-data/default-discount/rate-0.5/n100-set04/random/base/narrow/m3.dat
n100-set04	100	3	random	narrow	1.000000	0.150000	4000.000000000	8000.000000000	39863.000000000	default-discount	data/n100-set04/random/base/narrow/m3.dat	outsourcing-data/default-discount/rate-1/n100-set04/random/base/narrow/m3.dat
n100-set04	100	3	random	narrow	2.000000	0.150000	4000.000000000	8000.000000000	79726.000000000	default-discount	data/n100-set04/random/base/narrow/m3.dat	outsourcing-data/default-discount/rate-2/n100-set04/random/base/narrow/m3.dat
n100-set04	100	4	random	narrow	0.500000	0.150000	4000.000000000	8000.000000000	19931.500000000	default-discount	data/n100-set04/random/base/narrow/m4.dat	outsourcing-data/default-discount/rate-0.5/n100-set04/random/base/narrow/m4.dat
n100-set04	100	4	random	narrow	1.000000	0.150000	4000.000000000	8000.000000000	39863.000000000	default-discount	data/n100-set04/random/base/narrow/m4.dat	outsourcing-data/default-discount/rate-1/n100-set04/random/base/narrow/m4.dat
n100-set04	100	4	random	narrow	2.000000	0.150000	4000.000000000	8000.000000000	79726.000000000	default-discount	data/n100-set04/random/base/narrow/m4.dat	outsourcing-data/default-discount/rate-2/n100-set04/random/base/narrow/m4.dat
n100-set04	100	5	random	narrow	0.500000	0.150000	4000.000000000	8000.000000000	19931.500000000	default-discount	data/n100-set04/random/base/narrow/m5.dat	outsourcing-data/default-discount/rate-0.5/n100-set04/random/base/narrow/m5.dat
n100-set04	100	5	random	narrow	1.000000	0.150000	4000.000000000	8000.000000000	39863.000000000	default-discount	data/n100-set04/random/base/narrow/m5.dat	outsourcing-data/default-discount/rate-1/n100-set04/random/base/narrow/m5.dat
n100-set04	100	5	random	narrow	2.000000	0.150000	4000.000000000	8000.000000000	79726.000000000	default-discount	data/n100-set04/random/base/narrow/m5.dat	outsourcing-data/default-discount/rate-2/n100-set04/random/base/narrow/m5.dat
n100-set04	100	3	random	wide	0.500000	0.150000	4000.000000000	8000.000000000	19931.500000000	default-discount	data/n100-set04/random/base/wide/m3.dat	outsourcing-data/default-discount/rate-0.5/n100-set04/random/base/wide/m3.dat
n100-set04	100	3	random	wide	1.000000	0.150000	4000.000000000	8000.000000000	39863.000000000	default-discount	data/n100-set04/random/base/wide/m3.dat	outsourcing-data/default-discount/rate-1/n100-set04/random/base/wide/m3.dat
n100-set04	100	3	random	wide	2.000000	0.150000	4000.000000000	8000.000000000	79726.000000000	default-discount	data/n100-set04/random/base/wide/m3.dat	outsourcing-data/default-discount/rate-2/n100-set04/random/base/wide/m3.dat
n100-set04	100	4	random	wide	0.500000	0.150000	4000.000000000	8000.000000000	19931.500000000	default-discount	data/n100-set04/random/base/wide/m4.dat	outsourcing-data/default-discount/rate-0.5/n100-set04/random/base/wide/m4.dat
n100-set04	100	4	random	wide	1.000000	0.150000	4000.000000000	8000.000000000	39863.000000000	default-discount	data/n100-set04/random/base/wide/m4.dat	outsourcing-data/default-discount/rate-1/n100-set04/random/base/wide/m4.dat
n100-set04	100	4	random	wide	2.000000	0.150000	4000.000000000	8000.000000000	79726.000000000	default-discount	data/n100-set04/random/base/wide/m4.dat	outsourcing-data/default-discount/rate-2/n100-set04/random/base/wide/m4.dat
n100-set04	100	5	random	wide	0.500000	0.150000	4000.000000000	8000.000000000	19931.500000000	default-discount	data/n100-set04/random/base/wide/m5.dat	outsourcing-data/default-discount/rate-0.5/n100-set04/random/base/wide/m5.dat
n100-set04	100	5	random	wide	1.000000	0.150000	4000.000000000	8000.000000000	39863.000000000	default-discount	data/n100-set04/random/base/wide/m5.dat	outsourcing-data/default-discount/rate-1/n100-set04/random/base/wide/m5.dat
n100-set04	100	5	random	wide	2.000000	0.150000	4000.000000000	8000.000000000	79726.000000000	default-discount	data/n100-set04/random/base/wide/m5.dat	outsourcing-data/default-discount/rate-2/n100-set04/random/base/wide/m5.dat
n100-set04	100	3	family	zero	0.500000	0.150000	4000.000000000	8000.000000000	19931.500000000	default-discount	data/n100-set04/family/base/zero/m3.dat	outsourcing-data/default-discount/rate-0.5/n100-set04/family/base/zero/m3.dat
n100-set04	100	3	family	zero	1.000000	0.150000	4000.000000000	8000.000000000	39863.000000000	default-discount	data/n100-set04/family/base/zero/m3.dat	outsourcing-data/default-discount/rate-1/n100-set04/family/base/zero/m3.dat
n100-set04	100	3	family	zero	2.000000	0.150000	4000.000000000	8000.000000000	79726.000000000	default-discount	data/n100-set04/family/base/zero/m3.dat	outsourcing-data/default-discount/rate-2/n100-set04/family/base/zero/m3.dat
n100-set04	100	4	family	zero	0.500000	0.150000	4000.000000000	8000.000000000	19931.500000000	default-discount	data/n100-set04/family/base/zero/m4.dat	outsourcing-data/default-discount/rate-0.5/n100-set04/family/base/zero/m4.dat
n100-set04	100	4	family	zero	1.000000	0.150000	4000.000000000	8000.000000000	39863.000000000	default-discount	data/n100-set04/family/base/zero/m4.dat	outsourcing-data/default-discount/rate-1/n100-set04/family/base/zero/m4.dat
n100-set04	100	4	family	zero	2.000000	0.150000	4000.000000000	8000.000000000	79726.000000000	default-discount	data/n100-set04/family/base/zero/m4.dat	outsourcing-data/default-discount/rate-2/n100-set04/family/base/zero/m4.dat
n100-set04	100	5	family	zero	0.500000	0.150000	4000.000000000	8000.000000000	19931.500000000	default-discount	data/n100-set04/family/base/zero/m5.dat	outsourcing-data/default-discount/rate-0.5/n100-set04/family/base/zero/m5.dat
n100-set04	100	5	family	zero	1.000000	0.150000	4000.000000000	8000.000000000	39863.000000000	default-discount	data/n100-set04/family/base/zero/m5.dat	outsourcing-data/default-discount/rate-1/n100-set04/family/base/zero/m5.dat
n100-set04	100	5	family	zero	2.000000	0.150000	4000.000000000	8000.000000000	79726.000000000	default-discount	data/n100-set04/family/base/zero/m5.dat	outsourcing-data/default-discount/rate-2/n100-set04/family/base/zero/m5.dat
n100-set04	100	3	family	narrow	0.500000	0.150000	4000.000000000	8000.000000000	19931.500000000	default-discount	data/n100-set04/family/base/narrow/m3.dat	outsourcing-data/default-discount/rate-0.5/n100-set04/family/base/narrow/m3.dat
n100-set04	100	3	family	narrow	1.000000	0.150000	4000.000000000	8000.000000000	39863.000000000	default-discount	data/n100-set04/family/base/narrow/m3.dat	outsourcing-data/default-discount/rate-1/n100-set04/family/base/narrow/m3.dat
n100-set04	100	3	family	narrow	2.000000	0.150000	4000.000000000	8000.000000000	79726.000000000	default-discount	data/n100-set04/family/base/narrow/m3.dat	outsourcing-data/default-discount/rate-2/n100-set04/family/base/narrow/m3.dat
n100-set04	100	4	family	narrow	0.500000	0.150000	4000.000000000	8000.000000000	19931.500000000	default-discount	data/n100-set04/family/base/narrow/m4.dat	outsourcing-data/default-discount/rate-0.5/n100-set04/family/base/narrow/m4.dat
n100-set04	100	4	family	narrow	1.000000	0.150000	4000.000000000	8000.000000000	39863.000000000	default-discount	data/n100-set04/family/base/narrow/m4.dat	outsourcing-data/default-discount/rate-1/n100-set04/family/base/narrow/m4.dat
n100-set04	100	4	family	narrow	2.000000	0.150000	4000.000000000	8000.000000000	79726.000000000	default-discount	data/n100-set04/family/base/narrow/m4.dat	outsourcing-data/default-discount/rate-2/n100-set04/family/base/narrow/m4.dat
n100-set04	100	5	family	narrow	0.500000	0.150000	4000.000000000	8000.000000000	19931.500000000	default-discount	data/n100-set04/family/base/narrow/m5.dat	outsourcing-data/default-discount/rate-0.5/n100-set04/family/base/narrow/m5.dat
n100-set04	100	5	family	narrow	1.000000	0.150000	4000.000000000	8000.000000000	39863.000000000	default-discount	data/n100-set04/family/base/narrow/m5.dat	outsourcing-data/default-discount/rate-1/n100-set04/family/base/narrow/m5.dat
n100-set04	100	5	family	narrow	2.000000	0.150000	4000.000000000	8000.000000000	79726.000000000	default-discount	data/n100-set04/family/base/narrow/m5.dat	outsourcing-data/default-discount/rate-2/n100-set04/family/base/narrow/m5.dat
n100-set04	100	3	family	wide	0.500000	0.150000	4000.000000000	8000.000000000	19931.500000000	default-discount	data/n100-set04/family/base/wide/m3.dat	outsourcing-data/default-discount/rate-0.5/n100-set04/family/base/wide/m3.dat
n100-set04	100	3	family	wide	1.000000	0.150000	4000.000000000	8000.000000000	39863.000000000	default-discount	data/n100-set04/family/base/wide/m3.dat	outsourcing-data/default-discount/rate-1/n100-set04/family/base/wide/m3.dat
n100-set04	100	3	family	wide	2.000000	0.150000	4000.000000000	8000.000000000	79726.000000000	default-discount	data/n100-set04/family/base/wide/m3.dat	outsourcing-data/default-discount/rate-2/n100-set04/family/base/wide/m3.dat
n100-set04	100	4	family	wide	0.500000	0.150000	4000.000000000	8000.000000000	19931.500000000	default-discount	data/n100-set04/family/base/wide/m4.dat	outsourcing-data/default-discount/rate-0.5/n100-set04/family/base/wide/m4.dat
n100-set04	100	4	family	wide	1.000000	0.150000	4000.000000000	8000.000000000	39863.000000000	default-discount	data/n100-set04/family/base/wide/m4.dat	outsourcing-data/default-discount/rate-1/n100-set04/family/base/wide/m4.dat
n100-set04	100	4	family	wide	2.000000	0.150000	4000.000000000	8000.000000000	79726.000000000	default-discount	data/n100-set04/family/base/wide/m4.dat	outsourcing-data/default-discount/rate-2/n100-set04/family/base/wide/m4.dat
n100-set04	100	5	family	wide	0.500000	0.150000	4000.000000000	8000.000000000	19931.500000000	default-discount	data/n100-set04/family/base/wide/m5.dat	outsourcing-data/default-discount/rate-0.5/n100-set04/family/base/wide/m5.dat
n100-set04	100	5	family	wide	1.000000	0.150000	4000.000000000	8000.000000000	39863.000000000	default-discount	data/n100-set04/family/base/wide/m5.dat	outsourcing-data/default-discount/rate-1/n100-set04/family/base/wide/m5.dat
n100-set04	100	5	family	wide	2.000000	0.150000	4000.000000000	8000.000000000	79726.000000000	default-discount	data/n100-set04/family/base/wide/m5.dat	outsourcing-data/default-discount/rate-2/n100-set04/family/base/wide/m5.dat
n100-set05	100	3	random	zero	0.500000	0.150000	4000.000000000	8000.000000000	20164.500000000	default-discount	data/n100-set05/random/base/zero/m3.dat	outsourcing-data/default-discount/rate-0.5/n100-set05/random/base/zero/m3.dat
n100-set05	100	3	random	zero	1.000000	0.150000	4000.000000000	8000.000000000	40329.000000000	default-discount	data/n100-set05/random/base/zero/m3.dat	outsourcing-data/default-discount/rate-1/n100-set05/random/base/zero/m3.dat
n100-set05	100	3	random	zero	2.000000	0.150000	4000.000000000	8000.000000000	80658.000000000	default-discount	data/n100-set05/random/base/zero/m3.dat	outsourcing-data/default-discount/rate-2/n100-set05/random/base/zero/m3.dat
n100-set05	100	4	random	zero	0.500000	0.150000	4000.000000000	8000.000000000	20164.500000000	default-discount	data/n100-set05/random/base/zero/m4.dat	outsourcing-data/default-discount/rate-0.5/n100-set05/random/base/zero/m4.dat
n100-set05	100	4	random	zero	1.000000	0.150000	4000.000000000	8000.000000000	40329.000000000	default-discount	data/n100-set05/random/base/zero/m4.dat	outsourcing-data/default-discount/rate-1/n100-set05/random/base/zero/m4.dat
n100-set05	100	4	random	zero	2.000000	0.150000	4000.000000000	8000.000000000	80658.000000000	default-discount	data/n100-set05/random/base/zero/m4.dat	outsourcing-data/default-discount/rate-2/n100-set05/random/base/zero/m4.dat
n100-set05	100	5	random	zero	0.500000	0.150000	4000.000000000	8000.000000000	20164.500000000	default-discount	data/n100-set05/random/base/zero/m5.dat	outsourcing-data/default-discount/rate-0.5/n100-set05/random/base/zero/m5.dat
n100-set05	100	5	random	zero	1.000000	0.150000	4000.000000000	8000.000000000	40329.000000000	default-discount	data/n100-set05/random/base/zero/m5.dat	outsourcing-data/default-discount/rate-1/n100-set05/random/base/zero/m5.dat
n100-set05	100	5	random	zero	2.000000	0.150000	4000.000000000	8000.000000000	80658.000000000	default-discount	data/n100-set05/random/base/zero/m5.dat	outsourcing-data/default-discount/rate-2/n100-set05/random/base/zero/m5.dat
n100-set05	100	3	random	narrow	0.500000	0.150000	4000.000000000	8000.000000000	20164.500000000	default-discount	data/n100-set05/random/base/narrow/m3.dat	outsourcing-data/default-discount/rate-0.5/n100-set05/random/base/narrow/m3.dat
n100-set05	100	3	random	narrow	1.000000	0.150000	4000.000000000	8000.000000000	40329.000000000	default-discount	data/n100-set05/random/base/narrow/m3.dat	outsourcing-data/default-discount/rate-1/n100-set05/random/base/narrow/m3.dat
n100-set05	100	3	random	narrow	2.000000	0.150000	4000.000000000	8000.000000000	80658.000000000	default-discount	data/n100-set05/random/base/narrow/m3.dat	outsourcing-data/default-discount/rate-2/n100-set05/random/base/narrow/m3.dat
n100-set05	100	4	random	narrow	0.500000	0.150000	4000.000000000	8000.000000000	20164.500000000	default-discount	data/n100-set05/random/base/narrow/m4.dat	outsourcing-data/default-discount/rate-0.5/n100-set05/random/base/narrow/m4.dat
n100-set05	100	4	random	narrow	1.000000	0.150000	4000.000000000	8000.000000000	40329.000000000	default-discount	data/n100-set05/random/base/narrow/m4.dat	outsourcing-data/default-discount/rate-1/n100-set05/random/base/narrow/m4.dat
n100-set05	100	4	random	narrow	2.000000	0.150000	4000.000000000	8000.000000000	80658.000000000	default-discount	data/n100-set05/random/base/narrow/m4.dat	outsourcing-data/default-discount/rate-2/n100-set05/random/base/narrow/m4.dat
n100-set05	100	5	random	narrow	0.500000	0.150000	4000.000000000	8000.000000000	20164.500000000	default-discount	data/n100-set05/random/base/narrow/m5.dat	outsourcing-data/default-discount/rate-0.5/n100-set05/random/base/narrow/m5.dat
n100-set05	100	5	random	narrow	1.000000	0.150000	4000.000000000	8000.000000000	40329.000000000	default-discount	data/n100-set05/random/base/narrow/m5.dat	outsourcing-data/default-discount/rate-1/n100-set05/random/base/narrow/m5.dat
n100-set05	100	5	random	narrow	2.000000	0.150000	4000.000000000	8000.000000000	80658.000000000	default-discount	data/n100-set05/random/base/narrow/m5.dat	outsourcing-data/default-discount/rate-2/n100-set05/random/base/narrow/m5.dat
n100-set05	100	3	random	wide	0.500000	0.150000	4000.000000000	8000.000000000	20164.500000000	default-discount	data/n100-set05/random/base/wide/m3.dat	outsourcing-data/default-discount/rate-0.5/n100-set05/random/base/wide/m3.dat
n100-set05	100	3	random	wide	1.000000	0.150000	4000.000000000	8000.000000000	40329.000000000	default-discount	data/n100-set05/random/base/wide/m3.dat	outsourcing-data/default-discount/rate-1/n100-set05/random/base/wide/m3.dat
n100-set05	100	3	random	wide	2.000000	0.150000	4000.000000000	8000.000000000	80658.000000000	default-discount	data/n100-set05/random/base/wide/m3.dat	outsourcing-data/default-discount/rate-2/n100-set05/random/base/wide/m3.dat
n100-set05	100	4	random	wide	0.500000	0.150000	4000.000000000	8000.000000000	20164.500000000	default-discount	data/n100-set05/random/base/wide/m4.dat	outsourcing-data/default-discount/rate-0.5/n100-set05/random/base/wide/m4.dat
n100-set05	100	4	random	wide	1.000000	0.150000	4000.000000000	8000.000000000	40329.000000000	default-discount	data/n100-set05/random/base/wide/m4.dat	outsourcing-data/default-discount/rate-1/n100-set05/random/base/wide/m4.dat
n100-set05	100	4	random	wide	2.000000	0.150000	4000.000000000	8000.000000000	80658.000000000	default-discount	data/n100-set05/random/base/wide/m4.dat	outsourcing-data/default-discount/rate-2/n100-set05/random/base/wide/m4.dat
n100-set05	100	5	random	wide	0.500000	0.150000	4000.000000000	8000.000000000	20164.500000000	default-discount	data/n100-set05/random/base/wide/m5.dat	outsourcing-data/default-discount/rate-0.5/n100-set05/random/base/wide/m5.dat
n100-set05	100	5	random	wide	1.000000	0.150000	4000.000000000	8000.000000000	40329.000000000	default-discount	data/n100-set05/random/base/wide/m5.dat	outsourcing-data/default-discount/rate-1/n100-set05/random/base/wide/m5.dat
n100-set05	100	5	random	wide	2.000000	0.150000	4000.000000000	8000.000000000	80658.000000000	default-discount	data/n100-set05/random/base/wide/m5.dat	outsourcing-data/default-discount/rate-2/n100-set05/random/base/wide/m5.dat
n100-set05	100	3	family	zero	0.500000	0.150000	4000.000000000	8000.000000000	20164.500000000	default-discount	data/n100-set05/family/base/zero/m3.dat	outsourcing-data/default-discount/rate-0.5/n100-set05/family/base/zero/m3.dat
n100-set05	100	3	family	zero	1.000000	0.150000	4000.000000000	8000.000000000	40329.000000000	default-discount	data/n100-set05/family/base/zero/m3.dat	outsourcing-data/default-discount/rate-1/n100-set05/family/base/zero/m3.dat
n100-set05	100	3	family	zero	2.000000	0.150000	4000.000000000	8000.000000000	80658.000000000	default-discount	data/n100-set05/family/base/zero/m3.dat	outsourcing-data/default-discount/rate-2/n100-set05/family/base/zero/m3.dat
n100-set05	100	4	family	zero	0.500000	0.150000	4000.000000000	8000.000000000	20164.500000000	default-discount	data/n100-set05/family/base/zero/m4.dat	outsourcing-data/default-discount/rate-0.5/n100-set05/family/base/zero/m4.dat
n100-set05	100	4	family	zero	1.000000	0.150000	4000.000000000	8000.000000000	40329.000000000	default-discount	data/n100-set05/family/base/zero/m4.dat	outsourcing-data/default-discount/rate-1/n100-set05/family/base/zero/m4.dat
n100-set05	100	4	family	zero	2.000000	0.150000	4000.000000000	8000.000000000	80658.000000000	default-discount	data/n100-set05/family/base/zero/m4.dat	outsourcing-data/default-discount/rate-2/n100-set05/family/base/zero/m4.dat
n100-set05	100	5	family	zero	0.500000	0.150000	4000.000000000	8000.000000000	20164.500000000	default-discount	data/n100-set05/family/base/zero/m5.dat	outsourcing-data/default-discount/rate-0.5/n100-set05/family/base/zero/m5.dat
n100-set05	100	5	family	zero	1.000000	0.150000	4000.000000000	8000.000000000	40329.000000000	default-discount	data/n100-set05/family/base/zero/m5.dat	outsourcing-data/default-discount/rate-1/n100-set05/family/base/zero/m5.dat
n100-set05	100	5	family	zero	2.000000	0.150000	4000.000000000	8000.000000000	80658.000000000	default-discount	data/n100-set05/family/base/zero/m5.dat	outsourcing-data/default-discount/rate-2/n100-set05/family/base/zero/m5.dat
n100-set05	100	3	family	narrow	0.500000	0.150000	4000.000000000	8000.000000000	20164.500000000	default-discount	data/n100-set05/family/base/narrow/m3.dat	outsourcing-data/default-discount/rate-0.5/n100-set05/family/base/narrow/m3.dat
n100-set05	100	3	family	narrow	1.000000	0.150000	4000.000000000	8000.000000000	40329.000000000	default-discount	data/n100-set05/family/base/narrow/m3.dat	outsourcing-data/default-discount/rate-1/n100-set05/family/base/narrow/m3.dat
n100-set05	100	3	family	narrow	2.000000	0.150000	4000.000000000	8000.000000000	80658.000000000	default-discount	data/n100-set05/family/base/narrow/m3.dat	outsourcing-data/default-discount/rate-2/n100-set05/family/base/narrow/m3.dat
n100-set05	100	4	family	narrow	0.500000	0.150000	4000.000000000	8000.000000000	20164.500000000	default-discount	data/n100-set05/family/base/narrow/m4.dat	outsourcing-data/default-discount/rate-0.5/n100-set05/family/base/narrow/m4.dat
n100-set05	100	4	family	narrow	1.000000	0.150000	4000.000000000	8000.000000000	40329.000000000	default-discount	data/n100-set05/family/base/narrow/m4.dat	outsourcing-data/default-discount/rate-1/n100-set05/family/base/narrow/m4.dat
n100-set05	100	4	family	narrow	2.000000	0.150000	4000.000000000	8000.000000000	80658.000000000	default-discount	data/n100-set05/family/base/narrow/m4.dat	outsourcing-data/default-discount/rate-2/n100-set05/family/base/narrow/m4.dat
n100-set05	100	5	family	narrow	0.500000	0.150000	4000.000000000	8000.000000000	20164.500000000	default-discount	data/n100-set05/family/base/narrow/m5.dat	outsourcing-data/default-discount/rate-0.5/n100-set05/family/base/narrow/m5.dat
n100-set05	100	5	family	narrow	1.000000	0.150000	4000.000000000	8000.000000000	40329.000000000	default-discount	data/n100-set05/family/base/narrow/m5.dat	outsourcing-data/default-discount/rate-1/n100-set05/family/base/narrow/m5.dat
n100-set05	100	5	family	narrow	2.000000	0.150000	4000.000000000	8000.000000000	80658.000000000	default-discount	data/n100-set05/family/base/narrow/m5.dat	outsourcing-data/default-discount/rate-2/n100-set05/family/base/narrow/m5.dat
n100-set05	100	3	family	wide	0.500000	0.150000	4000.000000000	8000.000000000	20164.500000000	default-discount	data/n100-set05/family/base/wide/m3.dat	outsourcing-data/default-discount/rate-0.5/n100-set05/family/base/wide/m3.dat
n100-set05	100	3	family	wide	1.000000	0.150000	4000.000000000	8000.000000000	40329.000000000	default-discount	data/n100-set05/family/base/wide/m3.dat	outsourcing-data/default-discount/rate-1/n100-set05/family/base/wide/m3.dat
n100-set05	100	3	family	wide	2.000000	0.150000	4000.000000000	8000.000000000	80658.000000000	default-discount	data/n100-set05/family/base/wide/m3.dat	outsourcing-data/default-discount/rate-2/n100-set05/family/base/wide/m3.dat
n100-set05	100	4	family	wide	0.500000	0.150000	4000.000000000	8000.000000000	20164.500000000	default-discount	data/n100-set05/family/base/wide/m4.dat	outsourcing-data/default-discount/rate-0.5/n100-set05/family/base/wide/m4.dat
n100-set05	100	4	family	wide	1.000000	0.150000	4000.000000000	8000.000000000	40329.000000000	default-discount	data/n100-set05/family/base/wide/m4.dat	outsourcing-data/default-discount/rate-1/n100-set05/family/base/wide/m4.dat
n100-set05	100	4	family	wide	2.000000	0.150000	4000.000000000	8000.000000000	80658.000000000	default-discount	data/n100-set05/family/base/wide/m4.dat	outsourcing-data/default-discount/rate-2/n100-set05/family/base/wide/m4.dat
n100-set05	100	5	family	wide	0.500000	0.150000	4000.000000000	8000.000000000	20164.500000000	default-discount	data/n100-set05/family/base/wide/m5.dat	outsourcing-data/default-discount/rate-0.5/n100-set05/family/base/wide/m5.dat
n100-set05	100	5	family	wide	1.000000	0.150000	4000.000000000	8000.000000000	40329.000000000	default-discount	data/n100-set05/family/base/wide/m5.dat	outsourcing-data/default-discount/rate-1/n100-set05/family/base/wide/m5.dat
n100-set05	100	5	family	wide	2.000000	0.150000	4000.000000000	8000.000000000	80658.000000000	default-discount	data/n100-set05/family/base/wide/m5.dat	outsourcing-data/default-discount/rate-2/n100-set05/family/base/wide/m5.dat
