taskSetId	setupType	scaleLevel	scale	machines	instance	targetMean	actualMean	meanError	cap	maximum	triangleViolations	floydChangedArcs	withinMean	betweenMean	bodySha256
n020-set01	random	base	1	2	instances/data/n020-set01/random/base-g1/m2.dat	25.900000000	25.900000000	0.000000000	51	51	0	0	NaN	NaN	36acad09513ac2a53efc2cf9eb79cdd2e924c8aabd19746418ecdb8b1fdfa794
n020-set01	random	base	1	3	instances/data/n020-set01/random/base-g1/m3.dat	25.900000000	25.900000000	0.000000000	51	51	0	0	NaN	NaN	36acad09513ac2a53efc2cf9eb79cdd2e924c8aabd19746418ecdb8b1fdfa794
n020-set01	random	base	1	4	instances/data/n020-set01/random/base-g1/m4.dat	25.900000000	25.900000000	0.000000000	51	51	0	0	NaN	NaN	36acad09513ac2a53efc2cf9eb79cdd2e924c8aabd19746418ecdb8b1fdfa794
n020-set01	random	medium	12	2	instances/data/n020-set01/random/medium-g12/m2.dat	310.800000000	310.800000000	0.000000000	612	612	0	0	NaN	NaN	2acc1d43b79c71a52cfb8f05e7887eedf88b6b34265fbb6127cdb9eff4a6ce56
n020-set01	random	medium	12	3	instances/data/n020-set01/random/medium-g12/m3.dat	310.800000000	310.800000000	0.000000000	612	612	0	0	NaN	NaN	2acc1d43b79c71a52cfb8f05e7887eedf88b6b34265fbb6127cdb9eff4a6ce56
n020-set01	random	medium	12	4	instances/data/n020-set01/random/medium-g12/m4.dat	310.800000000	310.800000000	0.000000000	612	612	0	0	NaN	NaN	2acc1d43b79c71a52cfb8f05e7887eedf88b6b34265fbb6127cdb9eff4a6ce56
n020-set01	random	high	22	2	instances/data/n020-set01/random/high-g22/m2.dat	569.800000000	569.800000000	0.000000000	1122	1122	0	0	NaN	NaN	95a7981725232b9121b8d33e7d65dba552b8bbc1baf380ddc468a2edda7d965d
n020-set01	random	high	22	3	instances/data/n020-set01/random/high-g22/m3.dat	569.800000000	569.800000000	0.000000000	1122	1122	0	0	NaN	NaN	95a7981725232b9121b8d33e7d65dba552b8bbc1baf380ddc468a2edda7d965d
n020-set01	random	high	22	4	instances/data/n020-set01/random/high-g22/m4.dat	569.800000000	569.800000000	0.000000000	1122	1122	0	0	NaN	NaN	95a7981725232b9121b8d33e7d65dba552b8bbc1baf380ddc468a2edda7d965d
n020-set01	family	base	1	2	instances/data/n020-set01/family/base-g1/m2.dat	25.900000000	25.900000000	0.000000000	51	51	0	0	14.745614035	30.680451128	991aa37010c8292ac989d04e08e1811e2c3b7ccd235c5e5ca109ae8baf28ad89
n020-set01	family	base	1	3	instances/data/n020-set01/family/base-g1/m3.dat	25.900000000	25.900000000	0.000000000	51	51	0	0	14.745614035	30.680451128	991aa37010c8292ac989d04e08e1811e2c3b7ccd235c5e5ca109ae8baf28ad89
n020-set01	family	base	1	4	instances/data/n020-set01/family/base-g1/m4.dat	25.900000000	25.900000000	0.000000000	51	51	0	0	14.745614035	30.680451128	991aa37010c8292ac989d04e08e1811e2c3b7ccd235c5e5ca109ae8baf28ad89
n020-set01	family	medium	12	2	instances/data/n020-set01/family/medium-g12/m2.dat	310.800000000	310.800000000	0.000000000	612	612	0	0	176.947368421	368.165413534	f3fc61dbcd831b58c329d91359e2f9f49b78610612a23cff56963104d42c1b78
n020-set01	family	medium	12	3	instances/data/n020-set01/family/medium-g12/m3.dat	310.800000000	310.800000000	0.000000000	612	612	0	0	176.947368421	368.165413534	f3fc61dbcd831b58c329d91359e2f9f49b78610612a23cff56963104d42c1b78
n020-set01	family	medium	12	4	instances/data/n020-set01/family/medium-g12/m4.dat	310.800000000	310.800000000	0.000000000	612	612	0	0	176.947368421	368.165413534	f3fc61dbcd831b58c329d91359e2f9f49b78610612a23cff56963104d42c1b78
n020-set01	family	high	22	2	instances/data/n020-set01/family/high-g22/m2.dat	569.800000000	569.800000000	0.000000000	1122	1122	0	0	324.403508772	674.969924812	f1267aabe0fe1660d0eef8d2b065ad669c1ab55884210b8b1190806bfadb62ee
n020-set01	family	high	22	3	instances/data/n020-set01/family/high-g22/m3.dat	569.800000000	569.800000000	0.000000000	1122	1122	0	0	324.403508772	674.969924812	f1267aabe0fe1660d0eef8d2b065ad669c1ab55884210b8b1190806bfadb62ee
n020-set01	family	high	22	4	instances/data/n020-set01/family/high-g22/m4.dat	569.800000000	569.800000000	0.000000000	1122	1122	0	0	324.403508772	674.969924812	f1267aabe0fe1660d0eef8d2b065ad669c1ab55884210b8b1190806bfadb62ee
n020-set02	random	base	1	2	instances/data/n020-set02/random/base-g1/m2.dat	27.875000000	27.873684211	-0.001315789	55	49	0	0	NaN	NaN	c0a8baf8f6795b4d014b55789731baf4aa1d7348633acf87758cfb092271e0d5
n020-set02	random	base	1	3	instances/data/n020-set02/random/base-g1/m3.dat	27.875000000	27.873684211	-0.001315789	55	49	0	0	NaN	NaN	c0a8baf8f6795b4d014b55789731baf4aa1d7348633acf87758cfb092271e0d5
n020-set02	random	base	1	4	instances/data/n020-set02/random/base-g1/m4.dat	27.875000000	27.873684211	-0.001315789	55	49	0	0	NaN	NaN	c0a8baf8f6795b4d014b55789731baf4aa1d7348633acf87758cfb092271e0d5
n020-set02	random	medium	15	2	instances/data/n020-set02/random/medium-g15/m2.dat	418.125000000	418.105263158	-0.019736842	825	735	0	0	NaN	NaN	141a1480e16d2282ce344c108a64df42857faffda3e6ecd4285dda59db4982e7
n020-set02	random	medium	15	3	instances/data/n020-set02/random/medium-g15/m3.dat	418.125000000	418.105263158	-0.019736842	825	735	0	0	NaN	NaN	141a1480e16d2282ce344c108a64df42857faffda3e6ecd4285dda59db4982e7
n020-set02	random	medium	15	4	instances/data/n020-set02/random/medium-g15/m4.dat	418.125000000	418.105263158	-0.019736842	825	735	0	0	NaN	NaN	141a1480e16d2282ce344c108a64df42857faffda3e6ecd4285dda59db4982e7
n020-set02	random	high	25	2	instances/data/n020-set02/random/high-g25/m2.dat	696.875000000	696.842105263	-0.032894737	1375	1225	0	0	NaN	NaN	fe57afbb928b8b5206d58850d494be9d0457bd264f94407233e12fc96478d2b7
n020-set02	random	high	25	3	instances/data/n020-set02/random/high-g25/m3.dat	696.875000000	696.842105263	-0.032894737	1375	1225	0	0	NaN	NaN	fe57afbb928b8b5206d58850d494be9d0457bd264f94407233e12fc96478d2b7
n020-set02	random	high	25	4	instances/data/n020-set02/random/high-g25/m4.dat	696.875000000	696.842105263	-0.032894737	1375	1225	0	0	NaN	NaN	fe57afbb928b8b5206d58850d494be9d0457bd264f94407233e12fc96478d2b7
n020-set02	family	base	1	2	instances/data/n020-set02/family/base-g1/m2.dat	27.875000000	27.873684211	-0.001315789	55	53	0	0	14.078947368	33.785714286	dd198988bbebdd3ef41d94c1e5a48fb34fde40cbb41305d25065c5309cc44645
n020-set02	family	base	1	3	instances/data/n020-set02/family/base-g1/m3.dat	27.875000000	27.873684211	-0.001315789	55	53	0	0	14.078947368	33.785714286	dd198988bbebdd3ef41d94c1e5a48fb34fde40cbb41305d25065c5309cc44645
n020-set02	family	base	1	4	instances/data/n020-set02/family/base-g1/m4.dat	27.875000000	27.873684211	-0.001315789	55	53	0	0	14.078947368	33.785714286	dd198988bbebdd3ef41d94c1e5a48fb34fde40cbb41305d25065c5309cc44645
n020-set02	family	medium	15	2	instances/data/n020-set02/family/medium-g15/m2.dat	418.125000000	418.105263158	-0.019736842	825	795	0	0	211.184210526	506.785714286	55099ccd5644ae28a73e8a3fd9cfc44dd00239a85e8eab44e076c4c2d243b580
n020-set02	family	medium	15	3	instances/data/n020-set02/family/medium-g15/m3.dat	418.125000000	418.105263158	-0.019736842	825	795	0	0	211.184210526	506.785714286	55099ccd5644ae28a73e8a3fd9cfc44dd00239a85e8eab44e076c4c2d243b580
n020-set02	family	medium	15	4	instances/data/n020-set02/family/medium-g15/m4.dat	418.125000000	418.105263158	-0.019736842	825	795	0	0	211.184210526	506.785714286	55099ccd5644ae28a73e8a3fd9cfc44dd00239a85e8eab44e076c4c2d243b580
n020-set02	family	high	25	2	instances/data/n020-set02/family/high-g25/m2.dat	696.875000000	696.842105263	-0.032894737	1375	1325	0	0	351.973684211	844.642857143	0f99f53ca4b58b820d73cce17f982b81c342b49e40104dc3ea82de8f84bfe58a
n020-set02	family	high	25	3	instances/data/n020-set02/family/high-g25/m3.dat	696.875000000	696.842105263	-0.032894737	1375	1325	0	0	351.973684211	844.642857143	0f99f53ca4b58b820d73cce17f982b81c342b49e40104dc3ea82de8f84bfe58a
n020-set02	family	high	25	4	instances/data/n020-set02/family/high-g25/m4.dat	696.875000000	696.842105263	-0.032894737	1375	1325	0	0	351.973684211	844.642857143	0f99f53ca4b58b820d73cce17f982b81c342b49e40104dc3ea82de8f84bfe58a
n020-set03	random	base	1	2	instances/data/n020-set03/random/base-g1/m2.dat	25.025000000	25.023684211	-0.001315789	50	47	0	0	NaN	NaN	e8385b9748c2a95f44edf48283810018e2c521e9d4dc1fa828b2f8a4fadc20a4
n020-set03	random	base	1	3	instances/data/n020-set03/random/base-g1/m3.dat	25.025000000	25.023684211	-0.001315789	50	47	0	0	NaN	NaN	e8385b9748c2a95f44edf48283810018e2c521e9d4dc1fa828b2f8a4fadc20a4
n020-set03	random	base	1	4	instances/data/n020-set03/random/base-g1/m4.dat	25.025000000	25.023684211	-0.001315789	50	47	0	0	NaN	NaN	e8385b9748c2a95f44edf48283810018e2c521e9d4dc1fa828b2f8a4fadc20a4
n020-set03	random	medium	5	2	instances/data/n020-set03/random/medium-g5/m2.dat	125.125000000	125.118421053	-0.006578947	250	235	0	0	NaN	NaN	3438a2a830b59586a4c038d63dbed5b0f07b7fe0861e4b677e07dd8655821b36
n020-set03	random	medium	5	3	instances/data/n020-set03/random/medium-g5/m3.dat	125.125000000	125.118421053	-0.006578947	250	235	0	0	NaN	NaN	3438a2a830b59586a4c038d63dbed5b0f07b7fe0861e4b677e07dd8655821b36
n020-set03	random	medium	5	4	instances/data/n020-set03/random/medium-g5/m4.dat	125.125000000	125.118421053	-0.006578947	250	235	0	0	NaN	NaN	3438a2a830b59586a4c038d63dbed5b0f07b7fe0861e4b677e07dd8655821b36
n020-set03	random	high	15	2	instances/data/n020-set03/random/high-g15/m2.dat	375.375000000	375.355263158	-0.019736842	750	705	0	0	NaN	NaN	80abc02c5440d08ac0a6582aa157de7bc0e2d882cab48e29ad9d20af123a252f
n020-set03	random	high	15	3	instances/data/n020-set03/random/high-g15/m3.dat	375.375000000	375.355263158	-0.019736842	750	705	0	0	NaN	NaN	80abc02c5440d08ac0a6582aa157de7bc0e2d882cab48e29ad9d20af123a252f
n020-set03	random	high	15	4	instances/data/n020-set03/random/high-g15/m4.dat	375.375000000	375.355263158	-0.019736842	750	705	0	0	NaN	NaN	80abc02c5440d08ac0a6582aa157de7bc0e2d882cab48e29ad9d20af123a252f
n020-set03	family	base	1	2	instances/data/n020-set03/family/base-g1/m2.dat	25.025000000	25.023684211	-0.001315789	50	46	0	0	13.956140351	29.766917293	9dfaa894f28e0942a3bedf5dc987a3e6f8b4a3e2832ea8227fe233c3dce37463
n020-set03	family	base	1	3	instances/data/n020-set03/family/base-g1/m3.dat	25.025000000	25.023684211	-0.001315789	50	46	0	0	13.956140351	29.766917293	9dfaa894f28e0942a3bedf5dc987a3e6f8b4a3e2832ea8227fe233c3dce37463
n020-set03	family	base	1	4	instances/data/n020-set03/family/base-g1/m4.dat	25.025000000	25.023684211	-0.001315789	50	46	0	0	13.956140351	29.766917293	9dfaa894f28e0942a3bedf5dc987a3e6f8b4a3e2832ea8227fe233c3dce37463
n020-set03	family	medium	5	2	instances/data/n020-set03/family/medium-g5/m2.dat	125.125000000	125.118421053	-0.006578947	250	230	0	0	69.780701754	148.834586466	8ec1fe02b2caef7358d8af75202b211fbbc9820172e160de0cfc757a303f9b64
n020-set03	family	medium	5	3	instances/data/n020-set03/family/medium-g5/m3.dat	125.125000000	125.118421053	-0.006578947	250	230	0	0	69.780701754	148.834586466	8ec1fe02b2caef7358d8af75202b211fbbc9820172e160de0cfc757a303f9b64
n020-set03	family	medium	5	4	instances/data/n020-set03/family/medium-g5/m4.dat	125.125000000	125.118421053	-0.006578947	250	230	0	0	69.780701754	148.834586466	8ec1fe02b2caef7358d8af75202b211fbbc9820172e160de0cfc757a303f9b64
n020-set03	family	high	15	2	instances/data/n020-set03/family/high-g15/m2.dat	375.375000000	375.355263158	-0.019736842	750	690	0	0	209.342105263	446.503759398	2a4782affbf637744f0354ee26f5bcea2ef94ebf909af47590f30751bbcf4c16
n020-set03	family	high	15	3	instances/data/n020-set03/family/high-g15/m3.dat	375.375000000	375.355263158	-0.019736842	750	690	0	0	209.342105263	446.503759398	2a4782affbf637744f0354ee26f5bcea2ef94ebf909af47590f30751bbcf4c16
n020-set03	family	high	15	4	instances/data/n020-set03/family/high-g15/m4.dat	375.375000000	375.355263158	-0.019736842	750	690	0	0	209.342105263	446.503759398	2a4782affbf637744f0354ee26f5bcea2ef94ebf909af47590f30751bbcf4c16
n020-set04	random	base	1	2	instances/data/n020-set04/random/base-g1/m2.dat	20.625000000	20.626315789	0.001315789	41	41	0	0	NaN	NaN	978f68ad2053779b8b03338d34e59bd5db7bb07cb2c71ce13ff1eb5ad904222d
n020-set04	random	base	1	3	instances/data/n020-set04/random/base-g1/m3.dat	20.625000000	20.626315789	0.001315789	41	41	0	0	NaN	NaN	978f68ad2053779b8b03338d34e59bd5db7bb07cb2c71ce13ff1eb5ad904222d
n020-set04	random	base	1	4	instances/data/n020-set04/random/base-g1/m4.dat	20.625000000	20.626315789	0.001315789	41	41	0	0	NaN	NaN	978f68ad2053779b8b03338d34e59bd5db7bb07cb2c71ce13ff1eb5ad904222d
n020-set04	random	medium	10	2	instances/data/n020-set04/random/medium-g10/m2.dat	206.250000000	206.263157895	0.013157895	410	410	0	0	NaN	NaN	71e805abfcaf63d7c1e8e826b7c190b6548c80df8e3918eaccf1703738883d73
n020-set04	random	medium	10	3	instances/data/n020-set04/random/medium-g10/m3.dat	206.250000000	206.263157895	0.013157895	410	410	0	0	NaN	NaN	71e805abfcaf63d7c1e8e826b7c190b6548c80df8e3918eaccf1703738883d73
n020-set04	random	medium	10	4	instances/data/n020-set04/random/medium-g10/m4.dat	206.250000000	206.263157895	0.013157895	410	410	0	0	NaN	NaN	71e805abfcaf63d7c1e8e826b7c190b6548c80df8e3918eaccf1703738883d73
n020-set04	random	high	20	2	instances/data/n020-set04/random/high-g20/m2.dat	412.500000000	412.526315789	0.026315789	820	820	0	0	NaN	NaN	b3db16d8c7b7ba90f229549b2fa54a933bfa8cc7d4cb3c2adc2d97f6a1ebdb00
n020-set04	random	high	20	3	instances/data/n020-set04/random/high-g20/m3.dat	412.500000000	412.526315789	0.026315789	820	820	0	0	NaN	NaN	b3db16d8c7b7ba90f229549b2fa54a933bfa8cc7d4cb3c2adc2d97f6a1ebdb00
n020-set04	random	high	20	4	instances/data/n020-set04/random/high-g20/m4.dat	412.500000000	412.526315789	0.026315789	820	820	0	0	NaN	NaN	b3db16d8c7b7ba90f229549b2fa54a933bfa8cc7d4cb3c2adc2d97f6a1ebdb00
n020-set04	family	base	1	2	instances/data/n020-set04/family/base-g1/m2.dat	20.625000000	20.623684211	-0.001315789	41	41	0	0	13.298245614	23.763157895	5512dbf08f78f89dc52f1ee73f762f8b9a9045752f1b9f6c45a79007f4c0efff
n020-set04	family	base	1	3	instances/data/n020-set04/family/base-g1/m3.dat	20.625000000	20.623684211	-0.001315789	41	41	0	0	13.298245614	23.763157895	5512dbf08f78f89dc52f1ee73f762f8b9a9045752f1b9f6c45a79007f4c0efff
n020-set04	family	base	1	4	instances/data/n020-set04/family/base-g1/m4.dat	20.625000000	20.623684211	-0.001315789	41	41	0	0	13.298245614	23.763157895	5512dbf08f78f89dc52f1ee73f762f8b9a9045752f1b9f6c45a79007f4c0efff
n020-set04	family	medium	10	2	instances/data/n020-set04/family/medium-g10/m2.dat	206.250000000	206.236842105	-0.013157895	410	410	0	0	132.982456140	237.631578947	8e507c54990473a84f7d0a748d07c84532c4eabc6fdded3387bf01ac1d6e5960
n020-set04	family	medium	10	3	instances/data/n020-set04/family/medium-g10/m3.dat	206.250000000	206.236842105	-0.013157895	410	410	0	0	132.982456140	237.631578947	8e507c54990473a84f7d0a748d07c84532c4eabc6fdded3387bf01ac1d6e5960
n020-set04	family	medium	10	4	instances/data/n020-set04/family/medium-g10/m4.dat	206.250000000	206.236842105	-0.013157895	410	410	0	0	132.982456140	237.631578947	8e507c54990473a84f7d0a748d07c84532c4eabc6fdded3387bf01ac1d6e5960
n020-set04	family	high	20	2	instances/data/n020-set04/family/high-g20/m2.dat	412.500000000	412.473684211	-0.026315789	820	820	0	0	265.964912281	475.263157895	ac4c314a63317fa9902656edf0328f626e736646021b9233e98ae49a890ecb52
n020-set04	family	high	20	3	instances/data/n020-set04/family/high-g20/m3.dat	412.500000000	412.473684211	-0.026315789	820	820	0	0	265.964912281	475.263157895	ac4c314a63317fa9902656edf0328f626e736646021b9233e98ae49a890ecb52
n020-set04	family	high	20	4	instances/data/n020-set04/family/high-g20/m4.dat	412.500000000	412.473684211	-0.026315789	820	820	0	0	265.964912281	475.263157895	ac4c314a63317fa9902656edf0328f626e736646021b9233e98ae49a890ecb52
n020-set05	random	base	1	2	instances/data/n020-set05/random/base-g1/m2.dat	26.575000000	26.573684211	-0.001315789	53	50	0	0	NaN	NaN	582870071c50e039d77109a62cfbbf34d9c21534b865fc050966f6ac1871f3b4
n020-set05	random	base	1	3	instances/data/n020-set05/random/base-g1/m3.dat	26.575000000	26.573684211	-0.001315789	53	50	0	0	NaN	NaN	582870071c50e039d77109a62cfbbf34d9c21534b865fc050966f6ac1871f3b4
n020-set05	random	base	1	4	instances/data/n020-set05/random/base-g1/m4.dat	26.575000000	26.573684211	-0.001315789	53	50	0	0	NaN	NaN	582870071c50e039d77109a62cfbbf34d9c21534b865fc050966f6ac1871f3b4
n020-set05	random	medium	9	2	instances/data/n020-set05/random/medium-g9/m2.dat	239.175000000	239.163157895	-0.011842105	477	450	0	0	NaN	NaN	878cfaf6c66652e01e32e699e92cc48013b1fa35fa7117e9c4c648d1b626af5c
n020-set05	random	medium	9	3	instances/data/n020-set05/random/medium-g9/m3.dat	239.175000000	239.163157895	-0.011842105	477	450	0	0	NaN	NaN	878cfaf6c66652e01e32e699e92cc48013b1fa35fa7117e9c4c648d1b626af5c
n020-set05	random	medium	9	4	instances/data/n020-set05/random/medium-g9/m4.dat	239.175000000	239.163157895	-0.011842105	477	450	0	0	NaN	NaN	878cfaf6c66652e01e32e699e92cc48013b1fa35fa7117e9c4c648d1b626af5c
n020-set05	random	high	19	2	instances/data/n020-set05/random/high-g19/m2.dat	504.925000000	504.900000000	-0.025000000	1007	950	0	0	NaN	NaN	8ecd53899457dab9a44bab651a098da8bd8457a9e1fb5f458ae4d21c3056fe4c
n020-set05	random	high	19	3	instances/data/n020-set05/random/high-g19/m3.dat	504.925000000	504.900000000	-0.025000000	1007	950	0	0	NaN	NaN	8ecd53899457dab9a44bab651a098da8bd8457a9e1fb5f458ae4d21c3056fe4c
n020-set05	random	high	19	4	instances/data/n020-set05/random/high-g19/m4.dat	504.925000000	504.900000000	-0.025000000	1007	950	0	0	NaN	NaN	8ecd53899457dab9a44bab651a098da8bd8457a9e1fb5f458ae4d21c3056fe4c
n020-set05	family	base	1	2	instances/data/n020-set05/family/base-g1/m2.dat	26.575000000	26.573684211	-0.001315789	53	53	0	0	17.473684211	30.473684211	ce96236850eeac09594291df214abd752851c10fc6e3abbd14657fb796cb148d
n020-set05	family	base	1	3	instances/data/n020-set05/family/base-g1/m3.dat	26.575000000	26.573684211	-0.001315789	53	53	0	0	17.473684211	30.473684211	ce96236850eeac09594291df214abd752851c10fc6e3abbd14657fb796cb148d
n020-set05	family	base	1	4	instances/data/n020-set05/family/base-g1/m4.dat	26.575000000	26.573684211	-0.001315789	53	53	0	0	17.473684211	30.473684211	ce96236850eeac09594291df214abd752851c10fc6e3abbd14657fb796cb148d
n020-set05	family	medium	9	2	instances/data/n020-set05/family/medium-g9/m2.dat	239.175000000	239.163157895	-0.011842105	477	477	0	0	157.263157895	274.263157895	dbf9ab4eb1a9c88ee365236283842b1687e2c374768f10b9836ca40e021e68ad
n020-set05	family	medium	9	3	instances/data/n020-set05/family/medium-g9/m3.dat	239.175000000	239.163157895	-0.011842105	477	477	0	0	157.263157895	274.263157895	dbf9ab4eb1a9c88ee365236283842b1687e2c374768f10b9836ca40e021e68ad
n020-set05	family	medium	9	4	instances/data/n020-set05/family/medium-g9/m4.dat	239.175000000	239.163157895	-0.011842105	477	477	0	0	157.263157895	274.263157895	dbf9ab4eb1a9c88ee365236283842b1687e2c374768f10b9836ca40e021e68ad
n020-set05	family	high	19	2	instances/data/n020-set05/family/high-g19/m2.dat	504.925000000	504.900000000	-0.025000000	1007	1007	0	0	332.000000000	579.000000000	1956b2d32e30459aef194899545cda14b0e3e25125209123bf568db2e824d08d
n020-set05	family	high	19	3	instances/data/n020-set05/family/high-g19/m3.dat	504.925000000	504.900000000	-0.025000000	1007	1007	0	0	332.000000000	579.000000000	1956b2d32e30459aef194899545cda14b0e3e25125209123bf568db2e824d08d
n020-set05	family	high	19	4	instances/data/n020-set05/family/high-g19/m4.dat	504.925000000	504.900000000	-0.025000000	1007	1007	0	0	332.000000000	579.000000000	1956b2d32e30459aef194899545cda14b0e3e25125209123bf568db2e824d08d
n040-set01	random	base	1	2	instances/data/n040-set01/random/base-g1/m2.dat	25.537500000	25.537820513	0.000320513	51	50	0	0	NaN	NaN	2eae0561dbee29259294109c54dc6a21e4df03bb4b891ba5b3ec7554bd06b3cc
n040-set01	random	base	1	3	instances/data/n040-set01/random/base-g1/m3.dat	25.537500000	25.537820513	0.000320513	51	50	0	0	NaN	NaN	2eae0561dbee29259294109c54dc6a21e4df03bb4b891ba5b3ec7554bd06b3cc
n040-set01	random	base	1	4	instances/data/n040-set01/random/base-g1/m4.dat	25.537500000	25.537820513	0.000320513	51	50	0	0	NaN	NaN	2eae0561dbee29259294109c54dc6a21e4df03bb4b891ba5b3ec7554bd06b3cc
n040-set01	random	medium	9	2	instances/data/n040-set01/random/medium-g9/m2.dat	229.837500000	229.840384615	0.002884615	459	450	0	0	NaN	NaN	423468a183e07433d6585644dfa1ef14638f8799237ef2164db0418d411373fa
n040-set01	random	medium	9	3	instances/data/n040-set01/random/medium-g9/m3.dat	229.837500000	229.840384615	0.002884615	459	450	0	0	NaN	NaN	423468a183e07433d6585644dfa1ef14638f8799237ef2164db0418d411373fa
n040-set01	random	medium	9	4	instances/data/n040-set01/random/medium-g9/m4.dat	229.837500000	229.840384615	0.002884615	459	450	0	0	NaN	NaN	423468a183e07433d6585644dfa1ef14638f8799237ef2164db0418d411373fa
n040-set01	random	high	19	2	instances/data/n040-set01/random/high-g19/m2.dat	485.212500000	485.218589744	0.006089744	969	950	0	0	NaN	NaN	1ba494be682385b146a7e32ca35fd59fc2b69c441f174961783e93ad0c434724
n040-set01	random	high	19	3	instances/data/n040-set01/random/high-g19/m3.dat	485.212500000	485.218589744	0.006089744	969	950	0	0	NaN	NaN	1ba494be682385b146a7e32ca35fd59fc2b69c441f174961783e93ad0c434724
n040-set01	random	high	19	4	instances/data/n040-set01/random/high-g19/m4.dat	485.212500000	485.218589744	0.006089744	969	950	0	0	NaN	NaN	1ba494be682385b146a7e32ca35fd59fc2b69c441f174961783e93ad0c434724
n040-set01	family	base	1	2	instances/data/n040-set01/family/base-g1/m2.dat	25.537500000	25.537820513	0.000320513	51	51	0	0	18.020242915	29.021575985	bcc054341e8cf0d2af47b0d16edb41d6d79e06b18b7b9a541d62a1ccc244b099
n040-set01	family	base	1	3	instances/data/n040-set01/family/base-g1/m3.dat	25.537500000	25.537820513	0.000320513	51	51	0	0	18.020242915	29.021575985	bcc054341e8cf0d2af47b0d16edb41d6d79e06b18b7b9a541d62a1ccc244b099
n040-set01	family	base	1	4	instances/data/n040-set01/family/base-g1/m4.dat	25.537500000	25.537820513	0.000320513	51	51	0	0	18.020242915	29.021575985	bcc054341e8cf0d2af47b0d16edb41d6d79e06b18b7b9a541d62a1ccc244b099
n040-set01	family	medium	9	2	instances/data/n040-set01/family/medium-g9/m2.dat	229.837500000	229.840384615	0.002884615	459	459	0	0	162.182186235	261.194183865	397f0269f99f7c58a9b032f32d0d2ae114b116cfd4cbb28f83f566d1182ab1b7
n040-set01	family	medium	9	3	instances/data/n040-set01/family/medium-g9/m3.dat	229.837500000	229.840384615	0.002884615	459	459	0	0	162.182186235	261.194183865	397f0269f99f7c58a9b032f32d0d2ae114b116cfd4cbb28f83f566d1182ab1b7
n040-set01	family	medium	9	4	instances/data/n040-set01/family/medium-g9/m4.dat	229.837500000	229.840384615	0.002884615	459	459	0	0	162.182186235	261.194183865	397f0269f99f7c58a9b032f32d0d2ae114b116cfd4cbb28f83f566d1182ab1b7
n040-set01	family	high	19	2	instances/data/n040-set01/family/high-g19/m2.dat	485.212500000	485.218589744	0.006089744	969	969	0	0	342.384615385	551.409943715	a666baed9de951883b2c517436c6ea0500dffd27c4bcda51ad370651cda48e4e
n040-set01	family	high	19	3	instances/data/n040-set01/family/high-g19/m3.dat	485.212500000	485.218589744	0.006089744	969	969	0	0	342.384615385	551.409943715	a666baed9de951883b2c517436c6ea0500dffd27c4bcda51ad370651cda48e4e
n040-set01	family	high	19	4	instances/data/n040-set01/family/high-g19/m4.dat	485.212500000	485.218589744	0.006089744	969	969	0	0	342.384615385	551.409943715	a666baed9de951883b2c517436c6ea0500dffd27c4bcda51ad370651cda48e4e
n040-set02	random	base	1	2	instances/data/n040-set02/random/base-g1/m2.dat	27.500000000	27.500000000	0.000000000	55	55	0	0	NaN	NaN	98e2da0840b70e0c285b273c6194533f88b6fe56f880d58519b1789d8e9a230e
n040-set02	random	base	1	3	instances/data/n040-set02/random/base-g1/m3.dat	27.500000000	27.500000000	0.000000000	55	55	0	0	NaN	NaN	98e2da0840b70e0c285b273c6194533f88b6fe56f880d58519b1789d8e9a230e
n040-set02	random	base	1	4	instances/data/n040-set02/random/base-g1/m4.dat	27.500000000	27.500000000	0.000000000	55	55	0	0	NaN	NaN	98e2da0840b70e0c285b273c6194533f88b6fe56f880d58519b1789d8e9a230e
n040-set02	random	medium	8	2	instances/data/n040-set02/random/medium-g8/m2.dat	220.000000000	220.000000000	0.000000000	440	440	0	0	NaN	NaN	ac54bf6312632556d232291581c783a60de4bb52ac227eaa78359992cb8e0aaf
n040-set02	random	medium	8	3	instances/data/n040-set02/random/medium-g8/m3.dat	220.000000000	220.000000000	0.000000000	440	440	0	0	NaN	NaN	ac54bf6312632556d232291581c783a60de4bb52ac227eaa78359992cb8e0aaf
n040-set02	random	medium	8	4	instances/data/n040-set02/random/medium-g8/m4.dat	220.000000000	220.000000000	0.000000000	440	440	0	0	NaN	NaN	ac54bf6312632556d232291581c783a60de4bb52ac227eaa78359992cb8e0aaf
n040-set02	random	high	18	2	instances/data/n040-set02/random/high-g18/m2.dat	495.000000000	495.000000000	0.000000000	990	990	0	0	NaN	NaN	90049f5876ec191a71594f075dbf7b4c8955349afb2074e7a0471aef466ae4db
n040-set02	random	high	18	3	instances/data/n040-set02/random/high-g18/m3.dat	495.000000000	495.000000000	0.000000000	990	990	0	0	NaN	NaN	90049f5876ec191a71594f075dbf7b4c8955349afb2074e7a0471aef466ae4db
n040-set02	random	high	18	4	instances/data/n040-set02/random/high-g18/m4.dat	495.000000000	495.000000000	0.000000000	990	990	0	0	NaN	NaN	90049f5876ec191a71594f075dbf7b4c8955349afb2074e7a0471aef466ae4db
n040-set02	family	base	1	2	instances/data/n040-set02/family/base-g1/m2.dat	27.500000000	27.500000000	0.000000000	55	55	0	0	20.870445344	30.572232645	346c2f78c71f12eb384247135b2e90efb3bc70ccabe32bc6d9ee352e9a6cf56e
n040-set02	family	base	1	3	instances/data/n040-set02/family/base-g1/m3.dat	27.500000000	27.500000000	0.000000000	55	55	0	0	20.870445344	30.572232645	346c2f78c71f12eb384247135b2e90efb3bc70ccabe32bc6d9ee352e9a6cf56e
n040-set02	family	base	1	4	instances/data/n040-set02/family/base-g1/m4.dat	27.500000000	27.500000000	0.000000000	55	55	0	0	20.870445344	30.572232645	346c2f78c71f12eb384247135b2e90efb3bc70ccabe32bc6d9ee352e9a6cf56e
n040-set02	family	medium	8	2	instances/data/n040-set02/family/medium-g8/m2.dat	220.000000000	220.000000000	0.000000000	440	440	0	0	166.963562753	244.577861163	9d6c6498de21af07f479894e0bd2bc53604a6a35e19b96de3de1a3fd17bb6d3c
n040-set02	family	medium	8	3	instances/data/n040-set02/family/medium-g8/m3.dat	220.000000000	220.000000000	0.000000000	440	440	0	0	166.963562753	244.577861163	9d6c6498de21af07f479894e0bd2bc53604a6a35e19b96de3de1a3fd17bb6d3c
n040-set02	family	medium	8	4	instances/data/n040-set02/family/medium-g8/m4.dat	220.000000000	220.000000000	0.000000000	440	440	0	0	166.963562753	244.577861163	9d6c6498de21af07f479894e0bd2bc53604a6a35e19b96de3de1a3fd17bb6d3c
n040-set02	family	high	18	2	instances/data/n040-set02/family/high-g18/m2.dat	495.000000000	495.000000000	0.000000000	990	990	0	0	375.668016194	550.300187617	d0cee1738a684057cc22a92b5286639cb7662f57dc3b38122451786deec1a174
n040-set02	family	high	18	3	instances/data/n040-set02/family/high-g18/m3.dat	495.000000000	495.000000000	0.000000000	990	990	0	0	375.668016194	550.300187617	d0cee1738a684057cc22a92b5286639cb7662f57dc3b38122451786deec1a174
n040-set02	family	high	18	4	instances/data/n040-set02/family/high-g18/m4.dat	495.000000000	495.000000000	0.000000000	990	990	0	0	375.668016194	550.300187617	d0cee1738a684057cc22a92b5286639cb7662f57dc3b38122451786deec1a174
n040-set03	random	base	1	2	instances/data/n040-set03/random/base-g1/m2.dat	25.762500000	25.762179487	-0.000320513	51	51	0	0	NaN	NaN	308c7888bfd98aefa804828fbb61cc107b773cbdb3947bc2015e76ba481b063e
n040-set03	random	base	1	3	instances/data/n040-set03/random/base-g1/m3.dat	25.762500000	25.762179487	-0.000320513	51	51	0	0	NaN	NaN	308c7888bfd98aefa804828fbb61cc107b773cbdb3947bc2015e76ba481b063e
n040-set03	random	base	1	4	instances/data/n040-set03/random/base-g1/m4.dat	25.762500000	25.762179487	-0.000320513	51	51	0	0	NaN	NaN	308c7888bfd98aefa804828fbb61cc107b773cbdb3947bc2015e76ba481b063e
n040-set03	random	medium	6	2	instances/data/n040-set03/random/medium-g6/m2.dat	154.575000000	154.573076923	-0.001923077	306	306	0	0	NaN	NaN	1b2d0c829b1391a0acbf76b4f10061b4d241d514f8fd5661439776ed2ebc7c1a
n040-set03	random	medium	6	3	instances/data/n040-set03/random/medium-g6/m3.dat	154.575000000	154.573076923	-0.001923077	306	306	0	0	NaN	NaN	1b2d0c829b1391a0acbf76b4f10061b4d241d514f8fd5661439776ed2ebc7c1a
n040-set03	random	medium	6	4	instances/data/n040-set03/random/medium-g6/m4.dat	154.575000000	154.573076923	-0.001923077	306	306	0	0	NaN	NaN	1b2d0c829b1391a0acbf76b4f10061b4d241d514f8fd5661439776ed2ebc7c1a
n040-set03	random	high	16	2	instances/data/n040-set03/random/high-g16/m2.dat	412.200000000	412.194871795	-0.005128205	816	816	0	0	NaN	NaN	a40400b4880593281cbcf1ea5eb5d84fd7028a21477155e4ddf80c2076fa7dad
n040-set03	random	high	16	3	instances/data/n040-set03/random/high-g16/m3.dat	412.200000000	412.194871795	-0.005128205	816	816	0	0	NaN	NaN	a40400b4880593281cbcf1ea5eb5d84fd7028a21477155e4ddf80c2076fa7dad
n040-set03	random	high	16	4	instances/data/n040-set03/random/high-g16/m4.dat	412.200000000	412.194871795	-0.005128205	816	816	0	0	NaN	NaN	a40400b4880593281cbcf1ea5eb5d84fd7028a21477155e4ddf80c2076fa7dad
n040-set03	family	base	1	2	instances/data/n040-set03/family/base-g1/m2.dat	25.762500000	25.762179487	-0.000320513	51	51	0	0	17.977732794	29.369606004	cb80c18f38253f3128076fa265081aef75e4bc13c71b9e35f0d96a0e00e00b0a
n040-set03	family	base	1	3	instances/data/n040-set03/family/base-g1/m3.dat	25.762500000	25.762179487	-0.000320513	51	51	0	0	17.977732794	29.369606004	cb80c18f38253f3128076fa265081aef75e4bc13c71b9e35f0d96a0e00e00b0a
n040-set03	family	base	1	4	instances/data/n040-set03/family/base-g1/m4.dat	25.762500000	25.762179487	-0.000320513	51	51	0	0	17.977732794	29.369606004	cb80c18f38253f3128076fa265081aef75e4bc13c71b9e35f0d96a0e00e00b0a
n040-set03	family	medium	6	2	instances/data/n040-set03/family/medium-g6/m2.dat	154.575000000	154.573076923	-0.001923077	306	306	0	0	107.866396761	176.217636023	973625b901f758991d3bda0f4bb08a8e6a441a3e1e375ba6c330a60e0e9bd418
n040-set03	family	medium	6	3	instances/data/n040-set03/family/medium-g6/m3.dat	154.575000000	154.573076923	-0.001923077	306	306	0	0	107.866396761	176.217636023	973625b901f758991d3bda0f4bb08a8e6a441a3e1e375ba6c330a60e0e9bd418
n040-set03	family	medium	6	4	instances/data/n040-set03/family/medium-g6/m4.dat	154.575000000	154.573076923	-0.001923077	306	306	0	0	107.866396761	176.217636023	973625b901f758991d3bda0f4bb08a8e6a441a3e1e375ba6c330a60e0e9bd418
n040-set03	family	high	16	2	instances/data/n040-set03/family/high-g16/m2.dat	412.200000000	412.194871795	-0.005128205	816	816	0	0	287.643724696	469.913696060	a9cdc3b9bd34ef47c1015a07c2ba164ce67bf5ff22c1de15b3553c6a43d0e366
n040-set03	family	high	16	3	instances/data/n040-set03/family/high-g16/m3.dat	412.200000000	412.194871795	-0.005128205	816	816	0	0	287.643724696	469.913696060	a9cdc3b9bd34ef47c1015a07c2ba164ce67bf5ff22c1de15b3553c6a43d0e366
n040-set03	family	high	16	4	instances/data/n040-set03/family/high-g16/m4.dat	412.200000000	412.194871795	-0.005128205	816	816	0	0	287.643724696	469.913696060	a9cdc3b9bd34ef47c1015a07c2ba164ce67bf5ff22c1de15b3553c6a43d0e366
n040-set04	random	base	1	2	instances/data/n040-set04/random/base-g1/m2.dat	22.400000000	22.400000000	0.000000000	44	44	0	0	NaN	NaN	a9af82795dc120c3be6e76cf4ffc99332a7ae99d39f1fe370d5c1f717d8b8224
n040-set04	random	base	1	3	instances/data/n040-set04/random/base-g1/m3.dat	22.400000000	22.400000000	0.000000000	44	44	0	0	NaN	NaN	a9af82795dc120c3be6e76cf4ffc99332a7ae99d39f1fe370d5c1f717d8b8224
n040-set04	random	base	1	4	instances/data/n040-set04/random/base-g1/m4.dat	22.400000000	22.400000000	0.000000000	44	44	0	0	NaN	NaN	a9af82795dc120c3be6e76cf4ffc99332a7ae99d39f1fe370d5c1f717d8b8224
n040-set04	random	medium	12	2	instances/data/n040-set04/random/medium-g12/m2.dat	268.800000000	268.800000000	0.000000000	528	528	0	0	NaN	NaN	e246ec5805aa009dd997c2624483cb5b5186d76130368462f29080319f535669
n040-set04	random	medium	12	3	instances/data/n040-set04/random/medium-g12/m3.dat	268.800000000	268.800000000	0.000000000	528	528	0	0	NaN	NaN	e246ec5805aa009dd997c2624483cb5b5186d76130368462f29080319f535669
n040-set04	random	medium	12	4	instances/data/n040-set04/random/medium-g12/m4.dat	268.800000000	268.800000000	0.000000000	528	528	0	0	NaN	NaN	e246ec5805aa009dd997c2624483cb5b5186d76130368462f29080319f535669
n040-set04	random	high	22	2	instances/data/n040-set04/random/high-g22/m2.dat	492.800000000	492.800000000	0.000000000	968	968	0	0	NaN	NaN	a367e3ba71522840889daccb5dc6968953f3c164e639c03474a576b53b90d42e
n040-set04	random	high	22	3	instances/data/n040-set04/random/high-g22/m3.dat	492.800000000	492.800000000	0.000000000	968	968	0	0	NaN	NaN	a367e3ba71522840889daccb5dc6968953f3c164e639c03474a576b53b90d42e
n040-set04	random	high	22	4	instances/data/n040-set04/random/high-g22/m4.dat	492.800000000	492.800000000	0.000000000	968	968	0	0	NaN	NaN	a367e3ba71522840889daccb5dc6968953f3c164e639c03474a576b53b90d42e
n040-set04	family	base	1	2	instances/data/n040-set04/family/base-g1/m2.dat	22.400000000	22.400000000	0.000000000	44	44	0	0	15.145748988	25.761726079	34f660ccf545741eef9964350c0dcfb5a55d58cf2492275f0a3298dd5f56cf32
n040-set04	family	base	1	3	instances/data/n040-set04/family/base-g1/m3.dat	22.400000000	22.400000000	0.000000000	44	44	0	0	15.145748988	25.761726079	34f660ccf545741eef9964350c0dcfb5a55d58cf2492275f0a3298dd5f56cf32
n040-set04	family	base	1	4	instances/data/n040-set04/family/base-g1/m4.dat	22.400000000	22.400000000	0.000000000	44	44	0	0	15.145748988	25.761726079	34f660ccf545741eef9964350c0dcfb5a55d58cf2492275f0a3298dd5f56cf32
n040-set04	family	medium	12	2	instances/data/n040-set04/family/medium-g12/m2.dat	268.800000000	268.800000000	0.000000000	528	528	0	0	181.748987854	309.140712946	06da4dd26684c29b34f17db678db7c714b4f96b2359406098d7b6dc9b75d21b9
n040-set04	family	medium	12	3	instances/data/n040-set04/family/medium-g12/m3.dat	268.800000000	268.800000000	0.000000000	528	528	0	0	181.748987854	309.140712946	06da4dd26684c29b34f17db678db7c714b4f96b2359406098d7b6dc9b75d21b9
n040-set04	family	medium	12	4	instances/data/n040-set04/family/medium-g12/m4.dat	268.800000000	268.800000000	0.000000000	528	528	0	0	181.748987854	309.140712946	06da4dd26684c29b34f17db678db7c714b4f96b2359406098d7b6dc9b75d21b9
n040-set04	family	high	22	2	instances/data/n040-set04/family/high-g22/m2.dat	492.800000000	492.800000000	0.000000000	968	968	0	0	333.206477733	566.757973734	e423214037ee3e667ca3ec9bfb14e15c99f04356244343dc8ce3deb47beb7251
n040-set04	family	high	22	3	instances/data/n040-set04/family/high-g22/m3.dat	492.800000000	492.800000000	0.000000000	968	968	0	0	333.206477733	566.757973734	e423214037ee3e667ca3ec9bfb14e15c99f04356244343dc8ce3deb47beb7251
n040-set04	family	high	22	4	instances/data/n040-set04/family/high-g22/m4.dat	492.800000000	492.800000000	0.000000000	968	968	0	0	333.206477733	566.757973734	e423214037ee3e667ca3ec9bfb14e15c99f04356244343dc8ce3deb47beb7251
n040-set05	random	base	1	2	instances/data/n040-set05/random/base-g1/m2.dat	24.387500000	24.387179487	-0.000320513	48	48	0	0	NaN	NaN	04fff1703e14ebc9d01beca5c117b2bbe9fc5eba0fd2707f3ea475c51bd46311
n040-set05	random	base	1	3	instances/data/n040-set05/random/base-g1/m3.dat	24.387500000	24.387179487	-0.000320513	48	48	0	0	NaN	NaN	04fff1703e14ebc9d01beca5c117b2bbe9fc5eba0fd2707f3ea475c51bd46311
n040-set05	random	base	1	4	instances/data/n040-set05/random/base-g1/m4.dat	24.387500000	24.387179487	-0.000320513	48	48	0	0	NaN	NaN	04fff1703e14ebc9d01beca5c117b2bbe9fc5eba0fd2707f3ea475c51bd46311
n040-set05	random	medium	5	2	instances/data/n040-set05/random/medium-g5/m2.dat	121.937500000	121.935897436	-0.001602564	240	240	0	0	NaN	NaN	00a477bf42847c45daa9ac3a56fb823a911f640e9301c2eecc7a4d7ea27bbe2c
n040-set05	random	medium	5	3	instances/data/n040-set05/random/medium-g5/m3.dat	121.937500000	121.935897436	-0.001602564	240	240	0	0	NaN	NaN	00a477bf42847c45daa9ac3a56fb823a911f640e9301c2eecc7a4d7ea27bbe2c
n040-set05	random	medium	5	4	instances/data/n040-set05/random/medium-g5/m4.dat	121.937500000	121.935897436	-0.001602564	240	240	0	0	NaN	NaN	00a477bf42847c45daa9ac3a56fb823a911f640e9301c2eecc7a4d7ea27bbe2c
n040-set05	random	high	15	2	instances/data/n040-set05/random/high-g15/m2.dat	365.812500000	365.807692308	-0.004807692	720	720	0	0	NaN	NaN	ea2e3a4c245c77f3d576b5fd813412cd0d01c52045473efa6f6f9d708156574d
n040-set05	random	high	15	3	instances/data/n040-set05/random/high-g15/m3.dat	365.812500000	365.807692308	-0.004807692	720	720	0	0	NaN	NaN	ea2e3a4c245c77f3d576b5fd813412cd0d01c52045473efa6f6f9d708156574d
n040-set05	random	high	15	4	instances/data/n040-set05/random/high-g15/m4.dat	365.812500000	365.807692308	-0.004807692	720	720	0	0	NaN	NaN	ea2e3a4c245c77f3d576b5fd813412cd0d01c52045473efa6f6f9d708156574d
n040-set05	family	base	1	2	instances/data/n040-set05/family/base-g1/m2.dat	24.387500000	24.387179487	-0.000320513	48	48	0	0	16.987854251	27.816135084	2379404eefbaee5144691f41da1168ef9b99a781d0110da6d64fd334b65abd9c
n040-set05	family	base	1	3	instances/data/n040-set05/family/base-g1/m3.dat	24.387500000	24.387179487	-0.000320513	48	48	0	0	16.987854251	27.816135084	2379404eefbaee5144691f41da1168ef9b99a781d0110da6d64fd334b65abd9c
n040-set05	family	base	1	4	instances/data/n040-set05/family/base-g1/m4.dat	24.387500000	24.387179487	-0.000320513	48	48	0	0	16.987854251	27.816135084	2379404eefbaee5144691f41da1168ef9b99a781d0110da6d64fd334b65abd9c
n040-set05	family	medium	5	2	instances/data/n040-set05/family/medium-g5/m2.dat	121.937500000	121.935897436	-0.001602564	240	240	0	0	84.939271255	139.080675422	bfb7e68eb0472e7985019d46b4ac84fd2bf90f86b4cf8cbf0057ce1d1b6a5427
n040-set05	family	medium	5	3	instances/data/n040-set05/family/medium-g5/m3.dat	121.937500000	121.935897436	-0.001602564	240	240	0	0	84.939271255	139.080675422	bfb7e68eb0472e7985019d46b4ac84fd2bf90f86b4cf8cbf0057ce1d1b6a5427
n040-set05	family	medium	5	4	instances/data/n040-set05/family/medium-g5/m4.dat	121.937500000	121.935897436	-0.001602564	240	240	0	0	84.939271255	139.080675422	bfb7e68eb0472e7985019d46b4ac84fd2bf90f86b4cf8cbf0057ce1d1b6a5427
n040-set05	family	high	15	2	instances/data/n040-set05/family/high-g15/m2.dat	365.812500000	365.807692308	-0.004807692	720	720	0	0	254.817813765	417.242026266	91fbaf0c580fef218a26657590d5c2140bfccb9c3853c229d43ee5b36f5eee05
n040-set05	family	high	15	3	instances/data/n040-set05/family/high-g15/m3.dat	365.812500000	365.807692308	-0.004807692	720	720	0	0	254.817813765	417.242026266	91fbaf0c580fef218a26657590d5c2140bfccb9c3853c229d43ee5b36f5eee05
n040-set05	family	high	15	4	instances/data/n040-set05/family/high-g15/m4.dat	365.812500000	365.807692308	-0.004807692	720	720	0	0	254.817813765	417.242026266	91fbaf0c580fef218a26657590d5c2140bfccb9c3853c229d43ee5b36f5eee05
n050-set01	random	base	1	2	instances/data/n050-set01/random/base-g1/m2.dat	26.100000000	26.100000000	0.000000000	52	52	0	0	NaN	NaN	081d01d228c7c7687172970b5f581ef1d528c94f268fdbb7bd31ab6d48624fea
n050-set01	random	base	1	3	instances/data/n050-set01/random/base-g1/m3.dat	26.100000000	26.100000000	0.000000000	52	52	0	0	NaN	NaN	081d01d228c7c7687172970b5f581ef1d528c94f268fdbb7bd31ab6d48624fea
n050-set01	random	base	1	4	instances/data/n050-set01/random/base-g1/m4.dat	26.100000000	26.100000000	0.000000000	52	52	0	0	NaN	NaN	081d01d228c7c7687172970b5f581ef1d528c94f268fdbb7bd31ab6d48624fea
n050-set01	random	medium	13	2	instances/data/n050-set01/random/medium-g13/m2.dat	339.300000000	339.300000000	0.000000000	676	676	0	0	NaN	NaN	65d70346c8c47a4e222eea20bda0f7ef484340e388889719a8f0e548ffb14a6a
n050-set01	random	medium	13	3	instances/data/n050-set01/random/medium-g13/m3.dat	339.300000000	339.300000000	0.000000000	676	676	0	0	NaN	NaN	65d70346c8c47a4e222eea20bda0f7ef484340e388889719a8f0e548ffb14a6a
n050-set01	random	medium	13	4	instances/data/n050-set01/random/medium-g13/m4.dat	339.300000000	339.300000000	0.000000000	676	676	0	0	NaN	NaN	65d70346c8c47a4e222eea20bda0f7ef484340e388889719a8f0e548ffb14a6a
n050-set01	random	high	23	2	instances/data/n050-set01/random/high-g23/m2.dat	600.300000000	600.300000000	0.000000000	1196	1196	0	0	NaN	NaN	e97df44fb8e8117e3f1c99bdb2cc74d14c949d42b29d594652fb695221727d7e
n050-set01	random	high	23	3	instances/data/n050-set01/random/high-g23/m3.dat	600.300000000	600.300000000	0.000000000	1196	1196	0	0	NaN	NaN	e97df44fb8e8117e3f1c99bdb2cc74d14c949d42b29d594652fb695221727d7e
n050-set01	random	high	23	4	instances/data/n050-set01/random/high-g23/m4.dat	600.300000000	600.300000000	0.000000000	1196	1196	0	0	NaN	NaN	e97df44fb8e8117e3f1c99bdb2cc74d14c949d42b29d594652fb695221727d7e
n050-set01	family	base	1	2	instances/data/n050-set01/family/base-g1/m2.dat	26.100000000	26.100000000	0.000000000	52	52	0	0	20.272569444	27.891141942	ef9e43b91208904f8786bd7560182c911c2e44bfd9fd29610bb4c5771122f325
n050-set01	family	base	1	3	instances/data/n050-set01/family/base-g1/m3.dat	26.100000000	26.100000000	0.000000000	52	52	0	0	20.272569444	27.891141942	ef9e43b91208904f8786bd7560182c911c2e44bfd9fd29610bb4c5771122f325
n050-set01	family	base	1	4	instances/data/n050-set01/family/base-g1/m4.dat	26.100000000	26.100000000	0.000000000	52	52	0	0	20.272569444	27.891141942	ef9e43b91208904f8786bd7560182c911c2e44bfd9fd29610bb4c5771122f325
n050-set01	family	medium	13	2	instances/data/n050-set01/family/medium-g13/m2.dat	339.300000000	339.300000000	0.000000000	676	676	0	0	263.543402778	362.584845251	0d00a7408ddf43fc87fc9eab2d072cbef9c353b116109da3e073616664af76bf
n050-set01	family	medium	13	3	instances/data/n050-set01/family/medium-g13/m3.dat	339.300000000	339.300000000	0.000000000	676	676	0	0	263.543402778	362.584845251	0d00a7408ddf43fc87fc9eab2d072cbef9c353b116109da3e073616664af76bf
n050-set01	family	medium	13	4	instances/data/n050-set01/family/medium-g13/m4.dat	339.300000000	339.300000000	0.000000000	676	676	0	0	263.543402778	362.584845251	0d00a7408ddf43fc87fc9eab2d072cbef9c353b116109da3e073616664af76bf
n050-set01	family	high	23	2	instances/data/n050-set01/family/high-g23/m2.dat	600.300000000	600.300000000	0.000000000	1196	1196	0	0	466.269097222	641.496264674	b9770616ece89f356550d12244f3a66aeea089a0be25137e6212b80d3b84a56d
n050-set01	family	high	23	3	instances/data/n050-set01/family/high-g23/m3.dat	600.300000000	600.300000000	0.000000000	1196	1196	0	0	466.269097222	641.496264674	b9770616ece89f356550d12244f3a66aeea089a0be25137e6212b80d3b84a56d
n050-set01	family	high	23	4	instances/data/n050-set01/family/high-g23/m4.dat	600.300000000	600.300000000	0.000000000	1196	1196	0	0	466.269097222	641.496264674	b9770616ece89f356550d12244f3a66aeea089a0be25137e6212b80d3b84a56d
n050-set02	random	base	1	2	instances/data/n050-set02/random/base-g1/m2.dat	26.870000000	26.869795918	-0.000204082	53	53	0	0	NaN	NaN	a73addae56e67f89ec2a3b883ddbb0bf43234b3f54f98f1e90cb5bd8244edca2
n050-set02	random	base	1	3	instances/data/n050-set02/random/base-g1/m3.dat	26.870000000	26.869795918	-0.000204082	53	53	0	0	NaN	NaN	a73addae56e67f89ec2a3b883ddbb0bf43234b3f54f98f1e90cb5bd8244edca2
n050-set02	random	base	1	4	instances/data/n050-set02/random/base-g1/m4.dat	26.870000000	26.869795918	-0.000204082	53	53	0	0	NaN	NaN	a73addae56e67f89ec2a3b883ddbb0bf43234b3f54f98f1e90cb5bd8244edca2
n050-set02	random	medium	11	2	instances/data/n050-set02/random/medium-g11/m2.dat	295.570000000	295.567755102	-0.002244898	583	583	0	0	NaN	NaN	f8316731541a290c6a53ba76db592684a2398cbebec37aa707509d9b8137e49c
n050-set02	random	medium	11	3	instances/data/n050-set02/random/medium-g11/m3.dat	295.570000000	295.567755102	-0.002244898	583	583	0	0	NaN	NaN	f8316731541a290c6a53ba76db592684a2398cbebec37aa707509d9b8137e49c
n050-set02	random	medium	11	4	instances/data/n050-set02/random/medium-g11/m4.dat	295.570000000	295.567755102	-0.002244898	583	583	0	0	NaN	NaN	f8316731541a290c6a53ba76db592684a2398cbebec37aa707509d9b8137e49c
n050-set02	random	high	21	2	instances/data/n050-set02/random/high-g21/m2.dat	564.270000000	564.265714286	-0.004285714	1113	1113	0	0	NaN	NaN	66a40438bb21ee81bc382a563ace26bbe4d9dc7289633d24615e61538889770a
n050-set02	random	high	21	3	instances/data/n050-set02/random/high-g21/m3.dat	564.270000000	564.265714286	-0.004285714	1113	1113	0	0	NaN	NaN	66a40438bb21ee81bc382a563ace26bbe4d9dc7289633d24615e61538889770a
n050-set02	random	high	21	4	instances/data/n050-set02/random/high-g21/m4.dat	564.270000000	564.265714286	-0.004285714	1113	1113	0	0	NaN	NaN	66a40438bb21ee81bc382a563ace26bbe4d9dc7289633d24615e61538889770a
n050-set02	family	base	1	2	instances/data/n050-set02/family/base-g1/m2.dat	26.870000000	26.869795918	-0.000204082	53	53	0	0	20.909722222	28.701707577	567f968c9ef69bb9e8434e99107c8d9cb9955aa7b0a40ed433308cbad7717cb6
n050-set02	family	base	1	3	instances/data/n050-set02/family/base-g1/m3.dat	26.870000000	26.869795918	-0.000204082	53	53	0	0	20.909722222	28.701707577	567f968c9ef69bb9e8434e99107c8d9cb9955aa7b0a40ed433308cbad7717cb6
n050-set02	family	base	1	4	instances/data/n050-set02/family/base-g1/m4.dat	26.870000000	26.869795918	-0.000204082	53	53	0	0	20.909722222	28.701707577	567f968c9ef69bb9e8434e99107c8d9cb9955aa7b0a40ed433308cbad7717cb6
n050-set02	family	medium	11	2	instances/data/n050-set02/family/medium-g11/m2.dat	295.570000000	295.567755102	-0.002244898	583	583	0	0	230.006944444	315.718783351	ad7442bb9dc5d1217d8826992fe9ac1cd1e275542b8f76ee25320df9d045e51f
n050-set02	family	medium	11	3	instances/data/n050-set02/family/medium-g11/m3.dat	295.570000000	295.567755102	-0.002244898	583	583	0	0	230.006944444	315.718783351	ad7442bb9dc5d1217d8826992fe9ac1cd1e275542b8f76ee25320df9d045e51f
n050-set02	family	medium	11	4	instances/data/n050-set02/family/medium-g11/m4.dat	295.570000000	295.567755102	-0.002244898	583	583	0	0	230.006944444	315.718783351	ad7442bb9dc5d1217d8826992fe9ac1cd1e275542b8f76ee25320df9d045e51f
n050-set02	family	high	21	2	instances/data/n050-set02/family/high-g21/m2.dat	564.270000000	564.265714286	-0.004285714	1113	1113	0	0	439.104166667	602.735859125	933ee27c2dddfa32511dcb525d592ad8a5163c1cd15566ab7a799ce4460ea2b6
n050-set02	family	high	21	3	instances/data/n050-set02/family/high-g21/m3.dat	564.270000000	564.265714286	-0.004285714	1113	1113	0	0	439.104166667	602.735859125	933ee27c2dddfa32511dcb525d592ad8a5163c1cd15566ab7a799ce4460ea2b6
n050-set02	family	high	21	4	instances/data/n050-set02/family/high-g21/m4.dat	564.270000000	564.265714286	-0.004285714	1113	1113	0	0	439.104166667	602.735859125	933ee27c2dddfa32511dcb525d592ad8a5163c1cd15566ab7a799ce4460ea2b6
n050-set03	random	base	1	2	instances/data/n050-set03/random/base-g1/m2.dat	25.510000000	25.510204082	0.000204082	51	51	0	0	NaN	NaN	daefe00015e08264832bfd43e58b1fbc6128e883bfd4b53ebbaeca9adb13745d
n050-set03	random	base	1	3	instances/data/n050-set03/random/base-g1/m3.dat	25.510000000	25.510204082	0.000204082	51	51	0	0	NaN	NaN	daefe00015e08264832bfd43e58b1fbc6128e883bfd4b53ebbaeca9adb13745d
n050-set03	random	base	1	4	instances/data/n050-set03/random/base-g1/m4.dat	25.510000000	25.510204082	0.000204082	51	51	0	0	NaN	NaN	daefe00015e08264832bfd43e58b1fbc6128e883bfd4b53ebbaeca9adb13745d
n050-set03	random	medium	5	2	instances/data/n050-set03/random/medium-g5/m2.dat	127.550000000	127.551020408	0.001020408	255	255	0	0	NaN	NaN	d599033ddb27c0833e15a9a9106031ee4823cdc64fab866b1feecc273756d0b5
n050-set03	random	medium	5	3	instances/data/n050-set03/random/medium-g5/m3.dat	127.550000000	127.551020408	0.001020408	255	255	0	0	NaN	NaN	d599033ddb27c0833e15a9a9106031ee4823cdc64fab866b1feecc273756d0b5
n050-set03	random	medium	5	4	instances/data/n050-set03/random/medium-g5/m4.dat	127.550000000	127.551020408	0.001020408	255	255	0	0	NaN	NaN	d599033ddb27c0833e15a9a9106031ee4823cdc64fab866b1feecc273756d0b5
n050-set03	random	high	15	2	instances/data/n050-set03/random/high-g15/m2.dat	382.650000000	382.653061224	0.003061224	765	765	0	0	NaN	NaN	0cbbe575942f14a7d216e264f630764bb131733c62602aa18d8c98357b02bf06
n050-set03	random	high	15	3	instances/data/n050-set03/random/high-g15/m3.dat	382.650000000	382.653061224	0.003061224	765	765	0	0	NaN	NaN	0cbbe575942f14a7d216e264f630764bb131733c62602aa18d8c98357b02bf06
n050-set03	random	high	15	4	instances/data/n050-set03/random/high-g15/m4.dat	382.650000000	382.653061224	0.003061224	765	765	0	0	NaN	NaN	0cbbe575942f14a7d216e264f630764bb131733c62602aa18d8c98357b02bf06
n050-set03	family	base	1	2	instances/data/n050-set03/family/base-g1/m2.dat	25.510000000	25.510204082	0.000204082	51	51	0	0	19.038194444	27.499466382	e45ce0d9f1ef6af6196bfb920053f6ed57cef32aaaf4cc1773d277f5931516c9
n050-set03	family	base	1	3	instances/data/n050-set03/family/base-g1/m3.dat	25.510000000	25.510204082	0.000204082	51	51	0	0	19.038194444	27.499466382	e45ce0d9f1ef6af6196bfb920053f6ed57cef32aaaf4cc1773d277f5931516c9
n050-set03	family	base	1	4	instances/data/n050-set03/family/base-g1/m4.dat	25.510000000	25.510204082	0.000204082	51	51	0	0	19.038194444	27.499466382	e45ce0d9f1ef6af6196bfb920053f6ed57cef32aaaf4cc1773d277f5931516c9
n050-set03	family	medium	5	2	instances/data/n050-set03/family/medium-g5/m2.dat	127.550000000	127.551020408	0.001020408	255	255	0	0	95.190972222	137.497331910	d299f94279af92d6e6cad483039a7ec84eeb28b9f877f4172e6da555064cde02
n050-set03	family	medium	5	3	instances/data/n050-set03/family/medium-g5/m3.dat	127.550000000	127.551020408	0.001020408	255	255	0	0	95.190972222	137.497331910	d299f94279af92d6e6cad483039a7ec84eeb28b9f877f4172e6da555064cde02
n050-set03	family	medium	5	4	instances/data/n050-set03/family/medium-g5/m4.dat	127.550000000	127.551020408	0.001020408	255	255	0	0	95.190972222	137.497331910	d299f94279af92d6e6cad483039a7ec84eeb28b9f877f4172e6da555064cde02
n050-set03	family	high	15	2	instances/data/n050-set03/family/high-g15/m2.dat	382.650000000	382.653061224	0.003061224	765	765	0	0	285.572916667	412.491995731	7af9a76a1ffd5ba22d2388bc14dc220c2f7893d60fbdf4e0735adc30653e23fd
n050-set03	family	high	15	3	instances/data/n050-set03/family/high-g15/m3.dat	382.650000000	382.653061224	0.003061224	765	765	0	0	285.572916667	412.491995731	7af9a76a1ffd5ba22d2388bc14dc220c2f7893d60fbdf4e0735adc30653e23fd
n050-set03	family	high	15	4	instances/data/n050-set03/family/high-g15/m4.dat	382.650000000	382.653061224	0.003061224	765	765	0	0	285.572916667	412.491995731	7af9a76a1ffd5ba22d2388bc14dc220c2f7893d60fbdf4e0735adc30653e23fd
n050-set04	random	base	1	2	instances/data/n050-set04/random/base-g1/m2.dat	21.700000000	21.700000000	0.000000000	43	43	0	0	NaN	NaN	5c1e79cb2a6797be52d9ef7e342e687b1388afd918d596e4af6612513917b653
n050-set04	random	base	1	3	instances/data/n050-set04/random/base-g1/m3.dat	21.700000000	21.700000000	0.000000000	43	43	0	0	NaN	NaN	5c1e79cb2a6797be52d9ef7e342e687b1388afd918d596e4af6612513917b653
n050-set04	random	base	1	4	instances/data/n050-set04/random/base-g1/m4.dat	21.700000000	21.700000000	0.000000000	43	43	0	0	NaN	NaN	5c1e79cb2a6797be52d9ef7e342e687b1388afd918d596e4af6612513917b653
n050-set04	random	medium	9	2	instances/data/n050-set04/random/medium-g9/m2.dat	195.300000000	195.300000000	0.000000000	387	387	0	0	NaN	NaN	bf86bfc4ac87589c355ff292e710ff514be609e620cf5b24bf4b8502a0960b7c
n050-set04	random	medium	9	3	instances/data/n050-set04/random/medium-g9/m3.dat	195.300000000	195.300000000	0.000000000	387	387	0	0	NaN	NaN	bf86bfc4ac87589c355ff292e710ff514be609e620cf5b24bf4b8502a0960b7c
n050-set04	random	medium	9	4	instances/data/n050-set04/random/medium-g9/m4.dat	195.300000000	195.300000000	0.000000000	387	387	0	0	NaN	NaN	bf86bfc4ac87589c355ff292e710ff514be609e620cf5b24bf4b8502a0960b7c
n050-set04	random	high	19	2	instances/data/n050-set04/random/high-g19/m2.dat	412.300000000	412.300000000	0.000000000	817	817	0	0	NaN	NaN	833500c7f067de866f88498334a4c4482b8b91f13dc2214498658ec22d735a54
n050-set04	random	high	19	3	instances/data/n050-set04/random/high-g19/m3.dat	412.300000000	412.300000000	0.000000000	817	817	0	0	NaN	NaN	833500c7f067de866f88498334a4c4482b8b91f13dc2214498658ec22d735a54
n050-set04	random	high	19	4	instances/data/n050-set04/random/high-g19/m4.dat	412.300000000	412.300000000	0.000000000	817	817	0	0	NaN	NaN	833500c7f067de866f88498334a4c4482b8b91f13dc2214498658ec22d735a54
n050-set04	family	base	1	2	instances/data/n050-set04/family/base-g1/m2.dat	21.700000000	21.700000000	0.000000000	43	43	0	0	16.145833333	23.407150480	2eb7f1afc67947e49954d9ce95b82c51892bf0affc36cb7f05426838bd6d559a
n050-set04	family	base	1	3	instances/data/n050-set04/family/base-g1/m3.dat	21.700000000	21.700000000	0.000000000	43	43	0	0	16.145833333	23.407150480	2eb7f1afc67947e49954d9ce95b82c51892bf0affc36cb7f05426838bd6d559a
n050-set04	family	base	1	4	instances/data/n050-set04/family/base-g1/m4.dat	21.700000000	21.700000000	0.000000000	43	43	0	0	16.145833333	23.407150480	2eb7f1afc67947e49954d9ce95b82c51892bf0affc36cb7f05426838bd6d559a
n050-set04	family	medium	9	2	instances/data/n050-set04/family/medium-g9/m2.dat	195.300000000	195.300000000	0.000000000	387	387	0	0	145.312500000	210.664354322	4ceb96984537955e74b0fc67c58e78583fa54a5a0514c939a0cba1a6168cfef4
n050-set04	family	medium	9	3	instances/data/n050-set04/family/medium-g9/m3.dat	195.300000000	195.300000000	0.000000000	387	387	0	0	145.312500000	210.664354322	4ceb96984537955e74b0fc67c58e78583fa54a5a0514c939a0cba1a6168cfef4
n050-set04	family	medium	9	4	instances/data/n050-set04/family/medium-g9/m4.dat	195.300000000	195.300000000	0.000000000	387	387	0	0	145.312500000	210.664354322	4ceb96984537955e74b0fc67c58e78583fa54a5a0514c939a0cba1a6168cfef4
n050-set04	family	high	19	2	instances/data/n050-set04/family/high-g19/m2.dat	412.300000000	412.300000000	0.000000000	817	817	0	0	306.770833333	444.735859125	f84fe97f575822b0cd7717035c60eb03bbbd91c850085e5ed4c296960f7d3b51
n050-set04	family	high	19	3	instances/data/n050-set04/family/high-g19/m3.dat	412.300000000	412.300000000	0.000000000	817	817	0	0	306.770833333	444.735859125	f84fe97f575822b0cd7717035c60eb03bbbd91c850085e5ed4c296960f7d3b51
n050-set04	family	high	19	4	instances/data/n050-set04/family/high-g19/m4.dat	412.300000000	412.300000000	0.000000000	817	817	0	0	306.770833333	444.735859125	f84fe97f575822b0cd7717035c60eb03bbbd91c850085e5ed4c296960f7d3b51
n050-set05	random	base	1	2	instances/data/n050-set05/random/base-g1/m2.dat	22.550000000	22.549795918	-0.000204082	45	45	0	0	NaN	NaN	90a53d11c9e87983bf7f22fa6ea76e2b646a12d9367a3ccc996bb193b2b833cb
n050-set05	random	base	1	3	instances/data/n050-set05/random/base-g1/m3.dat	22.550000000	22.549795918	-0.000204082	45	45	0	0	NaN	NaN	90a53d11c9e87983bf7f22fa6ea76e2b646a12d9367a3ccc996bb193b2b833cb
n050-set05	random	base	1	4	instances/data/n050-set05/random/base-g1/m4.dat	22.550000000	22.549795918	-0.000204082	45	45	0	0	NaN	NaN	90a53d11c9e87983bf7f22fa6ea76e2b646a12d9367a3ccc996bb193b2b833cb
n050-set05	random	medium	15	2	instances/data/n050-set05/random/medium-g15/m2.dat	338.250000000	338.246938776	-0.003061224	675	675	0	0	NaN	NaN	92986a39fd59c43c1898cdeb3b7dcb87218b81df30ae980ffd34378a0f92c34b
n050-set05	random	medium	15	3	instances/data/n050-set05/random/medium-g15/m3.dat	338.250000000	338.246938776	-0.003061224	675	675	0	0	NaN	NaN	92986a39fd59c43c1898cdeb3b7dcb87218b81df30ae980ffd34378a0f92c34b
n050-set05	random	medium	15	4	instances/data/n050-set05/random/medium-g15/m4.dat	338.250000000	338.246938776	-0.003061224	675	675	0	0	NaN	NaN	92986a39fd59c43c1898cdeb3b7dcb87218b81df30ae980ffd34378a0f92c34b
n050-set05	random	high	25	2	instances/data/n050-set05/random/high-g25/m2.dat	563.750000000	563.744897959	-0.005102041	1125	1125	0	0	NaN	NaN	a83afd0bb03f0da7e25200e66134490b5f6d095d48edb668be366c36c4f8ac32
n050-set05	random	high	25	3	instances/data/n050-set05/random/high-g25/m3.dat	563.750000000	563.744897959	-0.005102041	1125	1125	0	0	NaN	NaN	a83afd0bb03f0da7e25200e66134490b5f6d095d48edb668be366c36c4f8ac32
n050-set05	random	high	25	4	instances/data/n050-set05/random/high-g25/m4.dat	563.750000000	563.744897959	-0.005102041	1125	1125	0	0	NaN	NaN	a83afd0bb03f0da7e25200e66134490b5f6d095d48edb668be366c36c4f8ac32
n050-set05	family	base	1	2	instances/data/n050-set05/family/base-g1/m2.dat	22.550000000	22.549795918	-0.000204082	45	45	0	0	18.222222222	23.879935966	3f0334dcaf0843ff4556cbf10a13a27b5a48cc65b56bcd2e534e49112d0ce75f
n050-set05	family	base	1	3	instances/data/n050-set05/family/base-g1/m3.dat	22.550000000	22.549795918	-0.000204082	45	45	0	0	18.222222222	23.879935966	3f0334dcaf0843ff4556cbf10a13a27b5a48cc65b56bcd2e534e49112d0ce75f
n050-set05	family	base	1	4	instances/data/n050-set05/family/base-g1/m4.dat	22.550000000	22.549795918	-0.000204082	45	45	0	0	18.222222222	23.879935966	3f0334dcaf0843ff4556cbf10a13a27b5a48cc65b56bcd2e534e49112d0ce75f
n050-set05	family	medium	15	2	instances/data/n050-set05/family/medium-g15/m2.dat	338.250000000	338.246938776	-0.003061224	675	675	0	0	273.333333333	358.199039488	e081c1409f65ebc8677ab66ec16904c77b1dc4b5da24d45fea2c57b6b196a800
n050-set05	family	medium	15	3	instances/data/n050-set05/family/medium-g15/m3.dat	338.250000000	338.246938776	-0.003061224	675	675	0	0	273.333333333	358.199039488	e081c1409f65ebc8677ab66ec16904c77b1dc4b5da24d45fea2c57b6b196a800
n050-set05	family	medium	15	4	instances/data/n050-set05/family/medium-g15/m4.dat	338.250000000	338.246938776	-0.003061224	675	675	0	0	273.333333333	358.199039488	e081c1409f65ebc8677ab66ec16904c77b1dc4b5da24d45fea2c57b6b196a800
n050-set05	family	high	25	2	instances/data/n050-set05/family/high-g25/m2.dat	563.750000000	563.744897959	-0.005102041	1125	1125	0	0	455.555555556	596.998399146	2f47f235418fc95ae5344479353b5020d90c4dee1ac55da6aef98d616db3ffc8
n050-set05	family	high	25	3	instances/data/n050-set05/family/high-g25/m3.dat	563.750000000	563.744897959	-0.005102041	1125	1125	0	0	455.555555556	596.998399146	2f47f235418fc95ae5344479353b5020d90c4dee1ac55da6aef98d616db3ffc8
n050-set05	family	high	25	4	instances/data/n050-set05/family/high-g25/m4.dat	563.750000000	563.744897959	-0.005102041	1125	1125	0	0	455.555555556	596.998399146	2f47f235418fc95ae5344479353b5020d90c4dee1ac55da6aef98d616db3ffc8
n060-set01	random	base	1	2	instances/data/n060-set01/random/base-g1/m2.dat	27.366666667	27.366666667	0.000000000	54	54	0	0	NaN	NaN	b774535ba4445f656f3b315b920a88d495dffa255f7c90aa6324bc8936a9e5e9
n060-set01	random	base	1	3	instances/data/n060-set01/random/base-g1/m3.dat	27.366666667	27.366666667	0.000000000	54	54	0	0	NaN	NaN	b774535ba4445f656f3b315b920a88d495dffa255f7c90aa6324bc8936a9e5e9
n060-set01	random	base	1	4	instances/data/n060-set01/random/base-g1/m4.dat	27.366666667	27.366666667	0.000000000	54	54	0	0	NaN	NaN	b774535ba4445f656f3b315b920a88d495dffa255f7c90aa6324bc8936a9e5e9
n060-set01	random	medium	9	2	instances/data/n060-set01/random/medium-g9/m2.dat	246.300000000	246.300000000	0.000000000	486	486	0	0	NaN	NaN	39475077e36fc7cad2f87f0e10a16abd1049e11f3e81d7bc9d88ea5269a2aa03
n060-set01	random	medium	9	3	instances/data/n060-set01/random/medium-g9/m3.dat	246.300000000	246.300000000	0.000000000	486	486	0	0	NaN	NaN	39475077e36fc7cad2f87f0e10a16abd1049e11f3e81d7bc9d88ea5269a2aa03
n060-set01	random	medium	9	4	instances/data/n060-set01/random/medium-g9/m4.dat	246.300000000	246.300000000	0.000000000	486	486	0	0	NaN	NaN	39475077e36fc7cad2f87f0e10a16abd1049e11f3e81d7bc9d88ea5269a2aa03
n060-set01	random	high	19	2	instances/data/n060-set01/random/high-g19/m2.dat	519.966666667	519.966666667	0.000000000	1026	1026	0	0	NaN	NaN	aad777e1915f36127868567487cb6c8ea46fa423e04265daa2e9070d9a327ca7
n060-set01	random	high	19	3	instances/data/n060-set01/random/high-g19/m3.dat	519.966666667	519.966666667	0.000000000	1026	1026	0	0	NaN	NaN	aad777e1915f36127868567487cb6c8ea46fa423e04265daa2e9070d9a327ca7
n060-set01	random	high	19	4	instances/data/n060-set01/random/high-g19/m4.dat	519.966666667	519.966666667	0.000000000	1026	1026	0	0	NaN	NaN	aad777e1915f36127868567487cb6c8ea46fa423e04265daa2e9070d9a327ca7
n060-set01	family	base	1	2	instances/data/n060-set01/family/base-g1/m2.dat	27.366666667	27.366666667	0.000000000	54	54	0	0	21.996428571	29.037407407	18c87526851a8e37ca3976ce7c9d767824d7ecf226097c388da958136f0bc1a7
n060-set01	family	base	1	3	instances/data/n060-set01/family/base-g1/m3.dat	27.366666667	27.366666667	0.000000000	54	54	0	0	21.996428571	29.037407407	18c87526851a8e37ca3976ce7c9d767824d7ecf226097c388da958136f0bc1a7
n060-set01	family	base	1	4	instances/data/n060-set01/family/base-g1/m4.dat	27.366666667	27.366666667	0.000000000	54	54	0	0	21.996428571	29.037407407	18c87526851a8e37ca3976ce7c9d767824d7ecf226097c388da958136f0bc1a7
n060-set01	family	medium	9	2	instances/data/n060-set01/family/medium-g9/m2.dat	246.300000000	246.300000000	0.000000000	486	486	0	0	197.967857143	261.336666667	bda779fe5b959ac53ed9cef684fbbade6d5d97d364d0c9fcfa3af381328b50a5
n060-set01	family	medium	9	3	instances/data/n060-set01/family/medium-g9/m3.dat	246.300000000	246.300000000	0.000000000	486	486	0	0	197.967857143	261.336666667	bda779fe5b959ac53ed9cef684fbbade6d5d97d364d0c9fcfa3af381328b50a5
n060-set01	family	medium	9	4	instances/data/n060-set01/family/medium-g9/m4.dat	246.300000000	246.300000000	0.000000000	486	486	0	0	197.967857143	261.336666667	bda779fe5b959ac53ed9cef684fbbade6d5d97d364d0c9fcfa3af381328b50a5
n060-set01	family	high	19	2	instances/data/n060-set01/family/high-g19/m2.dat	519.966666667	519.966666667	0.000000000	1026	1026	0	0	417.932142857	551.710740741	f398bc0ddbc3cb08668cb596b5bf5e95d09b5677b6d5c22c63d6b692b1eb87be
n060-set01	family	high	19	3	instances/data/n060-set01/family/high-g19/m3.dat	519.966666667	519.966666667	0.000000000	1026	1026	0	0	417.932142857	551.710740741	f398bc0ddbc3cb08668cb596b5bf5e95d09b5677b6d5c22c63d6b692b1eb87be
n060-set01	family	high	19	4	instances/data/n060-set01/family/high-g19/m4.dat	519.966666667	519.966666667	0.000000000	1026	1026	0	0	417.932142857	551.710740741	f398bc0ddbc3cb08668cb596b5bf5e95d09b5677b6d5c22c63d6b692b1eb87be
n060-set02	random	base	1	2	instances/data/n060-set02/random/base-g1/m2.dat	25.875000000	25.874858757	-0.000141243	51	51	0	0	NaN	NaN	70383d3bfb50ceba5ca742d3d6641314c60b260e37383a42565ebd790e5c5ebf
n060-set02	random	base	1	3	instances/data/n060-set02/random/base-g1/m3.dat	25.875000000	25.874858757	-0.000141243	51	51	0	0	NaN	NaN	70383d3bfb50ceba5ca742d3d6641314c60b260e37383a42565ebd790e5c5ebf
n060-set02	random	base	1	4	instances/data/n060-set02/random/base-g1/m4.dat	25.875000000	25.874858757	-0.000141243	51	51	0	0	NaN	NaN	70383d3bfb50ceba5ca742d3d6641314c60b260e37383a42565ebd790e5c5ebf
n060-set02	random	medium	6	2	instances/data/n060-set02/random/medium-g6/m2.dat	155.250000000	155.249152542	-0.000847458	306	306	0	0	NaN	NaN	259e0beed16f99268b12272b433c8cc5b1ada5595ad1508be215de792e9d0899
n060-set02	random	medium	6	3	instances/data/n060-set02/random/medium-g6/m3.dat	155.250000000	155.249152542	-0.000847458	306	306	0	0	NaN	NaN	259e0beed16f99268b12272b433c8cc5b1ada5595ad1508be215de792e9d0899
n060-set02	random	medium	6	4	instances/data/n060-set02/random/medium-g6/m4.dat	155.250000000	155.249152542	-0.000847458	306	306	0	0	NaN	NaN	259e0beed16f99268b12272b433c8cc5b1ada5595ad1508be215de792e9d0899
n060-set02	random	high	16	2	instances/data/n060-set02/random/high-g16/m2.dat	414.000000000	413.997740113	-0.002259887	816	816	0	0	NaN	NaN	d9bc4f1abc3bd6abe558b11ed4db20ca2cb9af5435a248093f0914d9f29e81cd
n060-set02	random	high	16	3	instances/data/n060-set02/random/high-g16/m3.dat	414.000000000	413.997740113	-0.002259887	816	816	0	0	NaN	NaN	d9bc4f1abc3bd6abe558b11ed4db20ca2cb9af5435a248093f0914d9f29e81cd
n060-set02	random	high	16	4	instances/data/n060-set02/random/high-g16/m4.dat	414.000000000	413.997740113	-0.002259887	816	816	0	0	NaN	NaN	d9bc4f1abc3bd6abe558b11ed4db20ca2cb9af5435a248093f0914d9f29e81cd
n060-set02	family	base	1	2	instances/data/n060-set02/family/base-g1/m2.dat	25.875000000	25.875141243	0.000141243	51	51	0	0	20.459523810	27.560000000	3a06620a1c888acca33c8e74d245f6eb768119453887d3a9654e710db3e5ec40
n060-set02	family	base	1	3	instances/data/n060-set02/family/base-g1/m3.dat	25.875000000	25.875141243	0.000141243	51	51	0	0	20.459523810	27.560000000	3a06620a1c888acca33c8e74d245f6eb768119453887d3a9654e710db3e5ec40
n060-set02	family	base	1	4	instances/data/n060-set02/family/base-g1/m4.dat	25.875000000	25.875141243	0.000141243	51	51	0	0	20.459523810	27.560000000	3a06620a1c888acca33c8e74d245f6eb768119453887d3a9654e710db3e5ec40
n060-set02	family	medium	6	2	instances/data/n060-set02/family/medium-g6/m2.dat	155.250000000	155.250847458	0.000847458	306	306	0	0	122.757142857	165.360000000	e7f2b3e3d7a5801c4a88eb4101612ce8d81a8ef15460f41734a61afd569ee392
n060-set02	family	medium	6	3	instances/data/n060-set02/family/medium-g6/m3.dat	155.250000000	155.250847458	0.000847458	306	306	0	0	122.757142857	165.360000000	e7f2b3e3d7a5801c4a88eb4101612ce8d81a8ef15460f41734a61afd569ee392
n060-set02	family	medium	6	4	instances/data/n060-set02/family/medium-g6/m4.dat	155.250000000	155.250847458	0.000847458	306	306	0	0	122.757142857	165.360000000	e7f2b3e3d7a5801c4a88eb4101612ce8d81a8ef15460f41734a61afd569ee392
n060-set02	family	high	16	2	instances/data/n060-set02/family/high-g16/m2.dat	414.000000000	414.002259887	0.002259887	816	816	0	0	327.352380952	440.960000000	26be84fca3bd0623ffb1ee0240447380dd8470df14b60befb47d96f794ebe9d2
n060-set02	family	high	16	3	instances/data/n060-set02/family/high-g16/m3.dat	414.000000000	414.002259887	0.002259887	816	816	0	0	327.352380952	440.960000000	26be84fca3bd0623ffb1ee0240447380dd8470df14b60befb47d96f794ebe9d2
n060-set02	family	high	16	4	instances/data/n060-set02/family/high-g16/m4.dat	414.000000000	414.002259887	0.002259887	816	816	0	0	327.352380952	440.960000000	26be84fca3bd0623ffb1ee0240447380dd8470df14b60befb47d96f794ebe9d2
n060-set03	random	base	1	2	instances/data/n060-set03/random/base-g1/m2.dat	25.733333333	25.733333333	0.000000000	51	51	0	0	NaN	NaN	4e253ae4b3b4bc3c0bdc824c0fd812f8dcd616e01c0b51fb4c2e797c4056a900
n060-set03	random	base	1	3	instances/data/n060-set03/random/base-g1/m3.dat	25.733333333	25.733333333	0.000000000	51	51	0	0	NaN	NaN	4e253ae4b3b4bc3c0bdc824c0fd812f8dcd616e01c0b51fb4c2e797c4056a900
n060-set03	random	base	1	4	instances/data/n060-set03/random/base-g1/m4.dat	25.733333333	25.733333333	0.000000000	51	51	0	0	NaN	NaN	4e253ae4b3b4bc3c0bdc824c0fd812f8dcd616e01c0b51fb4c2e797c4056a900
n060-set03	random	medium	7	2	instances/data/n060-set03/random/medium-g7/m2.dat	180.133333333	180.133333333	0.000000000	357	357	0	0	NaN	NaN	10983fc0cba78931fad05c95e22b6f1c0e7acb90e57bf44f4e8d5bc98de48078
n060-set03	random	medium	7	3	instances/data/n060-set03/random/medium-g7/m3.dat	180.133333333	180.133333333	0.000000000	357	357	0	0	NaN	NaN	10983fc0cba78931fad05c95e22b6f1c0e7acb90e57bf44f4e8d5bc98de48078
n060-set03	random	medium	7	4	instances/data/n060-set03/random/medium-g7/m4.dat	180.133333333	180.133333333	0.000000000	357	357	0	0	NaN	NaN	10983fc0cba78931fad05c95e22b6f1c0e7acb90e57bf44f4e8d5bc98de48078
n060-set03	random	high	17	2	instances/data/n060-set03/random/high-g17/m2.dat	437.466666667	437.466666667	0.000000000	867	867	0	0	NaN	NaN	5a7a4e3cf1bdd0f893369112abe1cc7d309b83f1d7eb7a19120c853e0b17b14f
n060-set03	random	high	17	3	instances/data/n060-set03/random/high-g17/m3.dat	437.466666667	437.466666667	0.000000000	867	867	0	0	NaN	NaN	5a7a4e3cf1bdd0f893369112abe1cc7d309b83f1d7eb7a19120c853e0b17b14f
n060-set03	random	high	17	4	instances/data/n060-set03/random/high-g17/m4.dat	437.466666667	437.466666667	0.000000000	867	867	0	0	NaN	NaN	5a7a4e3cf1bdd0f893369112abe1cc7d309b83f1d7eb7a19120c853e0b17b14f
n060-set03	family	base	1	2	instances/data/n060-set03/family/base-g1/m2.dat	25.733333333	25.733333333	0.000000000	51	51	0	0	19.933333333	27.537777778	c870fe1aaa4c1b484f5780786323e5b65bd071b8864bcd3eccce06ab8aa87bc7
n060-set03	family	base	1	3	instances/data/n060-set03/family/base-g1/m3.dat	25.733333333	25.733333333	0.000000000	51	51	0	0	19.933333333	27.537777778	c870fe1aaa4c1b484f5780786323e5b65bd071b8864bcd3eccce06ab8aa87bc7
n060-set03	family	base	1	4	instances/data/n060-set03/family/base-g1/m4.dat	25.733333333	25.733333333	0.000000000	51	51	0	0	19.933333333	27.537777778	c870fe1aaa4c1b484f5780786323e5b65bd071b8864bcd3eccce06ab8aa87bc7
n060-set03	family	medium	7	2	instances/data/n060-set03/family/medium-g7/m2.dat	180.133333333	180.133333333	0.000000000	357	357	0	0	139.533333333	192.764444444	c63159e588940c2f89ff3079b057f00f2fc5e6e2bb412005c7c24342b5147350
n060-set03	family	medium	7	3	instances/data/n060-set03/family/medium-g7/m3.dat	180.133333333	180.133333333	0.000000000	357	357	0	0	139.533333333	192.764444444	c63159e588940c2f89ff3079b057f00f2fc5e6e2bb412005c7c24342b5147350
n060-set03	family	medium	7	4	instances/data/n060-set03/family/medium-g7/m4.dat	180.133333333	180.133333333	0.000000000	357	357	0	0	139.533333333	192.764444444	c63159e588940c2f89ff3079b057f00f2fc5e6e2bb412005c7c24342b5147350
n060-set03	family	high	17	2	instances/data/n060-set03/family/high-g17/m2.dat	437.466666667	437.466666667	0.000000000	867	867	0	0	338.866666667	468.142222222	db0f577cbf223dae4991452c9c274eea31186061cb3d4796f3be7bd03cc99917
n060-set03	family	high	17	3	instances/data/n060-set03/family/high-g17/m3.dat	437.466666667	437.466666667	0.000000000	867	867	0	0	338.866666667	468.142222222	db0f577cbf223dae4991452c9c274eea31186061cb3d4796f3be7bd03cc99917
n060-set03	family	high	17	4	instances/data/n060-set03/family/high-g17/m4.dat	437.466666667	437.466666667	0.000000000	867	867	0	0	338.866666667	468.142222222	db0f577cbf223dae4991452c9c274eea31186061cb3d4796f3be7bd03cc99917
n060-set04	random	base	1	2	instances/data/n060-set04/random/base-g1/m2.dat	26.791666667	26.791807910	0.000141243	53	53	0	0	NaN	NaN	26c5d04366ccf26f7b269889cf0d013b5b0dd9e20a0bd41fd4b42f639be1c189
n060-set04	random	base	1	3	instances/data/n060-set04/random/base-g1/m3.dat	26.791666667	26.791807910	0.000141243	53	53	0	0	NaN	NaN	26c5d04366ccf26f7b269889cf0d013b5b0dd9e20a0bd41fd4b42f639be1c189
n060-set04	random	base	1	4	instances/data/n060-set04/random/base-g1/m4.dat	26.791666667	26.791807910	0.000141243	53	53	0	0	NaN	NaN	26c5d04366ccf26f7b269889cf0d013b5b0dd9e20a0bd41fd4b42f639be1c189
n060-set04	random	medium	15	2	instances/data/n060-set04/random/medium-g15/m2.dat	401.875000000	401.877118644	0.002118644	795	795	0	0	NaN	NaN	45f0422832a1882f78e527f844c4308b49b5638f665a85e9298fffe4dae03517
n060-set04	random	medium	15	3	instances/data/n060-set04/random/medium-g15/m3.dat	401.875000000	401.877118644	0.002118644	795	795	0	0	NaN	NaN	45f0422832a1882f78e527f844c4308b49b5638f665a85e9298fffe4dae03517
n060-set04	random	medium	15	4	instances/data/n060-set04/random/medium-g15/m4.dat	401.875000000	401.877118644	0.002118644	795	795	0	0	NaN	NaN	45f0422832a1882f78e527f844c4308b49b5638f665a85e9298fffe4dae03517
n060-set04	random	high	25	2	instances/data/n060-set04/random/high-g25/m2.dat	669.791666667	669.795197740	0.003531073	1325	1325	0	0	NaN	NaN	cf9ec1b3659c7b860776d8d0591b8bdd7df448e81994845f3b910b2a3e570adc
n060-set04	random	high	25	3	instances/data/n060-set04/random/high-g25/m3.dat	669.791666667	669.795197740	0.003531073	1325	1325	0	0	NaN	NaN	cf9ec1b3659c7b860776d8d0591b8bdd7df448e81994845f3b910b2a3e570adc
n060-set04	random	high	25	4	instances/data/n060-set04/random/high-g25/m4.dat	669.791666667	669.795197740	0.003531073	1325	1325	0	0	NaN	NaN	cf9ec1b3659c7b860776d8d0591b8bdd7df448e81994845f3b910b2a3e570adc
n060-set04	family	base	1	2	instances/data/n060-set04/family/base-g1/m2.dat	26.791666667	26.791807910	0.000141243	53	53	0	0	20.896428571	28.625925926	48e977936cafba77d739ccb3c542c85c3ac0be3d5767ba60b51b3c8d36014195
n060-set04	family	base	1	3	instances/data/n060-set04/family/base-g1/m3.dat	26.791666667	26.791807910	0.000141243	53	53	0	0	20.896428571	28.625925926	48e977936cafba77d739ccb3c542c85c3ac0be3d5767ba60b51b3c8d36014195
n060-set04	family	base	1	4	instances/data/n060-set04/family/base-g1/m4.dat	26.791666667	26.791807910	0.000141243	53	53	0	0	20.896428571	28.625925926	48e977936cafba77d739ccb3c542c85c3ac0be3d5767ba60b51b3c8d36014195
n060-set04	family	medium	15	2	instances/data/n060-set04/family/medium-g15/m2.dat	401.875000000	401.877118644	0.002118644	795	795	0	0	313.446428571	429.388888889	9d5c3445d5ec08e6a3ad7a4fe671094f4ef6294cf62aa5e09903cb0011e9f86c
n060-set04	family	medium	15	3	instances/data/n060-set04/family/medium-g15/m3.dat	401.875000000	401.877118644	0.002118644	795	795	0	0	313.446428571	429.388888889	9d5c3445d5ec08e6a3ad7a4fe671094f4ef6294cf62aa5e09903cb0011e9f86c
n060-set04	family	medium	15	4	instances/data/n060-set04/family/medium-g15/m4.dat	401.875000000	401.877118644	0.002118644	795	795	0	0	313.446428571	429.388888889	9d5c3445d5ec08e6a3ad7a4fe671094f4ef6294cf62aa5e09903cb0011e9f86c
n060-set04	family	high	25	2	instances/data/n060-set04/family/high-g25/m2.dat	669.791666667	669.795197740	0.003531073	1325	1325	0	0	522.410714286	715.648148148	6d9dca2353e53d2fd80b2a2582f79ccfc25b7fe0f7a45a2f3f7c25b59d3bf376
n060-set04	family	high	25	3	instances/data/n060-set04/family/high-g25/m3.dat	669.791666667	669.795197740	0.003531073	1325	1325	0	0	522.410714286	715.648148148	6d9dca2353e53d2fd80b2a2582f79ccfc25b7fe0f7a45a2f3f7c25b59d3bf376
n060-set04	family	high	25	4	instances/data/n060-set04/family/high-g25/m4.dat	669.791666667	669.795197740	0.003531073	1325	1325	0	0	522.410714286	715.648148148	6d9dca2353e53d2fd80b2a2582f79ccfc25b7fe0f7a45a2f3f7c25b59d3bf376
n060-set05	random	base	1	2	instances/data/n060-set05/random/base-g1/m2.dat	27.975000000	27.975141243	0.000141243	55	55	0	0	NaN	NaN	69bb44c38b25543e187a32a2e10c43b4986eb90ed70fc9e02d7ec631eb6b8fa1
n060-set05	random	base	1	3	instances/data/n060-set05/random/base-g1/m3.dat	27.975000000	27.975141243	0.000141243	55	55	0	0	NaN	NaN	69bb44c38b25543e187a32a2e10c43b4986eb90ed70fc9e02d7ec631eb6b8fa1
n060-set05	random	base	1	4	instances/data/n060-set05/random/base-g1/m4.dat	27.975000000	27.975141243	0.000141243	55	55	0	0	NaN	NaN	69bb44c38b25543e187a32a2e10c43b4986eb90ed70fc9e02d7ec631eb6b8fa1
n060-set05	random	medium	13	2	instances/data/n060-set05/random/medium-g13/m2.dat	363.675000000	363.676836158	0.001836158	715	715	0	0	NaN	NaN	880e23490477faed12c6e65ef2ef2b798d2dd039ca8f425e93c043306838d2bb
n060-set05	random	medium	13	3	instances/data/n060-set05/random/medium-g13/m3.dat	363.675000000	363.676836158	0.001836158	715	715	0	0	NaN	NaN	880e23490477faed12c6e65ef2ef2b798d2dd039ca8f425e93c043306838d2bb
n060-set05	random	medium	13	4	instances/data/n060-set05/random/medium-g13/m4.dat	363.675000000	363.676836158	0.001836158	715	715	0	0	NaN	NaN	880e23490477faed12c6e65ef2ef2b798d2dd039ca8f425e93c043306838d2bb
n060-set05	random	high	23	2	instances/data/n060-set05/random/high-g23/m2.dat	643.425000000	643.428248588	0.003248588	1265	1265	0	0	NaN	NaN	2527ab9b715c5d24482a63ba5f8c14ec8f0f8fec8d052e9b3a33df948422e43b
n060-set05	random	high	23	3	instances/data/n060-set05/random/high-g23/m3.dat	643.425000000	643.428248588	0.003248588	1265	1265	0	0	NaN	NaN	2527ab9b715c5d24482a63ba5f8c14ec8f0f8fec8d052e9b3a33df948422e43b
n060-set05	random	high	23	4	instances/data/n060-set05/random/high-g23/m4.dat	643.425000000	643.428248588	0.003248588	1265	1265	0	0	NaN	NaN	2527ab9b715c5d24482a63ba5f8c14ec8f0f8fec8d052e9b3a33df948422e43b
n060-set05	family	base	1	2	instances/data/n060-set05/family/base-g1/m2.dat	27.975000000	27.975141243	0.000141243	55	55	0	0	20.835714286	30.196296296	b65a7d193873dca6aa7b3b0c7eb9d73ceef541310c2f109445efe0e59801a109
n060-set05	family	base	1	3	instances/data/n060-set05/family/base-g1/m3.dat	27.975000000	27.975141243	0.000141243	55	55	0	0	20.835714286	30.196296296	b65a7d193873dca6aa7b3b0c7eb9d73ceef541310c2f109445efe0e59801a109
n060-set05	family	base	1	4	instances/data/n060-set05/family/base-g1/m4.dat	27.975000000	27.975141243	0.000141243	55	55	0	0	20.835714286	30.196296296	b65a7d193873dca6aa7b3b0c7eb9d73ceef541310c2f109445efe0e59801a109
n060-set05	family	medium	13	2	instances/data/n060-set05/family/medium-g13/m2.dat	363.675000000	363.676836158	0.001836158	715	715	0	0	270.864285714	392.551851852	0ed82c5ceef5887ea7efcf024ce998772a56a7d470f0672951300fa6b9052a4c
n060-set05	family	medium	13	3	instances/data/n060-set05/family/medium-g13/m3.dat	363.675000000	363.676836158	0.001836158	715	715	0	0	270.864285714	392.551851852	0ed82c5ceef5887ea7efcf024ce998772a56a7d470f0672951300fa6b9052a4c
n060-set05	family	medium	13	4	instances/data/n060-set05/family/medium-g13/m4.dat	363.675000000	363.676836158	0.001836158	715	715	0	0	270.864285714	392.551851852	0ed82c5ceef5887ea7efcf024ce998772a56a7d470f0672951300fa6b9052a4c
n060-set05	family	high	23	2	instances/data/n060-set05/family/high-g23/m2.dat	643.425000000	643.428248588	0.003248588	1265	1265	0	0	479.221428571	694.514814815	ef1596e4b9e1a9b70294e6a15f5afbd7065f84853fa3e269efc1a4375b5622b1
n060-set05	family	high	23	3	instances/data/n060-set05/family/high-g23/m3.dat	643.425000000	643.428248588	0.003248588	1265	1265	0	0	479.221428571	694.514814815	ef1596e4b9e1a9b70294e6a15f5afbd7065f84853fa3e269efc1a4375b5622b1
n060-set05	family	high	23	4	instances/data/n060-set05/family/high-g23/m4.dat	643.425000000	643.428248588	0.003248588	1265	1265	0	0	479.221428571	694.514814815	ef1596e4b9e1a9b70294e6a15f5afbd7065f84853fa3e269efc1a4375b5622b1
n080-set01	random	base	1	3	instances/data/n080-set01/random/base-g1/m3.dat	27.737500000	27.737500000	0.000000000	55	55	0	0	NaN	NaN	9660406aa95c370b6f5f0e66537463794d943724d45ee1faf4cb32b13cffa12f
n080-set01	random	base	1	4	instances/data/n080-set01/random/base-g1/m4.dat	27.737500000	27.737500000	0.000000000	55	55	0	0	NaN	NaN	9660406aa95c370b6f5f0e66537463794d943724d45ee1faf4cb32b13cffa12f
n080-set01	random	base	1	5	instances/data/n080-set01/random/base-g1/m5.dat	27.737500000	27.737500000	0.000000000	55	55	0	0	NaN	NaN	9660406aa95c370b6f5f0e66537463794d943724d45ee1faf4cb32b13cffa12f
n080-set01	random	medium	11	3	instances/data/n080-set01/random/medium-g11/m3.dat	305.112500000	305.112500000	0.000000000	605	605	0	0	NaN	NaN	567e2f4d86f53312801721977a93763be6892cb0b2e6769d073432332355b124
n080-set01	random	medium	11	4	instances/data/n080-set01/random/medium-g11/m4.dat	305.112500000	305.112500000	0.000000000	605	605	0	0	NaN	NaN	567e2f4d86f53312801721977a93763be6892cb0b2e6769d073432332355b124
n080-set01	random	medium	11	5	instances/data/n080-set01/random/medium-g11/m5.dat	305.112500000	305.112500000	0.000000000	605	605	0	0	NaN	NaN	567e2f4d86f53312801721977a93763be6892cb0b2e6769d073432332355b124
n080-set01	random	high	21	3	instances/data/n080-set01/random/high-g21/m3.dat	582.487500000	582.487500000	0.000000000	1155	1155	0	0	NaN	NaN	2c8159e6e5335e41b208709539d04b58755b236130882d83e7df7fb1c07a7a4e
n080-set01	random	high	21	4	instances/data/n080-set01/random/high-g21/m4.dat	582.487500000	582.487500000	0.000000000	1155	1155	0	0	NaN	NaN	2c8159e6e5335e41b208709539d04b58755b236130882d83e7df7fb1c07a7a4e
n080-set01	random	high	21	5	instances/data/n080-set01/random/high-g21/m5.dat	582.487500000	582.487500000	0.000000000	1155	1155	0	0	NaN	NaN	2c8159e6e5335e41b208709539d04b58755b236130882d83e7df7fb1c07a7a4e
n080-set01	family	base	1	3	instances/data/n080-set01/family/base-g1/m3.dat	27.737500000	27.737500000	0.000000000	55	55	0	0	23.066666667	28.832226563	5b5370d1776096751fb8f4ade1e27b327b1dee1b0f41500c16263bfa7d14e67d
n080-set01	family	base	1	4	instances/data/n080-set01/family/base-g1/m4.dat	27.737500000	27.737500000	0.000000000	55	55	0	0	23.066666667	28.832226563	5b5370d1776096751fb8f4ade1e27b327b1dee1b0f41500c16263bfa7d14e67d
n080-set01	family	base	1	5	instances/data/n080-set01/family/base-g1/m5.dat	27.737500000	27.737500000	0.000000000	55	55	0	0	23.066666667	28.832226563	5b5370d1776096751fb8f4ade1e27b327b1dee1b0f41500c16263bfa7d14e67d
n080-set01	family	medium	11	3	instances/data/n080-set01/family/medium-g11/m3.dat	305.112500000	305.112500000	0.000000000	605	605	0	0	253.733333333	317.154492188	66b78f34b7b61390ed939d54472e9fc8d0f4d5a226eb87b3f545c0fffb5505cc
n080-set01	family	medium	11	4	instances/data/n080-set01/family/medium-g11/m4.dat	305.112500000	305.112500000	0.000000000	605	605	0	0	253.733333333	317.154492188	66b78f34b7b61390ed939d54472e9fc8d0f4d5a226eb87b3f545c0fffb5505cc
n080-set01	family	medium	11	5	instances/data/n080-set01/family/medium-g11/m5.dat	305.112500000	305.112500000	0.000000000	605	605	0	0	253.733333333	317.154492188	66b78f34b7b61390ed939d54472e9fc8d0f4d5a226eb87b3f545c0fffb5505cc
n080-set01	family	high	21	3	instances/data/n080-set01/family/high-g21/m3.dat	582.487500000	582.487500000	0.000000000	1155	1155	0	0	484.400000000	605.476757813	d7bd14db7cfdf21e5d3104052ab1c34c94acdaeeb89b0f0d67e81a9d97801aa8
n080-set01	family	high	21	4	instances/data/n080-set01/family/high-g21/m4.dat	582.487500000	582.487500000	0.000000000	1155	1155	0	0	484.400000000	605.476757813	d7bd14db7cfdf21e5d3104052ab1c34c94acdaeeb89b0f0d67e81a9d97801aa8
n080-set01	family	high	21	5	instances/data/n080-set01/family/high-g21/m5.dat	582.487500000	582.487500000	0.000000000	1155	1155	0	0	484.400000000	605.476757813	d7bd14db7cfdf21e5d3104052ab1c34c94acdaeeb89b0f0d67e81a9d97801aa8
n080-set02	random	base	1	3	instances/data/n080-set02/random/base-g1/m3.dat	26.318750000	26.318829114	0.000079114	52	52	0	0	NaN	NaN	1fec58a9447d855853b6111d6e413e658b370bc11331e858902d2d113f6a4c21
n080-set02	random	base	1	4	instances/data/n080-set02/random/base-g1/m4.dat	26.318750000	26.318829114	0.000079114	52	52	0	0	NaN	NaN	1fec58a9447d855853b6111d6e413e658b370bc11331e858902d2d113f6a4c21
n080-set02	random	base	1	5	instances/data/n080-set02/random/base-g1/m5.dat	26.318750000	26.318829114	0.000079114	52	52	0	0	NaN	NaN	1fec58a9447d855853b6111d6e413e658b370bc11331e858902d2d113f6a4c21
n080-set02	random	medium	7	3	instances/data/n080-set02/random/medium-g7/m3.dat	184.231250000	184.231803797	0.000553797	364	364	0	0	NaN	NaN	0ab2a5f1859ead388af3c8837e81e05e360ecb370014fb3fbf1706dbaea7dd77
n080-set02	random	medium	7	4	instances/data/n080-set02/random/medium-g7/m4.dat	184.231250000	184.231803797	0.000553797	364	364	0	0	NaN	NaN	0ab2a5f1859ead388af3c8837e81e05e360ecb370014fb3fbf1706dbaea7dd77
n080-set02	random	medium	7	5	instances/data/n080-set02/random/medium-g7/m5.dat	184.231250000	184.231803797	0.000553797	364	364	0	0	NaN	NaN	0ab2a5f1859ead388af3c8837e81e05e360ecb370014fb3fbf1706dbaea7dd77
n080-set02	random	high	17	3	instances/data/n080-set02/random/high-g17/m3.dat	447.418750000	447.420094937	0.001344937	884	884	0	0	NaN	NaN	2c0f44d2e2c0d91f1638b78c6eca941e8091c14b5f0e915ddfafd69e2a3551d4
n080-set02	random	high	17	4	instances/data/n080-set02/random/high-g17/m4.dat	447.418750000	447.420094937	0.001344937	884	884	0	0	NaN	NaN	2c0f44d2e2c0d91f1638b78c6eca941e8091c14b5f0e915ddfafd69e2a3551d4
n080-set02	random	high	17	5	instances/data/n080-set02/random/high-g17/m5.dat	447.418750000	447.420094937	0.001344937	884	884	0	0	NaN	NaN	2c0f44d2e2c0d91f1638b78c6eca941e8091c14b5f0e915ddfafd69e2a3551d4
n080-set02	family	base	1	3	instances/data/n080-set02/family/base-g1/m3.dat	26.318750000	26.318829114	0.000079114	52	52	0	0	20.857500000	27.598828125	cc631bc01053a61b8bef775b80536d3e0a6299fc84e3f3dac575d8b4be903e1a
n080-set02	family	base	1	4	instances/data/n080-set02/family/base-g1/m4.dat	26.318750000	26.318829114	0.000079114	52	52	0	0	20.857500000	27.598828125	cc631bc01053a61b8bef775b80536d3e0a6299fc84e3f3dac575d8b4be903e1a
n080-set02	family	base	1	5	instances/data/n080-set02/family/base-g1/m5.dat	26.318750000	26.318829114	0.000079114	52	52	0	0	20.857500000	27.598828125	cc631bc01053a61b8bef775b80536d3e0a6299fc84e3f3dac575d8b4be903e1a
n080-set02	family	medium	7	3	instances/data/n080-set02/family/medium-g7/m3.dat	184.231250000	184.231803797	0.000553797	364	364	0	0	146.002500000	193.191796875	6634a4ff3040b32e8f3bae3cd1d17fe6b3c11c032981366af2afb48385690d01
n080-set02	family	medium	7	4	instances/data/n080-set02/family/medium-g7/m4.dat	184.231250000	184.231803797	0.000553797	364	364	0	0	146.002500000	193.191796875	6634a4ff3040b32e8f3bae3cd1d17fe6b3c11c032981366af2afb48385690d01
n080-set02	family	medium	7	5	instances/data/n080-set02/family/medium-g7/m5.dat	184.231250000	184.231803797	0.000553797	364	364	0	0	146.002500000	193.191796875	6634a4ff3040b32e8f3bae3cd1d17fe6b3c11c032981366af2afb48385690d01
n080-set02	family	high	17	3	instances/data/n080-set02/family/high-g17/m3.dat	447.418750000	447.420094937	0.001344937	884	884	0	0	354.577500000	469.180078125	26b0725d5f233c062fd35f823220c0c67ab7c94a9a8304e038958392136dc6bb
n080-set02	family	high	17	4	instances/data/n080-set02/family/high-g17/m4.dat	447.418750000	447.420094937	0.001344937	884	884	0	0	354.577500000	469.180078125	26b0725d5f233c062fd35f823220c0c67ab7c94a9a8304e038958392136dc6bb
n080-set02	family	high	17	5	instances/data/n080-set02/family/high-g17/m5.dat	447.418750000	447.420094937	0.001344937	884	884	0	0	354.577500000	469.180078125	26b0725d5f233c062fd35f823220c0c67ab7c94a9a8304e038958392136dc6bb
n080-set03	random	base	1	3	instances/data/n080-set03/random/base-g1/m3.dat	26.650000000	26.650000000	0.000000000	53	53	0	0	NaN	NaN	186f406f82e13325b316659a2e2ee2b6c9be8050c12cd33cc2013289a9973e69
n080-set03	random	base	1	4	instances/data/n080-set03/random/base-g1/m4.dat	26.650000000	26.650000000	0.000000000	53	53	0	0	NaN	NaN	186f406f82e13325b316659a2e2ee2b6c9be8050c12cd33cc2013289a9973e69
n080-set03	random	base	1	5	instances/data/n080-set03/random/base-g1/m5.dat	26.650000000	26.650000000	0.000000000	53	53	0	0	NaN	NaN	186f406f82e13325b316659a2e2ee2b6c9be8050c12cd33cc2013289a9973e69
n080-set03	random	medium	10	3	instances/data/n080-set03/random/medium-g10/m3.dat	266.500000000	266.500000000	0.000000000	530	530	0	0	NaN	NaN	df988e3b36f09db916c31cf4c6b3f737ea9d1f3e248a335bb17501a3fb52b12b
n080-set03	random	medium	10	4	instances/data/n080-set03/random/medium-g10/m4.dat	266.500000000	266.500000000	0.000000000	530	530	0	0	NaN	NaN	df988e3b36f09db916c31cf4c6b3f737ea9d1f3e248a335bb17501a3fb52b12b
n080-set03	random	medium	10	5	instances/data/n080-set03/random/medium-g10/m5.dat	266.500000000	266.500000000	0.000000000	530	530	0	0	NaN	NaN	df988e3b36f09db916c31cf4c6b3f737ea9d1f3e248a335bb17501a3fb52b12b
n080-set03	random	high	20	3	instances/data/n080-set03/random/high-g20/m3.dat	533.000000000	533.000000000	0.000000000	1060	1060	0	0	NaN	NaN	9f25e6cb4d1a50363dadce91875fcdba816817b487ac00b3b305a366219d3be7
n080-set03	random	high	20	4	instances/data/n080-set03/random/high-g20/m4.dat	533.000000000	533.000000000	0.000000000	1060	1060	0	0	NaN	NaN	9f25e6cb4d1a50363dadce91875fcdba816817b487ac00b3b305a366219d3be7
n080-set03	random	high	20	5	instances/data/n080-set03/random/high-g20/m5.dat	533.000000000	533.000000000	0.000000000	1060	1060	0	0	NaN	NaN	9f25e6cb4d1a50363dadce91875fcdba816817b487ac00b3b305a366219d3be7
n080-set03	family	base	1	3	instances/data/n080-set03/family/base-g1/m3.dat	26.650000000	26.650000000	0.000000000	53	53	0	0	21.444166667	27.870117188	b09e717c80a2c522e016bc3351a289297d2cdfbc626a1ba8a4a1c4ec7c93618e
n080-set03	family	base	1	4	instances/data/n080-set03/family/base-g1/m4.dat	26.650000000	26.650000000	0.000000000	53	53	0	0	21.444166667	27.870117188	b09e717c80a2c522e016bc3351a289297d2cdfbc626a1ba8a4a1c4ec7c93618e
n080-set03	family	base	1	5	instances/data/n080-set03/family/base-g1/m5.dat	26.650000000	26.650000000	0.000000000	53	53	0	0	21.444166667	27.870117188	b09e717c80a2c522e016bc3351a289297d2cdfbc626a1ba8a4a1c4ec7c93618e
n080-set03	family	medium	10	3	instances/data/n080-set03/family/medium-g10/m3.dat	266.500000000	266.500000000	0.000000000	530	530	0	0	214.441666667	278.701171875	4b31f37053ed77b3d6c60acba76d586b76bef42dd1a738fcee7fc812555978ce
n080-set03	family	medium	10	4	instances/data/n080-set03/family/medium-g10/m4.dat	266.500000000	266.500000000	0.000000000	530	530	0	0	214.441666667	278.701171875	4b31f37053ed77b3d6c60acba76d586b76bef42dd1a738fcee7fc812555978ce
n080-set03	family	medium	10	5	instances/data/n080-set03/family/medium-g10/m5.dat	266.500000000	266.500000000	0.000000000	530	530	0	0	214.441666667	278.701171875	4b31f37053ed77b3d6c60acba76d586b76bef42dd1a738fcee7fc812555978ce
n080-set03	family	high	20	3	instances/data/n080-set03/family/high-g20/m3.dat	533.000000000	533.000000000	0.000000000	1060	1060	0	0	428.883333333	557.402343750	89b61a05860c22061f99716ab7ea8ba2b646bbdc2894c289bcd237533f67fd1d
n080-set03	family	high	20	4	instances/data/n080-set03/family/high-g20/m4.dat	533.000000000	533.000000000	0.000000000	1060	1060	0	0	428.883333333	557.402343750	89b61a05860c22061f99716ab7ea8ba2b646bbdc2894c289bcd237533f67fd1d
n080-set03	family	high	20	5	instances/data/n080-set03/family/high-g20/m5.dat	533.000000000	533.000000000	0.000000000	1060	1060	0	0	428.883333333	557.402343750	89b61a05860c22061f99716ab7ea8ba2b646bbdc2894c289bcd237533f67fd1d
n080-set04	random	base	1	3	instances/data/n080-set04/random/base-g1/m3.dat	25.612500000	25.612500000	0.000000000	51	51	0	0	NaN	NaN	7e3bfa254f974392cb4df11c7db60d98c5349f5e8210fa9047d2d271a877d17a
n080-set04	random	base	1	4	instances/data/n080-set04/random/base-g1/m4.dat	25.612500000	25.612500000	0.000000000	51	51	0	0	NaN	NaN	7e3bfa254f974392cb4df11c7db60d98c5349f5e8210fa9047d2d271a877d17a
n080-set04	random	base	1	5	instances/data/n080-set04/random/base-g1/m5.dat	25.612500000	25.612500000	0.000000000	51	51	0	0	NaN	NaN	7e3bfa254f974392cb4df11c7db60d98c5349f5e8210fa9047d2d271a877d17a
n080-set04	random	medium	15	3	instances/data/n080-set04/random/medium-g15/m3.dat	384.187500000	384.187500000	0.000000000	765	765	0	0	NaN	NaN	3f2fb01d694516dff4e13507e75ba1d3030608858d310ef785e4310d3d5e64a7
n080-set04	random	medium	15	4	instances/data/n080-set04/random/medium-g15/m4.dat	384.187500000	384.187500000	0.000000000	765	765	0	0	NaN	NaN	3f2fb01d694516dff4e13507e75ba1d3030608858d310ef785e4310d3d5e64a7
n080-set04	random	medium	15	5	instances/data/n080-set04/random/medium-g15/m5.dat	384.187500000	384.187500000	0.000000000	765	765	0	0	NaN	NaN	3f2fb01d694516dff4e13507e75ba1d3030608858d310ef785e4310d3d5e64a7
n080-set04	random	high	25	3	instances/data/n080-set04/random/high-g25/m3.dat	640.312500000	640.312500000	0.000000000	1275	1275	0	0	NaN	NaN	4bc29e31f6d2f24f6d8f947cbe385ea0e77cadebd3e6ecb77e50a1c64486134d
n080-set04	random	high	25	4	instances/data/n080-set04/random/high-g25/m4.dat	640.312500000	640.312500000	0.000000000	1275	1275	0	0	NaN	NaN	4bc29e31f6d2f24f6d8f947cbe385ea0e77cadebd3e6ecb77e50a1c64486134d
n080-set04	random	high	25	5	instances/data/n080-set04/random/high-g25/m5.dat	640.312500000	640.312500000	0.000000000	1275	1275	0	0	NaN	NaN	4bc29e31f6d2f24f6d8f947cbe385ea0e77cadebd3e6ecb77e50a1c64486134d
n080-set04	family	base	1	3	instances/data/n080-set04/family/base-g1/m3.dat	25.612500000	25.612500000	0.000000000	51	51	0	0	20.452500000	26.821875000	a68e1775de09783af1aa52cece672c9c81d5024b798d98e5dfee6934d0985297
n080-set04	family	base	1	4	instances/data/n080-set04/family/base-g1/m4.dat	25.612500000	25.612500000	0.000000000	51	51	0	0	20.452500000	26.821875000	a68e1775de09783af1aa52cece672c9c81d5024b798d98e5dfee6934d0985297
n080-set04	family	base	1	5	instances/data/n080-set04/family/base-g1/m5.dat	25.612500000	25.612500000	0.000000000	51	51	0	0	20.452500000	26.821875000	a68e1775de09783af1aa52cece672c9c81d5024b798d98e5dfee6934d0985297
n080-set04	family	medium	15	3	instances/data/n080-set04/family/medium-g15/m3.dat	384.187500000	384.187500000	0.000000000	765	765	0	0	306.787500000	402.328125000	6c3875382918ca052de0e46e11f1288a9b9f54fee46898cc4084a1ae034bfa5d
n080-set04	family	medium	15	4	instances/data/n080-set04/family/medium-g15/m4.dat	384.187500000	384.187500000	0.000000000	765	765	0	0	306.787500000	402.328125000	6c3875382918ca052de0e46e11f1288a9b9f54fee46898cc4084a1ae034bfa5d
n080-set04	family	medium	15	5	instances/data/n080-set04/family/medium-g15/m5.dat	384.187500000	384.187500000	0.000000000	765	765	0	0	306.787500000	402.328125000	6c3875382918ca052de0e46e11f1288a9b9f54fee46898cc4084a1ae034bfa5d
n080-set04	family	high	25	3	instances/data/n080-set04/family/high-g25/m3.dat	640.312500000	640.312500000	0.000000000	1275	1275	0	0	511.312500000	670.546875000	c4a3609ec48f64bf83110ff913aa63b14ccd632fb9a59ede640135360ca5e4b0
n080-set04	family	high	25	4	instances/data/n080-set04/family/high-g25/m4.dat	640.312500000	640.312500000	0.000000000	1275	1275	0	0	511.312500000	670.546875000	c4a3609ec48f64bf83110ff913aa63b14ccd632fb9a59ede640135360ca5e4b0
n080-set04	family	high	25	5	instances/data/n080-set04/family/high-g25/m5.dat	640.312500000	640.312500000	0.000000000	1275	1275	0	0	511.312500000	670.546875000	c4a3609ec48f64bf83110ff913aa63b14ccd632fb9a59ede640135360ca5e4b0
n080-set05	random	base	1	3	instances/data/n080-set05/random/base-g1/m3.dat	26.250000000	26.250000000	0.000000000	52	52	0	0	NaN	NaN	162758263db587643fab1a6dcb4fe02424c494eab88805ef1f25ee362996c227
n080-set05	random	base	1	4	instances/data/n080-set05/random/base-g1/m4.dat	26.250000000	26.250000000	0.000000000	52	52	0	0	NaN	NaN	162758263db587643fab1a6dcb4fe02424c494eab88805ef1f25ee362996c227
n080-set05	random	base	1	5	instances/data/n080-set05/random/base-g1/m5.dat	26.250000000	26.250000000	0.000000000	52	52	0	0	NaN	NaN	162758263db587643fab1a6dcb4fe02424c494eab88805ef1f25ee362996c227
n080-set05	random	medium	6	3	instances/data/n080-set05/random/medium-g6/m3.dat	157.500000000	157.500000000	0.000000000	312	312	0	0	NaN	NaN	226cbf8ae02eaf410e97f4e04d82a89bfa028e7d0b72ac85fc63890c4c04963e
n080-set05	random	medium	6	4	instances/data/n080-set05/random/medium-g6/m4.dat	157.500000000	157.500000000	0.000000000	312	312	0	0	NaN	NaN	226cbf8ae02eaf410e97f4e04d82a89bfa028e7d0b72ac85fc63890c4c04963e
n080-set05	random	medium	6	5	instances/data/n080-set05/random/medium-g6/m5.dat	157.500000000	157.500000000	0.000000000	312	312	0	0	NaN	NaN	226cbf8ae02eaf410e97f4e04d82a89bfa028e7d0b72ac85fc63890c4c04963e
n080-set05	random	high	16	3	instances/data/n080-set05/random/high-g16/m3.dat	420.000000000	420.000000000	0.000000000	832	832	0	0	NaN	NaN	f5a3ea89994389f3121f8a4996f8f6560aa9acc4c3ac699c36a29033d91b1cfb
n080-set05	random	high	16	4	instances/data/n080-set05/random/high-g16/m4.dat	420.000000000	420.000000000	0.000000000	832	832	0	0	NaN	NaN	f5a3ea89994389f3121f8a4996f8f6560aa9acc4c3ac699c36a29033d91b1cfb
n080-set05	random	high	16	5	instances/data/n080-set05/random/high-g16/m5.dat	420.000000000	420.000000000	0.000000000	832	832	0	0	NaN	NaN	f5a3ea89994389f3121f8a4996f8f6560aa9acc4c3ac699c36a29033d91b1cfb
n080-set05	family	base	1	3	instances/data/n080-set05/family/base-g1/m3.dat	26.250000000	26.250000000	0.000000000	52	52	0	0	20.729166667	27.543945313	2f22e5cfd6defe4f23472f0b5374de89f94834b33cc8ecd5f3314e8930820ee7
n080-set05	family	base	1	4	instances/data/n080-set05/family/base-g1/m4.dat	26.250000000	26.250000000	0.000000000	52	52	0	0	20.729166667	27.543945313	2f22e5cfd6defe4f23472f0b5374de89f94834b33cc8ecd5f3314e8930820ee7
n080-set05	family	base	1	5	instances/data/n080-set05/family/base-g1/m5.dat	26.250000000	26.250000000	0.000000000	52	52	0	0	20.729166667	27.543945313	2f22e5cfd6defe4f23472f0b5374de89f94834b33cc8ecd5f3314e8930820ee7
n080-set05	family	medium	6	3	instances/data/n080-set05/family/medium-g6/m3.dat	157.500000000	157.500000000	0.000000000	312	312	0	0	124.375000000	165.263671875	0630aa723ff2013603d4fc1726f1f58af80c35a76d824189dcc37f0688566093
n080-set05	family	medium	6	4	instances/data/n080-set05/family/medium-g6/m4.dat	157.500000000	157.500000000	0.000000000	312	312	0	0	124.375000000	165.263671875	0630aa723ff2013603d4fc1726f1f58af80c35a76d824189dcc37f0688566093
n080-set05	family	medium	6	5	instances/data/n080-set05/family/medium-g6/m5.dat	157.500000000	157.500000000	0.000000000	312	312	0	0	124.375000000	165.263671875	0630aa723ff2013603d4fc1726f1f58af80c35a76d824189dcc37f0688566093
n080-set05	family	high	16	3	instances/data/n080-set05/family/high-g16/m3.dat	420.000000000	420.000000000	0.000000000	832	832	0	0	331.666666667	440.703125000	78a5b254b23104b220dfd3943576b16528dc1dcbfc9e8526d1550d1d1c9166a3
n080-set05	family	high	16	4	instances/data/n080-set05/family/high-g16/m4.dat	420.000000000	420.000000000	0.000000000	832	832	0	0	331.666666667	440.703125000	78a5b254b23104b220dfd3943576b16528dc1dcbfc9e8526d1550d1d1c9166a3
n080-set05	family	high	16	5	instances/data/n080-set05/family/high-g16/m5.dat	420.000000000	420.000000000	0.000000000	832	832	0	0	331.666666667	440.703125000	78a5b254b23104b220dfd3943576b16528dc1dcbfc9e8526d1550d1d1c9166a3
n100-set01	random	base	1	3	instances/data/n100-set01/random/base-g1/m3.dat	27.600000000	27.600000000	0.000000000	55	55	0	0	NaN	NaN	161983e096a33ed3e45f9541106253f271aa99053cb71e102a1ecce29cb1e63c
n100-set01	random	base	1	4	instances/data/n100-set01/random/base-g1/m4.dat	27.600000000	27.600000000	0.000000000	55	55	0	0	NaN	NaN	161983e096a33ed3e45f9541106253f271aa99053cb71e102a1ecce29cb1e63c
n100-set01	random	base	1	5	instances/data/n100-set01/random/base-g1/m5.dat	27.600000000	27.600000000	0.000000000	55	55	0	0	NaN	NaN	161983e096a33ed3e45f9541106253f271aa99053cb71e102a1ecce29cb1e63c
n100-set01	random	medium	7	3	instances/data/n100-set01/random/medium-g7/m3.dat	193.200000000	193.200000000	0.000000000	385	385	0	0	NaN	NaN	f8dbe10e0bfc8f66f433328045f92f44bac5a0a22c86fa985feced8304f5f1c3
n100-set01	random	medium	7	4	instances/data/n100-set01/random/medium-g7/m4.dat	193.200000000	193.200000000	0.000000000	385	385	0	0	NaN	NaN	f8dbe10e0bfc8f66f433328045f92f44bac5a0a22c86fa985feced8304f5f1c3
n100-set01	random	medium	7	5	instances/data/n100-set01/random/medium-g7/m5.dat	193.200000000	193.200000000	0.000000000	385	385	0	0	NaN	NaN	f8dbe10e0bfc8f66f433328045f92f44bac5a0a22c86fa985feced8304f5f1c3
n100-set01	random	high	17	3	instances/data/n100-set01/random/high-g17/m3.dat	469.200000000	469.200000000	0.000000000	935	935	0	0	NaN	NaN	325ddcf700b5e453a94613d4ad76448183d9c9b967571d36a58cfe937b2fb76d
n100-set01	random	high	17	4	instances/data/n100-set01/random/high-g17/m4.dat	469.200000000	469.200000000	0.000000000	935	935	0	0	NaN	NaN	325ddcf700b5e453a94613d4ad76448183d9c9b967571d36a58cfe937b2fb76d
n100-set01	random	high	17	5	instances/data/n100-set01/random/high-g17/m5.dat	469.200000000	469.200000000	0.000000000	935	935	0	0	NaN	NaN	325ddcf700b5e453a94613d4ad76448183d9c9b967571d36a58cfe937b2fb76d
n100-set01	family	base	1	3	instances/data/n100-set01/family/base-g1/m3.dat	27.600000000	27.600000000	0.000000000	55	55	0	0	23.275510204	28.413826212	b1cdd7569da5c182774a9756efa7f4c0e66add3a138f7f5c9c6d1844f2a221d0
n100-set01	family	base	1	4	instances/data/n100-set01/family/base-g1/m4.dat	27.600000000	27.600000000	0.000000000	55	55	0	0	23.275510204	28.413826212	b1cdd7569da5c182774a9756efa7f4c0e66add3a138f7f5c9c6d1844f2a221d0
n100-set01	family	base	1	5	instances/data/n100-set01/family/base-g1/m5.dat	27.600000000	27.600000000	0.000000000	55	55	0	0	23.275510204	28.413826212	b1cdd7569da5c182774a9756efa7f4c0e66add3a138f7f5c9c6d1844f2a221d0
n100-set01	family	medium	7	3	instances/data/n100-set01/family/medium-g7/m3.dat	193.200000000	193.200000000	0.000000000	385	385	0	0	162.928571429	198.896783485	26b053835267c687f47a53c69ce64ca9f0ee0aa162f6647eb795b03d942724db
n100-set01	family	medium	7	4	instances/data/n100-set01/family/medium-g7/m4.dat	193.200000000	193.200000000	0.000000000	385	385	0	0	162.928571429	198.896783485	26b053835267c687f47a53c69ce64ca9f0ee0aa162f6647eb795b03d942724db
n100-set01	family	medium	7	5	instances/data/n100-set01/family/medium-g7/m5.dat	193.200000000	193.200000000	0.000000000	385	385	0	0	162.928571429	198.896783485	26b053835267c687f47a53c69ce64ca9f0ee0aa162f6647eb795b03d942724db
n100-set01	family	high	17	3	instances/data/n100-set01/family/high-g17/m3.dat	469.200000000	469.200000000	0.000000000	935	935	0	0	395.683673469	483.035045607	bee399b9cca837be6e98351ce0149f8314eca581d34508ce5f33573960267017
n100-set01	family	high	17	4	instances/data/n100-set01/family/high-g17/m4.dat	469.200000000	469.200000000	0.000000000	935	935	0	0	395.683673469	483.035045607	bee399b9cca837be6e98351ce0149f8314eca581d34508ce5f33573960267017
n100-set01	family	high	17	5	instances/data/n100-set01/family/high-g17/m5.dat	469.200000000	469.200000000	0.000000000	935	935	0	0	395.683673469	483.035045607	bee399b9cca837be6e98351ce0149f8314eca581d34508ce5f33573960267017
n100-set02	random	base	1	3	instances/data/n100-set02/random/base-g1/m3.dat	26.210000000	26.210000000	0.000000000	52	52	0	0	NaN	NaN	eb92ce815758ff63041ad5c3f0ddefe174fffceee4370316ff1d116c8c563ab3
n100-set02	random	base	1	4	instances/data/n100-set02/random/base-g1/m4.dat	26.210000000	26.210000000	0.000000000	52	52	0	0	NaN	NaN	eb92ce815758ff63041ad5c3f0ddefe174fffceee4370316ff1d116c8c563ab3
n100-set02	random	base	1	5	instances/data/n100-set02/random/base-g1/m5.dat	26.210000000	26.210000000	0.000000000	52	52	0	0	NaN	NaN	eb92ce815758ff63041ad5c3f0ddefe174fffceee4370316ff1d116c8c563ab3
n100-set02	random	medium	13	3	instances/data/n100-set02/random/medium-g13/m3.dat	340.730000000	340.730000000	0.000000000	676	676	0	0	NaN	NaN	88090ae4fff450bfd5c6e9ed0da738722a1b570deb466b079ca20d34d0c77af1
n100-set02	random	medium	13	4	instances/data/n100-set02/random/medium-g13/m4.dat	340.730000000	340.730000000	0.000000000	676	676	0	0	NaN	NaN	88090ae4fff450bfd5c6e9ed0da738722a1b570deb466b079ca20d34d0c77af1
n100-set02	random	medium	13	5	instances/data/n100-set02/random/medium-g13/m5.dat	340.730000000	340.730000000	0.000000000	676	676	0	0	NaN	NaN	88090ae4fff450bfd5c6e9ed0da738722a1b570deb466b079ca20d34d0c77af1
n100-set02	random	high	23	3	instances/data/n100-set02/random/high-g23/m3.dat	602.830000000	602.830000000	0.000000000	1196	1196	0	0	NaN	NaN	f44a469901ffcb529da0230e89304bc0ece4c39908a15f69f7b2e300f3d17956
n100-set02	random	high	23	4	instances/data/n100-set02/random/high-g23/m4.dat	602.830000000	602.830000000	0.000000000	1196	1196	0	0	NaN	NaN	f44a469901ffcb529da0230e89304bc0ece4c39908a15f69f7b2e300f3d17956
n100-set02	random	high	23	5	instances/data/n100-set02/random/high-g23/m5.dat	602.830000000	602.830000000	0.000000000	1196	1196	0	0	NaN	NaN	f44a469901ffcb529da0230e89304bc0ece4c39908a15f69f7b2e300f3d17956
n100-set02	family	base	1	3	instances/data/n100-set02/family/base-g1/m3.dat	26.210000000	26.210000000	0.000000000	52	52	0	0	23.022321429	26.809889582	3dec97dda424f9d98586806a93f28b7573e6b551e99ad2e878f1a744bba719b4
n100-set02	family	base	1	4	instances/data/n100-set02/family/base-g1/m4.dat	26.210000000	26.210000000	0.000000000	52	52	0	0	23.022321429	26.809889582	3dec97dda424f9d98586806a93f28b7573e6b551e99ad2e878f1a744bba719b4
n100-set02	family	base	1	5	instances/data/n100-set02/family/base-g1/m5.dat	26.210000000	26.210000000	0.000000000	52	52	0	0	23.022321429	26.809889582	3dec97dda424f9d98586806a93f28b7573e6b551e99ad2e878f1a744bba719b4
n100-set02	family	medium	13	3	instances/data/n100-set02/family/medium-g13/m3.dat	340.730000000	340.730000000	0.000000000	676	676	0	0	299.290178571	348.528564570	6bbf7dc1878a20adea9e2be16db1ce17ad4baaa5886c41e797674d0dd5d62a5a
n100-set02	family	medium	13	4	instances/data/n100-set02/family/medium-g13/m4.dat	340.730000000	340.730000000	0.000000000	676	676	0	0	299.290178571	348.528564570	6bbf7dc1878a20adea9e2be16db1ce17ad4baaa5886c41e797674d0dd5d62a5a
n100-set02	family	medium	13	5	instances/data/n100-set02/family/medium-g13/m5.dat	340.730000000	340.730000000	0.000000000	676	676	0	0	299.290178571	348.528564570	6bbf7dc1878a20adea9e2be16db1ce17ad4baaa5886c41e797674d0dd5d62a5a
n100-set02	family	high	23	3	instances/data/n100-set02/family/high-g23/m3.dat	602.830000000	602.830000000	0.000000000	1196	1196	0	0	529.513392857	616.627460394	fbb0ed3a3dc0f19cd41e284cda4e61ae2956def0ab53552bbe4903d2021de35f
n100-set02	family	high	23	4	instances/data/n100-set02/family/high-g23/m4.dat	602.830000000	602.830000000	0.000000000	1196	1196	0	0	529.513392857	616.627460394	fbb0ed3a3dc0f19cd41e284cda4e61ae2956def0ab53552bbe4903d2021de35f
n100-set02	family	high	23	5	instances/data/n100-set02/family/high-g23/m5.dat	602.830000000	602.830000000	0.000000000	1196	1196	0	0	529.513392857	616.627460394	fbb0ed3a3dc0f19cd41e284cda4e61ae2956def0ab53552bbe4903d2021de35f
n100-set03	random	base	1	3	instances/data/n100-set03/random/base-g1/m3.dat	26.410000000	26.410000000	0.000000000	52	52	0	0	NaN	NaN	df74f046da05885eb566be6898ae7ce52225bb89db8f4e9af00d9923e3167e81
n100-set03	random	base	1	4	instances/data/n100-set03/random/base-g1/m4.dat	26.410000000	26.410000000	0.000000000	52	52	0	0	NaN	NaN	df74f046da05885eb566be6898ae7ce52225bb89db8f4e9af00d9923e3167e81
n100-set03	random	base	1	5	instances/data/n100-set03/random/base-g1/m5.dat	26.410000000	26.410000000	0.000000000	52	52	0	0	NaN	NaN	df74f046da05885eb566be6898ae7ce52225bb89db8f4e9af00d9923e3167e81
n100-set03	random	medium	9	3	instances/data/n100-set03/random/medium-g9/m3.dat	237.690000000	237.690000000	0.000000000	468	468	0	0	NaN	NaN	66575755ca790613d5c20084c145c6573a50f7d3b9145dd1abcf550532d78f05
n100-set03	random	medium	9	4	instances/data/n100-set03/random/medium-g9/m4.dat	237.690000000	237.690000000	0.000000000	468	468	0	0	NaN	NaN	66575755ca790613d5c20084c145c6573a50f7d3b9145dd1abcf550532d78f05
n100-set03	random	medium	9	5	instances/data/n100-set03/random/medium-g9/m5.dat	237.690000000	237.690000000	0.000000000	468	468	0	0	NaN	NaN	66575755ca790613d5c20084c145c6573a50f7d3b9145dd1abcf550532d78f05
n100-set03	random	high	19	3	instances/data/n100-set03/random/high-g19/m3.dat	501.790000000	501.790000000	0.000000000	988	988	0	0	NaN	NaN	378f210c9c803b48e9e9958d04bd77218851d41c826afe2343bc5f1f54673dd1
n100-set03	random	high	19	4	instances/data/n100-set03/random/high-g19/m4.dat	501.790000000	501.790000000	0.000000000	988	988	0	0	NaN	NaN	378f210c9c803b48e9e9958d04bd77218851d41c826afe2343bc5f1f54673dd1
n100-set03	random	high	19	5	instances/data/n100-set03/random/high-g19/m5.dat	501.790000000	501.790000000	0.000000000	988	988	0	0	NaN	NaN	378f210c9c803b48e9e9958d04bd77218851d41c826afe2343bc5f1f54673dd1
n100-set03	family	base	1	3	instances/data/n100-set03/family/base-g1/m3.dat	26.410000000	26.410000000	0.000000000	52	52	0	0	23.141581633	27.025084013	4c2d8671566a805045b71959b7bea4117809fec4a8f2fac8f0b54aea00c53fc0
n100-set03	family	base	1	4	instances/data/n100-set03/family/base-g1/m4.dat	26.410000000	26.410000000	0.000000000	52	52	0	0	23.141581633	27.025084013	4c2d8671566a805045b71959b7bea4117809fec4a8f2fac8f0b54aea00c53fc0
n100-set03	family	base	1	5	instances/data/n100-set03/family/base-g1/m5.dat	26.410000000	26.410000000	0.000000000	52	52	0	0	23.141581633	27.025084013	4c2d8671566a805045b71959b7bea4117809fec4a8f2fac8f0b54aea00c53fc0
n100-set03	family	medium	9	3	instances/data/n100-set03/family/medium-g9/m3.dat	237.690000000	237.690000000	0.000000000	468	468	0	0	208.274234694	243.225756121	74620dddf56c43c41392b027e1cfd2fed3c3161805b93c646cfeb7a6aacd0079
n100-set03	family	medium	9	4	instances/data/n100-set03/family/medium-g9/m4.dat	237.690000000	237.690000000	0.000000000	468	468	0	0	208.274234694	243.225756121	74620dddf56c43c41392b027e1cfd2fed3c3161805b93c646cfeb7a6aacd0079
n100-set03	family	medium	9	5	instances/data/n100-set03/family/medium-g9/m5.dat	237.690000000	237.690000000	0.000000000	468	468	0	0	208.274234694	243.225756121	74620dddf56c43c41392b027e1cfd2fed3c3161805b93c646cfeb7a6aacd0079
n100-set03	family	high	19	3	instances/data/n100-set03/family/high-g19/m3.dat	501.790000000	501.790000000	0.000000000	988	988	0	0	439.690051020	513.476596255	5e3db526b290f01bb7b22e19120ec35a994c7ff38bc6e9aa506ade46e24d61c7
n100-set03	family	high	19	4	instances/data/n100-set03/family/high-g19/m4.dat	501.790000000	501.790000000	0.000000000	988	988	0	0	439.690051020	513.476596255	5e3db526b290f01bb7b22e19120ec35a994c7ff38bc6e9aa506ade46e24d61c7
n100-set03	family	high	19	5	instances/data/n100-set03/family/high-g19/m5.dat	501.790000000	501.790000000	0.000000000	988	988	0	0	439.690051020	513.476596255	5e3db526b290f01bb7b22e19120ec35a994c7ff38bc6e9aa506ade46e24d61c7
n100-set04	random	base	1	3	instances/data/n100-set04/random/base-g1/m3.dat	25.370000000	25.370000000	0.000000000	50	50	0	0	NaN	NaN	43de70ae7286dd11ab78176ad108a4aebd39d3c04272557fea3fbbf9efcea5a0
n100-set04	random	base	1	4	instances/data/n100-set04/random/base-g1/m4.dat	25.370000000	25.370000000	0.000000000	50	50	0	0	NaN	NaN	43de70ae7286dd11ab78176ad108a4aebd39d3c04272557fea3fbbf9efcea5a0
n100-set04	random	base	1	5	instances/data/n100-set04/random/base-g1/m5.dat	25.370000000	25.370000000	0.000000000	50	50	0	0	NaN	NaN	43de70ae7286dd11ab78176ad108a4aebd39d3c04272557fea3fbbf9efcea5a0
n100-set04	random	medium	14	3	instances/data/n100-set04/random/medium-g14/m3.dat	355.180000000	355.180000000	0.000000000	700	700	0	0	NaN	NaN	c43de0feaef28e12fed55d277a98c4d462a4548f0ba09b1d2b0592e7f8266123
n100-set04	random	medium	14	4	instances/data/n100-set04/random/medium-g14/m4.dat	355.180000000	355.180000000	0.000000000	700	700	0	0	NaN	NaN	c43de0feaef28e12fed55d277a98c4d462a4548f0ba09b1d2b0592e7f8266123
n100-set04	random	medium	14	5	instances/data/n100-set04/random/medium-g14/m5.dat	355.180000000	355.180000000	0.000000000	700	700	0	0	NaN	NaN	c43de0feaef28e12fed55d277a98c4d462a4548f0ba09b1d2b0592e7f8266123
n100-set04	random	high	24	3	instances/data/n100-set04/random/high-g24/m3.dat	608.880000000	608.880000000	0.000000000	1200	1200	0	0	NaN	NaN	b915c39220513cc29cd1681091962ef54ab0c9764aa5f881badd133458d7abc6
n100-set04	random	high	24	4	instances/data/n100-set04/random/high-g24/m4.dat	608.880000000	608.880000000	0.000000000	1200	1200	0	0	NaN	NaN	b915c39220513cc29cd1681091962ef54ab0c9764aa5f881badd133458d7abc6
n100-set04	random	high	24	5	instances/data/n100-set04/random/high-g24/m5.dat	608.880000000	608.880000000	0.000000000	1200	1200	0	0	NaN	NaN	b915c39220513cc29cd1681091962ef54ab0c9764aa5f881badd133458d7abc6
n100-set04	family	base	1	3	instances/data/n100-set04/family/base-g1/m3.dat	25.370000000	25.370000000	0.000000000	50	50	0	0	21.358418367	26.124939990	df615bef4ed96f742a986020b37a6fc334f42e7238a1da0edf34e994952a2790
n100-set04	family	base	1	4	instances/data/n100-set04/family/base-g1/m4.dat	25.370000000	25.370000000	0.000000000	50	50	0	0	21.358418367	26.124939990	df615bef4ed96f742a986020b37a6fc334f42e7238a1da0edf34e994952a2790
n100-set04	family	base	1	5	instances/data/n100-set04/family/base-g1/m5.dat	25.370000000	25.370000000	0.000000000	50	50	0	0	21.358418367	26.124939990	df615bef4ed96f742a986020b37a6fc334f42e7238a1da0edf34e994952a2790
n100-set04	family	medium	14	3	instances/data/n100-set04/family/medium-g14/m3.dat	355.180000000	355.180000000	0.000000000	700	700	0	0	299.017857143	365.749159866	89e3089ec2ad20cbc70f5515b3feff7445a19ce721cfca2044cb80a804485682
n100-set04	family	medium	14	4	instances/data/n100-set04/family/medium-g14/m4.dat	355.180000000	355.180000000	0.000000000	700	700	0	0	299.017857143	365.749159866	89e3089ec2ad20cbc70f5515b3feff7445a19ce721cfca2044cb80a804485682
n100-set04	family	medium	14	5	instances/data/n100-set04/family/medium-g14/m5.dat	355.180000000	355.180000000	0.000000000	700	700	0	0	299.017857143	365.749159866	89e3089ec2ad20cbc70f5515b3feff7445a19ce721cfca2044cb80a804485682
n100-set04	family	high	24	3	instances/data/n100-set04/family/high-g24/m3.dat	608.880000000	608.880000000	0.000000000	1200	1200	0	0	512.602040816	626.998559770	d768e25a482ba914914e276b03ac4f3fb65d444dccb0420bda2b03fcc13fad9f
n100-set04	family	high	24	4	instances/data/n100-set04/family/high-g24/m4.dat	608.880000000	608.880000000	0.000000000	1200	1200	0	0	512.602040816	626.998559770	d768e25a482ba914914e276b03ac4f3fb65d444dccb0420bda2b03fcc13fad9f
n100-set04	family	high	24	5	instances/data/n100-set04/family/high-g24/m5.dat	608.880000000	608.880000000	0.000000000	1200	1200	0	0	512.602040816	626.998559770	d768e25a482ba914914e276b03ac4f3fb65d444dccb0420bda2b03fcc13fad9f
n100-set05	random	base	1	3	instances/data/n100-set05/random/base-g1/m3.dat	27.485000000	27.484949495	-0.000050505	54	54	0	0	NaN	NaN	df176032536dba5141946d6695f83fe5ff53dca17047bf8c3c42053d6f20332b
n100-set05	random	base	1	4	instances/data/n100-set05/random/base-g1/m4.dat	27.485000000	27.484949495	-0.000050505	54	54	0	0	NaN	NaN	df176032536dba5141946d6695f83fe5ff53dca17047bf8c3c42053d6f20332b
n100-set05	random	base	1	5	instances/data/n100-set05/random/base-g1/m5.dat	27.485000000	27.484949495	-0.000050505	54	54	0	0	NaN	NaN	df176032536dba5141946d6695f83fe5ff53dca17047bf8c3c42053d6f20332b
n100-set05	random	medium	6	3	instances/data/n100-set05/random/medium-g6/m3.dat	164.910000000	164.909696970	-0.000303030	324	324	0	0	NaN	NaN	d83e1064606f560fd970da60bae5784301595e195ffb123c0b54877716ce3828
n100-set05	random	medium	6	4	instances/data/n100-set05/random/medium-g6/m4.dat	164.910000000	164.909696970	-0.000303030	324	324	0	0	NaN	NaN	d83e1064606f560fd970da60bae5784301595e195ffb123c0b54877716ce3828
n100-set05	random	medium	6	5	instances/data/n100-set05/random/medium-g6/m5.dat	164.910000000	164.909696970	-0.000303030	324	324	0	0	NaN	NaN	d83e1064606f560fd970da60bae5784301595e195ffb123c0b54877716ce3828
n100-set05	random	high	16	3	instances/data/n100-set05/random/high-g16/m3.dat	439.760000000	439.759191919	-0.000808081	864	864	0	0	NaN	NaN	f82d76c6a5d6c8f55968bfb44835cfa7b8329a11af439bd39f1bda3dbbd6d0ce
n100-set05	random	high	16	4	instances/data/n100-set05/random/high-g16/m4.dat	439.760000000	439.759191919	-0.000808081	864	864	0	0	NaN	NaN	f82d76c6a5d6c8f55968bfb44835cfa7b8329a11af439bd39f1bda3dbbd6d0ce
n100-set05	random	high	16	5	instances/data/n100-set05/random/high-g16/m5.dat	439.760000000	439.759191919	-0.000808081	864	864	0	0	NaN	NaN	f82d76c6a5d6c8f55968bfb44835cfa7b8329a11af439bd39f1bda3dbbd6d0ce
n100-set05	family	base	1	3	instances/data/n100-set05/family/base-g1/m3.dat	27.485000000	27.484949495	-0.000050505	54	54	0	0	23.596938776	28.216634662	f6a82d5728246816034a3b131f86ae57a219451abb606bb93bf735739aa95802
n100-set05	family	base	1	4	instances/data/n100-set05/family/base-g1/m4.dat	27.485000000	27.484949495	-0.000050505	54	54	0	0	23.596938776	28.216634662	f6a82d5728246816034a3b131f86ae57a219451abb606bb93bf735739aa95802
n100-set05	family	base	1	5	instances/data/n100-set05/family/base-g1/m5.dat	27.485000000	27.484949495	-0.000050505	54	54	0	0	23.596938776	28.216634662	f6a82d5728246816034a3b131f86ae57a219451abb606bb93bf735739aa95802
n100-set05	family	medium	6	3	instances/data/n100-set05/family/medium-g6/m3.dat	164.910000000	164.909696970	-0.000303030	324	324	0	0	141.581632653	169.299807969	2334011c51a70da1ebb1d50b96c502997169f13feeca12952590cc8bd9ea93cb
n100-set05	family	medium	6	4	instances/data/n100-set05/family/medium-g6/m4.dat	164.910000000	164.909696970	-0.000303030	324	324	0	0	141.581632653	169.299807969	2334011c51a70da1ebb1d50b96c502997169f13feeca12952590cc8bd9ea93cb
n100-set05	family	medium	6	5	instances/data/n100-set05/family/medium-g6/m5.dat	164.910000000	164.909696970	-0.000303030	324	324	0	0	141.581632653	169.299807969	2334011c51a70da1ebb1d50b96c502997169f13feeca12952590cc8bd9ea93cb
n100-set05	family	high	16	3	instances/data/n100-set05/family/high-g16/m3.dat	439.760000000	439.759191919	-0.000808081	864	864	0	0	377.551020408	451.466154585	87fc1d691289affa6b33c0451cbd3c874f34815b28897776f668d9895fdaaa77
n100-set05	family	high	16	4	instances/data/n100-set05/family/high-g16/m4.dat	439.760000000	439.759191919	-0.000808081	864	864	0	0	377.551020408	451.466154585	87fc1d691289affa6b33c0451cbd3c874f34815b28897776f668d9895fdaaa77
n100-set05	family	high	16	5	instances/data/n100-set05/family/high-g16/m5.dat	439.760000000	439.759191919	-0.000808081	864	864	0	0	377.551020408	451.466154585	87fc1d691289affa6b33c0451cbd3c874f34815b28897776f668d9895fdaaa77
