100 4
902 0 3974 8 6
820 3608 9964 10 9
455 0 4968 1 8
1176 0 3169 4 6
60 4074 10374 2 2
295 136 5912 5 3
162 0 3706 1 8
1260 2687 9067 9 9
52 0 3299 5 2
210 0 3024 3 9
156 0 2888 7 4
36 5131 11405 8 8
1027 0 2921 7 1
518 1038 6834 6 1
1170 0 3106 9 6
737 0 4640 3 3
180 0 3180 3 5
840 0 3088 5 6
532 4211 10225 2 3
994 866 6596 10 10
15 759 6891 6 5
312 0 3146 1 6
54 2234 8602 10 8
210 0 3190 10 1
374 2417 8209 8 5
572 3372 9528 6 10
120 0 3170 2 1
245 0 4581 10 3
780 513 6767 1 5
670 1426 7214 3 8
255 5132 11508 8 3
430 0 5789 1 7
247 2192 8080 8 6
672 0 4822 8 9
767 0 2993 2 7
1440 0 2915 5 1
1248 0 3025 7 9
280 1114 7206 8 7
494 0 5722 2 4
290 4335 10161 7 10
1053 2151 8123 2 6
423 2080 8414 8 1
592 0 3459 9 5
828 0 6053 4 10
812 2913 8831 4 9
624 639 6841 9 2
920 0 5667 5 5
1196 1516 7508 9 6
441 0 3779 9 6
594 0 2970 4 4
240 6959 12723 7 9
198 0 5667 6 9
1144 0 4379 10 2
550 0 3054 3 7
150 4200 10282 8 6
828 2461 8571 1 7
295 0 2921 5 5
1140 829 6611 10 4
1128 0 3795 10 4
1078 2506 8574 3 1
340 1104 7394 3 9
354 0 5365 8 2
230 0 2883 2 8
44 4607 10707 5 4
608 0 3690 7 1
644 0 6086 8 1
152 2005 7811 3 2
576 1817 7663 3 5
56 0 5753 7 2
39 0 3998 3 4
80 0 3004 2 3
979 5727 12109 9 4
121 0 5406 4 5
276 0 3161 5 2
765 3424 9376 2 8
7 2063 7859 7 8
312 767 6463 1 3
240 1002 7188 4 2
325 274 6278 9 4
455 0 3118 3 6
324 1098 7236 3 10
408 3279 9321 4 5
1155 0 3581 8 3
1305 840 6960 8 3
1470 0 3125 6 4
736 4207 10193 6 3
330 0 4975 9 3
564 5164 11216 3 10
574 0 4605 2 6
576 556 6332 8 10
924 0 3164 5 4
605 752 6868 7 8
294 0 2956 9 8
376 1473 7509 10 9
1044 6552 12488 6 2
832 0 2802 8 8
1001 596 6936 3 3
968 755 6745 10 10
54 1779 8067 7 6
196 0 3062 10 1
SETUP
0 11 81 51 41 21 51 51 11 31 41 71 51 61 51 41 61 11 51 21 41 31 61 31 71 41 71 61 71 51 61 71 41 51 61 61 61 51 21 41 61 51 71 31 31 71 41 61 71 51 41 41 41 31 71 61 51 51 21 21 41 71 41 51 41 51 61 41 61 11 31 41 71 71 41 21 81 102 61 61 41 71 21 11 31 31 81 61 41 21 31 41 61 71 71 41 51 61 21 71 51
0 0 102 334 345 324 334 345 324 92 314 355 334 334 355 284 324 314 334 324 314 345 81 304 365 334 324 112 334 345 355 314 314 314 345 334 314 294 334 314 81 334 345 334 324 314 61 81 345 355 345 355 61 345 355 334 334 294 324 324 355 345 324 334 345 345 304 345 345 324 304 355 365 334 81 324 92 132 314 334 314 345 81 324 345 334 365 365 61 375 81 334 81 375 324 345 294 324 334 334 92
0 71 0 334 314 314 314 324 314 31 334 345 324 304 334 304 334 314 304 294 304 294 92 324 294 314 345 102 345 314 345 324 334 304 334 324 334 284 314 324 102 304 274 304 304 324 71 92 345 324 314 324 61 324 324 334 324 324 294 294 324 334 314 304 345 324 294 334 314 304 324 304 345 324 51 294 92 81 304 324 314 345 51 314 314 294 284 334 61 345 51 314 71 345 345 314 314 314 294 274 92
0 304 304 0 61 61 264 334 304 294 314 345 294 324 314 41 314 304 324 314 304 304 304 304 304 304 61 324 81 324 324 314 314 294 61 294 314 294 71 264 334 324 304 314 294 294 274 324 304 81 51 314 294 324 304 41 264 304 314 274 314 324 304 294 334 92 61 324 324 304 304 324 284 294 304 314 324 375 294 61 304 304 314 61 274 294 81 334 314 334 324 294 324 324 314 274 294 304 304 41 284
0 304 324 51 0 41 304 314 304 304 284 334 304 274 314 31 324 294 294 304 284 284 304 284 345 294 71 355 81 304 324 304 284 294 61 294 304 314 21 294 314 284 304 314 294 304 314 314 334 51 71 304 294 304 334 61 314 294 274 304 334 314 304 284 314 71 81 324 324 264 284 284 314 304 314 304 304 365 304 61 304 334 314 11 324 274 81 324 294 324 314 294 334 345 334 324 284 304 274 61 314
0 314 345 61 51 0 304 334 314 334 304 334 324 324 324 31 324 314 314 314 284 294 324 294 345 334 81 345 71 324 294 304 304 304 81 304 304 334 71 304 324 324 334 324 294 304 304 324 334 71 51 324 294 314 334 71 304 294 284 314 324 334 294 314 334 81 92 314 334 274 294 304 334 334 324 314 334 375 334 51 304 334 324 61 314 294 102 314 304 345 324 314 355 345 324 304 284 314 284 81 334
0 304 304 314 324 304 0 334 51 294 324 345 41 314 61 314 304 304 314 304 51 294 314 314 51 304 304 324 324 314 314 314 324 41 304 304 71 294 314 11 355 324 51 304 294 294 274 324 51 334 304 81 294 324 304 334 264 314 314 31 334 314 294 294 324 334 304 324 324 304 71 314 31 284 304 304 314 375 294 304 304 51 314 304 274 294 324 334 324 334 314 294 324 324 314 274 61 304 314 294 284
0 334 365 345 345 334 324 0 324 355 324 92 355 314 345 314 345 81 314 345 324 324 345 314 334 334 355 375 345 304 324 324 324 324 355 81 324 355 345 324 345 314 345 102 304 324 324 345 355 365 324 355 294 345 355 345 324 314 334 334 112 61 61 71 102 355 365 81 345 334 314 92 355 81 345 345 345 375 324 345 294 355 345 334 81 324 324 324 324 355 345 324 375 365 92 324 304 51 334 355 345
0 254 345 294 314 264 51 345 0 334 314 345 81 334 71 284 324 314 324 314 41 304 334 304 92 314 324 304 334 294 304 314 314 51 334 314 61 294 324 51 334 294 71 334 294 314 314 334 92 324 314 51 294 304 345 324 304 294 294 71 284 345 284 304 284 345 304 324 345 284 51 304 81 314 334 324 345 375 314 314 314 92 324 314 314 304 355 314 314 334 324 324 334 355 334 314 41 314 294 334 334
0 51 102 314 294 314 324 345 304 0 314 334 334 284 345 284 324 304 304 314 314 284 71 304 365 304 345 112 334 314 355 314 314 294 324 304 314 324 304 314 92 284 314 324 314 314 71 81 345 334 334 334 61 324 345 334 324 304 304 314 334 345 324 294 334 334 345 334 345 294 304 314 345 304 71 314 92 132 284 334 304 345 71 294 324 314 365 324 71 324 71 334 102 365 334 334 294 304 274 345 92
0 304 304 314 304 304 314 314 304 294 0 334 294 314 294 264 61 294 71 304 294 304 314 284 324 71 324 324 314 324 61 294 294 294 324 304 284 51 304 264 314 61 294 314 51 294 294 314 304 345 324 334 294 324 51 304 61 31 304 304 334 294 304 294 324 324 314 324 71 304 284 314 345 324 304 304 314 375 41 314 294 304 314 294 304 71 324 345 264 81 314 51 324 102 314 304 264 304 314 294 284
0 304 345 294 294 314 294 71 304 314 304 0 334 314 334 294 314 51 324 304 304 314 314 294 345 334 324 345 314 324 345 274 304 294 324 31 294 334 304 304 334 314 324 71 314 294 294 324 345 334 334 324 294 324 334 294 304 284 304 304 81 92 71 61 81 334 345 81 334 294 294 71 324 81 294 304 324 365 324 334 294 324 304 294 61 314 355 345 304 355 314 314 324 355 71 314 294 51 294 324 324
0 324 314 324 304 334 61 294 71 304 334 355 0 324 81 314 334 345 314 324 81 324 324 324 102 345 324 334 334 324 304 324 304 81 304 324 81 345 314 61 355 324 81 314 304 314 294 345 102 345 334 71 304 314 355 304 314 324 314 71 355 274 314 334 345 345 355 334 324 304 71 324 92 334 324 324 324 375 334 324 324 71 324 304 324 324 345 345 334 334 334 304 294 375 324 334 61 345 284 304 334
0 284 324 294 304 284 294 314 274 294 284 304 324 0 324 264 304 274 294 31 284 31 294 31 334 274 314 334 304 71 324 31 31 264 294 274 284 304 284 294 314 254 284 294 294 31 294 304 314 314 304 314 284 51 324 304 294 274 41 284 314 324 294 264 304 314 314 304 324 31 274 324 324 274 304 31 314 365 304 304 31 324 294 274 304 294 334 81 294 294 294 304 324 345 314 51 264 284 41 314 314
0 304 345 324 324 284 61 334 51 324 324 355 92 345 0 304 314 294 314 304 51 324 334 324 102 334 314 324 294 324 324 294 324 41 314 324 41 334 314 71 355 334 71 314 314 294 284 294 112 334 324 81 314 324 345 314 324 314 314 51 334 355 324 314 324 334 345 314 334 304 71 324 92 324 314 304 324 375 324 334 304 61 314 304 324 324 365 334 324 355 314 294 324 355 314 324 51 304 304 334 345
0 294 324 71 71 51 304 314 294 304 284 334 314 304 324 0 294 284 304 294 284 314 304 274 334 314 71 334 51 314 324 284 284 284 61 314 284 314 51 284 304 304 314 304 294 284 284 304 314 81 71 324 284 314 324 51 304 274 304 294 324 324 294 304 314 61 71 314 314 294 274 324 334 314 304 294 314 365 314 51 284 314 304 41 314 304 81 334 284 345 304 304 334 345 304 314 264 294 304 61 314
0 304 324 324 334 294 324 324 324 314 61 324 304 334 314 324 0 324 81 294 304 294 324 304 345 71 324 334 274 334 71 314 314 314 294 324 314 51 324 314 334 51 334 294 61 284 284 324 365 334 284 324 284 324 71 334 71 51 304 294 334 304 324 314 345 294 314 294 31 314 304 324 345 274 324 294 314 345 41 334 314 324 304 324 334 51 355 355 314 71 274 51 334 71 264 294 314 324 324 334 345
0 264 324 304 284 274 294 51 264 274 284 71 304 304 304 294 314 0 294 264 284 284 304 274 324 284 324 314 314 294 314 314 284 294 314 61 314 294 274 294 314 294 314 31 284 314 284 314 334 294 284 294 284 284 324 314 294 304 274 264 41 71 41 51 41 294 314 41 314 264 274 61 314 71 314 264 334 355 314 314 294 314 274 264 31 274 334 314 294 314 274 304 314 324 71 284 294 61 274 314 314
0 334 355 345 345 345 314 334 334 314 112 345 345 334 355 345 102 324 0 334 324 324 355 345 365 81 365 355 345 314 112 345 294 324 355 324 355 81 345 314 375 61 334 304 81 345 334 365 345 345 345 324 334 355 92 355 71 92 334 334 334 375 345 314 304 324 314 365 92 334 345 365 345 334 345 324 365 375 71 355 324 334 304 334 324 61 375 334 345 102 334 102 334 112 334 334 334 334 334 345 324
0 294 334 314 294 304 284 294 294 274 314 314 294 51 304 294 314 294 304 0 284 21 324 61 334 284 314 324 304 61 304 61 71 294 314 294 314 314 304 294 334 294 304 274 274 61 284 314 334 294 274 284 274 41 314 304 294 304 11 254 324 314 274 284 324 284 324 304 304 21 304 324 314 324 304 11 324 345 304 304 31 314 264 294 304 274 324 81 324 314 264 294 304 314 314 31 294 304 31 324 314
0 284 324 314 304 294 31 334 31 314 304 314 71 324 81 284 324 314 324 324 0 324 334 294 71 324 324 324 324 324 294 304 304 51 324 324 51 314 314 31 324 324 71 334 264 304 294 304 71 345 314 71 264 314 314 324 284 294 314 51 294 314 274 314 314 324 324 294 345 304 51 314 61 314 324 324 334 375 314 284 314 71 324 314 294 314 345 345 314 345 294 314 345 345 324 294 31 324 294 314 304
0 284 345 294 304 294 294 324 284 304 314 345 324 81 324 314 334 284 294 41 314 0 324 51 345 314 324 334 314 71 334 61 61 274 334 284 314 324 294 304 334 324 294 294 294 61 314 334 314 324 314 314 294 51 345 314 304 304 41 294 314 324 304 274 314 314 334 314 314 31 304 334 324 324 294 41 304 365 304 314 31 345 294 284 304 304 355 92 314 334 294 324 334 345 304 61 294 284 41 334 324
0 61 81 314 294 314 324 294 304 11 314 334 334 284 314 294 304 304 304 314 294 294 0 304 324 304 334 92 314 314 345 314 314 294 264 304 314 334 304 294 92 284 314 264 304 314 51 81 345 304 334 345 61 294 345 334 284 304 304 314 334 345 314 294 334 345 345 334 324 294 304 324 345 304 61 314 92 122 294 324 284 304 71 294 324 314 355 334 71 324 71 314 51 365 304 324 294 304 274 324 71
0 294 304 324 314 284 284 324 294 294 264 314 294 71 304 274 314 304 314 51 264 61 324 0 324 294 334 324 314 81 304 51 11 294 324 314 294 294 314 274 294 324 304 314 274 51 304 284 314 334 314 314 274 71 314 314 294 284 51 304 304 304 274 304 324 294 304 294 294 51 254 324 314 324 314 51 304 355 304 284 51 314 294 304 304 314 314 81 274 345 304 304 334 334 324 51 274 314 51 294 294
0 324 334 324 314 294 71 334 71 304 324 345 81 334 71 304 294 334 345 294 71 304 345 324 0 314 314 334 314 274 334 324 334 71 314 334 71 324 314 51 355 334 71 304 314 284 284 355 81 324 314 31 314 324 324 334 324 314 294 41 334 334 314 324 345 324 334 334 274 304 61 334 102 314 314 294 304 365 324 345 324 61 294 314 334 304 334 294 304 355 304 304 324 345 304 314 61 334 314 324 304
0 334 375 375 355 345 365 345 334 365 112 375 375 365 334 334 102 365 81 375 355 365 375 345 375 0 365 334 324 375 102 345 355 355 345 375 355 92 365 345 365 102 375 345 112 355 334 365 365 375 345 375 365 365 122 365 122 92 355 375 365 355 324 355 365 375 304 345 122 355 345 375 375 365 365 375 345 375 71 375 365 365 375 365 375 112 375 375 334 122 375 102 334 132 314 345 334 365 345 375 365
0 314 294 11 71 71 264 314 314 284 304 345 304 314 294 31 314 314 314 304 304 304 314 294 314 314 0 334 71 324 324 304 304 304 61 294 304 304 71 274 324 314 304 314 304 294 284 304 314 31 51 314 304 294 314 41 274 294 304 284 314 324 294 304 334 81 61 324 324 314 294 314 294 294 314 304 324 365 304 71 304 314 304 61 274 304 71 345 304 324 314 304 304 324 324 284 284 314 304 31 294
0 92 92 324 314 324 324 294 334 81 345 375 334 334 304 324 334 334 324 324 314 304 102 334 355 345 314 0 334 334 314 324 345 324 294 324 334 334 324 304 92 334 324 304 324 334 31 92 345 324 345 324 71 284 345 334 314 334 294 324 355 345 324 324 355 355 294 355 355 284 334 334 355 345 71 324 112 102 304 345 314 314 81 314 334 304 355 345 71 314 92 304 31 375 334 334 324 334 294 334 71
0 334 304 81 71 92 334 334 324 324 345 365 345 345 324 81 334 324 324 334 304 304 345 334 334 324 81 355 0 345 355 324 345 314 92 324 324 304 81 334 324 345 334 345 314 324 334 304 355 71 92 355 324 345 314 81 324 324 294 334 355 355 324 314 355 112 71 284 355 294 334 334 365 345 334 334 355 375 334 71 314 345 345 71 345 294 81 345 334 375 345 304 345 375 345 345 314 314 304 71 334
0 314 324 334 294 324 334 345 314 314 314 365 314 71 324 294 334 324 345 81 314 71 324 51 334 334 345 345 294 0 345 61 61 314 324 324 314 304 314 284 345 324 324 334 324 61 314 334 314 345 324 345 324 92 314 334 324 304 61 324 324 324 324 314 334 345 314 324 324 51 304 324 355 345 314 81 334 355 314 334 71 314 334 304 345 324 355 21 284 345 334 324 345 375 294 81 294 324 61 314 294
0 334 345 334 324 314 324 294 334 304 81 365 345 334 284 324 92 324 92 334 324 324 345 324 375 102 324 345 294 345 0 324 314 324 314 345 324 61 304 334 355 81 334 324 81 324 294 324 365 345 314 345 334 274 102 324 81 81 314 334 355 324 345 334 355 345 324 324 112 304 324 355 355 355 324 334 334 365 61 355 334 324 345 304 294 71 365 355 334 51 345 61 314 92 284 294 324 334 314 355 355
0 314 324 304 314 314 284 334 314 294 304 355 314 71 334 274 324 304 324 61 304 61 294 41 324 324 334 345 324 81 345 0 51 294 304 304 304 324 284 284 324 324 314 304 314 51 304 324 324 324 324 345 304 81 324 274 284 294 41 304 345 324 314 294 334 334 334 334 334 41 294 314 314 314 274 61 334 375 324 324 41 324 324 304 294 304 355 102 304 365 324 314 334 345 324 51 284 314 51 314 314
0 334 345 345 324 345 304 324 334 334 355 304 324 92 334 334 345 324 304 81 314 51 355 92 345 345 345 345 334 92 324 71 0 324 345 334 324 334 345 304 375 345 345 304 324 71 314 345 345 324 314 334 324 71 345 334 304 334 41 324 324 345 324 324 345 294 355 345 355 51 345 334 334 334 345 41 334 345 334 334 61 345 345 334 314 304 355 112 355 345 294 324 334 324 345 61 334 334 61 334 334
0 274 324 314 294 274 41 314 21 284 294 324 61 314 61 294 314 264 284 274 41 284 314 284 81 294 324 324 314 304 314 294 294 0 324 314 41 304 274 51 324 304 71 284 274 294 294 314 81 304 294 51 284 294 324 314 294 284 274 21 294 334 284 304 294 304 324 294 324 274 41 324 71 304 314 274 314 355 294 314 274 71 274 264 294 284 334 324 294 324 284 314 324 324 324 294 21 274 274 324 324
0 324 355 61 71 81 314 284 324 334 345 345 355 345 304 71 334 314 334 324 294 345 355 334 355 334 81 355 61 324 334 345 345 324 0 294 345 334 61 314 334 345 345 264 294 345 314 324 334 51 81 355 304 284 345 92 314 324 324 324 334 334 304 324 345 102 102 324 355 324 334 345 345 345 345 324 355 365 334 61 274 345 334 71 314 334 92 345 345 324 334 304 345 365 294 314 324 324 304 92 345
0 324 314 274 284 324 274 61 324 304 314 102 314 304 324 304 324 71 294 324 304 304 324 304 314 314 294 334 345 304 334 324 314 304 324 0 324 304 294 274 334 304 314 71 304 304 294 334 314 314 324 324 314 324 324 294 274 314 294 294 71 81 61 51 81 345 324 81 334 284 304 61 304 51 324 324 334 345 314 324 324 314 324 284 31 294 345 324 314 345 334 304 334 334 81 294 304 71 264 304 304
0 274 324 304 294 274 31 314 21 284 294 324 61 314 51 274 274 264 284 274 41 294 294 284 81 294 294 304 284 294 314 254 294 11 294 304 0 304 274 41 324 304 41 284 284 254 264 314 81 304 294 51 284 294 324 274 284 284 274 21 294 324 284 294 294 304 324 294 294 274 41 314 61 294 274 274 284 345 294 314 274 41 274 264 294 284 334 314 294 324 284 284 304 324 284 294 21 274 274 314 314
0 304 355 304 324 314 314 304 304 324 71 324 345 324 324 294 61 304 71 304 314 324 345 314 355 51 324 345 334 345 92 304 314 294 314 294 314 0 314 314 345 71 334 314 61 324 294 345 324 345 334 334 324 324 112 324 61 51 314 304 334 324 324 334 334 334 274 334 92 304 314 334 334 334 324 304 324 375 31 345 304 324 314 304 324 71 365 355 284 102 314 61 294 112 324 314 294 304 304 345 345
0 314 355 81 81 71 324 355 314 324 334 375 355 355 345 71 324 304 324 314 324 314 345 334 375 345 92 355 71 334 355 304 334 304 81 334 304 345 0 334 365 345 334 324 324 304 304 365 365 92 61 345 324 334 345 71 334 324 304 314 345 365 324 324 334 92 112 345 345 314 334 365 355 334 304 314 334 375 334 102 314 334 324 61 334 314 122 355 345 355 324 324 355 365 324 314 314 314 324 92 345
0 294 294 314 324 304 61 334 51 284 324 365 41 314 61 314 324 294 314 304 71 314 314 324 71 324 334 345 345 334 314 314 324 41 324 294 81 294 304 0 355 314 41 314 314 324 324 345 51 334 324 81 314 324 294 324 314 314 304 51 324 314 314 284 324 334 304 324 345 304 71 314 92 334 304 304 324 375 294 324 304 51 314 294 324 314 324 355 324 324 314 294 324 355 324 324 51 304 304 284 284
0 71 71 334 324 324 324 324 324 61 274 355 314 334 314 284 334 314 324 324 294 294 81 304 294 264 345 92 324 314 334 314 314 304 345 324 314 324 324 284 0 314 324 334 304 314 61 81 294 345 345 324 61 294 324 334 324 294 304 324 345 314 314 304 345 345 314 334 314 294 274 334 355 334 71 324 61 112 304 324 314 324 71 324 334 284 284 334 31 324 81 324 81 375 314 334 294 324 314 304 61
0 274 334 284 304 284 294 324 274 294 51 334 314 324 314 304 71 274 41 284 304 284 324 294 334 21 314 324 324 314 71 304 304 264 324 274 304 61 284 294 324 0 284 294 41 304 304 324 334 314 304 304 284 294 81 304 41 41 284 284 304 324 294 264 304 314 324 304 71 274 294 324 324 274 314 284 324 365 51 304 274 334 284 274 294 41 345 334 304 51 294 71 324 92 324 304 284 274 284 324 324
0 294 345 334 314 304 71 334 41 314 324 355 81 334 81 304 345 294 304 294 71 314 334 314 102 324 355 345 345 334 334 324 324 31 345 334 71 334 304 71 345 334 0 304 304 324 324 345 102 324 324 71 304 314 355 345 324 304 294 51 324 314 314 324 324 324 345 324 345 294 61 345 92 334 345 294 345 375 314 345 294 102 304 294 314 304 355 345 324 345 304 334 345 355 345 324 51 294 294 345 345
0 314 365 345 334 324 345 31 314 334 345 112 355 345 304 314 334 61 345 324 334 334 365 334 355 334 345 365 345 334 324 334 334 314 314 81 334 334 314 345 324 345 334 0 334 345 314 324 365 294 345 345 324 334 375 355 345 324 324 324 92 81 51 71 92 345 345 92 355 314 334 112 365 92 345 324 355 365 345 345 274 345 324 314 61 334 345 345 345 375 334 304 334 355 92 314 314 71 324 345 355
0 274 314 304 294 284 274 324 274 304 51 304 314 314 324 274 71 304 61 314 294 314 324 294 314 61 324 324 324 314 41 294 294 294 324 314 294 61 304 274 314 61 314 324 0 294 294 324 314 345 324 324 264 304 51 324 31 41 304 294 304 334 264 304 304 334 324 284 81 304 294 304 304 304 324 314 324 375 61 324 304 314 324 304 284 61 345 334 304 81 324 51 334 81 314 294 274 314 284 304 304
0 314 334 294 304 274 304 314 314 324 314 345 324 81 294 294 274 304 324 61 294 71 334 51 345 334 294 304 294 81 314 51 61 304 294 324 304 324 304 304 345 324 304 294 304 0 264 334 345 314 304 345 294 71 345 324 304 294 51 314 345 324 314 314 334 314 334 314 294 51 304 314 334 294 294 61 284 345 314 324 51 294 324 314 314 314 324 71 314 324 294 274 304 345 284 61 294 314 51 314 334
0 71 71 294 304 314 294 314 324 61 324 365 334 324 294 314 304 324 324 324 324 324 92 324 345 345 284 51 324 345 355 324 334 314 284 324 324 334 294 304 112 324 294 294 324 324 0 81 345 314 324 345 71 314 345 324 304 324 304 314 345 345 334 304 345 345 345 334 324 294 314 334 324 314 41 324 92 132 334 345 304 284 81 304 314 314 355 324 71 345 71 274 51 355 304 314 314 324 314 314 71
0 41 81 304 314 294 304 334 294 61 314 345 334 334 334 324 334 284 304 294 314 314 81 314 334 324 324 92 274 334 334 324 314 284 345 294 324 324 294 314 92 324 294 304 304 324 71 0 355 334 314 324 51 314 334 324 304 304 294 294 324 334 304 274 314 324 345 304 334 294 314 345 334 324 92 294 92 122 314 314 294 345 51 294 314 304 324 345 71 345 51 324 92 355 345 314 294 294 304 334 81
0 314 324 304 324 294 51 334 61 314 284 334 71 324 71 284 324 314 334 324 31 304 334 274 81 314 345 345 324 345 324 304 284 51 334 324 51 314 324 31 314 324 51 324 294 304 304 304 0 324 334 81 294 334 324 324 304 294 294 51 324 304 294 314 345 314 324 324 324 304 31 334 81 334 324 314 274 334 314 304 314 71 314 314 324 304 334 355 274 355 324 324 345 355 334 324 31 314 314 314 304
0 294 355 51 61 41 304 314 294 314 314 324 334 334 264 41 324 294 304 294 314 314 334 304 355 324 71 345 51 324 304 304 314 284 61 294 304 324 51 314 334 324 304 304 304 304 294 284 345 0 71 324 284 314 334 71 314 294 304 294 324 334 274 274 314 71 92 324 334 294 304 324 334 324 324 294 334 375 314 71 294 324 304 41 314 314 102 345 314 345 304 314 304 355 324 324 294 294 294 92 314
0 304 324 51 61 61 294 314 304 324 324 324 334 324 294 61 304 294 324 304 324 324 334 324 314 324 41 304 71 324 334 314 324 314 41 324 324 324 51 294 355 334 304 294 324 324 264 324 345 61 0 324 324 324 294 71 294 324 314 304 304 324 324 314 324 81 92 324 324 304 324 334 324 314 294 304 304 365 294 92 304 294 314 51 304 314 102 324 334 294 314 274 304 304 304 264 314 314 314 71 324
0 314 345 324 304 324 71 324 71 324 345 355 51 334 71 314 355 314 324 324 51 284 334 334 71 345 355 345 345 324 334 334 345 51 334 314 92 355 324 71 365 334 71 324 304 334 334 334 102 304 345 0 304 334 345 314 324 334 274 71 334 324 314 304 345 345 365 334 345 284 81 334 92 345 314 324 314 375 345 324 314 112 324 314 334 284 314 345 334 365 324 345 334 375 334 334 71 314 294 355 345
0 92 102 304 334 314 304 365 345 92 334 304 345 355 334 334 345 345 345 345 314 345 102 345 355 314 355 112 365 345 355 314 355 334 334 324 334 345 324 314 61 355 334 334 324 345 71 112 345 375 355 324 0 345 355 334 314 324 345 324 355 345 324 334 365 375 355 345 365 334 324 304 334 345 92 345 102 132 345 334 324 355 81 345 324 345 345 355 92 375 102 314 122 365 345 324 334 324 334 345 92
0 324 355 324 314 304 334 345 324 334 314 365 334 81 274 324 324 314 324 71 314 61 324 51 375 345 324 345 314 81 345 61 61 304 324 334 304 345 294 324 345 334 345 334 324 61 304 314 355 324 345 355 324 0 365 324 334 334 51 324 355 334 324 324 345 345 355 334 345 41 304 345 345 345 314 71 334 375 345 334 71 334 334 284 345 304 355 102 324 294 334 304 345 375 334 92 324 324 51 345 345
0 304 314 314 324 304 314 345 294 304 71 355 314 334 345 324 71 294 61 304 324 324 334 314 284 81 334 345 334 294 92 324 324 284 334 294 324 71 294 284 355 81 294 314 61 304 304 345 334 345 324 304 314 324 0 324 21 61 304 304 334 345 314 284 324 334 334 324 51 294 314 334 345 334 294 304 334 375 71 324 304 284 314 294 324 71 345 314 324 102 314 71 345 112 324 324 304 304 304 304 304
0 294 304 71 61 51 264 314 294 284 284 334 294 304 314 11 304 294 304 294 284 304 274 274 304 304 61 324 51 314 324 284 284 284 31 304 284 294 51 264 304 304 304 284 294 284 284 304 304 71 61 324 284 314 304 0 264 274 304 284 324 314 294 294 324 61 61 314 314 294 274 324 294 294 304 294 314 365 294 51 284 304 304 41 274 294 81 334 284 345 304 294 314 324 304 284 264 294 294 41 294
0 314 304 324 324 324 324 345 314 294 92 365 304 324 324 324 81 314 71 304 334 324 324 334 294 81 345 324 355 314 71 324 345 304 334 314 345 51 324 274 365 71 304 324 71 324 324 324 314 345 334 324 324 334 61 345 0 81 314 304 345 324 334 304 334 334 324 345 61 314 334 324 355 345 314 304 334 375 51 304 314 314 314 314 334 71 324 334 334 92 314 61 334 112 345 334 324 314 314 294 294
0 284 324 314 304 284 294 294 274 294 31 314 314 324 314 284 41 274 51 284 284 294 304 274 334 61 304 324 294 304 71 264 284 274 304 324 264 61 284 284 304 71 304 294 41 274 274 304 334 324 304 314 274 304 61 284 51 0 284 284 314 314 294 304 304 314 324 304 61 284 274 314 324 304 294 284 294 355 51 304 274 304 294 274 304 51 334 324 284 81 294 41 324 92 294 304 284 284 294 314 314
0 294 345 304 294 304 294 304 294 314 324 334 304 61 294 294 345 294 304 51 274 21 324 61 334 324 334 345 324 51 324 71 71 284 314 294 324 334 304 304 345 314 304 304 284 71 314 314 324 284 324 324 284 71 334 294 304 314 0 304 324 334 294 284 324 334 345 314 324 11 314 314 324 324 304 51 324 375 324 304 51 345 304 294 314 264 314 71 314 345 314 324 334 355 324 71 304 294 21 334 324
0 294 334 324 314 304 41 345 41 314 314 324 61 324 92 294 334 324 324 334 61 324 345 304 81 284 334 345 334 334 304 314 314 61 334 334 61 324 314 41 334 324 81 334 274 314 304 334 81 355 334 81 274 324 324 334 294 304 324 0 324 334 274 324 324 345 334 294 345 314 61 324 71 324 334 334 345 375 324 334 324 81 304 314 304 324 355 355 324 355 345 324 345 345 334 304 41 324 294 324 314
0 324 345 324 324 284 324 61 324 334 304 102 324 334 304 284 324 61 334 324 304 304 334 304 345 334 314 274 334 345 324 304 304 304 324 81 304 334 324 314 334 334 345 71 314 314 304 324 345 294 334 274 314 304 355 324 324 294 294 324 0 92 61 71 92 345 314 92 345 304 304 81 355 92 334 324 334 355 324 334 314 334 334 324 61 304 334 345 314 334 334 324 304 355 81 314 284 71 314 334 334
0 304 324 314 324 304 294 71 304 314 324 81 324 334 314 304 304 81 334 324 324 334 345 314 345 345 324 345 314 334 274 294 324 324 314 51 324 324 314 284 345 345 324 61 284 294 294 324 334 345 324 345 284 294 324 324 304 314 324 314 81 0 41 71 71 334 334 61 304 324 314 81 324 71 314 324 294 375 324 304 324 314 324 324 61 334 345 345 324 304 314 314 334 355 51 314 304 81 314 314 314
0 274 334 314 294 284 314 71 274 324 294 92 324 314 314 274 314 51 304 304 294 314 324 284 345 324 334 324 314 314 284 294 294 294 324 71 294 314 304 294 324 304 324 71 304 294 294 314 324 334 324 324 294 294 334 314 324 284 304 304 51 81 0 61 51 324 324 81 324 294 284 71 345 71 314 304 324 375 324 314 294 334 314 294 71 314 345 324 294 334 314 314 345 365 61 324 274 51 274 324 324
0 274 324 284 294 274 284 61 274 284 294 81 314 314 314 294 314 21 284 274 294 294 314 284 324 294 304 324 324 314 314 294 294 264 324 21 294 304 274 284 324 304 274 31 284 294 294 314 334 314 294 304 284 294 324 294 284 284 274 274 51 61 41 0 51 304 324 51 314 274 294 71 314 61 324 274 314 355 294 294 274 324 284 274 41 284 345 324 304 324 284 314 324 334 71 294 274 21 284 314 314
0 324 334 334 314 324 334 102 324 324 324 71 324 314 334 304 324 71 334 314 324 314 334 314 345 324 334 345 314 274 355 324 324 314 334 71 324 314 304 294 345 304 334 71 324 304 304 345 324 334 334 345 314 345 324 345 334 314 304 314 71 81 81 61 0 345 334 81 334 294 314 71 304 51 324 314 334 365 324 345 324 324 324 294 51 314 345 284 294 345 324 324 345 345 61 304 304 71 304 324 304
0 304 355 81 71 51 314 334 294 314 324 355 345 345 324 61 304 294 314 304 324 324 324 314 324 324 71 345 61 324 294 284 324 284 71 345 284 334 61 314 355 334 324 314 314 294 294 345 324 92 71 324 314 304 355 61 314 314 304 304 334 355 314 324 324 0 92 324 324 294 314 294 314 314 314 304 304 314 324 102 304 324 314 51 324 314 112 345 324 334 314 314 345 365 314 324 304 304 314 92 345
0 324 355 71 81 81 314 294 324 334 314 365 345 304 314 41 304 324 345 324 314 324 324 304 355 324 61 324 71 334 345 284 314 314 51 324 314 345 71 324 345 314 324 304 324 314 284 334 314 92 81 324 314 324 355 61 314 304 314 324 355 314 324 314 355 92 0 345 324 324 304 345 324 314 314 324 324 375 264 92 314 314 334 71 324 324 102 345 284 355 324 294 284 345 304 304 294 324 324 92 345
0 334 334 334 345 324 334 81 334 324 345 102 355 345 304 324 314 71 334 334 345 345 365 334 375 324 355 324 324 365 365 324 324 324 314 71 334 284 334 345 365 345 365 71 345 334 324 334 324 355 345 355 334 345 375 345 345 334 334 334 112 92 92 92 102 345 294 0 334 324 334 81 365 71 345 334 345 375 304 365 334 355 345 324 102 345 365 375 314 375 324 284 324 375 71 345 324 81 334 324 365
0 314 334 304 314 284 304 314 314 294 51 334 314 314 304 304 31 314 71 274 304 294 334 314 345 51 294 314 294 334 71 304 324 304 294 324 304 71 314 314 345 71 304 284 41 264 264 334 355 314 294 304 294 304 81 324 61 51 284 274 345 324 294 304 345 304 334 324 0 284 294 324 334 294 304 274 294 345 71 324 304 294 284 314 324 41 334 334 304 81 284 31 314 81 284 304 304 324 294 324 334
0 304 345 304 284 314 304 314 304 324 314 345 304 51 304 304 345 304 294 61 284 31 324 51 345 324 345 345 334 51 324 81 61 294 324 304 334 345 294 304 334 304 314 314 294 81 314 324 334 294 314 334 294 71 334 304 304 324 11 314 324 324 294 294 324 334 345 324 334 0 304 304 334 314 314 61 324 375 324 304 51 345 314 284 314 274 324 71 314 345 324 324 334 365 324 71 314 304 21 334 334
0 314 304 324 314 314 71 324 61 294 264 345 51 324 61 274 314 304 324 314 51 314 324 294 71 324 334 334 324 334 324 294 294 51 324 314 51 304 314 21 324 324 61 324 304 294 304 324 71 345 334 92 304 324 314 314 324 284 314 61 345 304 314 304 334 324 324 334 334 304 0 324 102 334 314 314 324 375 304 324 304 61 314 304 314 324 334 355 274 345 324 304 334 365 324 314 31 314 314 294 294
0 314 324 324 314 264 314 81 314 314 314 92 324 334 284 294 294 71 294 324 294 314 334 304 345 345 334 345 314 294 304 314 314 314 334 61 314 334 284 304 345 334 334 81 294 314 304 324 345 324 314 284 304 324 345 334 314 304 294 324 81 92 51 71 92 334 345 71 324 294 304 0 345 61 324 324 334 375 304 314 314 334 334 314 81 304 334 314 314 355 314 274 324 365 51 314 294 71 294 314 324
0 314 334 304 314 274 51 324 61 314 294 314 71 334 51 294 274 304 324 294 41 284 334 294 102 284 294 314 294 324 314 294 294 51 294 314 51 324 304 51 324 324 61 294 304 264 264 324 21 324 314 71 264 324 345 324 314 284 304 51 334 324 304 304 334 314 334 324 304 304 41 314 0 264 304 304 294 345 314 314 304 51 304 304 324 284 334 324 294 334 294 284 314 334 284 314 51 314 314 324 324
0 304 334 304 324 284 304 71 304 314 294 61 324 334 324 304 314 51 314 294 294 284 334 284 355 324 334 345 314 324 324 294 294 294 334 61 294 324 314 294 324 345 324 61 294 294 304 314 345 334 324 324 264 324 334 314 314 284 304 294 81 81 51 51 81 324 334 71 324 304 284 61 334 0 314 294 324 375 334 314 304 334 304 304 71 284 345 334 294 355 304 324 345 334 71 324 304 61 314 324 324
0 41 81 284 294 294 294 324 284 51 314 345 304 314 314 314 324 284 304 294 294 284 81 304 334 314 324 92 334 304 334 304 304 274 324 284 304 304 264 294 92 314 294 304 294 304 61 81 324 304 314 314 51 304 314 314 294 304 274 294 314 334 304 274 314 324 324 314 324 264 304 314 314 324 0 294 81 122 314 314 274 314 51 284 304 284 334 324 71 345 51 324 92 345 334 304 294 284 274 324 51
0 294 345 314 294 304 304 294 304 324 324 314 294 61 304 304 324 294 304 51 284 21 324 61 334 314 314 324 304 61 324 71 71 294 314 294 314 314 304 304 345 314 304 264 294 71 284 314 334 294 274 334 294 41 314 304 304 314 11 304 324 314 294 284 324 284 324 314 334 21 314 324 334 324 304 0 324 345 314 304 31 314 314 294 314 274 324 81 324 314 264 294 304 314 324 31 304 304 31 334 324
0 81 81 355 334 334 334 345 324 71 314 365 345 355 314 324 334 324 345 314 314 324 102 304 314 334 355 102 345 334 345 314 314 314 355 334 314 345 314 324 92 355 294 324 324 314 71 81 345 304 334 345 71 345 355 334 345 304 314 314 355 345 324 324 355 345 355 355 334 304 314 334 365 355 81 314 0 132 345 345 324 355 71 304 345 324 365 345 71 375 71 345 92 334 345 334 294 324 324 345 92
0 31 112 314 334 324 324 355 345 102 334 304 355 355 365 314 355 345 324 334 334 324 102 324 314 314 345 132 355 334 365 314 334 334 365 304 334 324 345 324 112 355 355 345 345 334 92 102 355 365 365 345 51 365 365 334 324 324 345 334 375 375 345 334 365 365 334 324 334 334 324 345 345 294 92 334 112 0 345 355 345 365 92 334 334 324 375 345 92 375 92 355 112 375 355 334 314 345 314 355 102
0 334 345 334 334 334 304 355 334 324 71 355 334 345 345 294 41 324 92 334 324 324 324 314 345 92 355 365 314 355 112 274 324 324 324 324 324 81 304 304 345 92 334 324 81 314 324 345 324 345 324 355 314 355 102 294 61 61 314 324 365 345 334 314 355 324 345 334 61 304 314 334 314 304 304 334 345 375 0 345 314 345 334 334 314 71 375 365 324 112 314 92 355 112 294 324 304 334 314 334 334
0 314 345 41 92 71 294 334 314 334 304 324 334 355 334 61 345 314 334 314 304 304 345 294 345 324 92 365 51 355 304 334 304 304 71 314 334 324 71 304 324 355 324 334 304 324 314 284 294 71 92 345 314 324 345 71 304 324 324 314 345 284 314 304 345 81 51 304 334 314 294 355 324 324 345 324 314 365 314 0 314 345 324 61 314 334 92 365 304 345 324 324 324 355 334 314 314 314 324 81 324
0 314 365 334 334 324 345 345 314 334 345 365 345 71 334 324 345 314 334 71 334 71 355 81 375 345 334 345 355 92 355 92 92 304 324 345 345 314 294 345 365 324 345 314 324 92 294 345 365 345 324 345 324 81 365 355 345 334 61 314 345 355 334 334 345 334 334 345 365 61 334 365 365 345 334 51 345 375 334 324 0 334 324 314 294 324 375 102 345 365 314 314 345 345 355 51 324 314 71 355 365
0 294 324 294 294 294 41 324 41 304 314 355 61 314 71 294 334 284 304 294 51 294 314 304 81 324 324 345 334 314 334 314 314 31 314 294 61 314 264 51 345 314 21 304 304 314 314 314 71 304 314 71 304 314 324 294 294 304 274 51 324 304 304 274 314 324 324 324 324 274 61 324 71 324 264 294 314 375 314 314 274 0 304 294 304 284 334 334 324 345 304 324 324 355 334 314 41 294 274 314 304
0 51 102 324 294 324 324 345 314 11 324 345 324 294 334 294 304 304 314 314 314 294 71 314 345 314 345 102 324 314 345 314 324 304 334 314 314 334 314 324 92 294 324 324 324 304 61 92 355 324 334 274 71 334 345 334 304 304 294 314 345 345 324 294 334 345 345 345 294 304 314 324 345 314 81 314 81 132 294 334 314 345 0 304 334 304 334 334 71 324 71 324 102 365 304 334 294 314 284 345 92
0 304 324 51 31 51 304 314 304 304 284 334 304 304 304 41 324 304 294 314 284 274 304 274 345 314 92 345 81 304 324 314 284 294 61 304 314 314 21 294 314 304 314 314 294 314 314 304 324 51 71 334 294 304 334 61 304 304 264 314 324 324 294 294 314 71 71 324 314 254 274 304 314 314 314 314 324 365 314 61 304 334 314 0 324 274 71 324 284 334 324 324 334 345 324 324 294 304 264 61 314
0 324 334 294 304 324 304 71 324 324 324 81 345 334 294 314 304 71 334 334 314 324 334 334 345 324 294 304 324 304 345 324 334 314 294 71 334 274 304 304 365 334 304 41 324 334 264 334 334 314 334 334 324 324 345 324 304 324 314 324 71 81 71 61 102 345 294 61 324 304 324 71 334 71 294 334 304 365 304 334 304 294 334 314 0 324 355 324 314 355 324 274 304 304 61 264 314 71 314 324 334
0 294 334 294 314 294 294 294 294 304 61 324 324 334 324 294 81 284 41 294 274 264 334 304 334 71 324 334 324 294 61 314 314 274 345 284 314 71 294 294 334 71 294 294 31 314 314 314 324 324 314 324 274 314 71 314 41 51 294 294 314 324 284 274 314 324 345 304 71 294 304 324 324 324 294 294 314 375 61 294 294 334 294 284 304 0 355 314 324 92 304 71 345 102 314 304 294 294 294 324 324
0 294 345 51 71 51 294 304 294 314 324 324 334 334 334 51 314 294 294 294 274 264 334 314 274 324 81 334 71 284 314 324 324 284 71 294 324 334 51 304 345 334 304 304 284 294 294 324 324 81 71 294 284 314 294 71 294 314 304 294 314 324 284 284 324 71 92 304 284 294 314 324 324 324 294 294 314 375 314 51 294 324 304 41 314 264 0 304 314 345 304 314 334 355 314 314 294 294 304 81 324
0 304 324 324 274 314 324 324 304 324 294 345 324 51 304 274 314 304 324 61 294 51 324 41 345 324 334 345 274 31 324 51 51 294 324 324 294 324 294 304 324 304 324 324 304 51 294 324 324 324 334 324 304 81 334 314 324 284 41 314 334 304 314 304 334 334 345 304 304 31 294 304 334 324 324 61 324 334 324 324 51 334 324 284 324 304 345 0 264 345 324 314 345 365 324 81 274 304 41 324 324
0 51 71 324 324 304 304 314 294 61 284 334 324 304 294 264 304 294 314 304 284 304 61 274 334 314 324 81 304 324 314 284 284 284 314 324 284 314 304 294 61 304 324 314 294 284 41 61 324 334 324 324 41 314 324 304 314 274 304 304 324 294 294 304 324 324 324 324 324 294 274 334 334 324 61 304 61 122 324 314 294 324 61 294 324 314 334 345 0 345 61 304 81 355 314 324 264 294 304 314 61
0 314 334 314 314 324 314 345 314 324 92 365 334 334 294 324 51 304 71 314 324 314 345 334 355 92 345 355 324 334 112 304 334 304 334 314 304 81 264 324 365 92 324 314 71 304 314 314 324 324 324 345 324 334 92 324 71 81 294 314 345 355 324 294 324 345 345 345 71 294 334 345 304 314 284 314 334 375 81 334 294 334 324 314 324 51 345 355 345 0 324 31 355 112 314 324 314 314 294 324 324
0 41 92 314 324 324 304 324 314 61 314 304 284 345 304 314 314 314 334 314 314 334 61 304 324 304 304 71 294 345 314 304 314 304 304 334 304 304 304 314 92 345 314 304 324 304 21 81 345 324 274 334 71 324 304 324 304 304 324 314 314 304 324 324 345 274 314 324 334 314 304 324 334 334 61 324 61 81 304 334 314 304 71 314 324 334 365 334 71 304 0 284 71 304 324 274 294 324 314 324 81
0 324 314 334 334 304 334 345 324 304 92 355 334 334 274 324 31 314 61 324 324 324 345 334 355 92 334 345 304 345 92 314 334 314 324 345 304 81 324 345 365 81 334 324 81 314 304 314 375 355 314 345 304 345 102 324 92 81 324 324 355 334 334 334 345 324 345 324 51 324 334 334 365 304 334 324 334 375 71 345 324 334 324 324 345 71 345 355 345 102 304 0 334 102 294 324 324 324 324 304 365
0 71 81 294 304 324 294 264 324 71 324 345 334 324 294 314 304 324 324 324 304 304 92 324 345 345 294 51 324 314 345 324 334 314 274 314 324 334 304 304 102 324 304 274 314 334 11 81 345 314 334 304 51 304 345 324 304 324 294 324 345 314 324 314 355 345 345 345 324 294 314 334 324 324 41 324 102 132 334 334 294 294 81 314 314 294 334 324 81 334 71 274 0 365 314 314 314 304 314 314 81
0 334 355 334 324 304 334 304 334 324 71 365 345 345 314 294 92 324 92 334 324 324 324 314 355 102 324 274 324 304 71 324 324 324 314 345 324 71 334 324 345 92 345 324 81 324 304 334 355 314 345 294 324 294 112 345 81 61 314 334 274 365 334 334 365 355 304 294 102 304 314 345 365 355 334 334 345 324 71 345 324 334 345 324 324 71 345 324 324 81 345 71 294 0 345 324 304 334 314 345 345
0 334 324 324 334 345 324 71 334 314 345 112 355 345 324 334 324 81 334 334 324 314 355 345 345 334 324 334 264 345 324 314 345 324 294 81 334 294 324 324 334 314 324 41 324 334 294 314 365 324 284 355 324 324 324 334 324 334 294 334 92 51 81 71 112 365 304 41 345 304 345 92 345 92 324 334 334 345 284 334 304 324 345 334 92 304 345 355 324 324 345 304 334 334 0 294 324 71 314 334 345
0 324 324 294 304 324 294 314 324 314 324 324 334 71 294 314 304 324 334 71 324 71 324 71 345 345 294 304 324 92 334 71 81 314 284 324 324 334 294 304 365 324 294 294 324 81 254 334 345 314 334 334 324 71 334 324 304 324 61 314 314 324 334 314 345 345 345 334 324 51 314 334 324 324 294 81 304 365 334 345 51 284 334 314 314 314 355 71 324 345 324 274 304 304 314 0 314 314 61 314 324
0 294 324 324 314 294 51 304 41 304 274 324 61 334 71 284 294 284 304 294 31 314 314 274 92 304 314 334 304 314 324 274 274 31 314 314 31 304 294 31 304 324 61 304 284 274 284 304 61 324 314 71 284 314 324 294 304 264 294 41 324 314 294 304 314 314 324 314 314 294 21 324 81 314 304 294 304 365 314 304 284 61 304 294 314 304 334 334 284 345 304 304 334 345 304 314 0 294 294 304 304
0 294 324 324 304 294 284 61 284 314 284 61 314 324 324 284 304 41 274 294 284 314 324 274 324 314 324 334 304 324 304 284 284 284 314 71 284 314 294 284 314 324 324 61 264 284 294 304 314 334 324 324 274 314 314 304 284 274 304 294 71 71 21 61 61 314 324 41 314 294 274 61 314 61 304 294 304 365 284 304 254 324 304 294 41 314 334 334 284 345 304 304 334 345 61 294 264 0 294 314 314
0 314 345 324 274 304 324 334 314 324 304 345 314 41 324 294 334 314 284 71 304 41 324 41 345 314 334 365 334 41 345 71 51 304 324 314 324 334 284 304 324 294 324 334 314 71 324 324 345 314 334 324 314 71 324 324 324 314 31 324 345 324 314 304 324 334 345 334 334 21 294 294 324 304 324 71 324 375 324 324 71 345 324 274 334 294 345 61 294 334 324 314 345 365 334 92 294 314 0 334 324
0 304 274 71 41 51 304 314 304 254 314 334 314 284 314 41 324 304 284 274 294 294 324 304 314 294 81 345 71 314 324 314 314 294 71 304 314 294 61 314 345 284 294 284 294 314 304 334 345 61 51 304 294 304 334 71 314 304 274 274 334 334 294 294 334 51 61 314 324 284 304 284 334 304 324 274 345 345 294 71 304 334 284 51 324 284 51 334 314 324 284 294 324 334 334 294 294 304 274 0 334
0 21 81 304 314 284 314 314 274 41 304 334 324 314 334 304 324 304 324 314 304 304 41 294 294 314 334 71 345 314 324 314 304 294 294 304 324 264 284 304 81 314 284 294 314 324 51 81 274 324 324 324 71 324 274 304 284 314 294 314 304 324 304 294 294 345 284 334 314 284 294 324 334 334 31 314 51 102 294 324 294 274 71 304 324 294 355 324 51 304 71 324 51 365 334 324 304 304 294 324 0
SETUP_COST
0.0 220.0 1620.0 1020.0 820.0 420.0 1020.0 1020.0 220.0 620.0 820.0 1420.0 1020.0 1220.0 1020.0 820.0 1220.0 220.0 1020.0 420.0 820.0 620.0 1220.0 620.0 1420.0 820.0 1420.0 1220.0 1420.0 1020.0 1220.0 1420.0 820.0 1020.0 1220.0 1220.0 1220.0 1020.0 420.0 820.0 1220.0 1020.0 1420.0 620.0 620.0 1420.0 820.0 1220.0 1420.0 1020.0 820.0 820.0 820.0 620.0 1420.0 1220.0 1020.0 1020.0 420.0 420.0 820.0 1420.0 820.0 1020.0 820.0 1020.0 1220.0 820.0 1220.0 220.0 620.0 820.0 1420.0 1420.0 820.0 420.0 1620.0 2040.0 1220.0 1220.0 820.0 1420.0 420.0 220.0 620.0 620.0 1620.0 1220.0 820.0 420.0 620.0 820.0 1220.0 1420.0 1420.0 820.0 1020.0 1220.0 420.0 1420.0 1020.0
0.0 0.0 2040.0 6680.0 6900.0 6480.0 6680.0 6900.0 6480.0 1840.0 6280.0 7100.0 6680.0 6680.0 7100.0 5680.0 6480.0 6280.0 6680.0 6480.0 6280.0 6900.0 1620.0 6080.0 7300.0 6680.0 6480.0 2240.0 6680.0 6900.0 7100.0 6280.0 6280.0 6280.0 6900.0 6680.0 6280.0 5880.0 6680.0 6280.0 1620.0 6680.0 6900.0 6680.0 6480.0 6280.0 1220.0 1620.0 6900.0 7100.0 6900.0 7100.0 1220.0 6900.0 7100.0 6680.0 6680.0 5880.0 6480.0 6480.0 7100.0 6900.0 6480.0 6680.0 6900.0 6900.0 6080.0 6900.0 6900.0 6480.0 6080.0 7100.0 7300.0 6680.0 1620.0 6480.0 1840.0 2640.0 6280.0 6680.0 6280.0 6900.0 1620.0 6480.0 6900.0 6680.0 7300.0 7300.0 1220.0 7500.0 1620.0 6680.0 1620.0 7500.0 6480.0 6900.0 5880.0 6480.0 6680.0 6680.0 1840.0
0.0 1420.0 0.0 6680.0 6280.0 6280.0 6280.0 6480.0 6280.0 620.0 6680.0 6900.0 6480.0 6080.0 6680.0 6080.0 6680.0 6280.0 6080.0 5880.0 6080.0 5880.0 1840.0 6480.0 5880.0 6280.0 6900.0 2040.0 6900.0 6280.0 6900.0 6480.0 6680.0 6080.0 6680.0 6480.0 6680.0 5680.0 6280.0 6480.0 2040.0 6080.0 5480.0 6080.0 6080.0 6480.0 1420.0 1840.0 6900.0 6480.0 6280.0 6480.0 1220.0 6480.0 6480.0 6680.0 6480.0 6480.0 5880.0 5880.0 6480.0 6680.0 6280.0 6080.0 6900.0 6480.0 5880.0 6680.0 6280.0 6080.0 6480.0 6080.0 6900.0 6480.0 1020.0 5880.0 1840.0 1620.0 6080.0 6480.0 6280.0 6900.0 1020.0 6280.0 6280.0 5880.0 5680.0 6680.0 1220.0 6900.0 1020.0 6280.0 1420.0 6900.0 6900.0 6280.0 6280.0 6280.0 5880.0 5480.0 1840.0
0.0 6080.0 6080.0 0.0 1220.0 1220.0 5280.0 6680.0 6080.0 5880.0 6280.0 6900.0 5880.0 6480.0 6280.0 820.0 6280.0 6080.0 6480.0 6280.0 6080.0 6080.0 6080.0 6080.0 6080.0 6080.0 1220.0 6480.0 1620.0 6480.0 6480.0 6280.0 6280.0 5880.0 1220.0 5880.0 6280.0 5880.0 1420.0 5280.0 6680.0 6480.0 6080.0 6280.0 5880.0 5880.0 5480.0 6480.0 6080.0 1620.0 1020.0 6280.0 5880.0 6480.0 6080.0 820.0 5280.0 6080.0 6280.0 5480.0 6280.0 6480.0 6080.0 5880.0 6680.0 1840.0 1220.0 6480.0 6480.0 6080.0 6080.0 6480.0 5680.0 5880.0 6080.0 6280.0 6480.0 7500.0 5880.0 1220.0 6080.0 6080.0 6280.0 1220.0 5480.0 5880.0 1620.0 6680.0 6280.0 6680.0 6480.0 5880.0 6480.0 6480.0 6280.0 5480.0 5880.0 6080.0 6080.0 820.0 5680.0
0.0 6080.0 6480.0 1020.0 0.0 820.0 6080.0 6280.0 6080.0 6080.0 5680.0 6680.0 6080.0 5480.0 6280.0 620.0 6480.0 5880.0 5880.0 6080.0 5680.0 5680.0 6080.0 5680.0 6900.0 5880.0 1420.0 7100.0 1620.0 6080.0 6480.0 6080.0 5680.0 5880.0 1220.0 5880.0 6080.0 6280.0 420.0 5880.0 6280.0 5680.0 6080.0 6280.0 5880.0 6080.0 6280.0 6280.0 6680.0 1020.0 1420.0 6080.0 5880.0 6080.0 6680.0 1220.0 6280.0 5880.0 5480.0 6080.0 6680.0 6280.0 6080.0 5680.0 6280.0 1420.0 1620.0 6480.0 6480.0 5280.0 5680.0 5680.0 6280.0 6080.0 6280.0 6080.0 6080.0 7300.0 6080.0 1220.0 6080.0 6680.0 6280.0 220.0 6480.0 5480.0 1620.0 6480.0 5880.0 6480.0 6280.0 5880.0 6680.0 6900.0 6680.0 6480.0 5680.0 6080.0 5480.0 1220.0 6280.0
0.0 6280.0 6900.0 1220.0 1020.0 0.0 6080.0 6680.0 6280.0 6680.0 6080.0 6680.0 6480.0 6480.0 6480.0 620.0 6480.0 6280.0 6280.0 6280.0 5680.0 5880.0 6480.0 5880.0 6900.0 6680.0 1620.0 6900.0 1420.0 6480.0 5880.0 6080.0 6080.0 6080.0 1620.0 6080.0 6080.0 6680.0 1420.0 6080.0 6480.0 6480.0 6680.0 6480.0 5880.0 6080.0 6080.0 6480.0 6680.0 1420.0 1020.0 6480.0 5880.0 6280.0 6680.0 1420.0 6080.0 5880.0 5680.0 6280.0 6480.0 6680.0 5880.0 6280.0 6680.0 1620.0 1840.0 6280.0 6680.0 5480.0 5880.0 6080.0 6680.0 6680.0 6480.0 6280.0 6680.0 7500.0 6680.0 1020.0 6080.0 6680.0 6480.0 1220.0 6280.0 5880.0 2040.0 6280.0 6080.0 6900.0 6480.0 6280.0 7100.0 6900.0 6480.0 6080.0 5680.0 6280.0 5680.0 1620.0 6680.0
0.0 6080.0 6080.0 6280.0 6480.0 6080.0 0.0 6680.0 1020.0 5880.0 6480.0 6900.0 820.0 6280.0 1220.0 6280.0 6080.0 6080.0 6280.0 6080.0 1020.0 5880.0 6280.0 6280.0 1020.0 6080.0 6080.0 6480.0 6480.0 6280.0 6280.0 6280.0 6480.0 820.0 6080.0 6080.0 1420.0 5880.0 6280.0 220.0 7100.0 6480.0 1020.0 6080.0 5880.0 5880.0 5480.0 6480.0 1020.0 6680.0 6080.0 1620.0 5880.0 6480.0 6080.0 6680.0 5280.0 6280.0 6280.0 620.0 6680.0 6280.0 5880.0 5880.0 6480.0 6680.0 6080.0 6480.0 6480.0 6080.0 1420.0 6280.0 620.0 5680.0 6080.0 6080.0 6280.0 7500.0 5880.0 6080.0 6080.0 1020.0 6280.0 6080.0 5480.0 5880.0 6480.0 6680.0 6480.0 6680.0 6280.0 5880.0 6480.0 6480.0 6280.0 5480.0 1220.0 6080.0 6280.0 5880.0 5680.0
0.0 6680.0 7300.0 6900.0 6900.0 6680.0 6480.0 0.0 6480.0 7100.0 6480.0 1840.0 7100.0 6280.0 6900.0 6280.0 6900.0 1620.0 6280.0 6900.0 6480.0 6480.0 6900.0 6280.0 6680.0 6680.0 7100.0 7500.0 6900.0 6080.0 6480.0 6480.0 6480.0 6480.0 7100.0 1620.0 6480.0 7100.0 6900.0 6480.0 6900.0 6280.0 6900.0 2040.0 6080.0 6480.0 6480.0 6900.0 7100.0 7300.0 6480.0 7100.0 5880.0 6900.0 7100.0 6900.0 6480.0 6280.0 6680.0 6680.0 2240.0 1220.0 1220.0 1420.0 2040.0 7100.0 7300.0 1620.0 6900.0 6680.0 6280.0 1840.0 7100.0 1620.0 6900.0 6900.0 6900.0 7500.0 6480.0 6900.0 5880.0 7100.0 6900.0 6680.0 1620.0 6480.0 6480.0 6480.0 6480.0 7100.0 6900.0 6480.0 7500.0 7300.0 1840.0 6480.0 6080.0 1020.0 6680.0 7100.0 6900.0
0.0 5080.0 6900.0 5880.0 6280.0 5280.0 1020.0 6900.0 0.0 6680.0 6280.0 6900.0 1620.0 6680.0 1420.0 5680.0 6480.0 6280.0 6480.0 6280.0 820.0 6080.0 6680.0 6080.0 1840.0 6280.0 6480.0 6080.0 6680.0 5880.0 6080.0 6280.0 6280.0 1020.0 6680.0 6280.0 1220.0 5880.0 6480.0 1020.0 6680.0 5880.0 1420.0 6680.0 5880.0 6280.0 6280.0 6680.0 1840.0 6480.0 6280.0 1020.0 5880.0 6080.0 6900.0 6480.0 6080.0 5880.0 5880.0 1420.0 5680.0 6900.0 5680.0 6080.0 5680.0 6900.0 6080.0 6480.0 6900.0 5680.0 1020.0 6080.0 1620.0 6280.0 6680.0 6480.0 6900.0 7500.0 6280.0 6280.0 6280.0 1840.0 6480.0 6280.0 6280.0 6080.0 7100.0 6280.0 6280.0 6680.0 6480.0 6480.0 6680.0 7100.0 6680.0 6280.0 820.0 6280.0 5880.0 6680.0 6680.0
0.0 1020.0 2040.0 6280.0 5880.0 6280.0 6480.0 6900.0 6080.0 0.0 6280.0 6680.0 6680.0 5680.0 6900.0 5680.0 6480.0 6080.0 6080.0 6280.0 6280.0 5680.0 1420.0 6080.0 7300.0 6080.0 6900.0 2240.0 6680.0 6280.0 7100.0 6280.0 6280.0 5880.0 6480.0 6080.0 6280.0 6480.0 6080.0 6280.0 1840.0 5680.0 6280.0 6480.0 6280.0 6280.0 1420.0 1620.0 6900.0 6680.0 6680.0 6680.0 1220.0 6480.0 6900.0 6680.0 6480.0 6080.0 6080.0 6280.0 6680.0 6900.0 6480.0 5880.0 6680.0 6680.0 6900.0 6680.0 6900.0 5880.0 6080.0 6280.0 6900.0 6080.0 1420.0 6280.0 1840.0 2640.0 5680.0 6680.0 6080.0 6900.0 1420.0 5880.0 6480.0 6280.0 7300.0 6480.0 1420.0 6480.0 1420.0 6680.0 2040.0 7300.0 6680.0 6680.0 5880.0 6080.0 5480.0 6900.0 1840.0
0.0 6080.0 6080.0 6280.0 6080.0 6080.0 6280.0 6280.0 6080.0 5880.0 0.0 6680.0 5880.0 6280.0 5880.0 5280.0 1220.0 5880.0 1420.0 6080.0 5880.0 6080.0 6280.0 5680.0 6480.0 1420.0 6480.0 6480.0 6280.0 6480.0 1220.0 5880.0 5880.0 5880.0 6480.0 6080.0 5680.0 1020.0 6080.0 5280.0 6280.0 1220.0 5880.0 6280.0 1020.0 5880.0 5880.0 6280.0 6080.0 6900.0 6480.0 6680.0 5880.0 6480.0 1020.0 6080.0 1220.0 620.0 6080.0 6080.0 6680.0 5880.0 6080.0 5880.0 6480.0 6480.0 6280.0 6480.0 1420.0 6080.0 5680.0 6280.0 6900.0 6480.0 6080.0 6080.0 6280.0 7500.0 820.0 6280.0 5880.0 6080.0 6280.0 5880.0 6080.0 1420.0 6480.0 6900.0 5280.0 1620.0 6280.0 1020.0 6480.0 2040.0 6280.0 6080.0 5280.0 6080.0 6280.0 5880.0 5680.0
0.0 6080.0 6900.0 5880.0 5880.0 6280.0 5880.0 1420.0 6080.0 6280.0 6080.0 0.0 6680.0 6280.0 6680.0 5880.0 6280.0 1020.0 6480.0 6080.0 6080.0 6280.0 6280.0 5880.0 6900.0 6680.0 6480.0 6900.0 6280.0 6480.0 6900.0 5480.0 6080.0 5880.0 6480.0 620.0 5880.0 6680.0 6080.0 6080.0 6680.0 6280.0 6480.0 1420.0 6280.0 5880.0 5880.0 6480.0 6900.0 6680.0 6680.0 6480.0 5880.0 6480.0 6680.0 5880.0 6080.0 5680.0 6080.0 6080.0 1620.0 1840.0 1420.0 1220.0 1620.0 6680.0 6900.0 1620.0 6680.0 5880.0 5880.0 1420.0 6480.0 1620.0 5880.0 6080.0 6480.0 7300.0 6480.0 6680.0 5880.0 6480.0 6080.0 5880.0 1220.0 6280.0 7100.0 6900.0 6080.0 7100.0 6280.0 6280.0 6480.0 7100.0 1420.0 6280.0 5880.0 1020.0 5880.0 6480.0 6480.0
0.0 6480.0 6280.0 6480.0 6080.0 6680.0 1220.0 5880.0 1420.0 6080.0 6680.0 7100.0 0.0 6480.0 1620.0 6280.0 6680.0 6900.0 6280.0 6480.0 1620.0 6480.0 6480.0 6480.0 2040.0 6900.0 6480.0 6680.0 6680.0 6480.0 6080.0 6480.0 6080.0 1620.0 6080.0 6480.0 1620.0 6900.0 6280.0 1220.0 7100.0 6480.0 1620.0 6280.0 6080.0 6280.0 5880.0 6900.0 2040.0 6900.0 6680.0 1420.0 6080.0 6280.0 7100.0 6080.0 6280.0 6480.0 6280.0 1420.0 7100.0 5480.0 6280.0 6680.0 6900.0 6900.0 7100.0 6680.0 6480.0 6080.0 1420.0 6480.0 1840.0 6680.0 6480.0 6480.0 6480.0 7500.0 6680.0 6480.0 6480.0 1420.0 6480.0 6080.0 6480.0 6480.0 6900.0 6900.0 6680.0 6680.0 6680.0 6080.0 5880.0 7500.0 6480.0 6680.0 1220.0 6900.0 5680.0 6080.0 6680.0
0.0 5680.0 6480.0 5880.0 6080.0 5680.0 5880.0 6280.0 5480.0 5880.0 5680.0 6080.0 6480.0 0.0 6480.0 5280.0 6080.0 5480.0 5880.0 620.0 5680.0 620.0 5880.0 620.0 6680.0 5480.0 6280.0 6680.0 6080.0 1420.0 6480.0 620.0 620.0 5280.0 5880.0 5480.0 5680.0 6080.0 5680.0 5880.0 6280.0 5080.0 5680.0 5880.0 5880.0 620.0 5880.0 6080.0 6280.0 6280.0 6080.0 6280.0 5680.0 1020.0 6480.0 6080.0 5880.0 5480.0 820.0 5680.0 6280.0 6480.0 5880.0 5280.0 6080.0 6280.0 6280.0 6080.0 6480.0 620.0 5480.0 6480.0 6480.0 5480.0 6080.0 620.0 6280.0 7300.0 6080.0 6080.0 620.0 6480.0 5880.0 5480.0 6080.0 5880.0 6680.0 1620.0 5880.0 5880.0 5880.0 6080.0 6480.0 6900.0 6280.0 1020.0 5280.0 5680.0 820.0 6280.0 6280.0
0.0 6080.0 6900.0 6480.0 6480.0 5680.0 1220.0 6680.0 1020.0 6480.0 6480.0 7100.0 1840.0 6900.0 0.0 6080.0 6280.0 5880.0 6280.0 6080.0 1020.0 6480.0 6680.0 6480.0 2040.0 6680.0 6280.0 6480.0 5880.0 6480.0 6480.0 5880.0 6480.0 820.0 6280.0 6480.0 820.0 6680.0 6280.0 1420.0 7100.0 6680.0 1420.0 6280.0 6280.0 5880.0 5680.0 5880.0 2240.0 6680.0 6480.0 1620.0 6280.0 6480.0 6900.0 6280.0 6480.0 6280.0 6280.0 1020.0 6680.0 7100.0 6480.0 6280.0 6480.0 6680.0 6900.0 6280.0 6680.0 6080.0 1420.0 6480.0 1840.0 6480.0 6280.0 6080.0 6480.0 7500.0 6480.0 6680.0 6080.0 1220.0 6280.0 6080.0 6480.0 6480.0 7300.0 6680.0 6480.0 7100.0 6280.0 5880.0 6480.0 7100.0 6280.0 6480.0 1020.0 6080.0 6080.0 6680.0 6900.0
0.0 5880.0 6480.0 1420.0 1420.0 1020.0 6080.0 6280.0 5880.0 6080.0 5680.0 6680.0 6280.0 6080.0 6480.0 0.0 5880.0 5680.0 6080.0 5880.0 5680.0 6280.0 6080.0 5480.0 6680.0 6280.0 1420.0 6680.0 1020.0 6280.0 6480.0 5680.0 5680.0 5680.0 1220.0 6280.0 5680.0 6280.0 1020.0 5680.0 6080.0 6080.0 6280.0 6080.0 5880.0 5680.0 5680.0 6080.0 6280.0 1620.0 1420.0 6480.0 5680.0 6280.0 6480.0 1020.0 6080.0 5480.0 6080.0 5880.0 6480.0 6480.0 5880.0 6080.0 6280.0 1220.0 1420.0 6280.0 6280.0 5880.0 5480.0 6480.0 6680.0 6280.0 6080.0 5880.0 6280.0 7300.0 6280.0 1020.0 5680.0 6280.0 6080.0 820.0 6280.0 6080.0 1620.0 6680.0 5680.0 6900.0 6080.0 6080.0 6680.0 6900.0 6080.0 6280.0 5280.0 5880.0 6080.0 1220.0 6280.0
0.0 6080.0 6480.0 6480.0 6680.0 5880.0 6480.0 6480.0 6480.0 6280.0 1220.0 6480.0 6080.0 6680.0 6280.0 6480.0 0.0 6480.0 1620.0 5880.0 6080.0 5880.0 6480.0 6080.0 6900.0 1420.0 6480.0 6680.0 5480.0 6680.0 1420.0 6280.0 6280.0 6280.0 5880.0 6480.0 6280.0 1020.0 6480.0 6280.0 6680.0 1020.0 6680.0 5880.0 1220.0 5680.0 5680.0 6480.0 7300.0 6680.0 5680.0 6480.0 5680.0 6480.0 1420.0 6680.0 1420.0 1020.0 6080.0 5880.0 6680.0 6080.0 6480.0 6280.0 6900.0 5880.0 6280.0 5880.0 620.0 6280.0 6080.0 6480.0 6900.0 5480.0 6480.0 5880.0 6280.0 6900.0 820.0 6680.0 6280.0 6480.0 6080.0 6480.0 6680.0 1020.0 7100.0 7100.0 6280.0 1420.0 5480.0 1020.0 6680.0 1420.0 5280.0 5880.0 6280.0 6480.0 6480.0 6680.0 6900.0
0.0 5280.0 6480.0 6080.0 5680.0 5480.0 5880.0 1020.0 5280.0 5480.0 5680.0 1420.0 6080.0 6080.0 6080.0 5880.0 6280.0 0.0 5880.0 5280.0 5680.0 5680.0 6080.0 5480.0 6480.0 5680.0 6480.0 6280.0 6280.0 5880.0 6280.0 6280.0 5680.0 5880.0 6280.0 1220.0 6280.0 5880.0 5480.0 5880.0 6280.0 5880.0 6280.0 620.0 5680.0 6280.0 5680.0 6280.0 6680.0 5880.0 5680.0 5880.0 5680.0 5680.0 6480.0 6280.0 5880.0 6080.0 5480.0 5280.0 820.0 1420.0 820.0 1020.0 820.0 5880.0 6280.0 820.0 6280.0 5280.0 5480.0 1220.0 6280.0 1420.0 6280.0 5280.0 6680.0 7100.0 6280.0 6280.0 5880.0 6280.0 5480.0 5280.0 620.0 5480.0 6680.0 6280.0 5880.0 6280.0 5480.0 6080.0 6280.0 6480.0 1420.0 5680.0 5880.0 1220.0 5480.0 6280.0 6280.0
0.0 6680.0 7100.0 6900.0 6900.0 6900.0 6280.0 6680.0 6680.0 6280.0 2240.0 6900.0 6900.0 6680.0 7100.0 6900.0 2040.0 6480.0 0.0 6680.0 6480.0 6480.0 7100.0 6900.0 7300.0 1620.0 7300.0 7100.0 6900.0 6280.0 2240.0 6900.0 5880.0 6480.0 7100.0 6480.0 7100.0 1620.0 6900.0 6280.0 7500.0 1220.0 6680.0 6080.0 1620.0 6900.0 6680.0 7300.0 6900.0 6900.0 6900.0 6480.0 6680.0 7100.0 1840.0 7100.0 1420.0 1840.0 6680.0 6680.0 6680.0 7500.0 6900.0 6280.0 6080.0 6480.0 6280.0 7300.0 1840.0 6680.0 6900.0 7300.0 6900.0 6680.0 6900.0 6480.0 7300.0 7500.0 1420.0 7100.0 6480.0 6680.0 6080.0 6680.0 6480.0 1220.0 7500.0 6680.0 6900.0 2040.0 6680.0 2040.0 6680.0 2240.0 6680.0 6680.0 6680.0 6680.0 6680.0 6900.0 6480.0
0.0 5880.0 6680.0 6280.0 5880.0 6080.0 5680.0 5880.0 5880.0 5480.0 6280.0 6280.0 5880.0 1020.0 6080.0 5880.0 6280.0 5880.0 6080.0 0.0 5680.0 420.0 6480.0 1220.0 6680.0 5680.0 6280.0 6480.0 6080.0 1220.0 6080.0 1220.0 1420.0 5880.0 6280.0 5880.0 6280.0 6280.0 6080.0 5880.0 6680.0 5880.0 6080.0 5480.0 5480.0 1220.0 5680.0 6280.0 6680.0 5880.0 5480.0 5680.0 5480.0 820.0 6280.0 6080.0 5880.0 6080.0 220.0 5080.0 6480.0 6280.0 5480.0 5680.0 6480.0 5680.0 6480.0 6080.0 6080.0 420.0 6080.0 6480.0 6280.0 6480.0 6080.0 220.0 6480.0 6900.0 6080.0 6080.0 620.0 6280.0 5280.0 5880.0 6080.0 5480.0 6480.0 1620.0 6480.0 6280.0 5280.0 5880.0 6080.0 6280.0 6280.0 620.0 5880.0 6080.0 620.0 6480.0 6280.0
0.0 5680.0 6480.0 6280.0 6080.0 5880.0 620.0 6680.0 620.0 6280.0 6080.0 6280.0 1420.0 6480.0 1620.0 5680.0 6480.0 6280.0 6480.0 6480.0 0.0 6480.0 6680.0 5880.0 1420.0 6480.0 6480.0 6480.0 6480.0 6480.0 5880.0 6080.0 6080.0 1020.0 6480.0 6480.0 1020.0 6280.0 6280.0 620.0 6480.0 6480.0 1420.0 6680.0 5280.0 6080.0 5880.0 6080.0 1420.0 6900.0 6280.0 1420.0 5280.0 6280.0 6280.0 6480.0 5680.0 5880.0 6280.0 1020.0 5880.0 6280.0 5480.0 6280.0 6280.0 6480.0 6480.0 5880.0 6900.0 6080.0 1020.0 6280.0 1220.0 6280.0 6480.0 6480.0 6680.0 7500.0 6280.0 5680.0 6280.0 1420.0 6480.0 6280.0 5880.0 6280.0 6900.0 6900.0 6280.0 6900.0 5880.0 6280.0 6900.0 6900.0 6480.0 5880.0 620.0 6480.0 5880.0 6280.0 6080.0
0.0 5680.0 6900.0 5880.0 6080.0 5880.0 5880.0 6480.0 5680.0 6080.0 6280.0 6900.0 6480.0 1620.0 6480.0 6280.0 6680.0 5680.0 5880.0 820.0 6280.0 0.0 6480.0 1020.0 6900.0 6280.0 6480.0 6680.0 6280.0 1420.0 6680.0 1220.0 1220.0 5480.0 6680.0 5680.0 6280.0 6480.0 5880.0 6080.0 6680.0 6480.0 5880.0 5880.0 5880.0 1220.0 6280.0 6680.0 6280.0 6480.0 6280.0 6280.0 5880.0 1020.0 6900.0 6280.0 6080.0 6080.0 820.0 5880.0 6280.0 6480.0 6080.0 5480.0 6280.0 6280.0 6680.0 6280.0 6280.0 620.0 6080.0 6680.0 6480.0 6480.0 5880.0 820.0 6080.0 7300.0 6080.0 6280.0 620.0 6900.0 5880.0 5680.0 6080.0 6080.0 7100.0 1840.0 6280.0 6680.0 5880.0 6480.0 6680.0 6900.0 6080.0 1220.0 5880.0 5680.0 820.0 6680.0 6480.0
0.0 1220.0 1620.0 6280.0 5880.0 6280.0 6480.0 5880.0 6080.0 220.0 6280.0 6680.0 6680.0 5680.0 6280.0 5880.0 6080.0 6080.0 6080.0 6280.0 5880.0 5880.0 0.0 6080.0 6480.0 6080.0 6680.0 1840.0 6280.0 6280.0 6900.0 6280.0 6280.0 5880.0 5280.0 6080.0 6280.0 6680.0 6080.0 5880.0 1840.0 5680.0 6280.0 5280.0 6080.0 6280.0 1020.0 1620.0 6900.0 6080.0 6680.0 6900.0 1220.0 5880.0 6900.0 6680.0 5680.0 6080.0 6080.0 6280.0 6680.0 6900.0 6280.0 5880.0 6680.0 6900.0 6900.0 6680.0 6480.0 5880.0 6080.0 6480.0 6900.0 6080.0 1220.0 6280.0 1840.0 2440.0 5880.0 6480.0 5680.0 6080.0 1420.0 5880.0 6480.0 6280.0 7100.0 6680.0 1420.0 6480.0 1420.0 6280.0 1020.0 7300.0 6080.0 6480.0 5880.0 6080.0 5480.0 6480.0 1420.0
0.0 5880.0 6080.0 6480.0 6280.0 5680.0 5680.0 6480.0 5880.0 5880.0 5280.0 6280.0 5880.0 1420.0 6080.0 5480.0 6280.0 6080.0 6280.0 1020.0 5280.0 1220.0 6480.0 0.0 6480.0 5880.0 6680.0 6480.0 6280.0 1620.0 6080.0 1020.0 220.0 5880.0 6480.0 6280.0 5880.0 5880.0 6280.0 5480.0 5880.0 6480.0 6080.0 6280.0 5480.0 1020.0 6080.0 5680.0 6280.0 6680.0 6280.0 6280.0 5480.0 1420.0 6280.0 6280.0 5880.0 5680.0 1020.0 6080.0 6080.0 6080.0 5480.0 6080.0 6480.0 5880.0 6080.0 5880.0 5880.0 1020.0 5080.0 6480.0 6280.0 6480.0 6280.0 1020.0 6080.0 7100.0 6080.0 5680.0 1020.0 6280.0 5880.0 6080.0 6080.0 6280.0 6280.0 1620.0 5480.0 6900.0 6080.0 6080.0 6680.0 6680.0 6480.0 1020.0 5480.0 6280.0 1020.0 5880.0 5880.0
0.0 6480.0 6680.0 6480.0 6280.0 5880.0 1420.0 6680.0 1420.0 6080.0 6480.0 6900.0 1620.0 6680.0 1420.0 6080.0 5880.0 6680.0 6900.0 5880.0 1420.0 6080.0 6900.0 6480.0 0.0 6280.0 6280.0 6680.0 6280.0 5480.0 6680.0 6480.0 6680.0 1420.0 6280.0 6680.0 1420.0 6480.0 6280.0 1020.0 7100.0 6680.0 1420.0 6080.0 6280.0 5680.0 5680.0 7100.0 1620.0 6480.0 6280.0 620.0 6280.0 6480.0 6480.0 6680.0 6480.0 6280.0 5880.0 820.0 6680.0 6680.0 6280.0 6480.0 6900.0 6480.0 6680.0 6680.0 5480.0 6080.0 1220.0 6680.0 2040.0 6280.0 6280.0 5880.0 6080.0 7300.0 6480.0 6900.0 6480.0 1220.0 5880.0 6280.0 6680.0 6080.0 6680.0 5880.0 6080.0 7100.0 6080.0 6080.0 6480.0 6900.0 6080.0 6280.0 1220.0 6680.0 6280.0 6480.0 6080.0
0.0 6680.0 7500.0 7500.0 7100.0 6900.0 7300.0 6900.0 6680.0 7300.0 2240.0 7500.0 7500.0 7300.0 6680.0 6680.0 2040.0 7300.0 1620.0 7500.0 7100.0 7300.0 7500.0 6900.0 7500.0 0.0 7300.0 6680.0 6480.0 7500.0 2040.0 6900.0 7100.0 7100.0 6900.0 7500.0 7100.0 1840.0 7300.0 6900.0 7300.0 2040.0 7500.0 6900.0 2240.0 7100.0 6680.0 7300.0 7300.0 7500.0 6900.0 7500.0 7300.0 7300.0 2440.0 7300.0 2440.0 1840.0 7100.0 7500.0 7300.0 7100.0 6480.0 7100.0 7300.0 7500.0 6080.0 6900.0 2440.0 7100.0 6900.0 7500.0 7500.0 7300.0 7300.0 7500.0 6900.0 7500.0 1420.0 7500.0 7300.0 7300.0 7500.0 7300.0 7500.0 2240.0 7500.0 7500.0 6680.0 2440.0 7500.0 2040.0 6680.0 2640.0 6280.0 6900.0 6680.0 7300.0 6900.0 7500.0 7300.0
0.0 6280.0 5880.0 220.0 1420.0 1420.0 5280.0 6280.0 6280.0 5680.0 6080.0 6900.0 6080.0 6280.0 5880.0 620.0 6280.0 6280.0 6280.0 6080.0 6080.0 6080.0 6280.0 5880.0 6280.0 6280.0 0.0 6680.0 1420.0 6480.0 6480.0 6080.0 6080.0 6080.0 1220.0 5880.0 6080.0 6080.0 1420.0 5480.0 6480.0 6280.0 6080.0 6280.0 6080.0 5880.0 5680.0 6080.0 6280.0 620.0 1020.0 6280.0 6080.0 5880.0 6280.0 820.0 5480.0 5880.0 6080.0 5680.0 6280.0 6480.0 5880.0 6080.0 6680.0 1620.0 1220.0 6480.0 6480.0 6280.0 5880.0 6280.0 5880.0 5880.0 6280.0 6080.0 6480.0 7300.0 6080.0 1420.0 6080.0 6280.0 6080.0 1220.0 5480.0 6080.0 1420.0 6900.0 6080.0 6480.0 6280.0 6080.0 6080.0 6480.0 6480.0 5680.0 5680.0 6280.0 6080.0 620.0 5880.0
0.0 1840.0 1840.0 6480.0 6280.0 6480.0 6480.0 5880.0 6680.0 1620.0 6900.0 7500.0 6680.0 6680.0 6080.0 6480.0 6680.0 6680.0 6480.0 6480.0 6280.0 6080.0 2040.0 6680.0 7100.0 6900.0 6280.0 0.0 6680.0 6680.0 6280.0 6480.0 6900.0 6480.0 5880.0 6480.0 6680.0 6680.0 6480.0 6080.0 1840.0 6680.0 6480.0 6080.0 6480.0 6680.0 620.0 1840.0 6900.0 6480.0 6900.0 6480.0 1420.0 5680.0 6900.0 6680.0 6280.0 6680.0 5880.0 6480.0 7100.0 6900.0 6480.0 6480.0 7100.0 7100.0 5880.0 7100.0 7100.0 5680.0 6680.0 6680.0 7100.0 6900.0 1420.0 6480.0 2240.0 2040.0 6080.0 6900.0 6280.0 6280.0 1620.0 6280.0 6680.0 6080.0 7100.0 6900.0 1420.0 6280.0 1840.0 6080.0 620.0 7500.0 6680.0 6680.0 6480.0 6680.0 5880.0 6680.0 1420.0
0.0 6680.0 6080.0 1620.0 1420.0 1840.0 6680.0 6680.0 6480.0 6480.0 6900.0 7300.0 6900.0 6900.0 6480.0 1620.0 6680.0 6480.0 6480.0 6680.0 6080.0 6080.0 6900.0 6680.0 6680.0 6480.0 1620.0 7100.0 0.0 6900.0 7100.0 6480.0 6900.0 6280.0 1840.0 6480.0 6480.0 6080.0 1620.0 6680.0 6480.0 6900.0 6680.0 6900.0 6280.0 6480.0 6680.0 6080.0 7100.0 1420.0 1840.0 7100.0 6480.0 6900.0 6280.0 1620.0 6480.0 6480.0 5880.0 6680.0 7100.0 7100.0 6480.0 6280.0 7100.0 2240.0 1420.0 5680.0 7100.0 5880.0 6680.0 6680.0 7300.0 6900.0 6680.0 6680.0 7100.0 7500.0 6680.0 1420.0 6280.0 6900.0 6900.0 1420.0 6900.0 5880.0 1620.0 6900.0 6680.0 7500.0 6900.0 6080.0 6900.0 7500.0 6900.0 6900.0 6280.0 6280.0 6080.0 1420.0 6680.0
0.0 6280.0 6480.0 6680.0 5880.0 6480.0 6680.0 6900.0 6280.0 6280.0 6280.0 7300.0 6280.0 1420.0 6480.0 5880.0 6680.0 6480.0 6900.0 1620.0 6280.0 1420.0 6480.0 1020.0 6680.0 6680.0 6900.0 6900.0 5880.0 0.0 6900.0 1220.0 1220.0 6280.0 6480.0 6480.0 6280.0 6080.0 6280.0 5680.0 6900.0 6480.0 6480.0 6680.0 6480.0 1220.0 6280.0 6680.0 6280.0 6900.0 6480.0 6900.0 6480.0 1840.0 6280.0 6680.0 6480.0 6080.0 1220.0 6480.0 6480.0 6480.0 6480.0 6280.0 6680.0 6900.0 6280.0 6480.0 6480.0 1020.0 6080.0 6480.0 7100.0 6900.0 6280.0 1620.0 6680.0 7100.0 6280.0 6680.0 1420.0 6280.0 6680.0 6080.0 6900.0 6480.0 7100.0 420.0 5680.0 6900.0 6680.0 6480.0 6900.0 7500.0 5880.0 1620.0 5880.0 6480.0 1220.0 6280.0 5880.0
0.0 6680.0 6900.0 6680.0 6480.0 6280.0 6480.0 5880.0 6680.0 6080.0 1620.0 7300.0 6900.0 6680.0 5680.0 6480.0 1840.0 6480.0 1840.0 6680.0 6480.0 6480.0 6900.0 6480.0 7500.0 2040.0 6480.0 6900.0 5880.0 6900.0 0.0 6480.0 6280.0 6480.0 6280.0 6900.0 6480.0 1220.0 6080.0 6680.0 7100.0 1620.0 6680.0 6480.0 1620.0 6480.0 5880.0 6480.0 7300.0 6900.0 6280.0 6900.0 6680.0 5480.0 2040.0 6480.0 1620.0 1620.0 6280.0 6680.0 7100.0 6480.0 6900.0 6680.0 7100.0 6900.0 6480.0 6480.0 2240.0 6080.0 6480.0 7100.0 7100.0 7100.0 6480.0 6680.0 6680.0 7300.0 1220.0 7100.0 6680.0 6480.0 6900.0 6080.0 5880.0 1420.0 7300.0 7100.0 6680.0 1020.0 6900.0 1220.0 6280.0 1840.0 5680.0 5880.0 6480.0 6680.0 6280.0 7100.0 7100.0
0.0 6280.0 6480.0 6080.0 6280.0 6280.0 5680.0 6680.0 6280.0 5880.0 6080.0 7100.0 6280.0 1420.0 6680.0 5480.0 6480.0 6080.0 6480.0 1220.0 6080.0 1220.0 5880.0 820.0 6480.0 6480.0 6680.0 6900.0 6480.0 1620.0 6900.0 0.0 1020.0 5880.0 6080.0 6080.0 6080.0 6480.0 5680.0 5680.0 6480.0 6480.0 6280.0 6080.0 6280.0 1020.0 6080.0 6480.0 6480.0 6480.0 6480.0 6900.0 6080.0 1620.0 6480.0 5480.0 5680.0 5880.0 820.0 6080.0 6900.0 6480.0 6280.0 5880.0 6680.0 6680.0 6680.0 6680.0 6680.0 820.0 5880.0 6280.0 6280.0 6280.0 5480.0 1220.0 6680.0 7500.0 6480.0 6480.0 820.0 6480.0 6480.0 6080.0 5880.0 6080.0 7100.0 2040.0 6080.0 7300.0 6480.0 6280.0 6680.0 6900.0 6480.0 1020.0 5680.0 6280.0 1020.0 6280.0 6280.0
0.0 6680.0 6900.0 6900.0 6480.0 6900.0 6080.0 6480.0 6680.0 6680.0 7100.0 6080.0 6480.0 1840.0 6680.0 6680.0 6900.0 6480.0 6080.0 1620.0 6280.0 1020.0 7100.0 1840.0 6900.0 6900.0 6900.0 6900.0 6680.0 1840.0 6480.0 1420.0 0.0 6480.0 6900.0 6680.0 6480.0 6680.0 6900.0 6080.0 7500.0 6900.0 6900.0 6080.0 6480.0 1420.0 6280.0 6900.0 6900.0 6480.0 6280.0 6680.0 6480.0 1420.0 6900.0 6680.0 6080.0 6680.0 820.0 6480.0 6480.0 6900.0 6480.0 6480.0 6900.0 5880.0 7100.0 6900.0 7100.0 1020.0 6900.0 6680.0 6680.0 6680.0 6900.0 820.0 6680.0 6900.0 6680.0 6680.0 1220.0 6900.0 6900.0 6680.0 6280.0 6080.0 7100.0 2240.0 7100.0 6900.0 5880.0 6480.0 6680.0 6480.0 6900.0 1220.0 6680.0 6680.0 1220.0 6680.0 6680.0
0.0 5480.0 6480.0 6280.0 5880.0 5480.0 820.0 6280.0 420.0 5680.0 5880.0 6480.0 1220.0 6280.0 1220.0 5880.0 6280.0 5280.0 5680.0 5480.0 820.0 5680.0 6280.0 5680.0 1620.0 5880.0 6480.0 6480.0 6280.0 6080.0 6280.0 5880.0 5880.0 0.0 6480.0 6280.0 820.0 6080.0 5480.0 1020.0 6480.0 6080.0 1420.0 5680.0 5480.0 5880.0 5880.0 6280.0 1620.0 6080.0 5880.0 1020.0 5680.0 5880.0 6480.0 6280.0 5880.0 5680.0 5480.0 420.0 5880.0 6680.0 5680.0 6080.0 5880.0 6080.0 6480.0 5880.0 6480.0 5480.0 820.0 6480.0 1420.0 6080.0 6280.0 5480.0 6280.0 7100.0 5880.0 6280.0 5480.0 1420.0 5480.0 5280.0 5880.0 5680.0 6680.0 6480.0 5880.0 6480.0 5680.0 6280.0 6480.0 6480.0 6480.0 5880.0 420.0 5480.0 5480.0 6480.0 6480.0
0.0 6480.0 7100.0 1220.0 1420.0 1620.0 6280.0 5680.0 6480.0 6680.0 6900.0 6900.0 7100.0 6900.0 6080.0 1420.0 6680.0 6280.0 6680.0 6480.0 5880.0 6900.0 7100.0 6680.0 7100.0 6680.0 1620.0 7100.0 1220.0 6480.0 6680.0 6900.0 6900.0 6480.0 0.0 5880.0 6900.0 6680.0 1220.0 6280.0 6680.0 6900.0 6900.0 5280.0 5880.0 6900.0 6280.0 6480.0 6680.0 1020.0 1620.0 7100.0 6080.0 5680.0 6900.0 1840.0 6280.0 6480.0 6480.0 6480.0 6680.0 6680.0 6080.0 6480.0 6900.0 2040.0 2040.0 6480.0 7100.0 6480.0 6680.0 6900.0 6900.0 6900.0 6900.0 6480.0 7100.0 7300.0 6680.0 1220.0 5480.0 6900.0 6680.0 1420.0 6280.0 6680.0 1840.0 6900.0 6900.0 6480.0 6680.0 6080.0 6900.0 7300.0 5880.0 6280.0 6480.0 6480.0 6080.0 1840.0 6900.0
0.0 6480.0 6280.0 5480.0 5680.0 6480.0 5480.0 1220.0 6480.0 6080.0 6280.0 2040.0 6280.0 6080.0 6480.0 6080.0 6480.0 1420.0 5880.0 6480.0 6080.0 6080.0 6480.0 6080.0 6280.0 6280.0 5880.0 6680.0 6900.0 6080.0 6680.0 6480.0 6280.0 6080.0 6480.0 0.0 6480.0 6080.0 5880.0 5480.0 6680.0 6080.0 6280.0 1420.0 6080.0 6080.0 5880.0 6680.0 6280.0 6280.0 6480.0 6480.0 6280.0 6480.0 6480.0 5880.0 5480.0 6280.0 5880.0 5880.0 1420.0 1620.0 1220.0 1020.0 1620.0 6900.0 6480.0 1620.0 6680.0 5680.0 6080.0 1220.0 6080.0 1020.0 6480.0 6480.0 6680.0 6900.0 6280.0 6480.0 6480.0 6280.0 6480.0 5680.0 620.0 5880.0 6900.0 6480.0 6280.0 6900.0 6680.0 6080.0 6680.0 6680.0 1620.0 5880.0 6080.0 1420.0 5280.0 6080.0 6080.0
0.0 5480.0 6480.0 6080.0 5880.0 5480.0 620.0 6280.0 420.0 5680.0 5880.0 6480.0 1220.0 6280.0 1020.0 5480.0 5480.0 5280.0 5680.0 5480.0 820.0 5880.0 5880.0 5680.0 1620.0 5880.0 5880.0 6080.0 5680.0 5880.0 6280.0 5080.0 5880.0 220.0 5880.0 6080.0 0.0 6080.0 5480.0 820.0 6480.0 6080.0 820.0 5680.0 5680.0 5080.0 5280.0 6280.0 1620.0 6080.0 5880.0 1020.0 5680.0 5880.0 6480.0 5480.0 5680.0 5680.0 5480.0 420.0 5880.0 6480.0 5680.0 5880.0 5880.0 6080.0 6480.0 5880.0 5880.0 5480.0 820.0 6280.0 1220.0 5880.0 5480.0 5480.0 5680.0 6900.0 5880.0 6280.0 5480.0 820.0 5480.0 5280.0 5880.0 5680.0 6680.0 6280.0 5880.0 6480.0 5680.0 5680.0 6080.0 6480.0 5680.0 5880.0 420.0 5480.0 5480.0 6280.0 6280.0
0.0 6080.0 7100.0 6080.0 6480.0 6280.0 6280.0 6080.0 6080.0 6480.0 1420.0 6480.0 6900.0 6480.0 6480.0 5880.0 1220.0 6080.0 1420.0 6080.0 6280.0 6480.0 6900.0 6280.0 7100.0 1020.0 6480.0 6900.0 6680.0 6900.0 1840.0 6080.0 6280.0 5880.0 6280.0 5880.0 6280.0 0.0 6280.0 6280.0 6900.0 1420.0 6680.0 6280.0 1220.0 6480.0 5880.0 6900.0 6480.0 6900.0 6680.0 6680.0 6480.0 6480.0 2240.0 6480.0 1220.0 1020.0 6280.0 6080.0 6680.0 6480.0 6480.0 6680.0 6680.0 6680.0 5480.0 6680.0 1840.0 6080.0 6280.0 6680.0 6680.0 6680.0 6480.0 6080.0 6480.0 7500.0 620.0 6900.0 6080.0 6480.0 6280.0 6080.0 6480.0 1420.0 7300.0 7100.0 5680.0 2040.0 6280.0 1220.0 5880.0 2240.0 6480.0 6280.0 5880.0 6080.0 6080.0 6900.0 6900.0
0.0 6280.0 7100.0 1620.0 1620.0 1420.0 6480.0 7100.0 6280.0 6480.0 6680.0 7500.0 7100.0 7100.0 6900.0 1420.0 6480.0 6080.0 6480.0 6280.0 6480.0 6280.0 6900.0 6680.0 7500.0 6900.0 1840.0 7100.0 1420.0 6680.0 7100.0 6080.0 6680.0 6080.0 1620.0 6680.0 6080.0 6900.0 0.0 6680.0 7300.0 6900.0 6680.0 6480.0 6480.0 6080.0 6080.0 7300.0 7300.0 1840.0 1220.0 6900.0 6480.0 6680.0 6900.0 1420.0 6680.0 6480.0 6080.0 6280.0 6900.0 7300.0 6480.0 6480.0 6680.0 1840.0 2240.0 6900.0 6900.0 6280.0 6680.0 7300.0 7100.0 6680.0 6080.0 6280.0 6680.0 7500.0 6680.0 2040.0 6280.0 6680.0 6480.0 1220.0 6680.0 6280.0 2440.0 7100.0 6900.0 7100.0 6480.0 6480.0 7100.0 7300.0 6480.0 6280.0 6280.0 6280.0 6480.0 1840.0 6900.0
0.0 5880.0 5880.0 6280.0 6480.0 6080.0 1220.0 6680.0 1020.0 5680.0 6480.0 7300.0 820.0 6280.0 1220.0 6280.0 6480.0 5880.0 6280.0 6080.0 1420.0 6280.0 6280.0 6480.0 1420.0 6480.0 6680.0 6900.0 6900.0 6680.0 6280.0 6280.0 6480.0 820.0 6480.0 5880.0 1620.0 5880.0 6080.0 0.0 7100.0 6280.0 820.0 6280.0 6280.0 6480.0 6480.0 6900.0 1020.0 6680.0 6480.0 1620.0 6280.0 6480.0 5880.0 6480.0 6280.0 6280.0 6080.0 1020.0 6480.0 6280.0 6280.0 5680.0 6480.0 6680.0 6080.0 6480.0 6900.0 6080.0 1420.0 6280.0 1840.0 6680.0 6080.0 6080.0 6480.0 7500.0 5880.0 6480.0 6080.0 1020.0 6280.0 5880.0 6480.0 6280.0 6480.0 7100.0 6480.0 6480.0 6280.0 5880.0 6480.0 7100.0 6480.0 6480.0 1020.0 6080.0 6080.0 5680.0 5680.0
0.0 1420.0 1420.0 6680.0 6480.0 6480.0 6480.0 6480.0 6480.0 1220.0 5480.0 7100.0 6280.0 6680.0 6280.0 5680.0 6680.0 6280.0 6480.0 6480.0 5880.0 5880.0 1620.0 6080.0 5880.0 5280.0 6900.0 1840.0 6480.0 6280.0 6680.0 6280.0 6280.0 6080.0 6900.0 6480.0 6280.0 6480.0 6480.0 5680.0 0.0 6280.0 6480.0 6680.0 6080.0 6280.0 1220.0 1620.0 5880.0 6900.0 6900.0 6480.0 1220.0 5880.0 6480.0 6680.0 6480.0 5880.0 6080.0 6480.0 6900.0 6280.0 6280.0 6080.0 6900.0 6900.0 6280.0 6680.0 6280.0 5880.0 5480.0 6680.0 7100.0 6680.0 1420.0 6480.0 1220.0 2240.0 6080.0 6480.0 6280.0 6480.0 1420.0 6480.0 6680.0 5680.0 5680.0 6680.0 620.0 6480.0 1620.0 6480.0 1620.0 7500.0 6280.0 6680.0 5880.0 6480.0 6280.0 6080.0 1220.0
0.0 5480.0 6680.0 5680.0 6080.0 5680.0 5880.0 6480.0 5480.0 5880.0 1020.0 6680.0 6280.0 6480.0 6280.0 6080.0 1420.0 5480.0 820.0 5680.0 6080.0 5680.0 6480.0 5880.0 6680.0 420.0 6280.0 6480.0 6480.0 6280.0 1420.0 6080.0 6080.0 5280.0 6480.0 5480.0 6080.0 1220.0 5680.0 5880.0 6480.0 0.0 5680.0 5880.0 820.0 6080.0 6080.0 6480.0 6680.0 6280.0 6080.0 6080.0 5680.0 5880.0 1620.0 6080.0 820.0 820.0 5680.0 5680.0 6080.0 6480.0 5880.0 5280.0 6080.0 6280.0 6480.0 6080.0 1420.0 5480.0 5880.0 6480.0 6480.0 5480.0 6280.0 5680.0 6480.0 7300.0 1020.0 6080.0 5480.0 6680.0 5680.0 5480.0 5880.0 820.0 6900.0 6680.0 6080.0 1020.0 5880.0 1420.0 6480.0 1840.0 6480.0 6080.0 5680.0 5480.0 5680.0 6480.0 6480.0
0.0 5880.0 6900.0 6680.0 6280.0 6080.0 1420.0 6680.0 820.0 6280.0 6480.0 7100.0 1620.0 6680.0 1620.0 6080.0 6900.0 5880.0 6080.0 5880.0 1420.0 6280.0 6680.0 6280.0 2040.0 6480.0 7100.0 6900.0 6900.0 6680.0 6680.0 6480.0 6480.0 620.0 6900.0 6680.0 1420.0 6680.0 6080.0 1420.0 6900.0 6680.0 0.0 6080.0 6080.0 6480.0 6480.0 6900.0 2040.0 6480.0 6480.0 1420.0 6080.0 6280.0 7100.0 6900.0 6480.0 6080.0 5880.0 1020.0 6480.0 6280.0 6280.0 6480.0 6480.0 6480.0 6900.0 6480.0 6900.0 5880.0 1220.0 6900.0 1840.0 6680.0 6900.0 5880.0 6900.0 7500.0 6280.0 6900.0 5880.0 2040.0 6080.0 5880.0 6280.0 6080.0 7100.0 6900.0 6480.0 6900.0 6080.0 6680.0 6900.0 7100.0 6900.0 6480.0 1020.0 5880.0 5880.0 6900.0 6900.0
0.0 6280.0 7300.0 6900.0 6680.0 6480.0 6900.0 620.0 6280.0 6680.0 6900.0 2240.0 7100.0 6900.0 6080.0 6280.0 6680.0 1220.0 6900.0 6480.0 6680.0 6680.0 7300.0 6680.0 7100.0 6680.0 6900.0 7300.0 6900.0 6680.0 6480.0 6680.0 6680.0 6280.0 6280.0 1620.0 6680.0 6680.0 6280.0 6900.0 6480.0 6900.0 6680.0 0.0 6680.0 6900.0 6280.0 6480.0 7300.0 5880.0 6900.0 6900.0 6480.0 6680.0 7500.0 7100.0 6900.0 6480.0 6480.0 6480.0 1840.0 1620.0 1020.0 1420.0 1840.0 6900.0 6900.0 1840.0 7100.0 6280.0 6680.0 2240.0 7300.0 1840.0 6900.0 6480.0 7100.0 7300.0 6900.0 6900.0 5480.0 6900.0 6480.0 6280.0 1220.0 6680.0 6900.0 6900.0 6900.0 7500.0 6680.0 6080.0 6680.0 7100.0 1840.0 6280.0 6280.0 1420.0 6480.0 6900.0 7100.0
0.0 5480.0 6280.0 6080.0 5880.0 5680.0 5480.0 6480.0 5480.0 6080.0 1020.0 6080.0 6280.0 6280.0 6480.0 5480.0 1420.0 6080.0 1220.0 6280.0 5880.0 6280.0 6480.0 5880.0 6280.0 1220.0 6480.0 6480.0 6480.0 6280.0 820.0 5880.0 5880.0 5880.0 6480.0 6280.0 5880.0 1220.0 6080.0 5480.0 6280.0 1220.0 6280.0 6480.0 0.0 5880.0 5880.0 6480.0 6280.0 6900.0 6480.0 6480.0 5280.0 6080.0 1020.0 6480.0 620.0 820.0 6080.0 5880.0 6080.0 6680.0 5280.0 6080.0 6080.0 6680.0 6480.0 5680.0 1620.0 6080.0 5880.0 6080.0 6080.0 6080.0 6480.0 6280.0 6480.0 7500.0 1220.0 6480.0 6080.0 6280.0 6480.0 6080.0 5680.0 1220.0 6900.0 6680.0 6080.0 1620.0 6480.0 1020.0 6680.0 1620.0 6280.0 5880.0 5480.0 6280.0 5680.0 6080.0 6080.0
0.0 6280.0 6680.0 5880.0 6080.0 5480.0 6080.0 6280.0 6280.0 6480.0 6280.0 6900.0 6480.0 1620.0 5880.0 5880.0 5480.0 6080.0 6480.0 1220.0 5880.0 1420.0 6680.0 1020.0 6900.0 6680.0 5880.0 6080.0 5880.0 1620.0 6280.0 1020.0 1220.0 6080.0 5880.0 6480.0 6080.0 6480.0 6080.0 6080.0 6900.0 6480.0 6080.0 5880.0 6080.0 0.0 5280.0 6680.0 6900.0 6280.0 6080.0 6900.0 5880.0 1420.0 6900.0 6480.0 6080.0 5880.0 1020.0 6280.0 6900.0 6480.0 6280.0 6280.0 6680.0 6280.0 6680.0 6280.0 5880.0 1020.0 6080.0 6280.0 6680.0 5880.0 5880.0 1220.0 5680.0 6900.0 6280.0 6480.0 1020.0 5880.0 6480.0 6280.0 6280.0 6280.0 6480.0 1420.0 6280.0 6480.0 5880.0 5480.0 6080.0 6900.0 5680.0 1220.0 5880.0 6280.0 1020.0 6280.0 6680.0
0.0 1420.0 1420.0 5880.0 6080.0 6280.0 5880.0 6280.0 6480.0 1220.0 6480.0 7300.0 6680.0 6480.0 5880.0 6280.0 6080.0 6480.0 6480.0 6480.0 6480.0 6480.0 1840.0 6480.0 6900.0 6900.0 5680.0 1020.0 6480.0 6900.0 7100.0 6480.0 6680.0 6280.0 5680.0 6480.0 6480.0 6680.0 5880.0 6080.0 2240.0 6480.0 5880.0 5880.0 6480.0 6480.0 0.0 1620.0 6900.0 6280.0 6480.0 6900.0 1420.0 6280.0 6900.0 6480.0 6080.0 6480.0 6080.0 6280.0 6900.0 6900.0 6680.0 6080.0 6900.0 6900.0 6900.0 6680.0 6480.0 5880.0 6280.0 6680.0 6480.0 6280.0 820.0 6480.0 1840.0 2640.0 6680.0 6900.0 6080.0 5680.0 1620.0 6080.0 6280.0 6280.0 7100.0 6480.0 1420.0 6900.0 1420.0 5480.0 1020.0 7100.0 6080.0 6280.0 6280.0 6480.0 6280.0 6280.0 1420.0
0.0 820.0 1620.0 6080.0 6280.0 5880.0 6080.0 6680.0 5880.0 1220.0 6280.0 6900.0 6680.0 6680.0 6680.0 6480.0 6680.0 5680.0 6080.0 5880.0 6280.0 6280.0 1620.0 6280.0 6680.0 6480.0 6480.0 1840.0 5480.0 6680.0 6680.0 6480.0 6280.0 5680.0 6900.0 5880.0 6480.0 6480.0 5880.0 6280.0 1840.0 6480.0 5880.0 6080.0 6080.0 6480.0 1420.0 0.0 7100.0 6680.0 6280.0 6480.0 1020.0 6280.0 6680.0 6480.0 6080.0 6080.0 5880.0 5880.0 6480.0 6680.0 6080.0 5480.0 6280.0 6480.0 6900.0 6080.0 6680.0 5880.0 6280.0 6900.0 6680.0 6480.0 1840.0 5880.0 1840.0 2440.0 6280.0 6280.0 5880.0 6900.0 1020.0 5880.0 6280.0 6080.0 6480.0 6900.0 1420.0 6900.0 1020.0 6480.0 1840.0 7100.0 6900.0 6280.0 5880.0 5880.0 6080.0 6680.0 1620.0
0.0 6280.0 6480.0 6080.0 6480.0 5880.0 1020.0 6680.0 1220.0 6280.0 5680.0 6680.0 1420.0 6480.0 1420.0 5680.0 6480.0 6280.0 6680.0 6480.0 620.0 6080.0 6680.0 5480.0 1620.0 6280.0 6900.0 6900.0 6480.0 6900.0 6480.0 6080.0 5680.0 1020.0 6680.0 6480.0 1020.0 6280.0 6480.0 620.0 6280.0 6480.0 1020.0 6480.0 5880.0 6080.0 6080.0 6080.0 0.0 6480.0 6680.0 1620.0 5880.0 6680.0 6480.0 6480.0 6080.0 5880.0 5880.0 1020.0 6480.0 6080.0 5880.0 6280.0 6900.0 6280.0 6480.0 6480.0 6480.0 6080.0 620.0 6680.0 1620.0 6680.0 6480.0 6280.0 5480.0 6680.0 6280.0 6080.0 6280.0 1420.0 6280.0 6280.0 6480.0 6080.0 6680.0 7100.0 5480.0 7100.0 6480.0 6480.0 6900.0 7100.0 6680.0 6480.0 620.0 6280.0 6280.0 6280.0 6080.0
0.0 5880.0 7100.0 1020.0 1220.0 820.0 6080.0 6280.0 5880.0 6280.0 6280.0 6480.0 6680.0 6680.0 5280.0 820.0 6480.0 5880.0 6080.0 5880.0 6280.0 6280.0 6680.0 6080.0 7100.0 6480.0 1420.0 6900.0 1020.0 6480.0 6080.0 6080.0 6280.0 5680.0 1220.0 5880.0 6080.0 6480.0 1020.0 6280.0 6680.0 6480.0 6080.0 6080.0 6080.0 6080.0 5880.0 5680.0 6900.0 0.0 1420.0 6480.0 5680.0 6280.0 6680.0 1420.0 6280.0 5880.0 6080.0 5880.0 6480.0 6680.0 5480.0 5480.0 6280.0 1420.0 1840.0 6480.0 6680.0 5880.0 6080.0 6480.0 6680.0 6480.0 6480.0 5880.0 6680.0 7500.0 6280.0 1420.0 5880.0 6480.0 6080.0 820.0 6280.0 6280.0 2040.0 6900.0 6280.0 6900.0 6080.0 6280.0 6080.0 7100.0 6480.0 6480.0 5880.0 5880.0 5880.0 1840.0 6280.0
0.0 6080.0 6480.0 1020.0 1220.0 1220.0 5880.0 6280.0 6080.0 6480.0 6480.0 6480.0 6680.0 6480.0 5880.0 1220.0 6080.0 5880.0 6480.0 6080.0 6480.0 6480.0 6680.0 6480.0 6280.0 6480.0 820.0 6080.0 1420.0 6480.0 6680.0 6280.0 6480.0 6280.0 820.0 6480.0 6480.0 6480.0 1020.0 5880.0 7100.0 6680.0 6080.0 5880.0 6480.0 6480.0 5280.0 6480.0 6900.0 1220.0 0.0 6480.0 6480.0 6480.0 5880.0 1420.0 5880.0 6480.0 6280.0 6080.0 6080.0 6480.0 6480.0 6280.0 6480.0 1620.0 1840.0 6480.0 6480.0 6080.0 6480.0 6680.0 6480.0 6280.0 5880.0 6080.0 6080.0 7300.0 5880.0 1840.0 6080.0 5880.0 6280.0 1020.0 6080.0 6280.0 2040.0 6480.0 6680.0 5880.0 6280.0 5480.0 6080.0 6080.0 6080.0 5280.0 6280.0 6280.0 6280.0 1420.0 6480.0
0.0 6280.0 6900.0 6480.0 6080.0 6480.0 1420.0 6480.0 1420.0 6480.0 6900.0 7100.0 1020.0 6680.0 1420.0 6280.0 7100.0 6280.0 6480.0 6480.0 1020.0 5680.0 6680.0 6680.0 1420.0 6900.0 7100.0 6900.0 6900.0 6480.0 6680.0 6680.0 6900.0 1020.0 6680.0 6280.0 1840.0 7100.0 6480.0 1420.0 7300.0 6680.0 1420.0 6480.0 6080.0 6680.0 6680.0 6680.0 2040.0 6080.0 6900.0 0.0 6080.0 6680.0 6900.0 6280.0 6480.0 6680.0 5480.0 1420.0 6680.0 6480.0 6280.0 6080.0 6900.0 6900.0 7300.0 6680.0 6900.0 5680.0 1620.0 6680.0 1840.0 6900.0 6280.0 6480.0 6280.0 7500.0 6900.0 6480.0 6280.0 2240.0 6480.0 6280.0 6680.0 5680.0 6280.0 6900.0 6680.0 7300.0 6480.0 6900.0 6680.0 7500.0 6680.0 6680.0 1420.0 6280.0 5880.0 7100.0 6900.0
0.0 1840.0 2040.0 6080.0 6680.0 6280.0 6080.0 7300.0 6900.0 1840.0 6680.0 6080.0 6900.0 7100.0 6680.0 6680.0 6900.0 6900.0 6900.0 6900.0 6280.0 6900.0 2040.0 6900.0 7100.0 6280.0 7100.0 2240.0 7300.0 6900.0 7100.0 6280.0 7100.0 6680.0 6680.0 6480.0 6680.0 6900.0 6480.0 6280.0 1220.0 7100.0 6680.0 6680.0 6480.0 6900.0 1420.0 2240.0 6900.0 7500.0 7100.0 6480.0 0.0 6900.0 7100.0 6680.0 6280.0 6480.0 6900.0 6480.0 7100.0 6900.0 6480.0 6680.0 7300.0 7500.0 7100.0 6900.0 7300.0 6680.0 6480.0 6080.0 6680.0 6900.0 1840.0 6900.0 2040.0 2640.0 6900.0 6680.0 6480.0 7100.0 1620.0 6900.0 6480.0 6900.0 6900.0 7100.0 1840.0 7500.0 2040.0 6280.0 2440.0 7300.0 6900.0 6480.0 6680.0 6480.0 6680.0 6900.0 1840.0
0.0 6480.0 7100.0 6480.0 6280.0 6080.0 6680.0 6900.0 6480.0 6680.0 6280.0 7300.0 6680.0 1620.0 5480.0 6480.0 6480.0 6280.0 6480.0 1420.0 6280.0 1220.0 6480.0 1020.0 7500.0 6900.0 6480.0 6900.0 6280.0 1620.0 6900.0 1220.0 1220.0 6080.0 6480.0 6680.0 6080.0 6900.0 5880.0 6480.0 6900.0 6680.0 6900.0 6680.0 6480.0 1220.0 6080.0 6280.0 7100.0 6480.0 6900.0 7100.0 6480.0 0.0 7300.0 6480.0 6680.0 6680.0 1020.0 6480.0 7100.0 6680.0 6480.0 6480.0 6900.0 6900.0 7100.0 6680.0 6900.0 820.0 6080.0 6900.0 6900.0 6900.0 6280.0 1420.0 6680.0 7500.0 6900.0 6680.0 1420.0 6680.0 6680.0 5680.0 6900.0 6080.0 7100.0 2040.0 6480.0 5880.0 6680.0 6080.0 6900.0 7500.0 6680.0 1840.0 6480.0 6480.0 1020.0 6900.0 6900.0
0.0 6080.0 6280.0 6280.0 6480.0 6080.0 6280.0 6900.0 5880.0 6080.0 1420.0 7100.0 6280.0 6680.0 6900.0 6480.0 1420.0 5880.0 1220.0 6080.0 6480.0 6480.0 6680.0 6280.0 5680.0 1620.0 6680.0 6900.0 6680.0 5880.0 1840.0 6480.0 6480.0 5680.0 6680.0 5880.0 6480.0 1420.0 5880.0 5680.0 7100.0 1620.0 5880.0 6280.0 1220.0 6080.0 6080.0 6900.0 6680.0 6900.0 6480.0 6080.0 6280.0 6480.0 0.0 6480.0 420.0 1220.0 6080.0 6080.0 6680.0 6900.0 6280.0 5680.0 6480.0 6680.0 6680.0 6480.0 1020.0 5880.0 6280.0 6680.0 6900.0 6680.0 5880.0 6080.0 6680.0 7500.0 1420.0 6480.0 6080.0 5680.0 6280.0 5880.0 6480.0 1420.0 6900.0 6280.0 6480.0 2040.0 6280.0 1420.0 6900.0 2240.0 6480.0 6480.0 6080.0 6080.0 6080.0 6080.0 6080.0
0.0 5880.0 6080.0 1420.0 1220.0 1020.0 5280.0 6280.0 5880.0 5680.0 5680.0 6680.0 5880.0 6080.0 6280.0 220.0 6080.0 5880.0 6080.0 5880.0 5680.0 6080.0 5480.0 5480.0 6080.0 6080.0 1220.0 6480.0 1020.0 6280.0 6480.0 5680.0 5680.0 5680.0 620.0 6080.0 5680.0 5880.0 1020.0 5280.0 6080.0 6080.0 6080.0 5680.0 5880.0 5680.0 5680.0 6080.0 6080.0 1420.0 1220.0 6480.0 5680.0 6280.0 6080.0 0.0 5280.0 5480.0 6080.0 5680.0 6480.0 6280.0 5880.0 5880.0 6480.0 1220.0 1220.0 6280.0 6280.0 5880.0 5480.0 6480.0 5880.0 5880.0 6080.0 5880.0 6280.0 7300.0 5880.0 1020.0 5680.0 6080.0 6080.0 820.0 5480.0 5880.0 1620.0 6680.0 5680.0 6900.0 6080.0 5880.0 6280.0 6480.0 6080.0 5680.0 5280.0 5880.0 5880.0 820.0 5880.0
0.0 6280.0 6080.0 6480.0 6480.0 6480.0 6480.0 6900.0 6280.0 5880.0 1840.0 7300.0 6080.0 6480.0 6480.0 6480.0 1620.0 6280.0 1420.0 6080.0 6680.0 6480.0 6480.0 6680.0 5880.0 1620.0 6900.0 6480.0 7100.0 6280.0 1420.0 6480.0 6900.0 6080.0 6680.0 6280.0 6900.0 1020.0 6480.0 5480.0 7300.0 1420.0 6080.0 6480.0 1420.0 6480.0 6480.0 6480.0 6280.0 6900.0 6680.0 6480.0 6480.0 6680.0 1220.0 6900.0 0.0 1620.0 6280.0 6080.0 6900.0 6480.0 6680.0 6080.0 6680.0 6680.0 6480.0 6900.0 1220.0 6280.0 6680.0 6480.0 7100.0 6900.0 6280.0 6080.0 6680.0 7500.0 1020.0 6080.0 6280.0 6280.0 6280.0 6280.0 6680.0 1420.0 6480.0 6680.0 6680.0 1840.0 6280.0 1220.0 6680.0 2240.0 6900.0 6680.0 6480.0 6280.0 6280.0 5880.0 5880.0
0.0 5680.0 6480.0 6280.0 6080.0 5680.0 5880.0 5880.0 5480.0 5880.0 620.0 6280.0 6280.0 6480.0 6280.0 5680.0 820.0 5480.0 1020.0 5680.0 5680.0 5880.0 6080.0 5480.0 6680.0 1220.0 6080.0 6480.0 5880.0 6080.0 1420.0 5280.0 5680.0 5480.0 6080.0 6480.0 5280.0 1220.0 5680.0 5680.0 6080.0 1420.0 6080.0 5880.0 820.0 5480.0 5480.0 6080.0 6680.0 6480.0 6080.0 6280.0 5480.0 6080.0 1220.0 5680.0 1020.0 0.0 5680.0 5680.0 6280.0 6280.0 5880.0 6080.0 6080.0 6280.0 6480.0 6080.0 1220.0 5680.0 5480.0 6280.0 6480.0 6080.0 5880.0 5680.0 5880.0 7100.0 1020.0 6080.0 5480.0 6080.0 5880.0 5480.0 6080.0 1020.0 6680.0 6480.0 5680.0 1620.0 5880.0 820.0 6480.0 1840.0 5880.0 6080.0 5680.0 5680.0 5880.0 6280.0 6280.0
0.0 5880.0 6900.0 6080.0 5880.0 6080.0 5880.0 6080.0 5880.0 6280.0 6480.0 6680.0 6080.0 1220.0 5880.0 5880.0 6900.0 5880.0 6080.0 1020.0 5480.0 420.0 6480.0 1220.0 6680.0 6480.0 6680.0 6900.0 6480.0 1020.0 6480.0 1420.0 1420.0 5680.0 6280.0 5880.0 6480.0 6680.0 6080.0 6080.0 6900.0 6280.0 6080.0 6080.0 5680.0 1420.0 6280.0 6280.0 6480.0 5680.0 6480.0 6480.0 5680.0 1420.0 6680.0 5880.0 6080.0 6280.0 0.0 6080.0 6480.0 6680.0 5880.0 5680.0 6480.0 6680.0 6900.0 6280.0 6480.0 220.0 6280.0 6280.0 6480.0 6480.0 6080.0 1020.0 6480.0 7500.0 6480.0 6080.0 1020.0 6900.0 6080.0 5880.0 6280.0 5280.0 6280.0 1420.0 6280.0 6900.0 6280.0 6480.0 6680.0 7100.0 6480.0 1420.0 6080.0 5880.0 420.0 6680.0 6480.0
0.0 5880.0 6680.0 6480.0 6280.0 6080.0 820.0 6900.0 820.0 6280.0 6280.0 6480.0 1220.0 6480.0 1840.0 5880.0 6680.0 6480.0 6480.0 6680.0 1220.0 6480.0 6900.0 6080.0 1620.0 5680.0 6680.0 6900.0 6680.0 6680.0 6080.0 6280.0 6280.0 1220.0 6680.0 6680.0 1220.0 6480.0 6280.0 820.0 6680.0 6480.0 1620.0 6680.0 5480.0 6280.0 6080.0 6680.0 1620.0 7100.0 6680.0 1620.0 5480.0 6480.0 6480.0 6680.0 5880.0 6080.0 6480.0 0.0 6480.0 6680.0 5480.0 6480.0 6480.0 6900.0 6680.0 5880.0 6900.0 6280.0 1220.0 6480.0 1420.0 6480.0 6680.0 6680.0 6900.0 7500.0 6480.0 6680.0 6480.0 1620.0 6080.0 6280.0 6080.0 6480.0 7100.0 7100.0 6480.0 7100.0 6900.0 6480.0 6900.0 6900.0 6680.0 6080.0 820.0 6480.0 5880.0 6480.0 6280.0
0.0 6480.0 6900.0 6480.0 6480.0 5680.0 6480.0 1220.0 6480.0 6680.0 6080.0 2040.0 6480.0 6680.0 6080.0 5680.0 6480.0 1220.0 6680.0 6480.0 6080.0 6080.0 6680.0 6080.0 6900.0 6680.0 6280.0 5480.0 6680.0 6900.0 6480.0 6080.0 6080.0 6080.0 6480.0 1620.0 6080.0 6680.0 6480.0 6280.0 6680.0 6680.0 6900.0 1420.0 6280.0 6280.0 6080.0 6480.0 6900.0 5880.0 6680.0 5480.0 6280.0 6080.0 7100.0 6480.0 6480.0 5880.0 5880.0 6480.0 0.0 1840.0 1220.0 1420.0 1840.0 6900.0 6280.0 1840.0 6900.0 6080.0 6080.0 1620.0 7100.0 1840.0 6680.0 6480.0 6680.0 7100.0 6480.0 6680.0 6280.0 6680.0 6680.0 6480.0 1220.0 6080.0 6680.0 6900.0 6280.0 6680.0 6680.0 6480.0 6080.0 7100.0 1620.0 6280.0 5680.0 1420.0 6280.0 6680.0 6680.0
0.0 6080.0 6480.0 6280.0 6480.0 6080.0 5880.0 1420.0 6080.0 6280.0 6480.0 1620.0 6480.0 6680.0 6280.0 6080.0 6080.0 1620.0 6680.0 6480.0 6480.0 6680.0 6900.0 6280.0 6900.0 6900.0 6480.0 6900.0 6280.0 6680.0 5480.0 5880.0 6480.0 6480.0 6280.0 1020.0 6480.0 6480.0 6280.0 5680.0 6900.0 6900.0 6480.0 1220.0 5680.0 5880.0 5880.0 6480.0 6680.0 6900.0 6480.0 6900.0 5680.0 5880.0 6480.0 6480.0 6080.0 6280.0 6480.0 6280.0 1620.0 0.0 820.0 1420.0 1420.0 6680.0 6680.0 1220.0 6080.0 6480.0 6280.0 1620.0 6480.0 1420.0 6280.0 6480.0 5880.0 7500.0 6480.0 6080.0 6480.0 6280.0 6480.0 6480.0 1220.0 6680.0 6900.0 6900.0 6480.0 6080.0 6280.0 6280.0 6680.0 7100.0 1020.0 6280.0 6080.0 1620.0 6280.0 6280.0 6280.0
0.0 5480.0 6680.0 6280.0 5880.0 5680.0 6280.0 1420.0 5480.0 6480.0 5880.0 1840.0 6480.0 6280.0 6280.0 5480.0 6280.0 1020.0 6080.0 6080.0 5880.0 6280.0 6480.0 5680.0 6900.0 6480.0 6680.0 6480.0 6280.0 6280.0 5680.0 5880.0 5880.0 5880.0 6480.0 1420.0 5880.0 6280.0 6080.0 5880.0 6480.0 6080.0 6480.0 1420.0 6080.0 5880.0 5880.0 6280.0 6480.0 6680.0 6480.0 6480.0 5880.0 5880.0 6680.0 6280.0 6480.0 5680.0 6080.0 6080.0 1020.0 1620.0 0.0 1220.0 1020.0 6480.0 6480.0 1620.0 6480.0 5880.0 5680.0 1420.0 6900.0 1420.0 6280.0 6080.0 6480.0 7500.0 6480.0 6280.0 5880.0 6680.0 6280.0 5880.0 1420.0 6280.0 6900.0 6480.0 5880.0 6680.0 6280.0 6280.0 6900.0 7300.0 1220.0 6480.0 5480.0 1020.0 5480.0 6480.0 6480.0
0.0 5480.0 6480.0 5680.0 5880.0 5480.0 5680.0 1220.0 5480.0 5680.0 5880.0 1620.0 6280.0 6280.0 6280.0 5880.0 6280.0 420.0 5680.0 5480.0 5880.0 5880.0 6280.0 5680.0 6480.0 5880.0 6080.0 6480.0 6480.0 6280.0 6280.0 5880.0 5880.0 5280.0 6480.0 420.0 5880.0 6080.0 5480.0 5680.0 6480.0 6080.0 5480.0 620.0 5680.0 5880.0 5880.0 6280.0 6680.0 6280.0 5880.0 6080.0 5680.0 5880.0 6480.0 5880.0 5680.0 5680.0 5480.0 5480.0 1020.0 1220.0 820.0 0.0 1020.0 6080.0 6480.0 1020.0 6280.0 5480.0 5880.0 1420.0 6280.0 1220.0 6480.0 5480.0 6280.0 7100.0 5880.0 5880.0 5480.0 6480.0 5680.0 5480.0 820.0 5680.0 6900.0 6480.0 6080.0 6480.0 5680.0 6280.0 6480.0 6680.0 1420.0 5880.0 5480.0 420.0 5680.0 6280.0 6280.0
0.0 6480.0 6680.0 6680.0 6280.0 6480.0 6680.0 2040.0 6480.0 6480.0 6480.0 1420.0 6480.0 6280.0 6680.0 6080.0 6480.0 1420.0 6680.0 6280.0 6480.0 6280.0 6680.0 6280.0 6900.0 6480.0 6680.0 6900.0 6280.0 5480.0 7100.0 6480.0 6480.0 6280.0 6680.0 1420.0 6480.0 6280.0 6080.0 5880.0 6900.0 6080.0 6680.0 1420.0 6480.0 6080.0 6080.0 6900.0 6480.0 6680.0 6680.0 6900.0 6280.0 6900.0 6480.0 6900.0 6680.0 6280.0 6080.0 6280.0 1420.0 1620.0 1620.0 1220.0 0.0 6900.0 6680.0 1620.0 6680.0 5880.0 6280.0 1420.0 6080.0 1020.0 6480.0 6280.0 6680.0 7300.0 6480.0 6900.0 6480.0 6480.0 6480.0 5880.0 1020.0 6280.0 6900.0 5680.0 5880.0 6900.0 6480.0 6480.0 6900.0 6900.0 1220.0 6080.0 6080.0 1420.0 6080.0 6480.0 6080.0
0.0 6080.0 7100.0 1620.0 1420.0 1020.0 6280.0 6680.0 5880.0 6280.0 6480.0 7100.0 6900.0 6900.0 6480.0 1220.0 6080.0 5880.0 6280.0 6080.0 6480.0 6480.0 6480.0 6280.0 6480.0 6480.0 1420.0 6900.0 1220.0 6480.0 5880.0 5680.0 6480.0 5680.0 1420.0 6900.0 5680.0 6680.0 1220.0 6280.0 7100.0 6680.0 6480.0 6280.0 6280.0 5880.0 5880.0 6900.0 6480.0 1840.0 1420.0 6480.0 6280.0 6080.0 7100.0 1220.0 6280.0 6280.0 6080.0 6080.0 6680.0 7100.0 6280.0 6480.0 6480.0 0.0 1840.0 6480.0 6480.0 5880.0 6280.0 5880.0 6280.0 6280.0 6280.0 6080.0 6080.0 6280.0 6480.0 2040.0 6080.0 6480.0 6280.0 1020.0 6480.0 6280.0 2240.0 6900.0 6480.0 6680.0 6280.0 6280.0 6900.0 7300.0 6280.0 6480.0 6080.0 6080.0 6280.0 1840.0 6900.0
0.0 6480.0 7100.0 1420.0 1620.0 1620.0 6280.0 5880.0 6480.0 6680.0 6280.0 7300.0 6900.0 6080.0 6280.0 820.0 6080.0 6480.0 6900.0 6480.0 6280.0 6480.0 6480.0 6080.0 7100.0 6480.0 1220.0 6480.0 1420.0 6680.0 6900.0 5680.0 6280.0 6280.0 1020.0 6480.0 6280.0 6900.0 1420.0 6480.0 6900.0 6280.0 6480.0 6080.0 6480.0 6280.0 5680.0 6680.0 6280.0 1840.0 1620.0 6480.0 6280.0 6480.0 7100.0 1220.0 6280.0 6080.0 6280.0 6480.0 7100.0 6280.0 6480.0 6280.0 7100.0 1840.0 0.0 6900.0 6480.0 6480.0 6080.0 6900.0 6480.0 6280.0 6280.0 6480.0 6480.0 7500.0 5280.0 1840.0 6280.0 6280.0 6680.0 1420.0 6480.0 6480.0 2040.0 6900.0 5680.0 7100.0 6480.0 5880.0 5680.0 6900.0 6080.0 6080.0 5880.0 6480.0 6480.0 1840.0 6900.0
0.0 6680.0 6680.0 6680.0 6900.0 6480.0 6680.0 1620.0 6680.0 6480.0 6900.0 2040.0 7100.0 6900.0 6080.0 6480.0 6280.0 1420.0 6680.0 6680.0 6900.0 6900.0 7300.0 6680.0 7500.0 6480.0 7100.0 6480.0 6480.0 7300.0 7300.0 6480.0 6480.0 6480.0 6280.0 1420.0 6680.0 5680.0 6680.0 6900.0 7300.0 6900.0 7300.0 1420.0 6900.0 6680.0 6480.0 6680.0 6480.0 7100.0 6900.0 7100.0 6680.0 6900.0 7500.0 6900.0 6900.0 6680.0 6680.0 6680.0 2240.0 1840.0 1840.0 1840.0 2040.0 6900.0 5880.0 0.0 6680.0 6480.0 6680.0 1620.0 7300.0 1420.0 6900.0 6680.0 6900.0 7500.0 6080.0 7300.0 6680.0 7100.0 6900.0 6480.0 2040.0 6900.0 7300.0 7500.0 6280.0 7500.0 6480.0 5680.0 6480.0 7500.0 1420.0 6900.0 6480.0 1620.0 6680.0 6480.0 7300.0
0.0 6280.0 6680.0 6080.0 6280.0 5680.0 6080.0 6280.0 6280.0 5880.0 1020.0 6680.0 6280.0 6280.0 6080.0 6080.0 620.0 6280.0 1420.0 5480.0 6080.0 5880.0 6680.0 6280.0 6900.0 1020.0 5880.0 6280.0 5880.0 6680.0 1420.0 6080.0 6480.0 6080.0 5880.0 6480.0 6080.0 1420.0 6280.0 6280.0 6900.0 1420.0 6080.0 5680.0 820.0 5280.0 5280.0 6680.0 7100.0 6280.0 5880.0 6080.0 5880.0 6080.0 1620.0 6480.0 1220.0 1020.0 5680.0 5480.0 6900.0 6480.0 5880.0 6080.0 6900.0 6080.0 6680.0 6480.0 0.0 5680.0 5880.0 6480.0 6680.0 5880.0 6080.0 5480.0 5880.0 6900.0 1420.0 6480.0 6080.0 5880.0 5680.0 6280.0 6480.0 820.0 6680.0 6680.0 6080.0 1620.0 5680.0 620.0 6280.0 1620.0 5680.0 6080.0 6080.0 6480.0 5880.0 6480.0 6680.0
0.0 6080.0 6900.0 6080.0 5680.0 6280.0 6080.0 6280.0 6080.0 6480.0 6280.0 6900.0 6080.0 1020.0 6080.0 6080.0 6900.0 6080.0 5880.0 1220.0 5680.0 620.0 6480.0 1020.0 6900.0 6480.0 6900.0 6900.0 6680.0 1020.0 6480.0 1620.0 1220.0 5880.0 6480.0 6080.0 6680.0 6900.0 5880.0 6080.0 6680.0 6080.0 6280.0 6280.0 5880.0 1620.0 6280.0 6480.0 6680.0 5880.0 6280.0 6680.0 5880.0 1420.0 6680.0 6080.0 6080.0 6480.0 220.0 6280.0 6480.0 6480.0 5880.0 5880.0 6480.0 6680.0 6900.0 6480.0 6680.0 0.0 6080.0 6080.0 6680.0 6280.0 6280.0 1220.0 6480.0 7500.0 6480.0 6080.0 1020.0 6900.0 6280.0 5680.0 6280.0 5480.0 6480.0 1420.0 6280.0 6900.0 6480.0 6480.0 6680.0 7300.0 6480.0 1420.0 6280.0 6080.0 420.0 6680.0 6680.0
0.0 6280.0 6080.0 6480.0 6280.0 6280.0 1420.0 6480.0 1220.0 5880.0 5280.0 6900.0 1020.0 6480.0 1220.0 5480.0 6280.0 6080.0 6480.0 6280.0 1020.0 6280.0 6480.0 5880.0 1420.0 6480.0 6680.0 6680.0 6480.0 6680.0 6480.0 5880.0 5880.0 1020.0 6480.0 6280.0 1020.0 6080.0 6280.0 420.0 6480.0 6480.0 1220.0 6480.0 6080.0 5880.0 6080.0 6480.0 1420.0 6900.0 6680.0 1840.0 6080.0 6480.0 6280.0 6280.0 6480.0 5680.0 6280.0 1220.0 6900.0 6080.0 6280.0 6080.0 6680.0 6480.0 6480.0 6680.0 6680.0 6080.0 0.0 6480.0 2040.0 6680.0 6280.0 6280.0 6480.0 7500.0 6080.0 6480.0 6080.0 1220.0 6280.0 6080.0 6280.0 6480.0 6680.0 7100.0 5480.0 6900.0 6480.0 6080.0 6680.0 7300.0 6480.0 6280.0 620.0 6280.0 6280.0 5880.0 5880.0
0.0 6280.0 6480.0 6480.0 6280.0 5280.0 6280.0 1620.0 6280.0 6280.0 6280.0 1840.0 6480.0 6680.0 5680.0 5880.0 5880.0 1420.0 5880.0 6480.0 5880.0 6280.0 6680.0 6080.0 6900.0 6900.0 6680.0 6900.0 6280.0 5880.0 6080.0 6280.0 6280.0 6280.0 6680.0 1220.0 6280.0 6680.0 5680.0 6080.0 6900.0 6680.0 6680.0 1620.0 5880.0 6280.0 6080.0 6480.0 6900.0 6480.0 6280.0 5680.0 6080.0 6480.0 6900.0 6680.0 6280.0 6080.0 5880.0 6480.0 1620.0 1840.0 1020.0 1420.0 1840.0 6680.0 6900.0 1420.0 6480.0 5880.0 6080.0 0.0 6900.0 1220.0 6480.0 6480.0 6680.0 7500.0 6080.0 6280.0 6280.0 6680.0 6680.0 6280.0 1620.0 6080.0 6680.0 6280.0 6280.0 7100.0 6280.0 5480.0 6480.0 7300.0 1020.0 6280.0 5880.0 1420.0 5880.0 6280.0 6480.0
0.0 6280.0 6680.0 6080.0 6280.0 5480.0 1020.0 6480.0 1220.0 6280.0 5880.0 6280.0 1420.0 6680.0 1020.0 5880.0 5480.0 6080.0 6480.0 5880.0 820.0 5680.0 6680.0 5880.0 2040.0 5680.0 5880.0 6280.0 5880.0 6480.0 6280.0 5880.0 5880.0 1020.0 5880.0 6280.0 1020.0 6480.0 6080.0 1020.0 6480.0 6480.0 1220.0 5880.0 6080.0 5280.0 5280.0 6480.0 420.0 6480.0 6280.0 1420.0 5280.0 6480.0 6900.0 6480.0 6280.0 5680.0 6080.0 1020.0 6680.0 6480.0 6080.0 6080.0 6680.0 6280.0 6680.0 6480.0 6080.0 6080.0 820.0 6280.0 0.0 5280.0 6080.0 6080.0 5880.0 6900.0 6280.0 6280.0 6080.0 1020.0 6080.0 6080.0 6480.0 5680.0 6680.0 6480.0 5880.0 6680.0 5880.0 5680.0 6280.0 6680.0 5680.0 6280.0 1020.0 6280.0 6280.0 6480.0 6480.0
0.0 6080.0 6680.0 6080.0 6480.0 5680.0 6080.0 1420.0 6080.0 6280.0 5880.0 1220.0 6480.0 6680.0 6480.0 6080.0 6280.0 1020.0 6280.0 5880.0 5880.0 5680.0 6680.0 5680.0 7100.0 6480.0 6680.0 6900.0 6280.0 6480.0 6480.0 5880.0 5880.0 5880.0 6680.0 1220.0 5880.0 6480.0 6280.0 5880.0 6480.0 6900.0 6480.0 1220.0 5880.0 5880.0 6080.0 6280.0 6900.0 6680.0 6480.0 6480.0 5280.0 6480.0 6680.0 6280.0 6280.0 5680.0 6080.0 5880.0 1620.0 1620.0 1020.0 1020.0 1620.0 6480.0 6680.0 1420.0 6480.0 6080.0 5680.0 1220.0 6680.0 0.0 6280.0 5880.0 6480.0 7500.0 6680.0 6280.0 6080.0 6680.0 6080.0 6080.0 1420.0 5680.0 6900.0 6680.0 5880.0 7100.0 6080.0 6480.0 6900.0 6680.0 1420.0 6480.0 6080.0 1220.0 6280.0 6480.0 6480.0
0.0 820.0 1620.0 5680.0 5880.0 5880.0 5880.0 6480.0 5680.0 1020.0 6280.0 6900.0 6080.0 6280.0 6280.0 6280.0 6480.0 5680.0 6080.0 5880.0 5880.0 5680.0 1620.0 6080.0 6680.0 6280.0 6480.0 1840.0 6680.0 6080.0 6680.0 6080.0 6080.0 5480.0 6480.0 5680.0 6080.0 6080.0 5280.0 5880.0 1840.0 6280.0 5880.0 6080.0 5880.0 6080.0 1220.0 1620.0 6480.0 6080.0 6280.0 6280.0 1020.0 6080.0 6280.0 6280.0 5880.0 6080.0 5480.0 5880.0 6280.0 6680.0 6080.0 5480.0 6280.0 6480.0 6480.0 6280.0 6480.0 5280.0 6080.0 6280.0 6280.0 6480.0 0.0 5880.0 1620.0 2440.0 6280.0 6280.0 5480.0 6280.0 1020.0 5680.0 6080.0 5680.0 6680.0 6480.0 1420.0 6900.0 1020.0 6480.0 1840.0 6900.0 6680.0 6080.0 5880.0 5680.0 5480.0 6480.0 1020.0
0.0 5880.0 6900.0 6280.0 5880.0 6080.0 6080.0 5880.0 6080.0 6480.0 6480.0 6280.0 5880.0 1220.0 6080.0 6080.0 6480.0 5880.0 6080.0 1020.0 5680.0 420.0 6480.0 1220.0 6680.0 6280.0 6280.0 6480.0 6080.0 1220.0 6480.0 1420.0 1420.0 5880.0 6280.0 5880.0 6280.0 6280.0 6080.0 6080.0 6900.0 6280.0 6080.0 5280.0 5880.0 1420.0 5680.0 6280.0 6680.0 5880.0 5480.0 6680.0 5880.0 820.0 6280.0 6080.0 6080.0 6280.0 220.0 6080.0 6480.0 6280.0 5880.0 5680.0 6480.0 5680.0 6480.0 6280.0 6680.0 420.0 6280.0 6480.0 6680.0 6480.0 6080.0 0.0 6480.0 6900.0 6280.0 6080.0 620.0 6280.0 6280.0 5880.0 6280.0 5480.0 6480.0 1620.0 6480.0 6280.0 5280.0 5880.0 6080.0 6280.0 6480.0 620.0 6080.0 6080.0 620.0 6680.0 6480.0
0.0 1620.0 1620.0 7100.0 6680.0 6680.0 6680.0 6900.0 6480.0 1420.0 6280.0 7300.0 6900.0 7100.0 6280.0 6480.0 6680.0 6480.0 6900.0 6280.0 6280.0 6480.0 2040.0 6080.0 6280.0 6680.0 7100.0 2040.0 6900.0 6680.0 6900.0 6280.0 6280.0 6280.0 7100.0 6680.0 6280.0 6900.0 6280.0 6480.0 1840.0 7100.0 5880.0 6480.0 6480.0 6280.0 1420.0 1620.0 6900.0 6080.0 6680.0 6900.0 1420.0 6900.0 7100.0 6680.0 6900.0 6080.0 6280.0 6280.0 7100.0 6900.0 6480.0 6480.0 7100.0 6900.0 7100.0 7100.0 6680.0 6080.0 6280.0 6680.0 7300.0 7100.0 1620.0 6280.0 0.0 2640.0 6900.0 6900.0 6480.0 7100.0 1420.0 6080.0 6900.0 6480.0 7300.0 6900.0 1420.0 7500.0 1420.0 6900.0 1840.0 6680.0 6900.0 6680.0 5880.0 6480.0 6480.0 6900.0 1840.0
0.0 620.0 2240.0 6280.0 6680.0 6480.0 6480.0 7100.0 6900.0 2040.0 6680.0 6080.0 7100.0 7100.0 7300.0 6280.0 7100.0 6900.0 6480.0 6680.0 6680.0 6480.0 2040.0 6480.0 6280.0 6280.0 6900.0 2640.0 7100.0 6680.0 7300.0 6280.0 6680.0 6680.0 7300.0 6080.0 6680.0 6480.0 6900.0 6480.0 2240.0 7100.0 7100.0 6900.0 6900.0 6680.0 1840.0 2040.0 7100.0 7300.0 7300.0 6900.0 1020.0 7300.0 7300.0 6680.0 6480.0 6480.0 6900.0 6680.0 7500.0 7500.0 6900.0 6680.0 7300.0 7300.0 6680.0 6480.0 6680.0 6680.0 6480.0 6900.0 6900.0 5880.0 1840.0 6680.0 2240.0 0.0 6900.0 7100.0 6900.0 7300.0 1840.0 6680.0 6680.0 6480.0 7500.0 6900.0 1840.0 7500.0 1840.0 7100.0 2240.0 7500.0 7100.0 6680.0 6280.0 6900.0 6280.0 7100.0 2040.0
0.0 6680.0 6900.0 6680.0 6680.0 6680.0 6080.0 7100.0 6680.0 6480.0 1420.0 7100.0 6680.0 6900.0 6900.0 5880.0 820.0 6480.0 1840.0 6680.0 6480.0 6480.0 6480.0 6280.0 6900.0 1840.0 7100.0 7300.0 6280.0 7100.0 2240.0 5480.0 6480.0 6480.0 6480.0 6480.0 6480.0 1620.0 6080.0 6080.0 6900.0 1840.0 6680.0 6480.0 1620.0 6280.0 6480.0 6900.0 6480.0 6900.0 6480.0 7100.0 6280.0 7100.0 2040.0 5880.0 1220.0 1220.0 6280.0 6480.0 7300.0 6900.0 6680.0 6280.0 7100.0 6480.0 6900.0 6680.0 1220.0 6080.0 6280.0 6680.0 6280.0 6080.0 6080.0 6680.0 6900.0 7500.0 0.0 6900.0 6280.0 6900.0 6680.0 6680.0 6280.0 1420.0 7500.0 7300.0 6480.0 2240.0 6280.0 1840.0 7100.0 2240.0 5880.0 6480.0 6080.0 6680.0 6280.0 6680.0 6680.0
0.0 6280.0 6900.0 820.0 1840.0 1420.0 5880.0 6680.0 6280.0 6680.0 6080.0 6480.0 6680.0 7100.0 6680.0 1220.0 6900.0 6280.0 6680.0 6280.0 6080.0 6080.0 6900.0 5880.0 6900.0 6480.0 1840.0 7300.0 1020.0 7100.0 6080.0 6680.0 6080.0 6080.0 1420.0 6280.0 6680.0 6480.0 1420.0 6080.0 6480.0 7100.0 6480.0 6680.0 6080.0 6480.0 6280.0 5680.0 5880.0 1420.0 1840.0 6900.0 6280.0 6480.0 6900.0 1420.0 6080.0 6480.0 6480.0 6280.0 6900.0 5680.0 6280.0 6080.0 6900.0 1620.0 1020.0 6080.0 6680.0 6280.0 5880.0 7100.0 6480.0 6480.0 6900.0 6480.0 6280.0 7300.0 6280.0 0.0 6280.0 6900.0 6480.0 1220.0 6280.0 6680.0 1840.0 7300.0 6080.0 6900.0 6480.0 6480.0 6480.0 7100.0 6680.0 6280.0 6280.0 6280.0 6480.0 1620.0 6480.0
0.0 6280.0 7300.0 6680.0 6680.0 6480.0 6900.0 6900.0 6280.0 6680.0 6900.0 7300.0 6900.0 1420.0 6680.0 6480.0 6900.0 6280.0 6680.0 1420.0 6680.0 1420.0 7100.0 1620.0 7500.0 6900.0 6680.0 6900.0 7100.0 1840.0 7100.0 1840.0 1840.0 6080.0 6480.0 6900.0 6900.0 6280.0 5880.0 6900.0 7300.0 6480.0 6900.0 6280.0 6480.0 1840.0 5880.0 6900.0 7300.0 6900.0 6480.0 6900.0 6480.0 1620.0 7300.0 7100.0 6900.0 6680.0 1220.0 6280.0 6900.0 7100.0 6680.0 6680.0 6900.0 6680.0 6680.0 6900.0 7300.0 1220.0 6680.0 7300.0 7300.0 6900.0 6680.0 1020.0 6900.0 7500.0 6680.0 6480.0 0.0 6680.0 6480.0 6280.0 5880.0 6480.0 7500.0 2040.0 6900.0 7300.0 6280.0 6280.0 6900.0 6900.0 7100.0 1020.0 6480.0 6280.0 1420.0 7100.0 7300.0
0.0 5880.0 6480.0 5880.0 5880.0 5880.0 820.0 6480.0 820.0 6080.0 6280.0 7100.0 1220.0 6280.0 1420.0 5880.0 6680.0 5680.0 6080.0 5880.0 1020.0 5880.0 6280.0 6080.0 1620.0 6480.0 6480.0 6900.0 6680.0 6280.0 6680.0 6280.0 6280.0 620.0 6280.0 5880.0 1220.0 6280.0 5280.0 1020.0 6900.0 6280.0 420.0 6080.0 6080.0 6280.0 6280.0 6280.0 1420.0 6080.0 6280.0 1420.0 6080.0 6280.0 6480.0 5880.0 5880.0 6080.0 5480.0 1020.0 6480.0 6080.0 6080.0 5480.0 6280.0 6480.0 6480.0 6480.0 6480.0 5480.0 1220.0 6480.0 1420.0 6480.0 5280.0 5880.0 6280.0 7500.0 6280.0 6280.0 5480.0 0.0 6080.0 5880.0 6080.0 5680.0 6680.0 6680.0 6480.0 6900.0 6080.0 6480.0 6480.0 7100.0 6680.0 6280.0 820.0 5880.0 5480.0 6280.0 6080.0
0.0 1020.0 2040.0 6480.0 5880.0 6480.0 6480.0 6900.0 6280.0 220.0 6480.0 6900.0 6480.0 5880.0 6680.0 5880.0 6080.0 6080.0 6280.0 6280.0 6280.0 5880.0 1420.0 6280.0 6900.0 6280.0 6900.0 2040.0 6480.0 6280.0 6900.0 6280.0 6480.0 6080.0 6680.0 6280.0 6280.0 6680.0 6280.0 6480.0 1840.0 5880.0 6480.0 6480.0 6480.0 6080.0 1220.0 1840.0 7100.0 6480.0 6680.0 5480.0 1420.0 6680.0 6900.0 6680.0 6080.0 6080.0 5880.0 6280.0 6900.0 6900.0 6480.0 5880.0 6680.0 6900.0 6900.0 6900.0 5880.0 6080.0 6280.0 6480.0 6900.0 6280.0 1620.0 6280.0 1620.0 2640.0 5880.0 6680.0 6280.0 6900.0 0.0 6080.0 6680.0 6080.0 6680.0 6680.0 1420.0 6480.0 1420.0 6480.0 2040.0 7300.0 6080.0 6680.0 5880.0 6280.0 5680.0 6900.0 1840.0
0.0 6080.0 6480.0 1020.0 620.0 1020.0 6080.0 6280.0 6080.0 6080.0 5680.0 6680.0 6080.0 6080.0 6080.0 820.0 6480.0 6080.0 5880.0 6280.0 5680.0 5480.0 6080.0 5480.0 6900.0 6280.0 1840.0 6900.0 1620.0 6080.0 6480.0 6280.0 5680.0 5880.0 1220.0 6080.0 6280.0 6280.0 420.0 5880.0 6280.0 6080.0 6280.0 6280.0 5880.0 6280.0 6280.0 6080.0 6480.0 1020.0 1420.0 6680.0 5880.0 6080.0 6680.0 1220.0 6080.0 6080.0 5280.0 6280.0 6480.0 6480.0 5880.0 5880.0 6280.0 1420.0 1420.0 6480.0 6280.0 5080.0 5480.0 6080.0 6280.0 6280.0 6280.0 6280.0 6480.0 7300.0 6280.0 1220.0 6080.0 6680.0 6280.0 0.0 6480.0 5480.0 1420.0 6480.0 5680.0 6680.0 6480.0 6480.0 6680.0 6900.0 6480.0 6480.0 5880.0 6080.0 5280.0 1220.0 6280.0
0.0 6480.0 6680.0 5880.0 6080.0 6480.0 6080.0 1420.0 6480.0 6480.0 6480.0 1620.0 6900.0 6680.0 5880.0 6280.0 6080.0 1420.0 6680.0 6680.0 6280.0 6480.0 6680.0 6680.0 6900.0 6480.0 5880.0 6080.0 6480.0 6080.0 6900.0 6480.0 6680.0 6280.0 5880.0 1420.0 6680.0 5480.0 6080.0 6080.0 7300.0 6680.0 6080.0 820.0 6480.0 6680.0 5280.0 6680.0 6680.0 6280.0 6680.0 6680.0 6480.0 6480.0 6900.0 6480.0 6080.0 6480.0 6280.0 6480.0 1420.0 1620.0 1420.0 1220.0 2040.0 6900.0 5880.0 1220.0 6480.0 6080.0 6480.0 1420.0 6680.0 1420.0 5880.0 6680.0 6080.0 7300.0 6080.0 6680.0 6080.0 5880.0 6680.0 6280.0 0.0 6480.0 7100.0 6480.0 6280.0 7100.0 6480.0 5480.0 6080.0 6080.0 1220.0 5280.0 6280.0 1420.0 6280.0 6480.0 6680.0
0.0 5880.0 6680.0 5880.0 6280.0 5880.0 5880.0 5880.0 5880.0 6080.0 1220.0 6480.0 6480.0 6680.0 6480.0 5880.0 1620.0 5680.0 820.0 5880.0 5480.0 5280.0 6680.0 6080.0 6680.0 1420.0 6480.0 6680.0 6480.0 5880.0 1220.0 6280.0 6280.0 5480.0 6900.0 5680.0 6280.0 1420.0 5880.0 5880.0 6680.0 1420.0 5880.0 5880.0 620.0 6280.0 6280.0 6280.0 6480.0 6480.0 6280.0 6480.0 5480.0 6280.0 1420.0 6280.0 820.0 1020.0 5880.0 5880.0 6280.0 6480.0 5680.0 5480.0 6280.0 6480.0 6900.0 6080.0 1420.0 5880.0 6080.0 6480.0 6480.0 6480.0 5880.0 5880.0 6280.0 7500.0 1220.0 5880.0 5880.0 6680.0 5880.0 5680.0 6080.0 0.0 7100.0 6280.0 6480.0 1840.0 6080.0 1420.0 6900.0 2040.0 6280.0 6080.0 5880.0 5880.0 5880.0 6480.0 6480.0
0.0 5880.0 6900.0 1020.0 1420.0 1020.0 5880.0 6080.0 5880.0 6280.0 6480.0 6480.0 6680.0 6680.0 6680.0 1020.0 6280.0 5880.0 5880.0 5880.0 5480.0 5280.0 6680.0 6280.0 5480.0 6480.0 1620.0 6680.0 1420.0 5680.0 6280.0 6480.0 6480.0 5680.0 1420.0 5880.0 6480.0 6680.0 1020.0 6080.0 6900.0 6680.0 6080.0 6080.0 5680.0 5880.0 5880.0 6480.0 6480.0 1620.0 1420.0 5880.0 5680.0 6280.0 5880.0 1420.0 5880.0 6280.0 6080.0 5880.0 6280.0 6480.0 5680.0 5680.0 6480.0 1420.0 1840.0 6080.0 5680.0 5880.0 6280.0 6480.0 6480.0 6480.0 5880.0 5880.0 6280.0 7500.0 6280.0 1020.0 5880.0 6480.0 6080.0 820.0 6280.0 5280.0 0.0 6080.0 6280.0 6900.0 6080.0 6280.0 6680.0 7100.0 6280.0 6280.0 5880.0 5880.0 6080.0 1620.0 6480.0
0.0 6080.0 6480.0 6480.0 5480.0 6280.0 6480.0 6480.0 6080.0 6480.0 5880.0 6900.0 6480.0 1020.0 6080.0 5480.0 6280.0 6080.0 6480.0 1220.0 5880.0 1020.0 6480.0 820.0 6900.0 6480.0 6680.0 6900.0 5480.0 620.0 6480.0 1020.0 1020.0 5880.0 6480.0 6480.0 5880.0 6480.0 5880.0 6080.0 6480.0 6080.0 6480.0 6480.0 6080.0 1020.0 5880.0 6480.0 6480.0 6480.0 6680.0 6480.0 6080.0 1620.0 6680.0 6280.0 6480.0 5680.0 820.0 6280.0 6680.0 6080.0 6280.0 6080.0 6680.0 6680.0 6900.0 6080.0 6080.0 620.0 5880.0 6080.0 6680.0 6480.0 6480.0 1220.0 6480.0 6680.0 6480.0 6480.0 1020.0 6680.0 6480.0 5680.0 6480.0 6080.0 6900.0 0.0 5280.0 6900.0 6480.0 6280.0 6900.0 7300.0 6480.0 1620.0 5480.0 6080.0 820.0 6480.0 6480.0
0.0 1020.0 1420.0 6480.0 6480.0 6080.0 6080.0 6280.0 5880.0 1220.0 5680.0 6680.0 6480.0 6080.0 5880.0 5280.0 6080.0 5880.0 6280.0 6080.0 5680.0 6080.0 1220.0 5480.0 6680.0 6280.0 6480.0 1620.0 6080.0 6480.0 6280.0 5680.0 5680.0 5680.0 6280.0 6480.0 5680.0 6280.0 6080.0 5880.0 1220.0 6080.0 6480.0 6280.0 5880.0 5680.0 820.0 1220.0 6480.0 6680.0 6480.0 6480.0 820.0 6280.0 6480.0 6080.0 6280.0 5480.0 6080.0 6080.0 6480.0 5880.0 5880.0 6080.0 6480.0 6480.0 6480.0 6480.0 6480.0 5880.0 5480.0 6680.0 6680.0 6480.0 1220.0 6080.0 1220.0 2440.0 6480.0 6280.0 5880.0 6480.0 1220.0 5880.0 6480.0 6280.0 6680.0 6900.0 0.0 6900.0 1220.0 6080.0 1620.0 7100.0 6280.0 6480.0 5280.0 5880.0 6080.0 6280.0 1220.0
0.0 6280.0 6680.0 6280.0 6280.0 6480.0 6280.0 6900.0 6280.0 6480.0 1840.0 7300.0 6680.0 6680.0 5880.0 6480.0 1020.0 6080.0 1420.0 6280.0 6480.0 6280.0 6900.0 6680.0 7100.0 1840.0 6900.0 7100.0 6480.0 6680.0 2240.0 6080.0 6680.0 6080.0 6680.0 6280.0 6080.0 1620.0 5280.0 6480.0 7300.0 1840.0 6480.0 6280.0 1420.0 6080.0 6280.0 6280.0 6480.0 6480.0 6480.0 6900.0 6480.0 6680.0 1840.0 6480.0 1420.0 1620.0 5880.0 6280.0 6900.0 7100.0 6480.0 5880.0 6480.0 6900.0 6900.0 6900.0 1420.0 5880.0 6680.0 6900.0 6080.0 6280.0 5680.0 6280.0 6680.0 7500.0 1620.0 6680.0 5880.0 6680.0 6480.0 6280.0 6480.0 1020.0 6900.0 7100.0 6900.0 0.0 6480.0 620.0 7100.0 2240.0 6280.0 6480.0 6280.0 6280.0 5880.0 6480.0 6480.0
0.0 820.0 1840.0 6280.0 6480.0 6480.0 6080.0 6480.0 6280.0 1220.0 6280.0 6080.0 5680.0 6900.0 6080.0 6280.0 6280.0 6280.0 6680.0 6280.0 6280.0 6680.0 1220.0 6080.0 6480.0 6080.0 6080.0 1420.0 5880.0 6900.0 6280.0 6080.0 6280.0 6080.0 6080.0 6680.0 6080.0 6080.0 6080.0 6280.0 1840.0 6900.0 6280.0 6080.0 6480.0 6080.0 420.0 1620.0 6900.0 6480.0 5480.0 6680.0 1420.0 6480.0 6080.0 6480.0 6080.0 6080.0 6480.0 6280.0 6280.0 6080.0 6480.0 6480.0 6900.0 5480.0 6280.0 6480.0 6680.0 6280.0 6080.0 6480.0 6680.0 6680.0 1220.0 6480.0 1220.0 1620.0 6080.0 6680.0 6280.0 6080.0 1420.0 6280.0 6480.0 6680.0 7300.0 6680.0 1420.0 6080.0 0.0 5680.0 1420.0 6080.0 6480.0 5480.0 5880.0 6480.0 6280.0 6480.0 1620.0
0.0 6480.0 6280.0 6680.0 6680.0 6080.0 6680.0 6900.0 6480.0 6080.0 1840.0 7100.0 6680.0 6680.0 5480.0 6480.0 620.0 6280.0 1220.0 6480.0 6480.0 6480.0 6900.0 6680.0 7100.0 1840.0 6680.0 6900.0 6080.0 6900.0 1840.0 6280.0 6680.0 6280.0 6480.0 6900.0 6080.0 1620.0 6480.0 6900.0 7300.0 1620.0 6680.0 6480.0 1620.0 6280.0 6080.0 6280.0 7500.0 7100.0 6280.0 6900.0 6080.0 6900.0 2040.0 6480.0 1840.0 1620.0 6480.0 6480.0 7100.0 6680.0 6680.0 6680.0 6900.0 6480.0 6900.0 6480.0 1020.0 6480.0 6680.0 6680.0 7300.0 6080.0 6680.0 6480.0 6680.0 7500.0 1420.0 6900.0 6480.0 6680.0 6480.0 6480.0 6900.0 1420.0 6900.0 7100.0 6900.0 2040.0 6080.0 0.0 6680.0 2040.0 5880.0 6480.0 6480.0 6480.0 6480.0 6080.0 7300.0
0.0 1420.0 1620.0 5880.0 6080.0 6480.0 5880.0 5280.0 6480.0 1420.0 6480.0 6900.0 6680.0 6480.0 5880.0 6280.0 6080.0 6480.0 6480.0 6480.0 6080.0 6080.0 1840.0 6480.0 6900.0 6900.0 5880.0 1020.0 6480.0 6280.0 6900.0 6480.0 6680.0 6280.0 5480.0 6280.0 6480.0 6680.0 6080.0 6080.0 2040.0 6480.0 6080.0 5480.0 6280.0 6680.0 220.0 1620.0 6900.0 6280.0 6680.0 6080.0 1020.0 6080.0 6900.0 6480.0 6080.0 6480.0 5880.0 6480.0 6900.0 6280.0 6480.0 6280.0 7100.0 6900.0 6900.0 6900.0 6480.0 5880.0 6280.0 6680.0 6480.0 6480.0 820.0 6480.0 2040.0 2640.0 6680.0 6680.0 5880.0 5880.0 1620.0 6280.0 6280.0 5880.0 6680.0 6480.0 1620.0 6680.0 1420.0 5480.0 0.0 7300.0 6280.0 6280.0 6280.0 6080.0 6280.0 6280.0 1620.0
0.0 6680.0 7100.0 6680.0 6480.0 6080.0 6680.0 6080.0 6680.0 6480.0 1420.0 7300.0 6900.0 6900.0 6280.0 5880.0 1840.0 6480.0 1840.0 6680.0 6480.0 6480.0 6480.0 6280.0 7100.0 2040.0 6480.0 5480.0 6480.0 6080.0 1420.0 6480.0 6480.0 6480.0 6280.0 6900.0 6480.0 1420.0 6680.0 6480.0 6900.0 1840.0 6900.0 6480.0 1620.0 6480.0 6080.0 6680.0 7100.0 6280.0 6900.0 5880.0 6480.0 5880.0 2240.0 6900.0 1620.0 1220.0 6280.0 6680.0 5480.0 7300.0 6680.0 6680.0 7300.0 7100.0 6080.0 5880.0 2040.0 6080.0 6280.0 6900.0 7300.0 7100.0 6680.0 6680.0 6900.0 6480.0 1420.0 6900.0 6480.0 6680.0 6900.0 6480.0 6480.0 1420.0 6900.0 6480.0 6480.0 1620.0 6900.0 1420.0 5880.0 0.0 6900.0 6480.0 6080.0 6680.0 6280.0 6900.0 6900.0
0.0 6680.0 6480.0 6480.0 6680.0 6900.0 6480.0 1420.0 6680.0 6280.0 6900.0 2240.0 7100.0 6900.0 6480.0 6680.0 6480.0 1620.0 6680.0 6680.0 6480.0 6280.0 7100.0 6900.0 6900.0 6680.0 6480.0 6680.0 5280.0 6900.0 6480.0 6280.0 6900.0 6480.0 5880.0 1620.0 6680.0 5880.0 6480.0 6480.0 6680.0 6280.0 6480.0 820.0 6480.0 6680.0 5880.0 6280.0 7300.0 6480.0 5680.0 7100.0 6480.0 6480.0 6480.0 6680.0 6480.0 6680.0 5880.0 6680.0 1840.0 1020.0 1620.0 1420.0 2240.0 7300.0 6080.0 820.0 6900.0 6080.0 6900.0 1840.0 6900.0 1840.0 6480.0 6680.0 6680.0 6900.0 5680.0 6680.0 6080.0 6480.0 6900.0 6680.0 1840.0 6080.0 6900.0 7100.0 6480.0 6480.0 6900.0 6080.0 6680.0 6680.0 0.0 5880.0 6480.0 1420.0 6280.0 6680.0 6900.0
0.0 6480.0 6480.0 5880.0 6080.0 6480.0 5880.0 6280.0 6480.0 6280.0 6480.0 6480.0 6680.0 1420.0 5880.0 6280.0 6080.0 6480.0 6680.0 1420.0 6480.0 1420.0 6480.0 1420.0 6900.0 6900.0 5880.0 6080.0 6480.0 1840.0 6680.0 1420.0 1620.0 6280.0 5680.0 6480.0 6480.0 6680.0 5880.0 6080.0 7300.0 6480.0 5880.0 5880.0 6480.0 1620.0 5080.0 6680.0 6900.0 6280.0 6680.0 6680.0 6480.0 1420.0 6680.0 6480.0 6080.0 6480.0 1220.0 6280.0 6280.0 6480.0 6680.0 6280.0 6900.0 6900.0 6900.0 6680.0 6480.0 1020.0 6280.0 6680.0 6480.0 6480.0 5880.0 1620.0 6080.0 7300.0 6680.0 6900.0 1020.0 5680.0 6680.0 6280.0 6280.0 6280.0 7100.0 1420.0 6480.0 6900.0 6480.0 5480.0 6080.0 6080.0 6280.0 0.0 6280.0 6280.0 1220.0 6280.0 6480.0
0.0 5880.0 6480.0 6480.0 6280.0 5880.0 1020.0 6080.0 820.0 6080.0 5480.0 6480.0 1220.0 6680.0 1420.0 5680.0 5880.0 5680.0 6080.0 5880.0 620.0 6280.0 6280.0 5480.0 1840.0 6080.0 6280.0 6680.0 6080.0 6280.0 6480.0 5480.0 5480.0 620.0 6280.0 6280.0 620.0 6080.0 5880.0 620.0 6080.0 6480.0 1220.0 6080.0 5680.0 5480.0 5680.0 6080.0 1220.0 6480.0 6280.0 1420.0 5680.0 6280.0 6480.0 5880.0 6080.0 5280.0 5880.0 820.0 6480.0 6280.0 5880.0 6080.0 6280.0 6280.0 6480.0 6280.0 6280.0 5880.0 420.0 6480.0 1620.0 6280.0 6080.0 5880.0 6080.0 7300.0 6280.0 6080.0 5680.0 1220.0 6080.0 5880.0 6280.0 6080.0 6680.0 6680.0 5680.0 6900.0 6080.0 6080.0 6680.0 6900.0 6080.0 6280.0 0.0 5880.0 5880.0 6080.0 6080.0
0.0 5880.0 6480.0 6480.0 6080.0 5880.0 5680.0 1220.0 5680.0 6280.0 5680.0 1220.0 6280.0 6480.0 6480.0 5680.0 6080.0 820.0 5480.0 5880.0 5680.0 6280.0 6480.0 5480.0 6480.0 6280.0 6480.0 6680.0 6080.0 6480.0 6080.0 5680.0 5680.0 5680.0 6280.0 1420.0 5680.0 6280.0 5880.0 5680.0 6280.0 6480.0 6480.0 1220.0 5280.0 5680.0 5880.0 6080.0 6280.0 6680.0 6480.0 6480.0 5480.0 6280.0 6280.0 6080.0 5680.0 5480.0 6080.0 5880.0 1420.0 1420.0 420.0 1220.0 1220.0 6280.0 6480.0 820.0 6280.0 5880.0 5480.0 1220.0 6280.0 1220.0 6080.0 5880.0 6080.0 7300.0 5680.0 6080.0 5080.0 6480.0 6080.0 5880.0 820.0 6280.0 6680.0 6680.0 5680.0 6900.0 6080.0 6080.0 6680.0 6900.0 1220.0 5880.0 5280.0 0.0 5880.0 6280.0 6280.0
0.0 6280.0 6900.0 6480.0 5480.0 6080.0 6480.0 6680.0 6280.0 6480.0 6080.0 6900.0 6280.0 820.0 6480.0 5880.0 6680.0 6280.0 5680.0 1420.0 6080.0 820.0 6480.0 820.0 6900.0 6280.0 6680.0 7300.0 6680.0 820.0 6900.0 1420.0 1020.0 6080.0 6480.0 6280.0 6480.0 6680.0 5680.0 6080.0 6480.0 5880.0 6480.0 6680.0 6280.0 1420.0 6480.0 6480.0 6900.0 6280.0 6680.0 6480.0 6280.0 1420.0 6480.0 6480.0 6480.0 6280.0 620.0 6480.0 6900.0 6480.0 6280.0 6080.0 6480.0 6680.0 6900.0 6680.0 6680.0 420.0 5880.0 5880.0 6480.0 6080.0 6480.0 1420.0 6480.0 7500.0 6480.0 6480.0 1420.0 6900.0 6480.0 5480.0 6680.0 5880.0 6900.0 1220.0 5880.0 6680.0 6480.0 6280.0 6900.0 7300.0 6680.0 1840.0 5880.0 6280.0 0.0 6680.0 6480.0
0.0 6080.0 5480.0 1420.0 820.0 1020.0 6080.0 6280.0 6080.0 5080.0 6280.0 6680.0 6280.0 5680.0 6280.0 820.0 6480.0 6080.0 5680.0 5480.0 5880.0 5880.0 6480.0 6080.0 6280.0 5880.0 1620.0 6900.0 1420.0 6280.0 6480.0 6280.0 6280.0 5880.0 1420.0 6080.0 6280.0 5880.0 1220.0 6280.0 6900.0 5680.0 5880.0 5680.0 5880.0 6280.0 6080.0 6680.0 6900.0 1220.0 1020.0 6080.0 5880.0 6080.0 6680.0 1420.0 6280.0 6080.0 5480.0 5480.0 6680.0 6680.0 5880.0 5880.0 6680.0 1020.0 1220.0 6280.0 6480.0 5680.0 6080.0 5680.0 6680.0 6080.0 6480.0 5480.0 6900.0 6900.0 5880.0 1420.0 6080.0 6680.0 5680.0 1020.0 6480.0 5680.0 1020.0 6680.0 6280.0 6480.0 5680.0 5880.0 6480.0 6680.0 6680.0 5880.0 5880.0 6080.0 5480.0 0.0 6680.0
0.0 420.0 1620.0 6080.0 6280.0 5680.0 6280.0 6280.0 5480.0 820.0 6080.0 6680.0 6480.0 6280.0 6680.0 6080.0 6480.0 6080.0 6480.0 6280.0 6080.0 6080.0 820.0 5880.0 5880.0 6280.0 6680.0 1420.0 6900.0 6280.0 6480.0 6280.0 6080.0 5880.0 5880.0 6080.0 6480.0 5280.0 5680.0 6080.0 1620.0 6280.0 5680.0 5880.0 6280.0 6480.0 1020.0 1620.0 5480.0 6480.0 6480.0 6480.0 1420.0 6480.0 5480.0 6080.0 5680.0 6280.0 5880.0 6280.0 6080.0 6480.0 6080.0 5880.0 5880.0 6900.0 5680.0 6680.0 6280.0 5680.0 5880.0 6480.0 6680.0 6680.0 620.0 6280.0 1020.0 2040.0 5880.0 6480.0 5880.0 5480.0 1420.0 6080.0 6480.0 5880.0 7100.0 6480.0 1020.0 6080.0 1420.0 6480.0 1020.0 7300.0 6680.0 6480.0 6080.0 6080.0 5880.0 6480.0 0.0
