100 3
192 2832 5028 1 7
1485 2052 4068 5 1
486 3739 6107 10 9
63 6633 8723 4 5
840 4931 6661 7 1
1008 4793 6697 5 6
465 4101 6357 9 6
448 2483 4429 6 3
396 4190 6214 6 4
338 2427 4467 10 2
190 2567 4521 3 8
840 8703 10693 9 8
938 3216 5056 5 9
328 8587 10985 2 7
221 1434 3498 2 8
1020 3950 5830 5 9
684 1681 3303 6 3
747 7212 9612 8 8
700 6214 8038 4 4
312 7408 9092 5 4
432 3407 5385 4 8
1275 5745 7433 5 6
780 6663 8407 10 5
12 4345 6503 4 10
970 8855 10765 10 7
795 5558 7312 7 2
1148 4260 6156 8 9
126 1358 3330 7 3
208 7527 9441 5 10
636 1801 3875 2 10
790 4147 6053 8 6
378 7698 10032 2 10
104 2458 4374 4 3
748 9053 11019 5 6
119 9918 12282 7 4
385 4492 6260 1 5
84 7637 9457 9 1
416 2645 4791 2 5
84 3404 5176 5 5
1040 6360 7966 4 1
532 1199 3061 8 8
154 2609 4991 5 5
567 5542 7322 8 3
52 5271 7269 10 5
340 10687 12413 8 2
759 7482 9774 7 9
435 8520 10200 2 7
682 2833 5097 9 4
1275 9726 12114 10 7
275 1058 3106 6 3
469 9402 11298 9 10
738 7042 9238 2 7
552 4370 6388 10 5
90 8027 10381 10 2
612 2648 4624 9 3
1110 1321 3671 2 9
900 2164 3856 5 9
570 2946 4766 8 5
310 3745 6015 10 9
1358 4068 6092 3 4
1140 4871 6869 2 9
570 3275 5013 6 4
1155 4410 6390 8 6
704 2080 4128 7 9
187 2257 4595 6 1
900 933 2747 5 9
456 5695 7487 6 9
1170 2382 4298 9 10
630 7026 9254 8 4
125 10472 12598 7 9
474 7999 9893 9 5
290 4294 6486 9 2
198 1125 3507 9 5
195 1718 3946 3 4
600 2553 4935 8 6
333 8206 10228 8 1
405 5386 7690 9 1
664 4102 6104 3 4
210 4250 6050 9 9
1300 2285 4675 8 7
747 8249 10003 8 9
1080 1507 3245 4 10
1455 3744 6136 8 2
792 9748 12122 1 3
425 1867 3853 9 3
224 3180 4900 2 3
570 5724 7668 4 2
416 1114 3126 4 9
308 1828 3800 1 4
324 8104 9866 2 8
240 7381 9727 5 3
297 4155 5985 9 1
11 2337 4143 6 1
536 3417 5415 2 6
120 7546 9900 6 9
240 1604 3266 3 9
207 944 2584 5 9
688 5174 7566 3 6
560 5231 7171 8 2
546 7580 9500 8 10
SETUP
0 302 332 292 322 101 41 222 242 292 373 252 292 181 373 222 192 342 413 433 181 423 192 121 222 272 272 312 151 232 242 212 212 393 272 252 282 192 362 252 272 272 393 433 252 212 192 222 181 151 252 332 232 252 252 232 342 292 302 302 292 202 222 332 242 312 232 342 483 342 312 332 302 373 151 91 171 252 403 292 232 383 171 292 252 212 292 141 272 151 161 272 312 332 292 393 272 352 262 202 282
0 0 232 322 352 141 71 312 272 332 463 332 322 312 403 383 352 383 342 403 222 463 292 151 252 302 342 342 192 151 282 242 242 383 322 192 161 222 282 282 202 232 443 423 282 242 222 222 222 181 282 352 443 181 292 242 252 322 383 272 322 282 222 383 342 232 352 403 523 473 222 302 161 342 181 322 202 272 433 362 242 352 312 332 292 292 352 181 352 181 302 302 342 362 292 282 302 383 292 121 352
0 373 0 292 322 232 433 222 292 272 373 312 473 171 413 342 312 373 342 242 272 352 121 272 282 362 393 352 272 342 222 332 282 393 352 212 393 312 302 383 312 342 262 473 282 312 322 192 282 272 352 272 342 322 312 232 352 282 252 302 413 262 222 322 171 252 282 332 554 252 242 322 262 362 342 202 242 232 383 292 232 393 171 202 171 212 362 272 262 252 151 282 322 332 252 403 252 403 312 312 302
0 433 181 0 222 171 393 202 272 202 352 282 302 222 393 312 202 362 272 332 202 383 242 101 222 262 312 192 181 91 252 272 202 181 272 131 141 202 131 282 141 161 332 362 302 192 302 252 192 171 232 252 342 111 252 171 242 393 332 202 352 232 161 352 282 81 242 342 463 423 71 151 272 192 181 282 151 272 393 292 171 282 282 222 192 181 312 161 342 141 292 262 252 302 312 362 262 342 252 61 202
0 453 403 342 0 161 383 232 373 222 403 222 282 292 383 403 332 242 322 282 232 322 282 292 282 252 292 342 292 121 292 272 252 373 111 292 322 202 312 282 131 111 433 312 121 292 362 262 232 161 332 222 312 373 71 161 322 312 202 202 342 322 151 252 121 242 282 413 332 483 352 312 242 352 342 272 312 312 423 373 262 262 292 332 302 332 342 151 362 292 302 322 312 332 332 403 151 332 282 383 362
0 332 332 192 222 0 312 242 272 302 352 302 362 192 272 322 242 252 393 362 282 332 202 212 121 171 352 242 282 202 342 111 302 302 192 252 222 91 282 413 252 192 403 332 202 141 262 272 282 51 181 302 312 232 151 171 242 312 292 202 192 302 161 252 212 212 282 352 413 403 232 282 322 322 312 192 262 272 423 302 242 312 181 322 322 222 212 51 352 252 262 192 212 342 332 332 232 252 161 242 332
0 403 302 262 292 71 0 302 212 262 423 262 262 252 342 393 302 322 403 433 181 403 232 91 192 242 282 282 121 272 222 181 181 362 262 222 292 161 332 222 292 262 383 403 222 181 161 192 181 121 222 342 373 262 222 242 312 262 322 272 262 222 222 322 272 282 332 413 483 433 282 342 272 383 121 262 141 242 373 373 302 352 242 282 252 292 282 111 342 121 232 242 282 342 262 362 242 322 232 312 362
0 503 171 453 362 332 322 0 342 403 533 423 443 342 463 181 312 473 443 403 362 292 292 403 272 433 332 393 252 262 202 252 362 393 332 302 302 322 423 352 302 312 423 463 352 413 362 322 362 332 453 433 433 282 302 342 362 443 423 342 332 403 322 403 342 383 342 453 513 413 373 262 393 302 252 292 373 362 423 453 222 332 332 352 332 373 171 322 433 352 322 332 443 111 383 533 232 272 282 232 403
0 543 433 393 262 302 423 272 0 242 513 383 543 212 131 433 302 302 513 473 272 383 222 322 322 332 373 362 212 383 302 413 312 222 373 302 473 252 393 312 272 373 433 483 383 342 393 282 383 212 383 362 362 413 332 202 131 373 352 342 493 393 292 302 272 292 332 413 554 302 342 252 352 292 212 302 322 322 473 373 393 352 332 322 342 373 322 202 262 312 322 373 373 373 342 403 332 373 352 413 262
0 433 292 463 282 282 242 222 453 0 493 362 433 322 393 373 342 433 453 362 332 463 332 332 192 393 403 302 322 262 71 393 232 413 252 312 312 312 393 463 312 192 483 342 272 403 282 282 322 272 373 322 362 393 222 352 393 433 342 262 463 312 332 433 262 262 342 483 473 413 332 332 352 373 362 242 362 322 463 443 383 403 312 312 282 332 282 272 413 362 302 302 433 322 342 192 101 192 222 342 383
0 423 393 403 282 272 453 272 151 272 0 192 513 222 272 373 242 403 292 252 161 302 232 171 282 352 262 383 91 362 171 342 192 352 91 192 362 342 121 322 322 91 242 302 222 262 292 161 352 222 302 332 252 292 312 282 272 393 322 272 403 272 262 302 242 212 272 383 302 433 292 282 242 232 302 312 212 202 413 342 272 342 212 141 232 252 252 312 151 192 202 252 91 373 222 443 202 453 312 423 322
0 473 413 393 302 332 483 252 181 242 493 0 554 332 272 423 393 262 453 453 222 342 252 403 413 322 352 352 202 413 292 443 272 403 403 292 473 232 423 302 312 342 453 473 423 232 282 272 222 202 272 242 453 292 373 352 121 322 222 362 463 262 332 262 141 292 342 473 362 453 373 362 262 403 192 332 312 312 433 423 352 383 322 312 302 362 312 192 413 302 312 342 352 362 332 413 322 423 433 433 413
0 443 352 383 342 202 453 181 352 272 332 342 0 212 373 252 282 373 342 403 352 352 222 342 242 322 413 362 262 292 322 232 212 262 312 71 342 272 342 362 202 232 352 403 322 342 362 292 383 151 302 373 443 181 272 242 373 383 352 272 302 292 222 332 272 161 242 383 503 423 312 232 362 272 262 302 171 332 473 362 242 352 282 302 272 171 302 222 403 161 373 282 393 292 352 362 342 413 242 262 181
0 332 242 181 212 202 322 222 262 161 373 262 352 0 352 232 202 342 383 352 181 423 21 171 111 192 282 232 101 192 232 262 202 292 181 111 282 242 192 342 242 181 362 383 192 252 212 81 171 131 292 161 242 212 141 242 252 171 151 181 342 212 222 222 71 151 232 342 393 222 131 212 161 252 242 101 212 131 282 302 242 332 171 282 252 212 202 192 222 202 161 262 312 332 151 352 222 272 141 202 262
0 443 302 302 141 222 302 141 171 282 383 252 413 212 0 312 282 181 423 342 302 262 141 282 302 202 242 242 81 252 181 332 242 373 242 181 362 121 312 181 262 252 342 362 262 212 282 151 292 81 252 282 342 292 212 272 11 242 272 332 413 322 262 181 192 242 262 292 463 342 252 302 232 342 81 222 202 202 352 252 272 302 202 202 292 252 192 81 292 181 192 302 242 252 222 332 212 242 322 322 362
0 493 403 352 362 171 393 242 192 342 443 322 262 282 312 0 242 362 423 383 202 443 292 302 292 262 393 393 362 91 332 272 292 403 212 292 332 202 322 463 141 212 453 413 252 302 322 312 352 171 342 342 423 383 202 171 312 413 332 212 352 362 161 232 252 302 282 332 433 483 383 342 362 232 362 282 312 312 393 292 272 292 272 312 272 282 373 161 332 302 322 352 322 302 373 393 272 342 322 393 332
0 453 322 302 171 141 362 161 212 282 312 192 383 181 342 272 0 171 292 252 181 252 202 192 262 121 262 282 121 272 222 252 222 302 81 171 232 171 292 222 111 81 322 292 101 222 101 192 222 131 262 272 272 272 242 141 192 232 262 181 322 252 131 171 181 161 41 383 292 403 292 232 272 272 121 141 181 71 342 342 161 232 212 282 252 141 272 121 171 192 202 282 262 262 262 332 131 312 272 252 91
0 403 312 141 312 202 373 272 262 252 383 252 342 192 342 272 192 0 252 332 232 91 202 232 302 121 322 322 171 222 242 302 272 302 272 222 272 262 252 272 222 171 232 252 292 322 292 242 232 181 362 171 282 242 332 262 192 71 242 292 383 202 242 11 161 161 91 383 373 383 202 232 192 272 171 141 232 252 181 342 282 131 212 212 272 262 242 222 312 212 202 332 373 383 312 161 272 433 181 192 212
0 312 282 352 171 171 332 302 282 222 413 181 312 282 383 383 192 312 0 91 232 403 232 212 71 282 252 192 242 151 292 61 252 262 141 322 272 202 232 342 202 141 393 342 151 252 292 292 262 161 282 252 332 332 101 232 292 272 232 151 141 131 222 252 151 141 232 403 222 433 171 212 272 252 232 302 262 262 252 393 332 252 272 282 252 292 161 151 232 242 332 141 272 362 312 302 181 403 101 403 262
0 433 282 302 322 141 373 272 242 212 443 91 383 232 362 383 171 342 342 0 312 352 242 192 262 282 312 312 151 342 222 252 202 202 242 252 342 181 242 252 161 252 302 362 272 282 272 222 312 192 322 332 443 352 292 151 212 403 151 212 332 51 131 171 232 51 212 322 453 433 302 121 302 161 151 302 242 242 171 403 292 332 272 192 161 312 282 181 342 232 262 262 302 373 282 222 252 322 222 352 171
0 322 292 373 272 232 383 272 383 171 423 222 413 302 302 342 212 373 252 342 0 272 312 222 252 322 292 302 222 332 141 312 91 272 282 161 332 272 242 292 202 252 443 322 302 232 262 131 332 232 262 373 373 272 282 242 302 292 272 272 393 171 222 292 332 202 242 403 473 513 192 272 212 312 292 302 272 181 403 352 332 312 342 111 81 262 342 222 282 252 332 151 362 373 202 362 171 362 282 413 272
0 473 403 383 332 302 493 332 453 272 332 352 262 292 493 332 302 473 453 413 232 0 212 272 393 292 272 443 282 342 342 403 242 433 242 302 342 312 383 423 272 242 282 171 403 362 403 282 222 272 403 272 232 362 403 302 362 332 262 342 483 322 292 342 181 322 342 453 463 413 332 332 292 373 393 202 292 322 443 403 342 51 282 332 302 322 151 292 383 302 272 312 423 443 342 463 282 453 101 312 252
0 322 232 171 212 222 383 212 252 151 362 252 352 171 373 222 192 332 362 403 161 413 0 151 262 302 272 242 222 222 222 252 192 282 232 101 272 262 181 332 232 242 373 463 282 242 202 71 161 151 282 151 222 202 272 232 242 161 141 272 332 202 212 322 61 131 222 332 453 212 121 202 151 242 232 91 202 111 262 292 232 403 161 272 242 192 312 222 212 192 151 252 292 312 131 342 252 332 302 192 252
0 332 302 312 222 222 383 312 252 181 433 181 362 272 373 352 212 373 342 362 282 453 141 0 121 212 302 242 302 202 252 322 101 282 192 202 322 252 252 403 212 192 463 393 202 91 302 212 272 212 131 292 362 181 151 232 272 292 232 202 403 131 222 252 192 212 252 332 403 342 202 272 282 312 302 222 61 252 403 292 222 342 302 342 312 302 212 202 332 41 292 161 373 262 272 282 232 362 161 332 282
0 252 252 282 101 101 262 232 302 181 362 181 242 232 312 322 282 252 282 242 192 332 161 292 0 212 252 121 242 81 252 212 192 332 71 252 202 131 312 342 131 71 373 272 81 222 302 222 192 91 262 181 272 312 41 171 282 312 171 81 282 262 151 252 91 202 161 383 292 362 262 272 202 312 242 232 292 272 383 332 262 222 222 302 272 262 101 81 342 292 262 252 252 292 292 373 111 332 41 342 322
0 433 262 292 242 161 373 151 232 202 302 181 403 111 222 151 81 242 332 322 111 312 121 262 212 0 202 302 141 161 171 272 202 192 151 202 212 171 292 242 181 151 292 222 171 262 171 181 111 151 302 262 161 181 242 161 71 272 242 232 342 141 151 242 171 41 111 272 373 322 242 111 262 151 141 21 171 151 383 222 161 312 101 181 151 141 262 141 202 192 91 262 252 262 252 332 202 332 212 131 161
0 433 403 373 262 252 222 272 302 252 383 292 473 272 312 342 111 282 362 352 111 362 292 302 262 232 0 342 141 332 252 312 202 352 192 161 332 131 352 332 222 192 252 383 212 222 212 131 111 232 262 312 352 262 292 252 161 342 302 292 393 282 242 282 222 252 151 262 403 493 302 61 71 101 232 252 262 181 373 352 272 342 262 222 192 252 342 232 252 242 252 262 242 373 202 403 232 423 292 312 202
0 302 312 383 41 202 362 151 202 262 413 262 322 212 302 322 342 282 362 322 222 362 222 222 282 292 332 0 171 161 282 302 222 373 151 192 322 232 302 322 171 151 413 352 161 312 282 161 222 81 352 71 352 292 111 202 171 352 171 192 383 302 192 262 161 232 282 373 362 423 322 302 91 342 252 312 272 202 453 332 272 292 202 252 292 252 141 192 292 262 232 282 141 252 222 413 192 373 81 373 352
0 362 342 312 212 192 393 181 342 252 332 292 433 131 393 282 282 373 373 413 222 453 151 292 242 322 362 362 0 322 202 262 161 292 242 101 282 272 312 393 232 242 262 463 322 292 202 81 272 242 322 292 312 212 272 192 242 302 242 262 332 242 181 332 202 192 242 302 463 352 262 262 151 302 292 232 121 121 413 252 192 373 131 322 292 171 312 232 222 101 121 222 282 292 141 362 232 362 272 332 312
0 413 322 272 272 81 302 161 302 282 383 332 322 222 302 332 252 282 373 352 121 362 212 212 202 181 383 302 292 0 252 192 202 362 272 202 252 121 242 393 51 272 393 332 282 212 292 252 282 81 252 322 332 302 232 91 242 332 312 121 272 282 71 272 232 222 202 383 383 413 302 262 322 302 282 202 232 292 302 332 181 202 212 222 192 252 282 71 282 222 242 262 242 222 312 403 282 262 232 302 332
0 373 362 403 222 212 383 302 383 252 453 292 362 252 433 302 272 362 403 292 262 443 272 302 121 332 352 242 292 202 0 322 171 342 192 332 252 242 322 393 242 121 413 342 202 342 373 312 262 212 383 262 312 332 151 282 373 362 282 192 403 242 262 362 202 202 272 423 403 473 262 272 282 302 292 171 322 342 403 373 312 332 252 332 302 292 212 202 342 332 242 232 362 413 332 342 31 373 151 282 312
0 252 232 292 121 111 272 242 322 192 362 192 262 232 322 322 141 262 292 252 202 342 171 151 21 222 262 141 232 91 262 0 202 202 81 262 212 141 171 332 141 91 352 282 101 192 232 242 202 101 232 192 282 282 51 181 292 222 181 91 81 272 161 262 101 131 171 373 302 373 121 171 212 212 222 242 202 212 332 342 272 202 222 272 242 232 111 101 312 192 272 81 262 312 262 373 121 352 51 352 222
0 232 212 332 262 181 302 232 302 91 342 131 332 262 332 352 121 292 403 362 292 373 272 131 252 242 373 222 212 262 151 292 0 192 192 292 352 232 161 312 161 202 362 403 222 222 222 282 342 192 262 282 373 312 282 181 242 202 181 232 362 81 171 202 272 111 161 383 413 453 101 181 312 222 212 262 181 192 312 423 282 322 322 252 222 212 312 192 292 171 322 71 282 332 342 282 181 272 282 352 192
0 322 302 272 292 91 262 161 272 21 383 222 332 222 312 332 212 282 373 322 282 362 161 222 202 181 362 302 292 282 81 192 91 0 272 232 252 121 242 393 51 151 373 262 282 121 292 232 282 91 161 302 322 212 232 91 252 292 272 121 272 171 71 282 212 202 212 362 383 362 192 262 302 302 292 202 232 272 373 312 192 141 212 312 292 252 252 81 282 222 242 161 242 262 202 181 111 202 192 302 41
0 403 352 383 383 202 403 181 292 232 302 111 493 272 362 362 222 362 212 171 292 433 282 302 282 342 181 383 192 362 302 272 171 262 0 282 413 272 322 332 272 11 393 503 312 302 322 262 292 141 342 342 413 383 312 312 232 373 272 342 322 222 292 342 252 141 252 312 222 483 272 212 242 252 232 352 302 292 342 262 332 403 262 272 242 302 352 242 312 292 302 232 383 292 322 383 332 413 302 413 262
0 413 282 332 272 171 393 121 292 212 272 302 413 151 362 192 222 302 272 332 322 383 161 302 171 252 352 292 202 252 262 161 181 192 242 0 332 212 272 302 141 171 282 443 252 302 312 222 312 171 342 302 383 111 202 171 322 312 292 212 242 262 161 272 212 101 171 342 433 362 282 171 302 212 192 242 141 272 413 292 181 322 302 242 212 101 262 161 342 151 302 242 332 222 292 292 282 342 212 342 222
0 332 171 352 222 171 332 192 262 232 342 272 292 222 362 362 192 362 312 332 61 332 232 101 222 302 332 181 171 222 202 282 151 222 161 222 0 212 121 272 212 161 332 383 292 192 292 192 61 202 222 202 342 272 252 101 312 342 332 151 352 222 232 352 282 81 232 342 383 413 71 151 222 181 171 312 151 242 453 383 312 352 262 171 141 181 302 212 342 131 252 212 242 302 262 362 232 413 242 393 192
0 403 463 373 181 242 443 312 181 332 262 352 463 342 312 383 362 423 342 403 282 393 342 202 322 342 423 222 342 292 262 352 292 383 242 202 403 0 282 322 212 242 332 332 302 101 383 352 282 242 141 292 433 181 252 252 312 322 383 282 433 332 232 242 302 242 322 342 403 483 393 312 282 352 332 352 252 403 423 292 252 433 373 242 352 302 282 232 342 242 362 362 121 423 423 282 292 393 302 423 292
0 523 373 383 282 202 362 212 181 322 413 302 483 292 302 332 121 282 403 362 292 362 262 202 312 232 272 393 232 383 332 302 292 332 192 151 302 282 0 332 222 192 423 332 212 292 212 181 332 242 332 312 222 252 342 262 302 352 302 181 383 332 242 282 222 242 151 262 403 463 322 312 262 111 232 252 252 192 383 433 272 272 332 383 352 242 383 242 282 242 322 362 121 312 222 433 242 423 322 362 202
0 362 373 383 101 252 423 202 262 312 463 312 383 272 352 383 342 342 413 373 272 423 282 282 342 342 383 61 232 212 342 362 272 373 202 242 373 292 352 0 222 212 463 393 222 373 342 222 272 131 272 131 403 322 171 262 232 312 222 252 443 352 242 312 222 222 332 433 423 483 373 292 151 332 302 352 332 262 423 383 322 352 262 312 332 302 202 242 342 312 282 342 202 242 282 473 242 423 141 433 342
0 362 272 222 252 41 262 111 252 302 332 312 282 171 262 282 202 232 413 302 232 312 161 171 151 131 332 252 242 232 282 141 232 312 222 252 202 71 192 342 0 222 342 312 232 171 242 222 232 41 202 302 292 252 181 41 202 282 292 71 222 262 31 232 212 171 161 332 332 362 262 212 302 252 242 151 181 262 362 292 141 312 161 272 272 202 252 31 232 171 192 222 192 212 292 352 262 212 192 252 292
0 503 342 453 433 312 503 181 413 383 463 262 513 272 352 362 282 443 503 171 433 473 282 312 373 393 483 403 322 403 373 423 362 362 352 373 483 352 342 423 332 0 473 533 373 403 342 342 443 131 423 423 503 463 352 312 352 433 312 383 483 212 302 332 332 222 312 423 554 483 282 292 423 272 312 362 332 352 342 383 322 503 262 362 332 302 352 352 433 352 433 433 423 292 413 383 403 443 393 403 342
0 463 373 202 352 272 433 332 322 302 443 312 423 141 403 332 262 282 312 272 292 362 161 302 252 181 383 373 242 282 332 362 332 362 322 242 332 332 322 332 262 292 0 282 332 393 352 222 282 242 212 232 332 232 282 252 252 312 292 322 443 272 282 71 212 222 151 443 433 362 272 292 252 332 232 202 352 262 423 403 302 403 272 362 332 322 342 282 362 332 262 393 433 433 282 232 362 413 282 252 342
0 383 342 393 362 212 443 282 352 242 423 282 453 232 342 272 202 322 453 443 232 403 242 272 332 131 332 352 262 282 292 312 151 312 272 322 181 292 292 362 302 272 413 0 292 352 292 312 232 262 383 373 282 302 362 212 192 242 332 282 393 232 202 322 292 161 192 393 473 443 242 232 383 272 262 141 302 272 342 342 282 433 222 302 272 262 383 252 322 302 212 222 383 383 373 433 322 383 332 252 282
0 393 373 383 373 252 332 252 403 252 403 292 352 202 483 302 272 433 493 373 262 513 212 292 312 312 242 373 292 302 262 362 161 342 342 302 352 342 322 413 322 202 312 192 0 352 362 282 252 302 302 352 192 322 342 252 383 362 302 322 252 242 242 362 262 272 302 362 443 413 262 302 302 342 312 171 272 322 322 312 252 141 192 362 332 232 252 292 292 282 181 232 352 352 332 342 31 272 192 272 342
0 473 383 332 342 151 342 222 161 242 373 403 393 252 282 292 312 342 252 312 192 423 262 282 272 242 383 362 272 342 302 252 272 302 332 111 312 181 252 383 121 141 393 302 352 0 292 262 181 151 41 403 342 91 302 151 282 393 362 192 332 352 141 352 312 202 272 242 312 403 312 272 192 312 302 262 242 302 362 202 151 332 272 282 262 212 342 141 242 252 302 332 302 332 322 192 332 322 302 373 202
0 473 383 352 252 171 433 222 252 312 332 342 463 171 262 312 232 232 373 352 262 312 181 272 282 161 322 292 262 312 322 282 282 342 302 232 362 71 262 393 242 272 383 312 322 131 0 252 262 41 171 332 272 212 312 232 222 242 322 292 362 292 212 242 232 202 262 332 433 393 302 272 312 302 292 171 242 262 352 292 232 352 161 312 302 212 352 31 332 252 242 342 192 332 312 312 342 403 312 282 312
0 433 302 242 141 192 423 141 292 232 292 282 423 171 322 212 242 332 302 342 151 413 181 302 202 282 292 322 161 262 282 192 202 222 171 31 212 202 232 322 161 171 312 393 262 262 131 0 202 171 302 322 242 141 212 202 171 322 312 232 262 282 181 292 232 121 202 362 393 383 272 192 81 232 222 262 161 51 433 322 202 352 282 252 222 131 242 161 151 171 272 262 242 252 71 322 282 373 232 292 242
0 322 302 373 272 232 393 282 383 181 423 222 423 302 312 352 212 383 262 342 11 272 322 222 262 332 292 312 232 332 141 312 91 272 282 161 342 272 252 292 202 262 443 332 312 232 272 141 0 232 272 373 383 272 292 161 302 282 272 272 302 171 222 292 332 202 252 403 473 523 192 272 212 312 302 302 272 181 393 362 332 312 322 111 81 262 352 232 282 262 312 161 362 383 202 373 171 362 292 413 282
0 473 352 322 322 192 403 192 342 302 342 373 433 141 222 362 342 373 413 413 302 403 151 302 252 322 362 362 232 322 352 302 252 423 312 242 383 232 232 403 373 322 352 493 332 292 212 222 312 0 332 292 373 352 282 202 232 302 282 262 383 332 181 352 202 282 242 302 523 352 272 352 292 332 302 232 212 222 413 252 202 373 131 322 383 171 342 232 302 222 302 312 292 292 282 362 312 362 282 342 403
0 433 352 292 302 111 332 181 322 202 332 362 352 212 332 252 282 312 212 272 151 393 222 242 232 202 342 332 262 312 272 222 232 262 302 71 272 151 212 342 81 111 352 383 312 242 252 232 141 111 0 373 362 51 262 111 272 352 322 151 292 312 101 312 272 161 232 282 272 373 332 232 312 272 262 222 202 282 352 232 121 292 242 252 222 171 322 101 282 222 262 302 262 292 302 322 292 282 262 332 161
0 242 362 332 232 151 302 192 292 302 342 362 443 151 232 302 332 292 393 423 151 373 161 272 222 292 352 342 111 242 282 262 242 312 262 121 252 232 242 302 252 262 362 342 302 292 222 101 151 11 332 0 322 232 252 151 121 312 292 131 332 322 192 292 212 212 212 312 383 362 282 282 31 322 192 242 212 141 423 262 202 383 141 262 232 181 312 192 222 212 222 302 232 302 161 373 312 373 252 352 332
0 463 433 413 192 292 272 312 352 242 433 342 453 322 352 383 161 322 393 403 141 403 332 342 212 282 51 332 192 282 282 362 232 393 232 202 383 171 383 383 262 232 292 423 252 262 252 181 141 242 302 232 0 312 242 292 202 393 222 282 322 312 282 332 141 292 192 302 453 533 332 111 111 151 272 292 302 222 423 403 312 393 312 252 222 302 302 272 302 292 302 292 292 423 242 433 282 423 242 352 242
0 393 302 252 272 61 282 141 282 222 292 312 302 161 282 212 232 262 171 232 232 342 181 192 181 161 292 282 222 262 232 171 202 212 252 21 232 101 171 292 31 61 302 342 262 192 212 192 262 61 232 322 312 0 212 71 222 312 312 101 252 272 51 262 232 121 181 232 362 322 282 192 262 232 212 181 161 232 302 181 71 252 192 202 222 121 272 51 232 171 222 252 222 242 252 272 262 242 212 282 242
0 383 373 312 212 131 312 202 322 151 332 151 212 252 352 352 262 222 252 212 161 302 252 262 252 222 222 352 232 51 222 242 192 302 41 222 292 171 282 373 101 41 362 242 51 262 302 192 161 131 302 151 242 332 0 131 262 282 141 171 302 252 121 222 61 171 252 352 262 453 282 242 171 282 272 222 282 242 352 302 232 192 242 272 242 282 302 121 332 262 232 252 282 262 262 342 81 302 242 322 292
0 453 383 352 252 232 433 222 252 312 342 312 473 171 383 393 342 413 433 493 272 413 192 131 252 332 413 222 272 332 242 332 222 403 322 282 423 312 362 463 332 322 393 523 332 222 373 252 342 272 262 282 362 312 282 0 383 342 322 302 413 262 222 383 242 312 282 332 423 393 302 383 302 423 362 272 181 292 453 292 232 413 161 362 342 212 342 272 262 171 151 292 322 332 312 403 272 403 282 373 413
0 443 302 302 282 222 453 141 171 282 383 252 483 212 161 312 282 181 423 342 292 262 131 282 292 202 242 242 81 352 181 332 242 373 322 181 352 121 312 181 312 302 342 362 373 212 282 151 292 81 252 282 342 282 322 272 0 242 262 332 403 322 252 181 181 242 262 373 523 332 252 302 232 342 81 222 202 202 352 332 272 302 202 202 292 252 192 71 302 181 192 302 242 242 222 332 212 393 312 322 362
0 453 362 312 332 192 302 262 383 282 463 312 433 131 383 352 292 362 433 423 282 443 141 292 232 282 403 352 222 282 282 302 322 413 302 232 322 202 312 463 161 252 473 443 312 292 332 202 282 161 332 282 362 302 262 202 352 0 272 232 383 262 181 342 192 272 312 443 483 342 262 342 282 282 362 222 332 252 111 413 292 453 292 282 252 332 322 151 352 322 292 383 322 373 272 473 312 362 272 252 141
0 292 262 383 312 212 352 282 262 141 393 181 383 302 383 242 171 332 352 413 342 362 312 181 302 292 332 272 171 312 212 322 61 212 242 262 403 202 212 272 212 252 322 453 272 272 272 242 393 242 312 332 383 362 332 232 292 252 0 282 403 131 222 252 292 71 212 332 463 503 151 141 312 181 161 312 232 242 362 413 332 352 292 212 181 262 302 232 342 222 282 121 322 383 282 332 232 322 242 383 192
0 352 302 212 242 21 192 262 262 242 373 312 383 212 292 302 242 222 413 383 192 302 91 222 141 171 332 262 171 222 272 131 181 302 212 181 131 111 242 272 272 212 423 352 222 161 282 151 181 71 202 232 312 252 171 192 232 242 222 0 212 262 181 222 141 202 91 373 262 292 192 272 232 312 171 171 272 202 352 322 262 332 202 292 262 242 232 71 262 262 242 212 232 362 222 352 252 272 181 262 322
0 373 373 332 242 151 383 332 262 192 393 242 383 181 393 252 332 383 362 373 131 393 192 282 141 322 383 262 192 222 252 252 212 171 212 222 342 171 312 413 222 212 453 413 222 111 383 252 292 202 151 312 413 202 171 151 302 342 302 212 0 292 141 383 222 272 292 352 423 393 262 342 212 383 362 272 171 302 453 302 262 312 312 232 202 322 232 192 322 161 302 272 292 433 322 292 242 322 171 383 212
0 393 362 252 322 101 332 282 232 242 443 51 342 282 322 342 272 302 362 373 272 383 252 151 222 242 403 322 242 302 312 212 161 312 292 342 292 192 202 342 312 292 342 322 302 242 332 312 272 151 282 282 393 322 252 111 161 352 111 171 292 0 91 131 192 171 212 443 413 463 252 242 312 282 242 262 202 342 463 393 332 403 272 312 282 312 312 141 362 181 262 222 312 393 383 282 332 272 252 312 292
0 342 342 202 232 21 242 202 272 312 352 312 262 192 282 332 262 262 403 282 272 342 171 151 131 181 362 232 252 212 262 121 242 312 202 262 212 101 292 352 262 202 403 342 212 151 272 242 272 61 192 302 322 242 161 21 252 322 302 91 202 272 0 262 222 222 171 352 342 373 242 292 312 332 252 202 202 282 433 302 242 322 181 332 332 222 232 61 282 181 171 202 222 302 302 342 242 192 171 252 342
0 403 312 131 352 202 362 272 262 312 383 252 362 222 342 272 192 222 242 332 232 302 232 232 312 121 322 312 171 222 272 302 272 302 262 222 262 292 262 272 262 272 222 312 292 322 292 242 222 171 362 171 272 242 342 282 181 282 302 292 383 202 262 0 282 161 91 383 373 373 202 232 192 272 171 141 282 262 393 342 282 342 212 292 262 262 373 242 312 272 202 332 373 373 302 161 302 453 322 192 282
0 332 342 383 161 242 342 202 342 101 433 262 443 242 322 322 252 383 362 433 111 383 252 262 282 352 403 352 202 272 171 322 141 292 262 171 342 282 292 352 282 272 403 433 282 342 252 141 111 101 373 101 383 272 232 242 212 332 91 222 403 212 282 332 0 151 292 403 483 453 232 222 121 262 242 332 302 192 443 352 292 413 232 222 192 272 362 272 292 302 312 202 322 302 212 292 202 282 312 423 272
0 463 232 352 272 171 393 242 192 161 393 262 413 232 322 383 121 292 292 352 302 302 242 222 282 242 262 262 101 352 171 282 242 151 202 202 332 141 332 202 141 202 262 413 222 232 222 171 332 171 272 322 393 302 312 181 312 352 312 212 362 212 161 292 232 0 161 272 413 443 332 71 252 111 101 262 222 192 383 352 272 282 222 141 111 262 232 161 292 202 212 302 252 342 242 332 202 342 171 322 121
0 443 352 272 282 242 453 242 181 282 292 262 473 192 302 242 161 141 383 362 192 222 202 161 282 91 252 242 91 242 192 302 252 272 232 141 292 262 373 192 262 192 352 312 252 252 262 161 192 232 282 302 242 252 312 252 151 202 322 312 373 222 232 141 252 131 0 352 292 403 322 202 232 232 91 101 202 202 312 302 242 262 181 262 232 222 342 222 282 192 171 312 342 342 222 302 212 413 292 212 242
0 473 282 131 322 202 403 192 151 302 342 383 403 141 232 352 302 342 403 413 292 413 161 212 252 262 362 292 242 222 352 302 252 312 322 252 262 181 232 242 262 292 362 413 332 232 111 222 292 11 212 302 352 242 282 202 232 312 292 272 383 332 192 342 212 192 252 0 483 362 181 262 302 292 282 222 212 232 121 262 202 383 141 332 292 181 342 131 312 222 282 322 292 302 282 373 312 373 282 192 312
0 342 302 302 292 131 252 202 71 11 423 232 373 262 202 292 222 171 362 362 222 252 202 242 202 222 383 312 171 181 81 242 111 51 262 212 292 171 262 322 101 192 373 312 282 171 292 242 332 131 202 332 362 192 232 131 202 242 61 171 101 181 121 181 262 121 252 393 0 373 212 192 312 232 222 242 141 292 181 362 232 181 262 262 232 302 292 121 332 131 282 171 282 312 242 202 111 202 232 352 81
0 312 282 262 242 252 373 272 41 161 413 202 403 232 171 342 202 121 222 302 252 212 131 212 282 242 282 292 252 332 232 272 81 262 272 222 312 292 232 352 242 272 352 373 262 302 292 192 282 252 181 272 342 232 312 242 171 192 262 312 352 161 242 131 181 192 212 393 433 0 181 262 272 302 252 212 41 151 302 342 202 252 222 332 292 262 342 242 252 21 212 141 342 383 252 282 262 352 302 312 262
0 362 111 342 161 181 403 131 202 171 282 212 232 161 332 302 131 302 302 342 272 312 171 41 161 242 272 121 111 161 181 292 131 161 212 202 342 151 61 212 151 212 272 383 232 131 232 181 302 181 161 181 282 212 192 192 292 322 262 222 373 161 171 282 222 21 171 282 423 352 0 81 212 121 111 252 91 202 393 322 252 292 232 151 121 121 242 171 302 71 222 192 181 232 252 302 192 362 181 332 131
0 433 362 332 202 192 413 212 242 252 332 232 433 232 373 322 51 222 312 302 232 302 252 242 312 171 302 282 171 282 192 292 272 332 131 151 282 71 312 272 161 131 192 342 151 161 151 121 262 181 202 252 322 242 272 192 242 282 242 232 373 242 181 222 161 212 91 202 342 453 262 0 202 41 171 192 232 121 312 292 212 282 262 171 141 192 322 171 222 242 252 262 181 312 181 342 171 362 322 252 141
0 443 373 312 212 262 453 212 262 302 362 342 433 212 252 282 312 272 373 413 131 352 222 352 192 292 332 312 81 272 262 252 222 282 242 101 272 212 302 272 232 242 342 322 272 302 202 71 131 171 342 373 302 202 232 272 101 332 322 272 332 292 252 272 282 192 262 373 453 433 312 262 0 302 171 312 202 121 433 332 272 393 202 242 202 202 282 171 202 181 192 282 302 322 141 383 292 443 232 362 312
0 443 322 292 181 151 373 171 222 222 322 202 393 202 352 282 21 181 302 262 192 262 212 202 272 131 272 292 131 282 232 262 232 302 91 111 242 181 272 232 121 91 332 302 111 232 111 81 232 141 272 212 282 212 252 151 202 242 202 192 332 262 141 181 121 171 51 161 302 413 222 242 161 0 131 151 192 81 282 352 171 242 222 292 262 151 282 131 181 202 212 292 272 272 151 342 141 322 282 262 101
0 362 352 312 202 192 383 192 101 252 332 181 433 141 222 292 272 373 373 393 222 413 151 302 222 322 171 161 11 302 101 262 171 292 242 101 282 282 312 111 242 222 272 443 302 181 212 81 272 242 222 232 302 212 252 202 222 302 242 262 342 242 181 332 202 202 242 302 463 352 262 232 151 262 0 232 121 121 413 252 192 373 131 252 222 171 302 232 222 111 121 232 292 292 141 362 131 362 242 342 322
0 413 302 272 272 141 352 141 292 252 292 171 383 91 393 141 111 272 322 352 91 352 101 252 202 222 192 322 181 141 161 252 181 362 181 181 192 192 272 322 192 181 302 393 202 242 202 171 91 192 282 242 141 161 232 151 282 252 222 212 332 121 131 242 151 232 141 252 403 302 222 252 242 292 222 0 161 181 362 202 141 322 81 202 171 121 272 181 181 171 71 242 242 242 232 312 181 312 232 111 192
0 282 252 262 292 222 342 272 332 131 383 171 373 252 373 312 161 332 443 403 252 413 91 181 302 282 272 262 252 302 202 332 51 232 242 181 362 272 202 352 202 242 413 443 262 272 262 161 252 242 302 242 312 292 332 222 282 242 222 272 403 121 212 242 141 161 202 423 453 292 151 222 232 262 252 171 0 202 352 373 171 352 252 292 262 262 352 232 302 21 242 111 322 373 222 322 232 312 322 282 232
0 423 332 443 101 252 463 272 252 282 423 312 383 302 373 443 312 312 362 373 111 373 312 252 352 352 252 342 312 212 242 362 192 362 202 262 161 292 282 383 222 212 443 403 222 242 373 242 222 252 272 312 202 322 171 252 383 373 302 292 443 272 242 312 222 212 332 463 423 513 222 282 312 312 312 362 242 0 483 433 352 352 383 212 181 262 202 242 101 252 393 262 192 383 302 423 242 423 202 383 332
0 493 403 373 242 192 453 242 272 322 352 352 483 192 282 322 192 252 433 433 181 332 202 262 302 181 352 312 282 332 312 302 262 362 262 282 383 91 282 403 292 262 403 332 282 192 262 252 171 61 222 352 312 272 312 252 242 322 332 312 383 312 232 252 252 212 222 332 473 403 322 282 332 181 302 192 262 262 0 312 252 373 181 282 252 222 352 51 262 272 262 322 212 342 322 373 262 423 332 302 272
0 373 332 181 312 181 151 242 192 222 393 272 403 192 282 332 262 161 292 352 61 242 202 232 302 282 192 272 262 262 192 292 141 312 332 141 292 222 282 282 151 181 383 342 262 41 151 181 222 61 81 332 151 131 332 192 282 232 302 222 373 222 171 161 252 161 252 51 352 302 222 232 232 272 262 262 262 232 171 0 192 282 181 161 131 222 141 171 51 272 332 202 342 342 252 222 222 362 322 232 232
0 513 423 362 252 312 483 262 393 352 413 342 393 292 282 332 342 373 413 453 272 292 302 383 282 292 393 373 272 352 161 302 282 332 292 151 322 212 352 312 282 282 423 312 362 262 141 121 322 171 302 413 342 252 312 262 282 383 433 352 383 362 302 373 352 242 312 473 503 503 383 312 202 352 332 242 282 161 232 423 0 181 302 131 342 252 292 171 262 292 312 352 332 362 181 433 192 483 232 352 362
0 433 362 443 373 262 453 332 443 282 533 332 222 342 473 342 322 443 554 493 332 523 332 232 352 252 232 423 242 403 342 362 202 383 393 282 302 272 362 383 232 322 383 131 423 322 423 312 322 262 352 342 192 393 383 262 322 362 383 302 443 282 252 403 322 292 312 463 533 523 302 292 292 332 352 272 252 352 473 473 362 0 352 433 403 383 111 252 443 262 342 272 393 443 373 473 242 433 61 383 212
0 342 222 192 222 71 272 61 222 171 212 252 312 11 332 232 212 252 383 332 181 332 31 181 121 202 292 242 111 202 232 171 121 302 192 121 262 151 202 302 252 192 232 373 202 161 212 91 181 111 202 171 242 222 151 71 262 181 161 141 252 202 61 232 81 151 121 171 393 232 141 222 171 262 202 111 81 131 292 131 71 252 0 202 252 51 212 111 181 91 171 192 161 171 151 242 232 242 151 212 272
0 403 393 423 242 242 352 332 352 282 483 322 393 282 453 332 302 393 423 322 232 161 292 322 151 352 383 242 322 222 31 352 192 373 212 362 272 272 352 181 272 151 433 332 232 362 393 332 232 232 403 282 332 352 181 312 403 393 302 222 433 272 292 393 222 222 302 443 393 493 292 292 312 332 322 202 262 373 423 403 342 202 272 0 302 322 242 232 373 242 262 262 302 423 362 373 61 362 181 302 342
0 433 423 352 282 202 383 332 312 312 483 151 423 282 423 362 332 403 181 272 262 192 292 252 181 342 403 272 151 252 61 242 222 302 252 252 302 292 302 222 262 181 413 362 262 151 352 222 262 252 192 322 362 242 212 212 262 423 212 252 312 101 192 232 252 252 312 393 393 493 322 322 302 362 342 232 272 262 433 352 302 232 272 41 0 312 272 242 362 252 262 292 332 413 282 342 91 373 212 332 332
0 312 181 232 252 252 342 21 252 161 171 202 393 51 373 192 202 202 423 393 222 282 61 212 151 161 312 272 141 232 212 272 81 262 222 151 322 282 232 262 242 222 181 342 232 302 212 121 212 171 332 202 282 262 181 262 222 212 192 232 352 161 242 212 111 192 71 383 362 262 181 242 202 282 151 141 41 171 322 342 202 332 212 302 292 0 192 232 272 51 202 141 252 121 192 192 242 282 192 242 262
0 493 463 473 362 373 423 362 493 342 513 383 373 322 523 393 322 493 473 473 332 554 332 393 393 443 222 473 352 403 383 473 262 332 403 373 433 342 413 503 383 302 272 433 423 433 423 342 322 413 302 473 403 352 423 373 373 463 443 443 554 342 362 342 383 373 362 473 554 533 362 282 282 312 403 262 383 272 493 433 373 463 312 433 403 352 0 403 373 393 302 322 463 473 413 433 131 533 423 373 373
0 453 362 332 222 151 413 202 232 282 312 312 443 151 232 282 212 212 393 423 242 292 161 252 262 131 312 272 242 292 302 262 262 312 282 252 332 51 242 373 262 282 362 292 302 141 222 232 242 11 181 302 272 232 292 212 202 272 292 272 332 262 192 212 212 171 242 312 453 362 282 242 302 282 272 151 222 232 383 262 202 332 141 282 282 181 332 0 312 232 222 322 171 302 292 332 322 373 292 262 292
0 322 302 373 272 232 362 282 302 181 423 222 373 302 312 342 212 383 262 342 11 272 322 222 252 332 151 312 212 312 141 312 91 262 282 161 342 252 252 292 202 252 373 332 222 232 272 141 242 232 272 332 101 272 292 242 302 292 252 272 393 171 222 292 242 121 242 383 473 473 192 181 212 222 212 302 272 181 403 352 332 312 332 111 81 262 101 232 0 262 322 161 362 383 202 373 171 362 282 282 232
0 292 272 282 312 242 352 282 352 151 403 192 383 242 393 322 181 342 453 423 272 433 111 192 312 302 262 272 272 312 212 342 61 242 252 202 373 292 212 373 222 252 423 463 272 282 272 171 262 252 322 252 332 312 342 242 302 262 242 292 423 141 222 262 161 171 212 433 473 312 161 242 252 282 262 192 21 222 373 393 181 362 272 312 282 272 362 242 322 0 262 131 332 393 242 332 242 332 342 302 242
0 352 232 202 232 81 282 71 232 181 222 262 322 21 342 242 222 262 373 342 121 342 41 192 131 212 262 252 121 212 91 181 131 312 202 131 272 161 212 312 262 202 242 383 212 181 222 101 192 131 212 181 212 232 161 81 272 192 171 151 262 212 71 242 91 161 131 192 403 242 151 232 181 272 212 121 91 151 302 141 81 262 21 212 192 61 212 121 111 101 0 202 171 181 161 252 121 252 161 222 282
0 171 151 352 192 192 232 161 242 141 282 242 262 192 362 282 61 222 332 302 232 312 202 71 192 181 312 151 151 192 202 302 161 121 131 232 292 181 91 252 161 131 302 342 151 161 151 222 282 192 202 222 312 252 222 202 242 141 292 232 383 202 181 232 242 51 91 312 352 393 41 121 242 161 141 192 121 131 252 352 212 252 272 192 161 151 242 181 232 111 262 0 212 272 282 302 181 322 222 292 141
0 403 342 393 192 212 373 242 61 262 413 232 443 272 192 423 242 362 332 292 312 423 222 81 202 282 302 322 222 282 292 312 171 262 121 282 312 252 161 322 262 121 373 212 282 171 322 282 352 252 212 362 383 262 232 252 192 373 312 192 393 212 282 332 272 121 272 393 342 362 272 192 362 232 212 292 131 312 322 362 192 362 342 262 232 373 292 252 322 121 332 242 0 342 342 352 312 423 232 403 242
0 503 483 453 342 322 493 322 232 302 473 312 443 272 362 423 393 483 513 533 362 403 292 433 362 413 282 302 151 373 242 403 302 292 383 242 423 332 453 242 332 362 342 423 423 322 262 222 393 292 362 373 443 352 373 332 362 443 383 393 473 383 312 403 342 332 373 433 554 493 403 342 292 383 141 332 262 262 322 393 121 302 262 252 362 312 71 282 362 242 252 362 423 0 282 463 192 483 352 433 322
0 403 383 272 352 342 463 332 302 252 513 302 493 151 352 373 282 373 523 383 322 453 161 302 252 342 373 373 212 332 312 413 171 352 322 252 403 312 171 312 332 322 473 503 332 393 352 232 322 272 423 302 383 362 282 352 202 262 292 332 483 252 332 362 212 282 322 433 543 362 272 352 302 272 212 242 131 272 362 443 292 423 322 393 393 352 352 272 373 111 312 232 292 443 0 443 342 413 292 332 352
0 523 433 403 453 282 212 383 262 383 554 423 463 373 373 423 352 342 433 373 262 423 342 292 403 282 383 443 332 373 393 383 292 463 423 423 262 362 383 433 322 202 423 151 423 383 362 393 322 332 393 413 332 403 433 352 342 383 473 393 463 373 342 342 393 312 332 493 554 222 322 383 433 342 322 292 252 362 493 483 413 463 362 373 332 403 483 322 393 232 352 352 483 483 453 0 423 523 433 352 302
0 373 342 403 393 282 433 272 373 222 423 262 463 232 463 272 242 413 463 342 232 483 242 272 332 362 322 352 282 282 292 383 141 322 312 302 322 322 292 383 292 181 443 312 342 362 342 282 232 312 393 383 282 302 362 282 373 332 312 352 463 212 272 332 292 252 282 393 533 443 242 292 352 332 282 141 292 312 373 342 282 453 222 332 302 262 413 322 312 302 212 202 373 383 302 312 0 403 362 252 322
0 282 362 312 342 131 61 312 272 322 463 322 312 272 212 413 332 373 352 443 242 463 282 141 252 302 222 332 141 332 282 242 242 423 322 232 342 222 393 282 352 322 403 383 272 232 222 212 232 181 272 403 171 322 282 302 212 322 373 322 312 272 282 383 312 332 362 433 463 483 332 282 282 322 181 322 192 252 423 383 322 403 262 342 312 302 342 171 352 181 252 302 332 403 262 423 302 0 282 373 413
0 383 312 483 403 332 443 383 393 232 493 282 433 373 483 292 272 433 533 513 383 523 393 282 403 393 272 362 302 383 302 433 151 332 342 403 483 373 312 332 302 342 332 493 362 373 373 373 383 292 362 292 463 413 433 332 393 352 332 373 513 232 322 352 423 262 302 533 473 554 252 332 312 373 302 322 332 332 443 493 423 463 362 403 373 362 61 322 433 322 352 222 423 483 433 423 181 413 0 433 342
0 413 252 292 302 111 332 192 312 232 342 352 352 222 332 262 272 312 222 282 141 393 232 171 232 212 262 262 232 31 272 222 232 262 242 81 81 151 202 322 81 111 352 302 312 242 262 242 141 111 282 272 362 61 262 121 272 362 312 151 302 302 101 302 232 151 232 282 413 373 141 222 302 262 222 222 212 222 332 242 121 232 242 252 222 171 312 101 282 212 272 292 272 252 302 322 302 292 262 0 272
0 383 292 242 262 51 282 131 272 282 352 332 292 192 272 302 222 252 342 282 252 332 131 192 171 151 332 272 262 252 141 161 242 332 242 202 222 91 212 362 21 121 332 332 252 181 262 192 252 51 222 272 292 181 202 61 212 282 262 91 242 282 41 252 181 192 171 352 352 332 252 232 272 272 252 171 202 242 383 302 151 332 181 282 292 222 262 41 252 192 212 242 212 232 262 362 171 232 212 272 0
SETUP_COST
0.0 6040.0 6640.0 5840.0 6440.0 2020.0 820.0 4440.0 4840.0 5840.0 7460.0 5040.0 5840.0 3620.0 7460.0 4440.0 3840.0 6840.0 8260.0 8660.0 3620.0 8460.0 3840.0 2420.0 4440.0 5440.0 5440.0 6240.0 3020.0 4640.0 4840.0 4240.0 4240.0 7860.0 5440.0 5040.0 5640.0 3840.0 7240.0 5040.0 5440.0 5440.0 7860.0 8660.0 5040.0 4240.0 3840.0 4440.0 3620.0 3020.0 5040.0 6640.0 4640.0 5040.0 5040.0 4640.0 6840.0 5840.0 6040.0 6040.0 5840.0 4040.0 4440.0 6640.0 4840.0 6240.0 4640.0 6840.0 9660.0 6840.0 6240.0 6640.0 6040.0 7460.0 3020.0 1820.0 3420.0 5040.0 8060.0 5840.0 4640.0 7660.0 3420.0 5840.0 5040.0 4240.0 5840.0 2820.0 5440.0 3020.0 3220.0 5440.0 6240.0 6640.0 5840.0 7860.0 5440.0 7040.0 5240.0 4040.0 5640.0
0.0 0.0 4640.0 6440.0 7040.0 2820.0 1420.0 6240.0 5440.0 6640.0 9260.0 6640.0 6440.0 6240.0 8060.0 7660.0 7040.0 7660.0 6840.0 8060.0 4440.0 9260.0 5840.0 3020.0 5040.0 6040.0 6840.0 6840.0 3840.0 3020.0 5640.0 4840.0 4840.0 7660.0 6440.0 3840.0 3220.0 4440.0 5640.0 5640.0 4040.0 4640.0 8860.0 8460.0 5640.0 4840.0 4440.0 4440.0 4440.0 3620.0 5640.0 7040.0 8860.0 3620.0 5840.0 4840.0 5040.0 6440.0 7660.0 5440.0 6440.0 5640.0 4440.0 7660.0 6840.0 4640.0 7040.0 8060.0 10460.0 9460.0 4440.0 6040.0 3220.0 6840.0 3620.0 6440.0 4040.0 5440.0 8660.0 7240.0 4840.0 7040.0 6240.0 6640.0 5840.0 5840.0 7040.0 3620.0 7040.0 3620.0 6040.0 6040.0 6840.0 7240.0 5840.0 5640.0 6040.0 7660.0 5840.0 2420.0 7040.0
0.0 7460.0 0.0 5840.0 6440.0 4640.0 8660.0 4440.0 5840.0 5440.0 7460.0 6240.0 9460.0 3420.0 8260.0 6840.0 6240.0 7460.0 6840.0 4840.0 5440.0 7040.0 2420.0 5440.0 5640.0 7240.0 7860.0 7040.0 5440.0 6840.0 4440.0 6640.0 5640.0 7860.0 7040.0 4240.0 7860.0 6240.0 6040.0 7660.0 6240.0 6840.0 5240.0 9460.0 5640.0 6240.0 6440.0 3840.0 5640.0 5440.0 7040.0 5440.0 6840.0 6440.0 6240.0 4640.0 7040.0 5640.0 5040.0 6040.0 8260.0 5240.0 4440.0 6440.0 3420.0 5040.0 5640.0 6640.0 11080.0 5040.0 4840.0 6440.0 5240.0 7240.0 6840.0 4040.0 4840.0 4640.0 7660.0 5840.0 4640.0 7860.0 3420.0 4040.0 3420.0 4240.0 7240.0 5440.0 5240.0 5040.0 3020.0 5640.0 6440.0 6640.0 5040.0 8060.0 5040.0 8060.0 6240.0 6240.0 6040.0
0.0 8660.0 3620.0 0.0 4440.0 3420.0 7860.0 4040.0 5440.0 4040.0 7040.0 5640.0 6040.0 4440.0 7860.0 6240.0 4040.0 7240.0 5440.0 6640.0 4040.0 7660.0 4840.0 2020.0 4440.0 5240.0 6240.0 3840.0 3620.0 1820.0 5040.0 5440.0 4040.0 3620.0 5440.0 2620.0 2820.0 4040.0 2620.0 5640.0 2820.0 3220.0 6640.0 7240.0 6040.0 3840.0 6040.0 5040.0 3840.0 3420.0 4640.0 5040.0 6840.0 2220.0 5040.0 3420.0 4840.0 7860.0 6640.0 4040.0 7040.0 4640.0 3220.0 7040.0 5640.0 1620.0 4840.0 6840.0 9260.0 8460.0 1420.0 3020.0 5440.0 3840.0 3620.0 5640.0 3020.0 5440.0 7860.0 5840.0 3420.0 5640.0 5640.0 4440.0 3840.0 3620.0 6240.0 3220.0 6840.0 2820.0 5840.0 5240.0 5040.0 6040.0 6240.0 7240.0 5240.0 6840.0 5040.0 1220.0 4040.0
0.0 9060.0 8060.0 6840.0 0.0 3220.0 7660.0 4640.0 7460.0 4440.0 8060.0 4440.0 5640.0 5840.0 7660.0 8060.0 6640.0 4840.0 6440.0 5640.0 4640.0 6440.0 5640.0 5840.0 5640.0 5040.0 5840.0 6840.0 5840.0 2420.0 5840.0 5440.0 5040.0 7460.0 2220.0 5840.0 6440.0 4040.0 6240.0 5640.0 2620.0 2220.0 8660.0 6240.0 2420.0 5840.0 7240.0 5240.0 4640.0 3220.0 6640.0 4440.0 6240.0 7460.0 1420.0 3220.0 6440.0 6240.0 4040.0 4040.0 6840.0 6440.0 3020.0 5040.0 2420.0 4840.0 5640.0 8260.0 6640.0 9660.0 7040.0 6240.0 4840.0 7040.0 6840.0 5440.0 6240.0 6240.0 8460.0 7460.0 5240.0 5240.0 5840.0 6640.0 6040.0 6640.0 6840.0 3020.0 7240.0 5840.0 6040.0 6440.0 6240.0 6640.0 6640.0 8060.0 3020.0 6640.0 5640.0 7660.0 7240.0
0.0 6640.0 6640.0 3840.0 4440.0 0.0 6240.0 4840.0 5440.0 6040.0 7040.0 6040.0 7240.0 3840.0 5440.0 6440.0 4840.0 5040.0 7860.0 7240.0 5640.0 6640.0 4040.0 4240.0 2420.0 3420.0 7040.0 4840.0 5640.0 4040.0 6840.0 2220.0 6040.0 6040.0 3840.0 5040.0 4440.0 1820.0 5640.0 8260.0 5040.0 3840.0 8060.0 6640.0 4040.0 2820.0 5240.0 5440.0 5640.0 1020.0 3620.0 6040.0 6240.0 4640.0 3020.0 3420.0 4840.0 6240.0 5840.0 4040.0 3840.0 6040.0 3220.0 5040.0 4240.0 4240.0 5640.0 7040.0 8260.0 8060.0 4640.0 5640.0 6440.0 6440.0 6240.0 3840.0 5240.0 5440.0 8460.0 6040.0 4840.0 6240.0 3620.0 6440.0 6440.0 4440.0 4240.0 1020.0 7040.0 5040.0 5240.0 3840.0 4240.0 6840.0 6640.0 6640.0 4640.0 5040.0 3220.0 4840.0 6640.0
0.0 8060.0 6040.0 5240.0 5840.0 1420.0 0.0 6040.0 4240.0 5240.0 8460.0 5240.0 5240.0 5040.0 6840.0 7860.0 6040.0 6440.0 8060.0 8660.0 3620.0 8060.0 4640.0 1820.0 3840.0 4840.0 5640.0 5640.0 2420.0 5440.0 4440.0 3620.0 3620.0 7240.0 5240.0 4440.0 5840.0 3220.0 6640.0 4440.0 5840.0 5240.0 7660.0 8060.0 4440.0 3620.0 3220.0 3840.0 3620.0 2420.0 4440.0 6840.0 7460.0 5240.0 4440.0 4840.0 6240.0 5240.0 6440.0 5440.0 5240.0 4440.0 4440.0 6440.0 5440.0 5640.0 6640.0 8260.0 9660.0 8660.0 5640.0 6840.0 5440.0 7660.0 2420.0 5240.0 2820.0 4840.0 7460.0 7460.0 6040.0 7040.0 4840.0 5640.0 5040.0 5840.0 5640.0 2220.0 6840.0 2420.0 4640.0 4840.0 5640.0 6840.0 5240.0 7240.0 4840.0 6440.0 4640.0 6240.0 7240.0
0.0 10060.0 3420.0 9060.0 7240.0 6640.0 6440.0 0.0 6840.0 8060.0 10660.0 8460.0 8860.0 6840.0 9260.0 3620.0 6240.0 9460.0 8860.0 8060.0 7240.0 5840.0 5840.0 8060.0 5440.0 8660.0 6640.0 7860.0 5040.0 5240.0 4040.0 5040.0 7240.0 7860.0 6640.0 6040.0 6040.0 6440.0 8460.0 7040.0 6040.0 6240.0 8460.0 9260.0 7040.0 8260.0 7240.0 6440.0 7240.0 6640.0 9060.0 8660.0 8660.0 5640.0 6040.0 6840.0 7240.0 8860.0 8460.0 6840.0 6640.0 8060.0 6440.0 8060.0 6840.0 7660.0 6840.0 9060.0 10260.0 8260.0 7460.0 5240.0 7860.0 6040.0 5040.0 5840.0 7460.0 7240.0 8460.0 9060.0 4440.0 6640.0 6640.0 7040.0 6640.0 7460.0 3420.0 6440.0 8660.0 7040.0 6440.0 6640.0 8860.0 2220.0 7660.0 10660.0 4640.0 5440.0 5640.0 4640.0 8060.0
0.0 10860.0 8660.0 7860.0 5240.0 6040.0 8460.0 5440.0 0.0 4840.0 10260.0 7660.0 10860.0 4240.0 2620.0 8660.0 6040.0 6040.0 10260.0 9460.0 5440.0 7660.0 4440.0 6440.0 6440.0 6640.0 7460.0 7240.0 4240.0 7660.0 6040.0 8260.0 6240.0 4440.0 7460.0 6040.0 9460.0 5040.0 7860.0 6240.0 5440.0 7460.0 8660.0 9660.0 7660.0 6840.0 7860.0 5640.0 7660.0 4240.0 7660.0 7240.0 7240.0 8260.0 6640.0 4040.0 2620.0 7460.0 7040.0 6840.0 9860.0 7860.0 5840.0 6040.0 5440.0 5840.0 6640.0 8260.0 11080.0 6040.0 6840.0 5040.0 7040.0 5840.0 4240.0 6040.0 6440.0 6440.0 9460.0 7460.0 7860.0 7040.0 6640.0 6440.0 6840.0 7460.0 6440.0 4040.0 5240.0 6240.0 6440.0 7460.0 7460.0 7460.0 6840.0 8060.0 6640.0 7460.0 7040.0 8260.0 5240.0
0.0 8660.0 5840.0 9260.0 5640.0 5640.0 4840.0 4440.0 9060.0 0.0 9860.0 7240.0 8660.0 6440.0 7860.0 7460.0 6840.0 8660.0 9060.0 7240.0 6640.0 9260.0 6640.0 6640.0 3840.0 7860.0 8060.0 6040.0 6440.0 5240.0 1420.0 7860.0 4640.0 8260.0 5040.0 6240.0 6240.0 6240.0 7860.0 9260.0 6240.0 3840.0 9660.0 6840.0 5440.0 8060.0 5640.0 5640.0 6440.0 5440.0 7460.0 6440.0 7240.0 7860.0 4440.0 7040.0 7860.0 8660.0 6840.0 5240.0 9260.0 6240.0 6640.0 8660.0 5240.0 5240.0 6840.0 9660.0 9460.0 8260.0 6640.0 6640.0 7040.0 7460.0 7240.0 4840.0 7240.0 6440.0 9260.0 8860.0 7660.0 8060.0 6240.0 6240.0 5640.0 6640.0 5640.0 5440.0 8260.0 7240.0 6040.0 6040.0 8660.0 6440.0 6840.0 3840.0 2020.0 3840.0 4440.0 6840.0 7660.0
0.0 8460.0 7860.0 8060.0 5640.0 5440.0 9060.0 5440.0 3020.0 5440.0 0.0 3840.0 10260.0 4440.0 5440.0 7460.0 4840.0 8060.0 5840.0 5040.0 3220.0 6040.0 4640.0 3420.0 5640.0 7040.0 5240.0 7660.0 1820.0 7240.0 3420.0 6840.0 3840.0 7040.0 1820.0 3840.0 7240.0 6840.0 2420.0 6440.0 6440.0 1820.0 4840.0 6040.0 4440.0 5240.0 5840.0 3220.0 7040.0 4440.0 6040.0 6640.0 5040.0 5840.0 6240.0 5640.0 5440.0 7860.0 6440.0 5440.0 8060.0 5440.0 5240.0 6040.0 4840.0 4240.0 5440.0 7660.0 6040.0 8660.0 5840.0 5640.0 4840.0 4640.0 6040.0 6240.0 4240.0 4040.0 8260.0 6840.0 5440.0 6840.0 4240.0 2820.0 4640.0 5040.0 5040.0 6240.0 3020.0 3840.0 4040.0 5040.0 1820.0 7460.0 4440.0 8860.0 4040.0 9060.0 6240.0 8460.0 6440.0
0.0 9460.0 8260.0 7860.0 6040.0 6640.0 9660.0 5040.0 3620.0 4840.0 9860.0 0.0 11080.0 6640.0 5440.0 8460.0 7860.0 5240.0 9060.0 9060.0 4440.0 6840.0 5040.0 8060.0 8260.0 6440.0 7040.0 7040.0 4040.0 8260.0 5840.0 8860.0 5440.0 8060.0 8060.0 5840.0 9460.0 4640.0 8460.0 6040.0 6240.0 6840.0 9060.0 9460.0 8460.0 4640.0 5640.0 5440.0 4440.0 4040.0 5440.0 4840.0 9060.0 5840.0 7460.0 7040.0 2420.0 6440.0 4440.0 7240.0 9260.0 5240.0 6640.0 5240.0 2820.0 5840.0 6840.0 9460.0 7240.0 9060.0 7460.0 7240.0 5240.0 8060.0 3840.0 6640.0 6240.0 6240.0 8660.0 8460.0 7040.0 7660.0 6440.0 6240.0 6040.0 7240.0 6240.0 3840.0 8260.0 6040.0 6240.0 6840.0 7040.0 7240.0 6640.0 8260.0 6440.0 8460.0 8660.0 8660.0 8260.0
0.0 8860.0 7040.0 7660.0 6840.0 4040.0 9060.0 3620.0 7040.0 5440.0 6640.0 6840.0 0.0 4240.0 7460.0 5040.0 5640.0 7460.0 6840.0 8060.0 7040.0 7040.0 4440.0 6840.0 4840.0 6440.0 8260.0 7240.0 5240.0 5840.0 6440.0 4640.0 4240.0 5240.0 6240.0 1420.0 6840.0 5440.0 6840.0 7240.0 4040.0 4640.0 7040.0 8060.0 6440.0 6840.0 7240.0 5840.0 7660.0 3020.0 6040.0 7460.0 8860.0 3620.0 5440.0 4840.0 7460.0 7660.0 7040.0 5440.0 6040.0 5840.0 4440.0 6640.0 5440.0 3220.0 4840.0 7660.0 10060.0 8460.0 6240.0 4640.0 7240.0 5440.0 5240.0 6040.0 3420.0 6640.0 9460.0 7240.0 4840.0 7040.0 5640.0 6040.0 5440.0 3420.0 6040.0 4440.0 8060.0 3220.0 7460.0 5640.0 7860.0 5840.0 7040.0 7240.0 6840.0 8260.0 4840.0 5240.0 3620.0
0.0 6640.0 4840.0 3620.0 4240.0 4040.0 6440.0 4440.0 5240.0 3220.0 7460.0 5240.0 7040.0 0.0 7040.0 4640.0 4040.0 6840.0 7660.0 7040.0 3620.0 8460.0 420.0 3420.0 2220.0 3840.0 5640.0 4640.0 2020.0 3840.0 4640.0 5240.0 4040.0 5840.0 3620.0 2220.0 5640.0 4840.0 3840.0 6840.0 4840.0 3620.0 7240.0 7660.0 3840.0 5040.0 4240.0 1620.0 3420.0 2620.0 5840.0 3220.0 4840.0 4240.0 2820.0 4840.0 5040.0 3420.0 3020.0 3620.0 6840.0 4240.0 4440.0 4440.0 1420.0 3020.0 4640.0 6840.0 7860.0 4440.0 2620.0 4240.0 3220.0 5040.0 4840.0 2020.0 4240.0 2620.0 5640.0 6040.0 4840.0 6640.0 3420.0 5640.0 5040.0 4240.0 4040.0 3840.0 4440.0 4040.0 3220.0 5240.0 6240.0 6640.0 3020.0 7040.0 4440.0 5440.0 2820.0 4040.0 5240.0
0.0 8860.0 6040.0 6040.0 2820.0 4440.0 6040.0 2820.0 3420.0 5640.0 7660.0 5040.0 8260.0 4240.0 0.0 6240.0 5640.0 3620.0 8460.0 6840.0 6040.0 5240.0 2820.0 5640.0 6040.0 4040.0 4840.0 4840.0 1620.0 5040.0 3620.0 6640.0 4840.0 7460.0 4840.0 3620.0 7240.0 2420.0 6240.0 3620.0 5240.0 5040.0 6840.0 7240.0 5240.0 4240.0 5640.0 3020.0 5840.0 1620.0 5040.0 5640.0 6840.0 5840.0 4240.0 5440.0 220.0 4840.0 5440.0 6640.0 8260.0 6440.0 5240.0 3620.0 3840.0 4840.0 5240.0 5840.0 9260.0 6840.0 5040.0 6040.0 4640.0 6840.0 1620.0 4440.0 4040.0 4040.0 7040.0 5040.0 5440.0 6040.0 4040.0 4040.0 5840.0 5040.0 3840.0 1620.0 5840.0 3620.0 3840.0 6040.0 4840.0 5040.0 4440.0 6640.0 4240.0 4840.0 6440.0 6440.0 7240.0
0.0 9860.0 8060.0 7040.0 7240.0 3420.0 7860.0 4840.0 3840.0 6840.0 8860.0 6440.0 5240.0 5640.0 6240.0 0.0 4840.0 7240.0 8460.0 7660.0 4040.0 8860.0 5840.0 6040.0 5840.0 5240.0 7860.0 7860.0 7240.0 1820.0 6640.0 5440.0 5840.0 8060.0 4240.0 5840.0 6640.0 4040.0 6440.0 9260.0 2820.0 4240.0 9060.0 8260.0 5040.0 6040.0 6440.0 6240.0 7040.0 3420.0 6840.0 6840.0 8460.0 7660.0 4040.0 3420.0 6240.0 8260.0 6640.0 4240.0 7040.0 7240.0 3220.0 4640.0 5040.0 6040.0 5640.0 6640.0 8660.0 9660.0 7660.0 6840.0 7240.0 4640.0 7240.0 5640.0 6240.0 6240.0 7860.0 5840.0 5440.0 5840.0 5440.0 6240.0 5440.0 5640.0 7460.0 3220.0 6640.0 6040.0 6440.0 7040.0 6440.0 6040.0 7460.0 7860.0 5440.0 6840.0 6440.0 7860.0 6640.0
0.0 9060.0 6440.0 6040.0 3420.0 2820.0 7240.0 3220.0 4240.0 5640.0 6240.0 3840.0 7660.0 3620.0 6840.0 5440.0 0.0 3420.0 5840.0 5040.0 3620.0 5040.0 4040.0 3840.0 5240.0 2420.0 5240.0 5640.0 2420.0 5440.0 4440.0 5040.0 4440.0 6040.0 1620.0 3420.0 4640.0 3420.0 5840.0 4440.0 2220.0 1620.0 6440.0 5840.0 2020.0 4440.0 2020.0 3840.0 4440.0 2620.0 5240.0 5440.0 5440.0 5440.0 4840.0 2820.0 3840.0 4640.0 5240.0 3620.0 6440.0 5040.0 2620.0 3420.0 3620.0 3220.0 820.0 7660.0 5840.0 8060.0 5840.0 4640.0 5440.0 5440.0 2420.0 2820.0 3620.0 1420.0 6840.0 6840.0 3220.0 4640.0 4240.0 5640.0 5040.0 2820.0 5440.0 2420.0 3420.0 3840.0 4040.0 5640.0 5240.0 5240.0 5240.0 6640.0 2620.0 6240.0 5440.0 5040.0 1820.0
0.0 8060.0 6240.0 2820.0 6240.0 4040.0 7460.0 5440.0 5240.0 5040.0 7660.0 5040.0 6840.0 3840.0 6840.0 5440.0 3840.0 0.0 5040.0 6640.0 4640.0 1820.0 4040.0 4640.0 6040.0 2420.0 6440.0 6440.0 3420.0 4440.0 4840.0 6040.0 5440.0 6040.0 5440.0 4440.0 5440.0 5240.0 5040.0 5440.0 4440.0 3420.0 4640.0 5040.0 5840.0 6440.0 5840.0 4840.0 4640.0 3620.0 7240.0 3420.0 5640.0 4840.0 6640.0 5240.0 3840.0 1420.0 4840.0 5840.0 7660.0 4040.0 4840.0 220.0 3220.0 3220.0 1820.0 7660.0 7460.0 7660.0 4040.0 4640.0 3840.0 5440.0 3420.0 2820.0 4640.0 5040.0 3620.0 6840.0 5640.0 2620.0 4240.0 4240.0 5440.0 5240.0 4840.0 4440.0 6240.0 4240.0 4040.0 6640.0 7460.0 7660.0 6240.0 3220.0 5440.0 8660.0 3620.0 3840.0 4240.0
0.0 6240.0 5640.0 7040.0 3420.0 3420.0 6640.0 6040.0 5640.0 4440.0 8260.0 3620.0 6240.0 5640.0 7660.0 7660.0 3840.0 6240.0 0.0 1820.0 4640.0 8060.0 4640.0 4240.0 1420.0 5640.0 5040.0 3840.0 4840.0 3020.0 5840.0 1220.0 5040.0 5240.0 2820.0 6440.0 5440.0 4040.0 4640.0 6840.0 4040.0 2820.0 7860.0 6840.0 3020.0 5040.0 5840.0 5840.0 5240.0 3220.0 5640.0 5040.0 6640.0 6640.0 2020.0 4640.0 5840.0 5440.0 4640.0 3020.0 2820.0 2620.0 4440.0 5040.0 3020.0 2820.0 4640.0 8060.0 4440.0 8660.0 3420.0 4240.0 5440.0 5040.0 4640.0 6040.0 5240.0 5240.0 5040.0 7860.0 6640.0 5040.0 5440.0 5640.0 5040.0 5840.0 3220.0 3020.0 4640.0 4840.0 6640.0 2820.0 5440.0 7240.0 6240.0 6040.0 3620.0 8060.0 2020.0 8060.0 5240.0
0.0 8660.0 5640.0 6040.0 6440.0 2820.0 7460.0 5440.0 4840.0 4240.0 8860.0 1820.0 7660.0 4640.0 7240.0 7660.0 3420.0 6840.0 6840.0 0.0 6240.0 7040.0 4840.0 3840.0 5240.0 5640.0 6240.0 6240.0 3020.0 6840.0 4440.0 5040.0 4040.0 4040.0 4840.0 5040.0 6840.0 3620.0 4840.0 5040.0 3220.0 5040.0 6040.0 7240.0 5440.0 5640.0 5440.0 4440.0 6240.0 3840.0 6440.0 6640.0 8860.0 7040.0 5840.0 3020.0 4240.0 8060.0 3020.0 4240.0 6640.0 1020.0 2620.0 3420.0 4640.0 1020.0 4240.0 6440.0 9060.0 8660.0 6040.0 2420.0 6040.0 3220.0 3020.0 6040.0 4840.0 4840.0 3420.0 8060.0 5840.0 6640.0 5440.0 3840.0 3220.0 6240.0 5640.0 3620.0 6840.0 4640.0 5240.0 5240.0 6040.0 7460.0 5640.0 4440.0 5040.0 6440.0 4440.0 7040.0 3420.0
0.0 6440.0 5840.0 7460.0 5440.0 4640.0 7660.0 5440.0 7660.0 3420.0 8460.0 4440.0 8260.0 6040.0 6040.0 6840.0 4240.0 7460.0 5040.0 6840.0 0.0 5440.0 6240.0 4440.0 5040.0 6440.0 5840.0 6040.0 4440.0 6640.0 2820.0 6240.0 1820.0 5440.0 5640.0 3220.0 6640.0 5440.0 4840.0 5840.0 4040.0 5040.0 8860.0 6440.0 6040.0 4640.0 5240.0 2620.0 6640.0 4640.0 5240.0 7460.0 7460.0 5440.0 5640.0 4840.0 6040.0 5840.0 5440.0 5440.0 7860.0 3420.0 4440.0 5840.0 6640.0 4040.0 4840.0 8060.0 9460.0 10260.0 3840.0 5440.0 4240.0 6240.0 5840.0 6040.0 5440.0 3620.0 8060.0 7040.0 6640.0 6240.0 6840.0 2220.0 1620.0 5240.0 6840.0 4440.0 5640.0 5040.0 6640.0 3020.0 7240.0 7460.0 4040.0 7240.0 3420.0 7240.0 5640.0 8260.0 5440.0
0.0 9460.0 8060.0 7660.0 6640.0 6040.0 9860.0 6640.0 9060.0 5440.0 6640.0 7040.0 5240.0 5840.0 9860.0 6640.0 6040.0 9460.0 9060.0 8260.0 4640.0 0.0 4240.0 5440.0 7860.0 5840.0 5440.0 8860.0 5640.0 6840.0 6840.0 8060.0 4840.0 8660.0 4840.0 6040.0 6840.0 6240.0 7660.0 8460.0 5440.0 4840.0 5640.0 3420.0 8060.0 7240.0 8060.0 5640.0 4440.0 5440.0 8060.0 5440.0 4640.0 7240.0 8060.0 6040.0 7240.0 6640.0 5240.0 6840.0 9660.0 6440.0 5840.0 6840.0 3620.0 6440.0 6840.0 9060.0 9260.0 8260.0 6640.0 6640.0 5840.0 7460.0 7860.0 4040.0 5840.0 6440.0 8860.0 8060.0 6840.0 1020.0 5640.0 6640.0 6040.0 6440.0 3020.0 5840.0 7660.0 6040.0 5440.0 6240.0 8460.0 8860.0 6840.0 9260.0 5640.0 9060.0 2020.0 6240.0 5040.0
0.0 6440.0 4640.0 3420.0 4240.0 4440.0 7660.0 4240.0 5040.0 3020.0 7240.0 5040.0 7040.0 3420.0 7460.0 4440.0 3840.0 6640.0 7240.0 8060.0 3220.0 8260.0 0.0 3020.0 5240.0 6040.0 5440.0 4840.0 4440.0 4440.0 4440.0 5040.0 3840.0 5640.0 4640.0 2020.0 5440.0 5240.0 3620.0 6640.0 4640.0 4840.0 7460.0 9260.0 5640.0 4840.0 4040.0 1420.0 3220.0 3020.0 5640.0 3020.0 4440.0 4040.0 5440.0 4640.0 4840.0 3220.0 2820.0 5440.0 6640.0 4040.0 4240.0 6440.0 1220.0 2620.0 4440.0 6640.0 9060.0 4240.0 2420.0 4040.0 3020.0 4840.0 4640.0 1820.0 4040.0 2220.0 5240.0 5840.0 4640.0 8060.0 3220.0 5440.0 4840.0 3840.0 6240.0 4440.0 4240.0 3840.0 3020.0 5040.0 5840.0 6240.0 2620.0 6840.0 5040.0 6640.0 6040.0 3840.0 5040.0
0.0 6640.0 6040.0 6240.0 4440.0 4440.0 7660.0 6240.0 5040.0 3620.0 8660.0 3620.0 7240.0 5440.0 7460.0 7040.0 4240.0 7460.0 6840.0 7240.0 5640.0 9060.0 2820.0 0.0 2420.0 4240.0 6040.0 4840.0 6040.0 4040.0 5040.0 6440.0 2020.0 5640.0 3840.0 4040.0 6440.0 5040.0 5040.0 8060.0 4240.0 3840.0 9260.0 7860.0 4040.0 1820.0 6040.0 4240.0 5440.0 4240.0 2620.0 5840.0 7240.0 3620.0 3020.0 4640.0 5440.0 5840.0 4640.0 4040.0 8060.0 2620.0 4440.0 5040.0 3840.0 4240.0 5040.0 6640.0 8060.0 6840.0 4040.0 5440.0 5640.0 6240.0 6040.0 4440.0 1220.0 5040.0 8060.0 5840.0 4440.0 6840.0 6040.0 6840.0 6240.0 6040.0 4240.0 4040.0 6640.0 820.0 5840.0 3220.0 7460.0 5240.0 5440.0 5640.0 4640.0 7240.0 3220.0 6640.0 5640.0
0.0 5040.0 5040.0 5640.0 2020.0 2020.0 5240.0 4640.0 6040.0 3620.0 7240.0 3620.0 4840.0 4640.0 6240.0 6440.0 5640.0 5040.0 5640.0 4840.0 3840.0 6640.0 3220.0 5840.0 0.0 4240.0 5040.0 2420.0 4840.0 1620.0 5040.0 4240.0 3840.0 6640.0 1420.0 5040.0 4040.0 2620.0 6240.0 6840.0 2620.0 1420.0 7460.0 5440.0 1620.0 4440.0 6040.0 4440.0 3840.0 1820.0 5240.0 3620.0 5440.0 6240.0 820.0 3420.0 5640.0 6240.0 3420.0 1620.0 5640.0 5240.0 3020.0 5040.0 1820.0 4040.0 3220.0 7660.0 5840.0 7240.0 5240.0 5440.0 4040.0 6240.0 4840.0 4640.0 5840.0 5440.0 7660.0 6640.0 5240.0 4440.0 4440.0 6040.0 5440.0 5240.0 2020.0 1620.0 6840.0 5840.0 5240.0 5040.0 5040.0 5840.0 5840.0 7460.0 2220.0 6640.0 820.0 6840.0 6440.0
0.0 8660.0 5240.0 5840.0 4840.0 3220.0 7460.0 3020.0 4640.0 4040.0 6040.0 3620.0 8060.0 2220.0 4440.0 3020.0 1620.0 4840.0 6640.0 6440.0 2220.0 6240.0 2420.0 5240.0 4240.0 0.0 4040.0 6040.0 2820.0 3220.0 3420.0 5440.0 4040.0 3840.0 3020.0 4040.0 4240.0 3420.0 5840.0 4840.0 3620.0 3020.0 5840.0 4440.0 3420.0 5240.0 3420.0 3620.0 2220.0 3020.0 6040.0 5240.0 3220.0 3620.0 4840.0 3220.0 1420.0 5440.0 4840.0 4640.0 6840.0 2820.0 3020.0 4840.0 3420.0 820.0 2220.0 5440.0 7460.0 6440.0 4840.0 2220.0 5240.0 3020.0 2820.0 420.0 3420.0 3020.0 7660.0 4440.0 3220.0 6240.0 2020.0 3620.0 3020.0 2820.0 5240.0 2820.0 4040.0 3840.0 1820.0 5240.0 5040.0 5240.0 5040.0 6640.0 4040.0 6640.0 4240.0 2620.0 3220.0
0.0 8660.0 8060.0 7460.0 5240.0 5040.0 4440.0 5440.0 6040.0 5040.0 7660.0 5840.0 9460.0 5440.0 6240.0 6840.0 2220.0 5640.0 7240.0 7040.0 2220.0 7240.0 5840.0 6040.0 5240.0 4640.0 0.0 6840.0 2820.0 6640.0 5040.0 6240.0 4040.0 7040.0 3840.0 3220.0 6640.0 2620.0 7040.0 6640.0 4440.0 3840.0 5040.0 7660.0 4240.0 4440.0 4240.0 2620.0 2220.0 4640.0 5240.0 6240.0 7040.0 5240.0 5840.0 5040.0 3220.0 6840.0 6040.0 5840.0 7860.0 5640.0 4840.0 5640.0 4440.0 5040.0 3020.0 5240.0 8060.0 9860.0 6040.0 1220.0 1420.0 2020.0 4640.0 5040.0 5240.0 3620.0 7460.0 7040.0 5440.0 6840.0 5240.0 4440.0 3840.0 5040.0 6840.0 4640.0 5040.0 4840.0 5040.0 5240.0 4840.0 7460.0 4040.0 8060.0 4640.0 8460.0 5840.0 6240.0 4040.0
0.0 6040.0 6240.0 7660.0 820.0 4040.0 7240.0 3020.0 4040.0 5240.0 8260.0 5240.0 6440.0 4240.0 6040.0 6440.0 6840.0 5640.0 7240.0 6440.0 4440.0 7240.0 4440.0 4440.0 5640.0 5840.0 6640.0 0.0 3420.0 3220.0 5640.0 6040.0 4440.0 7460.0 3020.0 3840.0 6440.0 4640.0 6040.0 6440.0 3420.0 3020.0 8260.0 7040.0 3220.0 6240.0 5640.0 3220.0 4440.0 1620.0 7040.0 1420.0 7040.0 5840.0 2220.0 4040.0 3420.0 7040.0 3420.0 3840.0 7660.0 6040.0 3840.0 5240.0 3220.0 4640.0 5640.0 7460.0 7240.0 8460.0 6440.0 6040.0 1820.0 6840.0 5040.0 6240.0 5440.0 4040.0 9060.0 6640.0 5440.0 5840.0 4040.0 5040.0 5840.0 5040.0 2820.0 3840.0 5840.0 5240.0 4640.0 5640.0 2820.0 5040.0 4440.0 8260.0 3840.0 7460.0 1620.0 7460.0 7040.0
0.0 7240.0 6840.0 6240.0 4240.0 3840.0 7860.0 3620.0 6840.0 5040.0 6640.0 5840.0 8660.0 2620.0 7860.0 5640.0 5640.0 7460.0 7460.0 8260.0 4440.0 9060.0 3020.0 5840.0 4840.0 6440.0 7240.0 7240.0 0.0 6440.0 4040.0 5240.0 3220.0 5840.0 4840.0 2020.0 5640.0 5440.0 6240.0 7860.0 4640.0 4840.0 5240.0 9260.0 6440.0 5840.0 4040.0 1620.0 5440.0 4840.0 6440.0 5840.0 6240.0 4240.0 5440.0 3840.0 4840.0 6040.0 4840.0 5240.0 6640.0 4840.0 3620.0 6640.0 4040.0 3840.0 4840.0 6040.0 9260.0 7040.0 5240.0 5240.0 3020.0 6040.0 5840.0 4640.0 2420.0 2420.0 8260.0 5040.0 3840.0 7460.0 2620.0 6440.0 5840.0 3420.0 6240.0 4640.0 4440.0 2020.0 2420.0 4440.0 5640.0 5840.0 2820.0 7240.0 4640.0 7240.0 5440.0 6640.0 6240.0
0.0 8260.0 6440.0 5440.0 5440.0 1620.0 6040.0 3220.0 6040.0 5640.0 7660.0 6640.0 6440.0 4440.0 6040.0 6640.0 5040.0 5640.0 7460.0 7040.0 2420.0 7240.0 4240.0 4240.0 4040.0 3620.0 7660.0 6040.0 5840.0 0.0 5040.0 3840.0 4040.0 7240.0 5440.0 4040.0 5040.0 2420.0 4840.0 7860.0 1020.0 5440.0 7860.0 6640.0 5640.0 4240.0 5840.0 5040.0 5640.0 1620.0 5040.0 6440.0 6640.0 6040.0 4640.0 1820.0 4840.0 6640.0 6240.0 2420.0 5440.0 5640.0 1420.0 5440.0 4640.0 4440.0 4040.0 7660.0 7660.0 8260.0 6040.0 5240.0 6440.0 6040.0 5640.0 4040.0 4640.0 5840.0 6040.0 6640.0 3620.0 4040.0 4240.0 4440.0 3840.0 5040.0 5640.0 1420.0 5640.0 4440.0 4840.0 5240.0 4840.0 4440.0 6240.0 8060.0 5640.0 5240.0 4640.0 6040.0 6640.0
0.0 7460.0 7240.0 8060.0 4440.0 4240.0 7660.0 6040.0 7660.0 5040.0 9060.0 5840.0 7240.0 5040.0 8660.0 6040.0 5440.0 7240.0 8060.0 5840.0 5240.0 8860.0 5440.0 6040.0 2420.0 6640.0 7040.0 4840.0 5840.0 4040.0 0.0 6440.0 3420.0 6840.0 3840.0 6640.0 5040.0 4840.0 6440.0 7860.0 4840.0 2420.0 8260.0 6840.0 4040.0 6840.0 7460.0 6240.0 5240.0 4240.0 7660.0 5240.0 6240.0 6640.0 3020.0 5640.0 7460.0 7240.0 5640.0 3840.0 8060.0 4840.0 5240.0 7240.0 4040.0 4040.0 5440.0 8460.0 8060.0 9460.0 5240.0 5440.0 5640.0 6040.0 5840.0 3420.0 6440.0 6840.0 8060.0 7460.0 6240.0 6640.0 5040.0 6640.0 6040.0 5840.0 4240.0 4040.0 6840.0 6640.0 4840.0 4640.0 7240.0 8260.0 6640.0 6840.0 620.0 7460.0 3020.0 5640.0 6240.0
0.0 5040.0 4640.0 5840.0 2420.0 2220.0 5440.0 4840.0 6440.0 3840.0 7240.0 3840.0 5240.0 4640.0 6440.0 6440.0 2820.0 5240.0 5840.0 5040.0 4040.0 6840.0 3420.0 3020.0 420.0 4440.0 5240.0 2820.0 4640.0 1820.0 5240.0 0.0 4040.0 4040.0 1620.0 5240.0 4240.0 2820.0 3420.0 6640.0 2820.0 1820.0 7040.0 5640.0 2020.0 3840.0 4640.0 4840.0 4040.0 2020.0 4640.0 3840.0 5640.0 5640.0 1020.0 3620.0 5840.0 4440.0 3620.0 1820.0 1620.0 5440.0 3220.0 5240.0 2020.0 2620.0 3420.0 7460.0 6040.0 7460.0 2420.0 3420.0 4240.0 4240.0 4440.0 4840.0 4040.0 4240.0 6640.0 6840.0 5440.0 4040.0 4440.0 5440.0 4840.0 4640.0 2220.0 2020.0 6240.0 3840.0 5440.0 1620.0 5240.0 6240.0 5240.0 7460.0 2420.0 7040.0 1020.0 7040.0 4440.0
0.0 4640.0 4240.0 6640.0 5240.0 3620.0 6040.0 4640.0 6040.0 1820.0 6840.0 2620.0 6640.0 5240.0 6640.0 7040.0 2420.0 5840.0 8060.0 7240.0 5840.0 7460.0 5440.0 2620.0 5040.0 4840.0 7460.0 4440.0 4240.0 5240.0 3020.0 5840.0 0.0 3840.0 3840.0 5840.0 7040.0 4640.0 3220.0 6240.0 3220.0 4040.0 7240.0 8060.0 4440.0 4440.0 4440.0 5640.0 6840.0 3840.0 5240.0 5640.0 7460.0 6240.0 5640.0 3620.0 4840.0 4040.0 3620.0 4640.0 7240.0 1620.0 3420.0 4040.0 5440.0 2220.0 3220.0 7660.0 8260.0 9060.0 2020.0 3620.0 6240.0 4440.0 4240.0 5240.0 3620.0 3840.0 6240.0 8460.0 5640.0 6440.0 6440.0 5040.0 4440.0 4240.0 6240.0 3840.0 5840.0 3420.0 6440.0 1420.0 5640.0 6640.0 6840.0 5640.0 3620.0 5440.0 5640.0 7040.0 3840.0
0.0 6440.0 6040.0 5440.0 5840.0 1820.0 5240.0 3220.0 5440.0 420.0 7660.0 4440.0 6640.0 4440.0 6240.0 6640.0 4240.0 5640.0 7460.0 6440.0 5640.0 7240.0 3220.0 4440.0 4040.0 3620.0 7240.0 6040.0 5840.0 5640.0 1620.0 3840.0 1820.0 0.0 5440.0 4640.0 5040.0 2420.0 4840.0 7860.0 1020.0 3020.0 7460.0 5240.0 5640.0 2420.0 5840.0 4640.0 5640.0 1820.0 3220.0 6040.0 6440.0 4240.0 4640.0 1820.0 5040.0 5840.0 5440.0 2420.0 5440.0 3420.0 1420.0 5640.0 4240.0 4040.0 4240.0 7240.0 7660.0 7240.0 3840.0 5240.0 6040.0 6040.0 5840.0 4040.0 4640.0 5440.0 7460.0 6240.0 3840.0 2820.0 4240.0 6240.0 5840.0 5040.0 5040.0 1620.0 5640.0 4440.0 4840.0 3220.0 4840.0 5240.0 4040.0 3620.0 2220.0 4040.0 3840.0 6040.0 820.0
0.0 8060.0 7040.0 7660.0 7660.0 4040.0 8060.0 3620.0 5840.0 4640.0 6040.0 2220.0 9860.0 5440.0 7240.0 7240.0 4440.0 7240.0 4240.0 3420.0 5840.0 8660.0 5640.0 6040.0 5640.0 6840.0 3620.0 7660.0 3840.0 7240.0 6040.0 5440.0 3420.0 5240.0 0.0 5640.0 8260.0 5440.0 6440.0 6640.0 5440.0 220.0 7860.0 10060.0 6240.0 6040.0 6440.0 5240.0 5840.0 2820.0 6840.0 6840.0 8260.0 7660.0 6240.0 6240.0 4640.0 7460.0 5440.0 6840.0 6440.0 4440.0 5840.0 6840.0 5040.0 2820.0 5040.0 6240.0 4440.0 9660.0 5440.0 4240.0 4840.0 5040.0 4640.0 7040.0 6040.0 5840.0 6840.0 5240.0 6640.0 8060.0 5240.0 5440.0 4840.0 6040.0 7040.0 4840.0 6240.0 5840.0 6040.0 4640.0 7660.0 5840.0 6440.0 7660.0 6640.0 8260.0 6040.0 8260.0 5240.0
0.0 8260.0 5640.0 6640.0 5440.0 3420.0 7860.0 2420.0 5840.0 4240.0 5440.0 6040.0 8260.0 3020.0 7240.0 3840.0 4440.0 6040.0 5440.0 6640.0 6440.0 7660.0 3220.0 6040.0 3420.0 5040.0 7040.0 5840.0 4040.0 5040.0 5240.0 3220.0 3620.0 3840.0 4840.0 0.0 6640.0 4240.0 5440.0 6040.0 2820.0 3420.0 5640.0 8860.0 5040.0 6040.0 6240.0 4440.0 6240.0 3420.0 6840.0 6040.0 7660.0 2220.0 4040.0 3420.0 6440.0 6240.0 5840.0 4240.0 4840.0 5240.0 3220.0 5440.0 4240.0 2020.0 3420.0 6840.0 8660.0 7240.0 5640.0 3420.0 6040.0 4240.0 3840.0 4840.0 2820.0 5440.0 8260.0 5840.0 3620.0 6440.0 6040.0 4840.0 4240.0 2020.0 5240.0 3220.0 6840.0 3020.0 6040.0 4840.0 6640.0 4440.0 5840.0 5840.0 5640.0 6840.0 4240.0 6840.0 4440.0
0.0 6640.0 3420.0 7040.0 4440.0 3420.0 6640.0 3840.0 5240.0 4640.0 6840.0 5440.0 5840.0 4440.0 7240.0 7240.0 3840.0 7240.0 6240.0 6640.0 1220.0 6640.0 4640.0 2020.0 4440.0 6040.0 6640.0 3620.0 3420.0 4440.0 4040.0 5640.0 3020.0 4440.0 3220.0 4440.0 0.0 4240.0 2420.0 5440.0 4240.0 3220.0 6640.0 7660.0 5840.0 3840.0 5840.0 3840.0 1220.0 4040.0 4440.0 4040.0 6840.0 5440.0 5040.0 2020.0 6240.0 6840.0 6640.0 3020.0 7040.0 4440.0 4640.0 7040.0 5640.0 1620.0 4640.0 6840.0 7660.0 8260.0 1420.0 3020.0 4440.0 3620.0 3420.0 6240.0 3020.0 4840.0 9060.0 7660.0 6240.0 7040.0 5240.0 3420.0 2820.0 3620.0 6040.0 4240.0 6840.0 2620.0 5040.0 4240.0 4840.0 6040.0 5240.0 7240.0 4640.0 8260.0 4840.0 7860.0 3840.0
0.0 8060.0 9260.0 7460.0 3620.0 4840.0 8860.0 6240.0 3620.0 6640.0 5240.0 7040.0 9260.0 6840.0 6240.0 7660.0 7240.0 8460.0 6840.0 8060.0 5640.0 7860.0 6840.0 4040.0 6440.0 6840.0 8460.0 4440.0 6840.0 5840.0 5240.0 7040.0 5840.0 7660.0 4840.0 4040.0 8060.0 0.0 5640.0 6440.0 4240.0 4840.0 6640.0 6640.0 6040.0 2020.0 7660.0 7040.0 5640.0 4840.0 2820.0 5840.0 8660.0 3620.0 5040.0 5040.0 6240.0 6440.0 7660.0 5640.0 8660.0 6640.0 4640.0 4840.0 6040.0 4840.0 6440.0 6840.0 8060.0 9660.0 7860.0 6240.0 5640.0 7040.0 6640.0 7040.0 5040.0 8060.0 8460.0 5840.0 5040.0 8660.0 7460.0 4840.0 7040.0 6040.0 5640.0 4640.0 6840.0 4840.0 7240.0 7240.0 2420.0 8460.0 8460.0 5640.0 5840.0 7860.0 6040.0 8460.0 5840.0
0.0 10460.0 7460.0 7660.0 5640.0 4040.0 7240.0 4240.0 3620.0 6440.0 8260.0 6040.0 9660.0 5840.0 6040.0 6640.0 2420.0 5640.0 8060.0 7240.0 5840.0 7240.0 5240.0 4040.0 6240.0 4640.0 5440.0 7860.0 4640.0 7660.0 6640.0 6040.0 5840.0 6640.0 3840.0 3020.0 6040.0 5640.0 0.0 6640.0 4440.0 3840.0 8460.0 6640.0 4240.0 5840.0 4240.0 3620.0 6640.0 4840.0 6640.0 6240.0 4440.0 5040.0 6840.0 5240.0 6040.0 7040.0 6040.0 3620.0 7660.0 6640.0 4840.0 5640.0 4440.0 4840.0 3020.0 5240.0 8060.0 9260.0 6440.0 6240.0 5240.0 2220.0 4640.0 5040.0 5040.0 3840.0 7660.0 8660.0 5440.0 5440.0 6640.0 7660.0 7040.0 4840.0 7660.0 4840.0 5640.0 4840.0 6440.0 7240.0 2420.0 6240.0 4440.0 8660.0 4840.0 8460.0 6440.0 7240.0 4040.0
0.0 7240.0 7460.0 7660.0 2020.0 5040.0 8460.0 4040.0 5240.0 6240.0 9260.0 6240.0 7660.0 5440.0 7040.0 7660.0 6840.0 6840.0 8260.0 7460.0 5440.0 8460.0 5640.0 5640.0 6840.0 6840.0 7660.0 1220.0 4640.0 4240.0 6840.0 7240.0 5440.0 7460.0 4040.0 4840.0 7460.0 5840.0 7040.0 0.0 4440.0 4240.0 9260.0 7860.0 4440.0 7460.0 6840.0 4440.0 5440.0 2620.0 5440.0 2620.0 8060.0 6440.0 3420.0 5240.0 4640.0 6240.0 4440.0 5040.0 8860.0 7040.0 4840.0 6240.0 4440.0 4440.0 6640.0 8660.0 8460.0 9660.0 7460.0 5840.0 3020.0 6640.0 6040.0 7040.0 6640.0 5240.0 8460.0 7660.0 6440.0 7040.0 5240.0 6240.0 6640.0 6040.0 4040.0 4840.0 6840.0 6240.0 5640.0 6840.0 4040.0 4840.0 5640.0 9460.0 4840.0 8460.0 2820.0 8660.0 6840.0
0.0 7240.0 5440.0 4440.0 5040.0 820.0 5240.0 2220.0 5040.0 6040.0 6640.0 6240.0 5640.0 3420.0 5240.0 5640.0 4040.0 4640.0 8260.0 6040.0 4640.0 6240.0 3220.0 3420.0 3020.0 2620.0 6640.0 5040.0 4840.0 4640.0 5640.0 2820.0 4640.0 6240.0 4440.0 5040.0 4040.0 1420.0 3840.0 6840.0 0.0 4440.0 6840.0 6240.0 4640.0 3420.0 4840.0 4440.0 4640.0 820.0 4040.0 6040.0 5840.0 5040.0 3620.0 820.0 4040.0 5640.0 5840.0 1420.0 4440.0 5240.0 620.0 4640.0 4240.0 3420.0 3220.0 6640.0 6640.0 7240.0 5240.0 4240.0 6040.0 5040.0 4840.0 3020.0 3620.0 5240.0 7240.0 5840.0 2820.0 6240.0 3220.0 5440.0 5440.0 4040.0 5040.0 620.0 4640.0 3420.0 3840.0 4440.0 3840.0 4240.0 5840.0 7040.0 5240.0 4240.0 3840.0 5040.0 5840.0
0.0 10060.0 6840.0 9060.0 8660.0 6240.0 10060.0 3620.0 8260.0 7660.0 9260.0 5240.0 10260.0 5440.0 7040.0 7240.0 5640.0 8860.0 10060.0 3420.0 8660.0 9460.0 5640.0 6240.0 7460.0 7860.0 9660.0 8060.0 6440.0 8060.0 7460.0 8460.0 7240.0 7240.0 7040.0 7460.0 9660.0 7040.0 6840.0 8460.0 6640.0 0.0 9460.0 10660.0 7460.0 8060.0 6840.0 6840.0 8860.0 2620.0 8460.0 8460.0 10060.0 9260.0 7040.0 6240.0 7040.0 8660.0 6240.0 7660.0 9660.0 4240.0 6040.0 6640.0 6640.0 4440.0 6240.0 8460.0 11080.0 9660.0 5640.0 5840.0 8460.0 5440.0 6240.0 7240.0 6640.0 7040.0 6840.0 7660.0 6440.0 10060.0 5240.0 7240.0 6640.0 6040.0 7040.0 7040.0 8660.0 7040.0 8660.0 8660.0 8460.0 5840.0 8260.0 7660.0 8060.0 8860.0 7860.0 8060.0 6840.0
0.0 9260.0 7460.0 4040.0 7040.0 5440.0 8660.0 6640.0 6440.0 6040.0 8860.0 6240.0 8460.0 2820.0 8060.0 6640.0 5240.0 5640.0 6240.0 5440.0 5840.0 7240.0 3220.0 6040.0 5040.0 3620.0 7660.0 7460.0 4840.0 5640.0 6640.0 7240.0 6640.0 7240.0 6440.0 4840.0 6640.0 6640.0 6440.0 6640.0 5240.0 5840.0 0.0 5640.0 6640.0 7860.0 7040.0 4440.0 5640.0 4840.0 4240.0 4640.0 6640.0 4640.0 5640.0 5040.0 5040.0 6240.0 5840.0 6440.0 8860.0 5440.0 5640.0 1420.0 4240.0 4440.0 3020.0 8860.0 8660.0 7240.0 5440.0 5840.0 5040.0 6640.0 4640.0 4040.0 7040.0 5240.0 8460.0 8060.0 6040.0 8060.0 5440.0 7240.0 6640.0 6440.0 6840.0 5640.0 7240.0 6640.0 5240.0 7860.0 8660.0 8660.0 5640.0 4640.0 7240.0 8260.0 5640.0 5040.0 6840.0
0.0 7660.0 6840.0 7860.0 7240.0 4240.0 8860.0 5640.0 7040.0 4840.0 8460.0 5640.0 9060.0 4640.0 6840.0 5440.0 4040.0 6440.0 9060.0 8860.0 4640.0 8060.0 4840.0 5440.0 6640.0 2620.0 6640.0 7040.0 5240.0 5640.0 5840.0 6240.0 3020.0 6240.0 5440.0 6440.0 3620.0 5840.0 5840.0 7240.0 6040.0 5440.0 8260.0 0.0 5840.0 7040.0 5840.0 6240.0 4640.0 5240.0 7660.0 7460.0 5640.0 6040.0 7240.0 4240.0 3840.0 4840.0 6640.0 5640.0 7860.0 4640.0 4040.0 6440.0 5840.0 3220.0 3840.0 7860.0 9460.0 8860.0 4840.0 4640.0 7660.0 5440.0 5240.0 2820.0 6040.0 5440.0 6840.0 6840.0 5640.0 8660.0 4440.0 6040.0 5440.0 5240.0 7660.0 5040.0 6440.0 6040.0 4240.0 4440.0 7660.0 7660.0 7460.0 8660.0 6440.0 7660.0 6640.0 5040.0 5640.0
0.0 7860.0 7460.0 7660.0 7460.0 5040.0 6640.0 5040.0 8060.0 5040.0 8060.0 5840.0 7040.0 4040.0 9660.0 6040.0 5440.0 8660.0 9860.0 7460.0 5240.0 10260.0 4240.0 5840.0 6240.0 6240.0 4840.0 7460.0 5840.0 6040.0 5240.0 7240.0 3220.0 6840.0 6840.0 6040.0 7040.0 6840.0 6440.0 8260.0 6440.0 4040.0 6240.0 3840.0 0.0 7040.0 7240.0 5640.0 5040.0 6040.0 6040.0 7040.0 3840.0 6440.0 6840.0 5040.0 7660.0 7240.0 6040.0 6440.0 5040.0 4840.0 4840.0 7240.0 5240.0 5440.0 6040.0 7240.0 8860.0 8260.0 5240.0 6040.0 6040.0 6840.0 6240.0 3420.0 5440.0 6440.0 6440.0 6240.0 5040.0 2820.0 3840.0 7240.0 6640.0 4640.0 5040.0 5840.0 5840.0 5640.0 3620.0 4640.0 7040.0 7040.0 6640.0 6840.0 620.0 5440.0 3840.0 5440.0 6840.0
0.0 9460.0 7660.0 6640.0 6840.0 3020.0 6840.0 4440.0 3220.0 4840.0 7460.0 8060.0 7860.0 5040.0 5640.0 5840.0 6240.0 6840.0 5040.0 6240.0 3840.0 8460.0 5240.0 5640.0 5440.0 4840.0 7660.0 7240.0 5440.0 6840.0 6040.0 5040.0 5440.0 6040.0 6640.0 2220.0 6240.0 3620.0 5040.0 7660.0 2420.0 2820.0 7860.0 6040.0 7040.0 0.0 5840.0 5240.0 3620.0 3020.0 820.0 8060.0 6840.0 1820.0 6040.0 3020.0 5640.0 7860.0 7240.0 3840.0 6640.0 7040.0 2820.0 7040.0 6240.0 4040.0 5440.0 4840.0 6240.0 8060.0 6240.0 5440.0 3840.0 6240.0 6040.0 5240.0 4840.0 6040.0 7240.0 4040.0 3020.0 6640.0 5440.0 5640.0 5240.0 4240.0 6840.0 2820.0 4840.0 5040.0 6040.0 6640.0 6040.0 6640.0 6440.0 3840.0 6640.0 6440.0 6040.0 7460.0 4040.0
0.0 9460.0 7660.0 7040.0 5040.0 3420.0 8660.0 4440.0 5040.0 6240.0 6640.0 6840.0 9260.0 3420.0 5240.0 6240.0 4640.0 4640.0 7460.0 7040.0 5240.0 6240.0 3620.0 5440.0 5640.0 3220.0 6440.0 5840.0 5240.0 6240.0 6440.0 5640.0 5640.0 6840.0 6040.0 4640.0 7240.0 1420.0 5240.0 7860.0 4840.0 5440.0 7660.0 6240.0 6440.0 2620.0 0.0 5040.0 5240.0 820.0 3420.0 6640.0 5440.0 4240.0 6240.0 4640.0 4440.0 4840.0 6440.0 5840.0 7240.0 5840.0 4240.0 4840.0 4640.0 4040.0 5240.0 6640.0 8660.0 7860.0 6040.0 5440.0 6240.0 6040.0 5840.0 3420.0 4840.0 5240.0 7040.0 5840.0 4640.0 7040.0 3220.0 6240.0 6040.0 4240.0 7040.0 620.0 6640.0 5040.0 4840.0 6840.0 3840.0 6640.0 6240.0 6240.0 6840.0 8060.0 6240.0 5640.0 6240.0
0.0 8660.0 6040.0 4840.0 2820.0 3840.0 8460.0 2820.0 5840.0 4640.0 5840.0 5640.0 8460.0 3420.0 6440.0 4240.0 4840.0 6640.0 6040.0 6840.0 3020.0 8260.0 3620.0 6040.0 4040.0 5640.0 5840.0 6440.0 3220.0 5240.0 5640.0 3840.0 4040.0 4440.0 3420.0 620.0 4240.0 4040.0 4640.0 6440.0 3220.0 3420.0 6240.0 7860.0 5240.0 5240.0 2620.0 0.0 4040.0 3420.0 6040.0 6440.0 4840.0 2820.0 4240.0 4040.0 3420.0 6440.0 6240.0 4640.0 5240.0 5640.0 3620.0 5840.0 4640.0 2420.0 4040.0 7240.0 7860.0 7660.0 5440.0 3840.0 1620.0 4640.0 4440.0 5240.0 3220.0 1020.0 8660.0 6440.0 4040.0 7040.0 5640.0 5040.0 4440.0 2620.0 4840.0 3220.0 3020.0 3420.0 5440.0 5240.0 4840.0 5040.0 1420.0 6440.0 5640.0 7460.0 4640.0 5840.0 4840.0
0.0 6440.0 6040.0 7460.0 5440.0 4640.0 7860.0 5640.0 7660.0 3620.0 8460.0 4440.0 8460.0 6040.0 6240.0 7040.0 4240.0 7660.0 5240.0 6840.0 220.0 5440.0 6440.0 4440.0 5240.0 6640.0 5840.0 6240.0 4640.0 6640.0 2820.0 6240.0 1820.0 5440.0 5640.0 3220.0 6840.0 5440.0 5040.0 5840.0 4040.0 5240.0 8860.0 6640.0 6240.0 4640.0 5440.0 2820.0 0.0 4640.0 5440.0 7460.0 7660.0 5440.0 5840.0 3220.0 6040.0 5640.0 5440.0 5440.0 6040.0 3420.0 4440.0 5840.0 6640.0 4040.0 5040.0 8060.0 9460.0 10460.0 3840.0 5440.0 4240.0 6240.0 6040.0 6040.0 5440.0 3620.0 7860.0 7240.0 6640.0 6240.0 6440.0 2220.0 1620.0 5240.0 7040.0 4640.0 5640.0 5240.0 6240.0 3220.0 7240.0 7660.0 4040.0 7460.0 3420.0 7240.0 5840.0 8260.0 5640.0
0.0 9460.0 7040.0 6440.0 6440.0 3840.0 8060.0 3840.0 6840.0 6040.0 6840.0 7460.0 8660.0 2820.0 4440.0 7240.0 6840.0 7460.0 8260.0 8260.0 6040.0 8060.0 3020.0 6040.0 5040.0 6440.0 7240.0 7240.0 4640.0 6440.0 7040.0 6040.0 5040.0 8460.0 6240.0 4840.0 7660.0 4640.0 4640.0 8060.0 7460.0 6440.0 7040.0 9860.0 6640.0 5840.0 4240.0 4440.0 6240.0 0.0 6640.0 5840.0 7460.0 7040.0 5640.0 4040.0 4640.0 6040.0 5640.0 5240.0 7660.0 6640.0 3620.0 7040.0 4040.0 5640.0 4840.0 6040.0 10460.0 7040.0 5440.0 7040.0 5840.0 6640.0 6040.0 4640.0 4240.0 4440.0 8260.0 5040.0 4040.0 7460.0 2620.0 6440.0 7660.0 3420.0 6840.0 4640.0 6040.0 4440.0 6040.0 6240.0 5840.0 5840.0 5640.0 7240.0 6240.0 7240.0 5640.0 6840.0 8060.0
0.0 8660.0 7040.0 5840.0 6040.0 2220.0 6640.0 3620.0 6440.0 4040.0 6640.0 7240.0 7040.0 4240.0 6640.0 5040.0 5640.0 6240.0 4240.0 5440.0 3020.0 7860.0 4440.0 4840.0 4640.0 4040.0 6840.0 6640.0 5240.0 6240.0 5440.0 4440.0 4640.0 5240.0 6040.0 1420.0 5440.0 3020.0 4240.0 6840.0 1620.0 2220.0 7040.0 7660.0 6240.0 4840.0 5040.0 4640.0 2820.0 2220.0 0.0 7460.0 7240.0 1020.0 5240.0 2220.0 5440.0 7040.0 6440.0 3020.0 5840.0 6240.0 2020.0 6240.0 5440.0 3220.0 4640.0 5640.0 5440.0 7460.0 6640.0 4640.0 6240.0 5440.0 5240.0 4440.0 4040.0 5640.0 7040.0 4640.0 2420.0 5840.0 4840.0 5040.0 4440.0 3420.0 6440.0 2020.0 5640.0 4440.0 5240.0 6040.0 5240.0 5840.0 6040.0 6440.0 5840.0 5640.0 5240.0 6640.0 3220.0
0.0 4840.0 7240.0 6640.0 4640.0 3020.0 6040.0 3840.0 5840.0 6040.0 6840.0 7240.0 8860.0 3020.0 4640.0 6040.0 6640.0 5840.0 7860.0 8460.0 3020.0 7460.0 3220.0 5440.0 4440.0 5840.0 7040.0 6840.0 2220.0 4840.0 5640.0 5240.0 4840.0 6240.0 5240.0 2420.0 5040.0 4640.0 4840.0 6040.0 5040.0 5240.0 7240.0 6840.0 6040.0 5840.0 4440.0 2020.0 3020.0 220.0 6640.0 0.0 6440.0 4640.0 5040.0 3020.0 2420.0 6240.0 5840.0 2620.0 6640.0 6440.0 3840.0 5840.0 4240.0 4240.0 4240.0 6240.0 7660.0 7240.0 5640.0 5640.0 620.0 6440.0 3840.0 4840.0 4240.0 2820.0 8460.0 5240.0 4040.0 7660.0 2820.0 5240.0 4640.0 3620.0 6240.0 3840.0 4440.0 4240.0 4440.0 6040.0 4640.0 6040.0 3220.0 7460.0 6240.0 7460.0 5040.0 7040.0 6640.0
0.0 9260.0 8660.0 8260.0 3840.0 5840.0 5440.0 6240.0 7040.0 4840.0 8660.0 6840.0 9060.0 6440.0 7040.0 7660.0 3220.0 6440.0 7860.0 8060.0 2820.0 8060.0 6640.0 6840.0 4240.0 5640.0 1020.0 6640.0 3840.0 5640.0 5640.0 7240.0 4640.0 7860.0 4640.0 4040.0 7660.0 3420.0 7660.0 7660.0 5240.0 4640.0 5840.0 8460.0 5040.0 5240.0 5040.0 3620.0 2820.0 4840.0 6040.0 4640.0 0.0 6240.0 4840.0 5840.0 4040.0 7860.0 4440.0 5640.0 6440.0 6240.0 5640.0 6640.0 2820.0 5840.0 3840.0 6040.0 9060.0 10660.0 6640.0 2220.0 2220.0 3020.0 5440.0 5840.0 6040.0 4440.0 8460.0 8060.0 6240.0 7860.0 6240.0 5040.0 4440.0 6040.0 6040.0 5440.0 6040.0 5840.0 6040.0 5840.0 5840.0 8460.0 4840.0 8660.0 5640.0 8460.0 4840.0 7040.0 4840.0
0.0 7860.0 6040.0 5040.0 5440.0 1220.0 5640.0 2820.0 5640.0 4440.0 5840.0 6240.0 6040.0 3220.0 5640.0 4240.0 4640.0 5240.0 3420.0 4640.0 4640.0 6840.0 3620.0 3840.0 3620.0 3220.0 5840.0 5640.0 4440.0 5240.0 4640.0 3420.0 4040.0 4240.0 5040.0 420.0 4640.0 2020.0 3420.0 5840.0 620.0 1220.0 6040.0 6840.0 5240.0 3840.0 4240.0 3840.0 5240.0 1220.0 4640.0 6440.0 6240.0 0.0 4240.0 1420.0 4440.0 6240.0 6240.0 2020.0 5040.0 5440.0 1020.0 5240.0 4640.0 2420.0 3620.0 4640.0 7240.0 6440.0 5640.0 3840.0 5240.0 4640.0 4240.0 3620.0 3220.0 4640.0 6040.0 3620.0 1420.0 5040.0 3840.0 4040.0 4440.0 2420.0 5440.0 1020.0 4640.0 3420.0 4440.0 5040.0 4440.0 4840.0 5040.0 5440.0 5240.0 4840.0 4240.0 5640.0 4840.0
0.0 7660.0 7460.0 6240.0 4240.0 2620.0 6240.0 4040.0 6440.0 3020.0 6640.0 3020.0 4240.0 5040.0 7040.0 7040.0 5240.0 4440.0 5040.0 4240.0 3220.0 6040.0 5040.0 5240.0 5040.0 4440.0 4440.0 7040.0 4640.0 1020.0 4440.0 4840.0 3840.0 6040.0 820.0 4440.0 5840.0 3420.0 5640.0 7460.0 2020.0 820.0 7240.0 4840.0 1020.0 5240.0 6040.0 3840.0 3220.0 2620.0 6040.0 3020.0 4840.0 6640.0 0.0 2620.0 5240.0 5640.0 2820.0 3420.0 6040.0 5040.0 2420.0 4440.0 1220.0 3420.0 5040.0 7040.0 5240.0 9060.0 5640.0 4840.0 3420.0 5640.0 5440.0 4440.0 5640.0 4840.0 7040.0 6040.0 4640.0 3840.0 4840.0 5440.0 4840.0 5640.0 6040.0 2420.0 6640.0 5240.0 4640.0 5040.0 5640.0 5240.0 5240.0 6840.0 1620.0 6040.0 4840.0 6440.0 5840.0
0.0 9060.0 7660.0 7040.0 5040.0 4640.0 8660.0 4440.0 5040.0 6240.0 6840.0 6240.0 9460.0 3420.0 7660.0 7860.0 6840.0 8260.0 8660.0 9860.0 5440.0 8260.0 3840.0 2620.0 5040.0 6640.0 8260.0 4440.0 5440.0 6640.0 4840.0 6640.0 4440.0 8060.0 6440.0 5640.0 8460.0 6240.0 7240.0 9260.0 6640.0 6440.0 7860.0 10460.0 6640.0 4440.0 7460.0 5040.0 6840.0 5440.0 5240.0 5640.0 7240.0 6240.0 5640.0 0.0 7660.0 6840.0 6440.0 6040.0 8260.0 5240.0 4440.0 7660.0 4840.0 6240.0 5640.0 6640.0 8460.0 7860.0 6040.0 7660.0 6040.0 8460.0 7240.0 5440.0 3620.0 5840.0 9060.0 5840.0 4640.0 8260.0 3220.0 7240.0 6840.0 4240.0 6840.0 5440.0 5240.0 3420.0 3020.0 5840.0 6440.0 6640.0 6240.0 8060.0 5440.0 8060.0 5640.0 7460.0 8260.0
0.0 8860.0 6040.0 6040.0 5640.0 4440.0 9060.0 2820.0 3420.0 5640.0 7660.0 5040.0 9660.0 4240.0 3220.0 6240.0 5640.0 3620.0 8460.0 6840.0 5840.0 5240.0 2620.0 5640.0 5840.0 4040.0 4840.0 4840.0 1620.0 7040.0 3620.0 6640.0 4840.0 7460.0 6440.0 3620.0 7040.0 2420.0 6240.0 3620.0 6240.0 6040.0 6840.0 7240.0 7460.0 4240.0 5640.0 3020.0 5840.0 1620.0 5040.0 5640.0 6840.0 5640.0 6440.0 5440.0 0.0 4840.0 5240.0 6640.0 8060.0 6440.0 5040.0 3620.0 3620.0 4840.0 5240.0 7460.0 10460.0 6640.0 5040.0 6040.0 4640.0 6840.0 1620.0 4440.0 4040.0 4040.0 7040.0 6640.0 5440.0 6040.0 4040.0 4040.0 5840.0 5040.0 3840.0 1420.0 6040.0 3620.0 3840.0 6040.0 4840.0 4840.0 4440.0 6640.0 4240.0 7860.0 6240.0 6440.0 7240.0
0.0 9060.0 7240.0 6240.0 6640.0 3840.0 6040.0 5240.0 7660.0 5640.0 9260.0 6240.0 8660.0 2620.0 7660.0 7040.0 5840.0 7240.0 8660.0 8460.0 5640.0 8860.0 2820.0 5840.0 4640.0 5640.0 8060.0 7040.0 4440.0 5640.0 5640.0 6040.0 6440.0 8260.0 6040.0 4640.0 6440.0 4040.0 6240.0 9260.0 3220.0 5040.0 9460.0 8860.0 6240.0 5840.0 6640.0 4040.0 5640.0 3220.0 6640.0 5640.0 7240.0 6040.0 5240.0 4040.0 7040.0 0.0 5440.0 4640.0 7660.0 5240.0 3620.0 6840.0 3840.0 5440.0 6240.0 8860.0 9660.0 6840.0 5240.0 6840.0 5640.0 5640.0 7240.0 4440.0 6640.0 5040.0 2220.0 8260.0 5840.0 9060.0 5840.0 5640.0 5040.0 6640.0 6440.0 3020.0 7040.0 6440.0 5840.0 7660.0 6440.0 7460.0 5440.0 9460.0 6240.0 7240.0 5440.0 5040.0 2820.0
0.0 5840.0 5240.0 7660.0 6240.0 4240.0 7040.0 5640.0 5240.0 2820.0 7860.0 3620.0 7660.0 6040.0 7660.0 4840.0 3420.0 6640.0 7040.0 8260.0 6840.0 7240.0 6240.0 3620.0 6040.0 5840.0 6640.0 5440.0 3420.0 6240.0 4240.0 6440.0 1220.0 4240.0 4840.0 5240.0 8060.0 4040.0 4240.0 5440.0 4240.0 5040.0 6440.0 9060.0 5440.0 5440.0 5440.0 4840.0 7860.0 4840.0 6240.0 6640.0 7660.0 7240.0 6640.0 4640.0 5840.0 5040.0 0.0 5640.0 8060.0 2620.0 4440.0 5040.0 5840.0 1420.0 4240.0 6640.0 9260.0 10060.0 3020.0 2820.0 6240.0 3620.0 3220.0 6240.0 4640.0 4840.0 7240.0 8260.0 6640.0 7040.0 5840.0 4240.0 3620.0 5240.0 6040.0 4640.0 6840.0 4440.0 5640.0 2420.0 6440.0 7660.0 5640.0 6640.0 4640.0 6440.0 4840.0 7660.0 3840.0
0.0 7040.0 6040.0 4240.0 4840.0 420.0 3840.0 5240.0 5240.0 4840.0 7460.0 6240.0 7660.0 4240.0 5840.0 6040.0 4840.0 4440.0 8260.0 7660.0 3840.0 6040.0 1820.0 4440.0 2820.0 3420.0 6640.0 5240.0 3420.0 4440.0 5440.0 2620.0 3620.0 6040.0 4240.0 3620.0 2620.0 2220.0 4840.0 5440.0 5440.0 4240.0 8460.0 7040.0 4440.0 3220.0 5640.0 3020.0 3620.0 1420.0 4040.0 4640.0 6240.0 5040.0 3420.0 3840.0 4640.0 4840.0 4440.0 0.0 4240.0 5240.0 3620.0 4440.0 2820.0 4040.0 1820.0 7460.0 5240.0 5840.0 3840.0 5440.0 4640.0 6240.0 3420.0 3420.0 5440.0 4040.0 7040.0 6440.0 5240.0 6640.0 4040.0 5840.0 5240.0 4840.0 4640.0 1420.0 5240.0 5240.0 4840.0 4240.0 4640.0 7240.0 4440.0 7040.0 5040.0 5440.0 3620.0 5240.0 6440.0
0.0 7460.0 7460.0 6640.0 4840.0 3020.0 7660.0 6640.0 5240.0 3840.0 7860.0 4840.0 7660.0 3620.0 7860.0 5040.0 6640.0 7660.0 7240.0 7460.0 2620.0 7860.0 3840.0 5640.0 2820.0 6440.0 7660.0 5240.0 3840.0 4440.0 5040.0 5040.0 4240.0 3420.0 4240.0 4440.0 6840.0 3420.0 6240.0 8260.0 4440.0 4240.0 9060.0 8260.0 4440.0 2220.0 7660.0 5040.0 5840.0 4040.0 3020.0 6240.0 8260.0 4040.0 3420.0 3020.0 6040.0 6840.0 6040.0 4240.0 0.0 5840.0 2820.0 7660.0 4440.0 5440.0 5840.0 7040.0 8460.0 7860.0 5240.0 6840.0 4240.0 7660.0 7240.0 5440.0 3420.0 6040.0 9060.0 6040.0 5240.0 6240.0 6240.0 4640.0 4040.0 6440.0 4640.0 3840.0 6440.0 3220.0 6040.0 5440.0 5840.0 8660.0 6440.0 5840.0 4840.0 6440.0 3420.0 7660.0 4240.0
0.0 7860.0 7240.0 5040.0 6440.0 2020.0 6640.0 5640.0 4640.0 4840.0 8860.0 1020.0 6840.0 5640.0 6440.0 6840.0 5440.0 6040.0 7240.0 7460.0 5440.0 7660.0 5040.0 3020.0 4440.0 4840.0 8060.0 6440.0 4840.0 6040.0 6240.0 4240.0 3220.0 6240.0 5840.0 6840.0 5840.0 3840.0 4040.0 6840.0 6240.0 5840.0 6840.0 6440.0 6040.0 4840.0 6640.0 6240.0 5440.0 3020.0 5640.0 5640.0 7860.0 6440.0 5040.0 2220.0 3220.0 7040.0 2220.0 3420.0 5840.0 0.0 1820.0 2620.0 3840.0 3420.0 4240.0 8860.0 8260.0 9260.0 5040.0 4840.0 6240.0 5640.0 4840.0 5240.0 4040.0 6840.0 9260.0 7860.0 6640.0 8060.0 5440.0 6240.0 5640.0 6240.0 6240.0 2820.0 7240.0 3620.0 5240.0 4440.0 6240.0 7860.0 7660.0 5640.0 6640.0 5440.0 5040.0 6240.0 5840.0
0.0 6840.0 6840.0 4040.0 4640.0 420.0 4840.0 4040.0 5440.0 6240.0 7040.0 6240.0 5240.0 3840.0 5640.0 6640.0 5240.0 5240.0 8060.0 5640.0 5440.0 6840.0 3420.0 3020.0 2620.0 3620.0 7240.0 4640.0 5040.0 4240.0 5240.0 2420.0 4840.0 6240.0 4040.0 5240.0 4240.0 2020.0 5840.0 7040.0 5240.0 4040.0 8060.0 6840.0 4240.0 3020.0 5440.0 4840.0 5440.0 1220.0 3840.0 6040.0 6440.0 4840.0 3220.0 420.0 5040.0 6440.0 6040.0 1820.0 4040.0 5440.0 0.0 5240.0 4440.0 4440.0 3420.0 7040.0 6840.0 7460.0 4840.0 5840.0 6240.0 6640.0 5040.0 4040.0 4040.0 5640.0 8660.0 6040.0 4840.0 6440.0 3620.0 6640.0 6640.0 4440.0 4640.0 1220.0 5640.0 3620.0 3420.0 4040.0 4440.0 6040.0 6040.0 6840.0 4840.0 3840.0 3420.0 5040.0 6840.0
0.0 8060.0 6240.0 2620.0 7040.0 4040.0 7240.0 5440.0 5240.0 6240.0 7660.0 5040.0 7240.0 4440.0 6840.0 5440.0 3840.0 4440.0 4840.0 6640.0 4640.0 6040.0 4640.0 4640.0 6240.0 2420.0 6440.0 6240.0 3420.0 4440.0 5440.0 6040.0 5440.0 6040.0 5240.0 4440.0 5240.0 5840.0 5240.0 5440.0 5240.0 5440.0 4440.0 6240.0 5840.0 6440.0 5840.0 4840.0 4440.0 3420.0 7240.0 3420.0 5440.0 4840.0 6840.0 5640.0 3620.0 5640.0 6040.0 5840.0 7660.0 4040.0 5240.0 0.0 5640.0 3220.0 1820.0 7660.0 7460.0 7460.0 4040.0 4640.0 3840.0 5440.0 3420.0 2820.0 5640.0 5240.0 7860.0 6840.0 5640.0 6840.0 4240.0 5840.0 5240.0 5240.0 7460.0 4840.0 6240.0 5440.0 4040.0 6640.0 7460.0 7460.0 6040.0 3220.0 6040.0 9060.0 6440.0 3840.0 5640.0
0.0 6640.0 6840.0 7660.0 3220.0 4840.0 6840.0 4040.0 6840.0 2020.0 8660.0 5240.0 8860.0 4840.0 6440.0 6440.0 5040.0 7660.0 7240.0 8660.0 2220.0 7660.0 5040.0 5240.0 5640.0 7040.0 8060.0 7040.0 4040.0 5440.0 3420.0 6440.0 2820.0 5840.0 5240.0 3420.0 6840.0 5640.0 5840.0 7040.0 5640.0 5440.0 8060.0 8660.0 5640.0 6840.0 5040.0 2820.0 2220.0 2020.0 7460.0 2020.0 7660.0 5440.0 4640.0 4840.0 4240.0 6640.0 1820.0 4440.0 8060.0 4240.0 5640.0 6640.0 0.0 3020.0 5840.0 8060.0 9660.0 9060.0 4640.0 4440.0 2420.0 5240.0 4840.0 6640.0 6040.0 3840.0 8860.0 7040.0 5840.0 8260.0 4640.0 4440.0 3840.0 5440.0 7240.0 5440.0 5840.0 6040.0 6240.0 4040.0 6440.0 6040.0 4240.0 5840.0 4040.0 5640.0 6240.0 8460.0 5440.0
0.0 9260.0 4640.0 7040.0 5440.0 3420.0 7860.0 4840.0 3840.0 3220.0 7860.0 5240.0 8260.0 4640.0 6440.0 7660.0 2420.0 5840.0 5840.0 7040.0 6040.0 6040.0 4840.0 4440.0 5640.0 4840.0 5240.0 5240.0 2020.0 7040.0 3420.0 5640.0 4840.0 3020.0 4040.0 4040.0 6640.0 2820.0 6640.0 4040.0 2820.0 4040.0 5240.0 8260.0 4440.0 4640.0 4440.0 3420.0 6640.0 3420.0 5440.0 6440.0 7860.0 6040.0 6240.0 3620.0 6240.0 7040.0 6240.0 4240.0 7240.0 4240.0 3220.0 5840.0 4640.0 0.0 3220.0 5440.0 8260.0 8860.0 6640.0 1420.0 5040.0 2220.0 2020.0 5240.0 4440.0 3840.0 7660.0 7040.0 5440.0 5640.0 4440.0 2820.0 2220.0 5240.0 4640.0 3220.0 5840.0 4040.0 4240.0 6040.0 5040.0 6840.0 4840.0 6640.0 4040.0 6840.0 3420.0 6440.0 2420.0
0.0 8860.0 7040.0 5440.0 5640.0 4840.0 9060.0 4840.0 3620.0 5640.0 5840.0 5240.0 9460.0 3840.0 6040.0 4840.0 3220.0 2820.0 7660.0 7240.0 3840.0 4440.0 4040.0 3220.0 5640.0 1820.0 5040.0 4840.0 1820.0 4840.0 3840.0 6040.0 5040.0 5440.0 4640.0 2820.0 5840.0 5240.0 7460.0 3840.0 5240.0 3840.0 7040.0 6240.0 5040.0 5040.0 5240.0 3220.0 3840.0 4640.0 5640.0 6040.0 4840.0 5040.0 6240.0 5040.0 3020.0 4040.0 6440.0 6240.0 7460.0 4440.0 4640.0 2820.0 5040.0 2620.0 0.0 7040.0 5840.0 8060.0 6440.0 4040.0 4640.0 4640.0 1820.0 2020.0 4040.0 4040.0 6240.0 6040.0 4840.0 5240.0 3620.0 5240.0 4640.0 4440.0 6840.0 4440.0 5640.0 3840.0 3420.0 6240.0 6840.0 6840.0 4440.0 6040.0 4240.0 8260.0 5840.0 4240.0 4840.0
0.0 9460.0 5640.0 2620.0 6440.0 4040.0 8060.0 3840.0 3020.0 6040.0 6840.0 7660.0 8060.0 2820.0 4640.0 7040.0 6040.0 6840.0 8060.0 8260.0 5840.0 8260.0 3220.0 4240.0 5040.0 5240.0 7240.0 5840.0 4840.0 4440.0 7040.0 6040.0 5040.0 6240.0 6440.0 5040.0 5240.0 3620.0 4640.0 4840.0 5240.0 5840.0 7240.0 8260.0 6640.0 4640.0 2220.0 4440.0 5840.0 220.0 4240.0 6040.0 7040.0 4840.0 5640.0 4040.0 4640.0 6240.0 5840.0 5440.0 7660.0 6640.0 3840.0 6840.0 4240.0 3840.0 5040.0 0.0 9660.0 7240.0 3620.0 5240.0 6040.0 5840.0 5640.0 4440.0 4240.0 4640.0 2420.0 5240.0 4040.0 7660.0 2820.0 6640.0 5840.0 3620.0 6840.0 2620.0 6240.0 4440.0 5640.0 6440.0 5840.0 6040.0 5640.0 7460.0 6240.0 7460.0 5640.0 3840.0 6240.0
0.0 6840.0 6040.0 6040.0 5840.0 2620.0 5040.0 4040.0 1420.0 220.0 8460.0 4640.0 7460.0 5240.0 4040.0 5840.0 4440.0 3420.0 7240.0 7240.0 4440.0 5040.0 4040.0 4840.0 4040.0 4440.0 7660.0 6240.0 3420.0 3620.0 1620.0 4840.0 2220.0 1020.0 5240.0 4240.0 5840.0 3420.0 5240.0 6440.0 2020.0 3840.0 7460.0 6240.0 5640.0 3420.0 5840.0 4840.0 6640.0 2620.0 4040.0 6640.0 7240.0 3840.0 4640.0 2620.0 4040.0 4840.0 1220.0 3420.0 2020.0 3620.0 2420.0 3620.0 5240.0 2420.0 5040.0 7860.0 0.0 7460.0 4240.0 3840.0 6240.0 4640.0 4440.0 4840.0 2820.0 5840.0 3620.0 7240.0 4640.0 3620.0 5240.0 5240.0 4640.0 6040.0 5840.0 2420.0 6640.0 2620.0 5640.0 3420.0 5640.0 6240.0 4840.0 4040.0 2220.0 4040.0 4640.0 7040.0 1620.0
0.0 6240.0 5640.0 5240.0 4840.0 5040.0 7460.0 5440.0 820.0 3220.0 8260.0 4040.0 8060.0 4640.0 3420.0 6840.0 4040.0 2420.0 4440.0 6040.0 5040.0 4240.0 2620.0 4240.0 5640.0 4840.0 5640.0 5840.0 5040.0 6640.0 4640.0 5440.0 1620.0 5240.0 5440.0 4440.0 6240.0 5840.0 4640.0 7040.0 4840.0 5440.0 7040.0 7460.0 5240.0 6040.0 5840.0 3840.0 5640.0 5040.0 3620.0 5440.0 6840.0 4640.0 6240.0 4840.0 3420.0 3840.0 5240.0 6240.0 7040.0 3220.0 4840.0 2620.0 3620.0 3840.0 4240.0 7860.0 8660.0 0.0 3620.0 5240.0 5440.0 6040.0 5040.0 4240.0 820.0 3020.0 6040.0 6840.0 4040.0 5040.0 4440.0 6640.0 5840.0 5240.0 6840.0 4840.0 5040.0 420.0 4240.0 2820.0 6840.0 7660.0 5040.0 5640.0 5240.0 7040.0 6040.0 6240.0 5240.0
0.0 7240.0 2220.0 6840.0 3220.0 3620.0 8060.0 2620.0 4040.0 3420.0 5640.0 4240.0 4640.0 3220.0 6640.0 6040.0 2620.0 6040.0 6040.0 6840.0 5440.0 6240.0 3420.0 820.0 3220.0 4840.0 5440.0 2420.0 2220.0 3220.0 3620.0 5840.0 2620.0 3220.0 4240.0 4040.0 6840.0 3020.0 1220.0 4240.0 3020.0 4240.0 5440.0 7660.0 4640.0 2620.0 4640.0 3620.0 6040.0 3620.0 3220.0 3620.0 5640.0 4240.0 3840.0 3840.0 5840.0 6440.0 5240.0 4440.0 7460.0 3220.0 3420.0 5640.0 4440.0 420.0 3420.0 5640.0 8460.0 7040.0 0.0 1620.0 4240.0 2420.0 2220.0 5040.0 1820.0 4040.0 7860.0 6440.0 5040.0 5840.0 4640.0 3020.0 2420.0 2420.0 4840.0 3420.0 6040.0 1420.0 4440.0 3840.0 3620.0 4640.0 5040.0 6040.0 3840.0 7240.0 3620.0 6640.0 2620.0
0.0 8660.0 7240.0 6640.0 4040.0 3840.0 8260.0 4240.0 4840.0 5040.0 6640.0 4640.0 8660.0 4640.0 7460.0 6440.0 1020.0 4440.0 6240.0 6040.0 4640.0 6040.0 5040.0 4840.0 6240.0 3420.0 6040.0 5640.0 3420.0 5640.0 3840.0 5840.0 5440.0 6640.0 2620.0 3020.0 5640.0 1420.0 6240.0 5440.0 3220.0 2620.0 3840.0 6840.0 3020.0 3220.0 3020.0 2420.0 5240.0 3620.0 4040.0 5040.0 6440.0 4840.0 5440.0 3840.0 4840.0 5640.0 4840.0 4640.0 7460.0 4840.0 3620.0 4440.0 3220.0 4240.0 1820.0 4040.0 6840.0 9060.0 5240.0 0.0 4040.0 820.0 3420.0 3840.0 4640.0 2420.0 6240.0 5840.0 4240.0 5640.0 5240.0 3420.0 2820.0 3840.0 6440.0 3420.0 4440.0 4840.0 5040.0 5240.0 3620.0 6240.0 3620.0 6840.0 3420.0 7240.0 6440.0 5040.0 2820.0
0.0 8860.0 7460.0 6240.0 4240.0 5240.0 9060.0 4240.0 5240.0 6040.0 7240.0 6840.0 8660.0 4240.0 5040.0 5640.0 6240.0 5440.0 7460.0 8260.0 2620.0 7040.0 4440.0 7040.0 3840.0 5840.0 6640.0 6240.0 1620.0 5440.0 5240.0 5040.0 4440.0 5640.0 4840.0 2020.0 5440.0 4240.0 6040.0 5440.0 4640.0 4840.0 6840.0 6440.0 5440.0 6040.0 4040.0 1420.0 2620.0 3420.0 6840.0 7460.0 6040.0 4040.0 4640.0 5440.0 2020.0 6640.0 6440.0 5440.0 6640.0 5840.0 5040.0 5440.0 5640.0 3840.0 5240.0 7460.0 9060.0 8660.0 6240.0 5240.0 0.0 6040.0 3420.0 6240.0 4040.0 2420.0 8660.0 6640.0 5440.0 7860.0 4040.0 4840.0 4040.0 4040.0 5640.0 3420.0 4040.0 3620.0 3840.0 5640.0 6040.0 6440.0 2820.0 7660.0 5840.0 8860.0 4640.0 7240.0 6240.0
0.0 8860.0 6440.0 5840.0 3620.0 3020.0 7460.0 3420.0 4440.0 4440.0 6440.0 4040.0 7860.0 4040.0 7040.0 5640.0 420.0 3620.0 6040.0 5240.0 3840.0 5240.0 4240.0 4040.0 5440.0 2620.0 5440.0 5840.0 2620.0 5640.0 4640.0 5240.0 4640.0 6040.0 1820.0 2220.0 4840.0 3620.0 5440.0 4640.0 2420.0 1820.0 6640.0 6040.0 2220.0 4640.0 2220.0 1620.0 4640.0 2820.0 5440.0 4240.0 5640.0 4240.0 5040.0 3020.0 4040.0 4840.0 4040.0 3840.0 6640.0 5240.0 2820.0 3620.0 2420.0 3420.0 1020.0 3220.0 6040.0 8260.0 4440.0 4840.0 3220.0 0.0 2620.0 3020.0 3840.0 1620.0 5640.0 7040.0 3420.0 4840.0 4440.0 5840.0 5240.0 3020.0 5640.0 2620.0 3620.0 4040.0 4240.0 5840.0 5440.0 5440.0 3020.0 6840.0 2820.0 6440.0 5640.0 5240.0 2020.0
0.0 7240.0 7040.0 6240.0 4040.0 3840.0 7660.0 3840.0 2020.0 5040.0 6640.0 3620.0 8660.0 2820.0 4440.0 5840.0 5440.0 7460.0 7460.0 7860.0 4440.0 8260.0 3020.0 6040.0 4440.0 6440.0 3420.0 3220.0 220.0 6040.0 2020.0 5240.0 3420.0 5840.0 4840.0 2020.0 5640.0 5640.0 6240.0 2220.0 4840.0 4440.0 5440.0 8860.0 6040.0 3620.0 4240.0 1620.0 5440.0 4840.0 4440.0 4640.0 6040.0 4240.0 5040.0 4040.0 4440.0 6040.0 4840.0 5240.0 6840.0 4840.0 3620.0 6640.0 4040.0 4040.0 4840.0 6040.0 9260.0 7040.0 5240.0 4640.0 3020.0 5240.0 0.0 4640.0 2420.0 2420.0 8260.0 5040.0 3840.0 7460.0 2620.0 5040.0 4440.0 3420.0 6040.0 4640.0 4440.0 2220.0 2420.0 4640.0 5840.0 5840.0 2820.0 7240.0 2620.0 7240.0 4840.0 6840.0 6440.0
0.0 8260.0 6040.0 5440.0 5440.0 2820.0 7040.0 2820.0 5840.0 5040.0 5840.0 3420.0 7660.0 1820.0 7860.0 2820.0 2220.0 5440.0 6440.0 7040.0 1820.0 7040.0 2020.0 5040.0 4040.0 4440.0 3840.0 6440.0 3620.0 2820.0 3220.0 5040.0 3620.0 7240.0 3620.0 3620.0 3840.0 3840.0 5440.0 6440.0 3840.0 3620.0 6040.0 7860.0 4040.0 4840.0 4040.0 3420.0 1820.0 3840.0 5640.0 4840.0 2820.0 3220.0 4640.0 3020.0 5640.0 5040.0 4440.0 4240.0 6640.0 2420.0 2620.0 4840.0 3020.0 4640.0 2820.0 5040.0 8060.0 6040.0 4440.0 5040.0 4840.0 5840.0 4440.0 0.0 3220.0 3620.0 7240.0 4040.0 2820.0 6440.0 1620.0 4040.0 3420.0 2420.0 5440.0 3620.0 3620.0 3420.0 1420.0 4840.0 4840.0 4840.0 4640.0 6240.0 3620.0 6240.0 4640.0 2220.0 3840.0
0.0 5640.0 5040.0 5240.0 5840.0 4440.0 6840.0 5440.0 6640.0 2620.0 7660.0 3420.0 7460.0 5040.0 7460.0 6240.0 3220.0 6640.0 8860.0 8060.0 5040.0 8260.0 1820.0 3620.0 6040.0 5640.0 5440.0 5240.0 5040.0 6040.0 4040.0 6640.0 1020.0 4640.0 4840.0 3620.0 7240.0 5440.0 4040.0 7040.0 4040.0 4840.0 8260.0 8860.0 5240.0 5440.0 5240.0 3220.0 5040.0 4840.0 6040.0 4840.0 6240.0 5840.0 6640.0 4440.0 5640.0 4840.0 4440.0 5440.0 8060.0 2420.0 4240.0 4840.0 2820.0 3220.0 4040.0 8460.0 9060.0 5840.0 3020.0 4440.0 4640.0 5240.0 5040.0 3420.0 0.0 4040.0 7040.0 7460.0 3420.0 7040.0 5040.0 5840.0 5240.0 5240.0 7040.0 4640.0 6040.0 420.0 4840.0 2220.0 6440.0 7460.0 4440.0 6440.0 4640.0 6240.0 6440.0 5640.0 4640.0
0.0 8460.0 6640.0 8860.0 2020.0 5040.0 9260.0 5440.0 5040.0 5640.0 8460.0 6240.0 7660.0 6040.0 7460.0 8860.0 6240.0 6240.0 7240.0 7460.0 2220.0 7460.0 6240.0 5040.0 7040.0 7040.0 5040.0 6840.0 6240.0 4240.0 4840.0 7240.0 3840.0 7240.0 4040.0 5240.0 3220.0 5840.0 5640.0 7660.0 4440.0 4240.0 8860.0 8060.0 4440.0 4840.0 7460.0 4840.0 4440.0 5040.0 5440.0 6240.0 4040.0 6440.0 3420.0 5040.0 7660.0 7460.0 6040.0 5840.0 8860.0 5440.0 4840.0 6240.0 4440.0 4240.0 6640.0 9260.0 8460.0 10260.0 4440.0 5640.0 6240.0 6240.0 6240.0 7240.0 4840.0 0.0 9660.0 8660.0 7040.0 7040.0 7660.0 4240.0 3620.0 5240.0 4040.0 4840.0 2020.0 5040.0 7860.0 5240.0 3840.0 7660.0 6040.0 8460.0 4840.0 8460.0 4040.0 7660.0 6640.0
0.0 9860.0 8060.0 7460.0 4840.0 3840.0 9060.0 4840.0 5440.0 6440.0 7040.0 7040.0 9660.0 3840.0 5640.0 6440.0 3840.0 5040.0 8660.0 8660.0 3620.0 6640.0 4040.0 5240.0 6040.0 3620.0 7040.0 6240.0 5640.0 6640.0 6240.0 6040.0 5240.0 7240.0 5240.0 5640.0 7660.0 1820.0 5640.0 8060.0 5840.0 5240.0 8060.0 6640.0 5640.0 3840.0 5240.0 5040.0 3420.0 1220.0 4440.0 7040.0 6240.0 5440.0 6240.0 5040.0 4840.0 6440.0 6640.0 6240.0 7660.0 6240.0 4640.0 5040.0 5040.0 4240.0 4440.0 6640.0 9460.0 8060.0 6440.0 5640.0 6640.0 3620.0 6040.0 3840.0 5240.0 5240.0 0.0 6240.0 5040.0 7460.0 3620.0 5640.0 5040.0 4440.0 7040.0 1020.0 5240.0 5440.0 5240.0 6440.0 4240.0 6840.0 6440.0 7460.0 5240.0 8460.0 6640.0 6040.0 5440.0
0.0 7460.0 6640.0 3620.0 6240.0 3620.0 3020.0 4840.0 3840.0 4440.0 7860.0 5440.0 8060.0 3840.0 5640.0 6640.0 5240.0 3220.0 5840.0 7040.0 1220.0 4840.0 4040.0 4640.0 6040.0 5640.0 3840.0 5440.0 5240.0 5240.0 3840.0 5840.0 2820.0 6240.0 6640.0 2820.0 5840.0 4440.0 5640.0 5640.0 3020.0 3620.0 7660.0 6840.0 5240.0 820.0 3020.0 3620.0 4440.0 1220.0 1620.0 6640.0 3020.0 2620.0 6640.0 3840.0 5640.0 4640.0 6040.0 4440.0 7460.0 4440.0 3420.0 3220.0 5040.0 3220.0 5040.0 1020.0 7040.0 6040.0 4440.0 4640.0 4640.0 5440.0 5240.0 5240.0 5240.0 4640.0 3420.0 0.0 3840.0 5640.0 3620.0 3220.0 2620.0 4440.0 2820.0 3420.0 1020.0 5440.0 6640.0 4040.0 6840.0 6840.0 5040.0 4440.0 4440.0 7240.0 6440.0 4640.0 4640.0
0.0 10260.0 8460.0 7240.0 5040.0 6240.0 9660.0 5240.0 7860.0 7040.0 8260.0 6840.0 7860.0 5840.0 5640.0 6640.0 6840.0 7460.0 8260.0 9060.0 5440.0 5840.0 6040.0 7660.0 5640.0 5840.0 7860.0 7460.0 5440.0 7040.0 3220.0 6040.0 5640.0 6640.0 5840.0 3020.0 6440.0 4240.0 7040.0 6240.0 5640.0 5640.0 8460.0 6240.0 7240.0 5240.0 2820.0 2420.0 6440.0 3420.0 6040.0 8260.0 6840.0 5040.0 6240.0 5240.0 5640.0 7660.0 8660.0 7040.0 7660.0 7240.0 6040.0 7460.0 7040.0 4840.0 6240.0 9460.0 10060.0 10060.0 7660.0 6240.0 4040.0 7040.0 6640.0 4840.0 5640.0 3220.0 4640.0 8460.0 0.0 3620.0 6040.0 2620.0 6840.0 5040.0 5840.0 3420.0 5240.0 5840.0 6240.0 7040.0 6640.0 7240.0 3620.0 8660.0 3840.0 9660.0 4640.0 7040.0 7240.0
0.0 8660.0 7240.0 8860.0 7460.0 5240.0 9060.0 6640.0 8860.0 5640.0 10660.0 6640.0 4440.0 6840.0 9460.0 6840.0 6440.0 8860.0 11080.0 9860.0 6640.0 10460.0 6640.0 4640.0 7040.0 5040.0 4640.0 8460.0 4840.0 8060.0 6840.0 7240.0 4040.0 7660.0 7860.0 5640.0 6040.0 5440.0 7240.0 7660.0 4640.0 6440.0 7660.0 2620.0 8460.0 6440.0 8460.0 6240.0 6440.0 5240.0 7040.0 6840.0 3840.0 7860.0 7660.0 5240.0 6440.0 7240.0 7660.0 6040.0 8860.0 5640.0 5040.0 8060.0 6440.0 5840.0 6240.0 9260.0 10660.0 10460.0 6040.0 5840.0 5840.0 6640.0 7040.0 5440.0 5040.0 7040.0 9460.0 9460.0 7240.0 0.0 7040.0 8660.0 8060.0 7660.0 2220.0 5040.0 8860.0 5240.0 6840.0 5440.0 7860.0 8860.0 7460.0 9460.0 4840.0 8660.0 1220.0 7660.0 4240.0
0.0 6840.0 4440.0 3840.0 4440.0 1420.0 5440.0 1220.0 4440.0 3420.0 4240.0 5040.0 6240.0 220.0 6640.0 4640.0 4240.0 5040.0 7660.0 6640.0 3620.0 6640.0 620.0 3620.0 2420.0 4040.0 5840.0 4840.0 2220.0 4040.0 4640.0 3420.0 2420.0 6040.0 3840.0 2420.0 5240.0 3020.0 4040.0 6040.0 5040.0 3840.0 4640.0 7460.0 4040.0 3220.0 4240.0 1820.0 3620.0 2220.0 4040.0 3420.0 4840.0 4440.0 3020.0 1420.0 5240.0 3620.0 3220.0 2820.0 5040.0 4040.0 1220.0 4640.0 1620.0 3020.0 2420.0 3420.0 7860.0 4640.0 2820.0 4440.0 3420.0 5240.0 4040.0 2220.0 1620.0 2620.0 5840.0 2620.0 1420.0 5040.0 0.0 4040.0 5040.0 1020.0 4240.0 2220.0 3620.0 1820.0 3420.0 3840.0 3220.0 3420.0 3020.0 4840.0 4640.0 4840.0 3020.0 4240.0 5440.0
0.0 8060.0 7860.0 8460.0 4840.0 4840.0 7040.0 6640.0 7040.0 5640.0 9660.0 6440.0 7860.0 5640.0 9060.0 6640.0 6040.0 7860.0 8460.0 6440.0 4640.0 3220.0 5840.0 6440.0 3020.0 7040.0 7660.0 4840.0 6440.0 4440.0 620.0 7040.0 3840.0 7460.0 4240.0 7240.0 5440.0 5440.0 7040.0 3620.0 5440.0 3020.0 8660.0 6640.0 4640.0 7240.0 7860.0 6640.0 4640.0 4640.0 8060.0 5640.0 6640.0 7040.0 3620.0 6240.0 8060.0 7860.0 6040.0 4440.0 8660.0 5440.0 5840.0 7860.0 4440.0 4440.0 6040.0 8860.0 7860.0 9860.0 5840.0 5840.0 6240.0 6640.0 6440.0 4040.0 5240.0 7460.0 8460.0 8060.0 6840.0 4040.0 5440.0 0.0 6040.0 6440.0 4840.0 4640.0 7460.0 4840.0 5240.0 5240.0 6040.0 8460.0 7240.0 7460.0 1220.0 7240.0 3620.0 6040.0 6840.0
0.0 8660.0 8460.0 7040.0 5640.0 4040.0 7660.0 6640.0 6240.0 6240.0 9660.0 3020.0 8460.0 5640.0 8460.0 7240.0 6640.0 8060.0 3620.0 5440.0 5240.0 3840.0 5840.0 5040.0 3620.0 6840.0 8060.0 5440.0 3020.0 5040.0 1220.0 4840.0 4440.0 6040.0 5040.0 5040.0 6040.0 5840.0 6040.0 4440.0 5240.0 3620.0 8260.0 7240.0 5240.0 3020.0 7040.0 4440.0 5240.0 5040.0 3840.0 6440.0 7240.0 4840.0 4240.0 4240.0 5240.0 8460.0 4240.0 5040.0 6240.0 2020.0 3840.0 4640.0 5040.0 5040.0 6240.0 7860.0 7860.0 9860.0 6440.0 6440.0 6040.0 7240.0 6840.0 4640.0 5440.0 5240.0 8660.0 7040.0 6040.0 4640.0 5440.0 820.0 0.0 6240.0 5440.0 4840.0 7240.0 5040.0 5240.0 5840.0 6640.0 8260.0 5640.0 6840.0 1820.0 7460.0 4240.0 6640.0 6640.0
0.0 6240.0 3620.0 4640.0 5040.0 5040.0 6840.0 420.0 5040.0 3220.0 3420.0 4040.0 7860.0 1020.0 7460.0 3840.0 4040.0 4040.0 8460.0 7860.0 4440.0 5640.0 1220.0 4240.0 3020.0 3220.0 6240.0 5440.0 2820.0 4640.0 4240.0 5440.0 1620.0 5240.0 4440.0 3020.0 6440.0 5640.0 4640.0 5240.0 4840.0 4440.0 3620.0 6840.0 4640.0 6040.0 4240.0 2420.0 4240.0 3420.0 6640.0 4040.0 5640.0 5240.0 3620.0 5240.0 4440.0 4240.0 3840.0 4640.0 7040.0 3220.0 4840.0 4240.0 2220.0 3840.0 1420.0 7660.0 7240.0 5240.0 3620.0 4840.0 4040.0 5640.0 3020.0 2820.0 820.0 3420.0 6440.0 6840.0 4040.0 6640.0 4240.0 6040.0 5840.0 0.0 3840.0 4640.0 5440.0 1020.0 4040.0 2820.0 5040.0 2420.0 3840.0 3840.0 4840.0 5640.0 3840.0 4840.0 5240.0
0.0 9860.0 9260.0 9460.0 7240.0 7460.0 8460.0 7240.0 9860.0 6840.0 10260.0 7660.0 7460.0 6440.0 10460.0 7860.0 6440.0 9860.0 9460.0 9460.0 6640.0 11080.0 6640.0 7860.0 7860.0 8860.0 4440.0 9460.0 7040.0 8060.0 7660.0 9460.0 5240.0 6640.0 8060.0 7460.0 8660.0 6840.0 8260.0 10060.0 7660.0 6040.0 5440.0 8660.0 8460.0 8660.0 8460.0 6840.0 6440.0 8260.0 6040.0 9460.0 8060.0 7040.0 8460.0 7460.0 7460.0 9260.0 8860.0 8860.0 11080.0 6840.0 7240.0 6840.0 7660.0 7460.0 7240.0 9460.0 11080.0 10660.0 7240.0 5640.0 5640.0 6240.0 8060.0 5240.0 7660.0 5440.0 9860.0 8660.0 7460.0 9260.0 6240.0 8660.0 8060.0 7040.0 0.0 8060.0 7460.0 7860.0 6040.0 6440.0 9260.0 9460.0 8260.0 8660.0 2620.0 10660.0 8460.0 7460.0 7460.0
0.0 9060.0 7240.0 6640.0 4440.0 3020.0 8260.0 4040.0 4640.0 5640.0 6240.0 6240.0 8860.0 3020.0 4640.0 5640.0 4240.0 4240.0 7860.0 8460.0 4840.0 5840.0 3220.0 5040.0 5240.0 2620.0 6240.0 5440.0 4840.0 5840.0 6040.0 5240.0 5240.0 6240.0 5640.0 5040.0 6640.0 1020.0 4840.0 7460.0 5240.0 5640.0 7240.0 5840.0 6040.0 2820.0 4440.0 4640.0 4840.0 220.0 3620.0 6040.0 5440.0 4640.0 5840.0 4240.0 4040.0 5440.0 5840.0 5440.0 6640.0 5240.0 3840.0 4240.0 4240.0 3420.0 4840.0 6240.0 9060.0 7240.0 5640.0 4840.0 6040.0 5640.0 5440.0 3020.0 4440.0 4640.0 7660.0 5240.0 4040.0 6640.0 2820.0 5640.0 5640.0 3620.0 6640.0 0.0 6240.0 4640.0 4440.0 6440.0 3420.0 6040.0 5840.0 6640.0 6440.0 7460.0 5840.0 5240.0 5840.0
0.0 6440.0 6040.0 7460.0 5440.0 4640.0 7240.0 5640.0 6040.0 3620.0 8460.0 4440.0 7460.0 6040.0 6240.0 6840.0 4240.0 7660.0 5240.0 6840.0 220.0 5440.0 6440.0 4440.0 5040.0 6640.0 3020.0 6240.0 4240.0 6240.0 2820.0 6240.0 1820.0 5240.0 5640.0 3220.0 6840.0 5040.0 5040.0 5840.0 4040.0 5040.0 7460.0 6640.0 4440.0 4640.0 5440.0 2820.0 4840.0 4640.0 5440.0 6640.0 2020.0 5440.0 5840.0 4840.0 6040.0 5840.0 5040.0 5440.0 7860.0 3420.0 4440.0 5840.0 4840.0 2420.0 4840.0 7660.0 9460.0 9460.0 3840.0 3620.0 4240.0 4440.0 4240.0 6040.0 5440.0 3620.0 8060.0 7040.0 6640.0 6240.0 6640.0 2220.0 1620.0 5240.0 2020.0 4640.0 0.0 5240.0 6440.0 3220.0 7240.0 7660.0 4040.0 7460.0 3420.0 7240.0 5640.0 5640.0 4640.0
0.0 5840.0 5440.0 5640.0 6240.0 4840.0 7040.0 5640.0 7040.0 3020.0 8060.0 3840.0 7660.0 4840.0 7860.0 6440.0 3620.0 6840.0 9060.0 8460.0 5440.0 8660.0 2220.0 3840.0 6240.0 6040.0 5240.0 5440.0 5440.0 6240.0 4240.0 6840.0 1220.0 4840.0 5040.0 4040.0 7460.0 5840.0 4240.0 7460.0 4440.0 5040.0 8460.0 9260.0 5440.0 5640.0 5440.0 3420.0 5240.0 5040.0 6440.0 5040.0 6640.0 6240.0 6840.0 4840.0 6040.0 5240.0 4840.0 5840.0 8460.0 2820.0 4440.0 5240.0 3220.0 3420.0 4240.0 8660.0 9460.0 6240.0 3220.0 4840.0 5040.0 5640.0 5240.0 3840.0 420.0 4440.0 7460.0 7860.0 3620.0 7240.0 5440.0 6240.0 5640.0 5440.0 7240.0 4840.0 6440.0 0.0 5240.0 2620.0 6640.0 7860.0 4840.0 6640.0 4840.0 6640.0 6840.0 6040.0 4840.0
0.0 7040.0 4640.0 4040.0 4640.0 1620.0 5640.0 1420.0 4640.0 3620.0 4440.0 5240.0 6440.0 420.0 6840.0 4840.0 4440.0 5240.0 7460.0 6840.0 2420.0 6840.0 820.0 3840.0 2620.0 4240.0 5240.0 5040.0 2420.0 4240.0 1820.0 3620.0 2620.0 6240.0 4040.0 2620.0 5440.0 3220.0 4240.0 6240.0 5240.0 4040.0 4840.0 7660.0 4240.0 3620.0 4440.0 2020.0 3840.0 2620.0 4240.0 3620.0 4240.0 4640.0 3220.0 1620.0 5440.0 3840.0 3420.0 3020.0 5240.0 4240.0 1420.0 4840.0 1820.0 3220.0 2620.0 3840.0 8060.0 4840.0 3020.0 4640.0 3620.0 5440.0 4240.0 2420.0 1820.0 3020.0 6040.0 2820.0 1620.0 5240.0 420.0 4240.0 3840.0 1220.0 4240.0 2420.0 2220.0 2020.0 0.0 4040.0 3420.0 3620.0 3220.0 5040.0 2420.0 5040.0 3220.0 4440.0 5640.0
0.0 3420.0 3020.0 7040.0 3840.0 3840.0 4640.0 3220.0 4840.0 2820.0 5640.0 4840.0 5240.0 3840.0 7240.0 5640.0 1220.0 4440.0 6640.0 6040.0 4640.0 6240.0 4040.0 1420.0 3840.0 3620.0 6240.0 3020.0 3020.0 3840.0 4040.0 6040.0 3220.0 2420.0 2620.0 4640.0 5840.0 3620.0 1820.0 5040.0 3220.0 2620.0 6040.0 6840.0 3020.0 3220.0 3020.0 4440.0 5640.0 3840.0 4040.0 4440.0 6240.0 5040.0 4440.0 4040.0 4840.0 2820.0 5840.0 4640.0 7660.0 4040.0 3620.0 4640.0 4840.0 1020.0 1820.0 6240.0 7040.0 7860.0 820.0 2420.0 4840.0 3220.0 2820.0 3840.0 2420.0 2620.0 5040.0 7040.0 4240.0 5040.0 5440.0 3840.0 3220.0 3020.0 4840.0 3620.0 4640.0 2220.0 5240.0 0.0 4240.0 5440.0 5640.0 6040.0 3620.0 6440.0 4440.0 5840.0 2820.0
0.0 8060.0 6840.0 7860.0 3840.0 4240.0 7460.0 4840.0 1220.0 5240.0 8260.0 4640.0 8860.0 5440.0 3840.0 8460.0 4840.0 7240.0 6640.0 5840.0 6240.0 8460.0 4440.0 1620.0 4040.0 5640.0 6040.0 6440.0 4440.0 5640.0 5840.0 6240.0 3420.0 5240.0 2420.0 5640.0 6240.0 5040.0 3220.0 6440.0 5240.0 2420.0 7460.0 4240.0 5640.0 3420.0 6440.0 5640.0 7040.0 5040.0 4240.0 7240.0 7660.0 5240.0 4640.0 5040.0 3840.0 7460.0 6240.0 3840.0 7860.0 4240.0 5640.0 6640.0 5440.0 2420.0 5440.0 7860.0 6840.0 7240.0 5440.0 3840.0 7240.0 4640.0 4240.0 5840.0 2620.0 6240.0 6440.0 7240.0 3840.0 7240.0 6840.0 5240.0 4640.0 7460.0 5840.0 5040.0 6440.0 2420.0 6640.0 4840.0 0.0 6840.0 6840.0 7040.0 6240.0 8460.0 4640.0 8060.0 4840.0
0.0 10060.0 9660.0 9060.0 6840.0 6440.0 9860.0 6440.0 4640.0 6040.0 9460.0 6240.0 8860.0 5440.0 7240.0 8460.0 7860.0 9660.0 10260.0 10660.0 7240.0 8060.0 5840.0 8660.0 7240.0 8260.0 5640.0 6040.0 3020.0 7460.0 4840.0 8060.0 6040.0 5840.0 7660.0 4840.0 8460.0 6640.0 9060.0 4840.0 6640.0 7240.0 6840.0 8460.0 8460.0 6440.0 5240.0 4440.0 7860.0 5840.0 7240.0 7460.0 8860.0 7040.0 7460.0 6640.0 7240.0 8860.0 7660.0 7860.0 9460.0 7660.0 6240.0 8060.0 6840.0 6640.0 7460.0 8660.0 11080.0 9860.0 8060.0 6840.0 5840.0 7660.0 2820.0 6640.0 5240.0 5240.0 6440.0 7860.0 2420.0 6040.0 5240.0 5040.0 7240.0 6240.0 1420.0 5640.0 7240.0 4840.0 5040.0 7240.0 8460.0 0.0 5640.0 9260.0 3840.0 9660.0 7040.0 8660.0 6440.0
0.0 8060.0 7660.0 5440.0 7040.0 6840.0 9260.0 6640.0 6040.0 5040.0 10260.0 6040.0 9860.0 3020.0 7040.0 7460.0 5640.0 7460.0 10460.0 7660.0 6440.0 9060.0 3220.0 6040.0 5040.0 6840.0 7460.0 7460.0 4240.0 6640.0 6240.0 8260.0 3420.0 7040.0 6440.0 5040.0 8060.0 6240.0 3420.0 6240.0 6640.0 6440.0 9460.0 10060.0 6640.0 7860.0 7040.0 4640.0 6440.0 5440.0 8460.0 6040.0 7660.0 7240.0 5640.0 7040.0 4040.0 5240.0 5840.0 6640.0 9660.0 5040.0 6640.0 7240.0 4240.0 5640.0 6440.0 8660.0 10860.0 7240.0 5440.0 7040.0 6040.0 5440.0 4240.0 4840.0 2620.0 5440.0 7240.0 8860.0 5840.0 8460.0 6440.0 7860.0 7860.0 7040.0 7040.0 5440.0 7460.0 2220.0 6240.0 4640.0 5840.0 8860.0 0.0 8860.0 6840.0 8260.0 5840.0 6640.0 7040.0
0.0 10460.0 8660.0 8060.0 9060.0 5640.0 4240.0 7660.0 5240.0 7660.0 11080.0 8460.0 9260.0 7460.0 7460.0 8460.0 7040.0 6840.0 8660.0 7460.0 5240.0 8460.0 6840.0 5840.0 8060.0 5640.0 7660.0 8860.0 6640.0 7460.0 7860.0 7660.0 5840.0 9260.0 8460.0 8460.0 5240.0 7240.0 7660.0 8660.0 6440.0 4040.0 8460.0 3020.0 8460.0 7660.0 7240.0 7860.0 6440.0 6640.0 7860.0 8260.0 6640.0 8060.0 8660.0 7040.0 6840.0 7660.0 9460.0 7860.0 9260.0 7460.0 6840.0 6840.0 7860.0 6240.0 6640.0 9860.0 11080.0 4440.0 6440.0 7660.0 8660.0 6840.0 6440.0 5840.0 5040.0 7240.0 9860.0 9660.0 8260.0 9260.0 7240.0 7460.0 6640.0 8060.0 9660.0 6440.0 7860.0 4640.0 7040.0 7040.0 9660.0 9660.0 9060.0 0.0 8460.0 10460.0 8660.0 7040.0 6040.0
0.0 7460.0 6840.0 8060.0 7860.0 5640.0 8660.0 5440.0 7460.0 4440.0 8460.0 5240.0 9260.0 4640.0 9260.0 5440.0 4840.0 8260.0 9260.0 6840.0 4640.0 9660.0 4840.0 5440.0 6640.0 7240.0 6440.0 7040.0 5640.0 5640.0 5840.0 7660.0 2820.0 6440.0 6240.0 6040.0 6440.0 6440.0 5840.0 7660.0 5840.0 3620.0 8860.0 6240.0 6840.0 7240.0 6840.0 5640.0 4640.0 6240.0 7860.0 7660.0 5640.0 6040.0 7240.0 5640.0 7460.0 6640.0 6240.0 7040.0 9260.0 4240.0 5440.0 6640.0 5840.0 5040.0 5640.0 7860.0 10660.0 8860.0 4840.0 5840.0 7040.0 6640.0 5640.0 2820.0 5840.0 6240.0 7460.0 6840.0 5640.0 9060.0 4440.0 6640.0 6040.0 5240.0 8260.0 6440.0 6240.0 6040.0 4240.0 4040.0 7460.0 7660.0 6040.0 6240.0 0.0 8060.0 7240.0 5040.0 6440.0
0.0 5640.0 7240.0 6240.0 6840.0 2620.0 1220.0 6240.0 5440.0 6440.0 9260.0 6440.0 6240.0 5440.0 4240.0 8260.0 6640.0 7460.0 7040.0 8860.0 4840.0 9260.0 5640.0 2820.0 5040.0 6040.0 4440.0 6640.0 2820.0 6640.0 5640.0 4840.0 4840.0 8460.0 6440.0 4640.0 6840.0 4440.0 7860.0 5640.0 7040.0 6440.0 8060.0 7660.0 5440.0 4640.0 4440.0 4240.0 4640.0 3620.0 5440.0 8060.0 3420.0 6440.0 5640.0 6040.0 4240.0 6440.0 7460.0 6440.0 6240.0 5440.0 5640.0 7660.0 6240.0 6640.0 7240.0 8660.0 9260.0 9660.0 6640.0 5640.0 5640.0 6440.0 3620.0 6440.0 3840.0 5040.0 8460.0 7660.0 6440.0 8060.0 5240.0 6840.0 6240.0 6040.0 6840.0 3420.0 7040.0 3620.0 5040.0 6040.0 6640.0 8060.0 5240.0 8460.0 6040.0 0.0 5640.0 7460.0 8260.0
0.0 7660.0 6240.0 9660.0 8060.0 6640.0 8860.0 7660.0 7860.0 4640.0 9860.0 5640.0 8660.0 7460.0 9660.0 5840.0 5440.0 8660.0 10660.0 10260.0 7660.0 10460.0 7860.0 5640.0 8060.0 7860.0 5440.0 7240.0 6040.0 7660.0 6040.0 8660.0 3020.0 6640.0 6840.0 8060.0 9660.0 7460.0 6240.0 6640.0 6040.0 6840.0 6640.0 9860.0 7240.0 7460.0 7460.0 7460.0 7660.0 5840.0 7240.0 5840.0 9260.0 8260.0 8660.0 6640.0 7860.0 7040.0 6640.0 7460.0 10260.0 4640.0 6440.0 7040.0 8460.0 5240.0 6040.0 10660.0 9460.0 11080.0 5040.0 6640.0 6240.0 7460.0 6040.0 6440.0 6640.0 6640.0 8860.0 9860.0 8460.0 9260.0 7240.0 8060.0 7460.0 7240.0 1220.0 6440.0 8660.0 6440.0 7040.0 4440.0 8460.0 9660.0 8660.0 8460.0 3620.0 8260.0 0.0 8660.0 6840.0
0.0 8260.0 5040.0 5840.0 6040.0 2220.0 6640.0 3840.0 6240.0 4640.0 6840.0 7040.0 7040.0 4440.0 6640.0 5240.0 5440.0 6240.0 4440.0 5640.0 2820.0 7860.0 4640.0 3420.0 4640.0 4240.0 5240.0 5240.0 4640.0 620.0 5440.0 4440.0 4640.0 5240.0 4840.0 1620.0 1620.0 3020.0 4040.0 6440.0 1620.0 2220.0 7040.0 6040.0 6240.0 4840.0 5240.0 4840.0 2820.0 2220.0 5640.0 5440.0 7240.0 1220.0 5240.0 2420.0 5440.0 7240.0 6240.0 3020.0 6040.0 6040.0 2020.0 6040.0 4640.0 3020.0 4640.0 5640.0 8260.0 7460.0 2820.0 4440.0 6040.0 5240.0 4440.0 4440.0 4240.0 4440.0 6640.0 4840.0 2420.0 4640.0 4840.0 5040.0 4440.0 3420.0 6240.0 2020.0 5640.0 4240.0 5440.0 5840.0 5440.0 5040.0 6040.0 6440.0 6040.0 5840.0 5240.0 0.0 5440.0
0.0 7660.0 5840.0 4840.0 5240.0 1020.0 5640.0 2620.0 5440.0 5640.0 7040.0 6640.0 5840.0 3840.0 5440.0 6040.0 4440.0 5040.0 6840.0 5640.0 5040.0 6640.0 2620.0 3840.0 3420.0 3020.0 6640.0 5440.0 5240.0 5040.0 2820.0 3220.0 4840.0 6640.0 4840.0 4040.0 4440.0 1820.0 4240.0 7240.0 420.0 2420.0 6640.0 6640.0 5040.0 3620.0 5240.0 3840.0 5040.0 1020.0 4440.0 5440.0 5840.0 3620.0 4040.0 1220.0 4240.0 5640.0 5240.0 1820.0 4840.0 5640.0 820.0 5040.0 3620.0 3840.0 3420.0 7040.0 7040.0 6640.0 5040.0 4640.0 5440.0 5440.0 5040.0 3420.0 4040.0 4840.0 7660.0 6040.0 3020.0 6640.0 3620.0 5640.0 5840.0 4440.0 5240.0 820.0 5040.0 3840.0 4240.0 4840.0 4240.0 4640.0 5240.0 7240.0 3420.0 4640.0 4240.0 5440.0 0.0
