100 3
1394 4350 4350 8 6
1312 11310 11310 10 9
770 2112 2112 1 8
2352 0 0 4 6
252 11438 11438 2 2
885 6480 6480 5 3
567 2000 2000 1 8
1764 10448 10448 9 9
84 1140 1140 5 2
441 0 0 3 9
195 0 0 7 4
80 13992 13992 8 8
1264 0 0 7 1
1480 11808 11808 6 1
1638 0 0 9 6
1675 4605 4605 3 3
432 0 0 3 5
1932 0 0 5 6
1216 18446 18446 2 3
1491 10660 10660 10 10
21 11475 11475 6 5
1300 528 528 1 6
171 9675 9675 10 8
420 0 0 10 1
782 15939 15939 8 5
936 10750 10750 6 10
180 0 0 2 1
1078 5136 5136 10 3
1235 9100 9100 1 5
1407 6912 6912 3 8
408 9600 9600 8 3
2150 3700 3700 1 7
285 9844 9844 8 6
1920 3312 3312 8 9
1298 0 0 2 7
2016 0 0 5 1
2208 0 0 7 9
952 7040 7040 8 7
570 3960 3960 2 4
1044 13892 13892 7 10
1782 7939 7939 2 6
1034 11077 11077 8 1
1406 1886 1886 9 5
1725 4928 4928 4 10
1044 17616 17616 4 9
1326 6460 6460 9 2
2300 3744 3744 5 5
1748 17296 17296 9 6
1029 2115 2115 9 6
1350 0 0 4 4
480 16654 16654 7 9
360 6785 6785 6 9
1320 2941 2941 10 2
1100 0 0 3 7
450 11140 11140 8 6
2024 14184 14184 1 7
1475 0 0 5 5
1368 5952 5952 10 4
1504 2185 2185 10 4
1386 13850 13850 3 1
1700 10926 10926 3 9
1062 2940 2940 8 2
736 0 0 2 8
76 9424 9424 5 4
1520 2442 2442 7 1
690 9844 9844 8 1
475 12270 12270 3 2
1632 12640 12640 3 5
200 13128 13128 7 2
63 2961 2961 3 4
144 0 0 2 3
1780 14651 14651 9 4
275 7968 7968 4 5
828 0 0 5 2
1173 12800 12800 2 8
20 8569 8569 7 8
936 4579 4579 1 3
690 4368 4368 4 2
1040 4680 4680 9 4
975 506 506 3 6
540 7871 7871 3 10
765 9450 9450 4 5
1155 1648 1648 8 3
1827 10400 10400 8 3
2156 0 0 6 4
1748 12000 12000 6 3
480 9984 9984 9 3
1880 8736 8736 3 10
1804 4956 4956 2 6
864 11316 11316 8 10
1848 0 0 5 4
1265 5334 5334 7 8
980 0 0 9 8
893 10978 10978 10 9
1914 17000 17000 6 2
1088 0 0 8 8
2275 5111 5111 3 3
2024 11250 11250 10 10
207 8752 8752 7 6
532 75 75 10 1
SETUP
0 21 161 101 81 41 101 101 21 61 81 141 101 121 101 81 121 21 101 41 81 61 121 61 141 81 141 121 141 101 121 141 81 101 121 121 121 101 41 81 121 101 141 61 61 141 81 121 141 101 81 81 81 61 141 121 101 101 41 41 81 141 81 101 81 101 121 81 121 21 61 81 141 141 81 41 161 201 121 121 81 141 41 21 61 61 161 121 81 41 61 81 121 141 141 81 101 121 41 141 101
0 0 201 661 681 641 661 681 641 181 621 701 661 661 701 561 641 621 661 641 621 681 161 601 721 661 641 221 661 681 701 621 621 621 681 661 621 581 661 621 161 661 681 661 641 621 121 161 681 701 681 701 121 681 701 661 661 581 641 641 701 681 641 661 681 681 601 681 681 641 601 701 721 661 161 641 181 261 621 661 621 681 161 641 681 661 721 721 121 741 161 661 161 741 641 681 581 641 661 661 181
0 141 0 661 621 621 621 641 621 61 661 681 641 601 661 601 661 621 601 581 601 581 181 641 581 621 681 201 681 621 681 641 661 601 661 641 661 561 621 641 201 601 541 601 601 641 141 181 681 641 621 641 121 641 641 661 641 641 581 581 641 661 621 601 681 641 581 661 621 601 641 601 681 641 101 581 181 161 601 641 621 681 101 621 621 581 561 661 121 681 101 621 141 681 681 621 621 621 581 541 181
0 601 601 0 121 121 521 661 601 581 621 681 581 641 621 81 621 601 641 621 601 601 601 601 601 601 121 641 161 641 641 621 621 581 121 581 621 581 141 521 661 641 601 621 581 581 541 641 601 161 101 621 581 641 601 81 521 601 621 541 621 641 601 581 661 181 121 641 641 601 601 641 561 581 601 621 641 741 581 121 601 601 621 121 541 581 161 661 621 661 641 581 641 641 621 541 581 601 601 81 561
0 601 641 101 0 81 601 621 601 601 561 661 601 541 621 61 641 581 581 601 561 561 601 561 681 581 141 701 161 601 641 601 561 581 121 581 601 621 41 581 621 561 601 621 581 601 621 621 661 101 141 601 581 601 661 121 621 581 541 601 661 621 601 561 621 141 161 641 641 521 561 561 621 601 621 601 601 721 601 121 601 661 621 21 641 541 161 641 581 641 621 581 661 681 661 641 561 601 541 121 621
0 621 681 121 101 0 601 661 621 661 601 661 641 641 641 61 641 621 621 621 561 581 641 581 681 661 161 681 141 641 581 601 601 601 161 601 601 661 141 601 641 641 661 641 581 601 601 641 661 141 101 641 581 621 661 141 601 581 561 621 641 661 581 621 661 161 181 621 661 541 581 601 661 661 641 621 661 741 661 101 601 661 641 121 621 581 201 621 601 681 641 621 701 681 641 601 561 621 561 161 661
0 601 601 621 641 601 0 661 101 581 641 681 81 621 121 621 601 601 621 601 101 581 621 621 101 601 601 641 641 621 621 621 641 81 601 601 141 581 621 21 701 641 101 601 581 581 541 641 101 661 601 161 581 641 601 661 521 621 621 61 661 621 581 581 641 661 601 641 641 601 141 621 61 561 601 601 621 741 581 601 601 101 621 601 541 581 641 661 641 661 621 581 641 641 621 541 121 601 621 581 561
0 661 721 681 681 661 641 0 641 701 641 181 701 621 681 621 681 161 621 681 641 641 681 621 661 661 701 741 681 601 641 641 641 641 701 161 641 701 681 641 681 621 681 201 601 641 641 681 701 721 641 701 581 681 701 681 641 621 661 661 221 121 121 141 201 701 721 161 681 661 621 181 701 161 681 681 681 741 641 681 581 701 681 661 161 641 641 641 641 701 681 641 741 721 181 641 601 101 661 701 681
0 501 681 581 621 521 101 681 0 661 621 681 161 661 141 561 641 621 641 621 81 601 661 601 181 621 641 601 661 581 601 621 621 101 661 621 121 581 641 101 661 581 141 661 581 621 621 661 181 641 621 101 581 601 681 641 601 581 581 141 561 681 561 601 561 681 601 641 681 561 101 601 161 621 661 641 681 741 621 621 621 181 641 621 621 601 701 621 621 661 641 641 661 701 661 621 81 621 581 661 661
0 101 201 621 581 621 641 681 601 0 621 661 661 561 681 561 641 601 601 621 621 561 141 601 721 601 681 221 661 621 701 621 621 581 641 601 621 641 601 621 181 561 621 641 621 621 141 161 681 661 661 661 121 641 681 661 641 601 601 621 661 681 641 581 661 661 681 661 681 581 601 621 681 601 141 621 181 261 561 661 601 681 141 581 641 621 721 641 141 641 141 661 201 721 661 661 581 601 541 681 181
0 601 601 621 601 601 621 621 601 581 0 661 581 621 581 521 121 581 141 601 581 601 621 561 641 141 641 641 621 641 121 581 581 581 641 601 561 101 601 521 621 121 581 621 101 581 581 621 601 681 641 661 581 641 101 601 121 61 601 601 661 581 601 581 641 641 621 641 141 601 561 621 681 641 601 601 621 741 81 621 581 601 621 581 601 141 641 681 521 161 621 101 641 201 621 601 521 601 621 581 561
0 601 681 581 581 621 581 141 601 621 601 0 661 621 661 581 621 101 641 601 601 621 621 581 681 661 641 681 621 641 681 541 601 581 641 61 581 661 601 601 661 621 641 141 621 581 581 641 681 661 661 641 581 641 661 581 601 561 601 601 161 181 141 121 161 661 681 161 661 581 581 141 641 161 581 601 641 721 641 661 581 641 601 581 121 621 701 681 601 701 621 621 641 701 141 621 581 101 581 641 641
0 641 621 641 601 661 121 581 141 601 661 701 0 641 161 621 661 681 621 641 161 641 641 641 201 681 641 661 661 641 601 641 601 161 601 641 161 681 621 121 701 641 161 621 601 621 581 681 201 681 661 141 601 621 701 601 621 641 621 141 701 541 621 661 681 681 701 661 641 601 141 641 181 661 641 641 641 741 661 641 641 141 641 601 641 641 681 681 661 661 661 601 581 741 641 661 121 681 561 601 661
0 561 641 581 601 561 581 621 541 581 561 601 641 0 641 521 601 541 581 61 561 61 581 61 661 541 621 661 601 141 641 61 61 521 581 541 561 601 561 581 621 501 561 581 581 61 581 601 621 621 601 621 561 101 641 601 581 541 81 561 621 641 581 521 601 621 621 601 641 61 541 641 641 541 601 61 621 721 601 601 61 641 581 541 601 581 661 161 581 581 581 601 641 681 621 101 521 561 81 621 621
0 601 681 641 641 561 121 661 101 641 641 701 181 681 0 601 621 581 621 601 101 641 661 641 201 661 621 641 581 641 641 581 641 81 621 641 81 661 621 141 701 661 141 621 621 581 561 581 221 661 641 161 621 641 681 621 641 621 621 101 661 701 641 621 641 661 681 621 661 601 141 641 181 641 621 601 641 741 641 661 601 121 621 601 641 641 721 661 641 701 621 581 641 701 621 641 101 601 601 661 681
0 581 641 141 141 101 601 621 581 601 561 661 621 601 641 0 581 561 601 581 561 621 601 541 661 621 141 661 101 621 641 561 561 561 121 621 561 621 101 561 601 601 621 601 581 561 561 601 621 161 141 641 561 621 641 101 601 541 601 581 641 641 581 601 621 121 141 621 621 581 541 641 661 621 601 581 621 721 621 101 561 621 601 81 621 601 161 661 561 681 601 601 661 681 601 621 521 581 601 121 621
0 601 641 641 661 581 641 641 641 621 121 641 601 661 621 641 0 641 161 581 601 581 641 601 681 141 641 661 541 661 141 621 621 621 581 641 621 101 641 621 661 101 661 581 121 561 561 641 721 661 561 641 561 641 141 661 141 101 601 581 661 601 641 621 681 581 621 581 61 621 601 641 681 541 641 581 621 681 81 661 621 641 601 641 661 101 701 701 621 141 541 101 661 141 521 581 621 641 641 661 681
0 521 641 601 561 541 581 101 521 541 561 141 601 601 601 581 621 0 581 521 561 561 601 541 641 561 641 621 621 581 621 621 561 581 621 121 621 581 541 581 621 581 621 61 561 621 561 621 661 581 561 581 561 561 641 621 581 601 541 521 81 141 81 101 81 581 621 81 621 521 541 121 621 141 621 521 661 701 621 621 581 621 541 521 61 541 661 621 581 621 541 601 621 641 141 561 581 121 541 621 621
0 661 701 681 681 681 621 661 661 621 221 681 681 661 701 681 201 641 0 661 641 641 701 681 721 161 721 701 681 621 221 681 581 641 701 641 701 161 681 621 741 121 661 601 161 681 661 721 681 681 681 641 661 701 181 701 141 181 661 661 661 741 681 621 601 641 621 721 181 661 681 721 681 661 681 641 721 741 141 701 641 661 601 661 641 121 741 661 681 201 661 201 661 221 661 661 661 661 661 681 641
0 581 661 621 581 601 561 581 581 541 621 621 581 101 601 581 621 581 601 0 561 41 641 121 661 561 621 641 601 121 601 121 141 581 621 581 621 621 601 581 661 581 601 541 541 121 561 621 661 581 541 561 541 81 621 601 581 601 21 501 641 621 541 561 641 561 641 601 601 41 601 641 621 641 601 21 641 681 601 601 61 621 521 581 601 541 641 161 641 621 521 581 601 621 621 61 581 601 61 641 621
0 561 641 621 601 581 61 661 61 621 601 621 141 641 161 561 641 621 641 641 0 641 661 581 141 641 641 641 641 641 581 601 601 101 641 641 101 621 621 61 641 641 141 661 521 601 581 601 141 681 621 141 521 621 621 641 561 581 621 101 581 621 541 621 621 641 641 581 681 601 101 621 121 621 641 641 661 741 621 561 621 141 641 621 581 621 681 681 621 681 581 621 681 681 641 581 61 641 581 621 601
0 561 681 581 601 581 581 641 561 601 621 681 641 161 641 621 661 561 581 81 621 0 641 101 681 621 641 661 621 141 661 121 121 541 661 561 621 641 581 601 661 641 581 581 581 121 621 661 621 641 621 621 581 101 681 621 601 601 81 581 621 641 601 541 621 621 661 621 621 61 601 661 641 641 581 81 601 721 601 621 61 681 581 561 601 601 701 181 621 661 581 641 661 681 601 121 581 561 81 661 641
0 121 161 621 581 621 641 581 601 21 621 661 661 561 621 581 601 601 601 621 581 581 0 601 641 601 661 181 621 621 681 621 621 581 521 601 621 661 601 581 181 561 621 521 601 621 101 161 681 601 661 681 121 581 681 661 561 601 601 621 661 681 621 581 661 681 681 661 641 581 601 641 681 601 121 621 181 241 581 641 561 601 141 581 641 621 701 661 141 641 141 621 101 721 601 641 581 601 541 641 141
0 581 601 641 621 561 561 641 581 581 521 621 581 141 601 541 621 601 621 101 521 121 641 0 641 581 661 641 621 161 601 101 21 581 641 621 581 581 621 541 581 641 601 621 541 101 601 561 621 661 621 621 541 141 621 621 581 561 101 601 601 601 541 601 641 581 601 581 581 101 501 641 621 641 621 101 601 701 601 561 101 621 581 601 601 621 621 161 541 681 601 601 661 661 641 101 541 621 101 581 581
0 641 661 641 621 581 141 661 141 601 641 681 161 661 141 601 581 661 681 581 141 601 681 641 0 621 621 661 621 541 661 641 661 141 621 661 141 641 621 101 701 661 141 601 621 561 561 701 161 641 621 61 621 641 641 661 641 621 581 81 661 661 621 641 681 641 661 661 541 601 121 661 201 621 621 581 601 721 641 681 641 121 581 621 661 601 661 581 601 701 601 601 641 681 601 621 121 661 621 641 601
0 661 741 741 701 681 721 681 661 721 221 741 741 721 661 661 201 721 161 741 701 721 741 681 741 0 721 661 641 741 201 681 701 701 681 741 701 181 721 681 721 201 741 681 221 701 661 721 721 741 681 741 721 721 241 721 241 181 701 741 721 701 641 701 721 741 601 681 241 701 681 741 741 721 721 741 681 741 141 741 721 721 741 721 741 221 741 741 661 241 741 201 661 261 621 681 661 721 681 741 721
0 621 581 21 141 141 521 621 621 561 601 681 601 621 581 61 621 621 621 601 601 601 621 581 621 621 0 661 141 641 641 601 601 601 121 581 601 601 141 541 641 621 601 621 601 581 561 601 621 61 101 621 601 581 621 81 541 581 601 561 621 641 581 601 661 161 121 641 641 621 581 621 581 581 621 601 641 721 601 141 601 621 601 121 541 601 141 681 601 641 621 601 601 641 641 561 561 621 601 61 581
0 181 181 641 621 641 641 581 661 161 681 741 661 661 601 641 661 661 641 641 621 601 201 661 701 681 621 0 661 661 621 641 681 641 581 641 661 661 641 601 181 661 641 601 641 661 61 181 681 641 681 641 141 561 681 661 621 661 581 641 701 681 641 641 701 701 581 701 701 561 661 661 701 681 141 641 221 201 601 681 621 621 161 621 661 601 701 681 141 621 181 601 61 741 661 661 641 661 581 661 141
0 661 601 161 141 181 661 661 641 641 681 721 681 681 641 161 661 641 641 661 601 601 681 661 661 641 161 701 0 681 701 641 681 621 181 641 641 601 161 661 641 681 661 681 621 641 661 601 701 141 181 701 641 681 621 161 641 641 581 661 701 701 641 621 701 221 141 561 701 581 661 661 721 681 661 661 701 741 661 141 621 681 681 141 681 581 161 681 661 741 681 601 681 741 681 681 621 621 601 141 661
0 621 641 661 581 641 661 681 621 621 621 721 621 141 641 581 661 641 681 161 621 141 641 101 661 661 681 681 581 0 681 121 121 621 641 641 621 601 621 561 681 641 641 661 641 121 621 661 621 681 641 681 641 181 621 661 641 601 121 641 641 641 641 621 661 681 621 641 641 101 601 641 701 681 621 161 661 701 621 661 141 621 661 601 681 641 701 41 561 681 661 641 681 741 581 161 581 641 121 621 581
0 661 681 661 641 621 641 581 661 601 161 721 681 661 561 641 181 641 181 661 641 641 681 641 741 201 641 681 581 681 0 641 621 641 621 681 641 121 601 661 701 161 661 641 161 641 581 641 721 681 621 681 661 541 201 641 161 161 621 661 701 641 681 661 701 681 641 641 221 601 641 701 701 701 641 661 661 721 121 701 661 641 681 601 581 141 721 701 661 101 681 121 621 181 561 581 641 661 621 701 701
0 621 641 601 621 621 561 661 621 581 601 701 621 141 661 541 641 601 641 121 601 121 581 81 641 641 661 681 641 161 681 0 101 581 601 601 601 641 561 561 641 641 621 601 621 101 601 641 641 641 641 681 601 161 641 541 561 581 81 601 681 641 621 581 661 661 661 661 661 81 581 621 621 621 541 121 661 741 641 641 81 641 641 601 581 601 701 201 601 721 641 621 661 681 641 101 561 621 101 621 621
0 661 681 681 641 681 601 641 661 661 701 601 641 181 661 661 681 641 601 161 621 101 701 181 681 681 681 681 661 181 641 141 0 641 681 661 641 661 681 601 741 681 681 601 641 141 621 681 681 641 621 661 641 141 681 661 601 661 81 641 641 681 641 641 681 581 701 681 701 101 681 661 661 661 681 81 661 681 661 661 121 681 681 661 621 601 701 221 701 681 581 641 661 641 681 121 661 661 121 661 661
0 541 641 621 581 541 81 621 41 561 581 641 121 621 121 581 621 521 561 541 81 561 621 561 161 581 641 641 621 601 621 581 581 0 641 621 81 601 541 101 641 601 141 561 541 581 581 621 161 601 581 101 561 581 641 621 581 561 541 41 581 661 561 601 581 601 641 581 641 541 81 641 141 601 621 541 621 701 581 621 541 141 541 521 581 561 661 641 581 641 561 621 641 641 641 581 41 541 541 641 641
0 641 701 121 141 161 621 561 641 661 681 681 701 681 601 141 661 621 661 641 581 681 701 661 701 661 161 701 121 641 661 681 681 641 0 581 681 661 121 621 661 681 681 521 581 681 621 641 661 101 161 701 601 561 681 181 621 641 641 641 661 661 601 641 681 201 201 641 701 641 661 681 681 681 681 641 701 721 661 121 541 681 661 141 621 661 181 681 681 641 661 601 681 721 581 621 641 641 601 181 681
0 641 621 541 561 641 541 121 641 601 621 201 621 601 641 601 641 141 581 641 601 601 641 601 621 621 581 661 681 601 661 641 621 601 641 0 641 601 581 541 661 601 621 141 601 601 581 661 621 621 641 641 621 641 641 581 541 621 581 581 141 161 121 101 161 681 641 161 661 561 601 121 601 101 641 641 661 681 621 641 641 621 641 561 61 581 681 641 621 681 661 601 661 661 161 581 601 141 521 601 601
0 541 641 601 581 541 61 621 41 561 581 641 121 621 101 541 541 521 561 541 81 581 581 561 161 581 581 601 561 581 621 501 581 21 581 601 0 601 541 81 641 601 81 561 561 501 521 621 161 601 581 101 561 581 641 541 561 561 541 41 581 641 561 581 581 601 641 581 581 541 81 621 121 581 541 541 561 681 581 621 541 81 541 521 581 561 661 621 581 641 561 561 601 641 561 581 41 541 541 621 621
0 601 701 601 641 621 621 601 601 641 141 641 681 641 641 581 121 601 141 601 621 641 681 621 701 101 641 681 661 681 181 601 621 581 621 581 621 0 621 621 681 141 661 621 121 641 581 681 641 681 661 661 641 641 221 641 121 101 621 601 661 641 641 661 661 661 541 661 181 601 621 661 661 661 641 601 641 741 61 681 601 641 621 601 641 141 721 701 561 201 621 121 581 221 641 621 581 601 601 681 681
0 621 701 161 161 141 641 701 621 641 661 741 701 701 681 141 641 601 641 621 641 621 681 661 741 681 181 701 141 661 701 601 661 601 161 661 601 681 0 661 721 681 661 641 641 601 601 721 721 181 121 681 641 661 681 141 661 641 601 621 681 721 641 641 661 181 221 681 681 621 661 721 701 661 601 621 661 741 661 201 621 661 641 121 661 621 241 701 681 701 641 641 701 721 641 621 621 621 641 181 681
0 581 581 621 641 601 121 661 101 561 641 721 81 621 121 621 641 581 621 601 141 621 621 641 141 641 661 681 681 661 621 621 641 81 641 581 161 581 601 0 701 621 81 621 621 641 641 681 101 661 641 161 621 641 581 641 621 621 601 101 641 621 621 561 641 661 601 641 681 601 141 621 181 661 601 601 641 741 581 641 601 101 621 581 641 621 641 701 641 641 621 581 641 701 641 641 101 601 601 561 561
0 141 141 661 641 641 641 641 641 121 541 701 621 661 621 561 661 621 641 641 581 581 161 601 581 521 681 181 641 621 661 621 621 601 681 641 621 641 641 561 0 621 641 661 601 621 121 161 581 681 681 641 121 581 641 661 641 581 601 641 681 621 621 601 681 681 621 661 621 581 541 661 701 661 141 641 121 221 601 641 621 641 141 641 661 561 561 661 61 641 161 641 161 741 621 661 581 641 621 601 121
0 541 661 561 601 561 581 641 541 581 101 661 621 641 621 601 141 541 81 561 601 561 641 581 661 41 621 641 641 621 141 601 601 521 641 541 601 121 561 581 641 0 561 581 81 601 601 641 661 621 601 601 561 581 161 601 81 81 561 561 601 641 581 521 601 621 641 601 141 541 581 641 641 541 621 561 641 721 101 601 541 661 561 541 581 81 681 661 601 101 581 141 641 181 641 601 561 541 561 641 641
0 581 681 661 621 601 141 661 81 621 641 701 161 661 161 601 681 581 601 581 141 621 661 621 201 641 701 681 681 661 661 641 641 61 681 661 141 661 601 141 681 661 0 601 601 641 641 681 201 641 641 141 601 621 701 681 641 601 581 101 641 621 621 641 641 641 681 641 681 581 121 681 181 661 681 581 681 741 621 681 581 201 601 581 621 601 701 681 641 681 601 661 681 701 681 641 101 581 581 681 681
0 621 721 681 661 641 681 61 621 661 681 221 701 681 601 621 661 121 681 641 661 661 721 661 701 661 681 721 681 661 641 661 661 621 621 161 661 661 621 681 641 681 661 0 661 681 621 641 721 581 681 681 641 661 741 701 681 641 641 641 181 161 101 141 181 681 681 181 701 621 661 221 721 181 681 641 701 721 681 681 541 681 641 621 121 661 681 681 681 741 661 601 661 701 181 621 621 141 641 681 701
0 541 621 601 581 561 541 641 541 601 101 601 621 621 641 541 141 601 121 621 581 621 641 581 621 121 641 641 641 621 81 581 581 581 641 621 581 121 601 541 621 121 621 641 0 581 581 641 621 681 641 641 521 601 101 641 61 81 601 581 601 661 521 601 601 661 641 561 161 601 581 601 601 601 641 621 641 741 121 641 601 621 641 601 561 121 681 661 601 161 641 101 661 161 621 581 541 621 561 601 601
0 621 661 581 601 541 601 621 621 641 621 681 641 161 581 581 541 601 641 121 581 141 661 101 681 661 581 601 581 161 621 101 121 601 581 641 601 641 601 601 681 641 601 581 601 0 521 661 681 621 601 681 581 141 681 641 601 581 101 621 681 641 621 621 661 621 661 621 581 101 601 621 661 581 581 121 561 681 621 641 101 581 641 621 621 621 641 141 621 641 581 541 601 681 561 121 581 621 101 621 661
0 141 141 581 601 621 581 621 641 121 641 721 661 641 581 621 601 641 641 641 641 641 181 641 681 681 561 101 641 681 701 641 661 621 561 641 641 661 581 601 221 641 581 581 641 641 0 161 681 621 641 681 141 621 681 641 601 641 601 621 681 681 661 601 681 681 681 661 641 581 621 661 641 621 81 641 181 261 661 681 601 561 161 601 621 621 701 641 141 681 141 541 101 701 601 621 621 641 621 621 141
0 81 161 601 621 581 601 661 581 121 621 681 661 661 661 641 661 561 601 581 621 621 161 621 661 641 641 181 541 661 661 641 621 561 681 581 641 641 581 621 181 641 581 601 601 641 141 0 701 661 621 641 101 621 661 641 601 601 581 581 641 661 601 541 621 641 681 601 661 581 621 681 661 641 181 581 181 241 621 621 581 681 101 581 621 601 641 681 141 681 101 641 181 701 681 621 581 581 601 661 161
0 621 641 601 641 581 101 661 121 621 561 661 141 641 141 561 641 621 661 641 61 601 661 541 161 621 681 681 641 681 641 601 561 101 661 641 101 621 641 61 621 641 101 641 581 601 601 601 0 641 661 161 581 661 641 641 601 581 581 101 641 601 581 621 681 621 641 641 641 601 61 661 161 661 641 621 541 661 621 601 621 141 621 621 641 601 661 701 541 701 641 641 681 701 661 641 61 621 621 621 601
0 581 701 101 121 81 601 621 581 621 621 641 661 661 521 81 641 581 601 581 621 621 661 601 701 641 141 681 101 641 601 601 621 561 121 581 601 641 101 621 661 641 601 601 601 601 581 561 681 0 141 641 561 621 661 141 621 581 601 581 641 661 541 541 621 141 181 641 661 581 601 641 661 641 641 581 661 741 621 141 581 641 601 81 621 621 201 681 621 681 601 621 601 701 641 641 581 581 581 181 621
0 601 641 101 121 121 581 621 601 641 641 641 661 641 581 121 601 581 641 601 641 641 661 641 621 641 81 601 141 641 661 621 641 621 81 641 641 641 101 581 701 661 601 581 641 641 521 641 681 121 0 641 641 641 581 141 581 641 621 601 601 641 641 621 641 161 181 641 641 601 641 661 641 621 581 601 601 721 581 181 601 581 621 101 601 621 201 641 661 581 621 541 601 601 601 521 621 621 621 141 641
0 621 681 641 601 641 141 641 141 641 681 701 101 661 141 621 701 621 641 641 101 561 661 661 141 681 701 681 681 641 661 661 681 101 661 621 181 701 641 141 721 661 141 641 601 661 661 661 201 601 681 0 601 661 681 621 641 661 541 141 661 641 621 601 681 681 721 661 681 561 161 661 181 681 621 641 621 741 681 641 621 221 641 621 661 561 621 681 661 721 641 681 661 741 661 661 141 621 581 701 681
0 181 201 601 661 621 601 721 681 181 661 601 681 701 661 661 681 681 681 681 621 681 201 681 701 621 701 221 721 681 701 621 701 661 661 641 661 681 641 621 121 701 661 661 641 681 141 221 681 741 701 641 0 681 701 661 621 641 681 641 701 681 641 661 721 741 701 681 721 661 641 601 661 681 181 681 201 261 681 661 641 701 161 681 641 681 681 701 181 741 201 621 241 721 681 641 661 641 661 681 181
0 641 701 641 621 601 661 681 641 661 621 721 661 161 541 641 641 621 641 141 621 121 641 101 741 681 641 681 621 161 681 121 121 601 641 661 601 681 581 641 681 661 681 661 641 121 601 621 701 641 681 701 641 0 721 641 661 661 101 641 701 661 641 641 681 681 701 661 681 81 601 681 681 681 621 141 661 741 681 661 141 661 661 561 681 601 701 201 641 581 661 601 681 741 661 181 641 641 101 681 681
0 601 621 621 641 601 621 681 581 601 141 701 621 661 681 641 141 581 121 601 641 641 661 621 561 161 661 681 661 581 181 641 641 561 661 581 641 141 581 561 701 161 581 621 121 601 601 681 661 681 641 601 621 641 0 641 41 121 601 601 661 681 621 561 641 661 661 641 101 581 621 661 681 661 581 601 661 741 141 641 601 561 621 581 641 141 681 621 641 201 621 141 681 221 641 641 601 601 601 601 601
0 581 601 141 121 101 521 621 581 561 561 661 581 601 621 21 601 581 601 581 561 601 541 541 601 601 121 641 101 621 641 561 561 561 61 601 561 581 101 521 601 601 601 561 581 561 561 601 601 141 121 641 561 621 601 0 521 541 601 561 641 621 581 581 641 121 121 621 621 581 541 641 581 581 601 581 621 721 581 101 561 601 601 81 541 581 161 661 561 681 601 581 621 641 601 561 521 581 581 81 581
0 621 601 641 641 641 641 681 621 581 181 721 601 641 641 641 161 621 141 601 661 641 641 661 581 161 681 641 701 621 141 641 681 601 661 621 681 101 641 541 721 141 601 641 141 641 641 641 621 681 661 641 641 661 121 681 0 161 621 601 681 641 661 601 661 661 641 681 121 621 661 641 701 681 621 601 661 741 101 601 621 621 621 621 661 141 641 661 661 181 621 121 661 221 681 661 641 621 621 581 581
0 561 641 621 601 561 581 581 541 581 61 621 621 641 621 561 81 541 101 561 561 581 601 541 661 121 601 641 581 601 141 521 561 541 601 641 521 121 561 561 601 141 601 581 81 541 541 601 661 641 601 621 541 601 121 561 101 0 561 561 621 621 581 601 601 621 641 601 121 561 541 621 641 601 581 561 581 701 101 601 541 601 581 541 601 101 661 641 561 161 581 81 641 181 581 601 561 561 581 621 621
0 581 681 601 581 601 581 601 581 621 641 661 601 121 581 581 681 581 601 101 541 41 641 121 661 641 661 681 641 101 641 141 141 561 621 581 641 661 601 601 681 621 601 601 561 141 621 621 641 561 641 641 561 141 661 581 601 621 0 601 641 661 581 561 641 661 681 621 641 21 621 621 641 641 601 101 641 741 641 601 101 681 601 581 621 521 621 141 621 681 621 641 661 701 641 141 601 581 41 661 641
0 581 661 641 621 601 81 681 81 621 621 641 121 641 181 581 661 641 641 661 121 641 681 601 161 561 661 681 661 661 601 621 621 121 661 661 121 641 621 81 661 641 161 661 541 621 601 661 161 701 661 161 541 641 641 661 581 601 641 0 641 661 541 641 641 681 661 581 681 621 121 641 141 641 661 661 681 741 641 661 641 161 601 621 601 641 701 701 641 701 681 641 681 681 661 601 81 641 581 641 621
0 641 681 641 641 561 641 121 641 661 601 201 641 661 601 561 641 121 661 641 601 601 661 601 681 661 621 541 661 681 641 601 601 601 641 161 601 661 641 621 661 661 681 141 621 621 601 641 681 581 661 541 621 601 701 641 641 581 581 641 0 181 121 141 181 681 621 181 681 601 601 161 701 181 661 641 661 701 641 661 621 661 661 641 121 601 661 681 621 661 661 641 601 701 161 621 561 141 621 661 661
0 601 641 621 641 601 581 141 601 621 641 161 641 661 621 601 601 161 661 641 641 661 681 621 681 681 641 681 621 661 541 581 641 641 621 101 641 641 621 561 681 681 641 121 561 581 581 641 661 681 641 681 561 581 641 641 601 621 641 621 161 0 81 141 141 661 661 121 601 641 621 161 641 141 621 641 581 741 641 601 641 621 641 641 121 661 681 681 641 601 621 621 661 701 101 621 601 161 621 621 621
0 541 661 621 581 561 621 141 541 641 581 181 641 621 621 541 621 101 601 601 581 621 641 561 681 641 661 641 621 621 561 581 581 581 641 141 581 621 601 581 641 601 641 141 601 581 581 621 641 661 641 641 581 581 661 621 641 561 601 601 101 161 0 121 101 641 641 161 641 581 561 141 681 141 621 601 641 741 641 621 581 661 621 581 141 621 681 641 581 661 621 621 681 721 121 641 541 101 541 641 641
0 541 641 561 581 541 561 121 541 561 581 161 621 621 621 581 621 41 561 541 581 581 621 561 641 581 601 641 641 621 621 581 581 521 641 41 581 601 541 561 641 601 541 61 561 581 581 621 661 621 581 601 561 581 641 581 561 561 541 541 101 121 81 0 101 601 641 101 621 541 581 141 621 121 641 541 621 701 581 581 541 641 561 541 81 561 681 641 601 641 561 621 641 661 141 581 541 41 561 621 621
0 641 661 661 621 641 661 201 641 641 641 141 641 621 661 601 641 141 661 621 641 621 661 621 681 641 661 681 621 541 701 641 641 621 661 141 641 621 601 581 681 601 661 141 641 601 601 681 641 661 661 681 621 681 641 681 661 621 601 621 141 161 161 121 0 681 661 161 661 581 621 141 601 101 641 621 661 721 641 681 641 641 641 581 101 621 681 561 581 681 641 641 681 681 121 601 601 141 601 641 601
0 601 701 161 141 101 621 661 581 621 641 701 681 681 641 121 601 581 621 601 641 641 641 621 641 641 141 681 121 641 581 561 641 561 141 681 561 661 121 621 701 661 641 621 621 581 581 681 641 181 141 641 621 601 701 121 621 621 601 601 661 701 621 641 641 0 181 641 641 581 621 581 621 621 621 601 601 621 641 201 601 641 621 101 641 621 221 681 641 661 621 621 681 721 621 641 601 601 621 181 681
0 641 701 141 161 161 621 581 641 661 621 721 681 601 621 81 601 641 681 641 621 641 641 601 701 641 121 641 141 661 681 561 621 621 101 641 621 681 141 641 681 621 641 601 641 621 561 661 621 181 161 641 621 641 701 121 621 601 621 641 701 621 641 621 701 181 0 681 641 641 601 681 641 621 621 641 641 741 521 181 621 621 661 141 641 641 201 681 561 701 641 581 561 681 601 601 581 641 641 181 681
0 661 661 661 681 641 661 161 661 641 681 201 701 681 601 641 621 141 661 661 681 681 721 661 741 641 701 641 641 721 721 641 641 641 621 141 661 561 661 681 721 681 721 141 681 661 641 661 641 701 681 701 661 681 741 681 681 661 661 661 221 181 181 181 201 681 581 0 661 641 661 161 721 141 681 661 681 741 601 721 661 701 681 641 201 681 721 741 621 741 641 561 641 741 141 681 641 161 661 641 721
0 621 661 601 621 561 601 621 621 581 101 661 621 621 601 601 61 621 141 541 601 581 661 621 681 101 581 621 581 661 141 601 641 601 581 641 601 141 621 621 681 141 601 561 81 521 521 661 701 621 581 601 581 601 161 641 121 101 561 541 681 641 581 601 681 601 661 641 0 561 581 641 661 581 601 541 581 681 141 641 601 581 561 621 641 81 661 661 601 161 561 61 621 161 561 601 601 641 581 641 661
0 601 681 601 561 621 601 621 601 641 621 681 601 101 601 601 681 601 581 121 561 61 641 101 681 641 681 681 661 101 641 161 121 581 641 601 661 681 581 601 661 601 621 621 581 161 621 641 661 581 621 661 581 141 661 601 601 641 21 621 641 641 581 581 641 661 681 641 661 0 601 601 661 621 621 121 641 741 641 601 101 681 621 561 621 541 641 141 621 681 641 641 661 721 641 141 621 601 41 661 661
0 621 601 641 621 621 141 641 121 581 521 681 101 641 121 541 621 601 641 621 101 621 641 581 141 641 661 661 641 661 641 581 581 101 641 621 101 601 621 41 641 641 121 641 601 581 601 641 141 681 661 181 601 641 621 621 641 561 621 121 681 601 621 601 661 641 641 661 661 601 0 641 201 661 621 621 641 741 601 641 601 121 621 601 621 641 661 701 541 681 641 601 661 721 641 621 61 621 621 581 581
0 621 641 641 621 521 621 161 621 621 621 181 641 661 561 581 581 141 581 641 581 621 661 601 681 681 661 681 621 581 601 621 621 621 661 121 621 661 561 601 681 661 661 161 581 621 601 641 681 641 621 561 601 641 681 661 621 601 581 641 161 181 101 141 181 661 681 141 641 581 601 0 681 121 641 641 661 741 601 621 621 661 661 621 161 601 661 621 621 701 621 541 641 721 101 621 581 141 581 621 641
0 621 661 601 621 541 101 641 121 621 581 621 141 661 101 581 541 601 641 581 81 561 661 581 201 561 581 621 581 641 621 581 581 101 581 621 101 641 601 101 641 641 121 581 601 521 521 641 41 641 621 141 521 641 681 641 621 561 601 101 661 641 601 601 661 621 661 641 601 601 81 621 0 521 601 601 581 681 621 621 601 101 601 601 641 561 661 641 581 661 581 561 621 661 561 621 101 621 621 641 641
0 601 661 601 641 561 601 141 601 621 581 121 641 661 641 601 621 101 621 581 581 561 661 561 701 641 661 681 621 641 641 581 581 581 661 121 581 641 621 581 641 681 641 121 581 581 601 621 681 661 641 641 521 641 661 621 621 561 601 581 161 161 101 101 161 641 661 141 641 601 561 121 661 0 621 581 641 741 661 621 601 661 601 601 141 561 681 661 581 701 601 641 681 661 141 641 601 121 621 641 641
0 81 161 561 581 581 581 641 561 101 621 681 601 621 621 621 641 561 601 581 581 561 161 601 661 621 641 181 661 601 661 601 601 541 641 561 601 601 521 581 181 621 581 601 581 601 121 161 641 601 621 621 101 601 621 621 581 601 541 581 621 661 601 541 621 641 641 621 641 521 601 621 621 641 0 581 161 241 621 621 541 621 101 561 601 561 661 641 141 681 101 641 181 681 661 601 581 561 541 641 101
0 581 681 621 581 601 601 581 601 641 641 621 581 121 601 601 641 581 601 101 561 41 641 121 661 621 621 641 601 121 641 141 141 581 621 581 621 621 601 601 681 621 601 521 581 141 561 621 661 581 541 661 581 81 621 601 601 621 21 601 641 621 581 561 641 561 641 621 661 41 621 641 661 641 601 0 641 681 621 601 61 621 621 581 621 541 641 161 641 621 521 581 601 621 641 61 601 601 61 661 641
0 161 161 701 661 661 661 681 641 141 621 721 681 701 621 641 661 641 681 621 621 641 201 601 621 661 701 201 681 661 681 621 621 621 701 661 621 681 621 641 181 701 581 641 641 621 141 161 681 601 661 681 141 681 701 661 681 601 621 621 701 681 641 641 701 681 701 701 661 601 621 661 721 701 161 621 0 261 681 681 641 701 141 601 681 641 721 681 141 741 141 681 181 661 681 661 581 641 641 681 181
0 61 221 621 661 641 641 701 681 201 661 601 701 701 721 621 701 681 641 661 661 641 201 641 621 621 681 261 701 661 721 621 661 661 721 601 661 641 681 641 221 701 701 681 681 661 181 201 701 721 721 681 101 721 721 661 641 641 681 661 741 741 681 661 721 721 661 641 661 661 641 681 681 581 181 661 221 0 681 701 681 721 181 661 661 641 741 681 181 741 181 701 221 741 701 661 621 681 621 701 201
0 661 681 661 661 661 601 701 661 641 141 701 661 681 681 581 81 641 181 661 641 641 641 621 681 181 701 721 621 701 221 541 641 641 641 641 641 161 601 601 681 181 661 641 161 621 641 681 641 681 641 701 621 701 201 581 121 121 621 641 721 681 661 621 701 641 681 661 121 601 621 661 621 601 601 661 681 741 0 681 621 681 661 661 621 141 741 721 641 221 621 181 701 221 581 641 601 661 621 661 661
0 621 681 81 181 141 581 661 621 661 601 641 661 701 661 121 681 621 661 621 601 601 681 581 681 641 181 721 101 701 601 661 601 601 141 621 661 641 141 601 641 701 641 661 601 641 621 561 581 141 181 681 621 641 681 141 601 641 641 621 681 561 621 601 681 161 101 601 661 621 581 701 641 641 681 641 621 721 621 0 621 681 641 121 621 661 181 721 601 681 641 641 641 701 661 621 621 621 641 161 641
0 621 721 661 661 641 681 681 621 661 681 721 681 141 661 641 681 621 661 141 661 141 701 161 741 681 661 681 701 181 701 181 181 601 641 681 681 621 581 681 721 641 681 621 641 181 581 681 721 681 641 681 641 161 721 701 681 661 121 621 681 701 661 661 681 661 661 681 721 121 661 721 721 681 661 101 681 741 661 641 0 661 641 621 581 641 741 201 681 721 621 621 681 681 701 101 641 621 141 701 721
0 581 641 581 581 581 81 641 81 601 621 701 121 621 141 581 661 561 601 581 101 581 621 601 161 641 641 681 661 621 661 621 621 61 621 581 121 621 521 101 681 621 41 601 601 621 621 621 141 601 621 141 601 621 641 581 581 601 541 101 641 601 601 541 621 641 641 641 641 541 121 641 141 641 521 581 621 741 621 621 541 0 601 581 601 561 661 661 641 681 601 641 641 701 661 621 81 581 541 621 601
0 101 201 641 581 641 641 681 621 21 641 681 641 581 661 581 601 601 621 621 621 581 141 621 681 621 681 201 641 621 681 621 641 601 661 621 621 661 621 641 181 581 641 641 641 601 121 181 701 641 661 541 141 661 681 661 601 601 581 621 681 681 641 581 661 681 681 681 581 601 621 641 681 621 161 621 161 261 581 661 621 681 0 601 661 601 661 661 141 641 141 641 201 721 601 661 581 621 561 681 181
0 601 641 101 61 101 601 621 601 601 561 661 601 601 601 81 641 601 581 621 561 541 601 541 681 621 181 681 161 601 641 621 561 581 121 601 621 621 41 581 621 601 621 621 581 621 621 601 641 101 141 661 581 601 661 121 601 601 521 621 641 641 581 581 621 141 141 641 621 501 541 601 621 621 621 621 641 721 621 121 601 661 621 0 641 541 141 641 561 661 641 641 661 681 641 641 581 601 521 121 621
0 641 661 581 601 641 601 141 641 641 641 161 681 661 581 621 601 141 661 661 621 641 661 661 681 641 581 601 641 601 681 641 661 621 581 141 661 541 601 601 721 661 601 81 641 661 521 661 661 621 661 661 641 641 681 641 601 641 621 641 141 161 141 121 201 681 581 121 641 601 641 141 661 141 581 661 601 721 601 661 601 581 661 621 0 641 701 641 621 701 641 541 601 601 121 521 621 141 621 641 661
0 581 661 581 621 581 581 581 581 601 121 641 641 661 641 581 161 561 81 581 541 521 661 601 661 141 641 661 641 581 121 621 621 541 681 561 621 141 581 581 661 141 581 581 61 621 621 621 641 641 621 641 541 621 141 621 81 101 581 581 621 641 561 541 621 641 681 601 141 581 601 641 641 641 581 581 621 741 121 581 581 661 581 561 601 0 701 621 641 181 601 141 681 201 621 601 581 581 581 641 641
0 581 681 101 141 101 581 601 581 621 641 641 661 661 661 101 621 581 581 581 541 521 661 621 541 641 161 661 141 561 621 641 641 561 141 581 641 661 101 601 681 661 601 601 561 581 581 641 641 161 141 581 561 621 581 141 581 621 601 581 621 641 561 561 641 141 181 601 561 581 621 641 641 641 581 581 621 741 621 101 581 641 601 81 621 521 0 601 621 681 601 621 661 701 621 621 581 581 601 161 641
0 601 641 641 541 621 641 641 601 641 581 681 641 101 601 541 621 601 641 121 581 101 641 81 681 641 661 681 541 61 641 101 101 581 641 641 581 641 581 601 641 601 641 641 601 101 581 641 641 641 661 641 601 161 661 621 641 561 81 621 661 601 621 601 661 661 681 601 601 61 581 601 661 641 641 121 641 661 641 641 101 661 641 561 641 601 681 0 521 681 641 621 681 721 641 161 541 601 81 641 641
0 101 141 641 641 601 601 621 581 121 561 661 641 601 581 521 601 581 621 601 561 601 121 541 661 621 641 161 601 641 621 561 561 561 621 641 561 621 601 581 121 601 641 621 581 561 81 121 641 661 641 641 81 621 641 601 621 541 601 601 641 581 581 601 641 641 641 641 641 581 541 661 661 641 121 601 121 241 641 621 581 641 121 581 641 621 661 681 0 681 121 601 161 701 621 641 521 581 601 621 121
0 621 661 621 621 641 621 681 621 641 181 721 661 661 581 641 101 601 141 621 641 621 681 661 701 181 681 701 641 661 221 601 661 601 661 621 601 161 521 641 721 181 641 621 141 601 621 621 641 641 641 681 641 661 181 641 141 161 581 621 681 701 641 581 641 681 681 681 141 581 661 681 601 621 561 621 661 741 161 661 581 661 641 621 641 101 681 701 681 0 641 61 701 221 621 641 621 621 581 641 641
0 81 181 621 641 641 601 641 621 121 621 601 561 681 601 621 621 621 661 621 621 661 121 601 641 601 601 141 581 681 621 601 621 601 601 661 601 601 601 621 181 681 621 601 641 601 41 161 681 641 541 661 141 641 601 641 601 601 641 621 621 601 641 641 681 541 621 641 661 621 601 641 661 661 121 641 121 161 601 661 621 601 141 621 641 661 721 661 141 601 0 561 141 601 641 541 581 641 621 641 161
0 641 621 661 661 601 661 681 641 601 181 701 661 661 541 641 61 621 121 641 641 641 681 661 701 181 661 681 601 681 181 621 661 621 641 681 601 161 641 681 721 161 661 641 161 621 601 621 741 701 621 681 601 681 201 641 181 161 641 641 701 661 661 661 681 641 681 641 101 641 661 661 721 601 661 641 661 741 141 681 641 661 641 641 681 141 681 701 681 201 601 0 661 201 581 641 641 641 641 601 721
0 141 161 581 601 641 581 521 641 141 641 681 661 641 581 621 601 641 641 641 601 601 181 641 681 681 581 101 641 621 681 641 661 621 541 621 641 661 601 601 201 641 601 541 621 661 21 161 681 621 661 601 101 601 681 641 601 641 581 641 681 621 641 621 701 681 681 681 641 581 621 661 641 641 81 641 201 261 661 661 581 581 161 621 621 581 661 641 161 661 141 541 0 721 621 621 621 601 621 621 161
0 661 701 661 641 601 661 601 661 641 141 721 681 681 621 581 181 641 181 661 641 641 641 621 701 201 641 541 641 601 141 641 641 641 621 681 641 141 661 641 681 181 681 641 161 641 601 661 701 621 681 581 641 581 221 681 161 121 621 661 541 721 661 661 721 701 601 581 201 601 621 681 721 701 661 661 681 641 141 681 641 661 681 641 641 141 681 641 641 161 681 141 581 0 681 641 601 661 621 681 681
0 661 641 641 661 681 641 141 661 621 681 221 701 681 641 661 641 161 661 661 641 621 701 681 681 661 641 661 521 681 641 621 681 641 581 161 661 581 641 641 661 621 641 81 641 661 581 621 721 641 561 701 641 641 641 661 641 661 581 661 181 101 161 141 221 721 601 81 681 601 681 181 681 181 641 661 661 681 561 661 601 641 681 661 181 601 681 701 641 641 681 601 661 661 0 581 641 141 621 661 681
0 641 641 581 601 641 581 621 641 621 641 641 661 141 581 621 601 641 661 141 641 141 641 141 681 681 581 601 641 181 661 141 161 621 561 641 641 661 581 601 721 641 581 581 641 161 501 661 681 621 661 661 641 141 661 641 601 641 121 621 621 641 661 621 681 681 681 661 641 101 621 661 641 641 581 161 601 721 661 681 101 561 661 621 621 621 701 141 641 681 641 541 601 601 621 0 621 621 121 621 641
0 581 641 641 621 581 101 601 81 601 541 641 121 661 141 561 581 561 601 581 61 621 621 541 181 601 621 661 601 621 641 541 541 61 621 621 61 601 581 61 601 641 121 601 561 541 561 601 121 641 621 141 561 621 641 581 601 521 581 81 641 621 581 601 621 621 641 621 621 581 41 641 161 621 601 581 601 721 621 601 561 121 601 581 621 601 661 661 561 681 601 601 661 681 601 621 0 581 581 601 601
0 581 641 641 601 581 561 121 561 621 561 121 621 641 641 561 601 81 541 581 561 621 641 541 641 621 641 661 601 641 601 561 561 561 621 141 561 621 581 561 621 641 641 121 521 561 581 601 621 661 641 641 541 621 621 601 561 541 601 581 141 141 41 121 121 621 641 81 621 581 541 121 621 121 601 581 601 721 561 601 501 641 601 581 81 621 661 661 561 681 601 601 661 681 121 581 521 0 581 621 621
0 621 681 641 541 601 641 661 621 641 601 681 621 81 641 581 661 621 561 141 601 81 641 81 681 621 661 721 661 81 681 141 101 601 641 621 641 661 561 601 641 581 641 661 621 141 641 641 681 621 661 641 621 141 641 641 641 621 61 641 681 641 621 601 641 661 681 661 661 41 581 581 641 601 641 141 641 741 641 641 141 681 641 541 661 581 681 121 581 661 641 621 681 721 661 181 581 621 0 661 641
0 601 541 141 81 101 601 621 601 501 621 661 621 561 621 81 641 601 561 541 581 581 641 601 621 581 161 681 141 621 641 621 621 581 141 601 621 581 121 621 681 561 581 561 581 621 601 661 681 121 101 601 581 601 661 141 621 601 541 541 661 661 581 581 661 101 121 621 641 561 601 561 661 601 641 541 681 681 581 141 601 661 561 101 641 561 101 661 621 641 561 581 641 661 661 581 581 601 541 0 661
0 41 161 601 621 561 621 621 541 81 601 661 641 621 661 601 641 601 641 621 601 601 81 581 581 621 661 141 681 621 641 621 601 581 581 601 641 521 561 601 161 621 561 581 621 641 101 161 541 641 641 641 141 641 541 601 561 621 581 621 601 641 601 581 581 681 561 661 621 561 581 641 661 661 61 621 101 201 581 641 581 541 141 601 641 581 701 641 101 601 141 641 101 721 661 641 601 601 581 641 0
SETUP_COST
0.0 420.0 3220.0 2020.0 1620.0 820.0 2020.0 2020.0 420.0 1220.0 1620.0 2820.0 2020.0 2420.0 2020.0 1620.0 2420.0 420.0 2020.0 820.0 1620.0 1220.0 2420.0 1220.0 2820.0 1620.0 2820.0 2420.0 2820.0 2020.0 2420.0 2820.0 1620.0 2020.0 2420.0 2420.0 2420.0 2020.0 820.0 1620.0 2420.0 2020.0 2820.0 1220.0 1220.0 2820.0 1620.0 2420.0 2820.0 2020.0 1620.0 1620.0 1620.0 1220.0 2820.0 2420.0 2020.0 2020.0 820.0 820.0 1620.0 2820.0 1620.0 2020.0 1620.0 2020.0 2420.0 1620.0 2420.0 420.0 1220.0 1620.0 2820.0 2820.0 1620.0 820.0 3220.0 4020.0 2420.0 2420.0 1620.0 2820.0 820.0 420.0 1220.0 1220.0 3220.0 2420.0 1620.0 820.0 1220.0 1620.0 2420.0 2820.0 2820.0 1620.0 2020.0 2420.0 820.0 2820.0 2020.0
0.0 0.0 4020.0 13220.0 13620.0 12820.0 13220.0 13620.0 12820.0 3620.0 12420.0 14020.0 13220.0 13220.0 14020.0 11220.0 12820.0 12420.0 13220.0 12820.0 12420.0 13620.0 3220.0 12020.0 14420.0 13220.0 12820.0 4420.0 13220.0 13620.0 14020.0 12420.0 12420.0 12420.0 13620.0 13220.0 12420.0 11620.0 13220.0 12420.0 3220.0 13220.0 13620.0 13220.0 12820.0 12420.0 2420.0 3220.0 13620.0 14020.0 13620.0 14020.0 2420.0 13620.0 14020.0 13220.0 13220.0 11620.0 12820.0 12820.0 14020.0 13620.0 12820.0 13220.0 13620.0 13620.0 12020.0 13620.0 13620.0 12820.0 12020.0 14020.0 14420.0 13220.0 3220.0 12820.0 3620.0 5220.0 12420.0 13220.0 12420.0 13620.0 3220.0 12820.0 13620.0 13220.0 14420.0 14420.0 2420.0 14820.0 3220.0 13220.0 3220.0 14820.0 12820.0 13620.0 11620.0 12820.0 13220.0 13220.0 3620.0
0.0 2820.0 0.0 13220.0 12420.0 12420.0 12420.0 12820.0 12420.0 1220.0 13220.0 13620.0 12820.0 12020.0 13220.0 12020.0 13220.0 12420.0 12020.0 11620.0 12020.0 11620.0 3620.0 12820.0 11620.0 12420.0 13620.0 4020.0 13620.0 12420.0 13620.0 12820.0 13220.0 12020.0 13220.0 12820.0 13220.0 11220.0 12420.0 12820.0 4020.0 12020.0 10820.0 12020.0 12020.0 12820.0 2820.0 3620.0 13620.0 12820.0 12420.0 12820.0 2420.0 12820.0 12820.0 13220.0 12820.0 12820.0 11620.0 11620.0 12820.0 13220.0 12420.0 12020.0 13620.0 12820.0 11620.0 13220.0 12420.0 12020.0 12820.0 12020.0 13620.0 12820.0 2020.0 11620.0 3620.0 3220.0 12020.0 12820.0 12420.0 13620.0 2020.0 12420.0 12420.0 11620.0 11220.0 13220.0 2420.0 13620.0 2020.0 12420.0 2820.0 13620.0 13620.0 12420.0 12420.0 12420.0 11620.0 10820.0 3620.0
0.0 12020.0 12020.0 0.0 2420.0 2420.0 10420.0 13220.0 12020.0 11620.0 12420.0 13620.0 11620.0 12820.0 12420.0 1620.0 12420.0 12020.0 12820.0 12420.0 12020.0 12020.0 12020.0 12020.0 12020.0 12020.0 2420.0 12820.0 3220.0 12820.0 12820.0 12420.0 12420.0 11620.0 2420.0 11620.0 12420.0 11620.0 2820.0 10420.0 13220.0 12820.0 12020.0 12420.0 11620.0 11620.0 10820.0 12820.0 12020.0 3220.0 2020.0 12420.0 11620.0 12820.0 12020.0 1620.0 10420.0 12020.0 12420.0 10820.0 12420.0 12820.0 12020.0 11620.0 13220.0 3620.0 2420.0 12820.0 12820.0 12020.0 12020.0 12820.0 11220.0 11620.0 12020.0 12420.0 12820.0 14820.0 11620.0 2420.0 12020.0 12020.0 12420.0 2420.0 10820.0 11620.0 3220.0 13220.0 12420.0 13220.0 12820.0 11620.0 12820.0 12820.0 12420.0 10820.0 11620.0 12020.0 12020.0 1620.0 11220.0
0.0 12020.0 12820.0 2020.0 0.0 1620.0 12020.0 12420.0 12020.0 12020.0 11220.0 13220.0 12020.0 10820.0 12420.0 1220.0 12820.0 11620.0 11620.0 12020.0 11220.0 11220.0 12020.0 11220.0 13620.0 11620.0 2820.0 14020.0 3220.0 12020.0 12820.0 12020.0 11220.0 11620.0 2420.0 11620.0 12020.0 12420.0 820.0 11620.0 12420.0 11220.0 12020.0 12420.0 11620.0 12020.0 12420.0 12420.0 13220.0 2020.0 2820.0 12020.0 11620.0 12020.0 13220.0 2420.0 12420.0 11620.0 10820.0 12020.0 13220.0 12420.0 12020.0 11220.0 12420.0 2820.0 3220.0 12820.0 12820.0 10420.0 11220.0 11220.0 12420.0 12020.0 12420.0 12020.0 12020.0 14420.0 12020.0 2420.0 12020.0 13220.0 12420.0 420.0 12820.0 10820.0 3220.0 12820.0 11620.0 12820.0 12420.0 11620.0 13220.0 13620.0 13220.0 12820.0 11220.0 12020.0 10820.0 2420.0 12420.0
0.0 12420.0 13620.0 2420.0 2020.0 0.0 12020.0 13220.0 12420.0 13220.0 12020.0 13220.0 12820.0 12820.0 12820.0 1220.0 12820.0 12420.0 12420.0 12420.0 11220.0 11620.0 12820.0 11620.0 13620.0 13220.0 3220.0 13620.0 2820.0 12820.0 11620.0 12020.0 12020.0 12020.0 3220.0 12020.0 12020.0 13220.0 2820.0 12020.0 12820.0 12820.0 13220.0 12820.0 11620.0 12020.0 12020.0 12820.0 13220.0 2820.0 2020.0 12820.0 11620.0 12420.0 13220.0 2820.0 12020.0 11620.0 11220.0 12420.0 12820.0 13220.0 11620.0 12420.0 13220.0 3220.0 3620.0 12420.0 13220.0 10820.0 11620.0 12020.0 13220.0 13220.0 12820.0 12420.0 13220.0 14820.0 13220.0 2020.0 12020.0 13220.0 12820.0 2420.0 12420.0 11620.0 4020.0 12420.0 12020.0 13620.0 12820.0 12420.0 14020.0 13620.0 12820.0 12020.0 11220.0 12420.0 11220.0 3220.0 13220.0
0.0 12020.0 12020.0 12420.0 12820.0 12020.0 0.0 13220.0 2020.0 11620.0 12820.0 13620.0 1620.0 12420.0 2420.0 12420.0 12020.0 12020.0 12420.0 12020.0 2020.0 11620.0 12420.0 12420.0 2020.0 12020.0 12020.0 12820.0 12820.0 12420.0 12420.0 12420.0 12820.0 1620.0 12020.0 12020.0 2820.0 11620.0 12420.0 420.0 14020.0 12820.0 2020.0 12020.0 11620.0 11620.0 10820.0 12820.0 2020.0 13220.0 12020.0 3220.0 11620.0 12820.0 12020.0 13220.0 10420.0 12420.0 12420.0 1220.0 13220.0 12420.0 11620.0 11620.0 12820.0 13220.0 12020.0 12820.0 12820.0 12020.0 2820.0 12420.0 1220.0 11220.0 12020.0 12020.0 12420.0 14820.0 11620.0 12020.0 12020.0 2020.0 12420.0 12020.0 10820.0 11620.0 12820.0 13220.0 12820.0 13220.0 12420.0 11620.0 12820.0 12820.0 12420.0 10820.0 2420.0 12020.0 12420.0 11620.0 11220.0
0.0 13220.0 14420.0 13620.0 13620.0 13220.0 12820.0 0.0 12820.0 14020.0 12820.0 3620.0 14020.0 12420.0 13620.0 12420.0 13620.0 3220.0 12420.0 13620.0 12820.0 12820.0 13620.0 12420.0 13220.0 13220.0 14020.0 14820.0 13620.0 12020.0 12820.0 12820.0 12820.0 12820.0 14020.0 3220.0 12820.0 14020.0 13620.0 12820.0 13620.0 12420.0 13620.0 4020.0 12020.0 12820.0 12820.0 13620.0 14020.0 14420.0 12820.0 14020.0 11620.0 13620.0 14020.0 13620.0 12820.0 12420.0 13220.0 13220.0 4420.0 2420.0 2420.0 2820.0 4020.0 14020.0 14420.0 3220.0 13620.0 13220.0 12420.0 3620.0 14020.0 3220.0 13620.0 13620.0 13620.0 14820.0 12820.0 13620.0 11620.0 14020.0 13620.0 13220.0 3220.0 12820.0 12820.0 12820.0 12820.0 14020.0 13620.0 12820.0 14820.0 14420.0 3620.0 12820.0 12020.0 2020.0 13220.0 14020.0 13620.0
0.0 10020.0 13620.0 11620.0 12420.0 10420.0 2020.0 13620.0 0.0 13220.0 12420.0 13620.0 3220.0 13220.0 2820.0 11220.0 12820.0 12420.0 12820.0 12420.0 1620.0 12020.0 13220.0 12020.0 3620.0 12420.0 12820.0 12020.0 13220.0 11620.0 12020.0 12420.0 12420.0 2020.0 13220.0 12420.0 2420.0 11620.0 12820.0 2020.0 13220.0 11620.0 2820.0 13220.0 11620.0 12420.0 12420.0 13220.0 3620.0 12820.0 12420.0 2020.0 11620.0 12020.0 13620.0 12820.0 12020.0 11620.0 11620.0 2820.0 11220.0 13620.0 11220.0 12020.0 11220.0 13620.0 12020.0 12820.0 13620.0 11220.0 2020.0 12020.0 3220.0 12420.0 13220.0 12820.0 13620.0 14820.0 12420.0 12420.0 12420.0 3620.0 12820.0 12420.0 12420.0 12020.0 14020.0 12420.0 12420.0 13220.0 12820.0 12820.0 13220.0 14020.0 13220.0 12420.0 1620.0 12420.0 11620.0 13220.0 13220.0
0.0 2020.0 4020.0 12420.0 11620.0 12420.0 12820.0 13620.0 12020.0 0.0 12420.0 13220.0 13220.0 11220.0 13620.0 11220.0 12820.0 12020.0 12020.0 12420.0 12420.0 11220.0 2820.0 12020.0 14420.0 12020.0 13620.0 4420.0 13220.0 12420.0 14020.0 12420.0 12420.0 11620.0 12820.0 12020.0 12420.0 12820.0 12020.0 12420.0 3620.0 11220.0 12420.0 12820.0 12420.0 12420.0 2820.0 3220.0 13620.0 13220.0 13220.0 13220.0 2420.0 12820.0 13620.0 13220.0 12820.0 12020.0 12020.0 12420.0 13220.0 13620.0 12820.0 11620.0 13220.0 13220.0 13620.0 13220.0 13620.0 11620.0 12020.0 12420.0 13620.0 12020.0 2820.0 12420.0 3620.0 5220.0 11220.0 13220.0 12020.0 13620.0 2820.0 11620.0 12820.0 12420.0 14420.0 12820.0 2820.0 12820.0 2820.0 13220.0 4020.0 14420.0 13220.0 13220.0 11620.0 12020.0 10820.0 13620.0 3620.0
0.0 12020.0 12020.0 12420.0 12020.0 12020.0 12420.0 12420.0 12020.0 11620.0 0.0 13220.0 11620.0 12420.0 11620.0 10420.0 2420.0 11620.0 2820.0 12020.0 11620.0 12020.0 12420.0 11220.0 12820.0 2820.0 12820.0 12820.0 12420.0 12820.0 2420.0 11620.0 11620.0 11620.0 12820.0 12020.0 11220.0 2020.0 12020.0 10420.0 12420.0 2420.0 11620.0 12420.0 2020.0 11620.0 11620.0 12420.0 12020.0 13620.0 12820.0 13220.0 11620.0 12820.0 2020.0 12020.0 2420.0 1220.0 12020.0 12020.0 13220.0 11620.0 12020.0 11620.0 12820.0 12820.0 12420.0 12820.0 2820.0 12020.0 11220.0 12420.0 13620.0 12820.0 12020.0 12020.0 12420.0 14820.0 1620.0 12420.0 11620.0 12020.0 12420.0 11620.0 12020.0 2820.0 12820.0 13620.0 10420.0 3220.0 12420.0 2020.0 12820.0 4020.0 12420.0 12020.0 10420.0 12020.0 12420.0 11620.0 11220.0
0.0 12020.0 13620.0 11620.0 11620.0 12420.0 11620.0 2820.0 12020.0 12420.0 12020.0 0.0 13220.0 12420.0 13220.0 11620.0 12420.0 2020.0 12820.0 12020.0 12020.0 12420.0 12420.0 11620.0 13620.0 13220.0 12820.0 13620.0 12420.0 12820.0 13620.0 10820.0 12020.0 11620.0 12820.0 1220.0 11620.0 13220.0 12020.0 12020.0 13220.0 12420.0 12820.0 2820.0 12420.0 11620.0 11620.0 12820.0 13620.0 13220.0 13220.0 12820.0 11620.0 12820.0 13220.0 11620.0 12020.0 11220.0 12020.0 12020.0 3220.0 3620.0 2820.0 2420.0 3220.0 13220.0 13620.0 3220.0 13220.0 11620.0 11620.0 2820.0 12820.0 3220.0 11620.0 12020.0 12820.0 14420.0 12820.0 13220.0 11620.0 12820.0 12020.0 11620.0 2420.0 12420.0 14020.0 13620.0 12020.0 14020.0 12420.0 12420.0 12820.0 14020.0 2820.0 12420.0 11620.0 2020.0 11620.0 12820.0 12820.0
0.0 12820.0 12420.0 12820.0 12020.0 13220.0 2420.0 11620.0 2820.0 12020.0 13220.0 14020.0 0.0 12820.0 3220.0 12420.0 13220.0 13620.0 12420.0 12820.0 3220.0 12820.0 12820.0 12820.0 4020.0 13620.0 12820.0 13220.0 13220.0 12820.0 12020.0 12820.0 12020.0 3220.0 12020.0 12820.0 3220.0 13620.0 12420.0 2420.0 14020.0 12820.0 3220.0 12420.0 12020.0 12420.0 11620.0 13620.0 4020.0 13620.0 13220.0 2820.0 12020.0 12420.0 14020.0 12020.0 12420.0 12820.0 12420.0 2820.0 14020.0 10820.0 12420.0 13220.0 13620.0 13620.0 14020.0 13220.0 12820.0 12020.0 2820.0 12820.0 3620.0 13220.0 12820.0 12820.0 12820.0 14820.0 13220.0 12820.0 12820.0 2820.0 12820.0 12020.0 12820.0 12820.0 13620.0 13620.0 13220.0 13220.0 13220.0 12020.0 11620.0 14820.0 12820.0 13220.0 2420.0 13620.0 11220.0 12020.0 13220.0
0.0 11220.0 12820.0 11620.0 12020.0 11220.0 11620.0 12420.0 10820.0 11620.0 11220.0 12020.0 12820.0 0.0 12820.0 10420.0 12020.0 10820.0 11620.0 1220.0 11220.0 1220.0 11620.0 1220.0 13220.0 10820.0 12420.0 13220.0 12020.0 2820.0 12820.0 1220.0 1220.0 10420.0 11620.0 10820.0 11220.0 12020.0 11220.0 11620.0 12420.0 10020.0 11220.0 11620.0 11620.0 1220.0 11620.0 12020.0 12420.0 12420.0 12020.0 12420.0 11220.0 2020.0 12820.0 12020.0 11620.0 10820.0 1620.0 11220.0 12420.0 12820.0 11620.0 10420.0 12020.0 12420.0 12420.0 12020.0 12820.0 1220.0 10820.0 12820.0 12820.0 10820.0 12020.0 1220.0 12420.0 14420.0 12020.0 12020.0 1220.0 12820.0 11620.0 10820.0 12020.0 11620.0 13220.0 3220.0 11620.0 11620.0 11620.0 12020.0 12820.0 13620.0 12420.0 2020.0 10420.0 11220.0 1620.0 12420.0 12420.0
0.0 12020.0 13620.0 12820.0 12820.0 11220.0 2420.0 13220.0 2020.0 12820.0 12820.0 14020.0 3620.0 13620.0 0.0 12020.0 12420.0 11620.0 12420.0 12020.0 2020.0 12820.0 13220.0 12820.0 4020.0 13220.0 12420.0 12820.0 11620.0 12820.0 12820.0 11620.0 12820.0 1620.0 12420.0 12820.0 1620.0 13220.0 12420.0 2820.0 14020.0 13220.0 2820.0 12420.0 12420.0 11620.0 11220.0 11620.0 4420.0 13220.0 12820.0 3220.0 12420.0 12820.0 13620.0 12420.0 12820.0 12420.0 12420.0 2020.0 13220.0 14020.0 12820.0 12420.0 12820.0 13220.0 13620.0 12420.0 13220.0 12020.0 2820.0 12820.0 3620.0 12820.0 12420.0 12020.0 12820.0 14820.0 12820.0 13220.0 12020.0 2420.0 12420.0 12020.0 12820.0 12820.0 14420.0 13220.0 12820.0 14020.0 12420.0 11620.0 12820.0 14020.0 12420.0 12820.0 2020.0 12020.0 12020.0 13220.0 13620.0
0.0 11620.0 12820.0 2820.0 2820.0 2020.0 12020.0 12420.0 11620.0 12020.0 11220.0 13220.0 12420.0 12020.0 12820.0 0.0 11620.0 11220.0 12020.0 11620.0 11220.0 12420.0 12020.0 10820.0 13220.0 12420.0 2820.0 13220.0 2020.0 12420.0 12820.0 11220.0 11220.0 11220.0 2420.0 12420.0 11220.0 12420.0 2020.0 11220.0 12020.0 12020.0 12420.0 12020.0 11620.0 11220.0 11220.0 12020.0 12420.0 3220.0 2820.0 12820.0 11220.0 12420.0 12820.0 2020.0 12020.0 10820.0 12020.0 11620.0 12820.0 12820.0 11620.0 12020.0 12420.0 2420.0 2820.0 12420.0 12420.0 11620.0 10820.0 12820.0 13220.0 12420.0 12020.0 11620.0 12420.0 14420.0 12420.0 2020.0 11220.0 12420.0 12020.0 1620.0 12420.0 12020.0 3220.0 13220.0 11220.0 13620.0 12020.0 12020.0 13220.0 13620.0 12020.0 12420.0 10420.0 11620.0 12020.0 2420.0 12420.0
0.0 12020.0 12820.0 12820.0 13220.0 11620.0 12820.0 12820.0 12820.0 12420.0 2420.0 12820.0 12020.0 13220.0 12420.0 12820.0 0.0 12820.0 3220.0 11620.0 12020.0 11620.0 12820.0 12020.0 13620.0 2820.0 12820.0 13220.0 10820.0 13220.0 2820.0 12420.0 12420.0 12420.0 11620.0 12820.0 12420.0 2020.0 12820.0 12420.0 13220.0 2020.0 13220.0 11620.0 2420.0 11220.0 11220.0 12820.0 14420.0 13220.0 11220.0 12820.0 11220.0 12820.0 2820.0 13220.0 2820.0 2020.0 12020.0 11620.0 13220.0 12020.0 12820.0 12420.0 13620.0 11620.0 12420.0 11620.0 1220.0 12420.0 12020.0 12820.0 13620.0 10820.0 12820.0 11620.0 12420.0 13620.0 1620.0 13220.0 12420.0 12820.0 12020.0 12820.0 13220.0 2020.0 14020.0 14020.0 12420.0 2820.0 10820.0 2020.0 13220.0 2820.0 10420.0 11620.0 12420.0 12820.0 12820.0 13220.0 13620.0
0.0 10420.0 12820.0 12020.0 11220.0 10820.0 11620.0 2020.0 10420.0 10820.0 11220.0 2820.0 12020.0 12020.0 12020.0 11620.0 12420.0 0.0 11620.0 10420.0 11220.0 11220.0 12020.0 10820.0 12820.0 11220.0 12820.0 12420.0 12420.0 11620.0 12420.0 12420.0 11220.0 11620.0 12420.0 2420.0 12420.0 11620.0 10820.0 11620.0 12420.0 11620.0 12420.0 1220.0 11220.0 12420.0 11220.0 12420.0 13220.0 11620.0 11220.0 11620.0 11220.0 11220.0 12820.0 12420.0 11620.0 12020.0 10820.0 10420.0 1620.0 2820.0 1620.0 2020.0 1620.0 11620.0 12420.0 1620.0 12420.0 10420.0 10820.0 2420.0 12420.0 2820.0 12420.0 10420.0 13220.0 14020.0 12420.0 12420.0 11620.0 12420.0 10820.0 10420.0 1220.0 10820.0 13220.0 12420.0 11620.0 12420.0 10820.0 12020.0 12420.0 12820.0 2820.0 11220.0 11620.0 2420.0 10820.0 12420.0 12420.0
0.0 13220.0 14020.0 13620.0 13620.0 13620.0 12420.0 13220.0 13220.0 12420.0 4420.0 13620.0 13620.0 13220.0 14020.0 13620.0 4020.0 12820.0 0.0 13220.0 12820.0 12820.0 14020.0 13620.0 14420.0 3220.0 14420.0 14020.0 13620.0 12420.0 4420.0 13620.0 11620.0 12820.0 14020.0 12820.0 14020.0 3220.0 13620.0 12420.0 14820.0 2420.0 13220.0 12020.0 3220.0 13620.0 13220.0 14420.0 13620.0 13620.0 13620.0 12820.0 13220.0 14020.0 3620.0 14020.0 2820.0 3620.0 13220.0 13220.0 13220.0 14820.0 13620.0 12420.0 12020.0 12820.0 12420.0 14420.0 3620.0 13220.0 13620.0 14420.0 13620.0 13220.0 13620.0 12820.0 14420.0 14820.0 2820.0 14020.0 12820.0 13220.0 12020.0 13220.0 12820.0 2420.0 14820.0 13220.0 13620.0 4020.0 13220.0 4020.0 13220.0 4420.0 13220.0 13220.0 13220.0 13220.0 13220.0 13620.0 12820.0
0.0 11620.0 13220.0 12420.0 11620.0 12020.0 11220.0 11620.0 11620.0 10820.0 12420.0 12420.0 11620.0 2020.0 12020.0 11620.0 12420.0 11620.0 12020.0 0.0 11220.0 820.0 12820.0 2420.0 13220.0 11220.0 12420.0 12820.0 12020.0 2420.0 12020.0 2420.0 2820.0 11620.0 12420.0 11620.0 12420.0 12420.0 12020.0 11620.0 13220.0 11620.0 12020.0 10820.0 10820.0 2420.0 11220.0 12420.0 13220.0 11620.0 10820.0 11220.0 10820.0 1620.0 12420.0 12020.0 11620.0 12020.0 420.0 10020.0 12820.0 12420.0 10820.0 11220.0 12820.0 11220.0 12820.0 12020.0 12020.0 820.0 12020.0 12820.0 12420.0 12820.0 12020.0 420.0 12820.0 13620.0 12020.0 12020.0 1220.0 12420.0 10420.0 11620.0 12020.0 10820.0 12820.0 3220.0 12820.0 12420.0 10420.0 11620.0 12020.0 12420.0 12420.0 1220.0 11620.0 12020.0 1220.0 12820.0 12420.0
0.0 11220.0 12820.0 12420.0 12020.0 11620.0 1220.0 13220.0 1220.0 12420.0 12020.0 12420.0 2820.0 12820.0 3220.0 11220.0 12820.0 12420.0 12820.0 12820.0 0.0 12820.0 13220.0 11620.0 2820.0 12820.0 12820.0 12820.0 12820.0 12820.0 11620.0 12020.0 12020.0 2020.0 12820.0 12820.0 2020.0 12420.0 12420.0 1220.0 12820.0 12820.0 2820.0 13220.0 10420.0 12020.0 11620.0 12020.0 2820.0 13620.0 12420.0 2820.0 10420.0 12420.0 12420.0 12820.0 11220.0 11620.0 12420.0 2020.0 11620.0 12420.0 10820.0 12420.0 12420.0 12820.0 12820.0 11620.0 13620.0 12020.0 2020.0 12420.0 2420.0 12420.0 12820.0 12820.0 13220.0 14820.0 12420.0 11220.0 12420.0 2820.0 12820.0 12420.0 11620.0 12420.0 13620.0 13620.0 12420.0 13620.0 11620.0 12420.0 13620.0 13620.0 12820.0 11620.0 1220.0 12820.0 11620.0 12420.0 12020.0
0.0 11220.0 13620.0 11620.0 12020.0 11620.0 11620.0 12820.0 11220.0 12020.0 12420.0 13620.0 12820.0 3220.0 12820.0 12420.0 13220.0 11220.0 11620.0 1620.0 12420.0 0.0 12820.0 2020.0 13620.0 12420.0 12820.0 13220.0 12420.0 2820.0 13220.0 2420.0 2420.0 10820.0 13220.0 11220.0 12420.0 12820.0 11620.0 12020.0 13220.0 12820.0 11620.0 11620.0 11620.0 2420.0 12420.0 13220.0 12420.0 12820.0 12420.0 12420.0 11620.0 2020.0 13620.0 12420.0 12020.0 12020.0 1620.0 11620.0 12420.0 12820.0 12020.0 10820.0 12420.0 12420.0 13220.0 12420.0 12420.0 1220.0 12020.0 13220.0 12820.0 12820.0 11620.0 1620.0 12020.0 14420.0 12020.0 12420.0 1220.0 13620.0 11620.0 11220.0 12020.0 12020.0 14020.0 3620.0 12420.0 13220.0 11620.0 12820.0 13220.0 13620.0 12020.0 2420.0 11620.0 11220.0 1620.0 13220.0 12820.0
0.0 2420.0 3220.0 12420.0 11620.0 12420.0 12820.0 11620.0 12020.0 420.0 12420.0 13220.0 13220.0 11220.0 12420.0 11620.0 12020.0 12020.0 12020.0 12420.0 11620.0 11620.0 0.0 12020.0 12820.0 12020.0 13220.0 3620.0 12420.0 12420.0 13620.0 12420.0 12420.0 11620.0 10420.0 12020.0 12420.0 13220.0 12020.0 11620.0 3620.0 11220.0 12420.0 10420.0 12020.0 12420.0 2020.0 3220.0 13620.0 12020.0 13220.0 13620.0 2420.0 11620.0 13620.0 13220.0 11220.0 12020.0 12020.0 12420.0 13220.0 13620.0 12420.0 11620.0 13220.0 13620.0 13620.0 13220.0 12820.0 11620.0 12020.0 12820.0 13620.0 12020.0 2420.0 12420.0 3620.0 4820.0 11620.0 12820.0 11220.0 12020.0 2820.0 11620.0 12820.0 12420.0 14020.0 13220.0 2820.0 12820.0 2820.0 12420.0 2020.0 14420.0 12020.0 12820.0 11620.0 12020.0 10820.0 12820.0 2820.0
0.0 11620.0 12020.0 12820.0 12420.0 11220.0 11220.0 12820.0 11620.0 11620.0 10420.0 12420.0 11620.0 2820.0 12020.0 10820.0 12420.0 12020.0 12420.0 2020.0 10420.0 2420.0 12820.0 0.0 12820.0 11620.0 13220.0 12820.0 12420.0 3220.0 12020.0 2020.0 420.0 11620.0 12820.0 12420.0 11620.0 11620.0 12420.0 10820.0 11620.0 12820.0 12020.0 12420.0 10820.0 2020.0 12020.0 11220.0 12420.0 13220.0 12420.0 12420.0 10820.0 2820.0 12420.0 12420.0 11620.0 11220.0 2020.0 12020.0 12020.0 12020.0 10820.0 12020.0 12820.0 11620.0 12020.0 11620.0 11620.0 2020.0 10020.0 12820.0 12420.0 12820.0 12420.0 2020.0 12020.0 14020.0 12020.0 11220.0 2020.0 12420.0 11620.0 12020.0 12020.0 12420.0 12420.0 3220.0 10820.0 13620.0 12020.0 12020.0 13220.0 13220.0 12820.0 2020.0 10820.0 12420.0 2020.0 11620.0 11620.0
0.0 12820.0 13220.0 12820.0 12420.0 11620.0 2820.0 13220.0 2820.0 12020.0 12820.0 13620.0 3220.0 13220.0 2820.0 12020.0 11620.0 13220.0 13620.0 11620.0 2820.0 12020.0 13620.0 12820.0 0.0 12420.0 12420.0 13220.0 12420.0 10820.0 13220.0 12820.0 13220.0 2820.0 12420.0 13220.0 2820.0 12820.0 12420.0 2020.0 14020.0 13220.0 2820.0 12020.0 12420.0 11220.0 11220.0 14020.0 3220.0 12820.0 12420.0 1220.0 12420.0 12820.0 12820.0 13220.0 12820.0 12420.0 11620.0 1620.0 13220.0 13220.0 12420.0 12820.0 13620.0 12820.0 13220.0 13220.0 10820.0 12020.0 2420.0 13220.0 4020.0 12420.0 12420.0 11620.0 12020.0 14420.0 12820.0 13620.0 12820.0 2420.0 11620.0 12420.0 13220.0 12020.0 13220.0 11620.0 12020.0 14020.0 12020.0 12020.0 12820.0 13620.0 12020.0 12420.0 2420.0 13220.0 12420.0 12820.0 12020.0
0.0 13220.0 14820.0 14820.0 14020.0 13620.0 14420.0 13620.0 13220.0 14420.0 4420.0 14820.0 14820.0 14420.0 13220.0 13220.0 4020.0 14420.0 3220.0 14820.0 14020.0 14420.0 14820.0 13620.0 14820.0 0.0 14420.0 13220.0 12820.0 14820.0 4020.0 13620.0 14020.0 14020.0 13620.0 14820.0 14020.0 3620.0 14420.0 13620.0 14420.0 4020.0 14820.0 13620.0 4420.0 14020.0 13220.0 14420.0 14420.0 14820.0 13620.0 14820.0 14420.0 14420.0 4820.0 14420.0 4820.0 3620.0 14020.0 14820.0 14420.0 14020.0 12820.0 14020.0 14420.0 14820.0 12020.0 13620.0 4820.0 14020.0 13620.0 14820.0 14820.0 14420.0 14420.0 14820.0 13620.0 14820.0 2820.0 14820.0 14420.0 14420.0 14820.0 14420.0 14820.0 4420.0 14820.0 14820.0 13220.0 4820.0 14820.0 4020.0 13220.0 5220.0 12420.0 13620.0 13220.0 14420.0 13620.0 14820.0 14420.0
0.0 12420.0 11620.0 420.0 2820.0 2820.0 10420.0 12420.0 12420.0 11220.0 12020.0 13620.0 12020.0 12420.0 11620.0 1220.0 12420.0 12420.0 12420.0 12020.0 12020.0 12020.0 12420.0 11620.0 12420.0 12420.0 0.0 13220.0 2820.0 12820.0 12820.0 12020.0 12020.0 12020.0 2420.0 11620.0 12020.0 12020.0 2820.0 10820.0 12820.0 12420.0 12020.0 12420.0 12020.0 11620.0 11220.0 12020.0 12420.0 1220.0 2020.0 12420.0 12020.0 11620.0 12420.0 1620.0 10820.0 11620.0 12020.0 11220.0 12420.0 12820.0 11620.0 12020.0 13220.0 3220.0 2420.0 12820.0 12820.0 12420.0 11620.0 12420.0 11620.0 11620.0 12420.0 12020.0 12820.0 14420.0 12020.0 2820.0 12020.0 12420.0 12020.0 2420.0 10820.0 12020.0 2820.0 13620.0 12020.0 12820.0 12420.0 12020.0 12020.0 12820.0 12820.0 11220.0 11220.0 12420.0 12020.0 1220.0 11620.0
0.0 3620.0 3620.0 12820.0 12420.0 12820.0 12820.0 11620.0 13220.0 3220.0 13620.0 14820.0 13220.0 13220.0 12020.0 12820.0 13220.0 13220.0 12820.0 12820.0 12420.0 12020.0 4020.0 13220.0 14020.0 13620.0 12420.0 0.0 13220.0 13220.0 12420.0 12820.0 13620.0 12820.0 11620.0 12820.0 13220.0 13220.0 12820.0 12020.0 3620.0 13220.0 12820.0 12020.0 12820.0 13220.0 1220.0 3620.0 13620.0 12820.0 13620.0 12820.0 2820.0 11220.0 13620.0 13220.0 12420.0 13220.0 11620.0 12820.0 14020.0 13620.0 12820.0 12820.0 14020.0 14020.0 11620.0 14020.0 14020.0 11220.0 13220.0 13220.0 14020.0 13620.0 2820.0 12820.0 4420.0 4020.0 12020.0 13620.0 12420.0 12420.0 3220.0 12420.0 13220.0 12020.0 14020.0 13620.0 2820.0 12420.0 3620.0 12020.0 1220.0 14820.0 13220.0 13220.0 12820.0 13220.0 11620.0 13220.0 2820.0
0.0 13220.0 12020.0 3220.0 2820.0 3620.0 13220.0 13220.0 12820.0 12820.0 13620.0 14420.0 13620.0 13620.0 12820.0 3220.0 13220.0 12820.0 12820.0 13220.0 12020.0 12020.0 13620.0 13220.0 13220.0 12820.0 3220.0 14020.0 0.0 13620.0 14020.0 12820.0 13620.0 12420.0 3620.0 12820.0 12820.0 12020.0 3220.0 13220.0 12820.0 13620.0 13220.0 13620.0 12420.0 12820.0 13220.0 12020.0 14020.0 2820.0 3620.0 14020.0 12820.0 13620.0 12420.0 3220.0 12820.0 12820.0 11620.0 13220.0 14020.0 14020.0 12820.0 12420.0 14020.0 4420.0 2820.0 11220.0 14020.0 11620.0 13220.0 13220.0 14420.0 13620.0 13220.0 13220.0 14020.0 14820.0 13220.0 2820.0 12420.0 13620.0 13620.0 2820.0 13620.0 11620.0 3220.0 13620.0 13220.0 14820.0 13620.0 12020.0 13620.0 14820.0 13620.0 13620.0 12420.0 12420.0 12020.0 2820.0 13220.0
0.0 12420.0 12820.0 13220.0 11620.0 12820.0 13220.0 13620.0 12420.0 12420.0 12420.0 14420.0 12420.0 2820.0 12820.0 11620.0 13220.0 12820.0 13620.0 3220.0 12420.0 2820.0 12820.0 2020.0 13220.0 13220.0 13620.0 13620.0 11620.0 0.0 13620.0 2420.0 2420.0 12420.0 12820.0 12820.0 12420.0 12020.0 12420.0 11220.0 13620.0 12820.0 12820.0 13220.0 12820.0 2420.0 12420.0 13220.0 12420.0 13620.0 12820.0 13620.0 12820.0 3620.0 12420.0 13220.0 12820.0 12020.0 2420.0 12820.0 12820.0 12820.0 12820.0 12420.0 13220.0 13620.0 12420.0 12820.0 12820.0 2020.0 12020.0 12820.0 14020.0 13620.0 12420.0 3220.0 13220.0 14020.0 12420.0 13220.0 2820.0 12420.0 13220.0 12020.0 13620.0 12820.0 14020.0 820.0 11220.0 13620.0 13220.0 12820.0 13620.0 14820.0 11620.0 3220.0 11620.0 12820.0 2420.0 12420.0 11620.0
0.0 13220.0 13620.0 13220.0 12820.0 12420.0 12820.0 11620.0 13220.0 12020.0 3220.0 14420.0 13620.0 13220.0 11220.0 12820.0 3620.0 12820.0 3620.0 13220.0 12820.0 12820.0 13620.0 12820.0 14820.0 4020.0 12820.0 13620.0 11620.0 13620.0 0.0 12820.0 12420.0 12820.0 12420.0 13620.0 12820.0 2420.0 12020.0 13220.0 14020.0 3220.0 13220.0 12820.0 3220.0 12820.0 11620.0 12820.0 14420.0 13620.0 12420.0 13620.0 13220.0 10820.0 4020.0 12820.0 3220.0 3220.0 12420.0 13220.0 14020.0 12820.0 13620.0 13220.0 14020.0 13620.0 12820.0 12820.0 4420.0 12020.0 12820.0 14020.0 14020.0 14020.0 12820.0 13220.0 13220.0 14420.0 2420.0 14020.0 13220.0 12820.0 13620.0 12020.0 11620.0 2820.0 14420.0 14020.0 13220.0 2020.0 13620.0 2420.0 12420.0 3620.0 11220.0 11620.0 12820.0 13220.0 12420.0 14020.0 14020.0
0.0 12420.0 12820.0 12020.0 12420.0 12420.0 11220.0 13220.0 12420.0 11620.0 12020.0 14020.0 12420.0 2820.0 13220.0 10820.0 12820.0 12020.0 12820.0 2420.0 12020.0 2420.0 11620.0 1620.0 12820.0 12820.0 13220.0 13620.0 12820.0 3220.0 13620.0 0.0 2020.0 11620.0 12020.0 12020.0 12020.0 12820.0 11220.0 11220.0 12820.0 12820.0 12420.0 12020.0 12420.0 2020.0 12020.0 12820.0 12820.0 12820.0 12820.0 13620.0 12020.0 3220.0 12820.0 10820.0 11220.0 11620.0 1620.0 12020.0 13620.0 12820.0 12420.0 11620.0 13220.0 13220.0 13220.0 13220.0 13220.0 1620.0 11620.0 12420.0 12420.0 12420.0 10820.0 2420.0 13220.0 14820.0 12820.0 12820.0 1620.0 12820.0 12820.0 12020.0 11620.0 12020.0 14020.0 4020.0 12020.0 14420.0 12820.0 12420.0 13220.0 13620.0 12820.0 2020.0 11220.0 12420.0 2020.0 12420.0 12420.0
0.0 13220.0 13620.0 13620.0 12820.0 13620.0 12020.0 12820.0 13220.0 13220.0 14020.0 12020.0 12820.0 3620.0 13220.0 13220.0 13620.0 12820.0 12020.0 3220.0 12420.0 2020.0 14020.0 3620.0 13620.0 13620.0 13620.0 13620.0 13220.0 3620.0 12820.0 2820.0 0.0 12820.0 13620.0 13220.0 12820.0 13220.0 13620.0 12020.0 14820.0 13620.0 13620.0 12020.0 12820.0 2820.0 12420.0 13620.0 13620.0 12820.0 12420.0 13220.0 12820.0 2820.0 13620.0 13220.0 12020.0 13220.0 1620.0 12820.0 12820.0 13620.0 12820.0 12820.0 13620.0 11620.0 14020.0 13620.0 14020.0 2020.0 13620.0 13220.0 13220.0 13220.0 13620.0 1620.0 13220.0 13620.0 13220.0 13220.0 2420.0 13620.0 13620.0 13220.0 12420.0 12020.0 14020.0 4420.0 14020.0 13620.0 11620.0 12820.0 13220.0 12820.0 13620.0 2420.0 13220.0 13220.0 2420.0 13220.0 13220.0
0.0 10820.0 12820.0 12420.0 11620.0 10820.0 1620.0 12420.0 820.0 11220.0 11620.0 12820.0 2420.0 12420.0 2420.0 11620.0 12420.0 10420.0 11220.0 10820.0 1620.0 11220.0 12420.0 11220.0 3220.0 11620.0 12820.0 12820.0 12420.0 12020.0 12420.0 11620.0 11620.0 0.0 12820.0 12420.0 1620.0 12020.0 10820.0 2020.0 12820.0 12020.0 2820.0 11220.0 10820.0 11620.0 11620.0 12420.0 3220.0 12020.0 11620.0 2020.0 11220.0 11620.0 12820.0 12420.0 11620.0 11220.0 10820.0 820.0 11620.0 13220.0 11220.0 12020.0 11620.0 12020.0 12820.0 11620.0 12820.0 10820.0 1620.0 12820.0 2820.0 12020.0 12420.0 10820.0 12420.0 14020.0 11620.0 12420.0 10820.0 2820.0 10820.0 10420.0 11620.0 11220.0 13220.0 12820.0 11620.0 12820.0 11220.0 12420.0 12820.0 12820.0 12820.0 11620.0 820.0 10820.0 10820.0 12820.0 12820.0
0.0 12820.0 14020.0 2420.0 2820.0 3220.0 12420.0 11220.0 12820.0 13220.0 13620.0 13620.0 14020.0 13620.0 12020.0 2820.0 13220.0 12420.0 13220.0 12820.0 11620.0 13620.0 14020.0 13220.0 14020.0 13220.0 3220.0 14020.0 2420.0 12820.0 13220.0 13620.0 13620.0 12820.0 0.0 11620.0 13620.0 13220.0 2420.0 12420.0 13220.0 13620.0 13620.0 10420.0 11620.0 13620.0 12420.0 12820.0 13220.0 2020.0 3220.0 14020.0 12020.0 11220.0 13620.0 3620.0 12420.0 12820.0 12820.0 12820.0 13220.0 13220.0 12020.0 12820.0 13620.0 4020.0 4020.0 12820.0 14020.0 12820.0 13220.0 13620.0 13620.0 13620.0 13620.0 12820.0 14020.0 14420.0 13220.0 2420.0 10820.0 13620.0 13220.0 2820.0 12420.0 13220.0 3620.0 13620.0 13620.0 12820.0 13220.0 12020.0 13620.0 14420.0 11620.0 12420.0 12820.0 12820.0 12020.0 3620.0 13620.0
0.0 12820.0 12420.0 10820.0 11220.0 12820.0 10820.0 2420.0 12820.0 12020.0 12420.0 4020.0 12420.0 12020.0 12820.0 12020.0 12820.0 2820.0 11620.0 12820.0 12020.0 12020.0 12820.0 12020.0 12420.0 12420.0 11620.0 13220.0 13620.0 12020.0 13220.0 12820.0 12420.0 12020.0 12820.0 0.0 12820.0 12020.0 11620.0 10820.0 13220.0 12020.0 12420.0 2820.0 12020.0 12020.0 11620.0 13220.0 12420.0 12420.0 12820.0 12820.0 12420.0 12820.0 12820.0 11620.0 10820.0 12420.0 11620.0 11620.0 2820.0 3220.0 2420.0 2020.0 3220.0 13620.0 12820.0 3220.0 13220.0 11220.0 12020.0 2420.0 12020.0 2020.0 12820.0 12820.0 13220.0 13620.0 12420.0 12820.0 12820.0 12420.0 12820.0 11220.0 1220.0 11620.0 13620.0 12820.0 12420.0 13620.0 13220.0 12020.0 13220.0 13220.0 3220.0 11620.0 12020.0 2820.0 10420.0 12020.0 12020.0
0.0 10820.0 12820.0 12020.0 11620.0 10820.0 1220.0 12420.0 820.0 11220.0 11620.0 12820.0 2420.0 12420.0 2020.0 10820.0 10820.0 10420.0 11220.0 10820.0 1620.0 11620.0 11620.0 11220.0 3220.0 11620.0 11620.0 12020.0 11220.0 11620.0 12420.0 10020.0 11620.0 420.0 11620.0 12020.0 0.0 12020.0 10820.0 1620.0 12820.0 12020.0 1620.0 11220.0 11220.0 10020.0 10420.0 12420.0 3220.0 12020.0 11620.0 2020.0 11220.0 11620.0 12820.0 10820.0 11220.0 11220.0 10820.0 820.0 11620.0 12820.0 11220.0 11620.0 11620.0 12020.0 12820.0 11620.0 11620.0 10820.0 1620.0 12420.0 2420.0 11620.0 10820.0 10820.0 11220.0 13620.0 11620.0 12420.0 10820.0 1620.0 10820.0 10420.0 11620.0 11220.0 13220.0 12420.0 11620.0 12820.0 11220.0 11220.0 12020.0 12820.0 11220.0 11620.0 820.0 10820.0 10820.0 12420.0 12420.0
0.0 12020.0 14020.0 12020.0 12820.0 12420.0 12420.0 12020.0 12020.0 12820.0 2820.0 12820.0 13620.0 12820.0 12820.0 11620.0 2420.0 12020.0 2820.0 12020.0 12420.0 12820.0 13620.0 12420.0 14020.0 2020.0 12820.0 13620.0 13220.0 13620.0 3620.0 12020.0 12420.0 11620.0 12420.0 11620.0 12420.0 0.0 12420.0 12420.0 13620.0 2820.0 13220.0 12420.0 2420.0 12820.0 11620.0 13620.0 12820.0 13620.0 13220.0 13220.0 12820.0 12820.0 4420.0 12820.0 2420.0 2020.0 12420.0 12020.0 13220.0 12820.0 12820.0 13220.0 13220.0 13220.0 10820.0 13220.0 3620.0 12020.0 12420.0 13220.0 13220.0 13220.0 12820.0 12020.0 12820.0 14820.0 1220.0 13620.0 12020.0 12820.0 12420.0 12020.0 12820.0 2820.0 14420.0 14020.0 11220.0 4020.0 12420.0 2420.0 11620.0 4420.0 12820.0 12420.0 11620.0 12020.0 12020.0 13620.0 13620.0
0.0 12420.0 14020.0 3220.0 3220.0 2820.0 12820.0 14020.0 12420.0 12820.0 13220.0 14820.0 14020.0 14020.0 13620.0 2820.0 12820.0 12020.0 12820.0 12420.0 12820.0 12420.0 13620.0 13220.0 14820.0 13620.0 3620.0 14020.0 2820.0 13220.0 14020.0 12020.0 13220.0 12020.0 3220.0 13220.0 12020.0 13620.0 0.0 13220.0 14420.0 13620.0 13220.0 12820.0 12820.0 12020.0 12020.0 14420.0 14420.0 3620.0 2420.0 13620.0 12820.0 13220.0 13620.0 2820.0 13220.0 12820.0 12020.0 12420.0 13620.0 14420.0 12820.0 12820.0 13220.0 3620.0 4420.0 13620.0 13620.0 12420.0 13220.0 14420.0 14020.0 13220.0 12020.0 12420.0 13220.0 14820.0 13220.0 4020.0 12420.0 13220.0 12820.0 2420.0 13220.0 12420.0 4820.0 14020.0 13620.0 14020.0 12820.0 12820.0 14020.0 14420.0 12820.0 12420.0 12420.0 12420.0 12820.0 3620.0 13620.0
0.0 11620.0 11620.0 12420.0 12820.0 12020.0 2420.0 13220.0 2020.0 11220.0 12820.0 14420.0 1620.0 12420.0 2420.0 12420.0 12820.0 11620.0 12420.0 12020.0 2820.0 12420.0 12420.0 12820.0 2820.0 12820.0 13220.0 13620.0 13620.0 13220.0 12420.0 12420.0 12820.0 1620.0 12820.0 11620.0 3220.0 11620.0 12020.0 0.0 14020.0 12420.0 1620.0 12420.0 12420.0 12820.0 12820.0 13620.0 2020.0 13220.0 12820.0 3220.0 12420.0 12820.0 11620.0 12820.0 12420.0 12420.0 12020.0 2020.0 12820.0 12420.0 12420.0 11220.0 12820.0 13220.0 12020.0 12820.0 13620.0 12020.0 2820.0 12420.0 3620.0 13220.0 12020.0 12020.0 12820.0 14820.0 11620.0 12820.0 12020.0 2020.0 12420.0 11620.0 12820.0 12420.0 12820.0 14020.0 12820.0 12820.0 12420.0 11620.0 12820.0 14020.0 12820.0 12820.0 2020.0 12020.0 12020.0 11220.0 11220.0
0.0 2820.0 2820.0 13220.0 12820.0 12820.0 12820.0 12820.0 12820.0 2420.0 10820.0 14020.0 12420.0 13220.0 12420.0 11220.0 13220.0 12420.0 12820.0 12820.0 11620.0 11620.0 3220.0 12020.0 11620.0 10420.0 13620.0 3620.0 12820.0 12420.0 13220.0 12420.0 12420.0 12020.0 13620.0 12820.0 12420.0 12820.0 12820.0 11220.0 0.0 12420.0 12820.0 13220.0 12020.0 12420.0 2420.0 3220.0 11620.0 13620.0 13620.0 12820.0 2420.0 11620.0 12820.0 13220.0 12820.0 11620.0 12020.0 12820.0 13620.0 12420.0 12420.0 12020.0 13620.0 13620.0 12420.0 13220.0 12420.0 11620.0 10820.0 13220.0 14020.0 13220.0 2820.0 12820.0 2420.0 4420.0 12020.0 12820.0 12420.0 12820.0 2820.0 12820.0 13220.0 11220.0 11220.0 13220.0 1220.0 12820.0 3220.0 12820.0 3220.0 14820.0 12420.0 13220.0 11620.0 12820.0 12420.0 12020.0 2420.0
0.0 10820.0 13220.0 11220.0 12020.0 11220.0 11620.0 12820.0 10820.0 11620.0 2020.0 13220.0 12420.0 12820.0 12420.0 12020.0 2820.0 10820.0 1620.0 11220.0 12020.0 11220.0 12820.0 11620.0 13220.0 820.0 12420.0 12820.0 12820.0 12420.0 2820.0 12020.0 12020.0 10420.0 12820.0 10820.0 12020.0 2420.0 11220.0 11620.0 12820.0 0.0 11220.0 11620.0 1620.0 12020.0 12020.0 12820.0 13220.0 12420.0 12020.0 12020.0 11220.0 11620.0 3220.0 12020.0 1620.0 1620.0 11220.0 11220.0 12020.0 12820.0 11620.0 10420.0 12020.0 12420.0 12820.0 12020.0 2820.0 10820.0 11620.0 12820.0 12820.0 10820.0 12420.0 11220.0 12820.0 14420.0 2020.0 12020.0 10820.0 13220.0 11220.0 10820.0 11620.0 1620.0 13620.0 13220.0 12020.0 2020.0 11620.0 2820.0 12820.0 3620.0 12820.0 12020.0 11220.0 10820.0 11220.0 12820.0 12820.0
0.0 11620.0 13620.0 13220.0 12420.0 12020.0 2820.0 13220.0 1620.0 12420.0 12820.0 14020.0 3220.0 13220.0 3220.0 12020.0 13620.0 11620.0 12020.0 11620.0 2820.0 12420.0 13220.0 12420.0 4020.0 12820.0 14020.0 13620.0 13620.0 13220.0 13220.0 12820.0 12820.0 1220.0 13620.0 13220.0 2820.0 13220.0 12020.0 2820.0 13620.0 13220.0 0.0 12020.0 12020.0 12820.0 12820.0 13620.0 4020.0 12820.0 12820.0 2820.0 12020.0 12420.0 14020.0 13620.0 12820.0 12020.0 11620.0 2020.0 12820.0 12420.0 12420.0 12820.0 12820.0 12820.0 13620.0 12820.0 13620.0 11620.0 2420.0 13620.0 3620.0 13220.0 13620.0 11620.0 13620.0 14820.0 12420.0 13620.0 11620.0 4020.0 12020.0 11620.0 12420.0 12020.0 14020.0 13620.0 12820.0 13620.0 12020.0 13220.0 13620.0 14020.0 13620.0 12820.0 2020.0 11620.0 11620.0 13620.0 13620.0
0.0 12420.0 14420.0 13620.0 13220.0 12820.0 13620.0 1220.0 12420.0 13220.0 13620.0 4420.0 14020.0 13620.0 12020.0 12420.0 13220.0 2420.0 13620.0 12820.0 13220.0 13220.0 14420.0 13220.0 14020.0 13220.0 13620.0 14420.0 13620.0 13220.0 12820.0 13220.0 13220.0 12420.0 12420.0 3220.0 13220.0 13220.0 12420.0 13620.0 12820.0 13620.0 13220.0 0.0 13220.0 13620.0 12420.0 12820.0 14420.0 11620.0 13620.0 13620.0 12820.0 13220.0 14820.0 14020.0 13620.0 12820.0 12820.0 12820.0 3620.0 3220.0 2020.0 2820.0 3620.0 13620.0 13620.0 3620.0 14020.0 12420.0 13220.0 4420.0 14420.0 3620.0 13620.0 12820.0 14020.0 14420.0 13620.0 13620.0 10820.0 13620.0 12820.0 12420.0 2420.0 13220.0 13620.0 13620.0 13620.0 14820.0 13220.0 12020.0 13220.0 14020.0 3620.0 12420.0 12420.0 2820.0 12820.0 13620.0 14020.0
0.0 10820.0 12420.0 12020.0 11620.0 11220.0 10820.0 12820.0 10820.0 12020.0 2020.0 12020.0 12420.0 12420.0 12820.0 10820.0 2820.0 12020.0 2420.0 12420.0 11620.0 12420.0 12820.0 11620.0 12420.0 2420.0 12820.0 12820.0 12820.0 12420.0 1620.0 11620.0 11620.0 11620.0 12820.0 12420.0 11620.0 2420.0 12020.0 10820.0 12420.0 2420.0 12420.0 12820.0 0.0 11620.0 11620.0 12820.0 12420.0 13620.0 12820.0 12820.0 10420.0 12020.0 2020.0 12820.0 1220.0 1620.0 12020.0 11620.0 12020.0 13220.0 10420.0 12020.0 12020.0 13220.0 12820.0 11220.0 3220.0 12020.0 11620.0 12020.0 12020.0 12020.0 12820.0 12420.0 12820.0 14820.0 2420.0 12820.0 12020.0 12420.0 12820.0 12020.0 11220.0 2420.0 13620.0 13220.0 12020.0 3220.0 12820.0 2020.0 13220.0 3220.0 12420.0 11620.0 10820.0 12420.0 11220.0 12020.0 12020.0
0.0 12420.0 13220.0 11620.0 12020.0 10820.0 12020.0 12420.0 12420.0 12820.0 12420.0 13620.0 12820.0 3220.0 11620.0 11620.0 10820.0 12020.0 12820.0 2420.0 11620.0 2820.0 13220.0 2020.0 13620.0 13220.0 11620.0 12020.0 11620.0 3220.0 12420.0 2020.0 2420.0 12020.0 11620.0 12820.0 12020.0 12820.0 12020.0 12020.0 13620.0 12820.0 12020.0 11620.0 12020.0 0.0 10420.0 13220.0 13620.0 12420.0 12020.0 13620.0 11620.0 2820.0 13620.0 12820.0 12020.0 11620.0 2020.0 12420.0 13620.0 12820.0 12420.0 12420.0 13220.0 12420.0 13220.0 12420.0 11620.0 2020.0 12020.0 12420.0 13220.0 11620.0 11620.0 2420.0 11220.0 13620.0 12420.0 12820.0 2020.0 11620.0 12820.0 12420.0 12420.0 12420.0 12820.0 2820.0 12420.0 12820.0 11620.0 10820.0 12020.0 13620.0 11220.0 2420.0 11620.0 12420.0 2020.0 12420.0 13220.0
0.0 2820.0 2820.0 11620.0 12020.0 12420.0 11620.0 12420.0 12820.0 2420.0 12820.0 14420.0 13220.0 12820.0 11620.0 12420.0 12020.0 12820.0 12820.0 12820.0 12820.0 12820.0 3620.0 12820.0 13620.0 13620.0 11220.0 2020.0 12820.0 13620.0 14020.0 12820.0 13220.0 12420.0 11220.0 12820.0 12820.0 13220.0 11620.0 12020.0 4420.0 12820.0 11620.0 11620.0 12820.0 12820.0 0.0 3220.0 13620.0 12420.0 12820.0 13620.0 2820.0 12420.0 13620.0 12820.0 12020.0 12820.0 12020.0 12420.0 13620.0 13620.0 13220.0 12020.0 13620.0 13620.0 13620.0 13220.0 12820.0 11620.0 12420.0 13220.0 12820.0 12420.0 1620.0 12820.0 3620.0 5220.0 13220.0 13620.0 12020.0 11220.0 3220.0 12020.0 12420.0 12420.0 14020.0 12820.0 2820.0 13620.0 2820.0 10820.0 2020.0 14020.0 12020.0 12420.0 12420.0 12820.0 12420.0 12420.0 2820.0
0.0 1620.0 3220.0 12020.0 12420.0 11620.0 12020.0 13220.0 11620.0 2420.0 12420.0 13620.0 13220.0 13220.0 13220.0 12820.0 13220.0 11220.0 12020.0 11620.0 12420.0 12420.0 3220.0 12420.0 13220.0 12820.0 12820.0 3620.0 10820.0 13220.0 13220.0 12820.0 12420.0 11220.0 13620.0 11620.0 12820.0 12820.0 11620.0 12420.0 3620.0 12820.0 11620.0 12020.0 12020.0 12820.0 2820.0 0.0 14020.0 13220.0 12420.0 12820.0 2020.0 12420.0 13220.0 12820.0 12020.0 12020.0 11620.0 11620.0 12820.0 13220.0 12020.0 10820.0 12420.0 12820.0 13620.0 12020.0 13220.0 11620.0 12420.0 13620.0 13220.0 12820.0 3620.0 11620.0 3620.0 4820.0 12420.0 12420.0 11620.0 13620.0 2020.0 11620.0 12420.0 12020.0 12820.0 13620.0 2820.0 13620.0 2020.0 12820.0 3620.0 14020.0 13620.0 12420.0 11620.0 11620.0 12020.0 13220.0 3220.0
0.0 12420.0 12820.0 12020.0 12820.0 11620.0 2020.0 13220.0 2420.0 12420.0 11220.0 13220.0 2820.0 12820.0 2820.0 11220.0 12820.0 12420.0 13220.0 12820.0 1220.0 12020.0 13220.0 10820.0 3220.0 12420.0 13620.0 13620.0 12820.0 13620.0 12820.0 12020.0 11220.0 2020.0 13220.0 12820.0 2020.0 12420.0 12820.0 1220.0 12420.0 12820.0 2020.0 12820.0 11620.0 12020.0 12020.0 12020.0 0.0 12820.0 13220.0 3220.0 11620.0 13220.0 12820.0 12820.0 12020.0 11620.0 11620.0 2020.0 12820.0 12020.0 11620.0 12420.0 13620.0 12420.0 12820.0 12820.0 12820.0 12020.0 1220.0 13220.0 3220.0 13220.0 12820.0 12420.0 10820.0 13220.0 12420.0 12020.0 12420.0 2820.0 12420.0 12420.0 12820.0 12020.0 13220.0 14020.0 10820.0 14020.0 12820.0 12820.0 13620.0 14020.0 13220.0 12820.0 1220.0 12420.0 12420.0 12420.0 12020.0
0.0 11620.0 14020.0 2020.0 2420.0 1620.0 12020.0 12420.0 11620.0 12420.0 12420.0 12820.0 13220.0 13220.0 10420.0 1620.0 12820.0 11620.0 12020.0 11620.0 12420.0 12420.0 13220.0 12020.0 14020.0 12820.0 2820.0 13620.0 2020.0 12820.0 12020.0 12020.0 12420.0 11220.0 2420.0 11620.0 12020.0 12820.0 2020.0 12420.0 13220.0 12820.0 12020.0 12020.0 12020.0 12020.0 11620.0 11220.0 13620.0 0.0 2820.0 12820.0 11220.0 12420.0 13220.0 2820.0 12420.0 11620.0 12020.0 11620.0 12820.0 13220.0 10820.0 10820.0 12420.0 2820.0 3620.0 12820.0 13220.0 11620.0 12020.0 12820.0 13220.0 12820.0 12820.0 11620.0 13220.0 14820.0 12420.0 2820.0 11620.0 12820.0 12020.0 1620.0 12420.0 12420.0 4020.0 13620.0 12420.0 13620.0 12020.0 12420.0 12020.0 14020.0 12820.0 12820.0 11620.0 11620.0 11620.0 3620.0 12420.0
0.0 12020.0 12820.0 2020.0 2420.0 2420.0 11620.0 12420.0 12020.0 12820.0 12820.0 12820.0 13220.0 12820.0 11620.0 2420.0 12020.0 11620.0 12820.0 12020.0 12820.0 12820.0 13220.0 12820.0 12420.0 12820.0 1620.0 12020.0 2820.0 12820.0 13220.0 12420.0 12820.0 12420.0 1620.0 12820.0 12820.0 12820.0 2020.0 11620.0 14020.0 13220.0 12020.0 11620.0 12820.0 12820.0 10420.0 12820.0 13620.0 2420.0 0.0 12820.0 12820.0 12820.0 11620.0 2820.0 11620.0 12820.0 12420.0 12020.0 12020.0 12820.0 12820.0 12420.0 12820.0 3220.0 3620.0 12820.0 12820.0 12020.0 12820.0 13220.0 12820.0 12420.0 11620.0 12020.0 12020.0 14420.0 11620.0 3620.0 12020.0 11620.0 12420.0 2020.0 12020.0 12420.0 4020.0 12820.0 13220.0 11620.0 12420.0 10820.0 12020.0 12020.0 12020.0 10420.0 12420.0 12420.0 12420.0 2820.0 12820.0
0.0 12420.0 13620.0 12820.0 12020.0 12820.0 2820.0 12820.0 2820.0 12820.0 13620.0 14020.0 2020.0 13220.0 2820.0 12420.0 14020.0 12420.0 12820.0 12820.0 2020.0 11220.0 13220.0 13220.0 2820.0 13620.0 14020.0 13620.0 13620.0 12820.0 13220.0 13220.0 13620.0 2020.0 13220.0 12420.0 3620.0 14020.0 12820.0 2820.0 14420.0 13220.0 2820.0 12820.0 12020.0 13220.0 13220.0 13220.0 4020.0 12020.0 13620.0 0.0 12020.0 13220.0 13620.0 12420.0 12820.0 13220.0 10820.0 2820.0 13220.0 12820.0 12420.0 12020.0 13620.0 13620.0 14420.0 13220.0 13620.0 11220.0 3220.0 13220.0 3620.0 13620.0 12420.0 12820.0 12420.0 14820.0 13620.0 12820.0 12420.0 4420.0 12820.0 12420.0 13220.0 11220.0 12420.0 13620.0 13220.0 14420.0 12820.0 13620.0 13220.0 14820.0 13220.0 13220.0 2820.0 12420.0 11620.0 14020.0 13620.0
0.0 3620.0 4020.0 12020.0 13220.0 12420.0 12020.0 14420.0 13620.0 3620.0 13220.0 12020.0 13620.0 14020.0 13220.0 13220.0 13620.0 13620.0 13620.0 13620.0 12420.0 13620.0 4020.0 13620.0 14020.0 12420.0 14020.0 4420.0 14420.0 13620.0 14020.0 12420.0 14020.0 13220.0 13220.0 12820.0 13220.0 13620.0 12820.0 12420.0 2420.0 14020.0 13220.0 13220.0 12820.0 13620.0 2820.0 4420.0 13620.0 14820.0 14020.0 12820.0 0.0 13620.0 14020.0 13220.0 12420.0 12820.0 13620.0 12820.0 14020.0 13620.0 12820.0 13220.0 14420.0 14820.0 14020.0 13620.0 14420.0 13220.0 12820.0 12020.0 13220.0 13620.0 3620.0 13620.0 4020.0 5220.0 13620.0 13220.0 12820.0 14020.0 3220.0 13620.0 12820.0 13620.0 13620.0 14020.0 3620.0 14820.0 4020.0 12420.0 4820.0 14420.0 13620.0 12820.0 13220.0 12820.0 13220.0 13620.0 3620.0
0.0 12820.0 14020.0 12820.0 12420.0 12020.0 13220.0 13620.0 12820.0 13220.0 12420.0 14420.0 13220.0 3220.0 10820.0 12820.0 12820.0 12420.0 12820.0 2820.0 12420.0 2420.0 12820.0 2020.0 14820.0 13620.0 12820.0 13620.0 12420.0 3220.0 13620.0 2420.0 2420.0 12020.0 12820.0 13220.0 12020.0 13620.0 11620.0 12820.0 13620.0 13220.0 13620.0 13220.0 12820.0 2420.0 12020.0 12420.0 14020.0 12820.0 13620.0 14020.0 12820.0 0.0 14420.0 12820.0 13220.0 13220.0 2020.0 12820.0 14020.0 13220.0 12820.0 12820.0 13620.0 13620.0 14020.0 13220.0 13620.0 1620.0 12020.0 13620.0 13620.0 13620.0 12420.0 2820.0 13220.0 14820.0 13620.0 13220.0 2820.0 13220.0 13220.0 11220.0 13620.0 12020.0 14020.0 4020.0 12820.0 11620.0 13220.0 12020.0 13620.0 14820.0 13220.0 3620.0 12820.0 12820.0 2020.0 13620.0 13620.0
0.0 12020.0 12420.0 12420.0 12820.0 12020.0 12420.0 13620.0 11620.0 12020.0 2820.0 14020.0 12420.0 13220.0 13620.0 12820.0 2820.0 11620.0 2420.0 12020.0 12820.0 12820.0 13220.0 12420.0 11220.0 3220.0 13220.0 13620.0 13220.0 11620.0 3620.0 12820.0 12820.0 11220.0 13220.0 11620.0 12820.0 2820.0 11620.0 11220.0 14020.0 3220.0 11620.0 12420.0 2420.0 12020.0 12020.0 13620.0 13220.0 13620.0 12820.0 12020.0 12420.0 12820.0 0.0 12820.0 820.0 2420.0 12020.0 12020.0 13220.0 13620.0 12420.0 11220.0 12820.0 13220.0 13220.0 12820.0 2020.0 11620.0 12420.0 13220.0 13620.0 13220.0 11620.0 12020.0 13220.0 14820.0 2820.0 12820.0 12020.0 11220.0 12420.0 11620.0 12820.0 2820.0 13620.0 12420.0 12820.0 4020.0 12420.0 2820.0 13620.0 4420.0 12820.0 12820.0 12020.0 12020.0 12020.0 12020.0 12020.0
0.0 11620.0 12020.0 2820.0 2420.0 2020.0 10420.0 12420.0 11620.0 11220.0 11220.0 13220.0 11620.0 12020.0 12420.0 420.0 12020.0 11620.0 12020.0 11620.0 11220.0 12020.0 10820.0 10820.0 12020.0 12020.0 2420.0 12820.0 2020.0 12420.0 12820.0 11220.0 11220.0 11220.0 1220.0 12020.0 11220.0 11620.0 2020.0 10420.0 12020.0 12020.0 12020.0 11220.0 11620.0 11220.0 11220.0 12020.0 12020.0 2820.0 2420.0 12820.0 11220.0 12420.0 12020.0 0.0 10420.0 10820.0 12020.0 11220.0 12820.0 12420.0 11620.0 11620.0 12820.0 2420.0 2420.0 12420.0 12420.0 11620.0 10820.0 12820.0 11620.0 11620.0 12020.0 11620.0 12420.0 14420.0 11620.0 2020.0 11220.0 12020.0 12020.0 1620.0 10820.0 11620.0 3220.0 13220.0 11220.0 13620.0 12020.0 11620.0 12420.0 12820.0 12020.0 11220.0 10420.0 11620.0 11620.0 1620.0 11620.0
0.0 12420.0 12020.0 12820.0 12820.0 12820.0 12820.0 13620.0 12420.0 11620.0 3620.0 14420.0 12020.0 12820.0 12820.0 12820.0 3220.0 12420.0 2820.0 12020.0 13220.0 12820.0 12820.0 13220.0 11620.0 3220.0 13620.0 12820.0 14020.0 12420.0 2820.0 12820.0 13620.0 12020.0 13220.0 12420.0 13620.0 2020.0 12820.0 10820.0 14420.0 2820.0 12020.0 12820.0 2820.0 12820.0 12820.0 12820.0 12420.0 13620.0 13220.0 12820.0 12820.0 13220.0 2420.0 13620.0 0.0 3220.0 12420.0 12020.0 13620.0 12820.0 13220.0 12020.0 13220.0 13220.0 12820.0 13620.0 2420.0 12420.0 13220.0 12820.0 14020.0 13620.0 12420.0 12020.0 13220.0 14820.0 2020.0 12020.0 12420.0 12420.0 12420.0 12420.0 13220.0 2820.0 12820.0 13220.0 13220.0 3620.0 12420.0 2420.0 13220.0 4420.0 13620.0 13220.0 12820.0 12420.0 12420.0 11620.0 11620.0
0.0 11220.0 12820.0 12420.0 12020.0 11220.0 11620.0 11620.0 10820.0 11620.0 1220.0 12420.0 12420.0 12820.0 12420.0 11220.0 1620.0 10820.0 2020.0 11220.0 11220.0 11620.0 12020.0 10820.0 13220.0 2420.0 12020.0 12820.0 11620.0 12020.0 2820.0 10420.0 11220.0 10820.0 12020.0 12820.0 10420.0 2420.0 11220.0 11220.0 12020.0 2820.0 12020.0 11620.0 1620.0 10820.0 10820.0 12020.0 13220.0 12820.0 12020.0 12420.0 10820.0 12020.0 2420.0 11220.0 2020.0 0.0 11220.0 11220.0 12420.0 12420.0 11620.0 12020.0 12020.0 12420.0 12820.0 12020.0 2420.0 11220.0 10820.0 12420.0 12820.0 12020.0 11620.0 11220.0 11620.0 14020.0 2020.0 12020.0 10820.0 12020.0 11620.0 10820.0 12020.0 2020.0 13220.0 12820.0 11220.0 3220.0 11620.0 1620.0 12820.0 3620.0 11620.0 12020.0 11220.0 11220.0 11620.0 12420.0 12420.0
0.0 11620.0 13620.0 12020.0 11620.0 12020.0 11620.0 12020.0 11620.0 12420.0 12820.0 13220.0 12020.0 2420.0 11620.0 11620.0 13620.0 11620.0 12020.0 2020.0 10820.0 820.0 12820.0 2420.0 13220.0 12820.0 13220.0 13620.0 12820.0 2020.0 12820.0 2820.0 2820.0 11220.0 12420.0 11620.0 12820.0 13220.0 12020.0 12020.0 13620.0 12420.0 12020.0 12020.0 11220.0 2820.0 12420.0 12420.0 12820.0 11220.0 12820.0 12820.0 11220.0 2820.0 13220.0 11620.0 12020.0 12420.0 0.0 12020.0 12820.0 13220.0 11620.0 11220.0 12820.0 13220.0 13620.0 12420.0 12820.0 420.0 12420.0 12420.0 12820.0 12820.0 12020.0 2020.0 12820.0 14820.0 12820.0 12020.0 2020.0 13620.0 12020.0 11620.0 12420.0 10420.0 12420.0 2820.0 12420.0 13620.0 12420.0 12820.0 13220.0 14020.0 12820.0 2820.0 12020.0 11620.0 820.0 13220.0 12820.0
0.0 11620.0 13220.0 12820.0 12420.0 12020.0 1620.0 13620.0 1620.0 12420.0 12420.0 12820.0 2420.0 12820.0 3620.0 11620.0 13220.0 12820.0 12820.0 13220.0 2420.0 12820.0 13620.0 12020.0 3220.0 11220.0 13220.0 13620.0 13220.0 13220.0 12020.0 12420.0 12420.0 2420.0 13220.0 13220.0 2420.0 12820.0 12420.0 1620.0 13220.0 12820.0 3220.0 13220.0 10820.0 12420.0 12020.0 13220.0 3220.0 14020.0 13220.0 3220.0 10820.0 12820.0 12820.0 13220.0 11620.0 12020.0 12820.0 0.0 12820.0 13220.0 10820.0 12820.0 12820.0 13620.0 13220.0 11620.0 13620.0 12420.0 2420.0 12820.0 2820.0 12820.0 13220.0 13220.0 13620.0 14820.0 12820.0 13220.0 12820.0 3220.0 12020.0 12420.0 12020.0 12820.0 14020.0 14020.0 12820.0 14020.0 13620.0 12820.0 13620.0 13620.0 13220.0 12020.0 1620.0 12820.0 11620.0 12820.0 12420.0
0.0 12820.0 13620.0 12820.0 12820.0 11220.0 12820.0 2420.0 12820.0 13220.0 12020.0 4020.0 12820.0 13220.0 12020.0 11220.0 12820.0 2420.0 13220.0 12820.0 12020.0 12020.0 13220.0 12020.0 13620.0 13220.0 12420.0 10820.0 13220.0 13620.0 12820.0 12020.0 12020.0 12020.0 12820.0 3220.0 12020.0 13220.0 12820.0 12420.0 13220.0 13220.0 13620.0 2820.0 12420.0 12420.0 12020.0 12820.0 13620.0 11620.0 13220.0 10820.0 12420.0 12020.0 14020.0 12820.0 12820.0 11620.0 11620.0 12820.0 0.0 3620.0 2420.0 2820.0 3620.0 13620.0 12420.0 3620.0 13620.0 12020.0 12020.0 3220.0 14020.0 3620.0 13220.0 12820.0 13220.0 14020.0 12820.0 13220.0 12420.0 13220.0 13220.0 12820.0 2420.0 12020.0 13220.0 13620.0 12420.0 13220.0 13220.0 12820.0 12020.0 14020.0 3220.0 12420.0 11220.0 2820.0 12420.0 13220.0 13220.0
0.0 12020.0 12820.0 12420.0 12820.0 12020.0 11620.0 2820.0 12020.0 12420.0 12820.0 3220.0 12820.0 13220.0 12420.0 12020.0 12020.0 3220.0 13220.0 12820.0 12820.0 13220.0 13620.0 12420.0 13620.0 13620.0 12820.0 13620.0 12420.0 13220.0 10820.0 11620.0 12820.0 12820.0 12420.0 2020.0 12820.0 12820.0 12420.0 11220.0 13620.0 13620.0 12820.0 2420.0 11220.0 11620.0 11620.0 12820.0 13220.0 13620.0 12820.0 13620.0 11220.0 11620.0 12820.0 12820.0 12020.0 12420.0 12820.0 12420.0 3220.0 0.0 1620.0 2820.0 2820.0 13220.0 13220.0 2420.0 12020.0 12820.0 12420.0 3220.0 12820.0 2820.0 12420.0 12820.0 11620.0 14820.0 12820.0 12020.0 12820.0 12420.0 12820.0 12820.0 2420.0 13220.0 13620.0 13620.0 12820.0 12020.0 12420.0 12420.0 13220.0 14020.0 2020.0 12420.0 12020.0 3220.0 12420.0 12420.0 12420.0
0.0 10820.0 13220.0 12420.0 11620.0 11220.0 12420.0 2820.0 10820.0 12820.0 11620.0 3620.0 12820.0 12420.0 12420.0 10820.0 12420.0 2020.0 12020.0 12020.0 11620.0 12420.0 12820.0 11220.0 13620.0 12820.0 13220.0 12820.0 12420.0 12420.0 11220.0 11620.0 11620.0 11620.0 12820.0 2820.0 11620.0 12420.0 12020.0 11620.0 12820.0 12020.0 12820.0 2820.0 12020.0 11620.0 11620.0 12420.0 12820.0 13220.0 12820.0 12820.0 11620.0 11620.0 13220.0 12420.0 12820.0 11220.0 12020.0 12020.0 2020.0 3220.0 0.0 2420.0 2020.0 12820.0 12820.0 3220.0 12820.0 11620.0 11220.0 2820.0 13620.0 2820.0 12420.0 12020.0 12820.0 14820.0 12820.0 12420.0 11620.0 13220.0 12420.0 11620.0 2820.0 12420.0 13620.0 12820.0 11620.0 13220.0 12420.0 12420.0 13620.0 14420.0 2420.0 12820.0 10820.0 2020.0 10820.0 12820.0 12820.0
0.0 10820.0 12820.0 11220.0 11620.0 10820.0 11220.0 2420.0 10820.0 11220.0 11620.0 3220.0 12420.0 12420.0 12420.0 11620.0 12420.0 820.0 11220.0 10820.0 11620.0 11620.0 12420.0 11220.0 12820.0 11620.0 12020.0 12820.0 12820.0 12420.0 12420.0 11620.0 11620.0 10420.0 12820.0 820.0 11620.0 12020.0 10820.0 11220.0 12820.0 12020.0 10820.0 1220.0 11220.0 11620.0 11620.0 12420.0 13220.0 12420.0 11620.0 12020.0 11220.0 11620.0 12820.0 11620.0 11220.0 11220.0 10820.0 10820.0 2020.0 2420.0 1620.0 0.0 2020.0 12020.0 12820.0 2020.0 12420.0 10820.0 11620.0 2820.0 12420.0 2420.0 12820.0 10820.0 12420.0 14020.0 11620.0 11620.0 10820.0 12820.0 11220.0 10820.0 1620.0 11220.0 13620.0 12820.0 12020.0 12820.0 11220.0 12420.0 12820.0 13220.0 2820.0 11620.0 10820.0 820.0 11220.0 12420.0 12420.0
0.0 12820.0 13220.0 13220.0 12420.0 12820.0 13220.0 4020.0 12820.0 12820.0 12820.0 2820.0 12820.0 12420.0 13220.0 12020.0 12820.0 2820.0 13220.0 12420.0 12820.0 12420.0 13220.0 12420.0 13620.0 12820.0 13220.0 13620.0 12420.0 10820.0 14020.0 12820.0 12820.0 12420.0 13220.0 2820.0 12820.0 12420.0 12020.0 11620.0 13620.0 12020.0 13220.0 2820.0 12820.0 12020.0 12020.0 13620.0 12820.0 13220.0 13220.0 13620.0 12420.0 13620.0 12820.0 13620.0 13220.0 12420.0 12020.0 12420.0 2820.0 3220.0 3220.0 2420.0 0.0 13620.0 13220.0 3220.0 13220.0 11620.0 12420.0 2820.0 12020.0 2020.0 12820.0 12420.0 13220.0 14420.0 12820.0 13620.0 12820.0 12820.0 12820.0 11620.0 2020.0 12420.0 13620.0 11220.0 11620.0 13620.0 12820.0 12820.0 13620.0 13620.0 2420.0 12020.0 12020.0 2820.0 12020.0 12820.0 12020.0
0.0 12020.0 14020.0 3220.0 2820.0 2020.0 12420.0 13220.0 11620.0 12420.0 12820.0 14020.0 13620.0 13620.0 12820.0 2420.0 12020.0 11620.0 12420.0 12020.0 12820.0 12820.0 12820.0 12420.0 12820.0 12820.0 2820.0 13620.0 2420.0 12820.0 11620.0 11220.0 12820.0 11220.0 2820.0 13620.0 11220.0 13220.0 2420.0 12420.0 14020.0 13220.0 12820.0 12420.0 12420.0 11620.0 11620.0 13620.0 12820.0 3620.0 2820.0 12820.0 12420.0 12020.0 14020.0 2420.0 12420.0 12420.0 12020.0 12020.0 13220.0 14020.0 12420.0 12820.0 12820.0 0.0 3620.0 12820.0 12820.0 11620.0 12420.0 11620.0 12420.0 12420.0 12420.0 12020.0 12020.0 12420.0 12820.0 4020.0 12020.0 12820.0 12420.0 2020.0 12820.0 12420.0 4420.0 13620.0 12820.0 13220.0 12420.0 12420.0 13620.0 14420.0 12420.0 12820.0 12020.0 12020.0 12420.0 3620.0 13620.0
0.0 12820.0 14020.0 2820.0 3220.0 3220.0 12420.0 11620.0 12820.0 13220.0 12420.0 14420.0 13620.0 12020.0 12420.0 1620.0 12020.0 12820.0 13620.0 12820.0 12420.0 12820.0 12820.0 12020.0 14020.0 12820.0 2420.0 12820.0 2820.0 13220.0 13620.0 11220.0 12420.0 12420.0 2020.0 12820.0 12420.0 13620.0 2820.0 12820.0 13620.0 12420.0 12820.0 12020.0 12820.0 12420.0 11220.0 13220.0 12420.0 3620.0 3220.0 12820.0 12420.0 12820.0 14020.0 2420.0 12420.0 12020.0 12420.0 12820.0 14020.0 12420.0 12820.0 12420.0 14020.0 3620.0 0.0 13620.0 12820.0 12820.0 12020.0 13620.0 12820.0 12420.0 12420.0 12820.0 12820.0 14820.0 10420.0 3620.0 12420.0 12420.0 13220.0 2820.0 12820.0 12820.0 4020.0 13620.0 11220.0 14020.0 12820.0 11620.0 11220.0 13620.0 12020.0 12020.0 11620.0 12820.0 12820.0 3620.0 13620.0
0.0 13220.0 13220.0 13220.0 13620.0 12820.0 13220.0 3220.0 13220.0 12820.0 13620.0 4020.0 14020.0 13620.0 12020.0 12820.0 12420.0 2820.0 13220.0 13220.0 13620.0 13620.0 14420.0 13220.0 14820.0 12820.0 14020.0 12820.0 12820.0 14420.0 14420.0 12820.0 12820.0 12820.0 12420.0 2820.0 13220.0 11220.0 13220.0 13620.0 14420.0 13620.0 14420.0 2820.0 13620.0 13220.0 12820.0 13220.0 12820.0 14020.0 13620.0 14020.0 13220.0 13620.0 14820.0 13620.0 13620.0 13220.0 13220.0 13220.0 4420.0 3620.0 3620.0 3620.0 4020.0 13620.0 11620.0 0.0 13220.0 12820.0 13220.0 3220.0 14420.0 2820.0 13620.0 13220.0 13620.0 14820.0 12020.0 14420.0 13220.0 14020.0 13620.0 12820.0 4020.0 13620.0 14420.0 14820.0 12420.0 14820.0 12820.0 11220.0 12820.0 14820.0 2820.0 13620.0 12820.0 3220.0 13220.0 12820.0 14420.0
0.0 12420.0 13220.0 12020.0 12420.0 11220.0 12020.0 12420.0 12420.0 11620.0 2020.0 13220.0 12420.0 12420.0 12020.0 12020.0 1220.0 12420.0 2820.0 10820.0 12020.0 11620.0 13220.0 12420.0 13620.0 2020.0 11620.0 12420.0 11620.0 13220.0 2820.0 12020.0 12820.0 12020.0 11620.0 12820.0 12020.0 2820.0 12420.0 12420.0 13620.0 2820.0 12020.0 11220.0 1620.0 10420.0 10420.0 13220.0 14020.0 12420.0 11620.0 12020.0 11620.0 12020.0 3220.0 12820.0 2420.0 2020.0 11220.0 10820.0 13620.0 12820.0 11620.0 12020.0 13620.0 12020.0 13220.0 12820.0 0.0 11220.0 11620.0 12820.0 13220.0 11620.0 12020.0 10820.0 11620.0 13620.0 2820.0 12820.0 12020.0 11620.0 11220.0 12420.0 12820.0 1620.0 13220.0 13220.0 12020.0 3220.0 11220.0 1220.0 12420.0 3220.0 11220.0 12020.0 12020.0 12820.0 11620.0 12820.0 13220.0
0.0 12020.0 13620.0 12020.0 11220.0 12420.0 12020.0 12420.0 12020.0 12820.0 12420.0 13620.0 12020.0 2020.0 12020.0 12020.0 13620.0 12020.0 11620.0 2420.0 11220.0 1220.0 12820.0 2020.0 13620.0 12820.0 13620.0 13620.0 13220.0 2020.0 12820.0 3220.0 2420.0 11620.0 12820.0 12020.0 13220.0 13620.0 11620.0 12020.0 13220.0 12020.0 12420.0 12420.0 11620.0 3220.0 12420.0 12820.0 13220.0 11620.0 12420.0 13220.0 11620.0 2820.0 13220.0 12020.0 12020.0 12820.0 420.0 12420.0 12820.0 12820.0 11620.0 11620.0 12820.0 13220.0 13620.0 12820.0 13220.0 0.0 12020.0 12020.0 13220.0 12420.0 12420.0 2420.0 12820.0 14820.0 12820.0 12020.0 2020.0 13620.0 12420.0 11220.0 12420.0 10820.0 12820.0 2820.0 12420.0 13620.0 12820.0 12820.0 13220.0 14420.0 12820.0 2820.0 12420.0 12020.0 820.0 13220.0 13220.0
0.0 12420.0 12020.0 12820.0 12420.0 12420.0 2820.0 12820.0 2420.0 11620.0 10420.0 13620.0 2020.0 12820.0 2420.0 10820.0 12420.0 12020.0 12820.0 12420.0 2020.0 12420.0 12820.0 11620.0 2820.0 12820.0 13220.0 13220.0 12820.0 13220.0 12820.0 11620.0 11620.0 2020.0 12820.0 12420.0 2020.0 12020.0 12420.0 820.0 12820.0 12820.0 2420.0 12820.0 12020.0 11620.0 12020.0 12820.0 2820.0 13620.0 13220.0 3620.0 12020.0 12820.0 12420.0 12420.0 12820.0 11220.0 12420.0 2420.0 13620.0 12020.0 12420.0 12020.0 13220.0 12820.0 12820.0 13220.0 13220.0 12020.0 0.0 12820.0 4020.0 13220.0 12420.0 12420.0 12820.0 14820.0 12020.0 12820.0 12020.0 2420.0 12420.0 12020.0 12420.0 12820.0 13220.0 14020.0 10820.0 13620.0 12820.0 12020.0 13220.0 14420.0 12820.0 12420.0 1220.0 12420.0 12420.0 11620.0 11620.0
0.0 12420.0 12820.0 12820.0 12420.0 10420.0 12420.0 3220.0 12420.0 12420.0 12420.0 3620.0 12820.0 13220.0 11220.0 11620.0 11620.0 2820.0 11620.0 12820.0 11620.0 12420.0 13220.0 12020.0 13620.0 13620.0 13220.0 13620.0 12420.0 11620.0 12020.0 12420.0 12420.0 12420.0 13220.0 2420.0 12420.0 13220.0 11220.0 12020.0 13620.0 13220.0 13220.0 3220.0 11620.0 12420.0 12020.0 12820.0 13620.0 12820.0 12420.0 11220.0 12020.0 12820.0 13620.0 13220.0 12420.0 12020.0 11620.0 12820.0 3220.0 3620.0 2020.0 2820.0 3620.0 13220.0 13620.0 2820.0 12820.0 11620.0 12020.0 0.0 13620.0 2420.0 12820.0 12820.0 13220.0 14820.0 12020.0 12420.0 12420.0 13220.0 13220.0 12420.0 3220.0 12020.0 13220.0 12420.0 12420.0 14020.0 12420.0 10820.0 12820.0 14420.0 2020.0 12420.0 11620.0 2820.0 11620.0 12420.0 12820.0
0.0 12420.0 13220.0 12020.0 12420.0 10820.0 2020.0 12820.0 2420.0 12420.0 11620.0 12420.0 2820.0 13220.0 2020.0 11620.0 10820.0 12020.0 12820.0 11620.0 1620.0 11220.0 13220.0 11620.0 4020.0 11220.0 11620.0 12420.0 11620.0 12820.0 12420.0 11620.0 11620.0 2020.0 11620.0 12420.0 2020.0 12820.0 12020.0 2020.0 12820.0 12820.0 2420.0 11620.0 12020.0 10420.0 10420.0 12820.0 820.0 12820.0 12420.0 2820.0 10420.0 12820.0 13620.0 12820.0 12420.0 11220.0 12020.0 2020.0 13220.0 12820.0 12020.0 12020.0 13220.0 12420.0 13220.0 12820.0 12020.0 12020.0 1620.0 12420.0 0.0 10420.0 12020.0 12020.0 11620.0 13620.0 12420.0 12420.0 12020.0 2020.0 12020.0 12020.0 12820.0 11220.0 13220.0 12820.0 11620.0 13220.0 11620.0 11220.0 12420.0 13220.0 11220.0 12420.0 2020.0 12420.0 12420.0 12820.0 12820.0
0.0 12020.0 13220.0 12020.0 12820.0 11220.0 12020.0 2820.0 12020.0 12420.0 11620.0 2420.0 12820.0 13220.0 12820.0 12020.0 12420.0 2020.0 12420.0 11620.0 11620.0 11220.0 13220.0 11220.0 14020.0 12820.0 13220.0 13620.0 12420.0 12820.0 12820.0 11620.0 11620.0 11620.0 13220.0 2420.0 11620.0 12820.0 12420.0 11620.0 12820.0 13620.0 12820.0 2420.0 11620.0 11620.0 12020.0 12420.0 13620.0 13220.0 12820.0 12820.0 10420.0 12820.0 13220.0 12420.0 12420.0 11220.0 12020.0 11620.0 3220.0 3220.0 2020.0 2020.0 3220.0 12820.0 13220.0 2820.0 12820.0 12020.0 11220.0 2420.0 13220.0 0.0 12420.0 11620.0 12820.0 14820.0 13220.0 12420.0 12020.0 13220.0 12020.0 12020.0 2820.0 11220.0 13620.0 13220.0 11620.0 14020.0 12020.0 12820.0 13620.0 13220.0 2820.0 12820.0 12020.0 2420.0 12420.0 12820.0 12820.0
0.0 1620.0 3220.0 11220.0 11620.0 11620.0 11620.0 12820.0 11220.0 2020.0 12420.0 13620.0 12020.0 12420.0 12420.0 12420.0 12820.0 11220.0 12020.0 11620.0 11620.0 11220.0 3220.0 12020.0 13220.0 12420.0 12820.0 3620.0 13220.0 12020.0 13220.0 12020.0 12020.0 10820.0 12820.0 11220.0 12020.0 12020.0 10420.0 11620.0 3620.0 12420.0 11620.0 12020.0 11620.0 12020.0 2420.0 3220.0 12820.0 12020.0 12420.0 12420.0 2020.0 12020.0 12420.0 12420.0 11620.0 12020.0 10820.0 11620.0 12420.0 13220.0 12020.0 10820.0 12420.0 12820.0 12820.0 12420.0 12820.0 10420.0 12020.0 12420.0 12420.0 12820.0 0.0 11620.0 3220.0 4820.0 12420.0 12420.0 10820.0 12420.0 2020.0 11220.0 12020.0 11220.0 13220.0 12820.0 2820.0 13620.0 2020.0 12820.0 3620.0 13620.0 13220.0 12020.0 11620.0 11220.0 10820.0 12820.0 2020.0
0.0 11620.0 13620.0 12420.0 11620.0 12020.0 12020.0 11620.0 12020.0 12820.0 12820.0 12420.0 11620.0 2420.0 12020.0 12020.0 12820.0 11620.0 12020.0 2020.0 11220.0 820.0 12820.0 2420.0 13220.0 12420.0 12420.0 12820.0 12020.0 2420.0 12820.0 2820.0 2820.0 11620.0 12420.0 11620.0 12420.0 12420.0 12020.0 12020.0 13620.0 12420.0 12020.0 10420.0 11620.0 2820.0 11220.0 12420.0 13220.0 11620.0 10820.0 13220.0 11620.0 1620.0 12420.0 12020.0 12020.0 12420.0 420.0 12020.0 12820.0 12420.0 11620.0 11220.0 12820.0 11220.0 12820.0 12420.0 13220.0 820.0 12420.0 12820.0 13220.0 12820.0 12020.0 0.0 12820.0 13620.0 12420.0 12020.0 1220.0 12420.0 12420.0 11620.0 12420.0 10820.0 12820.0 3220.0 12820.0 12420.0 10420.0 11620.0 12020.0 12420.0 12820.0 1220.0 12020.0 12020.0 1220.0 13220.0 12820.0
0.0 3220.0 3220.0 14020.0 13220.0 13220.0 13220.0 13620.0 12820.0 2820.0 12420.0 14420.0 13620.0 14020.0 12420.0 12820.0 13220.0 12820.0 13620.0 12420.0 12420.0 12820.0 4020.0 12020.0 12420.0 13220.0 14020.0 4020.0 13620.0 13220.0 13620.0 12420.0 12420.0 12420.0 14020.0 13220.0 12420.0 13620.0 12420.0 12820.0 3620.0 14020.0 11620.0 12820.0 12820.0 12420.0 2820.0 3220.0 13620.0 12020.0 13220.0 13620.0 2820.0 13620.0 14020.0 13220.0 13620.0 12020.0 12420.0 12420.0 14020.0 13620.0 12820.0 12820.0 14020.0 13620.0 14020.0 14020.0 13220.0 12020.0 12420.0 13220.0 14420.0 14020.0 3220.0 12420.0 0.0 5220.0 13620.0 13620.0 12820.0 14020.0 2820.0 12020.0 13620.0 12820.0 14420.0 13620.0 2820.0 14820.0 2820.0 13620.0 3620.0 13220.0 13620.0 13220.0 11620.0 12820.0 12820.0 13620.0 3620.0
0.0 1220.0 4420.0 12420.0 13220.0 12820.0 12820.0 14020.0 13620.0 4020.0 13220.0 12020.0 14020.0 14020.0 14420.0 12420.0 14020.0 13620.0 12820.0 13220.0 13220.0 12820.0 4020.0 12820.0 12420.0 12420.0 13620.0 5220.0 14020.0 13220.0 14420.0 12420.0 13220.0 13220.0 14420.0 12020.0 13220.0 12820.0 13620.0 12820.0 4420.0 14020.0 14020.0 13620.0 13620.0 13220.0 3620.0 4020.0 14020.0 14420.0 14420.0 13620.0 2020.0 14420.0 14420.0 13220.0 12820.0 12820.0 13620.0 13220.0 14820.0 14820.0 13620.0 13220.0 14420.0 14420.0 13220.0 12820.0 13220.0 13220.0 12820.0 13620.0 13620.0 11620.0 3620.0 13220.0 4420.0 0.0 13620.0 14020.0 13620.0 14420.0 3620.0 13220.0 13220.0 12820.0 14820.0 13620.0 3620.0 14820.0 3620.0 14020.0 4420.0 14820.0 14020.0 13220.0 12420.0 13620.0 12420.0 14020.0 4020.0
0.0 13220.0 13620.0 13220.0 13220.0 13220.0 12020.0 14020.0 13220.0 12820.0 2820.0 14020.0 13220.0 13620.0 13620.0 11620.0 1620.0 12820.0 3620.0 13220.0 12820.0 12820.0 12820.0 12420.0 13620.0 3620.0 14020.0 14420.0 12420.0 14020.0 4420.0 10820.0 12820.0 12820.0 12820.0 12820.0 12820.0 3220.0 12020.0 12020.0 13620.0 3620.0 13220.0 12820.0 3220.0 12420.0 12820.0 13620.0 12820.0 13620.0 12820.0 14020.0 12420.0 14020.0 4020.0 11620.0 2420.0 2420.0 12420.0 12820.0 14420.0 13620.0 13220.0 12420.0 14020.0 12820.0 13620.0 13220.0 2420.0 12020.0 12420.0 13220.0 12420.0 12020.0 12020.0 13220.0 13620.0 14820.0 0.0 13620.0 12420.0 13620.0 13220.0 13220.0 12420.0 2820.0 14820.0 14420.0 12820.0 4420.0 12420.0 3620.0 14020.0 4420.0 11620.0 12820.0 12020.0 13220.0 12420.0 13220.0 13220.0
0.0 12420.0 13620.0 1620.0 3620.0 2820.0 11620.0 13220.0 12420.0 13220.0 12020.0 12820.0 13220.0 14020.0 13220.0 2420.0 13620.0 12420.0 13220.0 12420.0 12020.0 12020.0 13620.0 11620.0 13620.0 12820.0 3620.0 14420.0 2020.0 14020.0 12020.0 13220.0 12020.0 12020.0 2820.0 12420.0 13220.0 12820.0 2820.0 12020.0 12820.0 14020.0 12820.0 13220.0 12020.0 12820.0 12420.0 11220.0 11620.0 2820.0 3620.0 13620.0 12420.0 12820.0 13620.0 2820.0 12020.0 12820.0 12820.0 12420.0 13620.0 11220.0 12420.0 12020.0 13620.0 3220.0 2020.0 12020.0 13220.0 12420.0 11620.0 14020.0 12820.0 12820.0 13620.0 12820.0 12420.0 14420.0 12420.0 0.0 12420.0 13620.0 12820.0 2420.0 12420.0 13220.0 3620.0 14420.0 12020.0 13620.0 12820.0 12820.0 12820.0 14020.0 13220.0 12420.0 12420.0 12420.0 12820.0 3220.0 12820.0
0.0 12420.0 14420.0 13220.0 13220.0 12820.0 13620.0 13620.0 12420.0 13220.0 13620.0 14420.0 13620.0 2820.0 13220.0 12820.0 13620.0 12420.0 13220.0 2820.0 13220.0 2820.0 14020.0 3220.0 14820.0 13620.0 13220.0 13620.0 14020.0 3620.0 14020.0 3620.0 3620.0 12020.0 12820.0 13620.0 13620.0 12420.0 11620.0 13620.0 14420.0 12820.0 13620.0 12420.0 12820.0 3620.0 11620.0 13620.0 14420.0 13620.0 12820.0 13620.0 12820.0 3220.0 14420.0 14020.0 13620.0 13220.0 2420.0 12420.0 13620.0 14020.0 13220.0 13220.0 13620.0 13220.0 13220.0 13620.0 14420.0 2420.0 13220.0 14420.0 14420.0 13620.0 13220.0 2020.0 13620.0 14820.0 13220.0 12820.0 0.0 13220.0 12820.0 12420.0 11620.0 12820.0 14820.0 4020.0 13620.0 14420.0 12420.0 12420.0 13620.0 13620.0 14020.0 2020.0 12820.0 12420.0 2820.0 14020.0 14420.0
0.0 11620.0 12820.0 11620.0 11620.0 11620.0 1620.0 12820.0 1620.0 12020.0 12420.0 14020.0 2420.0 12420.0 2820.0 11620.0 13220.0 11220.0 12020.0 11620.0 2020.0 11620.0 12420.0 12020.0 3220.0 12820.0 12820.0 13620.0 13220.0 12420.0 13220.0 12420.0 12420.0 1220.0 12420.0 11620.0 2420.0 12420.0 10420.0 2020.0 13620.0 12420.0 820.0 12020.0 12020.0 12420.0 12420.0 12420.0 2820.0 12020.0 12420.0 2820.0 12020.0 12420.0 12820.0 11620.0 11620.0 12020.0 10820.0 2020.0 12820.0 12020.0 12020.0 10820.0 12420.0 12820.0 12820.0 12820.0 12820.0 10820.0 2420.0 12820.0 2820.0 12820.0 10420.0 11620.0 12420.0 14820.0 12420.0 12420.0 10820.0 0.0 12020.0 11620.0 12020.0 11220.0 13220.0 13220.0 12820.0 13620.0 12020.0 12820.0 12820.0 14020.0 13220.0 12420.0 1620.0 11620.0 10820.0 12420.0 12020.0
0.0 2020.0 4020.0 12820.0 11620.0 12820.0 12820.0 13620.0 12420.0 420.0 12820.0 13620.0 12820.0 11620.0 13220.0 11620.0 12020.0 12020.0 12420.0 12420.0 12420.0 11620.0 2820.0 12420.0 13620.0 12420.0 13620.0 4020.0 12820.0 12420.0 13620.0 12420.0 12820.0 12020.0 13220.0 12420.0 12420.0 13220.0 12420.0 12820.0 3620.0 11620.0 12820.0 12820.0 12820.0 12020.0 2420.0 3620.0 14020.0 12820.0 13220.0 10820.0 2820.0 13220.0 13620.0 13220.0 12020.0 12020.0 11620.0 12420.0 13620.0 13620.0 12820.0 11620.0 13220.0 13620.0 13620.0 13620.0 11620.0 12020.0 12420.0 12820.0 13620.0 12420.0 3220.0 12420.0 3220.0 5220.0 11620.0 13220.0 12420.0 13620.0 0.0 12020.0 13220.0 12020.0 13220.0 13220.0 2820.0 12820.0 2820.0 12820.0 4020.0 14420.0 12020.0 13220.0 11620.0 12420.0 11220.0 13620.0 3620.0
0.0 12020.0 12820.0 2020.0 1220.0 2020.0 12020.0 12420.0 12020.0 12020.0 11220.0 13220.0 12020.0 12020.0 12020.0 1620.0 12820.0 12020.0 11620.0 12420.0 11220.0 10820.0 12020.0 10820.0 13620.0 12420.0 3620.0 13620.0 3220.0 12020.0 12820.0 12420.0 11220.0 11620.0 2420.0 12020.0 12420.0 12420.0 820.0 11620.0 12420.0 12020.0 12420.0 12420.0 11620.0 12420.0 12420.0 12020.0 12820.0 2020.0 2820.0 13220.0 11620.0 12020.0 13220.0 2420.0 12020.0 12020.0 10420.0 12420.0 12820.0 12820.0 11620.0 11620.0 12420.0 2820.0 2820.0 12820.0 12420.0 10020.0 10820.0 12020.0 12420.0 12420.0 12420.0 12420.0 12820.0 14420.0 12420.0 2420.0 12020.0 13220.0 12420.0 0.0 12820.0 10820.0 2820.0 12820.0 11220.0 13220.0 12820.0 12820.0 13220.0 13620.0 12820.0 12820.0 11620.0 12020.0 10420.0 2420.0 12420.0
0.0 12820.0 13220.0 11620.0 12020.0 12820.0 12020.0 2820.0 12820.0 12820.0 12820.0 3220.0 13620.0 13220.0 11620.0 12420.0 12020.0 2820.0 13220.0 13220.0 12420.0 12820.0 13220.0 13220.0 13620.0 12820.0 11620.0 12020.0 12820.0 12020.0 13620.0 12820.0 13220.0 12420.0 11620.0 2820.0 13220.0 10820.0 12020.0 12020.0 14420.0 13220.0 12020.0 1620.0 12820.0 13220.0 10420.0 13220.0 13220.0 12420.0 13220.0 13220.0 12820.0 12820.0 13620.0 12820.0 12020.0 12820.0 12420.0 12820.0 2820.0 3220.0 2820.0 2420.0 4020.0 13620.0 11620.0 2420.0 12820.0 12020.0 12820.0 2820.0 13220.0 2820.0 11620.0 13220.0 12020.0 14420.0 12020.0 13220.0 12020.0 11620.0 13220.0 12420.0 0.0 12820.0 14020.0 12820.0 12420.0 14020.0 12820.0 10820.0 12020.0 12020.0 2420.0 10420.0 12420.0 2820.0 12420.0 12820.0 13220.0
0.0 11620.0 13220.0 11620.0 12420.0 11620.0 11620.0 11620.0 11620.0 12020.0 2420.0 12820.0 12820.0 13220.0 12820.0 11620.0 3220.0 11220.0 1620.0 11620.0 10820.0 10420.0 13220.0 12020.0 13220.0 2820.0 12820.0 13220.0 12820.0 11620.0 2420.0 12420.0 12420.0 10820.0 13620.0 11220.0 12420.0 2820.0 11620.0 11620.0 13220.0 2820.0 11620.0 11620.0 1220.0 12420.0 12420.0 12420.0 12820.0 12820.0 12420.0 12820.0 10820.0 12420.0 2820.0 12420.0 1620.0 2020.0 11620.0 11620.0 12420.0 12820.0 11220.0 10820.0 12420.0 12820.0 13620.0 12020.0 2820.0 11620.0 12020.0 12820.0 12820.0 12820.0 11620.0 11620.0 12420.0 14820.0 2420.0 11620.0 11620.0 13220.0 11620.0 11220.0 12020.0 0.0 14020.0 12420.0 12820.0 3620.0 12020.0 2820.0 13620.0 4020.0 12420.0 12020.0 11620.0 11620.0 11620.0 12820.0 12820.0
0.0 11620.0 13620.0 2020.0 2820.0 2020.0 11620.0 12020.0 11620.0 12420.0 12820.0 12820.0 13220.0 13220.0 13220.0 2020.0 12420.0 11620.0 11620.0 11620.0 10820.0 10420.0 13220.0 12420.0 10820.0 12820.0 3220.0 13220.0 2820.0 11220.0 12420.0 12820.0 12820.0 11220.0 2820.0 11620.0 12820.0 13220.0 2020.0 12020.0 13620.0 13220.0 12020.0 12020.0 11220.0 11620.0 11620.0 12820.0 12820.0 3220.0 2820.0 11620.0 11220.0 12420.0 11620.0 2820.0 11620.0 12420.0 12020.0 11620.0 12420.0 12820.0 11220.0 11220.0 12820.0 2820.0 3620.0 12020.0 11220.0 11620.0 12420.0 12820.0 12820.0 12820.0 11620.0 11620.0 12420.0 14820.0 12420.0 2020.0 11620.0 12820.0 12020.0 1620.0 12420.0 10420.0 0.0 12020.0 12420.0 13620.0 12020.0 12420.0 13220.0 14020.0 12420.0 12420.0 11620.0 11620.0 12020.0 3220.0 12820.0
0.0 12020.0 12820.0 12820.0 10820.0 12420.0 12820.0 12820.0 12020.0 12820.0 11620.0 13620.0 12820.0 2020.0 12020.0 10820.0 12420.0 12020.0 12820.0 2420.0 11620.0 2020.0 12820.0 1620.0 13620.0 12820.0 13220.0 13620.0 10820.0 1220.0 12820.0 2020.0 2020.0 11620.0 12820.0 12820.0 11620.0 12820.0 11620.0 12020.0 12820.0 12020.0 12820.0 12820.0 12020.0 2020.0 11620.0 12820.0 12820.0 12820.0 13220.0 12820.0 12020.0 3220.0 13220.0 12420.0 12820.0 11220.0 1620.0 12420.0 13220.0 12020.0 12420.0 12020.0 13220.0 13220.0 13620.0 12020.0 12020.0 1220.0 11620.0 12020.0 13220.0 12820.0 12820.0 2420.0 12820.0 13220.0 12820.0 12820.0 2020.0 13220.0 12820.0 11220.0 12820.0 12020.0 13620.0 0.0 10420.0 13620.0 12820.0 12420.0 13620.0 14420.0 12820.0 3220.0 10820.0 12020.0 1620.0 12820.0 12820.0
0.0 2020.0 2820.0 12820.0 12820.0 12020.0 12020.0 12420.0 11620.0 2420.0 11220.0 13220.0 12820.0 12020.0 11620.0 10420.0 12020.0 11620.0 12420.0 12020.0 11220.0 12020.0 2420.0 10820.0 13220.0 12420.0 12820.0 3220.0 12020.0 12820.0 12420.0 11220.0 11220.0 11220.0 12420.0 12820.0 11220.0 12420.0 12020.0 11620.0 2420.0 12020.0 12820.0 12420.0 11620.0 11220.0 1620.0 2420.0 12820.0 13220.0 12820.0 12820.0 1620.0 12420.0 12820.0 12020.0 12420.0 10820.0 12020.0 12020.0 12820.0 11620.0 11620.0 12020.0 12820.0 12820.0 12820.0 12820.0 12820.0 11620.0 10820.0 13220.0 13220.0 12820.0 2420.0 12020.0 2420.0 4820.0 12820.0 12420.0 11620.0 12820.0 2420.0 11620.0 12820.0 12420.0 13220.0 13620.0 0.0 13620.0 2420.0 12020.0 3220.0 14020.0 12420.0 12820.0 10420.0 11620.0 12020.0 12420.0 2420.0
0.0 12420.0 13220.0 12420.0 12420.0 12820.0 12420.0 13620.0 12420.0 12820.0 3620.0 14420.0 13220.0 13220.0 11620.0 12820.0 2020.0 12020.0 2820.0 12420.0 12820.0 12420.0 13620.0 13220.0 14020.0 3620.0 13620.0 14020.0 12820.0 13220.0 4420.0 12020.0 13220.0 12020.0 13220.0 12420.0 12020.0 3220.0 10420.0 12820.0 14420.0 3620.0 12820.0 12420.0 2820.0 12020.0 12420.0 12420.0 12820.0 12820.0 12820.0 13620.0 12820.0 13220.0 3620.0 12820.0 2820.0 3220.0 11620.0 12420.0 13620.0 14020.0 12820.0 11620.0 12820.0 13620.0 13620.0 13620.0 2820.0 11620.0 13220.0 13620.0 12020.0 12420.0 11220.0 12420.0 13220.0 14820.0 3220.0 13220.0 11620.0 13220.0 12820.0 12420.0 12820.0 2020.0 13620.0 14020.0 13620.0 0.0 12820.0 1220.0 14020.0 4420.0 12420.0 12820.0 12420.0 12420.0 11620.0 12820.0 12820.0
0.0 1620.0 3620.0 12420.0 12820.0 12820.0 12020.0 12820.0 12420.0 2420.0 12420.0 12020.0 11220.0 13620.0 12020.0 12420.0 12420.0 12420.0 13220.0 12420.0 12420.0 13220.0 2420.0 12020.0 12820.0 12020.0 12020.0 2820.0 11620.0 13620.0 12420.0 12020.0 12420.0 12020.0 12020.0 13220.0 12020.0 12020.0 12020.0 12420.0 3620.0 13620.0 12420.0 12020.0 12820.0 12020.0 820.0 3220.0 13620.0 12820.0 10820.0 13220.0 2820.0 12820.0 12020.0 12820.0 12020.0 12020.0 12820.0 12420.0 12420.0 12020.0 12820.0 12820.0 13620.0 10820.0 12420.0 12820.0 13220.0 12420.0 12020.0 12820.0 13220.0 13220.0 2420.0 12820.0 2420.0 3220.0 12020.0 13220.0 12420.0 12020.0 2820.0 12420.0 12820.0 13220.0 14420.0 13220.0 2820.0 12020.0 0.0 11220.0 2820.0 12020.0 12820.0 10820.0 11620.0 12820.0 12420.0 12820.0 3220.0
0.0 12820.0 12420.0 13220.0 13220.0 12020.0 13220.0 13620.0 12820.0 12020.0 3620.0 14020.0 13220.0 13220.0 10820.0 12820.0 1220.0 12420.0 2420.0 12820.0 12820.0 12820.0 13620.0 13220.0 14020.0 3620.0 13220.0 13620.0 12020.0 13620.0 3620.0 12420.0 13220.0 12420.0 12820.0 13620.0 12020.0 3220.0 12820.0 13620.0 14420.0 3220.0 13220.0 12820.0 3220.0 12420.0 12020.0 12420.0 14820.0 14020.0 12420.0 13620.0 12020.0 13620.0 4020.0 12820.0 3620.0 3220.0 12820.0 12820.0 14020.0 13220.0 13220.0 13220.0 13620.0 12820.0 13620.0 12820.0 2020.0 12820.0 13220.0 13220.0 14420.0 12020.0 13220.0 12820.0 13220.0 14820.0 2820.0 13620.0 12820.0 13220.0 12820.0 12820.0 13620.0 2820.0 13620.0 14020.0 13620.0 4020.0 12020.0 0.0 13220.0 4020.0 11620.0 12820.0 12820.0 12820.0 12820.0 12020.0 14420.0
0.0 2820.0 3220.0 11620.0 12020.0 12820.0 11620.0 10420.0 12820.0 2820.0 12820.0 13620.0 13220.0 12820.0 11620.0 12420.0 12020.0 12820.0 12820.0 12820.0 12020.0 12020.0 3620.0 12820.0 13620.0 13620.0 11620.0 2020.0 12820.0 12420.0 13620.0 12820.0 13220.0 12420.0 10820.0 12420.0 12820.0 13220.0 12020.0 12020.0 4020.0 12820.0 12020.0 10820.0 12420.0 13220.0 420.0 3220.0 13620.0 12420.0 13220.0 12020.0 2020.0 12020.0 13620.0 12820.0 12020.0 12820.0 11620.0 12820.0 13620.0 12420.0 12820.0 12420.0 14020.0 13620.0 13620.0 13620.0 12820.0 11620.0 12420.0 13220.0 12820.0 12820.0 1620.0 12820.0 4020.0 5220.0 13220.0 13220.0 11620.0 11620.0 3220.0 12420.0 12420.0 11620.0 13220.0 12820.0 3220.0 13220.0 2820.0 10820.0 0.0 14420.0 12420.0 12420.0 12420.0 12020.0 12420.0 12420.0 3220.0
0.0 13220.0 14020.0 13220.0 12820.0 12020.0 13220.0 12020.0 13220.0 12820.0 2820.0 14420.0 13620.0 13620.0 12420.0 11620.0 3620.0 12820.0 3620.0 13220.0 12820.0 12820.0 12820.0 12420.0 14020.0 4020.0 12820.0 10820.0 12820.0 12020.0 2820.0 12820.0 12820.0 12820.0 12420.0 13620.0 12820.0 2820.0 13220.0 12820.0 13620.0 3620.0 13620.0 12820.0 3220.0 12820.0 12020.0 13220.0 14020.0 12420.0 13620.0 11620.0 12820.0 11620.0 4420.0 13620.0 3220.0 2420.0 12420.0 13220.0 10820.0 14420.0 13220.0 13220.0 14420.0 14020.0 12020.0 11620.0 4020.0 12020.0 12420.0 13620.0 14420.0 14020.0 13220.0 13220.0 13620.0 12820.0 2820.0 13620.0 12820.0 13220.0 13620.0 12820.0 12820.0 2820.0 13620.0 12820.0 12820.0 3220.0 13620.0 2820.0 11620.0 0.0 13620.0 12820.0 12020.0 13220.0 12420.0 13620.0 13620.0
0.0 13220.0 12820.0 12820.0 13220.0 13620.0 12820.0 2820.0 13220.0 12420.0 13620.0 4420.0 14020.0 13620.0 12820.0 13220.0 12820.0 3220.0 13220.0 13220.0 12820.0 12420.0 14020.0 13620.0 13620.0 13220.0 12820.0 13220.0 10420.0 13620.0 12820.0 12420.0 13620.0 12820.0 11620.0 3220.0 13220.0 11620.0 12820.0 12820.0 13220.0 12420.0 12820.0 1620.0 12820.0 13220.0 11620.0 12420.0 14420.0 12820.0 11220.0 14020.0 12820.0 12820.0 12820.0 13220.0 12820.0 13220.0 11620.0 13220.0 3620.0 2020.0 3220.0 2820.0 4420.0 14420.0 12020.0 1620.0 13620.0 12020.0 13620.0 3620.0 13620.0 3620.0 12820.0 13220.0 13220.0 13620.0 11220.0 13220.0 12020.0 12820.0 13620.0 13220.0 3620.0 12020.0 13620.0 14020.0 12820.0 12820.0 13620.0 12020.0 13220.0 13220.0 0.0 11620.0 12820.0 2820.0 12420.0 13220.0 13620.0
0.0 12820.0 12820.0 11620.0 12020.0 12820.0 11620.0 12420.0 12820.0 12420.0 12820.0 12820.0 13220.0 2820.0 11620.0 12420.0 12020.0 12820.0 13220.0 2820.0 12820.0 2820.0 12820.0 2820.0 13620.0 13620.0 11620.0 12020.0 12820.0 3620.0 13220.0 2820.0 3220.0 12420.0 11220.0 12820.0 12820.0 13220.0 11620.0 12020.0 14420.0 12820.0 11620.0 11620.0 12820.0 3220.0 10020.0 13220.0 13620.0 12420.0 13220.0 13220.0 12820.0 2820.0 13220.0 12820.0 12020.0 12820.0 2420.0 12420.0 12420.0 12820.0 13220.0 12420.0 13620.0 13620.0 13620.0 13220.0 12820.0 2020.0 12420.0 13220.0 12820.0 12820.0 11620.0 3220.0 12020.0 14420.0 13220.0 13620.0 2020.0 11220.0 13220.0 12420.0 12420.0 12420.0 14020.0 2820.0 12820.0 13620.0 12820.0 10820.0 12020.0 12020.0 12420.0 0.0 12420.0 12420.0 2420.0 12420.0 12820.0
0.0 11620.0 12820.0 12820.0 12420.0 11620.0 2020.0 12020.0 1620.0 12020.0 10820.0 12820.0 2420.0 13220.0 2820.0 11220.0 11620.0 11220.0 12020.0 11620.0 1220.0 12420.0 12420.0 10820.0 3620.0 12020.0 12420.0 13220.0 12020.0 12420.0 12820.0 10820.0 10820.0 1220.0 12420.0 12420.0 1220.0 12020.0 11620.0 1220.0 12020.0 12820.0 2420.0 12020.0 11220.0 10820.0 11220.0 12020.0 2420.0 12820.0 12420.0 2820.0 11220.0 12420.0 12820.0 11620.0 12020.0 10420.0 11620.0 1620.0 12820.0 12420.0 11620.0 12020.0 12420.0 12420.0 12820.0 12420.0 12420.0 11620.0 820.0 12820.0 3220.0 12420.0 12020.0 11620.0 12020.0 14420.0 12420.0 12020.0 11220.0 2420.0 12020.0 11620.0 12420.0 12020.0 13220.0 13220.0 11220.0 13620.0 12020.0 12020.0 13220.0 13620.0 12020.0 12420.0 0.0 11620.0 11620.0 12020.0 12020.0
0.0 11620.0 12820.0 12820.0 12020.0 11620.0 11220.0 2420.0 11220.0 12420.0 11220.0 2420.0 12420.0 12820.0 12820.0 11220.0 12020.0 1620.0 10820.0 11620.0 11220.0 12420.0 12820.0 10820.0 12820.0 12420.0 12820.0 13220.0 12020.0 12820.0 12020.0 11220.0 11220.0 11220.0 12420.0 2820.0 11220.0 12420.0 11620.0 11220.0 12420.0 12820.0 12820.0 2420.0 10420.0 11220.0 11620.0 12020.0 12420.0 13220.0 12820.0 12820.0 10820.0 12420.0 12420.0 12020.0 11220.0 10820.0 12020.0 11620.0 2820.0 2820.0 820.0 2420.0 2420.0 12420.0 12820.0 1620.0 12420.0 11620.0 10820.0 2420.0 12420.0 2420.0 12020.0 11620.0 12020.0 14420.0 11220.0 12020.0 10020.0 12820.0 12020.0 11620.0 1620.0 12420.0 13220.0 13220.0 11220.0 13620.0 12020.0 12020.0 13220.0 13620.0 2420.0 11620.0 10420.0 0.0 11620.0 12420.0 12420.0
0.0 12420.0 13620.0 12820.0 10820.0 12020.0 12820.0 13220.0 12420.0 12820.0 12020.0 13620.0 12420.0 1620.0 12820.0 11620.0 13220.0 12420.0 11220.0 2820.0 12020.0 1620.0 12820.0 1620.0 13620.0 12420.0 13220.0 14420.0 13220.0 1620.0 13620.0 2820.0 2020.0 12020.0 12820.0 12420.0 12820.0 13220.0 11220.0 12020.0 12820.0 11620.0 12820.0 13220.0 12420.0 2820.0 12820.0 12820.0 13620.0 12420.0 13220.0 12820.0 12420.0 2820.0 12820.0 12820.0 12820.0 12420.0 1220.0 12820.0 13620.0 12820.0 12420.0 12020.0 12820.0 13220.0 13620.0 13220.0 13220.0 820.0 11620.0 11620.0 12820.0 12020.0 12820.0 2820.0 12820.0 14820.0 12820.0 12820.0 2820.0 13620.0 12820.0 10820.0 13220.0 11620.0 13620.0 2420.0 11620.0 13220.0 12820.0 12420.0 13620.0 14420.0 13220.0 3620.0 11620.0 12420.0 0.0 13220.0 12820.0
0.0 12020.0 10820.0 2820.0 1620.0 2020.0 12020.0 12420.0 12020.0 10020.0 12420.0 13220.0 12420.0 11220.0 12420.0 1620.0 12820.0 12020.0 11220.0 10820.0 11620.0 11620.0 12820.0 12020.0 12420.0 11620.0 3220.0 13620.0 2820.0 12420.0 12820.0 12420.0 12420.0 11620.0 2820.0 12020.0 12420.0 11620.0 2420.0 12420.0 13620.0 11220.0 11620.0 11220.0 11620.0 12420.0 12020.0 13220.0 13620.0 2420.0 2020.0 12020.0 11620.0 12020.0 13220.0 2820.0 12420.0 12020.0 10820.0 10820.0 13220.0 13220.0 11620.0 11620.0 13220.0 2020.0 2420.0 12420.0 12820.0 11220.0 12020.0 11220.0 13220.0 12020.0 12820.0 10820.0 13620.0 13620.0 11620.0 2820.0 12020.0 13220.0 11220.0 2020.0 12820.0 11220.0 2020.0 13220.0 12420.0 12820.0 11220.0 11620.0 12820.0 13220.0 13220.0 11620.0 11620.0 12020.0 10820.0 0.0 13220.0
0.0 820.0 3220.0 12020.0 12420.0 11220.0 12420.0 12420.0 10820.0 1620.0 12020.0 13220.0 12820.0 12420.0 13220.0 12020.0 12820.0 12020.0 12820.0 12420.0 12020.0 12020.0 1620.0 11620.0 11620.0 12420.0 13220.0 2820.0 13620.0 12420.0 12820.0 12420.0 12020.0 11620.0 11620.0 12020.0 12820.0 10420.0 11220.0 12020.0 3220.0 12420.0 11220.0 11620.0 12420.0 12820.0 2020.0 3220.0 10820.0 12820.0 12820.0 12820.0 2820.0 12820.0 10820.0 12020.0 11220.0 12420.0 11620.0 12420.0 12020.0 12820.0 12020.0 11620.0 11620.0 13620.0 11220.0 13220.0 12420.0 11220.0 11620.0 12820.0 13220.0 13220.0 1220.0 12420.0 2020.0 4020.0 11620.0 12820.0 11620.0 10820.0 2820.0 12020.0 12820.0 11620.0 14020.0 12820.0 2020.0 12020.0 2820.0 12820.0 2020.0 14420.0 13220.0 12820.0 12020.0 12020.0 11620.0 12820.0 0.0
