runId,status,seconds,gap,nodes,incumbent,bound
pricing-n020-set01-m2-random-base-n1-wzero-ng_dssr,ROOT_PROCESSED,1.319185,0.000000,1,34811.000000,34811.000000
pricing-n020-set01-m2-random-base-n1-wzero-time_indexed,FINISHED,4.346266,0.000000,5,34811.000000,34811.000000
pricing-n020-set01-m2-random-base-n1-wzero-time_indexed_sri,ROOT_PROCESSED,1.165294,0.000000,1,34811.000000,34811.000000
pricing-n020-set01-m3-random-base-n1-wzero-ng_dssr,ROOT_PROCESSED,0.854484,0.000000,1,25670.000000,25670.000000
pricing-n020-set01-m3-random-base-n1-wzero-time_indexed,ROOT_PROCESSED,0.502823,0.000000,1,25670.000000,25670.000000
pricing-n020-set01-m3-random-base-n1-wzero-time_indexed_sri,ROOT_PROCESSED,0.505555,0.000000,1,25670.000000,25670.000000
pricing-n020-set01-m4-random-base-n1-wzero-ng_dssr,ROOT_PROCESSED,0.676067,0.000000,1,21799.000000,21799.000000
pricing-n020-set01-m4-random-base-n1-wzero-time_indexed,ROOT_PROCESSED,0.384978,0.000000,1,21799.000000,21799.000000
pricing-n020-set01-m4-random-base-n1-wzero-time_indexed_sri,ROOT_PROCESSED,0.359264,0.000000,1,21799.000000,21799.000000
pricing-n020-set01-m2-random-base-n1-wnarrow-ng_dssr,FINISHED,1.993891,0.000000,5,25246.000000,25246.000000
pricing-n020-set01-m2-random-base-n1-wnarrow-time_indexed,FINISHED,4.402991,0.000000,5,25246.000000,25246.000000
pricing-n020-set01-m2-random-base-n1-wnarrow-time_indexed_sri,ROOT_PROCESSED,1.556835,0.000000,1,25246.000000,25246.000000
pricing-n020-set01-m3-random-base-n1-wnarrow-ng_dssr,ROOT_PROCESSED,0.864603,0.000000,1,16632.000000,16632.000000
pricing-n020-set01-m3-random-base-n1-wnarrow-time_indexed,ROOT_PROCESSED,0.402864,0.000000,1,16632.000000,16632.000000
pricing-n020-set01-m3-random-base-n1-wnarrow-time_indexed_sri,ROOT_PROCESSED,0.430891,0.000000,1,16632.000000,16632.000000
pricing-n020-set01-m4-random-base-n1-wnarrow-ng_dssr,FINISHED,2.306787,0.000000,13,13073.000000,13073.000000
pricing-n020-set01-m4-random-base-n1-wnarrow-time_indexed,FINISHED,2.242285,0.000000,15,13073.000000,13073.000000
pricing-n020-set01-m4-random-base-n1-wnarrow-time_indexed_sri,FINISHED,2.067569,0.000000,7,13073.000000,13073.000000
pricing-n020-set01-m2-random-base-n1-wwide-ng_dssr,FINISHED,3.177352,0.000000,10,11709.000000,11709.000000
pricing-n020-set01-m2-random-base-n1-wwide-time_indexed,FINISHED,6.702242,0.000000,10,11709.000000,11709.000000
pricing-n020-set01-m2-random-base-n1-wwide-time_indexed_sri,ROOT_PROCESSED,2.236885,0.000000,1,11709.000000,11709.000000
pricing-n020-set01-m3-random-base-n1-wwide-ng_dssr,FINISHED,2.237417,0.000000,7,6746.000000,6746.000000
pricing-n020-set01-m3-random-base-n1-wwide-time_indexed,FINISHED,3.821813,0.000000,8,6746.000000,6746.000000
pricing-n020-set01-m3-random-base-n1-wwide-time_indexed_sri,ROOT_PROCESSED,1.632034,0.000000,1,6746.000000,6746.000000
pricing-n020-set01-m4-random-base-n1-wwide-ng_dssr,FINISHED,2.423824,0.000000,12,5501.000000,5501.000000
pricing-n020-set01-m4-random-base-n1-wwide-time_indexed,FINISHED,2.338459,0.000000,10,5501.000000,5501.000000
pricing-n020-set01-m4-random-base-n1-wwide-time_indexed_sri,FINISHED,2.188428,0.000000,5,5501.000000,5501.000000
pricing-n020-set01-m2-random-medium-n10-wzero-ng_dssr,ROOT_PROCESSED,3.134008,0.000000,1,270455.000000,270455.000000
pricing-n020-set01-m2-random-medium-n10-wzero-time_indexed,ROOT_PROCESSED,2.367554,0.000000,1,270455.000000,270455.000000
pricing-n020-set01-m2-random-medium-n10-wzero-time_indexed_sri,ROOT_PROCESSED,2.152801,0.000000,1,270455.000000,270455.000000
pricing-n020-set01-m3-random-medium-n10-wzero-ng_dssr,FINISHED,4.074586,0.000000,11,204873.000000,204873.000000
pricing-n020-set01-m3-random-medium-n10-wzero-time_indexed,FINISHED,4.194434,0.000000,10,204873.000000,204873.000000
pricing-n020-set01-m3-random-medium-n10-wzero-time_indexed_sri,FINISHED,4.246411,0.000000,3,204873.000000,204873.000000
pricing-n020-set01-m4-random-medium-n10-wzero-ng_dssr,FINISHED,2.297865,0.000000,4,175309.000000,175309.000000
pricing-n020-set01-m4-random-medium-n10-wzero-time_indexed,FINISHED,1.480441,0.000000,3,175309.000000,175309.000000
pricing-n020-set01-m4-random-medium-n10-wzero-time_indexed_sri,ROOT_PROCESSED,1.627156,0.000000,1,175309.000000,175309.000000
pricing-n020-set01-m2-random-medium-n10-wnarrow-ng_dssr,ROOT_PROCESSED,2.656592,0.000000,1,173088.000000,173088.000000
pricing-n020-set01-m2-random-medium-n10-wnarrow-time_indexed,ROOT_PROCESSED,2.108934,0.000000,1,173088.000000,173088.000000
pricing-n020-set01-m2-random-medium-n10-wnarrow-time_indexed_sri,ROOT_PROCESSED,2.322831,0.000000,1,173088.000000,173088.000000
pricing-n020-set01-m3-random-medium-n10-wnarrow-ng_dssr,FINISHED,3.135866,0.000000,6,115058.000000,115058.000000
pricing-n020-set01-m3-random-medium-n10-wnarrow-time_indexed,FINISHED,3.052864,0.000000,8,115058.000000,115058.000000
pricing-n020-set01-m3-random-medium-n10-wnarrow-time_indexed_sri,ROOT_PROCESSED,2.479080,0.000000,1,115058.000000,115058.000000
pricing-n020-set01-m4-random-medium-n10-wnarrow-ng_dssr,FINISHED,2.201089,0.000000,2,89529.000000,89529.000000
pricing-n020-set01-m4-random-medium-n10-wnarrow-time_indexed,FINISHED,1.599525,0.000000,3,89529.000000,89529.000000
pricing-n020-set01-m4-random-medium-n10-wnarrow-time_indexed_sri,ROOT_PROCESSED,1.706989,0.000000,1,89529.000000,89529.000000
pricing-n020-set01-m2-random-medium-n10-wwide-ng_dssr,ROOT_PROCESSED,2.558229,0.000000,1,70751.000000,70751.000000
pricing-n020-set01-m2-random-medium-n10-wwide-time_indexed,ROOT_PROCESSED,1.638163,0.000000,1,70751.000000,70751.000000
pricing-n020-set01-m2-random-medium-n10-wwide-time_indexed_sri,ROOT_PROCESSED,1.762824,0.000000,1,70751.000000,70751.000000
pricing-n020-set01-m3-random-medium-n10-wwide-ng_dssr,ROOT_PROCESSED,1.255063,0.000000,1,49127.000000,49127.000000
pricing-n020-set01-m3-random-medium-n10-wwide-time_indexed,ROOT_PROCESSED,0.709209,0.000000,1,49127.000000,49127.000000
pricing-n020-set01-m3-random-medium-n10-wwide-time_indexed_sri,ROOT_PROCESSED,0.704335,0.000000,1,49127.000000,49127.000000
pricing-n020-set01-m4-random-medium-n10-wwide-ng_dssr,FINISHED,2.754003,0.000000,7,45320.000000,45320.000000
pricing-n020-set01-m4-random-medium-n10-wwide-time_indexed,FINISHED,2.388523,0.000000,7,45320.000000,45320.000000
pricing-n020-set01-m4-random-medium-n10-wwide-time_indexed_sri,FINISHED,3.052863,0.000000,3,45320.000000,45320.000000
pricing-n020-set01-m2-random-high-n20-wzero-ng_dssr,ROOT_PROCESSED,6.829660,0.000000,1,635871.000000,635871.000000
pricing-n020-set01-m2-random-high-n20-wzero-time_indexed,ROOT_PROCESSED,5.905908,0.000000,1,635871.000000,635871.000000
pricing-n020-set01-m2-random-high-n20-wzero-time_indexed_sri,ROOT_PROCESSED,5.914746,0.000000,1,635871.000000,635871.000000
pricing-n020-set01-m3-random-high-n20-wzero-ng_dssr,ROOT_PROCESSED,1.685606,0.000000,1,471525.000000,471525.000000
pricing-n020-set01-m3-random-high-n20-wzero-time_indexed,ROOT_PROCESSED,1.289209,0.000000,1,471525.000000,471525.000000
pricing-n020-set01-m3-random-high-n20-wzero-time_indexed_sri,ROOT_PROCESSED,1.275999,0.000000,1,471525.000000,471525.000000
pricing-n020-set01-m4-random-high-n20-wzero-ng_dssr,ROOT_PROCESSED,1.005496,0.000000,1,397948.000000,397948.000000
pricing-n020-set01-m4-random-high-n20-wzero-time_indexed,ROOT_PROCESSED,0.675006,0.000000,1,397948.000000,397948.000000
pricing-n020-set01-m4-random-high-n20-wzero-time_indexed_sri,ROOT_PROCESSED,0.662177,0.000000,1,397948.000000,397948.000000
pricing-n020-set01-m2-random-high-n20-wnarrow-ng_dssr,ROOT_PROCESSED,5.168491,0.000000,1,442382.000000,442382.000000
pricing-n020-set01-m2-random-high-n20-wnarrow-time_indexed,FINISHED,6.163827,0.000000,3,442382.000000,442382.000000
pricing-n020-set01-m2-random-high-n20-wnarrow-time_indexed_sri,ROOT_PROCESSED,5.267534,0.000000,1,442382.000000,442382.000000
pricing-n020-set01-m3-random-high-n20-wnarrow-ng_dssr,ROOT_PROCESSED,2.142042,0.000000,1,288233.000000,288233.000000
pricing-n020-set01-m3-random-high-n20-wnarrow-time_indexed,ROOT_PROCESSED,1.540451,0.000000,1,288233.000000,288233.000000
pricing-n020-set01-m3-random-high-n20-wnarrow-time_indexed_sri,ROOT_PROCESSED,1.536006,0.000000,1,288233.000000,288233.000000
pricing-n020-set01-m4-random-high-n20-wnarrow-ng_dssr,FINISHED,4.120328,0.000000,5,219219.000000,219219.000000
pricing-n020-set01-m4-random-high-n20-wnarrow-time_indexed,FINISHED,4.118020,0.000000,8,219219.000000,219219.000000
pricing-n020-set01-m4-random-high-n20-wnarrow-time_indexed_sri,FINISHED,3.800311,0.000000,3,219219.000000,219219.000000
pricing-n020-set01-m2-random-high-n20-wwide-ng_dssr,FINISHED,9.716094,0.000000,5,189674.000000,189674.000000
pricing-n020-set01-m2-random-high-n20-wwide-time_indexed,FINISHED,10.469762,0.000000,6,189674.000000,189674.000000
pricing-n020-set01-m2-random-high-n20-wwide-time_indexed_sri,ROOT_PROCESSED,8.056896,0.000000,1,189674.000000,189674.000000
pricing-n020-set01-m3-random-high-n20-wwide-ng_dssr,FINISHED,5.123622,0.000000,5,107732.000000,107732.000000
pricing-n020-set01-m3-random-high-n20-wwide-time_indexed,FINISHED,6.350269,0.000000,9,107732.000000,107732.000000
pricing-n020-set01-m3-random-high-n20-wwide-time_indexed_sri,ROOT_PROCESSED,6.296203,0.000000,1,107732.000000,107732.000000
pricing-n020-set01-m4-random-high-n20-wwide-ng_dssr,FINISHED,4.170663,0.000000,6,95802.000000,95802.000000
pricing-n020-set01-m4-random-high-n20-wwide-time_indexed,FINISHED,4.119463,0.000000,6,95802.000000,95802.000000
pricing-n020-set01-m4-random-high-n20-wwide-time_indexed_sri,FINISHED,7.744156,0.000000,5,95802.000000,95802.000000
pricing-n020-set01-m2-family-base-n1-wzero-ng_dssr,ROOT_PROCESSED,2.497513,0.000000,1,28285.000000,28285.000000
pricing-n020-set01-m2-family-base-n1-wzero-time_indexed,FINISHED,479.494885,0.000000,1813,28285.000000,28285.000000
pricing-n020-set01-m2-family-base-n1-wzero-time_indexed_sri,ROOT_PROCESSED,27.234378,0.000000,1,28285.000000,28285.000000
pricing-n020-set01-m3-family-base-n1-wzero-ng_dssr,ROOT_PROCESSED,1.292088,0.000000,1,18477.000000,18477.000000
pricing-n020-set01-m3-family-base-n1-wzero-time_indexed,ROOT_PROCESSED,0.514954,0.000000,1,18477.000000,18477.000000
pricing-n020-set01-m3-family-base-n1-wzero-time_indexed_sri,ROOT_PROCESSED,0.442848,0.000000,1,18477.000000,18477.000000
pricing-n020-set01-m4-family-base-n1-wzero-ng_dssr,FINISHED,3.148614,0.000000,24,15410.000000,15410.000000
pricing-n020-set01-m4-family-base-n1-wzero-time_indexed,FINISHED,4.442194,0.000000,28,15410.000000,15410.000000
pricing-n020-set01-m4-family-base-n1-wzero-time_indexed_sri,ROOT_PROCESSED,1.094295,0.000000,1,15410.000000,15410.000000
pricing-n020-set01-m2-family-base-n1-wnarrow-ng_dssr,ROOT_PROCESSED,2.292184,0.000000,1,19054.000000,19054.000000
pricing-n020-set01-m2-family-base-n1-wnarrow-time_indexed,FINISHED,924.141674,0.000000,4526,19054.000000,19054.000000
pricing-n020-set01-m2-family-base-n1-wnarrow-time_indexed_sri,ROOT_PROCESSED,27.519236,0.000000,1,19054.000000,19054.000000
pricing-n020-set01-m3-family-base-n1-wnarrow-ng_dssr,ROOT_PROCESSED,1.205163,0.000000,1,10090.000000,10090.000000
pricing-n020-set01-m3-family-base-n1-wnarrow-time_indexed,ROOT_PROCESSED,0.556652,0.000000,1,10090.000000,10090.000000
pricing-n020-set01-m3-family-base-n1-wnarrow-time_indexed_sri,ROOT_PROCESSED,0.412378,0.000000,1,10090.000000,10090.000000
pricing-n020-set01-m4-family-base-n1-wnarrow-ng_dssr,FINISHED,3.668204,0.000000,33,7362.000000,7362.000000
pricing-n020-set01-m4-family-base-n1-wnarrow-time_indexed,FINISHED,9.012538,0.000000,97,7362.000000,7362.000000
pricing-n020-set01-m4-family-base-n1-wnarrow-time_indexed_sri,ROOT_PROCESSED,1.249164,0.000000,1,7362.000000,7362.000000
pricing-n020-set01-m2-family-base-n1-wwide-ng_dssr,ROOT_PROCESSED,2.156718,0.000000,1,7325.000000,7325.000000
pricing-n020-set01-m2-family-base-n1-wwide-time_indexed,FINISHED,3588.490709,0.000000,19639,7325.000000,7325.000000
pricing-n020-set01-m2-family-base-n1-wwide-time_indexed_sri,ROOT_PROCESSED,511.341372,0.000000,1,7325.000000,7325.000000
pricing-n020-set01-m3-family-base-n1-wwide-ng_dssr,ROOT_PROCESSED,0.962746,0.000000,1,2564.000000,2564.000000
pricing-n020-set01-m3-family-base-n1-wwide-time_indexed,FINISHED,25.510035,0.000000,170,2564.000000,2564.000000
pricing-n020-set01-m3-family-base-n1-wwide-time_indexed_sri,ROOT_PROCESSED,1.890869,0.000000,1,2564.000000,2564.000000
pricing-n020-set01-m4-family-base-n1-wwide-ng_dssr,FINISHED,3.534726,0.000000,55,2027.000000,2027.000000
pricing-n020-set01-m4-family-base-n1-wwide-time_indexed,FINISHED,10.283980,0.000000,156,2027.000000,2027.000000
pricing-n020-set01-m4-family-base-n1-wwide-time_indexed_sri,ROOT_PROCESSED,1.199862,0.000000,1,2027.000000,2027.000000
pricing-n020-set01-m2-family-medium-n10-wzero-ng_dssr,ROOT_PROCESSED,2.473953,0.000000,1,210983.000000,210983.000000
pricing-n020-set01-m2-family-medium-n10-wzero-time_indexed,FINISHED,143.562111,0.000000,160,210983.000000,210983.000000
pricing-n020-set01-m2-family-medium-n10-wzero-time_indexed_sri,ROOT_PROCESSED,26.678602,0.000000,1,210983.000000,210983.000000
pricing-n020-set01-m3-family-medium-n10-wzero-ng_dssr,ROOT_PROCESSED,0.981826,0.000000,1,141865.000000,141865.000000
pricing-n020-set01-m3-family-medium-n10-wzero-time_indexed,ROOT_PROCESSED,0.643833,0.000000,1,141865.000000,141865.000000
pricing-n020-set01-m3-family-medium-n10-wzero-time_indexed_sri,ROOT_PROCESSED,0.647808,0.000000,1,141865.000000,141865.000000
pricing-n020-set01-m4-family-medium-n10-wzero-ng_dssr,FINISHED,16.937731,0.000000,138,122125.000000,122125.000000
pricing-n020-set01-m4-family-medium-n10-wzero-time_indexed,FINISHED,41.312965,0.000000,180,122125.000000,122125.000000
pricing-n020-set01-m4-family-medium-n10-wzero-time_indexed_sri,ROOT_PROCESSED,6.450882,0.000000,1,122125.000000,122125.000000
pricing-n020-set01-m2-family-medium-n10-wnarrow-ng_dssr,ROOT_PROCESSED,2.675609,0.000000,1,121966.000000,121966.000000
pricing-n020-set01-m2-family-medium-n10-wnarrow-time_indexed,FINISHED,335.433486,0.000000,406,121966.000000,121966.000000
pricing-n020-set01-m2-family-medium-n10-wnarrow-time_indexed_sri,ROOT_PROCESSED,70.874962,0.000000,1,121966.000000,121966.000000
pricing-n020-set01-m3-family-medium-n10-wnarrow-ng_dssr,ROOT_PROCESSED,1.458028,0.000000,1,63252.000000,63252.000000
pricing-n020-set01-m3-family-medium-n10-wnarrow-time_indexed,FINISHED,2.312121,0.000000,8,63252.000000,63252.000000
pricing-n020-set01-m3-family-medium-n10-wnarrow-time_indexed_sri,ROOT_PROCESSED,1.718138,0.000000,1,63252.000000,63252.000000
pricing-n020-set01-m4-family-medium-n10-wnarrow-ng_dssr,FINISHED,98.726163,0.000000,789,47952.000000,47952.000000
pricing-n020-set01-m4-family-medium-n10-wnarrow-time_indexed,FINISHED,267.917132,0.000000,1703,47952.000000,47952.000000
pricing-n020-set01-m4-family-medium-n10-wnarrow-time_indexed_sri,FINISHED,109.745082,0.000000,3,47952.000000,47952.000000
pricing-n020-set01-m2-family-medium-n10-wwide-ng_dssr,ROOT_PROCESSED,3.559657,0.000000,1,42832.000000,42832.000000
pricing-n020-set01-m2-family-medium-n10-wwide-time_indexed,FINISHED,7273.992216,0.000000,15223,42832.000000,42832.000000
pricing-n020-set01-m2-family-medium-n10-wwide-time_indexed_sri,TIME_LIMIT,10805.016328,17.136172,1,42832.000000,35492.234914
pricing-n020-set01-m3-family-medium-n10-wwide-ng_dssr,ROOT_PROCESSED,1.752968,0.000000,1,18740.000000,18740.000000
pricing-n020-set01-m3-family-medium-n10-wwide-time_indexed,FINISHED,74.849108,0.000000,316,18740.000000,18740.000000
pricing-n020-set01-m3-family-medium-n10-wwide-time_indexed_sri,ROOT_PROCESSED,15.161223,0.000000,1,18740.000000,18740.000000
pricing-n020-set01-m4-family-medium-n10-wwide-ng_dssr,ROOT_PROCESSED,1.229379,0.000000,1,16320.000000,16320.000000
pricing-n020-set01-m4-family-medium-n10-wwide-time_indexed,FINISHED,1.499820,0.000000,6,16320.000000,16320.000000
pricing-n020-set01-m4-family-medium-n10-wwide-time_indexed_sri,ROOT_PROCESSED,1.181732,0.000000,1,16320.000000,16320.000000
pricing-n020-set01-m2-family-high-n20-wzero-ng_dssr,ROOT_PROCESSED,5.610950,0.000000,1,524664.000000,524664.000000
pricing-n020-set01-m2-family-high-n20-wzero-time_indexed,FINISHED,9624.403122,0.000000,5234,524664.000000,524664.000000
pricing-n020-set01-m2-family-high-n20-wzero-time_indexed_sri,ROOT_PROCESSED,911.241879,0.000000,1,524664.000000,524664.000000
pricing-n020-set01-m3-family-high-n20-wzero-ng_dssr,ROOT_PROCESSED,1.894069,0.000000,1,345867.000000,345867.000000
pricing-n020-set01-m3-family-high-n20-wzero-time_indexed,FINISHED,2.381565,0.000000,4,345867.000000,345867.000000
pricing-n020-set01-m3-family-high-n20-wzero-time_indexed_sri,ROOT_PROCESSED,1.915149,0.000000,1,345867.000000,345867.000000
pricing-n020-set01-m4-family-high-n20-wzero-ng_dssr,FINISHED,4.224355,0.000000,8,281836.000000,281836.000000
pricing-n020-set01-m4-family-high-n20-wzero-time_indexed,FINISHED,3.601512,0.000000,10,281836.000000,281836.000000
pricing-n020-set01-m4-family-high-n20-wzero-time_indexed_sri,ROOT_PROCESSED,1.567147,0.000000,1,281836.000000,281836.000000
pricing-n020-set01-m2-family-high-n20-wnarrow-ng_dssr,ROOT_PROCESSED,5.637760,0.000000,1,335879.000000,335879.000000
pricing-n020-set01-m2-family-high-n20-wnarrow-time_indexed,TIME_LIMIT,10800.297784,3.508993,4018,335879.000000,324093.028571
pricing-n020-set01-m2-family-high-n20-wnarrow-time_indexed_sri,ROOT_PROCESSED,859.255079,0.000000,1,335879.000000,335879.000000
pricing-n020-set01-m3-family-high-n20-wnarrow-ng_dssr,ROOT_PROCESSED,2.201914,0.000000,1,177487.000000,177487.000000
pricing-n020-set01-m3-family-high-n20-wnarrow-time_indexed,FINISHED,9.574998,0.000000,21,177487.000000,177487.000000
pricing-n020-set01-m3-family-high-n20-wnarrow-time_indexed_sri,ROOT_PROCESSED,2.263614,0.000000,1,177487.000000,177487.000000
pricing-n020-set01-m4-family-high-n20-wnarrow-ng_dssr,FINISHED,15.363393,0.000000,54,120125.000000,120125.000000
pricing-n020-set01-m4-family-high-n20-wnarrow-time_indexed,FINISHED,14.273537,0.000000,45,120125.000000,120125.000000
pricing-n020-set01-m4-family-high-n20-wnarrow-time_indexed_sri,ROOT_PROCESSED,5.907521,0.000000,1,120125.000000,120125.000000
pricing-n020-set01-m2-family-high-n20-wwide-ng_dssr,ROOT_PROCESSED,5.022466,0.000000,1,102962.000000,102962.000000
pricing-n020-set01-m2-family-high-n20-wwide-time_indexed,FINISHED,928.617245,0.000000,520,102962.000000,102962.000000
pricing-n020-set01-m2-family-high-n20-wwide-time_indexed_sri,ROOT_PROCESSED,1802.731864,0.000000,1,102962.000000,102962.000000
pricing-n020-set01-m3-family-high-n20-wwide-ng_dssr,ROOT_PROCESSED,2.619212,0.000000,1,39692.000000,39692.000000
pricing-n020-set01-m3-family-high-n20-wwide-time_indexed,FINISHED,18.785382,0.000000,50,39692.000000,39692.000000
pricing-n020-set01-m3-family-high-n20-wwide-time_indexed_sri,ROOT_PROCESSED,6.886826,0.000000,1,39692.000000,39692.000000
pricing-n020-set01-m4-family-high-n20-wwide-ng_dssr,FINISHED,3.041415,0.000000,5,35020.000000,35020.000000
pricing-n020-set01-m4-family-high-n20-wwide-time_indexed,FINISHED,5.124535,0.000000,17,35020.000000,35020.000000
pricing-n020-set01-m4-family-high-n20-wwide-time_indexed_sri,ROOT_PROCESSED,3.414055,0.000000,1,35020.000000,35020.000000
pricing-n020-set02-m2-random-base-n1-wzero-ng_dssr,FINISHED,2.151829,0.000000,4,29944.000000,29944.000000
pricing-n020-set02-m2-random-base-n1-wzero-time_indexed,FINISHED,2.761538,0.000000,6,29944.000000,29944.000000
pricing-n020-set02-m2-random-base-n1-wzero-time_indexed_sri,ROOT_PROCESSED,1.234792,0.000000,1,29944.000000,29944.000000
pricing-n020-set02-m3-random-base-n1-wzero-ng_dssr,FINISHED,1.423230,0.000000,5,21215.000000,21215.000000
pricing-n020-set02-m3-random-base-n1-wzero-time_indexed,FINISHED,2.450070,0.000000,9,21215.000000,21215.000000
pricing-n020-set02-m3-random-base-n1-wzero-time_indexed_sri,ROOT_PROCESSED,0.836359,0.000000,1,21215.000000,21215.000000
pricing-n020-set02-m4-random-base-n1-wzero-ng_dssr,FINISHED,1.153318,0.000000,5,16669.000000,16669.000000
pricing-n020-set02-m4-random-base-n1-wzero-time_indexed,FINISHED,0.952379,0.000000,6,16669.000000,16669.000000
pricing-n020-set02-m4-random-base-n1-wzero-time_indexed_sri,ROOT_PROCESSED,0.464205,0.000000,1,16669.000000,16669.000000
pricing-n020-set02-m2-random-base-n1-wnarrow-ng_dssr,ROOT_PROCESSED,1.471915,0.000000,1,19802.000000,19802.000000
pricing-n020-set02-m2-random-base-n1-wnarrow-time_indexed,ROOT_PROCESSED,1.062404,0.000000,1,19802.000000,19802.000000
pricing-n020-set02-m2-random-base-n1-wnarrow-time_indexed_sri,ROOT_PROCESSED,0.945234,0.000000,1,19802.000000,19802.000000
pricing-n020-set02-m3-random-base-n1-wnarrow-ng_dssr,FINISHED,0.999729,0.000000,2,12387.000000,12387.000000
pricing-n020-set02-m3-random-base-n1-wnarrow-time_indexed,FINISHED,1.065895,0.000000,5,12387.000000,12387.000000
pricing-n020-set02-m3-random-base-n1-wnarrow-time_indexed_sri,ROOT_PROCESSED,0.608853,0.000000,1,12387.000000,12387.000000
pricing-n020-set02-m4-random-base-n1-wnarrow-ng_dssr,ROOT_PROCESSED,0.840202,0.000000,1,8991.000000,8991.000000
pricing-n020-set02-m4-random-base-n1-wnarrow-time_indexed,ROOT_PROCESSED,0.399777,0.000000,1,8991.000000,8991.000000
pricing-n020-set02-m4-random-base-n1-wnarrow-time_indexed_sri,ROOT_PROCESSED,0.314339,0.000000,1,8991.000000,8991.000000
pricing-n020-set02-m2-random-base-n1-wwide-ng_dssr,ROOT_PROCESSED,1.068595,0.000000,1,10032.000000,10032.000000
pricing-n020-set02-m2-random-base-n1-wwide-time_indexed,FINISHED,2.284206,0.000000,3,10032.000000,10032.000000
pricing-n020-set02-m2-random-base-n1-wwide-time_indexed_sri,ROOT_PROCESSED,0.980489,0.000000,1,10032.000000,10032.000000
pricing-n020-set02-m3-random-base-n1-wwide-ng_dssr,ROOT_PROCESSED,0.765609,0.000000,1,5222.000000,5222.000000
pricing-n020-set02-m3-random-base-n1-wwide-time_indexed,FINISHED,0.941849,0.000000,2,5222.000000,5222.000000
pricing-n020-set02-m3-random-base-n1-wwide-time_indexed_sri,ROOT_PROCESSED,0.554733,0.000000,1,5222.000000,5222.000000
pricing-n020-set02-m4-random-base-n1-wwide-ng_dssr,ROOT_PROCESSED,0.689768,0.000000,1,4450.000000,4450.000000
pricing-n020-set02-m4-random-base-n1-wwide-time_indexed,FINISHED,1.171653,0.000000,6,4450.000000,4450.000000
pricing-n020-set02-m4-random-base-n1-wwide-time_indexed_sri,ROOT_PROCESSED,0.540629,0.000000,1,4450.000000,4450.000000
pricing-n020-set02-m2-random-medium-n10-wzero-ng_dssr,ROOT_PROCESSED,2.219564,0.000000,1,258357.000000,258357.000000
pricing-n020-set02-m2-random-medium-n10-wzero-time_indexed,ROOT_PROCESSED,1.775881,0.000000,1,258357.000000,258357.000000
pricing-n020-set02-m2-random-medium-n10-wzero-time_indexed_sri,ROOT_PROCESSED,1.601242,0.000000,1,258357.000000,258357.000000
pricing-n020-set02-m3-random-medium-n10-wzero-ng_dssr,ROOT_PROCESSED,1.038994,0.000000,1,179277.000000,179277.000000
pricing-n020-set02-m3-random-medium-n10-wzero-time_indexed,ROOT_PROCESSED,0.767263,0.000000,1,179277.000000,179277.000000
pricing-n020-set02-m3-random-medium-n10-wzero-time_indexed_sri,ROOT_PROCESSED,0.604425,0.000000,1,179277.000000,179277.000000
pricing-n020-set02-m4-random-medium-n10-wzero-ng_dssr,ROOT_PROCESSED,0.751685,0.000000,1,147901.000000,147901.000000
pricing-n020-set02-m4-random-medium-n10-wzero-time_indexed,ROOT_PROCESSED,0.500311,0.000000,1,147901.000000,147901.000000
pricing-n020-set02-m4-random-medium-n10-wzero-time_indexed_sri,ROOT_PROCESSED,0.486219,0.000000,1,147901.000000,147901.000000
pricing-n020-set02-m2-random-medium-n10-wnarrow-ng_dssr,ROOT_PROCESSED,2.563103,0.000000,1,171230.000000,171230.000000
pricing-n020-set02-m2-random-medium-n10-wnarrow-time_indexed,FINISHED,3.981700,0.000000,3,171230.000000,171230.000000
pricing-n020-set02-m2-random-medium-n10-wnarrow-time_indexed_sri,ROOT_PROCESSED,2.706149,0.000000,1,171230.000000,171230.000000
pricing-n020-set02-m3-random-medium-n10-wnarrow-ng_dssr,FINISHED,2.010398,0.000000,3,104854.000000,104854.000000
pricing-n020-set02-m3-random-medium-n10-wnarrow-time_indexed,FINISHED,1.939772,0.000000,3,104854.000000,104854.000000
pricing-n020-set02-m3-random-medium-n10-wnarrow-time_indexed_sri,ROOT_PROCESSED,1.933255,0.000000,1,104854.000000,104854.000000
pricing-n020-set02-m4-random-medium-n10-wnarrow-ng_dssr,FINISHED,2.004414,0.000000,5,75734.000000,75734.000000
pricing-n020-set02-m4-random-medium-n10-wnarrow-time_indexed,FINISHED,1.750352,0.000000,6,75734.000000,75734.000000
pricing-n020-set02-m4-random-medium-n10-wnarrow-time_indexed_sri,FINISHED,2.295932,0.000000,3,75734.000000,75734.000000
pricing-n020-set02-m2-random-medium-n10-wwide-ng_dssr,FINISHED,4.095233,0.000000,6,83231.000000,83231.000000
pricing-n020-set02-m2-random-medium-n10-wwide-time_indexed,FINISHED,4.874442,0.000000,7,83231.000000,83231.000000
pricing-n020-set02-m2-random-medium-n10-wwide-time_indexed_sri,ROOT_PROCESSED,3.653522,0.000000,1,83231.000000,83231.000000
pricing-n020-set02-m3-random-medium-n10-wwide-ng_dssr,FINISHED,2.759554,0.000000,4,45936.000000,45936.000000
pricing-n020-set02-m3-random-medium-n10-wwide-time_indexed,FINISHED,3.636688,0.000000,8,45936.000000,45936.000000
pricing-n020-set02-m3-random-medium-n10-wwide-time_indexed_sri,FINISHED,2.824412,0.000000,3,45936.000000,45936.000000
pricing-n020-set02-m4-random-medium-n10-wwide-ng_dssr,ROOT_PROCESSED,0.855501,0.000000,1,40160.000000,40160.000000
pricing-n020-set02-m4-random-medium-n10-wwide-time_indexed,ROOT_PROCESSED,0.457214,0.000000,1,40160.000000,40160.000000
pricing-n020-set02-m4-random-medium-n10-wwide-time_indexed_sri,ROOT_PROCESSED,0.671326,0.000000,1,40160.000000,40160.000000
pricing-n020-set02-m2-random-high-n20-wzero-ng_dssr,FINISHED,8.969866,0.000000,7,609390.000000,609390.000000
pricing-n020-set02-m2-random-high-n20-wzero-time_indexed,FINISHED,12.077504,0.000000,7,609390.000000,609390.000000
pricing-n020-set02-m2-random-high-n20-wzero-time_indexed_sri,ROOT_PROCESSED,9.886350,0.000000,1,609390.000000,609390.000000
pricing-n020-set02-m3-random-high-n20-wzero-ng_dssr,FINISHED,3.814318,0.000000,2,429276.000000,429276.000000
pricing-n020-set02-m3-random-high-n20-wzero-time_indexed,FINISHED,3.966163,0.000000,3,429276.000000,429276.000000
pricing-n020-set02-m3-random-high-n20-wzero-time_indexed_sri,ROOT_PROCESSED,2.841973,0.000000,1,429276.000000,429276.000000
pricing-n020-set02-m4-random-high-n20-wzero-ng_dssr,FINISHED,4.314064,0.000000,7,347713.000000,347713.000000
pricing-n020-set02-m4-random-high-n20-wzero-time_indexed,FINISHED,3.457750,0.000000,8,347713.000000,347713.000000
pricing-n020-set02-m4-random-high-n20-wzero-time_indexed_sri,FINISHED,2.896150,0.000000,3,347713.000000,347713.000000
pricing-n020-set02-m2-random-high-n20-wnarrow-ng_dssr,ROOT_PROCESSED,4.243654,0.000000,1,423151.000000,423151.000000
pricing-n020-set02-m2-random-high-n20-wnarrow-time_indexed,FINISHED,6.986218,0.000000,5,423151.000000,423151.000000
pricing-n020-set02-m2-random-high-n20-wnarrow-time_indexed_sri,ROOT_PROCESSED,4.179364,0.000000,1,423151.000000,423151.000000
pricing-n020-set02-m3-random-high-n20-wnarrow-ng_dssr,FINISHED,3.565968,0.000000,3,264429.000000,264429.000000
pricing-n020-set02-m3-random-high-n20-wnarrow-time_indexed,FINISHED,4.413581,0.000000,6,264429.000000,264429.000000
pricing-n020-set02-m3-random-high-n20-wnarrow-time_indexed_sri,ROOT_PROCESSED,2.919563,0.000000,1,264429.000000,264429.000000
pricing-n020-set02-m4-random-high-n20-wnarrow-ng_dssr,ROOT_PROCESSED,2.150516,0.000000,1,195682.000000,195682.000000
pricing-n020-set02-m4-random-high-n20-wnarrow-time_indexed,FINISHED,2.193234,0.000000,3,195682.000000,195682.000000
pricing-n020-set02-m4-random-high-n20-wnarrow-time_indexed_sri,ROOT_PROCESSED,1.809988,0.000000,1,195682.000000,195682.000000
pricing-n020-set02-m2-random-high-n20-wwide-ng_dssr,ROOT_PROCESSED,6.135465,0.000000,1,210858.000000,210858.000000
pricing-n020-set02-m2-random-high-n20-wwide-time_indexed,ROOT_PROCESSED,5.773477,0.000000,1,210858.000000,210858.000000
pricing-n020-set02-m2-random-high-n20-wwide-time_indexed_sri,ROOT_PROCESSED,5.807166,0.000000,1,210858.000000,210858.000000
pricing-n020-set02-m3-random-high-n20-wwide-ng_dssr,FINISHED,5.112805,0.000000,8,115776.000000,115776.000000
pricing-n020-set02-m3-random-high-n20-wwide-time_indexed,FINISHED,5.016770,0.000000,9,115776.000000,115776.000000
pricing-n020-set02-m3-random-high-n20-wwide-time_indexed_sri,FINISHED,7.532398,0.000000,3,115776.000000,115776.000000
pricing-n020-set02-m4-random-high-n20-wwide-ng_dssr,ROOT_PROCESSED,2.277671,0.000000,1,92065.000000,92065.000000
pricing-n020-set02-m4-random-high-n20-wwide-time_indexed,FINISHED,2.559049,0.000000,3,92065.000000,92065.000000
pricing-n020-set02-m4-random-high-n20-wwide-time_indexed_sri,ROOT_PROCESSED,2.074135,0.000000,1,92065.000000,92065.000000
pricing-n020-set02-m2-family-base-n1-wzero-ng_dssr,ROOT_PROCESSED,1.829774,0.000000,1,23745.000000,23745.000000
pricing-n020-set02-m2-family-base-n1-wzero-time_indexed,FINISHED,27.756652,0.000000,91,23745.000000,23745.000000
pricing-n020-set02-m2-family-base-n1-wzero-time_indexed_sri,ROOT_PROCESSED,6.408455,0.000000,1,23745.000000,23745.000000
pricing-n020-set02-m3-family-base-n1-wzero-ng_dssr,ROOT_PROCESSED,1.192210,0.000000,1,15489.000000,15489.000000
pricing-n020-set02-m3-family-base-n1-wzero-time_indexed,FINISHED,9.300455,0.000000,45,15489.000000,15489.000000
pricing-n020-set02-m3-family-base-n1-wzero-time_indexed_sri,ROOT_PROCESSED,3.419189,0.000000,1,15489.000000,15489.000000
pricing-n020-set02-m4-family-base-n1-wzero-ng_dssr,FINISHED,6.899025,0.000000,76,11527.000000,11527.000000
pricing-n020-set02-m4-family-base-n1-wzero-time_indexed,FINISHED,17.376134,0.000000,246,11527.000000,11527.000000
pricing-n020-set02-m4-family-base-n1-wzero-time_indexed_sri,ROOT_PROCESSED,1.999985,0.000000,1,11527.000000,11527.000000
pricing-n020-set02-m2-family-base-n1-wnarrow-ng_dssr,ROOT_PROCESSED,2.312987,0.000000,1,15232.000000,15232.000000
pricing-n020-set02-m2-family-base-n1-wnarrow-time_indexed,FINISHED,105.657659,0.000000,348,15232.000000,15232.000000
pricing-n020-set02-m2-family-base-n1-wnarrow-time_indexed_sri,ROOT_PROCESSED,28.242072,0.000000,1,15232.000000,15232.000000
pricing-n020-set02-m3-family-base-n1-wnarrow-ng_dssr,FINISHED,1.514456,0.000000,3,7540.000000,7540.000000
pricing-n020-set02-m3-family-base-n1-wnarrow-time_indexed,FINISHED,39.820766,0.000000,248,7540.000000,7540.000000
pricing-n020-set02-m3-family-base-n1-wnarrow-time_indexed_sri,ROOT_PROCESSED,2.181432,0.000000,1,7540.000000,7540.000000
pricing-n020-set02-m4-family-base-n1-wnarrow-ng_dssr,FINISHED,3.933640,0.000000,25,4730.000000,4730.000000
pricing-n020-set02-m4-family-base-n1-wnarrow-time_indexed,FINISHED,46.487492,0.000000,541,4730.000000,4730.000000
pricing-n020-set02-m4-family-base-n1-wnarrow-time_indexed_sri,ROOT_PROCESSED,2.704519,0.000000,1,4730.000000,4730.000000
pricing-n020-set02-m2-family-base-n1-wwide-ng_dssr,ROOT_PROCESSED,3.562285,0.000000,1,5989.000000,5989.000000
pricing-n020-set02-m2-family-base-n1-wwide-time_indexed,FINISHED,5799.932913,0.000000,26416,5989.000000,5989.000000
pricing-n020-set02-m2-family-base-n1-wwide-time_indexed_sri,ROOT_PROCESSED,402.531822,0.000000,1,5989.000000,5989.000000
pricing-n020-set02-m3-family-base-n1-wwide-ng_dssr,ROOT_PROCESSED,1.018551,0.000000,1,2205.000000,2205.000000
pricing-n020-set02-m3-family-base-n1-wwide-time_indexed,FINISHED,106.242581,0.000000,745,2205.000000,2205.000000
pricing-n020-set02-m3-family-base-n1-wwide-time_indexed_sri,ROOT_PROCESSED,2.214340,0.000000,1,2205.000000,2205.000000
pricing-n020-set02-m4-family-base-n1-wwide-ng_dssr,FINISHED,44.262733,0.000000,903,1824.000000,1824.000000
pricing-n020-set02-m4-family-base-n1-wwide-time_indexed,FINISHED,236.710304,0.000000,2833,1824.000000,1824.000000
pricing-n020-set02-m4-family-base-n1-wwide-time_indexed_sri,FINISHED,6.342509,0.000000,3,1824.000000,1824.000000
pricing-n020-set02-m2-family-medium-n10-wzero-ng_dssr,ROOT_PROCESSED,4.036169,0.000000,1,211459.000000,211459.000000
pricing-n020-set02-m2-family-medium-n10-wzero-time_indexed,FINISHED,348.060034,0.000000,367,211459.000000,211459.000000
pricing-n020-set02-m2-family-medium-n10-wzero-time_indexed_sri,ROOT_PROCESSED,57.977900,0.000000,1,211459.000000,211459.000000
pricing-n020-set02-m3-family-medium-n10-wzero-ng_dssr,FINISHED,7.931150,0.000000,15,139524.000000,139524.000000
pricing-n020-set02-m3-family-medium-n10-wzero-time_indexed,FINISHED,43.503912,0.000000,100,139524.000000,139524.000000
pricing-n020-set02-m3-family-medium-n10-wzero-time_indexed_sri,ROOT_PROCESSED,37.198797,0.000000,1,139524.000000,139524.000000
pricing-n020-set02-m4-family-medium-n10-wzero-ng_dssr,FINISHED,26.203328,0.000000,129,104469.000000,104469.000000
pricing-n020-set02-m4-family-medium-n10-wzero-time_indexed,FINISHED,117.731172,0.000000,476,104469.000000,104469.000000
pricing-n020-set02-m4-family-medium-n10-wzero-time_indexed_sri,ROOT_PROCESSED,18.923154,0.000000,1,104469.000000,104469.000000
pricing-n020-set02-m2-family-medium-n10-wnarrow-ng_dssr,ROOT_PROCESSED,4.292446,0.000000,1,127053.000000,127053.000000
pricing-n020-set02-m2-family-medium-n10-wnarrow-time_indexed,FINISHED,697.051942,0.000000,702,127053.000000,127053.000000
pricing-n020-set02-m2-family-medium-n10-wnarrow-time_indexed_sri,ROOT_PROCESSED,43.109077,0.000000,1,127053.000000,127053.000000
pricing-n020-set02-m3-family-medium-n10-wnarrow-ng_dssr,FINISHED,7.025173,0.000000,11,64784.000000,64784.000000
pricing-n020-set02-m3-family-medium-n10-wnarrow-time_indexed,FINISHED,86.400232,0.000000,215,64784.000000,64784.000000
pricing-n020-set02-m3-family-medium-n10-wnarrow-time_indexed_sri,ROOT_PROCESSED,208.956872,0.000000,1,64784.000000,64784.000000
pricing-n020-set02-m4-family-medium-n10-wnarrow-ng_dssr,FINISHED,25.852666,0.000000,113,40350.000000,40350.000000
pricing-n020-set02-m4-family-medium-n10-wnarrow-time_indexed,FINISHED,456.011725,0.000000,2141,40350.000000,40350.000000
pricing-n020-set02-m4-family-medium-n10-wnarrow-time_indexed_sri,ROOT_PROCESSED,31.182688,0.000000,1,40350.000000,40350.000000
pricing-n020-set02-m2-family-medium-n10-wwide-ng_dssr,ROOT_PROCESSED,4.383301,0.000000,1,47160.000000,47160.000000
pricing-n020-set02-m2-family-medium-n10-wwide-time_indexed,FINISHED,4465.835117,0.000000,6353,47160.000000,47160.000000
pricing-n020-set02-m2-family-medium-n10-wwide-time_indexed_sri,ROOT_PROCESSED,822.953289,0.000000,1,47160.000000,47160.000000
pricing-n020-set02-m3-family-medium-n10-wwide-ng_dssr,ROOT_PROCESSED,1.976753,0.000000,1,18430.000000,18430.000000
pricing-n020-set02-m3-family-medium-n10-wwide-time_indexed,FINISHED,23.009575,0.000000,77,18430.000000,18430.000000
pricing-n020-set02-m3-family-medium-n10-wwide-time_indexed_sri,ROOT_PROCESSED,5.412574,0.000000,1,18430.000000,18430.000000
pricing-n020-set02-m4-family-medium-n10-wwide-ng_dssr,FINISHED,37.166778,0.000000,234,16220.000000,16220.000000
pricing-n020-set02-m4-family-medium-n10-wwide-time_indexed,FINISHED,73.441663,0.000000,430,16220.000000,16220.000000
pricing-n020-set02-m4-family-medium-n10-wwide-time_indexed_sri,FINISHED,24.767136,0.000000,3,16220.000000,16220.000000
pricing-n020-set02-m2-family-high-n20-wzero-ng_dssr,ROOT_PROCESSED,6.734119,0.000000,1,479978.000000,479978.000000
pricing-n020-set02-m2-family-high-n20-wzero-time_indexed,FINISHED,949.710309,0.000000,401,479978.000000,479978.000000
pricing-n020-set02-m2-family-high-n20-wzero-time_indexed_sri,ROOT_PROCESSED,67.132371,0.000000,1,479978.000000,479978.000000
pricing-n020-set02-m3-family-high-n20-wzero-ng_dssr,FINISHED,8.821311,0.000000,9,321839.000000,321839.000000
pricing-n020-set02-m3-family-high-n20-wzero-time_indexed,FINISHED,308.397943,0.000000,236,321839.000000,321839.000000
pricing-n020-set02-m3-family-high-n20-wzero-time_indexed_sri,ROOT_PROCESSED,102.730863,0.000000,1,321839.000000,321839.000000
pricing-n020-set02-m4-family-high-n20-wzero-ng_dssr,FINISHED,20.375541,0.000000,42,232732.000000,232732.000000
pricing-n020-set02-m4-family-high-n20-wzero-time_indexed,FINISHED,62.550081,0.000000,108,232732.000000,232732.000000
pricing-n020-set02-m4-family-high-n20-wzero-time_indexed_sri,ROOT_PROCESSED,10.573664,0.000000,1,232732.000000,232732.000000
pricing-n020-set02-m2-family-high-n20-wnarrow-ng_dssr,ROOT_PROCESSED,5.521281,0.000000,1,318095.000000,318095.000000
pricing-n020-set02-m2-family-high-n20-wnarrow-time_indexed,FINISHED,4315.759162,0.000000,2056,318095.000000,318095.000000
pricing-n020-set02-m2-family-high-n20-wnarrow-time_indexed_sri,ROOT_PROCESSED,222.727818,0.000000,1,318095.000000,318095.000000
pricing-n020-set02-m3-family-high-n20-wnarrow-ng_dssr,FINISHED,5.327805,0.000000,3,167310.000000,167310.000000
pricing-n020-set02-m3-family-high-n20-wnarrow-time_indexed,FINISHED,162.893504,0.000000,167,167310.000000,167310.000000
pricing-n020-set02-m3-family-high-n20-wnarrow-time_indexed_sri,ROOT_PROCESSED,93.998681,0.000000,1,167310.000000,167310.000000
pricing-n020-set02-m4-family-high-n20-wnarrow-ng_dssr,FINISHED,11.191777,0.000000,20,102804.000000,102804.000000
pricing-n020-set02-m4-family-high-n20-wnarrow-time_indexed,FINISHED,68.169911,0.000000,126,102804.000000,102804.000000
pricing-n020-set02-m4-family-high-n20-wnarrow-time_indexed_sri,ROOT_PROCESSED,24.237907,0.000000,1,102804.000000,102804.000000
pricing-n020-set02-m2-family-high-n20-wwide-ng_dssr,ROOT_PROCESSED,7.222043,0.000000,1,128065.000000,128065.000000
pricing-n020-set02-m2-family-high-n20-wwide-time_indexed,TIME_LIMIT,10800.032425,10.822882,4918,128065.000000,114204.676190
pricing-n020-set02-m2-family-high-n20-wwide-time_indexed_sri,ROOT_PROCESSED,2689.563270,0.000000,1,128065.000000,128065.000000
pricing-n020-set02-m3-family-high-n20-wwide-ng_dssr,ROOT_PROCESSED,2.798933,0.000000,1,48844.000000,48844.000000
pricing-n020-set02-m3-family-high-n20-wwide-time_indexed,FINISHED,795.727584,0.000000,1383,48844.000000,48844.000000
pricing-n020-set02-m3-family-high-n20-wwide-time_indexed_sri,ROOT_PROCESSED,40.172458,0.000000,1,48844.000000,48844.000000
pricing-n020-set02-m4-family-high-n20-wwide-ng_dssr,FINISHED,769.065504,0.000000,2018,40108.000000,40108.000000
pricing-n020-set02-m4-family-high-n20-wwide-time_indexed,FINISHED,5754.340374,0.000000,16489,40108.000000,40108.000000
pricing-n020-set02-m4-family-high-n20-wwide-time_indexed_sri,FINISHED,193.930864,0.000000,3,40108.000000,40108.000000
pricing-n020-set03-m2-random-base-n1-wzero-ng_dssr,FINISHED,1.845715,0.000000,3,25808.000000,25808.000000
pricing-n020-set03-m2-random-base-n1-wzero-time_indexed,FINISHED,6.551307,0.000000,9,25808.000000,25808.000000
pricing-n020-set03-m2-random-base-n1-wzero-time_indexed_sri,ROOT_PROCESSED,1.420649,0.000000,1,25808.000000,25808.000000
pricing-n020-set03-m3-random-base-n1-wzero-ng_dssr,FINISHED,0.951141,0.000000,2,18266.000000,18266.000000
pricing-n020-set03-m3-random-base-n1-wzero-time_indexed,FINISHED,1.058429,0.000000,3,18266.000000,18266.000000
pricing-n020-set03-m3-random-base-n1-wzero-time_indexed_sri,ROOT_PROCESSED,0.580388,0.000000,1,18266.000000,18266.000000
pricing-n020-set03-m4-random-base-n1-wzero-ng_dssr,ROOT_PROCESSED,0.552209,0.000000,1,14459.000000,14459.000000
pricing-n020-set03-m4-random-base-n1-wzero-time_indexed,ROOT_PROCESSED,0.253504,0.000000,1,14459.000000,14459.000000
pricing-n020-set03-m4-random-base-n1-wzero-time_indexed_sri,ROOT_PROCESSED,0.250271,0.000000,1,14459.000000,14459.000000
pricing-n020-set03-m2-random-base-n1-wnarrow-ng_dssr,ROOT_PROCESSED,1.097753,0.000000,1,17530.000000,17530.000000
pricing-n020-set03-m2-random-base-n1-wnarrow-time_indexed,ROOT_PROCESSED,0.686654,0.000000,1,17530.000000,17530.000000
pricing-n020-set03-m2-random-base-n1-wnarrow-time_indexed_sri,ROOT_PROCESSED,0.684419,0.000000,1,17530.000000,17530.000000
pricing-n020-set03-m3-random-base-n1-wnarrow-ng_dssr,FINISHED,1.415468,0.000000,7,11141.000000,11141.000000
pricing-n020-set03-m3-random-base-n1-wnarrow-time_indexed,FINISHED,2.808954,0.000000,9,11141.000000,11141.000000
pricing-n020-set03-m3-random-base-n1-wnarrow-time_indexed_sri,ROOT_PROCESSED,0.816345,0.000000,1,11141.000000,11141.000000
pricing-n020-set03-m4-random-base-n1-wnarrow-ng_dssr,ROOT_PROCESSED,0.559467,0.000000,1,7943.000000,7943.000000
pricing-n020-set03-m4-random-base-n1-wnarrow-time_indexed,ROOT_PROCESSED,0.245276,0.000000,1,7943.000000,7943.000000
pricing-n020-set03-m4-random-base-n1-wnarrow-time_indexed_sri,ROOT_PROCESSED,0.243912,0.000000,1,7943.000000,7943.000000
pricing-n020-set03-m2-random-base-n1-wwide-ng_dssr,ROOT_PROCESSED,1.054125,0.000000,1,7575.000000,7575.000000
pricing-n020-set03-m2-random-base-n1-wwide-time_indexed,FINISHED,2.749415,0.000000,5,7575.000000,7575.000000
pricing-n020-set03-m2-random-base-n1-wwide-time_indexed_sri,ROOT_PROCESSED,0.886217,0.000000,1,7575.000000,7575.000000
pricing-n020-set03-m3-random-base-n1-wwide-ng_dssr,FINISHED,1.346709,0.000000,5,5037.000000,5037.000000
pricing-n020-set03-m3-random-base-n1-wwide-time_indexed,FINISHED,2.141830,0.000000,6,5037.000000,5037.000000
pricing-n020-set03-m3-random-base-n1-wwide-time_indexed_sri,ROOT_PROCESSED,0.673603,0.000000,1,5037.000000,5037.000000
pricing-n020-set03-m4-random-base-n1-wwide-ng_dssr,FINISHED,1.107420,0.000000,7,4723.000000,4723.000000
pricing-n020-set03-m4-random-base-n1-wwide-time_indexed,FINISHED,0.737161,0.000000,5,4723.000000,4723.000000
pricing-n020-set03-m4-random-base-n1-wwide-time_indexed_sri,FINISHED,0.923855,0.000000,3,4723.000000,4723.000000
pricing-n020-set03-m2-random-medium-n10-wzero-ng_dssr,ROOT_PROCESSED,2.984575,0.000000,1,214499.000000,214499.000000
pricing-n020-set03-m2-random-medium-n10-wzero-time_indexed,FINISHED,4.709714,0.000000,3,214499.000000,214499.000000
pricing-n020-set03-m2-random-medium-n10-wzero-time_indexed_sri,ROOT_PROCESSED,2.810367,0.000000,1,214499.000000,214499.000000
pricing-n020-set03-m3-random-medium-n10-wzero-ng_dssr,FINISHED,2.015121,0.000000,3,154421.000000,154421.000000
pricing-n020-set03-m3-random-medium-n10-wzero-time_indexed,FINISHED,2.270154,0.000000,5,154421.000000,154421.000000
pricing-n020-set03-m3-random-medium-n10-wzero-time_indexed_sri,ROOT_PROCESSED,1.630974,0.000000,1,154421.000000,154421.000000
pricing-n020-set03-m4-random-medium-n10-wzero-ng_dssr,FINISHED,2.628265,0.000000,8,126911.000000,126911.000000
pricing-n020-set03-m4-random-medium-n10-wzero-time_indexed,FINISHED,2.050177,0.000000,6,126911.000000,126911.000000
pricing-n020-set03-m4-random-medium-n10-wzero-time_indexed_sri,FINISHED,2.519260,0.000000,3,126911.000000,126911.000000
pricing-n020-set03-m2-random-medium-n10-wnarrow-ng_dssr,ROOT_PROCESSED,2.556872,0.000000,1,140399.000000,140399.000000
pricing-n020-set03-m2-random-medium-n10-wnarrow-time_indexed,FINISHED,3.609815,0.000000,2,140399.000000,140399.000000
pricing-n020-set03-m2-random-medium-n10-wnarrow-time_indexed_sri,ROOT_PROCESSED,2.256809,0.000000,1,140399.000000,140399.000000
pricing-n020-set03-m3-random-medium-n10-wnarrow-ng_dssr,FINISHED,2.541062,0.000000,6,91611.000000,91611.000000
pricing-n020-set03-m3-random-medium-n10-wnarrow-time_indexed,FINISHED,1.885938,0.000000,4,91611.000000,91611.000000
pricing-n020-set03-m3-random-medium-n10-wnarrow-time_indexed_sri,ROOT_PROCESSED,1.466879,0.000000,1,91611.000000,91611.000000
pricing-n020-set03-m4-random-medium-n10-wnarrow-ng_dssr,FINISHED,1.590901,0.000000,3,69921.000000,69921.000000
pricing-n020-set03-m4-random-medium-n10-wnarrow-time_indexed,FINISHED,1.210425,0.000000,3,69921.000000,69921.000000
pricing-n020-set03-m4-random-medium-n10-wnarrow-time_indexed_sri,ROOT_PROCESSED,1.014449,0.000000,1,69921.000000,69921.000000
pricing-n020-set03-m2-random-medium-n10-wwide-ng_dssr,FINISHED,3.139975,0.000000,3,65575.000000,65575.000000
pricing-n020-set03-m2-random-medium-n10-wwide-time_indexed,FINISHED,4.728587,0.000000,5,65575.000000,65575.000000
pricing-n020-set03-m2-random-medium-n10-wwide-time_indexed_sri,ROOT_PROCESSED,3.043782,0.000000,1,65575.000000,65575.000000
pricing-n020-set03-m3-random-medium-n10-wwide-ng_dssr,FINISHED,2.676707,0.000000,5,47609.000000,47609.000000
pricing-n020-set03-m3-random-medium-n10-wwide-time_indexed,FINISHED,2.277998,0.000000,5,47609.000000,47609.000000
pricing-n020-set03-m3-random-medium-n10-wwide-time_indexed_sri,ROOT_PROCESSED,2.010486,0.000000,1,47609.000000,47609.000000
pricing-n020-set03-m4-random-medium-n10-wwide-ng_dssr,FINISHED,2.202682,0.000000,5,45380.000000,45380.000000
pricing-n020-set03-m4-random-medium-n10-wwide-time_indexed,FINISHED,1.772841,0.000000,5,45380.000000,45380.000000
pricing-n020-set03-m4-random-medium-n10-wwide-time_indexed_sri,ROOT_PROCESSED,1.562634,0.000000,1,45380.000000,45380.000000
pricing-n020-set03-m2-random-high-n20-wzero-ng_dssr,ROOT_PROCESSED,6.123696,0.000000,1,561150.000000,561150.000000
pricing-n020-set03-m2-random-high-n20-wzero-time_indexed,FINISHED,8.773531,0.000000,4,561150.000000,561150.000000
pricing-n020-set03-m2-random-high-n20-wzero-time_indexed_sri,ROOT_PROCESSED,6.855417,0.000000,1,561150.000000,561150.000000
pricing-n020-set03-m3-random-high-n20-wzero-ng_dssr,FINISHED,4.879094,0.000000,6,402528.000000,402528.000000
pricing-n020-set03-m3-random-high-n20-wzero-time_indexed,FINISHED,4.487615,0.000000,6,402528.000000,402528.000000
pricing-n020-set03-m3-random-high-n20-wzero-time_indexed_sri,ROOT_PROCESSED,3.674201,0.000000,1,402528.000000,402528.000000
pricing-n020-set03-m4-random-high-n20-wzero-ng_dssr,ROOT_PROCESSED,1.000178,0.000000,1,317215.000000,317215.000000
pricing-n020-set03-m4-random-high-n20-wzero-time_indexed,ROOT_PROCESSED,0.656439,0.000000,1,317215.000000,317215.000000
pricing-n020-set03-m4-random-high-n20-wzero-time_indexed_sri,ROOT_PROCESSED,0.636931,0.000000,1,317215.000000,317215.000000
pricing-n020-set03-m2-random-high-n20-wnarrow-ng_dssr,FINISHED,8.880017,0.000000,9,391639.000000,391639.000000
pricing-n020-set03-m2-random-high-n20-wnarrow-time_indexed,FINISHED,11.881086,0.000000,9,391639.000000,391639.000000
pricing-n020-set03-m2-random-high-n20-wnarrow-time_indexed_sri,ROOT_PROCESSED,8.922868,0.000000,1,391639.000000,391639.000000
pricing-n020-set03-m3-random-high-n20-wnarrow-ng_dssr,FINISHED,3.559458,0.000000,3,243234.000000,243234.000000
pricing-n020-set03-m3-random-high-n20-wnarrow-time_indexed,FINISHED,4.145141,0.000000,5,243234.000000,243234.000000
pricing-n020-set03-m3-random-high-n20-wnarrow-time_indexed_sri,ROOT_PROCESSED,2.589379,0.000000,1,243234.000000,243234.000000
pricing-n020-set03-m4-random-high-n20-wnarrow-ng_dssr,ROOT_PROCESSED,0.946280,0.000000,1,173949.000000,173949.000000
pricing-n020-set03-m4-random-high-n20-wnarrow-time_indexed,ROOT_PROCESSED,0.606459,0.000000,1,173949.000000,173949.000000
pricing-n020-set03-m4-random-high-n20-wnarrow-time_indexed_sri,ROOT_PROCESSED,0.659254,0.000000,1,173949.000000,173949.000000
pricing-n020-set03-m2-random-high-n20-wwide-ng_dssr,FINISHED,7.132436,0.000000,7,184329.000000,184329.000000
pricing-n020-set03-m2-random-high-n20-wwide-time_indexed,FINISHED,8.226531,0.000000,7,184329.000000,184329.000000
pricing-n020-set03-m2-random-high-n20-wwide-time_indexed_sri,ROOT_PROCESSED,7.436636,0.000000,1,184329.000000,184329.000000
pricing-n020-set03-m3-random-high-n20-wwide-ng_dssr,ROOT_PROCESSED,2.635109,0.000000,1,113389.000000,113389.000000
pricing-n020-set03-m3-random-high-n20-wwide-time_indexed,FINISHED,2.643097,0.000000,3,113389.000000,113389.000000
pricing-n020-set03-m3-random-high-n20-wwide-time_indexed_sri,ROOT_PROCESSED,2.462465,0.000000,1,113389.000000,113389.000000
pricing-n020-set03-m4-random-high-n20-wwide-ng_dssr,ROOT_PROCESSED,0.930680,0.000000,1,101220.000000,101220.000000
pricing-n020-set03-m4-random-high-n20-wwide-time_indexed,ROOT_PROCESSED,0.623475,0.000000,1,101220.000000,101220.000000
pricing-n020-set03-m4-random-high-n20-wwide-time_indexed_sri,ROOT_PROCESSED,0.698393,0.000000,1,101220.000000,101220.000000
pricing-n020-set03-m2-family-base-n1-wzero-ng_dssr,ROOT_PROCESSED,2.074602,0.000000,1,19174.000000,19174.000000
pricing-n020-set03-m2-family-base-n1-wzero-time_indexed,FINISHED,437.037654,0.000000,1470,19174.000000,19174.000000
pricing-n020-set03-m2-family-base-n1-wzero-time_indexed_sri,ROOT_PROCESSED,25.388030,0.000000,1,19174.000000,19174.000000
pricing-n020-set03-m3-family-base-n1-wzero-ng_dssr,ROOT_PROCESSED,0.769021,0.000000,1,11139.000000,11139.000000
pricing-n020-set03-m3-family-base-n1-wzero-time_indexed,ROOT_PROCESSED,0.369554,0.000000,1,11139.000000,11139.000000
pricing-n020-set03-m3-family-base-n1-wzero-time_indexed_sri,ROOT_PROCESSED,0.369096,0.000000,1,11139.000000,11139.000000
pricing-n020-set03-m4-family-base-n1-wzero-ng_dssr,FINISHED,7.518677,0.000000,115,8932.000000,8932.000000
pricing-n020-set03-m4-family-base-n1-wzero-time_indexed,FINISHED,14.574551,0.000000,202,8932.000000,8932.000000
pricing-n020-set03-m4-family-base-n1-wzero-time_indexed_sri,ROOT_PROCESSED,2.240583,0.000000,1,8932.000000,8932.000000
pricing-n020-set03-m2-family-base-n1-wnarrow-ng_dssr,ROOT_PROCESSED,1.430606,0.000000,1,12337.000000,12337.000000
pricing-n020-set03-m2-family-base-n1-wnarrow-time_indexed,FINISHED,2809.679698,0.000000,11885,12337.000000,12337.000000
pricing-n020-set03-m2-family-base-n1-wnarrow-time_indexed_sri,ROOT_PROCESSED,222.560104,0.000000,1,12337.000000,12337.000000
pricing-n020-set03-m3-family-base-n1-wnarrow-ng_dssr,ROOT_PROCESSED,0.819988,0.000000,1,5528.000000,5528.000000
pricing-n020-set03-m3-family-base-n1-wnarrow-time_indexed,FINISHED,1.428973,0.000000,5,5528.000000,5528.000000
pricing-n020-set03-m3-family-base-n1-wnarrow-time_indexed_sri,ROOT_PROCESSED,0.977396,0.000000,1,5528.000000,5528.000000
pricing-n020-set03-m4-family-base-n1-wnarrow-ng_dssr,FINISHED,24.807632,0.000000,428,3947.000000,3947.000000
pricing-n020-set03-m4-family-base-n1-wnarrow-time_indexed,FINISHED,256.330503,0.000000,4242,3947.000000,3947.000000
pricing-n020-set03-m4-family-base-n1-wnarrow-time_indexed_sri,ROOT_PROCESSED,5.889573,0.000000,1,3947.000000,3947.000000
pricing-n020-set03-m2-family-base-n1-wwide-ng_dssr,ROOT_PROCESSED,2.352644,0.000000,1,4400.000000,4400.000000
pricing-n020-set03-m2-family-base-n1-wwide-time_indexed,FINISHED,6868.989280,0.000000,35589,4400.000000,4400.000000
pricing-n020-set03-m2-family-base-n1-wwide-time_indexed_sri,ROOT_PROCESSED,1344.637989,0.000000,1,4400.000000,4400.000000
pricing-n020-set03-m3-family-base-n1-wwide-ng_dssr,ROOT_PROCESSED,0.894417,0.000000,1,2045.000000,2045.000000
pricing-n020-set03-m3-family-base-n1-wwide-time_indexed,FINISHED,33.573510,0.000000,222,2045.000000,2045.000000
pricing-n020-set03-m3-family-base-n1-wwide-time_indexed_sri,ROOT_PROCESSED,2.034954,0.000000,1,2045.000000,2045.000000
pricing-n020-set03-m4-family-base-n1-wwide-ng_dssr,FINISHED,8.105695,0.000000,150,1911.000000,1911.000000
pricing-n020-set03-m4-family-base-n1-wwide-time_indexed,FINISHED,20.295656,0.000000,309,1911.000000,1911.000000
pricing-n020-set03-m4-family-base-n1-wwide-time_indexed_sri,FINISHED,3.315549,0.000000,5,1911.000000,1911.000000
pricing-n020-set03-m2-family-medium-n10-wzero-ng_dssr,ROOT_PROCESSED,2.688875,0.000000,1,161475.000000,161475.000000
pricing-n020-set03-m2-family-medium-n10-wzero-time_indexed,FINISHED,6874.629973,0.000000,6285,161475.000000,161475.000000
pricing-n020-set03-m2-family-medium-n10-wzero-time_indexed_sri,ROOT_PROCESSED,578.025754,0.000000,1,161475.000000,161475.000000
pricing-n020-set03-m3-family-medium-n10-wzero-ng_dssr,ROOT_PROCESSED,1.147720,0.000000,1,90353.000000,90353.000000
pricing-n020-set03-m3-family-medium-n10-wzero-time_indexed,ROOT_PROCESSED,0.827501,0.000000,1,90353.000000,90353.000000
pricing-n020-set03-m3-family-medium-n10-wzero-time_indexed_sri,ROOT_PROCESSED,0.803994,0.000000,1,90353.000000,90353.000000
pricing-n020-set03-m4-family-medium-n10-wzero-ng_dssr,FINISHED,10.084003,0.000000,47,73713.000000,73713.000000
pricing-n020-set03-m4-family-medium-n10-wzero-time_indexed,FINISHED,18.858837,0.000000,75,73713.000000,73713.000000
pricing-n020-set03-m4-family-medium-n10-wzero-time_indexed_sri,ROOT_PROCESSED,5.798205,0.000000,1,73713.000000,73713.000000
pricing-n020-set03-m2-family-medium-n10-wnarrow-ng_dssr,ROOT_PROCESSED,3.503574,0.000000,1,95477.000000,95477.000000
pricing-n020-set03-m2-family-medium-n10-wnarrow-time_indexed,TIME_LIMIT,10800.041492,3.992585,9875,95477.000000,91665.000000
pricing-n020-set03-m2-family-medium-n10-wnarrow-time_indexed_sri,ROOT_PROCESSED,288.962984,0.000000,1,95477.000000,95477.000000
pricing-n020-set03-m3-family-medium-n10-wnarrow-ng_dssr,ROOT_PROCESSED,1.690860,0.000000,1,41734.000000,41734.000000
pricing-n020-set03-m3-family-medium-n10-wnarrow-time_indexed,FINISHED,3.905782,0.000000,10,41734.000000,41734.000000
pricing-n020-set03-m3-family-medium-n10-wnarrow-time_indexed_sri,ROOT_PROCESSED,1.692885,0.000000,1,41734.000000,41734.000000
pricing-n020-set03-m4-family-medium-n10-wnarrow-ng_dssr,FINISHED,79.666947,0.000000,579,32402.000000,32402.000000
pricing-n020-set03-m4-family-medium-n10-wnarrow-time_indexed,FINISHED,817.989404,0.000000,4599,32402.000000,32402.000000
pricing-n020-set03-m4-family-medium-n10-wnarrow-time_indexed_sri,FINISHED,120.100513,0.000000,3,32402.000000,32402.000000
pricing-n020-set03-m2-family-medium-n10-wwide-ng_dssr,FINISHED,11.755941,0.000000,7,37579.000000,37579.000000
pricing-n020-set03-m2-family-medium-n10-wwide-time_indexed,TIME_LIMIT,10800.179752,16.041936,8936,37579.000000,31550.600823
pricing-n020-set03-m2-family-medium-n10-wwide-time_indexed_sri,TIME_LIMIT,10803.119263,20.809961,1,37579.000000,29758.824647
pricing-n020-set03-m3-family-medium-n10-wwide-ng_dssr,ROOT_PROCESSED,1.720518,0.000000,1,18720.000000,18720.000000
pricing-n020-set03-m3-family-medium-n10-wwide-time_indexed,FINISHED,10.892406,0.000000,31,18720.000000,18720.000000
pricing-n020-set03-m3-family-medium-n10-wwide-time_indexed_sri,ROOT_PROCESSED,4.337953,0.000000,1,18720.000000,18720.000000
pricing-n020-set03-m4-family-medium-n10-wwide-ng_dssr,ROOT_PROCESSED,1.462603,0.000000,1,17800.000000,17800.000000
pricing-n020-set03-m4-family-medium-n10-wwide-time_indexed,FINISHED,2.593165,0.000000,6,17800.000000,17800.000000
pricing-n020-set03-m4-family-medium-n10-wwide-time_indexed_sri,ROOT_PROCESSED,2.329250,0.000000,1,17800.000000,17800.000000
pricing-n020-set03-m2-family-high-n20-wzero-ng_dssr,ROOT_PROCESSED,5.505576,0.000000,1,422231.000000,422231.000000
pricing-n020-set03-m2-family-high-n20-wzero-time_indexed,FINISHED,5656.623272,0.000000,2268,422231.000000,422231.000000
pricing-n020-set03-m2-family-high-n20-wzero-time_indexed_sri,ROOT_PROCESSED,2035.244001,0.000000,1,422231.000000,422231.000000
pricing-n020-set03-m3-family-high-n20-wzero-ng_dssr,ROOT_PROCESSED,1.678495,0.000000,1,248173.000000,248173.000000
pricing-n020-set03-m3-family-high-n20-wzero-time_indexed,ROOT_PROCESSED,1.107125,0.000000,1,248173.000000,248173.000000
pricing-n020-set03-m3-family-high-n20-wzero-time_indexed_sri,ROOT_PROCESSED,1.082488,0.000000,1,248173.000000,248173.000000
pricing-n020-set03-m4-family-high-n20-wzero-ng_dssr,FINISHED,13.023966,0.000000,41,196106.000000,196106.000000
pricing-n020-set03-m4-family-high-n20-wzero-time_indexed,FINISHED,28.304841,0.000000,56,196106.000000,196106.000000
pricing-n020-set03-m4-family-high-n20-wzero-time_indexed_sri,ROOT_PROCESSED,19.661647,0.000000,1,196106.000000,196106.000000
pricing-n020-set03-m2-family-high-n20-wnarrow-ng_dssr,ROOT_PROCESSED,5.607782,0.000000,1,274850.000000,274850.000000
pricing-n020-set03-m2-family-high-n20-wnarrow-time_indexed,TIME_LIMIT,10800.033444,7.375174,2498,274850.000000,254579.333333
pricing-n020-set03-m2-family-high-n20-wnarrow-time_indexed_sri,ROOT_PROCESSED,2044.042394,0.000000,1,274850.000000,274850.000000
pricing-n020-set03-m3-family-high-n20-wnarrow-ng_dssr,ROOT_PROCESSED,2.096776,0.000000,1,122142.000000,122142.000000
pricing-n020-set03-m3-family-high-n20-wnarrow-time_indexed,FINISHED,2.481672,0.000000,2,122142.000000,122142.000000
pricing-n020-set03-m3-family-high-n20-wnarrow-time_indexed_sri,ROOT_PROCESSED,1.892842,0.000000,1,122142.000000,122142.000000
pricing-n020-set03-m4-family-high-n20-wnarrow-ng_dssr,FINISHED,307.128363,0.000000,1078,90134.000000,90134.000000
pricing-n020-set03-m4-family-high-n20-wnarrow-time_indexed,FINISHED,781.190655,0.000000,1999,90134.000000,90134.000000
pricing-n020-set03-m4-family-high-n20-wnarrow-time_indexed_sri,ROOT_PROCESSED,326.298696,0.000000,1,90134.000000,90134.000000
pricing-n020-set03-m2-family-high-n20-wwide-ng_dssr,ROOT_PROCESSED,5.806110,0.000000,1,106443.000000,106443.000000
pricing-n020-set03-m2-family-high-n20-wwide-time_indexed,TIME_LIMIT,10800.032343,12.898587,4494,106443.000000,92713.356643
pricing-n020-set03-m2-family-high-n20-wwide-time_indexed_sri,TIME_LIMIT,10800.150531,10.739623,1,106443.000000,95011.422960
pricing-n020-set03-m3-family-high-n20-wwide-ng_dssr,ROOT_PROCESSED,2.544070,0.000000,1,45050.000000,45050.000000
pricing-n020-set03-m3-family-high-n20-wwide-time_indexed,FINISHED,41.479316,0.000000,99,45050.000000,45050.000000
pricing-n020-set03-m3-family-high-n20-wwide-time_indexed_sri,ROOT_PROCESSED,17.338627,0.000000,1,45050.000000,45050.000000
pricing-n020-set03-m4-family-high-n20-wwide-ng_dssr,FINISHED,123.760921,0.000000,511,41751.000000,41751.000000
pricing-n020-set03-m4-family-high-n20-wwide-time_indexed,FINISHED,381.692044,0.000000,1594,41751.000000,41751.000000
pricing-n020-set03-m4-family-high-n20-wwide-time_indexed_sri,FINISHED,83.581488,0.000000,5,41751.000000,41751.000000
pricing-n020-set04-m2-random-base-n1-wzero-ng_dssr,ROOT_PROCESSED,0.999912,0.000000,1,15263.000000,15263.000000
pricing-n020-set04-m2-random-base-n1-wzero-time_indexed,FINISHED,2.122115,0.000000,3,15263.000000,15263.000000
pricing-n020-set04-m2-random-base-n1-wzero-time_indexed_sri,ROOT_PROCESSED,0.847733,0.000000,1,15263.000000,15263.000000
pricing-n020-set04-m3-random-base-n1-wzero-ng_dssr,FINISHED,1.242008,0.000000,6,11399.000000,11399.000000
pricing-n020-set04-m3-random-base-n1-wzero-time_indexed,FINISHED,1.763100,0.000000,6,11399.000000,11399.000000
pricing-n020-set04-m3-random-base-n1-wzero-time_indexed_sri,ROOT_PROCESSED,0.726581,0.000000,1,11399.000000,11399.000000
pricing-n020-set04-m4-random-base-n1-wzero-ng_dssr,ROOT_PROCESSED,0.580538,0.000000,1,9334.000000,9334.000000
pricing-n020-set04-m4-random-base-n1-wzero-time_indexed,ROOT_PROCESSED,0.243801,0.000000,1,9334.000000,9334.000000
pricing-n020-set04-m4-random-base-n1-wzero-time_indexed_sri,ROOT_PROCESSED,0.243746,0.000000,1,9334.000000,9334.000000
pricing-n020-set04-m2-random-base-n1-wnarrow-ng_dssr,FINISHED,1.330977,0.000000,3,9046.000000,9046.000000
pricing-n020-set04-m2-random-base-n1-wnarrow-time_indexed,FINISHED,2.460312,0.000000,3,9046.000000,9046.000000
pricing-n020-set04-m2-random-base-n1-wnarrow-time_indexed_sri,ROOT_PROCESSED,0.928722,0.000000,1,9046.000000,9046.000000
pricing-n020-set04-m3-random-base-n1-wnarrow-ng_dssr,FINISHED,1.797729,0.000000,12,6152.000000,6152.000000
pricing-n020-set04-m3-random-base-n1-wnarrow-time_indexed,FINISHED,4.394737,0.000000,12,6152.000000,6152.000000
pricing-n020-set04-m3-random-base-n1-wnarrow-time_indexed_sri,FINISHED,2.615926,0.000000,3,6152.000000,6152.000000
pricing-n020-set04-m4-random-base-n1-wnarrow-ng_dssr,FINISHED,1.411688,0.000000,15,4997.000000,4997.000000
pricing-n020-set04-m4-random-base-n1-wnarrow-time_indexed,FINISHED,1.051109,0.000000,8,4997.000000,4997.000000
pricing-n020-set04-m4-random-base-n1-wnarrow-time_indexed_sri,ROOT_PROCESSED,0.527718,0.000000,1,4997.000000,4997.000000
pricing-n020-set04-m2-random-base-n1-wwide-ng_dssr,FINISHED,2.989329,0.000000,9,4864.000000,4864.000000
pricing-n020-set04-m2-random-base-n1-wwide-time_indexed,FINISHED,8.597114,0.000000,19,4864.000000,4864.000000
pricing-n020-set04-m2-random-base-n1-wwide-time_indexed_sri,ROOT_PROCESSED,2.227252,0.000000,1,4864.000000,4864.000000
pricing-n020-set04-m3-random-base-n1-wwide-ng_dssr,FINISHED,1.177820,0.000000,5,4120.000000,4120.000000
pricing-n020-set04-m3-random-base-n1-wwide-time_indexed,FINISHED,1.327871,0.000000,7,4120.000000,4120.000000
pricing-n020-set04-m3-random-base-n1-wwide-time_indexed_sri,ROOT_PROCESSED,0.637378,0.000000,1,4120.000000,4120.000000
pricing-n020-set04-m4-random-base-n1-wwide-ng_dssr,FINISHED,1.588301,0.000000,5,4120.000000,4120.000000
pricing-n020-set04-m4-random-base-n1-wwide-time_indexed,FINISHED,2.287583,0.000000,13,4120.000000,4120.000000
pricing-n020-set04-m4-random-base-n1-wwide-time_indexed_sri,ROOT_PROCESSED,0.742829,0.000000,1,4120.000000,4120.000000
pricing-n020-set04-m2-random-medium-n10-wzero-ng_dssr,ROOT_PROCESSED,1.888856,0.000000,1,134395.000000,134395.000000
pricing-n020-set04-m2-random-medium-n10-wzero-time_indexed,FINISHED,2.523009,0.000000,3,134395.000000,134395.000000
pricing-n020-set04-m2-random-medium-n10-wzero-time_indexed_sri,ROOT_PROCESSED,1.643739,0.000000,1,134395.000000,134395.000000
pricing-n020-set04-m3-random-medium-n10-wzero-ng_dssr,FINISHED,2.378939,0.000000,9,101555.000000,101555.000000
pricing-n020-set04-m3-random-medium-n10-wzero-time_indexed,FINISHED,2.779225,0.000000,5,101555.000000,101555.000000
pricing-n020-set04-m3-random-medium-n10-wzero-time_indexed_sri,FINISHED,3.198221,0.000000,3,101555.000000,101555.000000
pricing-n020-set04-m4-random-medium-n10-wzero-ng_dssr,ROOT_PROCESSED,0.789050,0.000000,1,87442.000000,87442.000000
pricing-n020-set04-m4-random-medium-n10-wzero-time_indexed,ROOT_PROCESSED,0.455932,0.000000,1,87442.000000,87442.000000
pricing-n020-set04-m4-random-medium-n10-wzero-time_indexed_sri,ROOT_PROCESSED,0.489136,0.000000,1,87442.000000,87442.000000
pricing-n020-set04-m2-random-medium-n10-wnarrow-ng_dssr,FINISHED,5.054062,0.000000,11,78421.000000,78421.000000
pricing-n020-set04-m2-random-medium-n10-wnarrow-time_indexed,FINISHED,5.003551,0.000000,10,78421.000000,78421.000000
pricing-n020-set04-m2-random-medium-n10-wnarrow-time_indexed_sri,ROOT_PROCESSED,4.341971,0.000000,1,78421.000000,78421.000000
pricing-n020-set04-m3-random-medium-n10-wnarrow-ng_dssr,FINISHED,4.841658,0.000000,17,55559.000000,55559.000000
pricing-n020-set04-m3-random-medium-n10-wnarrow-time_indexed,FINISHED,4.866556,0.000000,24,55559.000000,55559.000000
pricing-n020-set04-m3-random-medium-n10-wnarrow-time_indexed_sri,FINISHED,5.868311,0.000000,3,55559.000000,55559.000000
pricing-n020-set04-m4-random-medium-n10-wnarrow-ng_dssr,FINISHED,6.017879,0.000000,33,47034.000000,47034.000000
pricing-n020-set04-m4-random-medium-n10-wnarrow-time_indexed,FINISHED,3.795011,0.000000,21,47034.000000,47034.000000
pricing-n020-set04-m4-random-medium-n10-wnarrow-time_indexed_sri,FINISHED,6.017722,0.000000,9,47034.000000,47034.000000
pricing-n020-set04-m2-random-medium-n10-wwide-ng_dssr,ROOT_PROCESSED,2.348934,0.000000,1,43958.000000,43958.000000
pricing-n020-set04-m2-random-medium-n10-wwide-time_indexed,FINISHED,3.191436,0.000000,3,43958.000000,43958.000000
pricing-n020-set04-m2-random-medium-n10-wwide-time_indexed_sri,ROOT_PROCESSED,2.344382,0.000000,1,43958.000000,43958.000000
pricing-n020-set04-m3-random-medium-n10-wwide-ng_dssr,FINISHED,1.964477,0.000000,3,39920.000000,39920.000000
pricing-n020-set04-m3-random-medium-n10-wwide-time_indexed,FINISHED,2.678485,0.000000,9,39920.000000,39920.000000
pricing-n020-set04-m3-random-medium-n10-wwide-time_indexed_sri,ROOT_PROCESSED,2.152313,0.000000,1,39920.000000,39920.000000
pricing-n020-set04-m4-random-medium-n10-wwide-ng_dssr,FINISHED,2.881447,0.000000,3,39920.000000,39920.000000
pricing-n020-set04-m4-random-medium-n10-wwide-time_indexed,FINISHED,3.362431,0.000000,13,39920.000000,39920.000000
pricing-n020-set04-m4-random-medium-n10-wwide-time_indexed_sri,ROOT_PROCESSED,2.202272,0.000000,1,39920.000000,39920.000000
pricing-n020-set04-m2-random-high-n20-wzero-ng_dssr,FINISHED,5.034260,0.000000,8,306747.000000,306747.000000
pricing-n020-set04-m2-random-high-n20-wzero-time_indexed,FINISHED,4.620377,0.000000,5,306747.000000,306747.000000
pricing-n020-set04-m2-random-high-n20-wzero-time_indexed_sri,ROOT_PROCESSED,4.089530,0.000000,1,306747.000000,306747.000000
pricing-n020-set04-m3-random-high-n20-wzero-ng_dssr,ROOT_PROCESSED,1.321363,0.000000,1,227891.000000,227891.000000
pricing-n020-set04-m3-random-high-n20-wzero-time_indexed,ROOT_PROCESSED,1.052098,0.000000,1,227891.000000,227891.000000
pricing-n020-set04-m3-random-high-n20-wzero-time_indexed_sri,ROOT_PROCESSED,0.966568,0.000000,1,227891.000000,227891.000000
pricing-n020-set04-m4-random-high-n20-wzero-ng_dssr,FINISHED,2.490220,0.000000,2,190023.000000,190023.000000
pricing-n020-set04-m4-random-high-n20-wzero-time_indexed,FINISHED,1.984965,0.000000,4,190023.000000,190023.000000
pricing-n020-set04-m4-random-high-n20-wzero-time_indexed_sri,ROOT_PROCESSED,1.477321,0.000000,1,190023.000000,190023.000000
pricing-n020-set04-m2-random-high-n20-wnarrow-ng_dssr,FINISHED,6.299253,0.000000,3,180078.000000,180078.000000
pricing-n020-set04-m2-random-high-n20-wnarrow-time_indexed,FINISHED,6.117960,0.000000,4,180078.000000,180078.000000
pricing-n020-set04-m2-random-high-n20-wnarrow-time_indexed_sri,ROOT_PROCESSED,4.874171,0.000000,1,180078.000000,180078.000000
pricing-n020-set04-m3-random-high-n20-wnarrow-ng_dssr,FINISHED,8.451088,0.000000,24,122374.000000,122374.000000
pricing-n020-set04-m3-random-high-n20-wnarrow-time_indexed,FINISHED,5.457659,0.000000,14,122374.000000,122374.000000
pricing-n020-set04-m3-random-high-n20-wnarrow-time_indexed_sri,FINISHED,8.925878,0.000000,3,122374.000000,122374.000000
pricing-n020-set04-m4-random-high-n20-wnarrow-ng_dssr,ROOT_PROCESSED,1.870154,0.000000,1,102978.000000,102978.000000
pricing-n020-set04-m4-random-high-n20-wnarrow-time_indexed,FINISHED,2.540937,0.000000,7,102978.000000,102978.000000
pricing-n020-set04-m4-random-high-n20-wnarrow-time_indexed_sri,ROOT_PROCESSED,1.928431,0.000000,1,102978.000000,102978.000000
pricing-n020-set04-m2-random-high-n20-wwide-ng_dssr,FINISHED,6.403454,0.000000,9,98469.000000,98469.000000
pricing-n020-set04-m2-random-high-n20-wwide-time_indexed,FINISHED,8.998696,0.000000,13,98469.000000,98469.000000
pricing-n020-set04-m2-random-high-n20-wwide-time_indexed_sri,ROOT_PROCESSED,12.524058,0.000000,1,98469.000000,98469.000000
pricing-n020-set04-m3-random-high-n20-wwide-ng_dssr,ROOT_PROCESSED,2.829191,0.000000,1,82800.000000,82800.000000
pricing-n020-set04-m3-random-high-n20-wwide-time_indexed,FINISHED,3.571556,0.000000,5,82800.000000,82800.000000
pricing-n020-set04-m3-random-high-n20-wwide-time_indexed_sri,ROOT_PROCESSED,2.669010,0.000000,1,82800.000000,82800.000000
pricing-n020-set04-m4-random-high-n20-wwide-ng_dssr,ROOT_PROCESSED,2.014364,0.000000,1,82800.000000,82800.000000
pricing-n020-set04-m4-random-high-n20-wwide-time_indexed,FINISHED,2.273405,0.000000,5,82800.000000,82800.000000
pricing-n020-set04-m4-random-high-n20-wwide-time_indexed_sri,ROOT_PROCESSED,2.002451,0.000000,1,82800.000000,82800.000000
pricing-n020-set04-m2-family-base-n1-wzero-ng_dssr,ROOT_PROCESSED,1.915610,0.000000,1,11731.000000,11731.000000
pricing-n020-set04-m2-family-base-n1-wzero-time_indexed,FINISHED,1823.725753,0.000000,7212,11731.000000,11731.000000
pricing-n020-set04-m2-family-base-n1-wzero-time_indexed_sri,ROOT_PROCESSED,22.662694,0.000000,1,11731.000000,11731.000000
pricing-n020-set04-m3-family-base-n1-wzero-ng_dssr,ROOT_PROCESSED,0.731171,0.000000,1,6011.000000,6011.000000
pricing-n020-set04-m3-family-base-n1-wzero-time_indexed,ROOT_PROCESSED,0.306350,0.000000,1,6011.000000,6011.000000
pricing-n020-set04-m3-family-base-n1-wzero-time_indexed_sri,ROOT_PROCESSED,0.298392,0.000000,1,6011.000000,6011.000000
pricing-n020-set04-m4-family-base-n1-wzero-ng_dssr,FINISHED,2.052137,0.000000,23,4890.000000,4890.000000
pricing-n020-set04-m4-family-base-n1-wzero-time_indexed,FINISHED,6.222517,0.000000,100,4890.000000,4890.000000
pricing-n020-set04-m4-family-base-n1-wzero-time_indexed_sri,ROOT_PROCESSED,1.206628,0.000000,1,4890.000000,4890.000000
pricing-n020-set04-m2-family-base-n1-wnarrow-ng_dssr,ROOT_PROCESSED,1.651406,0.000000,1,5938.000000,5938.000000
pricing-n020-set04-m2-family-base-n1-wnarrow-time_indexed,FINISHED,2362.069080,0.000000,9009,5938.000000,5938.000000
pricing-n020-set04-m2-family-base-n1-wnarrow-time_indexed_sri,ROOT_PROCESSED,20.159747,0.000000,1,5938.000000,5938.000000
pricing-n020-set04-m3-family-base-n1-wnarrow-ng_dssr,ROOT_PROCESSED,0.813059,0.000000,1,2383.000000,2383.000000
pricing-n020-set04-m3-family-base-n1-wnarrow-time_indexed,FINISHED,0.632774,0.000000,3,2383.000000,2383.000000
pricing-n020-set04-m3-family-base-n1-wnarrow-time_indexed_sri,ROOT_PROCESSED,0.620575,0.000000,1,2383.000000,2383.000000
pricing-n020-set04-m4-family-base-n1-wnarrow-ng_dssr,FINISHED,15.739815,0.000000,305,2029.000000,2029.000000
pricing-n020-set04-m4-family-base-n1-wnarrow-time_indexed,FINISHED,79.977050,0.000000,858,2029.000000,2029.000000
pricing-n020-set04-m4-family-base-n1-wnarrow-time_indexed_sri,FINISHED,4.379350,0.000000,3,2029.000000,2029.000000
pricing-n020-set04-m2-family-base-n1-wwide-ng_dssr,ROOT_PROCESSED,3.669522,0.000000,1,2562.000000,2562.000000
pricing-n020-set04-m2-family-base-n1-wwide-time_indexed,TIME_LIMIT,10800.043824,13.291862,27438,2562.000000,2221.462500
pricing-n020-set04-m2-family-base-n1-wwide-time_indexed_sri,TIME_LIMIT,10803.549060,9.290853,1,2562.000000,2323.968333
pricing-n020-set04-m3-family-base-n1-wwide-ng_dssr,ROOT_PROCESSED,0.821679,0.000000,1,1600.000000,1600.000000
pricing-n020-set04-m3-family-base-n1-wwide-time_indexed,FINISHED,4.211039,0.000000,27,1600.000000,1600.000000
pricing-n020-set04-m3-family-base-n1-wwide-time_indexed_sri,ROOT_PROCESSED,1.190784,0.000000,1,1600.000000,1600.000000
pricing-n020-set04-m4-family-base-n1-wwide-ng_dssr,ROOT_PROCESSED,0.748059,0.000000,1,1580.000000,1580.000000
pricing-n020-set04-m4-family-base-n1-wwide-time_indexed,FINISHED,2.091711,0.000000,18,1580.000000,1580.000000
pricing-n020-set04-m4-family-base-n1-wwide-time_indexed_sri,ROOT_PROCESSED,0.772935,0.000000,1,1580.000000,1580.000000
pricing-n020-set04-m2-family-medium-n10-wzero-ng_dssr,ROOT_PROCESSED,2.233364,0.000000,1,93497.000000,93497.000000
pricing-n020-set04-m2-family-medium-n10-wzero-time_indexed,FINISHED,46.958591,0.000000,74,93497.000000,93497.000000
pricing-n020-set04-m2-family-medium-n10-wzero-time_indexed_sri,ROOT_PROCESSED,10.438664,0.000000,1,93497.000000,93497.000000
pricing-n020-set04-m3-family-medium-n10-wzero-ng_dssr,ROOT_PROCESSED,1.365186,0.000000,1,56608.000000,56608.000000
pricing-n020-set04-m3-family-medium-n10-wzero-time_indexed,FINISHED,1.434460,0.000000,2,56608.000000,56608.000000
pricing-n020-set04-m3-family-medium-n10-wzero-time_indexed_sri,ROOT_PROCESSED,1.293328,0.000000,1,56608.000000,56608.000000
pricing-n020-set04-m4-family-medium-n10-wzero-ng_dssr,FINISHED,3.115309,0.000000,9,44363.000000,44363.000000
pricing-n020-set04-m4-family-medium-n10-wzero-time_indexed,FINISHED,2.541481,0.000000,14,44363.000000,44363.000000
pricing-n020-set04-m4-family-medium-n10-wzero-time_indexed_sri,ROOT_PROCESSED,1.868129,0.000000,1,44363.000000,44363.000000
pricing-n020-set04-m2-family-medium-n10-wnarrow-ng_dssr,ROOT_PROCESSED,3.665560,0.000000,1,48417.000000,48417.000000
pricing-n020-set04-m2-family-medium-n10-wnarrow-time_indexed,FINISHED,5474.578883,0.000000,10071,48417.000000,48417.000000
pricing-n020-set04-m2-family-medium-n10-wnarrow-time_indexed_sri,ROOT_PROCESSED,401.320699,0.000000,1,48417.000000,48417.000000
pricing-n020-set04-m3-family-medium-n10-wnarrow-ng_dssr,ROOT_PROCESSED,1.493859,0.000000,1,20217.000000,20217.000000
pricing-n020-set04-m3-family-medium-n10-wnarrow-time_indexed,FINISHED,2.126508,0.000000,4,20217.000000,20217.000000
pricing-n020-set04-m3-family-medium-n10-wnarrow-time_indexed_sri,ROOT_PROCESSED,1.313179,0.000000,1,20217.000000,20217.000000
pricing-n020-set04-m4-family-medium-n10-wnarrow-ng_dssr,FINISHED,3.327408,0.000000,9,17641.000000,17641.000000
pricing-n020-set04-m4-family-medium-n10-wnarrow-time_indexed,FINISHED,3.436505,0.000000,15,17641.000000,17641.000000
pricing-n020-set04-m4-family-medium-n10-wnarrow-time_indexed_sri,ROOT_PROCESSED,2.294742,0.000000,1,17641.000000,17641.000000
pricing-n020-set04-m2-family-medium-n10-wwide-ng_dssr,FINISHED,16.522624,0.000000,13,23460.000000,23460.000000
pricing-n020-set04-m2-family-medium-n10-wwide-time_indexed,TIME_LIMIT,10800.033699,12.878954,13847,23460.000000,20438.597308
pricing-n020-set04-m2-family-medium-n10-wwide-time_indexed_sri,TIME_LIMIT,10800.225350,27.396831,1,23460.000000,17032.703394
pricing-n020-set04-m3-family-medium-n10-wwide-ng_dssr,ROOT_PROCESSED,1.608807,0.000000,1,15700.000000,15700.000000
pricing-n020-set04-m3-family-medium-n10-wwide-time_indexed,FINISHED,4.447781,0.000000,14,15700.000000,15700.000000
pricing-n020-set04-m3-family-medium-n10-wwide-time_indexed_sri,ROOT_PROCESSED,2.504700,0.000000,1,15700.000000,15700.000000
pricing-n020-set04-m4-family-medium-n10-wwide-ng_dssr,ROOT_PROCESSED,1.397762,0.000000,1,15540.000000,15540.000000
pricing-n020-set04-m4-family-medium-n10-wwide-time_indexed,FINISHED,2.715552,0.000000,10,15540.000000,15540.000000
pricing-n020-set04-m4-family-medium-n10-wwide-time_indexed_sri,ROOT_PROCESSED,1.530809,0.000000,1,15540.000000,15540.000000
pricing-n020-set04-m2-family-high-n20-wzero-ng_dssr,ROOT_PROCESSED,5.285576,0.000000,1,234005.000000,234005.000000
pricing-n020-set04-m2-family-high-n20-wzero-time_indexed,FINISHED,9534.376797,0.000000,5787,234005.000000,234005.000000
pricing-n020-set04-m2-family-high-n20-wzero-time_indexed_sri,ROOT_PROCESSED,341.708800,0.000000,1,234005.000000,234005.000000
pricing-n020-set04-m3-family-high-n20-wzero-ng_dssr,ROOT_PROCESSED,2.573606,0.000000,1,128468.000000,128468.000000
pricing-n020-set04-m3-family-high-n20-wzero-time_indexed,FINISHED,12.290244,0.000000,16,128468.000000,128468.000000
pricing-n020-set04-m3-family-high-n20-wzero-time_indexed_sri,ROOT_PROCESSED,2.713154,0.000000,1,128468.000000,128468.000000
pricing-n020-set04-m4-family-high-n20-wzero-ng_dssr,ROOT_PROCESSED,1.750926,0.000000,1,97432.000000,97432.000000
pricing-n020-set04-m4-family-high-n20-wzero-time_indexed,FINISHED,2.350443,0.000000,4,97432.000000,97432.000000
pricing-n020-set04-m4-family-high-n20-wzero-time_indexed_sri,ROOT_PROCESSED,1.763901,0.000000,1,97432.000000,97432.000000
pricing-n020-set04-m2-family-high-n20-wnarrow-ng_dssr,ROOT_PROCESSED,4.278146,0.000000,1,117138.000000,117138.000000
pricing-n020-set04-m2-family-high-n20-wnarrow-time_indexed,FINISHED,8233.340297,0.000000,6919,117138.000000,117138.000000
pricing-n020-set04-m2-family-high-n20-wnarrow-time_indexed_sri,ROOT_PROCESSED,1094.886570,0.000000,1,117138.000000,117138.000000
pricing-n020-set04-m3-family-high-n20-wnarrow-ng_dssr,ROOT_PROCESSED,2.305733,0.000000,1,49601.000000,49601.000000
pricing-n020-set04-m3-family-high-n20-wnarrow-time_indexed,FINISHED,4.005667,0.000000,7,49601.000000,49601.000000
pricing-n020-set04-m3-family-high-n20-wnarrow-time_indexed_sri,ROOT_PROCESSED,2.257781,0.000000,1,49601.000000,49601.000000
pricing-n020-set04-m4-family-high-n20-wnarrow-ng_dssr,FINISHED,11.889984,0.000000,33,39965.000000,39965.000000
pricing-n020-set04-m4-family-high-n20-wnarrow-time_indexed,FINISHED,28.533262,0.000000,111,39965.000000,39965.000000
pricing-n020-set04-m4-family-high-n20-wnarrow-time_indexed_sri,ROOT_PROCESSED,13.486241,0.000000,1,39965.000000,39965.000000
pricing-n020-set04-m2-family-high-n20-wwide-ng_dssr,FINISHED,13.525070,0.000000,8,51486.000000,51486.000000
pricing-n020-set04-m2-family-high-n20-wwide-time_indexed,TIME_LIMIT,10800.036585,22.595469,3499,51853.000000,40136.571429
pricing-n020-set04-m2-family-high-n20-wwide-time_indexed_sri,TIME_LIMIT,10804.821520,22.715214,1,51853.000000,40074.480020
pricing-n020-set04-m3-family-high-n20-wwide-ng_dssr,ROOT_PROCESSED,2.995871,0.000000,1,32400.000000,32400.000000
pricing-n020-set04-m3-family-high-n20-wwide-time_indexed,FINISHED,12.685149,0.000000,29,32400.000000,32400.000000
pricing-n020-set04-m3-family-high-n20-wwide-time_indexed_sri,ROOT_PROCESSED,7.376886,0.000000,1,32400.000000,32400.000000
pricing-n020-set04-m4-family-high-n20-wwide-ng_dssr,ROOT_PROCESSED,2.665540,0.000000,1,32000.000000,32000.000000
pricing-n020-set04-m4-family-high-n20-wwide-time_indexed,FINISHED,6.858542,0.000000,24,32000.000000,32000.000000
pricing-n020-set04-m4-family-high-n20-wwide-time_indexed_sri,ROOT_PROCESSED,2.849808,0.000000,1,32000.000000,32000.000000
pricing-n020-set05-m2-random-base-n1-wzero-ng_dssr,ROOT_PROCESSED,1.239424,0.000000,1,20400.000000,20400.000000
pricing-n020-set05-m2-random-base-n1-wzero-time_indexed,FINISHED,4.109543,0.000000,5,20400.000000,20400.000000
pricing-n020-set05-m2-random-base-n1-wzero-time_indexed_sri,ROOT_PROCESSED,1.263375,0.000000,1,20400.000000,20400.000000
pricing-n020-set05-m3-random-base-n1-wzero-ng_dssr,ROOT_PROCESSED,0.763592,0.000000,1,13977.000000,13977.000000
pricing-n020-set05-m3-random-base-n1-wzero-time_indexed,ROOT_PROCESSED,0.478431,0.000000,1,13977.000000,13977.000000
pricing-n020-set05-m3-random-base-n1-wzero-time_indexed_sri,ROOT_PROCESSED,0.462013,0.000000,1,13977.000000,13977.000000
pricing-n020-set05-m4-random-base-n1-wzero-ng_dssr,ROOT_PROCESSED,0.569415,0.000000,1,11296.000000,11296.000000
pricing-n020-set05-m4-random-base-n1-wzero-time_indexed,ROOT_PROCESSED,0.258237,0.000000,1,11296.000000,11296.000000
pricing-n020-set05-m4-random-base-n1-wzero-time_indexed_sri,ROOT_PROCESSED,0.280105,0.000000,1,11296.000000,11296.000000
pricing-n020-set05-m2-random-base-n1-wnarrow-ng_dssr,FINISHED,1.301626,0.000000,2,13597.000000,13597.000000
pricing-n020-set05-m2-random-base-n1-wnarrow-time_indexed,FINISHED,3.031844,0.000000,3,13597.000000,13597.000000
pricing-n020-set05-m2-random-base-n1-wnarrow-time_indexed_sri,ROOT_PROCESSED,1.144299,0.000000,1,13597.000000,13597.000000
pricing-n020-set05-m3-random-base-n1-wnarrow-ng_dssr,ROOT_PROCESSED,0.900152,0.000000,1,8434.000000,8434.000000
pricing-n020-set05-m3-random-base-n1-wnarrow-time_indexed,ROOT_PROCESSED,0.418955,0.000000,1,8434.000000,8434.000000
pricing-n020-set05-m3-random-base-n1-wnarrow-time_indexed_sri,ROOT_PROCESSED,0.414913,0.000000,1,8434.000000,8434.000000
pricing-n020-set05-m4-random-base-n1-wnarrow-ng_dssr,FINISHED,1.253198,0.000000,9,6871.000000,6871.000000
pricing-n020-set05-m4-random-base-n1-wnarrow-time_indexed,FINISHED,0.932265,0.000000,7,6871.000000,6871.000000
pricing-n020-set05-m4-random-base-n1-wnarrow-time_indexed_sri,FINISHED,1.497503,0.000000,5,6871.000000,6871.000000
pricing-n020-set05-m2-random-base-n1-wwide-ng_dssr,FINISHED,2.367719,0.000000,7,7207.000000,7207.000000
pricing-n020-set05-m2-random-base-n1-wwide-time_indexed,FINISHED,12.730659,0.000000,18,7207.000000,7207.000000
pricing-n020-set05-m2-random-base-n1-wwide-time_indexed_sri,ROOT_PROCESSED,1.682233,0.000000,1,7207.000000,7207.000000
pricing-n020-set05-m3-random-base-n1-wwide-ng_dssr,FINISHED,1.320270,0.000000,5,5264.000000,5264.000000
pricing-n020-set05-m3-random-base-n1-wwide-time_indexed,FINISHED,3.503035,0.000000,12,5264.000000,5264.000000
pricing-n020-set05-m3-random-base-n1-wwide-time_indexed_sri,ROOT_PROCESSED,1.054565,0.000000,1,5264.000000,5264.000000
pricing-n020-set05-m4-random-base-n1-wwide-ng_dssr,FINISHED,1.439514,0.000000,7,5260.000000,5260.000000
pricing-n020-set05-m4-random-base-n1-wwide-time_indexed,FINISHED,1.386933,0.000000,9,5260.000000,5260.000000
pricing-n020-set05-m4-random-base-n1-wwide-time_indexed_sri,FINISHED,0.881823,0.000000,3,5260.000000,5260.000000
pricing-n020-set05-m2-random-medium-n10-wzero-ng_dssr,ROOT_PROCESSED,3.039057,0.000000,1,195272.000000,195272.000000
pricing-n020-set05-m2-random-medium-n10-wzero-time_indexed,FINISHED,4.785158,0.000000,3,195272.000000,195272.000000
pricing-n020-set05-m2-random-medium-n10-wzero-time_indexed_sri,ROOT_PROCESSED,3.519931,0.000000,1,195272.000000,195272.000000
pricing-n020-set05-m3-random-medium-n10-wzero-ng_dssr,ROOT_PROCESSED,1.156132,0.000000,1,134197.000000,134197.000000
pricing-n020-set05-m3-random-medium-n10-wzero-time_indexed,ROOT_PROCESSED,0.779937,0.000000,1,134197.000000,134197.000000
pricing-n020-set05-m3-random-medium-n10-wzero-time_indexed_sri,ROOT_PROCESSED,0.735967,0.000000,1,134197.000000,134197.000000
pricing-n020-set05-m4-random-medium-n10-wzero-ng_dssr,ROOT_PROCESSED,0.728149,0.000000,1,105300.000000,105300.000000
pricing-n020-set05-m4-random-medium-n10-wzero-time_indexed,ROOT_PROCESSED,0.532351,0.000000,1,105300.000000,105300.000000
pricing-n020-set05-m4-random-medium-n10-wzero-time_indexed_sri,ROOT_PROCESSED,0.629369,0.000000,1,105300.000000,105300.000000
pricing-n020-set05-m2-random-medium-n10-wnarrow-ng_dssr,ROOT_PROCESSED,2.879869,0.000000,1,128657.000000,128657.000000
pricing-n020-set05-m2-random-medium-n10-wnarrow-time_indexed,ROOT_PROCESSED,2.228612,0.000000,1,128657.000000,128657.000000
pricing-n020-set05-m2-random-medium-n10-wnarrow-time_indexed_sri,ROOT_PROCESSED,2.486036,0.000000,1,128657.000000,128657.000000
pricing-n020-set05-m3-random-medium-n10-wnarrow-ng_dssr,ROOT_PROCESSED,1.266553,0.000000,1,80881.000000,80881.000000
pricing-n020-set05-m3-random-medium-n10-wnarrow-time_indexed,ROOT_PROCESSED,0.872222,0.000000,1,80881.000000,80881.000000
pricing-n020-set05-m3-random-medium-n10-wnarrow-time_indexed_sri,ROOT_PROCESSED,0.892252,0.000000,1,80881.000000,80881.000000
pricing-n020-set05-m4-random-medium-n10-wnarrow-ng_dssr,ROOT_PROCESSED,0.838567,0.000000,1,63153.000000,63153.000000
pricing-n020-set05-m4-random-medium-n10-wnarrow-time_indexed,ROOT_PROCESSED,0.557647,0.000000,1,63153.000000,63153.000000
pricing-n020-set05-m4-random-medium-n10-wnarrow-time_indexed_sri,ROOT_PROCESSED,0.540817,0.000000,1,63153.000000,63153.000000
pricing-n020-set05-m2-random-medium-n10-wwide-ng_dssr,FINISHED,5.161797,0.000000,7,68374.000000,68374.000000
pricing-n020-set05-m2-random-medium-n10-wwide-time_indexed,FINISHED,7.595210,0.000000,12,68374.000000,68374.000000
pricing-n020-set05-m2-random-medium-n10-wwide-time_indexed_sri,ROOT_PROCESSED,8.938748,0.000000,1,68374.000000,68374.000000
pricing-n020-set05-m3-random-medium-n10-wwide-ng_dssr,FINISHED,3.972159,0.000000,11,53420.000000,53420.000000
pricing-n020-set05-m3-random-medium-n10-wwide-time_indexed,FINISHED,4.662891,0.000000,12,53420.000000,53420.000000
pricing-n020-set05-m3-random-medium-n10-wwide-time_indexed_sri,ROOT_PROCESSED,4.163045,0.000000,1,53420.000000,53420.000000
pricing-n020-set05-m4-random-medium-n10-wwide-ng_dssr,FINISHED,3.599617,0.000000,5,53000.000000,53000.000000
pricing-n020-set05-m4-random-medium-n10-wwide-time_indexed,FINISHED,2.483792,0.000000,9,53000.000000,53000.000000
pricing-n020-set05-m4-random-medium-n10-wwide-time_indexed_sri,ROOT_PROCESSED,2.682661,0.000000,1,53000.000000,53000.000000
pricing-n020-set05-m2-random-high-n20-wzero-ng_dssr,FINISHED,6.818910,0.000000,3,399634.000000,399634.000000
pricing-n020-set05-m2-random-high-n20-wzero-time_indexed,FINISHED,14.212951,0.000000,10,399634.000000,399634.000000
pricing-n020-set05-m2-random-high-n20-wzero-time_indexed_sri,ROOT_PROCESSED,8.246946,0.000000,1,399634.000000,399634.000000
pricing-n020-set05-m3-random-high-n20-wzero-ng_dssr,ROOT_PROCESSED,1.506977,0.000000,1,275149.000000,275149.000000
pricing-n020-set05-m3-random-high-n20-wzero-time_indexed,ROOT_PROCESSED,1.610018,0.000000,1,275149.000000,275149.000000
pricing-n020-set05-m3-random-high-n20-wzero-time_indexed_sri,ROOT_PROCESSED,1.254627,0.000000,1,275149.000000,275149.000000
pricing-n020-set05-m4-random-high-n20-wzero-ng_dssr,ROOT_PROCESSED,1.320398,0.000000,1,224789.000000,224789.000000
pricing-n020-set05-m4-random-high-n20-wzero-time_indexed,ROOT_PROCESSED,0.960043,0.000000,1,224789.000000,224789.000000
pricing-n020-set05-m4-random-high-n20-wzero-time_indexed_sri,ROOT_PROCESSED,0.808271,0.000000,1,224789.000000,224789.000000
pricing-n020-set05-m2-random-high-n20-wnarrow-ng_dssr,ROOT_PROCESSED,7.145528,0.000000,1,263269.000000,263269.000000
pricing-n020-set05-m2-random-high-n20-wnarrow-time_indexed,FINISHED,8.961220,0.000000,2,263269.000000,263269.000000
pricing-n020-set05-m2-random-high-n20-wnarrow-time_indexed_sri,ROOT_PROCESSED,6.549156,0.000000,1,263269.000000,263269.000000
pricing-n020-set05-m3-random-high-n20-wnarrow-ng_dssr,ROOT_PROCESSED,2.119992,0.000000,1,168604.000000,168604.000000
pricing-n020-set05-m3-random-high-n20-wnarrow-time_indexed,ROOT_PROCESSED,1.636164,0.000000,1,168604.000000,168604.000000
pricing-n020-set05-m3-random-high-n20-wnarrow-time_indexed_sri,ROOT_PROCESSED,1.995699,0.000000,1,168604.000000,168604.000000
pricing-n020-set05-m4-random-high-n20-wnarrow-ng_dssr,ROOT_PROCESSED,0.946892,0.000000,1,130555.000000,130555.000000
pricing-n020-set05-m4-random-high-n20-wnarrow-time_indexed,ROOT_PROCESSED,0.614740,0.000000,1,130555.000000,130555.000000
pricing-n020-set05-m4-random-high-n20-wnarrow-time_indexed_sri,ROOT_PROCESSED,0.607450,0.000000,1,130555.000000,130555.000000
pricing-n020-set05-m2-random-high-n20-wwide-ng_dssr,FINISHED,8.708361,0.000000,9,136006.000000,136006.000000
pricing-n020-set05-m2-random-high-n20-wwide-time_indexed,FINISHED,10.418003,0.000000,8,136006.000000,136006.000000
pricing-n020-set05-m2-random-high-n20-wwide-time_indexed_sri,ROOT_PROCESSED,8.106316,0.000000,1,136006.000000,136006.000000
pricing-n020-set05-m3-random-high-n20-wwide-ng_dssr,FINISHED,6.035218,0.000000,9,102783.000000,102783.000000
pricing-n020-set05-m3-random-high-n20-wwide-time_indexed,FINISHED,7.182681,0.000000,12,102783.000000,102783.000000
pricing-n020-set05-m3-random-high-n20-wwide-time_indexed_sri,FINISHED,10.985207,0.000000,3,102783.000000,102783.000000
pricing-n020-set05-m4-random-high-n20-wwide-ng_dssr,FINISHED,5.007742,0.000000,7,101940.000000,101940.000000
pricing-n020-set05-m4-random-high-n20-wwide-time_indexed,FINISHED,5.037128,0.000000,9,101940.000000,101940.000000
pricing-n020-set05-m4-random-high-n20-wwide-time_indexed_sri,FINISHED,8.740975,0.000000,5,101940.000000,101940.000000
pricing-n020-set05-m2-family-base-n1-wzero-ng_dssr,ROOT_PROCESSED,1.669800,0.000000,1,14925.000000,14925.000000
pricing-n020-set05-m2-family-base-n1-wzero-time_indexed,FINISHED,104.706464,0.000000,219,14925.000000,14925.000000
pricing-n020-set05-m2-family-base-n1-wzero-time_indexed_sri,ROOT_PROCESSED,61.385487,0.000000,1,14925.000000,14925.000000
pricing-n020-set05-m3-family-base-n1-wzero-ng_dssr,FINISHED,5.753971,0.000000,21,9221.000000,9221.000000
pricing-n020-set05-m3-family-base-n1-wzero-time_indexed,FINISHED,58.188111,0.000000,292,9221.000000,9221.000000
pricing-n020-set05-m3-family-base-n1-wzero-time_indexed_sri,ROOT_PROCESSED,12.064896,0.000000,1,9221.000000,9221.000000
pricing-n020-set05-m4-family-base-n1-wzero-ng_dssr,ROOT_PROCESSED,0.628718,0.000000,1,5895.000000,5895.000000
pricing-n020-set05-m4-family-base-n1-wzero-time_indexed,ROOT_PROCESSED,0.366606,0.000000,1,5895.000000,5895.000000
pricing-n020-set05-m4-family-base-n1-wzero-time_indexed_sri,ROOT_PROCESSED,0.344292,0.000000,1,5895.000000,5895.000000
pricing-n020-set05-m2-family-base-n1-wnarrow-ng_dssr,ROOT_PROCESSED,1.638610,0.000000,1,8260.000000,8260.000000
pricing-n020-set05-m2-family-base-n1-wnarrow-time_indexed,FINISHED,163.509494,0.000000,526,8260.000000,8260.000000
pricing-n020-set05-m2-family-base-n1-wnarrow-time_indexed_sri,ROOT_PROCESSED,10.249468,0.000000,1,8260.000000,8260.000000
pricing-n020-set05-m3-family-base-n1-wnarrow-ng_dssr,ROOT_PROCESSED,1.140473,0.000000,1,4033.000000,4033.000000
pricing-n020-set05-m3-family-base-n1-wnarrow-time_indexed,FINISHED,141.912288,0.000000,844,4033.000000,4033.000000
pricing-n020-set05-m3-family-base-n1-wnarrow-time_indexed_sri,ROOT_PROCESSED,53.775726,0.000000,1,4033.000000,4033.000000
pricing-n020-set05-m4-family-base-n1-wnarrow-ng_dssr,ROOT_PROCESSED,0.656738,0.000000,1,2448.000000,2448.000000
pricing-n020-set05-m4-family-base-n1-wnarrow-time_indexed,FINISHED,0.681638,0.000000,2,2448.000000,2448.000000
pricing-n020-set05-m4-family-base-n1-wnarrow-time_indexed_sri,ROOT_PROCESSED,0.527543,0.000000,1,2448.000000,2448.000000
pricing-n020-set05-m2-family-base-n1-wwide-ng_dssr,ROOT_PROCESSED,2.675626,0.000000,1,3652.000000,3652.000000
pricing-n020-set05-m2-family-base-n1-wwide-time_indexed,TIME_LIMIT,10800.035959,3.231106,43786,3652.000000,3534.000000
pricing-n020-set05-m2-family-base-n1-wwide-time_indexed_sri,ROOT_PROCESSED,922.105074,0.000000,1,3652.000000,3652.000000
pricing-n020-set05-m3-family-base-n1-wwide-ng_dssr,ROOT_PROCESSED,0.977144,0.000000,1,2195.000000,2195.000000
pricing-n020-set05-m3-family-base-n1-wwide-time_indexed,FINISHED,96.996926,0.000000,729,2195.000000,2195.000000
pricing-n020-set05-m3-family-base-n1-wwide-time_indexed_sri,ROOT_PROCESSED,2.620143,0.000000,1,2195.000000,2195.000000
pricing-n020-set05-m4-family-base-n1-wwide-ng_dssr,ROOT_PROCESSED,0.765696,0.000000,1,2000.000000,2000.000000
pricing-n020-set05-m4-family-base-n1-wwide-time_indexed,ROOT_PROCESSED,0.337998,0.000000,1,2000.000000,2000.000000
pricing-n020-set05-m4-family-base-n1-wwide-time_indexed_sri,ROOT_PROCESSED,0.259042,0.000000,1,2000.000000,2000.000000
pricing-n020-set05-m2-family-medium-n10-wzero-ng_dssr,ROOT_PROCESSED,3.947699,0.000000,1,138723.000000,138723.000000
pricing-n020-set05-m2-family-medium-n10-wzero-time_indexed,FINISHED,437.383646,0.000000,354,138723.000000,138723.000000
pricing-n020-set05-m2-family-medium-n10-wzero-time_indexed_sri,ROOT_PROCESSED,69.966290,0.000000,1,138723.000000,138723.000000
pricing-n020-set05-m3-family-medium-n10-wzero-ng_dssr,ROOT_PROCESSED,1.937032,0.000000,1,75636.000000,75636.000000
pricing-n020-set05-m3-family-medium-n10-wzero-time_indexed,FINISHED,3.215781,0.000000,5,75636.000000,75636.000000
pricing-n020-set05-m3-family-medium-n10-wzero-time_indexed_sri,ROOT_PROCESSED,3.084444,0.000000,1,75636.000000,75636.000000
pricing-n020-set05-m4-family-medium-n10-wzero-ng_dssr,FINISHED,2.298561,0.000000,3,53592.000000,53592.000000
pricing-n020-set05-m4-family-medium-n10-wzero-time_indexed,FINISHED,1.366560,0.000000,3,53592.000000,53592.000000
pricing-n020-set05-m4-family-medium-n10-wzero-time_indexed_sri,ROOT_PROCESSED,1.384453,0.000000,1,53592.000000,53592.000000
pricing-n020-set05-m2-family-medium-n10-wnarrow-ng_dssr,ROOT_PROCESSED,3.805711,0.000000,1,83461.000000,83461.000000
pricing-n020-set05-m2-family-medium-n10-wnarrow-time_indexed,FINISHED,1893.665513,0.000000,1871,83461.000000,83461.000000
pricing-n020-set05-m2-family-medium-n10-wnarrow-time_indexed_sri,ROOT_PROCESSED,504.670993,0.000000,1,83461.000000,83461.000000
pricing-n020-set05-m3-family-medium-n10-wnarrow-ng_dssr,ROOT_PROCESSED,1.987613,0.000000,1,41023.000000,41023.000000
pricing-n020-set05-m3-family-medium-n10-wnarrow-time_indexed,FINISHED,181.081285,0.000000,545,41023.000000,41023.000000
pricing-n020-set05-m3-family-medium-n10-wnarrow-time_indexed_sri,ROOT_PROCESSED,154.603884,0.000000,1,41023.000000,41023.000000
pricing-n020-set05-m4-family-medium-n10-wnarrow-ng_dssr,FINISHED,2.293925,0.000000,5,26278.000000,26278.000000
pricing-n020-set05-m4-family-medium-n10-wnarrow-time_indexed,FINISHED,2.584973,0.000000,7,26278.000000,26278.000000
pricing-n020-set05-m4-family-medium-n10-wnarrow-time_indexed_sri,ROOT_PROCESSED,1.595467,0.000000,1,26278.000000,26278.000000
pricing-n020-set05-m2-family-medium-n10-wwide-ng_dssr,FINISHED,24.904982,0.000000,21,37128.000000,37128.000000
pricing-n020-set05-m2-family-medium-n10-wwide-time_indexed,TIME_LIMIT,10800.044803,16.053194,9396,37128.000000,31167.770000
pricing-n020-set05-m2-family-medium-n10-wwide-time_indexed_sri,TIME_LIMIT,10804.076290,23.571368,1,37128.000000,28376.422523
pricing-n020-set05-m3-family-medium-n10-wwide-ng_dssr,ROOT_PROCESSED,1.986558,0.000000,1,22000.000000,22000.000000
pricing-n020-set05-m3-family-medium-n10-wwide-time_indexed,FINISHED,126.324438,0.000000,437,22000.000000,22000.000000
pricing-n020-set05-m3-family-medium-n10-wwide-time_indexed_sri,ROOT_PROCESSED,52.333673,0.000000,1,22000.000000,22000.000000
pricing-n020-set05-m4-family-medium-n10-wwide-ng_dssr,ROOT_PROCESSED,0.766243,0.000000,1,20000.000000,20000.000000
pricing-n020-set05-m4-family-medium-n10-wwide-time_indexed,ROOT_PROCESSED,0.497165,0.000000,1,20000.000000,20000.000000
pricing-n020-set05-m4-family-medium-n10-wwide-time_indexed_sri,ROOT_PROCESSED,0.431243,0.000000,1,20000.000000,20000.000000
pricing-n020-set05-m2-family-high-n20-wzero-ng_dssr,ROOT_PROCESSED,6.210451,0.000000,1,286274.000000,286274.000000
pricing-n020-set05-m2-family-high-n20-wzero-time_indexed,FINISHED,819.281535,0.000000,301,286274.000000,286274.000000
pricing-n020-set05-m2-family-high-n20-wzero-time_indexed_sri,ROOT_PROCESSED,232.816243,0.000000,1,286274.000000,286274.000000
pricing-n020-set05-m3-family-high-n20-wzero-ng_dssr,ROOT_PROCESSED,3.813421,0.000000,1,168951.000000,168951.000000
pricing-n020-set05-m3-family-high-n20-wzero-time_indexed,FINISHED,114.047869,0.000000,146,168951.000000,168951.000000
pricing-n020-set05-m3-family-high-n20-wzero-time_indexed_sri,ROOT_PROCESSED,244.198715,0.000000,1,168951.000000,168951.000000
pricing-n020-set05-m4-family-high-n20-wzero-ng_dssr,ROOT_PROCESSED,0.944098,0.000000,1,106080.000000,106080.000000
pricing-n020-set05-m4-family-high-n20-wzero-time_indexed,ROOT_PROCESSED,0.622051,0.000000,1,106080.000000,106080.000000
pricing-n020-set05-m4-family-high-n20-wzero-time_indexed_sri,ROOT_PROCESSED,0.598593,0.000000,1,106080.000000,106080.000000
pricing-n020-set05-m2-family-high-n20-wnarrow-ng_dssr,ROOT_PROCESSED,7.072400,0.000000,1,171930.000000,171930.000000
pricing-n020-set05-m2-family-high-n20-wnarrow-time_indexed,FINISHED,6079.257387,0.000000,2666,171930.000000,171930.000000
pricing-n020-set05-m2-family-high-n20-wnarrow-time_indexed_sri,ROOT_PROCESSED,552.760155,0.000000,1,171930.000000,171930.000000
pricing-n020-set05-m3-family-high-n20-wnarrow-ng_dssr,FINISHED,6.947514,0.000000,5,83320.000000,83320.000000
pricing-n020-set05-m3-family-high-n20-wnarrow-time_indexed,FINISHED,2762.424551,0.000000,3511,83320.000000,83320.000000
pricing-n020-set05-m3-family-high-n20-wnarrow-time_indexed_sri,ROOT_PROCESSED,619.737456,0.000000,1,83320.000000,83320.000000
pricing-n020-set05-m4-family-high-n20-wnarrow-ng_dssr,ROOT_PROCESSED,1.907251,0.000000,1,48180.000000,48180.000000
pricing-n020-set05-m4-family-high-n20-wnarrow-time_indexed,FINISHED,3.414768,0.000000,8,48180.000000,48180.000000
pricing-n020-set05-m4-family-high-n20-wnarrow-time_indexed_sri,ROOT_PROCESSED,2.090134,0.000000,1,48180.000000,48180.000000
pricing-n020-set05-m2-family-high-n20-wwide-ng_dssr,ROOT_PROCESSED,6.195532,0.000000,1,65003.000000,65003.000000
pricing-n020-set05-m2-family-high-n20-wwide-time_indexed,TIME_LIMIT,10800.033100,8.166659,6008,65003.000000,59694.426471
pricing-n020-set05-m2-family-high-n20-wwide-time_indexed_sri,ROOT_PROCESSED,6677.196342,0.000000,1,65003.000000,65003.000000
pricing-n020-set05-m3-family-high-n20-wwide-ng_dssr,ROOT_PROCESSED,2.800592,0.000000,1,41008.000000,41008.000000
pricing-n020-set05-m3-family-high-n20-wwide-time_indexed,FINISHED,36.512661,0.000000,97,41008.000000,41008.000000
pricing-n020-set05-m3-family-high-n20-wwide-time_indexed_sri,ROOT_PROCESSED,20.400615,0.000000,1,41008.000000,41008.000000
pricing-n020-set05-m4-family-high-n20-wwide-ng_dssr,ROOT_PROCESSED,2.429588,0.000000,1,38920.000000,38920.000000
pricing-n020-set05-m4-family-high-n20-wwide-time_indexed,FINISHED,2.009005,0.000000,3,38920.000000,38920.000000
pricing-n020-set05-m4-family-high-n20-wwide-time_indexed_sri,ROOT_PROCESSED,2.024729,0.000000,1,38920.000000,38920.000000
pricing-n040-set01-m2-random-base-n1-wzero-ng_dssr,FINISHED,57.058489,0.000000,17,106748.000000,106748.000000
pricing-n040-set01-m2-random-base-n1-wzero-time_indexed,FINISHED,86.172294,0.000000,44,106748.000000,106748.000000
pricing-n040-set01-m2-random-base-n1-wzero-time_indexed_sri,FINISHED,96.287308,0.000000,3,106748.000000,106748.000000
pricing-n040-set01-m3-random-base-n1-wzero-ng_dssr,FINISHED,11.578508,0.000000,11,75705.000000,75705.000000
pricing-n040-set01-m3-random-base-n1-wzero-time_indexed,FINISHED,31.052880,0.000000,18,75705.000000,75705.000000
pricing-n040-set01-m3-random-base-n1-wzero-time_indexed_sri,ROOT_PROCESSED,10.409953,0.000000,1,75705.000000,75705.000000
pricing-n040-set01-m4-random-base-n1-wzero-ng_dssr,FINISHED,8.954406,0.000000,16,60346.000000,60346.000000
pricing-n040-set01-m4-random-base-n1-wzero-time_indexed,FINISHED,23.768449,0.000000,18,60346.000000,60346.000000
pricing-n040-set01-m4-random-base-n1-wzero-time_indexed_sri,FINISHED,15.874407,0.000000,3,60346.000000,60346.000000
pricing-n040-set01-m2-random-base-n1-wnarrow-ng_dssr,FINISHED,31.602026,0.000000,7,86096.000000,86096.000000
pricing-n040-set01-m2-random-base-n1-wnarrow-time_indexed,FINISHED,62.537989,0.000000,29,86096.000000,86096.000000
pricing-n040-set01-m2-random-base-n1-wnarrow-time_indexed_sri,ROOT_PROCESSED,35.572261,0.000000,1,86096.000000,86096.000000
pricing-n040-set01-m3-random-base-n1-wnarrow-ng_dssr,FINISHED,5.877354,0.000000,3,55575.000000,55575.000000
pricing-n040-set01-m3-random-base-n1-wnarrow-time_indexed,FINISHED,16.369116,0.000000,8,55575.000000,55575.000000
pricing-n040-set01-m3-random-base-n1-wnarrow-time_indexed_sri,ROOT_PROCESSED,4.463527,0.000000,1,55575.000000,55575.000000
pricing-n040-set01-m4-random-base-n1-wnarrow-ng_dssr,FINISHED,6.719355,0.000000,11,40672.000000,40672.000000
pricing-n040-set01-m4-random-base-n1-wnarrow-time_indexed,FINISHED,16.720435,0.000000,12,40672.000000,40672.000000
pricing-n040-set01-m4-random-base-n1-wnarrow-time_indexed_sri,FINISHED,11.513971,0.000000,3,40672.000000,40672.000000
pricing-n040-set01-m2-random-base-n1-wwide-ng_dssr,FINISHED,44.193893,0.000000,13,53623.000000,53623.000000
pricing-n040-set01-m2-random-base-n1-wwide-time_indexed,FINISHED,50.824868,0.000000,14,53623.000000,53623.000000
pricing-n040-set01-m2-random-base-n1-wwide-time_indexed_sri,ROOT_PROCESSED,36.001842,0.000000,1,53623.000000,53623.000000
pricing-n040-set01-m3-random-base-n1-wwide-ng_dssr,FINISHED,8.078531,0.000000,7,27874.000000,27874.000000
pricing-n040-set01-m3-random-base-n1-wwide-time_indexed,FINISHED,15.073436,0.000000,7,27874.000000,27874.000000
pricing-n040-set01-m3-random-base-n1-wwide-time_indexed_sri,ROOT_PROCESSED,11.302105,0.000000,1,27874.000000,27874.000000
pricing-n040-set01-m4-random-base-n1-wwide-ng_dssr,FINISHED,12.143912,0.000000,24,17088.000000,17088.000000
pricing-n040-set01-m4-random-base-n1-wwide-time_indexed,FINISHED,29.656073,0.000000,28,17088.000000,17088.000000
pricing-n040-set01-m4-random-base-n1-wwide-time_indexed_sri,FINISHED,13.594382,0.000000,3,17088.000000,17088.000000
pricing-n040-set01-m2-random-medium-n10-wzero-ng_dssr,FINISHED,55.256094,0.000000,3,934456.000000,934456.000000
pricing-n040-set01-m2-random-medium-n10-wzero-time_indexed,FINISHED,73.115452,0.000000,5,934456.000000,934456.000000
pricing-n040-set01-m2-random-medium-n10-wzero-time_indexed_sri,ROOT_PROCESSED,59.556657,0.000000,1,934456.000000,934456.000000
pricing-n040-set01-m3-random-medium-n10-wzero-ng_dssr,FINISHED,20.842739,0.000000,3,664006.000000,664006.000000
pricing-n040-set01-m3-random-medium-n10-wzero-time_indexed,FINISHED,29.627947,0.000000,5,664006.000000,664006.000000
pricing-n040-set01-m3-random-medium-n10-wzero-time_indexed_sri,ROOT_PROCESSED,21.057863,0.000000,1,664006.000000,664006.000000
pricing-n040-set01-m4-random-medium-n10-wzero-ng_dssr,FINISHED,21.105310,0.000000,12,533755.000000,533755.000000
pricing-n040-set01-m4-random-medium-n10-wzero-time_indexed,FINISHED,24.495428,0.000000,13,533755.000000,533755.000000
pricing-n040-set01-m4-random-medium-n10-wzero-time_indexed_sri,FINISHED,34.780737,0.000000,3,533755.000000,533755.000000
pricing-n040-set01-m2-random-medium-n10-wnarrow-ng_dssr,FINISHED,69.031619,0.000000,7,720755.000000,720755.000000
pricing-n040-set01-m2-random-medium-n10-wnarrow-time_indexed,FINISHED,86.996430,0.000000,9,720755.000000,720755.000000
pricing-n040-set01-m2-random-medium-n10-wnarrow-time_indexed_sri,ROOT_PROCESSED,84.819204,0.000000,1,720755.000000,720755.000000
pricing-n040-set01-m3-random-medium-n10-wnarrow-ng_dssr,FINISHED,37.887732,0.000000,13,463363.000000,463363.000000
pricing-n040-set01-m3-random-medium-n10-wnarrow-time_indexed,FINISHED,71.768571,0.000000,23,463363.000000,463363.000000
pricing-n040-set01-m3-random-medium-n10-wnarrow-time_indexed_sri,FINISHED,73.717129,0.000000,3,463363.000000,463363.000000
pricing-n040-set01-m4-random-medium-n10-wnarrow-ng_dssr,FINISHED,24.136720,0.000000,12,339238.000000,339238.000000
pricing-n040-set01-m4-random-medium-n10-wnarrow-time_indexed,FINISHED,25.476998,0.000000,13,339238.000000,339238.000000
pricing-n040-set01-m4-random-medium-n10-wnarrow-time_indexed_sri,FINISHED,45.046495,0.000000,6,339238.000000,339238.000000
pricing-n040-set01-m2-random-medium-n10-wwide-ng_dssr,FINISHED,80.977834,0.000000,12,427919.000000,427919.000000
pricing-n040-set01-m2-random-medium-n10-wwide-time_indexed,FINISHED,116.430512,0.000000,21,427919.000000,427919.000000
pricing-n040-set01-m2-random-medium-n10-wwide-time_indexed_sri,FINISHED,181.283846,0.000000,3,427919.000000,427919.000000
pricing-n040-set01-m3-random-medium-n10-wwide-ng_dssr,FINISHED,43.164697,0.000000,23,220275.000000,220275.000000
pricing-n040-set01-m3-random-medium-n10-wwide-time_indexed,FINISHED,50.101874,0.000000,27,220275.000000,220275.000000
pricing-n040-set01-m3-random-medium-n10-wwide-time_indexed_sri,FINISHED,80.305900,0.000000,5,220275.000000,220275.000000
pricing-n040-set01-m4-random-medium-n10-wwide-ng_dssr,FINISHED,15.691828,0.000000,9,139103.000000,139103.000000
pricing-n040-set01-m4-random-medium-n10-wwide-time_indexed,FINISHED,17.568056,0.000000,13,139103.000000,139103.000000
pricing-n040-set01-m4-random-medium-n10-wwide-time_indexed_sri,ROOT_PROCESSED,15.668255,0.000000,1,139103.000000,139103.000000
pricing-n040-set01-m2-random-high-n20-wzero-ng_dssr,FINISHED,97.241848,0.000000,9,2130560.000000,2130560.000000
pricing-n040-set01-m2-random-high-n20-wzero-time_indexed,FINISHED,118.337947,0.000000,9,2130560.000000,2130560.000000
pricing-n040-set01-m2-random-high-n20-wzero-time_indexed_sri,ROOT_PROCESSED,113.587337,0.000000,1,2130560.000000,2130560.000000
pricing-n040-set01-m3-random-high-n20-wzero-ng_dssr,FINISHED,47.983423,0.000000,8,1519587.000000,1519587.000000
pricing-n040-set01-m3-random-high-n20-wzero-time_indexed,FINISHED,76.327502,0.000000,11,1519587.000000,1519587.000000
pricing-n040-set01-m3-random-high-n20-wzero-time_indexed_sri,ROOT_PROCESSED,52.982065,0.000000,1,1519587.000000,1519587.000000
pricing-n040-set01-m4-random-high-n20-wzero-ng_dssr,FINISHED,45.122892,0.000000,21,1219451.000000,1219451.000000
pricing-n040-set01-m4-random-high-n20-wzero-time_indexed,FINISHED,52.135507,0.000000,15,1219451.000000,1219451.000000
pricing-n040-set01-m4-random-high-n20-wzero-time_indexed_sri,FINISHED,58.465115,0.000000,3,1219451.000000,1219451.000000
pricing-n040-set01-m2-random-high-n20-wnarrow-ng_dssr,FINISHED,93.557262,0.000000,3,1700950.000000,1700950.000000
pricing-n040-set01-m2-random-high-n20-wnarrow-time_indexed,FINISHED,122.835606,0.000000,6,1700950.000000,1700950.000000
pricing-n040-set01-m2-random-high-n20-wnarrow-time_indexed_sri,ROOT_PROCESSED,104.090156,0.000000,1,1700950.000000,1700950.000000
pricing-n040-set01-m3-random-high-n20-wnarrow-ng_dssr,FINISHED,40.894643,0.000000,8,1103855.000000,1103855.000000
pricing-n040-set01-m3-random-high-n20-wnarrow-time_indexed,FINISHED,46.804982,0.000000,11,1103855.000000,1103855.000000
pricing-n040-set01-m3-random-high-n20-wnarrow-time_indexed_sri,ROOT_PROCESSED,44.790008,0.000000,1,1103855.000000,1103855.000000
pricing-n040-set01-m4-random-high-n20-wnarrow-ng_dssr,FINISHED,49.111325,0.000000,23,810932.000000,810932.000000
pricing-n040-set01-m4-random-high-n20-wnarrow-time_indexed,FINISHED,43.245780,0.000000,15,810932.000000,810932.000000
pricing-n040-set01-m4-random-high-n20-wnarrow-time_indexed_sri,FINISHED,73.160136,0.000000,5,810932.000000,810932.000000
pricing-n040-set01-m2-random-high-n20-wwide-ng_dssr,FINISHED,169.311322,0.000000,16,1083980.000000,1083980.000000
pricing-n040-set01-m2-random-high-n20-wwide-time_indexed,FINISHED,641.671899,0.000000,44,1083980.000000,1083980.000000
pricing-n040-set01-m2-random-high-n20-wwide-time_indexed_sri,FINISHED,1039.149655,0.000000,4,1083980.000000,1083980.000000
pricing-n040-set01-m3-random-high-n20-wwide-ng_dssr,FINISHED,119.197279,0.000000,20,564049.000000,564049.000000
pricing-n040-set01-m3-random-high-n20-wwide-time_indexed,FINISHED,187.770288,0.000000,32,564049.000000,564049.000000
pricing-n040-set01-m3-random-high-n20-wwide-time_indexed_sri,FINISHED,324.271241,0.000000,5,564049.000000,564049.000000
pricing-n040-set01-m4-random-high-n20-wwide-ng_dssr,FINISHED,135.705355,0.000000,70,348340.000000,348340.000000
pricing-n040-set01-m4-random-high-n20-wwide-time_indexed,FINISHED,122.030963,0.000000,77,348340.000000,348340.000000
pricing-n040-set01-m4-random-high-n20-wwide-time_indexed_sri,FINISHED,213.896792,0.000000,15,348340.000000,348340.000000
pricing-n040-set01-m2-family-base-n1-wzero-ng_dssr,ROOT_PROCESSED,597.683007,0.000000,1,86852.000000,86852.000000
pricing-n040-set01-m2-family-base-n1-wzero-time_indexed,TIME_LIMIT,10800.034976,1.961025,2621,86852.000000,85148.810251
pricing-n040-set01-m2-family-base-n1-wzero-time_indexed_sri,ROOT_PROCESSED,657.456715,0.000000,1,86852.000000,86852.000000
pricing-n040-set01-m3-family-base-n1-wzero-ng_dssr,FINISHED,1702.650909,0.000000,239,59495.000000,59495.000000
pricing-n040-set01-m3-family-base-n1-wzero-time_indexed,TIME_LIMIT,10800.059570,0.154395,13050,59495.000000,59403.142857
pricing-n040-set01-m3-family-base-n1-wzero-time_indexed_sri,FINISHED,4391.692486,0.000000,3,59495.000000,59495.000000
pricing-n040-set01-m4-family-base-n1-wzero-ng_dssr,TIME_LIMIT,10800.055207,0.400074,12438,46533.000000,46346.833333
pricing-n040-set01-m4-family-base-n1-wzero-time_indexed,TIME_LIMIT,10800.033242,1.087400,6017,46533.000000,46027.000000
pricing-n040-set01-m4-family-base-n1-wzero-time_indexed_sri,TIME_LIMIT,10809.144068,1.097908,2,46533.000000,46022.110301
pricing-n040-set01-m2-family-base-n1-wnarrow-ng_dssr,ROOT_PROCESSED,223.300089,0.000000,1,67730.000000,67730.000000
pricing-n040-set01-m2-family-base-n1-wnarrow-time_indexed,TIME_LIMIT,10800.059695,3.120202,2466,67730.000000,65616.686885
pricing-n040-set01-m2-family-base-n1-wnarrow-time_indexed_sri,TIME_LIMIT,10800.114520,0.347374,1,67730.000000,67494.723663
pricing-n040-set01-m3-family-base-n1-wnarrow-ng_dssr,FINISHED,881.189073,0.000000,75,40759.000000,40759.000000
pricing-n040-set01-m3-family-base-n1-wnarrow-time_indexed,TIME_LIMIT,10800.038466,0.440128,9049,40759.000000,40579.608392
pricing-n040-set01-m3-family-base-n1-wnarrow-time_indexed_sri,FINISHED,7269.503912,0.000000,3,40759.000000,40759.000000
pricing-n040-set01-m4-family-base-n1-wnarrow-ng_dssr,TIME_LIMIT,10800.053371,0.497940,12497,28291.000000,28150.127778
pricing-n040-set01-m4-family-base-n1-wnarrow-time_indexed,TIME_LIMIT,10800.037511,1.218907,6248,28291.000000,27946.158974
pricing-n040-set01-m4-family-base-n1-wnarrow-time_indexed_sri,FINISHED,3070.503259,0.000000,3,28291.000000,28291.000000
pricing-n040-set01-m2-family-base-n1-wwide-ng_dssr,ROOT_PROCESSED,953.407870,0.000000,1,39722.000000,39722.000000
pricing-n040-set01-m2-family-base-n1-wwide-time_indexed,TIME_LIMIT,10800.049086,6.228491,2371,39722.000000,37247.918861
pricing-n040-set01-m2-family-base-n1-wwide-time_indexed_sri,TIME_LIMIT,11000.403359,4.930907,1,39722.000000,37763.345257
pricing-n040-set01-m3-family-base-n1-wwide-ng_dssr,FINISHED,2489.745224,0.000000,70,17396.000000,17396.000000
pricing-n040-set01-m3-family-base-n1-wwide-time_indexed,TIME_LIMIT,10800.069105,5.433887,5268,17397.000000,16451.666667
pricing-n040-set01-m3-family-base-n1-wwide-time_indexed_sri,TIME_LIMIT,10815.319899,6.335659,1,17397.000000,16294.785454
pricing-n040-set01-m4-family-base-n1-wwide-ng_dssr,TIME_LIMIT,10800.048449,4.969512,1617,8815.000000,8376.937500
pricing-n040-set01-m4-family-base-n1-wwide-time_indexed,TIME_LIMIT,10800.051157,4.880318,5690,8815.000000,8384.800000
pricing-n040-set01-m4-family-base-n1-wwide-time_indexed_sri,TIME_LIMIT,10809.073768,3.770887,4,8815.000000,8482.596289
pricing-n040-set01-m2-family-medium-n10-wzero-ng_dssr,ROOT_PROCESSED,434.008475,0.000000,1,779223.000000,779223.000000
pricing-n040-set01-m2-family-medium-n10-wzero-time_indexed,TIME_LIMIT,10800.266517,3.210802,433,779223.000000,754203.694444
pricing-n040-set01-m2-family-medium-n10-wzero-time_indexed_sri,TIME_LIMIT,10800.515784,1.334696,1,779223.000000,768822.741346
pricing-n040-set01-m3-family-medium-n10-wzero-ng_dssr,FINISHED,240.000618,0.000000,23,523488.000000,523488.000000
pricing-n040-set01-m3-family-medium-n10-wzero-time_indexed,FINISHED,1278.159846,0.000000,838,523488.000000,523488.000000
pricing-n040-set01-m3-family-medium-n10-wzero-time_indexed_sri,TIME_LIMIT,10800.059643,0.168404,1,523488.000000,522606.426731
pricing-n040-set01-m4-family-medium-n10-wzero-ng_dssr,TIME_LIMIT,10800.052478,1.017550,5680,412363.000000,408167.000000
pricing-n040-set01-m4-family-medium-n10-wzero-time_indexed,TIME_LIMIT,10800.033252,1.480686,3714,412363.000000,406257.200000
pricing-n040-set01-m4-family-medium-n10-wzero-time_indexed_sri,TIME_LIMIT,10800.211651,1.332015,2,412363.000000,406870.262628
pricing-n040-set01-m2-family-medium-n10-wnarrow-ng_dssr,ROOT_PROCESSED,841.623556,0.000000,1,584399.000000,584399.000000
pricing-n040-set01-m2-family-medium-n10-wnarrow-time_indexed,TIME_LIMIT,10800.051415,5.648324,333,584952.000000,551912.014599
pricing-n040-set01-m2-family-medium-n10-wnarrow-time_indexed_sri,TIME_LIMIT,10800.248985,3.877424,1,584952.000000,562270.931113
pricing-n040-set01-m3-family-medium-n10-wnarrow-ng_dssr,FINISHED,224.011543,0.000000,13,335584.000000,335584.000000
pricing-n040-set01-m3-family-medium-n10-wnarrow-time_indexed,TIME_LIMIT,10800.032565,0.863055,4955,335584.000000,332687.726271
pricing-n040-set01-m3-family-medium-n10-wnarrow-time_indexed_sri,TIME_LIMIT,10800.741120,0.837155,1,335584.000000,332774.642600
pricing-n040-set01-m4-family-medium-n10-wnarrow-ng_dssr,TIME_LIMIT,10800.721188,2.322281,4045,232581.000000,227179.815789
pricing-n040-set01-m4-family-medium-n10-wnarrow-time_indexed,TIME_LIMIT,10800.173892,2.949881,3667,232581.000000,225720.137931
pricing-n040-set01-m4-family-medium-n10-wnarrow-time_indexed_sri,TIME_LIMIT,10800.956978,2.998620,2,232581.000000,225606.780557
pricing-n040-set01-m2-family-medium-n10-wwide-ng_dssr,FINISHED,5533.077503,0.000000,5,319990.000000,319990.000000
pricing-n040-set01-m2-family-medium-n10-wwide-time_indexed,TIME_LIMIT,10800.038303,10.291633,397,320489.000000,287505.447350
pricing-n040-set01-m2-family-medium-n10-wwide-time_indexed_sri,TIME_LIMIT,10800.679864,8.380041,1,320489.000000,293631.891976
pricing-n040-set01-m3-family-medium-n10-wwide-ng_dssr,ROOT_PROCESSED,125.380333,0.000000,1,130295.000000,130295.000000
pricing-n040-set01-m3-family-medium-n10-wwide-time_indexed,TIME_LIMIT,10800.306887,5.629986,3029,130680.000000,123322.734800
pricing-n040-set01-m3-family-medium-n10-wwide-time_indexed_sri,TIME_LIMIT,10817.882949,6.104656,1,130680.000000,122702.435828
pricing-n040-set01-m4-family-medium-n10-wwide-ng_dssr,TIME_LIMIT,10800.699169,4.092741,1737,69447.000000,66604.714286
pricing-n040-set01-m4-family-medium-n10-wwide-time_indexed,TIME_LIMIT,10800.442621,4.560792,5979,69447.000000,66279.666667
pricing-n040-set01-m4-family-medium-n10-wwide-time_indexed_sri,TIME_LIMIT,10801.134134,5.494281,2,69447.000000,65631.386839
pricing-n040-set01-m2-family-high-n20-wzero-ng_dssr,ROOT_PROCESSED,621.757595,0.000000,1,1752756.000000,1752756.000000
pricing-n040-set01-m2-family-high-n20-wzero-time_indexed,TIME_LIMIT,10800.055814,2.901810,201,1752756.000000,1701894.354628
pricing-n040-set01-m2-family-high-n20-wzero-time_indexed_sri,TIME_LIMIT,10800.051620,0.104708,1,1752756.000000,1750920.730909
pricing-n040-set01-m3-family-high-n20-wzero-ng_dssr,FINISHED,190.982280,0.000000,17,1194675.000000,1194675.000000
pricing-n040-set01-m3-family-high-n20-wzero-time_indexed,TIME_LIMIT,10800.040277,0.377223,2214,1194675.000000,1190168.412281
pricing-n040-set01-m3-family-high-n20-wzero-time_indexed_sri,TIME_LIMIT,10800.606844,0.264148,1,1194675.000000,1191519.285506
pricing-n040-set01-m4-family-high-n20-wzero-ng_dssr,TIME_LIMIT,10800.212068,0.778372,3048,935346.000000,928065.529412
pricing-n040-set01-m4-family-high-n20-wzero-time_indexed,TIME_LIMIT,10800.033641,1.308405,1503,935346.000000,923107.888889
pricing-n040-set01-m4-family-high-n20-wzero-time_indexed_sri,TIME_LIMIT,10800.192381,0.841229,2,935346.000000,927477.601646
pricing-n040-set01-m2-family-high-n20-wnarrow-ng_dssr,ROOT_PROCESSED,471.356270,0.000000,1,1357896.000000,1357896.000000
pricing-n040-set01-m2-family-high-n20-wnarrow-time_indexed,TIME_LIMIT,10800.032930,3.876315,208,1357896.000000,1305259.678982
pricing-n040-set01-m2-family-high-n20-wnarrow-time_indexed_sri,TIME_LIMIT,10800.068132,2.012952,1,1357896.000000,1330562.206239
pricing-n040-set01-m3-family-high-n20-wnarrow-ng_dssr,FINISHED,325.635211,0.000000,15,812746.000000,812746.000000
pricing-n040-set01-m3-family-high-n20-wnarrow-time_indexed,TIME_LIMIT,10800.036964,1.243705,1400,812746.000000,802637.833333
pricing-n040-set01-m3-family-high-n20-wnarrow-time_indexed_sri,TIME_LIMIT,10800.169802,0.322856,1,812746.000000,810122.000000
pricing-n040-set01-m4-family-high-n20-wnarrow-ng_dssr,TIME_LIMIT,10800.049317,2.254106,2418,570714.000000,557849.500000
pricing-n040-set01-m4-family-high-n20-wnarrow-time_indexed,TIME_LIMIT,10800.032452,2.986534,1494,570714.000000,553669.433333
pricing-n040-set01-m4-family-high-n20-wnarrow-time_indexed_sri,TIME_LIMIT,10800.212468,2.592776,2,570714.000000,555916.665802
pricing-n040-set01-m2-family-high-n20-wwide-ng_dssr,ROOT_PROCESSED,1435.782429,0.000000,1,811258.000000,811258.000000
pricing-n040-set01-m2-family-high-n20-wwide-time_indexed,TIME_LIMIT,10800.034437,8.850103,176,811258.000000,739460.827485
pricing-n040-set01-m2-family-high-n20-wwide-time_indexed_sri,TIME_LIMIT,10800.457024,7.080941,1,811258.000000,753813.303420
pricing-n040-set01-m3-family-high-n20-wwide-ng_dssr,FINISHED,3584.281054,0.000000,79,354884.000000,354884.000000
pricing-n040-set01-m3-family-high-n20-wwide-time_indexed,TIME_LIMIT,10800.033787,6.201044,940,354884.000000,332877.486231
pricing-n040-set01-m3-family-high-n20-wwide-time_indexed_sri,TIME_LIMIT,10800.093136,5.916810,1,354884.000000,333886.187512
pricing-n040-set01-m4-family-high-n20-wwide-ng_dssr,TIME_LIMIT,10800.046478,7.293210,873,188271.000000,174540.000000
pricing-n040-set01-m4-family-high-n20-wwide-time_indexed,TIME_LIMIT,10800.038180,8.246948,2099,188271.000000,172744.388942
pricing-n040-set01-m4-family-high-n20-wwide-time_indexed_sri,TIME_LIMIT,10800.234419,8.087377,2,188271.000000,173044.814071
pricing-n040-set02-m2-random-base-n1-wzero-ng_dssr,FINISHED,40.002827,0.000000,21,99275.000000,99275.000000
pricing-n040-set02-m2-random-base-n1-wzero-time_indexed,FINISHED,49.925754,0.000000,19,99275.000000,99275.000000
pricing-n040-set02-m2-random-base-n1-wzero-time_indexed_sri,ROOT_PROCESSED,64.708119,0.000000,1,99275.000000,99275.000000
pricing-n040-set02-m3-random-base-n1-wzero-ng_dssr,ROOT_PROCESSED,6.886357,0.000000,1,63788.000000,63788.000000
pricing-n040-set02-m3-random-base-n1-wzero-time_indexed,ROOT_PROCESSED,3.371852,0.000000,1,63788.000000,63788.000000
pricing-n040-set02-m3-random-base-n1-wzero-time_indexed_sri,ROOT_PROCESSED,3.264362,0.000000,1,63788.000000,63788.000000
pricing-n040-set02-m4-random-base-n1-wzero-ng_dssr,FINISHED,3.941181,0.000000,3,46825.000000,46825.000000
pricing-n040-set02-m4-random-base-n1-wzero-time_indexed,FINISHED,7.545613,0.000000,5,46825.000000,46825.000000
pricing-n040-set02-m4-random-base-n1-wzero-time_indexed_sri,ROOT_PROCESSED,2.350289,0.000000,1,46825.000000,46825.000000
pricing-n040-set02-m2-random-base-n1-wnarrow-ng_dssr,FINISHED,26.750079,0.000000,13,79247.000000,79247.000000
pricing-n040-set02-m2-random-base-n1-wnarrow-time_indexed,FINISHED,35.691293,0.000000,12,79247.000000,79247.000000
pricing-n040-set02-m2-random-base-n1-wnarrow-time_indexed_sri,ROOT_PROCESSED,33.814413,0.000000,1,79247.000000,79247.000000
pricing-n040-set02-m3-random-base-n1-wnarrow-ng_dssr,FINISHED,9.967612,0.000000,11,45111.000000,45111.000000
pricing-n040-set02-m3-random-base-n1-wnarrow-time_indexed,FINISHED,18.737671,0.000000,8,45111.000000,45111.000000
pricing-n040-set02-m3-random-base-n1-wnarrow-time_indexed_sri,ROOT_PROCESSED,7.068242,0.000000,1,45111.000000,45111.000000
pricing-n040-set02-m4-random-base-n1-wnarrow-ng_dssr,FINISHED,3.815503,0.000000,7,29672.000000,29672.000000
pricing-n040-set02-m4-random-base-n1-wnarrow-time_indexed,FINISHED,10.730376,0.000000,9,29672.000000,29672.000000
pricing-n040-set02-m4-random-base-n1-wnarrow-time_indexed_sri,FINISHED,8.511348,0.000000,3,29672.000000,29672.000000
pricing-n040-set02-m2-random-base-n1-wwide-ng_dssr,FINISHED,38.097359,0.000000,10,48229.000000,48229.000000
pricing-n040-set02-m2-random-base-n1-wwide-time_indexed,FINISHED,60.616408,0.000000,20,48229.000000,48229.000000
pricing-n040-set02-m2-random-base-n1-wwide-time_indexed_sri,ROOT_PROCESSED,23.208215,0.000000,1,48229.000000,48229.000000
pricing-n040-set02-m3-random-base-n1-wwide-ng_dssr,FINISHED,39.293082,0.000000,30,21108.000000,21108.000000
pricing-n040-set02-m3-random-base-n1-wwide-time_indexed,FINISHED,70.062085,0.000000,59,21108.000000,21108.000000
pricing-n040-set02-m3-random-base-n1-wwide-time_indexed_sri,FINISHED,40.764301,0.000000,5,21108.000000,21108.000000
pricing-n040-set02-m4-random-base-n1-wwide-ng_dssr,FINISHED,17.547635,0.000000,32,12272.000000,12272.000000
pricing-n040-set02-m4-random-base-n1-wwide-time_indexed,FINISHED,39.746986,0.000000,44,12272.000000,12272.000000
pricing-n040-set02-m4-random-base-n1-wwide-time_indexed_sri,FINISHED,25.168967,0.000000,9,12272.000000,12272.000000
pricing-n040-set02-m2-random-medium-n10-wzero-ng_dssr,FINISHED,50.175302,0.000000,3,831414.000000,831414.000000
pricing-n040-set02-m2-random-medium-n10-wzero-time_indexed,FINISHED,78.128886,0.000000,8,831414.000000,831414.000000
pricing-n040-set02-m2-random-medium-n10-wzero-time_indexed_sri,ROOT_PROCESSED,67.070862,0.000000,1,831414.000000,831414.000000
pricing-n040-set02-m3-random-medium-n10-wzero-ng_dssr,FINISHED,29.788964,0.000000,9,536881.000000,536881.000000
pricing-n040-set02-m3-random-medium-n10-wzero-time_indexed,FINISHED,34.489830,0.000000,10,536881.000000,536881.000000
pricing-n040-set02-m3-random-medium-n10-wzero-time_indexed_sri,ROOT_PROCESSED,30.188670,0.000000,1,536881.000000,536881.000000
pricing-n040-set02-m4-random-medium-n10-wzero-ng_dssr,FINISHED,89.829821,0.000000,54,396605.000000,396605.000000
pricing-n040-set02-m4-random-medium-n10-wzero-time_indexed,FINISHED,97.855562,0.000000,85,396605.000000,396605.000000
pricing-n040-set02-m4-random-medium-n10-wzero-time_indexed_sri,FINISHED,165.507772,0.000000,15,396605.000000,396605.000000
pricing-n040-set02-m2-random-medium-n10-wnarrow-ng_dssr,FINISHED,69.452836,0.000000,17,636190.000000,636190.000000
pricing-n040-set02-m2-random-medium-n10-wnarrow-time_indexed,FINISHED,62.357668,0.000000,11,636190.000000,636190.000000
pricing-n040-set02-m2-random-medium-n10-wnarrow-time_indexed_sri,FINISHED,133.981372,0.000000,3,636190.000000,636190.000000
pricing-n040-set02-m3-random-medium-n10-wnarrow-ng_dssr,FINISHED,32.100184,0.000000,14,353010.000000,353010.000000
pricing-n040-set02-m3-random-medium-n10-wnarrow-time_indexed,FINISHED,41.707004,0.000000,24,353010.000000,353010.000000
pricing-n040-set02-m3-random-medium-n10-wnarrow-time_indexed_sri,FINISHED,71.477803,0.000000,5,353010.000000,353010.000000
pricing-n040-set02-m4-random-medium-n10-wnarrow-ng_dssr,FINISHED,35.036638,0.000000,20,228772.000000,228772.000000
pricing-n040-set02-m4-random-medium-n10-wnarrow-time_indexed,FINISHED,36.194961,0.000000,24,228772.000000,228772.000000
pricing-n040-set02-m4-random-medium-n10-wnarrow-time_indexed_sri,FINISHED,44.162614,0.000000,7,228772.000000,228772.000000
pricing-n040-set02-m2-random-medium-n10-wwide-ng_dssr,FINISHED,70.549854,0.000000,12,369727.000000,369727.000000
pricing-n040-set02-m2-random-medium-n10-wwide-time_indexed,FINISHED,88.516052,0.000000,15,369727.000000,369727.000000
pricing-n040-set02-m2-random-medium-n10-wwide-time_indexed_sri,ROOT_PROCESSED,84.885804,0.000000,1,369727.000000,369727.000000
pricing-n040-set02-m3-random-medium-n10-wwide-ng_dssr,FINISHED,78.451977,0.000000,42,156262.000000,156262.000000
pricing-n040-set02-m3-random-medium-n10-wwide-time_indexed,FINISHED,150.223525,0.000000,93,156262.000000,156262.000000
pricing-n040-set02-m3-random-medium-n10-wwide-time_indexed_sri,FINISHED,220.725629,0.000000,7,156262.000000,156262.000000
pricing-n040-set02-m4-random-medium-n10-wwide-ng_dssr,FINISHED,84.934022,0.000000,30,103959.000000,103959.000000
pricing-n040-set02-m4-random-medium-n10-wwide-time_indexed,FINISHED,57.888856,0.000000,47,103959.000000,103959.000000
pricing-n040-set02-m4-random-medium-n10-wwide-time_indexed_sri,FINISHED,130.738706,0.000000,10,103959.000000,103959.000000
pricing-n040-set02-m2-random-high-n20-wzero-ng_dssr,FINISHED,95.211735,0.000000,8,1925793.000000,1925793.000000
pricing-n040-set02-m2-random-high-n20-wzero-time_indexed,FINISHED,199.413767,0.000000,16,1925793.000000,1925793.000000
pricing-n040-set02-m2-random-high-n20-wzero-time_indexed_sri,ROOT_PROCESSED,120.596784,0.000000,1,1925793.000000,1925793.000000
pricing-n040-set02-m3-random-high-n20-wzero-ng_dssr,FINISHED,88.381658,0.000000,28,1238305.000000,1238305.000000
pricing-n040-set02-m3-random-high-n20-wzero-time_indexed,FINISHED,127.806432,0.000000,30,1238305.000000,1238305.000000
pricing-n040-set02-m3-random-high-n20-wzero-time_indexed_sri,FINISHED,214.866107,0.000000,5,1238305.000000,1238305.000000
pricing-n040-set02-m4-random-high-n20-wzero-ng_dssr,FINISHED,36.036405,0.000000,11,902277.000000,902277.000000
pricing-n040-set02-m4-random-high-n20-wzero-time_indexed,FINISHED,30.668506,0.000000,8,902277.000000,902277.000000
pricing-n040-set02-m4-random-high-n20-wzero-time_indexed_sri,FINISHED,46.788310,0.000000,3,902277.000000,902277.000000
pricing-n040-set02-m2-random-high-n20-wnarrow-ng_dssr,FINISHED,116.090688,0.000000,13,1520743.000000,1520743.000000
pricing-n040-set02-m2-random-high-n20-wnarrow-time_indexed,FINISHED,144.026277,0.000000,10,1520743.000000,1520743.000000
pricing-n040-set02-m2-random-high-n20-wnarrow-time_indexed_sri,FINISHED,184.193980,0.000000,3,1520743.000000,1520743.000000
pricing-n040-set02-m3-random-high-n20-wnarrow-ng_dssr,FINISHED,62.976474,0.000000,20,857984.000000,857984.000000
pricing-n040-set02-m3-random-high-n20-wnarrow-time_indexed,FINISHED,69.238564,0.000000,15,857984.000000,857984.000000
pricing-n040-set02-m3-random-high-n20-wnarrow-time_indexed_sri,FINISHED,93.307212,0.000000,3,857984.000000,857984.000000
pricing-n040-set02-m4-random-high-n20-wnarrow-ng_dssr,FINISHED,45.901844,0.000000,21,549710.000000,549710.000000
pricing-n040-set02-m4-random-high-n20-wnarrow-time_indexed,FINISHED,45.015499,0.000000,17,549710.000000,549710.000000
pricing-n040-set02-m4-random-high-n20-wnarrow-time_indexed_sri,FINISHED,60.400714,0.000000,5,549710.000000,549710.000000
pricing-n040-set02-m2-random-high-n20-wwide-ng_dssr,FINISHED,112.166788,0.000000,11,908732.000000,908732.000000
pricing-n040-set02-m2-random-high-n20-wwide-time_indexed,FINISHED,180.670341,0.000000,16,908732.000000,908732.000000
pricing-n040-set02-m2-random-high-n20-wwide-time_indexed_sri,ROOT_PROCESSED,148.291459,0.000000,1,908732.000000,908732.000000
pricing-n040-set02-m3-random-high-n20-wwide-ng_dssr,FINISHED,101.226069,0.000000,28,391081.000000,391081.000000
pricing-n040-set02-m3-random-high-n20-wwide-time_indexed,FINISHED,342.061731,0.000000,74,391081.000000,391081.000000
pricing-n040-set02-m3-random-high-n20-wwide-time_indexed_sri,FINISHED,477.130443,0.000000,10,391081.000000,391081.000000
pricing-n040-set02-m4-random-high-n20-wwide-ng_dssr,FINISHED,106.063191,0.000000,26,231885.000000,231885.000000
pricing-n040-set02-m4-random-high-n20-wwide-time_indexed,FINISHED,62.432275,0.000000,26,231885.000000,231885.000000
pricing-n040-set02-m4-random-high-n20-wwide-time_indexed_sri,FINISHED,101.409253,0.000000,5,231885.000000,231885.000000
pricing-n040-set02-m2-family-base-n1-wzero-ng_dssr,ROOT_PROCESSED,832.177995,0.000000,1,82351.000000,82351.000000
pricing-n040-set02-m2-family-base-n1-wzero-time_indexed,TIME_LIMIT,10800.035658,3.480270,1865,82351.000000,79484.962500
pricing-n040-set02-m2-family-base-n1-wzero-time_indexed_sri,ROOT_PROCESSED,4634.788760,0.000000,1,82351.000000,82351.000000
pricing-n040-set02-m3-family-base-n1-wzero-ng_dssr,ROOT_PROCESSED,6.859454,0.000000,1,46819.000000,46819.000000
pricing-n040-set02-m3-family-base-n1-wzero-time_indexed,FINISHED,47.966542,0.000000,30,46819.000000,46819.000000
pricing-n040-set02-m3-family-base-n1-wzero-time_indexed_sri,ROOT_PROCESSED,16.216463,0.000000,1,46819.000000,46819.000000
pricing-n040-set02-m4-family-base-n1-wzero-ng_dssr,TIME_LIMIT,10800.223764,1.830439,10827,33858.000000,33238.250000
pricing-n040-set02-m4-family-base-n1-wzero-time_indexed,TIME_LIMIT,10800.048914,2.687326,8677,33858.000000,32948.125000
pricing-n040-set02-m4-family-base-n1-wzero-time_indexed_sri,TIME_LIMIT,10800.846090,2.647468,2,33858.000000,32961.620393
pricing-n040-set02-m2-family-base-n1-wnarrow-ng_dssr,ROOT_PROCESSED,1374.442397,0.000000,1,64927.000000,64927.000000
pricing-n040-set02-m2-family-base-n1-wnarrow-time_indexed,TIME_LIMIT,10800.033004,7.023585,1704,65176.000000,60598.307945
pricing-n040-set02-m2-family-base-n1-wnarrow-time_indexed_sri,TIME_LIMIT,10800.515893,3.201950,1,65176.000000,63089.097198
pricing-n040-set02-m3-family-base-n1-wnarrow-ng_dssr,ROOT_PROCESSED,8.526913,0.000000,1,29624.000000,29624.000000
pricing-n040-set02-m3-family-base-n1-wnarrow-time_indexed,FINISHED,85.987725,0.000000,115,29624.000000,29624.000000
pricing-n040-set02-m3-family-base-n1-wnarrow-time_indexed_sri,ROOT_PROCESSED,13.620841,0.000000,1,29624.000000,29624.000000
pricing-n040-set02-m4-family-base-n1-wnarrow-ng_dssr,TIME_LIMIT,10800.150458,3.178777,13887,17685.000000,17122.833333
pricing-n040-set02-m4-family-base-n1-wnarrow-time_indexed,TIME_LIMIT,10800.075883,4.941393,7630,17685.000000,16811.114583
pricing-n040-set02-m4-family-base-n1-wnarrow-time_indexed_sri,TIME_LIMIT,10800.215896,5.527188,2,17685.000000,16707.516815
pricing-n040-set02-m2-family-base-n1-wwide-ng_dssr,ROOT_PROCESSED,1319.576930,0.000000,1,36435.000000,36435.000000
pricing-n040-set02-m2-family-base-n1-wwide-time_indexed,TIME_LIMIT,10800.052763,11.417008,1743,36558.000000,32384.170168
pricing-n040-set02-m2-family-base-n1-wwide-time_indexed_sri,TIME_LIMIT,10802.646772,2.728011,1,36558.000000,35560.693565
pricing-n040-set02-m3-family-base-n1-wwide-ng_dssr,ROOT_PROCESSED,41.348040,0.000000,1,9787.000000,9787.000000
pricing-n040-set02-m3-family-base-n1-wwide-time_indexed,FINISHED,441.972264,0.000000,493,9787.000000,9787.000000
pricing-n040-set02-m3-family-base-n1-wwide-time_indexed_sri,ROOT_PROCESSED,63.600583,0.000000,1,9787.000000,9787.000000
pricing-n040-set02-m4-family-base-n1-wwide-ng_dssr,TIME_LIMIT,10800.073942,10.298908,8982,5403.000000,4846.550000
pricing-n040-set02-m4-family-base-n1-wwide-time_indexed,TIME_LIMIT,10800.054308,13.284186,8036,5403.000000,4685.255448
pricing-n040-set02-m4-family-base-n1-wwide-time_indexed_sri,TIME_LIMIT,10802.056631,13.050655,2,5403.000000,4697.873132
pricing-n040-set02-m2-family-medium-n10-wzero-ng_dssr,ROOT_PROCESSED,400.377554,0.000000,1,665811.000000,665811.000000
pricing-n040-set02-m2-family-medium-n10-wzero-time_indexed,TIME_LIMIT,10800.057561,2.008792,583,665811.000000,652436.241134
pricing-n040-set02-m2-family-medium-n10-wzero-time_indexed_sri,ROOT_PROCESSED,772.583078,0.000000,1,665811.000000,665811.000000
pricing-n040-set02-m3-family-medium-n10-wzero-ng_dssr,ROOT_PROCESSED,62.925162,0.000000,1,383207.000000,383207.000000
pricing-n040-set02-m3-family-medium-n10-wzero-time_indexed,FINISHED,2366.824527,0.000000,902,383207.000000,383207.000000
pricing-n040-set02-m3-family-medium-n10-wzero-time_indexed_sri,ROOT_PROCESSED,1039.453909,0.000000,1,383207.000000,383207.000000
pricing-n040-set02-m4-family-medium-n10-wzero-ng_dssr,TIME_LIMIT,10800.821152,1.313031,4968,261792.000000,258354.589636
pricing-n040-set02-m4-family-medium-n10-wzero-time_indexed,TIME_LIMIT,10800.033804,2.354078,3105,261792.000000,255629.211111
pricing-n040-set02-m4-family-medium-n10-wzero-time_indexed_sri,TIME_LIMIT,10800.255122,1.928890,1,261792.000000,256742.320181
pricing-n040-set02-m2-family-medium-n10-wnarrow-ng_dssr,ROOT_PROCESSED,835.467498,0.000000,1,489435.000000,489435.000000
pricing-n040-set02-m2-family-medium-n10-wnarrow-time_indexed,TIME_LIMIT,10800.042964,4.824853,394,489435.000000,465820.478706
pricing-n040-set02-m2-family-medium-n10-wnarrow-time_indexed_sri,ROOT_PROCESSED,3679.657299,0.000000,1,489435.000000,489435.000000
pricing-n040-set02-m3-family-medium-n10-wnarrow-ng_dssr,ROOT_PROCESSED,52.065841,0.000000,1,219027.000000,219027.000000
pricing-n040-set02-m3-family-medium-n10-wnarrow-time_indexed,TIME_LIMIT,10800.367296,1.972226,2836,219027.000000,214707.293651
pricing-n040-set02-m3-family-medium-n10-wnarrow-time_indexed_sri,TIME_LIMIT,10800.267137,0.303776,1,219027.000000,218361.648398
pricing-n040-set02-m4-family-medium-n10-wnarrow-ng_dssr,FINISHED,1154.280439,0.000000,1023,118150.000000,118150.000000
pricing-n040-set02-m4-family-medium-n10-wnarrow-time_indexed,FINISHED,2957.340277,0.000000,2215,118150.000000,118150.000000
pricing-n040-set02-m4-family-medium-n10-wnarrow-time_indexed_sri,TIME_LIMIT,10800.196747,0.859167,2,118150.000000,117134.894125
pricing-n040-set02-m2-family-medium-n10-wwide-ng_dssr,ROOT_PROCESSED,2470.428194,0.000000,1,253743.000000,253743.000000
pricing-n040-set02-m2-family-medium-n10-wwide-time_indexed,TIME_LIMIT,10800.033551,11.129039,293,253743.000000,225503.842794
pricing-n040-set02-m2-family-medium-n10-wwide-time_indexed_sri,TIME_LIMIT,10800.059923,2.778508,1,253743.000000,246692.730769
pricing-n040-set02-m3-family-medium-n10-wwide-ng_dssr,FINISHED,434.440914,0.000000,3,69189.000000,69189.000000
pricing-n040-set02-m3-family-medium-n10-wwide-time_indexed,TIME_LIMIT,10800.036085,6.714202,2992,69189.000000,64543.510802
pricing-n040-set02-m3-family-medium-n10-wwide-time_indexed_sri,TIME_LIMIT,10801.879846,4.136805,1,69189.000000,66326.786238
pricing-n040-set02-m4-family-medium-n10-wwide-time_indexed,TIME_LIMIT,10800.135474,8.595231,4915,44060.000000,40272.941176
pricing-n040-set02-m4-family-medium-n10-wwide-time_indexed_sri,TIME_LIMIT,10800.192279,9.856230,2,44060.000000,39717.345222
pricing-n040-set02-m2-family-high-n20-wzero-ng_dssr,ROOT_PROCESSED,566.727927,0.000000,1,1615016.000000,1615016.000000
pricing-n040-set02-m2-family-high-n20-wzero-time_indexed,TIME_LIMIT,10800.031938,5.023131,99,1615016.000000,1533891.637037
pricing-n040-set02-m2-family-high-n20-wzero-time_indexed_sri,TIME_LIMIT,10800.042220,1.675659,1,1615016.000000,1587953.832392
pricing-n040-set02-m3-family-high-n20-wzero-ng_dssr,ROOT_PROCESSED,47.341655,0.000000,1,896413.000000,896413.000000
pricing-n040-set02-m3-family-high-n20-wzero-time_indexed,FINISHED,248.291904,0.000000,62,896413.000000,896413.000000
pricing-n040-set02-m3-family-high-n20-wzero-time_indexed_sri,ROOT_PROCESSED,98.257466,0.000000,1,896413.000000,896413.000000
pricing-n040-set02-m4-family-high-n20-wzero-ng_dssr,TIME_LIMIT,10802.413502,0.990776,2705,622175.000000,616010.636364
pricing-n040-set02-m4-family-high-n20-wzero-time_indexed,TIME_LIMIT,10800.034419,2.253049,1504,622175.000000,608157.094340
pricing-n040-set02-m4-family-high-n20-wzero-time_indexed_sri,TIME_LIMIT,10800.077322,1.301220,2,622175.000000,614079.136276
pricing-n040-set02-m2-family-high-n20-wnarrow-ng_dssr,ROOT_PROCESSED,783.320907,0.000000,1,1233397.000000,1233397.000000
pricing-n040-set02-m2-family-high-n20-wnarrow-time_indexed,TIME_LIMIT,10800.031678,6.956254,104,1233397.000000,1147598.771242
pricing-n040-set02-m2-family-high-n20-wnarrow-time_indexed_sri,TIME_LIMIT,10800.062181,2.539446,1,1233397.000000,1202075.549501
pricing-n040-set02-m3-family-high-n20-wnarrow-ng_dssr,ROOT_PROCESSED,46.554181,0.000000,1,531645.000000,531645.000000
pricing-n040-set02-m3-family-high-n20-wnarrow-time_indexed,FINISHED,69.858567,0.000000,7,531645.000000,531645.000000
pricing-n040-set02-m3-family-high-n20-wnarrow-time_indexed_sri,ROOT_PROCESSED,59.141555,0.000000,1,531645.000000,531645.000000
pricing-n040-set02-m4-family-high-n20-wnarrow-ng_dssr,FINISHED,1067.425669,0.000000,644,297611.000000,297611.000000
pricing-n040-set02-m4-family-high-n20-wnarrow-time_indexed,FINISHED,3311.328163,0.000000,1309,297611.000000,297611.000000
pricing-n040-set02-m4-family-high-n20-wnarrow-time_indexed_sri,FINISHED,8869.383913,0.000000,3,297611.000000,297611.000000
pricing-n040-set02-m2-family-high-n20-wwide-ng_dssr,ROOT_PROCESSED,1222.405423,0.000000,1,677351.000000,677351.000000
pricing-n040-set02-m2-family-high-n20-wwide-time_indexed,TIME_LIMIT,10800.032643,13.767857,97,677351.000000,584094.283473
pricing-n040-set02-m2-family-high-n20-wwide-time_indexed_sri,TIME_LIMIT,10800.041035,6.087002,1,677351.000000,636120.628400
pricing-n040-set02-m3-family-high-n20-wwide-ng_dssr,FINISHED,1097.201795,0.000000,7,198671.000000,198671.000000
pricing-n040-set02-m3-family-high-n20-wwide-time_indexed,TIME_LIMIT,10800.035045,10.044550,937,198671.000000,178715.392308
pricing-n040-set02-m3-family-high-n20-wwide-time_indexed_sri,TIME_LIMIT,10802.709092,7.950639,1,198671.000000,182875.386184
pricing-n040-set02-m4-family-high-n20-wwide-ng_dssr,TIME_LIMIT,10800.055918,8.611184,1475,98874.000000,90359.777778
pricing-n040-set02-m4-family-high-n20-wwide-time_indexed,TIME_LIMIT,10801.174753,9.835991,2055,98874.000000,89148.761905
pricing-n040-set02-m4-family-high-n20-wwide-time_indexed_sri,TIME_LIMIT,10800.165321,10.134340,2,98874.000000,88853.772514
pricing-n040-set03-m2-random-base-n1-wzero-ng_dssr,ROOT_PROCESSED,22.632141,0.000000,1,88621.000000,88621.000000
pricing-n040-set03-m2-random-base-n1-wzero-time_indexed,FINISHED,40.933254,0.000000,9,88621.000000,88621.000000
pricing-n040-set03-m2-random-base-n1-wzero-time_indexed_sri,ROOT_PROCESSED,28.197251,0.000000,1,88621.000000,88621.000000
pricing-n040-set03-m3-random-base-n1-wzero-ng_dssr,FINISHED,7.588392,0.000000,5,56881.000000,56881.000000
pricing-n040-set03-m3-random-base-n1-wzero-time_indexed,FINISHED,18.089820,0.000000,10,56881.000000,56881.000000
pricing-n040-set03-m3-random-base-n1-wzero-time_indexed_sri,ROOT_PROCESSED,5.160444,0.000000,1,56881.000000,56881.000000
pricing-n040-set03-m4-random-base-n1-wzero-ng_dssr,FINISHED,4.107463,0.000000,7,41433.000000,41433.000000
pricing-n040-set03-m4-random-base-n1-wzero-time_indexed,FINISHED,9.914678,0.000000,7,41433.000000,41433.000000
pricing-n040-set03-m4-random-base-n1-wzero-time_indexed_sri,ROOT_PROCESSED,2.284131,0.000000,1,41433.000000,41433.000000
pricing-n040-set03-m2-random-base-n1-wnarrow-ng_dssr,ROOT_PROCESSED,35.901452,0.000000,1,70549.000000,70549.000000
pricing-n040-set03-m2-random-base-n1-wnarrow-time_indexed,FINISHED,37.011870,0.000000,6,70549.000000,70549.000000
pricing-n040-set03-m2-random-base-n1-wnarrow-time_indexed_sri,ROOT_PROCESSED,18.485441,0.000000,1,70549.000000,70549.000000
pricing-n040-set03-m3-random-base-n1-wnarrow-ng_dssr,FINISHED,9.873417,0.000000,9,40308.000000,40308.000000
pricing-n040-set03-m3-random-base-n1-wnarrow-time_indexed,FINISHED,22.574950,0.000000,13,40308.000000,40308.000000
pricing-n040-set03-m3-random-base-n1-wnarrow-time_indexed_sri,ROOT_PROCESSED,16.673969,0.000000,1,40308.000000,40308.000000
pricing-n040-set03-m4-random-base-n1-wnarrow-ng_dssr,FINISHED,8.807652,0.000000,10,26237.000000,26237.000000
pricing-n040-set03-m4-random-base-n1-wnarrow-time_indexed,FINISHED,19.682623,0.000000,16,26237.000000,26237.000000
pricing-n040-set03-m4-random-base-n1-wnarrow-time_indexed_sri,FINISHED,18.927294,0.000000,4,26237.000000,26237.000000
pricing-n040-set03-m2-random-base-n1-wwide-ng_dssr,FINISHED,89.509555,0.000000,6,43104.000000,43104.000000
pricing-n040-set03-m2-random-base-n1-wwide-time_indexed,FINISHED,121.638180,0.000000,59,43104.000000,43104.000000
pricing-n040-set03-m2-random-base-n1-wwide-time_indexed_sri,FINISHED,83.378463,0.000000,3,43104.000000,43104.000000
pricing-n040-set03-m3-random-base-n1-wwide-ng_dssr,FINISHED,75.615556,0.000000,44,19309.000000,19309.000000
pricing-n040-set03-m3-random-base-n1-wwide-time_indexed,FINISHED,88.372278,0.000000,97,19309.000000,19309.000000
pricing-n040-set03-m3-random-base-n1-wwide-time_indexed_sri,FINISHED,68.313159,0.000000,10,19309.000000,19309.000000
pricing-n040-set03-m4-random-base-n1-wwide-ng_dssr,FINISHED,13.721140,0.000000,28,10508.000000,10508.000000
pricing-n040-set03-m4-random-base-n1-wwide-time_indexed,FINISHED,51.378736,0.000000,54,10508.000000,10508.000000
pricing-n040-set03-m4-random-base-n1-wwide-time_indexed_sri,FINISHED,20.578062,0.000000,7,10508.000000,10508.000000
pricing-n040-set03-m2-random-medium-n10-wzero-ng_dssr,FINISHED,53.991711,0.000000,3,839506.000000,839506.000000
pricing-n040-set03-m2-random-medium-n10-wzero-time_indexed,FINISHED,74.439316,0.000000,10,839506.000000,839506.000000
pricing-n040-set03-m2-random-medium-n10-wzero-time_indexed_sri,ROOT_PROCESSED,65.564693,0.000000,1,839506.000000,839506.000000
pricing-n040-set03-m3-random-medium-n10-wzero-ng_dssr,ROOT_PROCESSED,19.551994,0.000000,1,538900.000000,538900.000000
pricing-n040-set03-m3-random-medium-n10-wzero-time_indexed,FINISHED,25.443770,0.000000,3,538900.000000,538900.000000
pricing-n040-set03-m3-random-medium-n10-wzero-time_indexed_sri,ROOT_PROCESSED,19.072512,0.000000,1,538900.000000,538900.000000
pricing-n040-set03-m4-random-medium-n10-wzero-ng_dssr,FINISHED,14.209508,0.000000,3,399494.000000,399494.000000
pricing-n040-set03-m4-random-medium-n10-wzero-time_indexed,FINISHED,21.685207,0.000000,10,399494.000000,399494.000000
pricing-n040-set03-m4-random-medium-n10-wzero-time_indexed_sri,ROOT_PROCESSED,13.082170,0.000000,1,399494.000000,399494.000000
pricing-n040-set03-m2-random-medium-n10-wnarrow-ng_dssr,FINISHED,126.022815,0.000000,5,651075.000000,651075.000000
pricing-n040-set03-m2-random-medium-n10-wnarrow-time_indexed,FINISHED,309.010552,0.000000,62,651075.000000,651075.000000
pricing-n040-set03-m2-random-medium-n10-wnarrow-time_indexed_sri,ROOT_PROCESSED,151.991775,0.000000,1,651075.000000,651075.000000
pricing-n040-set03-m3-random-medium-n10-wnarrow-ng_dssr,FINISHED,187.517761,0.000000,36,375704.000000,375704.000000
pricing-n040-set03-m3-random-medium-n10-wnarrow-time_indexed,FINISHED,726.884886,0.000000,269,375704.000000,375704.000000
pricing-n040-set03-m3-random-medium-n10-wnarrow-time_indexed_sri,FINISHED,205.917688,0.000000,5,375704.000000,375704.000000
pricing-n040-set03-m4-random-medium-n10-wnarrow-ng_dssr,FINISHED,20.285119,0.000000,11,239933.000000,239933.000000
pricing-n040-set03-m4-random-medium-n10-wnarrow-time_indexed,FINISHED,34.781219,0.000000,29,239933.000000,239933.000000
pricing-n040-set03-m4-random-medium-n10-wnarrow-time_indexed_sri,ROOT_PROCESSED,20.819129,0.000000,1,239933.000000,239933.000000
pricing-n040-set03-m2-random-medium-n10-wwide-ng_dssr,FINISHED,612.061730,0.000000,22,389459.000000,389459.000000
pricing-n040-set03-m2-random-medium-n10-wwide-time_indexed,FINISHED,1889.390715,0.000000,406,389459.000000,389459.000000
pricing-n040-set03-m2-random-medium-n10-wwide-time_indexed_sri,FINISHED,451.591918,0.000000,3,389459.000000,389459.000000
pricing-n040-set03-m3-random-medium-n10-wwide-ng_dssr,FINISHED,43.952945,0.000000,11,165577.000000,165577.000000
pricing-n040-set03-m3-random-medium-n10-wwide-time_indexed,FINISHED,89.411500,0.000000,35,165577.000000,165577.000000
pricing-n040-set03-m3-random-medium-n10-wwide-time_indexed_sri,FINISHED,96.589930,0.000000,4,165577.000000,165577.000000
pricing-n040-set03-m4-random-medium-n10-wwide-ng_dssr,FINISHED,59.869575,0.000000,28,93446.000000,93446.000000
pricing-n040-set03-m4-random-medium-n10-wwide-time_indexed,FINISHED,98.923185,0.000000,79,93446.000000,93446.000000
pricing-n040-set03-m4-random-medium-n10-wwide-time_indexed_sri,FINISHED,137.897780,0.000000,10,93446.000000,93446.000000
pricing-n040-set03-m2-random-high-n20-wzero-ng_dssr,FINISHED,171.811788,0.000000,7,1910209.000000,1910209.000000
pricing-n040-set03-m2-random-high-n20-wzero-time_indexed,FINISHED,601.103453,0.000000,71,1910209.000000,1910209.000000
pricing-n040-set03-m2-random-high-n20-wzero-time_indexed_sri,ROOT_PROCESSED,278.142232,0.000000,1,1910209.000000,1910209.000000
pricing-n040-set03-m3-random-high-n20-wzero-ng_dssr,FINISHED,110.113796,0.000000,26,1223408.000000,1223408.000000
pricing-n040-set03-m3-random-high-n20-wzero-time_indexed,FINISHED,192.381559,0.000000,43,1223408.000000,1223408.000000
pricing-n040-set03-m3-random-high-n20-wzero-time_indexed_sri,FINISHED,253.781313,0.000000,5,1223408.000000,1223408.000000
pricing-n040-set03-m4-random-high-n20-wzero-ng_dssr,FINISHED,32.044778,0.000000,6,887894.000000,887894.000000
pricing-n040-set03-m4-random-high-n20-wzero-time_indexed,FINISHED,57.817230,0.000000,18,887894.000000,887894.000000
pricing-n040-set03-m4-random-high-n20-wzero-time_indexed_sri,ROOT_PROCESSED,38.040332,0.000000,1,887894.000000,887894.000000
pricing-n040-set03-m2-random-high-n20-wnarrow-ng_dssr,FINISHED,207.461064,0.000000,13,1538090.000000,1538090.000000
pricing-n040-set03-m2-random-high-n20-wnarrow-time_indexed,FINISHED,455.286777,0.000000,51,1538090.000000,1538090.000000
pricing-n040-set03-m2-random-high-n20-wnarrow-time_indexed_sri,ROOT_PROCESSED,317.914900,0.000000,1,1538090.000000,1538090.000000
pricing-n040-set03-m3-random-high-n20-wnarrow-ng_dssr,FINISHED,82.084038,0.000000,19,874726.000000,874726.000000
pricing-n040-set03-m3-random-high-n20-wnarrow-time_indexed,FINISHED,134.684556,0.000000,36,874726.000000,874726.000000
pricing-n040-set03-m3-random-high-n20-wnarrow-time_indexed_sri,FINISHED,140.148953,0.000000,3,874726.000000,874726.000000
pricing-n040-set03-m4-random-high-n20-wnarrow-ng_dssr,FINISHED,39.780224,0.000000,8,571412.000000,571412.000000
pricing-n040-set03-m4-random-high-n20-wnarrow-time_indexed,FINISHED,66.362211,0.000000,23,571412.000000,571412.000000
pricing-n040-set03-m4-random-high-n20-wnarrow-time_indexed_sri,FINISHED,61.111830,0.000000,3,571412.000000,571412.000000
pricing-n040-set03-m2-random-high-n20-wwide-ng_dssr,FINISHED,224.448560,0.000000,9,959706.000000,959706.000000
pricing-n040-set03-m2-random-high-n20-wwide-time_indexed,FINISHED,371.752394,0.000000,33,959706.000000,959706.000000
pricing-n040-set03-m2-random-high-n20-wwide-time_indexed_sri,ROOT_PROCESSED,225.774711,0.000000,1,959706.000000,959706.000000
pricing-n040-set03-m3-random-high-n20-wwide-ng_dssr,FINISHED,133.776491,0.000000,22,430449.000000,430449.000000
pricing-n040-set03-m3-random-high-n20-wwide-time_indexed,FINISHED,336.996295,0.000000,68,430449.000000,430449.000000
pricing-n040-set03-m3-random-high-n20-wwide-time_indexed_sri,FINISHED,321.692499,0.000000,5,430449.000000,430449.000000
pricing-n040-set03-m4-random-high-n20-wwide-ng_dssr,FINISHED,36.294222,0.000000,6,230368.000000,230368.000000
pricing-n040-set03-m4-random-high-n20-wwide-time_indexed,FINISHED,32.542790,0.000000,6,230368.000000,230368.000000
pricing-n040-set03-m4-random-high-n20-wwide-time_indexed_sri,ROOT_PROCESSED,37.945370,0.000000,1,230368.000000,230368.000000
pricing-n040-set03-m2-family-base-n1-wzero-ng_dssr,ROOT_PROCESSED,644.443091,0.000000,1,73543.000000,73543.000000
pricing-n040-set03-m2-family-base-n1-wzero-time_indexed,TIME_LIMIT,10800.048503,5.492743,1627,73543.000000,69503.472222
pricing-n040-set03-m2-family-base-n1-wzero-time_indexed_sri,TIME_LIMIT,10805.608756,0.157065,1,73543.000000,73427.489500
pricing-n040-set03-m3-family-base-n1-wzero-ng_dssr,ROOT_PROCESSED,10.541312,0.000000,1,41495.000000,41495.000000
pricing-n040-set03-m3-family-base-n1-wzero-time_indexed,FINISHED,34.388508,0.000000,24,41495.000000,41495.000000
pricing-n040-set03-m3-family-base-n1-wzero-time_indexed_sri,ROOT_PROCESSED,15.184234,0.000000,1,41495.000000,41495.000000
pricing-n040-set03-m4-family-base-n1-wzero-ng_dssr,TIME_LIMIT,10800.054478,0.436327,21092,29549.000000,29420.069767
pricing-n040-set03-m4-family-base-n1-wzero-time_indexed,TIME_LIMIT,10800.033464,1.247193,9593,29549.000000,29180.467083
pricing-n040-set03-m4-family-base-n1-wzero-time_indexed_sri,TIME_LIMIT,10803.613457,0.727593,2,29549.000000,29334.003608
pricing-n040-set03-m2-family-base-n1-wnarrow-ng_dssr,ROOT_PROCESSED,291.781602,0.000000,1,55943.000000,55943.000000
pricing-n040-set03-m2-family-base-n1-wnarrow-time_indexed,TIME_LIMIT,10800.052531,6.770512,2081,55943.000000,52155.372549
pricing-n040-set03-m2-family-base-n1-wnarrow-time_indexed_sri,TIME_LIMIT,10808.754934,0.940185,1,55943.000000,55417.032549
pricing-n040-set03-m3-family-base-n1-wnarrow-ng_dssr,ROOT_PROCESSED,11.354477,0.000000,1,26390.000000,26390.000000
pricing-n040-set03-m3-family-base-n1-wnarrow-time_indexed,FINISHED,52.729191,0.000000,36,26390.000000,26390.000000
pricing-n040-set03-m3-family-base-n1-wnarrow-time_indexed_sri,ROOT_PROCESSED,12.777451,0.000000,1,26390.000000,26390.000000
pricing-n040-set03-m4-family-base-n1-wnarrow-ng_dssr,TIME_LIMIT,10800.077527,3.157910,13295,16614.000000,16089.344828
pricing-n040-set03-m4-family-base-n1-wnarrow-time_indexed,TIME_LIMIT,10800.040267,5.005114,7658,16614.000000,15782.450390
pricing-n040-set03-m4-family-base-n1-wnarrow-time_indexed_sri,TIME_LIMIT,10802.739482,4.108879,2,16614.000000,15931.350851
pricing-n040-set03-m2-family-base-n1-wwide-ng_dssr,ROOT_PROCESSED,899.241859,0.000000,1,30763.000000,30763.000000
pricing-n040-set03-m2-family-base-n1-wwide-time_indexed,TIME_LIMIT,10800.063801,9.560382,2478,30763.000000,27821.939686
pricing-n040-set03-m2-family-base-n1-wwide-time_indexed_sri,TIME_LIMIT,10800.635863,4.377874,1,30763.000000,29416.234736
pricing-n040-set03-m3-family-base-n1-wwide-ng_dssr,ROOT_PROCESSED,44.881767,0.000000,1,9930.000000,9930.000000
pricing-n040-set03-m3-family-base-n1-wwide-time_indexed,FINISHED,4849.851134,0.000000,6197,9930.000000,9930.000000
pricing-n040-set03-m3-family-base-n1-wwide-time_indexed_sri,ROOT_PROCESSED,457.887044,0.000000,1,9930.000000,9930.000000
pricing-n040-set03-m4-family-base-n1-wwide-ng_dssr,TIME_LIMIT,10800.088116,13.713022,7512,5234.000000,4516.260417
pricing-n040-set03-m4-family-base-n1-wwide-time_indexed,TIME_LIMIT,10800.046885,15.685900,7396,5234.000000,4413.000000
pricing-n040-set03-m4-family-base-n1-wwide-time_indexed_sri,TIME_LIMIT,10800.839823,16.229439,2,5234.000000,4384.551185
pricing-n040-set03-m2-family-medium-n10-wzero-ng_dssr,ROOT_PROCESSED,762.701917,0.000000,1,691140.000000,691140.000000
pricing-n040-set03-m2-family-medium-n10-wzero-time_indexed,TIME_LIMIT,10800.058042,5.611453,242,691140.000000,652357.004390
pricing-n040-set03-m2-family-medium-n10-wzero-time_indexed_sri,TIME_LIMIT,10800.061206,0.326419,1,691140.000000,688883.986815
pricing-n040-set03-m3-family-medium-n10-wzero-ng_dssr,ROOT_PROCESSED,30.965974,0.000000,1,393230.000000,393230.000000
pricing-n040-set03-m3-family-medium-n10-wzero-time_indexed,FINISHED,52.296530,0.000000,17,393230.000000,393230.000000
pricing-n040-set03-m3-family-medium-n10-wzero-time_indexed_sri,ROOT_PROCESSED,33.861110,0.000000,1,393230.000000,393230.000000
pricing-n040-set03-m4-family-medium-n10-wzero-ng_dssr,TIME_LIMIT,10800.353030,0.919605,5165,281389.000000,278801.333333
pricing-n040-set03-m4-family-medium-n10-wzero-time_indexed,TIME_LIMIT,10800.039092,1.730183,4084,281389.000000,276520.454545
pricing-n040-set03-m4-family-medium-n10-wzero-time_indexed_sri,TIME_LIMIT,10800.280595,1.461501,2,281389.000000,277276.496352
pricing-n040-set03-m2-family-medium-n10-wnarrow-ng_dssr,ROOT_PROCESSED,585.172925,0.000000,1,513735.000000,513735.000000
pricing-n040-set03-m2-family-medium-n10-wnarrow-time_indexed,TIME_LIMIT,10800.033634,7.763794,233,513735.000000,473849.673758
pricing-n040-set03-m2-family-medium-n10-wnarrow-time_indexed_sri,TIME_LIMIT,10800.036565,1.653899,1,513735.000000,505238.341470
pricing-n040-set03-m3-family-medium-n10-wnarrow-ng_dssr,ROOT_PROCESSED,38.635459,0.000000,1,242311.000000,242311.000000
pricing-n040-set03-m3-family-medium-n10-wnarrow-time_indexed,FINISHED,4437.114230,0.000000,2730,242311.000000,242311.000000
pricing-n040-set03-m3-family-medium-n10-wnarrow-time_indexed_sri,ROOT_PROCESSED,169.506401,0.000000,1,242311.000000,242311.000000
pricing-n040-set03-m4-family-medium-n10-wnarrow-ng_dssr,TIME_LIMIT,10800.048236,1.800633,4573,144358.000000,141758.642857
pricing-n040-set03-m4-family-medium-n10-wnarrow-time_indexed,TIME_LIMIT,10800.035278,4.155533,3747,144358.000000,138359.156250
pricing-n040-set03-m4-family-medium-n10-wnarrow-time_indexed_sri,TIME_LIMIT,10800.230289,3.788681,2,144358.000000,138888.735549
pricing-n040-set03-m2-family-medium-n10-wwide-ng_dssr,ROOT_PROCESSED,595.685353,0.000000,1,258079.000000,258079.000000
pricing-n040-set03-m3-family-medium-n10-wwide-ng_dssr,ROOT_PROCESSED,48.861539,0.000000,1,77672.000000,77672.000000
pricing-n040-set03-m3-family-medium-n10-wwide-time_indexed,FINISHED,80.386601,0.000000,58,77672.000000,77672.000000
pricing-n040-set03-m3-family-medium-n10-wwide-time_indexed_sri,ROOT_PROCESSED,27.281206,0.000000,1,77672.000000,77672.000000
