100 3
801 11620 11620 8 4
1350 2325 2325 2 3
384 8768 8768 8 10
672 4920 4920 2 7
728 9828 9828 7 6
630 8792 8792 10 7
10 3336 3336 2 4
396 2620 2620 2 8
425 4194 4194 9 2
28 14677 14677 7 10
576 13566 13566 6 7
364 2310 2310 9 8
272 15834 15834 4 8
930 4135 4135 2 2
312 3366 3366 6 1
130 6066 6066 1 1
819 16485 16485 2 8
686 4930 4930 8 8
72 4380 4380 8 9
130 5940 5940 4 7
432 5421 5421 5 5
175 5628 5628 9 4
528 4739 4739 8 2
300 7513 7513 4 2
75 14157 14157 4 9
1144 3969 3969 6 9
800 3458 3458 3 3
1196 8268 8268 1 10
30 12485 12485 5 2
108 12480 12480 5 7
657 11080 11080 9 4
462 3405 3405 2 10
1162 8216 8216 7 5
264 12111 12111 6 7
972 3941 3941 2 5
350 2940 2940 6 3
567 14352 14352 10 5
1425 15225 15225 10 3
247 10884 10884 8 7
374 2840 2840 9 3
742 5052 5052 9 7
273 9927 9927 8 10
930 9477 9477 3 5
287 9680 9680 10 1
876 5904 5904 2 9
483 8694 8694 4 9
720 7272 7272 9 2
115 9918 9918 2 8
528 3537 3537 2 1
455 10995 10995 10 10
430 8925 8925 1 1
585 13500 13500 2 10
325 7608 7608 1 3
594 12740 12740 8 6
946 5410 5410 7 6
962 5400 5400 6 10
490 6180 6180 8 4
434 13832 13832 5 3
975 13032 13032 10 8
576 12506 12506 5 10
143 14586 14586 6 7
528 5634 5634 3 7
476 2751 2751 6 10
60 4736 4736 1 8
28 4180 4180 6 4
230 8541 8541 3 10
490 16425 16425 10 7
496 5050 5050 8 9
684 8832 8832 7 4
528 6474 6474 2 10
80 12662 12662 9 9
396 2565 2565 3 3
876 5568 5568 6 1
185 5460 5460 9 3
936 5395 5395 2 8
312 9510 9510 6 4
518 6714 6714 5 10
144 3195 3195 2 7
966 6360 6360 9 10
121 6955 6955 8 3
55 13095 13095 8 7
416 5061 5061 10 5
814 5951 5951 1 2
33 13454 13454 7 8
1080 15708 15708 9 9
774 2635 2635 4 6
385 4584 4584 7 9
154 4295 4295 10 6
480 10659 10659 8 4
45 11388 11388 6 10
440 4960 4960 3 9
480 12516 12516 3 8
95 9612 9612 7 8
826 11401 11401 10 5
460 4382 4382 10 4
560 4608 4608 2 10
343 9040 9040 9 1
720 10262 10262 10 1
424 6876 6876 2 4
378 7820 7820 7 8
SETUP
0 69 10 50 59 59 50 69 50 69 59 69 50 89 30 59 40 59 69 59 40 50 89 30 69 69 69 79 89 69 50 59 59 50 89 30 40 59 50 69 79 50 79 69 10 79 69 69 59 79 59 59 79 40 50 69 89 59 59 89 69 40 20 50 89 59 40 59 50 79 69 59 59 79 20 40 69 30 40 69 20 50 59 59 50 89 59 59 99 69 69 50 79 59 69 50 69 69 20 50 59
0 0 79 89 315 325 305 79 325 286 325 325 99 305 69 69 79 305 325 315 286 335 315 315 344 325 315 305 99 335 335 305 305 59 335 286 305 276 325 344 295 315 79 325 325 325 335 325 315 69 276 315 354 305 315 305 315 30 69 315 295 295 305 89 305 30 69 59 305 305 69 325 315 315 315 50 315 315 69 286 315 325 305 305 50 335 315 335 325 286 335 305 325 69 325 305 295 286 69 295 79
0 89 0 69 295 305 315 59 325 325 315 315 99 335 30 79 69 315 305 295 305 315 325 266 325 335 305 315 109 305 286 315 315 79 335 266 295 315 305 305 315 325 79 315 315 335 335 325 315 69 315 315 344 315 315 315 325 69 79 325 305 276 315 40 325 69 59 59 286 315 69 315 325 315 315 69 305 266 59 315 286 325 295 295 79 354 295 295 335 315 315 286 315 79 305 286 305 325 50 286 69
0 109 59 0 295 295 305 59 315 286 315 315 109 335 30 79 69 315 315 305 295 325 295 305 335 325 286 335 99 305 305 315 335 59 325 286 305 305 295 335 325 315 89 315 325 286 315 335 295 89 305 305 344 276 325 295 325 59 79 315 286 286 266 59 325 59 69 30 305 315 89 315 335 286 315 59 315 286 69 335 295 315 295 315 50 344 315 286 315 295 325 256 286 79 335 305 286 315 69 305 50
0 335 286 305 0 315 315 305 335 315 79 305 354 79 256 315 325 59 325 286 59 315 315 256 325 315 305 79 344 295 305 69 335 315 344 286 295 59 50 79 40 315 325 79 315 335 335 99 59 335 305 305 89 69 315 69 325 295 315 305 305 30 69 295 315 295 295 325 315 325 286 305 89 305 305 315 315 286 295 325 286 335 315 69 315 344 315 276 89 305 325 40 315 315 79 315 59 315 286 315 305
0 315 315 305 315 0 295 295 69 40 315 325 335 295 305 295 315 295 305 50 276 315 59 315 79 305 59 295 344 325 276 295 325 295 325 20 59 266 315 325 286 315 315 305 69 315 69 325 305 315 20 59 295 295 315 315 305 266 295 305 286 276 295 315 59 266 295 246 50 295 305 305 315 59 59 286 295 20 295 69 286 79 50 295 286 89 59 305 315 30 305 286 315 295 315 295 286 276 305 40 276
0 335 286 335 315 315 0 335 344 325 325 89 344 344 305 315 295 315 99 315 305 69 325 30 335 89 325 305 344 89 79 305 89 315 99 256 305 315 315 315 335 89 305 325 276 109 305 325 325 354 315 325 344 315 79 335 79 315 325 118 59 315 305 315 344 315 305 315 315 69 315 79 315 325 286 305 89 305 325 325 40 305 315 295 315 286 305 89 335 325 89 305 89 315 315 69 305 89 305 286 315
0 99 30 50 315 305 276 0 325 286 266 325 59 315 59 69 69 305 315 305 305 315 325 295 335 335 276 315 79 315 305 266 325 69 315 266 276 315 315 315 305 295 79 305 295 325 305 295 305 99 315 305 325 276 315 305 276 79 69 325 315 286 256 69 315 69 59 59 276 266 50 286 286 266 286 59 295 295 40 315 295 315 325 305 40 315 286 315 325 286 325 295 295 69 295 266 315 325 59 295 50
0 335 344 315 325 50 335 344 0 79 335 354 354 335 325 344 354 325 344 89 325 325 99 335 118 344 89 315 354 315 325 325 315 344 344 20 89 315 335 295 335 335 344 315 89 354 79 344 315 354 69 109 344 325 335 344 344 305 335 335 325 315 325 344 99 315 335 295 89 335 335 315 335 89 79 325 344 59 335 59 315 89 89 315 325 109 79 344 354 79 344 315 335 344 295 325 325 325 344 89 315
0 325 305 295 335 89 315 295 69 0 315 315 325 315 315 315 315 286 305 30 315 305 59 295 89 295 50 315 335 315 315 286 325 276 335 30 40 315 305 325 305 325 305 286 89 325 69 325 295 335 69 69 325 295 305 315 315 305 315 325 295 256 286 315 69 315 286 315 50 315 315 286 315 50 79 266 276 79 286 69 276 79 59 295 315 99 50 295 315 59 325 266 315 315 315 295 295 295 315 69 305
0 335 266 315 69 325 315 315 315 266 0 335 335 79 286 315 335 59 325 295 59 315 325 286 335 315 305 79 344 286 305 59 305 295 325 286 295 59 69 79 40 305 315 40 315 344 335 30 50 335 305 305 99 69 325 79 335 305 315 325 305 30 59 305 315 305 286 325 305 325 305 286 20 305 305 286 295 286 305 315 286 295 315 40 266 344 295 315 89 315 325 40 315 315 30 305 69 305 305 276 305
0 315 325 325 315 325 69 335 295 315 305 0 325 305 325 335 335 305 40 325 315 89 315 79 305 99 295 315 354 69 89 315 59 325 89 295 305 305 315 315 295 89 276 276 335 89 295 305 315 325 305 325 325 305 89 266 79 295 335 79 79 325 315 344 315 305 315 325 305 69 305 40 315 295 325 315 79 335 315 335 59 315 315 276 305 325 286 99 344 305 89 315 79 335 325 50 325 69 315 266 295
0 79 40 50 286 315 286 59 315 276 266 276 0 295 50 40 69 295 305 286 276 305 305 286 315 315 295 295 89 305 295 295 315 50 325 276 266 266 256 315 286 276 40 266 286 315 305 286 305 79 266 266 315 295 325 286 295 20 40 305 286 286 295 69 295 20 59 50 295 295 59 276 276 295 276 40 305 276 30 315 276 305 295 276 40 305 286 315 315 276 315 295 315 40 286 286 286 276 30 286 50
0 305 295 286 40 315 305 315 276 315 59 325 335 0 286 276 315 59 315 266 50 305 315 286 315 325 295 10 335 295 295 50 286 305 315 266 286 40 59 69 59 276 286 50 286 325 295 40 59 325 286 266 79 10 305 79 315 295 276 266 295 50 50 325 256 286 295 315 286 315 276 295 30 315 276 295 305 276 276 315 276 276 305 69 305 305 295 315 79 295 315 50 315 276 30 305 50 295 276 295 305
0 89 40 59 276 315 315 59 335 315 325 325 99 315 0 69 79 295 325 286 305 305 315 276 344 325 295 315 99 286 315 305 335 69 335 286 295 315 305 315 305 325 79 335 335 335 325 335 295 89 315 325 335 305 315 315 325 69 69 305 295 266 305 40 315 79 50 79 315 315 69 315 325 305 315 59 325 295 50 325 276 325 305 305 89 344 315 276 325 315 325 276 315 69 315 315 295 335 69 315 79
0 109 50 89 335 305 315 89 335 286 266 335 109 335 69 0 109 305 344 315 305 315 344 305 354 335 325 335 118 295 325 325 325 79 344 305 315 325 315 305 305 325 79 305 335 364 335 295 305 118 305 325 354 315 325 325 344 79 79 354 325 295 325 79 335 79 69 59 305 344 79 305 286 325 325 59 315 305 79 335 315 315 335 305 50 276 315 335 354 325 325 305 315 79 295 305 325 325 79 295 69
0 89 50 59 295 325 315 79 325 286 315 315 99 335 59 50 0 315 315 305 305 286 325 305 325 335 305 335 99 325 305 305 335 69 335 286 315 305 305 325 325 286 89 315 295 335 344 325 315 99 305 276 335 286 305 335 315 59 50 315 305 295 305 50 335 59 69 79 315 305 79 315 315 315 286 59 305 286 50 325 286 256 295 315 79 315 325 325 335 315 305 305 335 50 325 305 295 325 40 305 79
0 325 305 286 69 305 315 305 315 305 40 295 335 69 305 276 315 0 315 315 59 315 325 315 315 315 305 79 344 286 315 50 325 305 325 305 286 50 40 59 59 295 266 59 315 315 286 69 50 344 286 295 79 69 315 50 305 286 305 325 315 69 50 315 315 286 315 305 276 295 286 286 59 315 295 295 295 305 276 315 295 325 305 10 286 305 266 325 89 295 305 59 286 305 59 276 69 305 295 295 276
0 325 315 315 286 335 79 315 325 315 325 99 354 325 286 305 305 315 0 305 315 79 335 50 315 89 286 305 335 89 50 315 30 325 59 305 286 305 325 325 266 59 335 315 315 99 335 266 315 344 305 295 325 325 59 315 89 295 305 79 79 305 315 325 295 295 286 325 325 89 315 79 315 286 305 315 69 305 305 335 50 305 325 325 315 335 325 69 344 305 59 305 89 305 325 79 315 69 295 315 325
0 354 286 315 315 89 286 335 99 89 325 344 335 325 305 305 325 325 335 0 315 315 99 295 99 354 69 305 344 315 315 325 344 335 354 10 79 315 335 335 335 305 335 335 69 335 99 325 315 344 69 50 344 315 335 344 354 315 305 335 325 305 325 315 40 315 325 335 79 344 335 295 315 89 59 325 325 50 305 99 305 69 89 325 335 89 89 325 354 79 335 305 335 305 325 315 315 325 295 79 315
0 344 295 295 50 315 256 295 325 315 59 315 315 79 295 286 305 30 315 295 0 315 315 286 315 286 276 69 335 305 295 30 325 266 315 266 266 59 50 69 50 276 295 50 286 325 305 69 30 335 305 276 79 40 325 50 315 295 286 335 305 50 30 305 305 295 295 315 266 315 295 295 69 315 276 256 286 276 286 315 286 305 315 40 305 295 276 315 89 305 315 50 286 286 59 256 59 315 276 295 286
0 295 286 315 315 305 40 315 335 315 295 79 325 305 305 305 305 276 59 315 266 0 335 59 335 69 295 315 344 69 50 295 79 286 89 286 295 315 305 295 315 59 295 276 276 89 315 325 286 315 315 295 305 246 30 315 89 305 305 79 79 315 295 315 315 315 305 305 286 89 305 40 315 295 286 276 30 305 305 315 40 315 335 286 315 315 295 79 344 305 30 305 59 305 305 40 295 69 295 305 295
0 325 295 295 295 59 305 276 69 10 295 286 315 305 305 286 295 286 295 40 295 305 0 305 79 305 50 315 325 315 305 286 315 286 315 40 40 276 266 325 295 286 305 286 50 325 79 315 276 335 30 40 325 295 305 276 295 276 286 315 295 266 286 305 59 276 286 286 59 295 315 286 315 50 40 266 276 40 286 79 276 20 59 295 295 79 59 295 315 40 305 266 266 286 315 295 295 295 286 40 305
0 344 315 315 315 325 79 315 344 315 325 59 344 325 315 315 335 305 79 315 315 89 335 0 315 69 315 325 344 99 59 325 99 325 109 286 305 295 286 354 315 59 325 325 315 99 335 344 335 335 295 305 354 325 89 305 79 295 305 89 69 295 325 325 315 295 315 325 315 89 325 59 335 335 295 315 79 286 305 335 59 325 315 315 315 335 315 89 344 305 89 305 99 315 335 79 315 69 276 305 325
0 305 325 325 305 50 315 315 69 79 305 315 344 286 305 315 344 286 325 59 295 344 99 305 0 335 79 295 364 286 315 305 295 315 315 59 79 305 305 335 276 315 305 305 79 354 69 315 295 354 59 59 335 256 315 315 335 305 315 295 325 315 305 315 50 305 325 295 69 335 286 305 305 79 69 305 325 59 315 69 315 69 89 295 315 69 59 325 354 69 315 315 305 315 315 305 305 266 295 79 305
0 335 335 335 335 335 89 315 325 305 335 89 344 344 315 325 344 305 59 335 315 50 305 99 364 0 325 344 325 79 69 305 79 295 109 325 286 315 315 335 315 79 325 315 325 118 335 325 325 315 295 335 315 295 79 325 99 325 335 89 79 315 305 354 335 315 286 335 315 89 325 69 325 335 325 315 69 325 325 315 20 315 335 315 335 364 315 89 344 305 79 325 79 335 325 69 325 59 335 325 286
0 344 305 325 325 89 325 295 89 69 315 315 325 335 325 325 315 325 305 69 325 344 59 325 118 335 0 344 354 315 276 315 325 315 325 50 69 315 305 354 315 325 325 325 89 344 99 325 315 325 59 69 325 315 344 325 315 305 325 305 286 315 305 335 69 315 335 305 69 315 315 315 325 50 79 325 315 79 315 89 325 79 59 325 325 109 79 295 305 59 354 266 315 325 335 305 295 315 315 79 325
0 335 325 315 69 325 315 315 335 315 59 325 335 69 315 305 315 59 335 315 59 325 335 315 344 335 305 0 354 286 325 79 325 315 344 305 286 59 69 79 79 305 315 40 315 354 325 30 50 335 305 295 109 69 335 79 335 295 305 325 325 79 79 315 315 305 286 325 305 335 305 286 20 305 305 305 315 305 305 335 305 295 305 59 315 335 286 335 109 315 325 59 305 305 30 295 79 315 305 305 295
0 99 59 20 295 305 305 69 325 266 305 315 79 305 40 50 79 266 295 286 305 315 305 295 335 315 295 305 0 305 305 295 276 50 305 295 295 315 305 315 305 315 50 266 315 295 305 315 315 79 315 315 335 286 315 305 295 59 79 315 295 276 276 79 305 69 50 40 295 295 59 276 315 295 315 40 266 295 50 315 286 325 305 276 59 325 286 295 315 305 325 266 295 79 315 295 295 305 79 295 50
0 335 315 295 305 315 30 286 315 295 295 50 325 295 305 276 315 256 59 305 266 79 315 59 325 59 295 295 325 0 69 286 79 276 79 276 286 286 276 305 305 50 276 305 305 89 295 315 256 325 286 286 325 305 69 276 59 286 276 69 59 305 286 286 305 286 305 295 276 59 295 50 305 305 295 266 59 295 286 315 50 315 315 266 295 305 276 79 335 295 69 305 30 276 315 30 305 59 286 286 286
0 354 295 315 305 325 50 266 344 305 286 99 325 315 315 325 325 325 30 325 325 89 344 69 335 109 295 325 335 89 0 286 50 335 79 286 295 295 325 335 286 69 335 315 315 109 325 295 315 354 325 315 344 295 89 325 50 315 325 89 89 305 276 315 315 325 315 325 295 40 305 59 305 286 305 325 69 315 305 335 69 325 344 325 305 335 305 89 344 295 89 315 79 325 315 50 335 99 325 315 315
0 335 315 305 59 305 315 295 315 315 50 315 295 79 295 295 325 40 315 295 69 315 325 305 335 325 305 79 325 315 315 0 325 315 305 295 266 59 50 59 79 295 305 40 305 335 295 69 50 335 305 286 99 20 315 50 315 305 295 325 315 40 10 315 315 305 295 305 256 305 286 286 69 305 295 295 286 295 295 325 295 325 325 50 276 325 276 315 89 305 315 40 286 295 59 256 69 315 286 305 276
0 315 295 315 256 335 79 315 305 325 305 79 344 335 266 286 315 315 69 286 315 59 325 20 335 79 315 276 335 59 79 305 0 305 30 286 295 315 305 325 295 79 325 315 325 109 335 305 315 344 315 315 344 305 89 295 69 305 315 59 69 286 315 305 315 315 295 335 315 69 295 69 295 315 315 325 79 295 305 335 30 325 305 315 325 315 315 50 335 286 79 286 89 315 305 69 315 89 295 305 315
0 99 69 69 315 315 315 59 325 315 305 315 59 325 59 50 89 295 315 305 315 315 315 315 344 266 305 325 89 325 315 256 335 0 315 305 276 315 305 315 335 305 69 295 315 344 305 315 305 99 315 295 315 266 325 305 325 69 50 335 305 286 256 79 286 69 59 69 266 315 50 295 315 305 305 69 286 305 59 335 286 315 315 305 40 315 276 305 325 315 325 276 295 50 315 266 305 315 59 305 50
0 344 295 315 325 315 50 305 315 295 276 69 315 325 315 256 305 315 69 305 315 79 295 69 325 79 286 325 344 59 50 276 89 305 0 276 295 305 295 315 315 69 325 315 305 99 325 305 305 325 305 305 344 295 79 315 40 295 315 79 40 286 286 325 325 305 305 315 286 40 305 79 295 286 305 315 69 276 295 325 50 315 295 305 295 286 305 40 305 295 79 256 69 315 305 40 286 79 305 295 315
0 354 325 354 315 109 335 354 109 79 354 354 364 335 315 335 335 325 364 109 325 315 99 315 128 354 89 305 344 335 344 335 354 335 364 0 89 315 335 354 335 344 344 335 79 354 109 325 344 364 69 99 364 315 335 364 344 305 335 354 325 335 335 354 99 315 325 335 89 344 344 335 315 89 59 325 335 89 344 128 305 79 89 335 325 118 89 335 354 79 335 305 354 335 325 335 315 325 344 89 315
0 325 305 325 325 89 305 276 99 69 295 344 335 335 305 315 335 315 325 69 315 335 99 325 118 344 59 335 354 305 325 295 344 335 354 59 0 335 325 335 335 325 335 305 69 315 89 325 315 344 99 89 335 305 305 305 305 335 315 344 325 295 295 335 89 335 325 335 59 295 315 305 315 50 79 325 325 79 315 109 315 99 99 315 315 99 69 325 354 40 305 305 325 315 286 305 325 354 335 59 325
0 325 295 305 59 295 295 325 295 315 59 335 315 30 286 286 295 69 325 295 79 325 315 305 325 335 305 40 335 315 305 40 315 325 325 286 295 0 79 79 79 295 305 79 305 335 315 59 59 335 315 295 89 30 335 79 286 315 286 286 325 59 40 305 286 305 315 276 286 276 305 315 50 295 305 315 315 286 295 325 305 305 325 40 266 315 286 305 109 256 335 69 315 286 59 286 79 305 295 276 295
0 315 286 286 40 305 286 295 305 276 50 266 325 40 286 276 305 50 305 286 30 305 295 286 305 315 295 50 325 315 286 50 315 295 315 276 266 20 0 89 40 266 295 50 286 305 315 79 59 325 256 266 69 40 315 40 295 256 276 305 276 40 50 315 295 256 295 286 286 295 295 295 69 295 266 276 295 276 276 305 276 295 295 50 276 305 305 305 69 266 315 50 305 276 59 286 40 276 266 286 305
0 315 315 305 79 256 295 305 315 286 69 315 315 50 305 295 315 40 305 295 40 315 305 315 325 305 286 59 344 266 286 40 325 305 325 266 295 30 50 0 50 315 295 20 315 315 305 89 30 315 266 305 59 50 295 59 305 266 295 315 286 30 40 305 305 266 305 256 286 305 305 266 69 286 305 286 305 266 295 315 286 315 295 50 286 325 295 315 69 276 315 40 295 295 10 286 40 286 305 286 276
0 315 305 315 69 315 315 315 354 335 89 335 364 89 315 305 315 89 325 315 59 315 335 295 305 344 325 99 354 335 305 79 335 325 344 305 315 79 79 79 0 305 344 89 295 325 315 89 59 335 325 295 79 69 295 89 344 315 305 344 325 69 79 325 276 325 315 315 325 335 295 325 89 325 286 315 325 305 305 335 295 305 335 89 325 335 335 325 109 325 286 59 315 305 79 315 79 315 295 325 315
0 315 305 266 305 295 69 286 325 295 305 79 305 305 286 315 305 305 40 276 305 59 305 69 305 79 295 305 335 69 20 266 59 305 79 246 286 295 305 315 305 0 325 305 305 50 315 305 295 305 295 305 295 286 50 315 69 305 315 69 50 256 266 315 305 295 286 286 276 59 305 30 305 295 305 315 59 246 246 286 30 315 286 286 295 335 286 59 315 295 50 266 59 315 315 30 295 69 305 276 295
0 99 50 79 335 325 295 69 315 325 315 325 69 295 69 69 59 315 315 305 315 305 315 315 325 325 286 305 79 315 295 276 335 59 305 286 295 325 315 325 335 315 0 305 305 295 266 295 315 118 325 315 354 295 325 315 286 79 79 315 315 305 286 89 305 79 50 59 286 276 59 266 286 325 295 79 315 305 69 344 276 315 286 286 69 325 286 335 335 315 325 305 305 79 295 286 315 335 79 276 59
0 335 325 305 69 325 325 315 305 315 69 315 295 40 305 315 325 69 325 295 79 325 315 315 325 344 266 40 325 315 295 59 315 325 335 266 315 69 59 79 89 305 315 0 315 335 325 69 79 305 315 305 89 30 335 89 325 305 305 295 305 79 59 335 286 315 325 325 305 315 305 246 59 266 305 315 325 305 286 305 305 315 315 40 315 335 295 315 79 295 325 40 325 315 69 305 59 325 305 276 295
0 325 256 315 305 50 286 305 89 69 315 305 335 315 276 295 276 295 315 59 266 286 79 276 69 305 59 315 315 315 286 295 295 286 325 30 30 295 286 305 315 305 315 315 0 344 79 305 295 325 50 50 315 286 305 315 325 286 295 335 305 286 295 286 79 295 276 295 40 315 315 315 295 69 10 276 305 30 305 79 256 40 59 305 286 79 59 295 335 59 305 286 315 295 305 286 305 305 295 50 305
0 315 295 295 315 295 50 266 325 305 286 40 325 305 315 286 325 305 40 315 305 59 315 69 325 99 295 305 315 69 59 286 69 325 59 286 295 295 286 325 295 40 315 305 305 0 325 305 266 335 295 295 325 295 59 266 50 295 286 79 69 295 276 295 286 295 315 276 295 40 305 59 305 286 305 315 69 286 286 315 59 315 315 286 305 315 286 89 344 305 50 305 10 286 315 50 315 69 305 276 295
0 335 276 315 315 79 276 315 79 79 305 325 305 305 305 305 315 305 325 50 305 295 99 295 99 335 50 315 344 325 315 266 325 315 325 30 40 325 315 325 344 295 325 305 50 344 0 305 305 344 69 59 344 276 315 305 276 315 315 315 325 295 266 315 69 315 305 315 30 266 286 276 305 79 40 305 295 50 295 89 286 69 89 315 295 69 50 325 344 79 315 305 305 305 315 276 325 325 305 69 295
0 335 305 295 50 325 305 295 325 295 59 325 344 59 295 286 315 69 315 295 50 315 315 295 315 305 305 69 335 315 295 59 315 315 335 286 266 40 69 99 59 286 325 69 295 325 335 0 79 335 276 276 89 59 325 79 315 276 286 315 295 50 59 325 315 276 266 305 305 305 315 305 59 315 286 295 305 286 286 315 286 305 315 69 295 315 315 315 79 286 315 59 325 286 59 305 59 295 276 305 325
0 325 305 286 50 305 305 276 315 295 50 286 335 50 295 266 325 59 295 305 50 315 315 305 325 325 295 40 325 315 305 50 315 305 315 286 286 30 20 79 59 286 315 59 295 325 325 69 0 315 276 286 79 59 305 30 295 276 266 305 295 59 40 276 295 276 295 286 305 295 295 305 59 295 286 295 295 286 276 315 286 315 305 50 295 305 295 315 79 286 305 59 266 266 69 295 59 295 286 276 305
0 40 50 69 276 325 305 50 305 286 305 305 79 305 10 40 59 295 315 266 295 286 286 286 335 305 295 295 59 276 305 286 266 50 295 266 276 286 286 315 305 295 40 276 315 335 295 266 266 0 286 295 335 286 305 286 295 50 40 266 276 276 286 50 305 40 40 59 286 286 30 276 256 295 295 59 305 286 50 246 256 286 286 295 59 305 295 276 295 295 305 276 286 40 266 295 276 295 50 295 59
0 305 325 305 325 79 335 325 109 79 325 315 325 325 325 325 344 315 335 89 325 335 99 335 99 354 79 335 354 344 335 286 335 335 335 69 50 305 295 335 325 315 335 295 79 344 89 335 325 344 0 69 344 295 315 325 344 305 325 344 325 315 286 354 79 305 325 305 50 335 286 295 344 79 69 325 315 69 295 89 315 79 99 315 305 109 59 344 354 69 335 315 315 325 335 286 325 266 315 79 315
0 315 276 266 266 50 286 295 69 50 276 305 315 305 266 256 295 286 295 30 276 286 50 266 50 305 30 305 315 305 276 276 305 286 305 10 40 276 286 315 295 256 305 286 20 305 79 305 295 305 30 0 305 286 305 315 315 276 256 315 276 266 276 305 59 276 276 295 40 305 305 286 295 50 10 276 276 10 256 50 256 40 40 286 295 50 50 295 305 40 295 276 305 256 305 276 276 295 246 30 305
0 335 295 295 59 325 286 315 335 315 59 305 315 69 305 276 325 59 325 315 79 305 315 305 325 325 325 69 335 305 315 30 295 305 325 286 295 40 69 79 79 295 325 69 305 335 276 89 59 344 325 315 0 50 325 79 286 315 276 325 335 59 40 295 315 315 295 305 286 276 305 305 79 335 305 315 305 295 286 315 276 325 325 40 305 305 286 325 59 256 325 69 315 276 79 286 89 335 315 266 295
0 354 315 344 109 325 305 354 335 315 59 344 364 118 335 335 344 69 315 344 89 344 364 325 364 364 315 109 364 335 335 109 335 344 364 305 325 89 79 109 89 344 325 89 325 364 335 79 99 364 335 335 118 0 335 109 354 335 344 364 354 79 109 354 354 335 335 305 315 354 335 335 69 315 315 335 335 315 335 354 315 344 335 69 315 335 325 354 118 335 335 89 344 344 79 315 50 315 335 325 325
0 266 315 315 305 315 69 286 335 305 295 50 344 315 295 305 325 295 50 305 305 69 315 69 335 69 305 315 344 79 30 305 59 305 89 295 295 286 276 315 305 59 315 295 305 89 325 305 305 286 286 295 344 315 0 305 69 286 305 59 59 286 305 325 315 286 305 315 315 59 315 50 295 305 295 305 50 295 295 286 50 325 315 305 305 315 305 59 325 295 89 276 79 305 305 59 295 59 295 315 266
0 305 315 315 59 315 295 325 325 305 50 335 344 79 315 315 325 50 276 325 59 325 305 315 315 325 315 59 354 295 315 79 295 315 325 305 295 50 79 69 40 325 315 69 325 335 325 50 59 335 295 315 69 69 315 0 325 286 325 325 315 69 79 325 315 286 305 315 286 315 295 315 69 305 325 305 305 325 325 335 315 305 315 20 295 335 276 335 89 295 315 79 315 325 69 286 69 305 315 256 286
0 344 286 315 315 315 10 305 325 315 305 69 325 325 305 286 295 295 79 315 286 50 325 40 335 79 315 315 335 89 79 305 69 295 79 256 276 305 295 315 325 59 315 295 276 99 305 315 305 325 305 305 344 295 79 305 0 305 315 89 69 315 305 315 315 305 286 315 276 79 305 59 305 315 266 286 50 305 305 325 20 295 325 305 305 295 286 89 335 315 79 315 50 286 315 20 315 79 305 295 295
0 69 59 59 305 305 276 69 305 266 305 305 79 276 50 40 59 286 325 295 266 315 286 305 325 305 295 286 99 315 315 286 315 40 315 286 286 256 305 325 276 295 59 305 305 305 315 315 295 99 256 295 335 276 315 305 295 0 40 295 276 276 286 59 286 10 59 40 286 286 40 305 305 295 295 30 295 295 50 325 286 305 286 286 30 315 295 315 305 256 315 286 305 40 305 276 276 266 50 276 59
0 79 50 30 295 305 315 50 335 286 276 335 69 315 30 10 79 305 295 295 305 315 315 305 315 335 305 315 59 295 286 276 305 79 295 266 286 315 315 305 295 266 79 295 305 305 325 295 305 79 305 315 305 286 305 315 315 79 0 325 305 276 276 59 315 69 59 50 286 305 69 286 286 305 315 59 305 266 10 295 295 315 305 295 50 276 295 295 325 305 295 276 305 10 295 276 305 315 69 286 59
0 315 286 315 315 315 50 305 305 315 305 89 335 295 305 305 315 295 89 256 286 69 325 59 315 79 305 305 344 69 69 295 79 305 79 256 276 276 315 315 295 59 266 315 315 69 286 315 315 315 276 295 315 295 50 315 59 305 305 0 69 315 295 315 286 266 305 305 266 59 266 40 305 315 305 286 59 295 305 315 50 315 305 305 286 325 286 89 325 276 79 305 79 305 315 50 315 40 305 295 286
0 315 286 295 315 305 69 286 286 266 305 40 315 315 305 295 276 295 59 295 305 69 266 59 335 50 276 315 325 40 59 276 69 266 50 295 276 295 286 315 315 59 315 295 295 79 315 315 286 344 295 295 325 295 79 286 69 286 305 89 0 276 276 315 305 286 305 286 276 59 305 40 315 266 286 286 50 295 286 315 50 286 256 295 305 325 286 69 276 286 69 286 30 305 315 20 246 59 295 286 295
0 315 295 286 79 325 305 286 315 295 59 305 335 79 305 305 305 69 305 266 69 295 295 315 325 315 286 79 325 305 315 50 325 295 325 266 276 59 50 99 79 315 335 79 315 315 335 79 40 325 305 305 79 50 295 69 305 295 305 315 286 0 50 305 295 305 276 305 305 305 325 295 69 286 315 315 315 315 276 305 266 315 295 69 315 335 315 286 69 295 315 10 305 305 69 295 40 315 305 315 315
0 344 325 315 79 335 315 315 344 325 69 335 354 109 295 305 335 79 315 295 99 315 325 325 354 344 315 69 354 325 335 69 325 325 344 295 305 89 79 109 89 344 335 99 335 344 295 89 69 354 325 335 99 20 325 89 315 325 335 344 305 30 0 315 325 325 305 315 325 315 335 315 79 315 325 344 344 325 305 335 295 344 315 69 276 335 315 315 89 325 335 40 325 335 89 315 69 315 335 335 325
0 79 59 99 325 315 315 59 295 335 315 325 109 335 59 69 79 325 335 315 295 315 335 305 335 335 325 344 109 325 305 315 315 69 305 315 266 325 315 335 344 325 50 325 295 335 305 315 315 50 325 325 344 315 305 325 325 79 89 305 315 315 315 0 315 79 30 59 305 315 30 305 305 315 286 59 315 315 89 295 286 315 325 325 79 344 315 325 344 305 315 315 325 89 305 295 315 315 79 315 79
0 335 286 286 276 69 295 305 89 59 295 315 325 315 286 276 305 305 305 40 286 305 59 286 69 325 50 325 325 315 286 286 315 305 315 30 50 295 305 325 315 276 315 305 40 315 89 325 315 325 50 20 315 305 315 325 325 286 276 335 295 286 295 325 0 295 295 305 59 315 315 295 315 69 30 295 295 30 276 59 276 30 59 305 305 59 69 305 315 59 315 295 315 276 315 295 295 305 266 50 315
0 59 50 59 305 295 276 69 305 315 305 315 79 276 40 40 59 276 325 295 266 325 315 305 325 305 295 286 89 315 305 286 315 40 325 286 286 246 295 325 276 295 59 295 305 335 315 305 295 99 246 286 335 276 315 315 286 59 40 295 315 305 286 59 286 0 69 40 276 286 40 305 295 295 295 30 305 295 50 325 295 305 325 286 20 315 295 315 344 256 315 315 305 40 305 276 315 266 50 276 59
0 89 69 89 315 335 305 40 344 315 305 344 89 335 59 69 79 315 325 315 315 335 344 315 364 344 305 335 109 305 315 295 305 89 335 305 246 325 325 335 335 325 89 305 315 325 325 295 315 109 325 315 335 305 315 305 305 79 69 344 325 295 295 89 335 79 0 89 305 295 79 305 286 295 315 79 325 325 69 344 315 315 305 315 79 344 315 325 335 286 305 305 325 69 286 305 325 295 79 305 79
0 89 69 59 325 266 315 50 335 305 315 335 99 315 59 59 69 305 305 286 305 315 315 325 315 315 305 315 109 315 276 305 325 69 344 266 295 286 315 325 305 315 79 305 315 335 305 325 305 69 286 325 315 315 315 315 305 40 59 325 305 276 305 79 315 40 50 0 315 305 69 305 315 305 295 59 295 256 50 315 286 315 295 295 50 335 295 305 325 276 305 276 315 59 315 305 305 305 79 286 30
0 325 305 295 295 59 315 286 69 59 286 335 335 315 295 286 315 295 315 59 305 315 79 295 79 315 59 325 335 305 305 295 325 305 315 40 10 305 315 295 315 286 315 295 50 325 89 305 315 335 59 40 325 305 305 295 305 305 286 335 305 295 295 335 69 305 286 305 0 295 276 295 295 59 40 286 295 40 286 79 286 69 69 305 305 79 20 315 335 50 305 305 305 286 295 276 305 315 276 59 266
0 325 266 295 305 305 20 295 315 315 295 69 295 315 286 295 295 286 69 295 295 59 325 40 325 79 305 305 325 79 50 246 79 305 59 256 266 305 295 305 325 40 305 286 276 89 295 305 286 325 295 286 325 266 59 295 10 305 295 89 69 276 246 295 315 305 295 305 256 0 276 50 305 305 276 295 40 276 286 315 30 305 315 295 276 305 276 59 335 305 69 286 40 295 305 10 305 69 295 295 276
0 59 69 79 315 315 335 79 344 315 295 325 99 325 79 69 89 295 325 305 325 335 344 325 305 344 315 335 118 335 295 305 305 89 335 305 315 315 305 315 325 305 69 295 315 344 325 315 335 79 315 305 354 315 276 335 344 69 69 335 325 315 305 89 286 69 89 79 315 335 0 295 315 315 305 89 295 305 69 315 315 315 335 305 69 344 315 335 354 325 354 305 335 69 315 305 325 325 59 325 50
0 325 325 315 315 344 89 315 305 315 305 79 295 276 315 305 325 325 79 295 325 89 315 79 344 99 266 286 364 79 50 325 79 325 99 295 315 305 305 344 335 59 315 315 315 109 325 305 325 344 315 295 344 286 89 325 99 305 305 50 59 315 325 354 286 315 325 325 315 89 305 0 295 315 305 325 89 305 305 335 69 305 315 325 325 335 325 69 325 315 109 286 89 305 305 79 305 79 305 325 325
0 315 315 305 59 325 295 305 325 305 69 315 315 59 305 295 325 40 325 305 40 315 325 305 325 315 295 59 344 276 305 69 315 305 335 295 276 50 59 89 69 295 305 30 305 335 315 20 40 315 286 286 89 50 335 59 325 286 295 315 305 59 69 305 305 286 276 315 305 315 315 276 0 286 295 295 315 295 295 325 295 276 315 50 305 325 295 325 89 295 325 69 295 295 10 295 69 305 286 295 305
0 325 315 276 315 79 305 305 89 69 295 315 325 315 305 295 315 325 305 79 315 344 69 325 79 335 10 325 305 315 286 286 315 315 315 59 59 305 305 335 315 315 335 325 79 315 89 325 315 335 59 79 315 295 315 325 305 315 295 315 295 315 286 315 69 295 325 305 50 295 315 295 315 0 79 315 315 69 266 59 325 89 69 295 315 89 59 305 305 30 315 276 315 295 315 295 295 315 325 50 315
0 325 266 315 305 59 276 305 99 59 315 295 335 315 286 305 286 286 325 69 266 276 79 286 79 305 50 325 315 315 305 295 295 286 325 40 30 286 276 315 305 295 305 305 20 335 79 305 295 335 50 50 325 276 305 305 325 286 295 325 305 295 295 305 79 286 276 305 40 315 315 315 295 79 0 266 305 40 295 89 246 30 79 295 286 69 50 315 335 50 305 295 305 295 295 276 305 305 295 59 305
0 99 79 79 325 325 335 69 335 325 315 335 69 335 79 59 89 305 335 315 325 325 325 286 335 286 315 325 109 315 335 266 344 20 325 315 286 325 315 325 286 315 79 305 325 354 315 325 315 89 325 305 335 286 325 315 335 79 59 344 315 295 276 89 295 79 69 79 276 325 50 305 325 315 315 0 305 315 69 325 295 325 325 315 59 335 295 315 344 325 325 295 305 59 305 276 315 335 69 315 59
0 335 305 295 315 305 69 305 305 305 286 59 305 286 305 286 325 256 40 305 305 79 325 79 315 79 276 295 325 50 59 305 59 305 89 276 286 295 286 305 295 59 276 256 315 59 286 305 305 305 295 305 325 286 69 305 69 295 305 59 69 315 305 325 295 295 315 305 286 59 286 10 305 276 305 295 0 305 286 305 59 315 315 266 295 315 266 69 325 295 69 295 50 305 305 30 305 69 305 276 276
0 315 305 295 315 50 315 286 89 69 305 315 335 325 305 315 295 305 295 30 315 305 69 315 69 325 50 305 335 315 266 305 315 305 335 10 40 295 305 315 305 325 325 315 59 325 99 315 295 305 59 79 325 305 305 315 305 305 315 315 295 256 295 315 69 295 286 295 59 305 305 305 305 59 69 315 315 0 286 59 276 69 40 286 305 109 40 295 315 59 295 266 315 315 315 295 295 315 315 30 295
0 69 59 20 305 305 315 69 325 295 305 325 59 305 40 69 79 305 286 315 305 335 305 315 305 335 295 305 89 315 315 266 295 69 325 295 286 315 305 315 295 315 79 305 295 295 315 305 305 89 315 305 295 276 295 305 305 69 69 315 295 295 266 79 305 69 69 40 276 315 59 276 325 305 305 69 295 295 0 286 305 325 305 315 50 335 286 295 325 295 286 266 295 69 315 276 295 315 59 315 50
0 276 295 315 276 79 295 286 59 40 305 305 325 315 286 305 295 315 325 59 315 315 40 286 99 315 50 295 305 305 295 286 266 295 295 40 50 295 305 325 305 315 335 315 69 335 89 315 305 335 59 69 344 295 335 305 295 305 325 315 266 295 286 315 79 305 305 305 50 286 315 305 305 50 69 305 315 40 305 0 286 59 40 315 305 59 59 305 295 50 325 305 295 325 315 286 266 295 315 59 315
0 325 315 325 335 325 69 305 344 315 315 99 325 335 325 325 325 305 89 335 295 30 315 89 364 59 325 344 315 79 79 286 79 286 99 315 276 315 325 325 335 89 325 305 305 99 335 315 315 344 315 325 335 276 59 325 79 315 325 109 59 315 295 335 315 315 266 325 295 69 325 69 305 315 315 305 59 325 325 344 0 335 315 295 315 344 305 89 335 305 59 315 79 325 315 50 305 69 325 325 315
0 364 286 335 325 89 305 335 79 69 335 354 335 364 305 335 344 335 315 79 335 344 109 295 109 364 69 354 354 335 315 295 335 344 354 59 69 335 335 335 325 325 354 325 79 364 99 315 325 344 99 89 364 305 344 335 305 344 344 344 335 305 295 315 109 344 315 335 59 295 315 335 315 59 79 325 325 59 325 109 315 0 89 325 325 99 79 325 364 79 344 315 325 335 315 305 286 335 325 79 325
0 335 305 315 315 89 305 315 99 59 315 315 354 325 315 295 266 286 325 69 286 295 89 295 99 325 79 315 344 276 315 315 344 305 344 59 40 315 305 335 335 305 305 325 69 344 79 344 286 335 40 50 325 295 325 305 325 305 305 335 325 315 315 305 89 315 325 315 59 315 315 325 335 89 59 295 315 59 305 89 305 30 0 295 325 79 59 335 354 79 315 315 295 295 325 305 315 295 295 69 315
0 325 295 315 69 295 305 305 305 295 30 315 325 79 295 305 325 50 315 315 50 305 344 315 325 315 305 79 354 276 325 59 325 295 315 305 276 69 59 50 69 305 305 50 305 344 315 59 40 344 315 295 89 69 305 59 325 305 305 335 325 59 59 315 305 305 305 295 266 315 276 295 50 315 305 286 286 305 305 335 305 315 335 0 276 335 256 315 109 305 295 69 295 305 50 266 79 315 305 305 266
0 79 59 79 295 335 325 79 354 315 344 335 118 325 20 89 99 315 344 305 315 325 335 295 354 344 315 335 118 305 335 325 354 89 354 305 315 305 315 335 305 315 89 315 335 354 344 354 315 109 305 335 354 325 335 335 344 59 89 325 315 286 325 59 315 59 69 89 325 335 89 315 344 325 335 79 335 315 69 344 295 344 325 325 0 364 335 295 344 315 344 295 325 89 335 325 315 286 89 325 79
0 315 315 315 335 30 315 325 99 59 305 315 335 315 325 305 325 276 325 69 305 335 89 325 89 325 69 325 364 295 305 305 354 325 344 50 69 295 305 276 315 325 295 295 59 335 59 335 305 335 50 79 325 315 305 315 325 286 315 335 315 295 305 325 79 295 325 276 59 315 305 295 325 69 69 315 315 40 305 89 315 89 79 286 305 0 50 335 335 59 295 305 315 325 276 295 305 305 315 69 295
0 315 295 315 305 40 325 295 59 40 266 335 315 315 286 305 325 286 315 69 315 305 89 305 79 305 50 325 344 305 315 295 325 286 315 59 30 305 315 286 305 295 305 286 59 335 79 295 295 335 59 50 325 305 295 295 315 295 305 325 315 295 295 325 59 305 295 286 20 315 266 286 286 59 59 276 276 59 305 89 305 69 89 295 286 89 0 305 344 69 295 305 286 305 286 256 315 315 295 59 256
0 335 315 305 315 325 50 295 335 315 305 69 344 315 315 295 335 276 79 286 276 99 335 79 335 69 315 305 344 20 89 305 99 295 89 286 295 305 295 325 315 69 295 325 315 99 305 315 276 344 305 305 344 315 69 295 79 295 295 40 79 305 305 295 315 305 315 305 295 69 295 69 305 315 305 286 69 315 305 335 69 335 335 286 315 325 295 0 344 305 79 315 40 295 315 50 325 69 305 305 295
0 286 256 305 59 276 295 305 305 305 69 256 305 40 276 305 315 40 295 295 50 315 325 276 315 315 276 50 325 276 286 59 315 305 335 266 295 50 59 69 59 315 286 40 315 286 305 69 40 315 295 305 79 50 315 30 315 286 305 305 305 30 69 286 295 286 305 256 295 305 315 256 69 305 305 295 305 266 295 315 286 315 295 40 295 325 295 295 0 286 315 40 295 305 69 286 59 305 305 276 276
0 344 286 295 295 79 286 315 89 69 295 335 315 335 295 276 325 305 315 79 315 325 69 305 79 335 89 315 325 305 315 276 335 325 325 40 50 325 315 315 315 295 325 315 59 325 79 325 295 335 79 69 325 286 325 315 286 325 276 354 325 305 276 295 79 325 315 315 40 276 295 305 315 89 59 315 305 50 286 79 305 89 89 276 305 59 40 315 354 0 325 305 305 276 325 276 325 335 315 20 295
0 276 266 305 315 276 50 295 325 305 295 59 344 305 286 276 286 305 59 305 276 50 315 40 315 69 305 305 325 50 30 305 59 295 89 286 286 295 276 276 315 59 315 295 256 89 315 305 266 295 295 295 286 295 10 286 69 286 276 59 59 295 305 295 315 286 286 276 295 59 315 50 295 305 266 286 50 276 286 295 20 286 315 305 295 315 305 69 325 286 0 276 40 276 286 50 305 59 295 295 266
0 335 305 315 69 325 315 315 315 295 79 305 344 79 315 305 305 59 305 315 69 335 286 315 344 315 276 89 335 295 305 59 335 295 315 276 295 50 40 99 69 305 325 79 315 335 335 89 59 315 295 295 99 69 344 69 315 295 305 315 276 59 59 325 325 295 325 305 295 315 325 305 89 276 305 305 315 305 295 325 305 305 286 69 315 335 305 276 59 286 335 0 305 305 89 295 30 305 305 305 315
0 315 286 305 305 286 50 266 325 295 286 50 315 305 305 276 315 305 40 315 305 89 315 59 315 89 286 295 315 59 59 276 59 315 59 286 295 286 276 315 295 59 315 315 295 89 315 305 256 325 286 295 315 286 50 256 40 286 276 69 69 295 276 286 286 286 305 266 286 30 295 50 295 276 295 305 59 286 286 325 59 305 315 276 295 315 286 79 335 295 40 305 0 276 305 40 305 59 295 266 295
0 89 50 40 325 305 315 50 335 286 266 335 89 315 59 10 79 305 305 295 305 315 325 305 325 335 315 315 59 295 286 286 315 79 295 266 305 315 315 305 305 266 79 305 315 315 335 295 305 79 305 325 315 295 315 325 315 79 79 335 315 276 286 59 325 69 59 59 295 305 79 295 286 305 325 59 315 266 30 305 295 315 305 295 50 276 305 315 335 315 315 286 315 0 295 295 315 315 79 286 69
0 315 325 315 79 325 295 295 315 315 59 305 315 50 315 295 335 30 315 315 40 335 335 315 335 315 286 59 335 266 315 59 325 295 335 286 295 59 50 79 79 305 295 20 315 344 305 79 30 315 305 305 99 50 325 50 325 295 295 305 315 79 59 295 295 295 315 305 295 315 305 266 69 286 305 286 315 315 305 315 315 325 325 40 315 325 295 325 89 305 325 59 286 295 0 286 69 315 305 286 295
0 335 305 305 295 305 69 286 315 305 286 79 305 315 305 295 325 286 59 305 305 79 325 59 325 79 305 315 344 69 59 305 89 305 59 295 256 315 305 305 315 50 295 286 305 89 315 305 286 335 315 286 335 305 69 286 69 305 295 79 69 305 295 315 315 305 286 295 256 59 286 40 305 305 286 295 30 286 295 325 50 315 315 286 305 325 266 79 335 295 69 305 30 295 295 0 305 79 286 295 276
0 344 325 295 69 315 325 305 286 315 59 335 325 89 315 315 335 59 305 315 79 335 325 315 344 335 276 89 325 325 305 59 315 325 315 305 276 79 79 79 69 305 315 59 315 335 315 79 59 354 315 305 89 79 325 59 325 325 315 335 315 79 59 325 325 315 305 315 276 315 305 305 79 266 305 315 295 305 286 315 305 335 325 50 325 335 286 315 89 286 325 50 295 315 69 266 0 305 305 286 295
0 286 325 315 315 344 79 325 335 305 325 59 325 315 315 305 335 325 89 315 305 89 325 79 344 99 305 315 354 99 79 325 99 325 109 305 295 295 286 354 315 59 335 286 315 99 344 344 335 335 295 295 344 305 109 315 89 295 305 89 69 315 325 344 315 295 325 325 325 79 325 40 335 305 305 315 89 305 305 325 59 315 325 315 315 335 325 99 344 305 99 315 99 305 335 79 315 0 305 305 335
0 99 40 79 325 325 295 79 344 325 325 315 89 325 69 69 59 286 344 325 286 295 344 305 295 325 315 335 89 325 315 315 315 59 344 305 295 305 295 335 315 315 69 325 276 354 315 315 315 109 295 315 344 305 325 325 344 59 79 344 325 315 315 79 335 69 50 79 305 335 79 325 315 335 266 50 325 305 79 354 266 295 335 295 59 335 305 325 344 315 315 315 325 79 315 295 325 315 0 315 69
0 335 305 325 325 59 315 315 79 59 286 325 335 335 305 315 335 286 325 79 305 315 50 325 59 315 69 295 364 286 335 315 335 305 325 69 40 315 315 305 315 315 305 305 69 354 79 315 295 354 79 69 344 315 315 315 335 315 315 344 335 305 315 315 69 315 315 305 40 325 286 305 305 79 69 295 295 69 315 99 315 69 79 256 286 99 20 325 364 79 315 315 305 315 305 276 335 315 315 0 276
0 89 69 79 305 305 335 89 335 325 315 325 89 305 40 59 109 276 305 315 325 335 344 315 344 295 286 315 109 315 315 295 325 40 344 295 305 315 305 305 315 325 50 276 325 325 315 325 325 89 315 325 354 295 315 325 335 69 79 325 325 295 295 69 315 79 79 59 305 325 69 276 325 295 325 79 276 315 69 335 305 335 335 286 69 335 295 305 344 315 315 305 315 79 305 295 325 335 79 305 0
SETUP_COST
0.0 1380.0 200.0 1000.0 1180.0 1180.0 1000.0 1380.0 1000.0 1380.0 1180.0 1380.0 1000.0 1780.0 600.0 1180.0 800.0 1180.0 1380.0 1180.0 800.0 1000.0 1780.0 600.0 1380.0 1380.0 1380.0 1580.0 1780.0 1380.0 1000.0 1180.0 1180.0 1000.0 1780.0 600.0 800.0 1180.0 1000.0 1380.0 1580.0 1000.0 1580.0 1380.0 200.0 1580.0 1380.0 1380.0 1180.0 1580.0 1180.0 1180.0 1580.0 800.0 1000.0 1380.0 1780.0 1180.0 1180.0 1780.0 1380.0 800.0 400.0 1000.0 1780.0 1180.0 800.0 1180.0 1000.0 1580.0 1380.0 1180.0 1180.0 1580.0 400.0 800.0 1380.0 600.0 800.0 1380.0 400.0 1000.0 1180.0 1180.0 1000.0 1780.0 1180.0 1180.0 1980.0 1380.0 1380.0 1000.0 1580.0 1180.0 1380.0 1000.0 1380.0 1380.0 400.0 1000.0 1180.0
0.0 0.0 1580.0 1780.0 6300.0 6500.0 6100.0 1580.0 6500.0 5720.0 6500.0 6500.0 1980.0 6100.0 1380.0 1380.0 1580.0 6100.0 6500.0 6300.0 5720.0 6700.0 6300.0 6300.0 6880.0 6500.0 6300.0 6100.0 1980.0 6700.0 6700.0 6100.0 6100.0 1180.0 6700.0 5720.0 6100.0 5520.0 6500.0 6880.0 5900.0 6300.0 1580.0 6500.0 6500.0 6500.0 6700.0 6500.0 6300.0 1380.0 5520.0 6300.0 7080.0 6100.0 6300.0 6100.0 6300.0 600.0 1380.0 6300.0 5900.0 5900.0 6100.0 1780.0 6100.0 600.0 1380.0 1180.0 6100.0 6100.0 1380.0 6500.0 6300.0 6300.0 6300.0 1000.0 6300.0 6300.0 1380.0 5720.0 6300.0 6500.0 6100.0 6100.0 1000.0 6700.0 6300.0 6700.0 6500.0 5720.0 6700.0 6100.0 6500.0 1380.0 6500.0 6100.0 5900.0 5720.0 1380.0 5900.0 1580.0
0.0 1780.0 0.0 1380.0 5900.0 6100.0 6300.0 1180.0 6500.0 6500.0 6300.0 6300.0 1980.0 6700.0 600.0 1580.0 1380.0 6300.0 6100.0 5900.0 6100.0 6300.0 6500.0 5320.0 6500.0 6700.0 6100.0 6300.0 2180.0 6100.0 5720.0 6300.0 6300.0 1580.0 6700.0 5320.0 5900.0 6300.0 6100.0 6100.0 6300.0 6500.0 1580.0 6300.0 6300.0 6700.0 6700.0 6500.0 6300.0 1380.0 6300.0 6300.0 6880.0 6300.0 6300.0 6300.0 6500.0 1380.0 1580.0 6500.0 6100.0 5520.0 6300.0 800.0 6500.0 1380.0 1180.0 1180.0 5720.0 6300.0 1380.0 6300.0 6500.0 6300.0 6300.0 1380.0 6100.0 5320.0 1180.0 6300.0 5720.0 6500.0 5900.0 5900.0 1580.0 7080.0 5900.0 5900.0 6700.0 6300.0 6300.0 5720.0 6300.0 1580.0 6100.0 5720.0 6100.0 6500.0 1000.0 5720.0 1380.0
0.0 2180.0 1180.0 0.0 5900.0 5900.0 6100.0 1180.0 6300.0 5720.0 6300.0 6300.0 2180.0 6700.0 600.0 1580.0 1380.0 6300.0 6300.0 6100.0 5900.0 6500.0 5900.0 6100.0 6700.0 6500.0 5720.0 6700.0 1980.0 6100.0 6100.0 6300.0 6700.0 1180.0 6500.0 5720.0 6100.0 6100.0 5900.0 6700.0 6500.0 6300.0 1780.0 6300.0 6500.0 5720.0 6300.0 6700.0 5900.0 1780.0 6100.0 6100.0 6880.0 5520.0 6500.0 5900.0 6500.0 1180.0 1580.0 6300.0 5720.0 5720.0 5320.0 1180.0 6500.0 1180.0 1380.0 600.0 6100.0 6300.0 1780.0 6300.0 6700.0 5720.0 6300.0 1180.0 6300.0 5720.0 1380.0 6700.0 5900.0 6300.0 5900.0 6300.0 1000.0 6880.0 6300.0 5720.0 6300.0 5900.0 6500.0 5120.0 5720.0 1580.0 6700.0 6100.0 5720.0 6300.0 1380.0 6100.0 1000.0
0.0 6700.0 5720.0 6100.0 0.0 6300.0 6300.0 6100.0 6700.0 6300.0 1580.0 6100.0 7080.0 1580.0 5120.0 6300.0 6500.0 1180.0 6500.0 5720.0 1180.0 6300.0 6300.0 5120.0 6500.0 6300.0 6100.0 1580.0 6880.0 5900.0 6100.0 1380.0 6700.0 6300.0 6880.0 5720.0 5900.0 1180.0 1000.0 1580.0 800.0 6300.0 6500.0 1580.0 6300.0 6700.0 6700.0 1980.0 1180.0 6700.0 6100.0 6100.0 1780.0 1380.0 6300.0 1380.0 6500.0 5900.0 6300.0 6100.0 6100.0 600.0 1380.0 5900.0 6300.0 5900.0 5900.0 6500.0 6300.0 6500.0 5720.0 6100.0 1780.0 6100.0 6100.0 6300.0 6300.0 5720.0 5900.0 6500.0 5720.0 6700.0 6300.0 1380.0 6300.0 6880.0 6300.0 5520.0 1780.0 6100.0 6500.0 800.0 6300.0 6300.0 1580.0 6300.0 1180.0 6300.0 5720.0 6300.0 6100.0
0.0 6300.0 6300.0 6100.0 6300.0 0.0 5900.0 5900.0 1380.0 800.0 6300.0 6500.0 6700.0 5900.0 6100.0 5900.0 6300.0 5900.0 6100.0 1000.0 5520.0 6300.0 1180.0 6300.0 1580.0 6100.0 1180.0 5900.0 6880.0 6500.0 5520.0 5900.0 6500.0 5900.0 6500.0 400.0 1180.0 5320.0 6300.0 6500.0 5720.0 6300.0 6300.0 6100.0 1380.0 6300.0 1380.0 6500.0 6100.0 6300.0 400.0 1180.0 5900.0 5900.0 6300.0 6300.0 6100.0 5320.0 5900.0 6100.0 5720.0 5520.0 5900.0 6300.0 1180.0 5320.0 5900.0 4920.0 1000.0 5900.0 6100.0 6100.0 6300.0 1180.0 1180.0 5720.0 5900.0 400.0 5900.0 1380.0 5720.0 1580.0 1000.0 5900.0 5720.0 1780.0 1180.0 6100.0 6300.0 600.0 6100.0 5720.0 6300.0 5900.0 6300.0 5900.0 5720.0 5520.0 6100.0 800.0 5520.0
0.0 6700.0 5720.0 6700.0 6300.0 6300.0 0.0 6700.0 6880.0 6500.0 6500.0 1780.0 6880.0 6880.0 6100.0 6300.0 5900.0 6300.0 1980.0 6300.0 6100.0 1380.0 6500.0 600.0 6700.0 1780.0 6500.0 6100.0 6880.0 1780.0 1580.0 6100.0 1780.0 6300.0 1980.0 5120.0 6100.0 6300.0 6300.0 6300.0 6700.0 1780.0 6100.0 6500.0 5520.0 2180.0 6100.0 6500.0 6500.0 7080.0 6300.0 6500.0 6880.0 6300.0 1580.0 6700.0 1580.0 6300.0 6500.0 2360.0 1180.0 6300.0 6100.0 6300.0 6880.0 6300.0 6100.0 6300.0 6300.0 1380.0 6300.0 1580.0 6300.0 6500.0 5720.0 6100.0 1780.0 6100.0 6500.0 6500.0 800.0 6100.0 6300.0 5900.0 6300.0 5720.0 6100.0 1780.0 6700.0 6500.0 1780.0 6100.0 1780.0 6300.0 6300.0 1380.0 6100.0 1780.0 6100.0 5720.0 6300.0
0.0 1980.0 600.0 1000.0 6300.0 6100.0 5520.0 0.0 6500.0 5720.0 5320.0 6500.0 1180.0 6300.0 1180.0 1380.0 1380.0 6100.0 6300.0 6100.0 6100.0 6300.0 6500.0 5900.0 6700.0 6700.0 5520.0 6300.0 1580.0 6300.0 6100.0 5320.0 6500.0 1380.0 6300.0 5320.0 5520.0 6300.0 6300.0 6300.0 6100.0 5900.0 1580.0 6100.0 5900.0 6500.0 6100.0 5900.0 6100.0 1980.0 6300.0 6100.0 6500.0 5520.0 6300.0 6100.0 5520.0 1580.0 1380.0 6500.0 6300.0 5720.0 5120.0 1380.0 6300.0 1380.0 1180.0 1180.0 5520.0 5320.0 1000.0 5720.0 5720.0 5320.0 5720.0 1180.0 5900.0 5900.0 800.0 6300.0 5900.0 6300.0 6500.0 6100.0 800.0 6300.0 5720.0 6300.0 6500.0 5720.0 6500.0 5900.0 5900.0 1380.0 5900.0 5320.0 6300.0 6500.0 1180.0 5900.0 1000.0
0.0 6700.0 6880.0 6300.0 6500.0 1000.0 6700.0 6880.0 0.0 1580.0 6700.0 7080.0 7080.0 6700.0 6500.0 6880.0 7080.0 6500.0 6880.0 1780.0 6500.0 6500.0 1980.0 6700.0 2360.0 6880.0 1780.0 6300.0 7080.0 6300.0 6500.0 6500.0 6300.0 6880.0 6880.0 400.0 1780.0 6300.0 6700.0 5900.0 6700.0 6700.0 6880.0 6300.0 1780.0 7080.0 1580.0 6880.0 6300.0 7080.0 1380.0 2180.0 6880.0 6500.0 6700.0 6880.0 6880.0 6100.0 6700.0 6700.0 6500.0 6300.0 6500.0 6880.0 1980.0 6300.0 6700.0 5900.0 1780.0 6700.0 6700.0 6300.0 6700.0 1780.0 1580.0 6500.0 6880.0 1180.0 6700.0 1180.0 6300.0 1780.0 1780.0 6300.0 6500.0 2180.0 1580.0 6880.0 7080.0 1580.0 6880.0 6300.0 6700.0 6880.0 5900.0 6500.0 6500.0 6500.0 6880.0 1780.0 6300.0
0.0 6500.0 6100.0 5900.0 6700.0 1780.0 6300.0 5900.0 1380.0 0.0 6300.0 6300.0 6500.0 6300.0 6300.0 6300.0 6300.0 5720.0 6100.0 600.0 6300.0 6100.0 1180.0 5900.0 1780.0 5900.0 1000.0 6300.0 6700.0 6300.0 6300.0 5720.0 6500.0 5520.0 6700.0 600.0 800.0 6300.0 6100.0 6500.0 6100.0 6500.0 6100.0 5720.0 1780.0 6500.0 1380.0 6500.0 5900.0 6700.0 1380.0 1380.0 6500.0 5900.0 6100.0 6300.0 6300.0 6100.0 6300.0 6500.0 5900.0 5120.0 5720.0 6300.0 1380.0 6300.0 5720.0 6300.0 1000.0 6300.0 6300.0 5720.0 6300.0 1000.0 1580.0 5320.0 5520.0 1580.0 5720.0 1380.0 5520.0 1580.0 1180.0 5900.0 6300.0 1980.0 1000.0 5900.0 6300.0 1180.0 6500.0 5320.0 6300.0 6300.0 6300.0 5900.0 5900.0 5900.0 6300.0 1380.0 6100.0
0.0 6700.0 5320.0 6300.0 1380.0 6500.0 6300.0 6300.0 6300.0 5320.0 0.0 6700.0 6700.0 1580.0 5720.0 6300.0 6700.0 1180.0 6500.0 5900.0 1180.0 6300.0 6500.0 5720.0 6700.0 6300.0 6100.0 1580.0 6880.0 5720.0 6100.0 1180.0 6100.0 5900.0 6500.0 5720.0 5900.0 1180.0 1380.0 1580.0 800.0 6100.0 6300.0 800.0 6300.0 6880.0 6700.0 600.0 1000.0 6700.0 6100.0 6100.0 1980.0 1380.0 6500.0 1580.0 6700.0 6100.0 6300.0 6500.0 6100.0 600.0 1180.0 6100.0 6300.0 6100.0 5720.0 6500.0 6100.0 6500.0 6100.0 5720.0 400.0 6100.0 6100.0 5720.0 5900.0 5720.0 6100.0 6300.0 5720.0 5900.0 6300.0 800.0 5320.0 6880.0 5900.0 6300.0 1780.0 6300.0 6500.0 800.0 6300.0 6300.0 600.0 6100.0 1380.0 6100.0 6100.0 5520.0 6100.0
0.0 6300.0 6500.0 6500.0 6300.0 6500.0 1380.0 6700.0 5900.0 6300.0 6100.0 0.0 6500.0 6100.0 6500.0 6700.0 6700.0 6100.0 800.0 6500.0 6300.0 1780.0 6300.0 1580.0 6100.0 1980.0 5900.0 6300.0 7080.0 1380.0 1780.0 6300.0 1180.0 6500.0 1780.0 5900.0 6100.0 6100.0 6300.0 6300.0 5900.0 1780.0 5520.0 5520.0 6700.0 1780.0 5900.0 6100.0 6300.0 6500.0 6100.0 6500.0 6500.0 6100.0 1780.0 5320.0 1580.0 5900.0 6700.0 1580.0 1580.0 6500.0 6300.0 6880.0 6300.0 6100.0 6300.0 6500.0 6100.0 1380.0 6100.0 800.0 6300.0 5900.0 6500.0 6300.0 1580.0 6700.0 6300.0 6700.0 1180.0 6300.0 6300.0 5520.0 6100.0 6500.0 5720.0 1980.0 6880.0 6100.0 1780.0 6300.0 1580.0 6700.0 6500.0 1000.0 6500.0 1380.0 6300.0 5320.0 5900.0
0.0 1580.0 800.0 1000.0 5720.0 6300.0 5720.0 1180.0 6300.0 5520.0 5320.0 5520.0 0.0 5900.0 1000.0 800.0 1380.0 5900.0 6100.0 5720.0 5520.0 6100.0 6100.0 5720.0 6300.0 6300.0 5900.0 5900.0 1780.0 6100.0 5900.0 5900.0 6300.0 1000.0 6500.0 5520.0 5320.0 5320.0 5120.0 6300.0 5720.0 5520.0 800.0 5320.0 5720.0 6300.0 6100.0 5720.0 6100.0 1580.0 5320.0 5320.0 6300.0 5900.0 6500.0 5720.0 5900.0 400.0 800.0 6100.0 5720.0 5720.0 5900.0 1380.0 5900.0 400.0 1180.0 1000.0 5900.0 5900.0 1180.0 5520.0 5520.0 5900.0 5520.0 800.0 6100.0 5520.0 600.0 6300.0 5520.0 6100.0 5900.0 5520.0 800.0 6100.0 5720.0 6300.0 6300.0 5520.0 6300.0 5900.0 6300.0 800.0 5720.0 5720.0 5720.0 5520.0 600.0 5720.0 1000.0
0.0 6100.0 5900.0 5720.0 800.0 6300.0 6100.0 6300.0 5520.0 6300.0 1180.0 6500.0 6700.0 0.0 5720.0 5520.0 6300.0 1180.0 6300.0 5320.0 1000.0 6100.0 6300.0 5720.0 6300.0 6500.0 5900.0 200.0 6700.0 5900.0 5900.0 1000.0 5720.0 6100.0 6300.0 5320.0 5720.0 800.0 1180.0 1380.0 1180.0 5520.0 5720.0 1000.0 5720.0 6500.0 5900.0 800.0 1180.0 6500.0 5720.0 5320.0 1580.0 200.0 6100.0 1580.0 6300.0 5900.0 5520.0 5320.0 5900.0 1000.0 1000.0 6500.0 5120.0 5720.0 5900.0 6300.0 5720.0 6300.0 5520.0 5900.0 600.0 6300.0 5520.0 5900.0 6100.0 5520.0 5520.0 6300.0 5520.0 5520.0 6100.0 1380.0 6100.0 6100.0 5900.0 6300.0 1580.0 5900.0 6300.0 1000.0 6300.0 5520.0 600.0 6100.0 1000.0 5900.0 5520.0 5900.0 6100.0
0.0 1780.0 800.0 1180.0 5520.0 6300.0 6300.0 1180.0 6700.0 6300.0 6500.0 6500.0 1980.0 6300.0 0.0 1380.0 1580.0 5900.0 6500.0 5720.0 6100.0 6100.0 6300.0 5520.0 6880.0 6500.0 5900.0 6300.0 1980.0 5720.0 6300.0 6100.0 6700.0 1380.0 6700.0 5720.0 5900.0 6300.0 6100.0 6300.0 6100.0 6500.0 1580.0 6700.0 6700.0 6700.0 6500.0 6700.0 5900.0 1780.0 6300.0 6500.0 6700.0 6100.0 6300.0 6300.0 6500.0 1380.0 1380.0 6100.0 5900.0 5320.0 6100.0 800.0 6300.0 1580.0 1000.0 1580.0 6300.0 6300.0 1380.0 6300.0 6500.0 6100.0 6300.0 1180.0 6500.0 5900.0 1000.0 6500.0 5520.0 6500.0 6100.0 6100.0 1780.0 6880.0 6300.0 5520.0 6500.0 6300.0 6500.0 5520.0 6300.0 1380.0 6300.0 6300.0 5900.0 6700.0 1380.0 6300.0 1580.0
0.0 2180.0 1000.0 1780.0 6700.0 6100.0 6300.0 1780.0 6700.0 5720.0 5320.0 6700.0 2180.0 6700.0 1380.0 0.0 2180.0 6100.0 6880.0 6300.0 6100.0 6300.0 6880.0 6100.0 7080.0 6700.0 6500.0 6700.0 2360.0 5900.0 6500.0 6500.0 6500.0 1580.0 6880.0 6100.0 6300.0 6500.0 6300.0 6100.0 6100.0 6500.0 1580.0 6100.0 6700.0 7280.0 6700.0 5900.0 6100.0 2360.0 6100.0 6500.0 7080.0 6300.0 6500.0 6500.0 6880.0 1580.0 1580.0 7080.0 6500.0 5900.0 6500.0 1580.0 6700.0 1580.0 1380.0 1180.0 6100.0 6880.0 1580.0 6100.0 5720.0 6500.0 6500.0 1180.0 6300.0 6100.0 1580.0 6700.0 6300.0 6300.0 6700.0 6100.0 1000.0 5520.0 6300.0 6700.0 7080.0 6500.0 6500.0 6100.0 6300.0 1580.0 5900.0 6100.0 6500.0 6500.0 1580.0 5900.0 1380.0
0.0 1780.0 1000.0 1180.0 5900.0 6500.0 6300.0 1580.0 6500.0 5720.0 6300.0 6300.0 1980.0 6700.0 1180.0 1000.0 0.0 6300.0 6300.0 6100.0 6100.0 5720.0 6500.0 6100.0 6500.0 6700.0 6100.0 6700.0 1980.0 6500.0 6100.0 6100.0 6700.0 1380.0 6700.0 5720.0 6300.0 6100.0 6100.0 6500.0 6500.0 5720.0 1780.0 6300.0 5900.0 6700.0 6880.0 6500.0 6300.0 1980.0 6100.0 5520.0 6700.0 5720.0 6100.0 6700.0 6300.0 1180.0 1000.0 6300.0 6100.0 5900.0 6100.0 1000.0 6700.0 1180.0 1380.0 1580.0 6300.0 6100.0 1580.0 6300.0 6300.0 6300.0 5720.0 1180.0 6100.0 5720.0 1000.0 6500.0 5720.0 5120.0 5900.0 6300.0 1580.0 6300.0 6500.0 6500.0 6700.0 6300.0 6100.0 6100.0 6700.0 1000.0 6500.0 6100.0 5900.0 6500.0 800.0 6100.0 1580.0
0.0 6500.0 6100.0 5720.0 1380.0 6100.0 6300.0 6100.0 6300.0 6100.0 800.0 5900.0 6700.0 1380.0 6100.0 5520.0 6300.0 0.0 6300.0 6300.0 1180.0 6300.0 6500.0 6300.0 6300.0 6300.0 6100.0 1580.0 6880.0 5720.0 6300.0 1000.0 6500.0 6100.0 6500.0 6100.0 5720.0 1000.0 800.0 1180.0 1180.0 5900.0 5320.0 1180.0 6300.0 6300.0 5720.0 1380.0 1000.0 6880.0 5720.0 5900.0 1580.0 1380.0 6300.0 1000.0 6100.0 5720.0 6100.0 6500.0 6300.0 1380.0 1000.0 6300.0 6300.0 5720.0 6300.0 6100.0 5520.0 5900.0 5720.0 5720.0 1180.0 6300.0 5900.0 5900.0 5900.0 6100.0 5520.0 6300.0 5900.0 6500.0 6100.0 200.0 5720.0 6100.0 5320.0 6500.0 1780.0 5900.0 6100.0 1180.0 5720.0 6100.0 1180.0 5520.0 1380.0 6100.0 5900.0 5900.0 5520.0
0.0 6500.0 6300.0 6300.0 5720.0 6700.0 1580.0 6300.0 6500.0 6300.0 6500.0 1980.0 7080.0 6500.0 5720.0 6100.0 6100.0 6300.0 0.0 6100.0 6300.0 1580.0 6700.0 1000.0 6300.0 1780.0 5720.0 6100.0 6700.0 1780.0 1000.0 6300.0 600.0 6500.0 1180.0 6100.0 5720.0 6100.0 6500.0 6500.0 5320.0 1180.0 6700.0 6300.0 6300.0 1980.0 6700.0 5320.0 6300.0 6880.0 6100.0 5900.0 6500.0 6500.0 1180.0 6300.0 1780.0 5900.0 6100.0 1580.0 1580.0 6100.0 6300.0 6500.0 5900.0 5900.0 5720.0 6500.0 6500.0 1780.0 6300.0 1580.0 6300.0 5720.0 6100.0 6300.0 1380.0 6100.0 6100.0 6700.0 1000.0 6100.0 6500.0 6500.0 6300.0 6700.0 6500.0 1380.0 6880.0 6100.0 1180.0 6100.0 1780.0 6100.0 6500.0 1580.0 6300.0 1380.0 5900.0 6300.0 6500.0
0.0 7080.0 5720.0 6300.0 6300.0 1780.0 5720.0 6700.0 1980.0 1780.0 6500.0 6880.0 6700.0 6500.0 6100.0 6100.0 6500.0 6500.0 6700.0 0.0 6300.0 6300.0 1980.0 5900.0 1980.0 7080.0 1380.0 6100.0 6880.0 6300.0 6300.0 6500.0 6880.0 6700.0 7080.0 200.0 1580.0 6300.0 6700.0 6700.0 6700.0 6100.0 6700.0 6700.0 1380.0 6700.0 1980.0 6500.0 6300.0 6880.0 1380.0 1000.0 6880.0 6300.0 6700.0 6880.0 7080.0 6300.0 6100.0 6700.0 6500.0 6100.0 6500.0 6300.0 800.0 6300.0 6500.0 6700.0 1580.0 6880.0 6700.0 5900.0 6300.0 1780.0 1180.0 6500.0 6500.0 1000.0 6100.0 1980.0 6100.0 1380.0 1780.0 6500.0 6700.0 1780.0 1780.0 6500.0 7080.0 1580.0 6700.0 6100.0 6700.0 6100.0 6500.0 6300.0 6300.0 6500.0 5900.0 1580.0 6300.0
0.0 6880.0 5900.0 5900.0 1000.0 6300.0 5120.0 5900.0 6500.0 6300.0 1180.0 6300.0 6300.0 1580.0 5900.0 5720.0 6100.0 600.0 6300.0 5900.0 0.0 6300.0 6300.0 5720.0 6300.0 5720.0 5520.0 1380.0 6700.0 6100.0 5900.0 600.0 6500.0 5320.0 6300.0 5320.0 5320.0 1180.0 1000.0 1380.0 1000.0 5520.0 5900.0 1000.0 5720.0 6500.0 6100.0 1380.0 600.0 6700.0 6100.0 5520.0 1580.0 800.0 6500.0 1000.0 6300.0 5900.0 5720.0 6700.0 6100.0 1000.0 600.0 6100.0 6100.0 5900.0 5900.0 6300.0 5320.0 6300.0 5900.0 5900.0 1380.0 6300.0 5520.0 5120.0 5720.0 5520.0 5720.0 6300.0 5720.0 6100.0 6300.0 800.0 6100.0 5900.0 5520.0 6300.0 1780.0 6100.0 6300.0 1000.0 5720.0 5720.0 1180.0 5120.0 1180.0 6300.0 5520.0 5900.0 5720.0
0.0 5900.0 5720.0 6300.0 6300.0 6100.0 800.0 6300.0 6700.0 6300.0 5900.0 1580.0 6500.0 6100.0 6100.0 6100.0 6100.0 5520.0 1180.0 6300.0 5320.0 0.0 6700.0 1180.0 6700.0 1380.0 5900.0 6300.0 6880.0 1380.0 1000.0 5900.0 1580.0 5720.0 1780.0 5720.0 5900.0 6300.0 6100.0 5900.0 6300.0 1180.0 5900.0 5520.0 5520.0 1780.0 6300.0 6500.0 5720.0 6300.0 6300.0 5900.0 6100.0 4920.0 600.0 6300.0 1780.0 6100.0 6100.0 1580.0 1580.0 6300.0 5900.0 6300.0 6300.0 6300.0 6100.0 6100.0 5720.0 1780.0 6100.0 800.0 6300.0 5900.0 5720.0 5520.0 600.0 6100.0 6100.0 6300.0 800.0 6300.0 6700.0 5720.0 6300.0 6300.0 5900.0 1580.0 6880.0 6100.0 600.0 6100.0 1180.0 6100.0 6100.0 800.0 5900.0 1380.0 5900.0 6100.0 5900.0
0.0 6500.0 5900.0 5900.0 5900.0 1180.0 6100.0 5520.0 1380.0 200.0 5900.0 5720.0 6300.0 6100.0 6100.0 5720.0 5900.0 5720.0 5900.0 800.0 5900.0 6100.0 0.0 6100.0 1580.0 6100.0 1000.0 6300.0 6500.0 6300.0 6100.0 5720.0 6300.0 5720.0 6300.0 800.0 800.0 5520.0 5320.0 6500.0 5900.0 5720.0 6100.0 5720.0 1000.0 6500.0 1580.0 6300.0 5520.0 6700.0 600.0 800.0 6500.0 5900.0 6100.0 5520.0 5900.0 5520.0 5720.0 6300.0 5900.0 5320.0 5720.0 6100.0 1180.0 5520.0 5720.0 5720.0 1180.0 5900.0 6300.0 5720.0 6300.0 1000.0 800.0 5320.0 5520.0 800.0 5720.0 1580.0 5520.0 400.0 1180.0 5900.0 5900.0 1580.0 1180.0 5900.0 6300.0 800.0 6100.0 5320.0 5320.0 5720.0 6300.0 5900.0 5900.0 5900.0 5720.0 800.0 6100.0
0.0 6880.0 6300.0 6300.0 6300.0 6500.0 1580.0 6300.0 6880.0 6300.0 6500.0 1180.0 6880.0 6500.0 6300.0 6300.0 6700.0 6100.0 1580.0 6300.0 6300.0 1780.0 6700.0 0.0 6300.0 1380.0 6300.0 6500.0 6880.0 1980.0 1180.0 6500.0 1980.0 6500.0 2180.0 5720.0 6100.0 5900.0 5720.0 7080.0 6300.0 1180.0 6500.0 6500.0 6300.0 1980.0 6700.0 6880.0 6700.0 6700.0 5900.0 6100.0 7080.0 6500.0 1780.0 6100.0 1580.0 5900.0 6100.0 1780.0 1380.0 5900.0 6500.0 6500.0 6300.0 5900.0 6300.0 6500.0 6300.0 1780.0 6500.0 1180.0 6700.0 6700.0 5900.0 6300.0 1580.0 5720.0 6100.0 6700.0 1180.0 6500.0 6300.0 6300.0 6300.0 6700.0 6300.0 1780.0 6880.0 6100.0 1780.0 6100.0 1980.0 6300.0 6700.0 1580.0 6300.0 1380.0 5520.0 6100.0 6500.0
0.0 6100.0 6500.0 6500.0 6100.0 1000.0 6300.0 6300.0 1380.0 1580.0 6100.0 6300.0 6880.0 5720.0 6100.0 6300.0 6880.0 5720.0 6500.0 1180.0 5900.0 6880.0 1980.0 6100.0 0.0 6700.0 1580.0 5900.0 7280.0 5720.0 6300.0 6100.0 5900.0 6300.0 6300.0 1180.0 1580.0 6100.0 6100.0 6700.0 5520.0 6300.0 6100.0 6100.0 1580.0 7080.0 1380.0 6300.0 5900.0 7080.0 1180.0 1180.0 6700.0 5120.0 6300.0 6300.0 6700.0 6100.0 6300.0 5900.0 6500.0 6300.0 6100.0 6300.0 1000.0 6100.0 6500.0 5900.0 1380.0 6700.0 5720.0 6100.0 6100.0 1580.0 1380.0 6100.0 6500.0 1180.0 6300.0 1380.0 6300.0 1380.0 1780.0 5900.0 6300.0 1380.0 1180.0 6500.0 7080.0 1380.0 6300.0 6300.0 6100.0 6300.0 6300.0 6100.0 6100.0 5320.0 5900.0 1580.0 6100.0
0.0 6700.0 6700.0 6700.0 6700.0 6700.0 1780.0 6300.0 6500.0 6100.0 6700.0 1780.0 6880.0 6880.0 6300.0 6500.0 6880.0 6100.0 1180.0 6700.0 6300.0 1000.0 6100.0 1980.0 7280.0 0.0 6500.0 6880.0 6500.0 1580.0 1380.0 6100.0 1580.0 5900.0 2180.0 6500.0 5720.0 6300.0 6300.0 6700.0 6300.0 1580.0 6500.0 6300.0 6500.0 2360.0 6700.0 6500.0 6500.0 6300.0 5900.0 6700.0 6300.0 5900.0 1580.0 6500.0 1980.0 6500.0 6700.0 1780.0 1580.0 6300.0 6100.0 7080.0 6700.0 6300.0 5720.0 6700.0 6300.0 1780.0 6500.0 1380.0 6500.0 6700.0 6500.0 6300.0 1380.0 6500.0 6500.0 6300.0 400.0 6300.0 6700.0 6300.0 6700.0 7280.0 6300.0 1780.0 6880.0 6100.0 1580.0 6500.0 1580.0 6700.0 6500.0 1380.0 6500.0 1180.0 6700.0 6500.0 5720.0
0.0 6880.0 6100.0 6500.0 6500.0 1780.0 6500.0 5900.0 1780.0 1380.0 6300.0 6300.0 6500.0 6700.0 6500.0 6500.0 6300.0 6500.0 6100.0 1380.0 6500.0 6880.0 1180.0 6500.0 2360.0 6700.0 0.0 6880.0 7080.0 6300.0 5520.0 6300.0 6500.0 6300.0 6500.0 1000.0 1380.0 6300.0 6100.0 7080.0 6300.0 6500.0 6500.0 6500.0 1780.0 6880.0 1980.0 6500.0 6300.0 6500.0 1180.0 1380.0 6500.0 6300.0 6880.0 6500.0 6300.0 6100.0 6500.0 6100.0 5720.0 6300.0 6100.0 6700.0 1380.0 6300.0 6700.0 6100.0 1380.0 6300.0 6300.0 6300.0 6500.0 1000.0 1580.0 6500.0 6300.0 1580.0 6300.0 1780.0 6500.0 1580.0 1180.0 6500.0 6500.0 2180.0 1580.0 5900.0 6100.0 1180.0 7080.0 5320.0 6300.0 6500.0 6700.0 6100.0 5900.0 6300.0 6300.0 1580.0 6500.0
0.0 6700.0 6500.0 6300.0 1380.0 6500.0 6300.0 6300.0 6700.0 6300.0 1180.0 6500.0 6700.0 1380.0 6300.0 6100.0 6300.0 1180.0 6700.0 6300.0 1180.0 6500.0 6700.0 6300.0 6880.0 6700.0 6100.0 0.0 7080.0 5720.0 6500.0 1580.0 6500.0 6300.0 6880.0 6100.0 5720.0 1180.0 1380.0 1580.0 1580.0 6100.0 6300.0 800.0 6300.0 7080.0 6500.0 600.0 1000.0 6700.0 6100.0 5900.0 2180.0 1380.0 6700.0 1580.0 6700.0 5900.0 6100.0 6500.0 6500.0 1580.0 1580.0 6300.0 6300.0 6100.0 5720.0 6500.0 6100.0 6700.0 6100.0 5720.0 400.0 6100.0 6100.0 6100.0 6300.0 6100.0 6100.0 6700.0 6100.0 5900.0 6100.0 1180.0 6300.0 6700.0 5720.0 6700.0 2180.0 6300.0 6500.0 1180.0 6100.0 6100.0 600.0 5900.0 1580.0 6300.0 6100.0 6100.0 5900.0
0.0 1980.0 1180.0 400.0 5900.0 6100.0 6100.0 1380.0 6500.0 5320.0 6100.0 6300.0 1580.0 6100.0 800.0 1000.0 1580.0 5320.0 5900.0 5720.0 6100.0 6300.0 6100.0 5900.0 6700.0 6300.0 5900.0 6100.0 0.0 6100.0 6100.0 5900.0 5520.0 1000.0 6100.0 5900.0 5900.0 6300.0 6100.0 6300.0 6100.0 6300.0 1000.0 5320.0 6300.0 5900.0 6100.0 6300.0 6300.0 1580.0 6300.0 6300.0 6700.0 5720.0 6300.0 6100.0 5900.0 1180.0 1580.0 6300.0 5900.0 5520.0 5520.0 1580.0 6100.0 1380.0 1000.0 800.0 5900.0 5900.0 1180.0 5520.0 6300.0 5900.0 6300.0 800.0 5320.0 5900.0 1000.0 6300.0 5720.0 6500.0 6100.0 5520.0 1180.0 6500.0 5720.0 5900.0 6300.0 6100.0 6500.0 5320.0 5900.0 1580.0 6300.0 5900.0 5900.0 6100.0 1580.0 5900.0 1000.0
0.0 6700.0 6300.0 5900.0 6100.0 6300.0 600.0 5720.0 6300.0 5900.0 5900.0 1000.0 6500.0 5900.0 6100.0 5520.0 6300.0 5120.0 1180.0 6100.0 5320.0 1580.0 6300.0 1180.0 6500.0 1180.0 5900.0 5900.0 6500.0 0.0 1380.0 5720.0 1580.0 5520.0 1580.0 5520.0 5720.0 5720.0 5520.0 6100.0 6100.0 1000.0 5520.0 6100.0 6100.0 1780.0 5900.0 6300.0 5120.0 6500.0 5720.0 5720.0 6500.0 6100.0 1380.0 5520.0 1180.0 5720.0 5520.0 1380.0 1180.0 6100.0 5720.0 5720.0 6100.0 5720.0 6100.0 5900.0 5520.0 1180.0 5900.0 1000.0 6100.0 6100.0 5900.0 5320.0 1180.0 5900.0 5720.0 6300.0 1000.0 6300.0 6300.0 5320.0 5900.0 6100.0 5520.0 1580.0 6700.0 5900.0 1380.0 6100.0 600.0 5520.0 6300.0 600.0 6100.0 1180.0 5720.0 5720.0 5720.0
0.0 7080.0 5900.0 6300.0 6100.0 6500.0 1000.0 5320.0 6880.0 6100.0 5720.0 1980.0 6500.0 6300.0 6300.0 6500.0 6500.0 6500.0 600.0 6500.0 6500.0 1780.0 6880.0 1380.0 6700.0 2180.0 5900.0 6500.0 6700.0 1780.0 0.0 5720.0 1000.0 6700.0 1580.0 5720.0 5900.0 5900.0 6500.0 6700.0 5720.0 1380.0 6700.0 6300.0 6300.0 2180.0 6500.0 5900.0 6300.0 7080.0 6500.0 6300.0 6880.0 5900.0 1780.0 6500.0 1000.0 6300.0 6500.0 1780.0 1780.0 6100.0 5520.0 6300.0 6300.0 6500.0 6300.0 6500.0 5900.0 800.0 6100.0 1180.0 6100.0 5720.0 6100.0 6500.0 1380.0 6300.0 6100.0 6700.0 1380.0 6500.0 6880.0 6500.0 6100.0 6700.0 6100.0 1780.0 6880.0 5900.0 1780.0 6300.0 1580.0 6500.0 6300.0 1000.0 6700.0 1980.0 6500.0 6300.0 6300.0
0.0 6700.0 6300.0 6100.0 1180.0 6100.0 6300.0 5900.0 6300.0 6300.0 1000.0 6300.0 5900.0 1580.0 5900.0 5900.0 6500.0 800.0 6300.0 5900.0 1380.0 6300.0 6500.0 6100.0 6700.0 6500.0 6100.0 1580.0 6500.0 6300.0 6300.0 0.0 6500.0 6300.0 6100.0 5900.0 5320.0 1180.0 1000.0 1180.0 1580.0 5900.0 6100.0 800.0 6100.0 6700.0 5900.0 1380.0 1000.0 6700.0 6100.0 5720.0 1980.0 400.0 6300.0 1000.0 6300.0 6100.0 5900.0 6500.0 6300.0 800.0 200.0 6300.0 6300.0 6100.0 5900.0 6100.0 5120.0 6100.0 5720.0 5720.0 1380.0 6100.0 5900.0 5900.0 5720.0 5900.0 5900.0 6500.0 5900.0 6500.0 6500.0 1000.0 5520.0 6500.0 5520.0 6300.0 1780.0 6100.0 6300.0 800.0 5720.0 5900.0 1180.0 5120.0 1380.0 6300.0 5720.0 6100.0 5520.0
0.0 6300.0 5900.0 6300.0 5120.0 6700.0 1580.0 6300.0 6100.0 6500.0 6100.0 1580.0 6880.0 6700.0 5320.0 5720.0 6300.0 6300.0 1380.0 5720.0 6300.0 1180.0 6500.0 400.0 6700.0 1580.0 6300.0 5520.0 6700.0 1180.0 1580.0 6100.0 0.0 6100.0 600.0 5720.0 5900.0 6300.0 6100.0 6500.0 5900.0 1580.0 6500.0 6300.0 6500.0 2180.0 6700.0 6100.0 6300.0 6880.0 6300.0 6300.0 6880.0 6100.0 1780.0 5900.0 1380.0 6100.0 6300.0 1180.0 1380.0 5720.0 6300.0 6100.0 6300.0 6300.0 5900.0 6700.0 6300.0 1380.0 5900.0 1380.0 5900.0 6300.0 6300.0 6500.0 1580.0 5900.0 6100.0 6700.0 600.0 6500.0 6100.0 6300.0 6500.0 6300.0 6300.0 1000.0 6700.0 5720.0 1580.0 5720.0 1780.0 6300.0 6100.0 1380.0 6300.0 1780.0 5900.0 6100.0 6300.0
0.0 1980.0 1380.0 1380.0 6300.0 6300.0 6300.0 1180.0 6500.0 6300.0 6100.0 6300.0 1180.0 6500.0 1180.0 1000.0 1780.0 5900.0 6300.0 6100.0 6300.0 6300.0 6300.0 6300.0 6880.0 5320.0 6100.0 6500.0 1780.0 6500.0 6300.0 5120.0 6700.0 0.0 6300.0 6100.0 5520.0 6300.0 6100.0 6300.0 6700.0 6100.0 1380.0 5900.0 6300.0 6880.0 6100.0 6300.0 6100.0 1980.0 6300.0 5900.0 6300.0 5320.0 6500.0 6100.0 6500.0 1380.0 1000.0 6700.0 6100.0 5720.0 5120.0 1580.0 5720.0 1380.0 1180.0 1380.0 5320.0 6300.0 1000.0 5900.0 6300.0 6100.0 6100.0 1380.0 5720.0 6100.0 1180.0 6700.0 5720.0 6300.0 6300.0 6100.0 800.0 6300.0 5520.0 6100.0 6500.0 6300.0 6500.0 5520.0 5900.0 1000.0 6300.0 5320.0 6100.0 6300.0 1180.0 6100.0 1000.0
0.0 6880.0 5900.0 6300.0 6500.0 6300.0 1000.0 6100.0 6300.0 5900.0 5520.0 1380.0 6300.0 6500.0 6300.0 5120.0 6100.0 6300.0 1380.0 6100.0 6300.0 1580.0 5900.0 1380.0 6500.0 1580.0 5720.0 6500.0 6880.0 1180.0 1000.0 5520.0 1780.0 6100.0 0.0 5520.0 5900.0 6100.0 5900.0 6300.0 6300.0 1380.0 6500.0 6300.0 6100.0 1980.0 6500.0 6100.0 6100.0 6500.0 6100.0 6100.0 6880.0 5900.0 1580.0 6300.0 800.0 5900.0 6300.0 1580.0 800.0 5720.0 5720.0 6500.0 6500.0 6100.0 6100.0 6300.0 5720.0 800.0 6100.0 1580.0 5900.0 5720.0 6100.0 6300.0 1380.0 5520.0 5900.0 6500.0 1000.0 6300.0 5900.0 6100.0 5900.0 5720.0 6100.0 800.0 6100.0 5900.0 1580.0 5120.0 1380.0 6300.0 6100.0 800.0 5720.0 1580.0 6100.0 5900.0 6300.0
0.0 7080.0 6500.0 7080.0 6300.0 2180.0 6700.0 7080.0 2180.0 1580.0 7080.0 7080.0 7280.0 6700.0 6300.0 6700.0 6700.0 6500.0 7280.0 2180.0 6500.0 6300.0 1980.0 6300.0 2560.0 7080.0 1780.0 6100.0 6880.0 6700.0 6880.0 6700.0 7080.0 6700.0 7280.0 0.0 1780.0 6300.0 6700.0 7080.0 6700.0 6880.0 6880.0 6700.0 1580.0 7080.0 2180.0 6500.0 6880.0 7280.0 1380.0 1980.0 7280.0 6300.0 6700.0 7280.0 6880.0 6100.0 6700.0 7080.0 6500.0 6700.0 6700.0 7080.0 1980.0 6300.0 6500.0 6700.0 1780.0 6880.0 6880.0 6700.0 6300.0 1780.0 1180.0 6500.0 6700.0 1780.0 6880.0 2560.0 6100.0 1580.0 1780.0 6700.0 6500.0 2360.0 1780.0 6700.0 7080.0 1580.0 6700.0 6100.0 7080.0 6700.0 6500.0 6700.0 6300.0 6500.0 6880.0 1780.0 6300.0
0.0 6500.0 6100.0 6500.0 6500.0 1780.0 6100.0 5520.0 1980.0 1380.0 5900.0 6880.0 6700.0 6700.0 6100.0 6300.0 6700.0 6300.0 6500.0 1380.0 6300.0 6700.0 1980.0 6500.0 2360.0 6880.0 1180.0 6700.0 7080.0 6100.0 6500.0 5900.0 6880.0 6700.0 7080.0 1180.0 0.0 6700.0 6500.0 6700.0 6700.0 6500.0 6700.0 6100.0 1380.0 6300.0 1780.0 6500.0 6300.0 6880.0 1980.0 1780.0 6700.0 6100.0 6100.0 6100.0 6100.0 6700.0 6300.0 6880.0 6500.0 5900.0 5900.0 6700.0 1780.0 6700.0 6500.0 6700.0 1180.0 5900.0 6300.0 6100.0 6300.0 1000.0 1580.0 6500.0 6500.0 1580.0 6300.0 2180.0 6300.0 1980.0 1980.0 6300.0 6300.0 1980.0 1380.0 6500.0 7080.0 800.0 6100.0 6100.0 6500.0 6300.0 5720.0 6100.0 6500.0 7080.0 6700.0 1180.0 6500.0
0.0 6500.0 5900.0 6100.0 1180.0 5900.0 5900.0 6500.0 5900.0 6300.0 1180.0 6700.0 6300.0 600.0 5720.0 5720.0 5900.0 1380.0 6500.0 5900.0 1580.0 6500.0 6300.0 6100.0 6500.0 6700.0 6100.0 800.0 6700.0 6300.0 6100.0 800.0 6300.0 6500.0 6500.0 5720.0 5900.0 0.0 1580.0 1580.0 1580.0 5900.0 6100.0 1580.0 6100.0 6700.0 6300.0 1180.0 1180.0 6700.0 6300.0 5900.0 1780.0 600.0 6700.0 1580.0 5720.0 6300.0 5720.0 5720.0 6500.0 1180.0 800.0 6100.0 5720.0 6100.0 6300.0 5520.0 5720.0 5520.0 6100.0 6300.0 1000.0 5900.0 6100.0 6300.0 6300.0 5720.0 5900.0 6500.0 6100.0 6100.0 6500.0 800.0 5320.0 6300.0 5720.0 6100.0 2180.0 5120.0 6700.0 1380.0 6300.0 5720.0 1180.0 5720.0 1580.0 6100.0 5900.0 5520.0 5900.0
0.0 6300.0 5720.0 5720.0 800.0 6100.0 5720.0 5900.0 6100.0 5520.0 1000.0 5320.0 6500.0 800.0 5720.0 5520.0 6100.0 1000.0 6100.0 5720.0 600.0 6100.0 5900.0 5720.0 6100.0 6300.0 5900.0 1000.0 6500.0 6300.0 5720.0 1000.0 6300.0 5900.0 6300.0 5520.0 5320.0 400.0 0.0 1780.0 800.0 5320.0 5900.0 1000.0 5720.0 6100.0 6300.0 1580.0 1180.0 6500.0 5120.0 5320.0 1380.0 800.0 6300.0 800.0 5900.0 5120.0 5520.0 6100.0 5520.0 800.0 1000.0 6300.0 5900.0 5120.0 5900.0 5720.0 5720.0 5900.0 5900.0 5900.0 1380.0 5900.0 5320.0 5520.0 5900.0 5520.0 5520.0 6100.0 5520.0 5900.0 5900.0 1000.0 5520.0 6100.0 6100.0 6100.0 1380.0 5320.0 6300.0 1000.0 6100.0 5520.0 1180.0 5720.0 800.0 5520.0 5320.0 5720.0 6100.0
0.0 6300.0 6300.0 6100.0 1580.0 5120.0 5900.0 6100.0 6300.0 5720.0 1380.0 6300.0 6300.0 1000.0 6100.0 5900.0 6300.0 800.0 6100.0 5900.0 800.0 6300.0 6100.0 6300.0 6500.0 6100.0 5720.0 1180.0 6880.0 5320.0 5720.0 800.0 6500.0 6100.0 6500.0 5320.0 5900.0 600.0 1000.0 0.0 1000.0 6300.0 5900.0 400.0 6300.0 6300.0 6100.0 1780.0 600.0 6300.0 5320.0 6100.0 1180.0 1000.0 5900.0 1180.0 6100.0 5320.0 5900.0 6300.0 5720.0 600.0 800.0 6100.0 6100.0 5320.0 6100.0 5120.0 5720.0 6100.0 6100.0 5320.0 1380.0 5720.0 6100.0 5720.0 6100.0 5320.0 5900.0 6300.0 5720.0 6300.0 5900.0 1000.0 5720.0 6500.0 5900.0 6300.0 1380.0 5520.0 6300.0 800.0 5900.0 5900.0 200.0 5720.0 800.0 5720.0 6100.0 5720.0 5520.0
0.0 6300.0 6100.0 6300.0 1380.0 6300.0 6300.0 6300.0 7080.0 6700.0 1780.0 6700.0 7280.0 1780.0 6300.0 6100.0 6300.0 1780.0 6500.0 6300.0 1180.0 6300.0 6700.0 5900.0 6100.0 6880.0 6500.0 1980.0 7080.0 6700.0 6100.0 1580.0 6700.0 6500.0 6880.0 6100.0 6300.0 1580.0 1580.0 1580.0 0.0 6100.0 6880.0 1780.0 5900.0 6500.0 6300.0 1780.0 1180.0 6700.0 6500.0 5900.0 1580.0 1380.0 5900.0 1780.0 6880.0 6300.0 6100.0 6880.0 6500.0 1380.0 1580.0 6500.0 5520.0 6500.0 6300.0 6300.0 6500.0 6700.0 5900.0 6500.0 1780.0 6500.0 5720.0 6300.0 6500.0 6100.0 6100.0 6700.0 5900.0 6100.0 6700.0 1780.0 6500.0 6700.0 6700.0 6500.0 2180.0 6500.0 5720.0 1180.0 6300.0 6100.0 1580.0 6300.0 1580.0 6300.0 5900.0 6500.0 6300.0
0.0 6300.0 6100.0 5320.0 6100.0 5900.0 1380.0 5720.0 6500.0 5900.0 6100.0 1580.0 6100.0 6100.0 5720.0 6300.0 6100.0 6100.0 800.0 5520.0 6100.0 1180.0 6100.0 1380.0 6100.0 1580.0 5900.0 6100.0 6700.0 1380.0 400.0 5320.0 1180.0 6100.0 1580.0 4920.0 5720.0 5900.0 6100.0 6300.0 6100.0 0.0 6500.0 6100.0 6100.0 1000.0 6300.0 6100.0 5900.0 6100.0 5900.0 6100.0 5900.0 5720.0 1000.0 6300.0 1380.0 6100.0 6300.0 1380.0 1000.0 5120.0 5320.0 6300.0 6100.0 5900.0 5720.0 5720.0 5520.0 1180.0 6100.0 600.0 6100.0 5900.0 6100.0 6300.0 1180.0 4920.0 4920.0 5720.0 600.0 6300.0 5720.0 5720.0 5900.0 6700.0 5720.0 1180.0 6300.0 5900.0 1000.0 5320.0 1180.0 6300.0 6300.0 600.0 5900.0 1380.0 6100.0 5520.0 5900.0
0.0 1980.0 1000.0 1580.0 6700.0 6500.0 5900.0 1380.0 6300.0 6500.0 6300.0 6500.0 1380.0 5900.0 1380.0 1380.0 1180.0 6300.0 6300.0 6100.0 6300.0 6100.0 6300.0 6300.0 6500.0 6500.0 5720.0 6100.0 1580.0 6300.0 5900.0 5520.0 6700.0 1180.0 6100.0 5720.0 5900.0 6500.0 6300.0 6500.0 6700.0 6300.0 0.0 6100.0 6100.0 5900.0 5320.0 5900.0 6300.0 2360.0 6500.0 6300.0 7080.0 5900.0 6500.0 6300.0 5720.0 1580.0 1580.0 6300.0 6300.0 6100.0 5720.0 1780.0 6100.0 1580.0 1000.0 1180.0 5720.0 5520.0 1180.0 5320.0 5720.0 6500.0 5900.0 1580.0 6300.0 6100.0 1380.0 6880.0 5520.0 6300.0 5720.0 5720.0 1380.0 6500.0 5720.0 6700.0 6700.0 6300.0 6500.0 6100.0 6100.0 1580.0 5900.0 5720.0 6300.0 6700.0 1580.0 5520.0 1180.0
0.0 6700.0 6500.0 6100.0 1380.0 6500.0 6500.0 6300.0 6100.0 6300.0 1380.0 6300.0 5900.0 800.0 6100.0 6300.0 6500.0 1380.0 6500.0 5900.0 1580.0 6500.0 6300.0 6300.0 6500.0 6880.0 5320.0 800.0 6500.0 6300.0 5900.0 1180.0 6300.0 6500.0 6700.0 5320.0 6300.0 1380.0 1180.0 1580.0 1780.0 6100.0 6300.0 0.0 6300.0 6700.0 6500.0 1380.0 1580.0 6100.0 6300.0 6100.0 1780.0 600.0 6700.0 1780.0 6500.0 6100.0 6100.0 5900.0 6100.0 1580.0 1180.0 6700.0 5720.0 6300.0 6500.0 6500.0 6100.0 6300.0 6100.0 4920.0 1180.0 5320.0 6100.0 6300.0 6500.0 6100.0 5720.0 6100.0 6100.0 6300.0 6300.0 800.0 6300.0 6700.0 5900.0 6300.0 1580.0 5900.0 6500.0 800.0 6500.0 6300.0 1380.0 6100.0 1180.0 6500.0 6100.0 5520.0 5900.0
0.0 6500.0 5120.0 6300.0 6100.0 1000.0 5720.0 6100.0 1780.0 1380.0 6300.0 6100.0 6700.0 6300.0 5520.0 5900.0 5520.0 5900.0 6300.0 1180.0 5320.0 5720.0 1580.0 5520.0 1380.0 6100.0 1180.0 6300.0 6300.0 6300.0 5720.0 5900.0 5900.0 5720.0 6500.0 600.0 600.0 5900.0 5720.0 6100.0 6300.0 6100.0 6300.0 6300.0 0.0 6880.0 1580.0 6100.0 5900.0 6500.0 1000.0 1000.0 6300.0 5720.0 6100.0 6300.0 6500.0 5720.0 5900.0 6700.0 6100.0 5720.0 5900.0 5720.0 1580.0 5900.0 5520.0 5900.0 800.0 6300.0 6300.0 6300.0 5900.0 1380.0 200.0 5520.0 6100.0 600.0 6100.0 1580.0 5120.0 800.0 1180.0 6100.0 5720.0 1580.0 1180.0 5900.0 6700.0 1180.0 6100.0 5720.0 6300.0 5900.0 6100.0 5720.0 6100.0 6100.0 5900.0 1000.0 6100.0
0.0 6300.0 5900.0 5900.0 6300.0 5900.0 1000.0 5320.0 6500.0 6100.0 5720.0 800.0 6500.0 6100.0 6300.0 5720.0 6500.0 6100.0 800.0 6300.0 6100.0 1180.0 6300.0 1380.0 6500.0 1980.0 5900.0 6100.0 6300.0 1380.0 1180.0 5720.0 1380.0 6500.0 1180.0 5720.0 5900.0 5900.0 5720.0 6500.0 5900.0 800.0 6300.0 6100.0 6100.0 0.0 6500.0 6100.0 5320.0 6700.0 5900.0 5900.0 6500.0 5900.0 1180.0 5320.0 1000.0 5900.0 5720.0 1580.0 1380.0 5900.0 5520.0 5900.0 5720.0 5900.0 6300.0 5520.0 5900.0 800.0 6100.0 1180.0 6100.0 5720.0 6100.0 6300.0 1380.0 5720.0 5720.0 6300.0 1180.0 6300.0 6300.0 5720.0 6100.0 6300.0 5720.0 1780.0 6880.0 6100.0 1000.0 6100.0 200.0 5720.0 6300.0 1000.0 6300.0 1380.0 6100.0 5520.0 5900.0
0.0 6700.0 5520.0 6300.0 6300.0 1580.0 5520.0 6300.0 1580.0 1580.0 6100.0 6500.0 6100.0 6100.0 6100.0 6100.0 6300.0 6100.0 6500.0 1000.0 6100.0 5900.0 1980.0 5900.0 1980.0 6700.0 1000.0 6300.0 6880.0 6500.0 6300.0 5320.0 6500.0 6300.0 6500.0 600.0 800.0 6500.0 6300.0 6500.0 6880.0 5900.0 6500.0 6100.0 1000.0 6880.0 0.0 6100.0 6100.0 6880.0 1380.0 1180.0 6880.0 5520.0 6300.0 6100.0 5520.0 6300.0 6300.0 6300.0 6500.0 5900.0 5320.0 6300.0 1380.0 6300.0 6100.0 6300.0 600.0 5320.0 5720.0 5520.0 6100.0 1580.0 800.0 6100.0 5900.0 1000.0 5900.0 1780.0 5720.0 1380.0 1780.0 6300.0 5900.0 1380.0 1000.0 6500.0 6880.0 1580.0 6300.0 6100.0 6100.0 6100.0 6300.0 5520.0 6500.0 6500.0 6100.0 1380.0 5900.0
0.0 6700.0 6100.0 5900.0 1000.0 6500.0 6100.0 5900.0 6500.0 5900.0 1180.0 6500.0 6880.0 1180.0 5900.0 5720.0 6300.0 1380.0 6300.0 5900.0 1000.0 6300.0 6300.0 5900.0 6300.0 6100.0 6100.0 1380.0 6700.0 6300.0 5900.0 1180.0 6300.0 6300.0 6700.0 5720.0 5320.0 800.0 1380.0 1980.0 1180.0 5720.0 6500.0 1380.0 5900.0 6500.0 6700.0 0.0 1580.0 6700.0 5520.0 5520.0 1780.0 1180.0 6500.0 1580.0 6300.0 5520.0 5720.0 6300.0 5900.0 1000.0 1180.0 6500.0 6300.0 5520.0 5320.0 6100.0 6100.0 6100.0 6300.0 6100.0 1180.0 6300.0 5720.0 5900.0 6100.0 5720.0 5720.0 6300.0 5720.0 6100.0 6300.0 1380.0 5900.0 6300.0 6300.0 6300.0 1580.0 5720.0 6300.0 1180.0 6500.0 5720.0 1180.0 6100.0 1180.0 5900.0 5520.0 6100.0 6500.0
0.0 6500.0 6100.0 5720.0 1000.0 6100.0 6100.0 5520.0 6300.0 5900.0 1000.0 5720.0 6700.0 1000.0 5900.0 5320.0 6500.0 1180.0 5900.0 6100.0 1000.0 6300.0 6300.0 6100.0 6500.0 6500.0 5900.0 800.0 6500.0 6300.0 6100.0 1000.0 6300.0 6100.0 6300.0 5720.0 5720.0 600.0 400.0 1580.0 1180.0 5720.0 6300.0 1180.0 5900.0 6500.0 6500.0 1380.0 0.0 6300.0 5520.0 5720.0 1580.0 1180.0 6100.0 600.0 5900.0 5520.0 5320.0 6100.0 5900.0 1180.0 800.0 5520.0 5900.0 5520.0 5900.0 5720.0 6100.0 5900.0 5900.0 6100.0 1180.0 5900.0 5720.0 5900.0 5900.0 5720.0 5520.0 6300.0 5720.0 6300.0 6100.0 1000.0 5900.0 6100.0 5900.0 6300.0 1580.0 5720.0 6100.0 1180.0 5320.0 5320.0 1380.0 5900.0 1180.0 5900.0 5720.0 5520.0 6100.0
0.0 800.0 1000.0 1380.0 5520.0 6500.0 6100.0 1000.0 6100.0 5720.0 6100.0 6100.0 1580.0 6100.0 200.0 800.0 1180.0 5900.0 6300.0 5320.0 5900.0 5720.0 5720.0 5720.0 6700.0 6100.0 5900.0 5900.0 1180.0 5520.0 6100.0 5720.0 5320.0 1000.0 5900.0 5320.0 5520.0 5720.0 5720.0 6300.0 6100.0 5900.0 800.0 5520.0 6300.0 6700.0 5900.0 5320.0 5320.0 0.0 5720.0 5900.0 6700.0 5720.0 6100.0 5720.0 5900.0 1000.0 800.0 5320.0 5520.0 5520.0 5720.0 1000.0 6100.0 800.0 800.0 1180.0 5720.0 5720.0 600.0 5520.0 5120.0 5900.0 5900.0 1180.0 6100.0 5720.0 1000.0 4920.0 5120.0 5720.0 5720.0 5900.0 1180.0 6100.0 5900.0 5520.0 5900.0 5900.0 6100.0 5520.0 5720.0 800.0 5320.0 5900.0 5520.0 5900.0 1000.0 5900.0 1180.0
0.0 6100.0 6500.0 6100.0 6500.0 1580.0 6700.0 6500.0 2180.0 1580.0 6500.0 6300.0 6500.0 6500.0 6500.0 6500.0 6880.0 6300.0 6700.0 1780.0 6500.0 6700.0 1980.0 6700.0 1980.0 7080.0 1580.0 6700.0 7080.0 6880.0 6700.0 5720.0 6700.0 6700.0 6700.0 1380.0 1000.0 6100.0 5900.0 6700.0 6500.0 6300.0 6700.0 5900.0 1580.0 6880.0 1780.0 6700.0 6500.0 6880.0 0.0 1380.0 6880.0 5900.0 6300.0 6500.0 6880.0 6100.0 6500.0 6880.0 6500.0 6300.0 5720.0 7080.0 1580.0 6100.0 6500.0 6100.0 1000.0 6700.0 5720.0 5900.0 6880.0 1580.0 1380.0 6500.0 6300.0 1380.0 5900.0 1780.0 6300.0 1580.0 1980.0 6300.0 6100.0 2180.0 1180.0 6880.0 7080.0 1380.0 6700.0 6300.0 6300.0 6500.0 6700.0 5720.0 6500.0 5320.0 6300.0 1580.0 6300.0
0.0 6300.0 5520.0 5320.0 5320.0 1000.0 5720.0 5900.0 1380.0 1000.0 5520.0 6100.0 6300.0 6100.0 5320.0 5120.0 5900.0 5720.0 5900.0 600.0 5520.0 5720.0 1000.0 5320.0 1000.0 6100.0 600.0 6100.0 6300.0 6100.0 5520.0 5520.0 6100.0 5720.0 6100.0 200.0 800.0 5520.0 5720.0 6300.0 5900.0 5120.0 6100.0 5720.0 400.0 6100.0 1580.0 6100.0 5900.0 6100.0 600.0 0.0 6100.0 5720.0 6100.0 6300.0 6300.0 5520.0 5120.0 6300.0 5520.0 5320.0 5520.0 6100.0 1180.0 5520.0 5520.0 5900.0 800.0 6100.0 6100.0 5720.0 5900.0 1000.0 200.0 5520.0 5520.0 200.0 5120.0 1000.0 5120.0 800.0 800.0 5720.0 5900.0 1000.0 1000.0 5900.0 6100.0 800.0 5900.0 5520.0 6100.0 5120.0 6100.0 5520.0 5520.0 5900.0 4920.0 600.0 6100.0
0.0 6700.0 5900.0 5900.0 1180.0 6500.0 5720.0 6300.0 6700.0 6300.0 1180.0 6100.0 6300.0 1380.0 6100.0 5520.0 6500.0 1180.0 6500.0 6300.0 1580.0 6100.0 6300.0 6100.0 6500.0 6500.0 6500.0 1380.0 6700.0 6100.0 6300.0 600.0 5900.0 6100.0 6500.0 5720.0 5900.0 800.0 1380.0 1580.0 1580.0 5900.0 6500.0 1380.0 6100.0 6700.0 5520.0 1780.0 1180.0 6880.0 6500.0 6300.0 0.0 1000.0 6500.0 1580.0 5720.0 6300.0 5520.0 6500.0 6700.0 1180.0 800.0 5900.0 6300.0 6300.0 5900.0 6100.0 5720.0 5520.0 6100.0 6100.0 1580.0 6700.0 6100.0 6300.0 6100.0 5900.0 5720.0 6300.0 5520.0 6500.0 6500.0 800.0 6100.0 6100.0 5720.0 6500.0 1180.0 5120.0 6500.0 1380.0 6300.0 5520.0 1580.0 5720.0 1780.0 6700.0 6300.0 5320.0 5900.0
0.0 7080.0 6300.0 6880.0 2180.0 6500.0 6100.0 7080.0 6700.0 6300.0 1180.0 6880.0 7280.0 2360.0 6700.0 6700.0 6880.0 1380.0 6300.0 6880.0 1780.0 6880.0 7280.0 6500.0 7280.0 7280.0 6300.0 2180.0 7280.0 6700.0 6700.0 2180.0 6700.0 6880.0 7280.0 6100.0 6500.0 1780.0 1580.0 2180.0 1780.0 6880.0 6500.0 1780.0 6500.0 7280.0 6700.0 1580.0 1980.0 7280.0 6700.0 6700.0 2360.0 0.0 6700.0 2180.0 7080.0 6700.0 6880.0 7280.0 7080.0 1580.0 2180.0 7080.0 7080.0 6700.0 6700.0 6100.0 6300.0 7080.0 6700.0 6700.0 1380.0 6300.0 6300.0 6700.0 6700.0 6300.0 6700.0 7080.0 6300.0 6880.0 6700.0 1380.0 6300.0 6700.0 6500.0 7080.0 2360.0 6700.0 6700.0 1780.0 6880.0 6880.0 1580.0 6300.0 1000.0 6300.0 6700.0 6500.0 6500.0
0.0 5320.0 6300.0 6300.0 6100.0 6300.0 1380.0 5720.0 6700.0 6100.0 5900.0 1000.0 6880.0 6300.0 5900.0 6100.0 6500.0 5900.0 1000.0 6100.0 6100.0 1380.0 6300.0 1380.0 6700.0 1380.0 6100.0 6300.0 6880.0 1580.0 600.0 6100.0 1180.0 6100.0 1780.0 5900.0 5900.0 5720.0 5520.0 6300.0 6100.0 1180.0 6300.0 5900.0 6100.0 1780.0 6500.0 6100.0 6100.0 5720.0 5720.0 5900.0 6880.0 6300.0 0.0 6100.0 1380.0 5720.0 6100.0 1180.0 1180.0 5720.0 6100.0 6500.0 6300.0 5720.0 6100.0 6300.0 6300.0 1180.0 6300.0 1000.0 5900.0 6100.0 5900.0 6100.0 1000.0 5900.0 5900.0 5720.0 1000.0 6500.0 6300.0 6100.0 6100.0 6300.0 6100.0 1180.0 6500.0 5900.0 1780.0 5520.0 1580.0 6100.0 6100.0 1180.0 5900.0 1180.0 5900.0 6300.0 5320.0
0.0 6100.0 6300.0 6300.0 1180.0 6300.0 5900.0 6500.0 6500.0 6100.0 1000.0 6700.0 6880.0 1580.0 6300.0 6300.0 6500.0 1000.0 5520.0 6500.0 1180.0 6500.0 6100.0 6300.0 6300.0 6500.0 6300.0 1180.0 7080.0 5900.0 6300.0 1580.0 5900.0 6300.0 6500.0 6100.0 5900.0 1000.0 1580.0 1380.0 800.0 6500.0 6300.0 1380.0 6500.0 6700.0 6500.0 1000.0 1180.0 6700.0 5900.0 6300.0 1380.0 1380.0 6300.0 0.0 6500.0 5720.0 6500.0 6500.0 6300.0 1380.0 1580.0 6500.0 6300.0 5720.0 6100.0 6300.0 5720.0 6300.0 5900.0 6300.0 1380.0 6100.0 6500.0 6100.0 6100.0 6500.0 6500.0 6700.0 6300.0 6100.0 6300.0 400.0 5900.0 6700.0 5520.0 6700.0 1780.0 5900.0 6300.0 1580.0 6300.0 6500.0 1380.0 5720.0 1380.0 6100.0 6300.0 5120.0 5720.0
0.0 6880.0 5720.0 6300.0 6300.0 6300.0 200.0 6100.0 6500.0 6300.0 6100.0 1380.0 6500.0 6500.0 6100.0 5720.0 5900.0 5900.0 1580.0 6300.0 5720.0 1000.0 6500.0 800.0 6700.0 1580.0 6300.0 6300.0 6700.0 1780.0 1580.0 6100.0 1380.0 5900.0 1580.0 5120.0 5520.0 6100.0 5900.0 6300.0 6500.0 1180.0 6300.0 5900.0 5520.0 1980.0 6100.0 6300.0 6100.0 6500.0 6100.0 6100.0 6880.0 5900.0 1580.0 6100.0 0.0 6100.0 6300.0 1780.0 1380.0 6300.0 6100.0 6300.0 6300.0 6100.0 5720.0 6300.0 5520.0 1580.0 6100.0 1180.0 6100.0 6300.0 5320.0 5720.0 1000.0 6100.0 6100.0 6500.0 400.0 5900.0 6500.0 6100.0 6100.0 5900.0 5720.0 1780.0 6700.0 6300.0 1580.0 6300.0 1000.0 5720.0 6300.0 400.0 6300.0 1580.0 6100.0 5900.0 5900.0
0.0 1380.0 1180.0 1180.0 6100.0 6100.0 5520.0 1380.0 6100.0 5320.0 6100.0 6100.0 1580.0 5520.0 1000.0 800.0 1180.0 5720.0 6500.0 5900.0 5320.0 6300.0 5720.0 6100.0 6500.0 6100.0 5900.0 5720.0 1980.0 6300.0 6300.0 5720.0 6300.0 800.0 6300.0 5720.0 5720.0 5120.0 6100.0 6500.0 5520.0 5900.0 1180.0 6100.0 6100.0 6100.0 6300.0 6300.0 5900.0 1980.0 5120.0 5900.0 6700.0 5520.0 6300.0 6100.0 5900.0 0.0 800.0 5900.0 5520.0 5520.0 5720.0 1180.0 5720.0 200.0 1180.0 800.0 5720.0 5720.0 800.0 6100.0 6100.0 5900.0 5900.0 600.0 5900.0 5900.0 1000.0 6500.0 5720.0 6100.0 5720.0 5720.0 600.0 6300.0 5900.0 6300.0 6100.0 5120.0 6300.0 5720.0 6100.0 800.0 6100.0 5520.0 5520.0 5320.0 1000.0 5520.0 1180.0
0.0 1580.0 1000.0 600.0 5900.0 6100.0 6300.0 1000.0 6700.0 5720.0 5520.0 6700.0 1380.0 6300.0 600.0 200.0 1580.0 6100.0 5900.0 5900.0 6100.0 6300.0 6300.0 6100.0 6300.0 6700.0 6100.0 6300.0 1180.0 5900.0 5720.0 5520.0 6100.0 1580.0 5900.0 5320.0 5720.0 6300.0 6300.0 6100.0 5900.0 5320.0 1580.0 5900.0 6100.0 6100.0 6500.0 5900.0 6100.0 1580.0 6100.0 6300.0 6100.0 5720.0 6100.0 6300.0 6300.0 1580.0 0.0 6500.0 6100.0 5520.0 5520.0 1180.0 6300.0 1380.0 1180.0 1000.0 5720.0 6100.0 1380.0 5720.0 5720.0 6100.0 6300.0 1180.0 6100.0 5320.0 200.0 5900.0 5900.0 6300.0 6100.0 5900.0 1000.0 5520.0 5900.0 5900.0 6500.0 6100.0 5900.0 5520.0 6100.0 200.0 5900.0 5520.0 6100.0 6300.0 1380.0 5720.0 1180.0
0.0 6300.0 5720.0 6300.0 6300.0 6300.0 1000.0 6100.0 6100.0 6300.0 6100.0 1780.0 6700.0 5900.0 6100.0 6100.0 6300.0 5900.0 1780.0 5120.0 5720.0 1380.0 6500.0 1180.0 6300.0 1580.0 6100.0 6100.0 6880.0 1380.0 1380.0 5900.0 1580.0 6100.0 1580.0 5120.0 5520.0 5520.0 6300.0 6300.0 5900.0 1180.0 5320.0 6300.0 6300.0 1380.0 5720.0 6300.0 6300.0 6300.0 5520.0 5900.0 6300.0 5900.0 1000.0 6300.0 1180.0 6100.0 6100.0 0.0 1380.0 6300.0 5900.0 6300.0 5720.0 5320.0 6100.0 6100.0 5320.0 1180.0 5320.0 800.0 6100.0 6300.0 6100.0 5720.0 1180.0 5900.0 6100.0 6300.0 1000.0 6300.0 6100.0 6100.0 5720.0 6500.0 5720.0 1780.0 6500.0 5520.0 1580.0 6100.0 1580.0 6100.0 6300.0 1000.0 6300.0 800.0 6100.0 5900.0 5720.0
0.0 6300.0 5720.0 5900.0 6300.0 6100.0 1380.0 5720.0 5720.0 5320.0 6100.0 800.0 6300.0 6300.0 6100.0 5900.0 5520.0 5900.0 1180.0 5900.0 6100.0 1380.0 5320.0 1180.0 6700.0 1000.0 5520.0 6300.0 6500.0 800.0 1180.0 5520.0 1380.0 5320.0 1000.0 5900.0 5520.0 5900.0 5720.0 6300.0 6300.0 1180.0 6300.0 5900.0 5900.0 1580.0 6300.0 6300.0 5720.0 6880.0 5900.0 5900.0 6500.0 5900.0 1580.0 5720.0 1380.0 5720.0 6100.0 1780.0 0.0 5520.0 5520.0 6300.0 6100.0 5720.0 6100.0 5720.0 5520.0 1180.0 6100.0 800.0 6300.0 5320.0 5720.0 5720.0 1000.0 5900.0 5720.0 6300.0 1000.0 5720.0 5120.0 5900.0 6100.0 6500.0 5720.0 1380.0 5520.0 5720.0 1380.0 5720.0 600.0 6100.0 6300.0 400.0 4920.0 1180.0 5900.0 5720.0 5900.0
0.0 6300.0 5900.0 5720.0 1580.0 6500.0 6100.0 5720.0 6300.0 5900.0 1180.0 6100.0 6700.0 1580.0 6100.0 6100.0 6100.0 1380.0 6100.0 5320.0 1380.0 5900.0 5900.0 6300.0 6500.0 6300.0 5720.0 1580.0 6500.0 6100.0 6300.0 1000.0 6500.0 5900.0 6500.0 5320.0 5520.0 1180.0 1000.0 1980.0 1580.0 6300.0 6700.0 1580.0 6300.0 6300.0 6700.0 1580.0 800.0 6500.0 6100.0 6100.0 1580.0 1000.0 5900.0 1380.0 6100.0 5900.0 6100.0 6300.0 5720.0 0.0 1000.0 6100.0 5900.0 6100.0 5520.0 6100.0 6100.0 6100.0 6500.0 5900.0 1380.0 5720.0 6300.0 6300.0 6300.0 6300.0 5520.0 6100.0 5320.0 6300.0 5900.0 1380.0 6300.0 6700.0 6300.0 5720.0 1380.0 5900.0 6300.0 200.0 6100.0 6100.0 1380.0 5900.0 800.0 6300.0 6100.0 6300.0 6300.0
0.0 6880.0 6500.0 6300.0 1580.0 6700.0 6300.0 6300.0 6880.0 6500.0 1380.0 6700.0 7080.0 2180.0 5900.0 6100.0 6700.0 1580.0 6300.0 5900.0 1980.0 6300.0 6500.0 6500.0 7080.0 6880.0 6300.0 1380.0 7080.0 6500.0 6700.0 1380.0 6500.0 6500.0 6880.0 5900.0 6100.0 1780.0 1580.0 2180.0 1780.0 6880.0 6700.0 1980.0 6700.0 6880.0 5900.0 1780.0 1380.0 7080.0 6500.0 6700.0 1980.0 400.0 6500.0 1780.0 6300.0 6500.0 6700.0 6880.0 6100.0 600.0 0.0 6300.0 6500.0 6500.0 6100.0 6300.0 6500.0 6300.0 6700.0 6300.0 1580.0 6300.0 6500.0 6880.0 6880.0 6500.0 6100.0 6700.0 5900.0 6880.0 6300.0 1380.0 5520.0 6700.0 6300.0 6300.0 1780.0 6500.0 6700.0 800.0 6500.0 6700.0 1780.0 6300.0 1380.0 6300.0 6700.0 6700.0 6500.0
0.0 1580.0 1180.0 1980.0 6500.0 6300.0 6300.0 1180.0 5900.0 6700.0 6300.0 6500.0 2180.0 6700.0 1180.0 1380.0 1580.0 6500.0 6700.0 6300.0 5900.0 6300.0 6700.0 6100.0 6700.0 6700.0 6500.0 6880.0 2180.0 6500.0 6100.0 6300.0 6300.0 1380.0 6100.0 6300.0 5320.0 6500.0 6300.0 6700.0 6880.0 6500.0 1000.0 6500.0 5900.0 6700.0 6100.0 6300.0 6300.0 1000.0 6500.0 6500.0 6880.0 6300.0 6100.0 6500.0 6500.0 1580.0 1780.0 6100.0 6300.0 6300.0 6300.0 0.0 6300.0 1580.0 600.0 1180.0 6100.0 6300.0 600.0 6100.0 6100.0 6300.0 5720.0 1180.0 6300.0 6300.0 1780.0 5900.0 5720.0 6300.0 6500.0 6500.0 1580.0 6880.0 6300.0 6500.0 6880.0 6100.0 6300.0 6300.0 6500.0 1780.0 6100.0 5900.0 6300.0 6300.0 1580.0 6300.0 1580.0
0.0 6700.0 5720.0 5720.0 5520.0 1380.0 5900.0 6100.0 1780.0 1180.0 5900.0 6300.0 6500.0 6300.0 5720.0 5520.0 6100.0 6100.0 6100.0 800.0 5720.0 6100.0 1180.0 5720.0 1380.0 6500.0 1000.0 6500.0 6500.0 6300.0 5720.0 5720.0 6300.0 6100.0 6300.0 600.0 1000.0 5900.0 6100.0 6500.0 6300.0 5520.0 6300.0 6100.0 800.0 6300.0 1780.0 6500.0 6300.0 6500.0 1000.0 400.0 6300.0 6100.0 6300.0 6500.0 6500.0 5720.0 5520.0 6700.0 5900.0 5720.0 5900.0 6500.0 0.0 5900.0 5900.0 6100.0 1180.0 6300.0 6300.0 5900.0 6300.0 1380.0 600.0 5900.0 5900.0 600.0 5520.0 1180.0 5520.0 600.0 1180.0 6100.0 6100.0 1180.0 1380.0 6100.0 6300.0 1180.0 6300.0 5900.0 6300.0 5520.0 6300.0 5900.0 5900.0 6100.0 5320.0 1000.0 6300.0
0.0 1180.0 1000.0 1180.0 6100.0 5900.0 5520.0 1380.0 6100.0 6300.0 6100.0 6300.0 1580.0 5520.0 800.0 800.0 1180.0 5520.0 6500.0 5900.0 5320.0 6500.0 6300.0 6100.0 6500.0 6100.0 5900.0 5720.0 1780.0 6300.0 6100.0 5720.0 6300.0 800.0 6500.0 5720.0 5720.0 4920.0 5900.0 6500.0 5520.0 5900.0 1180.0 5900.0 6100.0 6700.0 6300.0 6100.0 5900.0 1980.0 4920.0 5720.0 6700.0 5520.0 6300.0 6300.0 5720.0 1180.0 800.0 5900.0 6300.0 6100.0 5720.0 1180.0 5720.0 0.0 1380.0 800.0 5520.0 5720.0 800.0 6100.0 5900.0 5900.0 5900.0 600.0 6100.0 5900.0 1000.0 6500.0 5900.0 6100.0 6500.0 5720.0 400.0 6300.0 5900.0 6300.0 6880.0 5120.0 6300.0 6300.0 6100.0 800.0 6100.0 5520.0 6300.0 5320.0 1000.0 5520.0 1180.0
0.0 1780.0 1380.0 1780.0 6300.0 6700.0 6100.0 800.0 6880.0 6300.0 6100.0 6880.0 1780.0 6700.0 1180.0 1380.0 1580.0 6300.0 6500.0 6300.0 6300.0 6700.0 6880.0 6300.0 7280.0 6880.0 6100.0 6700.0 2180.0 6100.0 6300.0 5900.0 6100.0 1780.0 6700.0 6100.0 4920.0 6500.0 6500.0 6700.0 6700.0 6500.0 1780.0 6100.0 6300.0 6500.0 6500.0 5900.0 6300.0 2180.0 6500.0 6300.0 6700.0 6100.0 6300.0 6100.0 6100.0 1580.0 1380.0 6880.0 6500.0 5900.0 5900.0 1780.0 6700.0 1580.0 0.0 1780.0 6100.0 5900.0 1580.0 6100.0 5720.0 5900.0 6300.0 1580.0 6500.0 6500.0 1380.0 6880.0 6300.0 6300.0 6100.0 6300.0 1580.0 6880.0 6300.0 6500.0 6700.0 5720.0 6100.0 6100.0 6500.0 1380.0 5720.0 6100.0 6500.0 5900.0 1580.0 6100.0 1580.0
0.0 1780.0 1380.0 1180.0 6500.0 5320.0 6300.0 1000.0 6700.0 6100.0 6300.0 6700.0 1980.0 6300.0 1180.0 1180.0 1380.0 6100.0 6100.0 5720.0 6100.0 6300.0 6300.0 6500.0 6300.0 6300.0 6100.0 6300.0 2180.0 6300.0 5520.0 6100.0 6500.0 1380.0 6880.0 5320.0 5900.0 5720.0 6300.0 6500.0 6100.0 6300.0 1580.0 6100.0 6300.0 6700.0 6100.0 6500.0 6100.0 1380.0 5720.0 6500.0 6300.0 6300.0 6300.0 6300.0 6100.0 800.0 1180.0 6500.0 6100.0 5520.0 6100.0 1580.0 6300.0 800.0 1000.0 0.0 6300.0 6100.0 1380.0 6100.0 6300.0 6100.0 5900.0 1180.0 5900.0 5120.0 1000.0 6300.0 5720.0 6300.0 5900.0 5900.0 1000.0 6700.0 5900.0 6100.0 6500.0 5520.0 6100.0 5520.0 6300.0 1180.0 6300.0 6100.0 6100.0 6100.0 1580.0 5720.0 600.0
0.0 6500.0 6100.0 5900.0 5900.0 1180.0 6300.0 5720.0 1380.0 1180.0 5720.0 6700.0 6700.0 6300.0 5900.0 5720.0 6300.0 5900.0 6300.0 1180.0 6100.0 6300.0 1580.0 5900.0 1580.0 6300.0 1180.0 6500.0 6700.0 6100.0 6100.0 5900.0 6500.0 6100.0 6300.0 800.0 200.0 6100.0 6300.0 5900.0 6300.0 5720.0 6300.0 5900.0 1000.0 6500.0 1780.0 6100.0 6300.0 6700.0 1180.0 800.0 6500.0 6100.0 6100.0 5900.0 6100.0 6100.0 5720.0 6700.0 6100.0 5900.0 5900.0 6700.0 1380.0 6100.0 5720.0 6100.0 0.0 5900.0 5520.0 5900.0 5900.0 1180.0 800.0 5720.0 5900.0 800.0 5720.0 1580.0 5720.0 1380.0 1380.0 6100.0 6100.0 1580.0 400.0 6300.0 6700.0 1000.0 6100.0 6100.0 6100.0 5720.0 5900.0 5520.0 6100.0 6300.0 5520.0 1180.0 5320.0
0.0 6500.0 5320.0 5900.0 6100.0 6100.0 400.0 5900.0 6300.0 6300.0 5900.0 1380.0 5900.0 6300.0 5720.0 5900.0 5900.0 5720.0 1380.0 5900.0 5900.0 1180.0 6500.0 800.0 6500.0 1580.0 6100.0 6100.0 6500.0 1580.0 1000.0 4920.0 1580.0 6100.0 1180.0 5120.0 5320.0 6100.0 5900.0 6100.0 6500.0 800.0 6100.0 5720.0 5520.0 1780.0 5900.0 6100.0 5720.0 6500.0 5900.0 5720.0 6500.0 5320.0 1180.0 5900.0 200.0 6100.0 5900.0 1780.0 1380.0 5520.0 4920.0 5900.0 6300.0 6100.0 5900.0 6100.0 5120.0 0.0 5520.0 1000.0 6100.0 6100.0 5520.0 5900.0 800.0 5520.0 5720.0 6300.0 600.0 6100.0 6300.0 5900.0 5520.0 6100.0 5520.0 1180.0 6700.0 6100.0 1380.0 5720.0 800.0 5900.0 6100.0 200.0 6100.0 1380.0 5900.0 5900.0 5520.0
0.0 1180.0 1380.0 1580.0 6300.0 6300.0 6700.0 1580.0 6880.0 6300.0 5900.0 6500.0 1980.0 6500.0 1580.0 1380.0 1780.0 5900.0 6500.0 6100.0 6500.0 6700.0 6880.0 6500.0 6100.0 6880.0 6300.0 6700.0 2360.0 6700.0 5900.0 6100.0 6100.0 1780.0 6700.0 6100.0 6300.0 6300.0 6100.0 6300.0 6500.0 6100.0 1380.0 5900.0 6300.0 6880.0 6500.0 6300.0 6700.0 1580.0 6300.0 6100.0 7080.0 6300.0 5520.0 6700.0 6880.0 1380.0 1380.0 6700.0 6500.0 6300.0 6100.0 1780.0 5720.0 1380.0 1780.0 1580.0 6300.0 6700.0 0.0 5900.0 6300.0 6300.0 6100.0 1780.0 5900.0 6100.0 1380.0 6300.0 6300.0 6300.0 6700.0 6100.0 1380.0 6880.0 6300.0 6700.0 7080.0 6500.0 7080.0 6100.0 6700.0 1380.0 6300.0 6100.0 6500.0 6500.0 1180.0 6500.0 1000.0
0.0 6500.0 6500.0 6300.0 6300.0 6880.0 1780.0 6300.0 6100.0 6300.0 6100.0 1580.0 5900.0 5520.0 6300.0 6100.0 6500.0 6500.0 1580.0 5900.0 6500.0 1780.0 6300.0 1580.0 6880.0 1980.0 5320.0 5720.0 7280.0 1580.0 1000.0 6500.0 1580.0 6500.0 1980.0 5900.0 6300.0 6100.0 6100.0 6880.0 6700.0 1180.0 6300.0 6300.0 6300.0 2180.0 6500.0 6100.0 6500.0 6880.0 6300.0 5900.0 6880.0 5720.0 1780.0 6500.0 1980.0 6100.0 6100.0 1000.0 1180.0 6300.0 6500.0 7080.0 5720.0 6300.0 6500.0 6500.0 6300.0 1780.0 6100.0 0.0 5900.0 6300.0 6100.0 6500.0 1780.0 6100.0 6100.0 6700.0 1380.0 6100.0 6300.0 6500.0 6500.0 6700.0 6500.0 1380.0 6500.0 6300.0 2180.0 5720.0 1780.0 6100.0 6100.0 1580.0 6100.0 1580.0 6100.0 6500.0 6500.0
0.0 6300.0 6300.0 6100.0 1180.0 6500.0 5900.0 6100.0 6500.0 6100.0 1380.0 6300.0 6300.0 1180.0 6100.0 5900.0 6500.0 800.0 6500.0 6100.0 800.0 6300.0 6500.0 6100.0 6500.0 6300.0 5900.0 1180.0 6880.0 5520.0 6100.0 1380.0 6300.0 6100.0 6700.0 5900.0 5520.0 1000.0 1180.0 1780.0 1380.0 5900.0 6100.0 600.0 6100.0 6700.0 6300.0 400.0 800.0 6300.0 5720.0 5720.0 1780.0 1000.0 6700.0 1180.0 6500.0 5720.0 5900.0 6300.0 6100.0 1180.0 1380.0 6100.0 6100.0 5720.0 5520.0 6300.0 6100.0 6300.0 6300.0 5520.0 0.0 5720.0 5900.0 5900.0 6300.0 5900.0 5900.0 6500.0 5900.0 5520.0 6300.0 1000.0 6100.0 6500.0 5900.0 6500.0 1780.0 5900.0 6500.0 1380.0 5900.0 5900.0 200.0 5900.0 1380.0 6100.0 5720.0 5900.0 6100.0
0.0 6500.0 6300.0 5520.0 6300.0 1580.0 6100.0 6100.0 1780.0 1380.0 5900.0 6300.0 6500.0 6300.0 6100.0 5900.0 6300.0 6500.0 6100.0 1580.0 6300.0 6880.0 1380.0 6500.0 1580.0 6700.0 200.0 6500.0 6100.0 6300.0 5720.0 5720.0 6300.0 6300.0 6300.0 1180.0 1180.0 6100.0 6100.0 6700.0 6300.0 6300.0 6700.0 6500.0 1580.0 6300.0 1780.0 6500.0 6300.0 6700.0 1180.0 1580.0 6300.0 5900.0 6300.0 6500.0 6100.0 6300.0 5900.0 6300.0 5900.0 6300.0 5720.0 6300.0 1380.0 5900.0 6500.0 6100.0 1000.0 5900.0 6300.0 5900.0 6300.0 0.0 1580.0 6300.0 6300.0 1380.0 5320.0 1180.0 6500.0 1780.0 1380.0 5900.0 6300.0 1780.0 1180.0 6100.0 6100.0 600.0 6300.0 5520.0 6300.0 5900.0 6300.0 5900.0 5900.0 6300.0 6500.0 1000.0 6300.0
0.0 6500.0 5320.0 6300.0 6100.0 1180.0 5520.0 6100.0 1980.0 1180.0 6300.0 5900.0 6700.0 6300.0 5720.0 6100.0 5720.0 5720.0 6500.0 1380.0 5320.0 5520.0 1580.0 5720.0 1580.0 6100.0 1000.0 6500.0 6300.0 6300.0 6100.0 5900.0 5900.0 5720.0 6500.0 800.0 600.0 5720.0 5520.0 6300.0 6100.0 5900.0 6100.0 6100.0 400.0 6700.0 1580.0 6100.0 5900.0 6700.0 1000.0 1000.0 6500.0 5520.0 6100.0 6100.0 6500.0 5720.0 5900.0 6500.0 6100.0 5900.0 5900.0 6100.0 1580.0 5720.0 5520.0 6100.0 800.0 6300.0 6300.0 6300.0 5900.0 1580.0 0.0 5320.0 6100.0 800.0 5900.0 1780.0 4920.0 600.0 1580.0 5900.0 5720.0 1380.0 1000.0 6300.0 6700.0 1000.0 6100.0 5900.0 6100.0 5900.0 5900.0 5520.0 6100.0 6100.0 5900.0 1180.0 6100.0
0.0 1980.0 1580.0 1580.0 6500.0 6500.0 6700.0 1380.0 6700.0 6500.0 6300.0 6700.0 1380.0 6700.0 1580.0 1180.0 1780.0 6100.0 6700.0 6300.0 6500.0 6500.0 6500.0 5720.0 6700.0 5720.0 6300.0 6500.0 2180.0 6300.0 6700.0 5320.0 6880.0 400.0 6500.0 6300.0 5720.0 6500.0 6300.0 6500.0 5720.0 6300.0 1580.0 6100.0 6500.0 7080.0 6300.0 6500.0 6300.0 1780.0 6500.0 6100.0 6700.0 5720.0 6500.0 6300.0 6700.0 1580.0 1180.0 6880.0 6300.0 5900.0 5520.0 1780.0 5900.0 1580.0 1380.0 1580.0 5520.0 6500.0 1000.0 6100.0 6500.0 6300.0 6300.0 0.0 6100.0 6300.0 1380.0 6500.0 5900.0 6500.0 6500.0 6300.0 1180.0 6700.0 5900.0 6300.0 6880.0 6500.0 6500.0 5900.0 6100.0 1180.0 6100.0 5520.0 6300.0 6700.0 1380.0 6300.0 1180.0
0.0 6700.0 6100.0 5900.0 6300.0 6100.0 1380.0 6100.0 6100.0 6100.0 5720.0 1180.0 6100.0 5720.0 6100.0 5720.0 6500.0 5120.0 800.0 6100.0 6100.0 1580.0 6500.0 1580.0 6300.0 1580.0 5520.0 5900.0 6500.0 1000.0 1180.0 6100.0 1180.0 6100.0 1780.0 5520.0 5720.0 5900.0 5720.0 6100.0 5900.0 1180.0 5520.0 5120.0 6300.0 1180.0 5720.0 6100.0 6100.0 6100.0 5900.0 6100.0 6500.0 5720.0 1380.0 6100.0 1380.0 5900.0 6100.0 1180.0 1380.0 6300.0 6100.0 6500.0 5900.0 5900.0 6300.0 6100.0 5720.0 1180.0 5720.0 200.0 6100.0 5520.0 6100.0 5900.0 0.0 6100.0 5720.0 6100.0 1180.0 6300.0 6300.0 5320.0 5900.0 6300.0 5320.0 1380.0 6500.0 5900.0 1380.0 5900.0 1000.0 6100.0 6100.0 600.0 6100.0 1380.0 6100.0 5520.0 5520.0
0.0 6300.0 6100.0 5900.0 6300.0 1000.0 6300.0 5720.0 1780.0 1380.0 6100.0 6300.0 6700.0 6500.0 6100.0 6300.0 5900.0 6100.0 5900.0 600.0 6300.0 6100.0 1380.0 6300.0 1380.0 6500.0 1000.0 6100.0 6700.0 6300.0 5320.0 6100.0 6300.0 6100.0 6700.0 200.0 800.0 5900.0 6100.0 6300.0 6100.0 6500.0 6500.0 6300.0 1180.0 6500.0 1980.0 6300.0 5900.0 6100.0 1180.0 1580.0 6500.0 6100.0 6100.0 6300.0 6100.0 6100.0 6300.0 6300.0 5900.0 5120.0 5900.0 6300.0 1380.0 5900.0 5720.0 5900.0 1180.0 6100.0 6100.0 6100.0 6100.0 1180.0 1380.0 6300.0 6300.0 0.0 5720.0 1180.0 5520.0 1380.0 800.0 5720.0 6100.0 2180.0 800.0 5900.0 6300.0 1180.0 5900.0 5320.0 6300.0 6300.0 6300.0 5900.0 5900.0 6300.0 6300.0 600.0 5900.0
0.0 1380.0 1180.0 400.0 6100.0 6100.0 6300.0 1380.0 6500.0 5900.0 6100.0 6500.0 1180.0 6100.0 800.0 1380.0 1580.0 6100.0 5720.0 6300.0 6100.0 6700.0 6100.0 6300.0 6100.0 6700.0 5900.0 6100.0 1780.0 6300.0 6300.0 5320.0 5900.0 1380.0 6500.0 5900.0 5720.0 6300.0 6100.0 6300.0 5900.0 6300.0 1580.0 6100.0 5900.0 5900.0 6300.0 6100.0 6100.0 1780.0 6300.0 6100.0 5900.0 5520.0 5900.0 6100.0 6100.0 1380.0 1380.0 6300.0 5900.0 5900.0 5320.0 1580.0 6100.0 1380.0 1380.0 800.0 5520.0 6300.0 1180.0 5520.0 6500.0 6100.0 6100.0 1380.0 5900.0 5900.0 0.0 5720.0 6100.0 6500.0 6100.0 6300.0 1000.0 6700.0 5720.0 5900.0 6500.0 5900.0 5720.0 5320.0 5900.0 1380.0 6300.0 5520.0 5900.0 6300.0 1180.0 6300.0 1000.0
0.0 5520.0 5900.0 6300.0 5520.0 1580.0 5900.0 5720.0 1180.0 800.0 6100.0 6100.0 6500.0 6300.0 5720.0 6100.0 5900.0 6300.0 6500.0 1180.0 6300.0 6300.0 800.0 5720.0 1980.0 6300.0 1000.0 5900.0 6100.0 6100.0 5900.0 5720.0 5320.0 5900.0 5900.0 800.0 1000.0 5900.0 6100.0 6500.0 6100.0 6300.0 6700.0 6300.0 1380.0 6700.0 1780.0 6300.0 6100.0 6700.0 1180.0 1380.0 6880.0 5900.0 6700.0 6100.0 5900.0 6100.0 6500.0 6300.0 5320.0 5900.0 5720.0 6300.0 1580.0 6100.0 6100.0 6100.0 1000.0 5720.0 6300.0 6100.0 6100.0 1000.0 1380.0 6100.0 6300.0 800.0 6100.0 0.0 5720.0 1180.0 800.0 6300.0 6100.0 1180.0 1180.0 6100.0 5900.0 1000.0 6500.0 6100.0 5900.0 6500.0 6300.0 5720.0 5320.0 5900.0 6300.0 1180.0 6300.0
0.0 6500.0 6300.0 6500.0 6700.0 6500.0 1380.0 6100.0 6880.0 6300.0 6300.0 1980.0 6500.0 6700.0 6500.0 6500.0 6500.0 6100.0 1780.0 6700.0 5900.0 600.0 6300.0 1780.0 7280.0 1180.0 6500.0 6880.0 6300.0 1580.0 1580.0 5720.0 1580.0 5720.0 1980.0 6300.0 5520.0 6300.0 6500.0 6500.0 6700.0 1780.0 6500.0 6100.0 6100.0 1980.0 6700.0 6300.0 6300.0 6880.0 6300.0 6500.0 6700.0 5520.0 1180.0 6500.0 1580.0 6300.0 6500.0 2180.0 1180.0 6300.0 5900.0 6700.0 6300.0 6300.0 5320.0 6500.0 5900.0 1380.0 6500.0 1380.0 6100.0 6300.0 6300.0 6100.0 1180.0 6500.0 6500.0 6880.0 0.0 6700.0 6300.0 5900.0 6300.0 6880.0 6100.0 1780.0 6700.0 6100.0 1180.0 6300.0 1580.0 6500.0 6300.0 1000.0 6100.0 1380.0 6500.0 6500.0 6300.0
0.0 7280.0 5720.0 6700.0 6500.0 1780.0 6100.0 6700.0 1580.0 1380.0 6700.0 7080.0 6700.0 7280.0 6100.0 6700.0 6880.0 6700.0 6300.0 1580.0 6700.0 6880.0 2180.0 5900.0 2180.0 7280.0 1380.0 7080.0 7080.0 6700.0 6300.0 5900.0 6700.0 6880.0 7080.0 1180.0 1380.0 6700.0 6700.0 6700.0 6500.0 6500.0 7080.0 6500.0 1580.0 7280.0 1980.0 6300.0 6500.0 6880.0 1980.0 1780.0 7280.0 6100.0 6880.0 6700.0 6100.0 6880.0 6880.0 6880.0 6700.0 6100.0 5900.0 6300.0 2180.0 6880.0 6300.0 6700.0 1180.0 5900.0 6300.0 6700.0 6300.0 1180.0 1580.0 6500.0 6500.0 1180.0 6500.0 2180.0 6300.0 0.0 1780.0 6500.0 6500.0 1980.0 1580.0 6500.0 7280.0 1580.0 6880.0 6300.0 6500.0 6700.0 6300.0 6100.0 5720.0 6700.0 6500.0 1580.0 6500.0
0.0 6700.0 6100.0 6300.0 6300.0 1780.0 6100.0 6300.0 1980.0 1180.0 6300.0 6300.0 7080.0 6500.0 6300.0 5900.0 5320.0 5720.0 6500.0 1380.0 5720.0 5900.0 1780.0 5900.0 1980.0 6500.0 1580.0 6300.0 6880.0 5520.0 6300.0 6300.0 6880.0 6100.0 6880.0 1180.0 800.0 6300.0 6100.0 6700.0 6700.0 6100.0 6100.0 6500.0 1380.0 6880.0 1580.0 6880.0 5720.0 6700.0 800.0 1000.0 6500.0 5900.0 6500.0 6100.0 6500.0 6100.0 6100.0 6700.0 6500.0 6300.0 6300.0 6100.0 1780.0 6300.0 6500.0 6300.0 1180.0 6300.0 6300.0 6500.0 6700.0 1780.0 1180.0 5900.0 6300.0 1180.0 6100.0 1780.0 6100.0 600.0 0.0 5900.0 6500.0 1580.0 1180.0 6700.0 7080.0 1580.0 6300.0 6300.0 5900.0 5900.0 6500.0 6100.0 6300.0 5900.0 5900.0 1380.0 6300.0
0.0 6500.0 5900.0 6300.0 1380.0 5900.0 6100.0 6100.0 6100.0 5900.0 600.0 6300.0 6500.0 1580.0 5900.0 6100.0 6500.0 1000.0 6300.0 6300.0 1000.0 6100.0 6880.0 6300.0 6500.0 6300.0 6100.0 1580.0 7080.0 5520.0 6500.0 1180.0 6500.0 5900.0 6300.0 6100.0 5520.0 1380.0 1180.0 1000.0 1380.0 6100.0 6100.0 1000.0 6100.0 6880.0 6300.0 1180.0 800.0 6880.0 6300.0 5900.0 1780.0 1380.0 6100.0 1180.0 6500.0 6100.0 6100.0 6700.0 6500.0 1180.0 1180.0 6300.0 6100.0 6100.0 6100.0 5900.0 5320.0 6300.0 5520.0 5900.0 1000.0 6300.0 6100.0 5720.0 5720.0 6100.0 6100.0 6700.0 6100.0 6300.0 6700.0 0.0 5520.0 6700.0 5120.0 6300.0 2180.0 6100.0 5900.0 1380.0 5900.0 6100.0 1000.0 5320.0 1580.0 6300.0 6100.0 6100.0 5320.0
0.0 1580.0 1180.0 1580.0 5900.0 6700.0 6500.0 1580.0 7080.0 6300.0 6880.0 6700.0 2360.0 6500.0 400.0 1780.0 1980.0 6300.0 6880.0 6100.0 6300.0 6500.0 6700.0 5900.0 7080.0 6880.0 6300.0 6700.0 2360.0 6100.0 6700.0 6500.0 7080.0 1780.0 7080.0 6100.0 6300.0 6100.0 6300.0 6700.0 6100.0 6300.0 1780.0 6300.0 6700.0 7080.0 6880.0 7080.0 6300.0 2180.0 6100.0 6700.0 7080.0 6500.0 6700.0 6700.0 6880.0 1180.0 1780.0 6500.0 6300.0 5720.0 6500.0 1180.0 6300.0 1180.0 1380.0 1780.0 6500.0 6700.0 1780.0 6300.0 6880.0 6500.0 6700.0 1580.0 6700.0 6300.0 1380.0 6880.0 5900.0 6880.0 6500.0 6500.0 0.0 7280.0 6700.0 5900.0 6880.0 6300.0 6880.0 5900.0 6500.0 1780.0 6700.0 6500.0 6300.0 5720.0 1780.0 6500.0 1580.0
0.0 6300.0 6300.0 6300.0 6700.0 600.0 6300.0 6500.0 1980.0 1180.0 6100.0 6300.0 6700.0 6300.0 6500.0 6100.0 6500.0 5520.0 6500.0 1380.0 6100.0 6700.0 1780.0 6500.0 1780.0 6500.0 1380.0 6500.0 7280.0 5900.0 6100.0 6100.0 7080.0 6500.0 6880.0 1000.0 1380.0 5900.0 6100.0 5520.0 6300.0 6500.0 5900.0 5900.0 1180.0 6700.0 1180.0 6700.0 6100.0 6700.0 1000.0 1580.0 6500.0 6300.0 6100.0 6300.0 6500.0 5720.0 6300.0 6700.0 6300.0 5900.0 6100.0 6500.0 1580.0 5900.0 6500.0 5520.0 1180.0 6300.0 6100.0 5900.0 6500.0 1380.0 1380.0 6300.0 6300.0 800.0 6100.0 1780.0 6300.0 1780.0 1580.0 5720.0 6100.0 0.0 1000.0 6700.0 6700.0 1180.0 5900.0 6100.0 6300.0 6500.0 5520.0 5900.0 6100.0 6100.0 6300.0 1380.0 5900.0
0.0 6300.0 5900.0 6300.0 6100.0 800.0 6500.0 5900.0 1180.0 800.0 5320.0 6700.0 6300.0 6300.0 5720.0 6100.0 6500.0 5720.0 6300.0 1380.0 6300.0 6100.0 1780.0 6100.0 1580.0 6100.0 1000.0 6500.0 6880.0 6100.0 6300.0 5900.0 6500.0 5720.0 6300.0 1180.0 600.0 6100.0 6300.0 5720.0 6100.0 5900.0 6100.0 5720.0 1180.0 6700.0 1580.0 5900.0 5900.0 6700.0 1180.0 1000.0 6500.0 6100.0 5900.0 5900.0 6300.0 5900.0 6100.0 6500.0 6300.0 5900.0 5900.0 6500.0 1180.0 6100.0 5900.0 5720.0 400.0 6300.0 5320.0 5720.0 5720.0 1180.0 1180.0 5520.0 5520.0 1180.0 6100.0 1780.0 6100.0 1380.0 1780.0 5900.0 5720.0 1780.0 0.0 6100.0 6880.0 1380.0 5900.0 6100.0 5720.0 6100.0 5720.0 5120.0 6300.0 6300.0 5900.0 1180.0 5120.0
0.0 6700.0 6300.0 6100.0 6300.0 6500.0 1000.0 5900.0 6700.0 6300.0 6100.0 1380.0 6880.0 6300.0 6300.0 5900.0 6700.0 5520.0 1580.0 5720.0 5520.0 1980.0 6700.0 1580.0 6700.0 1380.0 6300.0 6100.0 6880.0 400.0 1780.0 6100.0 1980.0 5900.0 1780.0 5720.0 5900.0 6100.0 5900.0 6500.0 6300.0 1380.0 5900.0 6500.0 6300.0 1980.0 6100.0 6300.0 5520.0 6880.0 6100.0 6100.0 6880.0 6300.0 1380.0 5900.0 1580.0 5900.0 5900.0 800.0 1580.0 6100.0 6100.0 5900.0 6300.0 6100.0 6300.0 6100.0 5900.0 1380.0 5900.0 1380.0 6100.0 6300.0 6100.0 5720.0 1380.0 6300.0 6100.0 6700.0 1380.0 6700.0 6700.0 5720.0 6300.0 6500.0 5900.0 0.0 6880.0 6100.0 1580.0 6300.0 800.0 5900.0 6300.0 1000.0 6500.0 1380.0 6100.0 6100.0 5900.0
0.0 5720.0 5120.0 6100.0 1180.0 5520.0 5900.0 6100.0 6100.0 6100.0 1380.0 5120.0 6100.0 800.0 5520.0 6100.0 6300.0 800.0 5900.0 5900.0 1000.0 6300.0 6500.0 5520.0 6300.0 6300.0 5520.0 1000.0 6500.0 5520.0 5720.0 1180.0 6300.0 6100.0 6700.0 5320.0 5900.0 1000.0 1180.0 1380.0 1180.0 6300.0 5720.0 800.0 6300.0 5720.0 6100.0 1380.0 800.0 6300.0 5900.0 6100.0 1580.0 1000.0 6300.0 600.0 6300.0 5720.0 6100.0 6100.0 6100.0 600.0 1380.0 5720.0 5900.0 5720.0 6100.0 5120.0 5900.0 6100.0 6300.0 5120.0 1380.0 6100.0 6100.0 5900.0 6100.0 5320.0 5900.0 6300.0 5720.0 6300.0 5900.0 800.0 5900.0 6500.0 5900.0 5900.0 0.0 5720.0 6300.0 800.0 5900.0 6100.0 1380.0 5720.0 1180.0 6100.0 6100.0 5520.0 5520.0
0.0 6880.0 5720.0 5900.0 5900.0 1580.0 5720.0 6300.0 1780.0 1380.0 5900.0 6700.0 6300.0 6700.0 5900.0 5520.0 6500.0 6100.0 6300.0 1580.0 6300.0 6500.0 1380.0 6100.0 1580.0 6700.0 1780.0 6300.0 6500.0 6100.0 6300.0 5520.0 6700.0 6500.0 6500.0 800.0 1000.0 6500.0 6300.0 6300.0 6300.0 5900.0 6500.0 6300.0 1180.0 6500.0 1580.0 6500.0 5900.0 6700.0 1580.0 1380.0 6500.0 5720.0 6500.0 6300.0 5720.0 6500.0 5520.0 7080.0 6500.0 6100.0 5520.0 5900.0 1580.0 6500.0 6300.0 6300.0 800.0 5520.0 5900.0 6100.0 6300.0 1780.0 1180.0 6300.0 6100.0 1000.0 5720.0 1580.0 6100.0 1780.0 1780.0 5520.0 6100.0 1180.0 800.0 6300.0 7080.0 0.0 6500.0 6100.0 6100.0 5520.0 6500.0 5520.0 6500.0 6700.0 6300.0 400.0 5900.0
0.0 5520.0 5320.0 6100.0 6300.0 5520.0 1000.0 5900.0 6500.0 6100.0 5900.0 1180.0 6880.0 6100.0 5720.0 5520.0 5720.0 6100.0 1180.0 6100.0 5520.0 1000.0 6300.0 800.0 6300.0 1380.0 6100.0 6100.0 6500.0 1000.0 600.0 6100.0 1180.0 5900.0 1780.0 5720.0 5720.0 5900.0 5520.0 5520.0 6300.0 1180.0 6300.0 5900.0 5120.0 1780.0 6300.0 6100.0 5320.0 5900.0 5900.0 5900.0 5720.0 5900.0 200.0 5720.0 1380.0 5720.0 5520.0 1180.0 1180.0 5900.0 6100.0 5900.0 6300.0 5720.0 5720.0 5520.0 5900.0 1180.0 6300.0 1000.0 5900.0 6100.0 5320.0 5720.0 1000.0 5520.0 5720.0 5900.0 400.0 5720.0 6300.0 6100.0 5900.0 6300.0 6100.0 1380.0 6500.0 5720.0 0.0 5520.0 800.0 5520.0 5720.0 1000.0 6100.0 1180.0 5900.0 5900.0 5320.0
0.0 6700.0 6100.0 6300.0 1380.0 6500.0 6300.0 6300.0 6300.0 5900.0 1580.0 6100.0 6880.0 1580.0 6300.0 6100.0 6100.0 1180.0 6100.0 6300.0 1380.0 6700.0 5720.0 6300.0 6880.0 6300.0 5520.0 1780.0 6700.0 5900.0 6100.0 1180.0 6700.0 5900.0 6300.0 5520.0 5900.0 1000.0 800.0 1980.0 1380.0 6100.0 6500.0 1580.0 6300.0 6700.0 6700.0 1780.0 1180.0 6300.0 5900.0 5900.0 1980.0 1380.0 6880.0 1380.0 6300.0 5900.0 6100.0 6300.0 5520.0 1180.0 1180.0 6500.0 6500.0 5900.0 6500.0 6100.0 5900.0 6300.0 6500.0 6100.0 1780.0 5520.0 6100.0 6100.0 6300.0 6100.0 5900.0 6500.0 6100.0 6100.0 5720.0 1380.0 6300.0 6700.0 6100.0 5520.0 1180.0 5720.0 6700.0 0.0 6100.0 6100.0 1780.0 5900.0 600.0 6100.0 6100.0 6100.0 6300.0
0.0 6300.0 5720.0 6100.0 6100.0 5720.0 1000.0 5320.0 6500.0 5900.0 5720.0 1000.0 6300.0 6100.0 6100.0 5520.0 6300.0 6100.0 800.0 6300.0 6100.0 1780.0 6300.0 1180.0 6300.0 1780.0 5720.0 5900.0 6300.0 1180.0 1180.0 5520.0 1180.0 6300.0 1180.0 5720.0 5900.0 5720.0 5520.0 6300.0 5900.0 1180.0 6300.0 6300.0 5900.0 1780.0 6300.0 6100.0 5120.0 6500.0 5720.0 5900.0 6300.0 5720.0 1000.0 5120.0 800.0 5720.0 5520.0 1380.0 1380.0 5900.0 5520.0 5720.0 5720.0 5720.0 6100.0 5320.0 5720.0 600.0 5900.0 1000.0 5900.0 5520.0 5900.0 6100.0 1180.0 5720.0 5720.0 6500.0 1180.0 6100.0 6300.0 5520.0 5900.0 6300.0 5720.0 1580.0 6700.0 5900.0 800.0 6100.0 0.0 5520.0 6100.0 800.0 6100.0 1180.0 5900.0 5320.0 5900.0
0.0 1780.0 1000.0 800.0 6500.0 6100.0 6300.0 1000.0 6700.0 5720.0 5320.0 6700.0 1780.0 6300.0 1180.0 200.0 1580.0 6100.0 6100.0 5900.0 6100.0 6300.0 6500.0 6100.0 6500.0 6700.0 6300.0 6300.0 1180.0 5900.0 5720.0 5720.0 6300.0 1580.0 5900.0 5320.0 6100.0 6300.0 6300.0 6100.0 6100.0 5320.0 1580.0 6100.0 6300.0 6300.0 6700.0 5900.0 6100.0 1580.0 6100.0 6500.0 6300.0 5900.0 6300.0 6500.0 6300.0 1580.0 1580.0 6700.0 6300.0 5520.0 5720.0 1180.0 6500.0 1380.0 1180.0 1180.0 5900.0 6100.0 1580.0 5900.0 5720.0 6100.0 6500.0 1180.0 6300.0 5320.0 600.0 6100.0 5900.0 6300.0 6100.0 5900.0 1000.0 5520.0 6100.0 6300.0 6700.0 6300.0 6300.0 5720.0 6300.0 0.0 5900.0 5900.0 6300.0 6300.0 1580.0 5720.0 1380.0
0.0 6300.0 6500.0 6300.0 1580.0 6500.0 5900.0 5900.0 6300.0 6300.0 1180.0 6100.0 6300.0 1000.0 6300.0 5900.0 6700.0 600.0 6300.0 6300.0 800.0 6700.0 6700.0 6300.0 6700.0 6300.0 5720.0 1180.0 6700.0 5320.0 6300.0 1180.0 6500.0 5900.0 6700.0 5720.0 5900.0 1180.0 1000.0 1580.0 1580.0 6100.0 5900.0 400.0 6300.0 6880.0 6100.0 1580.0 600.0 6300.0 6100.0 6100.0 1980.0 1000.0 6500.0 1000.0 6500.0 5900.0 5900.0 6100.0 6300.0 1580.0 1180.0 5900.0 5900.0 5900.0 6300.0 6100.0 5900.0 6300.0 6100.0 5320.0 1380.0 5720.0 6100.0 5720.0 6300.0 6300.0 6100.0 6300.0 6300.0 6500.0 6500.0 800.0 6300.0 6500.0 5900.0 6500.0 1780.0 6100.0 6500.0 1180.0 5720.0 5900.0 0.0 5720.0 1380.0 6300.0 6100.0 5720.0 5900.0
0.0 6700.0 6100.0 6100.0 5900.0 6100.0 1380.0 5720.0 6300.0 6100.0 5720.0 1580.0 6100.0 6300.0 6100.0 5900.0 6500.0 5720.0 1180.0 6100.0 6100.0 1580.0 6500.0 1180.0 6500.0 1580.0 6100.0 6300.0 6880.0 1380.0 1180.0 6100.0 1780.0 6100.0 1180.0 5900.0 5120.0 6300.0 6100.0 6100.0 6300.0 1000.0 5900.0 5720.0 6100.0 1780.0 6300.0 6100.0 5720.0 6700.0 6300.0 5720.0 6700.0 6100.0 1380.0 5720.0 1380.0 6100.0 5900.0 1580.0 1380.0 6100.0 5900.0 6300.0 6300.0 6100.0 5720.0 5900.0 5120.0 1180.0 5720.0 800.0 6100.0 6100.0 5720.0 5900.0 600.0 5720.0 5900.0 6500.0 1000.0 6300.0 6300.0 5720.0 6100.0 6500.0 5320.0 1580.0 6700.0 5900.0 1380.0 6100.0 600.0 5900.0 5900.0 0.0 6100.0 1580.0 5720.0 5900.0 5520.0
0.0 6880.0 6500.0 5900.0 1380.0 6300.0 6500.0 6100.0 5720.0 6300.0 1180.0 6700.0 6500.0 1780.0 6300.0 6300.0 6700.0 1180.0 6100.0 6300.0 1580.0 6700.0 6500.0 6300.0 6880.0 6700.0 5520.0 1780.0 6500.0 6500.0 6100.0 1180.0 6300.0 6500.0 6300.0 6100.0 5520.0 1580.0 1580.0 1580.0 1380.0 6100.0 6300.0 1180.0 6300.0 6700.0 6300.0 1580.0 1180.0 7080.0 6300.0 6100.0 1780.0 1580.0 6500.0 1180.0 6500.0 6500.0 6300.0 6700.0 6300.0 1580.0 1180.0 6500.0 6500.0 6300.0 6100.0 6300.0 5520.0 6300.0 6100.0 6100.0 1580.0 5320.0 6100.0 6300.0 5900.0 6100.0 5720.0 6300.0 6100.0 6700.0 6500.0 1000.0 6500.0 6700.0 5720.0 6300.0 1780.0 5720.0 6500.0 1000.0 5900.0 6300.0 1380.0 5320.0 0.0 6100.0 6100.0 5720.0 5900.0
0.0 5720.0 6500.0 6300.0 6300.0 6880.0 1580.0 6500.0 6700.0 6100.0 6500.0 1180.0 6500.0 6300.0 6300.0 6100.0 6700.0 6500.0 1780.0 6300.0 6100.0 1780.0 6500.0 1580.0 6880.0 1980.0 6100.0 6300.0 7080.0 1980.0 1580.0 6500.0 1980.0 6500.0 2180.0 6100.0 5900.0 5900.0 5720.0 7080.0 6300.0 1180.0 6700.0 5720.0 6300.0 1980.0 6880.0 6880.0 6700.0 6700.0 5900.0 5900.0 6880.0 6100.0 2180.0 6300.0 1780.0 5900.0 6100.0 1780.0 1380.0 6300.0 6500.0 6880.0 6300.0 5900.0 6500.0 6500.0 6500.0 1580.0 6500.0 800.0 6700.0 6100.0 6100.0 6300.0 1780.0 6100.0 6100.0 6500.0 1180.0 6300.0 6500.0 6300.0 6300.0 6700.0 6500.0 1980.0 6880.0 6100.0 1980.0 6300.0 1980.0 6100.0 6700.0 1580.0 6300.0 0.0 6100.0 6100.0 6700.0
0.0 1980.0 800.0 1580.0 6500.0 6500.0 5900.0 1580.0 6880.0 6500.0 6500.0 6300.0 1780.0 6500.0 1380.0 1380.0 1180.0 5720.0 6880.0 6500.0 5720.0 5900.0 6880.0 6100.0 5900.0 6500.0 6300.0 6700.0 1780.0 6500.0 6300.0 6300.0 6300.0 1180.0 6880.0 6100.0 5900.0 6100.0 5900.0 6700.0 6300.0 6300.0 1380.0 6500.0 5520.0 7080.0 6300.0 6300.0 6300.0 2180.0 5900.0 6300.0 6880.0 6100.0 6500.0 6500.0 6880.0 1180.0 1580.0 6880.0 6500.0 6300.0 6300.0 1580.0 6700.0 1380.0 1000.0 1580.0 6100.0 6700.0 1580.0 6500.0 6300.0 6700.0 5320.0 1000.0 6500.0 6100.0 1580.0 7080.0 5320.0 5900.0 6700.0 5900.0 1180.0 6700.0 6100.0 6500.0 6880.0 6300.0 6300.0 6300.0 6500.0 1580.0 6300.0 5900.0 6500.0 6300.0 0.0 6300.0 1380.0
0.0 6700.0 6100.0 6500.0 6500.0 1180.0 6300.0 6300.0 1580.0 1180.0 5720.0 6500.0 6700.0 6700.0 6100.0 6300.0 6700.0 5720.0 6500.0 1580.0 6100.0 6300.0 1000.0 6500.0 1180.0 6300.0 1380.0 5900.0 7280.0 5720.0 6700.0 6300.0 6700.0 6100.0 6500.0 1380.0 800.0 6300.0 6300.0 6100.0 6300.0 6300.0 6100.0 6100.0 1380.0 7080.0 1580.0 6300.0 5900.0 7080.0 1580.0 1380.0 6880.0 6300.0 6300.0 6300.0 6700.0 6300.0 6300.0 6880.0 6700.0 6100.0 6300.0 6300.0 1380.0 6300.0 6300.0 6100.0 800.0 6500.0 5720.0 6100.0 6100.0 1580.0 1380.0 5900.0 5900.0 1380.0 6300.0 1980.0 6300.0 1380.0 1580.0 5120.0 5720.0 1980.0 400.0 6500.0 7280.0 1580.0 6300.0 6300.0 6100.0 6300.0 6100.0 5520.0 6700.0 6300.0 6300.0 0.0 5520.0
0.0 1780.0 1380.0 1580.0 6100.0 6100.0 6700.0 1780.0 6700.0 6500.0 6300.0 6500.0 1780.0 6100.0 800.0 1180.0 2180.0 5520.0 6100.0 6300.0 6500.0 6700.0 6880.0 6300.0 6880.0 5900.0 5720.0 6300.0 2180.0 6300.0 6300.0 5900.0 6500.0 800.0 6880.0 5900.0 6100.0 6300.0 6100.0 6100.0 6300.0 6500.0 1000.0 5520.0 6500.0 6500.0 6300.0 6500.0 6500.0 1780.0 6300.0 6500.0 7080.0 5900.0 6300.0 6500.0 6700.0 1380.0 1580.0 6500.0 6500.0 5900.0 5900.0 1380.0 6300.0 1580.0 1580.0 1180.0 6100.0 6500.0 1380.0 5520.0 6500.0 5900.0 6500.0 1580.0 5520.0 6300.0 1380.0 6700.0 6100.0 6700.0 6700.0 5720.0 1380.0 6700.0 5900.0 6100.0 6880.0 6300.0 6300.0 6100.0 6300.0 1580.0 6100.0 5900.0 6500.0 6700.0 1580.0 6100.0 0.0
