100 3
1394 2478 6222 8 6
1312 8989 13631 10 9
770 0 4474 1 8
2352 0 2209 4 6
252 9419 13457 2 2
885 4657 8303 5 3
567 0 4166 1 8
1764 8773 12123 9 9
84 0 3494 5 2
441 0 1911 3 9
195 0 2282 7 4
80 11816 16168 8 8
1264 0 2264 7 1
1480 9909 13707 6 1
1638 0 1731 9 6
1675 2920 6290 3 3
432 0 1733 3 5
1932 0 1943 5 6
1216 16778 20114 2 3
1491 9010 12310 10 10
21 9433 13517 6 5
1300 0 2140 1 6
171 7675 11675 10 8
420 0 2224 10 1
782 13785 18093 8 5
936 8876 12624 6 10
180 0 2070 2 1
1078 3413 6859 10 3
1235 7481 10719 1 5
1407 5119 8705 3 8
408 7309 11891 8 3
2150 1833 5567 1 7
285 7491 12197 8 6
1920 1172 5452 8 9
1298 0 1934 2 7
2016 0 1710 5 1
2208 0 1686 7 9
952 4876 9204 8 7
570 2115 5805 2 4
1044 11614 16170 7 10
1782 6309 9569 2 6
1034 9095 13059 8 1
1406 0 3868 9 5
1725 2746 7110 4 10
1044 15267 19965 4 9
1326 4599 8321 9 2
2300 2128 5360 5 5
1748 15296 19296 9 6
1029 275 3955 9 6
1350 0 1752 4 4
480 14546 18762 7 9
360 4825 8745 6 9
1320 1153 4729 10 2
1100 0 1983 3 7
450 9503 12777 8 6
2024 12499 15869 1 7
1475 0 2227 5 5
1368 4320 7584 10 4
1504 406 3964 10 4
1386 11496 16204 3 1
1700 9120 12732 3 9
1062 547 5333 8 2
736 0 1639 2 8
76 7226 11622 5 4
1520 726 4158 7 1
690 7767 11921 8 1
475 9986 14554 3 2
1632 10810 14470 3 5
200 11125 15131 7 2
63 1179 4743 3 4
144 0 2236 2 3
1780 12699 16603 9 4
275 6126 9810 4 5
828 0 2172 5 2
1173 10951 14649 2 8
20 6262 10876 7 8
936 2961 6197 1 3
690 2601 6135 4 2
1040 2354 7006 9 4
975 0 2462 3 6
540 5964 9778 3 10
765 7772 11128 4 5
1155 0 3959 8 3
1827 8700 12100 8 3
2156 0 1636 6 4
1748 9986 14014 6 3
480 7998 11970 9 3
1880 7039 10433 3 10
1804 2744 7168 2 6
864 9301 13331 8 10
1848 0 2172 5 4
1265 3249 7419 7 8
980 0 2329 9 8
893 9248 12708 10 9
1914 14911 19089 6 2
1088 0 1673 8 8
2275 3235 6987 3 3
2024 9535 12965 10 10
207 6921 10583 7 6
532 0 1999 10 1
SETUP
0 21 161 121 81 41 101 121 21 61 81 161 121 121 121 101 141 21 101 41 81 61 121 61 161 81 161 141 141 121 141 141 81 101 141 121 141 101 41 101 141 101 141 61 61 141 81 141 161 121 81 101 81 81 161 141 121 121 41 41 101 161 81 101 81 101 141 81 141 21 61 81 141 141 101 41 181 221 141 141 101 161 41 21 81 61 181 121 101 41 61 81 141 161 161 81 101 141 41 141 121
0 0 761 721 741 701 721 721 681 721 661 221 701 721 761 601 681 681 181 701 661 741 181 641 761 181 701 241 721 741 761 661 661 661 741 181 661 81 701 681 721 721 741 721 141 661 141 721 741 761 741 761 141 741 221 701 181 101 701 701 221 741 701 181 741 741 661 201 201 681 641 761 781 181 721 701 721 801 681 721 681 741 181 681 741 721 781 781 141 261 721 721 161 801 161 741 621 161 701 721 721
0 681 0 701 661 661 681 161 681 61 181 741 701 641 721 661 181 141 641 621 641 621 721 701 641 681 721 741 741 661 201 701 701 641 721 681 701 601 661 681 221 121 601 121 661 681 681 201 741 701 681 681 661 701 701 721 681 681 641 621 701 181 141 661 201 681 621 721 681 641 701 121 741 701 121 621 201 181 121 701 681 741 641 681 141 81 601 701 661 741 101 141 681 201 741 681 661 681 641 581 201
0 661 641 0 681 661 21 721 661 621 661 741 101 681 661 81 661 641 681 661 121 101 661 641 641 641 661 701 161 141 681 661 661 641 121 621 661 641 681 561 721 681 641 661 621 101 601 681 121 181 661 121 641 161 661 621 561 641 141 61 661 681 641 621 701 181 121 681 681 121 121 681 621 621 661 661 681 801 641 141 121 121 681 661 581 641 701 721 681 721 681 621 701 681 681 61 621 661 641 81 621
0 641 701 661 0 101 661 681 101 661 621 701 661 61 141 601 701 641 641 121 621 601 661 61 201 641 141 761 701 661 701 121 81 81 661 641 121 681 41 101 661 601 121 681 641 661 661 661 701 641 161 661 641 661 721 141 661 621 581 661 701 661 641 621 681 681 701 681 681 561 601 601 141 641 681 121 661 781 661 661 641 721 661 21 681 601 181 161 621 681 681 641 721 741 701 701 81 641 41 681 681
0 661 741 681 121 0 641 701 121 701 641 721 681 161 161 601 681 661 681 141 601 641 701 101 201 701 181 741 701 701 641 101 121 121 721 641 101 701 141 121 701 701 181 701 621 641 661 701 721 681 121 701 621 661 721 161 661 621 621 681 701 721 621 681 721 721 741 681 721 601 621 641 181 721 701 141 701 801 721 641 661 721 701 121 681 621 201 121 661 721 701 681 761 741 701 661 61 681 81 701 721
0 641 641 141 701 661 0 701 641 621 701 721 101 681 661 121 661 641 681 661 121 101 681 681 641 641 661 681 161 141 681 681 701 621 121 641 701 621 661 561 761 681 641 661 621 81 581 681 121 181 641 161 641 161 641 721 561 681 121 61 721 681 641 621 701 181 121 681 681 121 141 681 601 621 661 661 681 801 621 121 121 101 681 641 581 621 701 721 701 721 681 621 681 681 681 41 661 661 661 81 601
0 701 241 741 741 721 681 0 701 221 161 721 761 681 741 681 201 181 661 721 701 701 741 681 721 721 761 801 741 641 161 701 701 701 761 721 701 761 721 701 201 141 741 221 661 701 701 201 761 781 681 761 621 741 761 741 701 661 721 721 761 121 141 681 221 761 781 721 741 721 681 201 761 721 201 721 201 281 141 741 641 761 741 721 181 161 681 681 701 761 201 161 801 261 741 701 641 641 721 761 201
0 561 741 641 121 21 641 721 0 701 661 741 701 181 141 621 701 661 701 141 621 661 721 121 201 661 161 661 721 641 661 121 121 121 721 661 121 621 161 121 721 621 161 701 641 661 681 721 741 701 121 661 641 641 741 161 661 641 621 681 621 741 601 641 601 741 661 701 741 621 641 661 161 681 721 141 721 801 681 661 681 741 701 141 681 641 221 141 681 721 701 681 701 761 701 681 81 681 101 721 701
0 661 221 681 621 681 681 201 661 0 141 721 721 601 741 621 161 101 641 661 661 621 681 641 781 641 721 761 721 661 221 661 661 621 701 641 661 701 661 681 181 81 661 161 681 661 681 181 741 721 701 721 681 701 741 701 701 641 641 661 721 201 161 621 181 721 741 721 741 621 641 141 741 661 161 661 181 281 81 701 661 741 681 621 161 121 781 701 681 701 141 181 761 241 701 701 621 661 581 721 201
0 641 101 681 641 661 661 141 641 81 0 721 621 661 641 561 121 101 681 641 621 661 681 601 701 681 701 681 661 701 141 621 621 621 681 641 621 641 661 561 141 141 641 141 641 621 621 141 661 721 701 701 621 681 641 661 681 601 661 641 701 101 121 621 161 681 661 701 701 641 601 121 721 701 121 661 141 261 101 661 621 641 661 641 121 141 701 741 561 721 141 101 701 221 681 661 561 641 661 621 81
0 121 721 621 621 661 641 681 641 661 661 0 701 661 721 621 661 641 141 661 661 681 141 641 741 181 681 201 681 701 741 581 661 621 681 61 621 181 641 641 721 681 701 681 141 621 101 701 741 721 701 701 101 701 181 621 101 61 641 661 181 721 681 121 701 721 741 181 181 641 641 681 701 161 621 661 681 781 701 701 641 701 121 621 661 661 761 741 121 221 681 681 161 761 141 681 621 121 621 701 701
0 701 681 161 641 701 141 641 701 661 721 761 0 701 701 121 701 721 681 681 181 161 701 701 761 741 701 721 181 161 641 681 661 721 121 681 701 721 681 661 761 701 721 661 661 141 621 741 221 201 721 161 661 141 761 661 681 681 141 161 761 601 661 721 721 201 221 721 701 121 161 701 741 721 701 681 681 801 721 161 161 161 701 661 701 681 741 721 701 701 701 661 621 801 701 181 661 721 621 121 721
0 601 701 621 121 81 621 681 61 621 601 661 681 0 141 561 641 581 621 61 601 601 621 61 181 581 141 701 661 681 701 81 81 41 641 581 81 641 81 81 661 561 81 621 621 601 621 661 681 681 121 661 621 641 701 121 641 581 621 601 661 681 641 561 661 661 681 661 681 601 601 701 161 601 661 61 681 781 641 641 601 681 621 61 641 621 181 181 621 641 621 661 701 721 661 641 21 601 81 661 681
0 641 741 681 161 61 681 721 101 681 701 761 741 201 0 641 661 641 681 121 661 681 701 141 221 701 141 701 621 701 701 81 161 81 661 701 81 721 121 141 761 721 161 681 661 621 601 621 761 721 161 721 681 681 741 121 681 681 661 661 721 761 681 681 701 721 741 681 701 641 681 701 201 701 661 121 681 801 701 701 641 661 661 101 701 681 241 181 701 761 681 641 701 761 681 701 121 641 121 721 741
0 621 681 161 681 641 121 661 621 661 601 701 141 641 681 0 641 621 661 641 61 141 661 581 701 661 681 721 121 141 681 601 601 601 141 681 601 661 641 621 661 641 681 661 621 61 601 641 141 181 681 161 601 141 701 641 661 581 101 101 681 681 621 641 681 141 161 681 681 81 41 701 721 681 641 641 661 781 681 121 81 141 641 621 681 661 721 721 601 741 661 641 721 741 661 141 561 621 641 121 661
0 661 161 681 721 641 701 161 681 121 121 701 641 721 661 681 0 141 721 641 661 641 701 641 741 681 681 721 581 721 161 661 661 661 621 701 661 641 701 681 181 121 701 101 661 601 621 161 761 721 621 701 601 701 681 701 701 641 641 641 721 121 141 661 201 621 681 641 601 661 641 161 741 581 161 641 141 201 101 701 661 681 641 681 181 101 761 761 681 701 61 121 721 161 561 621 661 701 681 721 201
0 561 161 641 601 581 641 121 561 61 81 681 641 661 641 621 141 0 641 561 621 601 661 601 681 621 681 661 681 641 121 661 621 641 661 661 661 641 581 621 141 101 681 61 601 681 621 121 701 641 621 621 601 601 681 661 641 641 581 561 621 161 81 641 81 621 661 621 661 561 601 121 661 681 141 561 181 221 121 661 621 681 581 561 61 61 701 681 621 681 41 121 661 161 701 621 621 661 581 681 141
0 181 761 741 741 721 681 721 701 661 761 201 741 721 761 741 741 701 0 721 701 681 221 741 761 161 781 221 741 681 781 741 621 681 761 161 761 181 721 681 801 661 721 661 181 741 181 781 741 741 741 701 181 761 181 761 141 201 701 721 181 801 721 141 641 701 661 241 201 701 741 781 741 181 721 701 761 801 681 761 681 721 121 701 701 681 801 721 201 221 721 761 181 761 181 721 721 181 701 741 681
0 621 721 661 101 121 621 641 101 581 681 681 621 101 121 621 661 641 661 0 601 581 681 121 181 601 141 701 661 661 661 141 141 81 661 641 141 661 121 81 721 641 121 581 581 661 601 681 721 621 61 601 581 621 661 121 621 641 561 561 701 681 601 621 681 601 701 641 661 581 661 681 141 681 661 21 701 741 641 661 601 661 561 101 641 581 161 161 681 681 561 641 641 661 681 601 101 641 61 681 681
0 621 701 141 661 621 61 721 601 681 661 661 141 681 701 61 701 681 681 681 0 161 721 641 701 701 701 681 161 161 641 661 661 661 161 701 661 681 661 601 701 681 681 701 561 121 641 641 141 201 661 141 561 121 661 701 601 621 141 101 641 661 581 681 661 141 161 621 741 121 101 661 661 661 701 681 721 801 681 61 141 161 701 661 621 681 741 741 661 741 641 681 741 721 701 101 601 681 621 141 661
0 601 741 101 661 621 101 681 601 641 661 741 161 701 701 141 701 601 621 621 121 0 701 641 741 661 681 721 141 161 701 661 661 581 181 601 661 681 621 641 721 681 621 621 641 141 661 721 141 161 661 141 641 121 741 661 641 641 81 81 681 701 641 581 661 141 181 661 681 81 121 721 701 681 621 621 661 781 661 121 81 201 641 601 661 641 761 741 681 721 641 701 721 741 661 121 621 601 621 181 701
0 121 701 681 621 681 681 621 661 561 681 181 721 601 661 621 661 641 121 661 641 621 0 661 701 121 701 201 681 681 721 661 681 641 561 121 681 181 661 641 721 621 681 561 121 681 101 701 741 641 721 721 121 621 201 721 81 121 661 661 181 741 661 101 721 741 741 181 161 641 661 681 741 121 661 661 721 801 621 681 601 661 141 641 681 661 761 721 141 161 681 681 101 781 121 701 621 121 601 681 701
0 621 661 701 141 61 621 701 101 621 561 661 641 141 121 581 681 661 661 101 561 661 681 0 161 621 181 701 661 721 661 101 21 101 701 661 101 621 141 41 621 681 121 661 581 641 641 621 681 721 141 681 581 681 661 141 621 601 641 641 661 641 601 641 681 641 661 641 641 641 561 681 141 681 681 101 661 761 641 621 641 661 641 121 641 661 141 181 581 741 661 661 701 701 681 661 61 661 101 621 621
0 701 721 681 121 101 701 701 161 661 681 741 701 181 141 661 641 701 741 81 681 661 721 161 0 681 141 701 661 581 721 161 181 161 661 721 161 681 141 101 761 721 161 641 661 601 601 761 701 701 141 601 661 701 701 181 701 661 641 621 721 721 681 701 741 681 721 721 581 661 661 721 221 661 661 81 661 781 701 721 681 681 641 141 721 661 181 81 641 761 641 641 681 741 641 681 121 721 141 701 661
0 181 801 801 761 741 781 721 721 781 761 281 801 761 721 721 761 781 181 801 761 781 281 741 801 0 781 181 681 801 741 721 761 761 741 261 761 201 781 741 781 761 801 741 241 761 181 781 761 801 741 801 241 761 261 761 241 201 761 801 241 761 681 221 781 801 661 201 261 761 741 801 801 241 761 801 741 801 681 801 761 781 281 761 801 761 801 801 181 261 801 761 181 801 121 741 721 261 741 801 781
0 661 621 561 141 141 561 661 141 601 641 741 641 121 81 601 681 661 661 101 641 661 681 101 121 661 0 701 701 701 701 101 121 101 661 641 101 641 161 41 701 661 121 661 641 641 601 661 661 601 101 681 641 621 661 101 581 621 661 601 681 701 641 641 721 701 681 701 701 661 621 661 101 641 681 101 701 781 641 681 661 661 661 141 601 641 161 201 661 681 661 641 641 701 701 601 61 681 121 601 621
0 181 741 681 661 701 701 621 721 721 721 261 701 721 641 701 701 721 161 701 681 661 221 721 761 201 681 0 721 701 661 701 721 701 641 161 721 181 681 641 721 721 701 641 161 721 81 721 741 701 741 701 161 601 201 721 141 181 641 701 221 741 701 161 761 761 621 221 221 621 721 721 761 201 681 701 761 761 641 721 681 681 181 661 721 641 761 741 141 141 721 641 61 801 181 721 701 181 641 701 701
0 701 661 181 681 721 181 721 701 701 721 781 201 741 701 181 721 701 701 721 121 101 741 701 721 701 701 761 0 201 761 701 721 681 181 701 701 661 721 721 701 741 701 721 681 161 701 661 221 141 721 221 681 201 661 701 681 701 81 181 761 761 681 681 761 241 161 601 761 101 181 721 761 741 721 721 761 801 701 141 141 201 721 701 741 641 721 721 721 801 741 661 741 801 721 201 681 661 661 161 721
0 661 701 181 641 681 181 741 661 661 681 781 141 681 701 81 721 681 721 701 141 161 701 661 721 721 741 741 101 0 721 681 681 681 161 701 681 641 661 601 721 681 681 701 701 141 681 721 141 201 701 201 681 201 661 721 701 641 121 161 681 681 701 661 721 201 141 681 701 101 121 681 761 721 681 701 721 761 661 181 141 121 721 641 741 681 761 581 601 741 721 681 721 801 641 181 621 701 661 121 621
0 721 201 721 701 661 701 101 721 121 161 781 741 721 621 701 201 161 721 721 701 681 741 681 801 761 701 741 641 741 0 681 681 681 681 741 681 681 661 721 221 181 721 141 721 701 641 161 781 741 681 721 721 581 741 701 721 721 661 721 761 161 201 721 221 741 701 681 781 641 681 221 761 761 161 721 181 261 141 761 721 701 741 641 81 141 781 761 701 641 201 141 681 201 601 621 701 721 661 761 221
0 661 701 661 121 141 601 701 121 641 641 761 681 161 181 601 681 661 701 141 641 661 641 101 161 681 181 741 701 701 741 0 101 101 641 661 101 681 81 81 701 701 141 661 661 641 641 701 701 701 161 721 661 701 701 61 601 621 621 641 721 701 681 641 721 721 721 721 721 621 621 681 121 681 601 141 701 801 681 701 621 701 681 121 641 641 221 201 661 761 681 681 721 741 701 641 61 661 101 681 661
0 701 741 741 161 201 641 701 181 721 761 661 701 201 181 721 721 701 661 181 661 661 761 201 201 741 201 721 721 741 701 141 0 161 741 701 161 721 201 121 801 741 201 641 681 681 661 741 741 701 121 721 701 681 741 181 661 701 621 681 681 741 701 681 741 621 761 741 761 641 741 721 181 721 721 81 721 741 721 721 681 741 741 181 681 641 221 241 761 741 641 701 721 681 741 661 181 721 121 721 701
0 581 701 661 81 61 621 661 41 601 621 701 661 141 121 641 681 561 601 41 621 621 661 81 161 641 161 681 681 661 661 101 101 0 681 681 101 661 61 101 681 661 161 601 601 641 621 681 701 661 101 641 601 621 701 141 641 601 581 581 641 701 601 641 621 641 681 641 681 581 621 681 161 641 681 41 681 761 621 681 581 701 601 41 621 601 181 161 641 681 601 661 681 701 681 621 41 581 61 681 701
0 681 761 121 681 701 141 621 681 721 741 741 221 741 661 141 721 681 721 701 81 201 761 721 761 721 721 761 121 161 721 721 741 681 0 641 721 721 681 681 721 741 721 561 641 201 681 681 181 101 701 221 641 81 741 721 681 701 161 161 721 721 641 681 741 221 201 701 761 141 181 741 741 741 741 701 761 781 701 141 41 201 701 681 661 721 741 741 741 681 721 661 721 761 641 141 681 701 661 201 741
0 141 681 581 601 681 581 661 681 661 661 221 661 641 701 641 701 681 101 681 661 641 141 641 681 141 621 181 741 641 721 701 661 661 681 0 701 121 621 581 721 661 681 701 121 661 81 701 681 681 681 701 121 701 141 641 61 141 621 621 161 721 661 121 721 741 681 181 181 601 641 661 641 121 681 681 701 741 661 701 681 681 161 601 601 641 741 681 121 201 701 661 181 721 181 621 641 161 561 641 641
0 581 701 641 81 61 601 661 41 601 621 701 661 141 101 601 581 561 601 41 621 621 641 81 161 641 101 661 601 621 661 21 101 21 621 661 0 661 61 81 681 661 81 601 601 561 561 681 701 661 101 641 601 621 701 61 601 601 581 581 641 701 601 641 621 641 681 641 641 581 621 681 121 621 601 41 601 741 621 681 581 621 601 41 621 601 181 121 641 681 601 601 661 701 601 621 41 581 61 681 661
0 121 761 661 681 661 661 641 641 681 681 161 741 681 701 621 681 641 141 661 681 701 201 661 761 101 701 201 721 721 741 641 681 621 661 101 681 0 661 681 741 701 721 681 141 681 101 721 701 741 701 721 141 701 221 681 141 121 661 661 181 681 681 181 701 721 581 181 181 641 661 721 721 181 701 661 701 801 601 741 661 701 141 641 701 681 781 761 81 201 681 661 101 761 161 681 641 121 661 741 721
0 661 761 721 181 141 701 761 141 701 721 801 761 221 201 681 681 661 701 141 701 681 741 181 261 721 181 761 701 721 761 101 181 101 721 721 101 741 0 181 781 741 181 701 701 641 661 761 781 721 141 741 701 721 741 161 701 701 661 681 741 781 701 681 721 741 781 721 721 661 701 761 221 721 661 141 701 801 721 741 661 721 701 121 721 681 241 221 721 761 701 701 761 761 701 681 141 661 161 721 741
0 641 641 661 161 121 681 721 101 601 701 761 621 141 141 681 681 641 661 101 701 681 661 141 161 701 181 741 721 721 661 121 161 81 681 641 161 621 121 0 761 681 101 681 661 701 701 741 641 721 161 701 681 681 641 161 661 681 661 641 701 661 681 621 701 701 661 701 721 641 681 661 201 721 641 121 681 801 621 701 641 641 661 101 681 681 161 221 701 701 661 621 681 761 701 701 121 641 121 601 601
0 681 141 701 701 701 681 161 681 121 61 761 681 721 661 621 181 141 701 701 641 621 721 641 641 561 741 721 701 661 181 661 661 661 741 681 661 681 701 601 0 141 681 181 661 661 681 181 621 721 741 701 661 621 701 701 701 641 661 701 721 141 141 661 201 741 661 721 681 641 581 181 761 721 161 701 121 241 121 701 681 701 701 681 181 81 601 701 601 701 181 161 721 261 661 701 621 681 661 661 121
0 601 181 621 641 601 621 141 601 101 121 701 681 681 681 661 161 41 621 601 641 601 681 621 721 581 661 701 701 681 161 661 641 561 701 581 641 681 601 641 161 0 601 81 621 661 641 161 721 681 641 661 601 641 721 661 621 621 601 601 661 161 101 561 121 661 701 661 681 601 641 161 681 601 141 601 161 241 101 641 601 721 621 581 101 101 741 721 661 641 81 141 701 181 701 641 601 601 621 701 141
0 621 721 721 141 101 681 721 81 661 681 761 721 181 181 661 721 621 661 101 681 661 721 121 221 681 221 741 741 721 721 141 141 61 741 721 141 701 101 161 741 701 0 661 661 681 681 741 761 701 141 701 661 681 761 201 701 661 641 641 701 681 661 701 681 701 741 681 741 621 661 721 201 701 741 101 721 801 681 741 621 761 641 81 681 661 221 201 701 741 661 721 741 761 741 681 101 621 101 741 741
0 681 241 721 721 701 741 61 681 181 201 781 761 721 661 681 181 141 721 681 721 721 761 701 761 701 741 761 721 701 161 721 721 681 661 701 721 721 661 741 161 201 721 0 721 721 681 141 781 621 741 741 681 721 801 761 741 701 701 681 741 181 101 681 201 741 741 741 761 681 701 241 781 741 201 681 221 241 201 721 581 741 701 681 121 181 741 741 741 801 181 121 721 221 721 661 681 701 681 741 221
0 61 681 661 641 601 581 701 601 661 641 121 661 661 681 581 681 661 121 661 641 661 161 621 681 141 681 161 681 681 621 641 641 641 681 141 641 121 641 581 681 661 661 681 0 641 81 681 681 721 681 701 21 641 121 681 61 81 661 621 121 701 561 121 641 721 681 61 181 641 621 641 641 121 681 681 701 801 661 681 641 681 161 641 601 661 741 721 121 181 701 661 181 721 141 621 581 121 601 641 641
0 661 701 101 661 581 101 681 661 681 681 721 141 701 641 101 581 661 701 681 101 141 721 661 741 721 621 661 81 181 681 641 681 641 81 681 641 681 641 661 721 701 641 621 661 0 561 721 201 141 661 201 641 161 721 681 661 621 121 141 721 701 661 661 721 141 181 681 621 101 121 681 701 621 641 681 601 721 661 161 121 81 681 661 681 661 701 701 681 701 621 601 661 721 601 121 641 661 661 141 701
0 161 701 621 641 681 641 661 681 681 701 241 721 701 621 661 641 681 161 701 681 681 201 701 741 201 621 121 681 741 761 701 721 661 601 161 701 181 641 641 761 701 641 621 161 701 0 701 741 661 701 741 161 681 201 681 101 161 661 681 201 721 701 121 741 721 721 181 161 641 681 701 701 141 621 701 741 801 721 741 641 621 181 661 661 681 761 681 161 201 681 581 121 761 121 681 661 161 661 661 701
0 621 181 641 681 641 641 181 621 121 141 741 721 721 701 681 181 81 661 621 681 661 721 661 721 681 701 741 601 701 181 681 681 601 741 621 681 701 641 661 201 161 641 121 641 681 681 0 761 701 681 681 661 661 701 681 661 661 641 641 681 181 121 601 141 701 741 641 721 621 661 201 721 701 201 641 201 261 141 681 621 741 641 621 141 121 681 741 681 741 121 161 741 221 741 681 641 621 641 721 181
0 681 681 101 701 641 121 721 661 661 601 721 141 701 681 61 701 661 721 681 81 121 701 581 721 661 721 741 161 201 701 661 601 661 181 701 661 661 701 601 661 701 641 701 621 121 661 661 0 161 721 181 621 181 701 701 661 621 101 121 701 641 641 661 721 141 161 681 681 121 61 701 721 721 701 681 581 701 681 121 121 161 681 681 681 641 721 761 581 761 701 681 741 761 701 161 601 681 661 121 661
0 621 761 121 661 621 121 661 621 661 661 701 181 701 561 81 681 621 661 641 121 141 721 641 761 681 701 721 121 161 641 641 661 601 141 621 641 701 641 661 721 701 641 661 641 121 621 601 201 0 681 161 601 141 721 681 661 621 101 101 681 721 581 601 681 161 201 681 721 81 121 701 721 701 701 641 701 801 681 141 101 161 641 621 681 661 741 741 681 741 661 661 641 761 701 141 621 621 641 181 681
0 641 701 641 121 121 621 681 101 681 701 701 701 161 81 661 641 641 701 121 701 681 701 141 141 701 81 661 681 701 721 141 161 141 621 701 161 701 101 101 761 701 101 621 681 701 561 701 721 681 0 701 701 681 621 161 641 701 661 661 661 701 701 661 701 721 741 701 701 641 681 721 161 681 621 121 641 781 621 741 661 621 661 101 661 681 221 161 701 621 681 581 661 641 661 561 141 681 121 681 681
0 681 721 161 661 701 141 701 681 681 721 761 121 701 681 141 761 661 681 681 101 81 721 701 701 741 761 741 201 161 721 721 721 661 181 681 721 761 681 701 781 701 701 701 641 181 721 721 201 121 741 0 661 181 741 681 681 701 61 141 721 701 661 641 741 201 241 701 741 61 181 721 721 741 681 681 661 801 721 141 141 221 701 661 721 601 661 741 721 781 701 741 721 801 721 181 681 681 621 221 741
0 201 761 661 721 661 661 781 741 741 721 101 741 761 721 721 741 721 201 741 661 741 221 741 761 141 761 221 761 721 761 681 761 721 721 161 721 201 701 661 661 761 721 721 161 721 161 761 741 801 761 701 0 741 221 721 141 161 741 701 221 741 701 181 781 801 761 201 241 721 701 641 721 201 721 741 761 801 721 721 701 761 181 721 681 741 721 761 181 281 761 681 241 781 201 701 701 161 721 721 721
0 681 761 161 661 641 181 741 681 701 681 781 181 721 581 161 701 681 701 701 141 121 701 661 801 741 681 741 121 181 741 661 681 661 161 721 661 741 621 681 721 721 741 721 681 121 641 661 221 161 741 221 701 0 781 701 721 721 101 161 761 721 701 701 741 201 221 721 741 81 121 721 721 741 681 701 721 801 741 181 161 181 701 621 741 661 761 761 681 621 721 661 741 801 721 201 701 681 641 201 741
0 101 681 661 701 661 661 741 641 661 701 221 681 721 721 681 681 641 141 641 701 681 181 681 601 161 721 201 701 641 721 701 701 621 721 101 701 141 641 601 761 721 641 681 121 661 121 741 701 721 701 661 141 681 0 681 41 141 661 641 181 721 681 81 701 721 721 161 101 641 681 701 741 181 621 641 721 801 681 681 641 621 121 641 681 681 741 661 161 221 661 681 201 761 161 701 661 101 661 641 661
0 621 661 681 141 101 561 661 81 601 601 701 621 121 141 561 641 621 661 101 601 641 581 41 121 661 141 701 641 681 701 61 61 61 601 661 61 641 101 41 661 661 121 621 621 601 601 641 661 701 121 701 601 661 661 0 561 581 641 601 701 681 621 641 681 681 661 681 681 621 581 701 81 621 641 101 661 781 641 661 601 661 641 81 581 641 181 181 601 721 661 641 681 701 661 601 21 621 101 621 621
0 141 641 701 701 681 701 741 661 621 721 241 641 681 701 681 721 661 141 661 721 681 161 721 641 181 741 161 761 661 701 701 721 641 721 141 741 121 681 581 781 681 661 681 161 681 161 701 681 741 701 701 161 721 141 741 0 181 661 661 201 701 701 101 721 721 681 201 141 681 721 681 761 201 681 661 721 801 641 661 681 661 141 661 721 681 701 701 181 201 681 661 181 781 201 721 681 141 661 621 621
0 61 681 661 641 621 621 641 601 641 601 141 681 701 661 621 621 581 101 601 601 641 121 581 721 121 661 141 621 641 701 561 601 581 641 141 561 121 621 621 661 681 641 621 81 581 41 641 721 681 661 661 41 641 121 621 101 0 621 601 121 681 621 121 661 661 701 121 121 601 581 681 681 121 621 601 641 761 641 661 581 641 81 601 641 641 721 681 61 181 621 621 141 721 101 661 601 61 621 661 661
0 641 741 121 621 661 101 641 641 681 681 721 121 661 641 101 741 621 641 641 61 41 681 661 701 701 701 721 161 121 681 701 681 601 141 641 681 721 641 641 741 661 641 661 601 161 681 661 161 81 701 161 621 141 701 641 641 661 0 101 681 701 621 601 701 181 201 661 701 21 141 681 701 701 641 641 681 801 681 101 101 201 661 621 661 561 681 701 681 741 661 701 701 761 681 141 641 641 581 181 681
0 621 701 161 661 641 81 721 621 681 681 681 141 701 721 81 721 681 701 701 141 161 721 661 721 601 721 741 181 181 661 681 681 681 181 721 681 701 681 621 701 701 701 721 581 141 661 721 181 221 721 161 581 141 681 721 621 641 161 0 701 721 601 681 681 201 181 641 741 141 121 681 681 681 721 701 741 801 701 181 141 181 661 681 641 701 761 761 681 761 721 701 741 741 721 121 621 701 641 141 681
0 141 741 681 701 601 701 681 681 721 661 221 701 701 661 601 701 681 181 681 661 661 181 641 741 181 681 61 701 741 701 661 661 661 681 181 661 181 701 681 721 701 741 701 141 661 121 701 741 641 721 581 141 641 221 701 161 101 621 701 0 741 681 161 741 741 681 201 201 641 641 701 761 201 701 701 721 761 701 701 661 721 181 681 661 641 701 721 141 181 721 701 121 761 181 681 621 141 661 721 721
0 641 161 661 701 661 641 161 641 141 161 701 681 721 661 641 121 161 721 681 701 721 721 681 741 721 701 741 681 701 61 641 701 681 661 641 701 701 661 621 201 201 701 141 601 621 641 161 721 741 701 741 601 621 701 681 641 661 701 681 721 0 81 681 141 721 721 661 641 701 681 181 701 701 141 681 101 261 161 661 701 661 701 681 121 181 741 741 701 661 141 141 721 221 661 681 641 721 661 681 141
0 581 181 681 621 601 681 161 581 161 101 741 701 681 681 581 141 101 661 661 621 681 681 601 741 681 701 701 681 661 81 621 621 621 701 701 621 661 661 641 141 121 701 141 641 621 641 141 701 721 701 681 641 641 721 661 681 601 641 661 641 181 0 681 101 701 701 701 701 621 601 141 741 701 141 661 161 281 161 681 641 701 681 641 141 141 741 701 641 701 141 141 741 241 661 701 581 661 601 681 161
0 41 701 601 621 601 601 661 581 621 641 161 661 681 661 641 681 561 81 581 641 621 141 621 701 101 661 161 681 661 681 641 641 561 681 41 641 121 601 621 681 661 601 601 61 641 101 681 701 661 641 641 81 621 161 641 81 81 601 581 101 681 621 0 641 641 681 101 141 581 621 681 661 121 681 581 681 761 621 621 581 701 61 581 621 621 721 701 101 161 601 681 161 701 161 641 581 41 601 681 661
0 701 181 721 661 701 721 221 701 161 161 681 701 681 721 641 161 161 721 661 681 681 721 661 741 681 721 741 661 581 221 701 681 681 721 681 701 681 641 641 201 121 721 161 701 661 641 201 681 721 721 721 661 721 701 741 721 681 641 661 681 181 181 661 0 741 701 721 721 621 661 161 641 661 161 661 181 261 161 741 701 681 681 621 101 141 741 621 641 741 161 161 741 201 661 641 661 701 661 701 121
0 641 761 181 701 661 141 721 641 681 701 761 201 741 701 121 661 621 681 641 161 141 701 681 701 701 701 721 121 161 621 621 701 621 161 721 621 721 661 681 761 721 701 681 661 81 621 741 161 181 701 161 661 121 761 661 681 681 121 121 701 761 681 701 701 0 201 701 701 101 141 641 661 681 661 641 641 681 701 201 101 161 661 641 681 681 781 721 701 721 661 661 721 761 661 161 661 641 661 201 741
0 701 761 141 701 701 141 621 701 701 681 761 201 661 681 81 641 681 721 701 141 161 701 661 761 701 661 701 141 181 721 621 661 661 101 701 661 741 681 681 721 661 701 641 681 141 601 721 121 181 721 161 681 161 761 661 681 641 141 161 761 681 701 681 761 201 0 741 681 141 121 741 681 681 661 701 701 801 561 181 141 141 721 701 701 681 761 741 601 761 681 641 601 741 661 101 621 701 701 201 741
0 181 721 721 741 701 721 701 701 701 741 221 761 741 641 681 661 701 181 721 741 741 241 721 801 161 761 161 701 781 781 701 681 681 661 161 721 61 721 721 781 741 761 681 201 721 161 721 701 761 721 761 181 741 261 741 201 181 721 721 241 741 741 201 761 741 641 0 181 701 721 721 761 161 741 721 741 801 661 781 701 761 201 701 741 741 781 801 141 261 701 601 141 801 141 721 681 181 701 701 761
0 141 721 661 661 601 661 681 661 621 661 181 661 681 641 641 601 681 161 581 641 621 181 661 741 101 641 141 641 701 681 661 681 661 641 141 661 161 661 661 741 681 661 621 81 561 41 721 761 661 641 641 101 661 181 681 121 101 601 581 201 701 641 121 721 661 721 141 0 621 641 701 721 101 641 581 621 741 681 701 641 641 61 681 681 621 721 701 121 181 601 601 141 721 81 641 641 141 641 701 721
0 661 741 101 601 661 121 661 661 701 661 721 101 641 661 121 741 641 621 661 81 61 701 641 721 681 721 741 181 101 701 701 661 621 161 641 701 721 621 661 721 641 661 681 621 181 661 681 181 101 681 181 641 161 701 661 661 681 21 121 701 681 641 621 681 181 201 681 721 0 121 661 721 681 661 661 701 801 701 121 121 201 681 601 681 581 701 681 661 741 681 681 721 781 701 141 661 661 561 181 701
0 661 641 161 661 661 141 701 661 621 561 741 121 681 661 41 681 641 681 661 101 141 681 621 701 701 701 701 141 181 701 641 641 641 161 661 641 661 681 581 701 681 661 681 661 101 641 681 141 201 721 181 641 161 661 681 701 601 141 121 721 641 661 641 721 161 141 721 701 121 0 681 741 701 681 661 701 801 641 161 101 121 681 661 681 681 701 761 581 741 681 661 721 761 681 141 581 661 681 81 621
0 681 161 701 661 561 681 181 681 141 141 741 701 721 621 621 101 141 641 701 621 661 721 661 741 741 721 741 681 641 121 661 681 661 701 681 661 721 601 641 201 181 721 181 641 681 641 161 741 701 681 601 641 681 741 721 681 641 641 701 721 201 121 701 201 721 741 701 681 621 661 0 741 661 161 701 181 281 121 681 681 721 721 681 161 121 721 681 681 761 141 41 681 241 641 681 621 701 641 681 161
0 661 721 641 141 61 661 681 121 681 641 661 701 181 101 641 601 661 681 101 621 621 721 81 201 621 101 661 641 701 661 101 101 101 641 661 101 701 121 101 681 701 121 641 641 561 561 681 581 681 121 701 561 681 741 141 661 621 641 641 721 681 661 641 721 681 721 681 641 641 621 661 0 561 641 101 621 741 681 681 641 641 661 121 681 601 181 161 621 721 641 601 661 721 601 661 101 661 121 701 701
0 121 721 661 701 601 661 681 661 661 621 121 701 721 681 641 681 641 141 641 621 601 181 601 761 161 721 201 681 681 701 641 621 641 701 121 621 161 681 641 681 721 681 661 101 641 101 681 741 721 681 701 21 701 181 681 141 81 641 641 181 701 661 101 721 701 721 161 161 641 621 661 721 0 681 641 701 801 701 681 641 721 121 661 681 601 741 721 101 221 661 681 201 701 161 681 661 121 681 681 701
0 621 181 621 621 621 621 141 621 121 141 741 661 661 681 681 161 61 641 621 621 601 701 661 701 681 681 721 701 661 181 661 661 581 701 601 661 661 561 621 201 141 621 121 641 661 661 161 681 641 661 681 641 661 681 681 621 641 581 621 681 181 121 581 141 681 681 681 701 561 661 141 681 681 0 621 181 261 121 661 581 661 641 621 121 61 721 701 681 721 101 161 721 201 721 661 621 621 581 681 101
0 641 741 661 81 121 641 621 101 681 681 661 621 141 121 641 701 641 661 121 601 581 681 141 181 681 141 701 661 661 681 141 161 81 661 641 141 661 121 121 721 681 121 561 621 681 601 681 721 621 61 701 621 621 661 101 661 661 561 661 681 681 621 621 701 601 701 681 721 581 681 681 181 701 661 0 701 741 681 641 601 661 661 101 681 581 161 161 681 681 561 641 641 661 681 601 101 641 61 721 701
0 701 181 761 721 721 721 201 701 161 141 781 741 761 681 701 181 161 741 661 681 701 761 661 681 721 761 761 721 701 201 661 681 681 761 721 681 741 681 681 201 221 621 161 701 681 681 161 741 641 721 721 681 741 761 701 721 661 681 681 761 201 161 701 221 741 761 761 721 661 661 181 761 761 181 681 0 281 201 721 681 761 681 661 201 161 781 741 681 801 161 201 741 181 741 721 621 701 681 741 201
0 601 241 681 701 701 681 221 741 221 181 641 761 761 761 681 221 201 681 721 701 701 761 701 681 661 721 801 761 701 241 681 721 721 781 661 721 681 721 701 241 221 761 201 721 721 721 221 761 781 761 741 661 781 781 721 701 701 721 721 801 261 201 721 241 781 721 701 721 701 701 201 741 641 181 721 241 0 201 761 721 781 741 701 181 141 801 741 721 801 201 221 761 261 761 721 681 741 681 761 201
0 701 201 701 721 721 641 221 701 161 161 761 721 741 741 641 81 161 741 701 701 701 681 681 741 721 761 781 661 761 241 601 701 681 701 701 681 721 661 661 201 201 721 161 701 681 681 201 701 741 681 761 681 761 761 641 661 661 681 701 761 201 181 681 221 701 741 721 661 661 681 181 661 661 101 721 201 281 0 741 681 741 721 701 141 161 801 761 701 761 121 181 761 221 641 681 641 701 681 721 181
0 681 721 101 721 681 101 721 681 701 641 681 181 761 701 121 721 661 701 681 101 121 741 621 741 701 741 761 101 221 661 701 641 641 161 661 721 701 681 641 701 761 681 701 661 161 681 601 101 141 721 201 661 161 741 701 641 681 161 141 741 621 681 641 721 181 121 641 721 141 81 761 701 701 721 681 661 781 681 0 141 201 701 661 661 701 741 781 661 721 701 701 701 761 721 141 661 681 701 161 701
0 681 781 181 721 681 201 741 681 701 721 781 201 701 721 161 741 661 701 681 181 161 761 701 801 741 701 741 221 201 761 721 721 641 161 741 721 681 641 741 781 701 741 681 701 201 641 741 241 201 701 201 701 181 781 761 741 701 121 141 741 761 701 721 721 181 181 741 781 141 181 781 781 741 721 661 741 801 721 161 0 181 701 661 621 681 801 741 741 781 681 681 741 741 761 101 681 681 701 221 781
0 621 701 81 621 641 101 701 621 661 681 761 141 681 681 81 701 621 661 621 101 81 661 661 721 681 701 741 181 141 701 661 661 601 141 621 661 661 561 641 721 681 561 661 641 141 661 661 161 121 681 161 661 141 681 621 641 641 61 101 681 661 661 601 681 161 161 681 701 41 121 681 681 701 561 641 681 801 681 141 61 0 641 621 661 601 721 701 681 741 661 701 701 761 721 121 621 621 601 141 641
0 121 761 701 641 681 701 741 661 561 681 201 701 621 721 621 641 661 121 681 681 621 161 661 741 121 721 221 681 681 741 681 681 641 721 121 681 181 661 681 741 621 681 701 161 661 121 741 761 701 721 581 161 721 201 721 121 121 641 681 201 741 701 101 721 721 741 201 101 641 661 701 741 141 701 681 721 801 621 721 661 721 0 641 721 641 701 721 161 161 681 701 221 781 121 721 641 141 601 721 741
0 661 701 641 61 101 661 661 121 641 601 721 641 121 121 621 701 641 621 121 601 601 641 61 201 661 201 741 701 641 701 121 61 101 661 661 121 661 41 81 661 661 141 661 621 661 661 661 701 641 141 701 621 641 701 121 661 661 561 661 701 681 641 621 661 681 701 681 681 561 581 661 121 661 661 121 701 781 661 661 661 701 681 0 681 581 161 141 621 721 681 681 721 741 701 681 101 661 41 661 681
0 701 181 641 661 681 641 141 701 141 161 701 721 701 641 681 121 161 721 701 661 701 721 701 741 681 621 661 701 661 201 701 721 681 621 681 701 601 641 661 241 181 641 101 681 721 561 181 721 681 721 721 681 681 741 701 661 701 661 681 681 181 161 661 221 741 621 661 701 641 681 161 701 681 101 701 121 261 121 721 661 621 721 661 0 161 761 701 661 761 161 61 661 121 661 561 681 681 681 681 181
0 621 181 641 661 641 621 101 621 121 141 701 701 701 701 621 181 81 621 621 581 561 721 661 721 681 701 721 681 641 121 681 681 601 721 621 681 701 641 641 181 161 641 101 581 681 661 141 681 701 681 681 601 661 681 681 621 661 641 621 661 161 61 581 141 681 721 641 681 621 661 161 681 701 101 621 121 261 141 621 621 721 641 621 121 0 761 681 681 741 101 161 721 201 661 661 621 621 641 701 141
0 621 721 641 141 101 641 641 101 661 681 701 721 181 181 641 661 621 641 101 581 561 721 141 41 681 161 721 701 601 681 161 141 61 701 621 141 701 101 101 721 701 101 641 601 621 641 681 701 721 141 641 601 681 641 161 641 661 641 641 661 701 621 601 681 701 741 661 621 621 661 701 161 701 641 101 681 801 681 641 621 701 641 81 661 561 0 121 681 741 661 681 721 761 681 661 101 621 121 701 681
0 661 701 701 61 141 681 701 121 701 641 741 701 101 121 581 681 641 681 121 641 641 681 81 201 681 181 741 601 601 701 101 101 101 701 681 101 701 81 121 681 641 161 701 661 641 641 681 701 701 181 701 641 701 701 141 701 601 621 661 721 641 661 661 721 701 721 641 661 601 621 641 181 681 681 141 701 721 701 681 641 701 681 61 701 641 201 0 561 741 681 681 741 781 681 721 41 661 101 701 681
0 101 701 701 681 641 661 681 641 661 601 181 681 661 641 561 641 621 141 641 601 641 121 601 721 141 681 181 661 681 661 601 601 601 681 141 601 141 661 621 661 661 681 661 101 621 81 661 681 721 681 701 81 681 161 661 141 41 661 641 161 621 641 121 681 681 701 161 141 641 601 721 721 141 661 641 681 781 681 661 621 681 121 641 681 661 721 721 0 201 661 661 181 761 121 681 561 101 661 661 681
0 141 721 661 681 681 681 741 661 681 721 241 721 721 621 701 641 661 161 681 681 661 201 701 761 181 721 221 681 721 761 641 701 641 721 121 641 181 561 681 781 721 681 681 161 661 121 681 701 701 681 741 141 721 201 701 141 161 641 681 201 761 701 101 701 741 741 201 161 621 701 721 661 121 601 681 721 801 721 721 641 721 161 661 701 661 741 761 201 0 681 581 221 781 121 681 681 141 641 681 681
0 621 201 661 681 681 661 161 681 141 141 641 601 721 661 681 141 121 721 681 661 721 661 661 701 661 641 681 641 741 121 661 661 661 641 701 661 641 661 661 181 201 681 121 681 661 581 181 741 701 581 721 681 701 641 701 661 641 681 681 681 121 161 701 201 581 681 681 721 681 661 141 701 701 121 681 141 181 121 721 681 641 701 661 141 181 781 721 681 661 0 81 681 121 681 581 621 681 681 701 181
0 681 141 721 721 641 721 201 681 121 181 761 701 701 581 681 81 141 661 681 701 701 741 701 761 741 701 741 641 741 201 661 721 661 701 741 661 701 701 721 241 181 721 161 721 661 641 141 801 761 681 741 661 741 741 701 721 701 701 681 761 181 181 721 201 681 741 701 661 681 701 181 781 641 181 681 181 261 161 741 681 701 701 681 201 161 721 761 741 761 121 0 721 221 621 681 701 681 701 641 241
0 161 701 641 661 681 641 561 701 681 701 201 721 701 621 661 661 681 161 701 661 641 201 701 741 201 621 121 681 681 721 701 721 661 581 141 701 181 641 641 761 701 641 601 141 701 21 721 741 681 701 641 121 661 201 701 121 161 621 681 201 681 681 121 761 741 741 201 161 641 681 721 701 141 621 701 741 801 701 721 621 621 181 661 661 641 701 681 161 181 701 581 0 761 121 681 661 121 661 681 701
0 721 221 721 701 641 721 121 721 161 161 781 721 741 681 641 201 161 721 721 681 681 701 681 761 761 701 581 701 641 161 681 701 681 681 741 681 681 701 681 201 201 741 141 701 701 641 181 761 661 741 621 701 641 761 741 701 661 661 721 581 241 181 721 241 761 661 621 761 641 681 201 781 761 181 721 201 161 141 741 701 701 741 681 161 141 741 681 701 701 201 141 641 0 741 701 641 721 661 741 201
0 181 681 701 721 721 701 681 721 661 741 221 761 721 701 701 701 701 181 721 681 661 221 741 741 181 701 181 561 741 681 661 741 701 621 161 721 101 701 701 721 681 701 621 161 721 81 681 761 701 621 761 161 681 141 701 161 181 641 721 181 641 701 161 761 761 661 81 201 661 741 741 741 181 701 721 721 741 621 701 661 681 201 721 721 661 741 761 161 161 741 661 181 721 0 621 701 161 681 721 741
0 701 701 101 661 681 101 681 701 681 701 701 181 701 621 121 641 681 701 701 141 161 701 701 741 741 621 641 141 201 721 701 721 661 81 681 701 721 641 641 761 701 641 621 701 161 561 701 201 141 701 181 701 141 721 681 641 681 121 141 681 701 701 661 741 201 201 721 701 101 141 701 701 681 621 701 641 781 721 201 121 81 721 661 661 681 761 681 701 741 681 581 641 641 661 0 661 681 661 141 701
0 621 681 681 141 101 641 661 81 661 601 701 661 181 141 621 641 601 661 81 601 661 681 41 201 661 141 701 641 661 681 61 61 61 661 661 61 661 101 81 641 701 141 661 621 601 601 641 661 701 141 681 601 661 681 101 661 561 641 621 681 681 621 641 681 661 681 661 661 621 581 701 181 661 641 101 661 781 661 641 601 681 641 81 661 661 181 181 601 741 641 641 701 741 641 681 0 621 101 661 661
0 81 701 681 661 641 601 661 621 661 601 141 681 681 701 601 641 621 41 641 601 681 161 581 701 141 681 181 661 681 641 601 601 601 681 141 601 141 641 621 661 701 681 661 41 601 81 661 681 721 681 701 41 681 141 641 81 41 641 641 141 681 581 121 681 681 701 101 141 621 581 681 661 141 661 641 641 781 601 661 561 681 121 621 621 661 721 721 81 201 661 661 181 741 121 641 561 0 621 661 661
0 681 741 681 41 121 681 701 141 681 641 721 681 81 161 641 721 661 601 141 641 621 681 101 201 661 181 781 701 621 741 161 121 121 701 661 161 701 81 121 701 621 161 701 661 681 701 701 741 661 181 681 661 681 681 161 701 661 601 681 741 701 681 641 701 721 721 721 721 581 621 641 161 661 701 141 681 801 681 701 681 741 701 61 721 621 201 121 641 721 701 661 741 781 701 721 101 681 0 701 701
0 661 581 141 621 641 121 661 661 561 681 721 141 601 681 81 701 641 601 581 101 81 681 661 661 641 701 741 161 141 701 661 681 641 161 661 661 621 661 661 721 621 621 621 621 141 641 721 201 121 641 101 621 121 701 681 661 641 61 61 721 721 641 621 701 121 121 681 701 81 121 601 721 661 681 581 721 741 621 161 101 181 601 641 681 621 641 701 681 701 601 641 681 701 721 101 621 661 601 0 721
0 581 181 661 661 601 661 141 581 81 121 721 701 681 721 641 161 121 681 661 661 641 621 641 641 661 721 701 741 661 161 661 661 641 621 661 701 561 601 641 181 121 601 101 681 681 661 161 601 701 701 701 681 681 581 661 621 681 621 661 641 161 101 621 101 721 601 721 681 601 641 161 721 701 61 661 101 221 81 701 621 581 681 661 161 101 761 701 641 661 161 161 641 241 721 701 661 661 621 681 0
SETUP_COST
0.0 420.0 3220.0 2420.0 1620.0 820.0 2020.0 2420.0 420.0 1220.0 1620.0 3220.0 2420.0 2420.0 2420.0 2020.0 2820.0 420.0 2020.0 820.0 1620.0 1220.0 2420.0 1220.0 3220.0 1620.0 3220.0 2820.0 2820.0 2420.0 2820.0 2820.0 1620.0 2020.0 2820.0 2420.0 2820.0 2020.0 820.0 2020.0 2820.0 2020.0 2820.0 1220.0 1220.0 2820.0 1620.0 2820.0 3220.0 2420.0 1620.0 2020.0 1620.0 1620.0 3220.0 2820.0 2420.0 2420.0 820.0 820.0 2020.0 3220.0 1620.0 2020.0 1620.0 2020.0 2820.0 1620.0 2820.0 420.0 1220.0 1620.0 2820.0 2820.0 2020.0 820.0 3620.0 4420.0 2820.0 2820.0 2020.0 3220.0 820.0 420.0 1620.0 1220.0 3620.0 2420.0 2020.0 820.0 1220.0 1620.0 2820.0 3220.0 3220.0 1620.0 2020.0 2820.0 820.0 2820.0 2420.0
0.0 0.0 15220.0 14420.0 14820.0 14020.0 14420.0 14420.0 13620.0 14420.0 13220.0 4420.0 14020.0 14420.0 15220.0 12020.0 13620.0 13620.0 3620.0 14020.0 13220.0 14820.0 3620.0 12820.0 15220.0 3620.0 14020.0 4820.0 14420.0 14820.0 15220.0 13220.0 13220.0 13220.0 14820.0 3620.0 13220.0 1620.0 14020.0 13620.0 14420.0 14420.0 14820.0 14420.0 2820.0 13220.0 2820.0 14420.0 14820.0 15220.0 14820.0 15220.0 2820.0 14820.0 4420.0 14020.0 3620.0 2020.0 14020.0 14020.0 4420.0 14820.0 14020.0 3620.0 14820.0 14820.0 13220.0 4020.0 4020.0 13620.0 12820.0 15220.0 15620.0 3620.0 14420.0 14020.0 14420.0 16020.0 13620.0 14420.0 13620.0 14820.0 3620.0 13620.0 14820.0 14420.0 15620.0 15620.0 2820.0 5220.0 14420.0 14420.0 3220.0 16020.0 3220.0 14820.0 12420.0 3220.0 14020.0 14420.0 14420.0
0.0 13620.0 0.0 14020.0 13220.0 13220.0 13620.0 3220.0 13620.0 1220.0 3620.0 14820.0 14020.0 12820.0 14420.0 13220.0 3620.0 2820.0 12820.0 12420.0 12820.0 12420.0 14420.0 14020.0 12820.0 13620.0 14420.0 14820.0 14820.0 13220.0 4020.0 14020.0 14020.0 12820.0 14420.0 13620.0 14020.0 12020.0 13220.0 13620.0 4420.0 2420.0 12020.0 2420.0 13220.0 13620.0 13620.0 4020.0 14820.0 14020.0 13620.0 13620.0 13220.0 14020.0 14020.0 14420.0 13620.0 13620.0 12820.0 12420.0 14020.0 3620.0 2820.0 13220.0 4020.0 13620.0 12420.0 14420.0 13620.0 12820.0 14020.0 2420.0 14820.0 14020.0 2420.0 12420.0 4020.0 3620.0 2420.0 14020.0 13620.0 14820.0 12820.0 13620.0 2820.0 1620.0 12020.0 14020.0 13220.0 14820.0 2020.0 2820.0 13620.0 4020.0 14820.0 13620.0 13220.0 13620.0 12820.0 11620.0 4020.0
0.0 13220.0 12820.0 0.0 13620.0 13220.0 420.0 14420.0 13220.0 12420.0 13220.0 14820.0 2020.0 13620.0 13220.0 1620.0 13220.0 12820.0 13620.0 13220.0 2420.0 2020.0 13220.0 12820.0 12820.0 12820.0 13220.0 14020.0 3220.0 2820.0 13620.0 13220.0 13220.0 12820.0 2420.0 12420.0 13220.0 12820.0 13620.0 11220.0 14420.0 13620.0 12820.0 13220.0 12420.0 2020.0 12020.0 13620.0 2420.0 3620.0 13220.0 2420.0 12820.0 3220.0 13220.0 12420.0 11220.0 12820.0 2820.0 1220.0 13220.0 13620.0 12820.0 12420.0 14020.0 3620.0 2420.0 13620.0 13620.0 2420.0 2420.0 13620.0 12420.0 12420.0 13220.0 13220.0 13620.0 16020.0 12820.0 2820.0 2420.0 2420.0 13620.0 13220.0 11620.0 12820.0 14020.0 14420.0 13620.0 14420.0 13620.0 12420.0 14020.0 13620.0 13620.0 1220.0 12420.0 13220.0 12820.0 1620.0 12420.0
0.0 12820.0 14020.0 13220.0 0.0 2020.0 13220.0 13620.0 2020.0 13220.0 12420.0 14020.0 13220.0 1220.0 2820.0 12020.0 14020.0 12820.0 12820.0 2420.0 12420.0 12020.0 13220.0 1220.0 4020.0 12820.0 2820.0 15220.0 14020.0 13220.0 14020.0 2420.0 1620.0 1620.0 13220.0 12820.0 2420.0 13620.0 820.0 2020.0 13220.0 12020.0 2420.0 13620.0 12820.0 13220.0 13220.0 13220.0 14020.0 12820.0 3220.0 13220.0 12820.0 13220.0 14420.0 2820.0 13220.0 12420.0 11620.0 13220.0 14020.0 13220.0 12820.0 12420.0 13620.0 13620.0 14020.0 13620.0 13620.0 11220.0 12020.0 12020.0 2820.0 12820.0 13620.0 2420.0 13220.0 15620.0 13220.0 13220.0 12820.0 14420.0 13220.0 420.0 13620.0 12020.0 3620.0 3220.0 12420.0 13620.0 13620.0 12820.0 14420.0 14820.0 14020.0 14020.0 1620.0 12820.0 820.0 13620.0 13620.0
0.0 13220.0 14820.0 13620.0 2420.0 0.0 12820.0 14020.0 2420.0 14020.0 12820.0 14420.0 13620.0 3220.0 3220.0 12020.0 13620.0 13220.0 13620.0 2820.0 12020.0 12820.0 14020.0 2020.0 4020.0 14020.0 3620.0 14820.0 14020.0 14020.0 12820.0 2020.0 2420.0 2420.0 14420.0 12820.0 2020.0 14020.0 2820.0 2420.0 14020.0 14020.0 3620.0 14020.0 12420.0 12820.0 13220.0 14020.0 14420.0 13620.0 2420.0 14020.0 12420.0 13220.0 14420.0 3220.0 13220.0 12420.0 12420.0 13620.0 14020.0 14420.0 12420.0 13620.0 14420.0 14420.0 14820.0 13620.0 14420.0 12020.0 12420.0 12820.0 3620.0 14420.0 14020.0 2820.0 14020.0 16020.0 14420.0 12820.0 13220.0 14420.0 14020.0 2420.0 13620.0 12420.0 4020.0 2420.0 13220.0 14420.0 14020.0 13620.0 15220.0 14820.0 14020.0 13220.0 1220.0 13620.0 1620.0 14020.0 14420.0
0.0 12820.0 12820.0 2820.0 14020.0 13220.0 0.0 14020.0 12820.0 12420.0 14020.0 14420.0 2020.0 13620.0 13220.0 2420.0 13220.0 12820.0 13620.0 13220.0 2420.0 2020.0 13620.0 13620.0 12820.0 12820.0 13220.0 13620.0 3220.0 2820.0 13620.0 13620.0 14020.0 12420.0 2420.0 12820.0 14020.0 12420.0 13220.0 11220.0 15220.0 13620.0 12820.0 13220.0 12420.0 1620.0 11620.0 13620.0 2420.0 3620.0 12820.0 3220.0 12820.0 3220.0 12820.0 14420.0 11220.0 13620.0 2420.0 1220.0 14420.0 13620.0 12820.0 12420.0 14020.0 3620.0 2420.0 13620.0 13620.0 2420.0 2820.0 13620.0 12020.0 12420.0 13220.0 13220.0 13620.0 16020.0 12420.0 2420.0 2420.0 2020.0 13620.0 12820.0 11620.0 12420.0 14020.0 14420.0 14020.0 14420.0 13620.0 12420.0 13620.0 13620.0 13620.0 820.0 13220.0 13220.0 13220.0 1620.0 12020.0
0.0 14020.0 4820.0 14820.0 14820.0 14420.0 13620.0 0.0 14020.0 4420.0 3220.0 14420.0 15220.0 13620.0 14820.0 13620.0 4020.0 3620.0 13220.0 14420.0 14020.0 14020.0 14820.0 13620.0 14420.0 14420.0 15220.0 16020.0 14820.0 12820.0 3220.0 14020.0 14020.0 14020.0 15220.0 14420.0 14020.0 15220.0 14420.0 14020.0 4020.0 2820.0 14820.0 4420.0 13220.0 14020.0 14020.0 4020.0 15220.0 15620.0 13620.0 15220.0 12420.0 14820.0 15220.0 14820.0 14020.0 13220.0 14420.0 14420.0 15220.0 2420.0 2820.0 13620.0 4420.0 15220.0 15620.0 14420.0 14820.0 14420.0 13620.0 4020.0 15220.0 14420.0 4020.0 14420.0 4020.0 5620.0 2820.0 14820.0 12820.0 15220.0 14820.0 14420.0 3620.0 3220.0 13620.0 13620.0 14020.0 15220.0 4020.0 3220.0 16020.0 5220.0 14820.0 14020.0 12820.0 12820.0 14420.0 15220.0 4020.0
0.0 11220.0 14820.0 12820.0 2420.0 420.0 12820.0 14420.0 0.0 14020.0 13220.0 14820.0 14020.0 3620.0 2820.0 12420.0 14020.0 13220.0 14020.0 2820.0 12420.0 13220.0 14420.0 2420.0 4020.0 13220.0 3220.0 13220.0 14420.0 12820.0 13220.0 2420.0 2420.0 2420.0 14420.0 13220.0 2420.0 12420.0 3220.0 2420.0 14420.0 12420.0 3220.0 14020.0 12820.0 13220.0 13620.0 14420.0 14820.0 14020.0 2420.0 13220.0 12820.0 12820.0 14820.0 3220.0 13220.0 12820.0 12420.0 13620.0 12420.0 14820.0 12020.0 12820.0 12020.0 14820.0 13220.0 14020.0 14820.0 12420.0 12820.0 13220.0 3220.0 13620.0 14420.0 2820.0 14420.0 16020.0 13620.0 13220.0 13620.0 14820.0 14020.0 2820.0 13620.0 12820.0 4420.0 2820.0 13620.0 14420.0 14020.0 13620.0 14020.0 15220.0 14020.0 13620.0 1620.0 13620.0 2020.0 14420.0 14020.0
0.0 13220.0 4420.0 13620.0 12420.0 13620.0 13620.0 4020.0 13220.0 0.0 2820.0 14420.0 14420.0 12020.0 14820.0 12420.0 3220.0 2020.0 12820.0 13220.0 13220.0 12420.0 13620.0 12820.0 15620.0 12820.0 14420.0 15220.0 14420.0 13220.0 4420.0 13220.0 13220.0 12420.0 14020.0 12820.0 13220.0 14020.0 13220.0 13620.0 3620.0 1620.0 13220.0 3220.0 13620.0 13220.0 13620.0 3620.0 14820.0 14420.0 14020.0 14420.0 13620.0 14020.0 14820.0 14020.0 14020.0 12820.0 12820.0 13220.0 14420.0 4020.0 3220.0 12420.0 3620.0 14420.0 14820.0 14420.0 14820.0 12420.0 12820.0 2820.0 14820.0 13220.0 3220.0 13220.0 3620.0 5620.0 1620.0 14020.0 13220.0 14820.0 13620.0 12420.0 3220.0 2420.0 15620.0 14020.0 13620.0 14020.0 2820.0 3620.0 15220.0 4820.0 14020.0 14020.0 12420.0 13220.0 11620.0 14420.0 4020.0
0.0 12820.0 2020.0 13620.0 12820.0 13220.0 13220.0 2820.0 12820.0 1620.0 0.0 14420.0 12420.0 13220.0 12820.0 11220.0 2420.0 2020.0 13620.0 12820.0 12420.0 13220.0 13620.0 12020.0 14020.0 13620.0 14020.0 13620.0 13220.0 14020.0 2820.0 12420.0 12420.0 12420.0 13620.0 12820.0 12420.0 12820.0 13220.0 11220.0 2820.0 2820.0 12820.0 2820.0 12820.0 12420.0 12420.0 2820.0 13220.0 14420.0 14020.0 14020.0 12420.0 13620.0 12820.0 13220.0 13620.0 12020.0 13220.0 12820.0 14020.0 2020.0 2420.0 12420.0 3220.0 13620.0 13220.0 14020.0 14020.0 12820.0 12020.0 2420.0 14420.0 14020.0 2420.0 13220.0 2820.0 5220.0 2020.0 13220.0 12420.0 12820.0 13220.0 12820.0 2420.0 2820.0 14020.0 14820.0 11220.0 14420.0 2820.0 2020.0 14020.0 4420.0 13620.0 13220.0 11220.0 12820.0 13220.0 12420.0 1620.0
0.0 2420.0 14420.0 12420.0 12420.0 13220.0 12820.0 13620.0 12820.0 13220.0 13220.0 0.0 14020.0 13220.0 14420.0 12420.0 13220.0 12820.0 2820.0 13220.0 13220.0 13620.0 2820.0 12820.0 14820.0 3620.0 13620.0 4020.0 13620.0 14020.0 14820.0 11620.0 13220.0 12420.0 13620.0 1220.0 12420.0 3620.0 12820.0 12820.0 14420.0 13620.0 14020.0 13620.0 2820.0 12420.0 2020.0 14020.0 14820.0 14420.0 14020.0 14020.0 2020.0 14020.0 3620.0 12420.0 2020.0 1220.0 12820.0 13220.0 3620.0 14420.0 13620.0 2420.0 14020.0 14420.0 14820.0 3620.0 3620.0 12820.0 12820.0 13620.0 14020.0 3220.0 12420.0 13220.0 13620.0 15620.0 14020.0 14020.0 12820.0 14020.0 2420.0 12420.0 13220.0 13220.0 15220.0 14820.0 2420.0 4420.0 13620.0 13620.0 3220.0 15220.0 2820.0 13620.0 12420.0 2420.0 12420.0 14020.0 14020.0
0.0 14020.0 13620.0 3220.0 12820.0 14020.0 2820.0 12820.0 14020.0 13220.0 14420.0 15220.0 0.0 14020.0 14020.0 2420.0 14020.0 14420.0 13620.0 13620.0 3620.0 3220.0 14020.0 14020.0 15220.0 14820.0 14020.0 14420.0 3620.0 3220.0 12820.0 13620.0 13220.0 14420.0 2420.0 13620.0 14020.0 14420.0 13620.0 13220.0 15220.0 14020.0 14420.0 13220.0 13220.0 2820.0 12420.0 14820.0 4420.0 4020.0 14420.0 3220.0 13220.0 2820.0 15220.0 13220.0 13620.0 13620.0 2820.0 3220.0 15220.0 12020.0 13220.0 14420.0 14420.0 4020.0 4420.0 14420.0 14020.0 2420.0 3220.0 14020.0 14820.0 14420.0 14020.0 13620.0 13620.0 16020.0 14420.0 3220.0 3220.0 3220.0 14020.0 13220.0 14020.0 13620.0 14820.0 14420.0 14020.0 14020.0 14020.0 13220.0 12420.0 16020.0 14020.0 3620.0 13220.0 14420.0 12420.0 2420.0 14420.0
0.0 12020.0 14020.0 12420.0 2420.0 1620.0 12420.0 13620.0 1220.0 12420.0 12020.0 13220.0 13620.0 0.0 2820.0 11220.0 12820.0 11620.0 12420.0 1220.0 12020.0 12020.0 12420.0 1220.0 3620.0 11620.0 2820.0 14020.0 13220.0 13620.0 14020.0 1620.0 1620.0 820.0 12820.0 11620.0 1620.0 12820.0 1620.0 1620.0 13220.0 11220.0 1620.0 12420.0 12420.0 12020.0 12420.0 13220.0 13620.0 13620.0 2420.0 13220.0 12420.0 12820.0 14020.0 2420.0 12820.0 11620.0 12420.0 12020.0 13220.0 13620.0 12820.0 11220.0 13220.0 13220.0 13620.0 13220.0 13620.0 12020.0 12020.0 14020.0 3220.0 12020.0 13220.0 1220.0 13620.0 15620.0 12820.0 12820.0 12020.0 13620.0 12420.0 1220.0 12820.0 12420.0 3620.0 3620.0 12420.0 12820.0 12420.0 13220.0 14020.0 14420.0 13220.0 12820.0 420.0 12020.0 1620.0 13220.0 13620.0
0.0 12820.0 14820.0 13620.0 3220.0 1220.0 13620.0 14420.0 2020.0 13620.0 14020.0 15220.0 14820.0 4020.0 0.0 12820.0 13220.0 12820.0 13620.0 2420.0 13220.0 13620.0 14020.0 2820.0 4420.0 14020.0 2820.0 14020.0 12420.0 14020.0 14020.0 1620.0 3220.0 1620.0 13220.0 14020.0 1620.0 14420.0 2420.0 2820.0 15220.0 14420.0 3220.0 13620.0 13220.0 12420.0 12020.0 12420.0 15220.0 14420.0 3220.0 14420.0 13620.0 13620.0 14820.0 2420.0 13620.0 13620.0 13220.0 13220.0 14420.0 15220.0 13620.0 13620.0 14020.0 14420.0 14820.0 13620.0 14020.0 12820.0 13620.0 14020.0 4020.0 14020.0 13220.0 2420.0 13620.0 16020.0 14020.0 14020.0 12820.0 13220.0 13220.0 2020.0 14020.0 13620.0 4820.0 3620.0 14020.0 15220.0 13620.0 12820.0 14020.0 15220.0 13620.0 14020.0 2420.0 12820.0 2420.0 14420.0 14820.0
0.0 12420.0 13620.0 3220.0 13620.0 12820.0 2420.0 13220.0 12420.0 13220.0 12020.0 14020.0 2820.0 12820.0 13620.0 0.0 12820.0 12420.0 13220.0 12820.0 1220.0 2820.0 13220.0 11620.0 14020.0 13220.0 13620.0 14420.0 2420.0 2820.0 13620.0 12020.0 12020.0 12020.0 2820.0 13620.0 12020.0 13220.0 12820.0 12420.0 13220.0 12820.0 13620.0 13220.0 12420.0 1220.0 12020.0 12820.0 2820.0 3620.0 13620.0 3220.0 12020.0 2820.0 14020.0 12820.0 13220.0 11620.0 2020.0 2020.0 13620.0 13620.0 12420.0 12820.0 13620.0 2820.0 3220.0 13620.0 13620.0 1620.0 820.0 14020.0 14420.0 13620.0 12820.0 12820.0 13220.0 15620.0 13620.0 2420.0 1620.0 2820.0 12820.0 12420.0 13620.0 13220.0 14420.0 14420.0 12020.0 14820.0 13220.0 12820.0 14420.0 14820.0 13220.0 2820.0 11220.0 12420.0 12820.0 2420.0 13220.0
0.0 13220.0 3220.0 13620.0 14420.0 12820.0 14020.0 3220.0 13620.0 2420.0 2420.0 14020.0 12820.0 14420.0 13220.0 13620.0 0.0 2820.0 14420.0 12820.0 13220.0 12820.0 14020.0 12820.0 14820.0 13620.0 13620.0 14420.0 11620.0 14420.0 3220.0 13220.0 13220.0 13220.0 12420.0 14020.0 13220.0 12820.0 14020.0 13620.0 3620.0 2420.0 14020.0 2020.0 13220.0 12020.0 12420.0 3220.0 15220.0 14420.0 12420.0 14020.0 12020.0 14020.0 13620.0 14020.0 14020.0 12820.0 12820.0 12820.0 14420.0 2420.0 2820.0 13220.0 4020.0 12420.0 13620.0 12820.0 12020.0 13220.0 12820.0 3220.0 14820.0 11620.0 3220.0 12820.0 2820.0 4020.0 2020.0 14020.0 13220.0 13620.0 12820.0 13620.0 3620.0 2020.0 15220.0 15220.0 13620.0 14020.0 1220.0 2420.0 14420.0 3220.0 11220.0 12420.0 13220.0 14020.0 13620.0 14420.0 4020.0
0.0 11220.0 3220.0 12820.0 12020.0 11620.0 12820.0 2420.0 11220.0 1220.0 1620.0 13620.0 12820.0 13220.0 12820.0 12420.0 2820.0 0.0 12820.0 11220.0 12420.0 12020.0 13220.0 12020.0 13620.0 12420.0 13620.0 13220.0 13620.0 12820.0 2420.0 13220.0 12420.0 12820.0 13220.0 13220.0 13220.0 12820.0 11620.0 12420.0 2820.0 2020.0 13620.0 1220.0 12020.0 13620.0 12420.0 2420.0 14020.0 12820.0 12420.0 12420.0 12020.0 12020.0 13620.0 13220.0 12820.0 12820.0 11620.0 11220.0 12420.0 3220.0 1620.0 12820.0 1620.0 12420.0 13220.0 12420.0 13220.0 11220.0 12020.0 2420.0 13220.0 13620.0 2820.0 11220.0 3620.0 4420.0 2420.0 13220.0 12420.0 13620.0 11620.0 11220.0 1220.0 1220.0 14020.0 13620.0 12420.0 13620.0 820.0 2420.0 13220.0 3220.0 14020.0 12420.0 12420.0 13220.0 11620.0 13620.0 2820.0
0.0 3620.0 15220.0 14820.0 14820.0 14420.0 13620.0 14420.0 14020.0 13220.0 15220.0 4020.0 14820.0 14420.0 15220.0 14820.0 14820.0 14020.0 0.0 14420.0 14020.0 13620.0 4420.0 14820.0 15220.0 3220.0 15620.0 4420.0 14820.0 13620.0 15620.0 14820.0 12420.0 13620.0 15220.0 3220.0 15220.0 3620.0 14420.0 13620.0 16020.0 13220.0 14420.0 13220.0 3620.0 14820.0 3620.0 15620.0 14820.0 14820.0 14820.0 14020.0 3620.0 15220.0 3620.0 15220.0 2820.0 4020.0 14020.0 14420.0 3620.0 16020.0 14420.0 2820.0 12820.0 14020.0 13220.0 4820.0 4020.0 14020.0 14820.0 15620.0 14820.0 3620.0 14420.0 14020.0 15220.0 16020.0 13620.0 15220.0 13620.0 14420.0 2420.0 14020.0 14020.0 13620.0 16020.0 14420.0 4020.0 4420.0 14420.0 15220.0 3620.0 15220.0 3620.0 14420.0 14420.0 3620.0 14020.0 14820.0 13620.0
0.0 12420.0 14420.0 13220.0 2020.0 2420.0 12420.0 12820.0 2020.0 11620.0 13620.0 13620.0 12420.0 2020.0 2420.0 12420.0 13220.0 12820.0 13220.0 0.0 12020.0 11620.0 13620.0 2420.0 3620.0 12020.0 2820.0 14020.0 13220.0 13220.0 13220.0 2820.0 2820.0 1620.0 13220.0 12820.0 2820.0 13220.0 2420.0 1620.0 14420.0 12820.0 2420.0 11620.0 11620.0 13220.0 12020.0 13620.0 14420.0 12420.0 1220.0 12020.0 11620.0 12420.0 13220.0 2420.0 12420.0 12820.0 11220.0 11220.0 14020.0 13620.0 12020.0 12420.0 13620.0 12020.0 14020.0 12820.0 13220.0 11620.0 13220.0 13620.0 2820.0 13620.0 13220.0 420.0 14020.0 14820.0 12820.0 13220.0 12020.0 13220.0 11220.0 2020.0 12820.0 11620.0 3220.0 3220.0 13620.0 13620.0 11220.0 12820.0 12820.0 13220.0 13620.0 12020.0 2020.0 12820.0 1220.0 13620.0 13620.0
0.0 12420.0 14020.0 2820.0 13220.0 12420.0 1220.0 14420.0 12020.0 13620.0 13220.0 13220.0 2820.0 13620.0 14020.0 1220.0 14020.0 13620.0 13620.0 13620.0 0.0 3220.0 14420.0 12820.0 14020.0 14020.0 14020.0 13620.0 3220.0 3220.0 12820.0 13220.0 13220.0 13220.0 3220.0 14020.0 13220.0 13620.0 13220.0 12020.0 14020.0 13620.0 13620.0 14020.0 11220.0 2420.0 12820.0 12820.0 2820.0 4020.0 13220.0 2820.0 11220.0 2420.0 13220.0 14020.0 12020.0 12420.0 2820.0 2020.0 12820.0 13220.0 11620.0 13620.0 13220.0 2820.0 3220.0 12420.0 14820.0 2420.0 2020.0 13220.0 13220.0 13220.0 14020.0 13620.0 14420.0 16020.0 13620.0 1220.0 2820.0 3220.0 14020.0 13220.0 12420.0 13620.0 14820.0 14820.0 13220.0 14820.0 12820.0 13620.0 14820.0 14420.0 14020.0 2020.0 12020.0 13620.0 12420.0 2820.0 13220.0
0.0 12020.0 14820.0 2020.0 13220.0 12420.0 2020.0 13620.0 12020.0 12820.0 13220.0 14820.0 3220.0 14020.0 14020.0 2820.0 14020.0 12020.0 12420.0 12420.0 2420.0 0.0 14020.0 12820.0 14820.0 13220.0 13620.0 14420.0 2820.0 3220.0 14020.0 13220.0 13220.0 11620.0 3620.0 12020.0 13220.0 13620.0 12420.0 12820.0 14420.0 13620.0 12420.0 12420.0 12820.0 2820.0 13220.0 14420.0 2820.0 3220.0 13220.0 2820.0 12820.0 2420.0 14820.0 13220.0 12820.0 12820.0 1620.0 1620.0 13620.0 14020.0 12820.0 11620.0 13220.0 2820.0 3620.0 13220.0 13620.0 1620.0 2420.0 14420.0 14020.0 13620.0 12420.0 12420.0 13220.0 15620.0 13220.0 2420.0 1620.0 4020.0 12820.0 12020.0 13220.0 12820.0 15220.0 14820.0 13620.0 14420.0 12820.0 14020.0 14420.0 14820.0 13220.0 2420.0 12420.0 12020.0 12420.0 3620.0 14020.0
0.0 2420.0 14020.0 13620.0 12420.0 13620.0 13620.0 12420.0 13220.0 11220.0 13620.0 3620.0 14420.0 12020.0 13220.0 12420.0 13220.0 12820.0 2420.0 13220.0 12820.0 12420.0 0.0 13220.0 14020.0 2420.0 14020.0 4020.0 13620.0 13620.0 14420.0 13220.0 13620.0 12820.0 11220.0 2420.0 13620.0 3620.0 13220.0 12820.0 14420.0 12420.0 13620.0 11220.0 2420.0 13620.0 2020.0 14020.0 14820.0 12820.0 14420.0 14420.0 2420.0 12420.0 4020.0 14420.0 1620.0 2420.0 13220.0 13220.0 3620.0 14820.0 13220.0 2020.0 14420.0 14820.0 14820.0 3620.0 3220.0 12820.0 13220.0 13620.0 14820.0 2420.0 13220.0 13220.0 14420.0 16020.0 12420.0 13620.0 12020.0 13220.0 2820.0 12820.0 13620.0 13220.0 15220.0 14420.0 2820.0 3220.0 13620.0 13620.0 2020.0 15620.0 2420.0 14020.0 12420.0 2420.0 12020.0 13620.0 14020.0
0.0 12420.0 13220.0 14020.0 2820.0 1220.0 12420.0 14020.0 2020.0 12420.0 11220.0 13220.0 12820.0 2820.0 2420.0 11620.0 13620.0 13220.0 13220.0 2020.0 11220.0 13220.0 13620.0 0.0 3220.0 12420.0 3620.0 14020.0 13220.0 14420.0 13220.0 2020.0 420.0 2020.0 14020.0 13220.0 2020.0 12420.0 2820.0 820.0 12420.0 13620.0 2420.0 13220.0 11620.0 12820.0 12820.0 12420.0 13620.0 14420.0 2820.0 13620.0 11620.0 13620.0 13220.0 2820.0 12420.0 12020.0 12820.0 12820.0 13220.0 12820.0 12020.0 12820.0 13620.0 12820.0 13220.0 12820.0 12820.0 12820.0 11220.0 13620.0 2820.0 13620.0 13620.0 2020.0 13220.0 15220.0 12820.0 12420.0 12820.0 13220.0 12820.0 2420.0 12820.0 13220.0 2820.0 3620.0 11620.0 14820.0 13220.0 13220.0 14020.0 14020.0 13620.0 13220.0 1220.0 13220.0 2020.0 12420.0 12420.0
0.0 14020.0 14420.0 13620.0 2420.0 2020.0 14020.0 14020.0 3220.0 13220.0 13620.0 14820.0 14020.0 3620.0 2820.0 13220.0 12820.0 14020.0 14820.0 1620.0 13620.0 13220.0 14420.0 3220.0 0.0 13620.0 2820.0 14020.0 13220.0 11620.0 14420.0 3220.0 3620.0 3220.0 13220.0 14420.0 3220.0 13620.0 2820.0 2020.0 15220.0 14420.0 3220.0 12820.0 13220.0 12020.0 12020.0 15220.0 14020.0 14020.0 2820.0 12020.0 13220.0 14020.0 14020.0 3620.0 14020.0 13220.0 12820.0 12420.0 14420.0 14420.0 13620.0 14020.0 14820.0 13620.0 14420.0 14420.0 11620.0 13220.0 13220.0 14420.0 4420.0 13220.0 13220.0 1620.0 13220.0 15620.0 14020.0 14420.0 13620.0 13620.0 12820.0 2820.0 14420.0 13220.0 3620.0 1620.0 12820.0 15220.0 12820.0 12820.0 13620.0 14820.0 12820.0 13620.0 2420.0 14420.0 2820.0 14020.0 13220.0
0.0 3620.0 16020.0 16020.0 15220.0 14820.0 15620.0 14420.0 14420.0 15620.0 15220.0 5620.0 16020.0 15220.0 14420.0 14420.0 15220.0 15620.0 3620.0 16020.0 15220.0 15620.0 5620.0 14820.0 16020.0 0.0 15620.0 3620.0 13620.0 16020.0 14820.0 14420.0 15220.0 15220.0 14820.0 5220.0 15220.0 4020.0 15620.0 14820.0 15620.0 15220.0 16020.0 14820.0 4820.0 15220.0 3620.0 15620.0 15220.0 16020.0 14820.0 16020.0 4820.0 15220.0 5220.0 15220.0 4820.0 4020.0 15220.0 16020.0 4820.0 15220.0 13620.0 4420.0 15620.0 16020.0 13220.0 4020.0 5220.0 15220.0 14820.0 16020.0 16020.0 4820.0 15220.0 16020.0 14820.0 16020.0 13620.0 16020.0 15220.0 15620.0 5620.0 15220.0 16020.0 15220.0 16020.0 16020.0 3620.0 5220.0 16020.0 15220.0 3620.0 16020.0 2420.0 14820.0 14420.0 5220.0 14820.0 16020.0 15620.0
0.0 13220.0 12420.0 11220.0 2820.0 2820.0 11220.0 13220.0 2820.0 12020.0 12820.0 14820.0 12820.0 2420.0 1620.0 12020.0 13620.0 13220.0 13220.0 2020.0 12820.0 13220.0 13620.0 2020.0 2420.0 13220.0 0.0 14020.0 14020.0 14020.0 14020.0 2020.0 2420.0 2020.0 13220.0 12820.0 2020.0 12820.0 3220.0 820.0 14020.0 13220.0 2420.0 13220.0 12820.0 12820.0 12020.0 13220.0 13220.0 12020.0 2020.0 13620.0 12820.0 12420.0 13220.0 2020.0 11620.0 12420.0 13220.0 12020.0 13620.0 14020.0 12820.0 12820.0 14420.0 14020.0 13620.0 14020.0 14020.0 13220.0 12420.0 13220.0 2020.0 12820.0 13620.0 2020.0 14020.0 15620.0 12820.0 13620.0 13220.0 13220.0 13220.0 2820.0 12020.0 12820.0 3220.0 4020.0 13220.0 13620.0 13220.0 12820.0 12820.0 14020.0 14020.0 12020.0 1220.0 13620.0 2420.0 12020.0 12420.0
0.0 3620.0 14820.0 13620.0 13220.0 14020.0 14020.0 12420.0 14420.0 14420.0 14420.0 5220.0 14020.0 14420.0 12820.0 14020.0 14020.0 14420.0 3220.0 14020.0 13620.0 13220.0 4420.0 14420.0 15220.0 4020.0 13620.0 0.0 14420.0 14020.0 13220.0 14020.0 14420.0 14020.0 12820.0 3220.0 14420.0 3620.0 13620.0 12820.0 14420.0 14420.0 14020.0 12820.0 3220.0 14420.0 1620.0 14420.0 14820.0 14020.0 14820.0 14020.0 3220.0 12020.0 4020.0 14420.0 2820.0 3620.0 12820.0 14020.0 4420.0 14820.0 14020.0 3220.0 15220.0 15220.0 12420.0 4420.0 4420.0 12420.0 14420.0 14420.0 15220.0 4020.0 13620.0 14020.0 15220.0 15220.0 12820.0 14420.0 13620.0 13620.0 3620.0 13220.0 14420.0 12820.0 15220.0 14820.0 2820.0 2820.0 14420.0 12820.0 1220.0 16020.0 3620.0 14420.0 14020.0 3620.0 12820.0 14020.0 14020.0
0.0 14020.0 13220.0 3620.0 13620.0 14420.0 3620.0 14420.0 14020.0 14020.0 14420.0 15620.0 4020.0 14820.0 14020.0 3620.0 14420.0 14020.0 14020.0 14420.0 2420.0 2020.0 14820.0 14020.0 14420.0 14020.0 14020.0 15220.0 0.0 4020.0 15220.0 14020.0 14420.0 13620.0 3620.0 14020.0 14020.0 13220.0 14420.0 14420.0 14020.0 14820.0 14020.0 14420.0 13620.0 3220.0 14020.0 13220.0 4420.0 2820.0 14420.0 4420.0 13620.0 4020.0 13220.0 14020.0 13620.0 14020.0 1620.0 3620.0 15220.0 15220.0 13620.0 13620.0 15220.0 4820.0 3220.0 12020.0 15220.0 2020.0 3620.0 14420.0 15220.0 14820.0 14420.0 14420.0 15220.0 16020.0 14020.0 2820.0 2820.0 4020.0 14420.0 14020.0 14820.0 12820.0 14420.0 14420.0 14420.0 16020.0 14820.0 13220.0 14820.0 16020.0 14420.0 4020.0 13620.0 13220.0 13220.0 3220.0 14420.0
0.0 13220.0 14020.0 3620.0 12820.0 13620.0 3620.0 14820.0 13220.0 13220.0 13620.0 15620.0 2820.0 13620.0 14020.0 1620.0 14420.0 13620.0 14420.0 14020.0 2820.0 3220.0 14020.0 13220.0 14420.0 14420.0 14820.0 14820.0 2020.0 0.0 14420.0 13620.0 13620.0 13620.0 3220.0 14020.0 13620.0 12820.0 13220.0 12020.0 14420.0 13620.0 13620.0 14020.0 14020.0 2820.0 13620.0 14420.0 2820.0 4020.0 14020.0 4020.0 13620.0 4020.0 13220.0 14420.0 14020.0 12820.0 2420.0 3220.0 13620.0 13620.0 14020.0 13220.0 14420.0 4020.0 2820.0 13620.0 14020.0 2020.0 2420.0 13620.0 15220.0 14420.0 13620.0 14020.0 14420.0 15220.0 13220.0 3620.0 2820.0 2420.0 14420.0 12820.0 14820.0 13620.0 15220.0 11620.0 12020.0 14820.0 14420.0 13620.0 14420.0 16020.0 12820.0 3620.0 12420.0 14020.0 13220.0 2420.0 12420.0
0.0 14420.0 4020.0 14420.0 14020.0 13220.0 14020.0 2020.0 14420.0 2420.0 3220.0 15620.0 14820.0 14420.0 12420.0 14020.0 4020.0 3220.0 14420.0 14420.0 14020.0 13620.0 14820.0 13620.0 16020.0 15220.0 14020.0 14820.0 12820.0 14820.0 0.0 13620.0 13620.0 13620.0 13620.0 14820.0 13620.0 13620.0 13220.0 14420.0 4420.0 3620.0 14420.0 2820.0 14420.0 14020.0 12820.0 3220.0 15620.0 14820.0 13620.0 14420.0 14420.0 11620.0 14820.0 14020.0 14420.0 14420.0 13220.0 14420.0 15220.0 3220.0 4020.0 14420.0 4420.0 14820.0 14020.0 13620.0 15620.0 12820.0 13620.0 4420.0 15220.0 15220.0 3220.0 14420.0 3620.0 5220.0 2820.0 15220.0 14420.0 14020.0 14820.0 12820.0 1620.0 2820.0 15620.0 15220.0 14020.0 12820.0 4020.0 2820.0 13620.0 4020.0 12020.0 12420.0 14020.0 14420.0 13220.0 15220.0 4420.0
0.0 13220.0 14020.0 13220.0 2420.0 2820.0 12020.0 14020.0 2420.0 12820.0 12820.0 15220.0 13620.0 3220.0 3620.0 12020.0 13620.0 13220.0 14020.0 2820.0 12820.0 13220.0 12820.0 2020.0 3220.0 13620.0 3620.0 14820.0 14020.0 14020.0 14820.0 0.0 2020.0 2020.0 12820.0 13220.0 2020.0 13620.0 1620.0 1620.0 14020.0 14020.0 2820.0 13220.0 13220.0 12820.0 12820.0 14020.0 14020.0 14020.0 3220.0 14420.0 13220.0 14020.0 14020.0 1220.0 12020.0 12420.0 12420.0 12820.0 14420.0 14020.0 13620.0 12820.0 14420.0 14420.0 14420.0 14420.0 14420.0 12420.0 12420.0 13620.0 2420.0 13620.0 12020.0 2820.0 14020.0 16020.0 13620.0 14020.0 12420.0 14020.0 13620.0 2420.0 12820.0 12820.0 4420.0 4020.0 13220.0 15220.0 13620.0 13620.0 14420.0 14820.0 14020.0 12820.0 1220.0 13220.0 2020.0 13620.0 13220.0
0.0 14020.0 14820.0 14820.0 3220.0 4020.0 12820.0 14020.0 3620.0 14420.0 15220.0 13220.0 14020.0 4020.0 3620.0 14420.0 14420.0 14020.0 13220.0 3620.0 13220.0 13220.0 15220.0 4020.0 4020.0 14820.0 4020.0 14420.0 14420.0 14820.0 14020.0 2820.0 0.0 3220.0 14820.0 14020.0 3220.0 14420.0 4020.0 2420.0 16020.0 14820.0 4020.0 12820.0 13620.0 13620.0 13220.0 14820.0 14820.0 14020.0 2420.0 14420.0 14020.0 13620.0 14820.0 3620.0 13220.0 14020.0 12420.0 13620.0 13620.0 14820.0 14020.0 13620.0 14820.0 12420.0 15220.0 14820.0 15220.0 12820.0 14820.0 14420.0 3620.0 14420.0 14420.0 1620.0 14420.0 14820.0 14420.0 14420.0 13620.0 14820.0 14820.0 3620.0 13620.0 12820.0 4420.0 4820.0 15220.0 14820.0 12820.0 14020.0 14420.0 13620.0 14820.0 13220.0 3620.0 14420.0 2420.0 14420.0 14020.0
0.0 11620.0 14020.0 13220.0 1620.0 1220.0 12420.0 13220.0 820.0 12020.0 12420.0 14020.0 13220.0 2820.0 2420.0 12820.0 13620.0 11220.0 12020.0 820.0 12420.0 12420.0 13220.0 1620.0 3220.0 12820.0 3220.0 13620.0 13620.0 13220.0 13220.0 2020.0 2020.0 0.0 13620.0 13620.0 2020.0 13220.0 1220.0 2020.0 13620.0 13220.0 3220.0 12020.0 12020.0 12820.0 12420.0 13620.0 14020.0 13220.0 2020.0 12820.0 12020.0 12420.0 14020.0 2820.0 12820.0 12020.0 11620.0 11620.0 12820.0 14020.0 12020.0 12820.0 12420.0 12820.0 13620.0 12820.0 13620.0 11620.0 12420.0 13620.0 3220.0 12820.0 13620.0 820.0 13620.0 15220.0 12420.0 13620.0 11620.0 14020.0 12020.0 820.0 12420.0 12020.0 3620.0 3220.0 12820.0 13620.0 12020.0 13220.0 13620.0 14020.0 13620.0 12420.0 820.0 11620.0 1220.0 13620.0 14020.0
0.0 13620.0 15220.0 2420.0 13620.0 14020.0 2820.0 12420.0 13620.0 14420.0 14820.0 14820.0 4420.0 14820.0 13220.0 2820.0 14420.0 13620.0 14420.0 14020.0 1620.0 4020.0 15220.0 14420.0 15220.0 14420.0 14420.0 15220.0 2420.0 3220.0 14420.0 14420.0 14820.0 13620.0 0.0 12820.0 14420.0 14420.0 13620.0 13620.0 14420.0 14820.0 14420.0 11220.0 12820.0 4020.0 13620.0 13620.0 3620.0 2020.0 14020.0 4420.0 12820.0 1620.0 14820.0 14420.0 13620.0 14020.0 3220.0 3220.0 14420.0 14420.0 12820.0 13620.0 14820.0 4420.0 4020.0 14020.0 15220.0 2820.0 3620.0 14820.0 14820.0 14820.0 14820.0 14020.0 15220.0 15620.0 14020.0 2820.0 820.0 4020.0 14020.0 13620.0 13220.0 14420.0 14820.0 14820.0 14820.0 13620.0 14420.0 13220.0 14420.0 15220.0 12820.0 2820.0 13620.0 14020.0 13220.0 4020.0 14820.0
0.0 2820.0 13620.0 11620.0 12020.0 13620.0 11620.0 13220.0 13620.0 13220.0 13220.0 4420.0 13220.0 12820.0 14020.0 12820.0 14020.0 13620.0 2020.0 13620.0 13220.0 12820.0 2820.0 12820.0 13620.0 2820.0 12420.0 3620.0 14820.0 12820.0 14420.0 14020.0 13220.0 13220.0 13620.0 0.0 14020.0 2420.0 12420.0 11620.0 14420.0 13220.0 13620.0 14020.0 2420.0 13220.0 1620.0 14020.0 13620.0 13620.0 13620.0 14020.0 2420.0 14020.0 2820.0 12820.0 1220.0 2820.0 12420.0 12420.0 3220.0 14420.0 13220.0 2420.0 14420.0 14820.0 13620.0 3620.0 3620.0 12020.0 12820.0 13220.0 12820.0 2420.0 13620.0 13620.0 14020.0 14820.0 13220.0 14020.0 13620.0 13620.0 3220.0 12020.0 12020.0 12820.0 14820.0 13620.0 2420.0 4020.0 14020.0 13220.0 3620.0 14420.0 3620.0 12420.0 12820.0 3220.0 11220.0 12820.0 12820.0
0.0 11620.0 14020.0 12820.0 1620.0 1220.0 12020.0 13220.0 820.0 12020.0 12420.0 14020.0 13220.0 2820.0 2020.0 12020.0 11620.0 11220.0 12020.0 820.0 12420.0 12420.0 12820.0 1620.0 3220.0 12820.0 2020.0 13220.0 12020.0 12420.0 13220.0 420.0 2020.0 420.0 12420.0 13220.0 0.0 13220.0 1220.0 1620.0 13620.0 13220.0 1620.0 12020.0 12020.0 11220.0 11220.0 13620.0 14020.0 13220.0 2020.0 12820.0 12020.0 12420.0 14020.0 1220.0 12020.0 12020.0 11620.0 11620.0 12820.0 14020.0 12020.0 12820.0 12420.0 12820.0 13620.0 12820.0 12820.0 11620.0 12420.0 13620.0 2420.0 12420.0 12020.0 820.0 12020.0 14820.0 12420.0 13620.0 11620.0 12420.0 12020.0 820.0 12420.0 12020.0 3620.0 2420.0 12820.0 13620.0 12020.0 12020.0 13220.0 14020.0 12020.0 12420.0 820.0 11620.0 1220.0 13620.0 13220.0
0.0 2420.0 15220.0 13220.0 13620.0 13220.0 13220.0 12820.0 12820.0 13620.0 13620.0 3220.0 14820.0 13620.0 14020.0 12420.0 13620.0 12820.0 2820.0 13220.0 13620.0 14020.0 4020.0 13220.0 15220.0 2020.0 14020.0 4020.0 14420.0 14420.0 14820.0 12820.0 13620.0 12420.0 13220.0 2020.0 13620.0 0.0 13220.0 13620.0 14820.0 14020.0 14420.0 13620.0 2820.0 13620.0 2020.0 14420.0 14020.0 14820.0 14020.0 14420.0 2820.0 14020.0 4420.0 13620.0 2820.0 2420.0 13220.0 13220.0 3620.0 13620.0 13620.0 3620.0 14020.0 14420.0 11620.0 3620.0 3620.0 12820.0 13220.0 14420.0 14420.0 3620.0 14020.0 13220.0 14020.0 16020.0 12020.0 14820.0 13220.0 14020.0 2820.0 12820.0 14020.0 13620.0 15620.0 15220.0 1620.0 4020.0 13620.0 13220.0 2020.0 15220.0 3220.0 13620.0 12820.0 2420.0 13220.0 14820.0 14420.0
0.0 13220.0 15220.0 14420.0 3620.0 2820.0 14020.0 15220.0 2820.0 14020.0 14420.0 16020.0 15220.0 4420.0 4020.0 13620.0 13620.0 13220.0 14020.0 2820.0 14020.0 13620.0 14820.0 3620.0 5220.0 14420.0 3620.0 15220.0 14020.0 14420.0 15220.0 2020.0 3620.0 2020.0 14420.0 14420.0 2020.0 14820.0 0.0 3620.0 15620.0 14820.0 3620.0 14020.0 14020.0 12820.0 13220.0 15220.0 15620.0 14420.0 2820.0 14820.0 14020.0 14420.0 14820.0 3220.0 14020.0 14020.0 13220.0 13620.0 14820.0 15620.0 14020.0 13620.0 14420.0 14820.0 15620.0 14420.0 14420.0 13220.0 14020.0 15220.0 4420.0 14420.0 13220.0 2820.0 14020.0 16020.0 14420.0 14820.0 13220.0 14420.0 14020.0 2420.0 14420.0 13620.0 4820.0 4420.0 14420.0 15220.0 14020.0 14020.0 15220.0 15220.0 14020.0 13620.0 2820.0 13220.0 3220.0 14420.0 14820.0
0.0 12820.0 12820.0 13220.0 3220.0 2420.0 13620.0 14420.0 2020.0 12020.0 14020.0 15220.0 12420.0 2820.0 2820.0 13620.0 13620.0 12820.0 13220.0 2020.0 14020.0 13620.0 13220.0 2820.0 3220.0 14020.0 3620.0 14820.0 14420.0 14420.0 13220.0 2420.0 3220.0 1620.0 13620.0 12820.0 3220.0 12420.0 2420.0 0.0 15220.0 13620.0 2020.0 13620.0 13220.0 14020.0 14020.0 14820.0 12820.0 14420.0 3220.0 14020.0 13620.0 13620.0 12820.0 3220.0 13220.0 13620.0 13220.0 12820.0 14020.0 13220.0 13620.0 12420.0 14020.0 14020.0 13220.0 14020.0 14420.0 12820.0 13620.0 13220.0 4020.0 14420.0 12820.0 2420.0 13620.0 16020.0 12420.0 14020.0 12820.0 12820.0 13220.0 2020.0 13620.0 13620.0 3220.0 4420.0 14020.0 14020.0 13220.0 12420.0 13620.0 15220.0 14020.0 14020.0 2420.0 12820.0 2420.0 12020.0 12020.0
0.0 13620.0 2820.0 14020.0 14020.0 14020.0 13620.0 3220.0 13620.0 2420.0 1220.0 15220.0 13620.0 14420.0 13220.0 12420.0 3620.0 2820.0 14020.0 14020.0 12820.0 12420.0 14420.0 12820.0 12820.0 11220.0 14820.0 14420.0 14020.0 13220.0 3620.0 13220.0 13220.0 13220.0 14820.0 13620.0 13220.0 13620.0 14020.0 12020.0 0.0 2820.0 13620.0 3620.0 13220.0 13220.0 13620.0 3620.0 12420.0 14420.0 14820.0 14020.0 13220.0 12420.0 14020.0 14020.0 14020.0 12820.0 13220.0 14020.0 14420.0 2820.0 2820.0 13220.0 4020.0 14820.0 13220.0 14420.0 13620.0 12820.0 11620.0 3620.0 15220.0 14420.0 3220.0 14020.0 2420.0 4820.0 2420.0 14020.0 13620.0 14020.0 14020.0 13620.0 3620.0 1620.0 12020.0 14020.0 12020.0 14020.0 3620.0 3220.0 14420.0 5220.0 13220.0 14020.0 12420.0 13620.0 13220.0 13220.0 2420.0
0.0 12020.0 3620.0 12420.0 12820.0 12020.0 12420.0 2820.0 12020.0 2020.0 2420.0 14020.0 13620.0 13620.0 13620.0 13220.0 3220.0 820.0 12420.0 12020.0 12820.0 12020.0 13620.0 12420.0 14420.0 11620.0 13220.0 14020.0 14020.0 13620.0 3220.0 13220.0 12820.0 11220.0 14020.0 11620.0 12820.0 13620.0 12020.0 12820.0 3220.0 0.0 12020.0 1620.0 12420.0 13220.0 12820.0 3220.0 14420.0 13620.0 12820.0 13220.0 12020.0 12820.0 14420.0 13220.0 12420.0 12420.0 12020.0 12020.0 13220.0 3220.0 2020.0 11220.0 2420.0 13220.0 14020.0 13220.0 13620.0 12020.0 12820.0 3220.0 13620.0 12020.0 2820.0 12020.0 3220.0 4820.0 2020.0 12820.0 12020.0 14420.0 12420.0 11620.0 2020.0 2020.0 14820.0 14420.0 13220.0 12820.0 1620.0 2820.0 14020.0 3620.0 14020.0 12820.0 12020.0 12020.0 12420.0 14020.0 2820.0
0.0 12420.0 14420.0 14420.0 2820.0 2020.0 13620.0 14420.0 1620.0 13220.0 13620.0 15220.0 14420.0 3620.0 3620.0 13220.0 14420.0 12420.0 13220.0 2020.0 13620.0 13220.0 14420.0 2420.0 4420.0 13620.0 4420.0 14820.0 14820.0 14420.0 14420.0 2820.0 2820.0 1220.0 14820.0 14420.0 2820.0 14020.0 2020.0 3220.0 14820.0 14020.0 0.0 13220.0 13220.0 13620.0 13620.0 14820.0 15220.0 14020.0 2820.0 14020.0 13220.0 13620.0 15220.0 4020.0 14020.0 13220.0 12820.0 12820.0 14020.0 13620.0 13220.0 14020.0 13620.0 14020.0 14820.0 13620.0 14820.0 12420.0 13220.0 14420.0 4020.0 14020.0 14820.0 2020.0 14420.0 16020.0 13620.0 14820.0 12420.0 15220.0 12820.0 1620.0 13620.0 13220.0 4420.0 4020.0 14020.0 14820.0 13220.0 14420.0 14820.0 15220.0 14820.0 13620.0 2020.0 12420.0 2020.0 14820.0 14820.0
0.0 13620.0 4820.0 14420.0 14420.0 14020.0 14820.0 1220.0 13620.0 3620.0 4020.0 15620.0 15220.0 14420.0 13220.0 13620.0 3620.0 2820.0 14420.0 13620.0 14420.0 14420.0 15220.0 14020.0 15220.0 14020.0 14820.0 15220.0 14420.0 14020.0 3220.0 14420.0 14420.0 13620.0 13220.0 14020.0 14420.0 14420.0 13220.0 14820.0 3220.0 4020.0 14420.0 0.0 14420.0 14420.0 13620.0 2820.0 15620.0 12420.0 14820.0 14820.0 13620.0 14420.0 16020.0 15220.0 14820.0 14020.0 14020.0 13620.0 14820.0 3620.0 2020.0 13620.0 4020.0 14820.0 14820.0 14820.0 15220.0 13620.0 14020.0 4820.0 15620.0 14820.0 4020.0 13620.0 4420.0 4820.0 4020.0 14420.0 11620.0 14820.0 14020.0 13620.0 2420.0 3620.0 14820.0 14820.0 14820.0 16020.0 3620.0 2420.0 14420.0 4420.0 14420.0 13220.0 13620.0 14020.0 13620.0 14820.0 4420.0
0.0 1220.0 13620.0 13220.0 12820.0 12020.0 11620.0 14020.0 12020.0 13220.0 12820.0 2420.0 13220.0 13220.0 13620.0 11620.0 13620.0 13220.0 2420.0 13220.0 12820.0 13220.0 3220.0 12420.0 13620.0 2820.0 13620.0 3220.0 13620.0 13620.0 12420.0 12820.0 12820.0 12820.0 13620.0 2820.0 12820.0 2420.0 12820.0 11620.0 13620.0 13220.0 13220.0 13620.0 0.0 12820.0 1620.0 13620.0 13620.0 14420.0 13620.0 14020.0 420.0 12820.0 2420.0 13620.0 1220.0 1620.0 13220.0 12420.0 2420.0 14020.0 11220.0 2420.0 12820.0 14420.0 13620.0 1220.0 3620.0 12820.0 12420.0 12820.0 12820.0 2420.0 13620.0 13620.0 14020.0 16020.0 13220.0 13620.0 12820.0 13620.0 3220.0 12820.0 12020.0 13220.0 14820.0 14420.0 2420.0 3620.0 14020.0 13220.0 3620.0 14420.0 2820.0 12420.0 11620.0 2420.0 12020.0 12820.0 12820.0
0.0 13220.0 14020.0 2020.0 13220.0 11620.0 2020.0 13620.0 13220.0 13620.0 13620.0 14420.0 2820.0 14020.0 12820.0 2020.0 11620.0 13220.0 14020.0 13620.0 2020.0 2820.0 14420.0 13220.0 14820.0 14420.0 12420.0 13220.0 1620.0 3620.0 13620.0 12820.0 13620.0 12820.0 1620.0 13620.0 12820.0 13620.0 12820.0 13220.0 14420.0 14020.0 12820.0 12420.0 13220.0 0.0 11220.0 14420.0 4020.0 2820.0 13220.0 4020.0 12820.0 3220.0 14420.0 13620.0 13220.0 12420.0 2420.0 2820.0 14420.0 14020.0 13220.0 13220.0 14420.0 2820.0 3620.0 13620.0 12420.0 2020.0 2420.0 13620.0 14020.0 12420.0 12820.0 13620.0 12020.0 14420.0 13220.0 3220.0 2420.0 1620.0 13620.0 13220.0 13620.0 13220.0 14020.0 14020.0 13620.0 14020.0 12420.0 12020.0 13220.0 14420.0 12020.0 2420.0 12820.0 13220.0 13220.0 2820.0 14020.0
0.0 3220.0 14020.0 12420.0 12820.0 13620.0 12820.0 13220.0 13620.0 13620.0 14020.0 4820.0 14420.0 14020.0 12420.0 13220.0 12820.0 13620.0 3220.0 14020.0 13620.0 13620.0 4020.0 14020.0 14820.0 4020.0 12420.0 2420.0 13620.0 14820.0 15220.0 14020.0 14420.0 13220.0 12020.0 3220.0 14020.0 3620.0 12820.0 12820.0 15220.0 14020.0 12820.0 12420.0 3220.0 14020.0 0.0 14020.0 14820.0 13220.0 14020.0 14820.0 3220.0 13620.0 4020.0 13620.0 2020.0 3220.0 13220.0 13620.0 4020.0 14420.0 14020.0 2420.0 14820.0 14420.0 14420.0 3620.0 3220.0 12820.0 13620.0 14020.0 14020.0 2820.0 12420.0 14020.0 14820.0 16020.0 14420.0 14820.0 12820.0 12420.0 3620.0 13220.0 13220.0 13620.0 15220.0 13620.0 3220.0 4020.0 13620.0 11620.0 2420.0 15220.0 2420.0 13620.0 13220.0 3220.0 13220.0 13220.0 14020.0
0.0 12420.0 3620.0 12820.0 13620.0 12820.0 12820.0 3620.0 12420.0 2420.0 2820.0 14820.0 14420.0 14420.0 14020.0 13620.0 3620.0 1620.0 13220.0 12420.0 13620.0 13220.0 14420.0 13220.0 14420.0 13620.0 14020.0 14820.0 12020.0 14020.0 3620.0 13620.0 13620.0 12020.0 14820.0 12420.0 13620.0 14020.0 12820.0 13220.0 4020.0 3220.0 12820.0 2420.0 12820.0 13620.0 13620.0 0.0 15220.0 14020.0 13620.0 13620.0 13220.0 13220.0 14020.0 13620.0 13220.0 13220.0 12820.0 12820.0 13620.0 3620.0 2420.0 12020.0 2820.0 14020.0 14820.0 12820.0 14420.0 12420.0 13220.0 4020.0 14420.0 14020.0 4020.0 12820.0 4020.0 5220.0 2820.0 13620.0 12420.0 14820.0 12820.0 12420.0 2820.0 2420.0 13620.0 14820.0 13620.0 14820.0 2420.0 3220.0 14820.0 4420.0 14820.0 13620.0 12820.0 12420.0 12820.0 14420.0 3620.0
0.0 13620.0 13620.0 2020.0 14020.0 12820.0 2420.0 14420.0 13220.0 13220.0 12020.0 14420.0 2820.0 14020.0 13620.0 1220.0 14020.0 13220.0 14420.0 13620.0 1620.0 2420.0 14020.0 11620.0 14420.0 13220.0 14420.0 14820.0 3220.0 4020.0 14020.0 13220.0 12020.0 13220.0 3620.0 14020.0 13220.0 13220.0 14020.0 12020.0 13220.0 14020.0 12820.0 14020.0 12420.0 2420.0 13220.0 13220.0 0.0 3220.0 14420.0 3620.0 12420.0 3620.0 14020.0 14020.0 13220.0 12420.0 2020.0 2420.0 14020.0 12820.0 12820.0 13220.0 14420.0 2820.0 3220.0 13620.0 13620.0 2420.0 1220.0 14020.0 14420.0 14420.0 14020.0 13620.0 11620.0 14020.0 13620.0 2420.0 2420.0 3220.0 13620.0 13620.0 13620.0 12820.0 14420.0 15220.0 11620.0 15220.0 14020.0 13620.0 14820.0 15220.0 14020.0 3220.0 12020.0 13620.0 13220.0 2420.0 13220.0
0.0 12420.0 15220.0 2420.0 13220.0 12420.0 2420.0 13220.0 12420.0 13220.0 13220.0 14020.0 3620.0 14020.0 11220.0 1620.0 13620.0 12420.0 13220.0 12820.0 2420.0 2820.0 14420.0 12820.0 15220.0 13620.0 14020.0 14420.0 2420.0 3220.0 12820.0 12820.0 13220.0 12020.0 2820.0 12420.0 12820.0 14020.0 12820.0 13220.0 14420.0 14020.0 12820.0 13220.0 12820.0 2420.0 12420.0 12020.0 4020.0 0.0 13620.0 3220.0 12020.0 2820.0 14420.0 13620.0 13220.0 12420.0 2020.0 2020.0 13620.0 14420.0 11620.0 12020.0 13620.0 3220.0 4020.0 13620.0 14420.0 1620.0 2420.0 14020.0 14420.0 14020.0 14020.0 12820.0 14020.0 16020.0 13620.0 2820.0 2020.0 3220.0 12820.0 12420.0 13620.0 13220.0 14820.0 14820.0 13620.0 14820.0 13220.0 13220.0 12820.0 15220.0 14020.0 2820.0 12420.0 12420.0 12820.0 3620.0 13620.0
0.0 12820.0 14020.0 12820.0 2420.0 2420.0 12420.0 13620.0 2020.0 13620.0 14020.0 14020.0 14020.0 3220.0 1620.0 13220.0 12820.0 12820.0 14020.0 2420.0 14020.0 13620.0 14020.0 2820.0 2820.0 14020.0 1620.0 13220.0 13620.0 14020.0 14420.0 2820.0 3220.0 2820.0 12420.0 14020.0 3220.0 14020.0 2020.0 2020.0 15220.0 14020.0 2020.0 12420.0 13620.0 14020.0 11220.0 14020.0 14420.0 13620.0 0.0 14020.0 14020.0 13620.0 12420.0 3220.0 12820.0 14020.0 13220.0 13220.0 13220.0 14020.0 14020.0 13220.0 14020.0 14420.0 14820.0 14020.0 14020.0 12820.0 13620.0 14420.0 3220.0 13620.0 12420.0 2420.0 12820.0 15620.0 12420.0 14820.0 13220.0 12420.0 13220.0 2020.0 13220.0 13620.0 4420.0 3220.0 14020.0 12420.0 13620.0 11620.0 13220.0 12820.0 13220.0 11220.0 2820.0 13620.0 2420.0 13620.0 13620.0
0.0 13620.0 14420.0 3220.0 13220.0 14020.0 2820.0 14020.0 13620.0 13620.0 14420.0 15220.0 2420.0 14020.0 13620.0 2820.0 15220.0 13220.0 13620.0 13620.0 2020.0 1620.0 14420.0 14020.0 14020.0 14820.0 15220.0 14820.0 4020.0 3220.0 14420.0 14420.0 14420.0 13220.0 3620.0 13620.0 14420.0 15220.0 13620.0 14020.0 15620.0 14020.0 14020.0 14020.0 12820.0 3620.0 14420.0 14420.0 4020.0 2420.0 14820.0 0.0 13220.0 3620.0 14820.0 13620.0 13620.0 14020.0 1220.0 2820.0 14420.0 14020.0 13220.0 12820.0 14820.0 4020.0 4820.0 14020.0 14820.0 1220.0 3620.0 14420.0 14420.0 14820.0 13620.0 13620.0 13220.0 16020.0 14420.0 2820.0 2820.0 4420.0 14020.0 13220.0 14420.0 12020.0 13220.0 14820.0 14420.0 15620.0 14020.0 14820.0 14420.0 16020.0 14420.0 3620.0 13620.0 13620.0 12420.0 4420.0 14820.0
0.0 4020.0 15220.0 13220.0 14420.0 13220.0 13220.0 15620.0 14820.0 14820.0 14420.0 2020.0 14820.0 15220.0 14420.0 14420.0 14820.0 14420.0 4020.0 14820.0 13220.0 14820.0 4420.0 14820.0 15220.0 2820.0 15220.0 4420.0 15220.0 14420.0 15220.0 13620.0 15220.0 14420.0 14420.0 3220.0 14420.0 4020.0 14020.0 13220.0 13220.0 15220.0 14420.0 14420.0 3220.0 14420.0 3220.0 15220.0 14820.0 16020.0 15220.0 14020.0 0.0 14820.0 4420.0 14420.0 2820.0 3220.0 14820.0 14020.0 4420.0 14820.0 14020.0 3620.0 15620.0 16020.0 15220.0 4020.0 4820.0 14420.0 14020.0 12820.0 14420.0 4020.0 14420.0 14820.0 15220.0 16020.0 14420.0 14420.0 14020.0 15220.0 3620.0 14420.0 13620.0 14820.0 14420.0 15220.0 3620.0 5620.0 15220.0 13620.0 4820.0 15620.0 4020.0 14020.0 14020.0 3220.0 14420.0 14420.0 14420.0
0.0 13620.0 15220.0 3220.0 13220.0 12820.0 3620.0 14820.0 13620.0 14020.0 13620.0 15620.0 3620.0 14420.0 11620.0 3220.0 14020.0 13620.0 14020.0 14020.0 2820.0 2420.0 14020.0 13220.0 16020.0 14820.0 13620.0 14820.0 2420.0 3620.0 14820.0 13220.0 13620.0 13220.0 3220.0 14420.0 13220.0 14820.0 12420.0 13620.0 14420.0 14420.0 14820.0 14420.0 13620.0 2420.0 12820.0 13220.0 4420.0 3220.0 14820.0 4420.0 14020.0 0.0 15620.0 14020.0 14420.0 14420.0 2020.0 3220.0 15220.0 14420.0 14020.0 14020.0 14820.0 4020.0 4420.0 14420.0 14820.0 1620.0 2420.0 14420.0 14420.0 14820.0 13620.0 14020.0 14420.0 16020.0 14820.0 3620.0 3220.0 3620.0 14020.0 12420.0 14820.0 13220.0 15220.0 15220.0 13620.0 12420.0 14420.0 13220.0 14820.0 16020.0 14420.0 4020.0 14020.0 13620.0 12820.0 4020.0 14820.0
0.0 2020.0 13620.0 13220.0 14020.0 13220.0 13220.0 14820.0 12820.0 13220.0 14020.0 4420.0 13620.0 14420.0 14420.0 13620.0 13620.0 12820.0 2820.0 12820.0 14020.0 13620.0 3620.0 13620.0 12020.0 3220.0 14420.0 4020.0 14020.0 12820.0 14420.0 14020.0 14020.0 12420.0 14420.0 2020.0 14020.0 2820.0 12820.0 12020.0 15220.0 14420.0 12820.0 13620.0 2420.0 13220.0 2420.0 14820.0 14020.0 14420.0 14020.0 13220.0 2820.0 13620.0 0.0 13620.0 820.0 2820.0 13220.0 12820.0 3620.0 14420.0 13620.0 1620.0 14020.0 14420.0 14420.0 3220.0 2020.0 12820.0 13620.0 14020.0 14820.0 3620.0 12420.0 12820.0 14420.0 16020.0 13620.0 13620.0 12820.0 12420.0 2420.0 12820.0 13620.0 13620.0 14820.0 13220.0 3220.0 4420.0 13220.0 13620.0 4020.0 15220.0 3220.0 14020.0 13220.0 2020.0 13220.0 12820.0 13220.0
0.0 12420.0 13220.0 13620.0 2820.0 2020.0 11220.0 13220.0 1620.0 12020.0 12020.0 14020.0 12420.0 2420.0 2820.0 11220.0 12820.0 12420.0 13220.0 2020.0 12020.0 12820.0 11620.0 820.0 2420.0 13220.0 2820.0 14020.0 12820.0 13620.0 14020.0 1220.0 1220.0 1220.0 12020.0 13220.0 1220.0 12820.0 2020.0 820.0 13220.0 13220.0 2420.0 12420.0 12420.0 12020.0 12020.0 12820.0 13220.0 14020.0 2420.0 14020.0 12020.0 13220.0 13220.0 0.0 11220.0 11620.0 12820.0 12020.0 14020.0 13620.0 12420.0 12820.0 13620.0 13620.0 13220.0 13620.0 13620.0 12420.0 11620.0 14020.0 1620.0 12420.0 12820.0 2020.0 13220.0 15620.0 12820.0 13220.0 12020.0 13220.0 12820.0 1620.0 11620.0 12820.0 3620.0 3620.0 12020.0 14420.0 13220.0 12820.0 13620.0 14020.0 13220.0 12020.0 420.0 12420.0 2020.0 12420.0 12420.0
0.0 2820.0 12820.0 14020.0 14020.0 13620.0 14020.0 14820.0 13220.0 12420.0 14420.0 4820.0 12820.0 13620.0 14020.0 13620.0 14420.0 13220.0 2820.0 13220.0 14420.0 13620.0 3220.0 14420.0 12820.0 3620.0 14820.0 3220.0 15220.0 13220.0 14020.0 14020.0 14420.0 12820.0 14420.0 2820.0 14820.0 2420.0 13620.0 11620.0 15620.0 13620.0 13220.0 13620.0 3220.0 13620.0 3220.0 14020.0 13620.0 14820.0 14020.0 14020.0 3220.0 14420.0 2820.0 14820.0 0.0 3620.0 13220.0 13220.0 4020.0 14020.0 14020.0 2020.0 14420.0 14420.0 13620.0 4020.0 2820.0 13620.0 14420.0 13620.0 15220.0 4020.0 13620.0 13220.0 14420.0 16020.0 12820.0 13220.0 13620.0 13220.0 2820.0 13220.0 14420.0 13620.0 14020.0 14020.0 3620.0 4020.0 13620.0 13220.0 3620.0 15620.0 4020.0 14420.0 13620.0 2820.0 13220.0 12420.0 12420.0
0.0 1220.0 13620.0 13220.0 12820.0 12420.0 12420.0 12820.0 12020.0 12820.0 12020.0 2820.0 13620.0 14020.0 13220.0 12420.0 12420.0 11620.0 2020.0 12020.0 12020.0 12820.0 2420.0 11620.0 14420.0 2420.0 13220.0 2820.0 12420.0 12820.0 14020.0 11220.0 12020.0 11620.0 12820.0 2820.0 11220.0 2420.0 12420.0 12420.0 13220.0 13620.0 12820.0 12420.0 1620.0 11620.0 820.0 12820.0 14420.0 13620.0 13220.0 13220.0 820.0 12820.0 2420.0 12420.0 2020.0 0.0 12420.0 12020.0 2420.0 13620.0 12420.0 2420.0 13220.0 13220.0 14020.0 2420.0 2420.0 12020.0 11620.0 13620.0 13620.0 2420.0 12420.0 12020.0 12820.0 15220.0 12820.0 13220.0 11620.0 12820.0 1620.0 12020.0 12820.0 12820.0 14420.0 13620.0 1220.0 3620.0 12420.0 12420.0 2820.0 14420.0 2020.0 13220.0 12020.0 1220.0 12420.0 13220.0 13220.0
0.0 12820.0 14820.0 2420.0 12420.0 13220.0 2020.0 12820.0 12820.0 13620.0 13620.0 14420.0 2420.0 13220.0 12820.0 2020.0 14820.0 12420.0 12820.0 12820.0 1220.0 820.0 13620.0 13220.0 14020.0 14020.0 14020.0 14420.0 3220.0 2420.0 13620.0 14020.0 13620.0 12020.0 2820.0 12820.0 13620.0 14420.0 12820.0 12820.0 14820.0 13220.0 12820.0 13220.0 12020.0 3220.0 13620.0 13220.0 3220.0 1620.0 14020.0 3220.0 12420.0 2820.0 14020.0 12820.0 12820.0 13220.0 0.0 2020.0 13620.0 14020.0 12420.0 12020.0 14020.0 3620.0 4020.0 13220.0 14020.0 420.0 2820.0 13620.0 14020.0 14020.0 12820.0 12820.0 13620.0 16020.0 13620.0 2020.0 2020.0 4020.0 13220.0 12420.0 13220.0 11220.0 13620.0 14020.0 13620.0 14820.0 13220.0 14020.0 14020.0 15220.0 13620.0 2820.0 12820.0 12820.0 11620.0 3620.0 13620.0
0.0 12420.0 14020.0 3220.0 13220.0 12820.0 1620.0 14420.0 12420.0 13620.0 13620.0 13620.0 2820.0 14020.0 14420.0 1620.0 14420.0 13620.0 14020.0 14020.0 2820.0 3220.0 14420.0 13220.0 14420.0 12020.0 14420.0 14820.0 3620.0 3620.0 13220.0 13620.0 13620.0 13620.0 3620.0 14420.0 13620.0 14020.0 13620.0 12420.0 14020.0 14020.0 14020.0 14420.0 11620.0 2820.0 13220.0 14420.0 3620.0 4420.0 14420.0 3220.0 11620.0 2820.0 13620.0 14420.0 12420.0 12820.0 3220.0 0.0 14020.0 14420.0 12020.0 13620.0 13620.0 4020.0 3620.0 12820.0 14820.0 2820.0 2420.0 13620.0 13620.0 13620.0 14420.0 14020.0 14820.0 16020.0 14020.0 3620.0 2820.0 3620.0 13220.0 13620.0 12820.0 14020.0 15220.0 15220.0 13620.0 15220.0 14420.0 14020.0 14820.0 14820.0 14420.0 2420.0 12420.0 14020.0 12820.0 2820.0 13620.0
0.0 2820.0 14820.0 13620.0 14020.0 12020.0 14020.0 13620.0 13620.0 14420.0 13220.0 4420.0 14020.0 14020.0 13220.0 12020.0 14020.0 13620.0 3620.0 13620.0 13220.0 13220.0 3620.0 12820.0 14820.0 3620.0 13620.0 1220.0 14020.0 14820.0 14020.0 13220.0 13220.0 13220.0 13620.0 3620.0 13220.0 3620.0 14020.0 13620.0 14420.0 14020.0 14820.0 14020.0 2820.0 13220.0 2420.0 14020.0 14820.0 12820.0 14420.0 11620.0 2820.0 12820.0 4420.0 14020.0 3220.0 2020.0 12420.0 14020.0 0.0 14820.0 13620.0 3220.0 14820.0 14820.0 13620.0 4020.0 4020.0 12820.0 12820.0 14020.0 15220.0 4020.0 14020.0 14020.0 14420.0 15220.0 14020.0 14020.0 13220.0 14420.0 3620.0 13620.0 13220.0 12820.0 14020.0 14420.0 2820.0 3620.0 14420.0 14020.0 2420.0 15220.0 3620.0 13620.0 12420.0 2820.0 13220.0 14420.0 14420.0
0.0 12820.0 3220.0 13220.0 14020.0 13220.0 12820.0 3220.0 12820.0 2820.0 3220.0 14020.0 13620.0 14420.0 13220.0 12820.0 2420.0 3220.0 14420.0 13620.0 14020.0 14420.0 14420.0 13620.0 14820.0 14420.0 14020.0 14820.0 13620.0 14020.0 1220.0 12820.0 14020.0 13620.0 13220.0 12820.0 14020.0 14020.0 13220.0 12420.0 4020.0 4020.0 14020.0 2820.0 12020.0 12420.0 12820.0 3220.0 14420.0 14820.0 14020.0 14820.0 12020.0 12420.0 14020.0 13620.0 12820.0 13220.0 14020.0 13620.0 14420.0 0.0 1620.0 13620.0 2820.0 14420.0 14420.0 13220.0 12820.0 14020.0 13620.0 3620.0 14020.0 14020.0 2820.0 13620.0 2020.0 5220.0 3220.0 13220.0 14020.0 13220.0 14020.0 13620.0 2420.0 3620.0 14820.0 14820.0 14020.0 13220.0 2820.0 2820.0 14420.0 4420.0 13220.0 13620.0 12820.0 14420.0 13220.0 13620.0 2820.0
0.0 11620.0 3620.0 13620.0 12420.0 12020.0 13620.0 3220.0 11620.0 3220.0 2020.0 14820.0 14020.0 13620.0 13620.0 11620.0 2820.0 2020.0 13220.0 13220.0 12420.0 13620.0 13620.0 12020.0 14820.0 13620.0 14020.0 14020.0 13620.0 13220.0 1620.0 12420.0 12420.0 12420.0 14020.0 14020.0 12420.0 13220.0 13220.0 12820.0 2820.0 2420.0 14020.0 2820.0 12820.0 12420.0 12820.0 2820.0 14020.0 14420.0 14020.0 13620.0 12820.0 12820.0 14420.0 13220.0 13620.0 12020.0 12820.0 13220.0 12820.0 3620.0 0.0 13620.0 2020.0 14020.0 14020.0 14020.0 14020.0 12420.0 12020.0 2820.0 14820.0 14020.0 2820.0 13220.0 3220.0 5620.0 3220.0 13620.0 12820.0 14020.0 13620.0 12820.0 2820.0 2820.0 14820.0 14020.0 12820.0 14020.0 2820.0 2820.0 14820.0 4820.0 13220.0 14020.0 11620.0 13220.0 12020.0 13620.0 3220.0
0.0 820.0 14020.0 12020.0 12420.0 12020.0 12020.0 13220.0 11620.0 12420.0 12820.0 3220.0 13220.0 13620.0 13220.0 12820.0 13620.0 11220.0 1620.0 11620.0 12820.0 12420.0 2820.0 12420.0 14020.0 2020.0 13220.0 3220.0 13620.0 13220.0 13620.0 12820.0 12820.0 11220.0 13620.0 820.0 12820.0 2420.0 12020.0 12420.0 13620.0 13220.0 12020.0 12020.0 1220.0 12820.0 2020.0 13620.0 14020.0 13220.0 12820.0 12820.0 1620.0 12420.0 3220.0 12820.0 1620.0 1620.0 12020.0 11620.0 2020.0 13620.0 12420.0 0.0 12820.0 12820.0 13620.0 2020.0 2820.0 11620.0 12420.0 13620.0 13220.0 2420.0 13620.0 11620.0 13620.0 15220.0 12420.0 12420.0 11620.0 14020.0 1220.0 11620.0 12420.0 12420.0 14420.0 14020.0 2020.0 3220.0 12020.0 13620.0 3220.0 14020.0 3220.0 12820.0 11620.0 820.0 12020.0 13620.0 13220.0
0.0 14020.0 3620.0 14420.0 13220.0 14020.0 14420.0 4420.0 14020.0 3220.0 3220.0 13620.0 14020.0 13620.0 14420.0 12820.0 3220.0 3220.0 14420.0 13220.0 13620.0 13620.0 14420.0 13220.0 14820.0 13620.0 14420.0 14820.0 13220.0 11620.0 4420.0 14020.0 13620.0 13620.0 14420.0 13620.0 14020.0 13620.0 12820.0 12820.0 4020.0 2420.0 14420.0 3220.0 14020.0 13220.0 12820.0 4020.0 13620.0 14420.0 14420.0 14420.0 13220.0 14420.0 14020.0 14820.0 14420.0 13620.0 12820.0 13220.0 13620.0 3620.0 3620.0 13220.0 0.0 14820.0 14020.0 14420.0 14420.0 12420.0 13220.0 3220.0 12820.0 13220.0 3220.0 13220.0 3620.0 5220.0 3220.0 14820.0 14020.0 13620.0 13620.0 12420.0 2020.0 2820.0 14820.0 12420.0 12820.0 14820.0 3220.0 3220.0 14820.0 4020.0 13220.0 12820.0 13220.0 14020.0 13220.0 14020.0 2420.0
0.0 12820.0 15220.0 3620.0 14020.0 13220.0 2820.0 14420.0 12820.0 13620.0 14020.0 15220.0 4020.0 14820.0 14020.0 2420.0 13220.0 12420.0 13620.0 12820.0 3220.0 2820.0 14020.0 13620.0 14020.0 14020.0 14020.0 14420.0 2420.0 3220.0 12420.0 12420.0 14020.0 12420.0 3220.0 14420.0 12420.0 14420.0 13220.0 13620.0 15220.0 14420.0 14020.0 13620.0 13220.0 1620.0 12420.0 14820.0 3220.0 3620.0 14020.0 3220.0 13220.0 2420.0 15220.0 13220.0 13620.0 13620.0 2420.0 2420.0 14020.0 15220.0 13620.0 14020.0 14020.0 0.0 4020.0 14020.0 14020.0 2020.0 2820.0 12820.0 13220.0 13620.0 13220.0 12820.0 12820.0 13620.0 14020.0 4020.0 2020.0 3220.0 13220.0 12820.0 13620.0 13620.0 15620.0 14420.0 14020.0 14420.0 13220.0 13220.0 14420.0 15220.0 13220.0 3220.0 13220.0 12820.0 13220.0 4020.0 14820.0
0.0 14020.0 15220.0 2820.0 14020.0 14020.0 2820.0 12420.0 14020.0 14020.0 13620.0 15220.0 4020.0 13220.0 13620.0 1620.0 12820.0 13620.0 14420.0 14020.0 2820.0 3220.0 14020.0 13220.0 15220.0 14020.0 13220.0 14020.0 2820.0 3620.0 14420.0 12420.0 13220.0 13220.0 2020.0 14020.0 13220.0 14820.0 13620.0 13620.0 14420.0 13220.0 14020.0 12820.0 13620.0 2820.0 12020.0 14420.0 2420.0 3620.0 14420.0 3220.0 13620.0 3220.0 15220.0 13220.0 13620.0 12820.0 2820.0 3220.0 15220.0 13620.0 14020.0 13620.0 15220.0 4020.0 0.0 14820.0 13620.0 2820.0 2420.0 14820.0 13620.0 13620.0 13220.0 14020.0 14020.0 16020.0 11220.0 3620.0 2820.0 2820.0 14420.0 14020.0 14020.0 13620.0 15220.0 14820.0 12020.0 15220.0 13620.0 12820.0 12020.0 14820.0 13220.0 2020.0 12420.0 14020.0 14020.0 4020.0 14820.0
0.0 3620.0 14420.0 14420.0 14820.0 14020.0 14420.0 14020.0 14020.0 14020.0 14820.0 4420.0 15220.0 14820.0 12820.0 13620.0 13220.0 14020.0 3620.0 14420.0 14820.0 14820.0 4820.0 14420.0 16020.0 3220.0 15220.0 3220.0 14020.0 15620.0 15620.0 14020.0 13620.0 13620.0 13220.0 3220.0 14420.0 1220.0 14420.0 14420.0 15620.0 14820.0 15220.0 13620.0 4020.0 14420.0 3220.0 14420.0 14020.0 15220.0 14420.0 15220.0 3620.0 14820.0 5220.0 14820.0 4020.0 3620.0 14420.0 14420.0 4820.0 14820.0 14820.0 4020.0 15220.0 14820.0 12820.0 0.0 3620.0 14020.0 14420.0 14420.0 15220.0 3220.0 14820.0 14420.0 14820.0 16020.0 13220.0 15620.0 14020.0 15220.0 4020.0 14020.0 14820.0 14820.0 15620.0 16020.0 2820.0 5220.0 14020.0 12020.0 2820.0 16020.0 2820.0 14420.0 13620.0 3620.0 14020.0 14020.0 15220.0
0.0 2820.0 14420.0 13220.0 13220.0 12020.0 13220.0 13620.0 13220.0 12420.0 13220.0 3620.0 13220.0 13620.0 12820.0 12820.0 12020.0 13620.0 3220.0 11620.0 12820.0 12420.0 3620.0 13220.0 14820.0 2020.0 12820.0 2820.0 12820.0 14020.0 13620.0 13220.0 13620.0 13220.0 12820.0 2820.0 13220.0 3220.0 13220.0 13220.0 14820.0 13620.0 13220.0 12420.0 1620.0 11220.0 820.0 14420.0 15220.0 13220.0 12820.0 12820.0 2020.0 13220.0 3620.0 13620.0 2420.0 2020.0 12020.0 11620.0 4020.0 14020.0 12820.0 2420.0 14420.0 13220.0 14420.0 2820.0 0.0 12420.0 12820.0 14020.0 14420.0 2020.0 12820.0 11620.0 12420.0 14820.0 13620.0 14020.0 12820.0 12820.0 1220.0 13620.0 13620.0 12420.0 14420.0 14020.0 2420.0 3620.0 12020.0 12020.0 2820.0 14420.0 1620.0 12820.0 12820.0 2820.0 12820.0 14020.0 14420.0
0.0 13220.0 14820.0 2020.0 12020.0 13220.0 2420.0 13220.0 13220.0 14020.0 13220.0 14420.0 2020.0 12820.0 13220.0 2420.0 14820.0 12820.0 12420.0 13220.0 1620.0 1220.0 14020.0 12820.0 14420.0 13620.0 14420.0 14820.0 3620.0 2020.0 14020.0 14020.0 13220.0 12420.0 3220.0 12820.0 14020.0 14420.0 12420.0 13220.0 14420.0 12820.0 13220.0 13620.0 12420.0 3620.0 13220.0 13620.0 3620.0 2020.0 13620.0 3620.0 12820.0 3220.0 14020.0 13220.0 13220.0 13620.0 420.0 2420.0 14020.0 13620.0 12820.0 12420.0 13620.0 3620.0 4020.0 13620.0 14420.0 0.0 2420.0 13220.0 14420.0 13620.0 13220.0 13220.0 14020.0 16020.0 14020.0 2420.0 2420.0 4020.0 13620.0 12020.0 13620.0 11620.0 14020.0 13620.0 13220.0 14820.0 13620.0 13620.0 14420.0 15620.0 14020.0 2820.0 13220.0 13220.0 11220.0 3620.0 14020.0
0.0 13220.0 12820.0 3220.0 13220.0 13220.0 2820.0 14020.0 13220.0 12420.0 11220.0 14820.0 2420.0 13620.0 13220.0 820.0 13620.0 12820.0 13620.0 13220.0 2020.0 2820.0 13620.0 12420.0 14020.0 14020.0 14020.0 14020.0 2820.0 3620.0 14020.0 12820.0 12820.0 12820.0 3220.0 13220.0 12820.0 13220.0 13620.0 11620.0 14020.0 13620.0 13220.0 13620.0 13220.0 2020.0 12820.0 13620.0 2820.0 4020.0 14420.0 3620.0 12820.0 3220.0 13220.0 13620.0 14020.0 12020.0 2820.0 2420.0 14420.0 12820.0 13220.0 12820.0 14420.0 3220.0 2820.0 14420.0 14020.0 2420.0 0.0 13620.0 14820.0 14020.0 13620.0 13220.0 14020.0 16020.0 12820.0 3220.0 2020.0 2420.0 13620.0 13220.0 13620.0 13620.0 14020.0 15220.0 11620.0 14820.0 13620.0 13220.0 14420.0 15220.0 13620.0 2820.0 11620.0 13220.0 13620.0 1620.0 12420.0
0.0 13620.0 3220.0 14020.0 13220.0 11220.0 13620.0 3620.0 13620.0 2820.0 2820.0 14820.0 14020.0 14420.0 12420.0 12420.0 2020.0 2820.0 12820.0 14020.0 12420.0 13220.0 14420.0 13220.0 14820.0 14820.0 14420.0 14820.0 13620.0 12820.0 2420.0 13220.0 13620.0 13220.0 14020.0 13620.0 13220.0 14420.0 12020.0 12820.0 4020.0 3620.0 14420.0 3620.0 12820.0 13620.0 12820.0 3220.0 14820.0 14020.0 13620.0 12020.0 12820.0 13620.0 14820.0 14420.0 13620.0 12820.0 12820.0 14020.0 14420.0 4020.0 2420.0 14020.0 4020.0 14420.0 14820.0 14020.0 13620.0 12420.0 13220.0 0.0 14820.0 13220.0 3220.0 14020.0 3620.0 5620.0 2420.0 13620.0 13620.0 14420.0 14420.0 13620.0 3220.0 2420.0 14420.0 13620.0 13620.0 15220.0 2820.0 820.0 13620.0 4820.0 12820.0 13620.0 12420.0 14020.0 12820.0 13620.0 3220.0
0.0 13220.0 14420.0 12820.0 2820.0 1220.0 13220.0 13620.0 2420.0 13620.0 12820.0 13220.0 14020.0 3620.0 2020.0 12820.0 12020.0 13220.0 13620.0 2020.0 12420.0 12420.0 14420.0 1620.0 4020.0 12420.0 2020.0 13220.0 12820.0 14020.0 13220.0 2020.0 2020.0 2020.0 12820.0 13220.0 2020.0 14020.0 2420.0 2020.0 13620.0 14020.0 2420.0 12820.0 12820.0 11220.0 11220.0 13620.0 11620.0 13620.0 2420.0 14020.0 11220.0 13620.0 14820.0 2820.0 13220.0 12420.0 12820.0 12820.0 14420.0 13620.0 13220.0 12820.0 14420.0 13620.0 14420.0 13620.0 12820.0 12820.0 12420.0 13220.0 0.0 11220.0 12820.0 2020.0 12420.0 14820.0 13620.0 13620.0 12820.0 12820.0 13220.0 2420.0 13620.0 12020.0 3620.0 3220.0 12420.0 14420.0 12820.0 12020.0 13220.0 14420.0 12020.0 13220.0 2020.0 13220.0 2420.0 14020.0 14020.0
0.0 2420.0 14420.0 13220.0 14020.0 12020.0 13220.0 13620.0 13220.0 13220.0 12420.0 2420.0 14020.0 14420.0 13620.0 12820.0 13620.0 12820.0 2820.0 12820.0 12420.0 12020.0 3620.0 12020.0 15220.0 3220.0 14420.0 4020.0 13620.0 13620.0 14020.0 12820.0 12420.0 12820.0 14020.0 2420.0 12420.0 3220.0 13620.0 12820.0 13620.0 14420.0 13620.0 13220.0 2020.0 12820.0 2020.0 13620.0 14820.0 14420.0 13620.0 14020.0 420.0 14020.0 3620.0 13620.0 2820.0 1620.0 12820.0 12820.0 3620.0 14020.0 13220.0 2020.0 14420.0 14020.0 14420.0 3220.0 3220.0 12820.0 12420.0 13220.0 14420.0 0.0 13620.0 12820.0 14020.0 16020.0 14020.0 13620.0 12820.0 14420.0 2420.0 13220.0 13620.0 12020.0 14820.0 14420.0 2020.0 4420.0 13220.0 13620.0 4020.0 14020.0 3220.0 13620.0 13220.0 2420.0 13620.0 13620.0 14020.0
0.0 12420.0 3620.0 12420.0 12420.0 12420.0 12420.0 2820.0 12420.0 2420.0 2820.0 14820.0 13220.0 13220.0 13620.0 13620.0 3220.0 1220.0 12820.0 12420.0 12420.0 12020.0 14020.0 13220.0 14020.0 13620.0 13620.0 14420.0 14020.0 13220.0 3620.0 13220.0 13220.0 11620.0 14020.0 12020.0 13220.0 13220.0 11220.0 12420.0 4020.0 2820.0 12420.0 2420.0 12820.0 13220.0 13220.0 3220.0 13620.0 12820.0 13220.0 13620.0 12820.0 13220.0 13620.0 13620.0 12420.0 12820.0 11620.0 12420.0 13620.0 3620.0 2420.0 11620.0 2820.0 13620.0 13620.0 13620.0 14020.0 11220.0 13220.0 2820.0 13620.0 13620.0 0.0 12420.0 3620.0 5220.0 2420.0 13220.0 11620.0 13220.0 12820.0 12420.0 2420.0 1220.0 14420.0 14020.0 13620.0 14420.0 2020.0 3220.0 14420.0 4020.0 14420.0 13220.0 12420.0 12420.0 11620.0 13620.0 2020.0
0.0 12820.0 14820.0 13220.0 1620.0 2420.0 12820.0 12420.0 2020.0 13620.0 13620.0 13220.0 12420.0 2820.0 2420.0 12820.0 14020.0 12820.0 13220.0 2420.0 12020.0 11620.0 13620.0 2820.0 3620.0 13620.0 2820.0 14020.0 13220.0 13220.0 13620.0 2820.0 3220.0 1620.0 13220.0 12820.0 2820.0 13220.0 2420.0 2420.0 14420.0 13620.0 2420.0 11220.0 12420.0 13620.0 12020.0 13620.0 14420.0 12420.0 1220.0 14020.0 12420.0 12420.0 13220.0 2020.0 13220.0 13220.0 11220.0 13220.0 13620.0 13620.0 12420.0 12420.0 14020.0 12020.0 14020.0 13620.0 14420.0 11620.0 13620.0 13620.0 3620.0 14020.0 13220.0 0.0 14020.0 14820.0 13620.0 12820.0 12020.0 13220.0 13220.0 2020.0 13620.0 11620.0 3220.0 3220.0 13620.0 13620.0 11220.0 12820.0 12820.0 13220.0 13620.0 12020.0 2020.0 12820.0 1220.0 14420.0 14020.0
0.0 14020.0 3620.0 15220.0 14420.0 14420.0 14420.0 4020.0 14020.0 3220.0 2820.0 15620.0 14820.0 15220.0 13620.0 14020.0 3620.0 3220.0 14820.0 13220.0 13620.0 14020.0 15220.0 13220.0 13620.0 14420.0 15220.0 15220.0 14420.0 14020.0 4020.0 13220.0 13620.0 13620.0 15220.0 14420.0 13620.0 14820.0 13620.0 13620.0 4020.0 4420.0 12420.0 3220.0 14020.0 13620.0 13620.0 3220.0 14820.0 12820.0 14420.0 14420.0 13620.0 14820.0 15220.0 14020.0 14420.0 13220.0 13620.0 13620.0 15220.0 4020.0 3220.0 14020.0 4420.0 14820.0 15220.0 15220.0 14420.0 13220.0 13220.0 3620.0 15220.0 15220.0 3620.0 13620.0 0.0 5620.0 4020.0 14420.0 13620.0 15220.0 13620.0 13220.0 4020.0 3220.0 15620.0 14820.0 13620.0 16020.0 3220.0 4020.0 14820.0 3620.0 14820.0 14420.0 12420.0 14020.0 13620.0 14820.0 4020.0
0.0 12020.0 4820.0 13620.0 14020.0 14020.0 13620.0 4420.0 14820.0 4420.0 3620.0 12820.0 15220.0 15220.0 15220.0 13620.0 4420.0 4020.0 13620.0 14420.0 14020.0 14020.0 15220.0 14020.0 13620.0 13220.0 14420.0 16020.0 15220.0 14020.0 4820.0 13620.0 14420.0 14420.0 15620.0 13220.0 14420.0 13620.0 14420.0 14020.0 4820.0 4420.0 15220.0 4020.0 14420.0 14420.0 14420.0 4420.0 15220.0 15620.0 15220.0 14820.0 13220.0 15620.0 15620.0 14420.0 14020.0 14020.0 14420.0 14420.0 16020.0 5220.0 4020.0 14420.0 4820.0 15620.0 14420.0 14020.0 14420.0 14020.0 14020.0 4020.0 14820.0 12820.0 3620.0 14420.0 4820.0 0.0 4020.0 15220.0 14420.0 15620.0 14820.0 14020.0 3620.0 2820.0 16020.0 14820.0 14420.0 16020.0 4020.0 4420.0 15220.0 5220.0 15220.0 14420.0 13620.0 14820.0 13620.0 15220.0 4020.0
0.0 14020.0 4020.0 14020.0 14420.0 14420.0 12820.0 4420.0 14020.0 3220.0 3220.0 15220.0 14420.0 14820.0 14820.0 12820.0 1620.0 3220.0 14820.0 14020.0 14020.0 14020.0 13620.0 13620.0 14820.0 14420.0 15220.0 15620.0 13220.0 15220.0 4820.0 12020.0 14020.0 13620.0 14020.0 14020.0 13620.0 14420.0 13220.0 13220.0 4020.0 4020.0 14420.0 3220.0 14020.0 13620.0 13620.0 4020.0 14020.0 14820.0 13620.0 15220.0 13620.0 15220.0 15220.0 12820.0 13220.0 13220.0 13620.0 14020.0 15220.0 4020.0 3620.0 13620.0 4420.0 14020.0 14820.0 14420.0 13220.0 13220.0 13620.0 3620.0 13220.0 13220.0 2020.0 14420.0 4020.0 5620.0 0.0 14820.0 13620.0 14820.0 14420.0 14020.0 2820.0 3220.0 16020.0 15220.0 14020.0 15220.0 2420.0 3620.0 15220.0 4420.0 12820.0 13620.0 12820.0 14020.0 13620.0 14420.0 3620.0
0.0 13620.0 14420.0 2020.0 14420.0 13620.0 2020.0 14420.0 13620.0 14020.0 12820.0 13620.0 3620.0 15220.0 14020.0 2420.0 14420.0 13220.0 14020.0 13620.0 2020.0 2420.0 14820.0 12420.0 14820.0 14020.0 14820.0 15220.0 2020.0 4420.0 13220.0 14020.0 12820.0 12820.0 3220.0 13220.0 14420.0 14020.0 13620.0 12820.0 14020.0 15220.0 13620.0 14020.0 13220.0 3220.0 13620.0 12020.0 2020.0 2820.0 14420.0 4020.0 13220.0 3220.0 14820.0 14020.0 12820.0 13620.0 3220.0 2820.0 14820.0 12420.0 13620.0 12820.0 14420.0 3620.0 2420.0 12820.0 14420.0 2820.0 1620.0 15220.0 14020.0 14020.0 14420.0 13620.0 13220.0 15620.0 13620.0 0.0 2820.0 4020.0 14020.0 13220.0 13220.0 14020.0 14820.0 15620.0 13220.0 14420.0 14020.0 14020.0 14020.0 15220.0 14420.0 2820.0 13220.0 13620.0 14020.0 3220.0 14020.0
0.0 13620.0 15620.0 3620.0 14420.0 13620.0 4020.0 14820.0 13620.0 14020.0 14420.0 15620.0 4020.0 14020.0 14420.0 3220.0 14820.0 13220.0 14020.0 13620.0 3620.0 3220.0 15220.0 14020.0 16020.0 14820.0 14020.0 14820.0 4420.0 4020.0 15220.0 14420.0 14420.0 12820.0 3220.0 14820.0 14420.0 13620.0 12820.0 14820.0 15620.0 14020.0 14820.0 13620.0 14020.0 4020.0 12820.0 14820.0 4820.0 4020.0 14020.0 4020.0 14020.0 3620.0 15620.0 15220.0 14820.0 14020.0 2420.0 2820.0 14820.0 15220.0 14020.0 14420.0 14420.0 3620.0 3620.0 14820.0 15620.0 2820.0 3620.0 15620.0 15620.0 14820.0 14420.0 13220.0 14820.0 16020.0 14420.0 3220.0 0.0 3620.0 14020.0 13220.0 12420.0 13620.0 16020.0 14820.0 14820.0 15620.0 13620.0 13620.0 14820.0 14820.0 15220.0 2020.0 13620.0 13620.0 14020.0 4420.0 15620.0
0.0 12420.0 14020.0 1620.0 12420.0 12820.0 2020.0 14020.0 12420.0 13220.0 13620.0 15220.0 2820.0 13620.0 13620.0 1620.0 14020.0 12420.0 13220.0 12420.0 2020.0 1620.0 13220.0 13220.0 14420.0 13620.0 14020.0 14820.0 3620.0 2820.0 14020.0 13220.0 13220.0 12020.0 2820.0 12420.0 13220.0 13220.0 11220.0 12820.0 14420.0 13620.0 11220.0 13220.0 12820.0 2820.0 13220.0 13220.0 3220.0 2420.0 13620.0 3220.0 13220.0 2820.0 13620.0 12420.0 12820.0 12820.0 1220.0 2020.0 13620.0 13220.0 13220.0 12020.0 13620.0 3220.0 3220.0 13620.0 14020.0 820.0 2420.0 13620.0 13620.0 14020.0 11220.0 12820.0 13620.0 16020.0 13620.0 2820.0 1220.0 0.0 12820.0 12420.0 13220.0 12020.0 14420.0 14020.0 13620.0 14820.0 13220.0 14020.0 14020.0 15220.0 14420.0 2420.0 12420.0 12420.0 12020.0 2820.0 12820.0
0.0 2420.0 15220.0 14020.0 12820.0 13620.0 14020.0 14820.0 13220.0 11220.0 13620.0 4020.0 14020.0 12420.0 14420.0 12420.0 12820.0 13220.0 2420.0 13620.0 13620.0 12420.0 3220.0 13220.0 14820.0 2420.0 14420.0 4420.0 13620.0 13620.0 14820.0 13620.0 13620.0 12820.0 14420.0 2420.0 13620.0 3620.0 13220.0 13620.0 14820.0 12420.0 13620.0 14020.0 3220.0 13220.0 2420.0 14820.0 15220.0 14020.0 14420.0 11620.0 3220.0 14420.0 4020.0 14420.0 2420.0 2420.0 12820.0 13620.0 4020.0 14820.0 14020.0 2020.0 14420.0 14420.0 14820.0 4020.0 2020.0 12820.0 13220.0 14020.0 14820.0 2820.0 14020.0 13620.0 14420.0 16020.0 12420.0 14420.0 13220.0 14420.0 0.0 12820.0 14420.0 12820.0 14020.0 14420.0 3220.0 3220.0 13620.0 14020.0 4420.0 15620.0 2420.0 14420.0 12820.0 2820.0 12020.0 14420.0 14820.0
0.0 13220.0 14020.0 12820.0 1220.0 2020.0 13220.0 13220.0 2420.0 12820.0 12020.0 14420.0 12820.0 2420.0 2420.0 12420.0 14020.0 12820.0 12420.0 2420.0 12020.0 12020.0 12820.0 1220.0 4020.0 13220.0 4020.0 14820.0 14020.0 12820.0 14020.0 2420.0 1220.0 2020.0 13220.0 13220.0 2420.0 13220.0 820.0 1620.0 13220.0 13220.0 2820.0 13220.0 12420.0 13220.0 13220.0 13220.0 14020.0 12820.0 2820.0 14020.0 12420.0 12820.0 14020.0 2420.0 13220.0 13220.0 11220.0 13220.0 14020.0 13620.0 12820.0 12420.0 13220.0 13620.0 14020.0 13620.0 13620.0 11220.0 11620.0 13220.0 2420.0 13220.0 13220.0 2420.0 14020.0 15620.0 13220.0 13220.0 13220.0 14020.0 13620.0 0.0 13620.0 11620.0 3220.0 2820.0 12420.0 14420.0 13620.0 13620.0 14420.0 14820.0 14020.0 13620.0 2020.0 13220.0 820.0 13220.0 13620.0
0.0 14020.0 3620.0 12820.0 13220.0 13620.0 12820.0 2820.0 14020.0 2820.0 3220.0 14020.0 14420.0 14020.0 12820.0 13620.0 2420.0 3220.0 14420.0 14020.0 13220.0 14020.0 14420.0 14020.0 14820.0 13620.0 12420.0 13220.0 14020.0 13220.0 4020.0 14020.0 14420.0 13620.0 12420.0 13620.0 14020.0 12020.0 12820.0 13220.0 4820.0 3620.0 12820.0 2020.0 13620.0 14420.0 11220.0 3620.0 14420.0 13620.0 14420.0 14420.0 13620.0 13620.0 14820.0 14020.0 13220.0 14020.0 13220.0 13620.0 13620.0 3620.0 3220.0 13220.0 4420.0 14820.0 12420.0 13220.0 14020.0 12820.0 13620.0 3220.0 14020.0 13620.0 2020.0 14020.0 2420.0 5220.0 2420.0 14420.0 13220.0 12420.0 14420.0 13220.0 0.0 3220.0 15220.0 14020.0 13220.0 15220.0 3220.0 1220.0 13220.0 2420.0 13220.0 11220.0 13620.0 13620.0 13620.0 13620.0 3620.0
0.0 12420.0 3620.0 12820.0 13220.0 12820.0 12420.0 2020.0 12420.0 2420.0 2820.0 14020.0 14020.0 14020.0 14020.0 12420.0 3620.0 1620.0 12420.0 12420.0 11620.0 11220.0 14420.0 13220.0 14420.0 13620.0 14020.0 14420.0 13620.0 12820.0 2420.0 13620.0 13620.0 12020.0 14420.0 12420.0 13620.0 14020.0 12820.0 12820.0 3620.0 3220.0 12820.0 2020.0 11620.0 13620.0 13220.0 2820.0 13620.0 14020.0 13620.0 13620.0 12020.0 13220.0 13620.0 13620.0 12420.0 13220.0 12820.0 12420.0 13220.0 3220.0 1220.0 11620.0 2820.0 13620.0 14420.0 12820.0 13620.0 12420.0 13220.0 3220.0 13620.0 14020.0 2020.0 12420.0 2420.0 5220.0 2820.0 12420.0 12420.0 14420.0 12820.0 12420.0 2420.0 0.0 15220.0 13620.0 13620.0 14820.0 2020.0 3220.0 14420.0 4020.0 13220.0 13220.0 12420.0 12420.0 12820.0 14020.0 2820.0
0.0 12420.0 14420.0 12820.0 2820.0 2020.0 12820.0 12820.0 2020.0 13220.0 13620.0 14020.0 14420.0 3620.0 3620.0 12820.0 13220.0 12420.0 12820.0 2020.0 11620.0 11220.0 14420.0 2820.0 820.0 13620.0 3220.0 14420.0 14020.0 12020.0 13620.0 3220.0 2820.0 1220.0 14020.0 12420.0 2820.0 14020.0 2020.0 2020.0 14420.0 14020.0 2020.0 12820.0 12020.0 12420.0 12820.0 13620.0 14020.0 14420.0 2820.0 12820.0 12020.0 13620.0 12820.0 3220.0 12820.0 13220.0 12820.0 12820.0 13220.0 14020.0 12420.0 12020.0 13620.0 14020.0 14820.0 13220.0 12420.0 12420.0 13220.0 14020.0 3220.0 14020.0 12820.0 2020.0 13620.0 16020.0 13620.0 12820.0 12420.0 14020.0 12820.0 1620.0 13220.0 11220.0 0.0 2420.0 13620.0 14820.0 13220.0 13620.0 14420.0 15220.0 13620.0 13220.0 2020.0 12420.0 2420.0 14020.0 13620.0
0.0 13220.0 14020.0 14020.0 1220.0 2820.0 13620.0 14020.0 2420.0 14020.0 12820.0 14820.0 14020.0 2020.0 2420.0 11620.0 13620.0 12820.0 13620.0 2420.0 12820.0 12820.0 13620.0 1620.0 4020.0 13620.0 3620.0 14820.0 12020.0 12020.0 14020.0 2020.0 2020.0 2020.0 14020.0 13620.0 2020.0 14020.0 1620.0 2420.0 13620.0 12820.0 3220.0 14020.0 13220.0 12820.0 12820.0 13620.0 14020.0 14020.0 3620.0 14020.0 12820.0 14020.0 14020.0 2820.0 14020.0 12020.0 12420.0 13220.0 14420.0 12820.0 13220.0 13220.0 14420.0 14020.0 14420.0 12820.0 13220.0 12020.0 12420.0 12820.0 3620.0 13620.0 13620.0 2820.0 14020.0 14420.0 14020.0 13620.0 12820.0 14020.0 13620.0 1220.0 14020.0 12820.0 4020.0 0.0 11220.0 14820.0 13620.0 13620.0 14820.0 15620.0 13620.0 14420.0 820.0 13220.0 2020.0 14020.0 13620.0
0.0 2020.0 14020.0 14020.0 13620.0 12820.0 13220.0 13620.0 12820.0 13220.0 12020.0 3620.0 13620.0 13220.0 12820.0 11220.0 12820.0 12420.0 2820.0 12820.0 12020.0 12820.0 2420.0 12020.0 14420.0 2820.0 13620.0 3620.0 13220.0 13620.0 13220.0 12020.0 12020.0 12020.0 13620.0 2820.0 12020.0 2820.0 13220.0 12420.0 13220.0 13220.0 13620.0 13220.0 2020.0 12420.0 1620.0 13220.0 13620.0 14420.0 13620.0 14020.0 1620.0 13620.0 3220.0 13220.0 2820.0 820.0 13220.0 12820.0 3220.0 12420.0 12820.0 2420.0 13620.0 13620.0 14020.0 3220.0 2820.0 12820.0 12020.0 14420.0 14420.0 2820.0 13220.0 12820.0 13620.0 15620.0 13620.0 13220.0 12420.0 13620.0 2420.0 12820.0 13620.0 13220.0 14420.0 14420.0 0.0 4020.0 13220.0 13220.0 3620.0 15220.0 2420.0 13620.0 11220.0 2020.0 13220.0 13220.0 13620.0
0.0 2820.0 14420.0 13220.0 13620.0 13620.0 13620.0 14820.0 13220.0 13620.0 14420.0 4820.0 14420.0 14420.0 12420.0 14020.0 12820.0 13220.0 3220.0 13620.0 13620.0 13220.0 4020.0 14020.0 15220.0 3620.0 14420.0 4420.0 13620.0 14420.0 15220.0 12820.0 14020.0 12820.0 14420.0 2420.0 12820.0 3620.0 11220.0 13620.0 15620.0 14420.0 13620.0 13620.0 3220.0 13220.0 2420.0 13620.0 14020.0 14020.0 13620.0 14820.0 2820.0 14420.0 4020.0 14020.0 2820.0 3220.0 12820.0 13620.0 4020.0 15220.0 14020.0 2020.0 14020.0 14820.0 14820.0 4020.0 3220.0 12420.0 14020.0 14420.0 13220.0 2420.0 12020.0 13620.0 14420.0 16020.0 14420.0 14420.0 12820.0 14420.0 3220.0 13220.0 14020.0 13220.0 14820.0 15220.0 4020.0 0.0 13620.0 11620.0 4420.0 15620.0 2420.0 13620.0 13620.0 2820.0 12820.0 13620.0 13620.0
0.0 12420.0 4020.0 13220.0 13620.0 13620.0 13220.0 3220.0 13620.0 2820.0 2820.0 12820.0 12020.0 14420.0 13220.0 13620.0 2820.0 2420.0 14420.0 13620.0 13220.0 14420.0 13220.0 13220.0 14020.0 13220.0 12820.0 13620.0 12820.0 14820.0 2420.0 13220.0 13220.0 13220.0 12820.0 14020.0 13220.0 12820.0 13220.0 13220.0 3620.0 4020.0 13620.0 2420.0 13620.0 13220.0 11620.0 3620.0 14820.0 14020.0 11620.0 14420.0 13620.0 14020.0 12820.0 14020.0 13220.0 12820.0 13620.0 13620.0 13620.0 2420.0 3220.0 14020.0 4020.0 11620.0 13620.0 13620.0 14420.0 13620.0 13220.0 2820.0 14020.0 14020.0 2420.0 13620.0 2820.0 3620.0 2420.0 14420.0 13620.0 12820.0 14020.0 13220.0 2820.0 3620.0 15620.0 14420.0 13620.0 13220.0 0.0 1620.0 13620.0 2420.0 13620.0 11620.0 12420.0 13620.0 13620.0 14020.0 3620.0
0.0 13620.0 2820.0 14420.0 14420.0 12820.0 14420.0 4020.0 13620.0 2420.0 3620.0 15220.0 14020.0 14020.0 11620.0 13620.0 1620.0 2820.0 13220.0 13620.0 14020.0 14020.0 14820.0 14020.0 15220.0 14820.0 14020.0 14820.0 12820.0 14820.0 4020.0 13220.0 14420.0 13220.0 14020.0 14820.0 13220.0 14020.0 14020.0 14420.0 4820.0 3620.0 14420.0 3220.0 14420.0 13220.0 12820.0 2820.0 16020.0 15220.0 13620.0 14820.0 13220.0 14820.0 14820.0 14020.0 14420.0 14020.0 14020.0 13620.0 15220.0 3620.0 3620.0 14420.0 4020.0 13620.0 14820.0 14020.0 13220.0 13620.0 14020.0 3620.0 15620.0 12820.0 3620.0 13620.0 3620.0 5220.0 3220.0 14820.0 13620.0 14020.0 14020.0 13620.0 4020.0 3220.0 14420.0 15220.0 14820.0 15220.0 2420.0 0.0 14420.0 4420.0 12420.0 13620.0 14020.0 13620.0 14020.0 12820.0 4820.0
0.0 3220.0 14020.0 12820.0 13220.0 13620.0 12820.0 11220.0 14020.0 13620.0 14020.0 4020.0 14420.0 14020.0 12420.0 13220.0 13220.0 13620.0 3220.0 14020.0 13220.0 12820.0 4020.0 14020.0 14820.0 4020.0 12420.0 2420.0 13620.0 13620.0 14420.0 14020.0 14420.0 13220.0 11620.0 2820.0 14020.0 3620.0 12820.0 12820.0 15220.0 14020.0 12820.0 12020.0 2820.0 14020.0 420.0 14420.0 14820.0 13620.0 14020.0 12820.0 2420.0 13220.0 4020.0 14020.0 2420.0 3220.0 12420.0 13620.0 4020.0 13620.0 13620.0 2420.0 15220.0 14820.0 14820.0 4020.0 3220.0 12820.0 13620.0 14420.0 14020.0 2820.0 12420.0 14020.0 14820.0 16020.0 14020.0 14420.0 12420.0 12420.0 3620.0 13220.0 13220.0 12820.0 14020.0 13620.0 3220.0 3620.0 14020.0 11620.0 0.0 15220.0 2420.0 13620.0 13220.0 2420.0 13220.0 13620.0 14020.0
0.0 14420.0 4420.0 14420.0 14020.0 12820.0 14420.0 2420.0 14420.0 3220.0 3220.0 15620.0 14420.0 14820.0 13620.0 12820.0 4020.0 3220.0 14420.0 14420.0 13620.0 13620.0 14020.0 13620.0 15220.0 15220.0 14020.0 11620.0 14020.0 12820.0 3220.0 13620.0 14020.0 13620.0 13620.0 14820.0 13620.0 13620.0 14020.0 13620.0 4020.0 4020.0 14820.0 2820.0 14020.0 14020.0 12820.0 3620.0 15220.0 13220.0 14820.0 12420.0 14020.0 12820.0 15220.0 14820.0 14020.0 13220.0 13220.0 14420.0 11620.0 4820.0 3620.0 14420.0 4820.0 15220.0 13220.0 12420.0 15220.0 12820.0 13620.0 4020.0 15620.0 15220.0 3620.0 14420.0 4020.0 3220.0 2820.0 14820.0 14020.0 14020.0 14820.0 13620.0 3220.0 2820.0 14820.0 13620.0 14020.0 14020.0 4020.0 2820.0 12820.0 0.0 14820.0 14020.0 12820.0 14420.0 13220.0 14820.0 4020.0
0.0 3620.0 13620.0 14020.0 14420.0 14420.0 14020.0 13620.0 14420.0 13220.0 14820.0 4420.0 15220.0 14420.0 14020.0 14020.0 14020.0 14020.0 3620.0 14420.0 13620.0 13220.0 4420.0 14820.0 14820.0 3620.0 14020.0 3620.0 11220.0 14820.0 13620.0 13220.0 14820.0 14020.0 12420.0 3220.0 14420.0 2020.0 14020.0 14020.0 14420.0 13620.0 14020.0 12420.0 3220.0 14420.0 1620.0 13620.0 15220.0 14020.0 12420.0 15220.0 3220.0 13620.0 2820.0 14020.0 3220.0 3620.0 12820.0 14420.0 3620.0 12820.0 14020.0 3220.0 15220.0 15220.0 13220.0 1620.0 4020.0 13220.0 14820.0 14820.0 14820.0 3620.0 14020.0 14420.0 14420.0 14820.0 12420.0 14020.0 13220.0 13620.0 4020.0 14420.0 14420.0 13220.0 14820.0 15220.0 3220.0 3220.0 14820.0 13220.0 3620.0 14420.0 0.0 12420.0 14020.0 3220.0 13620.0 14420.0 14820.0
0.0 14020.0 14020.0 2020.0 13220.0 13620.0 2020.0 13620.0 14020.0 13620.0 14020.0 14020.0 3620.0 14020.0 12420.0 2420.0 12820.0 13620.0 14020.0 14020.0 2820.0 3220.0 14020.0 14020.0 14820.0 14820.0 12420.0 12820.0 2820.0 4020.0 14420.0 14020.0 14420.0 13220.0 1620.0 13620.0 14020.0 14420.0 12820.0 12820.0 15220.0 14020.0 12820.0 12420.0 14020.0 3220.0 11220.0 14020.0 4020.0 2820.0 14020.0 3620.0 14020.0 2820.0 14420.0 13620.0 12820.0 13620.0 2420.0 2820.0 13620.0 14020.0 14020.0 13220.0 14820.0 4020.0 4020.0 14420.0 14020.0 2020.0 2820.0 14020.0 14020.0 13620.0 12420.0 14020.0 12820.0 15620.0 14420.0 4020.0 2420.0 1620.0 14420.0 13220.0 13220.0 13620.0 15220.0 13620.0 14020.0 14820.0 13620.0 11620.0 12820.0 12820.0 13220.0 0.0 13220.0 13620.0 13220.0 2820.0 14020.0
0.0 12420.0 13620.0 13620.0 2820.0 2020.0 12820.0 13220.0 1620.0 13220.0 12020.0 14020.0 13220.0 3620.0 2820.0 12420.0 12820.0 12020.0 13220.0 1620.0 12020.0 13220.0 13620.0 820.0 4020.0 13220.0 2820.0 14020.0 12820.0 13220.0 13620.0 1220.0 1220.0 1220.0 13220.0 13220.0 1220.0 13220.0 2020.0 1620.0 12820.0 14020.0 2820.0 13220.0 12420.0 12020.0 12020.0 12820.0 13220.0 14020.0 2820.0 13620.0 12020.0 13220.0 13620.0 2020.0 13220.0 11220.0 12820.0 12420.0 13620.0 13620.0 12420.0 12820.0 13620.0 13220.0 13620.0 13220.0 13220.0 12420.0 11620.0 14020.0 3620.0 13220.0 12820.0 2020.0 13220.0 15620.0 13220.0 12820.0 12020.0 13620.0 12820.0 1620.0 13220.0 13220.0 3620.0 3620.0 12020.0 14820.0 12820.0 12820.0 14020.0 14820.0 12820.0 13620.0 0.0 12420.0 2020.0 13220.0 13220.0
0.0 1620.0 14020.0 13620.0 13220.0 12820.0 12020.0 13220.0 12420.0 13220.0 12020.0 2820.0 13620.0 13620.0 14020.0 12020.0 12820.0 12420.0 820.0 12820.0 12020.0 13620.0 3220.0 11620.0 14020.0 2820.0 13620.0 3620.0 13220.0 13620.0 12820.0 12020.0 12020.0 12020.0 13620.0 2820.0 12020.0 2820.0 12820.0 12420.0 13220.0 14020.0 13620.0 13220.0 820.0 12020.0 1620.0 13220.0 13620.0 14420.0 13620.0 14020.0 820.0 13620.0 2820.0 12820.0 1620.0 820.0 12820.0 12820.0 2820.0 13620.0 11620.0 2420.0 13620.0 13620.0 14020.0 2020.0 2820.0 12420.0 11620.0 13620.0 13220.0 2820.0 13220.0 12820.0 12820.0 15620.0 12020.0 13220.0 11220.0 13620.0 2420.0 12420.0 12420.0 13220.0 14420.0 14420.0 1620.0 4020.0 13220.0 13220.0 3620.0 14820.0 2420.0 12820.0 11220.0 0.0 12420.0 13220.0 13220.0
0.0 13620.0 14820.0 13620.0 820.0 2420.0 13620.0 14020.0 2820.0 13620.0 12820.0 14420.0 13620.0 1620.0 3220.0 12820.0 14420.0 13220.0 12020.0 2820.0 12820.0 12420.0 13620.0 2020.0 4020.0 13220.0 3620.0 15620.0 14020.0 12420.0 14820.0 3220.0 2420.0 2420.0 14020.0 13220.0 3220.0 14020.0 1620.0 2420.0 14020.0 12420.0 3220.0 14020.0 13220.0 13620.0 14020.0 14020.0 14820.0 13220.0 3620.0 13620.0 13220.0 13620.0 13620.0 3220.0 14020.0 13220.0 12020.0 13620.0 14820.0 14020.0 13620.0 12820.0 14020.0 14420.0 14420.0 14420.0 14420.0 11620.0 12420.0 12820.0 3220.0 13220.0 14020.0 2820.0 13620.0 16020.0 13620.0 14020.0 13620.0 14820.0 14020.0 1220.0 14420.0 12420.0 4020.0 2420.0 12820.0 14420.0 14020.0 13220.0 14820.0 15620.0 14020.0 14420.0 2020.0 13620.0 0.0 14020.0 14020.0
0.0 13220.0 11620.0 2820.0 12420.0 12820.0 2420.0 13220.0 13220.0 11220.0 13620.0 14420.0 2820.0 12020.0 13620.0 1620.0 14020.0 12820.0 12020.0 11620.0 2020.0 1620.0 13620.0 13220.0 13220.0 12820.0 14020.0 14820.0 3220.0 2820.0 14020.0 13220.0 13620.0 12820.0 3220.0 13220.0 13220.0 12420.0 13220.0 13220.0 14420.0 12420.0 12420.0 12420.0 12420.0 2820.0 12820.0 14420.0 4020.0 2420.0 12820.0 2020.0 12420.0 2420.0 14020.0 13620.0 13220.0 12820.0 1220.0 1220.0 14420.0 14420.0 12820.0 12420.0 14020.0 2420.0 2420.0 13620.0 14020.0 1620.0 2420.0 12020.0 14420.0 13220.0 13620.0 11620.0 14420.0 14820.0 12420.0 3220.0 2020.0 3620.0 12020.0 12820.0 13620.0 12420.0 12820.0 14020.0 13620.0 14020.0 12020.0 12820.0 13620.0 14020.0 14420.0 2020.0 12420.0 13220.0 12020.0 0.0 14420.0
0.0 11620.0 3620.0 13220.0 13220.0 12020.0 13220.0 2820.0 11620.0 1620.0 2420.0 14420.0 14020.0 13620.0 14420.0 12820.0 3220.0 2420.0 13620.0 13220.0 13220.0 12820.0 12420.0 12820.0 12820.0 13220.0 14420.0 14020.0 14820.0 13220.0 3220.0 13220.0 13220.0 12820.0 12420.0 13220.0 14020.0 11220.0 12020.0 12820.0 3620.0 2420.0 12020.0 2020.0 13620.0 13620.0 13220.0 3220.0 12020.0 14020.0 14020.0 14020.0 13620.0 13620.0 11620.0 13220.0 12420.0 13620.0 12420.0 13220.0 12820.0 3220.0 2020.0 12420.0 2020.0 14420.0 12020.0 14420.0 13620.0 12020.0 12820.0 3220.0 14420.0 14020.0 1220.0 13220.0 2020.0 4420.0 1620.0 14020.0 12420.0 11620.0 13620.0 13220.0 3220.0 2020.0 15220.0 14020.0 12820.0 13220.0 3220.0 3220.0 12820.0 4820.0 14420.0 14020.0 13220.0 13220.0 12420.0 13620.0 0.0
