100 5
950 1889 3991 6 1
830 7972 9948 2 1
325 7581 9219 9 10
198 4807 7193 6 4
72 6898 8630 3 3
510 7045 9065 10 5
1050 9068 11148 9 1
952 3054 5436 8 9
644 10728 12972 6 8
1290 7911 10017 7 8
990 8769 10863 5 3
936 5472 7848 7 10
806 6179 8285 10 9
980 12806 14830 3 1
483 10605 12765 6 10
350 5497 7703 10 1
960 5927 7529 5 2
830 10962 12846 5 4
240 5031 6827 10 5
336 6763 8933 3 5
305 4618 6878 2 5
492 9892 11528 6 9
270 5713 7807 2 4
85 11646 13782 1 4
182 9721 11615 6 8
126 11530 13794 9 10
55 3591 5409 1 1
1300 6264 7884 7 8
272 4057 6275 1 6
420 6267 8113 5 4
980 13781 15799 8 8
517 8824 10884 3 5
300 8780 10382 3 9
429 11764 13376 5 10
504 11028 12744 6 2
481 8936 11224 7 10
270 5268 7472 1 5
552 2872 5228 2 7
820 6975 8793 2 9
806 7426 9272 7 2
826 9411 11029 7 1
616 9479 11101 1 7
33 2512 4820 3 7
1335 4193 6031 5 9
240 8780 10640 2 6
12 7135 9505 2 3
276 3956 6264 2 3
50 10178 12502 10 2
768 4690 6608 10 9
228 6644 8962 8 3
264 7186 9486 4 8
532 3663 5345 2 1
792 3446 5604 9 7
280 2917 4691 10 9
525 9360 11700 8 10
228 5813 8035 1 3
747 7282 9662 1 2
165 6392 8182 7 7
266 12523 14231 1 3
570 13441 15719 1 4
1204 10310 12130 8 4
960 5650 7982 9 1
145 3980 5992 5 3
395 2460 4656 8 6
24 3780 5838 3 9
949 7259 9285 10 4
890 11040 12696 6 9
520 7301 9673 4 7
108 3298 4906 7 9
384 11833 14057 3 3
832 4666 6296 8 8
759 6158 8498 9 9
979 11881 14249 7 10
960 8464 10170 5 3
1176 7121 9091 10 1
285 12858 14742 2 5
544 12342 14146 5 10
364 2528 4696 2 3
1089 3205 5517 4 1
72 7278 9298 1 10
235 6779 8733 4 2
182 2266 4286 7 2
370 13856 15656 4 5
980 8270 10210 2 3
1275 8967 11261 3 6
444 8568 10572 8 3
663 9828 11492 3 4
50 4851 6993 5 8
558 11053 12997 9 2
324 3001 5077 7 8
462 7737 10047 6 7
210 6280 8080 8 9
402 11638 13862 9 2
767 4462 6738 4 2
1134 4192 6056 5 1
444 6168 8142 9 9
603 4222 6350 6 3
345 2362 4738 2 3
248 5130 6806 9 4
66 3393 5743 1 9
SETUP
0 123 93 62 93 93 62 93 93 72 62 72 52 72 72 72 72 123 62 93 72 62 103 72 93 62 72 93 82 93 52 41 41 52 72 93 72 82 103 82 21 82 82 72 103 72 82 52 62 52 72 113 52 52 93 72 72 72 72 82 113 82 82 52 72 52 72 72 52 72 82 72 72 72 41 72 82 93 72 72 93 93 103 72 62 72 103 62 72 62 93 93 93 62 41 41 82 62 93 103 82
0 0 318 287 41 82 297 277 328 318 52 307 287 287 297 318 328 359 297 328 307 307 267 72 72 297 62 287 328 318 297 307 307 287 318 328 41 318 338 318 318 297 307 328 307 318 113 287 297 318 318 297 307 307 307 277 318 307 307 318 328 41 318 287 62 297 307 307 287 72 318 318 297 287 31 307 307 277 287 72 318 318 318 307 297 307 318 318 307 41 287 318 328 307 277 62 297 287 297 338 297
0 359 0 297 307 338 93 297 338 318 297 318 41 277 297 328 328 113 307 338 72 72 328 318 338 328 307 307 348 328 307 62 318 287 307 297 307 82 318 93 62 52 52 307 328 318 348 318 297 318 318 318 307 297 328 62 338 307 318 318 103 307 348 287 307 328 328 307 287 328 338 318 297 41 318 338 318 307 277 318 328 82 338 297 307 307 338 328 307 297 328 328 113 318 297 338 318 297 328 338 297
0 348 318 0 328 338 338 338 338 328 328 72 328 328 256 318 103 318 52 93 307 307 318 307 348 318 328 328 338 72 328 318 287 318 338 113 297 318 307 297 318 328 318 338 72 307 318 82 318 338 307 348 318 93 338 328 318 267 318 338 369 338 328 82 338 328 318 267 318 318 348 318 307 287 328 338 318 338 72 307 93 348 93 287 318 318 359 318 307 318 82 318 348 318 318 348 72 52 338 338 287
0 62 328 297 0 62 307 297 338 307 72 297 297 307 307 307 318 348 307 338 318 307 318 52 93 307 52 328 338 287 287 287 277 307 307 318 11 307 318 328 318 318 297 307 328 297 82 297 287 297 297 267 287 318 277 307 297 318 287 307 348 62 307 287 72 297 297 318 287 72 318 307 307 297 41 307 297 297 297 62 307 318 338 297 287 318 287 318 307 11 328 318 338 287 277 31 318 307 338 328 318
0 103 369 348 123 0 348 359 369 338 113 338 338 338 359 359 359 369 338 369 348 348 359 93 123 338 93 359 369 369 359 328 328 348 359 369 103 359 369 359 307 348 348 369 369 338 123 338 338 338 338 369 328 359 348 359 359 369 338 359 369 123 359 338 113 338 369 359 328 123 369 348 318 338 113 348 348 359 338 123 359 359 369 348 328 359 369 348 318 93 369 359 369 328 359 113 369 348 369 369 348
0 307 41 277 297 287 0 307 287 307 297 267 41 297 287 318 297 93 287 318 52 52 297 307 318 287 267 307 318 297 297 31 307 287 297 277 256 21 297 82 82 52 41 307 297 307 307 287 267 277 307 318 287 297 287 52 287 297 267 307 103 287 307 287 256 287 307 297 287 297 328 287 287 52 277 297 277 287 287 307 287 41 287 277 267 297 307 297 287 267 318 287 72 297 287 328 307 297 328 338 287
0 318 297 297 256 307 307 0 318 307 307 297 287 52 287 62 318 348 297 297 287 277 318 307 338 307 307 72 72 297 297 297 31 297 318 318 256 318 318 318 318 307 307 318 277 52 328 297 297 62 62 267 287 318 41 287 287 62 287 297 338 256 297 287 297 62 297 72 31 287 287 307 307 287 287 307 297 256 287 287 318 318 328 297 52 318 52 328 72 256 307 318 338 287 246 277 287 297 328 318 287
0 297 307 277 307 297 287 318 0 41 307 277 297 307 52 328 307 328 297 318 297 297 62 277 318 287 277 287 318 318 307 277 318 297 62 297 287 267 62 287 318 277 287 318 297 277 328 277 31 287 277 72 21 297 297 307 11 297 277 338 318 318 267 307 297 277 82 297 307 297 82 287 52 297 287 41 287 72 287 297 297 297 318 41 267 307 328 297 287 277 307 52 318 267 307 318 318 297 307 307 307
0 328 318 307 338 318 318 328 113 0 328 297 318 307 72 359 348 369 277 277 287 287 62 297 348 318 307 307 318 287 328 328 348 318 82 348 277 338 52 267 338 318 318 307 318 338 348 307 62 328 338 93 82 328 318 328 93 328 318 328 369 297 287 318 328 307 93 318 318 297 93 328 72 318 318 82 318 52 307 318 318 348 338 82 328 287 338 307 328 287 318 93 348 328 297 328 328 318 338 338 318
0 72 307 277 52 52 297 307 277 287 0 267 277 287 287 307 287 328 287 318 297 287 297 31 72 277 31 307 318 297 256 267 307 287 287 318 52 277 297 307 318 287 277 297 307 287 72 287 256 277 287 307 277 297 287 297 287 287 267 318 348 41 297 287 11 287 307 287 287 52 307 277 267 287 31 297 277 287 287 31 287 287 307 267 256 287 297 297 277 21 297 287 318 277 267 82 297 287 328 318 287
0 307 328 11 287 267 297 307 328 297 307 0 297 287 267 328 72 328 62 82 318 318 318 297 338 287 267 307 318 52 307 297 297 297 307 82 297 307 318 307 318 307 297 287 52 297 328 52 256 307 297 307 287 62 287 307 328 277 297 328 359 307 328 52 307 297 328 277 297 328 328 277 277 297 297 318 267 307 52 297 21 307 52 287 297 297 328 307 287 256 72 287 318 287 307 318 72 52 338 328 277
0 318 72 256 297 307 52 287 297 287 267 287 0 267 267 287 307 82 267 307 31 41 318 277 307 297 277 287 307 307 267 41 297 256 297 297 297 52 318 62 52 41 52 318 318 287 328 287 267 297 287 307 277 287 287 21 307 277 287 287 72 297 318 256 267 287 318 277 256 287 318 287 267 31 287 297 277 287 267 287 297 62 318 287 277 277 318 297 277 267 307 287 82 277 287 318 277 256 297 297 287
0 328 318 267 277 307 297 31 297 287 267 287 256 0 267 52 297 328 267 307 287 287 318 287 307 297 277 31 72 307 277 267 52 267 297 297 277 297 318 307 277 267 297 297 297 52 328 287 267 41 41 287 277 267 52 267 307 41 287 287 318 277 318 256 277 52 297 31 21 297 307 287 267 256 287 307 287 277 246 287 297 297 307 287 31 277 62 297 31 267 297 297 328 277 267 297 287 267 297 307 267
0 338 338 318 328 338 328 338 113 72 338 318 328 318 0 348 338 307 297 338 307 307 103 318 338 307 318 318 338 307 318 318 318 328 93 359 328 338 103 338 307 318 328 328 338 318 318 318 72 328 318 103 62 328 328 338 103 256 318 359 369 338 338 328 338 318 72 338 328 318 113 318 52 277 338 82 307 93 318 297 338 338 328 72 307 307 359 328 307 318 318 93 338 307 318 348 348 287 369 348 287
0 318 318 287 297 307 297 62 297 287 267 287 297 41 297 0 307 338 277 307 287 287 318 277 338 297 277 52 72 307 267 287 52 256 307 328 297 297 318 307 277 297 297 318 328 41 328 287 267 52 41 318 277 307 52 307 307 62 287 328 348 307 318 297 267 41 318 62 52 297 318 287 267 256 287 297 277 297 287 287 297 297 318 287 31 277 72 297 31 267 297 287 318 277 277 328 318 256 338 318 297
0 338 328 62 287 318 297 287 338 287 318 52 297 287 267 318 0 328 41 72 297 297 297 287 348 297 287 297 328 31 307 297 307 307 246 82 297 318 328 318 297 307 307 287 72 287 328 52 287 307 287 307 277 72 297 318 318 277 287 328 359 287 297 62 307 287 328 318 297 307 328 287 267 267 307 307 287 287 21 287 62 307 93 297 287 277 328 318 277 287 62 307 328 277 287 307 21 21 338 328 297
0 359 103 328 338 277 72 338 338 328 307 318 93 328 307 369 348 0 328 328 31 103 359 287 359 307 318 328 307 328 318 82 348 297 307 338 318 82 348 82 93 82 52 348 338 328 307 297 307 328 328 359 318 318 338 113 338 318 318 328 123 338 318 338 318 297 328 348 338 348 369 328 307 72 328 318 318 338 318 328 338 93 338 328 318 318 318 297 318 307 307 338 93 318 328 369 318 307 369 359 307
0 338 297 41 318 297 287 318 328 318 297 31 318 318 287 348 82 348 0 41 256 267 338 267 318 287 287 318 287 72 297 307 318 287 297 72 297 307 338 328 328 328 287 307 72 318 348 41 277 318 318 328 307 62 307 328 318 297 307 318 359 307 328 72 297 287 318 297 318 267 348 297 297 297 318 297 297 297 52 307 41 328 72 307 307 307 307 277 307 277 52 307 318 307 307 338 62 52 328 348 287
0 359 318 72 328 318 338 318 338 338 328 82 307 307 297 348 103 359 62 0 297 287 338 328 348 338 328 328 328 113 328 328 328 318 348 113 328 338 328 348 328 318 338 359 52 338 348 82 318 338 338 338 328 82 348 307 318 307 328 348 359 267 328 72 318 328 338 338 318 297 307 318 318 307 328 338 307 267 52 297 93 338 93 328 318 328 348 338 328 318 72 348 359 318 267 348 52 72 359 318 307
0 348 103 307 328 318 62 338 338 328 328 297 82 318 318 359 328 123 318 348 0 72 338 318 369 318 297 338 328 338 338 62 338 318 328 338 318 72 328 72 103 82 72 338 328 318 348 328 297 307 318 338 318 328 318 93 348 328 297 348 123 338 348 328 318 328 359 328 318 328 359 318 307 82 328 338 307 338 318 328 318 72 318 307 287 328 297 328 318 297 287 318 103 318 338 359 338 328 369 338 328
0 359 93 287 318 348 93 338 338 359 338 328 82 318 297 359 318 113 307 277 72 0 328 328 307 307 328 338 338 338 348 52 328 328 318 348 318 103 318 93 103 93 103 338 307 328 338 328 318 307 328 338 338 318 338 72 348 307 287 318 123 287 359 328 318 328 359 297 328 256 328 318 338 72 338 338 328 287 318 318 348 103 297 297 318 348 359 328 348 318 328 348 93 338 287 338 318 338 318 348 318
0 338 297 277 318 328 287 307 72 62 287 307 267 287 41 307 328 348 287 328 297 297 0 297 297 287 287 277 318 328 287 307 318 277 72 318 297 307 82 328 318 297 318 338 318 307 338 277 41 318 307 62 52 297 307 287 82 297 297 307 338 318 328 277 287 277 52 297 277 307 93 307 41 287 267 52 297 72 287 307 318 318 307 62 297 297 328 307 287 287 328 72 318 297 297 328 297 277 287 318 307
0 82 328 297 62 72 297 307 307 297 31 287 307 297 287 328 318 338 297 328 318 318 328 0 103 297 41 297 328 297 277 287 318 267 277 328 62 307 318 318 318 307 267 318 338 297 93 287 277 307 297 328 287 307 297 318 318 307 287 338 359 72 318 307 41 287 328 318 307 82 328 287 277 297 52 307 287 307 287 62 307 307 328 297 287 287 328 318 287 31 318 297 328 287 287 93 287 267 348 328 307
0 62 318 277 41 52 297 277 287 297 41 267 267 256 277 307 297 338 287 318 297 287 307 52 0 287 31 287 318 307 287 277 307 277 297 318 11 307 297 318 287 277 287 307 307 297 72 287 267 287 297 297 287 277 287 256 297 287 267 297 307 41 307 267 21 287 307 287 267 62 318 287 287 267 31 307 277 287 267 52 287 287 318 277 267 287 307 307 287 21 307 287 318 287 277 31 277 277 307 318 277
0 338 318 297 287 318 277 277 318 297 318 287 297 307 287 328 318 338 277 297 287 287 328 297 338 0 297 328 277 297 72 287 307 62 318 307 287 297 318 328 287 318 307 72 307 297 318 267 287 297 297 297 287 267 277 318 307 287 52 62 338 287 72 297 287 277 297 318 307 297 318 62 287 267 287 287 52 277 256 297 307 307 318 297 287 72 307 21 287 287 307 307 277 41 41 307 318 307 103 82 41
0 93 328 287 62 62 287 297 318 287 41 287 277 277 297 318 307 338 287 318 297 297 318 41 93 267 0 297 307 318 287 287 297 277 307 318 52 307 318 307 307 287 297 318 307 287 93 277 277 297 287 318 267 287 287 297 328 307 287 318 338 62 307 287 52 287 328 307 287 72 328 297 267 277 62 297 287 297 277 62 297 287 297 287 277 297 328 287 267 31 328 307 307 277 297 82 318 287 328 318 287
0 369 359 328 348 338 328 113 359 318 328 318 318 93 328 113 338 369 338 348 267 338 307 318 348 328 307 0 82 348 338 318 113 318 338 359 328 338 297 338 359 338 328 348 338 72 369 318 307 82 72 277 307 338 93 328 348 93 318 348 338 359 348 318 338 82 348 93 72 348 369 328 328 338 318 338 328 359 338 328 338 338 338 318 72 338 72 348 93 307 297 338 307 307 348 369 348 328 338 338 348
0 348 338 318 338 338 328 93 348 318 318 318 328 72 246 93 338 307 297 328 307 307 338 287 328 307 318 82 0 307 318 318 82 307 318 318 318 338 338 307 307 318 307 328 307 72 318 318 318 72 72 348 307 328 82 318 267 21 318 359 328 348 287 328 328 72 318 93 82 318 359 318 297 277 338 297 318 338 318 297 338 338 328 318 72 307 113 328 62 318 318 338 338 307 318 328 328 287 318 348 287
0 348 338 62 328 338 338 318 359 338 338 72 318 318 318 338 93 318 72 113 277 328 307 328 359 328 318 338 338 0 297 307 348 328 338 103 328 348 307 338 338 328 328 267 72 338 359 82 307 318 338 338 328 72 297 318 359 328 307 318 369 328 359 62 338 328 338 328 328 338 328 328 318 318 307 338 318 328 72 318 82 328 103 318 307 338 328 328 318 307 72 328 359 328 287 287 93 93 348 338 328
0 338 328 297 307 307 287 307 328 287 297 287 287 287 307 297 307 338 287 318 297 297 318 277 348 52 287 307 318 318 0 287 297 52 297 318 297 307 318 307 318 297 287 72 328 287 338 287 277 297 287 318 267 307 297 307 328 318 41 82 348 307 62 297 297 287 338 287 297 307 328 52 267 287 307 297 41 307 287 267 297 307 328 287 277 62 338 62 267 277 287 307 318 31 62 338 307 297 93 72 41
0 348 82 307 318 328 62 307 338 318 318 307 52 318 287 328 277 103 307 297 72 31 318 307 318 297 307 318 297 297 318 0 297 307 277 328 307 62 338 93 72 82 82 318 328 318 359 287 297 256 307 328 307 318 297 72 328 297 318 318 113 287 318 297 307 297 318 318 287 277 328 318 297 52 307 307 307 307 287 318 328 93 318 318 307 307 328 287 297 297 297 318 82 307 287 328 287 287 338 348 297
0 348 338 318 307 318 328 93 328 318 297 318 328 72 328 41 338 348 307 338 318 318 338 318 338 328 307 72 103 328 297 318 0 287 338 318 318 328 338 307 307 328 328 348 318 72 359 318 297 82 72 318 307 338 82 328 277 72 318 359 338 297 287 328 297 72 348 93 82 318 338 318 297 287 318 297 307 328 318 318 328 328 348 318 62 307 103 328 62 297 328 318 348 307 297 338 338 287 328 348 318
0 318 318 287 287 297 287 297 287 277 256 277 287 277 287 318 297 328 287 307 297 297 307 277 328 41 267 287 318 297 21 277 297 0 297 318 297 287 307 297 318 297 287 72 318 277 328 277 256 287 277 307 267 297 287 307 297 297 31 72 348 297 62 287 267 277 318 297 287 307 318 31 256 287 277 287 31 287 287 287 287 297 307 277 267 21 307 62 267 256 297 287 318 31 31 318 307 256 93 72 52
0 348 328 307 287 318 307 287 93 82 318 297 318 318 21 318 318 328 287 318 297 297 52 297 348 307 297 328 328 267 307 297 307 307 0 328 297 318 82 338 297 318 307 287 318 318 328 297 52 307 328 62 72 318 307 328 72 277 297 328 359 287 297 318 318 297 82 318 318 307 82 307 62 267 318 62 297 41 267 287 318 307 338 62 287 318 328 318 307 287 307 72 338 287 287 307 256 307 338 348 297
0 359 348 72 318 328 318 307 348 318 328 62 307 318 328 348 93 359 82 103 328 328 338 307 348 318 307 338 348 52 328 307 328 318 328 0 318 297 328 338 338 328 318 318 52 307 328 62 297 318 307 328 297 82 287 318 348 338 307 338 328 318 328 72 328 307 328 338 307 338 348 318 328 318 297 318 318 318 72 307 82 328 52 318 297 338 348 328 328 267 82 328 338 297 307 338 82 72 348 338 307
0 62 348 318 72 52 318 307 338 318 82 307 307 328 328 348 338 359 307 328 318 307 318 62 103 318 72 348 348 297 328 307 328 318 338 328 0 328 338 328 318 338 318 318 338 307 72 307 297 318 307 328 297 328 287 328 338 338 307 297 369 72 328 307 82 307 328 338 318 72 348 297 328 287 52 318 297 307 287 93 328 328 348 318 297 328 318 328 328 21 338 328 338 297 307 93 338 318 348 338 338
0 369 93 318 328 328 82 318 359 328 318 307 62 307 297 328 287 123 318 348 93 82 287 328 338 318 328 318 318 307 328 62 287 318 287 348 328 0 277 103 82 72 93 328 287 328 359 318 318 318 328 338 318 328 318 62 318 307 307 338 113 318 328 307 328 318 338 328 307 338 359 318 307 62 297 328 307 318 297 297 318 103 338 307 318 318 359 338 307 287 318 338 103 318 318 338 297 297 328 318 307
0 338 307 287 307 297 297 307 82 62 287 277 277 287 52 318 297 338 287 318 297 297 11 307 297 287 287 287 318 297 297 277 318 277 52 318 297 307 0 328 318 307 318 307 318 297 328 287 41 287 297 72 52 307 287 287 93 297 277 307 338 307 328 277 297 287 62 297 277 307 103 307 52 297 267 52 297 62 297 318 287 318 307 31 297 297 338 307 297 256 318 72 318 287 307 328 307 287 297 287 297
0 307 52 287 318 297 52 307 328 318 297 277 52 287 287 328 328 103 256 287 21 21 277 277 328 297 287 287 297 267 307 62 328 287 307 328 256 72 277 0 72 52 52 287 328 307 318 287 287 307 318 307 297 307 287 62 318 307 297 307 103 307 328 297 307 287 318 297 297 277 348 307 297 52 297 297 297 307 287 318 287 82 318 307 307 267 318 277 307 267 297 307 82 297 307 307 318 297 318 318 297
0 359 93 328 328 338 62 328 338 338 318 328 72 338 307 297 297 123 318 318 93 52 338 328 338 307 318 338 307 318 318 31 267 307 297 338 307 62 338 82 0 103 93 338 328 328 359 297 318 287 338 338 318 318 318 93 297 318 328 328 113 307 307 318 318 297 328 348 318 297 348 318 318 62 328 307 328 328 318 318 338 93 338 328 318 328 328 287 318 318 318 338 93 318 318 348 307 307 348 369 307
0 348 72 246 318 338 62 307 338 307 318 318 62 318 256 318 287 72 297 307 31 41 318 297 328 307 318 256 307 307 328 21 287 307 287 338 297 72 307 52 72 0 72 328 318 287 318 297 307 267 287 287 297 318 307 72 318 267 297 328 103 297 328 307 318 297 318 267 297 287 338 307 287 41 318 318 307 307 287 307 328 93 328 287 307 297 297 297 297 307 307 318 72 297 297 338 297 287 338 328 287
0 359 93 318 297 328 72 297 338 338 328 307 82 328 277 328 338 93 297 338 62 72 307 318 359 318 307 338 318 277 318 72 328 318 267 338 307 93 338 113 62 93 0 297 328 338 338 307 307 318 338 318 318 328 318 93 328 287 307 338 123 297 307 328 328 307 318 338 328 318 338 318 318 31 328 318 318 297 277 297 328 82 348 318 297 338 338 328 318 297 318 328 103 297 297 318 267 318 348 359 307
0 338 328 318 318 328 318 338 359 328 328 318 307 318 318 348 338 307 328 338 328 328 287 328 338 72 297 318 318 328 93 307 338 72 338 348 328 338 287 348 348 328 328 0 297 318 359 307 287 318 318 338 318 328 318 318 338 328 72 93 359 338 103 318 328 318 338 318 318 338 369 62 307 318 307 328 62 338 318 307 328 338 338 318 328 82 338 62 318 287 318 318 348 72 93 348 328 318 93 82 72
0 328 328 31 287 318 297 287 318 307 287 52 267 267 287 307 72 348 41 82 297 297 287 297 328 287 287 287 318 72 287 287 318 277 318 72 297 297 287 307 297 277 307 318 0 307 338 41 277 297 297 307 297 41 307 267 318 297 287 307 318 287 318 31 287 287 318 297 277 307 328 277 287 267 297 297 267 287 21 256 62 307 62 297 287 297 328 307 297 277 31 307 328 277 287 318 31 41 318 318 267
0 318 338 297 307 307 297 72 307 297 277 297 287 62 297 72 307 348 307 318 318 307 297 256 338 297 287 62 72 297 277 297 72 267 277 328 267 307 297 318 328 318 267 318 328 0 328 287 277 52 11 328 287 318 62 307 318 62 297 318 359 318 328 297 287 52 307 72 52 307 297 297 277 297 297 297 287 318 297 307 307 318 328 297 41 287 82 318 41 277 287 307 328 287 297 338 287 277 338 287 318
0 123 338 267 93 93 328 328 348 328 93 328 328 338 277 338 307 307 318 328 297 297 328 72 103 307 93 287 338 328 338 277 318 318 307 338 82 338 328 318 338 267 328 348 328 318 0 318 328 287 318 307 318 328 307 338 338 287 297 348 369 72 348 328 72 318 338 287 318 72 359 328 318 307 72 338 328 328 307 93 338 348 328 297 318 318 318 318 318 82 328 338 338 318 318 113 318 307 359 348 318
0 318 297 52 287 307 256 287 297 297 307 41 297 287 287 338 62 338 52 72 297 297 318 287 318 256 287 318 287 62 307 277 318 297 307 41 267 277 307 318 297 307 297 318 72 287 318 0 277 287 287 307 277 31 287 307 307 297 277 307 318 287 318 52 267 256 307 307 297 307 328 287 287 267 287 267 287 287 21 307 52 297 62 287 277 318 297 277 277 277 72 297 287 277 287 318 72 62 338 318 287
0 307 338 297 287 318 297 297 82 52 297 297 287 287 62 328 307 318 297 318 307 307 72 297 338 277 256 297 318 287 297 297 307 287 62 318 287 318 82 318 318 297 287 307 307 287 338 287 0 307 287 52 31 297 277 307 93 307 297 328 348 307 318 287 307 287 72 318 287 318 93 267 31 287 287 62 267 62 287 318 297 297 307 52 287 287 318 297 277 246 328 31 307 277 297 307 307 287 338 328 297
0 348 318 297 307 318 287 52 328 307 307 297 287 62 277 82 267 338 297 287 307 256 318 297 318 287 307 62 52 287 307 307 52 297 267 318 297 297 328 318 297 318 318 307 318 62 348 277 297 0 52 318 287 307 41 307 318 52 297 307 338 277 318 287 297 41 307 72 31 267 318 307 287 287 297 297 297 297 277 307 318 318 307 307 52 287 72 277 52 297 287 328 318 297 277 318 277 277 328 338 287
0 328 338 307 307 318 297 72 307 297 277 297 307 52 297 72 318 348 307 318 318 318 328 246 348 297 287 62 82 297 277 297 72 267 277 328 307 307 328 318 318 318 267 318 338 52 338 287 277 62 0 328 287 318 62 318 318 62 297 338 359 318 328 307 287 52 328 72 72 307 338 297 277 297 297 287 287 307 287 297 307 307 328 297 41 287 82 318 41 277 318 297 328 287 287 338 287 267 348 328 307
0 359 369 338 318 369 338 338 123 113 348 359 328 348 103 369 369 369 348 338 338 359 103 359 369 318 318 318 348 359 348 359 348 338 123 369 328 359 123 369 359 359 369 359 369 348 369 328 93 369 359 0 93 338 318 348 113 359 359 359 369 348 369 328 348 328 123 359 338 369 123 307 93 328 328 103 307 103 328 369 348 359 369 103 348 307 359 338 338 328 359 123 348 338 338 348 359 338 369 369 348
0 318 307 277 287 287 267 297 62 31 287 267 297 287 41 328 287 307 277 297 287 287 52 267 318 267 267 297 297 297 287 267 318 277 52 297 277 287 52 287 307 287 277 297 307 256 318 256 11 277 267 62 0 287 287 318 72 287 267 318 338 307 287 297 277 267 82 287 297 297 62 277 41 277 297 31 267 62 277 307 277 277 307 31 256 297 307 287 287 256 307 41 297 246 297 318 297 287 338 297 297
0 369 348 72 348 348 318 338 338 338 318 82 307 328 318 348 72 369 72 93 328 307 359 338 338 318 328 348 338 93 328 328 338 307 318 103 328 338 348 328 348 338 338 348 123 338 369 62 318 297 338 369 328 0 338 318 348 328 328 338 369 328 359 62 318 318 328 328 307 318 369 338 318 328 297 328 328 348 82 318 93 348 113 338 318 328 359 328 328 318 93 338 338 328 328 369 82 72 348 359 338
0 338 318 277 277 328 287 31 318 307 287 307 267 41 287 72 328 348 287 318 297 297 328 297 307 287 287 72 72 318 287 297 52 277 318 318 287 297 318 328 307 297 318 328 297 62 338 277 287 72 62 287 297 297 0 287 307 52 307 307 338 277 318 277 287 31 287 52 31 307 318 307 287 277 256 287 297 277 277 307 318 318 328 297 52 297 72 297 52 277 328 307 318 297 277 307 297 277 318 318 307
0 328 72 267 277 307 62 267 307 287 267 287 11 246 267 297 297 93 277 307 41 41 318 287 307 297 277 277 318 307 277 31 297 267 297 297 287 62 318 72 41 21 52 297 297 287 338 287 267 287 287 287 277 267 297 0 307 277 287 287 52 277 297 256 277 297 297 277 256 297 318 287 277 11 297 307 287 277 256 287 297 52 307 287 277 277 307 297 277 267 297 297 82 287 277 307 267 267 297 307 267
0 338 328 307 307 318 307 318 93 62 318 297 307 297 72 318 318 318 287 307 297 297 72 297 307 307 307 318 328 307 328 297 338 307 72 287 287 318 72 287 328 318 318 318 287 297 338 297 52 297 297 82 41 318 307 297 0 287 297 338 307 318 256 307 318 297 103 328 307 287 93 307 72 307 318 31 307 72 297 287 318 318 328 62 287 307 328 318 287 297 297 72 328 287 297 318 318 318 297 328 297
0 338 328 318 318 328 318 82 348 307 328 307 318 62 328 103 338 297 287 328 297 297 348 307 328 318 307 72 82 338 307 307 72 318 328 348 318 328 338 328 297 318 318 338 359 62 307 307 307 72 62 338 297 328 72 328 338 0 307 348 369 338 328 318 328 62 338 93 72 307 348 307 287 267 328 318 297 328 307 328 328 328 348 318 62 297 103 318 52 307 318 328 338 297 307 348 338 277 359 338 328
0 348 287 297 297 318 297 287 328 318 318 287 297 318 287 328 277 348 267 297 277 267 287 287 318 21 307 307 297 297 72 246 297 62 277 328 297 307 277 328 307 328 307 72 318 307 307 287 297 256 307 318 297 277 297 318 318 307 0 72 348 287 82 297 307 287 318 277 287 277 328 41 297 277 297 297 62 297 277 318 307 318 318 256 297 62 318 41 307 287 297 318 297 52 52 328 287 287 82 72 52
0 287 307 307 307 328 307 307 287 297 328 297 307 318 307 338 287 359 277 307 287 287 297 297 328 31 318 318 307 297 82 267 307 72 287 338 287 318 287 277 318 318 318 72 328 318 318 297 307 267 318 328 307 287 307 318 297 318 21 0 359 297 62 318 318 297 328 287 297 287 338 52 307 287 318 318 82 307 287 328 318 328 338 267 307 52 328 52 318 297 307 338 307 62 62 338 297 297 93 82 62
0 328 62 287 287 318 31 287 307 307 297 297 41 277 297 307 318 113 297 328 62 62 328 307 318 267 297 297 307 318 297 52 307 287 318 297 277 52 318 82 62 41 62 318 287 297 318 267 287 297 297 307 287 287 267 52 318 307 297 318 0 287 328 287 287 267 307 307 287 318 328 287 297 41 267 277 287 287 277 267 307 72 277 297 287 307 318 287 287 287 287 318 62 287 287 318 318 287 328 328 287
0 103 297 297 72 93 328 307 318 328 82 307 318 307 307 359 338 348 307 297 277 277 338 82 93 328 72 328 307 338 318 307 338 318 338 338 72 318 338 338 318 318 318 338 328 318 113 318 297 318 318 328 307 328 328 307 328 318 307 338 359 0 318 297 52 328 328 318 318 41 287 318 307 287 72 338 318 307 287 82 328 328 328 318 297 318 328 338 307 62 307 328 359 318 246 93 318 297 338 359 328
0 338 338 297 318 318 297 307 338 297 307 297 297 287 307 338 297 338 307 297 318 297 318 287 328 52 297 307 328 318 72 297 328 62 307 328 307 318 318 318 318 307 307 82 277 287 328 287 287 287 287 328 277 307 307 287 338 318 52 93 338 318 0 297 307 287 338 318 297 277 338 52 307 297 318 307 52 307 287 277 307 307 328 297 287 52 338 72 318 287 297 318 328 41 72 338 307 307 93 82 41
0 318 307 11 287 307 307 287 318 307 287 41 267 267 267 307 62 318 21 62 277 277 318 287 297 297 277 287 307 62 287 287 297 277 307 52 297 318 318 297 287 277 297 318 72 307 328 52 267 297 307 307 297 41 297 267 318 277 297 307 318 287 318 0 287 297 318 267 277 287 328 287 287 267 307 307 287 287 21 297 62 318 72 287 287 297 328 287 287 267 62 297 328 297 287 318 31 41 287 318 277
0 62 307 267 41 41 287 307 277 297 52 256 277 287 277 318 287 328 277 307 287 277 297 52 72 277 21 297 307 297 287 267 307 277 287 318 52 297 287 318 318 287 277 297 307 297 62 277 256 267 297 307 287 287 277 287 287 287 256 307 338 41 297 277 0 277 297 287 277 52 318 277 277 287 21 287 267 277 287 62 277 277 297 267 256 287 297 287 287 11 307 277 307 287 287 72 297 287 318 328 287
0 318 287 287 287 297 256 41 287 307 307 277 287 62 287 93 297 338 287 307 297 297 307 297 328 256 277 72 41 297 297 277 72 297 297 287 267 277 307 328 297 297 287 307 307 52 318 277 267 41 62 307 287 267 41 307 297 52 277 307 338 287 307 297 267 0 307 62 52 307 328 287 287 267 277 287 287 287 267 307 287 297 297 287 31 307 52 267 52 267 307 297 287 287 287 318 307 297 338 338 287
0 359 297 287 328 338 338 318 113 93 318 318 307 297 52 338 328 328 297 338 307 307 103 307 338 338 307 318 338 338 318 318 328 307 93 328 318 338 103 338 318 307 318 348 348 297 348 328 62 318 297 93 82 267 328 297 113 297 338 338 348 328 348 287 328 328 0 287 307 318 103 318 72 307 318 103 318 82 297 328 338 348 348 82 328 328 359 328 328 297 338 82 359 328 318 348 318 318 328 338 318
0 359 328 318 328 348 338 82 348 338 318 338 328 82 307 103 338 359 318 338 328 338 318 287 359 338 318 93 103 338 318 338 93 307 318 348 297 307 338 359 318 338 307 359 348 41 369 328 318 82 41 348 328 338 93 318 359 72 328 359 369 328 338 307 318 93 348 0 93 318 338 338 318 307 328 328 328 328 307 338 338 348 359 338 82 328 123 348 82 318 328 297 359 328 328 359 297 307 348 318 338
0 318 318 267 297 318 307 52 307 297 277 287 256 31 277 52 318 338 277 318 287 287 328 277 307 297 277 52 72 307 277 287 62 267 307 307 307 297 318 307 297 287 297 328 328 52 338 287 267 62 31 318 287 297 52 277 318 41 287 277 318 307 318 256 277 52 328 41 0 297 328 287 277 277 297 307 287 297 277 297 307 307 328 297 41 287 82 297 41 277 318 297 328 287 287 328 287 267 297 307 287
0 103 328 277 72 93 328 328 338 348 93 318 318 307 287 348 307 338 297 267 307 307 318 82 52 297 82 338 328 328 338 287 318 318 307 359 62 338 318 318 338 328 338 348 307 328 93 318 318 297 328 338 328 318 328 307 338 297 287 307 359 41 348 318 62 318 348 287 318 0 328 307 328 307 82 338 328 277 307 62 338 338 359 287 318 338 348 318 338 72 328 338 328 328 287 82 307 328 359 338 318
0 359 338 318 338 338 307 338 103 72 328 318 318 318 62 328 328 359 318 328 318 318 103 297 359 307 318 338 307 348 277 318 328 318 82 338 318 328 103 328 338 328 318 348 318 307 359 297 62 328 307 103 52 318 318 328 82 307 318 328 369 287 338 318 318 297 82 318 318 328 0 318 52 318 328 72 318 41 318 297 328 328 348 72 307 318 328 287 297 307 318 93 338 297 297 359 318 307 359 338 307
0 328 338 318 267 318 307 318 338 318 328 307 307 318 307 318 328 348 297 338 307 307 338 318 348 62 287 328 338 307 62 307 287 72 328 328 267 318 338 338 338 328 318 82 338 307 338 307 277 318 307 277 297 318 287 318 318 318 62 82 369 318 82 307 318 318 307 328 307 318 338 0 297 307 297 328 52 318 307 318 318 328 328 307 307 72 297 82 307 267 338 307 338 52 52 287 338 318 103 72 82
0 318 318 277 297 297 277 287 72 31 287 267 277 267 41 318 297 318 277 297 287 287 62 267 328 277 277 297 307 307 297 267 287 287 52 307 287 297 62 287 297 287 287 307 318 267 318 267 21 287 267 72 11 287 277 287 72 297 267 318 338 297 297 277 287 267 72 297 277 297 72 287 0 277 287 41 277 52 267 307 287 287 307 31 267 297 318 287 256 267 307 52 307 256 297 328 307 287 318 297 287
0 338 72 297 318 318 72 338 338 328 307 287 82 328 307 328 318 113 267 307 31 41 328 287 338 307 297 328 307 328 318 52 297 297 307 338 318 82 328 82 31 72 52 328 338 328 338 297 287 307 328 338 318 328 318 103 318 318 297 328 123 318 328 328 318 307 328 318 328 287 359 307 307 0 328 318 307 318 318 318 307 72 328 297 287 318 328 297 318 287 297 318 93 318 328 348 318 307 348 359 307
0 82 307 267 62 72 277 297 307 297 31 287 256 277 277 297 318 338 277 307 287 287 328 52 52 267 41 297 307 318 277 287 307 267 307 297 31 287 318 318 297 287 307 328 318 297 93 267 277 297 287 318 287 287 297 277 318 287 287 297 328 62 318 267 41 267 287 287 267 52 328 287 277 277 0 277 287 297 277 52 307 307 318 297 287 287 318 287 287 31 318 297 297 287 287 82 287 267 307 307 297
0 328 318 287 287 297 287 297 72 41 297 277 277 277 52 318 297 318 287 307 297 297 72 277 338 277 277 297 318 307 297 277 307 287 62 307 287 297 62 297 307 287 287 307 318 267 328 267 31 287 277 62 21 297 287 297 82 297 277 318 338 297 297 287 287 277 82 297 287 307 72 287 52 277 297 0 287 52 277 287 287 287 318 41 267 307 318 297 256 267 307 52 297 267 277 318 307 287 328 307 267
0 307 338 287 267 318 297 318 318 307 287 307 277 287 287 318 328 348 287 328 297 307 318 307 328 52 287 318 328 307 52 307 287 41 318 318 277 318 338 328 318 307 318 62 338 307 338 287 287 318 307 287 297 318 297 287 318 297 62 72 338 318 93 277 297 287 307 297 277 318 338 11 287 297 277 307 0 318 297 318 318 318 338 307 297 52 307 72 297 267 328 307 328 62 62 297 307 287 72 82 62
0 348 297 307 307 338 318 307 82 82 318 318 297 287 41 338 338 348 287 297 277 277 72 318 338 318 318 318 318 348 318 318 318 307 93 338 318 318 72 338 318 307 328 338 277 328 328 307 62 318 328 82 72 318 328 287 62 297 307 338 338 256 318 297 297 318 82 318 297 287 52 297 62 287 318 82 297 0 287 277 328 328 328 72 307 318 328 318 318 307 297 93 348 307 256 338 277 297 338 348 287
0 328 318 52 277 307 318 267 338 318 318 41 307 297 297 328 62 348 31 62 277 287 318 287 338 297 287 318 318 72 318 287 297 307 307 93 277 328 318 328 277 307 297 318 52 318 328 62 277 297 318 287 307 72 297 318 307 307 287 318 359 277 318 62 318 307 318 307 297 287 307 297 297 256 318 318 287 267 0 307 52 297 82 287 277 318 307 297 307 277 52 307 328 307 267 297 62 62 348 338 318
0 72 328 297 41 62 318 318 338 318 62 287 287 297 307 328 307 348 307 328 318 307 318 52 93 297 41 318 318 318 307 287 307 297 307 338 52 328 318 307 328 307 297 318 307 318 93 307 277 297 297 297 307 297 307 297 338 318 287 328 348 82 338 287 72 307 328 307 287 72 359 267 297 307 52 318 267 318 297 0 297 307 307 287 277 318 318 318 307 31 267 297 328 307 318 72 318 297 338 338 318
0 348 338 62 318 318 338 348 338 328 338 72 318 328 307 348 93 318 82 113 328 328 307 318 359 328 318 307 338 93 338 307 318 328 338 123 318 348 307 318 359 297 328 267 72 318 359 82 307 318 318 328 328 62 328 328 348 318 318 359 369 338 348 82 318 328 359 318 328 338 348 297 328 338 318 338 297 338 93 277 0 338 93 318 307 338 348 318 318 307 52 328 359 328 348 338 103 93 348 338 267
0 359 82 307 328 338 72 338 328 318 297 318 52 318 307 338 338 113 307 348 72 82 277 318 318 307 307 307 338 338 307 72 328 287 338 338 318 82 338 93 93 82 93 297 338 318 369 297 297 328 318 328 307 328 318 72 328 318 318 328 123 338 338 297 307 307 318 318 297 338 359 318 297 72 287 318 307 338 318 328 338 0 328 328 307 307 348 328 307 297 338 328 93 307 318 348 328 287 318 348 328
0 328 338 41 297 318 307 297 328 318 297 52 277 277 297 318 72 348 52 93 307 307 297 307 338 297 297 297 328 82 297 297 318 287 318 82 307 307 297 307 307 287 318 297 11 318 287 52 287 307 307 318 307 52 318 267 328 307 297 318 318 297 328 41 297 297 318 307 287 318 338 287 297 277 307 307 277 297 31 267 72 297 0 307 287 307 338 318 297 287 41 318 328 287 297 328 41 52 328 328 267
0 348 287 287 297 307 307 328 93 82 307 287 297 318 62 338 318 348 267 297 267 277 31 287 328 297 297 307 307 318 318 297 318 297 72 328 297 318 31 338 328 318 297 318 328 328 297 287 52 307 328 72 72 318 307 318 82 307 297 307 369 318 338 297 318 297 82 307 307 287 113 277 72 297 297 62 307 72 307 318 297 338 328 0 318 318 318 287 318 277 307 72 328 318 318 318 318 307 318 307 307
0 307 297 267 287 277 297 52 328 287 297 256 287 41 277 82 277 318 277 297 287 277 287 297 328 267 256 52 62 287 297 256 62 287 287 318 287 307 287 307 307 287 267 287 307 52 307 287 246 21 52 297 277 287 31 307 328 41 256 328 348 297 318 287 307 52 318 41 52 287 338 267 277 287 287 307 267 297 277 307 277 277 297 267 0 287 82 287 31 246 307 277 297 287 297 307 287 287 328 318 287
0 348 338 287 318 318 307 307 328 297 297 297 287 287 297 318 328 348 297 328 287 318 318 297 338 41 267 267 318 328 62 297 318 52 328 328 307 318 318 318 318 297 318 93 318 297 348 297 287 307 297 287 287 297 307 297 338 307 52 72 348 318 82 287 307 297 328 307 287 318 338 72 277 297 287 307 62 318 287 318 318 307 307 307 287 0 328 62 287 287 307 318 318 41 72 338 318 297 82 82 62
0 338 287 297 297 318 297 52 328 318 318 287 297 72 287 82 277 348 267 297 277 267 287 287 318 267 287 62 52 297 318 246 52 307 277 328 297 267 277 318 307 328 307 318 318 72 307 287 277 21 72 318 297 277 52 318 318 62 246 318 318 287 328 297 307 52 318 31 52 277 328 287 297 277 297 297 297 297 277 318 307 318 318 256 52 307 0 277 62 277 297 307 297 297 287 328 287 287 328 318 297
0 318 297 287 297 307 267 287 297 297 318 287 297 297 267 338 307 328 287 287 307 307 318 297 318 21 287 318 267 307 72 287 318 62 307 287 267 277 318 318 297 297 297 72 318 287 318 256 277 287 287 318 277 277 287 318 287 277 41 41 328 297 52 297 277 256 287 307 307 318 328 52 297 277 287 267 52 297 267 287 297 297 307 287 277 72 287 0 277 277 297 307 287 41 52 318 318 307 93 82 21
0 318 307 277 287 287 267 41 307 267 287 267 267 21 287 72 287 318 287 297 287 287 297 267 328 267 267 41 62 297 287 267 72 277 287 297 277 287 297 287 297 277 277 297 307 21 318 267 256 31 21 307 246 287 31 287 318 52 267 307 328 287 287 277 277 21 318 52 31 297 307 277 277 267 287 277 277 287 267 297 277 287 307 267 11 297 72 287 0 256 307 287 297 256 287 318 297 277 318 297 277
0 103 338 307 62 72 307 297 338 297 72 297 297 318 318 338 318 348 307 328 318 318 328 52 93 297 52 338 338 287 318 297 318 297 318 318 62 318 328 318 328 318 307 307 328 297 103 287 287 307 297 318 287 318 277 318 328 318 297 328 359 62 318 297 72 297 318 318 297 82 338 307 318 307 41 307 307 297 297 93 318 318 338 297 287 318 338 318 318 0 338 318 328 287 297 82 328 307 338 328 328
0 318 307 31 297 287 318 307 338 297 307 21 297 297 287 338 52 328 41 72 297 287 297 307 338 287 267 307 297 52 307 267 318 297 287 82 287 318 297 287 318 287 277 297 52 297 318 62 256 277 307 307 287 52 287 307 318 297 267 338 359 307 328 62 318 307 328 287 307 297 348 277 287 297 297 318 277 318 52 297 41 287 41 277 256 297 328 297 287 267 0 287 318 287 307 318 62 62 338 338 297
0 359 359 328 318 328 328 307 113 93 348 328 338 338 52 338 348 297 318 348 307 328 82 328 359 328 328 338 328 297 338 328 338 338 31 359 318 348 93 359 318 328 267 307 338 338 338 318 72 338 338 93 82 338 338 348 103 277 328 359 369 307 318 348 338 328 82 338 338 338 113 318 72 297 338 93 328 72 287 318 287 338 359 82 318 318 348 338 318 318 328 0 359 318 307 338 287 307 359 369 297
0 318 62 277 297 287 31 297 307 267 287 267 52 297 267 328 287 72 287 307 41 41 307 267 328 267 267 297 267 297 297 31 318 287 287 297 277 52 297 52 72 52 31 297 318 267 318 267 267 277 267 307 256 287 287 72 297 287 267 328 93 307 287 297 287 267 328 287 307 297 318 277 287 41 297 277 277 307 277 318 287 41 307 277 256 287 318 287 287 267 307 287 0 256 297 318 297 287 338 297 297
0 328 307 297 297 307 267 297 307 307 297 287 297 297 297 338 307 348 297 318 287 307 318 297 318 21 287 318 297 307 52 287 328 41 318 297 277 287 318 328 307 307 307 82 318 297 328 256 287 297 297 318 287 287 297 318 318 307 41 72 328 297 82 307 277 267 318 318 307 318 338 62 297 277 287 277 52 297 277 307 307 307 307 297 277 62 307 41 287 287 318 307 297 0 52 328 318 287 103 82 52
0 359 297 297 338 328 328 328 318 318 328 307 318 307 307 359 328 348 307 348 318 318 338 328 338 82 307 328 348 338 72 307 338 72 328 338 338 328 338 338 338 318 318 93 348 318 359 318 297 318 318 348 307 328 328 307 328 318 62 103 359 328 93 287 297 328 318 318 318 328 287 72 307 318 307 338 72 318 307 338 318 328 348 318 297 72 338 93 307 297 348 328 348 72 0 359 318 297 93 113 82
0 93 297 267 62 82 307 297 328 297 62 297 287 277 277 318 328 338 277 318 287 287 338 41 72 307 52 307 318 318 267 297 318 287 318 307 52 318 328 318 307 287 307 328 328 297 103 297 287 307 297 318 287 297 307 277 338 287 297 318 328 62 328 267 52 297 328 287 287 62 297 297 277 287 72 307 297 307 277 31 318 318 328 307 287 307 338 307 287 41 297 307 338 287 256 0 297 297 307 328 297
0 338 318 52 277 307 297 277 328 318 318 41 307 307 256 338 72 318 31 72 287 287 318 287 348 287 287 328 318 72 297 287 297 307 318 72 287 307 318 338 287 318 297 318 62 318 318 41 277 297 318 297 307 62 297 318 307 267 287 318 348 277 287 72 307 287 318 318 307 297 318 297 307 256 307 297 297 277 11 297 62 297 82 297 277 307 318 307 307 277 62 307 328 277 277 307 0 52 348 338 287
0 328 318 41 287 297 287 297 318 277 297 31 287 277 297 318 62 328 41 62 287 297 318 277 338 287 277 277 318 72 297 277 287 287 307 72 287 297 307 297 307 287 287 307 82 277 328 31 267 287 277 307 267 52 287 297 318 307 277 318 338 307 297 41 297 277 307 297 287 307 318 277 256 277 297 287 267 297 31 307 52 297 72 287 267 267 328 297 267 267 52 297 307 267 297 318 72 0 328 307 297
0 318 318 287 297 307 307 287 297 307 287 277 277 267 287 318 307 318 287 328 297 297 318 307 256 52 287 287 328 318 52 277 307 41 307 318 267 318 307 328 287 277 297 72 318 307 328 297 277 287 307 307 297 267 297 267 307 297 41 72 318 297 72 277 267 297 318 297 277 307 328 41 287 277 287 318 41 287 267 307 297 297 318 287 277 52 318 72 297 277 318 297 328 52 52 287 287 287 0 82 41
0 318 318 287 297 307 287 318 328 287 307 287 287 297 277 328 307 328 297 318 307 307 267 287 318 52 277 297 277 307 62 287 318 52 307 318 297 307 267 307 328 307 297 52 297 277 328 277 267 297 287 318 267 307 287 307 297 287 41 82 338 318 62 287 297 287 297 307 287 318 328 41 287 297 287 297 31 318 297 297 277 297 318 287 277 62 328 62 287 267 318 287 318 31 72 328 318 297 62 0 52
0 338 348 287 297 328 328 338 328 318 318 307 307 318 297 348 318 359 307 338 318 318 338 318 348 72 307 297 328 328 82 297 328 72 328 348 307 348 338 307 348 287 318 93 328 318 348 318 297 307 307 318 307 287 318 318 338 307 62 103 369 328 103 307 297 318 338 307 307 328 338 41 318 318 307 328 41 328 318 267 318 318 318 307 297 82 338 93 307 297 287 318 348 72 93 328 328 318 93 113 0
SETUP_COST
0.0 2460.0 1860.0 1240.0 1860.0 1860.0 1240.0 1860.0 1860.0 1440.0 1240.0 1440.0 1040.0 1440.0 1440.0 1440.0 1440.0 2460.0 1240.0 1860.0 1440.0 1240.0 2060.0 1440.0 1860.0 1240.0 1440.0 1860.0 1640.0 1860.0 1040.0 820.0 820.0 1040.0 1440.0 1860.0 1440.0 1640.0 2060.0 1640.0 420.0 1640.0 1640.0 1440.0 2060.0 1440.0 1640.0 1040.0 1240.0 1040.0 1440.0 2260.0 1040.0 1040.0 1860.0 1440.0 1440.0 1440.0 1440.0 1640.0 2260.0 1640.0 1640.0 1040.0 1440.0 1040.0 1440.0 1440.0 1040.0 1440.0 1640.0 1440.0 1440.0 1440.0 820.0 1440.0 1640.0 1860.0 1440.0 1440.0 1860.0 1860.0 2060.0 1440.0 1240.0 1440.0 2060.0 1240.0 1440.0 1240.0 1860.0 1860.0 1860.0 1240.0 820.0 820.0 1640.0 1240.0 1860.0 2060.0 1640.0
0.0 0.0 6360.0 5740.0 820.0 1640.0 5940.0 5540.0 6560.0 6360.0 1040.0 6140.0 5740.0 5740.0 5940.0 6360.0 6560.0 7180.0 5940.0 6560.0 6140.0 6140.0 5340.0 1440.0 1440.0 5940.0 1240.0 5740.0 6560.0 6360.0 5940.0 6140.0 6140.0 5740.0 6360.0 6560.0 820.0 6360.0 6760.0 6360.0 6360.0 5940.0 6140.0 6560.0 6140.0 6360.0 2260.0 5740.0 5940.0 6360.0 6360.0 5940.0 6140.0 6140.0 6140.0 5540.0 6360.0 6140.0 6140.0 6360.0 6560.0 820.0 6360.0 5740.0 1240.0 5940.0 6140.0 6140.0 5740.0 1440.0 6360.0 6360.0 5940.0 5740.0 620.0 6140.0 6140.0 5540.0 5740.0 1440.0 6360.0 6360.0 6360.0 6140.0 5940.0 6140.0 6360.0 6360.0 6140.0 820.0 5740.0 6360.0 6560.0 6140.0 5540.0 1240.0 5940.0 5740.0 5940.0 6760.0 5940.0
0.0 7180.0 0.0 5940.0 6140.0 6760.0 1860.0 5940.0 6760.0 6360.0 5940.0 6360.0 820.0 5540.0 5940.0 6560.0 6560.0 2260.0 6140.0 6760.0 1440.0 1440.0 6560.0 6360.0 6760.0 6560.0 6140.0 6140.0 6960.0 6560.0 6140.0 1240.0 6360.0 5740.0 6140.0 5940.0 6140.0 1640.0 6360.0 1860.0 1240.0 1040.0 1040.0 6140.0 6560.0 6360.0 6960.0 6360.0 5940.0 6360.0 6360.0 6360.0 6140.0 5940.0 6560.0 1240.0 6760.0 6140.0 6360.0 6360.0 2060.0 6140.0 6960.0 5740.0 6140.0 6560.0 6560.0 6140.0 5740.0 6560.0 6760.0 6360.0 5940.0 820.0 6360.0 6760.0 6360.0 6140.0 5540.0 6360.0 6560.0 1640.0 6760.0 5940.0 6140.0 6140.0 6760.0 6560.0 6140.0 5940.0 6560.0 6560.0 2260.0 6360.0 5940.0 6760.0 6360.0 5940.0 6560.0 6760.0 5940.0
0.0 6960.0 6360.0 0.0 6560.0 6760.0 6760.0 6760.0 6760.0 6560.0 6560.0 1440.0 6560.0 6560.0 5120.0 6360.0 2060.0 6360.0 1040.0 1860.0 6140.0 6140.0 6360.0 6140.0 6960.0 6360.0 6560.0 6560.0 6760.0 1440.0 6560.0 6360.0 5740.0 6360.0 6760.0 2260.0 5940.0 6360.0 6140.0 5940.0 6360.0 6560.0 6360.0 6760.0 1440.0 6140.0 6360.0 1640.0 6360.0 6760.0 6140.0 6960.0 6360.0 1860.0 6760.0 6560.0 6360.0 5340.0 6360.0 6760.0 7380.0 6760.0 6560.0 1640.0 6760.0 6560.0 6360.0 5340.0 6360.0 6360.0 6960.0 6360.0 6140.0 5740.0 6560.0 6760.0 6360.0 6760.0 1440.0 6140.0 1860.0 6960.0 1860.0 5740.0 6360.0 6360.0 7180.0 6360.0 6140.0 6360.0 1640.0 6360.0 6960.0 6360.0 6360.0 6960.0 1440.0 1040.0 6760.0 6760.0 5740.0
0.0 1240.0 6560.0 5940.0 0.0 1240.0 6140.0 5940.0 6760.0 6140.0 1440.0 5940.0 5940.0 6140.0 6140.0 6140.0 6360.0 6960.0 6140.0 6760.0 6360.0 6140.0 6360.0 1040.0 1860.0 6140.0 1040.0 6560.0 6760.0 5740.0 5740.0 5740.0 5540.0 6140.0 6140.0 6360.0 220.0 6140.0 6360.0 6560.0 6360.0 6360.0 5940.0 6140.0 6560.0 5940.0 1640.0 5940.0 5740.0 5940.0 5940.0 5340.0 5740.0 6360.0 5540.0 6140.0 5940.0 6360.0 5740.0 6140.0 6960.0 1240.0 6140.0 5740.0 1440.0 5940.0 5940.0 6360.0 5740.0 1440.0 6360.0 6140.0 6140.0 5940.0 820.0 6140.0 5940.0 5940.0 5940.0 1240.0 6140.0 6360.0 6760.0 5940.0 5740.0 6360.0 5740.0 6360.0 6140.0 220.0 6560.0 6360.0 6760.0 5740.0 5540.0 620.0 6360.0 6140.0 6760.0 6560.0 6360.0
0.0 2060.0 7380.0 6960.0 2460.0 0.0 6960.0 7180.0 7380.0 6760.0 2260.0 6760.0 6760.0 6760.0 7180.0 7180.0 7180.0 7380.0 6760.0 7380.0 6960.0 6960.0 7180.0 1860.0 2460.0 6760.0 1860.0 7180.0 7380.0 7380.0 7180.0 6560.0 6560.0 6960.0 7180.0 7380.0 2060.0 7180.0 7380.0 7180.0 6140.0 6960.0 6960.0 7380.0 7380.0 6760.0 2460.0 6760.0 6760.0 6760.0 6760.0 7380.0 6560.0 7180.0 6960.0 7180.0 7180.0 7380.0 6760.0 7180.0 7380.0 2460.0 7180.0 6760.0 2260.0 6760.0 7380.0 7180.0 6560.0 2460.0 7380.0 6960.0 6360.0 6760.0 2260.0 6960.0 6960.0 7180.0 6760.0 2460.0 7180.0 7180.0 7380.0 6960.0 6560.0 7180.0 7380.0 6960.0 6360.0 1860.0 7380.0 7180.0 7380.0 6560.0 7180.0 2260.0 7380.0 6960.0 7380.0 7380.0 6960.0
0.0 6140.0 820.0 5540.0 5940.0 5740.0 0.0 6140.0 5740.0 6140.0 5940.0 5340.0 820.0 5940.0 5740.0 6360.0 5940.0 1860.0 5740.0 6360.0 1040.0 1040.0 5940.0 6140.0 6360.0 5740.0 5340.0 6140.0 6360.0 5940.0 5940.0 620.0 6140.0 5740.0 5940.0 5540.0 5120.0 420.0 5940.0 1640.0 1640.0 1040.0 820.0 6140.0 5940.0 6140.0 6140.0 5740.0 5340.0 5540.0 6140.0 6360.0 5740.0 5940.0 5740.0 1040.0 5740.0 5940.0 5340.0 6140.0 2060.0 5740.0 6140.0 5740.0 5120.0 5740.0 6140.0 5940.0 5740.0 5940.0 6560.0 5740.0 5740.0 1040.0 5540.0 5940.0 5540.0 5740.0 5740.0 6140.0 5740.0 820.0 5740.0 5540.0 5340.0 5940.0 6140.0 5940.0 5740.0 5340.0 6360.0 5740.0 1440.0 5940.0 5740.0 6560.0 6140.0 5940.0 6560.0 6760.0 5740.0
0.0 6360.0 5940.0 5940.0 5120.0 6140.0 6140.0 0.0 6360.0 6140.0 6140.0 5940.0 5740.0 1040.0 5740.0 1240.0 6360.0 6960.0 5940.0 5940.0 5740.0 5540.0 6360.0 6140.0 6760.0 6140.0 6140.0 1440.0 1440.0 5940.0 5940.0 5940.0 620.0 5940.0 6360.0 6360.0 5120.0 6360.0 6360.0 6360.0 6360.0 6140.0 6140.0 6360.0 5540.0 1040.0 6560.0 5940.0 5940.0 1240.0 1240.0 5340.0 5740.0 6360.0 820.0 5740.0 5740.0 1240.0 5740.0 5940.0 6760.0 5120.0 5940.0 5740.0 5940.0 1240.0 5940.0 1440.0 620.0 5740.0 5740.0 6140.0 6140.0 5740.0 5740.0 6140.0 5940.0 5120.0 5740.0 5740.0 6360.0 6360.0 6560.0 5940.0 1040.0 6360.0 1040.0 6560.0 1440.0 5120.0 6140.0 6360.0 6760.0 5740.0 4920.0 5540.0 5740.0 5940.0 6560.0 6360.0 5740.0
0.0 5940.0 6140.0 5540.0 6140.0 5940.0 5740.0 6360.0 0.0 820.0 6140.0 5540.0 5940.0 6140.0 1040.0 6560.0 6140.0 6560.0 5940.0 6360.0 5940.0 5940.0 1240.0 5540.0 6360.0 5740.0 5540.0 5740.0 6360.0 6360.0 6140.0 5540.0 6360.0 5940.0 1240.0 5940.0 5740.0 5340.0 1240.0 5740.0 6360.0 5540.0 5740.0 6360.0 5940.0 5540.0 6560.0 5540.0 620.0 5740.0 5540.0 1440.0 420.0 5940.0 5940.0 6140.0 220.0 5940.0 5540.0 6760.0 6360.0 6360.0 5340.0 6140.0 5940.0 5540.0 1640.0 5940.0 6140.0 5940.0 1640.0 5740.0 1040.0 5940.0 5740.0 820.0 5740.0 1440.0 5740.0 5940.0 5940.0 5940.0 6360.0 820.0 5340.0 6140.0 6560.0 5940.0 5740.0 5540.0 6140.0 1040.0 6360.0 5340.0 6140.0 6360.0 6360.0 5940.0 6140.0 6140.0 6140.0
0.0 6560.0 6360.0 6140.0 6760.0 6360.0 6360.0 6560.0 2260.0 0.0 6560.0 5940.0 6360.0 6140.0 1440.0 7180.0 6960.0 7380.0 5540.0 5540.0 5740.0 5740.0 1240.0 5940.0 6960.0 6360.0 6140.0 6140.0 6360.0 5740.0 6560.0 6560.0 6960.0 6360.0 1640.0 6960.0 5540.0 6760.0 1040.0 5340.0 6760.0 6360.0 6360.0 6140.0 6360.0 6760.0 6960.0 6140.0 1240.0 6560.0 6760.0 1860.0 1640.0 6560.0 6360.0 6560.0 1860.0 6560.0 6360.0 6560.0 7380.0 5940.0 5740.0 6360.0 6560.0 6140.0 1860.0 6360.0 6360.0 5940.0 1860.0 6560.0 1440.0 6360.0 6360.0 1640.0 6360.0 1040.0 6140.0 6360.0 6360.0 6960.0 6760.0 1640.0 6560.0 5740.0 6760.0 6140.0 6560.0 5740.0 6360.0 1860.0 6960.0 6560.0 5940.0 6560.0 6560.0 6360.0 6760.0 6760.0 6360.0
0.0 1440.0 6140.0 5540.0 1040.0 1040.0 5940.0 6140.0 5540.0 5740.0 0.0 5340.0 5540.0 5740.0 5740.0 6140.0 5740.0 6560.0 5740.0 6360.0 5940.0 5740.0 5940.0 620.0 1440.0 5540.0 620.0 6140.0 6360.0 5940.0 5120.0 5340.0 6140.0 5740.0 5740.0 6360.0 1040.0 5540.0 5940.0 6140.0 6360.0 5740.0 5540.0 5940.0 6140.0 5740.0 1440.0 5740.0 5120.0 5540.0 5740.0 6140.0 5540.0 5940.0 5740.0 5940.0 5740.0 5740.0 5340.0 6360.0 6960.0 820.0 5940.0 5740.0 220.0 5740.0 6140.0 5740.0 5740.0 1040.0 6140.0 5540.0 5340.0 5740.0 620.0 5940.0 5540.0 5740.0 5740.0 620.0 5740.0 5740.0 6140.0 5340.0 5120.0 5740.0 5940.0 5940.0 5540.0 420.0 5940.0 5740.0 6360.0 5540.0 5340.0 1640.0 5940.0 5740.0 6560.0 6360.0 5740.0
0.0 6140.0 6560.0 220.0 5740.0 5340.0 5940.0 6140.0 6560.0 5940.0 6140.0 0.0 5940.0 5740.0 5340.0 6560.0 1440.0 6560.0 1240.0 1640.0 6360.0 6360.0 6360.0 5940.0 6760.0 5740.0 5340.0 6140.0 6360.0 1040.0 6140.0 5940.0 5940.0 5940.0 6140.0 1640.0 5940.0 6140.0 6360.0 6140.0 6360.0 6140.0 5940.0 5740.0 1040.0 5940.0 6560.0 1040.0 5120.0 6140.0 5940.0 6140.0 5740.0 1240.0 5740.0 6140.0 6560.0 5540.0 5940.0 6560.0 7180.0 6140.0 6560.0 1040.0 6140.0 5940.0 6560.0 5540.0 5940.0 6560.0 6560.0 5540.0 5540.0 5940.0 5940.0 6360.0 5340.0 6140.0 1040.0 5940.0 420.0 6140.0 1040.0 5740.0 5940.0 5940.0 6560.0 6140.0 5740.0 5120.0 1440.0 5740.0 6360.0 5740.0 6140.0 6360.0 1440.0 1040.0 6760.0 6560.0 5540.0
0.0 6360.0 1440.0 5120.0 5940.0 6140.0 1040.0 5740.0 5940.0 5740.0 5340.0 5740.0 0.0 5340.0 5340.0 5740.0 6140.0 1640.0 5340.0 6140.0 620.0 820.0 6360.0 5540.0 6140.0 5940.0 5540.0 5740.0 6140.0 6140.0 5340.0 820.0 5940.0 5120.0 5940.0 5940.0 5940.0 1040.0 6360.0 1240.0 1040.0 820.0 1040.0 6360.0 6360.0 5740.0 6560.0 5740.0 5340.0 5940.0 5740.0 6140.0 5540.0 5740.0 5740.0 420.0 6140.0 5540.0 5740.0 5740.0 1440.0 5940.0 6360.0 5120.0 5340.0 5740.0 6360.0 5540.0 5120.0 5740.0 6360.0 5740.0 5340.0 620.0 5740.0 5940.0 5540.0 5740.0 5340.0 5740.0 5940.0 1240.0 6360.0 5740.0 5540.0 5540.0 6360.0 5940.0 5540.0 5340.0 6140.0 5740.0 1640.0 5540.0 5740.0 6360.0 5540.0 5120.0 5940.0 5940.0 5740.0
0.0 6560.0 6360.0 5340.0 5540.0 6140.0 5940.0 620.0 5940.0 5740.0 5340.0 5740.0 5120.0 0.0 5340.0 1040.0 5940.0 6560.0 5340.0 6140.0 5740.0 5740.0 6360.0 5740.0 6140.0 5940.0 5540.0 620.0 1440.0 6140.0 5540.0 5340.0 1040.0 5340.0 5940.0 5940.0 5540.0 5940.0 6360.0 6140.0 5540.0 5340.0 5940.0 5940.0 5940.0 1040.0 6560.0 5740.0 5340.0 820.0 820.0 5740.0 5540.0 5340.0 1040.0 5340.0 6140.0 820.0 5740.0 5740.0 6360.0 5540.0 6360.0 5120.0 5540.0 1040.0 5940.0 620.0 420.0 5940.0 6140.0 5740.0 5340.0 5120.0 5740.0 6140.0 5740.0 5540.0 4920.0 5740.0 5940.0 5940.0 6140.0 5740.0 620.0 5540.0 1240.0 5940.0 620.0 5340.0 5940.0 5940.0 6560.0 5540.0 5340.0 5940.0 5740.0 5340.0 5940.0 6140.0 5340.0
0.0 6760.0 6760.0 6360.0 6560.0 6760.0 6560.0 6760.0 2260.0 1440.0 6760.0 6360.0 6560.0 6360.0 0.0 6960.0 6760.0 6140.0 5940.0 6760.0 6140.0 6140.0 2060.0 6360.0 6760.0 6140.0 6360.0 6360.0 6760.0 6140.0 6360.0 6360.0 6360.0 6560.0 1860.0 7180.0 6560.0 6760.0 2060.0 6760.0 6140.0 6360.0 6560.0 6560.0 6760.0 6360.0 6360.0 6360.0 1440.0 6560.0 6360.0 2060.0 1240.0 6560.0 6560.0 6760.0 2060.0 5120.0 6360.0 7180.0 7380.0 6760.0 6760.0 6560.0 6760.0 6360.0 1440.0 6760.0 6560.0 6360.0 2260.0 6360.0 1040.0 5540.0 6760.0 1640.0 6140.0 1860.0 6360.0 5940.0 6760.0 6760.0 6560.0 1440.0 6140.0 6140.0 7180.0 6560.0 6140.0 6360.0 6360.0 1860.0 6760.0 6140.0 6360.0 6960.0 6960.0 5740.0 7380.0 6960.0 5740.0
0.0 6360.0 6360.0 5740.0 5940.0 6140.0 5940.0 1240.0 5940.0 5740.0 5340.0 5740.0 5940.0 820.0 5940.0 0.0 6140.0 6760.0 5540.0 6140.0 5740.0 5740.0 6360.0 5540.0 6760.0 5940.0 5540.0 1040.0 1440.0 6140.0 5340.0 5740.0 1040.0 5120.0 6140.0 6560.0 5940.0 5940.0 6360.0 6140.0 5540.0 5940.0 5940.0 6360.0 6560.0 820.0 6560.0 5740.0 5340.0 1040.0 820.0 6360.0 5540.0 6140.0 1040.0 6140.0 6140.0 1240.0 5740.0 6560.0 6960.0 6140.0 6360.0 5940.0 5340.0 820.0 6360.0 1240.0 1040.0 5940.0 6360.0 5740.0 5340.0 5120.0 5740.0 5940.0 5540.0 5940.0 5740.0 5740.0 5940.0 5940.0 6360.0 5740.0 620.0 5540.0 1440.0 5940.0 620.0 5340.0 5940.0 5740.0 6360.0 5540.0 5540.0 6560.0 6360.0 5120.0 6760.0 6360.0 5940.0
0.0 6760.0 6560.0 1240.0 5740.0 6360.0 5940.0 5740.0 6760.0 5740.0 6360.0 1040.0 5940.0 5740.0 5340.0 6360.0 0.0 6560.0 820.0 1440.0 5940.0 5940.0 5940.0 5740.0 6960.0 5940.0 5740.0 5940.0 6560.0 620.0 6140.0 5940.0 6140.0 6140.0 4920.0 1640.0 5940.0 6360.0 6560.0 6360.0 5940.0 6140.0 6140.0 5740.0 1440.0 5740.0 6560.0 1040.0 5740.0 6140.0 5740.0 6140.0 5540.0 1440.0 5940.0 6360.0 6360.0 5540.0 5740.0 6560.0 7180.0 5740.0 5940.0 1240.0 6140.0 5740.0 6560.0 6360.0 5940.0 6140.0 6560.0 5740.0 5340.0 5340.0 6140.0 6140.0 5740.0 5740.0 420.0 5740.0 1240.0 6140.0 1860.0 5940.0 5740.0 5540.0 6560.0 6360.0 5540.0 5740.0 1240.0 6140.0 6560.0 5540.0 5740.0 6140.0 420.0 420.0 6760.0 6560.0 5940.0
0.0 7180.0 2060.0 6560.0 6760.0 5540.0 1440.0 6760.0 6760.0 6560.0 6140.0 6360.0 1860.0 6560.0 6140.0 7380.0 6960.0 0.0 6560.0 6560.0 620.0 2060.0 7180.0 5740.0 7180.0 6140.0 6360.0 6560.0 6140.0 6560.0 6360.0 1640.0 6960.0 5940.0 6140.0 6760.0 6360.0 1640.0 6960.0 1640.0 1860.0 1640.0 1040.0 6960.0 6760.0 6560.0 6140.0 5940.0 6140.0 6560.0 6560.0 7180.0 6360.0 6360.0 6760.0 2260.0 6760.0 6360.0 6360.0 6560.0 2460.0 6760.0 6360.0 6760.0 6360.0 5940.0 6560.0 6960.0 6760.0 6960.0 7380.0 6560.0 6140.0 1440.0 6560.0 6360.0 6360.0 6760.0 6360.0 6560.0 6760.0 1860.0 6760.0 6560.0 6360.0 6360.0 6360.0 5940.0 6360.0 6140.0 6140.0 6760.0 1860.0 6360.0 6560.0 7380.0 6360.0 6140.0 7380.0 7180.0 6140.0
0.0 6760.0 5940.0 820.0 6360.0 5940.0 5740.0 6360.0 6560.0 6360.0 5940.0 620.0 6360.0 6360.0 5740.0 6960.0 1640.0 6960.0 0.0 820.0 5120.0 5340.0 6760.0 5340.0 6360.0 5740.0 5740.0 6360.0 5740.0 1440.0 5940.0 6140.0 6360.0 5740.0 5940.0 1440.0 5940.0 6140.0 6760.0 6560.0 6560.0 6560.0 5740.0 6140.0 1440.0 6360.0 6960.0 820.0 5540.0 6360.0 6360.0 6560.0 6140.0 1240.0 6140.0 6560.0 6360.0 5940.0 6140.0 6360.0 7180.0 6140.0 6560.0 1440.0 5940.0 5740.0 6360.0 5940.0 6360.0 5340.0 6960.0 5940.0 5940.0 5940.0 6360.0 5940.0 5940.0 5940.0 1040.0 6140.0 820.0 6560.0 1440.0 6140.0 6140.0 6140.0 6140.0 5540.0 6140.0 5540.0 1040.0 6140.0 6360.0 6140.0 6140.0 6760.0 1240.0 1040.0 6560.0 6960.0 5740.0
0.0 7180.0 6360.0 1440.0 6560.0 6360.0 6760.0 6360.0 6760.0 6760.0 6560.0 1640.0 6140.0 6140.0 5940.0 6960.0 2060.0 7180.0 1240.0 0.0 5940.0 5740.0 6760.0 6560.0 6960.0 6760.0 6560.0 6560.0 6560.0 2260.0 6560.0 6560.0 6560.0 6360.0 6960.0 2260.0 6560.0 6760.0 6560.0 6960.0 6560.0 6360.0 6760.0 7180.0 1040.0 6760.0 6960.0 1640.0 6360.0 6760.0 6760.0 6760.0 6560.0 1640.0 6960.0 6140.0 6360.0 6140.0 6560.0 6960.0 7180.0 5340.0 6560.0 1440.0 6360.0 6560.0 6760.0 6760.0 6360.0 5940.0 6140.0 6360.0 6360.0 6140.0 6560.0 6760.0 6140.0 5340.0 1040.0 5940.0 1860.0 6760.0 1860.0 6560.0 6360.0 6560.0 6960.0 6760.0 6560.0 6360.0 1440.0 6960.0 7180.0 6360.0 5340.0 6960.0 1040.0 1440.0 7180.0 6360.0 6140.0
0.0 6960.0 2060.0 6140.0 6560.0 6360.0 1240.0 6760.0 6760.0 6560.0 6560.0 5940.0 1640.0 6360.0 6360.0 7180.0 6560.0 2460.0 6360.0 6960.0 0.0 1440.0 6760.0 6360.0 7380.0 6360.0 5940.0 6760.0 6560.0 6760.0 6760.0 1240.0 6760.0 6360.0 6560.0 6760.0 6360.0 1440.0 6560.0 1440.0 2060.0 1640.0 1440.0 6760.0 6560.0 6360.0 6960.0 6560.0 5940.0 6140.0 6360.0 6760.0 6360.0 6560.0 6360.0 1860.0 6960.0 6560.0 5940.0 6960.0 2460.0 6760.0 6960.0 6560.0 6360.0 6560.0 7180.0 6560.0 6360.0 6560.0 7180.0 6360.0 6140.0 1640.0 6560.0 6760.0 6140.0 6760.0 6360.0 6560.0 6360.0 1440.0 6360.0 6140.0 5740.0 6560.0 5940.0 6560.0 6360.0 5940.0 5740.0 6360.0 2060.0 6360.0 6760.0 7180.0 6760.0 6560.0 7380.0 6760.0 6560.0
0.0 7180.0 1860.0 5740.0 6360.0 6960.0 1860.0 6760.0 6760.0 7180.0 6760.0 6560.0 1640.0 6360.0 5940.0 7180.0 6360.0 2260.0 6140.0 5540.0 1440.0 0.0 6560.0 6560.0 6140.0 6140.0 6560.0 6760.0 6760.0 6760.0 6960.0 1040.0 6560.0 6560.0 6360.0 6960.0 6360.0 2060.0 6360.0 1860.0 2060.0 1860.0 2060.0 6760.0 6140.0 6560.0 6760.0 6560.0 6360.0 6140.0 6560.0 6760.0 6760.0 6360.0 6760.0 1440.0 6960.0 6140.0 5740.0 6360.0 2460.0 5740.0 7180.0 6560.0 6360.0 6560.0 7180.0 5940.0 6560.0 5120.0 6560.0 6360.0 6760.0 1440.0 6760.0 6760.0 6560.0 5740.0 6360.0 6360.0 6960.0 2060.0 5940.0 5940.0 6360.0 6960.0 7180.0 6560.0 6960.0 6360.0 6560.0 6960.0 1860.0 6760.0 5740.0 6760.0 6360.0 6760.0 6360.0 6960.0 6360.0
0.0 6760.0 5940.0 5540.0 6360.0 6560.0 5740.0 6140.0 1440.0 1240.0 5740.0 6140.0 5340.0 5740.0 820.0 6140.0 6560.0 6960.0 5740.0 6560.0 5940.0 5940.0 0.0 5940.0 5940.0 5740.0 5740.0 5540.0 6360.0 6560.0 5740.0 6140.0 6360.0 5540.0 1440.0 6360.0 5940.0 6140.0 1640.0 6560.0 6360.0 5940.0 6360.0 6760.0 6360.0 6140.0 6760.0 5540.0 820.0 6360.0 6140.0 1240.0 1040.0 5940.0 6140.0 5740.0 1640.0 5940.0 5940.0 6140.0 6760.0 6360.0 6560.0 5540.0 5740.0 5540.0 1040.0 5940.0 5540.0 6140.0 1860.0 6140.0 820.0 5740.0 5340.0 1040.0 5940.0 1440.0 5740.0 6140.0 6360.0 6360.0 6140.0 1240.0 5940.0 5940.0 6560.0 6140.0 5740.0 5740.0 6560.0 1440.0 6360.0 5940.0 5940.0 6560.0 5940.0 5540.0 5740.0 6360.0 6140.0
0.0 1640.0 6560.0 5940.0 1240.0 1440.0 5940.0 6140.0 6140.0 5940.0 620.0 5740.0 6140.0 5940.0 5740.0 6560.0 6360.0 6760.0 5940.0 6560.0 6360.0 6360.0 6560.0 0.0 2060.0 5940.0 820.0 5940.0 6560.0 5940.0 5540.0 5740.0 6360.0 5340.0 5540.0 6560.0 1240.0 6140.0 6360.0 6360.0 6360.0 6140.0 5340.0 6360.0 6760.0 5940.0 1860.0 5740.0 5540.0 6140.0 5940.0 6560.0 5740.0 6140.0 5940.0 6360.0 6360.0 6140.0 5740.0 6760.0 7180.0 1440.0 6360.0 6140.0 820.0 5740.0 6560.0 6360.0 6140.0 1640.0 6560.0 5740.0 5540.0 5940.0 1040.0 6140.0 5740.0 6140.0 5740.0 1240.0 6140.0 6140.0 6560.0 5940.0 5740.0 5740.0 6560.0 6360.0 5740.0 620.0 6360.0 5940.0 6560.0 5740.0 5740.0 1860.0 5740.0 5340.0 6960.0 6560.0 6140.0
0.0 1240.0 6360.0 5540.0 820.0 1040.0 5940.0 5540.0 5740.0 5940.0 820.0 5340.0 5340.0 5120.0 5540.0 6140.0 5940.0 6760.0 5740.0 6360.0 5940.0 5740.0 6140.0 1040.0 0.0 5740.0 620.0 5740.0 6360.0 6140.0 5740.0 5540.0 6140.0 5540.0 5940.0 6360.0 220.0 6140.0 5940.0 6360.0 5740.0 5540.0 5740.0 6140.0 6140.0 5940.0 1440.0 5740.0 5340.0 5740.0 5940.0 5940.0 5740.0 5540.0 5740.0 5120.0 5940.0 5740.0 5340.0 5940.0 6140.0 820.0 6140.0 5340.0 420.0 5740.0 6140.0 5740.0 5340.0 1240.0 6360.0 5740.0 5740.0 5340.0 620.0 6140.0 5540.0 5740.0 5340.0 1040.0 5740.0 5740.0 6360.0 5540.0 5340.0 5740.0 6140.0 6140.0 5740.0 420.0 6140.0 5740.0 6360.0 5740.0 5540.0 620.0 5540.0 5540.0 6140.0 6360.0 5540.0
0.0 6760.0 6360.0 5940.0 5740.0 6360.0 5540.0 5540.0 6360.0 5940.0 6360.0 5740.0 5940.0 6140.0 5740.0 6560.0 6360.0 6760.0 5540.0 5940.0 5740.0 5740.0 6560.0 5940.0 6760.0 0.0 5940.0 6560.0 5540.0 5940.0 1440.0 5740.0 6140.0 1240.0 6360.0 6140.0 5740.0 5940.0 6360.0 6560.0 5740.0 6360.0 6140.0 1440.0 6140.0 5940.0 6360.0 5340.0 5740.0 5940.0 5940.0 5940.0 5740.0 5340.0 5540.0 6360.0 6140.0 5740.0 1040.0 1240.0 6760.0 5740.0 1440.0 5940.0 5740.0 5540.0 5940.0 6360.0 6140.0 5940.0 6360.0 1240.0 5740.0 5340.0 5740.0 5740.0 1040.0 5540.0 5120.0 5940.0 6140.0 6140.0 6360.0 5940.0 5740.0 1440.0 6140.0 420.0 5740.0 5740.0 6140.0 6140.0 5540.0 820.0 820.0 6140.0 6360.0 6140.0 2060.0 1640.0 820.0
0.0 1860.0 6560.0 5740.0 1240.0 1240.0 5740.0 5940.0 6360.0 5740.0 820.0 5740.0 5540.0 5540.0 5940.0 6360.0 6140.0 6760.0 5740.0 6360.0 5940.0 5940.0 6360.0 820.0 1860.0 5340.0 0.0 5940.0 6140.0 6360.0 5740.0 5740.0 5940.0 5540.0 6140.0 6360.0 1040.0 6140.0 6360.0 6140.0 6140.0 5740.0 5940.0 6360.0 6140.0 5740.0 1860.0 5540.0 5540.0 5940.0 5740.0 6360.0 5340.0 5740.0 5740.0 5940.0 6560.0 6140.0 5740.0 6360.0 6760.0 1240.0 6140.0 5740.0 1040.0 5740.0 6560.0 6140.0 5740.0 1440.0 6560.0 5940.0 5340.0 5540.0 1240.0 5940.0 5740.0 5940.0 5540.0 1240.0 5940.0 5740.0 5940.0 5740.0 5540.0 5940.0 6560.0 5740.0 5340.0 620.0 6560.0 6140.0 6140.0 5540.0 5940.0 1640.0 6360.0 5740.0 6560.0 6360.0 5740.0
0.0 7380.0 7180.0 6560.0 6960.0 6760.0 6560.0 2260.0 7180.0 6360.0 6560.0 6360.0 6360.0 1860.0 6560.0 2260.0 6760.0 7380.0 6760.0 6960.0 5340.0 6760.0 6140.0 6360.0 6960.0 6560.0 6140.0 0.0 1640.0 6960.0 6760.0 6360.0 2260.0 6360.0 6760.0 7180.0 6560.0 6760.0 5940.0 6760.0 7180.0 6760.0 6560.0 6960.0 6760.0 1440.0 7380.0 6360.0 6140.0 1640.0 1440.0 5540.0 6140.0 6760.0 1860.0 6560.0 6960.0 1860.0 6360.0 6960.0 6760.0 7180.0 6960.0 6360.0 6760.0 1640.0 6960.0 1860.0 1440.0 6960.0 7380.0 6560.0 6560.0 6760.0 6360.0 6760.0 6560.0 7180.0 6760.0 6560.0 6760.0 6760.0 6760.0 6360.0 1440.0 6760.0 1440.0 6960.0 1860.0 6140.0 5940.0 6760.0 6140.0 6140.0 6960.0 7380.0 6960.0 6560.0 6760.0 6760.0 6960.0
0.0 6960.0 6760.0 6360.0 6760.0 6760.0 6560.0 1860.0 6960.0 6360.0 6360.0 6360.0 6560.0 1440.0 4920.0 1860.0 6760.0 6140.0 5940.0 6560.0 6140.0 6140.0 6760.0 5740.0 6560.0 6140.0 6360.0 1640.0 0.0 6140.0 6360.0 6360.0 1640.0 6140.0 6360.0 6360.0 6360.0 6760.0 6760.0 6140.0 6140.0 6360.0 6140.0 6560.0 6140.0 1440.0 6360.0 6360.0 6360.0 1440.0 1440.0 6960.0 6140.0 6560.0 1640.0 6360.0 5340.0 420.0 6360.0 7180.0 6560.0 6960.0 5740.0 6560.0 6560.0 1440.0 6360.0 1860.0 1640.0 6360.0 7180.0 6360.0 5940.0 5540.0 6760.0 5940.0 6360.0 6760.0 6360.0 5940.0 6760.0 6760.0 6560.0 6360.0 1440.0 6140.0 2260.0 6560.0 1240.0 6360.0 6360.0 6760.0 6760.0 6140.0 6360.0 6560.0 6560.0 5740.0 6360.0 6960.0 5740.0
0.0 6960.0 6760.0 1240.0 6560.0 6760.0 6760.0 6360.0 7180.0 6760.0 6760.0 1440.0 6360.0 6360.0 6360.0 6760.0 1860.0 6360.0 1440.0 2260.0 5540.0 6560.0 6140.0 6560.0 7180.0 6560.0 6360.0 6760.0 6760.0 0.0 5940.0 6140.0 6960.0 6560.0 6760.0 2060.0 6560.0 6960.0 6140.0 6760.0 6760.0 6560.0 6560.0 5340.0 1440.0 6760.0 7180.0 1640.0 6140.0 6360.0 6760.0 6760.0 6560.0 1440.0 5940.0 6360.0 7180.0 6560.0 6140.0 6360.0 7380.0 6560.0 7180.0 1240.0 6760.0 6560.0 6760.0 6560.0 6560.0 6760.0 6560.0 6560.0 6360.0 6360.0 6140.0 6760.0 6360.0 6560.0 1440.0 6360.0 1640.0 6560.0 2060.0 6360.0 6140.0 6760.0 6560.0 6560.0 6360.0 6140.0 1440.0 6560.0 7180.0 6560.0 5740.0 5740.0 1860.0 1860.0 6960.0 6760.0 6560.0
0.0 6760.0 6560.0 5940.0 6140.0 6140.0 5740.0 6140.0 6560.0 5740.0 5940.0 5740.0 5740.0 5740.0 6140.0 5940.0 6140.0 6760.0 5740.0 6360.0 5940.0 5940.0 6360.0 5540.0 6960.0 1040.0 5740.0 6140.0 6360.0 6360.0 0.0 5740.0 5940.0 1040.0 5940.0 6360.0 5940.0 6140.0 6360.0 6140.0 6360.0 5940.0 5740.0 1440.0 6560.0 5740.0 6760.0 5740.0 5540.0 5940.0 5740.0 6360.0 5340.0 6140.0 5940.0 6140.0 6560.0 6360.0 820.0 1640.0 6960.0 6140.0 1240.0 5940.0 5940.0 5740.0 6760.0 5740.0 5940.0 6140.0 6560.0 1040.0 5340.0 5740.0 6140.0 5940.0 820.0 6140.0 5740.0 5340.0 5940.0 6140.0 6560.0 5740.0 5540.0 1240.0 6760.0 1240.0 5340.0 5540.0 5740.0 6140.0 6360.0 620.0 1240.0 6760.0 6140.0 5940.0 1860.0 1440.0 820.0
0.0 6960.0 1640.0 6140.0 6360.0 6560.0 1240.0 6140.0 6760.0 6360.0 6360.0 6140.0 1040.0 6360.0 5740.0 6560.0 5540.0 2060.0 6140.0 5940.0 1440.0 620.0 6360.0 6140.0 6360.0 5940.0 6140.0 6360.0 5940.0 5940.0 6360.0 0.0 5940.0 6140.0 5540.0 6560.0 6140.0 1240.0 6760.0 1860.0 1440.0 1640.0 1640.0 6360.0 6560.0 6360.0 7180.0 5740.0 5940.0 5120.0 6140.0 6560.0 6140.0 6360.0 5940.0 1440.0 6560.0 5940.0 6360.0 6360.0 2260.0 5740.0 6360.0 5940.0 6140.0 5940.0 6360.0 6360.0 5740.0 5540.0 6560.0 6360.0 5940.0 1040.0 6140.0 6140.0 6140.0 6140.0 5740.0 6360.0 6560.0 1860.0 6360.0 6360.0 6140.0 6140.0 6560.0 5740.0 5940.0 5940.0 5940.0 6360.0 1640.0 6140.0 5740.0 6560.0 5740.0 5740.0 6760.0 6960.0 5940.0
0.0 6960.0 6760.0 6360.0 6140.0 6360.0 6560.0 1860.0 6560.0 6360.0 5940.0 6360.0 6560.0 1440.0 6560.0 820.0 6760.0 6960.0 6140.0 6760.0 6360.0 6360.0 6760.0 6360.0 6760.0 6560.0 6140.0 1440.0 2060.0 6560.0 5940.0 6360.0 0.0 5740.0 6760.0 6360.0 6360.0 6560.0 6760.0 6140.0 6140.0 6560.0 6560.0 6960.0 6360.0 1440.0 7180.0 6360.0 5940.0 1640.0 1440.0 6360.0 6140.0 6760.0 1640.0 6560.0 5540.0 1440.0 6360.0 7180.0 6760.0 5940.0 5740.0 6560.0 5940.0 1440.0 6960.0 1860.0 1640.0 6360.0 6760.0 6360.0 5940.0 5740.0 6360.0 5940.0 6140.0 6560.0 6360.0 6360.0 6560.0 6560.0 6960.0 6360.0 1240.0 6140.0 2060.0 6560.0 1240.0 5940.0 6560.0 6360.0 6960.0 6140.0 5940.0 6760.0 6760.0 5740.0 6560.0 6960.0 6360.0
0.0 6360.0 6360.0 5740.0 5740.0 5940.0 5740.0 5940.0 5740.0 5540.0 5120.0 5540.0 5740.0 5540.0 5740.0 6360.0 5940.0 6560.0 5740.0 6140.0 5940.0 5940.0 6140.0 5540.0 6560.0 820.0 5340.0 5740.0 6360.0 5940.0 420.0 5540.0 5940.0 0.0 5940.0 6360.0 5940.0 5740.0 6140.0 5940.0 6360.0 5940.0 5740.0 1440.0 6360.0 5540.0 6560.0 5540.0 5120.0 5740.0 5540.0 6140.0 5340.0 5940.0 5740.0 6140.0 5940.0 5940.0 620.0 1440.0 6960.0 5940.0 1240.0 5740.0 5340.0 5540.0 6360.0 5940.0 5740.0 6140.0 6360.0 620.0 5120.0 5740.0 5540.0 5740.0 620.0 5740.0 5740.0 5740.0 5740.0 5940.0 6140.0 5540.0 5340.0 420.0 6140.0 1240.0 5340.0 5120.0 5940.0 5740.0 6360.0 620.0 620.0 6360.0 6140.0 5120.0 1860.0 1440.0 1040.0
0.0 6960.0 6560.0 6140.0 5740.0 6360.0 6140.0 5740.0 1860.0 1640.0 6360.0 5940.0 6360.0 6360.0 420.0 6360.0 6360.0 6560.0 5740.0 6360.0 5940.0 5940.0 1040.0 5940.0 6960.0 6140.0 5940.0 6560.0 6560.0 5340.0 6140.0 5940.0 6140.0 6140.0 0.0 6560.0 5940.0 6360.0 1640.0 6760.0 5940.0 6360.0 6140.0 5740.0 6360.0 6360.0 6560.0 5940.0 1040.0 6140.0 6560.0 1240.0 1440.0 6360.0 6140.0 6560.0 1440.0 5540.0 5940.0 6560.0 7180.0 5740.0 5940.0 6360.0 6360.0 5940.0 1640.0 6360.0 6360.0 6140.0 1640.0 6140.0 1240.0 5340.0 6360.0 1240.0 5940.0 820.0 5340.0 5740.0 6360.0 6140.0 6760.0 1240.0 5740.0 6360.0 6560.0 6360.0 6140.0 5740.0 6140.0 1440.0 6760.0 5740.0 5740.0 6140.0 5120.0 6140.0 6760.0 6960.0 5940.0
0.0 7180.0 6960.0 1440.0 6360.0 6560.0 6360.0 6140.0 6960.0 6360.0 6560.0 1240.0 6140.0 6360.0 6560.0 6960.0 1860.0 7180.0 1640.0 2060.0 6560.0 6560.0 6760.0 6140.0 6960.0 6360.0 6140.0 6760.0 6960.0 1040.0 6560.0 6140.0 6560.0 6360.0 6560.0 0.0 6360.0 5940.0 6560.0 6760.0 6760.0 6560.0 6360.0 6360.0 1040.0 6140.0 6560.0 1240.0 5940.0 6360.0 6140.0 6560.0 5940.0 1640.0 5740.0 6360.0 6960.0 6760.0 6140.0 6760.0 6560.0 6360.0 6560.0 1440.0 6560.0 6140.0 6560.0 6760.0 6140.0 6760.0 6960.0 6360.0 6560.0 6360.0 5940.0 6360.0 6360.0 6360.0 1440.0 6140.0 1640.0 6560.0 1040.0 6360.0 5940.0 6760.0 6960.0 6560.0 6560.0 5340.0 1640.0 6560.0 6760.0 5940.0 6140.0 6760.0 1640.0 1440.0 6960.0 6760.0 6140.0
0.0 1240.0 6960.0 6360.0 1440.0 1040.0 6360.0 6140.0 6760.0 6360.0 1640.0 6140.0 6140.0 6560.0 6560.0 6960.0 6760.0 7180.0 6140.0 6560.0 6360.0 6140.0 6360.0 1240.0 2060.0 6360.0 1440.0 6960.0 6960.0 5940.0 6560.0 6140.0 6560.0 6360.0 6760.0 6560.0 0.0 6560.0 6760.0 6560.0 6360.0 6760.0 6360.0 6360.0 6760.0 6140.0 1440.0 6140.0 5940.0 6360.0 6140.0 6560.0 5940.0 6560.0 5740.0 6560.0 6760.0 6760.0 6140.0 5940.0 7380.0 1440.0 6560.0 6140.0 1640.0 6140.0 6560.0 6760.0 6360.0 1440.0 6960.0 5940.0 6560.0 5740.0 1040.0 6360.0 5940.0 6140.0 5740.0 1860.0 6560.0 6560.0 6960.0 6360.0 5940.0 6560.0 6360.0 6560.0 6560.0 420.0 6760.0 6560.0 6760.0 5940.0 6140.0 1860.0 6760.0 6360.0 6960.0 6760.0 6760.0
0.0 7380.0 1860.0 6360.0 6560.0 6560.0 1640.0 6360.0 7180.0 6560.0 6360.0 6140.0 1240.0 6140.0 5940.0 6560.0 5740.0 2460.0 6360.0 6960.0 1860.0 1640.0 5740.0 6560.0 6760.0 6360.0 6560.0 6360.0 6360.0 6140.0 6560.0 1240.0 5740.0 6360.0 5740.0 6960.0 6560.0 0.0 5540.0 2060.0 1640.0 1440.0 1860.0 6560.0 5740.0 6560.0 7180.0 6360.0 6360.0 6360.0 6560.0 6760.0 6360.0 6560.0 6360.0 1240.0 6360.0 6140.0 6140.0 6760.0 2260.0 6360.0 6560.0 6140.0 6560.0 6360.0 6760.0 6560.0 6140.0 6760.0 7180.0 6360.0 6140.0 1240.0 5940.0 6560.0 6140.0 6360.0 5940.0 5940.0 6360.0 2060.0 6760.0 6140.0 6360.0 6360.0 7180.0 6760.0 6140.0 5740.0 6360.0 6760.0 2060.0 6360.0 6360.0 6760.0 5940.0 5940.0 6560.0 6360.0 6140.0
0.0 6760.0 6140.0 5740.0 6140.0 5940.0 5940.0 6140.0 1640.0 1240.0 5740.0 5540.0 5540.0 5740.0 1040.0 6360.0 5940.0 6760.0 5740.0 6360.0 5940.0 5940.0 220.0 6140.0 5940.0 5740.0 5740.0 5740.0 6360.0 5940.0 5940.0 5540.0 6360.0 5540.0 1040.0 6360.0 5940.0 6140.0 0.0 6560.0 6360.0 6140.0 6360.0 6140.0 6360.0 5940.0 6560.0 5740.0 820.0 5740.0 5940.0 1440.0 1040.0 6140.0 5740.0 5740.0 1860.0 5940.0 5540.0 6140.0 6760.0 6140.0 6560.0 5540.0 5940.0 5740.0 1240.0 5940.0 5540.0 6140.0 2060.0 6140.0 1040.0 5940.0 5340.0 1040.0 5940.0 1240.0 5940.0 6360.0 5740.0 6360.0 6140.0 620.0 5940.0 5940.0 6760.0 6140.0 5940.0 5120.0 6360.0 1440.0 6360.0 5740.0 6140.0 6560.0 6140.0 5740.0 5940.0 5740.0 5940.0
0.0 6140.0 1040.0 5740.0 6360.0 5940.0 1040.0 6140.0 6560.0 6360.0 5940.0 5540.0 1040.0 5740.0 5740.0 6560.0 6560.0 2060.0 5120.0 5740.0 420.0 420.0 5540.0 5540.0 6560.0 5940.0 5740.0 5740.0 5940.0 5340.0 6140.0 1240.0 6560.0 5740.0 6140.0 6560.0 5120.0 1440.0 5540.0 0.0 1440.0 1040.0 1040.0 5740.0 6560.0 6140.0 6360.0 5740.0 5740.0 6140.0 6360.0 6140.0 5940.0 6140.0 5740.0 1240.0 6360.0 6140.0 5940.0 6140.0 2060.0 6140.0 6560.0 5940.0 6140.0 5740.0 6360.0 5940.0 5940.0 5540.0 6960.0 6140.0 5940.0 1040.0 5940.0 5940.0 5940.0 6140.0 5740.0 6360.0 5740.0 1640.0 6360.0 6140.0 6140.0 5340.0 6360.0 5540.0 6140.0 5340.0 5940.0 6140.0 1640.0 5940.0 6140.0 6140.0 6360.0 5940.0 6360.0 6360.0 5940.0
0.0 7180.0 1860.0 6560.0 6560.0 6760.0 1240.0 6560.0 6760.0 6760.0 6360.0 6560.0 1440.0 6760.0 6140.0 5940.0 5940.0 2460.0 6360.0 6360.0 1860.0 1040.0 6760.0 6560.0 6760.0 6140.0 6360.0 6760.0 6140.0 6360.0 6360.0 620.0 5340.0 6140.0 5940.0 6760.0 6140.0 1240.0 6760.0 1640.0 0.0 2060.0 1860.0 6760.0 6560.0 6560.0 7180.0 5940.0 6360.0 5740.0 6760.0 6760.0 6360.0 6360.0 6360.0 1860.0 5940.0 6360.0 6560.0 6560.0 2260.0 6140.0 6140.0 6360.0 6360.0 5940.0 6560.0 6960.0 6360.0 5940.0 6960.0 6360.0 6360.0 1240.0 6560.0 6140.0 6560.0 6560.0 6360.0 6360.0 6760.0 1860.0 6760.0 6560.0 6360.0 6560.0 6560.0 5740.0 6360.0 6360.0 6360.0 6760.0 1860.0 6360.0 6360.0 6960.0 6140.0 6140.0 6960.0 7380.0 6140.0
0.0 6960.0 1440.0 4920.0 6360.0 6760.0 1240.0 6140.0 6760.0 6140.0 6360.0 6360.0 1240.0 6360.0 5120.0 6360.0 5740.0 1440.0 5940.0 6140.0 620.0 820.0 6360.0 5940.0 6560.0 6140.0 6360.0 5120.0 6140.0 6140.0 6560.0 420.0 5740.0 6140.0 5740.0 6760.0 5940.0 1440.0 6140.0 1040.0 1440.0 0.0 1440.0 6560.0 6360.0 5740.0 6360.0 5940.0 6140.0 5340.0 5740.0 5740.0 5940.0 6360.0 6140.0 1440.0 6360.0 5340.0 5940.0 6560.0 2060.0 5940.0 6560.0 6140.0 6360.0 5940.0 6360.0 5340.0 5940.0 5740.0 6760.0 6140.0 5740.0 820.0 6360.0 6360.0 6140.0 6140.0 5740.0 6140.0 6560.0 1860.0 6560.0 5740.0 6140.0 5940.0 5940.0 5940.0 5940.0 6140.0 6140.0 6360.0 1440.0 5940.0 5940.0 6760.0 5940.0 5740.0 6760.0 6560.0 5740.0
0.0 7180.0 1860.0 6360.0 5940.0 6560.0 1440.0 5940.0 6760.0 6760.0 6560.0 6140.0 1640.0 6560.0 5540.0 6560.0 6760.0 1860.0 5940.0 6760.0 1240.0 1440.0 6140.0 6360.0 7180.0 6360.0 6140.0 6760.0 6360.0 5540.0 6360.0 1440.0 6560.0 6360.0 5340.0 6760.0 6140.0 1860.0 6760.0 2260.0 1240.0 1860.0 0.0 5940.0 6560.0 6760.0 6760.0 6140.0 6140.0 6360.0 6760.0 6360.0 6360.0 6560.0 6360.0 1860.0 6560.0 5740.0 6140.0 6760.0 2460.0 5940.0 6140.0 6560.0 6560.0 6140.0 6360.0 6760.0 6560.0 6360.0 6760.0 6360.0 6360.0 620.0 6560.0 6360.0 6360.0 5940.0 5540.0 5940.0 6560.0 1640.0 6960.0 6360.0 5940.0 6760.0 6760.0 6560.0 6360.0 5940.0 6360.0 6560.0 2060.0 5940.0 5940.0 6360.0 5340.0 6360.0 6960.0 7180.0 6140.0
0.0 6760.0 6560.0 6360.0 6360.0 6560.0 6360.0 6760.0 7180.0 6560.0 6560.0 6360.0 6140.0 6360.0 6360.0 6960.0 6760.0 6140.0 6560.0 6760.0 6560.0 6560.0 5740.0 6560.0 6760.0 1440.0 5940.0 6360.0 6360.0 6560.0 1860.0 6140.0 6760.0 1440.0 6760.0 6960.0 6560.0 6760.0 5740.0 6960.0 6960.0 6560.0 6560.0 0.0 5940.0 6360.0 7180.0 6140.0 5740.0 6360.0 6360.0 6760.0 6360.0 6560.0 6360.0 6360.0 6760.0 6560.0 1440.0 1860.0 7180.0 6760.0 2060.0 6360.0 6560.0 6360.0 6760.0 6360.0 6360.0 6760.0 7380.0 1240.0 6140.0 6360.0 6140.0 6560.0 1240.0 6760.0 6360.0 6140.0 6560.0 6760.0 6760.0 6360.0 6560.0 1640.0 6760.0 1240.0 6360.0 5740.0 6360.0 6360.0 6960.0 1440.0 1860.0 6960.0 6560.0 6360.0 1860.0 1640.0 1440.0
0.0 6560.0 6560.0 620.0 5740.0 6360.0 5940.0 5740.0 6360.0 6140.0 5740.0 1040.0 5340.0 5340.0 5740.0 6140.0 1440.0 6960.0 820.0 1640.0 5940.0 5940.0 5740.0 5940.0 6560.0 5740.0 5740.0 5740.0 6360.0 1440.0 5740.0 5740.0 6360.0 5540.0 6360.0 1440.0 5940.0 5940.0 5740.0 6140.0 5940.0 5540.0 6140.0 6360.0 0.0 6140.0 6760.0 820.0 5540.0 5940.0 5940.0 6140.0 5940.0 820.0 6140.0 5340.0 6360.0 5940.0 5740.0 6140.0 6360.0 5740.0 6360.0 620.0 5740.0 5740.0 6360.0 5940.0 5540.0 6140.0 6560.0 5540.0 5740.0 5340.0 5940.0 5940.0 5340.0 5740.0 420.0 5120.0 1240.0 6140.0 1240.0 5940.0 5740.0 5940.0 6560.0 6140.0 5940.0 5540.0 620.0 6140.0 6560.0 5540.0 5740.0 6360.0 620.0 820.0 6360.0 6360.0 5340.0
0.0 6360.0 6760.0 5940.0 6140.0 6140.0 5940.0 1440.0 6140.0 5940.0 5540.0 5940.0 5740.0 1240.0 5940.0 1440.0 6140.0 6960.0 6140.0 6360.0 6360.0 6140.0 5940.0 5120.0 6760.0 5940.0 5740.0 1240.0 1440.0 5940.0 5540.0 5940.0 1440.0 5340.0 5540.0 6560.0 5340.0 6140.0 5940.0 6360.0 6560.0 6360.0 5340.0 6360.0 6560.0 0.0 6560.0 5740.0 5540.0 1040.0 220.0 6560.0 5740.0 6360.0 1240.0 6140.0 6360.0 1240.0 5940.0 6360.0 7180.0 6360.0 6560.0 5940.0 5740.0 1040.0 6140.0 1440.0 1040.0 6140.0 5940.0 5940.0 5540.0 5940.0 5940.0 5940.0 5740.0 6360.0 5940.0 6140.0 6140.0 6360.0 6560.0 5940.0 820.0 5740.0 1640.0 6360.0 820.0 5540.0 5740.0 6140.0 6560.0 5740.0 5940.0 6760.0 5740.0 5540.0 6760.0 5740.0 6360.0
0.0 2460.0 6760.0 5340.0 1860.0 1860.0 6560.0 6560.0 6960.0 6560.0 1860.0 6560.0 6560.0 6760.0 5540.0 6760.0 6140.0 6140.0 6360.0 6560.0 5940.0 5940.0 6560.0 1440.0 2060.0 6140.0 1860.0 5740.0 6760.0 6560.0 6760.0 5540.0 6360.0 6360.0 6140.0 6760.0 1640.0 6760.0 6560.0 6360.0 6760.0 5340.0 6560.0 6960.0 6560.0 6360.0 0.0 6360.0 6560.0 5740.0 6360.0 6140.0 6360.0 6560.0 6140.0 6760.0 6760.0 5740.0 5940.0 6960.0 7380.0 1440.0 6960.0 6560.0 1440.0 6360.0 6760.0 5740.0 6360.0 1440.0 7180.0 6560.0 6360.0 6140.0 1440.0 6760.0 6560.0 6560.0 6140.0 1860.0 6760.0 6960.0 6560.0 5940.0 6360.0 6360.0 6360.0 6360.0 6360.0 1640.0 6560.0 6760.0 6760.0 6360.0 6360.0 2260.0 6360.0 6140.0 7180.0 6960.0 6360.0
0.0 6360.0 5940.0 1040.0 5740.0 6140.0 5120.0 5740.0 5940.0 5940.0 6140.0 820.0 5940.0 5740.0 5740.0 6760.0 1240.0 6760.0 1040.0 1440.0 5940.0 5940.0 6360.0 5740.0 6360.0 5120.0 5740.0 6360.0 5740.0 1240.0 6140.0 5540.0 6360.0 5940.0 6140.0 820.0 5340.0 5540.0 6140.0 6360.0 5940.0 6140.0 5940.0 6360.0 1440.0 5740.0 6360.0 0.0 5540.0 5740.0 5740.0 6140.0 5540.0 620.0 5740.0 6140.0 6140.0 5940.0 5540.0 6140.0 6360.0 5740.0 6360.0 1040.0 5340.0 5120.0 6140.0 6140.0 5940.0 6140.0 6560.0 5740.0 5740.0 5340.0 5740.0 5340.0 5740.0 5740.0 420.0 6140.0 1040.0 5940.0 1240.0 5740.0 5540.0 6360.0 5940.0 5540.0 5540.0 5540.0 1440.0 5940.0 5740.0 5540.0 5740.0 6360.0 1440.0 1240.0 6760.0 6360.0 5740.0
0.0 6140.0 6760.0 5940.0 5740.0 6360.0 5940.0 5940.0 1640.0 1040.0 5940.0 5940.0 5740.0 5740.0 1240.0 6560.0 6140.0 6360.0 5940.0 6360.0 6140.0 6140.0 1440.0 5940.0 6760.0 5540.0 5120.0 5940.0 6360.0 5740.0 5940.0 5940.0 6140.0 5740.0 1240.0 6360.0 5740.0 6360.0 1640.0 6360.0 6360.0 5940.0 5740.0 6140.0 6140.0 5740.0 6760.0 5740.0 0.0 6140.0 5740.0 1040.0 620.0 5940.0 5540.0 6140.0 1860.0 6140.0 5940.0 6560.0 6960.0 6140.0 6360.0 5740.0 6140.0 5740.0 1440.0 6360.0 5740.0 6360.0 1860.0 5340.0 620.0 5740.0 5740.0 1240.0 5340.0 1240.0 5740.0 6360.0 5940.0 5940.0 6140.0 1040.0 5740.0 5740.0 6360.0 5940.0 5540.0 4920.0 6560.0 620.0 6140.0 5540.0 5940.0 6140.0 6140.0 5740.0 6760.0 6560.0 5940.0
0.0 6960.0 6360.0 5940.0 6140.0 6360.0 5740.0 1040.0 6560.0 6140.0 6140.0 5940.0 5740.0 1240.0 5540.0 1640.0 5340.0 6760.0 5940.0 5740.0 6140.0 5120.0 6360.0 5940.0 6360.0 5740.0 6140.0 1240.0 1040.0 5740.0 6140.0 6140.0 1040.0 5940.0 5340.0 6360.0 5940.0 5940.0 6560.0 6360.0 5940.0 6360.0 6360.0 6140.0 6360.0 1240.0 6960.0 5540.0 5940.0 0.0 1040.0 6360.0 5740.0 6140.0 820.0 6140.0 6360.0 1040.0 5940.0 6140.0 6760.0 5540.0 6360.0 5740.0 5940.0 820.0 6140.0 1440.0 620.0 5340.0 6360.0 6140.0 5740.0 5740.0 5940.0 5940.0 5940.0 5940.0 5540.0 6140.0 6360.0 6360.0 6140.0 6140.0 1040.0 5740.0 1440.0 5540.0 1040.0 5940.0 5740.0 6560.0 6360.0 5940.0 5540.0 6360.0 5540.0 5540.0 6560.0 6760.0 5740.0
0.0 6560.0 6760.0 6140.0 6140.0 6360.0 5940.0 1440.0 6140.0 5940.0 5540.0 5940.0 6140.0 1040.0 5940.0 1440.0 6360.0 6960.0 6140.0 6360.0 6360.0 6360.0 6560.0 4920.0 6960.0 5940.0 5740.0 1240.0 1640.0 5940.0 5540.0 5940.0 1440.0 5340.0 5540.0 6560.0 6140.0 6140.0 6560.0 6360.0 6360.0 6360.0 5340.0 6360.0 6760.0 1040.0 6760.0 5740.0 5540.0 1240.0 0.0 6560.0 5740.0 6360.0 1240.0 6360.0 6360.0 1240.0 5940.0 6760.0 7180.0 6360.0 6560.0 6140.0 5740.0 1040.0 6560.0 1440.0 1440.0 6140.0 6760.0 5940.0 5540.0 5940.0 5940.0 5740.0 5740.0 6140.0 5740.0 5940.0 6140.0 6140.0 6560.0 5940.0 820.0 5740.0 1640.0 6360.0 820.0 5540.0 6360.0 5940.0 6560.0 5740.0 5740.0 6760.0 5740.0 5340.0 6960.0 6560.0 6140.0
0.0 7180.0 7380.0 6760.0 6360.0 7380.0 6760.0 6760.0 2460.0 2260.0 6960.0 7180.0 6560.0 6960.0 2060.0 7380.0 7380.0 7380.0 6960.0 6760.0 6760.0 7180.0 2060.0 7180.0 7380.0 6360.0 6360.0 6360.0 6960.0 7180.0 6960.0 7180.0 6960.0 6760.0 2460.0 7380.0 6560.0 7180.0 2460.0 7380.0 7180.0 7180.0 7380.0 7180.0 7380.0 6960.0 7380.0 6560.0 1860.0 7380.0 7180.0 0.0 1860.0 6760.0 6360.0 6960.0 2260.0 7180.0 7180.0 7180.0 7380.0 6960.0 7380.0 6560.0 6960.0 6560.0 2460.0 7180.0 6760.0 7380.0 2460.0 6140.0 1860.0 6560.0 6560.0 2060.0 6140.0 2060.0 6560.0 7380.0 6960.0 7180.0 7380.0 2060.0 6960.0 6140.0 7180.0 6760.0 6760.0 6560.0 7180.0 2460.0 6960.0 6760.0 6760.0 6960.0 7180.0 6760.0 7380.0 7380.0 6960.0
0.0 6360.0 6140.0 5540.0 5740.0 5740.0 5340.0 5940.0 1240.0 620.0 5740.0 5340.0 5940.0 5740.0 820.0 6560.0 5740.0 6140.0 5540.0 5940.0 5740.0 5740.0 1040.0 5340.0 6360.0 5340.0 5340.0 5940.0 5940.0 5940.0 5740.0 5340.0 6360.0 5540.0 1040.0 5940.0 5540.0 5740.0 1040.0 5740.0 6140.0 5740.0 5540.0 5940.0 6140.0 5120.0 6360.0 5120.0 220.0 5540.0 5340.0 1240.0 0.0 5740.0 5740.0 6360.0 1440.0 5740.0 5340.0 6360.0 6760.0 6140.0 5740.0 5940.0 5540.0 5340.0 1640.0 5740.0 5940.0 5940.0 1240.0 5540.0 820.0 5540.0 5940.0 620.0 5340.0 1240.0 5540.0 6140.0 5540.0 5540.0 6140.0 620.0 5120.0 5940.0 6140.0 5740.0 5740.0 5120.0 6140.0 820.0 5940.0 4920.0 5940.0 6360.0 5940.0 5740.0 6760.0 5940.0 5940.0
0.0 7380.0 6960.0 1440.0 6960.0 6960.0 6360.0 6760.0 6760.0 6760.0 6360.0 1640.0 6140.0 6560.0 6360.0 6960.0 1440.0 7380.0 1440.0 1860.0 6560.0 6140.0 7180.0 6760.0 6760.0 6360.0 6560.0 6960.0 6760.0 1860.0 6560.0 6560.0 6760.0 6140.0 6360.0 2060.0 6560.0 6760.0 6960.0 6560.0 6960.0 6760.0 6760.0 6960.0 2460.0 6760.0 7380.0 1240.0 6360.0 5940.0 6760.0 7380.0 6560.0 0.0 6760.0 6360.0 6960.0 6560.0 6560.0 6760.0 7380.0 6560.0 7180.0 1240.0 6360.0 6360.0 6560.0 6560.0 6140.0 6360.0 7380.0 6760.0 6360.0 6560.0 5940.0 6560.0 6560.0 6960.0 1640.0 6360.0 1860.0 6960.0 2260.0 6760.0 6360.0 6560.0 7180.0 6560.0 6560.0 6360.0 1860.0 6760.0 6760.0 6560.0 6560.0 7380.0 1640.0 1440.0 6960.0 7180.0 6760.0
0.0 6760.0 6360.0 5540.0 5540.0 6560.0 5740.0 620.0 6360.0 6140.0 5740.0 6140.0 5340.0 820.0 5740.0 1440.0 6560.0 6960.0 5740.0 6360.0 5940.0 5940.0 6560.0 5940.0 6140.0 5740.0 5740.0 1440.0 1440.0 6360.0 5740.0 5940.0 1040.0 5540.0 6360.0 6360.0 5740.0 5940.0 6360.0 6560.0 6140.0 5940.0 6360.0 6560.0 5940.0 1240.0 6760.0 5540.0 5740.0 1440.0 1240.0 5740.0 5940.0 5940.0 0.0 5740.0 6140.0 1040.0 6140.0 6140.0 6760.0 5540.0 6360.0 5540.0 5740.0 620.0 5740.0 1040.0 620.0 6140.0 6360.0 6140.0 5740.0 5540.0 5120.0 5740.0 5940.0 5540.0 5540.0 6140.0 6360.0 6360.0 6560.0 5940.0 1040.0 5940.0 1440.0 5940.0 1040.0 5540.0 6560.0 6140.0 6360.0 5940.0 5540.0 6140.0 5940.0 5540.0 6360.0 6360.0 6140.0
0.0 6560.0 1440.0 5340.0 5540.0 6140.0 1240.0 5340.0 6140.0 5740.0 5340.0 5740.0 220.0 4920.0 5340.0 5940.0 5940.0 1860.0 5540.0 6140.0 820.0 820.0 6360.0 5740.0 6140.0 5940.0 5540.0 5540.0 6360.0 6140.0 5540.0 620.0 5940.0 5340.0 5940.0 5940.0 5740.0 1240.0 6360.0 1440.0 820.0 420.0 1040.0 5940.0 5940.0 5740.0 6760.0 5740.0 5340.0 5740.0 5740.0 5740.0 5540.0 5340.0 5940.0 0.0 6140.0 5540.0 5740.0 5740.0 1040.0 5540.0 5940.0 5120.0 5540.0 5940.0 5940.0 5540.0 5120.0 5940.0 6360.0 5740.0 5540.0 220.0 5940.0 6140.0 5740.0 5540.0 5120.0 5740.0 5940.0 1040.0 6140.0 5740.0 5540.0 5540.0 6140.0 5940.0 5540.0 5340.0 5940.0 5940.0 1640.0 5740.0 5540.0 6140.0 5340.0 5340.0 5940.0 6140.0 5340.0
0.0 6760.0 6560.0 6140.0 6140.0 6360.0 6140.0 6360.0 1860.0 1240.0 6360.0 5940.0 6140.0 5940.0 1440.0 6360.0 6360.0 6360.0 5740.0 6140.0 5940.0 5940.0 1440.0 5940.0 6140.0 6140.0 6140.0 6360.0 6560.0 6140.0 6560.0 5940.0 6760.0 6140.0 1440.0 5740.0 5740.0 6360.0 1440.0 5740.0 6560.0 6360.0 6360.0 6360.0 5740.0 5940.0 6760.0 5940.0 1040.0 5940.0 5940.0 1640.0 820.0 6360.0 6140.0 5940.0 0.0 5740.0 5940.0 6760.0 6140.0 6360.0 5120.0 6140.0 6360.0 5940.0 2060.0 6560.0 6140.0 5740.0 1860.0 6140.0 1440.0 6140.0 6360.0 620.0 6140.0 1440.0 5940.0 5740.0 6360.0 6360.0 6560.0 1240.0 5740.0 6140.0 6560.0 6360.0 5740.0 5940.0 5940.0 1440.0 6560.0 5740.0 5940.0 6360.0 6360.0 6360.0 5940.0 6560.0 5940.0
0.0 6760.0 6560.0 6360.0 6360.0 6560.0 6360.0 1640.0 6960.0 6140.0 6560.0 6140.0 6360.0 1240.0 6560.0 2060.0 6760.0 5940.0 5740.0 6560.0 5940.0 5940.0 6960.0 6140.0 6560.0 6360.0 6140.0 1440.0 1640.0 6760.0 6140.0 6140.0 1440.0 6360.0 6560.0 6960.0 6360.0 6560.0 6760.0 6560.0 5940.0 6360.0 6360.0 6760.0 7180.0 1240.0 6140.0 6140.0 6140.0 1440.0 1240.0 6760.0 5940.0 6560.0 1440.0 6560.0 6760.0 0.0 6140.0 6960.0 7380.0 6760.0 6560.0 6360.0 6560.0 1240.0 6760.0 1860.0 1440.0 6140.0 6960.0 6140.0 5740.0 5340.0 6560.0 6360.0 5940.0 6560.0 6140.0 6560.0 6560.0 6560.0 6960.0 6360.0 1240.0 5940.0 2060.0 6360.0 1040.0 6140.0 6360.0 6560.0 6760.0 5940.0 6140.0 6960.0 6760.0 5540.0 7180.0 6760.0 6560.0
0.0 6960.0 5740.0 5940.0 5940.0 6360.0 5940.0 5740.0 6560.0 6360.0 6360.0 5740.0 5940.0 6360.0 5740.0 6560.0 5540.0 6960.0 5340.0 5940.0 5540.0 5340.0 5740.0 5740.0 6360.0 420.0 6140.0 6140.0 5940.0 5940.0 1440.0 4920.0 5940.0 1240.0 5540.0 6560.0 5940.0 6140.0 5540.0 6560.0 6140.0 6560.0 6140.0 1440.0 6360.0 6140.0 6140.0 5740.0 5940.0 5120.0 6140.0 6360.0 5940.0 5540.0 5940.0 6360.0 6360.0 6140.0 0.0 1440.0 6960.0 5740.0 1640.0 5940.0 6140.0 5740.0 6360.0 5540.0 5740.0 5540.0 6560.0 820.0 5940.0 5540.0 5940.0 5940.0 1240.0 5940.0 5540.0 6360.0 6140.0 6360.0 6360.0 5120.0 5940.0 1240.0 6360.0 820.0 6140.0 5740.0 5940.0 6360.0 5940.0 1040.0 1040.0 6560.0 5740.0 5740.0 1640.0 1440.0 1040.0
0.0 5740.0 6140.0 6140.0 6140.0 6560.0 6140.0 6140.0 5740.0 5940.0 6560.0 5940.0 6140.0 6360.0 6140.0 6760.0 5740.0 7180.0 5540.0 6140.0 5740.0 5740.0 5940.0 5940.0 6560.0 620.0 6360.0 6360.0 6140.0 5940.0 1640.0 5340.0 6140.0 1440.0 5740.0 6760.0 5740.0 6360.0 5740.0 5540.0 6360.0 6360.0 6360.0 1440.0 6560.0 6360.0 6360.0 5940.0 6140.0 5340.0 6360.0 6560.0 6140.0 5740.0 6140.0 6360.0 5940.0 6360.0 420.0 0.0 7180.0 5940.0 1240.0 6360.0 6360.0 5940.0 6560.0 5740.0 5940.0 5740.0 6760.0 1040.0 6140.0 5740.0 6360.0 6360.0 1640.0 6140.0 5740.0 6560.0 6360.0 6560.0 6760.0 5340.0 6140.0 1040.0 6560.0 1040.0 6360.0 5940.0 6140.0 6760.0 6140.0 1240.0 1240.0 6760.0 5940.0 5940.0 1860.0 1640.0 1240.0
0.0 6560.0 1240.0 5740.0 5740.0 6360.0 620.0 5740.0 6140.0 6140.0 5940.0 5940.0 820.0 5540.0 5940.0 6140.0 6360.0 2260.0 5940.0 6560.0 1240.0 1240.0 6560.0 6140.0 6360.0 5340.0 5940.0 5940.0 6140.0 6360.0 5940.0 1040.0 6140.0 5740.0 6360.0 5940.0 5540.0 1040.0 6360.0 1640.0 1240.0 820.0 1240.0 6360.0 5740.0 5940.0 6360.0 5340.0 5740.0 5940.0 5940.0 6140.0 5740.0 5740.0 5340.0 1040.0 6360.0 6140.0 5940.0 6360.0 0.0 5740.0 6560.0 5740.0 5740.0 5340.0 6140.0 6140.0 5740.0 6360.0 6560.0 5740.0 5940.0 820.0 5340.0 5540.0 5740.0 5740.0 5540.0 5340.0 6140.0 1440.0 5540.0 5940.0 5740.0 6140.0 6360.0 5740.0 5740.0 5740.0 5740.0 6360.0 1240.0 5740.0 5740.0 6360.0 6360.0 5740.0 6560.0 6560.0 5740.0
0.0 2060.0 5940.0 5940.0 1440.0 1860.0 6560.0 6140.0 6360.0 6560.0 1640.0 6140.0 6360.0 6140.0 6140.0 7180.0 6760.0 6960.0 6140.0 5940.0 5540.0 5540.0 6760.0 1640.0 1860.0 6560.0 1440.0 6560.0 6140.0 6760.0 6360.0 6140.0 6760.0 6360.0 6760.0 6760.0 1440.0 6360.0 6760.0 6760.0 6360.0 6360.0 6360.0 6760.0 6560.0 6360.0 2260.0 6360.0 5940.0 6360.0 6360.0 6560.0 6140.0 6560.0 6560.0 6140.0 6560.0 6360.0 6140.0 6760.0 7180.0 0.0 6360.0 5940.0 1040.0 6560.0 6560.0 6360.0 6360.0 820.0 5740.0 6360.0 6140.0 5740.0 1440.0 6760.0 6360.0 6140.0 5740.0 1640.0 6560.0 6560.0 6560.0 6360.0 5940.0 6360.0 6560.0 6760.0 6140.0 1240.0 6140.0 6560.0 7180.0 6360.0 4920.0 1860.0 6360.0 5940.0 6760.0 7180.0 6560.0
0.0 6760.0 6760.0 5940.0 6360.0 6360.0 5940.0 6140.0 6760.0 5940.0 6140.0 5940.0 5940.0 5740.0 6140.0 6760.0 5940.0 6760.0 6140.0 5940.0 6360.0 5940.0 6360.0 5740.0 6560.0 1040.0 5940.0 6140.0 6560.0 6360.0 1440.0 5940.0 6560.0 1240.0 6140.0 6560.0 6140.0 6360.0 6360.0 6360.0 6360.0 6140.0 6140.0 1640.0 5540.0 5740.0 6560.0 5740.0 5740.0 5740.0 5740.0 6560.0 5540.0 6140.0 6140.0 5740.0 6760.0 6360.0 1040.0 1860.0 6760.0 6360.0 0.0 5940.0 6140.0 5740.0 6760.0 6360.0 5940.0 5540.0 6760.0 1040.0 6140.0 5940.0 6360.0 6140.0 1040.0 6140.0 5740.0 5540.0 6140.0 6140.0 6560.0 5940.0 5740.0 1040.0 6760.0 1440.0 6360.0 5740.0 5940.0 6360.0 6560.0 820.0 1440.0 6760.0 6140.0 6140.0 1860.0 1640.0 820.0
0.0 6360.0 6140.0 220.0 5740.0 6140.0 6140.0 5740.0 6360.0 6140.0 5740.0 820.0 5340.0 5340.0 5340.0 6140.0 1240.0 6360.0 420.0 1240.0 5540.0 5540.0 6360.0 5740.0 5940.0 5940.0 5540.0 5740.0 6140.0 1240.0 5740.0 5740.0 5940.0 5540.0 6140.0 1040.0 5940.0 6360.0 6360.0 5940.0 5740.0 5540.0 5940.0 6360.0 1440.0 6140.0 6560.0 1040.0 5340.0 5940.0 6140.0 6140.0 5940.0 820.0 5940.0 5340.0 6360.0 5540.0 5940.0 6140.0 6360.0 5740.0 6360.0 0.0 5740.0 5940.0 6360.0 5340.0 5540.0 5740.0 6560.0 5740.0 5740.0 5340.0 6140.0 6140.0 5740.0 5740.0 420.0 5940.0 1240.0 6360.0 1440.0 5740.0 5740.0 5940.0 6560.0 5740.0 5740.0 5340.0 1240.0 5940.0 6560.0 5940.0 5740.0 6360.0 620.0 820.0 5740.0 6360.0 5540.0
0.0 1240.0 6140.0 5340.0 820.0 820.0 5740.0 6140.0 5540.0 5940.0 1040.0 5120.0 5540.0 5740.0 5540.0 6360.0 5740.0 6560.0 5540.0 6140.0 5740.0 5540.0 5940.0 1040.0 1440.0 5540.0 420.0 5940.0 6140.0 5940.0 5740.0 5340.0 6140.0 5540.0 5740.0 6360.0 1040.0 5940.0 5740.0 6360.0 6360.0 5740.0 5540.0 5940.0 6140.0 5940.0 1240.0 5540.0 5120.0 5340.0 5940.0 6140.0 5740.0 5740.0 5540.0 5740.0 5740.0 5740.0 5120.0 6140.0 6760.0 820.0 5940.0 5540.0 0.0 5540.0 5940.0 5740.0 5540.0 1040.0 6360.0 5540.0 5540.0 5740.0 420.0 5740.0 5340.0 5540.0 5740.0 1240.0 5540.0 5540.0 5940.0 5340.0 5120.0 5740.0 5940.0 5740.0 5740.0 220.0 6140.0 5540.0 6140.0 5740.0 5740.0 1440.0 5940.0 5740.0 6360.0 6560.0 5740.0
0.0 6360.0 5740.0 5740.0 5740.0 5940.0 5120.0 820.0 5740.0 6140.0 6140.0 5540.0 5740.0 1240.0 5740.0 1860.0 5940.0 6760.0 5740.0 6140.0 5940.0 5940.0 6140.0 5940.0 6560.0 5120.0 5540.0 1440.0 820.0 5940.0 5940.0 5540.0 1440.0 5940.0 5940.0 5740.0 5340.0 5540.0 6140.0 6560.0 5940.0 5940.0 5740.0 6140.0 6140.0 1040.0 6360.0 5540.0 5340.0 820.0 1240.0 6140.0 5740.0 5340.0 820.0 6140.0 5940.0 1040.0 5540.0 6140.0 6760.0 5740.0 6140.0 5940.0 5340.0 0.0 6140.0 1240.0 1040.0 6140.0 6560.0 5740.0 5740.0 5340.0 5540.0 5740.0 5740.0 5740.0 5340.0 6140.0 5740.0 5940.0 5940.0 5740.0 620.0 6140.0 1040.0 5340.0 1040.0 5340.0 6140.0 5940.0 5740.0 5740.0 5740.0 6360.0 6140.0 5940.0 6760.0 6760.0 5740.0
0.0 7180.0 5940.0 5740.0 6560.0 6760.0 6760.0 6360.0 2260.0 1860.0 6360.0 6360.0 6140.0 5940.0 1040.0 6760.0 6560.0 6560.0 5940.0 6760.0 6140.0 6140.0 2060.0 6140.0 6760.0 6760.0 6140.0 6360.0 6760.0 6760.0 6360.0 6360.0 6560.0 6140.0 1860.0 6560.0 6360.0 6760.0 2060.0 6760.0 6360.0 6140.0 6360.0 6960.0 6960.0 5940.0 6960.0 6560.0 1240.0 6360.0 5940.0 1860.0 1640.0 5340.0 6560.0 5940.0 2260.0 5940.0 6760.0 6760.0 6960.0 6560.0 6960.0 5740.0 6560.0 6560.0 0.0 5740.0 6140.0 6360.0 2060.0 6360.0 1440.0 6140.0 6360.0 2060.0 6360.0 1640.0 5940.0 6560.0 6760.0 6960.0 6960.0 1640.0 6560.0 6560.0 7180.0 6560.0 6560.0 5940.0 6760.0 1640.0 7180.0 6560.0 6360.0 6960.0 6360.0 6360.0 6560.0 6760.0 6360.0
0.0 7180.0 6560.0 6360.0 6560.0 6960.0 6760.0 1640.0 6960.0 6760.0 6360.0 6760.0 6560.0 1640.0 6140.0 2060.0 6760.0 7180.0 6360.0 6760.0 6560.0 6760.0 6360.0 5740.0 7180.0 6760.0 6360.0 1860.0 2060.0 6760.0 6360.0 6760.0 1860.0 6140.0 6360.0 6960.0 5940.0 6140.0 6760.0 7180.0 6360.0 6760.0 6140.0 7180.0 6960.0 820.0 7380.0 6560.0 6360.0 1640.0 820.0 6960.0 6560.0 6760.0 1860.0 6360.0 7180.0 1440.0 6560.0 7180.0 7380.0 6560.0 6760.0 6140.0 6360.0 1860.0 6960.0 0.0 1860.0 6360.0 6760.0 6760.0 6360.0 6140.0 6560.0 6560.0 6560.0 6560.0 6140.0 6760.0 6760.0 6960.0 7180.0 6760.0 1640.0 6560.0 2460.0 6960.0 1640.0 6360.0 6560.0 5940.0 7180.0 6560.0 6560.0 7180.0 5940.0 6140.0 6960.0 6360.0 6760.0
0.0 6360.0 6360.0 5340.0 5940.0 6360.0 6140.0 1040.0 6140.0 5940.0 5540.0 5740.0 5120.0 620.0 5540.0 1040.0 6360.0 6760.0 5540.0 6360.0 5740.0 5740.0 6560.0 5540.0 6140.0 5940.0 5540.0 1040.0 1440.0 6140.0 5540.0 5740.0 1240.0 5340.0 6140.0 6140.0 6140.0 5940.0 6360.0 6140.0 5940.0 5740.0 5940.0 6560.0 6560.0 1040.0 6760.0 5740.0 5340.0 1240.0 620.0 6360.0 5740.0 5940.0 1040.0 5540.0 6360.0 820.0 5740.0 5540.0 6360.0 6140.0 6360.0 5120.0 5540.0 1040.0 6560.0 820.0 0.0 5940.0 6560.0 5740.0 5540.0 5540.0 5940.0 6140.0 5740.0 5940.0 5540.0 5940.0 6140.0 6140.0 6560.0 5940.0 820.0 5740.0 1640.0 5940.0 820.0 5540.0 6360.0 5940.0 6560.0 5740.0 5740.0 6560.0 5740.0 5340.0 5940.0 6140.0 5740.0
0.0 2060.0 6560.0 5540.0 1440.0 1860.0 6560.0 6560.0 6760.0 6960.0 1860.0 6360.0 6360.0 6140.0 5740.0 6960.0 6140.0 6760.0 5940.0 5340.0 6140.0 6140.0 6360.0 1640.0 1040.0 5940.0 1640.0 6760.0 6560.0 6560.0 6760.0 5740.0 6360.0 6360.0 6140.0 7180.0 1240.0 6760.0 6360.0 6360.0 6760.0 6560.0 6760.0 6960.0 6140.0 6560.0 1860.0 6360.0 6360.0 5940.0 6560.0 6760.0 6560.0 6360.0 6560.0 6140.0 6760.0 5940.0 5740.0 6140.0 7180.0 820.0 6960.0 6360.0 1240.0 6360.0 6960.0 5740.0 6360.0 0.0 6560.0 6140.0 6560.0 6140.0 1640.0 6760.0 6560.0 5540.0 6140.0 1240.0 6760.0 6760.0 7180.0 5740.0 6360.0 6760.0 6960.0 6360.0 6760.0 1440.0 6560.0 6760.0 6560.0 6560.0 5740.0 1640.0 6140.0 6560.0 7180.0 6760.0 6360.0
0.0 7180.0 6760.0 6360.0 6760.0 6760.0 6140.0 6760.0 2060.0 1440.0 6560.0 6360.0 6360.0 6360.0 1240.0 6560.0 6560.0 7180.0 6360.0 6560.0 6360.0 6360.0 2060.0 5940.0 7180.0 6140.0 6360.0 6760.0 6140.0 6960.0 5540.0 6360.0 6560.0 6360.0 1640.0 6760.0 6360.0 6560.0 2060.0 6560.0 6760.0 6560.0 6360.0 6960.0 6360.0 6140.0 7180.0 5940.0 1240.0 6560.0 6140.0 2060.0 1040.0 6360.0 6360.0 6560.0 1640.0 6140.0 6360.0 6560.0 7380.0 5740.0 6760.0 6360.0 6360.0 5940.0 1640.0 6360.0 6360.0 6560.0 0.0 6360.0 1040.0 6360.0 6560.0 1440.0 6360.0 820.0 6360.0 5940.0 6560.0 6560.0 6960.0 1440.0 6140.0 6360.0 6560.0 5740.0 5940.0 6140.0 6360.0 1860.0 6760.0 5940.0 5940.0 7180.0 6360.0 6140.0 7180.0 6760.0 6140.0
0.0 6560.0 6760.0 6360.0 5340.0 6360.0 6140.0 6360.0 6760.0 6360.0 6560.0 6140.0 6140.0 6360.0 6140.0 6360.0 6560.0 6960.0 5940.0 6760.0 6140.0 6140.0 6760.0 6360.0 6960.0 1240.0 5740.0 6560.0 6760.0 6140.0 1240.0 6140.0 5740.0 1440.0 6560.0 6560.0 5340.0 6360.0 6760.0 6760.0 6760.0 6560.0 6360.0 1640.0 6760.0 6140.0 6760.0 6140.0 5540.0 6360.0 6140.0 5540.0 5940.0 6360.0 5740.0 6360.0 6360.0 6360.0 1240.0 1640.0 7380.0 6360.0 1640.0 6140.0 6360.0 6360.0 6140.0 6560.0 6140.0 6360.0 6760.0 0.0 5940.0 6140.0 5940.0 6560.0 1040.0 6360.0 6140.0 6360.0 6360.0 6560.0 6560.0 6140.0 6140.0 1440.0 5940.0 1640.0 6140.0 5340.0 6760.0 6140.0 6760.0 1040.0 1040.0 5740.0 6760.0 6360.0 2060.0 1440.0 1640.0
0.0 6360.0 6360.0 5540.0 5940.0 5940.0 5540.0 5740.0 1440.0 620.0 5740.0 5340.0 5540.0 5340.0 820.0 6360.0 5940.0 6360.0 5540.0 5940.0 5740.0 5740.0 1240.0 5340.0 6560.0 5540.0 5540.0 5940.0 6140.0 6140.0 5940.0 5340.0 5740.0 5740.0 1040.0 6140.0 5740.0 5940.0 1240.0 5740.0 5940.0 5740.0 5740.0 6140.0 6360.0 5340.0 6360.0 5340.0 420.0 5740.0 5340.0 1440.0 220.0 5740.0 5540.0 5740.0 1440.0 5940.0 5340.0 6360.0 6760.0 5940.0 5940.0 5540.0 5740.0 5340.0 1440.0 5940.0 5540.0 5940.0 1440.0 5740.0 0.0 5540.0 5740.0 820.0 5540.0 1040.0 5340.0 6140.0 5740.0 5740.0 6140.0 620.0 5340.0 5940.0 6360.0 5740.0 5120.0 5340.0 6140.0 1040.0 6140.0 5120.0 5940.0 6560.0 6140.0 5740.0 6360.0 5940.0 5740.0
0.0 6760.0 1440.0 5940.0 6360.0 6360.0 1440.0 6760.0 6760.0 6560.0 6140.0 5740.0 1640.0 6560.0 6140.0 6560.0 6360.0 2260.0 5340.0 6140.0 620.0 820.0 6560.0 5740.0 6760.0 6140.0 5940.0 6560.0 6140.0 6560.0 6360.0 1040.0 5940.0 5940.0 6140.0 6760.0 6360.0 1640.0 6560.0 1640.0 620.0 1440.0 1040.0 6560.0 6760.0 6560.0 6760.0 5940.0 5740.0 6140.0 6560.0 6760.0 6360.0 6560.0 6360.0 2060.0 6360.0 6360.0 5940.0 6560.0 2460.0 6360.0 6560.0 6560.0 6360.0 6140.0 6560.0 6360.0 6560.0 5740.0 7180.0 6140.0 6140.0 0.0 6560.0 6360.0 6140.0 6360.0 6360.0 6360.0 6140.0 1440.0 6560.0 5940.0 5740.0 6360.0 6560.0 5940.0 6360.0 5740.0 5940.0 6360.0 1860.0 6360.0 6560.0 6960.0 6360.0 6140.0 6960.0 7180.0 6140.0
0.0 1640.0 6140.0 5340.0 1240.0 1440.0 5540.0 5940.0 6140.0 5940.0 620.0 5740.0 5120.0 5540.0 5540.0 5940.0 6360.0 6760.0 5540.0 6140.0 5740.0 5740.0 6560.0 1040.0 1040.0 5340.0 820.0 5940.0 6140.0 6360.0 5540.0 5740.0 6140.0 5340.0 6140.0 5940.0 620.0 5740.0 6360.0 6360.0 5940.0 5740.0 6140.0 6560.0 6360.0 5940.0 1860.0 5340.0 5540.0 5940.0 5740.0 6360.0 5740.0 5740.0 5940.0 5540.0 6360.0 5740.0 5740.0 5940.0 6560.0 1240.0 6360.0 5340.0 820.0 5340.0 5740.0 5740.0 5340.0 1040.0 6560.0 5740.0 5540.0 5540.0 0.0 5540.0 5740.0 5940.0 5540.0 1040.0 6140.0 6140.0 6360.0 5940.0 5740.0 5740.0 6360.0 5740.0 5740.0 620.0 6360.0 5940.0 5940.0 5740.0 5740.0 1640.0 5740.0 5340.0 6140.0 6140.0 5940.0
0.0 6560.0 6360.0 5740.0 5740.0 5940.0 5740.0 5940.0 1440.0 820.0 5940.0 5540.0 5540.0 5540.0 1040.0 6360.0 5940.0 6360.0 5740.0 6140.0 5940.0 5940.0 1440.0 5540.0 6760.0 5540.0 5540.0 5940.0 6360.0 6140.0 5940.0 5540.0 6140.0 5740.0 1240.0 6140.0 5740.0 5940.0 1240.0 5940.0 6140.0 5740.0 5740.0 6140.0 6360.0 5340.0 6560.0 5340.0 620.0 5740.0 5540.0 1240.0 420.0 5940.0 5740.0 5940.0 1640.0 5940.0 5540.0 6360.0 6760.0 5940.0 5940.0 5740.0 5740.0 5540.0 1640.0 5940.0 5740.0 6140.0 1440.0 5740.0 1040.0 5540.0 5940.0 0.0 5740.0 1040.0 5540.0 5740.0 5740.0 5740.0 6360.0 820.0 5340.0 6140.0 6360.0 5940.0 5120.0 5340.0 6140.0 1040.0 5940.0 5340.0 5540.0 6360.0 6140.0 5740.0 6560.0 6140.0 5340.0
0.0 6140.0 6760.0 5740.0 5340.0 6360.0 5940.0 6360.0 6360.0 6140.0 5740.0 6140.0 5540.0 5740.0 5740.0 6360.0 6560.0 6960.0 5740.0 6560.0 5940.0 6140.0 6360.0 6140.0 6560.0 1040.0 5740.0 6360.0 6560.0 6140.0 1040.0 6140.0 5740.0 820.0 6360.0 6360.0 5540.0 6360.0 6760.0 6560.0 6360.0 6140.0 6360.0 1240.0 6760.0 6140.0 6760.0 5740.0 5740.0 6360.0 6140.0 5740.0 5940.0 6360.0 5940.0 5740.0 6360.0 5940.0 1240.0 1440.0 6760.0 6360.0 1860.0 5540.0 5940.0 5740.0 6140.0 5940.0 5540.0 6360.0 6760.0 220.0 5740.0 5940.0 5540.0 6140.0 0.0 6360.0 5940.0 6360.0 6360.0 6360.0 6760.0 6140.0 5940.0 1040.0 6140.0 1440.0 5940.0 5340.0 6560.0 6140.0 6560.0 1240.0 1240.0 5940.0 6140.0 5740.0 1440.0 1640.0 1240.0
0.0 6960.0 5940.0 6140.0 6140.0 6760.0 6360.0 6140.0 1640.0 1640.0 6360.0 6360.0 5940.0 5740.0 820.0 6760.0 6760.0 6960.0 5740.0 5940.0 5540.0 5540.0 1440.0 6360.0 6760.0 6360.0 6360.0 6360.0 6360.0 6960.0 6360.0 6360.0 6360.0 6140.0 1860.0 6760.0 6360.0 6360.0 1440.0 6760.0 6360.0 6140.0 6560.0 6760.0 5540.0 6560.0 6560.0 6140.0 1240.0 6360.0 6560.0 1640.0 1440.0 6360.0 6560.0 5740.0 1240.0 5940.0 6140.0 6760.0 6760.0 5120.0 6360.0 5940.0 5940.0 6360.0 1640.0 6360.0 5940.0 5740.0 1040.0 5940.0 1240.0 5740.0 6360.0 1640.0 5940.0 0.0 5740.0 5540.0 6560.0 6560.0 6560.0 1440.0 6140.0 6360.0 6560.0 6360.0 6360.0 6140.0 5940.0 1860.0 6960.0 6140.0 5120.0 6760.0 5540.0 5940.0 6760.0 6960.0 5740.0
0.0 6560.0 6360.0 1040.0 5540.0 6140.0 6360.0 5340.0 6760.0 6360.0 6360.0 820.0 6140.0 5940.0 5940.0 6560.0 1240.0 6960.0 620.0 1240.0 5540.0 5740.0 6360.0 5740.0 6760.0 5940.0 5740.0 6360.0 6360.0 1440.0 6360.0 5740.0 5940.0 6140.0 6140.0 1860.0 5540.0 6560.0 6360.0 6560.0 5540.0 6140.0 5940.0 6360.0 1040.0 6360.0 6560.0 1240.0 5540.0 5940.0 6360.0 5740.0 6140.0 1440.0 5940.0 6360.0 6140.0 6140.0 5740.0 6360.0 7180.0 5540.0 6360.0 1240.0 6360.0 6140.0 6360.0 6140.0 5940.0 5740.0 6140.0 5940.0 5940.0 5120.0 6360.0 6360.0 5740.0 5340.0 0.0 6140.0 1040.0 5940.0 1640.0 5740.0 5540.0 6360.0 6140.0 5940.0 6140.0 5540.0 1040.0 6140.0 6560.0 6140.0 5340.0 5940.0 1240.0 1240.0 6960.0 6760.0 6360.0
0.0 1440.0 6560.0 5940.0 820.0 1240.0 6360.0 6360.0 6760.0 6360.0 1240.0 5740.0 5740.0 5940.0 6140.0 6560.0 6140.0 6960.0 6140.0 6560.0 6360.0 6140.0 6360.0 1040.0 1860.0 5940.0 820.0 6360.0 6360.0 6360.0 6140.0 5740.0 6140.0 5940.0 6140.0 6760.0 1040.0 6560.0 6360.0 6140.0 6560.0 6140.0 5940.0 6360.0 6140.0 6360.0 1860.0 6140.0 5540.0 5940.0 5940.0 5940.0 6140.0 5940.0 6140.0 5940.0 6760.0 6360.0 5740.0 6560.0 6960.0 1640.0 6760.0 5740.0 1440.0 6140.0 6560.0 6140.0 5740.0 1440.0 7180.0 5340.0 5940.0 6140.0 1040.0 6360.0 5340.0 6360.0 5940.0 0.0 5940.0 6140.0 6140.0 5740.0 5540.0 6360.0 6360.0 6360.0 6140.0 620.0 5340.0 5940.0 6560.0 6140.0 6360.0 1440.0 6360.0 5940.0 6760.0 6760.0 6360.0
0.0 6960.0 6760.0 1240.0 6360.0 6360.0 6760.0 6960.0 6760.0 6560.0 6760.0 1440.0 6360.0 6560.0 6140.0 6960.0 1860.0 6360.0 1640.0 2260.0 6560.0 6560.0 6140.0 6360.0 7180.0 6560.0 6360.0 6140.0 6760.0 1860.0 6760.0 6140.0 6360.0 6560.0 6760.0 2460.0 6360.0 6960.0 6140.0 6360.0 7180.0 5940.0 6560.0 5340.0 1440.0 6360.0 7180.0 1640.0 6140.0 6360.0 6360.0 6560.0 6560.0 1240.0 6560.0 6560.0 6960.0 6360.0 6360.0 7180.0 7380.0 6760.0 6960.0 1640.0 6360.0 6560.0 7180.0 6360.0 6560.0 6760.0 6960.0 5940.0 6560.0 6760.0 6360.0 6760.0 5940.0 6760.0 1860.0 5540.0 0.0 6760.0 1860.0 6360.0 6140.0 6760.0 6960.0 6360.0 6360.0 6140.0 1040.0 6560.0 7180.0 6560.0 6960.0 6760.0 2060.0 1860.0 6960.0 6760.0 5340.0
0.0 7180.0 1640.0 6140.0 6560.0 6760.0 1440.0 6760.0 6560.0 6360.0 5940.0 6360.0 1040.0 6360.0 6140.0 6760.0 6760.0 2260.0 6140.0 6960.0 1440.0 1640.0 5540.0 6360.0 6360.0 6140.0 6140.0 6140.0 6760.0 6760.0 6140.0 1440.0 6560.0 5740.0 6760.0 6760.0 6360.0 1640.0 6760.0 1860.0 1860.0 1640.0 1860.0 5940.0 6760.0 6360.0 7380.0 5940.0 5940.0 6560.0 6360.0 6560.0 6140.0 6560.0 6360.0 1440.0 6560.0 6360.0 6360.0 6560.0 2460.0 6760.0 6760.0 5940.0 6140.0 6140.0 6360.0 6360.0 5940.0 6760.0 7180.0 6360.0 5940.0 1440.0 5740.0 6360.0 6140.0 6760.0 6360.0 6560.0 6760.0 0.0 6560.0 6560.0 6140.0 6140.0 6960.0 6560.0 6140.0 5940.0 6760.0 6560.0 1860.0 6140.0 6360.0 6960.0 6560.0 5740.0 6360.0 6960.0 6560.0
0.0 6560.0 6760.0 820.0 5940.0 6360.0 6140.0 5940.0 6560.0 6360.0 5940.0 1040.0 5540.0 5540.0 5940.0 6360.0 1440.0 6960.0 1040.0 1860.0 6140.0 6140.0 5940.0 6140.0 6760.0 5940.0 5940.0 5940.0 6560.0 1640.0 5940.0 5940.0 6360.0 5740.0 6360.0 1640.0 6140.0 6140.0 5940.0 6140.0 6140.0 5740.0 6360.0 5940.0 220.0 6360.0 5740.0 1040.0 5740.0 6140.0 6140.0 6360.0 6140.0 1040.0 6360.0 5340.0 6560.0 6140.0 5940.0 6360.0 6360.0 5940.0 6560.0 820.0 5940.0 5940.0 6360.0 6140.0 5740.0 6360.0 6760.0 5740.0 5940.0 5540.0 6140.0 6140.0 5540.0 5940.0 620.0 5340.0 1440.0 5940.0 0.0 6140.0 5740.0 6140.0 6760.0 6360.0 5940.0 5740.0 820.0 6360.0 6560.0 5740.0 5940.0 6560.0 820.0 1040.0 6560.0 6560.0 5340.0
0.0 6960.0 5740.0 5740.0 5940.0 6140.0 6140.0 6560.0 1860.0 1640.0 6140.0 5740.0 5940.0 6360.0 1240.0 6760.0 6360.0 6960.0 5340.0 5940.0 5340.0 5540.0 620.0 5740.0 6560.0 5940.0 5940.0 6140.0 6140.0 6360.0 6360.0 5940.0 6360.0 5940.0 1440.0 6560.0 5940.0 6360.0 620.0 6760.0 6560.0 6360.0 5940.0 6360.0 6560.0 6560.0 5940.0 5740.0 1040.0 6140.0 6560.0 1440.0 1440.0 6360.0 6140.0 6360.0 1640.0 6140.0 5940.0 6140.0 7380.0 6360.0 6760.0 5940.0 6360.0 5940.0 1640.0 6140.0 6140.0 5740.0 2260.0 5540.0 1440.0 5940.0 5940.0 1240.0 6140.0 1440.0 6140.0 6360.0 5940.0 6760.0 6560.0 0.0 6360.0 6360.0 6360.0 5740.0 6360.0 5540.0 6140.0 1440.0 6560.0 6360.0 6360.0 6360.0 6360.0 6140.0 6360.0 6140.0 6140.0
0.0 6140.0 5940.0 5340.0 5740.0 5540.0 5940.0 1040.0 6560.0 5740.0 5940.0 5120.0 5740.0 820.0 5540.0 1640.0 5540.0 6360.0 5540.0 5940.0 5740.0 5540.0 5740.0 5940.0 6560.0 5340.0 5120.0 1040.0 1240.0 5740.0 5940.0 5120.0 1240.0 5740.0 5740.0 6360.0 5740.0 6140.0 5740.0 6140.0 6140.0 5740.0 5340.0 5740.0 6140.0 1040.0 6140.0 5740.0 4920.0 420.0 1040.0 5940.0 5540.0 5740.0 620.0 6140.0 6560.0 820.0 5120.0 6560.0 6960.0 5940.0 6360.0 5740.0 6140.0 1040.0 6360.0 820.0 1040.0 5740.0 6760.0 5340.0 5540.0 5740.0 5740.0 6140.0 5340.0 5940.0 5540.0 6140.0 5540.0 5540.0 5940.0 5340.0 0.0 5740.0 1640.0 5740.0 620.0 4920.0 6140.0 5540.0 5940.0 5740.0 5940.0 6140.0 5740.0 5740.0 6560.0 6360.0 5740.0
0.0 6960.0 6760.0 5740.0 6360.0 6360.0 6140.0 6140.0 6560.0 5940.0 5940.0 5940.0 5740.0 5740.0 5940.0 6360.0 6560.0 6960.0 5940.0 6560.0 5740.0 6360.0 6360.0 5940.0 6760.0 820.0 5340.0 5340.0 6360.0 6560.0 1240.0 5940.0 6360.0 1040.0 6560.0 6560.0 6140.0 6360.0 6360.0 6360.0 6360.0 5940.0 6360.0 1860.0 6360.0 5940.0 6960.0 5940.0 5740.0 6140.0 5940.0 5740.0 5740.0 5940.0 6140.0 5940.0 6760.0 6140.0 1040.0 1440.0 6960.0 6360.0 1640.0 5740.0 6140.0 5940.0 6560.0 6140.0 5740.0 6360.0 6760.0 1440.0 5540.0 5940.0 5740.0 6140.0 1240.0 6360.0 5740.0 6360.0 6360.0 6140.0 6140.0 6140.0 5740.0 0.0 6560.0 1240.0 5740.0 5740.0 6140.0 6360.0 6360.0 820.0 1440.0 6760.0 6360.0 5940.0 1640.0 1640.0 1240.0
0.0 6760.0 5740.0 5940.0 5940.0 6360.0 5940.0 1040.0 6560.0 6360.0 6360.0 5740.0 5940.0 1440.0 5740.0 1640.0 5540.0 6960.0 5340.0 5940.0 5540.0 5340.0 5740.0 5740.0 6360.0 5340.0 5740.0 1240.0 1040.0 5940.0 6360.0 4920.0 1040.0 6140.0 5540.0 6560.0 5940.0 5340.0 5540.0 6360.0 6140.0 6560.0 6140.0 6360.0 6360.0 1440.0 6140.0 5740.0 5540.0 420.0 1440.0 6360.0 5940.0 5540.0 1040.0 6360.0 6360.0 1240.0 4920.0 6360.0 6360.0 5740.0 6560.0 5940.0 6140.0 1040.0 6360.0 620.0 1040.0 5540.0 6560.0 5740.0 5940.0 5540.0 5940.0 5940.0 5940.0 5940.0 5540.0 6360.0 6140.0 6360.0 6360.0 5120.0 1040.0 6140.0 0.0 5540.0 1240.0 5540.0 5940.0 6140.0 5940.0 5940.0 5740.0 6560.0 5740.0 5740.0 6560.0 6360.0 5940.0
0.0 6360.0 5940.0 5740.0 5940.0 6140.0 5340.0 5740.0 5940.0 5940.0 6360.0 5740.0 5940.0 5940.0 5340.0 6760.0 6140.0 6560.0 5740.0 5740.0 6140.0 6140.0 6360.0 5940.0 6360.0 420.0 5740.0 6360.0 5340.0 6140.0 1440.0 5740.0 6360.0 1240.0 6140.0 5740.0 5340.0 5540.0 6360.0 6360.0 5940.0 5940.0 5940.0 1440.0 6360.0 5740.0 6360.0 5120.0 5540.0 5740.0 5740.0 6360.0 5540.0 5540.0 5740.0 6360.0 5740.0 5540.0 820.0 820.0 6560.0 5940.0 1040.0 5940.0 5540.0 5120.0 5740.0 6140.0 6140.0 6360.0 6560.0 1040.0 5940.0 5540.0 5740.0 5340.0 1040.0 5940.0 5340.0 5740.0 5940.0 5940.0 6140.0 5740.0 5540.0 1440.0 5740.0 0.0 5540.0 5540.0 5940.0 6140.0 5740.0 820.0 1040.0 6360.0 6360.0 6140.0 1860.0 1640.0 420.0
0.0 6360.0 6140.0 5540.0 5740.0 5740.0 5340.0 820.0 6140.0 5340.0 5740.0 5340.0 5340.0 420.0 5740.0 1440.0 5740.0 6360.0 5740.0 5940.0 5740.0 5740.0 5940.0 5340.0 6560.0 5340.0 5340.0 820.0 1240.0 5940.0 5740.0 5340.0 1440.0 5540.0 5740.0 5940.0 5540.0 5740.0 5940.0 5740.0 5940.0 5540.0 5540.0 5940.0 6140.0 420.0 6360.0 5340.0 5120.0 620.0 420.0 6140.0 4920.0 5740.0 620.0 5740.0 6360.0 1040.0 5340.0 6140.0 6560.0 5740.0 5740.0 5540.0 5540.0 420.0 6360.0 1040.0 620.0 5940.0 6140.0 5540.0 5540.0 5340.0 5740.0 5540.0 5540.0 5740.0 5340.0 5940.0 5540.0 5740.0 6140.0 5340.0 220.0 5940.0 1440.0 5740.0 0.0 5120.0 6140.0 5740.0 5940.0 5120.0 5740.0 6360.0 5940.0 5540.0 6360.0 5940.0 5540.0
0.0 2060.0 6760.0 6140.0 1240.0 1440.0 6140.0 5940.0 6760.0 5940.0 1440.0 5940.0 5940.0 6360.0 6360.0 6760.0 6360.0 6960.0 6140.0 6560.0 6360.0 6360.0 6560.0 1040.0 1860.0 5940.0 1040.0 6760.0 6760.0 5740.0 6360.0 5940.0 6360.0 5940.0 6360.0 6360.0 1240.0 6360.0 6560.0 6360.0 6560.0 6360.0 6140.0 6140.0 6560.0 5940.0 2060.0 5740.0 5740.0 6140.0 5940.0 6360.0 5740.0 6360.0 5540.0 6360.0 6560.0 6360.0 5940.0 6560.0 7180.0 1240.0 6360.0 5940.0 1440.0 5940.0 6360.0 6360.0 5940.0 1640.0 6760.0 6140.0 6360.0 6140.0 820.0 6140.0 6140.0 5940.0 5940.0 1860.0 6360.0 6360.0 6760.0 5940.0 5740.0 6360.0 6760.0 6360.0 6360.0 0.0 6760.0 6360.0 6560.0 5740.0 5940.0 1640.0 6560.0 6140.0 6760.0 6560.0 6560.0
0.0 6360.0 6140.0 620.0 5940.0 5740.0 6360.0 6140.0 6760.0 5940.0 6140.0 420.0 5940.0 5940.0 5740.0 6760.0 1040.0 6560.0 820.0 1440.0 5940.0 5740.0 5940.0 6140.0 6760.0 5740.0 5340.0 6140.0 5940.0 1040.0 6140.0 5340.0 6360.0 5940.0 5740.0 1640.0 5740.0 6360.0 5940.0 5740.0 6360.0 5740.0 5540.0 5940.0 1040.0 5940.0 6360.0 1240.0 5120.0 5540.0 6140.0 6140.0 5740.0 1040.0 5740.0 6140.0 6360.0 5940.0 5340.0 6760.0 7180.0 6140.0 6560.0 1240.0 6360.0 6140.0 6560.0 5740.0 6140.0 5940.0 6960.0 5540.0 5740.0 5940.0 5940.0 6360.0 5540.0 6360.0 1040.0 5940.0 820.0 5740.0 820.0 5540.0 5120.0 5940.0 6560.0 5940.0 5740.0 5340.0 0.0 5740.0 6360.0 5740.0 6140.0 6360.0 1240.0 1240.0 6760.0 6760.0 5940.0
0.0 7180.0 7180.0 6560.0 6360.0 6560.0 6560.0 6140.0 2260.0 1860.0 6960.0 6560.0 6760.0 6760.0 1040.0 6760.0 6960.0 5940.0 6360.0 6960.0 6140.0 6560.0 1640.0 6560.0 7180.0 6560.0 6560.0 6760.0 6560.0 5940.0 6760.0 6560.0 6760.0 6760.0 620.0 7180.0 6360.0 6960.0 1860.0 7180.0 6360.0 6560.0 5340.0 6140.0 6760.0 6760.0 6760.0 6360.0 1440.0 6760.0 6760.0 1860.0 1640.0 6760.0 6760.0 6960.0 2060.0 5540.0 6560.0 7180.0 7380.0 6140.0 6360.0 6960.0 6760.0 6560.0 1640.0 6760.0 6760.0 6760.0 2260.0 6360.0 1440.0 5940.0 6760.0 1860.0 6560.0 1440.0 5740.0 6360.0 5740.0 6760.0 7180.0 1640.0 6360.0 6360.0 6960.0 6760.0 6360.0 6360.0 6560.0 0.0 7180.0 6360.0 6140.0 6760.0 5740.0 6140.0 7180.0 7380.0 5940.0
0.0 6360.0 1240.0 5540.0 5940.0 5740.0 620.0 5940.0 6140.0 5340.0 5740.0 5340.0 1040.0 5940.0 5340.0 6560.0 5740.0 1440.0 5740.0 6140.0 820.0 820.0 6140.0 5340.0 6560.0 5340.0 5340.0 5940.0 5340.0 5940.0 5940.0 620.0 6360.0 5740.0 5740.0 5940.0 5540.0 1040.0 5940.0 1040.0 1440.0 1040.0 620.0 5940.0 6360.0 5340.0 6360.0 5340.0 5340.0 5540.0 5340.0 6140.0 5120.0 5740.0 5740.0 1440.0 5940.0 5740.0 5340.0 6560.0 1860.0 6140.0 5740.0 5940.0 5740.0 5340.0 6560.0 5740.0 6140.0 5940.0 6360.0 5540.0 5740.0 820.0 5940.0 5540.0 5540.0 6140.0 5540.0 6360.0 5740.0 820.0 6140.0 5540.0 5120.0 5740.0 6360.0 5740.0 5740.0 5340.0 6140.0 5740.0 0.0 5120.0 5940.0 6360.0 5940.0 5740.0 6760.0 5940.0 5940.0
0.0 6560.0 6140.0 5940.0 5940.0 6140.0 5340.0 5940.0 6140.0 6140.0 5940.0 5740.0 5940.0 5940.0 5940.0 6760.0 6140.0 6960.0 5940.0 6360.0 5740.0 6140.0 6360.0 5940.0 6360.0 420.0 5740.0 6360.0 5940.0 6140.0 1040.0 5740.0 6560.0 820.0 6360.0 5940.0 5540.0 5740.0 6360.0 6560.0 6140.0 6140.0 6140.0 1640.0 6360.0 5940.0 6560.0 5120.0 5740.0 5940.0 5940.0 6360.0 5740.0 5740.0 5940.0 6360.0 6360.0 6140.0 820.0 1440.0 6560.0 5940.0 1640.0 6140.0 5540.0 5340.0 6360.0 6360.0 6140.0 6360.0 6760.0 1240.0 5940.0 5540.0 5740.0 5540.0 1040.0 5940.0 5540.0 6140.0 6140.0 6140.0 6140.0 5940.0 5540.0 1240.0 6140.0 820.0 5740.0 5740.0 6360.0 6140.0 5940.0 0.0 1040.0 6560.0 6360.0 5740.0 2060.0 1640.0 1040.0
0.0 7180.0 5940.0 5940.0 6760.0 6560.0 6560.0 6560.0 6360.0 6360.0 6560.0 6140.0 6360.0 6140.0 6140.0 7180.0 6560.0 6960.0 6140.0 6960.0 6360.0 6360.0 6760.0 6560.0 6760.0 1640.0 6140.0 6560.0 6960.0 6760.0 1440.0 6140.0 6760.0 1440.0 6560.0 6760.0 6760.0 6560.0 6760.0 6760.0 6760.0 6360.0 6360.0 1860.0 6960.0 6360.0 7180.0 6360.0 5940.0 6360.0 6360.0 6960.0 6140.0 6560.0 6560.0 6140.0 6560.0 6360.0 1240.0 2060.0 7180.0 6560.0 1860.0 5740.0 5940.0 6560.0 6360.0 6360.0 6360.0 6560.0 5740.0 1440.0 6140.0 6360.0 6140.0 6760.0 1440.0 6360.0 6140.0 6760.0 6360.0 6560.0 6960.0 6360.0 5940.0 1440.0 6760.0 1860.0 6140.0 5940.0 6960.0 6560.0 6960.0 1440.0 0.0 7180.0 6360.0 5940.0 1860.0 2260.0 1640.0
0.0 1860.0 5940.0 5340.0 1240.0 1640.0 6140.0 5940.0 6560.0 5940.0 1240.0 5940.0 5740.0 5540.0 5540.0 6360.0 6560.0 6760.0 5540.0 6360.0 5740.0 5740.0 6760.0 820.0 1440.0 6140.0 1040.0 6140.0 6360.0 6360.0 5340.0 5940.0 6360.0 5740.0 6360.0 6140.0 1040.0 6360.0 6560.0 6360.0 6140.0 5740.0 6140.0 6560.0 6560.0 5940.0 2060.0 5940.0 5740.0 6140.0 5940.0 6360.0 5740.0 5940.0 6140.0 5540.0 6760.0 5740.0 5940.0 6360.0 6560.0 1240.0 6560.0 5340.0 1040.0 5940.0 6560.0 5740.0 5740.0 1240.0 5940.0 5940.0 5540.0 5740.0 1440.0 6140.0 5940.0 6140.0 5540.0 620.0 6360.0 6360.0 6560.0 6140.0 5740.0 6140.0 6760.0 6140.0 5740.0 820.0 5940.0 6140.0 6760.0 5740.0 5120.0 0.0 5940.0 5940.0 6140.0 6560.0 5940.0
0.0 6760.0 6360.0 1040.0 5540.0 6140.0 5940.0 5540.0 6560.0 6360.0 6360.0 820.0 6140.0 6140.0 5120.0 6760.0 1440.0 6360.0 620.0 1440.0 5740.0 5740.0 6360.0 5740.0 6960.0 5740.0 5740.0 6560.0 6360.0 1440.0 5940.0 5740.0 5940.0 6140.0 6360.0 1440.0 5740.0 6140.0 6360.0 6760.0 5740.0 6360.0 5940.0 6360.0 1240.0 6360.0 6360.0 820.0 5540.0 5940.0 6360.0 5940.0 6140.0 1240.0 5940.0 6360.0 6140.0 5340.0 5740.0 6360.0 6960.0 5540.0 5740.0 1440.0 6140.0 5740.0 6360.0 6360.0 6140.0 5940.0 6360.0 5940.0 6140.0 5120.0 6140.0 5940.0 5940.0 5540.0 220.0 5940.0 1240.0 5940.0 1640.0 5940.0 5540.0 6140.0 6360.0 6140.0 6140.0 5540.0 1240.0 6140.0 6560.0 5540.0 5540.0 6140.0 0.0 1040.0 6960.0 6760.0 5740.0
0.0 6560.0 6360.0 820.0 5740.0 5940.0 5740.0 5940.0 6360.0 5540.0 5940.0 620.0 5740.0 5540.0 5940.0 6360.0 1240.0 6560.0 820.0 1240.0 5740.0 5940.0 6360.0 5540.0 6760.0 5740.0 5540.0 5540.0 6360.0 1440.0 5940.0 5540.0 5740.0 5740.0 6140.0 1440.0 5740.0 5940.0 6140.0 5940.0 6140.0 5740.0 5740.0 6140.0 1640.0 5540.0 6560.0 620.0 5340.0 5740.0 5540.0 6140.0 5340.0 1040.0 5740.0 5940.0 6360.0 6140.0 5540.0 6360.0 6760.0 6140.0 5940.0 820.0 5940.0 5540.0 6140.0 5940.0 5740.0 6140.0 6360.0 5540.0 5120.0 5540.0 5940.0 5740.0 5340.0 5940.0 620.0 6140.0 1040.0 5940.0 1440.0 5740.0 5340.0 5340.0 6560.0 5940.0 5340.0 5340.0 1040.0 5940.0 6140.0 5340.0 5940.0 6360.0 1440.0 0.0 6560.0 6140.0 5940.0
0.0 6360.0 6360.0 5740.0 5940.0 6140.0 6140.0 5740.0 5940.0 6140.0 5740.0 5540.0 5540.0 5340.0 5740.0 6360.0 6140.0 6360.0 5740.0 6560.0 5940.0 5940.0 6360.0 6140.0 5120.0 1040.0 5740.0 5740.0 6560.0 6360.0 1040.0 5540.0 6140.0 820.0 6140.0 6360.0 5340.0 6360.0 6140.0 6560.0 5740.0 5540.0 5940.0 1440.0 6360.0 6140.0 6560.0 5940.0 5540.0 5740.0 6140.0 6140.0 5940.0 5340.0 5940.0 5340.0 6140.0 5940.0 820.0 1440.0 6360.0 5940.0 1440.0 5540.0 5340.0 5940.0 6360.0 5940.0 5540.0 6140.0 6560.0 820.0 5740.0 5540.0 5740.0 6360.0 820.0 5740.0 5340.0 6140.0 5940.0 5940.0 6360.0 5740.0 5540.0 1040.0 6360.0 1440.0 5940.0 5540.0 6360.0 5940.0 6560.0 1040.0 1040.0 5740.0 5740.0 5740.0 0.0 1640.0 820.0
0.0 6360.0 6360.0 5740.0 5940.0 6140.0 5740.0 6360.0 6560.0 5740.0 6140.0 5740.0 5740.0 5940.0 5540.0 6560.0 6140.0 6560.0 5940.0 6360.0 6140.0 6140.0 5340.0 5740.0 6360.0 1040.0 5540.0 5940.0 5540.0 6140.0 1240.0 5740.0 6360.0 1040.0 6140.0 6360.0 5940.0 6140.0 5340.0 6140.0 6560.0 6140.0 5940.0 1040.0 5940.0 5540.0 6560.0 5540.0 5340.0 5940.0 5740.0 6360.0 5340.0 6140.0 5740.0 6140.0 5940.0 5740.0 820.0 1640.0 6760.0 6360.0 1240.0 5740.0 5940.0 5740.0 5940.0 6140.0 5740.0 6360.0 6560.0 820.0 5740.0 5940.0 5740.0 5940.0 620.0 6360.0 5940.0 5940.0 5540.0 5940.0 6360.0 5740.0 5540.0 1240.0 6560.0 1240.0 5740.0 5340.0 6360.0 5740.0 6360.0 620.0 1440.0 6560.0 6360.0 5940.0 1240.0 0.0 1040.0
0.0 6760.0 6960.0 5740.0 5940.0 6560.0 6560.0 6760.0 6560.0 6360.0 6360.0 6140.0 6140.0 6360.0 5940.0 6960.0 6360.0 7180.0 6140.0 6760.0 6360.0 6360.0 6760.0 6360.0 6960.0 1440.0 6140.0 5940.0 6560.0 6560.0 1640.0 5940.0 6560.0 1440.0 6560.0 6960.0 6140.0 6960.0 6760.0 6140.0 6960.0 5740.0 6360.0 1860.0 6560.0 6360.0 6960.0 6360.0 5940.0 6140.0 6140.0 6360.0 6140.0 5740.0 6360.0 6360.0 6760.0 6140.0 1240.0 2060.0 7380.0 6560.0 2060.0 6140.0 5940.0 6360.0 6760.0 6140.0 6140.0 6560.0 6760.0 820.0 6360.0 6360.0 6140.0 6560.0 820.0 6560.0 6360.0 5340.0 6360.0 6360.0 6360.0 6140.0 5940.0 1640.0 6760.0 1860.0 6140.0 5940.0 5740.0 6360.0 6960.0 1440.0 1860.0 6560.0 6560.0 6360.0 1860.0 2260.0 0.0
