100 4
950 1889 3991 6 1
830 7972 9948 2 1
325 7581 9219 9 10
198 4807 7193 6 4
72 6898 8630 3 3
510 7045 9065 10 5
1050 9068 11148 9 1
952 3054 5436 8 9
644 10728 12972 6 8
1290 7911 10017 7 8
990 8769 10863 5 3
936 5472 7848 7 10
806 6179 8285 10 9
980 12806 14830 3 1
483 10605 12765 6 10
350 5497 7703 10 1
960 5927 7529 5 2
830 10962 12846 5 4
240 5031 6827 10 5
336 6763 8933 3 5
305 4618 6878 2 5
492 9892 11528 6 9
270 5713 7807 2 4
85 11646 13782 1 4
182 9721 11615 6 8
126 11530 13794 9 10
55 3591 5409 1 1
1300 6264 7884 7 8
272 4057 6275 1 6
420 6267 8113 5 4
980 13781 15799 8 8
517 8824 10884 3 5
300 8780 10382 3 9
429 11764 13376 5 10
504 11028 12744 6 2
481 8936 11224 7 10
270 5268 7472 1 5
552 2872 5228 2 7
820 6975 8793 2 9
806 7426 9272 7 2
826 9411 11029 7 1
616 9479 11101 1 7
33 2512 4820 3 7
1335 4193 6031 5 9
240 8780 10640 2 6
12 7135 9505 2 3
276 3956 6264 2 3
50 10178 12502 10 2
768 4690 6608 10 9
228 6644 8962 8 3
264 7186 9486 4 8
532 3663 5345 2 1
792 3446 5604 9 7
280 2917 4691 10 9
525 9360 11700 8 10
228 5813 8035 1 3
747 7282 9662 1 2
165 6392 8182 7 7
266 12523 14231 1 3
570 13441 15719 1 4
1204 10310 12130 8 4
960 5650 7982 9 1
145 3980 5992 5 3
395 2460 4656 8 6
24 3780 5838 3 9
949 7259 9285 10 4
890 11040 12696 6 9
520 7301 9673 4 7
108 3298 4906 7 9
384 11833 14057 3 3
832 4666 6296 8 8
759 6158 8498 9 9
979 11881 14249 7 10
960 8464 10170 5 3
1176 7121 9091 10 1
285 12858 14742 2 5
544 12342 14146 5 10
364 2528 4696 2 3
1089 3205 5517 4 1
72 7278 9298 1 10
235 6779 8733 4 2
182 2266 4286 7 2
370 13856 15656 4 5
980 8270 10210 2 3
1275 8967 11261 3 6
444 8568 10572 8 3
663 9828 11492 3 4
50 4851 6993 5 8
558 11053 12997 9 2
324 3001 5077 7 8
462 7737 10047 6 7
210 6280 8080 8 9
402 11638 13862 9 2
767 4462 6738 4 2
1134 4192 6056 5 1
444 6168 8142 9 9
603 4222 6350 6 3
345 2362 4738 2 3
248 5130 6806 9 4
66 3393 5743 1 9
SETUP
0 502 379 236 389 400 267 369 410 318 267 297 195 277 277 297 287 502 267 379 307 267 451 297 369 256 307 379 328 379 215 174 164 226 297 389 287 328 430 328 82 338 359 307 441 277 328 215 267 226 287 461 226 205 379 277 277 318 297 359 492 348 328 215 297 226 297 307 215 307 348 318 277 297 154 277 328 389 287 287 369 369 451 318 267 307 430 256 297 267 369 379 389 236 174 154 338 246 400 420 328
0 0 287 195 154 348 236 134 359 297 226 246 154 154 226 328 338 492 226 348 267 256 62 287 277 226 256 185 369 328 236 256 256 185 328 359 174 307 379 318 287 205 277 369 256 307 461 185 215 297 297 226 256 246 277 144 287 267 246 307 369 154 328 164 246 205 277 267 174 297 318 297 226 174 134 256 277 144 164 277 318 328 297 277 215 256 318 297 256 154 174 328 359 267 134 267 215 195 236 379 226
0 471 0 205 256 400 369 236 379 328 236 297 164 144 236 338 348 492 246 410 287 297 348 307 400 359 267 246 430 348 246 246 328 195 256 205 277 359 328 400 246 195 205 256 369 328 441 318 226 287 318 328 277 236 348 236 389 277 297 328 420 267 441 174 267 338 359 277 185 338 420 318 236 164 328 389 297 246 144 287 369 348 389 215 267 277 400 359 267 236 359 348 481 287 236 379 297 215 369 389 215
0 461 318 0 359 410 379 400 400 338 369 307 338 348 41 318 441 307 205 369 256 267 287 256 430 307 348 359 400 297 359 328 185 328 379 492 236 328 267 205 287 359 328 379 277 246 328 328 328 379 246 430 287 369 379 338 307 82 328 420 533 389 359 338 400 348 318 82 297 307 461 287 256 164 359 400 318 420 318 267 379 430 389 154 318 287 471 328 277 287 348 307 441 297 328 461 297 226 400 389 195
0 267 359 226 0 246 256 226 410 246 287 215 215 267 256 246 287 430 256 379 297 267 328 215 389 246 226 369 389 185 185 174 113 246 277 307 31 267 307 338 328 318 226 267 359 205 338 205 185 226 215 82 154 287 123 256 236 307 174 267 461 256 277 195 287 215 205 297 174 307 318 246 256 215 174 267 226 236 205 256 277 287 389 205 174 318 174 318 277 11 338 297 379 164 144 123 318 267 379 359 328
0 441 533 441 512 0 430 492 533 389 471 400 400 400 481 492 481 533 410 522 461 461 492 400 533 420 410 502 522 533 481 369 359 430 492 533 451 502 533 481 277 461 461 533 533 389 533 389 379 420 389 533 338 492 441 471 471 522 400 502 533 512 502 410 471 400 533 512 369 502 533 461 307 420 481 451 441 502 410 522 471 481 533 430 369 512 533 451 328 379 533 492 533 348 502 492 533 451 533 533 441
0 267 154 134 215 195 0 277 154 246 226 93 154 226 164 328 205 379 174 297 215 185 236 267 328 164 103 256 297 236 205 93 267 185 205 134 31 72 215 328 328 205 154 246 226 246 267 174 62 144 256 287 195 226 185 226 195 215 93 256 451 185 246 164 41 185 256 205 174 226 369 154 164 205 113 236 134 164 195 246 164 174 185 123 62 236 246 236 195 72 318 185 297 205 195 338 246 205 359 379 164
0 287 226 215 31 267 277 0 328 267 246 236 174 205 195 267 307 451 215 226 164 134 328 246 389 267 246 307 307 205 205 205 134 205 297 328 52 287 307 307 318 267 246 287 134 226 359 226 205 246 236 103 174 297 154 195 164 236 195 215 420 31 205 185 215 236 226 287 134 174 195 246 246 195 195 267 226 21 185 154 307 307 359 226 205 287 195 338 277 31 246 318 400 185 11 144 164 226 348 297 195
0 226 267 144 256 236 164 287 0 154 246 134 236 267 185 338 246 348 215 297 226 226 267 134 307 154 144 195 297 287 256 144 297 205 246 236 185 103 246 195 328 144 195 287 205 123 348 123 113 185 123 307 72 226 226 267 41 226 134 389 318 307 93 256 205 134 338 215 256 226 338 195 205 215 195 154 174 297 195 226 205 215 318 164 103 277 338 236 195 113 267 226 297 82 267 328 287 226 267 267 246
0 369 318 256 379 318 307 359 461 0 338 226 287 267 297 471 430 522 123 144 174 185 246 215 441 307 256 256 307 195 348 338 441 297 338 441 134 379 226 103 410 328 287 277 307 379 430 267 256 369 379 379 328 359 297 369 410 338 328 359 533 215 195 307 348 277 400 307 307 226 410 338 307 287 318 328 318 205 277 328 287 430 400 359 359 195 389 246 338 185 318 369 441 338 226 359 348 287 420 379 307
0 297 267 123 205 185 205 267 144 164 0 82 144 185 154 256 195 359 154 287 205 174 236 123 318 144 93 246 287 226 21 82 246 174 195 297 226 134 215 267 318 195 144 236 277 164 297 154 52 134 174 277 113 215 174 215 185 195 82 297 441 174 236 154 31 174 246 195 164 215 256 134 82 195 103 226 113 154 185 113 154 154 256 103 52 195 236 226 113 52 205 174 287 123 72 328 236 195 348 318 154
0 277 359 41 185 103 205 256 359 215 246 0 205 195 82 359 287 338 246 359 287 297 318 236 420 174 72 277 318 205 256 236 226 205 267 338 215 277 297 246 318 246 215 154 215 215 348 215 41 277 226 256 164 236 154 277 348 123 236 369 471 277 338 226 246 226 348 113 226 338 369 123 134 205 205 287 103 267 195 215 72 256 185 195 205 205 359 246 164 41 297 154 307 174 256 307 318 226 410 369 134
0 318 277 52 205 256 215 174 215 164 82 154 0 93 82 185 267 348 82 246 134 144 307 144 246 205 113 185 277 246 93 154 226 41 226 215 226 205 287 246 195 144 215 307 307 164 369 164 72 205 154 277 113 174 195 82 256 123 154 164 297 205 287 21 103 174 307 123 31 185 328 154 82 103 174 226 134 195 93 185 226 236 307 174 123 113 307 205 113 72 267 185 328 123 154 318 144 52 205 226 164
0 338 297 62 113 256 236 93 236 185 103 164 31 0 103 205 215 359 103 267 154 164 318 164 267 226 134 113 297 267 113 103 226 62 226 236 144 226 297 267 144 62 215 215 226 185 369 185 93 154 174 195 134 93 215 103 256 144 154 185 287 123 297 41 123 195 215 134 52 205 277 174 103 21 195 246 154 113 11 154 226 215 246 185 123 134 267 226 134 93 226 205 348 144 103 236 164 72 226 256 72
0 420 410 328 369 379 348 389 492 297 400 318 338 307 0 461 400 267 215 379 256 267 451 287 400 267 307 318 400 256 318 297 328 359 410 471 369 420 420 400 246 318 359 348 389 297 297 297 287 338 307 430 246 338 348 410 451 52 287 492 533 420 420 348 379 307 287 400 359 307 471 307 215 134 400 359 277 410 307 236 379 389 359 318 277 246 481 338 246 287 318 389 400 256 297 430 451 185 533 451 154
0 307 307 195 226 256 215 267 215 164 72 154 205 174 226 0 267 379 113 277 154 164 307 144 389 205 113 185 297 246 93 154 226 31 267 338 236 205 287 267 144 236 215 307 348 164 369 164 72 205 174 297 113 267 185 277 256 267 154 338 461 246 287 215 103 174 318 267 226 205 328 154 82 31 174 226 134 226 185 185 226 226 307 174 123 113 307 236 113 72 226 185 328 123 144 338 307 52 400 318 226
0 410 369 236 185 297 226 164 379 185 287 205 215 195 82 307 0 348 174 318 215 236 226 195 441 226 195 205 359 93 267 205 256 246 11 359 215 297 338 287 205 256 267 185 297 185 369 185 174 246 195 256 134 287 236 297 318 134 195 369 481 164 226 236 267 195 338 307 236 267 348 185 103 93 277 246 164 174 82 174 267 277 379 226 164 134 348 297 134 174 267 277 338 144 174 267 52 72 400 338 236
0 502 420 369 410 113 277 389 410 359 267 328 389 369 277 522 441 0 369 359 103 420 481 154 502 267 297 369 277 359 287 328 430 226 277 400 297 348 461 348 379 359 226 451 400 359 267 226 267 369 369 481 307 328 379 461 379 328 328 369 533 420 287 410 297 236 359 441 410 430 522 348 277 318 369 297 328 400 307 348 400 410 400 348 297 297 318 205 307 267 246 379 400 318 338 533 318 246 533 512 277
0 379 205 144 287 205 195 307 348 307 215 103 307 297 174 461 359 441 0 174 52 62 410 103 328 185 174 328 195 307 236 256 328 174 226 318 215 267 389 348 359 348 174 256 318 307 451 144 134 297 318 359 256 256 256 369 297 226 246 287 471 246 348 318 236 164 287 215 328 103 430 226 226 236 297 215 205 236 226 267 174 348 287 277 246 256 277 123 246 144 205 256 318 267 256 410 267 195 369 461 195
0 512 297 307 338 318 389 318 389 410 348 348 277 256 236 451 451 502 256 0 205 185 379 359 451 379 348 359 359 492 359 348 359 307 451 471 369 389 348 441 359 307 400 471 185 400 430 338 318 389 400 410 348 348 430 246 328 277 338 441 471 82 369 287 297 348 410 379 297 226 267 287 328 246 359 410 267 62 226 205 410 420 410 369 307 359 430 379 348 318 287 430 512 297 93 461 205 297 471 328 246
0 441 420 267 348 328 267 410 410 348 369 236 338 318 307 512 338 512 307 430 0 318 389 307 522 297 205 389 348 379 389 236 420 328 348 389 287 318 359 307 451 338 287 379 348 297 441 338 205 277 307 420 297 359 318 410 451 348 226 461 522 400 461 348 307 359 512 338 318 359 512 287 256 338 369 410 267 420 318 369 297 307 307 256 195 369 226 369 287 205 154 318 430 307 410 471 389 348 533 420 359
0 481 379 164 318 430 400 389 420 481 410 359 338 318 205 481 307 461 267 113 318 0 348 348 267 256 369 420 400 400 430 195 348 369 307 451 297 441 328 369 430 379 420 420 267 338 400 359 328 246 338 389 410 328 389 307 430 246 195 318 533 185 481 359 307 369 481 236 359 41 369 297 400 318 379 420 348 174 297 287 430 441 226 215 328 441 492 338 430 328 369 451 400 389 195 379 318 379 318 441 328
0 400 236 134 287 338 185 267 307 256 164 246 93 174 174 277 348 430 174 338 215 236 0 236 215 174 195 134 318 338 174 246 318 123 307 297 205 256 348 338 287 236 307 389 287 256 410 134 164 287 246 256 205 236 277 164 348 215 236 256 389 297 369 113 195 144 226 205 113 267 410 246 174 195 72 205 226 277 185 277 318 318 246 267 215 205 359 246 195 164 359 277 307 215 236 338 236 144 185 318 246
0 359 369 236 267 297 226 277 256 205 123 195 246 226 195 369 307 420 236 348 287 287 338 0 430 215 154 226 359 215 134 195 287 82 123 348 246 246 328 307 328 277 72 297 389 205 410 174 113 246 215 338 154 277 236 318 297 246 195 379 502 277 328 256 144 185 359 307 267 328 369 195 123 205 215 246 174 267 195 236 267 277 359 226 164 164 348 287 154 113 307 236 348 164 195 379 164 103 451 359 277
0 267 297 113 164 205 226 144 174 236 154 103 72 52 144 256 215 389 154 307 205 195 267 215 0 174 113 164 318 246 164 113 277 113 215 287 31 267 236 318 195 113 164 256 277 236 318 185 82 154 226 236 185 144 195 52 205 185 103 236 267 174 256 93 52 195 267 185 103 236 318 164 154 72 123 246 144 164 62 205 174 185 287 134 72 185 256 246 185 82 277 195 307 174 144 123 113 123 277 297 123
0 410 297 236 154 297 144 134 297 236 297 195 226 256 154 338 307 420 144 236 185 195 348 215 379 0 205 359 144 205 307 195 256 256 307 277 164 215 328 338 174 307 256 287 267 205 318 103 164 236 205 226 154 72 134 297 246 195 195 246 389 164 297 236 185 113 236 307 246 236 318 246 154 62 185 164 226 144 41 226 267 246 328 215 164 297 246 82 185 164 256 277 144 164 144 277 287 277 430 359 144
0 379 348 185 236 267 195 215 318 154 174 164 144 123 215 318 277 379 174 287 226 236 287 164 379 103 0 226 246 307 195 164 226 134 277 318 195 267 297 246 256 174 226 318 246 154 369 144 134 215 154 307 103 164 195 215 348 256 164 307 400 236 267 154 205 164 338 256 164 277 359 226 62 144 246 215 195 226 123 267 236 185 205 185 134 215 338 185 93 134 338 256 246 113 215 359 287 154 348 297 195
0 522 471 338 430 410 338 471 481 297 369 307 297 379 359 471 420 533 379 430 82 400 246 328 461 348 277 0 348 430 379 307 492 328 420 471 359 400 226 379 481 420 369 461 420 318 522 318 277 348 318 123 267 420 369 369 451 400 307 461 400 471 430 307 379 328 461 379 318 441 533 359 338 400 318 379 338 481 379 369 379 379 379 328 277 379 297 430 369 256 226 400 256 277 441 533 441 348 420 379 441
0 430 420 328 379 379 348 400 451 307 307 318 338 318 11 400 379 277 215 359 267 277 400 195 369 277 318 328 0 267 328 297 338 267 318 297 287 420 379 256 256 328 267 348 267 307 297 307 297 318 307 441 256 348 359 328 103 52 297 502 369 430 154 359 338 318 297 400 359 287 481 307 226 144 400 215 287 410 318 236 389 400 369 318 287 256 471 338 246 297 318 389 410 267 307 359 359 195 328 451 164
0 461 400 267 348 379 379 328 481 389 389 277 318 307 307 389 389 328 307 471 144 369 277 338 471 348 287 410 400 0 236 277 451 348 389 430 369 451 256 420 420 369 338 93 318 389 492 328 246 328 389 420 338 318 226 307 481 348 277 297 522 348 502 246 400 348 420 338 338 410 369 338 307 328 277 400 318 338 318 307 348 359 441 307 246 420 359 338 328 256 287 369 481 348 195 174 369 369 430 420 369
0 379 348 205 256 267 195 256 348 154 226 174 185 164 246 236 277 379 185 297 226 236 328 113 430 185 185 267 328 318 0 174 226 185 226 328 215 267 307 256 307 226 174 318 369 154 379 154 144 215 164 328 103 256 205 267 348 287 164 348 451 277 267 205 236 164 379 185 205 277 369 195 72 185 246 215 164 267 174 103 236 246 338 195 134 267 379 267 93 144 185 256 318 113 267 379 277 205 389 307 144
0 441 338 256 297 369 236 267 389 297 287 277 215 297 195 359 113 451 277 205 297 93 328 277 297 226 246 307 236 205 297 0 215 246 123 359 256 246 389 379 287 348 348 287 359 297 481 185 205 52 277 369 246 297 226 287 338 236 287 318 461 174 328 226 277 205 328 328 185 134 359 287 205 195 267 256 267 267 185 287 338 379 318 307 267 246 338 164 236 205 226 318 359 256 185 369 164 185 400 441 236
0 451 420 328 256 318 348 410 348 297 215 287 338 318 359 144 400 441 246 379 287 307 420 287 389 338 246 318 430 369 226 287 0 174 400 318 287 338 400 277 277 369 348 441 287 297 502 297 205 338 307 328 246 400 328 348 123 318 287 471 389 205 174 348 236 307 451 400 359 307 389 287 215 164 307 236 267 359 318 307 359 369 441 318 256 256 420 369 246 205 348 328 461 256 215 379 410 195 348 451 328
0 287 307 164 195 226 185 236 185 134 52 123 174 144 195 297 236 348 164 277 205 215 277 113 359 174 82 154 318 215 62 123 205 0 236 307 205 174 256 236 287 205 185 277 318 134 338 134 41 174 144 267 82 236 164 246 226 236 123 307 430 215 256 185 72 144 287 236 195 256 297 123 52 164 144 195 103 195 154 154 195 205 277 144 93 82 277 246 82 41 236 154 297 93 113 307 277 21 369 287 195
0 430 359 256 174 318 246 154 369 328 328 215 307 287 82 307 328 338 164 328 215 226 215 236 430 246 226 348 359 93 267 226 277 277 0 369 205 318 338 410 205 328 277 174 287 328 369 205 195 267 338 246 277 307 267 348 307 123 215 369 471 154 215 318 287 215 359 328 287 267 338 256 246 82 287 267 236 174 72 174 287 277 400 246 185 318 348 287 277 185 256 307 379 164 164 256 52 256 389 451 226
0 481 451 307 297 369 297 267 451 287 338 267 267 297 338 441 369 481 328 430 359 359 379 267 441 287 277 400 430 226 348 267 359 297 369 0 318 215 348 389 420 348 328 318 226 256 348 246 236 318 256 369 205 359 174 287 430 389 267 410 359 297 369 277 338 267 369 379 267 389 461 328 338 307 226 318 307 287 287 246 338 348 185 297 236 379 461 359 359 62 328 359 420 215 277 400 348 318 461 400 277
0 246 451 307 277 215 297 256 420 287 338 267 267 348 338 441 379 481 267 348 318 246 297 267 441 287 277 430 430 226 348 267 359 297 379 348 0 369 400 369 307 379 328 318 389 256 307 246 236 318 256 348 205 359 174 338 410 389 267 236 533 287 369 277 338 267 369 379 287 277 441 226 338 185 226 318 205 267 174 410 338 348 441 297 236 369 287 359 359 62 389 359 420 215 267 400 400 307 461 400 400
0 522 400 297 338 369 348 318 471 338 328 267 256 267 236 338 154 502 328 451 369 348 164 348 379 318 338 297 287 246 338 256 195 287 164 461 369 0 144 441 359 318 410 338 195 338 502 297 307 297 348 410 287 348 297 256 318 277 256 420 471 318 369 267 359 307 379 369 277 389 502 297 256 246 236 359 277 328 226 215 318 430 410 277 318 287 502 389 277 174 297 420 451 297 328 420 205 226 348 307 246
0 400 256 154 267 226 205 246 328 267 185 134 113 195 195 297 226 420 185 307 236 205 31 246 236 174 195 154 287 205 205 113 328 144 226 318 226 277 0 359 307 256 307 256 307 236 359 154 164 164 236 277 185 246 154 195 369 236 113 277 410 277 348 134 215 174 246 226 134 246 430 246 195 215 103 226 226 267 205 297 174 318 267 134 215 226 379 256 215 31 328 277 318 195 256 359 256 164 205 164 236
0 267 215 164 287 226 215 267 369 297 236 123 195 174 195 369 348 420 21 195 72 82 144 123 348 205 154 164 215 93 246 236 348 195 246 338 31 287 123 0 307 226 195 185 338 277 328 164 154 277 287 277 226 267 195 267 318 246 236 267 451 267 359 205 256 185 307 205 215 123 451 246 215 195 215 236 215 246 174 287 195 328 297 256 267 93 287 144 246 82 215 277 338 236 267 267 287 215 328 287 215
0 502 400 359 338 400 256 369 410 379 297 348 318 389 256 226 215 522 328 307 369 195 420 359 400 246 328 400 256 307 307 103 82 256 226 379 277 256 389 359 0 420 400 389 369 369 512 205 287 154 379 410 318 318 318 389 205 307 338 348 471 277 256 328 297 226 348 430 287 236 461 297 297 246 359 277 348 359 287 328 410 379 420 369 307 338 359 185 318 287 318 410 379 328 287 461 267 277 430 522 256
0 461 318 11 287 389 256 256 410 277 318 287 256 287 41 328 164 307 205 246 134 144 287 205 348 246 287 52 277 246 338 52 195 277 164 379 236 287 267 205 287 0 277 338 287 195 328 236 246 93 195 174 226 318 267 318 307 93 215 369 451 215 359 277 297 226 328 82 226 185 410 277 195 174 318 297 256 277 174 267 359 369 369 154 256 226 215 215 215 256 267 307 297 236 226 400 205 164 410 338 195
0 481 410 307 226 369 297 205 420 379 369 267 359 348 134 359 379 389 215 379 267 277 267 287 481 297 277 400 287 144 318 277 338 328 62 420 256 369 389 461 256 379 0 226 338 379 420 256 246 318 389 297 328 359 318 400 359 174 267 420 522 205 267 369 338 267 287 379 338 318 389 307 297 134 338 318 287 226 123 226 338 328 451 297 236 379 400 338 328 236 307 359 430 215 215 307 103 318 441 502 277
0 410 348 328 318 359 318 379 471 348 359 297 277 297 328 461 389 246 359 400 338 369 195 338 410 307 205 318 318 338 369 277 420 307 400 441 338 389 174 451 441 359 348 0 226 328 502 267 174 328 328 389 297 338 287 287 420 369 277 410 512 410 420 297 359 287 410 328 307 410 533 256 267 318 267 338 236 400 307 246 338 379 410 307 338 338 420 246 297 174 328 287 441 307 389 441 359 328 369 328 287
0 338 359 134 174 287 205 164 307 256 174 185 93 72 164 277 287 430 174 338 226 236 195 226 338 195 185 185 307 318 185 174 287 134 297 307 205 226 174 267 215 134 246 287 0 256 400 164 144 226 215 246 205 164 267 72 318 205 185 256 287 195 307 113 195 174 287 205 123 277 348 113 174 93 205 226 93 185 82 21 256 267 267 215 154 205 338 277 205 144 113 256 338 123 174 297 134 144 297 318 62
0 307 389 226 277 277 236 287 277 226 134 215 185 236 215 287 256 441 246 328 297 246 236 21 420 226 164 236 277 226 144 215 297 93 144 359 72 256 215 318 338 287 93 307 359 0 369 185 134 195 11 348 174 297 236 267 318 256 205 297 481 297 338 205 164 205 277 297 205 267 215 215 134 215 226 205 195 287 205 246 267 287 348 236 174 174 348 297 164 123 195 246 359 185 205 389 185 113 389 154 287
0 533 400 103 379 379 348 359 430 369 369 348 359 389 144 420 256 267 287 348 226 236 369 307 441 277 369 154 379 348 389 144 287 328 267 420 328 389 338 307 389 103 369 430 369 287 0 328 338 195 297 267 318 338 277 410 410 185 205 461 533 318 461 369 307 318 420 174 328 277 502 369 287 267 318 400 348 369 267 369 420 441 338 236 328 318 307 307 318 338 369 400 400 328 328 481 307 256 502 441 287
0 318 205 185 195 246 52 174 205 205 277 144 205 185 195 379 236 400 185 277 226 226 287 185 287 41 154 287 185 246 256 134 297 236 246 174 72 123 267 307 215 246 205 297 277 174 307 0 113 174 174 267 123 113 174 277 246 236 144 277 328 195 287 215 93 21 277 256 226 267 359 195 195 103 164 72 174 185 82 246 215 215 236 164 113 287 226 123 113 113 297 236 185 134 174 307 287 256 410 318 164
0 246 379 215 154 307 236 215 359 185 215 205 174 164 256 348 256 318 215 328 267 277 297 205 389 144 41 236 287 174 226 205 256 174 236 307 185 307 338 287 297 215 185 267 277 185 410 185 0 246 195 226 134 205 123 246 379 246 205 338 441 246 307 185 246 195 318 287 195 318 400 93 103 174 174 246 72 236 164 297 205 215 246 226 174 174 318 215 134 11 369 123 277 144 226 277 277 195 379 338 236
0 441 287 215 246 328 195 226 348 246 246 226 174 256 144 328 72 410 236 154 256 52 287 236 318 185 256 267 195 164 256 246 185 205 72 318 215 205 338 328 236 307 307 246 318 246 441 144 226 0 226 318 195 246 174 246 287 195 236 277 420 134 287 185 226 154 277 287 134 93 318 256 164 154 226 205 226 215 144 246 297 328 277 267 226 195 287 123 195 226 174 338 318 205 134 328 123 134 348 400 185
0 348 379 246 277 307 226 287 267 215 123 205 256 226 205 287 318 430 246 328 287 297 348 11 441 226 164 236 359 215 144 205 287 82 134 359 256 256 338 318 328 287 82 307 400 215 420 185 123 256 0 348 164 287 236 328 307 246 205 389 512 287 338 267 154 195 369 318 277 256 379 205 134 215 226 195 185 277 195 236 277 277 359 226 174 164 359 297 164 123 318 236 359 174 195 389 174 103 451 369 277
0 492 533 400 328 533 400 410 533 461 430 481 359 441 430 533 533 533 430 420 400 492 430 481 533 318 318 328 461 512 441 481 441 389 533 522 359 471 533 533 492 492 533 512 533 461 533 348 389 522 471 0 410 379 318 430 471 471 481 512 533 441 522 369 441 369 512 471 379 533 533 267 379 369 359 420 246 420 359 533 461 492 522 441 451 256 502 389 410 338 512 512 451 420 420 451 492 400 533 533 451
0 287 256 113 195 174 103 215 256 93 185 72 215 195 144 338 185 277 144 226 164 164 226 72 328 93 82 236 236 215 195 72 287 144 185 226 123 174 205 185 267 185 134 226 277 52 287 52 41 123 62 267 0 164 164 287 297 185 72 328 379 246 174 226 144 72 328 185 236 205 267 123 144 144 205 123 103 236 134 277 144 144 246 93 41 215 277 164 164 41 246 164 226 11 226 318 226 164 400 205 205
0 533 461 297 441 461 318 420 420 410 318 359 246 338 328 430 287 533 318 379 359 267 481 389 420 307 338 430 410 379 338 359 410 277 297 441 338 389 461 338 441 389 420 461 533 410 533 267 297 226 400 522 359 0 400 328 461 369 359 410 533 348 502 267 307 287 359 369 267 307 533 379 328 348 215 338 359 430 338 318 400 441 492 379 328 359 492 338 359 297 379 410 400 369 359 533 338 297 451 471 410
0 389 307 134 123 338 154 103 307 256 164 246 93 174 174 277 348 430 154 318 205 215 359 236 267 154 195 277 287 297 174 236 226 123 307 287 154 226 328 338 256 236 307 359 236 256 420 113 164 287 246 195 205 215 0 164 256 215 246 256 389 134 307 113 195 123 195 205 113 256 287 246 174 134 52 174 226 113 123 256 318 318 338 226 215 205 287 226 195 134 338 277 287 215 113 246 236 144 297 318 246
0 338 307 72 123 267 236 103 246 195 103 164 31 11 103 215 226 369 113 277 164 174 328 174 277 236 144 113 307 277 123 113 226 62 226 236 154 236 297 277 154 72 226 226 236 195 379 195 103 164 185 195 144 103 215 0 256 144 164 195 226 134 236 52 134 205 226 144 52 215 287 185 113 31 205 256 164 123 21 164 236 226 256 195 134 144 277 236 144 103 236 215 359 154 113 246 72 82 236 256 82
0 420 369 267 277 328 256 318 410 246 318 236 246 226 307 297 287 318 174 256 226 236 297 226 267 256 246 307 359 246 338 236 379 277 287 195 185 328 277 154 369 287 297 328 164 215 379 215 205 215 226 348 164 307 267 226 0 195 226 410 277 328 52 267 297 226 441 338 267 195 410 267 297 246 307 113 246 318 236 185 297 307 369 256 195 246 369 297 164 205 226 318 348 174 226 287 297 297 226 369 205
0 379 369 307 328 338 297 359 451 256 359 267 287 267 338 420 379 226 164 338 215 226 430 246 359 287 267 277 359 420 277 277 287 318 369 430 318 369 410 359 205 328 318 420 471 256 246 256 246 318 256 389 205 359 307 369 410 0 267 451 533 379 369 307 338 267 410 379 307 267 430 256 174 93 348 318 236 369 277 369 338 348 441 297 236 205 441 287 195 246 287 348 420 215 256 441 410 144 492 410 338
0 451 195 226 215 287 215 195 369 297 287 185 215 307 195 359 113 451 82 205 134 103 164 185 307 72 246 267 215 205 307 11 226 246 123 338 236 246 144 359 246 348 256 297 328 277 256 164 205 52 277 297 226 144 205 297 318 246 0 307 461 174 338 236 256 185 307 123 185 144 359 174 215 123 236 236 267 215 113 287 256 318 328 31 226 246 318 144 246 174 226 328 205 226 185 338 164 185 338 297 215
0 174 246 256 277 338 267 256 195 236 348 236 277 307 246 410 174 502 134 256 185 154 215 236 359 123 287 287 267 226 359 62 277 307 174 389 164 297 195 134 297 328 307 318 359 307 307 215 267 103 307 348 256 195 256 307 205 297 62 0 471 236 246 287 307 236 359 174 236 195 420 226 267 185 287 287 328 267 164 348 307 369 379 82 277 226 369 205 297 215 277 379 256 267 236 389 226 236 389 359 267
0 369 267 174 174 307 113 154 267 267 215 205 144 123 205 246 297 461 215 338 256 267 348 246 318 103 215 215 246 307 236 195 277 174 307 236 134 185 328 328 267 164 267 318 164 236 287 62 174 236 236 246 185 174 62 226 307 256 205 307 0 185 348 164 154 82 246 246 164 307 338 174 226 144 103 134 154 164 134 93 277 277 123 226 174 256 287 185 174 174 174 287 236 195 164 297 287 195 348 369 195
0 430 226 236 277 369 369 256 307 338 359 267 287 267 277 471 379 451 267 215 134 113 420 338 369 338 277 359 277 410 307 267 389 318 379 400 307 318 400 400 307 328 328 420 369 328 481 328 236 318 328 359 277 359 359 256 348 318 267 420 481 0 318 205 215 338 338 307 307 154 195 328 256 185 287 389 297 277 174 359 338 348 338 297 236 287 348 379 267 246 277 359 471 287 11 400 328 226 400 471 338
0 410 379 236 287 297 226 277 379 215 277 205 205 185 277 389 236 410 277 205 297 215 307 185 369 226 215 267 359 328 287 205 359 236 246 359 256 297 287 318 318 246 256 348 113 185 338 185 174 174 195 359 134 277 267 174 420 318 195 369 400 287 0 226 267 195 400 307 226 144 400 226 267 205 307 246 205 267 195 134 267 277 369 226 164 195 410 287 297 174 215 287 359 144 287 410 246 256 410 338 174
0 328 267 31 185 267 256 164 307 256 164 174 93 72 72 277 267 328 72 236 113 123 318 164 236 226 123 174 256 267 185 174 215 123 277 195 215 297 287 236 185 134 236 287 297 256 359 215 93 215 246 256 205 164 205 62 318 113 226 256 287 195 297 0 195 226 287 103 113 164 348 174 174 93 256 277 154 174 82 226 236 287 318 185 195 205 338 195 195 93 267 205 359 215 174 307 134 144 195 318 144
0 267 246 93 174 154 174 246 123 205 185 52 113 185 134 297 164 338 134 256 185 144 215 226 287 123 62 215 267 205 195 62 277 144 164 307 195 215 195 297 297 164 113 205 246 205 267 134 31 103 215 246 154 185 144 185 164 174 52 277 410 144 205 123 0 144 215 164 134 185 328 113 123 174 72 195 93 123 164 267 123 134 236 82 21 195 205 195 154 31 277 144 256 164 154 297 215 164 318 338 185
0 297 185 164 174 226 41 154 195 267 256 134 185 256 174 369 226 410 164 256 215 205 277 236 359 31 134 287 174 226 236 113 277 215 236 164 62 113 246 359 205 236 185 277 256 226 297 123 103 164 236 246 174 103 154 256 236 226 123 267 420 185 277 205 82 0 267 236 205 246 338 185 185 82 144 195 164 164 72 246 195 205 226 154 93 267 215 103 205 103 277 215 164 185 164 297 277 236 389 379 174
0 481 236 185 338 420 400 318 461 410 318 318 246 226 215 420 369 348 215 389 267 277 430 246 379 379 277 328 410 410 328 328 369 277 369 348 297 400 430 379 328 277 307 441 451 226 461 348 236 307 236 410 359 82 359 215 471 215 379 410 441 338 451 154 348 359 0 154 267 318 441 328 318 246 287 420 297 328 226 369 389 430 461 328 348 359 481 338 348 236 410 359 481 369 318 461 287 297 348 379 297
0 471 338 287 348 441 400 328 441 389 297 379 348 328 256 451 410 471 328 379 369 379 287 185 492 389 328 410 441 389 307 379 379 256 307 451 236 256 379 481 297 389 256 471 441 174 533 348 297 359 174 430 338 420 410 318 481 297 369 471 533 338 389 267 328 369 441 0 369 318 389 379 307 256 359 369 359 348 246 410 389 451 512 400 338 338 512 451 328 287 359 236 512 338 338 471 226 277 451 318 400
0 307 318 82 236 287 246 215 256 205 113 185 41 123 113 215 297 379 113 287 164 174 338 144 256 236 144 215 307 277 123 195 267 72 256 246 267 236 318 277 226 174 215 338 348 205 400 195 103 236 134 307 154 215 226 113 287 164 185 144 287 246 318 52 134 215 338 154 0 215 359 195 113 144 205 267 164 226 123 226 256 267 348 215 154 154 338 236 144 113 297 226 359 164 185 359 185 93 215 267 195
0 441 338 123 318 389 359 348 379 441 369 318 297 277 164 441 267 420 226 72 277 246 307 328 226 215 328 379 359 359 389 154 307 328 267 492 256 400 287 328 389 338 379 441 246 369 400 318 287 205 369 400 369 287 348 267 400 205 154 277 492 144 441 318 267 328 441 195 318 0 338 256 359 277 338 379 338 134 256 267 389 400 471 174 287 400 461 297 389 297 359 410 359 369 154 338 277 338 492 400 307
0 502 410 328 379 389 267 379 420 277 348 287 307 287 267 359 359 471 297 348 318 297 441 226 492 256 297 389 267 430 123 287 348 297 348 389 287 338 420 369 420 338 297 441 297 277 502 215 256 338 277 451 226 318 318 359 359 256 287 359 533 195 389 318 297 226 348 307 328 338 0 307 185 307 369 277 287 174 287 226 359 369 451 318 256 328 359 195 215 267 307 379 389 236 205 492 318 267 512 420 256
0 338 400 287 72 307 246 287 400 307 338 277 277 287 246 307 348 441 215 379 267 277 389 287 451 267 174 369 410 246 256 246 174 297 338 369 93 318 379 400 400 338 287 338 410 267 400 267 134 287 277 144 226 328 195 318 297 287 236 328 522 318 338 256 287 287 267 359 246 318 389 0 226 277 236 338 195 307 267 318 328 348 369 267 246 297 236 338 256 72 400 246 410 226 205 195 379 318 451 318 359
0 318 287 144 215 205 134 195 287 93 195 103 123 103 174 297 215 318 113 226 164 174 256 103 359 123 113 205 267 246 205 103 164 154 215 256 154 205 236 185 236 154 164 256 307 93 318 82 72 154 93 287 41 195 134 195 287 226 103 287 379 215 205 134 174 103 318 215 144 215 307 164 0 123 185 154 134 205 103 256 174 185 277 134 72 236 307 195 31 82 277 195 256 52 205 338 256 174 328 236 174
0 420 277 226 328 287 277 389 420 359 277 185 348 338 256 338 318 492 82 256 134 144 369 164 410 267 215 369 277 348 287 215 205 236 277 400 297 348 338 359 123 318 226 338 400 359 379 226 185 256 369 400 307 338 297 420 328 307 205 369 533 328 369 369 297 246 369 297 369 185 512 267 277 0 348 297 246 307 307 287 256 287 359 236 174 318 359 205 307 185 205 297 400 318 338 451 328 256 451 502 277
0 348 256 93 246 297 113 215 256 205 113 195 41 134 123 226 297 389 113 277 154 174 348 185 215 103 154 226 246 287 134 185 267 72 256 236 134 185 318 287 236 185 256 348 328 205 369 62 113 236 195 307 154 174 226 123 297 164 195 205 338 246 328 62 144 82 154 164 62 205 369 195 123 144 0 134 174 236 134 226 267 267 297 215 164 154 287 174 154 113 307 226 236 164 185 338 185 93 246 267 205
0 338 297 154 164 226 154 205 307 144 215 123 144 123 195 318 236 328 195 277 215 215 277 123 379 144 134 226 287 267 226 123 277 174 236 277 174 226 256 236 256 174 185 277 328 103 338 103 93 164 113 236 52 205 154 215 348 236 123 297 400 236 226 154 195 113 338 226 164 256 297 174 195 134 205 0 154 226 123 174 195 195 297 144 93 256 328 215 52 93 256 205 236 62 123 287 277 195 348 256 103
0 246 379 154 93 328 226 287 328 277 185 256 113 195 195 287 369 451 195 359 236 246 307 256 338 215 195 297 359 267 195 256 195 144 328 318 123 297 389 359 297 256 307 267 420 277 420 185 154 307 267 164 226 287 215 185 318 236 256 277 410 318 369 123 215 195 267 226 134 287 410 31 195 215 123 246 0 297 205 297 328 328 389 277 226 226 256 297 215 103 369 267 359 236 236 215 256 164 318 338 267
0 451 236 256 277 389 328 256 328 348 287 287 215 195 174 389 389 441 195 205 144 123 318 297 389 318 297 297 297 430 297 287 297 246 400 410 307 328 297 379 297 246 348 410 123 338 369 277 256 328 338 348 287 287 369 185 267 226 277 379 410 21 318 226 236 297 348 328 236 164 205 236 267 185 297 348 205 0 174 144 359 359 348 307 246 297 369 318 287 256 226 369 451 246 31 400 144 236 410 441 185
0 369 297 195 113 256 287 93 420 307 287 154 246 226 226 348 267 430 103 267 144 154 307 174 420 215 164 318 287 287 297 154 215 246 267 410 144 359 287 369 134 267 215 307 226 307 369 246 123 205 307 185 256 287 236 287 246 267 154 297 502 123 297 267 307 256 318 267 226 195 277 205 226 21 287 307 185 103 0 246 226 205 328 174 123 297 277 226 246 123 215 246 359 267 103 236 246 267 441 379 287
0 318 359 205 154 267 297 318 389 307 246 164 174 226 246 359 277 430 246 369 297 256 328 205 400 236 164 328 287 297 267 174 267 205 277 379 185 369 297 246 359 277 226 318 277 307 379 246 123 215 205 236 256 215 246 215 379 287 164 338 441 338 420 195 277 256 338 277 195 297 471 93 226 246 185 318 72 328 236 0 236 246 246 195 134 287 328 307 246 123 93 236 369 267 297 277 287 226 379 400 297
0 451 420 236 297 297 400 451 400 348 389 307 318 369 277 461 389 328 338 481 359 369 277 297 492 369 287 277 400 410 400 277 328 348 389 522 328 461 256 318 502 236 369 82 307 297 512 348 246 328 307 338 338 256 369 359 441 318 307 481 533 420 441 328 287 359 471 307 338 410 441 236 348 379 328 400 205 410 369 144 0 379 379 328 277 410 441 328 328 256 226 369 502 338 430 420 420 369 451 379 62
0 471 338 246 369 410 287 379 369 297 236 307 205 287 277 379 420 461 277 441 318 338 113 307 328 277 267 246 420 400 246 307 348 195 420 410 307 359 389 400 389 338 369 226 389 297 522 236 226 359 307 359 246 348 297 277 348 328 307 359 502 400 400 215 256 256 328 318 226 379 481 307 215 307 185 307 277 379 287 348 379 0 348 338 277 246 461 348 246 226 400 348 410 256 307 441 348 185 287 430 359
0 369 379 174 215 328 246 205 348 297 205 226 134 113 205 318 318 430 215 379 256 267 236 267 379 236 215 215 348 359 215 215 318 164 328 338 246 267 215 277 246 164 287 205 41 297 174 195 185 256 256 287 246 205 297 103 359 246 226 297 328 236 338 154 236 215 328 246 154 307 389 154 215 134 246 267 123 215 123 62 297 236 0 246 195 246 379 307 236 185 144 297 369 164 215 338 174 185 338 359 103
0 430 174 195 205 256 246 359 400 359 267 154 226 307 236 400 328 430 62 226 103 113 134 154 348 236 226 267 246 318 287 226 307 226 277 369 236 297 113 400 338 318 226 287 369 338 226 195 195 267 348 277 287 307 256 297 348 277 215 277 522 297 400 236 287 215 338 267 246 154 481 144 277 215 205 267 256 287 277 328 226 400 338 0 297 307 328 174 307 144 256 307 369 297 307 328 318 246 318 277 246
0 246 226 72 154 144 236 226 359 195 226 41 174 164 113 359 144 318 113 236 164 134 195 205 338 103 52 195 246 185 236 41 256 185 154 307 185 277 174 277 277 154 103 185 256 195 246 185 11 82 195 236 144 174 123 256 348 154 31 338 451 205 307 195 246 205 318 144 205 174 389 93 113 154 174 256 72 236 144 246 113 113 215 62 0 174 328 174 134 11 256 123 236 154 215 277 195 195 369 328 164
0 441 410 195 297 328 256 277 369 215 226 226 154 185 236 328 338 430 236 348 154 287 318 226 389 164 62 72 307 369 236 226 287 185 338 359 256 328 287 307 318 236 287 379 287 215 430 205 195 277 215 195 164 226 256 226 410 277 226 318 451 297 328 164 256 226 338 267 174 328 420 277 123 205 195 277 256 287 185 307 297 246 267 246 195 0 369 246 154 195 256 318 307 174 277 420 297 205 359 359 256
0 389 195 226 226 287 215 195 369 297 297 185 215 297 195 359 123 451 82 205 134 103 164 185 307 72 185 267 215 205 307 11 226 256 123 338 236 103 144 318 246 348 256 297 287 277 256 164 144 52 277 297 226 144 205 297 318 246 11 307 297 174 338 236 256 185 307 123 185 144 369 174 215 134 236 236 205 215 113 287 256 318 328 31 226 246 0 144 246 144 226 267 205 226 185 338 164 185 338 297 215
0 328 226 195 215 267 72 195 226 226 297 164 226 205 82 400 256 338 195 164 246 246 307 205 307 62 174 287 72 267 277 154 318 256 267 195 93 144 287 297 236 236 226 318 297 195 328 21 134 195 195 287 144 134 195 297 174 123 164 164 348 215 226 236 113 41 164 277 246 287 359 215 215 123 185 93 195 205 103 154 236 236 256 185 134 297 174 0 134 134 236 246 195 154 195 328 307 267 400 338 72
0 287 256 113 185 174 103 164 256 93 164 82 93 72 154 277 185 287 154 236 174 174 236 72 338 103 93 174 236 226 185 82 287 123 195 236 134 174 215 195 215 134 144 226 277 62 287 62 52 123 72 256 11 164 113 174 297 195 72 256 359 195 185 113 144 72 287 185 113 215 277 134 144 93 154 123 113 174 82 226 144 154 256 103 41 205 287 174 0 52 246 164 226 21 174 307 236 144 297 215 144
0 430 400 256 236 318 246 215 400 236 277 215 205 297 287 389 328 430 277 369 307 307 369 215 379 236 226 379 379 174 297 215 297 236 328 297 267 318 348 328 369 328 277 267 348 205 430 195 185 267 205 307 154 307 123 287 369 328 215 369 502 246 318 226 287 215 318 328 226 348 400 277 287 256 164 267 246 236 236 369 287 297 389 236 185 318 410 307 307 0 389 307 369 164 226 348 348 256 410 348 348
0 297 277 123 205 185 287 267 410 236 267 82 226 205 154 400 195 369 164 287 205 174 236 246 379 154 93 246 205 226 277 82 297 226 195 348 185 328 215 154 318 195 144 236 195 236 297 236 52 134 246 277 185 215 174 256 307 205 82 379 481 256 348 236 297 246 369 195 246 215 441 144 154 205 226 297 113 287 195 215 154 164 164 113 52 226 369 226 185 62 0 174 287 195 267 328 236 246 420 379 215
0 502 481 348 297 348 369 277 492 379 430 338 420 389 195 420 451 236 287 430 256 338 338 348 481 359 348 400 348 205 379 338 400 389 123 481 318 441 410 481 318 348 72 246 410 379 379 318 307 379 389 369 328 420 379 451 430 134 338 481 533 277 328 430 410 338 359 420 410 379 461 328 297 205 410 389 359 287 185 287 164 389 512 359 307 328 451 400 328 297 369 0 492 287 277 379 164 267 512 533 226
0 297 267 123 205 185 113 236 267 103 195 82 226 215 103 359 195 297 164 246 174 164 246 82 348 103 93 226 103 226 215 93 297 154 174 236 134 185 215 205 277 195 123 236 287 72 297 62 62 134 72 277 21 174 174 297 205 154 82 338 389 256 185 236 154 82 338 195 246 205 287 144 154 164 226 134 123 246 144 287 154 164 267 113 52 164 287 174 174 62 256 174 0 31 236 328 215 174 420 215 215
0 348 246 215 226 277 93 205 246 246 215 185 236 226 236 420 277 441 215 307 154 256 328 226 318 82 195 318 226 277 226 174 338 174 287 215 113 164 307 338 256 277 246 328 307 215 348 41 154 215 215 297 164 154 215 318 287 277 174 318 369 236 328 256 134 62 318 287 256 297 389 236 215 134 195 113 215 226 123 277 246 256 277 205 144 256 267 154 154 154 297 267 215 0 215 348 328 195 441 359 205
0 471 215 226 379 359 369 359 328 328 359 256 287 267 267 471 369 441 267 430 307 318 420 338 420 328 267 348 441 400 297 267 400 318 369 389 389 359 389 389 379 328 318 410 451 328 471 328 236 307 328 451 277 359 348 256 359 307 256 451 481 348 410 195 205 338 328 297 307 359 185 318 246 287 277 389 297 328 277 400 328 338 441 287 226 277 410 369 267 236 430 348 461 287 0 502 328 215 389 481 338
0 400 236 103 256 328 267 236 338 215 236 236 164 144 134 307 338 400 134 307 185 195 379 174 297 256 195 246 328 328 72 236 287 195 297 256 226 328 359 307 246 195 246 359 369 215 430 215 154 277 226 328 164 236 267 134 379 185 226 328 359 267 338 72 226 226 348 174 185 236 205 226 134 164 297 277 205 246 144 134 297 307 369 246 195 277 400 256 164 164 215 277 379 174 21 0 205 215 267 369 205
0 389 318 215 134 277 205 113 359 328 307 174 267 246 31 379 287 297 123 287 174 185 328 195 430 195 185 338 307 287 226 174 236 267 287 318 164 277 307 389 164 287 236 328 246 328 328 164 144 226 328 205 277 267 226 307 267 82 174 328 430 113 174 287 246 174 318 287 246 226 297 236 246 41 277 226 205 123 31 205 246 236 348 205 144 277 307 246 267 144 236 267 338 123 123 256 0 215 461 400 185
0 338 307 164 185 236 164 215 318 113 226 134 154 134 205 328 246 338 144 256 195 205 287 134 389 154 123 134 297 277 236 134 195 185 246 287 185 236 267 215 267 185 195 277 338 113 348 113 103 174 123 256 62 215 164 226 307 246 134 307 410 246 236 164 205 123 267 236 174 246 328 123 31 144 215 185 103 236 134 277 205 205 307 154 103 72 338 226 62 103 215 205 277 72 226 307 287 0 359 267 205
0 307 328 154 205 246 267 185 205 277 185 144 113 93 185 297 256 328 195 338 236 236 297 256 41 205 154 195 348 287 195 144 277 144 256 318 72 307 277 348 195 144 205 297 318 277 359 215 113 185 267 277 226 82 236 82 246 226 144 277 307 215 297 123 93 236 307 226 134 277 338 164 195 113 164 287 144 195 103 246 215 215 318 164 113 226 287 277 215 113 307 226 338 205 185 164 154 164 0 338 164
0 307 307 195 215 267 195 287 348 185 246 164 174 226 134 348 277 369 236 318 256 256 82 164 297 185 113 215 134 246 256 164 328 205 277 318 215 267 62 277 359 277 226 205 205 144 369 144 72 205 154 287 93 246 185 246 226 185 164 338 389 318 267 185 226 154 205 267 195 297 359 154 164 236 154 205 134 297 226 226 123 236 307 185 134 236 369 256 195 72 318 185 318 103 297 338 318 226 256 0 185
0 389 430 174 236 348 359 400 338 287 328 246 256 307 215 430 328 471 277 420 297 307 400 287 430 307 246 226 369 348 338 215 338 287 338 461 267 430 379 256 441 174 307 400 359 328 461 318 205 267 277 287 277 195 318 297 379 256 246 420 522 369 430 267 226 328 410 246 277 348 379 174 297 328 267 338 154 348 307 82 318 318 318 267 215 348 379 379 267 205 164 318 451 277 369 359 369 307 389 471 0
SETUP_COST
0.0 10040.0 7580.0 4720.0 7780.0 8000.0 5340.0 7380.0 8200.0 6360.0 5340.0 5940.0 3900.0 5540.0 5540.0 5940.0 5740.0 10040.0 5340.0 7580.0 6140.0 5340.0 9020.0 5940.0 7380.0 5120.0 6140.0 7580.0 6560.0 7580.0 4300.0 3480.0 3280.0 4520.0 5940.0 7780.0 5740.0 6560.0 8600.0 6560.0 1640.0 6760.0 7180.0 6140.0 8820.0 5540.0 6560.0 4300.0 5340.0 4520.0 5740.0 9220.0 4520.0 4100.0 7580.0 5540.0 5540.0 6360.0 5940.0 7180.0 9840.0 6960.0 6560.0 4300.0 5940.0 4520.0 5940.0 6140.0 4300.0 6140.0 6960.0 6360.0 5540.0 5940.0 3080.0 5540.0 6560.0 7780.0 5740.0 5740.0 7380.0 7380.0 9020.0 6360.0 5340.0 6140.0 8600.0 5120.0 5940.0 5340.0 7380.0 7580.0 7780.0 4720.0 3480.0 3080.0 6760.0 4920.0 8000.0 8400.0 6560.0
0.0 0.0 5740.0 3900.0 3080.0 6960.0 4720.0 2680.0 7180.0 5940.0 4520.0 4920.0 3080.0 3080.0 4520.0 6560.0 6760.0 9840.0 4520.0 6960.0 5340.0 5120.0 1240.0 5740.0 5540.0 4520.0 5120.0 3700.0 7380.0 6560.0 4720.0 5120.0 5120.0 3700.0 6560.0 7180.0 3480.0 6140.0 7580.0 6360.0 5740.0 4100.0 5540.0 7380.0 5120.0 6140.0 9220.0 3700.0 4300.0 5940.0 5940.0 4520.0 5120.0 4920.0 5540.0 2880.0 5740.0 5340.0 4920.0 6140.0 7380.0 3080.0 6560.0 3280.0 4920.0 4100.0 5540.0 5340.0 3480.0 5940.0 6360.0 5940.0 4520.0 3480.0 2680.0 5120.0 5540.0 2880.0 3280.0 5540.0 6360.0 6560.0 5940.0 5540.0 4300.0 5120.0 6360.0 5940.0 5120.0 3080.0 3480.0 6560.0 7180.0 5340.0 2680.0 5340.0 4300.0 3900.0 4720.0 7580.0 4520.0
0.0 9420.0 0.0 4100.0 5120.0 8000.0 7380.0 4720.0 7580.0 6560.0 4720.0 5940.0 3280.0 2880.0 4720.0 6760.0 6960.0 9840.0 4920.0 8200.0 5740.0 5940.0 6960.0 6140.0 8000.0 7180.0 5340.0 4920.0 8600.0 6960.0 4920.0 4920.0 6560.0 3900.0 5120.0 4100.0 5540.0 7180.0 6560.0 8000.0 4920.0 3900.0 4100.0 5120.0 7380.0 6560.0 8820.0 6360.0 4520.0 5740.0 6360.0 6560.0 5540.0 4720.0 6960.0 4720.0 7780.0 5540.0 5940.0 6560.0 8400.0 5340.0 8820.0 3480.0 5340.0 6760.0 7180.0 5540.0 3700.0 6760.0 8400.0 6360.0 4720.0 3280.0 6560.0 7780.0 5940.0 4920.0 2880.0 5740.0 7380.0 6960.0 7780.0 4300.0 5340.0 5540.0 8000.0 7180.0 5340.0 4720.0 7180.0 6960.0 9620.0 5740.0 4720.0 7580.0 5940.0 4300.0 7380.0 7780.0 4300.0
0.0 9220.0 6360.0 0.0 7180.0 8200.0 7580.0 8000.0 8000.0 6760.0 7380.0 6140.0 6760.0 6960.0 820.0 6360.0 8820.0 6140.0 4100.0 7380.0 5120.0 5340.0 5740.0 5120.0 8600.0 6140.0 6960.0 7180.0 8000.0 5940.0 7180.0 6560.0 3700.0 6560.0 7580.0 9840.0 4720.0 6560.0 5340.0 4100.0 5740.0 7180.0 6560.0 7580.0 5540.0 4920.0 6560.0 6560.0 6560.0 7580.0 4920.0 8600.0 5740.0 7380.0 7580.0 6760.0 6140.0 1640.0 6560.0 8400.0 10660.0 7780.0 7180.0 6760.0 8000.0 6960.0 6360.0 1640.0 5940.0 6140.0 9220.0 5740.0 5120.0 3280.0 7180.0 8000.0 6360.0 8400.0 6360.0 5340.0 7580.0 8600.0 7780.0 3080.0 6360.0 5740.0 9420.0 6560.0 5540.0 5740.0 6960.0 6140.0 8820.0 5940.0 6560.0 9220.0 5940.0 4520.0 8000.0 7780.0 3900.0
0.0 5340.0 7180.0 4520.0 0.0 4920.0 5120.0 4520.0 8200.0 4920.0 5740.0 4300.0 4300.0 5340.0 5120.0 4920.0 5740.0 8600.0 5120.0 7580.0 5940.0 5340.0 6560.0 4300.0 7780.0 4920.0 4520.0 7380.0 7780.0 3700.0 3700.0 3480.0 2260.0 4920.0 5540.0 6140.0 620.0 5340.0 6140.0 6760.0 6560.0 6360.0 4520.0 5340.0 7180.0 4100.0 6760.0 4100.0 3700.0 4520.0 4300.0 1640.0 3080.0 5740.0 2460.0 5120.0 4720.0 6140.0 3480.0 5340.0 9220.0 5120.0 5540.0 3900.0 5740.0 4300.0 4100.0 5940.0 3480.0 6140.0 6360.0 4920.0 5120.0 4300.0 3480.0 5340.0 4520.0 4720.0 4100.0 5120.0 5540.0 5740.0 7780.0 4100.0 3480.0 6360.0 3480.0 6360.0 5540.0 220.0 6760.0 5940.0 7580.0 3280.0 2880.0 2460.0 6360.0 5340.0 7580.0 7180.0 6560.0
0.0 8820.0 10660.0 8820.0 10240.0 0.0 8600.0 9840.0 10660.0 7780.0 9420.0 8000.0 8000.0 8000.0 9620.0 9840.0 9620.0 10660.0 8200.0 10440.0 9220.0 9220.0 9840.0 8000.0 10660.0 8400.0 8200.0 10040.0 10440.0 10660.0 9620.0 7380.0 7180.0 8600.0 9840.0 10660.0 9020.0 10040.0 10660.0 9620.0 5540.0 9220.0 9220.0 10660.0 10660.0 7780.0 10660.0 7780.0 7580.0 8400.0 7780.0 10660.0 6760.0 9840.0 8820.0 9420.0 9420.0 10440.0 8000.0 10040.0 10660.0 10240.0 10040.0 8200.0 9420.0 8000.0 10660.0 10240.0 7380.0 10040.0 10660.0 9220.0 6140.0 8400.0 9620.0 9020.0 8820.0 10040.0 8200.0 10440.0 9420.0 9620.0 10660.0 8600.0 7380.0 10240.0 10660.0 9020.0 6560.0 7580.0 10660.0 9840.0 10660.0 6960.0 10040.0 9840.0 10660.0 9020.0 10660.0 10660.0 8820.0
0.0 5340.0 3080.0 2680.0 4300.0 3900.0 0.0 5540.0 3080.0 4920.0 4520.0 1860.0 3080.0 4520.0 3280.0 6560.0 4100.0 7580.0 3480.0 5940.0 4300.0 3700.0 4720.0 5340.0 6560.0 3280.0 2060.0 5120.0 5940.0 4720.0 4100.0 1860.0 5340.0 3700.0 4100.0 2680.0 620.0 1440.0 4300.0 6560.0 6560.0 4100.0 3080.0 4920.0 4520.0 4920.0 5340.0 3480.0 1240.0 2880.0 5120.0 5740.0 3900.0 4520.0 3700.0 4520.0 3900.0 4300.0 1860.0 5120.0 9020.0 3700.0 4920.0 3280.0 820.0 3700.0 5120.0 4100.0 3480.0 4520.0 7380.0 3080.0 3280.0 4100.0 2260.0 4720.0 2680.0 3280.0 3900.0 4920.0 3280.0 3480.0 3700.0 2460.0 1240.0 4720.0 4920.0 4720.0 3900.0 1440.0 6360.0 3700.0 5940.0 4100.0 3900.0 6760.0 4920.0 4100.0 7180.0 7580.0 3280.0
0.0 5740.0 4520.0 4300.0 620.0 5340.0 5540.0 0.0 6560.0 5340.0 4920.0 4720.0 3480.0 4100.0 3900.0 5340.0 6140.0 9020.0 4300.0 4520.0 3280.0 2680.0 6560.0 4920.0 7780.0 5340.0 4920.0 6140.0 6140.0 4100.0 4100.0 4100.0 2680.0 4100.0 5940.0 6560.0 1040.0 5740.0 6140.0 6140.0 6360.0 5340.0 4920.0 5740.0 2680.0 4520.0 7180.0 4520.0 4100.0 4920.0 4720.0 2060.0 3480.0 5940.0 3080.0 3900.0 3280.0 4720.0 3900.0 4300.0 8400.0 620.0 4100.0 3700.0 4300.0 4720.0 4520.0 5740.0 2680.0 3480.0 3900.0 4920.0 4920.0 3900.0 3900.0 5340.0 4520.0 420.0 3700.0 3080.0 6140.0 6140.0 7180.0 4520.0 4100.0 5740.0 3900.0 6760.0 5540.0 620.0 4920.0 6360.0 8000.0 3700.0 220.0 2880.0 3280.0 4520.0 6960.0 5940.0 3900.0
0.0 4520.0 5340.0 2880.0 5120.0 4720.0 3280.0 5740.0 0.0 3080.0 4920.0 2680.0 4720.0 5340.0 3700.0 6760.0 4920.0 6960.0 4300.0 5940.0 4520.0 4520.0 5340.0 2680.0 6140.0 3080.0 2880.0 3900.0 5940.0 5740.0 5120.0 2880.0 5940.0 4100.0 4920.0 4720.0 3700.0 2060.0 4920.0 3900.0 6560.0 2880.0 3900.0 5740.0 4100.0 2460.0 6960.0 2460.0 2260.0 3700.0 2460.0 6140.0 1440.0 4520.0 4520.0 5340.0 820.0 4520.0 2680.0 7780.0 6360.0 6140.0 1860.0 5120.0 4100.0 2680.0 6760.0 4300.0 5120.0 4520.0 6760.0 3900.0 4100.0 4300.0 3900.0 3080.0 3480.0 5940.0 3900.0 4520.0 4100.0 4300.0 6360.0 3280.0 2060.0 5540.0 6760.0 4720.0 3900.0 2260.0 5340.0 4520.0 5940.0 1640.0 5340.0 6560.0 5740.0 4520.0 5340.0 5340.0 4920.0
0.0 7380.0 6360.0 5120.0 7580.0 6360.0 6140.0 7180.0 9220.0 0.0 6760.0 4520.0 5740.0 5340.0 5940.0 9420.0 8600.0 10440.0 2460.0 2880.0 3480.0 3700.0 4920.0 4300.0 8820.0 6140.0 5120.0 5120.0 6140.0 3900.0 6960.0 6760.0 8820.0 5940.0 6760.0 8820.0 2680.0 7580.0 4520.0 2060.0 8200.0 6560.0 5740.0 5540.0 6140.0 7580.0 8600.0 5340.0 5120.0 7380.0 7580.0 7580.0 6560.0 7180.0 5940.0 7380.0 8200.0 6760.0 6560.0 7180.0 10660.0 4300.0 3900.0 6140.0 6960.0 5540.0 8000.0 6140.0 6140.0 4520.0 8200.0 6760.0 6140.0 5740.0 6360.0 6560.0 6360.0 4100.0 5540.0 6560.0 5740.0 8600.0 8000.0 7180.0 7180.0 3900.0 7780.0 4920.0 6760.0 3700.0 6360.0 7380.0 8820.0 6760.0 4520.0 7180.0 6960.0 5740.0 8400.0 7580.0 6140.0
0.0 5940.0 5340.0 2460.0 4100.0 3700.0 4100.0 5340.0 2880.0 3280.0 0.0 1640.0 2880.0 3700.0 3080.0 5120.0 3900.0 7180.0 3080.0 5740.0 4100.0 3480.0 4720.0 2460.0 6360.0 2880.0 1860.0 4920.0 5740.0 4520.0 420.0 1640.0 4920.0 3480.0 3900.0 5940.0 4520.0 2680.0 4300.0 5340.0 6360.0 3900.0 2880.0 4720.0 5540.0 3280.0 5940.0 3080.0 1040.0 2680.0 3480.0 5540.0 2260.0 4300.0 3480.0 4300.0 3700.0 3900.0 1640.0 5940.0 8820.0 3480.0 4720.0 3080.0 620.0 3480.0 4920.0 3900.0 3280.0 4300.0 5120.0 2680.0 1640.0 3900.0 2060.0 4520.0 2260.0 3080.0 3700.0 2260.0 3080.0 3080.0 5120.0 2060.0 1040.0 3900.0 4720.0 4520.0 2260.0 1040.0 4100.0 3480.0 5740.0 2460.0 1440.0 6560.0 4720.0 3900.0 6960.0 6360.0 3080.0
0.0 5540.0 7180.0 820.0 3700.0 2060.0 4100.0 5120.0 7180.0 4300.0 4920.0 0.0 4100.0 3900.0 1640.0 7180.0 5740.0 6760.0 4920.0 7180.0 5740.0 5940.0 6360.0 4720.0 8400.0 3480.0 1440.0 5540.0 6360.0 4100.0 5120.0 4720.0 4520.0 4100.0 5340.0 6760.0 4300.0 5540.0 5940.0 4920.0 6360.0 4920.0 4300.0 3080.0 4300.0 4300.0 6960.0 4300.0 820.0 5540.0 4520.0 5120.0 3280.0 4720.0 3080.0 5540.0 6960.0 2460.0 4720.0 7380.0 9420.0 5540.0 6760.0 4520.0 4920.0 4520.0 6960.0 2260.0 4520.0 6760.0 7380.0 2460.0 2680.0 4100.0 4100.0 5740.0 2060.0 5340.0 3900.0 4300.0 1440.0 5120.0 3700.0 3900.0 4100.0 4100.0 7180.0 4920.0 3280.0 820.0 5940.0 3080.0 6140.0 3480.0 5120.0 6140.0 6360.0 4520.0 8200.0 7380.0 2680.0
0.0 6360.0 5540.0 1040.0 4100.0 5120.0 4300.0 3480.0 4300.0 3280.0 1640.0 3080.0 0.0 1860.0 1640.0 3700.0 5340.0 6960.0 1640.0 4920.0 2680.0 2880.0 6140.0 2880.0 4920.0 4100.0 2260.0 3700.0 5540.0 4920.0 1860.0 3080.0 4520.0 820.0 4520.0 4300.0 4520.0 4100.0 5740.0 4920.0 3900.0 2880.0 4300.0 6140.0 6140.0 3280.0 7380.0 3280.0 1440.0 4100.0 3080.0 5540.0 2260.0 3480.0 3900.0 1640.0 5120.0 2460.0 3080.0 3280.0 5940.0 4100.0 5740.0 420.0 2060.0 3480.0 6140.0 2460.0 620.0 3700.0 6560.0 3080.0 1640.0 2060.0 3480.0 4520.0 2680.0 3900.0 1860.0 3700.0 4520.0 4720.0 6140.0 3480.0 2460.0 2260.0 6140.0 4100.0 2260.0 1440.0 5340.0 3700.0 6560.0 2460.0 3080.0 6360.0 2880.0 1040.0 4100.0 4520.0 3280.0
0.0 6760.0 5940.0 1240.0 2260.0 5120.0 4720.0 1860.0 4720.0 3700.0 2060.0 3280.0 620.0 0.0 2060.0 4100.0 4300.0 7180.0 2060.0 5340.0 3080.0 3280.0 6360.0 3280.0 5340.0 4520.0 2680.0 2260.0 5940.0 5340.0 2260.0 2060.0 4520.0 1240.0 4520.0 4720.0 2880.0 4520.0 5940.0 5340.0 2880.0 1240.0 4300.0 4300.0 4520.0 3700.0 7380.0 3700.0 1860.0 3080.0 3480.0 3900.0 2680.0 1860.0 4300.0 2060.0 5120.0 2880.0 3080.0 3700.0 5740.0 2460.0 5940.0 820.0 2460.0 3900.0 4300.0 2680.0 1040.0 4100.0 5540.0 3480.0 2060.0 420.0 3900.0 4920.0 3080.0 2260.0 220.0 3080.0 4520.0 4300.0 4920.0 3700.0 2460.0 2680.0 5340.0 4520.0 2680.0 1860.0 4520.0 4100.0 6960.0 2880.0 2060.0 4720.0 3280.0 1440.0 4520.0 5120.0 1440.0
0.0 8400.0 8200.0 6560.0 7380.0 7580.0 6960.0 7780.0 9840.0 5940.0 8000.0 6360.0 6760.0 6140.0 0.0 9220.0 8000.0 5340.0 4300.0 7580.0 5120.0 5340.0 9020.0 5740.0 8000.0 5340.0 6140.0 6360.0 8000.0 5120.0 6360.0 5940.0 6560.0 7180.0 8200.0 9420.0 7380.0 8400.0 8400.0 8000.0 4920.0 6360.0 7180.0 6960.0 7780.0 5940.0 5940.0 5940.0 5740.0 6760.0 6140.0 8600.0 4920.0 6760.0 6960.0 8200.0 9020.0 1040.0 5740.0 9840.0 10660.0 8400.0 8400.0 6960.0 7580.0 6140.0 5740.0 8000.0 7180.0 6140.0 9420.0 6140.0 4300.0 2680.0 8000.0 7180.0 5540.0 8200.0 6140.0 4720.0 7580.0 7780.0 7180.0 6360.0 5540.0 4920.0 9620.0 6760.0 4920.0 5740.0 6360.0 7780.0 8000.0 5120.0 5940.0 8600.0 9020.0 3700.0 10660.0 9020.0 3080.0
0.0 6140.0 6140.0 3900.0 4520.0 5120.0 4300.0 5340.0 4300.0 3280.0 1440.0 3080.0 4100.0 3480.0 4520.0 0.0 5340.0 7580.0 2260.0 5540.0 3080.0 3280.0 6140.0 2880.0 7780.0 4100.0 2260.0 3700.0 5940.0 4920.0 1860.0 3080.0 4520.0 620.0 5340.0 6760.0 4720.0 4100.0 5740.0 5340.0 2880.0 4720.0 4300.0 6140.0 6960.0 3280.0 7380.0 3280.0 1440.0 4100.0 3480.0 5940.0 2260.0 5340.0 3700.0 5540.0 5120.0 5340.0 3080.0 6760.0 9220.0 4920.0 5740.0 4300.0 2060.0 3480.0 6360.0 5340.0 4520.0 4100.0 6560.0 3080.0 1640.0 620.0 3480.0 4520.0 2680.0 4520.0 3700.0 3700.0 4520.0 4520.0 6140.0 3480.0 2460.0 2260.0 6140.0 4720.0 2260.0 1440.0 4520.0 3700.0 6560.0 2460.0 2880.0 6760.0 6140.0 1040.0 8000.0 6360.0 4520.0
0.0 8200.0 7380.0 4720.0 3700.0 5940.0 4520.0 3280.0 7580.0 3700.0 5740.0 4100.0 4300.0 3900.0 1640.0 6140.0 0.0 6960.0 3480.0 6360.0 4300.0 4720.0 4520.0 3900.0 8820.0 4520.0 3900.0 4100.0 7180.0 1860.0 5340.0 4100.0 5120.0 4920.0 220.0 7180.0 4300.0 5940.0 6760.0 5740.0 4100.0 5120.0 5340.0 3700.0 5940.0 3700.0 7380.0 3700.0 3480.0 4920.0 3900.0 5120.0 2680.0 5740.0 4720.0 5940.0 6360.0 2680.0 3900.0 7380.0 9620.0 3280.0 4520.0 4720.0 5340.0 3900.0 6760.0 6140.0 4720.0 5340.0 6960.0 3700.0 2060.0 1860.0 5540.0 4920.0 3280.0 3480.0 1640.0 3480.0 5340.0 5540.0 7580.0 4520.0 3280.0 2680.0 6960.0 5940.0 2680.0 3480.0 5340.0 5540.0 6760.0 2880.0 3480.0 5340.0 1040.0 1440.0 8000.0 6760.0 4720.0
0.0 10040.0 8400.0 7380.0 8200.0 2260.0 5540.0 7780.0 8200.0 7180.0 5340.0 6560.0 7780.0 7380.0 5540.0 10440.0 8820.0 0.0 7380.0 7180.0 2060.0 8400.0 9620.0 3080.0 10040.0 5340.0 5940.0 7380.0 5540.0 7180.0 5740.0 6560.0 8600.0 4520.0 5540.0 8000.0 5940.0 6960.0 9220.0 6960.0 7580.0 7180.0 4520.0 9020.0 8000.0 7180.0 5340.0 4520.0 5340.0 7380.0 7380.0 9620.0 6140.0 6560.0 7580.0 9220.0 7580.0 6560.0 6560.0 7380.0 10660.0 8400.0 5740.0 8200.0 5940.0 4720.0 7180.0 8820.0 8200.0 8600.0 10440.0 6960.0 5540.0 6360.0 7380.0 5940.0 6560.0 8000.0 6140.0 6960.0 8000.0 8200.0 8000.0 6960.0 5940.0 5940.0 6360.0 4100.0 6140.0 5340.0 4920.0 7580.0 8000.0 6360.0 6760.0 10660.0 6360.0 4920.0 10660.0 10240.0 5540.0
0.0 7580.0 4100.0 2880.0 5740.0 4100.0 3900.0 6140.0 6960.0 6140.0 4300.0 2060.0 6140.0 5940.0 3480.0 9220.0 7180.0 8820.0 0.0 3480.0 1040.0 1240.0 8200.0 2060.0 6560.0 3700.0 3480.0 6560.0 3900.0 6140.0 4720.0 5120.0 6560.0 3480.0 4520.0 6360.0 4300.0 5340.0 7780.0 6960.0 7180.0 6960.0 3480.0 5120.0 6360.0 6140.0 9020.0 2880.0 2680.0 5940.0 6360.0 7180.0 5120.0 5120.0 5120.0 7380.0 5940.0 4520.0 4920.0 5740.0 9420.0 4920.0 6960.0 6360.0 4720.0 3280.0 5740.0 4300.0 6560.0 2060.0 8600.0 4520.0 4520.0 4720.0 5940.0 4300.0 4100.0 4720.0 4520.0 5340.0 3480.0 6960.0 5740.0 5540.0 4920.0 5120.0 5540.0 2460.0 4920.0 2880.0 4100.0 5120.0 6360.0 5340.0 5120.0 8200.0 5340.0 3900.0 7380.0 9220.0 3900.0
0.0 10240.0 5940.0 6140.0 6760.0 6360.0 7780.0 6360.0 7780.0 8200.0 6960.0 6960.0 5540.0 5120.0 4720.0 9020.0 9020.0 10040.0 5120.0 0.0 4100.0 3700.0 7580.0 7180.0 9020.0 7580.0 6960.0 7180.0 7180.0 9840.0 7180.0 6960.0 7180.0 6140.0 9020.0 9420.0 7380.0 7780.0 6960.0 8820.0 7180.0 6140.0 8000.0 9420.0 3700.0 8000.0 8600.0 6760.0 6360.0 7780.0 8000.0 8200.0 6960.0 6960.0 8600.0 4920.0 6560.0 5540.0 6760.0 8820.0 9420.0 1640.0 7380.0 5740.0 5940.0 6960.0 8200.0 7580.0 5940.0 4520.0 5340.0 5740.0 6560.0 4920.0 7180.0 8200.0 5340.0 1240.0 4520.0 4100.0 8200.0 8400.0 8200.0 7380.0 6140.0 7180.0 8600.0 7580.0 6960.0 6360.0 5740.0 8600.0 10240.0 5940.0 1860.0 9220.0 4100.0 5940.0 9420.0 6560.0 4920.0
0.0 8820.0 8400.0 5340.0 6960.0 6560.0 5340.0 8200.0 8200.0 6960.0 7380.0 4720.0 6760.0 6360.0 6140.0 10240.0 6760.0 10240.0 6140.0 8600.0 0.0 6360.0 7780.0 6140.0 10440.0 5940.0 4100.0 7780.0 6960.0 7580.0 7780.0 4720.0 8400.0 6560.0 6960.0 7780.0 5740.0 6360.0 7180.0 6140.0 9020.0 6760.0 5740.0 7580.0 6960.0 5940.0 8820.0 6760.0 4100.0 5540.0 6140.0 8400.0 5940.0 7180.0 6360.0 8200.0 9020.0 6960.0 4520.0 9220.0 10440.0 8000.0 9220.0 6960.0 6140.0 7180.0 10240.0 6760.0 6360.0 7180.0 10240.0 5740.0 5120.0 6760.0 7380.0 8200.0 5340.0 8400.0 6360.0 7380.0 5940.0 6140.0 6140.0 5120.0 3900.0 7380.0 4520.0 7380.0 5740.0 4100.0 3080.0 6360.0 8600.0 6140.0 8200.0 9420.0 7780.0 6960.0 10660.0 8400.0 7180.0
0.0 9620.0 7580.0 3280.0 6360.0 8600.0 8000.0 7780.0 8400.0 9620.0 8200.0 7180.0 6760.0 6360.0 4100.0 9620.0 6140.0 9220.0 5340.0 2260.0 6360.0 0.0 6960.0 6960.0 5340.0 5120.0 7380.0 8400.0 8000.0 8000.0 8600.0 3900.0 6960.0 7380.0 6140.0 9020.0 5940.0 8820.0 6560.0 7380.0 8600.0 7580.0 8400.0 8400.0 5340.0 6760.0 8000.0 7180.0 6560.0 4920.0 6760.0 7780.0 8200.0 6560.0 7780.0 6140.0 8600.0 4920.0 3900.0 6360.0 10660.0 3700.0 9620.0 7180.0 6140.0 7380.0 9620.0 4720.0 7180.0 820.0 7380.0 5940.0 8000.0 6360.0 7580.0 8400.0 6960.0 3480.0 5940.0 5740.0 8600.0 8820.0 4520.0 4300.0 6560.0 8820.0 9840.0 6760.0 8600.0 6560.0 7380.0 9020.0 8000.0 7780.0 3900.0 7580.0 6360.0 7580.0 6360.0 8820.0 6560.0
0.0 8000.0 4720.0 2680.0 5740.0 6760.0 3700.0 5340.0 6140.0 5120.0 3280.0 4920.0 1860.0 3480.0 3480.0 5540.0 6960.0 8600.0 3480.0 6760.0 4300.0 4720.0 0.0 4720.0 4300.0 3480.0 3900.0 2680.0 6360.0 6760.0 3480.0 4920.0 6360.0 2460.0 6140.0 5940.0 4100.0 5120.0 6960.0 6760.0 5740.0 4720.0 6140.0 7780.0 5740.0 5120.0 8200.0 2680.0 3280.0 5740.0 4920.0 5120.0 4100.0 4720.0 5540.0 3280.0 6960.0 4300.0 4720.0 5120.0 7780.0 5940.0 7380.0 2260.0 3900.0 2880.0 4520.0 4100.0 2260.0 5340.0 8200.0 4920.0 3480.0 3900.0 1440.0 4100.0 4520.0 5540.0 3700.0 5540.0 6360.0 6360.0 4920.0 5340.0 4300.0 4100.0 7180.0 4920.0 3900.0 3280.0 7180.0 5540.0 6140.0 4300.0 4720.0 6760.0 4720.0 2880.0 3700.0 6360.0 4920.0
0.0 7180.0 7380.0 4720.0 5340.0 5940.0 4520.0 5540.0 5120.0 4100.0 2460.0 3900.0 4920.0 4520.0 3900.0 7380.0 6140.0 8400.0 4720.0 6960.0 5740.0 5740.0 6760.0 0.0 8600.0 4300.0 3080.0 4520.0 7180.0 4300.0 2680.0 3900.0 5740.0 1640.0 2460.0 6960.0 4920.0 4920.0 6560.0 6140.0 6560.0 5540.0 1440.0 5940.0 7780.0 4100.0 8200.0 3480.0 2260.0 4920.0 4300.0 6760.0 3080.0 5540.0 4720.0 6360.0 5940.0 4920.0 3900.0 7580.0 10040.0 5540.0 6560.0 5120.0 2880.0 3700.0 7180.0 6140.0 5340.0 6560.0 7380.0 3900.0 2460.0 4100.0 4300.0 4920.0 3480.0 5340.0 3900.0 4720.0 5340.0 5540.0 7180.0 4520.0 3280.0 3280.0 6960.0 5740.0 3080.0 2260.0 6140.0 4720.0 6960.0 3280.0 3900.0 7580.0 3280.0 2060.0 9020.0 7180.0 5540.0
0.0 5340.0 5940.0 2260.0 3280.0 4100.0 4520.0 2880.0 3480.0 4720.0 3080.0 2060.0 1440.0 1040.0 2880.0 5120.0 4300.0 7780.0 3080.0 6140.0 4100.0 3900.0 5340.0 4300.0 0.0 3480.0 2260.0 3280.0 6360.0 4920.0 3280.0 2260.0 5540.0 2260.0 4300.0 5740.0 620.0 5340.0 4720.0 6360.0 3900.0 2260.0 3280.0 5120.0 5540.0 4720.0 6360.0 3700.0 1640.0 3080.0 4520.0 4720.0 3700.0 2880.0 3900.0 1040.0 4100.0 3700.0 2060.0 4720.0 5340.0 3480.0 5120.0 1860.0 1040.0 3900.0 5340.0 3700.0 2060.0 4720.0 6360.0 3280.0 3080.0 1440.0 2460.0 4920.0 2880.0 3280.0 1240.0 4100.0 3480.0 3700.0 5740.0 2680.0 1440.0 3700.0 5120.0 4920.0 3700.0 1640.0 5540.0 3900.0 6140.0 3480.0 2880.0 2460.0 2260.0 2460.0 5540.0 5940.0 2460.0
0.0 8200.0 5940.0 4720.0 3080.0 5940.0 2880.0 2680.0 5940.0 4720.0 5940.0 3900.0 4520.0 5120.0 3080.0 6760.0 6140.0 8400.0 2880.0 4720.0 3700.0 3900.0 6960.0 4300.0 7580.0 0.0 4100.0 7180.0 2880.0 4100.0 6140.0 3900.0 5120.0 5120.0 6140.0 5540.0 3280.0 4300.0 6560.0 6760.0 3480.0 6140.0 5120.0 5740.0 5340.0 4100.0 6360.0 2060.0 3280.0 4720.0 4100.0 4520.0 3080.0 1440.0 2680.0 5940.0 4920.0 3900.0 3900.0 4920.0 7780.0 3280.0 5940.0 4720.0 3700.0 2260.0 4720.0 6140.0 4920.0 4720.0 6360.0 4920.0 3080.0 1240.0 3700.0 3280.0 4520.0 2880.0 820.0 4520.0 5340.0 4920.0 6560.0 4300.0 3280.0 5940.0 4920.0 1640.0 3700.0 3280.0 5120.0 5540.0 2880.0 3280.0 2880.0 5540.0 5740.0 5540.0 8600.0 7180.0 2880.0
0.0 7580.0 6960.0 3700.0 4720.0 5340.0 3900.0 4300.0 6360.0 3080.0 3480.0 3280.0 2880.0 2460.0 4300.0 6360.0 5540.0 7580.0 3480.0 5740.0 4520.0 4720.0 5740.0 3280.0 7580.0 2060.0 0.0 4520.0 4920.0 6140.0 3900.0 3280.0 4520.0 2680.0 5540.0 6360.0 3900.0 5340.0 5940.0 4920.0 5120.0 3480.0 4520.0 6360.0 4920.0 3080.0 7380.0 2880.0 2680.0 4300.0 3080.0 6140.0 2060.0 3280.0 3900.0 4300.0 6960.0 5120.0 3280.0 6140.0 8000.0 4720.0 5340.0 3080.0 4100.0 3280.0 6760.0 5120.0 3280.0 5540.0 7180.0 4520.0 1240.0 2880.0 4920.0 4300.0 3900.0 4520.0 2460.0 5340.0 4720.0 3700.0 4100.0 3700.0 2680.0 4300.0 6760.0 3700.0 1860.0 2680.0 6760.0 5120.0 4920.0 2260.0 4300.0 7180.0 5740.0 3080.0 6960.0 5940.0 3900.0
0.0 10440.0 9420.0 6760.0 8600.0 8200.0 6760.0 9420.0 9620.0 5940.0 7380.0 6140.0 5940.0 7580.0 7180.0 9420.0 8400.0 10660.0 7580.0 8600.0 1640.0 8000.0 4920.0 6560.0 9220.0 6960.0 5540.0 0.0 6960.0 8600.0 7580.0 6140.0 9840.0 6560.0 8400.0 9420.0 7180.0 8000.0 4520.0 7580.0 9620.0 8400.0 7380.0 9220.0 8400.0 6360.0 10440.0 6360.0 5540.0 6960.0 6360.0 2460.0 5340.0 8400.0 7380.0 7380.0 9020.0 8000.0 6140.0 9220.0 8000.0 9420.0 8600.0 6140.0 7580.0 6560.0 9220.0 7580.0 6360.0 8820.0 10660.0 7180.0 6760.0 8000.0 6360.0 7580.0 6760.0 9620.0 7580.0 7380.0 7580.0 7580.0 7580.0 6560.0 5540.0 7580.0 5940.0 8600.0 7380.0 5120.0 4520.0 8000.0 5120.0 5540.0 8820.0 10660.0 8820.0 6960.0 8400.0 7580.0 8820.0
0.0 8600.0 8400.0 6560.0 7580.0 7580.0 6960.0 8000.0 9020.0 6140.0 6140.0 6360.0 6760.0 6360.0 220.0 8000.0 7580.0 5540.0 4300.0 7180.0 5340.0 5540.0 8000.0 3900.0 7380.0 5540.0 6360.0 6560.0 0.0 5340.0 6560.0 5940.0 6760.0 5340.0 6360.0 5940.0 5740.0 8400.0 7580.0 5120.0 5120.0 6560.0 5340.0 6960.0 5340.0 6140.0 5940.0 6140.0 5940.0 6360.0 6140.0 8820.0 5120.0 6960.0 7180.0 6560.0 2060.0 1040.0 5940.0 10040.0 7380.0 8600.0 3080.0 7180.0 6760.0 6360.0 5940.0 8000.0 7180.0 5740.0 9620.0 6140.0 4520.0 2880.0 8000.0 4300.0 5740.0 8200.0 6360.0 4720.0 7780.0 8000.0 7380.0 6360.0 5740.0 5120.0 9420.0 6760.0 4920.0 5940.0 6360.0 7780.0 8200.0 5340.0 6140.0 7180.0 7180.0 3900.0 6560.0 9020.0 3280.0
0.0 9220.0 8000.0 5340.0 6960.0 7580.0 7580.0 6560.0 9620.0 7780.0 7780.0 5540.0 6360.0 6140.0 6140.0 7780.0 7780.0 6560.0 6140.0 9420.0 2880.0 7380.0 5540.0 6760.0 9420.0 6960.0 5740.0 8200.0 8000.0 0.0 4720.0 5540.0 9020.0 6960.0 7780.0 8600.0 7380.0 9020.0 5120.0 8400.0 8400.0 7380.0 6760.0 1860.0 6360.0 7780.0 9840.0 6560.0 4920.0 6560.0 7780.0 8400.0 6760.0 6360.0 4520.0 6140.0 9620.0 6960.0 5540.0 5940.0 10440.0 6960.0 10040.0 4920.0 8000.0 6960.0 8400.0 6760.0 6760.0 8200.0 7380.0 6760.0 6140.0 6560.0 5540.0 8000.0 6360.0 6760.0 6360.0 6140.0 6960.0 7180.0 8820.0 6140.0 4920.0 8400.0 7180.0 6760.0 6560.0 5120.0 5740.0 7380.0 9620.0 6960.0 3900.0 3480.0 7380.0 7380.0 8600.0 8400.0 7380.0
0.0 7580.0 6960.0 4100.0 5120.0 5340.0 3900.0 5120.0 6960.0 3080.0 4520.0 3480.0 3700.0 3280.0 4920.0 4720.0 5540.0 7580.0 3700.0 5940.0 4520.0 4720.0 6560.0 2260.0 8600.0 3700.0 3700.0 5340.0 6560.0 6360.0 0.0 3480.0 4520.0 3700.0 4520.0 6560.0 4300.0 5340.0 6140.0 5120.0 6140.0 4520.0 3480.0 6360.0 7380.0 3080.0 7580.0 3080.0 2880.0 4300.0 3280.0 6560.0 2060.0 5120.0 4100.0 5340.0 6960.0 5740.0 3280.0 6960.0 9020.0 5540.0 5340.0 4100.0 4720.0 3280.0 7580.0 3700.0 4100.0 5540.0 7380.0 3900.0 1440.0 3700.0 4920.0 4300.0 3280.0 5340.0 3480.0 2060.0 4720.0 4920.0 6760.0 3900.0 2680.0 5340.0 7580.0 5340.0 1860.0 2880.0 3700.0 5120.0 6360.0 2260.0 5340.0 7580.0 5540.0 4100.0 7780.0 6140.0 2880.0
0.0 8820.0 6760.0 5120.0 5940.0 7380.0 4720.0 5340.0 7780.0 5940.0 5740.0 5540.0 4300.0 5940.0 3900.0 7180.0 2260.0 9020.0 5540.0 4100.0 5940.0 1860.0 6560.0 5540.0 5940.0 4520.0 4920.0 6140.0 4720.0 4100.0 5940.0 0.0 4300.0 4920.0 2460.0 7180.0 5120.0 4920.0 7780.0 7580.0 5740.0 6960.0 6960.0 5740.0 7180.0 5940.0 9620.0 3700.0 4100.0 1040.0 5540.0 7380.0 4920.0 5940.0 4520.0 5740.0 6760.0 4720.0 5740.0 6360.0 9220.0 3480.0 6560.0 4520.0 5540.0 4100.0 6560.0 6560.0 3700.0 2680.0 7180.0 5740.0 4100.0 3900.0 5340.0 5120.0 5340.0 5340.0 3700.0 5740.0 6760.0 7580.0 6360.0 6140.0 5340.0 4920.0 6760.0 3280.0 4720.0 4100.0 4520.0 6360.0 7180.0 5120.0 3700.0 7380.0 3280.0 3700.0 8000.0 8820.0 4720.0
0.0 9020.0 8400.0 6560.0 5120.0 6360.0 6960.0 8200.0 6960.0 5940.0 4300.0 5740.0 6760.0 6360.0 7180.0 2880.0 8000.0 8820.0 4920.0 7580.0 5740.0 6140.0 8400.0 5740.0 7780.0 6760.0 4920.0 6360.0 8600.0 7380.0 4520.0 5740.0 0.0 3480.0 8000.0 6360.0 5740.0 6760.0 8000.0 5540.0 5540.0 7380.0 6960.0 8820.0 5740.0 5940.0 10040.0 5940.0 4100.0 6760.0 6140.0 6560.0 4920.0 8000.0 6560.0 6960.0 2460.0 6360.0 5740.0 9420.0 7780.0 4100.0 3480.0 6960.0 4720.0 6140.0 9020.0 8000.0 7180.0 6140.0 7780.0 5740.0 4300.0 3280.0 6140.0 4720.0 5340.0 7180.0 6360.0 6140.0 7180.0 7380.0 8820.0 6360.0 5120.0 5120.0 8400.0 7380.0 4920.0 4100.0 6960.0 6560.0 9220.0 5120.0 4300.0 7580.0 8200.0 3900.0 6960.0 9020.0 6560.0
0.0 5740.0 6140.0 3280.0 3900.0 4520.0 3700.0 4720.0 3700.0 2680.0 1040.0 2460.0 3480.0 2880.0 3900.0 5940.0 4720.0 6960.0 3280.0 5540.0 4100.0 4300.0 5540.0 2260.0 7180.0 3480.0 1640.0 3080.0 6360.0 4300.0 1240.0 2460.0 4100.0 0.0 4720.0 6140.0 4100.0 3480.0 5120.0 4720.0 5740.0 4100.0 3700.0 5540.0 6360.0 2680.0 6760.0 2680.0 820.0 3480.0 2880.0 5340.0 1640.0 4720.0 3280.0 4920.0 4520.0 4720.0 2460.0 6140.0 8600.0 4300.0 5120.0 3700.0 1440.0 2880.0 5740.0 4720.0 3900.0 5120.0 5940.0 2460.0 1040.0 3280.0 2880.0 3900.0 2060.0 3900.0 3080.0 3080.0 3900.0 4100.0 5540.0 2880.0 1860.0 1640.0 5540.0 4920.0 1640.0 820.0 4720.0 3080.0 5940.0 1860.0 2260.0 6140.0 5540.0 420.0 7380.0 5740.0 3900.0
0.0 8600.0 7180.0 5120.0 3480.0 6360.0 4920.0 3080.0 7380.0 6560.0 6560.0 4300.0 6140.0 5740.0 1640.0 6140.0 6560.0 6760.0 3280.0 6560.0 4300.0 4520.0 4300.0 4720.0 8600.0 4920.0 4520.0 6960.0 7180.0 1860.0 5340.0 4520.0 5540.0 5540.0 0.0 7380.0 4100.0 6360.0 6760.0 8200.0 4100.0 6560.0 5540.0 3480.0 5740.0 6560.0 7380.0 4100.0 3900.0 5340.0 6760.0 4920.0 5540.0 6140.0 5340.0 6960.0 6140.0 2460.0 4300.0 7380.0 9420.0 3080.0 4300.0 6360.0 5740.0 4300.0 7180.0 6560.0 5740.0 5340.0 6760.0 5120.0 4920.0 1640.0 5740.0 5340.0 4720.0 3480.0 1440.0 3480.0 5740.0 5540.0 8000.0 4920.0 3700.0 6360.0 6960.0 5740.0 5540.0 3700.0 5120.0 6140.0 7580.0 3280.0 3280.0 5120.0 1040.0 5120.0 7780.0 9020.0 4520.0
0.0 9620.0 9020.0 6140.0 5940.0 7380.0 5940.0 5340.0 9020.0 5740.0 6760.0 5340.0 5340.0 5940.0 6760.0 8820.0 7380.0 9620.0 6560.0 8600.0 7180.0 7180.0 7580.0 5340.0 8820.0 5740.0 5540.0 8000.0 8600.0 4520.0 6960.0 5340.0 7180.0 5940.0 7380.0 0.0 6360.0 4300.0 6960.0 7780.0 8400.0 6960.0 6560.0 6360.0 4520.0 5120.0 6960.0 4920.0 4720.0 6360.0 5120.0 7380.0 4100.0 7180.0 3480.0 5740.0 8600.0 7780.0 5340.0 8200.0 7180.0 5940.0 7380.0 5540.0 6760.0 5340.0 7380.0 7580.0 5340.0 7780.0 9220.0 6560.0 6760.0 6140.0 4520.0 6360.0 6140.0 5740.0 5740.0 4920.0 6760.0 6960.0 3700.0 5940.0 4720.0 7580.0 9220.0 7180.0 7180.0 1240.0 6560.0 7180.0 8400.0 4300.0 5540.0 8000.0 6960.0 6360.0 9220.0 8000.0 5540.0
0.0 4920.0 9020.0 6140.0 5540.0 4300.0 5940.0 5120.0 8400.0 5740.0 6760.0 5340.0 5340.0 6960.0 6760.0 8820.0 7580.0 9620.0 5340.0 6960.0 6360.0 4920.0 5940.0 5340.0 8820.0 5740.0 5540.0 8600.0 8600.0 4520.0 6960.0 5340.0 7180.0 5940.0 7580.0 6960.0 0.0 7380.0 8000.0 7380.0 6140.0 7580.0 6560.0 6360.0 7780.0 5120.0 6140.0 4920.0 4720.0 6360.0 5120.0 6960.0 4100.0 7180.0 3480.0 6760.0 8200.0 7780.0 5340.0 4720.0 10660.0 5740.0 7380.0 5540.0 6760.0 5340.0 7380.0 7580.0 5740.0 5540.0 8820.0 4520.0 6760.0 3700.0 4520.0 6360.0 4100.0 5340.0 3480.0 8200.0 6760.0 6960.0 8820.0 5940.0 4720.0 7380.0 5740.0 7180.0 7180.0 1240.0 7780.0 7180.0 8400.0 4300.0 5340.0 8000.0 8000.0 6140.0 9220.0 8000.0 8000.0
0.0 10440.0 8000.0 5940.0 6760.0 7380.0 6960.0 6360.0 9420.0 6760.0 6560.0 5340.0 5120.0 5340.0 4720.0 6760.0 3080.0 10040.0 6560.0 9020.0 7380.0 6960.0 3280.0 6960.0 7580.0 6360.0 6760.0 5940.0 5740.0 4920.0 6760.0 5120.0 3900.0 5740.0 3280.0 9220.0 7380.0 0.0 2880.0 8820.0 7180.0 6360.0 8200.0 6760.0 3900.0 6760.0 10040.0 5940.0 6140.0 5940.0 6960.0 8200.0 5740.0 6960.0 5940.0 5120.0 6360.0 5540.0 5120.0 8400.0 9420.0 6360.0 7380.0 5340.0 7180.0 6140.0 7580.0 7380.0 5540.0 7780.0 10040.0 5940.0 5120.0 4920.0 4720.0 7180.0 5540.0 6560.0 4520.0 4300.0 6360.0 8600.0 8200.0 5540.0 6360.0 5740.0 10040.0 7780.0 5540.0 3480.0 5940.0 8400.0 9020.0 5940.0 6560.0 8400.0 4100.0 4520.0 6960.0 6140.0 4920.0
0.0 8000.0 5120.0 3080.0 5340.0 4520.0 4100.0 4920.0 6560.0 5340.0 3700.0 2680.0 2260.0 3900.0 3900.0 5940.0 4520.0 8400.0 3700.0 6140.0 4720.0 4100.0 620.0 4920.0 4720.0 3480.0 3900.0 3080.0 5740.0 4100.0 4100.0 2260.0 6560.0 2880.0 4520.0 6360.0 4520.0 5540.0 0.0 7180.0 6140.0 5120.0 6140.0 5120.0 6140.0 4720.0 7180.0 3080.0 3280.0 3280.0 4720.0 5540.0 3700.0 4920.0 3080.0 3900.0 7380.0 4720.0 2260.0 5540.0 8200.0 5540.0 6960.0 2680.0 4300.0 3480.0 4920.0 4520.0 2680.0 4920.0 8600.0 4920.0 3900.0 4300.0 2060.0 4520.0 4520.0 5340.0 4100.0 5940.0 3480.0 6360.0 5340.0 2680.0 4300.0 4520.0 7580.0 5120.0 4300.0 620.0 6560.0 5540.0 6360.0 3900.0 5120.0 7180.0 5120.0 3280.0 4100.0 3280.0 4720.0
0.0 5340.0 4300.0 3280.0 5740.0 4520.0 4300.0 5340.0 7380.0 5940.0 4720.0 2460.0 3900.0 3480.0 3900.0 7380.0 6960.0 8400.0 420.0 3900.0 1440.0 1640.0 2880.0 2460.0 6960.0 4100.0 3080.0 3280.0 4300.0 1860.0 4920.0 4720.0 6960.0 3900.0 4920.0 6760.0 620.0 5740.0 2460.0 0.0 6140.0 4520.0 3900.0 3700.0 6760.0 5540.0 6560.0 3280.0 3080.0 5540.0 5740.0 5540.0 4520.0 5340.0 3900.0 5340.0 6360.0 4920.0 4720.0 5340.0 9020.0 5340.0 7180.0 4100.0 5120.0 3700.0 6140.0 4100.0 4300.0 2460.0 9020.0 4920.0 4300.0 3900.0 4300.0 4720.0 4300.0 4920.0 3480.0 5740.0 3900.0 6560.0 5940.0 5120.0 5340.0 1860.0 5740.0 2880.0 4920.0 1640.0 4300.0 5540.0 6760.0 4720.0 5340.0 5340.0 5740.0 4300.0 6560.0 5740.0 4300.0
0.0 10040.0 8000.0 7180.0 6760.0 8000.0 5120.0 7380.0 8200.0 7580.0 5940.0 6960.0 6360.0 7780.0 5120.0 4520.0 4300.0 10440.0 6560.0 6140.0 7380.0 3900.0 8400.0 7180.0 8000.0 4920.0 6560.0 8000.0 5120.0 6140.0 6140.0 2060.0 1640.0 5120.0 4520.0 7580.0 5540.0 5120.0 7780.0 7180.0 0.0 8400.0 8000.0 7780.0 7380.0 7380.0 10240.0 4100.0 5740.0 3080.0 7580.0 8200.0 6360.0 6360.0 6360.0 7780.0 4100.0 6140.0 6760.0 6960.0 9420.0 5540.0 5120.0 6560.0 5940.0 4520.0 6960.0 8600.0 5740.0 4720.0 9220.0 5940.0 5940.0 4920.0 7180.0 5540.0 6960.0 7180.0 5740.0 6560.0 8200.0 7580.0 8400.0 7380.0 6140.0 6760.0 7180.0 3700.0 6360.0 5740.0 6360.0 8200.0 7580.0 6560.0 5740.0 9220.0 5340.0 5540.0 8600.0 10440.0 5120.0
0.0 9220.0 6360.0 220.0 5740.0 7780.0 5120.0 5120.0 8200.0 5540.0 6360.0 5740.0 5120.0 5740.0 820.0 6560.0 3280.0 6140.0 4100.0 4920.0 2680.0 2880.0 5740.0 4100.0 6960.0 4920.0 5740.0 1040.0 5540.0 4920.0 6760.0 1040.0 3900.0 5540.0 3280.0 7580.0 4720.0 5740.0 5340.0 4100.0 5740.0 0.0 5540.0 6760.0 5740.0 3900.0 6560.0 4720.0 4920.0 1860.0 3900.0 3480.0 4520.0 6360.0 5340.0 6360.0 6140.0 1860.0 4300.0 7380.0 9020.0 4300.0 7180.0 5540.0 5940.0 4520.0 6560.0 1640.0 4520.0 3700.0 8200.0 5540.0 3900.0 3480.0 6360.0 5940.0 5120.0 5540.0 3480.0 5340.0 7180.0 7380.0 7380.0 3080.0 5120.0 4520.0 4300.0 4300.0 4300.0 5120.0 5340.0 6140.0 5940.0 4720.0 4520.0 8000.0 4100.0 3280.0 8200.0 6760.0 3900.0
0.0 9620.0 8200.0 6140.0 4520.0 7380.0 5940.0 4100.0 8400.0 7580.0 7380.0 5340.0 7180.0 6960.0 2680.0 7180.0 7580.0 7780.0 4300.0 7580.0 5340.0 5540.0 5340.0 5740.0 9620.0 5940.0 5540.0 8000.0 5740.0 2880.0 6360.0 5540.0 6760.0 6560.0 1240.0 8400.0 5120.0 7380.0 7780.0 9220.0 5120.0 7580.0 0.0 4520.0 6760.0 7580.0 8400.0 5120.0 4920.0 6360.0 7780.0 5940.0 6560.0 7180.0 6360.0 8000.0 7180.0 3480.0 5340.0 8400.0 10440.0 4100.0 5340.0 7380.0 6760.0 5340.0 5740.0 7580.0 6760.0 6360.0 7780.0 6140.0 5940.0 2680.0 6760.0 6360.0 5740.0 4520.0 2460.0 4520.0 6760.0 6560.0 9020.0 5940.0 4720.0 7580.0 8000.0 6760.0 6560.0 4720.0 6140.0 7180.0 8600.0 4300.0 4300.0 6140.0 2060.0 6360.0 8820.0 10040.0 5540.0
0.0 8200.0 6960.0 6560.0 6360.0 7180.0 6360.0 7580.0 9420.0 6960.0 7180.0 5940.0 5540.0 5940.0 6560.0 9220.0 7780.0 4920.0 7180.0 8000.0 6760.0 7380.0 3900.0 6760.0 8200.0 6140.0 4100.0 6360.0 6360.0 6760.0 7380.0 5540.0 8400.0 6140.0 8000.0 8820.0 6760.0 7780.0 3480.0 9020.0 8820.0 7180.0 6960.0 0.0 4520.0 6560.0 10040.0 5340.0 3480.0 6560.0 6560.0 7780.0 5940.0 6760.0 5740.0 5740.0 8400.0 7380.0 5540.0 8200.0 10240.0 8200.0 8400.0 5940.0 7180.0 5740.0 8200.0 6560.0 6140.0 8200.0 10660.0 5120.0 5340.0 6360.0 5340.0 6760.0 4720.0 8000.0 6140.0 4920.0 6760.0 7580.0 8200.0 6140.0 6760.0 6760.0 8400.0 4920.0 5940.0 3480.0 6560.0 5740.0 8820.0 6140.0 7780.0 8820.0 7180.0 6560.0 7380.0 6560.0 5740.0
0.0 6760.0 7180.0 2680.0 3480.0 5740.0 4100.0 3280.0 6140.0 5120.0 3480.0 3700.0 1860.0 1440.0 3280.0 5540.0 5740.0 8600.0 3480.0 6760.0 4520.0 4720.0 3900.0 4520.0 6760.0 3900.0 3700.0 3700.0 6140.0 6360.0 3700.0 3480.0 5740.0 2680.0 5940.0 6140.0 4100.0 4520.0 3480.0 5340.0 4300.0 2680.0 4920.0 5740.0 0.0 5120.0 8000.0 3280.0 2880.0 4520.0 4300.0 4920.0 4100.0 3280.0 5340.0 1440.0 6360.0 4100.0 3700.0 5120.0 5740.0 3900.0 6140.0 2260.0 3900.0 3480.0 5740.0 4100.0 2460.0 5540.0 6960.0 2260.0 3480.0 1860.0 4100.0 4520.0 1860.0 3700.0 1640.0 420.0 5120.0 5340.0 5340.0 4300.0 3080.0 4100.0 6760.0 5540.0 4100.0 2880.0 2260.0 5120.0 6760.0 2460.0 3480.0 5940.0 2680.0 2880.0 5940.0 6360.0 1240.0
0.0 6140.0 7780.0 4520.0 5540.0 5540.0 4720.0 5740.0 5540.0 4520.0 2680.0 4300.0 3700.0 4720.0 4300.0 5740.0 5120.0 8820.0 4920.0 6560.0 5940.0 4920.0 4720.0 420.0 8400.0 4520.0 3280.0 4720.0 5540.0 4520.0 2880.0 4300.0 5940.0 1860.0 2880.0 7180.0 1440.0 5120.0 4300.0 6360.0 6760.0 5740.0 1860.0 6140.0 7180.0 0.0 7380.0 3700.0 2680.0 3900.0 220.0 6960.0 3480.0 5940.0 4720.0 5340.0 6360.0 5120.0 4100.0 5940.0 9620.0 5940.0 6760.0 4100.0 3280.0 4100.0 5540.0 5940.0 4100.0 5340.0 4300.0 4300.0 2680.0 4300.0 4520.0 4100.0 3900.0 5740.0 4100.0 4920.0 5340.0 5740.0 6960.0 4720.0 3480.0 3480.0 6960.0 5940.0 3280.0 2460.0 3900.0 4920.0 7180.0 3700.0 4100.0 7780.0 3700.0 2260.0 7780.0 3080.0 5740.0
0.0 10660.0 8000.0 2060.0 7580.0 7580.0 6960.0 7180.0 8600.0 7380.0 7380.0 6960.0 7180.0 7780.0 2880.0 8400.0 5120.0 5340.0 5740.0 6960.0 4520.0 4720.0 7380.0 6140.0 8820.0 5540.0 7380.0 3080.0 7580.0 6960.0 7780.0 2880.0 5740.0 6560.0 5340.0 8400.0 6560.0 7780.0 6760.0 6140.0 7780.0 2060.0 7380.0 8600.0 7380.0 5740.0 0.0 6560.0 6760.0 3900.0 5940.0 5340.0 6360.0 6760.0 5540.0 8200.0 8200.0 3700.0 4100.0 9220.0 10660.0 6360.0 9220.0 7380.0 6140.0 6360.0 8400.0 3480.0 6560.0 5540.0 10040.0 7380.0 5740.0 5340.0 6360.0 8000.0 6960.0 7380.0 5340.0 7380.0 8400.0 8820.0 6760.0 4720.0 6560.0 6360.0 6140.0 6140.0 6360.0 6760.0 7380.0 8000.0 8000.0 6560.0 6560.0 9620.0 6140.0 5120.0 10040.0 8820.0 5740.0
0.0 6360.0 4100.0 3700.0 3900.0 4920.0 1040.0 3480.0 4100.0 4100.0 5540.0 2880.0 4100.0 3700.0 3900.0 7580.0 4720.0 8000.0 3700.0 5540.0 4520.0 4520.0 5740.0 3700.0 5740.0 820.0 3080.0 5740.0 3700.0 4920.0 5120.0 2680.0 5940.0 4720.0 4920.0 3480.0 1440.0 2460.0 5340.0 6140.0 4300.0 4920.0 4100.0 5940.0 5540.0 3480.0 6140.0 0.0 2260.0 3480.0 3480.0 5340.0 2460.0 2260.0 3480.0 5540.0 4920.0 4720.0 2880.0 5540.0 6560.0 3900.0 5740.0 4300.0 1860.0 420.0 5540.0 5120.0 4520.0 5340.0 7180.0 3900.0 3900.0 2060.0 3280.0 1440.0 3480.0 3700.0 1640.0 4920.0 4300.0 4300.0 4720.0 3280.0 2260.0 5740.0 4520.0 2460.0 2260.0 2260.0 5940.0 4720.0 3700.0 2680.0 3480.0 6140.0 5740.0 5120.0 8200.0 6360.0 3280.0
0.0 4920.0 7580.0 4300.0 3080.0 6140.0 4720.0 4300.0 7180.0 3700.0 4300.0 4100.0 3480.0 3280.0 5120.0 6960.0 5120.0 6360.0 4300.0 6560.0 5340.0 5540.0 5940.0 4100.0 7780.0 2880.0 820.0 4720.0 5740.0 3480.0 4520.0 4100.0 5120.0 3480.0 4720.0 6140.0 3700.0 6140.0 6760.0 5740.0 5940.0 4300.0 3700.0 5340.0 5540.0 3700.0 8200.0 3700.0 0.0 4920.0 3900.0 4520.0 2680.0 4100.0 2460.0 4920.0 7580.0 4920.0 4100.0 6760.0 8820.0 4920.0 6140.0 3700.0 4920.0 3900.0 6360.0 5740.0 3900.0 6360.0 8000.0 1860.0 2060.0 3480.0 3480.0 4920.0 1440.0 4720.0 3280.0 5940.0 4100.0 4300.0 4920.0 4520.0 3480.0 3480.0 6360.0 4300.0 2680.0 220.0 7380.0 2460.0 5540.0 2880.0 4520.0 5540.0 5540.0 3900.0 7580.0 6760.0 4720.0
0.0 8820.0 5740.0 4300.0 4920.0 6560.0 3900.0 4520.0 6960.0 4920.0 4920.0 4520.0 3480.0 5120.0 2880.0 6560.0 1440.0 8200.0 4720.0 3080.0 5120.0 1040.0 5740.0 4720.0 6360.0 3700.0 5120.0 5340.0 3900.0 3280.0 5120.0 4920.0 3700.0 4100.0 1440.0 6360.0 4300.0 4100.0 6760.0 6560.0 4720.0 6140.0 6140.0 4920.0 6360.0 4920.0 8820.0 2880.0 4520.0 0.0 4520.0 6360.0 3900.0 4920.0 3480.0 4920.0 5740.0 3900.0 4720.0 5540.0 8400.0 2680.0 5740.0 3700.0 4520.0 3080.0 5540.0 5740.0 2680.0 1860.0 6360.0 5120.0 3280.0 3080.0 4520.0 4100.0 4520.0 4300.0 2880.0 4920.0 5940.0 6560.0 5540.0 5340.0 4520.0 3900.0 5740.0 2460.0 3900.0 4520.0 3480.0 6760.0 6360.0 4100.0 2680.0 6560.0 2460.0 2680.0 6960.0 8000.0 3700.0
0.0 6960.0 7580.0 4920.0 5540.0 6140.0 4520.0 5740.0 5340.0 4300.0 2460.0 4100.0 5120.0 4520.0 4100.0 5740.0 6360.0 8600.0 4920.0 6560.0 5740.0 5940.0 6960.0 220.0 8820.0 4520.0 3280.0 4720.0 7180.0 4300.0 2880.0 4100.0 5740.0 1640.0 2680.0 7180.0 5120.0 5120.0 6760.0 6360.0 6560.0 5740.0 1640.0 6140.0 8000.0 4300.0 8400.0 3700.0 2460.0 5120.0 0.0 6960.0 3280.0 5740.0 4720.0 6560.0 6140.0 4920.0 4100.0 7780.0 10240.0 5740.0 6760.0 5340.0 3080.0 3900.0 7380.0 6360.0 5540.0 5120.0 7580.0 4100.0 2680.0 4300.0 4520.0 3900.0 3700.0 5540.0 3900.0 4720.0 5540.0 5540.0 7180.0 4520.0 3480.0 3280.0 7180.0 5940.0 3280.0 2460.0 6360.0 4720.0 7180.0 3480.0 3900.0 7780.0 3480.0 2060.0 9020.0 7380.0 5540.0
0.0 9840.0 10660.0 8000.0 6560.0 10660.0 8000.0 8200.0 10660.0 9220.0 8600.0 9620.0 7180.0 8820.0 8600.0 10660.0 10660.0 10660.0 8600.0 8400.0 8000.0 9840.0 8600.0 9620.0 10660.0 6360.0 6360.0 6560.0 9220.0 10240.0 8820.0 9620.0 8820.0 7780.0 10660.0 10440.0 7180.0 9420.0 10660.0 10660.0 9840.0 9840.0 10660.0 10240.0 10660.0 9220.0 10660.0 6960.0 7780.0 10440.0 9420.0 0.0 8200.0 7580.0 6360.0 8600.0 9420.0 9420.0 9620.0 10240.0 10660.0 8820.0 10440.0 7380.0 8820.0 7380.0 10240.0 9420.0 7580.0 10660.0 10660.0 5340.0 7580.0 7380.0 7180.0 8400.0 4920.0 8400.0 7180.0 10660.0 9220.0 9840.0 10440.0 8820.0 9020.0 5120.0 10040.0 7780.0 8200.0 6760.0 10240.0 10240.0 9020.0 8400.0 8400.0 9020.0 9840.0 8000.0 10660.0 10660.0 9020.0
0.0 5740.0 5120.0 2260.0 3900.0 3480.0 2060.0 4300.0 5120.0 1860.0 3700.0 1440.0 4300.0 3900.0 2880.0 6760.0 3700.0 5540.0 2880.0 4520.0 3280.0 3280.0 4520.0 1440.0 6560.0 1860.0 1640.0 4720.0 4720.0 4300.0 3900.0 1440.0 5740.0 2880.0 3700.0 4520.0 2460.0 3480.0 4100.0 3700.0 5340.0 3700.0 2680.0 4520.0 5540.0 1040.0 5740.0 1040.0 820.0 2460.0 1240.0 5340.0 0.0 3280.0 3280.0 5740.0 5940.0 3700.0 1440.0 6560.0 7580.0 4920.0 3480.0 4520.0 2880.0 1440.0 6560.0 3700.0 4720.0 4100.0 5340.0 2460.0 2880.0 2880.0 4100.0 2460.0 2060.0 4720.0 2680.0 5540.0 2880.0 2880.0 4920.0 1860.0 820.0 4300.0 5540.0 3280.0 3280.0 820.0 4920.0 3280.0 4520.0 220.0 4520.0 6360.0 4520.0 3280.0 8000.0 4100.0 4100.0
0.0 10660.0 9220.0 5940.0 8820.0 9220.0 6360.0 8400.0 8400.0 8200.0 6360.0 7180.0 4920.0 6760.0 6560.0 8600.0 5740.0 10660.0 6360.0 7580.0 7180.0 5340.0 9620.0 7780.0 8400.0 6140.0 6760.0 8600.0 8200.0 7580.0 6760.0 7180.0 8200.0 5540.0 5940.0 8820.0 6760.0 7780.0 9220.0 6760.0 8820.0 7780.0 8400.0 9220.0 10660.0 8200.0 10660.0 5340.0 5940.0 4520.0 8000.0 10440.0 7180.0 0.0 8000.0 6560.0 9220.0 7380.0 7180.0 8200.0 10660.0 6960.0 10040.0 5340.0 6140.0 5740.0 7180.0 7380.0 5340.0 6140.0 10660.0 7580.0 6560.0 6960.0 4300.0 6760.0 7180.0 8600.0 6760.0 6360.0 8000.0 8820.0 9840.0 7580.0 6560.0 7180.0 9840.0 6760.0 7180.0 5940.0 7580.0 8200.0 8000.0 7380.0 7180.0 10660.0 6760.0 5940.0 9020.0 9420.0 8200.0
0.0 7780.0 6140.0 2680.0 2460.0 6760.0 3080.0 2060.0 6140.0 5120.0 3280.0 4920.0 1860.0 3480.0 3480.0 5540.0 6960.0 8600.0 3080.0 6360.0 4100.0 4300.0 7180.0 4720.0 5340.0 3080.0 3900.0 5540.0 5740.0 5940.0 3480.0 4720.0 4520.0 2460.0 6140.0 5740.0 3080.0 4520.0 6560.0 6760.0 5120.0 4720.0 6140.0 7180.0 4720.0 5120.0 8400.0 2260.0 3280.0 5740.0 4920.0 3900.0 4100.0 4300.0 0.0 3280.0 5120.0 4300.0 4920.0 5120.0 7780.0 2680.0 6140.0 2260.0 3900.0 2460.0 3900.0 4100.0 2260.0 5120.0 5740.0 4920.0 3480.0 2680.0 1040.0 3480.0 4520.0 2260.0 2460.0 5120.0 6360.0 6360.0 6760.0 4520.0 4300.0 4100.0 5740.0 4520.0 3900.0 2680.0 6760.0 5540.0 5740.0 4300.0 2260.0 4920.0 4720.0 2880.0 5940.0 6360.0 4920.0
0.0 6760.0 6140.0 1440.0 2460.0 5340.0 4720.0 2060.0 4920.0 3900.0 2060.0 3280.0 620.0 220.0 2060.0 4300.0 4520.0 7380.0 2260.0 5540.0 3280.0 3480.0 6560.0 3480.0 5540.0 4720.0 2880.0 2260.0 6140.0 5540.0 2460.0 2260.0 4520.0 1240.0 4520.0 4720.0 3080.0 4720.0 5940.0 5540.0 3080.0 1440.0 4520.0 4520.0 4720.0 3900.0 7580.0 3900.0 2060.0 3280.0 3700.0 3900.0 2880.0 2060.0 4300.0 0.0 5120.0 2880.0 3280.0 3900.0 4520.0 2680.0 4720.0 1040.0 2680.0 4100.0 4520.0 2880.0 1040.0 4300.0 5740.0 3700.0 2260.0 620.0 4100.0 5120.0 3280.0 2460.0 420.0 3280.0 4720.0 4520.0 5120.0 3900.0 2680.0 2880.0 5540.0 4720.0 2880.0 2060.0 4720.0 4300.0 7180.0 3080.0 2260.0 4920.0 1440.0 1640.0 4720.0 5120.0 1640.0
0.0 8400.0 7380.0 5340.0 5540.0 6560.0 5120.0 6360.0 8200.0 4920.0 6360.0 4720.0 4920.0 4520.0 6140.0 5940.0 5740.0 6360.0 3480.0 5120.0 4520.0 4720.0 5940.0 4520.0 5340.0 5120.0 4920.0 6140.0 7180.0 4920.0 6760.0 4720.0 7580.0 5540.0 5740.0 3900.0 3700.0 6560.0 5540.0 3080.0 7380.0 5740.0 5940.0 6560.0 3280.0 4300.0 7580.0 4300.0 4100.0 4300.0 4520.0 6960.0 3280.0 6140.0 5340.0 4520.0 0.0 3900.0 4520.0 8200.0 5540.0 6560.0 1040.0 5340.0 5940.0 4520.0 8820.0 6760.0 5340.0 3900.0 8200.0 5340.0 5940.0 4920.0 6140.0 2260.0 4920.0 6360.0 4720.0 3700.0 5940.0 6140.0 7380.0 5120.0 3900.0 4920.0 7380.0 5940.0 3280.0 4100.0 4520.0 6360.0 6960.0 3480.0 4520.0 5740.0 5940.0 5940.0 4520.0 7380.0 4100.0
0.0 7580.0 7380.0 6140.0 6560.0 6760.0 5940.0 7180.0 9020.0 5120.0 7180.0 5340.0 5740.0 5340.0 6760.0 8400.0 7580.0 4520.0 3280.0 6760.0 4300.0 4520.0 8600.0 4920.0 7180.0 5740.0 5340.0 5540.0 7180.0 8400.0 5540.0 5540.0 5740.0 6360.0 7380.0 8600.0 6360.0 7380.0 8200.0 7180.0 4100.0 6560.0 6360.0 8400.0 9420.0 5120.0 4920.0 5120.0 4920.0 6360.0 5120.0 7780.0 4100.0 7180.0 6140.0 7380.0 8200.0 0.0 5340.0 9020.0 10660.0 7580.0 7380.0 6140.0 6760.0 5340.0 8200.0 7580.0 6140.0 5340.0 8600.0 5120.0 3480.0 1860.0 6960.0 6360.0 4720.0 7380.0 5540.0 7380.0 6760.0 6960.0 8820.0 5940.0 4720.0 4100.0 8820.0 5740.0 3900.0 4920.0 5740.0 6960.0 8400.0 4300.0 5120.0 8820.0 8200.0 2880.0 9840.0 8200.0 6760.0
0.0 9020.0 3900.0 4520.0 4300.0 5740.0 4300.0 3900.0 7380.0 5940.0 5740.0 3700.0 4300.0 6140.0 3900.0 7180.0 2260.0 9020.0 1640.0 4100.0 2680.0 2060.0 3280.0 3700.0 6140.0 1440.0 4920.0 5340.0 4300.0 4100.0 6140.0 220.0 4520.0 4920.0 2460.0 6760.0 4720.0 4920.0 2880.0 7180.0 4920.0 6960.0 5120.0 5940.0 6560.0 5540.0 5120.0 3280.0 4100.0 1040.0 5540.0 5940.0 4520.0 2880.0 4100.0 5940.0 6360.0 4920.0 0.0 6140.0 9220.0 3480.0 6760.0 4720.0 5120.0 3700.0 6140.0 2460.0 3700.0 2880.0 7180.0 3480.0 4300.0 2460.0 4720.0 4720.0 5340.0 4300.0 2260.0 5740.0 5120.0 6360.0 6560.0 620.0 4520.0 4920.0 6360.0 2880.0 4920.0 3480.0 4520.0 6560.0 4100.0 4520.0 3700.0 6760.0 3280.0 3700.0 6760.0 5940.0 4300.0
0.0 3480.0 4920.0 5120.0 5540.0 6760.0 5340.0 5120.0 3900.0 4720.0 6960.0 4720.0 5540.0 6140.0 4920.0 8200.0 3480.0 10040.0 2680.0 5120.0 3700.0 3080.0 4300.0 4720.0 7180.0 2460.0 5740.0 5740.0 5340.0 4520.0 7180.0 1240.0 5540.0 6140.0 3480.0 7780.0 3280.0 5940.0 3900.0 2680.0 5940.0 6560.0 6140.0 6360.0 7180.0 6140.0 6140.0 4300.0 5340.0 2060.0 6140.0 6960.0 5120.0 3900.0 5120.0 6140.0 4100.0 5940.0 1240.0 0.0 9420.0 4720.0 4920.0 5740.0 6140.0 4720.0 7180.0 3480.0 4720.0 3900.0 8400.0 4520.0 5340.0 3700.0 5740.0 5740.0 6560.0 5340.0 3280.0 6960.0 6140.0 7380.0 7580.0 1640.0 5540.0 4520.0 7380.0 4100.0 5940.0 4300.0 5540.0 7580.0 5120.0 5340.0 4720.0 7780.0 4520.0 4720.0 7780.0 7180.0 5340.0
0.0 7380.0 5340.0 3480.0 3480.0 6140.0 2260.0 3080.0 5340.0 5340.0 4300.0 4100.0 2880.0 2460.0 4100.0 4920.0 5940.0 9220.0 4300.0 6760.0 5120.0 5340.0 6960.0 4920.0 6360.0 2060.0 4300.0 4300.0 4920.0 6140.0 4720.0 3900.0 5540.0 3480.0 6140.0 4720.0 2680.0 3700.0 6560.0 6560.0 5340.0 3280.0 5340.0 6360.0 3280.0 4720.0 5740.0 1240.0 3480.0 4720.0 4720.0 4920.0 3700.0 3480.0 1240.0 4520.0 6140.0 5120.0 4100.0 6140.0 0.0 3700.0 6960.0 3280.0 3080.0 1640.0 4920.0 4920.0 3280.0 6140.0 6760.0 3480.0 4520.0 2880.0 2060.0 2680.0 3080.0 3280.0 2680.0 1860.0 5540.0 5540.0 2460.0 4520.0 3480.0 5120.0 5740.0 3700.0 3480.0 3480.0 3480.0 5740.0 4720.0 3900.0 3280.0 5940.0 5740.0 3900.0 6960.0 7380.0 3900.0
0.0 8600.0 4520.0 4720.0 5540.0 7380.0 7380.0 5120.0 6140.0 6760.0 7180.0 5340.0 5740.0 5340.0 5540.0 9420.0 7580.0 9020.0 5340.0 4300.0 2680.0 2260.0 8400.0 6760.0 7380.0 6760.0 5540.0 7180.0 5540.0 8200.0 6140.0 5340.0 7780.0 6360.0 7580.0 8000.0 6140.0 6360.0 8000.0 8000.0 6140.0 6560.0 6560.0 8400.0 7380.0 6560.0 9620.0 6560.0 4720.0 6360.0 6560.0 7180.0 5540.0 7180.0 7180.0 5120.0 6960.0 6360.0 5340.0 8400.0 9620.0 0.0 6360.0 4100.0 4300.0 6760.0 6760.0 6140.0 6140.0 3080.0 3900.0 6560.0 5120.0 3700.0 5740.0 7780.0 5940.0 5540.0 3480.0 7180.0 6760.0 6960.0 6760.0 5940.0 4720.0 5740.0 6960.0 7580.0 5340.0 4920.0 5540.0 7180.0 9420.0 5740.0 220.0 8000.0 6560.0 4520.0 8000.0 9420.0 6760.0
0.0 8200.0 7580.0 4720.0 5740.0 5940.0 4520.0 5540.0 7580.0 4300.0 5540.0 4100.0 4100.0 3700.0 5540.0 7780.0 4720.0 8200.0 5540.0 4100.0 5940.0 4300.0 6140.0 3700.0 7380.0 4520.0 4300.0 5340.0 7180.0 6560.0 5740.0 4100.0 7180.0 4720.0 4920.0 7180.0 5120.0 5940.0 5740.0 6360.0 6360.0 4920.0 5120.0 6960.0 2260.0 3700.0 6760.0 3700.0 3480.0 3480.0 3900.0 7180.0 2680.0 5540.0 5340.0 3480.0 8400.0 6360.0 3900.0 7380.0 8000.0 5740.0 0.0 4520.0 5340.0 3900.0 8000.0 6140.0 4520.0 2880.0 8000.0 4520.0 5340.0 4100.0 6140.0 4920.0 4100.0 5340.0 3900.0 2680.0 5340.0 5540.0 7380.0 4520.0 3280.0 3900.0 8200.0 5740.0 5940.0 3480.0 4300.0 5740.0 7180.0 2880.0 5740.0 8200.0 4920.0 5120.0 8200.0 6760.0 3480.0
0.0 6560.0 5340.0 620.0 3700.0 5340.0 5120.0 3280.0 6140.0 5120.0 3280.0 3480.0 1860.0 1440.0 1440.0 5540.0 5340.0 6560.0 1440.0 4720.0 2260.0 2460.0 6360.0 3280.0 4720.0 4520.0 2460.0 3480.0 5120.0 5340.0 3700.0 3480.0 4300.0 2460.0 5540.0 3900.0 4300.0 5940.0 5740.0 4720.0 3700.0 2680.0 4720.0 5740.0 5940.0 5120.0 7180.0 4300.0 1860.0 4300.0 4920.0 5120.0 4100.0 3280.0 4100.0 1240.0 6360.0 2260.0 4520.0 5120.0 5740.0 3900.0 5940.0 0.0 3900.0 4520.0 5740.0 2060.0 2260.0 3280.0 6960.0 3480.0 3480.0 1860.0 5120.0 5540.0 3080.0 3480.0 1640.0 4520.0 4720.0 5740.0 6360.0 3700.0 3900.0 4100.0 6760.0 3900.0 3900.0 1860.0 5340.0 4100.0 7180.0 4300.0 3480.0 6140.0 2680.0 2880.0 3900.0 6360.0 2880.0
0.0 5340.0 4920.0 1860.0 3480.0 3080.0 3480.0 4920.0 2460.0 4100.0 3700.0 1040.0 2260.0 3700.0 2680.0 5940.0 3280.0 6760.0 2680.0 5120.0 3700.0 2880.0 4300.0 4520.0 5740.0 2460.0 1240.0 4300.0 5340.0 4100.0 3900.0 1240.0 5540.0 2880.0 3280.0 6140.0 3900.0 4300.0 3900.0 5940.0 5940.0 3280.0 2260.0 4100.0 4920.0 4100.0 5340.0 2680.0 620.0 2060.0 4300.0 4920.0 3080.0 3700.0 2880.0 3700.0 3280.0 3480.0 1040.0 5540.0 8200.0 2880.0 4100.0 2460.0 0.0 2880.0 4300.0 3280.0 2680.0 3700.0 6560.0 2260.0 2460.0 3480.0 1440.0 3900.0 1860.0 2460.0 3280.0 5340.0 2460.0 2680.0 4720.0 1640.0 420.0 3900.0 4100.0 3900.0 3080.0 620.0 5540.0 2880.0 5120.0 3280.0 3080.0 5940.0 4300.0 3280.0 6360.0 6760.0 3700.0
0.0 5940.0 3700.0 3280.0 3480.0 4520.0 820.0 3080.0 3900.0 5340.0 5120.0 2680.0 3700.0 5120.0 3480.0 7380.0 4520.0 8200.0 3280.0 5120.0 4300.0 4100.0 5540.0 4720.0 7180.0 620.0 2680.0 5740.0 3480.0 4520.0 4720.0 2260.0 5540.0 4300.0 4720.0 3280.0 1240.0 2260.0 4920.0 7180.0 4100.0 4720.0 3700.0 5540.0 5120.0 4520.0 5940.0 2460.0 2060.0 3280.0 4720.0 4920.0 3480.0 2060.0 3080.0 5120.0 4720.0 4520.0 2460.0 5340.0 8400.0 3700.0 5540.0 4100.0 1640.0 0.0 5340.0 4720.0 4100.0 4920.0 6760.0 3700.0 3700.0 1640.0 2880.0 3900.0 3280.0 3280.0 1440.0 4920.0 3900.0 4100.0 4520.0 3080.0 1860.0 5340.0 4300.0 2060.0 4100.0 2060.0 5540.0 4300.0 3280.0 3700.0 3280.0 5940.0 5540.0 4720.0 7780.0 7580.0 3480.0
0.0 9620.0 4720.0 3700.0 6760.0 8400.0 8000.0 6360.0 9220.0 8200.0 6360.0 6360.0 4920.0 4520.0 4300.0 8400.0 7380.0 6960.0 4300.0 7780.0 5340.0 5540.0 8600.0 4920.0 7580.0 7580.0 5540.0 6560.0 8200.0 8200.0 6560.0 6560.0 7380.0 5540.0 7380.0 6960.0 5940.0 8000.0 8600.0 7580.0 6560.0 5540.0 6140.0 8820.0 9020.0 4520.0 9220.0 6960.0 4720.0 6140.0 4720.0 8200.0 7180.0 1640.0 7180.0 4300.0 9420.0 4300.0 7580.0 8200.0 8820.0 6760.0 9020.0 3080.0 6960.0 7180.0 0.0 3080.0 5340.0 6360.0 8820.0 6560.0 6360.0 4920.0 5740.0 8400.0 5940.0 6560.0 4520.0 7380.0 7780.0 8600.0 9220.0 6560.0 6960.0 7180.0 9620.0 6760.0 6960.0 4720.0 8200.0 7180.0 9620.0 7380.0 6360.0 9220.0 5740.0 5940.0 6960.0 7580.0 5940.0
0.0 9420.0 6760.0 5740.0 6960.0 8820.0 8000.0 6560.0 8820.0 7780.0 5940.0 7580.0 6960.0 6560.0 5120.0 9020.0 8200.0 9420.0 6560.0 7580.0 7380.0 7580.0 5740.0 3700.0 9840.0 7780.0 6560.0 8200.0 8820.0 7780.0 6140.0 7580.0 7580.0 5120.0 6140.0 9020.0 4720.0 5120.0 7580.0 9620.0 5940.0 7780.0 5120.0 9420.0 8820.0 3480.0 10660.0 6960.0 5940.0 7180.0 3480.0 8600.0 6760.0 8400.0 8200.0 6360.0 9620.0 5940.0 7380.0 9420.0 10660.0 6760.0 7780.0 5340.0 6560.0 7380.0 8820.0 0.0 7380.0 6360.0 7780.0 7580.0 6140.0 5120.0 7180.0 7380.0 7180.0 6960.0 4920.0 8200.0 7780.0 9020.0 10240.0 8000.0 6760.0 6760.0 10240.0 9020.0 6560.0 5740.0 7180.0 4720.0 10240.0 6760.0 6760.0 9420.0 4520.0 5540.0 9020.0 6360.0 8000.0
0.0 6140.0 6360.0 1640.0 4720.0 5740.0 4920.0 4300.0 5120.0 4100.0 2260.0 3700.0 820.0 2460.0 2260.0 4300.0 5940.0 7580.0 2260.0 5740.0 3280.0 3480.0 6760.0 2880.0 5120.0 4720.0 2880.0 4300.0 6140.0 5540.0 2460.0 3900.0 5340.0 1440.0 5120.0 4920.0 5340.0 4720.0 6360.0 5540.0 4520.0 3480.0 4300.0 6760.0 6960.0 4100.0 8000.0 3900.0 2060.0 4720.0 2680.0 6140.0 3080.0 4300.0 4520.0 2260.0 5740.0 3280.0 3700.0 2880.0 5740.0 4920.0 6360.0 1040.0 2680.0 4300.0 6760.0 3080.0 0.0 4300.0 7180.0 3900.0 2260.0 2880.0 4100.0 5340.0 3280.0 4520.0 2460.0 4520.0 5120.0 5340.0 6960.0 4300.0 3080.0 3080.0 6760.0 4720.0 2880.0 2260.0 5940.0 4520.0 7180.0 3280.0 3700.0 7180.0 3700.0 1860.0 4300.0 5340.0 3900.0
0.0 8820.0 6760.0 2460.0 6360.0 7780.0 7180.0 6960.0 7580.0 8820.0 7380.0 6360.0 5940.0 5540.0 3280.0 8820.0 5340.0 8400.0 4520.0 1440.0 5540.0 4920.0 6140.0 6560.0 4520.0 4300.0 6560.0 7580.0 7180.0 7180.0 7780.0 3080.0 6140.0 6560.0 5340.0 9840.0 5120.0 8000.0 5740.0 6560.0 7780.0 6760.0 7580.0 8820.0 4920.0 7380.0 8000.0 6360.0 5740.0 4100.0 7380.0 8000.0 7380.0 5740.0 6960.0 5340.0 8000.0 4100.0 3080.0 5540.0 9840.0 2880.0 8820.0 6360.0 5340.0 6560.0 8820.0 3900.0 6360.0 0.0 6760.0 5120.0 7180.0 5540.0 6760.0 7580.0 6760.0 2680.0 5120.0 5340.0 7780.0 8000.0 9420.0 3480.0 5740.0 8000.0 9220.0 5940.0 7780.0 5940.0 7180.0 8200.0 7180.0 7380.0 3080.0 6760.0 5540.0 6760.0 9840.0 8000.0 6140.0
0.0 10040.0 8200.0 6560.0 7580.0 7780.0 5340.0 7580.0 8400.0 5540.0 6960.0 5740.0 6140.0 5740.0 5340.0 7180.0 7180.0 9420.0 5940.0 6960.0 6360.0 5940.0 8820.0 4520.0 9840.0 5120.0 5940.0 7780.0 5340.0 8600.0 2460.0 5740.0 6960.0 5940.0 6960.0 7780.0 5740.0 6760.0 8400.0 7380.0 8400.0 6760.0 5940.0 8820.0 5940.0 5540.0 10040.0 4300.0 5120.0 6760.0 5540.0 9020.0 4520.0 6360.0 6360.0 7180.0 7180.0 5120.0 5740.0 7180.0 10660.0 3900.0 7780.0 6360.0 5940.0 4520.0 6960.0 6140.0 6560.0 6760.0 0.0 6140.0 3700.0 6140.0 7380.0 5540.0 5740.0 3480.0 5740.0 4520.0 7180.0 7380.0 9020.0 6360.0 5120.0 6560.0 7180.0 3900.0 4300.0 5340.0 6140.0 7580.0 7780.0 4720.0 4100.0 9840.0 6360.0 5340.0 10240.0 8400.0 5120.0
0.0 6760.0 8000.0 5740.0 1440.0 6140.0 4920.0 5740.0 8000.0 6140.0 6760.0 5540.0 5540.0 5740.0 4920.0 6140.0 6960.0 8820.0 4300.0 7580.0 5340.0 5540.0 7780.0 5740.0 9020.0 5340.0 3480.0 7380.0 8200.0 4920.0 5120.0 4920.0 3480.0 5940.0 6760.0 7380.0 1860.0 6360.0 7580.0 8000.0 8000.0 6760.0 5740.0 6760.0 8200.0 5340.0 8000.0 5340.0 2680.0 5740.0 5540.0 2880.0 4520.0 6560.0 3900.0 6360.0 5940.0 5740.0 4720.0 6560.0 10440.0 6360.0 6760.0 5120.0 5740.0 5740.0 5340.0 7180.0 4920.0 6360.0 7780.0 0.0 4520.0 5540.0 4720.0 6760.0 3900.0 6140.0 5340.0 6360.0 6560.0 6960.0 7380.0 5340.0 4920.0 5940.0 4720.0 6760.0 5120.0 1440.0 8000.0 4920.0 8200.0 4520.0 4100.0 3900.0 7580.0 6360.0 9020.0 6360.0 7180.0
0.0 6360.0 5740.0 2880.0 4300.0 4100.0 2680.0 3900.0 5740.0 1860.0 3900.0 2060.0 2460.0 2060.0 3480.0 5940.0 4300.0 6360.0 2260.0 4520.0 3280.0 3480.0 5120.0 2060.0 7180.0 2460.0 2260.0 4100.0 5340.0 4920.0 4100.0 2060.0 3280.0 3080.0 4300.0 5120.0 3080.0 4100.0 4720.0 3700.0 4720.0 3080.0 3280.0 5120.0 6140.0 1860.0 6360.0 1640.0 1440.0 3080.0 1860.0 5740.0 820.0 3900.0 2680.0 3900.0 5740.0 4520.0 2060.0 5740.0 7580.0 4300.0 4100.0 2680.0 3480.0 2060.0 6360.0 4300.0 2880.0 4300.0 6140.0 3280.0 0.0 2460.0 3700.0 3080.0 2680.0 4100.0 2060.0 5120.0 3480.0 3700.0 5540.0 2680.0 1440.0 4720.0 6140.0 3900.0 620.0 1640.0 5540.0 3900.0 5120.0 1040.0 4100.0 6760.0 5120.0 3480.0 6560.0 4720.0 3480.0
0.0 8400.0 5540.0 4520.0 6560.0 5740.0 5540.0 7780.0 8400.0 7180.0 5540.0 3700.0 6960.0 6760.0 5120.0 6760.0 6360.0 9840.0 1640.0 5120.0 2680.0 2880.0 7380.0 3280.0 8200.0 5340.0 4300.0 7380.0 5540.0 6960.0 5740.0 4300.0 4100.0 4720.0 5540.0 8000.0 5940.0 6960.0 6760.0 7180.0 2460.0 6360.0 4520.0 6760.0 8000.0 7180.0 7580.0 4520.0 3700.0 5120.0 7380.0 8000.0 6140.0 6760.0 5940.0 8400.0 6560.0 6140.0 4100.0 7380.0 10660.0 6560.0 7380.0 7380.0 5940.0 4920.0 7380.0 5940.0 7380.0 3700.0 10240.0 5340.0 5540.0 0.0 6960.0 5940.0 4920.0 6140.0 6140.0 5740.0 5120.0 5740.0 7180.0 4720.0 3480.0 6360.0 7180.0 4100.0 6140.0 3700.0 4100.0 5940.0 8000.0 6360.0 6760.0 9020.0 6560.0 5120.0 9020.0 10040.0 5540.0
0.0 6960.0 5120.0 1860.0 4920.0 5940.0 2260.0 4300.0 5120.0 4100.0 2260.0 3900.0 820.0 2680.0 2460.0 4520.0 5940.0 7780.0 2260.0 5540.0 3080.0 3480.0 6960.0 3700.0 4300.0 2060.0 3080.0 4520.0 4920.0 5740.0 2680.0 3700.0 5340.0 1440.0 5120.0 4720.0 2680.0 3700.0 6360.0 5740.0 4720.0 3700.0 5120.0 6960.0 6560.0 4100.0 7380.0 1240.0 2260.0 4720.0 3900.0 6140.0 3080.0 3480.0 4520.0 2460.0 5940.0 3280.0 3900.0 4100.0 6760.0 4920.0 6560.0 1240.0 2880.0 1640.0 3080.0 3280.0 1240.0 4100.0 7380.0 3900.0 2460.0 2880.0 0.0 2680.0 3480.0 4720.0 2680.0 4520.0 5340.0 5340.0 5940.0 4300.0 3280.0 3080.0 5740.0 3480.0 3080.0 2260.0 6140.0 4520.0 4720.0 3280.0 3700.0 6760.0 3700.0 1860.0 4920.0 5340.0 4100.0
0.0 6760.0 5940.0 3080.0 3280.0 4520.0 3080.0 4100.0 6140.0 2880.0 4300.0 2460.0 2880.0 2460.0 3900.0 6360.0 4720.0 6560.0 3900.0 5540.0 4300.0 4300.0 5540.0 2460.0 7580.0 2880.0 2680.0 4520.0 5740.0 5340.0 4520.0 2460.0 5540.0 3480.0 4720.0 5540.0 3480.0 4520.0 5120.0 4720.0 5120.0 3480.0 3700.0 5540.0 6560.0 2060.0 6760.0 2060.0 1860.0 3280.0 2260.0 4720.0 1040.0 4100.0 3080.0 4300.0 6960.0 4720.0 2460.0 5940.0 8000.0 4720.0 4520.0 3080.0 3900.0 2260.0 6760.0 4520.0 3280.0 5120.0 5940.0 3480.0 3900.0 2680.0 4100.0 0.0 3080.0 4520.0 2460.0 3480.0 3900.0 3900.0 5940.0 2880.0 1860.0 5120.0 6560.0 4300.0 1040.0 1860.0 5120.0 4100.0 4720.0 1240.0 2460.0 5740.0 5540.0 3900.0 6960.0 5120.0 2060.0
0.0 4920.0 7580.0 3080.0 1860.0 6560.0 4520.0 5740.0 6560.0 5540.0 3700.0 5120.0 2260.0 3900.0 3900.0 5740.0 7380.0 9020.0 3900.0 7180.0 4720.0 4920.0 6140.0 5120.0 6760.0 4300.0 3900.0 5940.0 7180.0 5340.0 3900.0 5120.0 3900.0 2880.0 6560.0 6360.0 2460.0 5940.0 7780.0 7180.0 5940.0 5120.0 6140.0 5340.0 8400.0 5540.0 8400.0 3700.0 3080.0 6140.0 5340.0 3280.0 4520.0 5740.0 4300.0 3700.0 6360.0 4720.0 5120.0 5540.0 8200.0 6360.0 7380.0 2460.0 4300.0 3900.0 5340.0 4520.0 2680.0 5740.0 8200.0 620.0 3900.0 4300.0 2460.0 4920.0 0.0 5940.0 4100.0 5940.0 6560.0 6560.0 7780.0 5540.0 4520.0 4520.0 5120.0 5940.0 4300.0 2060.0 7380.0 5340.0 7180.0 4720.0 4720.0 4300.0 5120.0 3280.0 6360.0 6760.0 5340.0
0.0 9020.0 4720.0 5120.0 5540.0 7780.0 6560.0 5120.0 6560.0 6960.0 5740.0 5740.0 4300.0 3900.0 3480.0 7780.0 7780.0 8820.0 3900.0 4100.0 2880.0 2460.0 6360.0 5940.0 7780.0 6360.0 5940.0 5940.0 5940.0 8600.0 5940.0 5740.0 5940.0 4920.0 8000.0 8200.0 6140.0 6560.0 5940.0 7580.0 5940.0 4920.0 6960.0 8200.0 2460.0 6760.0 7380.0 5540.0 5120.0 6560.0 6760.0 6960.0 5740.0 5740.0 7380.0 3700.0 5340.0 4520.0 5540.0 7580.0 8200.0 420.0 6360.0 4520.0 4720.0 5940.0 6960.0 6560.0 4720.0 3280.0 4100.0 4720.0 5340.0 3700.0 5940.0 6960.0 4100.0 0.0 3480.0 2880.0 7180.0 7180.0 6960.0 6140.0 4920.0 5940.0 7380.0 6360.0 5740.0 5120.0 4520.0 7380.0 9020.0 4920.0 620.0 8000.0 2880.0 4720.0 8200.0 8820.0 3700.0
0.0 7380.0 5940.0 3900.0 2260.0 5120.0 5740.0 1860.0 8400.0 6140.0 5740.0 3080.0 4920.0 4520.0 4520.0 6960.0 5340.0 8600.0 2060.0 5340.0 2880.0 3080.0 6140.0 3480.0 8400.0 4300.0 3280.0 6360.0 5740.0 5740.0 5940.0 3080.0 4300.0 4920.0 5340.0 8200.0 2880.0 7180.0 5740.0 7380.0 2680.0 5340.0 4300.0 6140.0 4520.0 6140.0 7380.0 4920.0 2460.0 4100.0 6140.0 3700.0 5120.0 5740.0 4720.0 5740.0 4920.0 5340.0 3080.0 5940.0 10040.0 2460.0 5940.0 5340.0 6140.0 5120.0 6360.0 5340.0 4520.0 3900.0 5540.0 4100.0 4520.0 420.0 5740.0 6140.0 3700.0 2060.0 0.0 4920.0 4520.0 4100.0 6560.0 3480.0 2460.0 5940.0 5540.0 4520.0 4920.0 2460.0 4300.0 4920.0 7180.0 5340.0 2060.0 4720.0 4920.0 5340.0 8820.0 7580.0 5740.0
0.0 6360.0 7180.0 4100.0 3080.0 5340.0 5940.0 6360.0 7780.0 6140.0 4920.0 3280.0 3480.0 4520.0 4920.0 7180.0 5540.0 8600.0 4920.0 7380.0 5940.0 5120.0 6560.0 4100.0 8000.0 4720.0 3280.0 6560.0 5740.0 5940.0 5340.0 3480.0 5340.0 4100.0 5540.0 7580.0 3700.0 7380.0 5940.0 4920.0 7180.0 5540.0 4520.0 6360.0 5540.0 6140.0 7580.0 4920.0 2460.0 4300.0 4100.0 4720.0 5120.0 4300.0 4920.0 4300.0 7580.0 5740.0 3280.0 6760.0 8820.0 6760.0 8400.0 3900.0 5540.0 5120.0 6760.0 5540.0 3900.0 5940.0 9420.0 1860.0 4520.0 4920.0 3700.0 6360.0 1440.0 6560.0 4720.0 0.0 4720.0 4920.0 4920.0 3900.0 2680.0 5740.0 6560.0 6140.0 4920.0 2460.0 1860.0 4720.0 7380.0 5340.0 5940.0 5540.0 5740.0 4520.0 7580.0 8000.0 5940.0
0.0 9020.0 8400.0 4720.0 5940.0 5940.0 8000.0 9020.0 8000.0 6960.0 7780.0 6140.0 6360.0 7380.0 5540.0 9220.0 7780.0 6560.0 6760.0 9620.0 7180.0 7380.0 5540.0 5940.0 9840.0 7380.0 5740.0 5540.0 8000.0 8200.0 8000.0 5540.0 6560.0 6960.0 7780.0 10440.0 6560.0 9220.0 5120.0 6360.0 10040.0 4720.0 7380.0 1640.0 6140.0 5940.0 10240.0 6960.0 4920.0 6560.0 6140.0 6760.0 6760.0 5120.0 7380.0 7180.0 8820.0 6360.0 6140.0 9620.0 10660.0 8400.0 8820.0 6560.0 5740.0 7180.0 9420.0 6140.0 6760.0 8200.0 8820.0 4720.0 6960.0 7580.0 6560.0 8000.0 4100.0 8200.0 7380.0 2880.0 0.0 7580.0 7580.0 6560.0 5540.0 8200.0 8820.0 6560.0 6560.0 5120.0 4520.0 7380.0 10040.0 6760.0 8600.0 8400.0 8400.0 7380.0 9020.0 7580.0 1240.0
0.0 9420.0 6760.0 4920.0 7380.0 8200.0 5740.0 7580.0 7380.0 5940.0 4720.0 6140.0 4100.0 5740.0 5540.0 7580.0 8400.0 9220.0 5540.0 8820.0 6360.0 6760.0 2260.0 6140.0 6560.0 5540.0 5340.0 4920.0 8400.0 8000.0 4920.0 6140.0 6960.0 3900.0 8400.0 8200.0 6140.0 7180.0 7780.0 8000.0 7780.0 6760.0 7380.0 4520.0 7780.0 5940.0 10440.0 4720.0 4520.0 7180.0 6140.0 7180.0 4920.0 6960.0 5940.0 5540.0 6960.0 6560.0 6140.0 7180.0 10040.0 8000.0 8000.0 4300.0 5120.0 5120.0 6560.0 6360.0 4520.0 7580.0 9620.0 6140.0 4300.0 6140.0 3700.0 6140.0 5540.0 7580.0 5740.0 6960.0 7580.0 0.0 6960.0 6760.0 5540.0 4920.0 9220.0 6960.0 4920.0 4520.0 8000.0 6960.0 8200.0 5120.0 6140.0 8820.0 6960.0 3700.0 5740.0 8600.0 7180.0
0.0 7380.0 7580.0 3480.0 4300.0 6560.0 4920.0 4100.0 6960.0 5940.0 4100.0 4520.0 2680.0 2260.0 4100.0 6360.0 6360.0 8600.0 4300.0 7580.0 5120.0 5340.0 4720.0 5340.0 7580.0 4720.0 4300.0 4300.0 6960.0 7180.0 4300.0 4300.0 6360.0 3280.0 6560.0 6760.0 4920.0 5340.0 4300.0 5540.0 4920.0 3280.0 5740.0 4100.0 820.0 5940.0 3480.0 3900.0 3700.0 5120.0 5120.0 5740.0 4920.0 4100.0 5940.0 2060.0 7180.0 4920.0 4520.0 5940.0 6560.0 4720.0 6760.0 3080.0 4720.0 4300.0 6560.0 4920.0 3080.0 6140.0 7780.0 3080.0 4300.0 2680.0 4920.0 5340.0 2460.0 4300.0 2460.0 1240.0 5940.0 4720.0 0.0 4920.0 3900.0 4920.0 7580.0 6140.0 4720.0 3700.0 2880.0 5940.0 7380.0 3280.0 4300.0 6760.0 3480.0 3700.0 6760.0 7180.0 2060.0
0.0 8600.0 3480.0 3900.0 4100.0 5120.0 4920.0 7180.0 8000.0 7180.0 5340.0 3080.0 4520.0 6140.0 4720.0 8000.0 6560.0 8600.0 1240.0 4520.0 2060.0 2260.0 2680.0 3080.0 6960.0 4720.0 4520.0 5340.0 4920.0 6360.0 5740.0 4520.0 6140.0 4520.0 5540.0 7380.0 4720.0 5940.0 2260.0 8000.0 6760.0 6360.0 4520.0 5740.0 7380.0 6760.0 4520.0 3900.0 3900.0 5340.0 6960.0 5540.0 5740.0 6140.0 5120.0 5940.0 6960.0 5540.0 4300.0 5540.0 10440.0 5940.0 8000.0 4720.0 5740.0 4300.0 6760.0 5340.0 4920.0 3080.0 9620.0 2880.0 5540.0 4300.0 4100.0 5340.0 5120.0 5740.0 5540.0 6560.0 4520.0 8000.0 6760.0 0.0 5940.0 6140.0 6560.0 3480.0 6140.0 2880.0 5120.0 6140.0 7380.0 5940.0 6140.0 6560.0 6360.0 4920.0 6360.0 5540.0 4920.0
0.0 4920.0 4520.0 1440.0 3080.0 2880.0 4720.0 4520.0 7180.0 3900.0 4520.0 820.0 3480.0 3280.0 2260.0 7180.0 2880.0 6360.0 2260.0 4720.0 3280.0 2680.0 3900.0 4100.0 6760.0 2060.0 1040.0 3900.0 4920.0 3700.0 4720.0 820.0 5120.0 3700.0 3080.0 6140.0 3700.0 5540.0 3480.0 5540.0 5540.0 3080.0 2060.0 3700.0 5120.0 3900.0 4920.0 3700.0 220.0 1640.0 3900.0 4720.0 2880.0 3480.0 2460.0 5120.0 6960.0 3080.0 620.0 6760.0 9020.0 4100.0 6140.0 3900.0 4920.0 4100.0 6360.0 2880.0 4100.0 3480.0 7780.0 1860.0 2260.0 3080.0 3480.0 5120.0 1440.0 4720.0 2880.0 4920.0 2260.0 2260.0 4300.0 1240.0 0.0 3480.0 6560.0 3480.0 2680.0 220.0 5120.0 2460.0 4720.0 3080.0 4300.0 5540.0 3900.0 3900.0 7380.0 6560.0 3280.0
0.0 8820.0 8200.0 3900.0 5940.0 6560.0 5120.0 5540.0 7380.0 4300.0 4520.0 4520.0 3080.0 3700.0 4720.0 6560.0 6760.0 8600.0 4720.0 6960.0 3080.0 5740.0 6360.0 4520.0 7780.0 3280.0 1240.0 1440.0 6140.0 7380.0 4720.0 4520.0 5740.0 3700.0 6760.0 7180.0 5120.0 6560.0 5740.0 6140.0 6360.0 4720.0 5740.0 7580.0 5740.0 4300.0 8600.0 4100.0 3900.0 5540.0 4300.0 3900.0 3280.0 4520.0 5120.0 4520.0 8200.0 5540.0 4520.0 6360.0 9020.0 5940.0 6560.0 3280.0 5120.0 4520.0 6760.0 5340.0 3480.0 6560.0 8400.0 5540.0 2460.0 4100.0 3900.0 5540.0 5120.0 5740.0 3700.0 6140.0 5940.0 4920.0 5340.0 4920.0 3900.0 0.0 7380.0 4920.0 3080.0 3900.0 5120.0 6360.0 6140.0 3480.0 5540.0 8400.0 5940.0 4100.0 7180.0 7180.0 5120.0
0.0 7780.0 3900.0 4520.0 4520.0 5740.0 4300.0 3900.0 7380.0 5940.0 5940.0 3700.0 4300.0 5940.0 3900.0 7180.0 2460.0 9020.0 1640.0 4100.0 2680.0 2060.0 3280.0 3700.0 6140.0 1440.0 3700.0 5340.0 4300.0 4100.0 6140.0 220.0 4520.0 5120.0 2460.0 6760.0 4720.0 2060.0 2880.0 6360.0 4920.0 6960.0 5120.0 5940.0 5740.0 5540.0 5120.0 3280.0 2880.0 1040.0 5540.0 5940.0 4520.0 2880.0 4100.0 5940.0 6360.0 4920.0 220.0 6140.0 5940.0 3480.0 6760.0 4720.0 5120.0 3700.0 6140.0 2460.0 3700.0 2880.0 7380.0 3480.0 4300.0 2680.0 4720.0 4720.0 4100.0 4300.0 2260.0 5740.0 5120.0 6360.0 6560.0 620.0 4520.0 4920.0 0.0 2880.0 4920.0 2880.0 4520.0 5340.0 4100.0 4520.0 3700.0 6760.0 3280.0 3700.0 6760.0 5940.0 4300.0
0.0 6560.0 4520.0 3900.0 4300.0 5340.0 1440.0 3900.0 4520.0 4520.0 5940.0 3280.0 4520.0 4100.0 1640.0 8000.0 5120.0 6760.0 3900.0 3280.0 4920.0 4920.0 6140.0 4100.0 6140.0 1240.0 3480.0 5740.0 1440.0 5340.0 5540.0 3080.0 6360.0 5120.0 5340.0 3900.0 1860.0 2880.0 5740.0 5940.0 4720.0 4720.0 4520.0 6360.0 5940.0 3900.0 6560.0 420.0 2680.0 3900.0 3900.0 5740.0 2880.0 2680.0 3900.0 5940.0 3480.0 2460.0 3280.0 3280.0 6960.0 4300.0 4520.0 4720.0 2260.0 820.0 3280.0 5540.0 4920.0 5740.0 7180.0 4300.0 4300.0 2460.0 3700.0 1860.0 3900.0 4100.0 2060.0 3080.0 4720.0 4720.0 5120.0 3700.0 2680.0 5940.0 3480.0 0.0 2680.0 2680.0 4720.0 4920.0 3900.0 3080.0 3900.0 6560.0 6140.0 5340.0 8000.0 6760.0 1440.0
0.0 5740.0 5120.0 2260.0 3700.0 3480.0 2060.0 3280.0 5120.0 1860.0 3280.0 1640.0 1860.0 1440.0 3080.0 5540.0 3700.0 5740.0 3080.0 4720.0 3480.0 3480.0 4720.0 1440.0 6760.0 2060.0 1860.0 3480.0 4720.0 4520.0 3700.0 1640.0 5740.0 2460.0 3900.0 4720.0 2680.0 3480.0 4300.0 3900.0 4300.0 2680.0 2880.0 4520.0 5540.0 1240.0 5740.0 1240.0 1040.0 2460.0 1440.0 5120.0 220.0 3280.0 2260.0 3480.0 5940.0 3900.0 1440.0 5120.0 7180.0 3900.0 3700.0 2260.0 2880.0 1440.0 5740.0 3700.0 2260.0 4300.0 5540.0 2680.0 2880.0 1860.0 3080.0 2460.0 2260.0 3480.0 1640.0 4520.0 2880.0 3080.0 5120.0 2060.0 820.0 4100.0 5740.0 3480.0 0.0 1040.0 4920.0 3280.0 4520.0 420.0 3480.0 6140.0 4720.0 2880.0 5940.0 4300.0 2880.0
0.0 8600.0 8000.0 5120.0 4720.0 6360.0 4920.0 4300.0 8000.0 4720.0 5540.0 4300.0 4100.0 5940.0 5740.0 7780.0 6560.0 8600.0 5540.0 7380.0 6140.0 6140.0 7380.0 4300.0 7580.0 4720.0 4520.0 7580.0 7580.0 3480.0 5940.0 4300.0 5940.0 4720.0 6560.0 5940.0 5340.0 6360.0 6960.0 6560.0 7380.0 6560.0 5540.0 5340.0 6960.0 4100.0 8600.0 3900.0 3700.0 5340.0 4100.0 6140.0 3080.0 6140.0 2460.0 5740.0 7380.0 6560.0 4300.0 7380.0 10040.0 4920.0 6360.0 4520.0 5740.0 4300.0 6360.0 6560.0 4520.0 6960.0 8000.0 5540.0 5740.0 5120.0 3280.0 5340.0 4920.0 4720.0 4720.0 7380.0 5740.0 5940.0 7780.0 4720.0 3700.0 6360.0 8200.0 6140.0 6140.0 0.0 7780.0 6140.0 7380.0 3280.0 4520.0 6960.0 6960.0 5120.0 8200.0 6960.0 6960.0
0.0 5940.0 5540.0 2460.0 4100.0 3700.0 5740.0 5340.0 8200.0 4720.0 5340.0 1640.0 4520.0 4100.0 3080.0 8000.0 3900.0 7380.0 3280.0 5740.0 4100.0 3480.0 4720.0 4920.0 7580.0 3080.0 1860.0 4920.0 4100.0 4520.0 5540.0 1640.0 5940.0 4520.0 3900.0 6960.0 3700.0 6560.0 4300.0 3080.0 6360.0 3900.0 2880.0 4720.0 3900.0 4720.0 5940.0 4720.0 1040.0 2680.0 4920.0 5540.0 3700.0 4300.0 3480.0 5120.0 6140.0 4100.0 1640.0 7580.0 9620.0 5120.0 6960.0 4720.0 5940.0 4920.0 7380.0 3900.0 4920.0 4300.0 8820.0 2880.0 3080.0 4100.0 4520.0 5940.0 2260.0 5740.0 3900.0 4300.0 3080.0 3280.0 3280.0 2260.0 1040.0 4520.0 7380.0 4520.0 3700.0 1240.0 0.0 3480.0 5740.0 3900.0 5340.0 6560.0 4720.0 4920.0 8400.0 7580.0 4300.0
0.0 10040.0 9620.0 6960.0 5940.0 6960.0 7380.0 5540.0 9840.0 7580.0 8600.0 6760.0 8400.0 7780.0 3900.0 8400.0 9020.0 4720.0 5740.0 8600.0 5120.0 6760.0 6760.0 6960.0 9620.0 7180.0 6960.0 8000.0 6960.0 4100.0 7580.0 6760.0 8000.0 7780.0 2460.0 9620.0 6360.0 8820.0 8200.0 9620.0 6360.0 6960.0 1440.0 4920.0 8200.0 7580.0 7580.0 6360.0 6140.0 7580.0 7780.0 7380.0 6560.0 8400.0 7580.0 9020.0 8600.0 2680.0 6760.0 9620.0 10660.0 5540.0 6560.0 8600.0 8200.0 6760.0 7180.0 8400.0 8200.0 7580.0 9220.0 6560.0 5940.0 4100.0 8200.0 7780.0 7180.0 5740.0 3700.0 5740.0 3280.0 7780.0 10240.0 7180.0 6140.0 6560.0 9020.0 8000.0 6560.0 5940.0 7380.0 0.0 9840.0 5740.0 5540.0 7580.0 3280.0 5340.0 10240.0 10660.0 4520.0
0.0 5940.0 5340.0 2460.0 4100.0 3700.0 2260.0 4720.0 5340.0 2060.0 3900.0 1640.0 4520.0 4300.0 2060.0 7180.0 3900.0 5940.0 3280.0 4920.0 3480.0 3280.0 4920.0 1640.0 6960.0 2060.0 1860.0 4520.0 2060.0 4520.0 4300.0 1860.0 5940.0 3080.0 3480.0 4720.0 2680.0 3700.0 4300.0 4100.0 5540.0 3900.0 2460.0 4720.0 5740.0 1440.0 5940.0 1240.0 1240.0 2680.0 1440.0 5540.0 420.0 3480.0 3480.0 5940.0 4100.0 3080.0 1640.0 6760.0 7780.0 5120.0 3700.0 4720.0 3080.0 1640.0 6760.0 3900.0 4920.0 4100.0 5740.0 2880.0 3080.0 3280.0 4520.0 2680.0 2460.0 4920.0 2880.0 5740.0 3080.0 3280.0 5340.0 2260.0 1040.0 3280.0 5740.0 3480.0 3480.0 1240.0 5120.0 3480.0 0.0 620.0 4720.0 6560.0 4300.0 3480.0 8400.0 4300.0 4300.0
0.0 6960.0 4920.0 4300.0 4520.0 5540.0 1860.0 4100.0 4920.0 4920.0 4300.0 3700.0 4720.0 4520.0 4720.0 8400.0 5540.0 8820.0 4300.0 6140.0 3080.0 5120.0 6560.0 4520.0 6360.0 1640.0 3900.0 6360.0 4520.0 5540.0 4520.0 3480.0 6760.0 3480.0 5740.0 4300.0 2260.0 3280.0 6140.0 6760.0 5120.0 5540.0 4920.0 6560.0 6140.0 4300.0 6960.0 820.0 3080.0 4300.0 4300.0 5940.0 3280.0 3080.0 4300.0 6360.0 5740.0 5540.0 3480.0 6360.0 7380.0 4720.0 6560.0 5120.0 2680.0 1240.0 6360.0 5740.0 5120.0 5940.0 7780.0 4720.0 4300.0 2680.0 3900.0 2260.0 4300.0 4520.0 2460.0 5540.0 4920.0 5120.0 5540.0 4100.0 2880.0 5120.0 5340.0 3080.0 3080.0 3080.0 5940.0 5340.0 4300.0 0.0 4300.0 6960.0 6560.0 3900.0 8820.0 7180.0 4100.0
0.0 9420.0 4300.0 4520.0 7580.0 7180.0 7380.0 7180.0 6560.0 6560.0 7180.0 5120.0 5740.0 5340.0 5340.0 9420.0 7380.0 8820.0 5340.0 8600.0 6140.0 6360.0 8400.0 6760.0 8400.0 6560.0 5340.0 6960.0 8820.0 8000.0 5940.0 5340.0 8000.0 6360.0 7380.0 7780.0 7780.0 7180.0 7780.0 7780.0 7580.0 6560.0 6360.0 8200.0 9020.0 6560.0 9420.0 6560.0 4720.0 6140.0 6560.0 9020.0 5540.0 7180.0 6960.0 5120.0 7180.0 6140.0 5120.0 9020.0 9620.0 6960.0 8200.0 3900.0 4100.0 6760.0 6560.0 5940.0 6140.0 7180.0 3700.0 6360.0 4920.0 5740.0 5540.0 7780.0 5940.0 6560.0 5540.0 8000.0 6560.0 6760.0 8820.0 5740.0 4520.0 5540.0 8200.0 7380.0 5340.0 4720.0 8600.0 6960.0 9220.0 5740.0 0.0 10040.0 6560.0 4300.0 7780.0 9620.0 6760.0
0.0 8000.0 4720.0 2060.0 5120.0 6560.0 5340.0 4720.0 6760.0 4300.0 4720.0 4720.0 3280.0 2880.0 2680.0 6140.0 6760.0 8000.0 2680.0 6140.0 3700.0 3900.0 7580.0 3480.0 5940.0 5120.0 3900.0 4920.0 6560.0 6560.0 1440.0 4720.0 5740.0 3900.0 5940.0 5120.0 4520.0 6560.0 7180.0 6140.0 4920.0 3900.0 4920.0 7180.0 7380.0 4300.0 8600.0 4300.0 3080.0 5540.0 4520.0 6560.0 3280.0 4720.0 5340.0 2680.0 7580.0 3700.0 4520.0 6560.0 7180.0 5340.0 6760.0 1440.0 4520.0 4520.0 6960.0 3480.0 3700.0 4720.0 4100.0 4520.0 2680.0 3280.0 5940.0 5540.0 4100.0 4920.0 2880.0 2680.0 5940.0 6140.0 7380.0 4920.0 3900.0 5540.0 8000.0 5120.0 3280.0 3280.0 4300.0 5540.0 7580.0 3480.0 420.0 0.0 4100.0 4300.0 5340.0 7380.0 4100.0
0.0 7780.0 6360.0 4300.0 2680.0 5540.0 4100.0 2260.0 7180.0 6560.0 6140.0 3480.0 5340.0 4920.0 620.0 7580.0 5740.0 5940.0 2460.0 5740.0 3480.0 3700.0 6560.0 3900.0 8600.0 3900.0 3700.0 6760.0 6140.0 5740.0 4520.0 3480.0 4720.0 5340.0 5740.0 6360.0 3280.0 5540.0 6140.0 7780.0 3280.0 5740.0 4720.0 6560.0 4920.0 6560.0 6560.0 3280.0 2880.0 4520.0 6560.0 4100.0 5540.0 5340.0 4520.0 6140.0 5340.0 1640.0 3480.0 6560.0 8600.0 2260.0 3480.0 5740.0 4920.0 3480.0 6360.0 5740.0 4920.0 4520.0 5940.0 4720.0 4920.0 820.0 5540.0 4520.0 4100.0 2460.0 620.0 4100.0 4920.0 4720.0 6960.0 4100.0 2880.0 5540.0 6140.0 4920.0 5340.0 2880.0 4720.0 5340.0 6760.0 2460.0 2460.0 5120.0 0.0 4300.0 9220.0 8000.0 3700.0
0.0 6760.0 6140.0 3280.0 3700.0 4720.0 3280.0 4300.0 6360.0 2260.0 4520.0 2680.0 3080.0 2680.0 4100.0 6560.0 4920.0 6760.0 2880.0 5120.0 3900.0 4100.0 5740.0 2680.0 7780.0 3080.0 2460.0 2680.0 5940.0 5540.0 4720.0 2680.0 3900.0 3700.0 4920.0 5740.0 3700.0 4720.0 5340.0 4300.0 5340.0 3700.0 3900.0 5540.0 6760.0 2260.0 6960.0 2260.0 2060.0 3480.0 2460.0 5120.0 1240.0 4300.0 3280.0 4520.0 6140.0 4920.0 2680.0 6140.0 8200.0 4920.0 4720.0 3280.0 4100.0 2460.0 5340.0 4720.0 3480.0 4920.0 6560.0 2460.0 620.0 2880.0 4300.0 3700.0 2060.0 4720.0 2680.0 5540.0 4100.0 4100.0 6140.0 3080.0 2060.0 1440.0 6760.0 4520.0 1240.0 2060.0 4300.0 4100.0 5540.0 1440.0 4520.0 6140.0 5740.0 0.0 7180.0 5340.0 4100.0
0.0 6140.0 6560.0 3080.0 4100.0 4920.0 5340.0 3700.0 4100.0 5540.0 3700.0 2880.0 2260.0 1860.0 3700.0 5940.0 5120.0 6560.0 3900.0 6760.0 4720.0 4720.0 5940.0 5120.0 820.0 4100.0 3080.0 3900.0 6960.0 5740.0 3900.0 2880.0 5540.0 2880.0 5120.0 6360.0 1440.0 6140.0 5540.0 6960.0 3900.0 2880.0 4100.0 5940.0 6360.0 5540.0 7180.0 4300.0 2260.0 3700.0 5340.0 5540.0 4520.0 1640.0 4720.0 1640.0 4920.0 4520.0 2880.0 5540.0 6140.0 4300.0 5940.0 2460.0 1860.0 4720.0 6140.0 4520.0 2680.0 5540.0 6760.0 3280.0 3900.0 2260.0 3280.0 5740.0 2880.0 3900.0 2060.0 4920.0 4300.0 4300.0 6360.0 3280.0 2260.0 4520.0 5740.0 5540.0 4300.0 2260.0 6140.0 4520.0 6760.0 4100.0 3700.0 3280.0 3080.0 3280.0 0.0 6760.0 3280.0
0.0 6140.0 6140.0 3900.0 4300.0 5340.0 3900.0 5740.0 6960.0 3700.0 4920.0 3280.0 3480.0 4520.0 2680.0 6960.0 5540.0 7380.0 4720.0 6360.0 5120.0 5120.0 1640.0 3280.0 5940.0 3700.0 2260.0 4300.0 2680.0 4920.0 5120.0 3280.0 6560.0 4100.0 5540.0 6360.0 4300.0 5340.0 1240.0 5540.0 7180.0 5540.0 4520.0 4100.0 4100.0 2880.0 7380.0 2880.0 1440.0 4100.0 3080.0 5740.0 1860.0 4920.0 3700.0 4920.0 4520.0 3700.0 3280.0 6760.0 7780.0 6360.0 5340.0 3700.0 4520.0 3080.0 4100.0 5340.0 3900.0 5940.0 7180.0 3080.0 3280.0 4720.0 3080.0 4100.0 2680.0 5940.0 4520.0 4520.0 2460.0 4720.0 6140.0 3700.0 2680.0 4720.0 7380.0 5120.0 3900.0 1440.0 6360.0 3700.0 6360.0 2060.0 5940.0 6760.0 6360.0 4520.0 5120.0 0.0 3700.0
0.0 7780.0 8600.0 3480.0 4720.0 6960.0 7180.0 8000.0 6760.0 5740.0 6560.0 4920.0 5120.0 6140.0 4300.0 8600.0 6560.0 9420.0 5540.0 8400.0 5940.0 6140.0 8000.0 5740.0 8600.0 6140.0 4920.0 4520.0 7380.0 6960.0 6760.0 4300.0 6760.0 5740.0 6760.0 9220.0 5340.0 8600.0 7580.0 5120.0 8820.0 3480.0 6140.0 8000.0 7180.0 6560.0 9220.0 6360.0 4100.0 5340.0 5540.0 5740.0 5540.0 3900.0 6360.0 5940.0 7580.0 5120.0 4920.0 8400.0 10440.0 7380.0 8600.0 5340.0 4520.0 6560.0 8200.0 4920.0 5540.0 6960.0 7580.0 3480.0 5940.0 6560.0 5340.0 6760.0 3080.0 6960.0 6140.0 1640.0 6360.0 6360.0 6360.0 5340.0 4300.0 6960.0 7580.0 7580.0 5340.0 4100.0 3280.0 6360.0 9020.0 5540.0 7380.0 7180.0 7380.0 6140.0 7780.0 9420.0 0.0
