100 3
768 13676 17764 1 7
2079 3517 6887 5 1
1215 8986 12894 10 9
140 15558 19342 4 5
1200 6355 10067 7 1
1848 6638 10214 5 6
1860 15941 19915 9 6
1400 6273 11007 6 3
792 7559 10937 6 4
624 4218 8038 10 2
646 5471 8705 3 8
1400 11697 15159 9 8
1072 4960 8576 5 9
861 15570 19380 2 7
323 6493 10769 2 8
1224 3542 6890 5 9
912 4457 9071 6 3
1909 10201 13633 8 8
2500 8304 13074 4 4
480 13971 17379 5 4
1350 4008 8552 4 8
1275 11536 16018 5 6
960 12252 16518 10 5
20 12223 16253 4 10
2134 10095 13449 10 7
1219 6221 10939 7 2
1640 4799 8593 8 9
180 4659 9405 7 3
416 13774 17334 5 10
1166 5874 10208 2 10
1659 7399 12151 8 6
810 9459 14181 2 10
184 8501 11995 4 3
1700 10145 14559 5 6
323 10502 14658 7 4
1265 7871 11841 1 5
168 16503 20793 9 1
480 4163 7849 2 5
252 5256 8472 5 5
1280 9362 13780 4 1
1216 7177 11567 8 8
176 9418 13382 5 5
1458 9566 14018 8 3
68 13922 17428 10 5
850 11507 16213 8 2
1311 13581 18055 7 9
1740 15002 19318 2 7
1054 4757 8053 9 4
1360 12519 17121 10 7
1045 5259 8621 6 3
1675 12382 16598 9 10
1394 14259 18301 2 7
1564 7531 12029 10 5
240 16957 21393 10 2
1428 7585 10999 9 3
1850 8222 11746 2 9
1260 10507 14777 5 9
722 6122 10266 8 5
1302 7975 11545 10 9
1843 6016 10240 3 4
1824 8459 12673 2 9
1520 6678 11082 6 4
1155 11520 14880 8 6
2200 6251 10821 7 9
391 12154 16396 6 1
1800 4614 7898 5 9
798 9244 13064 6 9
1170 6525 10175 9 10
1071 11380 14668 8 4
575 15932 19442 7 9
1896 10464 15096 9 5
551 10705 14089 9 2
432 6494 11262 9 5
663 3268 8060 3 4
1080 7003 11301 8 6
777 11794 16566 8 1
459 5837 10041 9 1
1743 9091 12779 3 4
595 9691 12969 9 9
2100 4258 8270 8 7
1328 10998 14274 8 9
1800 4879 8189 4 10
1649 7251 10533 8 2
2475 12974 16186 1 3
1955 3510 7358 9 3
608 10778 14472 2 3
836 11260 15524 4 2
1248 5764 9500 4 9
968 5547 9729 1 4
459 12073 15481 2 8
460 14711 18189 5 3
759 5990 10390 9 1
25 11540 15676 6 1
1273 10620 14772 2 6
360 10847 14651 6 9
300 9067 13335 3 9
552 2415 6993 5 9
1548 7655 11455 3 6
1750 5977 9287 8 2
1638 12974 17526 8 10
SETUP
0 140 160 140 160 60 20 100 120 140 180 120 140 100 180 100 100 160 200 200 100 200 100 60 100 140 140 140 80 120 120 100 100 180 140 120 140 100 180 120 140 140 180 200 120 100 100 100 100 80 120 160 120 120 120 120 160 140 140 140 140 100 100 160 120 140 120 160 220 160 140 160 140 180 80 60 80 120 180 140 120 180 80 140 120 100 140 80 140 80 80 140 140 160 140 180 140 160 120 100 140
0 0 599 659 659 559 539 639 619 659 718 659 160 639 180 180 659 679 659 679 599 718 140 579 619 639 160 659 599 579 639 120 619 679 659 599 579 599 639 639 599 599 698 698 639 619 100 599 599 579 639 160 698 579 639 619 619 659 679 619 659 639 599 180 160 599 659 679 738 718 599 639 80 659 579 659 599 619 200 180 619 659 639 659 639 140 659 579 160 579 639 639 659 659 639 639 639 679 639 559 659
0 679 0 140 659 599 698 599 639 619 679 140 718 579 698 659 639 679 659 619 619 659 559 619 639 659 679 659 140 659 100 659 639 679 160 599 180 639 639 180 140 659 619 718 639 639 659 599 639 619 659 619 659 659 140 599 659 639 120 639 698 120 599 659 579 619 639 659 758 619 619 659 619 659 659 599 619 599 679 639 120 679 579 599 579 599 659 619 619 120 579 639 160 659 619 679 619 679 140 639 639
0 698 100 0 599 579 679 599 619 599 659 140 639 599 679 639 599 659 619 659 599 679 619 559 599 619 639 599 100 539 120 619 599 579 140 559 80 599 559 140 80 579 659 659 639 599 639 619 599 579 599 619 659 559 120 579 619 679 160 599 659 120 579 659 639 539 619 659 718 698 539 579 619 599 579 639 579 619 679 639 80 639 639 599 599 579 639 579 659 80 639 619 120 639 639 659 619 659 120 539 599
0 698 679 659 0 579 679 599 180 599 679 599 639 140 679 679 659 619 659 639 599 659 639 639 639 619 639 659 639 559 639 619 619 679 559 639 659 599 639 639 559 559 698 140 559 639 659 619 599 579 659 599 140 180 539 579 160 140 599 599 659 659 579 619 559 120 639 200 659 220 160 140 619 659 659 619 639 140 698 679 619 619 140 659 639 659 659 579 659 639 639 659 639 659 659 679 579 160 639 679 180
0 659 659 599 599 0 639 120 619 639 160 639 659 599 619 659 120 120 679 659 140 659 599 599 559 80 659 619 639 100 659 559 639 140 599 619 599 539 639 698 619 599 180 659 100 559 619 619 639 519 579 639 639 599 579 579 619 639 639 599 100 639 579 619 599 599 639 659 698 679 599 639 659 659 639 599 120 619 698 639 619 639 579 659 160 599 599 519 659 619 120 599 599 659 160 160 599 619 579 619 659
0 679 639 619 639 539 0 639 599 120 698 619 619 619 659 679 639 659 679 200 579 180 599 539 599 619 639 140 559 619 599 579 100 659 619 100 639 80 659 599 639 619 679 679 599 579 579 100 579 559 100 659 679 619 599 120 639 619 659 619 619 599 599 659 619 639 160 698 220 698 639 659 619 679 559 619 559 619 679 679 639 659 619 639 619 639 140 60 659 559 599 619 639 160 619 659 120 659 599 639 659
0 738 579 698 659 160 659 0 659 679 240 698 698 659 718 579 140 220 698 679 180 639 639 679 619 200 659 679 619 120 599 619 659 180 659 639 639 659 698 659 639 639 200 718 160 698 659 659 659 659 698 698 698 639 639 659 659 698 698 659 160 679 659 679 659 679 659 698 738 698 679 619 679 639 619 639 180 659 698 698 599 659 659 659 160 679 579 659 698 659 160 659 698 559 180 240 599 619 639 599 679
0 738 698 679 120 639 698 619 0 619 738 679 738 100 559 698 639 639 738 718 619 679 599 659 659 659 679 659 599 679 639 698 639 599 679 639 718 619 679 639 619 679 698 220 679 659 679 639 679 599 679 659 180 200 659 599 60 180 659 659 718 679 639 639 619 140 659 200 758 140 160 120 659 639 599 639 659 160 718 679 679 659 160 659 659 679 659 599 619 639 659 679 679 679 659 679 659 180 659 698 120
0 698 639 718 639 639 120 599 698 0 718 659 698 659 679 679 659 698 698 180 659 220 659 659 599 679 679 140 659 619 539 679 120 698 619 140 639 140 679 718 639 599 718 659 619 679 639 140 659 619 180 659 659 679 599 160 679 698 659 619 718 639 659 698 619 619 160 718 220 698 659 659 659 679 659 619 659 659 718 698 679 679 639 639 639 659 140 140 698 659 639 639 698 160 659 599 60 599 599 659 679
0 698 679 679 639 140 698 140 579 619 0 599 738 599 619 679 120 180 639 619 80 639 599 579 639 160 619 679 539 180 579 659 599 160 539 599 659 659 559 659 659 539 120 639 100 619 639 579 659 599 639 659 619 639 639 639 619 679 659 619 180 619 619 639 619 599 619 679 639 698 639 639 619 599 639 639 100 599 698 659 619 659 599 559 120 619 619 639 579 599 100 619 539 679 100 200 599 698 639 698 659
0 718 200 180 639 659 718 619 579 619 718 0 758 659 619 698 679 619 698 698 599 659 619 679 698 659 659 659 100 698 140 698 619 679 180 639 220 599 698 140 140 659 698 718 698 599 639 619 599 599 619 619 698 639 180 659 559 659 100 659 718 120 659 619 559 639 659 718 659 698 679 659 619 679 599 659 639 639 698 698 160 679 659 639 639 659 639 599 698 140 639 659 160 659 659 698 659 698 200 698 698
0 200 659 679 659 599 698 579 659 619 659 659 0 599 180 120 639 679 659 679 659 659 100 659 619 659 200 659 619 639 659 120 599 619 639 539 659 619 659 659 599 599 659 679 659 659 180 639 679 579 639 180 698 579 619 619 679 679 659 619 639 639 599 160 140 579 619 679 738 698 639 599 180 619 619 639 579 659 220 180 619 659 639 639 619 80 639 599 180 579 679 639 679 639 659 659 659 698 619 619 579
0 659 619 579 100 599 659 599 120 579 679 619 659 0 659 599 599 659 679 659 579 698 519 579 559 599 639 599 559 599 599 619 599 639 579 559 639 619 599 659 619 579 659 180 599 619 599 539 579 559 639 579 120 100 559 619 120 80 579 579 659 599 599 599 539 80 599 160 679 100 60 100 579 619 619 559 599 60 639 639 619 659 80 639 619 599 599 599 599 599 579 619 639 659 579 659 599 140 559 599 120
0 200 639 639 559 599 639 559 579 639 679 619 200 599 0 140 639 579 698 659 639 619 80 639 639 599 120 619 539 619 579 160 619 679 619 579 659 559 639 579 619 619 659 659 619 599 140 579 639 539 619 140 659 639 599 619 519 619 619 659 698 659 619 100 100 619 619 639 718 659 619 639 120 659 539 599 599 599 160 120 619 639 599 599 639 120 599 539 140 579 599 639 619 619 599 659 599 619 659 659 659
0 240 679 659 659 579 679 619 599 659 698 659 120 639 140 0 619 659 698 679 599 698 140 639 639 619 180 679 659 539 659 140 639 679 599 639 659 599 659 718 559 599 698 698 619 639 160 639 659 579 659 160 698 679 599 579 639 698 659 599 659 659 579 120 120 639 639 659 698 718 679 659 180 599 659 639 639 639 180 140 619 639 619 639 619 140 679 579 160 639 659 659 659 639 679 679 619 659 659 679 659
0 698 659 639 579 80 659 80 599 639 140 599 679 579 659 619 0 80 639 619 100 619 599 599 619 60 619 639 559 140 599 619 599 140 539 579 599 579 639 599 559 539 160 639 60 599 559 599 599 559 619 619 619 619 619 559 599 599 619 579 160 619 559 579 579 579 519 679 639 679 639 599 619 619 559 559 100 539 659 659 579 599 599 639 120 559 619 559 579 599 100 639 619 619 120 160 559 639 619 619 539
0 679 639 559 639 100 679 140 619 619 180 619 659 599 659 619 100 0 619 659 120 539 599 599 639 60 659 659 579 100 619 639 619 140 619 599 619 619 619 619 599 579 120 619 140 659 639 619 599 579 659 579 639 619 659 619 599 539 619 639 180 599 619 519 579 579 539 679 679 679 599 599 599 619 579 559 120 619 579 659 639 559 599 599 140 619 619 599 639 599 100 659 679 679 140 80 619 698 579 599 599
0 639 639 659 579 579 659 639 639 599 698 579 639 639 679 679 599 639 0 539 599 679 599 100 40 639 619 599 619 579 639 539 619 619 559 659 619 599 120 659 599 80 679 659 579 120 639 639 120 80 639 619 659 659 559 599 639 619 599 80 559 559 100 619 579 559 599 679 599 698 579 599 619 120 120 140 619 619 619 679 659 120 619 140 619 639 579 579 599 619 659 80 619 659 639 639 579 679 559 180 619
0 698 639 639 659 559 180 619 619 100 698 539 679 599 659 679 579 659 659 0 639 160 619 599 619 639 639 140 579 659 599 619 100 599 619 120 659 100 619 619 579 619 639 659 619 639 619 100 639 599 160 659 698 659 639 80 599 679 579 599 659 519 559 579 599 519 100 659 220 698 639 559 639 579 579 639 619 619 579 679 639 659 619 599 579 639 140 100 659 599 619 619 639 180 639 599 120 659 599 659 579
0 659 639 679 619 120 679 140 679 579 200 599 698 639 639 659 100 180 619 659 0 619 639 599 619 160 639 639 599 160 559 639 539 140 639 579 659 619 619 639 599 619 200 659 140 599 619 559 659 599 619 679 679 619 639 619 639 639 619 619 180 579 599 639 659 599 619 679 718 738 599 619 599 639 639 639 140 579 679 659 659 639 659 559 40 619 659 599 639 619 160 579 659 679 100 180 579 659 639 698 619
0 718 679 679 659 639 240 659 698 140 659 659 619 639 718 659 639 718 698 200 599 0 599 619 679 639 619 200 639 659 659 679 120 698 619 140 659 140 679 698 619 619 639 579 679 659 679 140 599 619 180 619 599 659 679 140 659 659 619 659 718 659 639 659 579 659 160 698 220 698 659 659 639 679 679 599 639 659 698 679 659 519 639 659 639 659 80 140 679 639 619 639 698 200 659 718 140 698 559 639 619
0 160 599 579 599 599 679 599 619 579 659 619 160 579 180 100 599 659 659 679 579 698 0 579 619 639 140 619 599 599 599 120 599 639 599 559 619 619 579 659 599 619 679 718 639 619 100 539 579 579 639 80 599 599 619 599 619 579 559 619 659 599 599 160 40 559 599 659 698 599 559 599 80 619 599 539 599 559 120 140 599 679 579 619 619 100 639 599 100 599 579 619 639 639 559 659 619 659 639 599 619
0 659 639 639 599 599 679 639 619 579 698 579 659 619 679 659 599 679 160 659 639 698 559 0 60 599 639 619 639 599 619 659 559 639 599 599 659 619 120 679 599 100 718 679 599 60 639 599 140 100 559 639 659 579 579 599 619 639 599 100 679 559 100 619 599 599 619 659 679 659 599 619 639 140 140 100 539 619 679 639 599 160 639 160 639 639 599 599 659 519 639 80 679 619 619 639 599 659 579 160 639
0 619 619 639 559 559 619 599 639 579 659 579 619 599 639 659 639 619 140 619 599 659 579 140 0 599 619 559 619 539 619 599 599 659 539 619 599 559 140 659 559 40 679 619 539 100 639 599 100 60 619 579 619 639 519 579 639 639 579 40 639 619 80 619 539 599 579 679 639 659 619 619 599 140 120 120 639 619 679 659 619 100 599 140 619 619 559 539 659 639 619 120 619 639 639 679 559 659 519 160 659
0 698 619 639 619 80 679 80 599 599 140 579 679 559 599 579 40 120 659 659 60 639 559 619 599 0 599 639 559 80 579 619 599 100 579 599 599 579 639 619 579 579 140 599 80 619 579 579 559 579 639 619 579 579 619 579 539 619 619 599 160 559 579 619 579 519 559 619 679 659 619 559 619 579 559 519 80 579 679 599 579 639 559 579 80 559 619 559 599 599 60 619 619 619 120 160 599 659 599 559 579
0 200 679 679 619 619 599 619 639 619 679 639 220 619 140 160 559 639 659 659 559 659 140 639 619 599 0 659 559 659 619 140 599 659 599 579 659 559 659 659 599 599 619 679 599 599 100 559 559 599 619 140 659 619 639 619 579 659 639 639 679 639 619 140 100 619 579 619 679 718 639 539 40 559 599 619 619 579 180 160 619 659 619 599 599 120 659 599 120 619 619 619 619 679 599 679 599 698 639 639 599
0 639 639 679 519 599 180 579 599 120 698 619 659 599 639 659 659 639 659 160 599 180 599 599 639 639 659 0 579 579 639 639 100 679 579 100 659 120 639 659 579 579 698 659 579 639 639 80 599 539 160 539 659 639 559 100 579 659 579 599 679 639 599 619 579 599 140 679 180 698 659 639 539 659 619 639 619 599 698 659 619 639 599 619 639 619 80 100 639 619 599 639 559 120 599 698 100 679 539 679 659
0 659 160 140 599 599 679 579 659 619 659 140 698 559 679 639 639 679 679 698 599 698 579 639 619 659 659 659 0 659 100 619 579 639 120 559 140 619 639 180 120 619 619 718 659 639 599 539 619 619 659 639 639 599 140 599 619 639 120 619 659 120 579 659 599 599 619 639 718 659 619 619 579 639 639 599 559 559 698 619 100 679 559 659 639 579 639 599 599 60 559 599 140 639 559 659 599 659 140 659 639
0 698 659 619 619 40 639 80 639 639 180 659 659 599 639 659 120 140 679 659 60 659 599 599 599 100 679 639 639 0 619 599 599 180 619 599 619 559 619 679 519 619 180 659 140 599 639 619 639 539 619 659 659 639 599 539 619 659 639 559 140 639 539 619 599 599 599 679 679 698 639 619 659 639 639 599 120 639 639 659 579 599 599 599 100 619 639 539 639 599 120 619 619 599 140 180 639 619 599 639 659
0 679 180 180 599 599 679 639 679 619 698 140 659 619 698 639 619 659 679 639 619 698 619 639 559 659 659 619 140 599 0 659 579 659 100 659 120 619 659 180 120 559 698 659 599 659 679 639 619 599 679 619 639 659 80 639 679 659 140 599 679 120 619 659 599 599 619 698 679 718 619 619 639 639 639 579 659 659 679 679 140 659 619 659 639 639 599 599 659 160 619 599 180 698 659 659 519 679 80 639 639
0 120 599 639 559 559 619 619 659 599 659 599 120 599 160 160 559 619 639 619 599 659 80 579 519 599 120 559 599 539 619 0 599 599 539 619 599 559 579 659 559 539 659 639 559 599 120 619 599 559 599 100 639 639 519 579 639 599 579 539 539 619 579 120 60 559 579 679 639 679 559 579 100 599 599 619 599 599 160 160 619 599 599 619 619 120 559 559 140 599 619 539 619 639 619 679 559 659 519 659 599
0 599 599 659 619 579 140 599 639 60 659 559 659 619 659 659 559 639 679 180 639 180 619 559 619 619 679 100 599 619 579 639 0 599 599 140 659 120 579 639 579 599 659 679 599 599 599 140 659 599 120 639 679 639 639 100 619 599 579 599 659 539 579 599 619 559 80 679 200 698 559 579 639 599 599 619 579 599 639 698 639 659 659 619 599 599 140 100 639 579 659 539 639 160 659 639 100 619 639 659 599
0 659 639 619 639 60 619 80 619 519 180 599 659 599 639 659 100 140 679 659 140 659 579 599 599 100 659 639 639 140 539 599 539 0 619 599 619 559 619 679 519 579 180 619 140 559 639 599 639 539 579 639 659 599 599 539 619 639 619 559 140 579 539 639 599 599 599 659 679 659 599 619 639 639 639 599 120 619 679 639 599 559 599 639 140 619 619 539 639 599 120 579 619 619 100 100 559 599 599 639 519
0 679 160 180 679 599 679 579 639 599 639 60 718 619 659 659 599 659 599 579 639 698 639 639 639 659 579 679 100 659 140 619 579 619 0 639 200 619 659 160 140 519 679 738 639 639 659 619 639 559 659 659 698 679 140 639 599 679 140 659 659 100 639 659 619 559 619 639 599 718 619 599 619 619 599 659 639 639 659 619 160 679 619 619 619 639 659 619 639 140 639 599 180 639 659 679 659 698 140 698 619
0 698 639 659 619 579 180 559 639 100 619 639 698 579 659 599 599 639 619 160 659 180 579 639 579 619 659 140 599 619 619 579 100 599 619 0 659 100 619 639 559 579 639 698 619 639 639 100 639 579 160 639 679 559 599 80 659 639 639 599 619 619 579 619 599 559 80 659 200 659 639 579 639 599 599 619 559 619 698 639 579 659 639 619 599 559 120 80 659 579 639 619 659 100 639 639 140 659 599 659 599
0 659 80 160 599 579 659 599 619 599 659 140 639 599 659 659 599 659 639 659 539 659 599 559 599 639 659 579 80 599 100 639 579 599 80 599 0 599 559 140 100 579 659 679 639 599 639 599 539 599 599 599 659 619 120 559 639 659 160 579 659 100 599 659 639 539 599 659 679 698 539 579 599 579 579 639 579 619 698 679 140 659 619 579 559 579 639 599 659 60 619 599 120 639 619 659 599 698 120 679 599
0 679 718 679 579 619 200 639 579 160 619 659 718 659 639 679 659 698 659 180 639 180 659 599 659 659 698 100 659 639 619 659 140 679 619 100 679 0 639 659 599 619 659 659 639 559 679 160 639 619 80 639 698 579 619 120 639 659 679 639 698 659 599 619 639 619 160 659 180 718 679 639 639 659 659 659 619 679 698 639 619 698 679 619 659 639 140 120 659 619 659 659 559 200 698 639 140 679 639 698 639
0 738 679 679 639 599 659 599 579 659 698 639 718 639 639 659 559 639 180 659 639 659 619 100 140 599 619 679 599 679 659 639 639 659 599 579 639 639 0 659 599 100 698 659 599 140 599 579 160 120 659 639 599 619 659 619 639 659 639 100 679 659 120 639 599 619 579 619 679 718 659 639 619 60 120 120 619 599 679 698 619 140 659 180 659 619 679 619 639 619 659 180 559 639 599 698 619 698 659 180 599
0 659 180 180 559 619 698 599 619 639 718 140 679 619 659 679 659 659 698 679 619 698 639 639 659 659 679 539 120 599 160 659 619 679 100 619 180 639 659 0 100 599 718 679 599 679 659 599 619 559 619 559 679 659 80 619 599 639 100 619 698 160 619 639 599 599 659 698 698 718 679 639 579 659 639 659 659 619 698 679 160 659 619 639 659 639 599 619 659 140 639 659 100 619 639 718 619 698 80 698 659
0 659 140 100 619 519 619 559 619 639 659 140 639 579 619 639 599 599 698 639 599 639 579 579 579 559 659 619 120 599 140 559 599 639 100 619 100 539 599 160 0 599 659 639 599 579 619 599 599 519 599 639 639 619 100 519 599 639 140 539 599 120 519 599 599 579 579 659 659 659 619 599 639 619 619 579 579 619 659 639 80 639 579 619 619 599 619 519 599 80 599 599 100 599 639 659 619 599 100 619 639
0 738 659 698 698 639 738 579 698 679 718 619 738 619 659 659 639 698 240 579 698 718 639 140 180 679 718 679 659 679 679 698 659 659 659 679 718 659 160 698 659 0 718 738 679 180 659 659 200 60 698 698 738 718 659 639 659 698 639 180 718 599 140 659 659 599 639 698 758 718 639 639 698 140 140 180 659 659 659 679 659 240 619 180 659 639 659 659 698 659 698 200 698 639 698 679 679 698 679 180 659
0 718 679 599 659 140 698 160 659 639 200 639 698 559 679 659 120 140 639 619 140 659 579 639 619 100 679 679 619 140 659 659 659 180 659 619 659 659 659 659 619 639 0 639 160 679 659 599 639 619 599 599 659 599 639 619 619 639 639 659 200 619 639 539 599 599 579 698 698 659 619 639 619 659 599 599 160 619 698 679 639 679 619 659 160 659 659 639 659 659 120 679 698 698 140 120 659 698 639 619 659
0 679 659 679 180 599 698 639 160 619 698 639 698 120 659 619 599 659 698 698 599 679 619 619 659 559 659 659 619 639 639 639 579 639 619 659 579 639 639 659 639 619 698 0 639 659 639 639 599 619 679 679 140 140 659 599 100 120 659 639 679 599 599 659 639 80 599 180 718 200 120 120 679 619 619 559 639 140 659 659 639 698 100 639 619 619 679 619 659 639 599 599 679 679 679 698 659 180 659 619 140
0 679 679 679 679 120 659 120 679 619 180 639 659 599 718 639 140 200 718 679 120 738 599 639 639 140 619 679 639 140 619 659 579 160 659 639 659 659 659 698 659 599 140 599 0 659 659 639 619 639 639 659 599 659 659 619 679 659 639 659 120 619 619 659 619 619 639 659 698 698 619 639 639 659 639 579 140 659 659 639 619 559 599 659 160 599 619 639 639 639 100 599 659 659 160 160 519 619 599 619 659
0 718 679 659 659 579 659 599 579 619 679 679 679 619 639 639 639 659 120 639 599 698 619 140 140 619 679 659 619 659 639 619 619 639 659 559 639 579 120 679 559 80 679 639 659 0 639 619 100 80 519 679 659 539 639 579 639 679 659 100 659 659 80 659 639 599 619 619 639 679 639 619 599 140 140 120 619 639 659 599 579 160 619 140 619 599 659 559 619 619 639 160 639 659 659 599 659 659 639 180 599
0 220 679 659 619 579 698 599 619 639 659 659 220 579 120 140 599 599 679 659 619 639 100 619 639 579 160 639 619 639 659 140 639 659 639 599 659 539 619 679 619 619 679 639 659 559 0 619 619 519 579 160 619 599 639 599 599 619 659 639 659 639 599 120 120 599 619 659 698 679 639 619 140 639 639 579 619 619 160 140 599 659 579 639 639 100 659 519 160 619 619 659 599 659 639 639 659 679 639 639 639
0 698 639 619 559 599 200 559 639 120 639 639 698 579 659 599 619 659 639 160 579 200 579 639 599 639 639 160 579 619 639 599 100 599 579 20 599 100 599 659 579 579 639 679 619 619 559 0 599 579 140 659 619 559 599 100 579 659 639 599 619 639 579 639 599 559 100 659 180 679 619 599 539 599 599 619 579 519 698 659 599 659 639 619 599 559 120 80 579 579 619 619 619 120 539 659 140 679 599 639 619
0 659 639 679 619 599 679 639 679 579 698 599 698 639 639 659 599 679 120 659 519 619 659 100 120 659 639 639 599 659 559 639 539 619 639 579 659 619 120 639 599 120 698 659 639 120 619 559 0 120 619 679 679 619 639 579 639 639 619 140 639 579 100 639 659 599 619 679 718 738 599 619 599 140 140 140 619 579 679 659 659 140 659 60 539 619 659 599 639 619 639 80 659 679 599 679 579 659 639 200 639
0 718 659 659 659 599 679 599 659 639 659 679 698 559 599 659 659 679 200 698 639 679 579 140 120 659 659 659 599 659 659 639 619 698 639 619 679 599 120 679 679 160 659 718 659 140 599 599 140 0 659 639 679 659 639 599 599 639 639 120 679 659 100 659 599 639 619 639 738 659 619 659 639 160 140 120 599 599 698 619 599 180 559 160 679 579 659 599 639 599 639 140 639 639 639 659 639 659 639 160 679
0 698 659 639 639 559 160 579 659 100 659 659 659 599 659 619 639 639 599 140 579 180 599 619 599 599 659 160 619 639 619 599 120 619 639 40 619 80 599 659 539 559 659 679 639 619 619 120 559 559 0 679 659 519 619 60 619 659 659 579 639 639 559 639 619 579 120 639 140 679 659 599 639 619 619 599 599 639 659 599 559 639 619 619 599 579 160 60 639 599 619 639 619 140 639 659 140 639 619 659 579
0 120 659 659 599 579 639 599 639 639 659 659 200 579 120 140 659 639 679 698 579 679 80 619 599 639 160 659 559 619 639 120 619 639 619 559 619 599 619 639 619 619 659 659 639 639 100 559 579 519 659 0 659 599 619 579 559 639 639 559 659 659 599 140 100 599 599 639 679 659 639 639 20 659 599 619 599 559 200 120 599 679 559 619 599 100 639 599 100 599 599 639 599 639 579 679 639 679 619 659 659
0 718 698 698 100 639 619 639 160 619 698 659 698 160 659 679 579 659 679 679 559 679 659 659 599 639 519 659 599 639 639 659 599 679 599 599 679 579 679 679 619 599 639 200 619 619 619 579 559 619 639 599 0 140 619 639 100 180 599 639 659 639 639 659 559 140 599 140 698 240 160 60 559 579 619 639 639 100 698 679 639 679 140 619 599 639 639 619 639 639 639 639 639 698 619 698 639 200 619 659 120
0 679 639 619 140 539 639 559 140 599 639 639 639 80 639 599 599 619 579 599 599 659 579 599 579 579 639 639 599 619 599 579 599 599 619 519 599 559 579 639 519 539 639 160 619 599 599 599 619 539 599 659 140 0 599 539 100 140 639 559 619 619 519 619 599 60 579 120 659 160 140 100 619 599 599 579 579 120 639 579 539 619 100 599 599 559 619 519 599 579 599 619 599 619 619 619 619 120 599 639 120
0 679 180 140 599 559 639 599 659 579 659 80 599 619 659 659 619 599 619 599 579 639 619 619 619 599 599 659 120 519 100 619 599 639 20 599 140 579 639 180 60 519 659 619 519 619 639 599 579 559 639 579 619 659 0 559 619 639 80 579 639 120 559 599 539 579 619 659 619 698 639 619 579 639 619 599 639 619 659 639 120 599 619 619 619 639 639 559 659 120 599 619 140 619 619 659 539 639 120 659 639
0 698 679 659 619 599 200 599 619 140 659 639 718 579 679 679 659 698 698 240 619 200 599 559 619 659 698 100 619 659 619 659 100 679 659 140 698 140 659 718 659 659 679 738 659 599 679 120 659 619 120 639 659 639 639 0 679 659 659 639 698 619 599 679 619 639 140 659 200 679 639 679 639 698 659 619 579 639 698 639 599 698 579 659 659 599 160 140 619 579 579 639 659 160 639 679 140 679 639 679 698
0 698 639 639 140 599 698 559 80 639 679 619 718 100 579 639 639 579 698 659 639 619 559 639 639 599 619 619 539 659 579 659 619 679 659 579 659 559 639 579 639 639 659 180 679 599 639 579 639 539 619 639 160 140 659 619 0 120 619 659 679 659 619 579 579 120 619 180 738 160 120 140 599 659 539 599 599 100 659 659 619 639 100 599 639 619 599 539 639 579 599 639 619 619 599 659 599 180 639 659 180
0 698 659 639 160 599 639 619 180 639 718 639 698 60 679 659 639 659 698 698 639 698 559 639 599 639 679 659 599 639 639 639 659 698 639 599 659 599 639 718 579 619 718 200 639 639 659 599 639 579 659 639 180 140 619 599 160 0 619 599 679 619 579 659 599 140 639 200 718 160 120 160 639 639 659 599 659 120 559 698 639 698 140 639 619 659 659 579 659 659 639 679 659 679 619 718 639 180 619 619 80
0 639 120 180 639 599 659 639 619 559 679 100 679 639 679 619 579 659 659 698 659 659 639 579 639 639 659 619 80 639 100 659 539 599 120 619 180 599 599 140 100 619 659 698 619 619 619 619 679 619 639 659 679 659 160 599 639 619 0 639 679 60 599 619 639 539 599 659 718 738 579 559 639 579 579 639 599 619 659 698 160 659 639 599 579 619 639 599 659 100 639 559 160 679 639 659 599 659 120 679 599
0 659 639 599 619 519 599 619 619 619 679 639 679 599 639 639 619 599 200 679 599 639 539 100 80 579 659 619 579 599 619 559 579 639 599 579 559 559 120 619 619 100 698 659 599 80 639 579 100 40 599 599 639 619 579 599 599 619 599 0 599 619 100 599 559 599 539 679 619 639 599 619 599 140 80 80 619 599 659 659 619 160 599 140 619 619 599 539 619 619 619 100 599 659 599 659 619 619 579 120 659
0 679 679 659 619 80 679 160 619 599 180 619 679 579 679 619 160 180 659 679 60 679 599 639 559 160 679 619 599 100 619 619 599 80 599 599 659 579 639 698 599 599 220 698 100 559 679 619 639 599 579 639 698 599 579 579 639 659 639 599 0 639 559 679 599 619 639 659 698 679 619 659 599 679 659 619 80 639 698 639 619 639 639 599 100 659 599 599 659 579 140 619 639 698 160 140 619 659 579 679 599
0 679 180 120 659 559 659 639 599 619 698 40 659 639 659 659 619 639 659 679 619 679 619 579 599 619 679 659 120 639 140 599 579 639 140 659 140 599 599 160 140 639 659 659 639 619 659 639 619 579 639 639 679 659 120 559 579 659 60 579 639 0 539 559 599 579 599 698 698 718 619 619 639 639 619 619 599 659 718 679 160 679 619 639 639 639 639 559 659 100 619 599 140 679 679 639 659 619 120 639 639
0 659 659 599 599 519 619 599 619 639 659 639 619 599 639 659 619 619 180 639 619 659 579 80 60 579 659 599 619 599 619 559 619 639 599 619 599 559 140 659 619 100 679 659 599 80 619 619 140 40 599 639 659 619 579 519 619 659 639 60 599 619 0 619 599 599 579 659 659 679 619 639 639 160 120 100 599 639 698 639 619 160 579 160 659 599 599 539 639 579 579 100 599 639 639 659 619 599 579 120 659
0 180 639 559 659 599 659 619 619 639 679 619 180 599 160 140 599 599 619 659 599 639 120 599 639 559 160 639 579 599 619 140 619 639 619 599 619 639 619 619 619 619 599 639 639 659 140 619 599 579 659 80 619 619 659 639 579 639 639 639 679 599 619 0 140 579 539 679 679 679 599 599 100 619 579 559 639 619 180 160 639 659 599 639 619 120 679 619 140 619 599 659 679 679 639 579 639 698 659 599 639
0 160 659 679 579 619 659 599 659 559 698 619 200 619 160 160 619 679 659 698 559 679 120 619 639 659 180 659 599 619 579 160 559 639 619 579 659 639 639 659 639 619 679 698 639 659 120 559 559 559 679 60 679 619 599 619 599 659 539 599 679 599 639 160 0 579 639 679 718 698 599 599 60 619 619 659 639 599 200 160 639 698 599 599 599 140 659 619 140 639 639 599 659 639 599 639 599 639 639 698 619
0 718 599 659 140 579 679 619 100 579 679 619 698 120 659 679 559 639 639 659 639 639 619 599 639 619 619 619 559 659 579 639 619 579 599 599 659 559 659 599 559 599 619 200 599 599 599 579 659 579 619 659 180 140 639 579 140 160 639 599 659 599 579 639 599 0 579 140 698 200 160 40 619 559 559 619 599 100 679 659 619 639 100 559 559 619 599 579 639 599 599 639 619 659 619 659 599 160 579 659 60
0 698 659 619 639 619 220 619 579 140 639 619 718 599 639 619 579 559 679 180 599 100 599 579 639 539 619 120 539 619 599 639 120 619 599 80 639 120 679 599 619 599 659 639 619 619 619 80 599 599 140 639 619 619 639 120 579 599 659 639 679 599 599 559 619 559 0 659 140 679 659 599 599 599 539 559 599 599 639 639 619 619 579 619 599 599 160 100 639 599 579 639 659 160 599 639 100 698 639 599 619
0 718 639 559 160 599 679 599 80 639 659 679 679 80 599 659 639 659 679 698 639 698 579 599 619 619 659 639 619 599 659 639 619 639 659 619 619 579 599 619 619 639 659 200 659 599 559 599 639 519 599 639 160 120 639 599 120 140 639 619 679 659 599 659 599 100 619 0 718 180 100 120 639 639 639 599 599 120 559 619 599 679 80 659 639 579 659 559 639 599 639 659 639 639 639 679 639 180 639 599 140
0 659 639 639 639 559 120 599 539 20 698 599 679 619 599 639 599 579 659 180 599 120 599 619 599 599 679 140 579 579 539 619 60 519 619 100 639 80 619 659 559 599 679 639 639 579 639 120 659 559 100 659 659 599 599 60 599 619 539 579 559 579 559 579 619 559 120 679 0 679 599 599 639 599 599 619 559 639 579 659 599 579 619 619 599 639 140 60 659 559 639 579 639 140 619 599 60 599 599 659 539
0 639 639 619 120 619 679 619 20 579 698 599 679 120 579 659 599 559 599 639 619 599 559 599 639 619 639 639 619 659 599 619 539 619 619 599 639 639 599 659 619 619 659 180 619 639 639 599 639 619 579 619 160 120 639 619 80 100 619 639 659 579 619 559 579 100 599 180 698 0 100 120 619 639 619 599 519 80 639 659 599 619 100 659 639 619 659 619 619 519 599 559 659 679 619 639 619 160 639 639 120
0 659 559 659 80 579 679 559 100 579 639 599 599 80 659 639 559 639 639 659 619 639 579 519 579 619 619 559 559 579 579 639 559 579 599 599 659 579 539 599 579 599 619 180 599 559 599 579 639 579 579 579 140 100 599 599 140 160 619 599 679 579 579 639 599 20 579 140 698 160 0 40 599 559 559 619 539 100 679 659 619 639 120 579 559 559 619 579 639 539 599 599 579 599 619 639 599 180 579 659 60
0 698 659 659 100 599 698 599 120 619 659 599 698 120 679 659 519 599 639 639 599 639 619 619 639 579 639 639 579 639 599 639 619 659 559 579 639 539 639 619 579 559 599 160 579 579 579 559 619 579 599 619 160 120 619 599 120 140 619 599 679 619 579 599 579 100 539 100 659 220 120 0 599 519 579 599 599 60 639 639 599 639 120 579 559 599 659 579 599 619 619 619 579 639 579 659 579 180 659 619 80
0 200 679 639 599 619 698 599 619 639 659 659 200 599 120 140 639 619 679 698 559 659 100 659 599 639 160 639 539 619 619 120 599 639 619 559 619 599 639 619 599 619 659 659 619 639 100 539 559 579 659 180 639 599 599 619 559 659 659 619 659 639 619 140 140 599 619 679 698 698 639 619 0 639 579 639 599 559 200 160 619 679 599 619 599 100 639 579 100 579 599 639 639 659 559 679 639 698 599 659 639
0 698 659 639 579 579 679 579 599 599 659 599 679 599 659 639 519 579 140 619 599 619 599 100 140 559 619 639 559 639 599 619 599 639 539 559 619 579 140 599 559 60 659 639 559 120 559 539 120 80 619 599 639 599 619 579 599 619 599 100 659 619 80 579 559 579 519 579 639 698 599 619 579 0 60 80 599 539 639 659 579 120 599 140 619 579 639 559 579 599 599 140 619 619 579 659 559 659 639 120 559
0 659 659 639 599 599 679 599 559 619 659 579 698 559 599 639 619 679 180 679 599 698 579 140 100 659 579 579 519 639 559 619 579 639 619 559 639 639 140 559 619 100 619 698 639 100 599 539 140 120 599 599 639 599 619 599 599 639 619 120 659 619 100 659 599 599 619 639 718 659 619 599 579 120 0 120 559 559 698 619 599 180 559 120 599 579 639 599 599 559 559 120 639 639 559 659 559 659 619 160 659
0 698 639 619 619 559 659 559 639 619 639 579 679 539 679 559 559 619 160 659 539 659 559 120 100 599 599 659 579 559 579 619 579 659 579 579 599 599 140 659 599 100 639 679 599 120 599 579 60 100 639 619 559 579 599 579 639 619 599 100 659 559 60 619 579 599 559 619 679 639 599 619 619 140 100 0 579 579 659 599 559 160 539 100 579 559 619 579 579 579 539 120 619 619 599 639 579 639 599 60 599
0 639 619 619 639 100 659 140 659 559 180 579 679 619 679 639 80 160 698 679 120 698 539 579 639 140 619 619 619 140 599 659 519 120 619 579 659 619 599 659 599 619 200 698 120 619 619 579 619 619 639 619 639 639 659 599 639 619 599 619 180 559 599 619 559 579 599 698 698 639 579 599 599 619 619 579 0 599 659 679 579 659 619 639 120 619 659 599 639 519 120 559 659 679 100 160 599 639 659 639 599
0 698 659 698 60 619 718 619 120 639 698 639 679 140 679 698 639 639 659 679 559 679 639 619 659 659 619 659 639 599 619 659 599 659 599 619 579 639 639 679 599 599 698 180 599 619 679 619 599 619 619 639 100 160 579 619 180 180 639 639 698 619 619 639 599 100 659 220 698 240 100 140 639 639 639 659 619 0 718 698 659 659 180 599 579 619 599 619 559 619 679 619 599 679 639 698 619 200 599 679 160
0 240 679 679 619 599 698 619 619 659 659 659 220 599 140 160 599 619 698 698 579 659 100 619 639 579 160 639 639 659 639 140 619 659 619 639 679 539 639 679 639 619 679 659 639 599 120 619 579 539 599 160 639 619 639 619 619 659 659 639 679 639 599 120 120 599 599 659 718 679 659 639 160 579 639 599 619 619 0 140 619 679 579 639 619 100 659 519 120 619 619 659 599 659 659 679 619 698 659 639 619
0 180 659 579 639 579 579 619 599 599 679 619 180 599 140 160 619 579 639 659 539 619 100 599 639 639 100 619 619 619 599 140 559 639 659 559 639 599 639 639 579 579 679 659 619 519 80 579 599 539 539 160 579 559 659 599 639 599 639 599 679 599 579 80 120 579 619 519 659 639 599 599 120 619 619 619 619 599 80 0 599 639 579 579 559 100 559 579 40 619 659 599 659 659 619 599 599 659 659 599 599
0 738 200 180 619 639 718 619 679 659 698 160 679 639 639 659 659 679 698 698 619 639 639 679 639 639 679 679 140 659 80 639 639 659 140 579 160 599 659 140 140 639 698 639 659 619 559 559 659 579 639 698 659 619 140 619 639 679 200 659 679 180 639 679 659 619 639 718 738 738 679 639 599 659 659 619 639 579 599 698 0 579 639 559 659 619 639 579 619 140 639 659 160 659 579 698 599 718 120 659 659
0 698 659 698 679 619 698 659 698 639 738 659 599 659 718 659 659 698 260 718 659 738 659 120 160 619 599 698 619 679 659 659 599 679 679 639 639 619 180 679 599 160 679 559 698 160 698 639 160 120 659 659 599 679 679 619 659 659 679 140 698 639 120 679 659 639 639 718 738 738 639 639 639 160 160 140 619 659 718 718 659 0 659 200 679 679 559 619 698 619 659 140 679 698 679 718 619 698 539 180 599
0 659 599 599 100 539 619 539 100 579 599 619 639 20 659 599 599 619 679 659 579 659 519 579 559 599 639 619 559 599 599 579 559 639 599 559 619 579 599 639 619 599 599 180 599 579 599 539 579 559 599 579 120 100 579 539 120 100 579 559 619 599 539 599 539 80 559 80 679 120 80 100 579 619 599 559 539 60 639 559 539 619 0 599 619 519 599 559 579 539 579 599 579 579 579 619 599 120 579 599 140
0 679 679 698 619 619 659 659 659 639 718 659 679 639 698 659 639 679 200 659 599 579 639 160 80 659 679 619 659 599 519 659 599 679 599 659 619 619 160 579 619 80 698 659 599 180 679 659 120 120 679 639 659 659 579 639 679 679 639 100 698 619 140 679 599 599 639 698 679 718 639 639 639 160 160 100 619 679 698 679 659 100 619 0 639 659 619 599 679 619 619 120 639 698 659 679 539 659 579 140 659
0 698 698 659 639 100 679 160 639 639 220 579 698 639 698 659 160 180 579 619 120 599 639 619 579 160 679 619 579 120 539 619 599 140 619 619 639 639 639 599 619 579 200 659 120 579 659 599 619 619 599 659 659 619 599 599 619 698 599 619 140 559 599 599 619 619 639 679 679 718 659 659 639 659 659 599 140 619 698 659 639 599 619 519 0 639 619 619 659 619 120 639 659 698 140 160 539 679 599 659 659
0 140 579 599 619 619 659 519 619 579 579 599 180 519 180 100 599 599 698 679 599 639 40 599 579 579 140 619 559 599 599 140 539 619 599 579 659 639 599 619 619 599 579 659 599 639 100 559 599 579 659 100 639 619 579 619 599 599 599 599 659 579 619 100 60 599 539 679 659 619 579 619 100 639 579 559 519 579 160 160 599 659 599 639 639 0 599 599 140 519 599 559 619 559 599 599 619 639 599 619 619
0 718 718 718 659 679 200 659 718 160 738 679 679 659 738 679 659 718 718 220 659 260 659 679 679 698 599 220 659 679 679 718 120 659 679 180 698 160 698 738 679 639 619 698 698 698 698 160 659 698 140 718 679 659 698 180 679 718 698 698 758 659 659 659 679 679 180 718 260 738 659 639 639 639 679 619 679 619 718 698 679 718 639 698 679 659 0 180 679 679 639 659 718 220 698 698 60 738 698 679 679
0 698 659 659 599 579 200 599 599 140 639 639 698 579 599 639 599 599 679 200 619 140 579 619 619 559 639 140 619 639 639 619 120 639 639 120 659 40 619 679 619 639 659 639 639 559 599 120 619 519 100 639 619 599 639 100 599 619 639 619 659 619 599 599 599 579 120 639 220 659 639 619 639 639 619 579 599 599 679 619 599 659 559 639 639 579 160 0 639 599 599 659 579 140 639 659 160 679 639 619 639
0 160 639 679 619 599 659 639 639 579 698 599 180 639 140 160 599 679 619 659 519 619 160 599 619 659 80 639 599 639 559 140 539 619 639 579 659 619 619 639 599 619 679 659 599 599 140 559 619 599 619 160 559 619 639 619 639 639 619 619 679 579 599 140 120 559 619 679 718 718 599 579 100 599 599 639 619 579 180 160 659 639 659 559 539 120 559 599 0 619 659 579 659 679 599 679 579 659 639 639 599
0 639 140 140 639 619 659 639 659 579 679 100 679 619 679 659 579 659 698 698 619 698 559 599 639 639 619 619 140 639 100 659 539 619 120 599 180 639 599 180 100 619 698 718 619 639 619 579 619 619 659 619 659 639 160 619 639 619 120 639 698 80 599 619 579 579 599 698 718 639 579 619 619 639 619 599 519 599 679 679 100 659 619 639 639 619 659 619 659 0 619 559 160 679 619 659 619 659 160 639 619
0 659 599 599 599 40 639 40 599 579 100 619 659 519 659 619 100 120 679 659 60 659 519 599 559 100 619 619 559 100 539 579 559 140 599 559 619 579 599 639 619 599 120 679 100 579 599 559 599 559 599 579 599 599 579 539 619 599 579 579 120 599 539 619 539 579 559 599 679 619 579 599 579 619 599 559 60 579 639 559 539 619 519 599 100 539 599 559 559 559 0 599 579 579 80 120 559 619 579 599 639
0 579 579 659 599 599 599 579 619 559 639 619 619 599 659 639 539 599 160 639 599 639 599 40 100 579 639 579 579 599 599 639 579 559 559 599 639 579 60 619 579 60 639 659 579 80 579 599 140 100 599 599 639 619 599 599 619 559 639 120 679 599 100 599 619 519 539 639 659 679 519 559 619 80 80 100 559 559 619 659 599 120 619 100 579 579 619 579 599 559 619 0 599 619 639 639 579 659 599 140 559
0 679 160 180 599 599 679 619 539 619 698 120 698 619 599 698 619 659 659 639 639 698 599 539 599 639 639 659 100 639 140 639 579 619 60 639 140 619 579 160 120 559 679 599 639 579 659 639 659 619 599 659 679 619 120 619 599 679 140 599 679 100 639 659 619 559 619 679 659 659 619 599 659 599 599 639 559 639 659 659 100 659 659 619 599 679 639 619 659 60 659 619 0 659 659 659 639 698 120 679 619
0 738 718 698 659 659 240 659 599 140 718 639 698 619 659 698 679 718 738 240 659 180 639 698 659 698 639 140 579 679 619 679 140 639 679 120 698 160 698 619 659 659 659 698 698 659 619 100 679 639 180 679 698 659 679 160 659 698 679 679 718 679 639 679 659 659 180 698 260 718 679 659 639 679 559 659 619 619 659 679 559 639 619 619 659 639 40 140 659 619 619 659 698 0 639 718 100 718 659 698 659
0 679 679 619 659 160 718 160 639 619 240 639 718 579 659 679 140 180 738 679 160 698 579 639 619 160 679 679 599 160 639 698 579 160 659 619 679 639 579 639 659 659 220 738 160 679 659 599 659 619 698 639 679 659 639 659 599 619 639 659 220 619 659 659 599 639 659 698 738 659 619 659 639 619 599 619 60 619 659 698 639 698 659 679 180 659 659 619 679 559 140 599 639 698 0 200 659 698 639 659 659
0 738 698 679 698 140 599 180 619 679 260 698 718 679 679 698 160 160 698 679 120 698 659 639 679 140 679 698 659 180 679 679 639 220 698 698 619 659 679 698 659 599 200 579 200 679 659 679 659 659 679 698 659 679 698 659 659 679 718 679 220 679 659 659 679 639 659 718 758 599 659 679 698 659 659 639 120 659 718 718 698 718 659 679 160 679 718 659 679 599 160 659 718 718 220 0 698 738 698 659 639
0 679 659 679 679 639 200 619 679 100 698 619 718 599 718 619 619 698 718 160 599 220 619 619 659 659 659 160 639 639 639 679 80 659 639 140 659 160 639 679 639 579 698 639 659 659 659 140 599 639 180 679 639 639 659 140 679 659 639 659 718 599 619 659 639 619 140 679 240 698 619 639 659 659 639 559 639 639 679 659 639 698 599 659 639 619 200 160 639 639 599 599 679 180 639 639 0 679 659 619 659
0 639 659 639 160 559 539 639 140 659 718 659 639 140 599 698 659 679 659 698 619 718 639 559 619 639 599 659 559 659 639 619 619 698 659 599 659 599 679 639 659 659 679 180 619 599 599 599 599 579 619 679 80 160 639 639 100 160 679 659 639 619 639 679 639 160 659 200 718 220 160 140 639 659 579 659 599 120 698 679 659 679 120 659 639 639 659 579 659 579 619 639 659 679 619 698 639 0 639 679 200
0 679 140 220 679 659 698 679 679 599 718 140 698 679 718 639 619 698 738 738 679 738 679 639 679 679 619 659 140 679 140 698 579 659 160 679 220 679 639 160 140 659 659 718 659 679 679 679 679 639 659 639 718 698 200 659 679 659 160 679 738 120 659 659 698 619 639 738 718 758 619 659 639 679 639 659 659 659 698 718 200 718 659 679 679 659 539 659 698 160 659 599 200 718 698 698 579 698 0 698 659
0 698 619 639 639 559 659 599 639 599 659 659 659 599 659 619 619 639 100 639 559 679 599 80 120 599 619 619 599 519 619 599 599 619 619 539 539 579 100 659 539 60 659 639 639 120 619 619 80 60 639 619 659 539 619 559 619 659 639 80 639 639 60 639 599 579 599 639 698 679 559 599 639 120 100 100 599 599 659 619 559 120 619 120 599 579 639 559 639 599 619 140 619 619 639 659 639 639 619 0 619
0 679 639 619 120 519 639 559 140 639 659 659 639 100 619 639 599 619 659 639 619 659 559 599 579 579 659 619 619 619 559 579 619 659 619 599 599 539 599 659 519 559 659 160 619 579 619 599 619 519 599 619 140 100 599 539 100 140 619 539 619 639 519 619 579 100 579 160 659 160 120 120 619 619 619 579 599 120 679 639 579 659 100 639 639 599 619 519 619 599 599 619 599 599 619 659 579 120 599 619 0
SETUP_COST
0.0 2800.0 3200.0 2800.0 3200.0 1200.0 400.0 2000.0 2400.0 2800.0 3600.0 2400.0 2800.0 2000.0 3600.0 2000.0 2000.0 3200.0 4000.0 4000.0 2000.0 4000.0 2000.0 1200.0 2000.0 2800.0 2800.0 2800.0 1600.0 2400.0 2400.0 2000.0 2000.0 3600.0 2800.0 2400.0 2800.0 2000.0 3600.0 2400.0 2800.0 2800.0 3600.0 4000.0 2400.0 2000.0 2000.0 2000.0 2000.0 1600.0 2400.0 3200.0 2400.0 2400.0 2400.0 2400.0 3200.0 2800.0 2800.0 2800.0 2800.0 2000.0 2000.0 3200.0 2400.0 2800.0 2400.0 3200.0 4400.0 3200.0 2800.0 3200.0 2800.0 3600.0 1600.0 1200.0 1600.0 2400.0 3600.0 2800.0 2400.0 3600.0 1600.0 2800.0 2400.0 2000.0 2800.0 1600.0 2800.0 1600.0 1600.0 2800.0 2800.0 3200.0 2800.0 3600.0 2800.0 3200.0 2400.0 2000.0 2800.0
0.0 0.0 11980.0 13180.0 13180.0 11180.0 10780.0 12780.0 12380.0 13180.0 14360.0 13180.0 3200.0 12780.0 3600.0 3600.0 13180.0 13580.0 13180.0 13580.0 11980.0 14360.0 2800.0 11580.0 12380.0 12780.0 3200.0 13180.0 11980.0 11580.0 12780.0 2400.0 12380.0 13580.0 13180.0 11980.0 11580.0 11980.0 12780.0 12780.0 11980.0 11980.0 13960.0 13960.0 12780.0 12380.0 2000.0 11980.0 11980.0 11580.0 12780.0 3200.0 13960.0 11580.0 12780.0 12380.0 12380.0 13180.0 13580.0 12380.0 13180.0 12780.0 11980.0 3600.0 3200.0 11980.0 13180.0 13580.0 14760.0 14360.0 11980.0 12780.0 1600.0 13180.0 11580.0 13180.0 11980.0 12380.0 4000.0 3600.0 12380.0 13180.0 12780.0 13180.0 12780.0 2800.0 13180.0 11580.0 3200.0 11580.0 12780.0 12780.0 13180.0 13180.0 12780.0 12780.0 12780.0 13580.0 12780.0 11180.0 13180.0
0.0 13580.0 0.0 2800.0 13180.0 11980.0 13960.0 11980.0 12780.0 12380.0 13580.0 2800.0 14360.0 11580.0 13960.0 13180.0 12780.0 13580.0 13180.0 12380.0 12380.0 13180.0 11180.0 12380.0 12780.0 13180.0 13580.0 13180.0 2800.0 13180.0 2000.0 13180.0 12780.0 13580.0 3200.0 11980.0 3600.0 12780.0 12780.0 3600.0 2800.0 13180.0 12380.0 14360.0 12780.0 12780.0 13180.0 11980.0 12780.0 12380.0 13180.0 12380.0 13180.0 13180.0 2800.0 11980.0 13180.0 12780.0 2400.0 12780.0 13960.0 2400.0 11980.0 13180.0 11580.0 12380.0 12780.0 13180.0 15160.0 12380.0 12380.0 13180.0 12380.0 13180.0 13180.0 11980.0 12380.0 11980.0 13580.0 12780.0 2400.0 13580.0 11580.0 11980.0 11580.0 11980.0 13180.0 12380.0 12380.0 2400.0 11580.0 12780.0 3200.0 13180.0 12380.0 13580.0 12380.0 13580.0 2800.0 12780.0 12780.0
0.0 13960.0 2000.0 0.0 11980.0 11580.0 13580.0 11980.0 12380.0 11980.0 13180.0 2800.0 12780.0 11980.0 13580.0 12780.0 11980.0 13180.0 12380.0 13180.0 11980.0 13580.0 12380.0 11180.0 11980.0 12380.0 12780.0 11980.0 2000.0 10780.0 2400.0 12380.0 11980.0 11580.0 2800.0 11180.0 1600.0 11980.0 11180.0 2800.0 1600.0 11580.0 13180.0 13180.0 12780.0 11980.0 12780.0 12380.0 11980.0 11580.0 11980.0 12380.0 13180.0 11180.0 2400.0 11580.0 12380.0 13580.0 3200.0 11980.0 13180.0 2400.0 11580.0 13180.0 12780.0 10780.0 12380.0 13180.0 14360.0 13960.0 10780.0 11580.0 12380.0 11980.0 11580.0 12780.0 11580.0 12380.0 13580.0 12780.0 1600.0 12780.0 12780.0 11980.0 11980.0 11580.0 12780.0 11580.0 13180.0 1600.0 12780.0 12380.0 2400.0 12780.0 12780.0 13180.0 12380.0 13180.0 2400.0 10780.0 11980.0
0.0 13960.0 13580.0 13180.0 0.0 11580.0 13580.0 11980.0 3600.0 11980.0 13580.0 11980.0 12780.0 2800.0 13580.0 13580.0 13180.0 12380.0 13180.0 12780.0 11980.0 13180.0 12780.0 12780.0 12780.0 12380.0 12780.0 13180.0 12780.0 11180.0 12780.0 12380.0 12380.0 13580.0 11180.0 12780.0 13180.0 11980.0 12780.0 12780.0 11180.0 11180.0 13960.0 2800.0 11180.0 12780.0 13180.0 12380.0 11980.0 11580.0 13180.0 11980.0 2800.0 3600.0 10780.0 11580.0 3200.0 2800.0 11980.0 11980.0 13180.0 13180.0 11580.0 12380.0 11180.0 2400.0 12780.0 4000.0 13180.0 4400.0 3200.0 2800.0 12380.0 13180.0 13180.0 12380.0 12780.0 2800.0 13960.0 13580.0 12380.0 12380.0 2800.0 13180.0 12780.0 13180.0 13180.0 11580.0 13180.0 12780.0 12780.0 13180.0 12780.0 13180.0 13180.0 13580.0 11580.0 3200.0 12780.0 13580.0 3600.0
0.0 13180.0 13180.0 11980.0 11980.0 0.0 12780.0 2400.0 12380.0 12780.0 3200.0 12780.0 13180.0 11980.0 12380.0 13180.0 2400.0 2400.0 13580.0 13180.0 2800.0 13180.0 11980.0 11980.0 11180.0 1600.0 13180.0 12380.0 12780.0 2000.0 13180.0 11180.0 12780.0 2800.0 11980.0 12380.0 11980.0 10780.0 12780.0 13960.0 12380.0 11980.0 3600.0 13180.0 2000.0 11180.0 12380.0 12380.0 12780.0 10380.0 11580.0 12780.0 12780.0 11980.0 11580.0 11580.0 12380.0 12780.0 12780.0 11980.0 2000.0 12780.0 11580.0 12380.0 11980.0 11980.0 12780.0 13180.0 13960.0 13580.0 11980.0 12780.0 13180.0 13180.0 12780.0 11980.0 2400.0 12380.0 13960.0 12780.0 12380.0 12780.0 11580.0 13180.0 3200.0 11980.0 11980.0 10380.0 13180.0 12380.0 2400.0 11980.0 11980.0 13180.0 3200.0 3200.0 11980.0 12380.0 11580.0 12380.0 13180.0
0.0 13580.0 12780.0 12380.0 12780.0 10780.0 0.0 12780.0 11980.0 2400.0 13960.0 12380.0 12380.0 12380.0 13180.0 13580.0 12780.0 13180.0 13580.0 4000.0 11580.0 3600.0 11980.0 10780.0 11980.0 12380.0 12780.0 2800.0 11180.0 12380.0 11980.0 11580.0 2000.0 13180.0 12380.0 2000.0 12780.0 1600.0 13180.0 11980.0 12780.0 12380.0 13580.0 13580.0 11980.0 11580.0 11580.0 2000.0 11580.0 11180.0 2000.0 13180.0 13580.0 12380.0 11980.0 2400.0 12780.0 12380.0 13180.0 12380.0 12380.0 11980.0 11980.0 13180.0 12380.0 12780.0 3200.0 13960.0 4400.0 13960.0 12780.0 13180.0 12380.0 13580.0 11180.0 12380.0 11180.0 12380.0 13580.0 13580.0 12780.0 13180.0 12380.0 12780.0 12380.0 12780.0 2800.0 1200.0 13180.0 11180.0 11980.0 12380.0 12780.0 3200.0 12380.0 13180.0 2400.0 13180.0 11980.0 12780.0 13180.0
0.0 14760.0 11580.0 13960.0 13180.0 3200.0 13180.0 0.0 13180.0 13580.0 4800.0 13960.0 13960.0 13180.0 14360.0 11580.0 2800.0 4400.0 13960.0 13580.0 3600.0 12780.0 12780.0 13580.0 12380.0 4000.0 13180.0 13580.0 12380.0 2400.0 11980.0 12380.0 13180.0 3600.0 13180.0 12780.0 12780.0 13180.0 13960.0 13180.0 12780.0 12780.0 4000.0 14360.0 3200.0 13960.0 13180.0 13180.0 13180.0 13180.0 13960.0 13960.0 13960.0 12780.0 12780.0 13180.0 13180.0 13960.0 13960.0 13180.0 3200.0 13580.0 13180.0 13580.0 13180.0 13580.0 13180.0 13960.0 14760.0 13960.0 13580.0 12380.0 13580.0 12780.0 12380.0 12780.0 3600.0 13180.0 13960.0 13960.0 11980.0 13180.0 13180.0 13180.0 3200.0 13580.0 11580.0 13180.0 13960.0 13180.0 3200.0 13180.0 13960.0 11180.0 3600.0 4800.0 11980.0 12380.0 12780.0 11980.0 13580.0
0.0 14760.0 13960.0 13580.0 2400.0 12780.0 13960.0 12380.0 0.0 12380.0 14760.0 13580.0 14760.0 2000.0 11180.0 13960.0 12780.0 12780.0 14760.0 14360.0 12380.0 13580.0 11980.0 13180.0 13180.0 13180.0 13580.0 13180.0 11980.0 13580.0 12780.0 13960.0 12780.0 11980.0 13580.0 12780.0 14360.0 12380.0 13580.0 12780.0 12380.0 13580.0 13960.0 4400.0 13580.0 13180.0 13580.0 12780.0 13580.0 11980.0 13580.0 13180.0 3600.0 4000.0 13180.0 11980.0 1200.0 3600.0 13180.0 13180.0 14360.0 13580.0 12780.0 12780.0 12380.0 2800.0 13180.0 4000.0 15160.0 2800.0 3200.0 2400.0 13180.0 12780.0 11980.0 12780.0 13180.0 3200.0 14360.0 13580.0 13580.0 13180.0 3200.0 13180.0 13180.0 13580.0 13180.0 11980.0 12380.0 12780.0 13180.0 13580.0 13580.0 13580.0 13180.0 13580.0 13180.0 3600.0 13180.0 13960.0 2400.0
0.0 13960.0 12780.0 14360.0 12780.0 12780.0 2400.0 11980.0 13960.0 0.0 14360.0 13180.0 13960.0 13180.0 13580.0 13580.0 13180.0 13960.0 13960.0 3600.0 13180.0 4400.0 13180.0 13180.0 11980.0 13580.0 13580.0 2800.0 13180.0 12380.0 10780.0 13580.0 2400.0 13960.0 12380.0 2800.0 12780.0 2800.0 13580.0 14360.0 12780.0 11980.0 14360.0 13180.0 12380.0 13580.0 12780.0 2800.0 13180.0 12380.0 3600.0 13180.0 13180.0 13580.0 11980.0 3200.0 13580.0 13960.0 13180.0 12380.0 14360.0 12780.0 13180.0 13960.0 12380.0 12380.0 3200.0 14360.0 4400.0 13960.0 13180.0 13180.0 13180.0 13580.0 13180.0 12380.0 13180.0 13180.0 14360.0 13960.0 13580.0 13580.0 12780.0 12780.0 12780.0 13180.0 2800.0 2800.0 13960.0 13180.0 12780.0 12780.0 13960.0 3200.0 13180.0 11980.0 1200.0 11980.0 11980.0 13180.0 13580.0
0.0 13960.0 13580.0 13580.0 12780.0 2800.0 13960.0 2800.0 11580.0 12380.0 0.0 11980.0 14760.0 11980.0 12380.0 13580.0 2400.0 3600.0 12780.0 12380.0 1600.0 12780.0 11980.0 11580.0 12780.0 3200.0 12380.0 13580.0 10780.0 3600.0 11580.0 13180.0 11980.0 3200.0 10780.0 11980.0 13180.0 13180.0 11180.0 13180.0 13180.0 10780.0 2400.0 12780.0 2000.0 12380.0 12780.0 11580.0 13180.0 11980.0 12780.0 13180.0 12380.0 12780.0 12780.0 12780.0 12380.0 13580.0 13180.0 12380.0 3600.0 12380.0 12380.0 12780.0 12380.0 11980.0 12380.0 13580.0 12780.0 13960.0 12780.0 12780.0 12380.0 11980.0 12780.0 12780.0 2000.0 11980.0 13960.0 13180.0 12380.0 13180.0 11980.0 11180.0 2400.0 12380.0 12380.0 12780.0 11580.0 11980.0 2000.0 12380.0 10780.0 13580.0 2000.0 4000.0 11980.0 13960.0 12780.0 13960.0 13180.0
0.0 14360.0 4000.0 3600.0 12780.0 13180.0 14360.0 12380.0 11580.0 12380.0 14360.0 0.0 15160.0 13180.0 12380.0 13960.0 13580.0 12380.0 13960.0 13960.0 11980.0 13180.0 12380.0 13580.0 13960.0 13180.0 13180.0 13180.0 2000.0 13960.0 2800.0 13960.0 12380.0 13580.0 3600.0 12780.0 4400.0 11980.0 13960.0 2800.0 2800.0 13180.0 13960.0 14360.0 13960.0 11980.0 12780.0 12380.0 11980.0 11980.0 12380.0 12380.0 13960.0 12780.0 3600.0 13180.0 11180.0 13180.0 2000.0 13180.0 14360.0 2400.0 13180.0 12380.0 11180.0 12780.0 13180.0 14360.0 13180.0 13960.0 13580.0 13180.0 12380.0 13580.0 11980.0 13180.0 12780.0 12780.0 13960.0 13960.0 3200.0 13580.0 13180.0 12780.0 12780.0 13180.0 12780.0 11980.0 13960.0 2800.0 12780.0 13180.0 3200.0 13180.0 13180.0 13960.0 13180.0 13960.0 4000.0 13960.0 13960.0
0.0 4000.0 13180.0 13580.0 13180.0 11980.0 13960.0 11580.0 13180.0 12380.0 13180.0 13180.0 0.0 11980.0 3600.0 2400.0 12780.0 13580.0 13180.0 13580.0 13180.0 13180.0 2000.0 13180.0 12380.0 13180.0 4000.0 13180.0 12380.0 12780.0 13180.0 2400.0 11980.0 12380.0 12780.0 10780.0 13180.0 12380.0 13180.0 13180.0 11980.0 11980.0 13180.0 13580.0 13180.0 13180.0 3600.0 12780.0 13580.0 11580.0 12780.0 3600.0 13960.0 11580.0 12380.0 12380.0 13580.0 13580.0 13180.0 12380.0 12780.0 12780.0 11980.0 3200.0 2800.0 11580.0 12380.0 13580.0 14760.0 13960.0 12780.0 11980.0 3600.0 12380.0 12380.0 12780.0 11580.0 13180.0 4400.0 3600.0 12380.0 13180.0 12780.0 12780.0 12380.0 1600.0 12780.0 11980.0 3600.0 11580.0 13580.0 12780.0 13580.0 12780.0 13180.0 13180.0 13180.0 13960.0 12380.0 12380.0 11580.0
0.0 13180.0 12380.0 11580.0 2000.0 11980.0 13180.0 11980.0 2400.0 11580.0 13580.0 12380.0 13180.0 0.0 13180.0 11980.0 11980.0 13180.0 13580.0 13180.0 11580.0 13960.0 10380.0 11580.0 11180.0 11980.0 12780.0 11980.0 11180.0 11980.0 11980.0 12380.0 11980.0 12780.0 11580.0 11180.0 12780.0 12380.0 11980.0 13180.0 12380.0 11580.0 13180.0 3600.0 11980.0 12380.0 11980.0 10780.0 11580.0 11180.0 12780.0 11580.0 2400.0 2000.0 11180.0 12380.0 2400.0 1600.0 11580.0 11580.0 13180.0 11980.0 11980.0 11980.0 10780.0 1600.0 11980.0 3200.0 13580.0 2000.0 1200.0 2000.0 11580.0 12380.0 12380.0 11180.0 11980.0 1200.0 12780.0 12780.0 12380.0 13180.0 1600.0 12780.0 12380.0 11980.0 11980.0 11980.0 11980.0 11980.0 11580.0 12380.0 12780.0 13180.0 11580.0 13180.0 11980.0 2800.0 11180.0 11980.0 2400.0
0.0 4000.0 12780.0 12780.0 11180.0 11980.0 12780.0 11180.0 11580.0 12780.0 13580.0 12380.0 4000.0 11980.0 0.0 2800.0 12780.0 11580.0 13960.0 13180.0 12780.0 12380.0 1600.0 12780.0 12780.0 11980.0 2400.0 12380.0 10780.0 12380.0 11580.0 3200.0 12380.0 13580.0 12380.0 11580.0 13180.0 11180.0 12780.0 11580.0 12380.0 12380.0 13180.0 13180.0 12380.0 11980.0 2800.0 11580.0 12780.0 10780.0 12380.0 2800.0 13180.0 12780.0 11980.0 12380.0 10380.0 12380.0 12380.0 13180.0 13960.0 13180.0 12380.0 2000.0 2000.0 12380.0 12380.0 12780.0 14360.0 13180.0 12380.0 12780.0 2400.0 13180.0 10780.0 11980.0 11980.0 11980.0 3200.0 2400.0 12380.0 12780.0 11980.0 11980.0 12780.0 2400.0 11980.0 10780.0 2800.0 11580.0 11980.0 12780.0 12380.0 12380.0 11980.0 13180.0 11980.0 12380.0 13180.0 13180.0 13180.0
0.0 4800.0 13580.0 13180.0 13180.0 11580.0 13580.0 12380.0 11980.0 13180.0 13960.0 13180.0 2400.0 12780.0 2800.0 0.0 12380.0 13180.0 13960.0 13580.0 11980.0 13960.0 2800.0 12780.0 12780.0 12380.0 3600.0 13580.0 13180.0 10780.0 13180.0 2800.0 12780.0 13580.0 11980.0 12780.0 13180.0 11980.0 13180.0 14360.0 11180.0 11980.0 13960.0 13960.0 12380.0 12780.0 3200.0 12780.0 13180.0 11580.0 13180.0 3200.0 13960.0 13580.0 11980.0 11580.0 12780.0 13960.0 13180.0 11980.0 13180.0 13180.0 11580.0 2400.0 2400.0 12780.0 12780.0 13180.0 13960.0 14360.0 13580.0 13180.0 3600.0 11980.0 13180.0 12780.0 12780.0 12780.0 3600.0 2800.0 12380.0 12780.0 12380.0 12780.0 12380.0 2800.0 13580.0 11580.0 3200.0 12780.0 13180.0 13180.0 13180.0 12780.0 13580.0 13580.0 12380.0 13180.0 13180.0 13580.0 13180.0
0.0 13960.0 13180.0 12780.0 11580.0 1600.0 13180.0 1600.0 11980.0 12780.0 2800.0 11980.0 13580.0 11580.0 13180.0 12380.0 0.0 1600.0 12780.0 12380.0 2000.0 12380.0 11980.0 11980.0 12380.0 1200.0 12380.0 12780.0 11180.0 2800.0 11980.0 12380.0 11980.0 2800.0 10780.0 11580.0 11980.0 11580.0 12780.0 11980.0 11180.0 10780.0 3200.0 12780.0 1200.0 11980.0 11180.0 11980.0 11980.0 11180.0 12380.0 12380.0 12380.0 12380.0 12380.0 11180.0 11980.0 11980.0 12380.0 11580.0 3200.0 12380.0 11180.0 11580.0 11580.0 11580.0 10380.0 13580.0 12780.0 13580.0 12780.0 11980.0 12380.0 12380.0 11180.0 11180.0 2000.0 10780.0 13180.0 13180.0 11580.0 11980.0 11980.0 12780.0 2400.0 11180.0 12380.0 11180.0 11580.0 11980.0 2000.0 12780.0 12380.0 12380.0 2400.0 3200.0 11180.0 12780.0 12380.0 12380.0 10780.0
0.0 13580.0 12780.0 11180.0 12780.0 2000.0 13580.0 2800.0 12380.0 12380.0 3600.0 12380.0 13180.0 11980.0 13180.0 12380.0 2000.0 0.0 12380.0 13180.0 2400.0 10780.0 11980.0 11980.0 12780.0 1200.0 13180.0 13180.0 11580.0 2000.0 12380.0 12780.0 12380.0 2800.0 12380.0 11980.0 12380.0 12380.0 12380.0 12380.0 11980.0 11580.0 2400.0 12380.0 2800.0 13180.0 12780.0 12380.0 11980.0 11580.0 13180.0 11580.0 12780.0 12380.0 13180.0 12380.0 11980.0 10780.0 12380.0 12780.0 3600.0 11980.0 12380.0 10380.0 11580.0 11580.0 10780.0 13580.0 13580.0 13580.0 11980.0 11980.0 11980.0 12380.0 11580.0 11180.0 2400.0 12380.0 11580.0 13180.0 12780.0 11180.0 11980.0 11980.0 2800.0 12380.0 12380.0 11980.0 12780.0 11980.0 2000.0 13180.0 13580.0 13580.0 2800.0 1600.0 12380.0 13960.0 11580.0 11980.0 11980.0
0.0 12780.0 12780.0 13180.0 11580.0 11580.0 13180.0 12780.0 12780.0 11980.0 13960.0 11580.0 12780.0 12780.0 13580.0 13580.0 11980.0 12780.0 0.0 10780.0 11980.0 13580.0 11980.0 2000.0 800.0 12780.0 12380.0 11980.0 12380.0 11580.0 12780.0 10780.0 12380.0 12380.0 11180.0 13180.0 12380.0 11980.0 2400.0 13180.0 11980.0 1600.0 13580.0 13180.0 11580.0 2400.0 12780.0 12780.0 2400.0 1600.0 12780.0 12380.0 13180.0 13180.0 11180.0 11980.0 12780.0 12380.0 11980.0 1600.0 11180.0 11180.0 2000.0 12380.0 11580.0 11180.0 11980.0 13580.0 11980.0 13960.0 11580.0 11980.0 12380.0 2400.0 2400.0 2800.0 12380.0 12380.0 12380.0 13580.0 13180.0 2400.0 12380.0 2800.0 12380.0 12780.0 11580.0 11580.0 11980.0 12380.0 13180.0 1600.0 12380.0 13180.0 12780.0 12780.0 11580.0 13580.0 11180.0 3600.0 12380.0
0.0 13960.0 12780.0 12780.0 13180.0 11180.0 3600.0 12380.0 12380.0 2000.0 13960.0 10780.0 13580.0 11980.0 13180.0 13580.0 11580.0 13180.0 13180.0 0.0 12780.0 3200.0 12380.0 11980.0 12380.0 12780.0 12780.0 2800.0 11580.0 13180.0 11980.0 12380.0 2000.0 11980.0 12380.0 2400.0 13180.0 2000.0 12380.0 12380.0 11580.0 12380.0 12780.0 13180.0 12380.0 12780.0 12380.0 2000.0 12780.0 11980.0 3200.0 13180.0 13960.0 13180.0 12780.0 1600.0 11980.0 13580.0 11580.0 11980.0 13180.0 10380.0 11180.0 11580.0 11980.0 10380.0 2000.0 13180.0 4400.0 13960.0 12780.0 11180.0 12780.0 11580.0 11580.0 12780.0 12380.0 12380.0 11580.0 13580.0 12780.0 13180.0 12380.0 11980.0 11580.0 12780.0 2800.0 2000.0 13180.0 11980.0 12380.0 12380.0 12780.0 3600.0 12780.0 11980.0 2400.0 13180.0 11980.0 13180.0 11580.0
0.0 13180.0 12780.0 13580.0 12380.0 2400.0 13580.0 2800.0 13580.0 11580.0 4000.0 11980.0 13960.0 12780.0 12780.0 13180.0 2000.0 3600.0 12380.0 13180.0 0.0 12380.0 12780.0 11980.0 12380.0 3200.0 12780.0 12780.0 11980.0 3200.0 11180.0 12780.0 10780.0 2800.0 12780.0 11580.0 13180.0 12380.0 12380.0 12780.0 11980.0 12380.0 4000.0 13180.0 2800.0 11980.0 12380.0 11180.0 13180.0 11980.0 12380.0 13580.0 13580.0 12380.0 12780.0 12380.0 12780.0 12780.0 12380.0 12380.0 3600.0 11580.0 11980.0 12780.0 13180.0 11980.0 12380.0 13580.0 14360.0 14760.0 11980.0 12380.0 11980.0 12780.0 12780.0 12780.0 2800.0 11580.0 13580.0 13180.0 13180.0 12780.0 13180.0 11180.0 800.0 12380.0 13180.0 11980.0 12780.0 12380.0 3200.0 11580.0 13180.0 13580.0 2000.0 3600.0 11580.0 13180.0 12780.0 13960.0 12380.0
0.0 14360.0 13580.0 13580.0 13180.0 12780.0 4800.0 13180.0 13960.0 2800.0 13180.0 13180.0 12380.0 12780.0 14360.0 13180.0 12780.0 14360.0 13960.0 4000.0 11980.0 0.0 11980.0 12380.0 13580.0 12780.0 12380.0 4000.0 12780.0 13180.0 13180.0 13580.0 2400.0 13960.0 12380.0 2800.0 13180.0 2800.0 13580.0 13960.0 12380.0 12380.0 12780.0 11580.0 13580.0 13180.0 13580.0 2800.0 11980.0 12380.0 3600.0 12380.0 11980.0 13180.0 13580.0 2800.0 13180.0 13180.0 12380.0 13180.0 14360.0 13180.0 12780.0 13180.0 11580.0 13180.0 3200.0 13960.0 4400.0 13960.0 13180.0 13180.0 12780.0 13580.0 13580.0 11980.0 12780.0 13180.0 13960.0 13580.0 13180.0 10380.0 12780.0 13180.0 12780.0 13180.0 1600.0 2800.0 13580.0 12780.0 12380.0 12780.0 13960.0 4000.0 13180.0 14360.0 2800.0 13960.0 11180.0 12780.0 12380.0
0.0 3200.0 11980.0 11580.0 11980.0 11980.0 13580.0 11980.0 12380.0 11580.0 13180.0 12380.0 3200.0 11580.0 3600.0 2000.0 11980.0 13180.0 13180.0 13580.0 11580.0 13960.0 0.0 11580.0 12380.0 12780.0 2800.0 12380.0 11980.0 11980.0 11980.0 2400.0 11980.0 12780.0 11980.0 11180.0 12380.0 12380.0 11580.0 13180.0 11980.0 12380.0 13580.0 14360.0 12780.0 12380.0 2000.0 10780.0 11580.0 11580.0 12780.0 1600.0 11980.0 11980.0 12380.0 11980.0 12380.0 11580.0 11180.0 12380.0 13180.0 11980.0 11980.0 3200.0 800.0 11180.0 11980.0 13180.0 13960.0 11980.0 11180.0 11980.0 1600.0 12380.0 11980.0 10780.0 11980.0 11180.0 2400.0 2800.0 11980.0 13580.0 11580.0 12380.0 12380.0 2000.0 12780.0 11980.0 2000.0 11980.0 11580.0 12380.0 12780.0 12780.0 11180.0 13180.0 12380.0 13180.0 12780.0 11980.0 12380.0
0.0 13180.0 12780.0 12780.0 11980.0 11980.0 13580.0 12780.0 12380.0 11580.0 13960.0 11580.0 13180.0 12380.0 13580.0 13180.0 11980.0 13580.0 3200.0 13180.0 12780.0 13960.0 11180.0 0.0 1200.0 11980.0 12780.0 12380.0 12780.0 11980.0 12380.0 13180.0 11180.0 12780.0 11980.0 11980.0 13180.0 12380.0 2400.0 13580.0 11980.0 2000.0 14360.0 13580.0 11980.0 1200.0 12780.0 11980.0 2800.0 2000.0 11180.0 12780.0 13180.0 11580.0 11580.0 11980.0 12380.0 12780.0 11980.0 2000.0 13580.0 11180.0 2000.0 12380.0 11980.0 11980.0 12380.0 13180.0 13580.0 13180.0 11980.0 12380.0 12780.0 2800.0 2800.0 2000.0 10780.0 12380.0 13580.0 12780.0 11980.0 3200.0 12780.0 3200.0 12780.0 12780.0 11980.0 11980.0 13180.0 10380.0 12780.0 1600.0 13580.0 12380.0 12380.0 12780.0 11980.0 13180.0 11580.0 3200.0 12780.0
0.0 12380.0 12380.0 12780.0 11180.0 11180.0 12380.0 11980.0 12780.0 11580.0 13180.0 11580.0 12380.0 11980.0 12780.0 13180.0 12780.0 12380.0 2800.0 12380.0 11980.0 13180.0 11580.0 2800.0 0.0 11980.0 12380.0 11180.0 12380.0 10780.0 12380.0 11980.0 11980.0 13180.0 10780.0 12380.0 11980.0 11180.0 2800.0 13180.0 11180.0 800.0 13580.0 12380.0 10780.0 2000.0 12780.0 11980.0 2000.0 1200.0 12380.0 11580.0 12380.0 12780.0 10380.0 11580.0 12780.0 12780.0 11580.0 800.0 12780.0 12380.0 1600.0 12380.0 10780.0 11980.0 11580.0 13580.0 12780.0 13180.0 12380.0 12380.0 11980.0 2800.0 2400.0 2400.0 12780.0 12380.0 13580.0 13180.0 12380.0 2000.0 11980.0 2800.0 12380.0 12380.0 11180.0 10780.0 13180.0 12780.0 12380.0 2400.0 12380.0 12780.0 12780.0 13580.0 11180.0 13180.0 10380.0 3200.0 13180.0
0.0 13960.0 12380.0 12780.0 12380.0 1600.0 13580.0 1600.0 11980.0 11980.0 2800.0 11580.0 13580.0 11180.0 11980.0 11580.0 800.0 2400.0 13180.0 13180.0 1200.0 12780.0 11180.0 12380.0 11980.0 0.0 11980.0 12780.0 11180.0 1600.0 11580.0 12380.0 11980.0 2000.0 11580.0 11980.0 11980.0 11580.0 12780.0 12380.0 11580.0 11580.0 2800.0 11980.0 1600.0 12380.0 11580.0 11580.0 11180.0 11580.0 12780.0 12380.0 11580.0 11580.0 12380.0 11580.0 10780.0 12380.0 12380.0 11980.0 3200.0 11180.0 11580.0 12380.0 11580.0 10380.0 11180.0 12380.0 13580.0 13180.0 12380.0 11180.0 12380.0 11580.0 11180.0 10380.0 1600.0 11580.0 13580.0 11980.0 11580.0 12780.0 11180.0 11580.0 1600.0 11180.0 12380.0 11180.0 11980.0 11980.0 1200.0 12380.0 12380.0 12380.0 2400.0 3200.0 11980.0 13180.0 11980.0 11180.0 11580.0
0.0 4000.0 13580.0 13580.0 12380.0 12380.0 11980.0 12380.0 12780.0 12380.0 13580.0 12780.0 4400.0 12380.0 2800.0 3200.0 11180.0 12780.0 13180.0 13180.0 11180.0 13180.0 2800.0 12780.0 12380.0 11980.0 0.0 13180.0 11180.0 13180.0 12380.0 2800.0 11980.0 13180.0 11980.0 11580.0 13180.0 11180.0 13180.0 13180.0 11980.0 11980.0 12380.0 13580.0 11980.0 11980.0 2000.0 11180.0 11180.0 11980.0 12380.0 2800.0 13180.0 12380.0 12780.0 12380.0 11580.0 13180.0 12780.0 12780.0 13580.0 12780.0 12380.0 2800.0 2000.0 12380.0 11580.0 12380.0 13580.0 14360.0 12780.0 10780.0 800.0 11180.0 11980.0 12380.0 12380.0 11580.0 3600.0 3200.0 12380.0 13180.0 12380.0 11980.0 11980.0 2400.0 13180.0 11980.0 2400.0 12380.0 12380.0 12380.0 12380.0 13580.0 11980.0 13580.0 11980.0 13960.0 12780.0 12780.0 11980.0
0.0 12780.0 12780.0 13580.0 10380.0 11980.0 3600.0 11580.0 11980.0 2400.0 13960.0 12380.0 13180.0 11980.0 12780.0 13180.0 13180.0 12780.0 13180.0 3200.0 11980.0 3600.0 11980.0 11980.0 12780.0 12780.0 13180.0 0.0 11580.0 11580.0 12780.0 12780.0 2000.0 13580.0 11580.0 2000.0 13180.0 2400.0 12780.0 13180.0 11580.0 11580.0 13960.0 13180.0 11580.0 12780.0 12780.0 1600.0 11980.0 10780.0 3200.0 10780.0 13180.0 12780.0 11180.0 2000.0 11580.0 13180.0 11580.0 11980.0 13580.0 12780.0 11980.0 12380.0 11580.0 11980.0 2800.0 13580.0 3600.0 13960.0 13180.0 12780.0 10780.0 13180.0 12380.0 12780.0 12380.0 11980.0 13960.0 13180.0 12380.0 12780.0 11980.0 12380.0 12780.0 12380.0 1600.0 2000.0 12780.0 12380.0 11980.0 12780.0 11180.0 2400.0 11980.0 13960.0 2000.0 13580.0 10780.0 13580.0 13180.0
0.0 13180.0 3200.0 2800.0 11980.0 11980.0 13580.0 11580.0 13180.0 12380.0 13180.0 2800.0 13960.0 11180.0 13580.0 12780.0 12780.0 13580.0 13580.0 13960.0 11980.0 13960.0 11580.0 12780.0 12380.0 13180.0 13180.0 13180.0 0.0 13180.0 2000.0 12380.0 11580.0 12780.0 2400.0 11180.0 2800.0 12380.0 12780.0 3600.0 2400.0 12380.0 12380.0 14360.0 13180.0 12780.0 11980.0 10780.0 12380.0 12380.0 13180.0 12780.0 12780.0 11980.0 2800.0 11980.0 12380.0 12780.0 2400.0 12380.0 13180.0 2400.0 11580.0 13180.0 11980.0 11980.0 12380.0 12780.0 14360.0 13180.0 12380.0 12380.0 11580.0 12780.0 12780.0 11980.0 11180.0 11180.0 13960.0 12380.0 2000.0 13580.0 11180.0 13180.0 12780.0 11580.0 12780.0 11980.0 11980.0 1200.0 11180.0 11980.0 2800.0 12780.0 11180.0 13180.0 11980.0 13180.0 2800.0 13180.0 12780.0
0.0 13960.0 13180.0 12380.0 12380.0 800.0 12780.0 1600.0 12780.0 12780.0 3600.0 13180.0 13180.0 11980.0 12780.0 13180.0 2400.0 2800.0 13580.0 13180.0 1200.0 13180.0 11980.0 11980.0 11980.0 2000.0 13580.0 12780.0 12780.0 0.0 12380.0 11980.0 11980.0 3600.0 12380.0 11980.0 12380.0 11180.0 12380.0 13580.0 10380.0 12380.0 3600.0 13180.0 2800.0 11980.0 12780.0 12380.0 12780.0 10780.0 12380.0 13180.0 13180.0 12780.0 11980.0 10780.0 12380.0 13180.0 12780.0 11180.0 2800.0 12780.0 10780.0 12380.0 11980.0 11980.0 11980.0 13580.0 13580.0 13960.0 12780.0 12380.0 13180.0 12780.0 12780.0 11980.0 2400.0 12780.0 12780.0 13180.0 11580.0 11980.0 11980.0 11980.0 2000.0 12380.0 12780.0 10780.0 12780.0 11980.0 2400.0 12380.0 12380.0 11980.0 2800.0 3600.0 12780.0 12380.0 11980.0 12780.0 13180.0
0.0 13580.0 3600.0 3600.0 11980.0 11980.0 13580.0 12780.0 13580.0 12380.0 13960.0 2800.0 13180.0 12380.0 13960.0 12780.0 12380.0 13180.0 13580.0 12780.0 12380.0 13960.0 12380.0 12780.0 11180.0 13180.0 13180.0 12380.0 2800.0 11980.0 0.0 13180.0 11580.0 13180.0 2000.0 13180.0 2400.0 12380.0 13180.0 3600.0 2400.0 11180.0 13960.0 13180.0 11980.0 13180.0 13580.0 12780.0 12380.0 11980.0 13580.0 12380.0 12780.0 13180.0 1600.0 12780.0 13580.0 13180.0 2800.0 11980.0 13580.0 2400.0 12380.0 13180.0 11980.0 11980.0 12380.0 13960.0 13580.0 14360.0 12380.0 12380.0 12780.0 12780.0 12780.0 11580.0 13180.0 13180.0 13580.0 13580.0 2800.0 13180.0 12380.0 13180.0 12780.0 12780.0 11980.0 11980.0 13180.0 3200.0 12380.0 11980.0 3600.0 13960.0 13180.0 13180.0 10380.0 13580.0 1600.0 12780.0 12780.0
0.0 2400.0 11980.0 12780.0 11180.0 11180.0 12380.0 12380.0 13180.0 11980.0 13180.0 11980.0 2400.0 11980.0 3200.0 3200.0 11180.0 12380.0 12780.0 12380.0 11980.0 13180.0 1600.0 11580.0 10380.0 11980.0 2400.0 11180.0 11980.0 10780.0 12380.0 0.0 11980.0 11980.0 10780.0 12380.0 11980.0 11180.0 11580.0 13180.0 11180.0 10780.0 13180.0 12780.0 11180.0 11980.0 2400.0 12380.0 11980.0 11180.0 11980.0 2000.0 12780.0 12780.0 10380.0 11580.0 12780.0 11980.0 11580.0 10780.0 10780.0 12380.0 11580.0 2400.0 1200.0 11180.0 11580.0 13580.0 12780.0 13580.0 11180.0 11580.0 2000.0 11980.0 11980.0 12380.0 11980.0 11980.0 3200.0 3200.0 12380.0 11980.0 11980.0 12380.0 12380.0 2400.0 11180.0 11180.0 2800.0 11980.0 12380.0 10780.0 12380.0 12780.0 12380.0 13580.0 11180.0 13180.0 10380.0 13180.0 11980.0
0.0 11980.0 11980.0 13180.0 12380.0 11580.0 2800.0 11980.0 12780.0 1200.0 13180.0 11180.0 13180.0 12380.0 13180.0 13180.0 11180.0 12780.0 13580.0 3600.0 12780.0 3600.0 12380.0 11180.0 12380.0 12380.0 13580.0 2000.0 11980.0 12380.0 11580.0 12780.0 0.0 11980.0 11980.0 2800.0 13180.0 2400.0 11580.0 12780.0 11580.0 11980.0 13180.0 13580.0 11980.0 11980.0 11980.0 2800.0 13180.0 11980.0 2400.0 12780.0 13580.0 12780.0 12780.0 2000.0 12380.0 11980.0 11580.0 11980.0 13180.0 10780.0 11580.0 11980.0 12380.0 11180.0 1600.0 13580.0 4000.0 13960.0 11180.0 11580.0 12780.0 11980.0 11980.0 12380.0 11580.0 11980.0 12780.0 13960.0 12780.0 13180.0 13180.0 12380.0 11980.0 11980.0 2800.0 2000.0 12780.0 11580.0 13180.0 10780.0 12780.0 3200.0 13180.0 12780.0 2000.0 12380.0 12780.0 13180.0 11980.0
0.0 13180.0 12780.0 12380.0 12780.0 1200.0 12380.0 1600.0 12380.0 10380.0 3600.0 11980.0 13180.0 11980.0 12780.0 13180.0 2000.0 2800.0 13580.0 13180.0 2800.0 13180.0 11580.0 11980.0 11980.0 2000.0 13180.0 12780.0 12780.0 2800.0 10780.0 11980.0 10780.0 0.0 12380.0 11980.0 12380.0 11180.0 12380.0 13580.0 10380.0 11580.0 3600.0 12380.0 2800.0 11180.0 12780.0 11980.0 12780.0 10780.0 11580.0 12780.0 13180.0 11980.0 11980.0 10780.0 12380.0 12780.0 12380.0 11180.0 2800.0 11580.0 10780.0 12780.0 11980.0 11980.0 11980.0 13180.0 13580.0 13180.0 11980.0 12380.0 12780.0 12780.0 12780.0 11980.0 2400.0 12380.0 13580.0 12780.0 11980.0 11180.0 11980.0 12780.0 2800.0 12380.0 12380.0 10780.0 12780.0 11980.0 2400.0 11580.0 12380.0 12380.0 2000.0 2000.0 11180.0 11980.0 11980.0 12780.0 10380.0
0.0 13580.0 3200.0 3600.0 13580.0 11980.0 13580.0 11580.0 12780.0 11980.0 12780.0 1200.0 14360.0 12380.0 13180.0 13180.0 11980.0 13180.0 11980.0 11580.0 12780.0 13960.0 12780.0 12780.0 12780.0 13180.0 11580.0 13580.0 2000.0 13180.0 2800.0 12380.0 11580.0 12380.0 0.0 12780.0 4000.0 12380.0 13180.0 3200.0 2800.0 10380.0 13580.0 14760.0 12780.0 12780.0 13180.0 12380.0 12780.0 11180.0 13180.0 13180.0 13960.0 13580.0 2800.0 12780.0 11980.0 13580.0 2800.0 13180.0 13180.0 2000.0 12780.0 13180.0 12380.0 11180.0 12380.0 12780.0 11980.0 14360.0 12380.0 11980.0 12380.0 12380.0 11980.0 13180.0 12780.0 12780.0 13180.0 12380.0 3200.0 13580.0 12380.0 12380.0 12380.0 12780.0 13180.0 12380.0 12780.0 2800.0 12780.0 11980.0 3600.0 12780.0 13180.0 13580.0 13180.0 13960.0 2800.0 13960.0 12380.0
0.0 13960.0 12780.0 13180.0 12380.0 11580.0 3600.0 11180.0 12780.0 2000.0 12380.0 12780.0 13960.0 11580.0 13180.0 11980.0 11980.0 12780.0 12380.0 3200.0 13180.0 3600.0 11580.0 12780.0 11580.0 12380.0 13180.0 2800.0 11980.0 12380.0 12380.0 11580.0 2000.0 11980.0 12380.0 0.0 13180.0 2000.0 12380.0 12780.0 11180.0 11580.0 12780.0 13960.0 12380.0 12780.0 12780.0 2000.0 12780.0 11580.0 3200.0 12780.0 13580.0 11180.0 11980.0 1600.0 13180.0 12780.0 12780.0 11980.0 12380.0 12380.0 11580.0 12380.0 11980.0 11180.0 1600.0 13180.0 4000.0 13180.0 12780.0 11580.0 12780.0 11980.0 11980.0 12380.0 11180.0 12380.0 13960.0 12780.0 11580.0 13180.0 12780.0 12380.0 11980.0 11180.0 2400.0 1600.0 13180.0 11580.0 12780.0 12380.0 13180.0 2000.0 12780.0 12780.0 2800.0 13180.0 11980.0 13180.0 11980.0
0.0 13180.0 1600.0 3200.0 11980.0 11580.0 13180.0 11980.0 12380.0 11980.0 13180.0 2800.0 12780.0 11980.0 13180.0 13180.0 11980.0 13180.0 12780.0 13180.0 10780.0 13180.0 11980.0 11180.0 11980.0 12780.0 13180.0 11580.0 1600.0 11980.0 2000.0 12780.0 11580.0 11980.0 1600.0 11980.0 0.0 11980.0 11180.0 2800.0 2000.0 11580.0 13180.0 13580.0 12780.0 11980.0 12780.0 11980.0 10780.0 11980.0 11980.0 11980.0 13180.0 12380.0 2400.0 11180.0 12780.0 13180.0 3200.0 11580.0 13180.0 2000.0 11980.0 13180.0 12780.0 10780.0 11980.0 13180.0 13580.0 13960.0 10780.0 11580.0 11980.0 11580.0 11580.0 12780.0 11580.0 12380.0 13960.0 13580.0 2800.0 13180.0 12380.0 11580.0 11180.0 11580.0 12780.0 11980.0 13180.0 1200.0 12380.0 11980.0 2400.0 12780.0 12380.0 13180.0 11980.0 13960.0 2400.0 13580.0 11980.0
0.0 13580.0 14360.0 13580.0 11580.0 12380.0 4000.0 12780.0 11580.0 3200.0 12380.0 13180.0 14360.0 13180.0 12780.0 13580.0 13180.0 13960.0 13180.0 3600.0 12780.0 3600.0 13180.0 11980.0 13180.0 13180.0 13960.0 2000.0 13180.0 12780.0 12380.0 13180.0 2800.0 13580.0 12380.0 2000.0 13580.0 0.0 12780.0 13180.0 11980.0 12380.0 13180.0 13180.0 12780.0 11180.0 13580.0 3200.0 12780.0 12380.0 1600.0 12780.0 13960.0 11580.0 12380.0 2400.0 12780.0 13180.0 13580.0 12780.0 13960.0 13180.0 11980.0 12380.0 12780.0 12380.0 3200.0 13180.0 3600.0 14360.0 13580.0 12780.0 12780.0 13180.0 13180.0 13180.0 12380.0 13580.0 13960.0 12780.0 12380.0 13960.0 13580.0 12380.0 13180.0 12780.0 2800.0 2400.0 13180.0 12380.0 13180.0 13180.0 11180.0 4000.0 13960.0 12780.0 2800.0 13580.0 12780.0 13960.0 12780.0
0.0 14760.0 13580.0 13580.0 12780.0 11980.0 13180.0 11980.0 11580.0 13180.0 13960.0 12780.0 14360.0 12780.0 12780.0 13180.0 11180.0 12780.0 3600.0 13180.0 12780.0 13180.0 12380.0 2000.0 2800.0 11980.0 12380.0 13580.0 11980.0 13580.0 13180.0 12780.0 12780.0 13180.0 11980.0 11580.0 12780.0 12780.0 0.0 13180.0 11980.0 2000.0 13960.0 13180.0 11980.0 2800.0 11980.0 11580.0 3200.0 2400.0 13180.0 12780.0 11980.0 12380.0 13180.0 12380.0 12780.0 13180.0 12780.0 2000.0 13580.0 13180.0 2400.0 12780.0 11980.0 12380.0 11580.0 12380.0 13580.0 14360.0 13180.0 12780.0 12380.0 1200.0 2400.0 2400.0 12380.0 11980.0 13580.0 13960.0 12380.0 2800.0 13180.0 3600.0 13180.0 12380.0 13580.0 12380.0 12780.0 12380.0 13180.0 3600.0 11180.0 12780.0 11980.0 13960.0 12380.0 13960.0 13180.0 3600.0 11980.0
0.0 13180.0 3600.0 3600.0 11180.0 12380.0 13960.0 11980.0 12380.0 12780.0 14360.0 2800.0 13580.0 12380.0 13180.0 13580.0 13180.0 13180.0 13960.0 13580.0 12380.0 13960.0 12780.0 12780.0 13180.0 13180.0 13580.0 10780.0 2400.0 11980.0 3200.0 13180.0 12380.0 13580.0 2000.0 12380.0 3600.0 12780.0 13180.0 0.0 2000.0 11980.0 14360.0 13580.0 11980.0 13580.0 13180.0 11980.0 12380.0 11180.0 12380.0 11180.0 13580.0 13180.0 1600.0 12380.0 11980.0 12780.0 2000.0 12380.0 13960.0 3200.0 12380.0 12780.0 11980.0 11980.0 13180.0 13960.0 13960.0 14360.0 13580.0 12780.0 11580.0 13180.0 12780.0 13180.0 13180.0 12380.0 13960.0 13580.0 3200.0 13180.0 12380.0 12780.0 13180.0 12780.0 11980.0 12380.0 13180.0 2800.0 12780.0 13180.0 2000.0 12380.0 12780.0 14360.0 12380.0 13960.0 1600.0 13960.0 13180.0
0.0 13180.0 2800.0 2000.0 12380.0 10380.0 12380.0 11180.0 12380.0 12780.0 13180.0 2800.0 12780.0 11580.0 12380.0 12780.0 11980.0 11980.0 13960.0 12780.0 11980.0 12780.0 11580.0 11580.0 11580.0 11180.0 13180.0 12380.0 2400.0 11980.0 2800.0 11180.0 11980.0 12780.0 2000.0 12380.0 2000.0 10780.0 11980.0 3200.0 0.0 11980.0 13180.0 12780.0 11980.0 11580.0 12380.0 11980.0 11980.0 10380.0 11980.0 12780.0 12780.0 12380.0 2000.0 10380.0 11980.0 12780.0 2800.0 10780.0 11980.0 2400.0 10380.0 11980.0 11980.0 11580.0 11580.0 13180.0 13180.0 13180.0 12380.0 11980.0 12780.0 12380.0 12380.0 11580.0 11580.0 12380.0 13180.0 12780.0 1600.0 12780.0 11580.0 12380.0 12380.0 11980.0 12380.0 10380.0 11980.0 1600.0 11980.0 11980.0 2000.0 11980.0 12780.0 13180.0 12380.0 11980.0 2000.0 12380.0 12780.0
0.0 14760.0 13180.0 13960.0 13960.0 12780.0 14760.0 11580.0 13960.0 13580.0 14360.0 12380.0 14760.0 12380.0 13180.0 13180.0 12780.0 13960.0 4800.0 11580.0 13960.0 14360.0 12780.0 2800.0 3600.0 13580.0 14360.0 13580.0 13180.0 13580.0 13580.0 13960.0 13180.0 13180.0 13180.0 13580.0 14360.0 13180.0 3200.0 13960.0 13180.0 0.0 14360.0 14760.0 13580.0 3600.0 13180.0 13180.0 4000.0 1200.0 13960.0 13960.0 14760.0 14360.0 13180.0 12780.0 13180.0 13960.0 12780.0 3600.0 14360.0 11980.0 2800.0 13180.0 13180.0 11980.0 12780.0 13960.0 15160.0 14360.0 12780.0 12780.0 13960.0 2800.0 2800.0 3600.0 13180.0 13180.0 13180.0 13580.0 13180.0 4800.0 12380.0 3600.0 13180.0 12780.0 13180.0 13180.0 13960.0 13180.0 13960.0 4000.0 13960.0 12780.0 13960.0 13580.0 13580.0 13960.0 13580.0 3600.0 13180.0
0.0 14360.0 13580.0 11980.0 13180.0 2800.0 13960.0 3200.0 13180.0 12780.0 4000.0 12780.0 13960.0 11180.0 13580.0 13180.0 2400.0 2800.0 12780.0 12380.0 2800.0 13180.0 11580.0 12780.0 12380.0 2000.0 13580.0 13580.0 12380.0 2800.0 13180.0 13180.0 13180.0 3600.0 13180.0 12380.0 13180.0 13180.0 13180.0 13180.0 12380.0 12780.0 0.0 12780.0 3200.0 13580.0 13180.0 11980.0 12780.0 12380.0 11980.0 11980.0 13180.0 11980.0 12780.0 12380.0 12380.0 12780.0 12780.0 13180.0 4000.0 12380.0 12780.0 10780.0 11980.0 11980.0 11580.0 13960.0 13960.0 13180.0 12380.0 12780.0 12380.0 13180.0 11980.0 11980.0 3200.0 12380.0 13960.0 13580.0 12780.0 13580.0 12380.0 13180.0 3200.0 13180.0 13180.0 12780.0 13180.0 13180.0 2400.0 13580.0 13960.0 13960.0 2800.0 2400.0 13180.0 13960.0 12780.0 12380.0 13180.0
0.0 13580.0 13180.0 13580.0 3600.0 11980.0 13960.0 12780.0 3200.0 12380.0 13960.0 12780.0 13960.0 2400.0 13180.0 12380.0 11980.0 13180.0 13960.0 13960.0 11980.0 13580.0 12380.0 12380.0 13180.0 11180.0 13180.0 13180.0 12380.0 12780.0 12780.0 12780.0 11580.0 12780.0 12380.0 13180.0 11580.0 12780.0 12780.0 13180.0 12780.0 12380.0 13960.0 0.0 12780.0 13180.0 12780.0 12780.0 11980.0 12380.0 13580.0 13580.0 2800.0 2800.0 13180.0 11980.0 2000.0 2400.0 13180.0 12780.0 13580.0 11980.0 11980.0 13180.0 12780.0 1600.0 11980.0 3600.0 14360.0 4000.0 2400.0 2400.0 13580.0 12380.0 12380.0 11180.0 12780.0 2800.0 13180.0 13180.0 12780.0 13960.0 2000.0 12780.0 12380.0 12380.0 13580.0 12380.0 13180.0 12780.0 11980.0 11980.0 13580.0 13580.0 13580.0 13960.0 13180.0 3600.0 13180.0 12380.0 2800.0
0.0 13580.0 13580.0 13580.0 13580.0 2400.0 13180.0 2400.0 13580.0 12380.0 3600.0 12780.0 13180.0 11980.0 14360.0 12780.0 2800.0 4000.0 14360.0 13580.0 2400.0 14760.0 11980.0 12780.0 12780.0 2800.0 12380.0 13580.0 12780.0 2800.0 12380.0 13180.0 11580.0 3200.0 13180.0 12780.0 13180.0 13180.0 13180.0 13960.0 13180.0 11980.0 2800.0 11980.0 0.0 13180.0 13180.0 12780.0 12380.0 12780.0 12780.0 13180.0 11980.0 13180.0 13180.0 12380.0 13580.0 13180.0 12780.0 13180.0 2400.0 12380.0 12380.0 13180.0 12380.0 12380.0 12780.0 13180.0 13960.0 13960.0 12380.0 12780.0 12780.0 13180.0 12780.0 11580.0 2800.0 13180.0 13180.0 12780.0 12380.0 11180.0 11980.0 13180.0 3200.0 11980.0 12380.0 12780.0 12780.0 12780.0 2000.0 11980.0 13180.0 13180.0 3200.0 3200.0 10380.0 12380.0 11980.0 12380.0 13180.0
0.0 14360.0 13580.0 13180.0 13180.0 11580.0 13180.0 11980.0 11580.0 12380.0 13580.0 13580.0 13580.0 12380.0 12780.0 12780.0 12780.0 13180.0 2400.0 12780.0 11980.0 13960.0 12380.0 2800.0 2800.0 12380.0 13580.0 13180.0 12380.0 13180.0 12780.0 12380.0 12380.0 12780.0 13180.0 11180.0 12780.0 11580.0 2400.0 13580.0 11180.0 1600.0 13580.0 12780.0 13180.0 0.0 12780.0 12380.0 2000.0 1600.0 10380.0 13580.0 13180.0 10780.0 12780.0 11580.0 12780.0 13580.0 13180.0 2000.0 13180.0 13180.0 1600.0 13180.0 12780.0 11980.0 12380.0 12380.0 12780.0 13580.0 12780.0 12380.0 11980.0 2800.0 2800.0 2400.0 12380.0 12780.0 13180.0 11980.0 11580.0 3200.0 12380.0 2800.0 12380.0 11980.0 13180.0 11180.0 12380.0 12380.0 12780.0 3200.0 12780.0 13180.0 13180.0 11980.0 13180.0 13180.0 12780.0 3600.0 11980.0
0.0 4400.0 13580.0 13180.0 12380.0 11580.0 13960.0 11980.0 12380.0 12780.0 13180.0 13180.0 4400.0 11580.0 2400.0 2800.0 11980.0 11980.0 13580.0 13180.0 12380.0 12780.0 2000.0 12380.0 12780.0 11580.0 3200.0 12780.0 12380.0 12780.0 13180.0 2800.0 12780.0 13180.0 12780.0 11980.0 13180.0 10780.0 12380.0 13580.0 12380.0 12380.0 13580.0 12780.0 13180.0 11180.0 0.0 12380.0 12380.0 10380.0 11580.0 3200.0 12380.0 11980.0 12780.0 11980.0 11980.0 12380.0 13180.0 12780.0 13180.0 12780.0 11980.0 2400.0 2400.0 11980.0 12380.0 13180.0 13960.0 13580.0 12780.0 12380.0 2800.0 12780.0 12780.0 11580.0 12380.0 12380.0 3200.0 2800.0 11980.0 13180.0 11580.0 12780.0 12780.0 2000.0 13180.0 10380.0 3200.0 12380.0 12380.0 13180.0 11980.0 13180.0 12780.0 12780.0 13180.0 13580.0 12780.0 12780.0 12780.0
0.0 13960.0 12780.0 12380.0 11180.0 11980.0 4000.0 11180.0 12780.0 2400.0 12780.0 12780.0 13960.0 11580.0 13180.0 11980.0 12380.0 13180.0 12780.0 3200.0 11580.0 4000.0 11580.0 12780.0 11980.0 12780.0 12780.0 3200.0 11580.0 12380.0 12780.0 11980.0 2000.0 11980.0 11580.0 400.0 11980.0 2000.0 11980.0 13180.0 11580.0 11580.0 12780.0 13580.0 12380.0 12380.0 11180.0 0.0 11980.0 11580.0 2800.0 13180.0 12380.0 11180.0 11980.0 2000.0 11580.0 13180.0 12780.0 11980.0 12380.0 12780.0 11580.0 12780.0 11980.0 11180.0 2000.0 13180.0 3600.0 13580.0 12380.0 11980.0 10780.0 11980.0 11980.0 12380.0 11580.0 10380.0 13960.0 13180.0 11980.0 13180.0 12780.0 12380.0 11980.0 11180.0 2400.0 1600.0 11580.0 11580.0 12380.0 12380.0 12380.0 2400.0 10780.0 13180.0 2800.0 13580.0 11980.0 12780.0 12380.0
0.0 13180.0 12780.0 13580.0 12380.0 11980.0 13580.0 12780.0 13580.0 11580.0 13960.0 11980.0 13960.0 12780.0 12780.0 13180.0 11980.0 13580.0 2400.0 13180.0 10380.0 12380.0 13180.0 2000.0 2400.0 13180.0 12780.0 12780.0 11980.0 13180.0 11180.0 12780.0 10780.0 12380.0 12780.0 11580.0 13180.0 12380.0 2400.0 12780.0 11980.0 2400.0 13960.0 13180.0 12780.0 2400.0 12380.0 11180.0 0.0 2400.0 12380.0 13580.0 13580.0 12380.0 12780.0 11580.0 12780.0 12780.0 12380.0 2800.0 12780.0 11580.0 2000.0 12780.0 13180.0 11980.0 12380.0 13580.0 14360.0 14760.0 11980.0 12380.0 11980.0 2800.0 2800.0 2800.0 12380.0 11580.0 13580.0 13180.0 13180.0 2800.0 13180.0 1200.0 10780.0 12380.0 13180.0 11980.0 12780.0 12380.0 12780.0 1600.0 13180.0 13580.0 11980.0 13580.0 11580.0 13180.0 12780.0 4000.0 12780.0
0.0 14360.0 13180.0 13180.0 13180.0 11980.0 13580.0 11980.0 13180.0 12780.0 13180.0 13580.0 13960.0 11180.0 11980.0 13180.0 13180.0 13580.0 4000.0 13960.0 12780.0 13580.0 11580.0 2800.0 2400.0 13180.0 13180.0 13180.0 11980.0 13180.0 13180.0 12780.0 12380.0 13960.0 12780.0 12380.0 13580.0 11980.0 2400.0 13580.0 13580.0 3200.0 13180.0 14360.0 13180.0 2800.0 11980.0 11980.0 2800.0 0.0 13180.0 12780.0 13580.0 13180.0 12780.0 11980.0 11980.0 12780.0 12780.0 2400.0 13580.0 13180.0 2000.0 13180.0 11980.0 12780.0 12380.0 12780.0 14760.0 13180.0 12380.0 13180.0 12780.0 3200.0 2800.0 2400.0 11980.0 11980.0 13960.0 12380.0 11980.0 3600.0 11180.0 3200.0 13580.0 11580.0 13180.0 11980.0 12780.0 11980.0 12780.0 2800.0 12780.0 12780.0 12780.0 13180.0 12780.0 13180.0 12780.0 3200.0 13580.0
0.0 13960.0 13180.0 12780.0 12780.0 11180.0 3200.0 11580.0 13180.0 2000.0 13180.0 13180.0 13180.0 11980.0 13180.0 12380.0 12780.0 12780.0 11980.0 2800.0 11580.0 3600.0 11980.0 12380.0 11980.0 11980.0 13180.0 3200.0 12380.0 12780.0 12380.0 11980.0 2400.0 12380.0 12780.0 800.0 12380.0 1600.0 11980.0 13180.0 10780.0 11180.0 13180.0 13580.0 12780.0 12380.0 12380.0 2400.0 11180.0 11180.0 0.0 13580.0 13180.0 10380.0 12380.0 1200.0 12380.0 13180.0 13180.0 11580.0 12780.0 12780.0 11180.0 12780.0 12380.0 11580.0 2400.0 12780.0 2800.0 13580.0 13180.0 11980.0 12780.0 12380.0 12380.0 11980.0 11980.0 12780.0 13180.0 11980.0 11180.0 12780.0 12380.0 12380.0 11980.0 11580.0 3200.0 1200.0 12780.0 11980.0 12380.0 12780.0 12380.0 2800.0 12780.0 13180.0 2800.0 12780.0 12380.0 13180.0 11580.0
0.0 2400.0 13180.0 13180.0 11980.0 11580.0 12780.0 11980.0 12780.0 12780.0 13180.0 13180.0 4000.0 11580.0 2400.0 2800.0 13180.0 12780.0 13580.0 13960.0 11580.0 13580.0 1600.0 12380.0 11980.0 12780.0 3200.0 13180.0 11180.0 12380.0 12780.0 2400.0 12380.0 12780.0 12380.0 11180.0 12380.0 11980.0 12380.0 12780.0 12380.0 12380.0 13180.0 13180.0 12780.0 12780.0 2000.0 11180.0 11580.0 10380.0 13180.0 0.0 13180.0 11980.0 12380.0 11580.0 11180.0 12780.0 12780.0 11180.0 13180.0 13180.0 11980.0 2800.0 2000.0 11980.0 11980.0 12780.0 13580.0 13180.0 12780.0 12780.0 400.0 13180.0 11980.0 12380.0 11980.0 11180.0 4000.0 2400.0 11980.0 13580.0 11180.0 12380.0 11980.0 2000.0 12780.0 11980.0 2000.0 11980.0 11980.0 12780.0 11980.0 12780.0 11580.0 13580.0 12780.0 13580.0 12380.0 13180.0 13180.0
0.0 14360.0 13960.0 13960.0 2000.0 12780.0 12380.0 12780.0 3200.0 12380.0 13960.0 13180.0 13960.0 3200.0 13180.0 13580.0 11580.0 13180.0 13580.0 13580.0 11180.0 13580.0 13180.0 13180.0 11980.0 12780.0 10380.0 13180.0 11980.0 12780.0 12780.0 13180.0 11980.0 13580.0 11980.0 11980.0 13580.0 11580.0 13580.0 13580.0 12380.0 11980.0 12780.0 4000.0 12380.0 12380.0 12380.0 11580.0 11180.0 12380.0 12780.0 11980.0 0.0 2800.0 12380.0 12780.0 2000.0 3600.0 11980.0 12780.0 13180.0 12780.0 12780.0 13180.0 11180.0 2800.0 11980.0 2800.0 13960.0 4800.0 3200.0 1200.0 11180.0 11580.0 12380.0 12780.0 12780.0 2000.0 13960.0 13580.0 12780.0 13580.0 2800.0 12380.0 11980.0 12780.0 12780.0 12380.0 12780.0 12780.0 12780.0 12780.0 12780.0 13960.0 12380.0 13960.0 12780.0 4000.0 12380.0 13180.0 2400.0
0.0 13580.0 12780.0 12380.0 2800.0 10780.0 12780.0 11180.0 2800.0 11980.0 12780.0 12780.0 12780.0 1600.0 12780.0 11980.0 11980.0 12380.0 11580.0 11980.0 11980.0 13180.0 11580.0 11980.0 11580.0 11580.0 12780.0 12780.0 11980.0 12380.0 11980.0 11580.0 11980.0 11980.0 12380.0 10380.0 11980.0 11180.0 11580.0 12780.0 10380.0 10780.0 12780.0 3200.0 12380.0 11980.0 11980.0 11980.0 12380.0 10780.0 11980.0 13180.0 2800.0 0.0 11980.0 10780.0 2000.0 2800.0 12780.0 11180.0 12380.0 12380.0 10380.0 12380.0 11980.0 1200.0 11580.0 2400.0 13180.0 3200.0 2800.0 2000.0 12380.0 11980.0 11980.0 11580.0 11580.0 2400.0 12780.0 11580.0 10780.0 12380.0 2000.0 11980.0 11980.0 11180.0 12380.0 10380.0 11980.0 11580.0 11980.0 12380.0 11980.0 12380.0 12380.0 12380.0 12380.0 2400.0 11980.0 12780.0 2400.0
0.0 13580.0 3600.0 2800.0 11980.0 11180.0 12780.0 11980.0 13180.0 11580.0 13180.0 1600.0 11980.0 12380.0 13180.0 13180.0 12380.0 11980.0 12380.0 11980.0 11580.0 12780.0 12380.0 12380.0 12380.0 11980.0 11980.0 13180.0 2400.0 10380.0 2000.0 12380.0 11980.0 12780.0 400.0 11980.0 2800.0 11580.0 12780.0 3600.0 1200.0 10380.0 13180.0 12380.0 10380.0 12380.0 12780.0 11980.0 11580.0 11180.0 12780.0 11580.0 12380.0 13180.0 0.0 11180.0 12380.0 12780.0 1600.0 11580.0 12780.0 2400.0 11180.0 11980.0 10780.0 11580.0 12380.0 13180.0 12380.0 13960.0 12780.0 12380.0 11580.0 12780.0 12380.0 11980.0 12780.0 12380.0 13180.0 12780.0 2400.0 11980.0 12380.0 12380.0 12380.0 12780.0 12780.0 11180.0 13180.0 2400.0 11980.0 12380.0 2800.0 12380.0 12380.0 13180.0 10780.0 12780.0 2400.0 13180.0 12780.0
0.0 13960.0 13580.0 13180.0 12380.0 11980.0 4000.0 11980.0 12380.0 2800.0 13180.0 12780.0 14360.0 11580.0 13580.0 13580.0 13180.0 13960.0 13960.0 4800.0 12380.0 4000.0 11980.0 11180.0 12380.0 13180.0 13960.0 2000.0 12380.0 13180.0 12380.0 13180.0 2000.0 13580.0 13180.0 2800.0 13960.0 2800.0 13180.0 14360.0 13180.0 13180.0 13580.0 14760.0 13180.0 11980.0 13580.0 2400.0 13180.0 12380.0 2400.0 12780.0 13180.0 12780.0 12780.0 0.0 13580.0 13180.0 13180.0 12780.0 13960.0 12380.0 11980.0 13580.0 12380.0 12780.0 2800.0 13180.0 4000.0 13580.0 12780.0 13580.0 12780.0 13960.0 13180.0 12380.0 11580.0 12780.0 13960.0 12780.0 11980.0 13960.0 11580.0 13180.0 13180.0 11980.0 3200.0 2800.0 12380.0 11580.0 11580.0 12780.0 13180.0 3200.0 12780.0 13580.0 2800.0 13580.0 12780.0 13580.0 13960.0
0.0 13960.0 12780.0 12780.0 2800.0 11980.0 13960.0 11180.0 1600.0 12780.0 13580.0 12380.0 14360.0 2000.0 11580.0 12780.0 12780.0 11580.0 13960.0 13180.0 12780.0 12380.0 11180.0 12780.0 12780.0 11980.0 12380.0 12380.0 10780.0 13180.0 11580.0 13180.0 12380.0 13580.0 13180.0 11580.0 13180.0 11180.0 12780.0 11580.0 12780.0 12780.0 13180.0 3600.0 13580.0 11980.0 12780.0 11580.0 12780.0 10780.0 12380.0 12780.0 3200.0 2800.0 13180.0 12380.0 0.0 2400.0 12380.0 13180.0 13580.0 13180.0 12380.0 11580.0 11580.0 2400.0 12380.0 3600.0 14760.0 3200.0 2400.0 2800.0 11980.0 13180.0 10780.0 11980.0 11980.0 2000.0 13180.0 13180.0 12380.0 12780.0 2000.0 11980.0 12780.0 12380.0 11980.0 10780.0 12780.0 11580.0 11980.0 12780.0 12380.0 12380.0 11980.0 13180.0 11980.0 3600.0 12780.0 13180.0 3600.0
0.0 13960.0 13180.0 12780.0 3200.0 11980.0 12780.0 12380.0 3600.0 12780.0 14360.0 12780.0 13960.0 1200.0 13580.0 13180.0 12780.0 13180.0 13960.0 13960.0 12780.0 13960.0 11180.0 12780.0 11980.0 12780.0 13580.0 13180.0 11980.0 12780.0 12780.0 12780.0 13180.0 13960.0 12780.0 11980.0 13180.0 11980.0 12780.0 14360.0 11580.0 12380.0 14360.0 4000.0 12780.0 12780.0 13180.0 11980.0 12780.0 11580.0 13180.0 12780.0 3600.0 2800.0 12380.0 11980.0 3200.0 0.0 12380.0 11980.0 13580.0 12380.0 11580.0 13180.0 11980.0 2800.0 12780.0 4000.0 14360.0 3200.0 2400.0 3200.0 12780.0 12780.0 13180.0 11980.0 13180.0 2400.0 11180.0 13960.0 12780.0 13960.0 2800.0 12780.0 12380.0 13180.0 13180.0 11580.0 13180.0 13180.0 12780.0 13580.0 13180.0 13580.0 12380.0 14360.0 12780.0 3600.0 12380.0 12380.0 1600.0
0.0 12780.0 2400.0 3600.0 12780.0 11980.0 13180.0 12780.0 12380.0 11180.0 13580.0 2000.0 13580.0 12780.0 13580.0 12380.0 11580.0 13180.0 13180.0 13960.0 13180.0 13180.0 12780.0 11580.0 12780.0 12780.0 13180.0 12380.0 1600.0 12780.0 2000.0 13180.0 10780.0 11980.0 2400.0 12380.0 3600.0 11980.0 11980.0 2800.0 2000.0 12380.0 13180.0 13960.0 12380.0 12380.0 12380.0 12380.0 13580.0 12380.0 12780.0 13180.0 13580.0 13180.0 3200.0 11980.0 12780.0 12380.0 0.0 12780.0 13580.0 1200.0 11980.0 12380.0 12780.0 10780.0 11980.0 13180.0 14360.0 14760.0 11580.0 11180.0 12780.0 11580.0 11580.0 12780.0 11980.0 12380.0 13180.0 13960.0 3200.0 13180.0 12780.0 11980.0 11580.0 12380.0 12780.0 11980.0 13180.0 2000.0 12780.0 11180.0 3200.0 13580.0 12780.0 13180.0 11980.0 13180.0 2400.0 13580.0 11980.0
0.0 13180.0 12780.0 11980.0 12380.0 10380.0 11980.0 12380.0 12380.0 12380.0 13580.0 12780.0 13580.0 11980.0 12780.0 12780.0 12380.0 11980.0 4000.0 13580.0 11980.0 12780.0 10780.0 2000.0 1600.0 11580.0 13180.0 12380.0 11580.0 11980.0 12380.0 11180.0 11580.0 12780.0 11980.0 11580.0 11180.0 11180.0 2400.0 12380.0 12380.0 2000.0 13960.0 13180.0 11980.0 1600.0 12780.0 11580.0 2000.0 800.0 11980.0 11980.0 12780.0 12380.0 11580.0 11980.0 11980.0 12380.0 11980.0 0.0 11980.0 12380.0 2000.0 11980.0 11180.0 11980.0 10780.0 13580.0 12380.0 12780.0 11980.0 12380.0 11980.0 2800.0 1600.0 1600.0 12380.0 11980.0 13180.0 13180.0 12380.0 3200.0 11980.0 2800.0 12380.0 12380.0 11980.0 10780.0 12380.0 12380.0 12380.0 2000.0 11980.0 13180.0 11980.0 13180.0 12380.0 12380.0 11580.0 2400.0 13180.0
0.0 13580.0 13580.0 13180.0 12380.0 1600.0 13580.0 3200.0 12380.0 11980.0 3600.0 12380.0 13580.0 11580.0 13580.0 12380.0 3200.0 3600.0 13180.0 13580.0 1200.0 13580.0 11980.0 12780.0 11180.0 3200.0 13580.0 12380.0 11980.0 2000.0 12380.0 12380.0 11980.0 1600.0 11980.0 11980.0 13180.0 11580.0 12780.0 13960.0 11980.0 11980.0 4400.0 13960.0 2000.0 11180.0 13580.0 12380.0 12780.0 11980.0 11580.0 12780.0 13960.0 11980.0 11580.0 11580.0 12780.0 13180.0 12780.0 11980.0 0.0 12780.0 11180.0 13580.0 11980.0 12380.0 12780.0 13180.0 13960.0 13580.0 12380.0 13180.0 11980.0 13580.0 13180.0 12380.0 1600.0 12780.0 13960.0 12780.0 12380.0 12780.0 12780.0 11980.0 2000.0 13180.0 11980.0 11980.0 13180.0 11580.0 2800.0 12380.0 12780.0 13960.0 3200.0 2800.0 12380.0 13180.0 11580.0 13580.0 11980.0
0.0 13580.0 3600.0 2400.0 13180.0 11180.0 13180.0 12780.0 11980.0 12380.0 13960.0 800.0 13180.0 12780.0 13180.0 13180.0 12380.0 12780.0 13180.0 13580.0 12380.0 13580.0 12380.0 11580.0 11980.0 12380.0 13580.0 13180.0 2400.0 12780.0 2800.0 11980.0 11580.0 12780.0 2800.0 13180.0 2800.0 11980.0 11980.0 3200.0 2800.0 12780.0 13180.0 13180.0 12780.0 12380.0 13180.0 12780.0 12380.0 11580.0 12780.0 12780.0 13580.0 13180.0 2400.0 11180.0 11580.0 13180.0 1200.0 11580.0 12780.0 0.0 10780.0 11180.0 11980.0 11580.0 11980.0 13960.0 13960.0 14360.0 12380.0 12380.0 12780.0 12780.0 12380.0 12380.0 11980.0 13180.0 14360.0 13580.0 3200.0 13580.0 12380.0 12780.0 12780.0 12780.0 12780.0 11180.0 13180.0 2000.0 12380.0 11980.0 2800.0 13580.0 13580.0 12780.0 13180.0 12380.0 2400.0 12780.0 12780.0
0.0 13180.0 13180.0 11980.0 11980.0 10380.0 12380.0 11980.0 12380.0 12780.0 13180.0 12780.0 12380.0 11980.0 12780.0 13180.0 12380.0 12380.0 3600.0 12780.0 12380.0 13180.0 11580.0 1600.0 1200.0 11580.0 13180.0 11980.0 12380.0 11980.0 12380.0 11180.0 12380.0 12780.0 11980.0 12380.0 11980.0 11180.0 2800.0 13180.0 12380.0 2000.0 13580.0 13180.0 11980.0 1600.0 12380.0 12380.0 2800.0 800.0 11980.0 12780.0 13180.0 12380.0 11580.0 10380.0 12380.0 13180.0 12780.0 1200.0 11980.0 12380.0 0.0 12380.0 11980.0 11980.0 11580.0 13180.0 13180.0 13580.0 12380.0 12780.0 12780.0 3200.0 2400.0 2000.0 11980.0 12780.0 13960.0 12780.0 12380.0 3200.0 11580.0 3200.0 13180.0 11980.0 11980.0 10780.0 12780.0 11580.0 11580.0 2000.0 11980.0 12780.0 12780.0 13180.0 12380.0 11980.0 11580.0 2400.0 13180.0
0.0 3600.0 12780.0 11180.0 13180.0 11980.0 13180.0 12380.0 12380.0 12780.0 13580.0 12380.0 3600.0 11980.0 3200.0 2800.0 11980.0 11980.0 12380.0 13180.0 11980.0 12780.0 2400.0 11980.0 12780.0 11180.0 3200.0 12780.0 11580.0 11980.0 12380.0 2800.0 12380.0 12780.0 12380.0 11980.0 12380.0 12780.0 12380.0 12380.0 12380.0 12380.0 11980.0 12780.0 12780.0 13180.0 2800.0 12380.0 11980.0 11580.0 13180.0 1600.0 12380.0 12380.0 13180.0 12780.0 11580.0 12780.0 12780.0 12780.0 13580.0 11980.0 12380.0 0.0 2800.0 11580.0 10780.0 13580.0 13580.0 13580.0 11980.0 11980.0 2000.0 12380.0 11580.0 11180.0 12780.0 12380.0 3600.0 3200.0 12780.0 13180.0 11980.0 12780.0 12380.0 2400.0 13580.0 12380.0 2800.0 12380.0 11980.0 13180.0 13580.0 13580.0 12780.0 11580.0 12780.0 13960.0 13180.0 11980.0 12780.0
0.0 3200.0 13180.0 13580.0 11580.0 12380.0 13180.0 11980.0 13180.0 11180.0 13960.0 12380.0 4000.0 12380.0 3200.0 3200.0 12380.0 13580.0 13180.0 13960.0 11180.0 13580.0 2400.0 12380.0 12780.0 13180.0 3600.0 13180.0 11980.0 12380.0 11580.0 3200.0 11180.0 12780.0 12380.0 11580.0 13180.0 12780.0 12780.0 13180.0 12780.0 12380.0 13580.0 13960.0 12780.0 13180.0 2400.0 11180.0 11180.0 11180.0 13580.0 1200.0 13580.0 12380.0 11980.0 12380.0 11980.0 13180.0 10780.0 11980.0 13580.0 11980.0 12780.0 3200.0 0.0 11580.0 12780.0 13580.0 14360.0 13960.0 11980.0 11980.0 1200.0 12380.0 12380.0 13180.0 12780.0 11980.0 4000.0 3200.0 12780.0 13960.0 11980.0 11980.0 11980.0 2800.0 13180.0 12380.0 2800.0 12780.0 12780.0 11980.0 13180.0 12780.0 11980.0 12780.0 11980.0 12780.0 12780.0 13960.0 12380.0
0.0 14360.0 11980.0 13180.0 2800.0 11580.0 13580.0 12380.0 2000.0 11580.0 13580.0 12380.0 13960.0 2400.0 13180.0 13580.0 11180.0 12780.0 12780.0 13180.0 12780.0 12780.0 12380.0 11980.0 12780.0 12380.0 12380.0 12380.0 11180.0 13180.0 11580.0 12780.0 12380.0 11580.0 11980.0 11980.0 13180.0 11180.0 13180.0 11980.0 11180.0 11980.0 12380.0 4000.0 11980.0 11980.0 11980.0 11580.0 13180.0 11580.0 12380.0 13180.0 3600.0 2800.0 12780.0 11580.0 2800.0 3200.0 12780.0 11980.0 13180.0 11980.0 11580.0 12780.0 11980.0 0.0 11580.0 2800.0 13960.0 4000.0 3200.0 800.0 12380.0 11180.0 11180.0 12380.0 11980.0 2000.0 13580.0 13180.0 12380.0 12780.0 2000.0 11180.0 11180.0 12380.0 11980.0 11580.0 12780.0 11980.0 11980.0 12780.0 12380.0 13180.0 12380.0 13180.0 11980.0 3200.0 11580.0 13180.0 1200.0
0.0 13960.0 13180.0 12380.0 12780.0 12380.0 4400.0 12380.0 11580.0 2800.0 12780.0 12380.0 14360.0 11980.0 12780.0 12380.0 11580.0 11180.0 13580.0 3600.0 11980.0 2000.0 11980.0 11580.0 12780.0 10780.0 12380.0 2400.0 10780.0 12380.0 11980.0 12780.0 2400.0 12380.0 11980.0 1600.0 12780.0 2400.0 13580.0 11980.0 12380.0 11980.0 13180.0 12780.0 12380.0 12380.0 12380.0 1600.0 11980.0 11980.0 2800.0 12780.0 12380.0 12380.0 12780.0 2400.0 11580.0 11980.0 13180.0 12780.0 13580.0 11980.0 11980.0 11180.0 12380.0 11180.0 0.0 13180.0 2800.0 13580.0 13180.0 11980.0 11980.0 11980.0 10780.0 11180.0 11980.0 11980.0 12780.0 12780.0 12380.0 12380.0 11580.0 12380.0 11980.0 11980.0 3200.0 2000.0 12780.0 11980.0 11580.0 12780.0 13180.0 3200.0 11980.0 12780.0 2000.0 13960.0 12780.0 11980.0 12380.0
0.0 14360.0 12780.0 11180.0 3200.0 11980.0 13580.0 11980.0 1600.0 12780.0 13180.0 13580.0 13580.0 1600.0 11980.0 13180.0 12780.0 13180.0 13580.0 13960.0 12780.0 13960.0 11580.0 11980.0 12380.0 12380.0 13180.0 12780.0 12380.0 11980.0 13180.0 12780.0 12380.0 12780.0 13180.0 12380.0 12380.0 11580.0 11980.0 12380.0 12380.0 12780.0 13180.0 4000.0 13180.0 11980.0 11180.0 11980.0 12780.0 10380.0 11980.0 12780.0 3200.0 2400.0 12780.0 11980.0 2400.0 2800.0 12780.0 12380.0 13580.0 13180.0 11980.0 13180.0 11980.0 2000.0 12380.0 0.0 14360.0 3600.0 2000.0 2400.0 12780.0 12780.0 12780.0 11980.0 11980.0 2400.0 11180.0 12380.0 11980.0 13580.0 1600.0 13180.0 12780.0 11580.0 13180.0 11180.0 12780.0 11980.0 12780.0 13180.0 12780.0 12780.0 12780.0 13580.0 12780.0 3600.0 12780.0 11980.0 2800.0
0.0 13180.0 12780.0 12780.0 12780.0 11180.0 2400.0 11980.0 10780.0 400.0 13960.0 11980.0 13580.0 12380.0 11980.0 12780.0 11980.0 11580.0 13180.0 3600.0 11980.0 2400.0 11980.0 12380.0 11980.0 11980.0 13580.0 2800.0 11580.0 11580.0 10780.0 12380.0 1200.0 10380.0 12380.0 2000.0 12780.0 1600.0 12380.0 13180.0 11180.0 11980.0 13580.0 12780.0 12780.0 11580.0 12780.0 2400.0 13180.0 11180.0 2000.0 13180.0 13180.0 11980.0 11980.0 1200.0 11980.0 12380.0 10780.0 11580.0 11180.0 11580.0 11180.0 11580.0 12380.0 11180.0 2400.0 13580.0 0.0 13580.0 11980.0 11980.0 12780.0 11980.0 11980.0 12380.0 11180.0 12780.0 11580.0 13180.0 11980.0 11580.0 12380.0 12380.0 11980.0 12780.0 2800.0 1200.0 13180.0 11180.0 12780.0 11580.0 12780.0 2800.0 12380.0 11980.0 1200.0 11980.0 11980.0 13180.0 10780.0
0.0 12780.0 12780.0 12380.0 2400.0 12380.0 13580.0 12380.0 400.0 11580.0 13960.0 11980.0 13580.0 2400.0 11580.0 13180.0 11980.0 11180.0 11980.0 12780.0 12380.0 11980.0 11180.0 11980.0 12780.0 12380.0 12780.0 12780.0 12380.0 13180.0 11980.0 12380.0 10780.0 12380.0 12380.0 11980.0 12780.0 12780.0 11980.0 13180.0 12380.0 12380.0 13180.0 3600.0 12380.0 12780.0 12780.0 11980.0 12780.0 12380.0 11580.0 12380.0 3200.0 2400.0 12780.0 12380.0 1600.0 2000.0 12380.0 12780.0 13180.0 11580.0 12380.0 11180.0 11580.0 2000.0 11980.0 3600.0 13960.0 0.0 2000.0 2400.0 12380.0 12780.0 12380.0 11980.0 10380.0 1600.0 12780.0 13180.0 11980.0 12380.0 2000.0 13180.0 12780.0 12380.0 13180.0 12380.0 12380.0 10380.0 11980.0 11180.0 13180.0 13580.0 12380.0 12780.0 12380.0 3200.0 12780.0 12780.0 2400.0
0.0 13180.0 11180.0 13180.0 1600.0 11580.0 13580.0 11180.0 2000.0 11580.0 12780.0 11980.0 11980.0 1600.0 13180.0 12780.0 11180.0 12780.0 12780.0 13180.0 12380.0 12780.0 11580.0 10380.0 11580.0 12380.0 12380.0 11180.0 11180.0 11580.0 11580.0 12780.0 11180.0 11580.0 11980.0 11980.0 13180.0 11580.0 10780.0 11980.0 11580.0 11980.0 12380.0 3600.0 11980.0 11180.0 11980.0 11580.0 12780.0 11580.0 11580.0 11580.0 2800.0 2000.0 11980.0 11980.0 2800.0 3200.0 12380.0 11980.0 13580.0 11580.0 11580.0 12780.0 11980.0 400.0 11580.0 2800.0 13960.0 3200.0 0.0 800.0 11980.0 11180.0 11180.0 12380.0 10780.0 2000.0 13580.0 13180.0 12380.0 12780.0 2400.0 11580.0 11180.0 11180.0 12380.0 11580.0 12780.0 10780.0 11980.0 11980.0 11580.0 11980.0 12380.0 12780.0 11980.0 3600.0 11580.0 13180.0 1200.0
0.0 13960.0 13180.0 13180.0 2000.0 11980.0 13960.0 11980.0 2400.0 12380.0 13180.0 11980.0 13960.0 2400.0 13580.0 13180.0 10380.0 11980.0 12780.0 12780.0 11980.0 12780.0 12380.0 12380.0 12780.0 11580.0 12780.0 12780.0 11580.0 12780.0 11980.0 12780.0 12380.0 13180.0 11180.0 11580.0 12780.0 10780.0 12780.0 12380.0 11580.0 11180.0 11980.0 3200.0 11580.0 11580.0 11580.0 11180.0 12380.0 11580.0 11980.0 12380.0 3200.0 2400.0 12380.0 11980.0 2400.0 2800.0 12380.0 11980.0 13580.0 12380.0 11580.0 11980.0 11580.0 2000.0 10780.0 2000.0 13180.0 4400.0 2400.0 0.0 11980.0 10380.0 11580.0 11980.0 11980.0 1200.0 12780.0 12780.0 11980.0 12780.0 2400.0 11580.0 11180.0 11980.0 13180.0 11580.0 11980.0 12380.0 12380.0 12380.0 11580.0 12780.0 11580.0 13180.0 11580.0 3600.0 13180.0 12380.0 1600.0
0.0 4000.0 13580.0 12780.0 11980.0 12380.0 13960.0 11980.0 12380.0 12780.0 13180.0 13180.0 4000.0 11980.0 2400.0 2800.0 12780.0 12380.0 13580.0 13960.0 11180.0 13180.0 2000.0 13180.0 11980.0 12780.0 3200.0 12780.0 10780.0 12380.0 12380.0 2400.0 11980.0 12780.0 12380.0 11180.0 12380.0 11980.0 12780.0 12380.0 11980.0 12380.0 13180.0 13180.0 12380.0 12780.0 2000.0 10780.0 11180.0 11580.0 13180.0 3600.0 12780.0 11980.0 11980.0 12380.0 11180.0 13180.0 13180.0 12380.0 13180.0 12780.0 12380.0 2800.0 2800.0 11980.0 12380.0 13580.0 13960.0 13960.0 12780.0 12380.0 0.0 12780.0 11580.0 12780.0 11980.0 11180.0 4000.0 3200.0 12380.0 13580.0 11980.0 12380.0 11980.0 2000.0 12780.0 11580.0 2000.0 11580.0 11980.0 12780.0 12780.0 13180.0 11180.0 13580.0 12780.0 13960.0 11980.0 13180.0 12780.0
0.0 13960.0 13180.0 12780.0 11580.0 11580.0 13580.0 11580.0 11980.0 11980.0 13180.0 11980.0 13580.0 11980.0 13180.0 12780.0 10380.0 11580.0 2800.0 12380.0 11980.0 12380.0 11980.0 2000.0 2800.0 11180.0 12380.0 12780.0 11180.0 12780.0 11980.0 12380.0 11980.0 12780.0 10780.0 11180.0 12380.0 11580.0 2800.0 11980.0 11180.0 1200.0 13180.0 12780.0 11180.0 2400.0 11180.0 10780.0 2400.0 1600.0 12380.0 11980.0 12780.0 11980.0 12380.0 11580.0 11980.0 12380.0 11980.0 2000.0 13180.0 12380.0 1600.0 11580.0 11180.0 11580.0 10380.0 11580.0 12780.0 13960.0 11980.0 12380.0 11580.0 0.0 1200.0 1600.0 11980.0 10780.0 12780.0 13180.0 11580.0 2400.0 11980.0 2800.0 12380.0 11580.0 12780.0 11180.0 11580.0 11980.0 11980.0 2800.0 12380.0 12380.0 11580.0 13180.0 11180.0 13180.0 12780.0 2400.0 11180.0
0.0 13180.0 13180.0 12780.0 11980.0 11980.0 13580.0 11980.0 11180.0 12380.0 13180.0 11580.0 13960.0 11180.0 11980.0 12780.0 12380.0 13580.0 3600.0 13580.0 11980.0 13960.0 11580.0 2800.0 2000.0 13180.0 11580.0 11580.0 10380.0 12780.0 11180.0 12380.0 11580.0 12780.0 12380.0 11180.0 12780.0 12780.0 2800.0 11180.0 12380.0 2000.0 12380.0 13960.0 12780.0 2000.0 11980.0 10780.0 2800.0 2400.0 11980.0 11980.0 12780.0 11980.0 12380.0 11980.0 11980.0 12780.0 12380.0 2400.0 13180.0 12380.0 2000.0 13180.0 11980.0 11980.0 12380.0 12780.0 14360.0 13180.0 12380.0 11980.0 11580.0 2400.0 0.0 2400.0 11180.0 11180.0 13960.0 12380.0 11980.0 3600.0 11180.0 2400.0 11980.0 11580.0 12780.0 11980.0 11980.0 11180.0 11180.0 2400.0 12780.0 12780.0 11180.0 13180.0 11180.0 13180.0 12380.0 3200.0 13180.0
0.0 13960.0 12780.0 12380.0 12380.0 11180.0 13180.0 11180.0 12780.0 12380.0 12780.0 11580.0 13580.0 10780.0 13580.0 11180.0 11180.0 12380.0 3200.0 13180.0 10780.0 13180.0 11180.0 2400.0 2000.0 11980.0 11980.0 13180.0 11580.0 11180.0 11580.0 12380.0 11580.0 13180.0 11580.0 11580.0 11980.0 11980.0 2800.0 13180.0 11980.0 2000.0 12780.0 13580.0 11980.0 2400.0 11980.0 11580.0 1200.0 2000.0 12780.0 12380.0 11180.0 11580.0 11980.0 11580.0 12780.0 12380.0 11980.0 2000.0 13180.0 11180.0 1200.0 12380.0 11580.0 11980.0 11180.0 12380.0 13580.0 12780.0 11980.0 12380.0 12380.0 2800.0 2000.0 0.0 11580.0 11580.0 13180.0 11980.0 11180.0 3200.0 10780.0 2000.0 11580.0 11180.0 12380.0 11580.0 11580.0 11580.0 10780.0 2400.0 12380.0 12380.0 11980.0 12780.0 11580.0 12780.0 11980.0 1200.0 11980.0
0.0 12780.0 12380.0 12380.0 12780.0 2000.0 13180.0 2800.0 13180.0 11180.0 3600.0 11580.0 13580.0 12380.0 13580.0 12780.0 1600.0 3200.0 13960.0 13580.0 2400.0 13960.0 10780.0 11580.0 12780.0 2800.0 12380.0 12380.0 12380.0 2800.0 11980.0 13180.0 10380.0 2400.0 12380.0 11580.0 13180.0 12380.0 11980.0 13180.0 11980.0 12380.0 4000.0 13960.0 2400.0 12380.0 12380.0 11580.0 12380.0 12380.0 12780.0 12380.0 12780.0 12780.0 13180.0 11980.0 12780.0 12380.0 11980.0 12380.0 3600.0 11180.0 11980.0 12380.0 11180.0 11580.0 11980.0 13960.0 13960.0 12780.0 11580.0 11980.0 11980.0 12380.0 12380.0 11580.0 0.0 11980.0 13180.0 13580.0 11580.0 13180.0 12380.0 12780.0 2400.0 12380.0 13180.0 11980.0 12780.0 10380.0 2400.0 11180.0 13180.0 13580.0 2000.0 3200.0 11980.0 12780.0 13180.0 12780.0 11980.0
0.0 13960.0 13180.0 13960.0 1200.0 12380.0 14360.0 12380.0 2400.0 12780.0 13960.0 12780.0 13580.0 2800.0 13580.0 13960.0 12780.0 12780.0 13180.0 13580.0 11180.0 13580.0 12780.0 12380.0 13180.0 13180.0 12380.0 13180.0 12780.0 11980.0 12380.0 13180.0 11980.0 13180.0 11980.0 12380.0 11580.0 12780.0 12780.0 13580.0 11980.0 11980.0 13960.0 3600.0 11980.0 12380.0 13580.0 12380.0 11980.0 12380.0 12380.0 12780.0 2000.0 3200.0 11580.0 12380.0 3600.0 3600.0 12780.0 12780.0 13960.0 12380.0 12380.0 12780.0 11980.0 2000.0 13180.0 4400.0 13960.0 4800.0 2000.0 2800.0 12780.0 12780.0 12780.0 13180.0 12380.0 0.0 14360.0 13960.0 13180.0 13180.0 3600.0 11980.0 11580.0 12380.0 11980.0 12380.0 11180.0 12380.0 13580.0 12380.0 11980.0 13580.0 12780.0 13960.0 12380.0 4000.0 11980.0 13580.0 3200.0
0.0 4800.0 13580.0 13580.0 12380.0 11980.0 13960.0 12380.0 12380.0 13180.0 13180.0 13180.0 4400.0 11980.0 2800.0 3200.0 11980.0 12380.0 13960.0 13960.0 11580.0 13180.0 2000.0 12380.0 12780.0 11580.0 3200.0 12780.0 12780.0 13180.0 12780.0 2800.0 12380.0 13180.0 12380.0 12780.0 13580.0 10780.0 12780.0 13580.0 12780.0 12380.0 13580.0 13180.0 12780.0 11980.0 2400.0 12380.0 11580.0 10780.0 11980.0 3200.0 12780.0 12380.0 12780.0 12380.0 12380.0 13180.0 13180.0 12780.0 13580.0 12780.0 11980.0 2400.0 2400.0 11980.0 11980.0 13180.0 14360.0 13580.0 13180.0 12780.0 3200.0 11580.0 12780.0 11980.0 12380.0 12380.0 0.0 2800.0 12380.0 13580.0 11580.0 12780.0 12380.0 2000.0 13180.0 10380.0 2400.0 12380.0 12380.0 13180.0 11980.0 13180.0 13180.0 13580.0 12380.0 13960.0 13180.0 12780.0 12380.0
0.0 3600.0 13180.0 11580.0 12780.0 11580.0 11580.0 12380.0 11980.0 11980.0 13580.0 12380.0 3600.0 11980.0 2800.0 3200.0 12380.0 11580.0 12780.0 13180.0 10780.0 12380.0 2000.0 11980.0 12780.0 12780.0 2000.0 12380.0 12380.0 12380.0 11980.0 2800.0 11180.0 12780.0 13180.0 11180.0 12780.0 11980.0 12780.0 12780.0 11580.0 11580.0 13580.0 13180.0 12380.0 10380.0 1600.0 11580.0 11980.0 10780.0 10780.0 3200.0 11580.0 11180.0 13180.0 11980.0 12780.0 11980.0 12780.0 11980.0 13580.0 11980.0 11580.0 1600.0 2400.0 11580.0 12380.0 10380.0 13180.0 12780.0 11980.0 11980.0 2400.0 12380.0 12380.0 12380.0 12380.0 11980.0 1600.0 0.0 11980.0 12780.0 11580.0 11580.0 11180.0 2000.0 11180.0 11580.0 800.0 12380.0 13180.0 11980.0 13180.0 13180.0 12380.0 11980.0 11980.0 13180.0 13180.0 11980.0 11980.0
0.0 14760.0 4000.0 3600.0 12380.0 12780.0 14360.0 12380.0 13580.0 13180.0 13960.0 3200.0 13580.0 12780.0 12780.0 13180.0 13180.0 13580.0 13960.0 13960.0 12380.0 12780.0 12780.0 13580.0 12780.0 12780.0 13580.0 13580.0 2800.0 13180.0 1600.0 12780.0 12780.0 13180.0 2800.0 11580.0 3200.0 11980.0 13180.0 2800.0 2800.0 12780.0 13960.0 12780.0 13180.0 12380.0 11180.0 11180.0 13180.0 11580.0 12780.0 13960.0 13180.0 12380.0 2800.0 12380.0 12780.0 13580.0 4000.0 13180.0 13580.0 3600.0 12780.0 13580.0 13180.0 12380.0 12780.0 14360.0 14760.0 14760.0 13580.0 12780.0 11980.0 13180.0 13180.0 12380.0 12780.0 11580.0 11980.0 13960.0 0.0 11580.0 12780.0 11180.0 13180.0 12380.0 12780.0 11580.0 12380.0 2800.0 12780.0 13180.0 3200.0 13180.0 11580.0 13960.0 11980.0 14360.0 2400.0 13180.0 13180.0
0.0 13960.0 13180.0 13960.0 13580.0 12380.0 13960.0 13180.0 13960.0 12780.0 14760.0 13180.0 11980.0 13180.0 14360.0 13180.0 13180.0 13960.0 5200.0 14360.0 13180.0 14760.0 13180.0 2400.0 3200.0 12380.0 11980.0 13960.0 12380.0 13580.0 13180.0 13180.0 11980.0 13580.0 13580.0 12780.0 12780.0 12380.0 3600.0 13580.0 11980.0 3200.0 13580.0 11180.0 13960.0 3200.0 13960.0 12780.0 3200.0 2400.0 13180.0 13180.0 11980.0 13580.0 13580.0 12380.0 13180.0 13180.0 13580.0 2800.0 13960.0 12780.0 2400.0 13580.0 13180.0 12780.0 12780.0 14360.0 14760.0 14760.0 12780.0 12780.0 12780.0 3200.0 3200.0 2800.0 12380.0 13180.0 14360.0 14360.0 13180.0 0.0 13180.0 4000.0 13580.0 13580.0 11180.0 12380.0 13960.0 12380.0 13180.0 2800.0 13580.0 13960.0 13580.0 14360.0 12380.0 13960.0 10780.0 3600.0 11980.0
0.0 13180.0 11980.0 11980.0 2000.0 10780.0 12380.0 10780.0 2000.0 11580.0 11980.0 12380.0 12780.0 400.0 13180.0 11980.0 11980.0 12380.0 13580.0 13180.0 11580.0 13180.0 10380.0 11580.0 11180.0 11980.0 12780.0 12380.0 11180.0 11980.0 11980.0 11580.0 11180.0 12780.0 11980.0 11180.0 12380.0 11580.0 11980.0 12780.0 12380.0 11980.0 11980.0 3600.0 11980.0 11580.0 11980.0 10780.0 11580.0 11180.0 11980.0 11580.0 2400.0 2000.0 11580.0 10780.0 2400.0 2000.0 11580.0 11180.0 12380.0 11980.0 10780.0 11980.0 10780.0 1600.0 11180.0 1600.0 13580.0 2400.0 1600.0 2000.0 11580.0 12380.0 11980.0 11180.0 10780.0 1200.0 12780.0 11180.0 10780.0 12380.0 0.0 11980.0 12380.0 10380.0 11980.0 11180.0 11580.0 10780.0 11580.0 11980.0 11580.0 11580.0 11580.0 12380.0 11980.0 2400.0 11580.0 11980.0 2800.0
0.0 13580.0 13580.0 13960.0 12380.0 12380.0 13180.0 13180.0 13180.0 12780.0 14360.0 13180.0 13580.0 12780.0 13960.0 13180.0 12780.0 13580.0 4000.0 13180.0 11980.0 11580.0 12780.0 3200.0 1600.0 13180.0 13580.0 12380.0 13180.0 11980.0 10380.0 13180.0 11980.0 13580.0 11980.0 13180.0 12380.0 12380.0 3200.0 11580.0 12380.0 1600.0 13960.0 13180.0 11980.0 3600.0 13580.0 13180.0 2400.0 2400.0 13580.0 12780.0 13180.0 13180.0 11580.0 12780.0 13580.0 13580.0 12780.0 2000.0 13960.0 12380.0 2800.0 13580.0 11980.0 11980.0 12780.0 13960.0 13580.0 14360.0 12780.0 12780.0 12780.0 3200.0 3200.0 2000.0 12380.0 13580.0 13960.0 13580.0 13180.0 2000.0 12380.0 0.0 12780.0 13180.0 12380.0 11980.0 13580.0 12380.0 12380.0 2400.0 12780.0 13960.0 13180.0 13580.0 10780.0 13180.0 11580.0 2800.0 13180.0
0.0 13960.0 13960.0 13180.0 12780.0 2000.0 13580.0 3200.0 12780.0 12780.0 4400.0 11580.0 13960.0 12780.0 13960.0 13180.0 3200.0 3600.0 11580.0 12380.0 2400.0 11980.0 12780.0 12380.0 11580.0 3200.0 13580.0 12380.0 11580.0 2400.0 10780.0 12380.0 11980.0 2800.0 12380.0 12380.0 12780.0 12780.0 12780.0 11980.0 12380.0 11580.0 4000.0 13180.0 2400.0 11580.0 13180.0 11980.0 12380.0 12380.0 11980.0 13180.0 13180.0 12380.0 11980.0 11980.0 12380.0 13960.0 11980.0 12380.0 2800.0 11180.0 11980.0 11980.0 12380.0 12380.0 12780.0 13580.0 13580.0 14360.0 13180.0 13180.0 12780.0 13180.0 13180.0 11980.0 2800.0 12380.0 13960.0 13180.0 12780.0 11980.0 12380.0 10380.0 0.0 12780.0 12380.0 12380.0 13180.0 12380.0 2400.0 12780.0 13180.0 13960.0 2800.0 3200.0 10780.0 13580.0 11980.0 13180.0 13180.0
0.0 2800.0 11580.0 11980.0 12380.0 12380.0 13180.0 10380.0 12380.0 11580.0 11580.0 11980.0 3600.0 10380.0 3600.0 2000.0 11980.0 11980.0 13960.0 13580.0 11980.0 12780.0 800.0 11980.0 11580.0 11580.0 2800.0 12380.0 11180.0 11980.0 11980.0 2800.0 10780.0 12380.0 11980.0 11580.0 13180.0 12780.0 11980.0 12380.0 12380.0 11980.0 11580.0 13180.0 11980.0 12780.0 2000.0 11180.0 11980.0 11580.0 13180.0 2000.0 12780.0 12380.0 11580.0 12380.0 11980.0 11980.0 11980.0 11980.0 13180.0 11580.0 12380.0 2000.0 1200.0 11980.0 10780.0 13580.0 13180.0 12380.0 11580.0 12380.0 2000.0 12780.0 11580.0 11180.0 10380.0 11580.0 3200.0 3200.0 11980.0 13180.0 11980.0 12780.0 12780.0 0.0 11980.0 11980.0 2800.0 10380.0 11980.0 11180.0 12380.0 11180.0 11980.0 11980.0 12380.0 12780.0 11980.0 12380.0 12380.0
0.0 14360.0 14360.0 14360.0 13180.0 13580.0 4000.0 13180.0 14360.0 3200.0 14760.0 13580.0 13580.0 13180.0 14760.0 13580.0 13180.0 14360.0 14360.0 4400.0 13180.0 5200.0 13180.0 13580.0 13580.0 13960.0 11980.0 4400.0 13180.0 13580.0 13580.0 14360.0 2400.0 13180.0 13580.0 3600.0 13960.0 3200.0 13960.0 14760.0 13580.0 12780.0 12380.0 13960.0 13960.0 13960.0 13960.0 3200.0 13180.0 13960.0 2800.0 14360.0 13580.0 13180.0 13960.0 3600.0 13580.0 14360.0 13960.0 13960.0 15160.0 13180.0 13180.0 13180.0 13580.0 13580.0 3600.0 14360.0 5200.0 14760.0 13180.0 12780.0 12780.0 12780.0 13580.0 12380.0 13580.0 12380.0 14360.0 13960.0 13580.0 14360.0 12780.0 13960.0 13580.0 13180.0 0.0 3600.0 13580.0 13580.0 12780.0 13180.0 14360.0 4400.0 13960.0 13960.0 1200.0 14760.0 13960.0 13580.0 13580.0
0.0 13960.0 13180.0 13180.0 11980.0 11580.0 4000.0 11980.0 11980.0 2800.0 12780.0 12780.0 13960.0 11580.0 11980.0 12780.0 11980.0 11980.0 13580.0 4000.0 12380.0 2800.0 11580.0 12380.0 12380.0 11180.0 12780.0 2800.0 12380.0 12780.0 12780.0 12380.0 2400.0 12780.0 12780.0 2400.0 13180.0 800.0 12380.0 13580.0 12380.0 12780.0 13180.0 12780.0 12780.0 11180.0 11980.0 2400.0 12380.0 10380.0 2000.0 12780.0 12380.0 11980.0 12780.0 2000.0 11980.0 12380.0 12780.0 12380.0 13180.0 12380.0 11980.0 11980.0 11980.0 11580.0 2400.0 12780.0 4400.0 13180.0 12780.0 12380.0 12780.0 12780.0 12380.0 11580.0 11980.0 11980.0 13580.0 12380.0 11980.0 13180.0 11180.0 12780.0 12780.0 11580.0 3200.0 0.0 12780.0 11980.0 11980.0 13180.0 11580.0 2800.0 12780.0 13180.0 3200.0 13580.0 12780.0 12380.0 12780.0
0.0 3200.0 12780.0 13580.0 12380.0 11980.0 13180.0 12780.0 12780.0 11580.0 13960.0 11980.0 3600.0 12780.0 2800.0 3200.0 11980.0 13580.0 12380.0 13180.0 10380.0 12380.0 3200.0 11980.0 12380.0 13180.0 1600.0 12780.0 11980.0 12780.0 11180.0 2800.0 10780.0 12380.0 12780.0 11580.0 13180.0 12380.0 12380.0 12780.0 11980.0 12380.0 13580.0 13180.0 11980.0 11980.0 2800.0 11180.0 12380.0 11980.0 12380.0 3200.0 11180.0 12380.0 12780.0 12380.0 12780.0 12780.0 12380.0 12380.0 13580.0 11580.0 11980.0 2800.0 2400.0 11180.0 12380.0 13580.0 14360.0 14360.0 11980.0 11580.0 2000.0 11980.0 11980.0 12780.0 12380.0 11580.0 3600.0 3200.0 13180.0 12780.0 13180.0 11180.0 10780.0 2400.0 11180.0 11980.0 0.0 12380.0 13180.0 11580.0 13180.0 13580.0 11980.0 13580.0 11580.0 13180.0 12780.0 12780.0 11980.0
0.0 12780.0 2800.0 2800.0 12780.0 12380.0 13180.0 12780.0 13180.0 11580.0 13580.0 2000.0 13580.0 12380.0 13580.0 13180.0 11580.0 13180.0 13960.0 13960.0 12380.0 13960.0 11180.0 11980.0 12780.0 12780.0 12380.0 12380.0 2800.0 12780.0 2000.0 13180.0 10780.0 12380.0 2400.0 11980.0 3600.0 12780.0 11980.0 3600.0 2000.0 12380.0 13960.0 14360.0 12380.0 12780.0 12380.0 11580.0 12380.0 12380.0 13180.0 12380.0 13180.0 12780.0 3200.0 12380.0 12780.0 12380.0 2400.0 12780.0 13960.0 1600.0 11980.0 12380.0 11580.0 11580.0 11980.0 13960.0 14360.0 12780.0 11580.0 12380.0 12380.0 12780.0 12380.0 11980.0 10380.0 11980.0 13580.0 13580.0 2000.0 13180.0 12380.0 12780.0 12780.0 12380.0 13180.0 12380.0 13180.0 0.0 12380.0 11180.0 3200.0 13580.0 12380.0 13180.0 12380.0 13180.0 3200.0 12780.0 12380.0
0.0 13180.0 11980.0 11980.0 11980.0 800.0 12780.0 800.0 11980.0 11580.0 2000.0 12380.0 13180.0 10380.0 13180.0 12380.0 2000.0 2400.0 13580.0 13180.0 1200.0 13180.0 10380.0 11980.0 11180.0 2000.0 12380.0 12380.0 11180.0 2000.0 10780.0 11580.0 11180.0 2800.0 11980.0 11180.0 12380.0 11580.0 11980.0 12780.0 12380.0 11980.0 2400.0 13580.0 2000.0 11580.0 11980.0 11180.0 11980.0 11180.0 11980.0 11580.0 11980.0 11980.0 11580.0 10780.0 12380.0 11980.0 11580.0 11580.0 2400.0 11980.0 10780.0 12380.0 10780.0 11580.0 11180.0 11980.0 13580.0 12380.0 11580.0 11980.0 11580.0 12380.0 11980.0 11180.0 1200.0 11580.0 12780.0 11180.0 10780.0 12380.0 10380.0 11980.0 2000.0 10780.0 11980.0 11180.0 11180.0 11180.0 0.0 11980.0 11580.0 11580.0 1600.0 2400.0 11180.0 12380.0 11580.0 11980.0 12780.0
0.0 11580.0 11580.0 13180.0 11980.0 11980.0 11980.0 11580.0 12380.0 11180.0 12780.0 12380.0 12380.0 11980.0 13180.0 12780.0 10780.0 11980.0 3200.0 12780.0 11980.0 12780.0 11980.0 800.0 2000.0 11580.0 12780.0 11580.0 11580.0 11980.0 11980.0 12780.0 11580.0 11180.0 11180.0 11980.0 12780.0 11580.0 1200.0 12380.0 11580.0 1200.0 12780.0 13180.0 11580.0 1600.0 11580.0 11980.0 2800.0 2000.0 11980.0 11980.0 12780.0 12380.0 11980.0 11980.0 12380.0 11180.0 12780.0 2400.0 13580.0 11980.0 2000.0 11980.0 12380.0 10380.0 10780.0 12780.0 13180.0 13580.0 10380.0 11180.0 12380.0 1600.0 1600.0 2000.0 11180.0 11180.0 12380.0 13180.0 11980.0 2400.0 12380.0 2000.0 11580.0 11580.0 12380.0 11580.0 11980.0 11180.0 12380.0 0.0 11980.0 12380.0 12780.0 12780.0 11580.0 13180.0 11980.0 2800.0 11180.0
0.0 13580.0 3200.0 3600.0 11980.0 11980.0 13580.0 12380.0 10780.0 12380.0 13960.0 2400.0 13960.0 12380.0 11980.0 13960.0 12380.0 13180.0 13180.0 12780.0 12780.0 13960.0 11980.0 10780.0 11980.0 12780.0 12780.0 13180.0 2000.0 12780.0 2800.0 12780.0 11580.0 12380.0 1200.0 12780.0 2800.0 12380.0 11580.0 3200.0 2400.0 11180.0 13580.0 11980.0 12780.0 11580.0 13180.0 12780.0 13180.0 12380.0 11980.0 13180.0 13580.0 12380.0 2400.0 12380.0 11980.0 13580.0 2800.0 11980.0 13580.0 2000.0 12780.0 13180.0 12380.0 11180.0 12380.0 13580.0 13180.0 13180.0 12380.0 11980.0 13180.0 11980.0 11980.0 12780.0 11180.0 12780.0 13180.0 13180.0 2000.0 13180.0 13180.0 12380.0 11980.0 13580.0 12780.0 12380.0 13180.0 1200.0 13180.0 12380.0 0.0 13180.0 13180.0 13180.0 12780.0 13960.0 2400.0 13580.0 12380.0
0.0 14760.0 14360.0 13960.0 13180.0 13180.0 4800.0 13180.0 11980.0 2800.0 14360.0 12780.0 13960.0 12380.0 13180.0 13960.0 13580.0 14360.0 14760.0 4800.0 13180.0 3600.0 12780.0 13960.0 13180.0 13960.0 12780.0 2800.0 11580.0 13580.0 12380.0 13580.0 2800.0 12780.0 13580.0 2400.0 13960.0 3200.0 13960.0 12380.0 13180.0 13180.0 13180.0 13960.0 13960.0 13180.0 12380.0 2000.0 13580.0 12780.0 3600.0 13580.0 13960.0 13180.0 13580.0 3200.0 13180.0 13960.0 13580.0 13580.0 14360.0 13580.0 12780.0 13580.0 13180.0 13180.0 3600.0 13960.0 5200.0 14360.0 13580.0 13180.0 12780.0 13580.0 11180.0 13180.0 12380.0 12380.0 13180.0 13580.0 11180.0 12780.0 12380.0 12380.0 13180.0 12780.0 800.0 2800.0 13180.0 12380.0 12380.0 13180.0 13960.0 0.0 12780.0 14360.0 2000.0 14360.0 13180.0 13960.0 13180.0
0.0 13580.0 13580.0 12380.0 13180.0 3200.0 14360.0 3200.0 12780.0 12380.0 4800.0 12780.0 14360.0 11580.0 13180.0 13580.0 2800.0 3600.0 14760.0 13580.0 3200.0 13960.0 11580.0 12780.0 12380.0 3200.0 13580.0 13580.0 11980.0 3200.0 12780.0 13960.0 11580.0 3200.0 13180.0 12380.0 13580.0 12780.0 11580.0 12780.0 13180.0 13180.0 4400.0 14760.0 3200.0 13580.0 13180.0 11980.0 13180.0 12380.0 13960.0 12780.0 13580.0 13180.0 12780.0 13180.0 11980.0 12380.0 12780.0 13180.0 4400.0 12380.0 13180.0 13180.0 11980.0 12780.0 13180.0 13960.0 14760.0 13180.0 12380.0 13180.0 12780.0 12380.0 11980.0 12380.0 1200.0 12380.0 13180.0 13960.0 12780.0 13960.0 13180.0 13580.0 3600.0 13180.0 13180.0 12380.0 13580.0 11180.0 2800.0 11980.0 12780.0 13960.0 0.0 4000.0 13180.0 13960.0 12780.0 13180.0 13180.0
0.0 14760.0 13960.0 13580.0 13960.0 2800.0 11980.0 3600.0 12380.0 13580.0 5200.0 13960.0 14360.0 13580.0 13580.0 13960.0 3200.0 3200.0 13960.0 13580.0 2400.0 13960.0 13180.0 12780.0 13580.0 2800.0 13580.0 13960.0 13180.0 3600.0 13580.0 13580.0 12780.0 4400.0 13960.0 13960.0 12380.0 13180.0 13580.0 13960.0 13180.0 11980.0 4000.0 11580.0 4000.0 13580.0 13180.0 13580.0 13180.0 13180.0 13580.0 13960.0 13180.0 13580.0 13960.0 13180.0 13180.0 13580.0 14360.0 13580.0 4400.0 13580.0 13180.0 13180.0 13580.0 12780.0 13180.0 14360.0 15160.0 11980.0 13180.0 13580.0 13960.0 13180.0 13180.0 12780.0 2400.0 13180.0 14360.0 14360.0 13960.0 14360.0 13180.0 13580.0 3200.0 13580.0 14360.0 13180.0 13580.0 11980.0 3200.0 13180.0 14360.0 14360.0 4400.0 0.0 13960.0 14760.0 13960.0 13180.0 12780.0
0.0 13580.0 13180.0 13580.0 13580.0 12780.0 4000.0 12380.0 13580.0 2000.0 13960.0 12380.0 14360.0 11980.0 14360.0 12380.0 12380.0 13960.0 14360.0 3200.0 11980.0 4400.0 12380.0 12380.0 13180.0 13180.0 13180.0 3200.0 12780.0 12780.0 12780.0 13580.0 1600.0 13180.0 12780.0 2800.0 13180.0 3200.0 12780.0 13580.0 12780.0 11580.0 13960.0 12780.0 13180.0 13180.0 13180.0 2800.0 11980.0 12780.0 3600.0 13580.0 12780.0 12780.0 13180.0 2800.0 13580.0 13180.0 12780.0 13180.0 14360.0 11980.0 12380.0 13180.0 12780.0 12380.0 2800.0 13580.0 4800.0 13960.0 12380.0 12780.0 13180.0 13180.0 12780.0 11180.0 12780.0 12780.0 13580.0 13180.0 12780.0 13960.0 11980.0 13180.0 12780.0 12380.0 4000.0 3200.0 12780.0 12780.0 11980.0 11980.0 13580.0 3600.0 12780.0 12780.0 0.0 13580.0 13180.0 12380.0 13180.0
0.0 12780.0 13180.0 12780.0 3200.0 11180.0 10780.0 12780.0 2800.0 13180.0 14360.0 13180.0 12780.0 2800.0 11980.0 13960.0 13180.0 13580.0 13180.0 13960.0 12380.0 14360.0 12780.0 11180.0 12380.0 12780.0 11980.0 13180.0 11180.0 13180.0 12780.0 12380.0 12380.0 13960.0 13180.0 11980.0 13180.0 11980.0 13580.0 12780.0 13180.0 13180.0 13580.0 3600.0 12380.0 11980.0 11980.0 11980.0 11980.0 11580.0 12380.0 13580.0 1600.0 3200.0 12780.0 12780.0 2000.0 3200.0 13580.0 13180.0 12780.0 12380.0 12780.0 13580.0 12780.0 3200.0 13180.0 4000.0 14360.0 4400.0 3200.0 2800.0 12780.0 13180.0 11580.0 13180.0 11980.0 2400.0 13960.0 13580.0 13180.0 13580.0 2400.0 13180.0 12780.0 12780.0 13180.0 11580.0 13180.0 11580.0 12380.0 12780.0 13180.0 13580.0 12380.0 13960.0 12780.0 0.0 12780.0 13580.0 4000.0
0.0 13580.0 2800.0 4400.0 13580.0 13180.0 13960.0 13580.0 13580.0 11980.0 14360.0 2800.0 13960.0 13580.0 14360.0 12780.0 12380.0 13960.0 14760.0 14760.0 13580.0 14760.0 13580.0 12780.0 13580.0 13580.0 12380.0 13180.0 2800.0 13580.0 2800.0 13960.0 11580.0 13180.0 3200.0 13580.0 4400.0 13580.0 12780.0 3200.0 2800.0 13180.0 13180.0 14360.0 13180.0 13580.0 13580.0 13580.0 13580.0 12780.0 13180.0 12780.0 14360.0 13960.0 4000.0 13180.0 13580.0 13180.0 3200.0 13580.0 14760.0 2400.0 13180.0 13180.0 13960.0 12380.0 12780.0 14760.0 14360.0 15160.0 12380.0 13180.0 12780.0 13580.0 12780.0 13180.0 13180.0 13180.0 13960.0 14360.0 4000.0 14360.0 13180.0 13580.0 13580.0 13180.0 10780.0 13180.0 13960.0 3200.0 13180.0 11980.0 4000.0 14360.0 13960.0 13960.0 11580.0 13960.0 0.0 13960.0 13180.0
0.0 13960.0 12380.0 12780.0 12780.0 11180.0 13180.0 11980.0 12780.0 11980.0 13180.0 13180.0 13180.0 11980.0 13180.0 12380.0 12380.0 12780.0 2000.0 12780.0 11180.0 13580.0 11980.0 1600.0 2400.0 11980.0 12380.0 12380.0 11980.0 10380.0 12380.0 11980.0 11980.0 12380.0 12380.0 10780.0 10780.0 11580.0 2000.0 13180.0 10780.0 1200.0 13180.0 12780.0 12780.0 2400.0 12380.0 12380.0 1600.0 1200.0 12780.0 12380.0 13180.0 10780.0 12380.0 11180.0 12380.0 13180.0 12780.0 1600.0 12780.0 12780.0 1200.0 12780.0 11980.0 11580.0 11980.0 12780.0 13960.0 13580.0 11180.0 11980.0 12780.0 2400.0 2000.0 2000.0 11980.0 11980.0 13180.0 12380.0 11180.0 2400.0 12380.0 2400.0 11980.0 11580.0 12780.0 11180.0 12780.0 11980.0 12380.0 2800.0 12380.0 12380.0 12780.0 13180.0 12780.0 12780.0 12380.0 0.0 12380.0
0.0 13580.0 12780.0 12380.0 2400.0 10380.0 12780.0 11180.0 2800.0 12780.0 13180.0 13180.0 12780.0 2000.0 12380.0 12780.0 11980.0 12380.0 13180.0 12780.0 12380.0 13180.0 11180.0 11980.0 11580.0 11580.0 13180.0 12380.0 12380.0 12380.0 11180.0 11580.0 12380.0 13180.0 12380.0 11980.0 11980.0 10780.0 11980.0 13180.0 10380.0 11180.0 13180.0 3200.0 12380.0 11580.0 12380.0 11980.0 12380.0 10380.0 11980.0 12380.0 2800.0 2000.0 11980.0 10780.0 2000.0 2800.0 12380.0 10780.0 12380.0 12780.0 10380.0 12380.0 11580.0 2000.0 11580.0 3200.0 13180.0 3200.0 2400.0 2400.0 12380.0 12380.0 12380.0 11580.0 11980.0 2400.0 13580.0 12780.0 11580.0 13180.0 2000.0 12780.0 12780.0 11980.0 12380.0 10380.0 12380.0 11980.0 11980.0 12380.0 11980.0 11980.0 12380.0 13180.0 11580.0 2400.0 11980.0 12380.0 0.0
